epoch,global_step,train_loss,train_accuracy,train_perplexity,learning_rate,val_loss,val_accuracy,val_perplexity,model_type,encoding
0,13,4.318124294281006,0.015183722600340843,75.0477294921875,0.001,2.935394048690796,0.0,18.828920364379883,transformer,embedding
1,26,2.6341640949249268,0.04555117338895798,13.931662559509277,0.001,2.4085850715637207,1.0272759199142456,11.118218421936035,transformer,embedding
2,39,2.3656015396118164,1.047676920890808,10.650444030761719,0.001,2.3395180702209473,0.8501594066619873,10.376235008239746,transformer,embedding
3,52,2.3244802951812744,0.8654721975326538,10.221366882324219,0.001,2.3196723461151123,0.5313495993614197,10.172340393066406,transformer,embedding
4,65,2.310109853744507,1.0628606081008911,10.075531005859375,0.001,2.309540271759033,1.0626991987228394,10.069794654846191,transformer,embedding
5,78,2.305699586868286,0.8502885103225708,10.031193733215332,0.001,2.3076415061950684,0.6730428338050842,10.050692558288574,transformer,embedding
6,91,2.3022148609161377,0.8806559443473816,9.996298789978027,0.001,2.3052871227264404,0.9918526411056519,10.027056694030762,transformer,embedding
7,104,2.3019585609436035,1.0173094272613525,9.993736267089844,0.001,2.307182788848877,0.885582685470581,10.046082496643066,transformer,embedding
8,117,2.3007421493530273,0.8958396911621094,9.981587409973145,0.001,2.3022143840789795,0.779312789440155,9.996294021606445,transformer,embedding
9,130,2.2991931438446045,0.971758246421814,9.966137886047363,0.001,2.305039405822754,0.8147360682487488,10.02457332611084,transformer,embedding
10,143,2.297820568084717,1.0324931144714355,9.952467918395996,0.001,2.3013343811035156,0.8501594066619873,9.98750114440918,transformer,embedding
11,156,2.2969987392425537,1.305800199508667,9.944292068481445,0.001,2.3060195446014404,0.5667729377746582,10.034403800964355,transformer,embedding
12,169,2.294682025909424,1.0780442953109741,9.921280860900879,0.001,2.3049001693725586,0.6730428338050842,10.023177146911621,transformer,embedding
13,182,2.294764280319214,1.0021257400512695,9.922097206115723,0.001,2.3061113357543945,0.6730428338050842,10.035325050354004,transformer,embedding
14,195,2.289649724960327,1.1539629697799683,9.871479034423828,0.001,2.3119113445281982,0.3896563947200775,10.093698501586914,transformer,embedding
15,208,2.285440683364868,1.5031886100769043,9.83001708984375,0.001,2.3209452629089355,0.5313495993614197,10.185297966003418,transformer,embedding
16,221,2.2762248516082764,1.8979653120040894,9.73984146118164,0.001,2.341304302215576,0.21253985166549683,10.39478588104248,transformer,embedding
17,234,2.259032964706421,2.034618854522705,9.573826789855957,0.001,2.377532958984375,0.4959263205528259,10.778279304504395,transformer,embedding
18,247,2.232189893722534,3.264500379562378,9.3202543258667,0.001,2.4216227531433105,0.31880977749824524,11.26412296295166,transformer,embedding
19,260,2.1962218284606934,4.448830604553223,8.99098014831543,0.001,2.4647634029388428,0.31880977749824524,11.760699272155762,transformer,embedding
20,273,2.1447393894195557,6.2556939125061035,8.539814949035645,0.001,2.500709056854248,0.4959263205528259,12.19113540649414,transformer,embedding
21,286,2.082362413406372,9.505010604858398,8.023401260375977,0.001,2.514948606491089,0.4959263205528259,12.365973472595215,transformer,embedding
22,299,2.0152862071990967,11.858487129211426,7.502874374389648,0.001,2.5047905445098877,0.42507970333099365,12.240994453430176,transformer,embedding
23,312,1.9415283203125,15.593683242797852,6.969394207000732,0.001,2.506490468978882,0.7084661722183228,12.261820793151855,transformer,embedding
24,325,1.8649072647094727,19.055572509765625,6.455337047576904,0.001,2.4951395988464355,0.9918526411056519,12.123425483703613,transformer,embedding
25,338,1.7702232599258423,23.701791763305664,5.872164249420166,0.001,2.479435682296753,1.3460856676101685,11.934527397155762,transformer,embedding
26,351,1.680734634399414,27.482540130615234,5.369499206542969,0.001,2.4553942680358887,1.5940488576889038,11.651026725769043,transformer,embedding
27,364,1.5800843238830566,31.885818481445312,4.85536527633667,0.001,2.4254086017608643,2.0191285610198975,11.306848526000977,transformer,embedding
28,377,1.4819380044937134,36.71424102783203,4.401467323303223,0.001,2.3863165378570557,2.7984414100646973,10.873368263244629,transformer,embedding
29,390,1.3823384046554565,41.25417709350586,3.9842073917388916,0.001,2.341942548751831,3.436060905456543,10.401422500610352,transformer,embedding
30,403,1.271858811378479,46.29517364501953,3.5674777030944824,0.001,2.3015105724334717,4.498760223388672,9.98926067352295,transformer,embedding
31,416,1.1539639234542847,52.59641647338867,3.17073655128479,0.001,2.2390613555908203,5.526036262512207,9.38451862335205,transformer,embedding
32,429,1.041304588317871,58.4421501159668,2.8329102993011475,0.001,2.175673484802246,7.580587863922119,8.808115005493164,transformer,embedding
33,442,0.9272566437721252,64.40935516357422,2.5275657176971436,0.001,2.0817394256591797,9.84768009185791,8.018404006958008,transformer,embedding
34,455,0.8209441304206848,69.3136978149414,2.272644519805908,0.001,2.03539776802063,12.964930534362793,7.655296325683594,transformer,embedding
35,468,0.7141144275665283,73.80807495117188,2.042377233505249,0.001,1.9786456823349,14.063053131103516,7.232940673828125,transformer,embedding
36,481,0.6293271780014038,77.4521713256836,1.8763476610183716,0.001,1.9110937118530273,17.74707794189453,6.760478973388672,transformer,embedding
37,494,0.5430896282196045,81.82508087158203,1.721316933631897,0.001,1.8596892356872559,21.147714614868164,6.421741008758545,transformer,embedding
38,507,0.47098562121391296,84.7707290649414,1.6015719175338745,0.001,1.7967480421066284,24.796316146850586,6.030006408691406,transformer,embedding
39,520,0.3964780569076538,88.49073791503906,1.4865797758102417,0.001,1.7447150945663452,29.011690139770508,5.724270343780518,transformer,embedding
40,533,0.3328501284122467,91.01123809814453,1.3949382305145264,0.001,1.698785662651062,32.23521041870117,5.467304229736328,transformer,embedding
41,546,0.27572041749954224,93.62283325195312,1.3174794912338257,0.001,1.655616044998169,35.529579162597656,5.236304759979248,transformer,embedding
42,559,0.23337382078170776,95.11083984375,1.2628535032272339,0.001,1.6333436965942383,39.14275360107422,5.120969295501709,transformer,embedding
43,572,0.1939423829317093,96.29517364501953,1.2140263319015503,0.001,1.5939667224884033,40.843074798583984,4.923239231109619,transformer,embedding
44,585,0.16271688044071198,97.16064453125,1.1767034530639648,0.001,1.5870790481567383,43.499820709228516,4.889446258544922,transformer,embedding
45,598,0.1341656595468521,97.81354522705078,1.1435822248458862,0.001,1.5764586925506592,44.03117370605469,4.837793350219727,transformer,embedding
46,611,0.11900065839290619,98.04129791259766,1.1263706684112549,0.001,1.5752238035202026,45.55437469482422,4.831822872161865,transformer,embedding
47,624,0.10108600556850433,98.34497833251953,1.1063717603683472,0.001,1.5584778785705566,47.3609619140625,4.751583099365234,transformer,embedding
48,637,0.08762069791555405,98.54236602783203,1.09157395362854,0.001,1.5724363327026367,47.608924865722656,4.818373203277588,transformer,embedding
49,650,0.0770566463470459,98.69419860839844,1.0801032781600952,0.001,1.5661503076553345,48.21112060546875,4.788179874420166,transformer,embedding
50,663,0.0665166825056076,98.815673828125,1.0687787532806396,0.001,1.560989499092102,49.02585983276367,4.763532638549805,transformer,embedding
51,676,0.06108754873275757,98.90676879882812,1.062991976737976,0.001,1.5688635110855103,49.27382278442383,4.8011884689331055,transformer,embedding
52,689,0.06157952919602394,98.83085632324219,1.063515067100525,0.001,1.6073205471038818,48.31739044189453,4.989424228668213,transformer,embedding
53,702,0.057986218482255936,98.81566619873047,1.0597003698349,0.001,1.5856428146362305,48.74247360229492,4.8824286460876465,transformer,embedding
54,715,0.05016225576400757,99.05860900878906,1.0514416694641113,0.001,1.581599235534668,50.23025131225586,4.862726211547852,transformer,embedding
55,728,0.04409552738070488,99.1648941040039,1.0450822114944458,0.001,1.591509222984314,50.12398147583008,4.9111552238464355,transformer,embedding
56,741,0.03980359435081482,99.22563171386719,1.0406063795089722,0.001,1.611739993095398,49.59263229370117,5.011523723602295,transformer,embedding
57,754,0.039886899292469025,99.24081420898438,1.0406930446624756,0.001,1.6311681270599365,50.33652114868164,5.109840393066406,transformer,embedding
58,767,0.03904641792178154,99.10416412353516,1.0398187637329102,0.001,1.6376211643218994,49.911441802978516,5.142920970916748,transformer,embedding
59,780,0.040036141872406006,99.02824401855469,1.0408483743667603,0.001,1.6179717779159546,49.628055572509766,5.04285192489624,transformer,embedding
60,793,0.035289619117975235,99.28636169433594,1.0359196662902832,0.001,1.6238147020339966,51.18667984008789,5.0724029541015625,transformer,embedding
61,806,0.026012934744358063,99.65077209472656,1.026354193687439,0.001,1.6327966451644897,52.60361099243164,5.118168354034424,transformer,embedding
62,819,0.023994000628590584,99.45338439941406,1.0242841243743896,0.001,1.6208173036575317,53.38292694091797,5.05722188949585,transformer,embedding
63,832,0.020318899303674698,99.69632720947266,1.0205267667770386,0.001,1.6391828060150146,52.21395492553711,5.15095853805542,transformer,embedding
64,845,0.021788619458675385,99.605224609375,1.0220277309417725,0.001,1.6635768413543701,52.2848014831543,5.278156280517578,transformer,embedding
65,858,0.022181982174515724,99.45338439941406,1.0224298238754272,0.001,1.6549657583236694,52.178531646728516,5.232900619506836,transformer,embedding
66,871,0.02157573029398918,99.49893951416016,1.0218101739883423,0.001,1.651016354560852,53.7725830078125,5.212274551391602,transformer,embedding
67,884,0.020978767424821854,99.69632720947266,1.02120041847229,0.001,1.668534517288208,53.064117431640625,5.304388523101807,transformer,embedding
68,897,0.016854455694556236,99.7722396850586,1.0169973373413086,0.001,1.6580451726913452,53.524620056152344,5.249039649963379,transformer,embedding
69,910,0.01966715231537819,99.5596694946289,1.0198618173599243,0.001,1.7253551483154297,52.21395492553711,5.6145148277282715,transformer,embedding
70,923,0.02915843203663826,99.28636169433594,1.029587745666504,0.001,1.7638858556747437,48.352813720703125,5.8350677490234375,transformer,embedding
71,936,0.03924891725182533,98.70938110351562,1.0400292873382568,0.001,1.7456490993499756,49.4155158996582,5.72961950302124,transformer,embedding
72,949,0.0290321484208107,99.33191680908203,1.029457688331604,0.001,1.709133267402649,51.96599197387695,5.524171352386475,transformer,embedding
73,962,0.018826285377144814,99.62040710449219,1.0190045833587646,0.001,1.6804277896881104,53.59546661376953,5.367851734161377,transformer,embedding
74,975,0.014741447754204273,99.65077209472656,1.0148506164550781,0.001,1.679823637008667,54.79985809326172,5.364609718322754,transformer,embedding
75,988,0.01659330353140831,99.57485961914062,1.0167317390441895,0.001,1.681755781173706,53.808006286621094,5.374985218048096,transformer,embedding
76,1001,0.013776245526969433,99.7570571899414,1.0138715505599976,0.001,1.7036995887756348,54.16223907470703,5.494236469268799,transformer,embedding
77,1014,0.01319852750748396,99.68114471435547,1.0132859945297241,0.001,1.7430325746536255,53.453773498535156,5.71464729309082,transformer,embedding
78,1027,0.014123846776783466,99.66595458984375,1.0142240524291992,0.001,1.7316014766693115,53.453773498535156,5.649694442749023,transformer,embedding
79,1040,0.012979107908904552,99.71150970458984,1.013063669204712,0.001,1.726505994796753,54.587318420410156,5.6209797859191895,transformer,embedding
80,1053,0.009793823584914207,99.87853240966797,1.0098419189453125,0.001,1.706405520439148,56.004249572753906,5.5091233253479,transformer,embedding
81,1066,0.009900769218802452,99.78742980957031,1.0099499225616455,0.001,1.727898120880127,55.01239776611328,5.628810405731201,transformer,embedding
82,1079,0.010478347539901733,99.77224731445312,1.0105334520339966,0.001,1.7513470649719238,55.224937438964844,5.762359619140625,transformer,embedding
83,1092,0.01190934982150793,99.68114471435547,1.0119805335998535,0.001,1.8024015426635742,53.31208038330078,6.064193248748779,transformer,embedding
84,1105,0.011646267026662827,99.7570571899414,1.0117143392562866,0.001,1.755715250968933,55.26036071777344,5.787585735321045,transformer,embedding
85,1118,0.010182416066527367,99.74187469482422,1.0102344751358032,0.001,1.7779582738876343,54.55189514160156,5.91776180267334,transformer,embedding
86,1131,0.014562816359102726,99.52930450439453,1.014669418334961,0.001,1.779245138168335,53.737159729003906,5.925381660461426,transformer,embedding
87,1144,0.022707626223564148,99.1648941040039,1.0229674577713013,0.001,1.815565586090088,52.2848014831543,6.144550323486328,transformer,embedding
88,1157,0.027816804125905037,98.69419860839844,1.0282073020935059,0.001,1.7931873798370361,52.922420501708984,6.008573532104492,transformer,embedding
89,1170,0.026218848302960396,99.08897399902344,1.0265655517578125,0.001,1.7813411951065063,52.95784378051758,5.937814712524414,transformer,embedding
90,1183,0.02464628964662552,99.0130615234375,1.0249525308609009,0.001,1.7735885381698608,54.05596923828125,5.891959190368652,transformer,embedding
91,1196,0.018571672961115837,99.39265441894531,1.0187451839447021,0.001,1.7412545680999756,55.68544006347656,5.704495429992676,transformer,embedding
92,1209,0.012435615994036198,99.605224609375,1.012513279914856,0.001,1.7295252084732056,56.641868591308594,5.63797664642334,transformer,embedding
93,1222,0.008807612583041191,99.78742980957031,1.0088465213775635,0.001,1.712766408920288,56.67729187011719,5.544278144836426,transformer,embedding
94,1235,0.00504304189234972,99.93926239013672,1.0050557851791382,0.001,1.6863144636154175,58.05880355834961,5.399543762207031,transformer,embedding
95,1248,0.005057205446064472,99.84815979003906,1.0050699710845947,0.001,1.7321741580963135,59.050655364990234,5.652930736541748,transformer,embedding
96,1261,0.007414092775434256,99.81779479980469,1.0074416399002075,0.001,1.6954997777938843,58.6964225769043,5.449368953704834,transformer,embedding
97,1274,0.00646870955824852,99.77224731445312,1.006489634513855,0.001,1.7543511390686035,57.421180725097656,5.779696464538574,transformer,embedding
98,1287,0.007852872833609581,99.72669219970703,1.0078837871551514,0.001,1.766471028327942,56.88983154296875,5.85017204284668,transformer,embedding
99,1300,0.008033652789890766,99.8026123046875,1.0080660581588745,0.001,1.7851539850234985,56.925254821777344,5.960497856140137,transformer,embedding
100,1313,0.01321199256926775,99.62040710449219,1.0132997035980225,0.001,1.7604906558990479,56.571022033691406,5.8152899742126465,transformer,embedding
101,1326,0.01701415330171585,99.28636169433594,1.0171597003936768,0.001,1.7856035232543945,54.870704650878906,5.963177680969238,transformer,embedding
102,1339,0.022574806585907936,99.1800765991211,1.0228315591812134,0.001,NaN,NaN,NaN,transformer,embedding
103,1352,0.021661680191755295,99.07379150390625,1.0218980312347412,0.001,1.8051185607910156,53.98512268066406,6.080692291259766,transformer,embedding
104,1365,0.018237367272377014,99.34709930419922,1.0184047222137451,0.001,NaN,NaN,NaN,transformer,embedding
105,1378,0.014253588393330574,99.51412200927734,1.0143556594848633,0.001,1.7692630290985107,56.53559875488281,5.866528511047363,transformer,embedding
106,1391,0.008734703063964844,99.69632720947266,1.0087729692459106,0.001,NaN,NaN,NaN,transformer,embedding
107,1404,0.005799248348921537,99.89371490478516,1.005816102027893,0.001,1.7526512145996094,58.41303634643555,5.7698798179626465,transformer,embedding
108,1417,0.004980191122740507,99.86334228515625,1.0049926042556763,0.001,NaN,NaN,NaN,transformer,embedding
109,1430,0.006664799991995096,99.69632720947266,1.006687045097351,0.001,1.7418614625930786,58.44845962524414,5.707958698272705,transformer,embedding
110,1443,0.010207634419202805,99.68114471435547,1.0102598667144775,0.001,NaN,NaN,NaN,transformer,embedding
111,1456,0.011380703188478947,99.68113708496094,1.0114457607269287,0.001,1.7624337673187256,57.98795700073242,5.826600551605225,transformer,embedding
112,1469,0.01426770631223917,99.45338439941406,1.0143699645996094,0.001,NaN,NaN,NaN,transformer,embedding
113,1482,0.012987395748496056,99.46856689453125,1.01307213306427,0.001,1.7709379196166992,57.137794494628906,5.876362323760986,transformer,embedding
114,1495,0.017178194597363472,99.34709930419922,1.0173265933990479,0.001,NaN,NaN,NaN,transformer,embedding
115,1508,0.01827404275536537,99.28636932373047,1.0184420347213745,0.001,1.7868893146514893,56.075096130371094,5.970849990844727,transformer,embedding
116,1521,0.015994209796190262,99.42301940917969,1.016122817993164,0.001,NaN,NaN,NaN,transformer,embedding
117,1534,0.011074019595980644,99.49893951416016,1.0111355781555176,0.001,1.766202688217163,57.77541732788086,5.848602294921875,transformer,embedding
118,1547,0.007823449559509754,99.71150970458984,1.0078541040420532,0.001,NaN,NaN,NaN,transformer,embedding
119,1560,0.007883043959736824,99.84815979003906,1.0079141855239868,0.001,1.7375696897506714,58.0942268371582,5.68351411819458,transformer,embedding
120,1573,0.005062722600996494,99.87853240966797,1.0050755739212036,0.001,NaN,NaN,NaN,transformer,embedding
121,1586,0.007848139852285385,99.68113708496094,1.0078790187835693,0.001,1.772935390472412,59.65285110473633,5.8881120681762695,transformer,embedding
122,1599,0.008258819580078125,99.63558959960938,1.0082930326461792,0.001,NaN,NaN,NaN,transformer,embedding
123,1612,0.009418713860213757,99.71150970458984,1.0094631910324097,0.001,1.7261183261871338,58.767269134521484,5.618801116943359,transformer,embedding
124,1625,0.008459627628326416,99.68113708496094,1.008495569229126,0.001,NaN,NaN,NaN,transformer,embedding
125,1638,0.007983078248798847,99.71150970458984,1.0080150365829468,0.001,1.7885017395019531,56.81898498535156,5.980485439300537,transformer,embedding
126,1651,0.00697218207642436,99.7722396850586,1.006996512413025,0.001,NaN,NaN,NaN,transformer,embedding
127,1664,0.005746913142502308,99.81779479980469,1.0057634115219116,0.001,1.7604074478149414,58.6964225769043,5.81480598449707,transformer,embedding
128,1677,0.006939351093024015,99.7570571899414,1.0069634914398193,0.001,NaN,NaN,NaN,transformer,embedding
129,1690,0.008126837201416492,99.81779479980469,1.0081599950790405,0.001,1.7428396940231323,58.55472946166992,5.713545322418213,transformer,embedding
130,1703,0.006837665569037199,99.78742980957031,1.0068610906600952,0.001,NaN,NaN,NaN,transformer,embedding
131,1716,0.008195029571652412,99.68114471435547,1.0082286596298218,0.001,1.7614892721176147,59.12150192260742,5.821100234985352,transformer,embedding
132,1729,0.008417768403887749,99.74187469482422,1.0084532499313354,0.001,NaN,NaN,NaN,transformer,embedding
133,1742,0.011315871961414814,99.52930450439453,1.0113801956176758,0.001,1.7784901857376099,57.52745056152344,5.920910358428955,transformer,embedding
134,1755,0.01261602807790041,99.42301940917969,1.0126959085464478,0.001,NaN,NaN,NaN,transformer,embedding
135,1768,0.012039807625114918,99.63558959960938,1.0121126174926758,0.001,1.7693278789520264,58.27134323120117,5.866908550262451,transformer,embedding
136,1781,0.011116406880319118,99.605224609375,1.0111783742904663,0.001,NaN,NaN,NaN,transformer,embedding
137,1794,0.014440182596445084,99.31673431396484,1.01454496383667,0.001,1.7864043712615967,57.35033416748047,5.967955112457275,transformer,embedding
138,1807,0.012941713444888592,99.48375701904297,1.0130258798599243,0.001,NaN,NaN,NaN,transformer,embedding
139,1820,0.010686730965971947,99.63558959960938,1.0107440948486328,0.001,1.7264286279678345,58.023380279541016,5.620544910430908,transformer,embedding
140,1833,0.007725326344370842,99.65077209472656,1.0077552795410156,0.001,NaN,NaN,NaN,transformer,embedding
141,1846,0.009088988415896893,99.66595458984375,1.0091304779052734,0.001,1.7265111207962036,60.07793045043945,5.62100887298584,transformer,embedding
142,1859,0.007405921351164579,99.74187469482422,1.0074334144592285,0.001,NaN,NaN,NaN,transformer,embedding
143,1872,0.006391796749085188,99.7570571899414,1.0064122676849365,0.001,1.719190239906311,58.83811569213867,5.580008029937744,transformer,embedding
144,1885,0.00507011916488409,99.86334228515625,1.0050829648971558,0.001,NaN,NaN,NaN,transformer,embedding
145,1898,0.0054799956269562244,99.74187469482422,1.0054950714111328,0.001,1.7280207872390747,59.723697662353516,5.629500865936279,transformer,embedding
146,1911,0.008088065311312675,99.69632720947266,1.0081208944320679,0.001,NaN,NaN,NaN,transformer,embedding
147,1924,0.008134010247886181,99.68114471435547,1.0081671476364136,0.001,1.7087781429290771,58.0942268371582,5.522210121154785,transformer,embedding
148,1937,0.009591387584805489,99.62040710449219,1.009637475013733,0.001,NaN,NaN,NaN,transformer,embedding
149,1950,0.010657034814357758,99.51412200927734,1.010714054107666,0.001,1.7324156761169434,59.156925201416016,5.654296398162842,transformer,embedding
150,1963,0.0065375096164643764,99.8026123046875,1.006558895111084,0.001,NaN,NaN,NaN,transformer,embedding
151,1976,0.00800009910017252,99.71150970458984,1.008032202720642,0.001,1.6964478492736816,59.7945442199707,5.454537391662598,transformer,embedding
152,1989,0.005904903169721365,99.78742980957031,1.0059223175048828,0.001,NaN,NaN,NaN,transformer,embedding
153,2002,0.005202493630349636,99.8026123046875,1.0052160024642944,0.001,NaN,NaN,NaN,transformer,embedding
154,2015,0.007076555863022804,99.74187469482422,1.0071016550064087,0.001,1.693449854850769,60.290470123291016,5.438209533691406,transformer,embedding
155,2028,0.006922472268342972,99.74187469482422,1.0069464445114136,0.001,NaN,NaN,NaN,transformer,embedding
156,2041,0.005960528738796711,99.7570571899414,1.0059783458709717,0.001,NaN,NaN,NaN,transformer,embedding
157,2054,0.008638930507004261,99.63558959960938,1.0086764097213745,0.001,1.6675583124160767,60.184200286865234,5.29921293258667,transformer,embedding
158,2067,0.010423021391034126,99.48374938964844,1.0104775428771973,0.001,NaN,NaN,NaN,transformer,embedding
159,2080,0.009262558072805405,99.68114471435547,1.0093055963516235,0.001,NaN,NaN,NaN,transformer,embedding
160,2093,0.00851228553801775,99.63558959960938,1.008548617362976,0.001,1.7182302474975586,59.900814056396484,5.5746541023254395,transformer,embedding
161,2106,0.008648327551782131,99.68114471435547,1.008685827255249,0.001,NaN,NaN,NaN,transformer,embedding
162,2119,0.010697937570512295,99.59004211425781,1.0107554197311401,0.001,NaN,NaN,NaN,transformer,embedding
163,2132,0.005728593096137047,99.74187469482422,1.0057450532913208,0.001,1.6974451541900635,60.60927963256836,5.459980010986328,transformer,embedding
164,2145,0.005843563470989466,99.84815979003906,1.005860686302185,0.001,NaN,NaN,NaN,transformer,embedding
165,2158,0.004276614636182785,99.89371490478516,1.0042858123779297,0.001,NaN,NaN,NaN,transformer,embedding
166,2171,0.00428533973172307,99.84815979003906,1.004294514656067,0.001,1.721549153327942,60.60927963256836,5.593186378479004,transformer,embedding
167,2184,0.005018389318138361,99.81779479980469,1.0050309896469116,0.001,NaN,NaN,NaN,transformer,embedding
168,2197,0.003871913766488433,99.89371490478516,1.003879427909851,0.001,NaN,NaN,NaN,transformer,embedding
169,2210,0.00487239146605134,99.86334228515625,1.0048842430114746,0.001,1.6082292795181274,61.74282455444336,4.993960380554199,transformer,embedding
170,2223,0.00687219575047493,99.66595458984375,1.006895899772644,0.001,NaN,NaN,NaN,transformer,embedding
171,2236,0.006432794500142336,99.68114471435547,1.006453514099121,0.001,NaN,NaN,NaN,transformer,embedding
172,2249,0.007275272626429796,99.66596221923828,1.0073018074035645,0.001,1.6428639888763428,61.28232192993164,5.169955253601074,transformer,embedding
173,2262,0.00990137830376625,99.52930450439453,1.0099505186080933,0.001,NaN,NaN,NaN,transformer,embedding
174,2275,0.01313827745616436,99.31673431396484,1.0132249593734741,0.001,NaN,NaN,NaN,transformer,embedding
175,2288,0.011814464814960957,99.48374938964844,1.0118845701217651,0.001,1.6597001552581787,60.60927963256836,5.257734298706055,transformer,embedding
176,2301,0.01126894075423479,99.5748519897461,1.011332631111145,0.001,NaN,NaN,NaN,transformer,embedding
177,2314,0.008033563382923603,99.7570571899414,1.008065938949585,0.001,NaN,NaN,NaN,transformer,embedding
178,2327,0.005759123247116804,99.7570571899414,1.0057756900787354,0.001,1.5789499282836914,62.0616340637207,4.849860668182373,transformer,embedding
179,2340,0.004414545372128487,99.8026123046875,1.0044243335723877,0.001,NaN,NaN,NaN,transformer,embedding
180,2353,0.007431770209223032,99.81779479980469,1.0074594020843506,0.001,NaN,NaN,NaN,transformer,embedding
181,2366,0.006150608882308006,99.78742980957031,1.0061695575714111,0.001,1.5601218938827515,62.62841033935547,4.759401321411133,transformer,embedding
182,2379,0.005115589592605829,99.83297729492188,1.0051287412643433,0.001,NaN,NaN,NaN,transformer,embedding
183,2392,0.003755944548174739,99.86334228515625,1.00376296043396,0.001,NaN,NaN,NaN,transformer,embedding
184,2405,0.0046215238980948925,99.84815979003906,1.0046322345733643,0.001,1.5805892944335938,63.30145263671875,4.857817649841309,transformer,embedding
185,2418,0.0051361070945858955,99.74187469482422,1.0051493644714355,0.001,NaN,NaN,NaN,transformer,embedding
186,2431,0.005424246657639742,99.66595458984375,1.005439043045044,0.001,NaN,NaN,NaN,transformer,embedding
187,2444,0.005923026707023382,99.69632720947266,1.005940556526184,0.001,1.5880382061004639,62.486717224121094,4.894138336181641,transformer,embedding
188,2457,0.007811300456523895,99.78742980957031,1.007841944694519,0.001,NaN,NaN,NaN,transformer,embedding
189,2470,0.00714194867759943,99.74187469482422,1.0071674585342407,0.001,NaN,NaN,NaN,transformer,embedding
190,2483,0.008540695533156395,99.605224609375,1.0085772275924683,0.001,1.5554323196411133,63.266029357910156,4.737133979797363,transformer,embedding
191,2496,0.006696594413369894,99.68114471435547,1.0067191123962402,0.001,NaN,NaN,NaN,transformer,embedding
192,2509,0.006958248093724251,99.63558959960938,1.0069825649261475,0.001,NaN,NaN,NaN,transformer,embedding
193,2522,0.0051206983625888824,99.8026123046875,1.005133867263794,0.001,1.5642988681793213,63.79737854003906,4.779322624206543,transformer,embedding
194,2535,0.0033805302809923887,99.90889739990234,1.0033862590789795,0.001,NaN,NaN,NaN,transformer,embedding
195,2548,0.002103423001244664,99.9544448852539,1.0021055936813354,0.001,NaN,NaN,NaN,transformer,embedding
196,2561,0.0015230306889861822,99.96963500976562,1.0015242099761963,0.001,1.5297940969467163,64.89550018310547,4.6172261238098145,transformer,embedding
197,2574,0.0012465000618249178,99.9544448852539,1.0012472867965698,0.001,NaN,NaN,NaN,transformer,embedding
198,2587,0.002094660187140107,99.92407989501953,1.0020968914031982,0.001,NaN,NaN,NaN,transformer,embedding
199,2600,0.0025979282800108194,99.83297729492188,1.0026012659072876,0.001,1.492598295211792,64.93092346191406,4.448639392852783,transformer,embedding
200,2613,0.006086795590817928,99.72669219970703,1.0061053037643433,0.001,NaN,NaN,NaN,transformer,embedding
201,2626,NaN,NaN,NaN,NaN,NaN,NaN,NaN,transformer,embedding
202,2639,0.01574336551129818,99.24081420898438,1.0158679485321045,0.001,1.591767430305481,60.71554946899414,4.912423610687256,transformer,embedding
203,2652,NaN,NaN,NaN,NaN,NaN,NaN,NaN,transformer,embedding
204,2665,0.005671196151524782,99.77224731445312,1.0056873559951782,0.001,NaN,NaN,NaN,transformer,embedding
205,2678,NaN,NaN,NaN,NaN,NaN,NaN,NaN,transformer,embedding
206,2691,0.0028826610650867224,99.87852478027344,1.0028867721557617,0.001,1.484721302986145,65.35600280761719,4.413735389709473,transformer,embedding
207,2704,NaN,NaN,NaN,NaN,NaN,NaN,NaN,transformer,embedding
208,2717,0.0028993275482207537,99.89371490478516,1.0029035806655884,0.001,NaN,NaN,NaN,transformer,embedding
209,2730,NaN,NaN,NaN,NaN,NaN,NaN,NaN,transformer,embedding
210,2743,0.002208610065281391,99.89371490478516,1.002211093902588,0.001,1.4460504055023193,65.71023559570312,4.246310234069824,transformer,embedding
211,2756,NaN,NaN,NaN,NaN,NaN,NaN,NaN,transformer,embedding
212,2769,0.005403850227594376,99.81779479980469,1.0054184198379517,0.001,NaN,NaN,NaN,transformer,embedding
213,2782,NaN,NaN,NaN,NaN,NaN,NaN,NaN,transformer,embedding
214,2795,0.005957798101007938,99.68114471435547,1.005975604057312,0.001,1.4666415452957153,63.5848388671875,4.334652900695801,transformer,embedding
215,2808,NaN,NaN,NaN,NaN,NaN,NaN,NaN,transformer,embedding
216,2821,0.01246470957994461,99.48374938964844,1.012542724609375,0.001,NaN,NaN,NaN,transformer,embedding
217,2834,NaN,NaN,NaN,NaN,NaN,NaN,NaN,transformer,embedding
218,2847,0.00394311873242259,99.84815979003906,1.0039509534835815,0.001,1.3996602296829224,64.08076477050781,4.0538225173950195,transformer,embedding
219,2860,NaN,NaN,NaN,NaN,NaN,NaN,NaN,transformer,embedding
220,2873,0.004037053324282169,99.89371490478516,1.0040452480316162,0.001,NaN,NaN,NaN,transformer,embedding
221,2886,NaN,NaN,NaN,NaN,NaN,NaN,NaN,transformer,embedding
222,2899,0.0026681297458708286,99.89371490478516,1.002671718597412,0.001,1.3568193912506104,65.63938903808594,3.8838207721710205,transformer,embedding
223,2912,NaN,NaN,NaN,NaN,NaN,NaN,NaN,transformer,embedding
224,2925,0.002505142707377672,99.90889739990234,1.002508282661438,0.001,NaN,NaN,NaN,transformer,embedding
225,2938,NaN,NaN,NaN,NaN,NaN,NaN,NaN,transformer,embedding
226,2951,0.0027489005587995052,99.87853240966797,1.002752661705017,0.001,1.327502727508545,65.63938903808594,3.7716128826141357,transformer,embedding
227,2964,NaN,NaN,NaN,NaN,NaN,NaN,NaN,transformer,embedding
228,2977,0.00675252266228199,99.72669219970703,1.0067753791809082,0.001,NaN,NaN,NaN,transformer,embedding
229,2990,NaN,NaN,NaN,NaN,NaN,NaN,NaN,transformer,embedding
230,3003,0.004761793185025454,99.72669219970703,1.0047731399536133,0.001,1.3331204652786255,64.89550018310547,3.792860507965088,transformer,embedding
231,3016,NaN,NaN,NaN,NaN,NaN,NaN,NaN,transformer,embedding
232,3029,0.008344987407326698,99.52930450439453,1.0083799362182617,0.001,NaN,NaN,NaN,transformer,embedding
233,3042,NaN,NaN,NaN,NaN,NaN,NaN,NaN,transformer,embedding
234,3055,0.007877576164901257,99.62040710449219,1.0079087018966675,0.001,1.298832654953003,65.74565887451172,3.665015935897827,transformer,embedding
235,3068,NaN,NaN,NaN,NaN,NaN,NaN,NaN,transformer,embedding
236,3081,0.004076436627656221,99.83297729492188,1.0040847063064575,0.001,NaN,NaN,NaN,transformer,embedding
237,3094,NaN,NaN,NaN,NaN,NaN,NaN,NaN,transformer,embedding
238,3107,0.0033102487213909626,99.86334228515625,1.0033156871795654,0.001,1.249698281288147,67.48139953613281,3.4892899990081787,transformer,embedding
239,3120,NaN,NaN,NaN,NaN,NaN,NaN,NaN,transformer,embedding
240,3133,0.002579515101388097,99.86334228515625,1.0025827884674072,0.001,NaN,NaN,NaN,transformer,embedding
241,3146,NaN,NaN,NaN,NaN,NaN,NaN,NaN,transformer,embedding
242,3159,0.00300703221000731,99.87853240966797,1.0030115842819214,0.001,1.2007020711898804,67.97732543945312,3.32244873046875,transformer,embedding
243,3172,NaN,NaN,NaN,NaN,NaN,NaN,NaN,transformer,embedding
244,3185,0.0034538572654128075,99.8026123046875,1.0034598112106323,0.001,NaN,NaN,NaN,transformer,embedding
245,3198,NaN,NaN,NaN,NaN,NaN,NaN,NaN,transformer,embedding
246,3211,0.007186777889728546,99.66595458984375,1.0072126388549805,0.001,1.277350902557373,66.17073822021484,3.5871245861053467,transformer,embedding
247,3224,NaN,NaN,NaN,NaN,NaN,NaN,NaN,transformer,embedding
248,3237,0.008784704841673374,99.66595458984375,1.0088233947753906,0.001,NaN,NaN,NaN,transformer,embedding
249,3250,NaN,NaN,NaN,NaN,NaN,NaN,NaN,transformer,embedding
250,3263,0.0032484298571944237,99.89371490478516,1.003253698348999,0.001,1.2137255668640137,68.22528839111328,3.366001605987549,transformer,embedding
251,3276,NaN,NaN,NaN,NaN,NaN,NaN,NaN,transformer,embedding
252,3289,0.001649649115279317,99.9544448852539,1.0016510486602783,0.001,NaN,NaN,NaN,transformer,embedding
253,3302,NaN,NaN,NaN,NaN,NaN,NaN,NaN,transformer,embedding
254,3315,0.0004861304478254169,99.96963500976562,1.0004862546920776,0.001,1.1511210203170776,69.18172454833984,3.1617352962493896,transformer,embedding
255,3328,NaN,NaN,NaN,NaN,NaN,NaN,NaN,transformer,embedding
256,3341,0.0003526038199197501,100.0,1.0003526210784912,0.001,NaN,NaN,NaN,transformer,embedding
257,3354,NaN,NaN,NaN,NaN,NaN,NaN,NaN,transformer,embedding
258,3367,0.00010720145655795932,100.0,1.0001071691513062,0.001,NaN,NaN,NaN,transformer,embedding
259,3380,NaN,NaN,NaN,NaN,1.1085827350616455,70.38611602783203,3.0300610065460205,transformer,embedding
260,3393,6.196482718223706e-05,100.0,1.0000619888305664,0.001,NaN,NaN,NaN,transformer,embedding
261,3406,NaN,NaN,NaN,NaN,NaN,NaN,NaN,transformer,embedding
262,3419,4.8749501729616895e-05,100.0,1.0000487565994263,0.001,NaN,NaN,NaN,transformer,embedding
263,3432,NaN,NaN,NaN,NaN,NaN,NaN,NaN,transformer,embedding
264,3445,4.101015656488016e-05,100.0,1.0000410079956055,0.001,1.091380000114441,70.77577209472656,2.978381395339966,transformer,embedding
265,3458,NaN,NaN,NaN,NaN,NaN,NaN,NaN,transformer,embedding
266,3471,3.502603431115858e-05,100.0,1.000035047531128,0.001,NaN,NaN,NaN,transformer,embedding
267,3484,NaN,NaN,NaN,NaN,NaN,NaN,NaN,transformer,embedding
268,3497,3.002559969900176e-05,100.0,1.0000300407409668,0.001,NaN,NaN,NaN,transformer,embedding
269,3510,NaN,NaN,NaN,NaN,1.0837303400039673,71.02373504638672,2.9556846618652344,transformer,embedding
270,3523,2.5730387278599665e-05,100.0,1.000025749206543,0.001,NaN,NaN,NaN,transformer,embedding
271,3536,NaN,NaN,NaN,NaN,NaN,NaN,NaN,transformer,embedding
272,3549,2.2022539269528352e-05,100.0,1.000022053718567,0.001,NaN,NaN,NaN,transformer,embedding
273,3562,NaN,NaN,NaN,NaN,NaN,NaN,NaN,transformer,embedding
274,3575,1.879541923699435e-05,100.0,1.000018835067749,0.001,1.0784473419189453,71.0945816040039,2.940110921859741,transformer,embedding
275,3588,NaN,NaN,NaN,NaN,NaN,NaN,NaN,transformer,embedding
276,3601,1.6001735275494866e-05,100.0,1.0000159740447998,0.001,NaN,NaN,NaN,transformer,embedding
277,3614,NaN,NaN,NaN,NaN,NaN,NaN,NaN,transformer,embedding
278,3627,1.3544019566325005e-05,100.0,1.0000135898590088,0.001,NaN,NaN,NaN,transformer,embedding
279,3640,NaN,NaN,NaN,NaN,1.0753602981567383,71.0945816040039,2.93104887008667,transformer,embedding
280,3653,1.1412606909289025e-05,100.0,1.0000114440917969,0.001,NaN,NaN,NaN,transformer,embedding
281,3666,NaN,NaN,NaN,NaN,NaN,NaN,NaN,transformer,embedding
282,3679,9.562406376062427e-06,100.0,1.000009536743164,0.001,NaN,NaN,NaN,transformer,embedding
283,3692,NaN,NaN,NaN,NaN,NaN,NaN,NaN,transformer,embedding
284,3705,7.97317989054136e-06,100.0,1.0000079870224,0.001,1.0742298364639282,71.20085144042969,2.927737236022949,transformer,embedding
285,3718,NaN,NaN,NaN,NaN,NaN,NaN,NaN,transformer,embedding
286,3731,6.618554834858514e-06,100.0,1.0000066757202148,0.001,NaN,NaN,NaN,transformer,embedding
287,3744,NaN,NaN,NaN,NaN,NaN,NaN,NaN,transformer,embedding
288,3757,5.4681986512150615e-06,100.0,1.0000054836273193,0.001,NaN,NaN,NaN,transformer,embedding
289,3770,NaN,NaN,NaN,NaN,1.0745359659194946,71.34254455566406,2.928633689880371,transformer,embedding
290,3783,4.501390321820509e-06,100.0,1.000004529953003,0.001,NaN,NaN,NaN,transformer,embedding
291,3796,NaN,NaN,NaN,NaN,NaN,NaN,NaN,transformer,embedding
292,3809,3.67993220606877e-06,100.0,1.000003695487976,0.001,NaN,NaN,NaN,transformer,embedding
293,3822,NaN,NaN,NaN,NaN,NaN,NaN,NaN,transformer,embedding
294,3835,2.999472371811862e-06,100.0,1.0000029802322388,0.001,1.0777350664138794,71.27169799804688,2.9380176067352295,transformer,embedding
295,3848,NaN,NaN,NaN,NaN,NaN,NaN,NaN,transformer,embedding
296,3861,2.4362279873457737e-06,100.0,1.000002384185791,0.001,NaN,NaN,NaN,transformer,embedding
297,3874,NaN,NaN,NaN,NaN,NaN,NaN,NaN,transformer,embedding
298,3887,1.969819095393177e-06,100.0,1.0000020265579224,0.001,NaN,NaN,NaN,transformer,embedding
299,3900,NaN,NaN,NaN,NaN,1.081960678100586,71.37796783447266,2.9504587650299072,transformer,embedding
300,3913,1.5890875602053711e-06,100.0,1.0000015497207642,0.001,NaN,NaN,NaN,transformer,embedding
301,3926,NaN,NaN,NaN,NaN,NaN,NaN,NaN,transformer,embedding
302,3939,NaN,NaN,NaN,NaN,NaN,NaN,NaN,transformer,embedding
303,3952,1.1407956890252535e-06,100.0,1.0000011920928955,0.001,NaN,NaN,NaN,transformer,embedding
304,3965,NaN,NaN,NaN,NaN,1.0873357057571411,71.62593078613281,2.966360330581665,transformer,embedding
305,3978,NaN,NaN,NaN,NaN,NaN,NaN,NaN,transformer,embedding
306,3991,8.161019309227413e-07,100.0,1.0000008344650269,0.001,NaN,NaN,NaN,transformer,embedding
307,4004,NaN,NaN,NaN,NaN,NaN,NaN,NaN,transformer,embedding
308,4017,NaN,NaN,NaN,NaN,NaN,NaN,NaN,transformer,embedding
309,4030,5.78715230403759e-07,100.0,1.0000005960464478,0.001,NaN,NaN,NaN,transformer,embedding
310,4043,NaN,NaN,NaN,NaN,1.095378041267395,71.7322006225586,2.9903130531311035,transformer,embedding
311,4056,NaN,NaN,NaN,NaN,NaN,NaN,NaN,transformer,embedding
312,4069,4.1104215142695466e-07,100.0,1.0000003576278687,0.001,NaN,NaN,NaN,transformer,embedding
313,4082,NaN,NaN,NaN,NaN,NaN,NaN,NaN,transformer,embedding
314,4095,NaN,NaN,NaN,NaN,NaN,NaN,NaN,transformer,embedding
315,4108,2.909187912791822e-07,100.0,1.000000238418579,0.001,NaN,NaN,NaN,transformer,embedding
316,4121,NaN,NaN,NaN,NaN,1.1036338806152344,71.69677734375,3.0151026248931885,transformer,embedding
317,4134,NaN,NaN,NaN,NaN,NaN,NaN,NaN,transformer,embedding
318,4147,2.0584687376867805e-07,100.0,1.000000238418579,0.001,NaN,NaN,NaN,transformer,embedding
319,4160,NaN,NaN,NaN,NaN,NaN,NaN,NaN,transformer,embedding
320,4173,NaN,NaN,NaN,NaN,NaN,NaN,NaN,transformer,embedding
321,4186,1.478622237982563e-07,100.0,1.0000001192092896,0.001,NaN,NaN,NaN,transformer,embedding
322,4199,NaN,NaN,NaN,NaN,1.1124924421310425,71.80304718017578,3.041930675506592,transformer,embedding
323,4212,NaN,NaN,NaN,NaN,NaN,NaN,NaN,transformer,embedding
324,4225,1.0696435737145293e-07,100.0,1.0000001192092896,0.001,NaN,NaN,NaN,transformer,embedding
325,4238,NaN,NaN,NaN,NaN,NaN,NaN,NaN,transformer,embedding
326,4251,NaN,NaN,NaN,NaN,NaN,NaN,NaN,transformer,embedding
327,4264,7.906257337708666e-08,100.0,1.0000001192092896,0.001,NaN,NaN,NaN,transformer,embedding
328,4277,NaN,NaN,NaN,NaN,1.1241419315338135,71.94474029541016,3.0775749683380127,transformer,embedding
329,4290,NaN,NaN,NaN,NaN,NaN,NaN,NaN,transformer,embedding
330,4303,5.9477937242036205e-08,100.0,1.0,0.001,NaN,NaN,NaN,transformer,embedding
331,4316,NaN,NaN,NaN,NaN,NaN,NaN,NaN,transformer,embedding
332,4329,NaN,NaN,NaN,NaN,NaN,NaN,NaN,transformer,embedding
333,4342,4.634609140907742e-08,100.0,1.0,0.001,NaN,NaN,NaN,transformer,embedding
334,4355,NaN,NaN,NaN,NaN,1.1335690021514893,72.05101013183594,3.106724739074707,transformer,embedding
335,4368,NaN,NaN,NaN,NaN,NaN,NaN,NaN,transformer,embedding
336,4381,3.830951200711752e-08,100.0,1.0,0.001,NaN,NaN,NaN,transformer,embedding
337,4394,NaN,NaN,NaN,NaN,NaN,NaN,NaN,transformer,embedding
338,4407,NaN,NaN,NaN,NaN,NaN,NaN,NaN,transformer,embedding
339,4420,3.292463901516385e-08,100.0,1.0,0.001,NaN,NaN,NaN,transformer,embedding
340,4433,NaN,NaN,NaN,NaN,1.1404565572738647,72.01558685302734,3.1281962394714355,transformer,embedding
341,4446,NaN,NaN,NaN,NaN,NaN,NaN,NaN,transformer,embedding
342,4459,2.9702768244987965e-08,100.0,1.0,0.001,NaN,NaN,NaN,transformer,embedding
343,4472,NaN,NaN,NaN,NaN,NaN,NaN,NaN,transformer,embedding
344,4485,NaN,NaN,NaN,NaN,NaN,NaN,NaN,transformer,embedding
345,4498,2.7829376136878636e-08,100.0,1.0,0.001,NaN,NaN,NaN,transformer,embedding
346,4511,NaN,NaN,NaN,NaN,1.1463216543197632,71.83847045898438,3.146597385406494,transformer,embedding
347,4524,NaN,NaN,NaN,NaN,NaN,NaN,NaN,transformer,embedding
348,4537,2.5992184404799445e-08,100.0,1.0,0.001,NaN,NaN,NaN,transformer,embedding
349,4550,NaN,NaN,NaN,NaN,NaN,NaN,NaN,transformer,embedding
350,4563,NaN,NaN,NaN,NaN,NaN,NaN,NaN,transformer,embedding
351,4576,2.5584924401300668e-08,100.0,1.0,0.001,NaN,NaN,NaN,transformer,embedding
352,4589,NaN,NaN,NaN,NaN,1.1477941274642944,71.76762390136719,3.1512339115142822,transformer,embedding
353,4602,NaN,NaN,NaN,NaN,NaN,NaN,NaN,transformer,embedding
354,4615,2.4842808699077068e-08,100.0,1.0,0.001,NaN,NaN,NaN,transformer,embedding
355,4628,NaN,NaN,NaN,NaN,NaN,NaN,NaN,transformer,embedding
356,4641,NaN,NaN,NaN,NaN,NaN,NaN,NaN,transformer,embedding
357,4654,2.406449084446649e-08,100.0,1.0,0.001,NaN,NaN,NaN,transformer,embedding
358,4667,NaN,NaN,NaN,NaN,NaN,NaN,NaN,transformer,embedding
359,4680,NaN,NaN,NaN,NaN,1.142501950263977,72.08643341064453,3.13460111618042,transformer,embedding
360,4693,2.3657232617324553e-08,100.0,1.0,0.001,NaN,NaN,NaN,transformer,embedding
361,4706,NaN,NaN,NaN,NaN,NaN,NaN,NaN,transformer,embedding
362,4719,NaN,NaN,NaN,NaN,NaN,NaN,NaN,transformer,embedding
363,4732,2.5014761817487852e-08,100.0,1.0,0.001,NaN,NaN,NaN,transformer,embedding
364,4745,NaN,NaN,NaN,NaN,NaN,NaN,NaN,transformer,embedding
365,4758,NaN,NaN,NaN,NaN,NaN,NaN,NaN,transformer,embedding
366,4771,2.3367626056369772e-08,100.0,1.0,0.001,1.1361466646194458,72.01558685302734,3.1147429943084717,transformer,embedding
367,4784,NaN,NaN,NaN,NaN,NaN,NaN,NaN,transformer,embedding
368,4797,NaN,NaN,NaN,NaN,NaN,NaN,NaN,transformer,embedding
369,4810,2.3992090092406215e-08,100.0,1.0,0.001,NaN,NaN,NaN,transformer,embedding
370,4823,NaN,NaN,NaN,NaN,NaN,NaN,NaN,transformer,embedding
371,4836,NaN,NaN,NaN,NaN,NaN,NaN,NaN,transformer,embedding
372,4849,2.342192573223656e-08,100.0,1.0,0.001,NaN,NaN,NaN,transformer,embedding
373,4862,NaN,NaN,NaN,NaN,1.1302316188812256,72.2635498046875,3.0963735580444336,transformer,embedding
374,4875,NaN,NaN,NaN,NaN,NaN,NaN,NaN,transformer,embedding
375,4888,2.37929853597052e-08,100.0,1.0,0.001,NaN,NaN,NaN,transformer,embedding
376,4901,NaN,NaN,NaN,NaN,NaN,NaN,NaN,transformer,embedding
377,4914,NaN,NaN,NaN,NaN,NaN,NaN,NaN,transformer,embedding
378,4927,2.4010189392242864e-08,100.0,1.0,0.001,NaN,NaN,NaN,transformer,embedding
379,4940,NaN,NaN,NaN,NaN,NaN,NaN,NaN,transformer,embedding
380,4953,NaN,NaN,NaN,NaN,1.1226422786712646,72.2281265258789,3.072962999343872,transformer,embedding
381,4966,2.363008100303432e-08,100.0,1.0,0.001,NaN,NaN,NaN,transformer,embedding
382,4979,NaN,NaN,NaN,NaN,NaN,NaN,NaN,transformer,embedding
383,4992,NaN,NaN,NaN,NaN,NaN,NaN,NaN,transformer,embedding
384,5005,2.4136893372883605e-08,100.0,1.0,0.001,NaN,NaN,NaN,transformer,embedding
385,5018,NaN,NaN,NaN,NaN,NaN,NaN,NaN,transformer,embedding
386,5031,NaN,NaN,NaN,NaN,NaN,NaN,NaN,transformer,embedding
387,5044,2.435409740542127e-08,100.0,1.0,0.001,1.1131459474563599,72.36981964111328,3.043919324874878,transformer,embedding
388,5057,NaN,NaN,NaN,NaN,NaN,NaN,NaN,transformer,embedding
389,5070,NaN,NaN,NaN,NaN,NaN,NaN,NaN,transformer,embedding
390,5083,2.453510283828564e-08,100.0,1.0,0.001,NaN,NaN,NaN,transformer,embedding
391,5096,NaN,NaN,NaN,NaN,NaN,NaN,NaN,transformer,embedding
392,5109,NaN,NaN,NaN,NaN,NaN,NaN,NaN,transformer,embedding
393,5122,2.4010189392242864e-08,100.0,1.0,0.001,NaN,NaN,NaN,transformer,embedding
394,5135,NaN,NaN,NaN,NaN,1.1020947694778442,72.12185668945312,3.010465621948242,transformer,embedding
395,5148,NaN,NaN,NaN,NaN,NaN,NaN,NaN,transformer,embedding
396,5161,2.3783934821608455e-08,100.0,1.0,0.001,NaN,NaN,NaN,transformer,embedding
397,5174,NaN,NaN,NaN,NaN,NaN,NaN,NaN,transformer,embedding
398,5187,NaN,NaN,NaN,NaN,NaN,NaN,NaN,transformer,embedding
399,5200,2.422739520113737e-08,100.0,1.0,0.001,NaN,NaN,NaN,transformer,embedding
400,5213,NaN,NaN,NaN,NaN,NaN,NaN,NaN,transformer,embedding
401,5226,NaN,NaN,NaN,NaN,1.0961636304855347,72.33439636230469,2.9926629066467285,transformer,embedding
402,5239,2.4254545039070763e-08,100.0,1.0,0.001,NaN,NaN,NaN,transformer,embedding
403,5252,NaN,NaN,NaN,NaN,NaN,NaN,NaN,transformer,embedding
404,5265,NaN,NaN,NaN,NaN,NaN,NaN,NaN,transformer,embedding
405,5278,NaN,NaN,NaN,NaN,NaN,NaN,NaN,transformer,embedding
406,5291,2.435409740542127e-08,100.0,1.0,0.001,NaN,NaN,NaN,transformer,embedding
407,5304,NaN,NaN,NaN,NaN,NaN,NaN,NaN,transformer,embedding
408,5317,NaN,NaN,NaN,NaN,NaN,NaN,NaN,transformer,embedding
409,5330,NaN,NaN,NaN,NaN,1.0840020179748535,72.19270324707031,2.9564878940582275,transformer,embedding
410,5343,2.4960462141621065e-08,100.0,1.0,0.001,NaN,NaN,NaN,transformer,embedding
411,5356,NaN,NaN,NaN,NaN,NaN,NaN,NaN,transformer,embedding
412,5369,NaN,NaN,NaN,NaN,NaN,NaN,NaN,transformer,embedding
413,5382,NaN,NaN,NaN,NaN,NaN,NaN,NaN,transformer,embedding
414,5395,2.5231967626382357e-08,100.0,1.0,0.001,NaN,NaN,NaN,transformer,embedding
415,5408,NaN,NaN,NaN,NaN,NaN,NaN,NaN,transformer,embedding
416,5421,NaN,NaN,NaN,NaN,NaN,NaN,NaN,transformer,embedding
417,5434,NaN,NaN,NaN,NaN,1.0706462860107422,72.19270324707031,2.917264223098755,transformer,embedding
418,5447,2.5222917088285612e-08,100.0,1.0,0.001,NaN,NaN,NaN,transformer,embedding
419,5460,NaN,NaN,NaN,NaN,NaN,NaN,NaN,transformer,embedding
420,5473,NaN,NaN,NaN,NaN,NaN,NaN,NaN,transformer,embedding
421,5486,NaN,NaN,NaN,NaN,NaN,NaN,NaN,transformer,embedding
422,5499,2.5295319616702727e-08,100.0,1.0,0.001,NaN,NaN,NaN,transformer,embedding
423,5512,NaN,NaN,NaN,NaN,NaN,NaN,NaN,transformer,embedding
424,5525,NaN,NaN,NaN,NaN,NaN,NaN,NaN,transformer,embedding
425,5538,NaN,NaN,NaN,NaN,1.061498999595642,72.2635498046875,2.8907008171081543,transformer,embedding
426,5551,2.52410181644791e-08,100.0,1.0,0.001,NaN,NaN,NaN,transformer,embedding
427,5564,NaN,NaN,NaN,NaN,NaN,NaN,NaN,transformer,embedding
428,5577,NaN,NaN,NaN,NaN,NaN,NaN,NaN,transformer,embedding
429,5590,NaN,NaN,NaN,NaN,NaN,NaN,NaN,transformer,embedding
430,5603,2.608268623305321e-08,100.0,1.0,0.001,NaN,NaN,NaN,transformer,embedding
431,5616,NaN,NaN,NaN,NaN,NaN,NaN,NaN,transformer,embedding
432,5629,NaN,NaN,NaN,NaN,NaN,NaN,NaN,transformer,embedding
433,5642,NaN,NaN,NaN,NaN,1.0479683876037598,72.15727996826172,2.851851463317871,transformer,embedding
434,5655,2.5449171658920022e-08,100.0,1.0,0.001,NaN,NaN,NaN,transformer,embedding
435,5668,NaN,NaN,NaN,NaN,NaN,NaN,NaN,transformer,embedding
436,5681,NaN,NaN,NaN,NaN,NaN,NaN,NaN,transformer,embedding
437,5694,NaN,NaN,NaN,NaN,NaN,NaN,NaN,transformer,embedding
438,5707,2.5349619292569514e-08,100.0,1.0,0.001,NaN,NaN,NaN,transformer,embedding
439,5720,NaN,NaN,NaN,NaN,NaN,NaN,NaN,transformer,embedding
440,5733,NaN,NaN,NaN,NaN,NaN,NaN,NaN,transformer,embedding
441,5746,NaN,NaN,NaN,NaN,1.038432002067566,72.19270324707031,2.824784278869629,transformer,embedding
442,5759,2.6399444408298223e-08,100.0,1.0,0.001,NaN,NaN,NaN,transformer,embedding
443,5772,NaN,NaN,NaN,NaN,NaN,NaN,NaN,transformer,embedding
444,5785,NaN,NaN,NaN,NaN,NaN,NaN,NaN,transformer,embedding
445,5798,NaN,NaN,NaN,NaN,NaN,NaN,NaN,transformer,embedding
446,5811,2.6173188061306973e-08,100.0,1.0,0.001,NaN,NaN,NaN,transformer,embedding
447,5824,NaN,NaN,NaN,NaN,NaN,NaN,NaN,transformer,embedding
448,5837,NaN,NaN,NaN,NaN,NaN,NaN,NaN,transformer,embedding
449,5850,NaN,NaN,NaN,NaN,1.024485468864441,72.33439636230469,2.7856616973876953,transformer,embedding
450,5863,2.5955984028769308e-08,100.0,1.0,0.001,NaN,NaN,NaN,transformer,embedding
451,5876,NaN,NaN,NaN,NaN,NaN,NaN,NaN,transformer,embedding
452,5889,NaN,NaN,NaN,NaN,NaN,NaN,NaN,transformer,embedding
453,5902,NaN,NaN,NaN,NaN,NaN,NaN,NaN,transformer,embedding
454,5915,2.6544245912418774e-08,100.0,1.0,0.001,NaN,NaN,NaN,transformer,embedding
455,5928,NaN,NaN,NaN,NaN,NaN,NaN,NaN,transformer,embedding
456,5941,NaN,NaN,NaN,NaN,NaN,NaN,NaN,transformer,embedding
457,5954,NaN,NaN,NaN,NaN,1.0101803541183472,72.19270324707031,2.746096134185791,transformer,embedding
458,5967,2.6842903011470298e-08,100.0,1.0,0.001,NaN,NaN,NaN,transformer,embedding
459,5980,NaN,NaN,NaN,NaN,NaN,NaN,NaN,transformer,embedding
460,5993,NaN,NaN,NaN,NaN,NaN,NaN,NaN,transformer,embedding
461,6006,NaN,NaN,NaN,NaN,NaN,NaN,NaN,transformer,embedding
462,6019,2.668000043115626e-08,100.0,1.0,0.001,NaN,NaN,NaN,transformer,embedding
463,6032,NaN,NaN,NaN,NaN,NaN,NaN,NaN,transformer,embedding
464,6045,NaN,NaN,NaN,NaN,NaN,NaN,NaN,transformer,embedding
465,6058,NaN,NaN,NaN,NaN,NaN,NaN,NaN,transformer,embedding
466,6071,2.6236540051627344e-08,100.0,1.0,0.001,0.9990425705909729,72.2635498046875,2.7156805992126465,transformer,embedding
467,6084,NaN,NaN,NaN,NaN,NaN,NaN,NaN,transformer,embedding
468,6097,NaN,NaN,NaN,NaN,NaN,NaN,NaN,transformer,embedding
469,6110,NaN,NaN,NaN,NaN,NaN,NaN,NaN,transformer,embedding
470,6123,2.698770629194769e-08,100.0,1.0,0.001,NaN,NaN,NaN,transformer,embedding
471,6136,NaN,NaN,NaN,NaN,NaN,NaN,NaN,transformer,embedding
472,6149,NaN,NaN,NaN,NaN,NaN,NaN,NaN,transformer,embedding
473,6162,NaN,NaN,NaN,NaN,NaN,NaN,NaN,transformer,embedding
474,6175,2.6815753173536905e-08,100.0,1.0,0.001,NaN,NaN,NaN,transformer,embedding
475,6188,NaN,NaN,NaN,NaN,0.9811870455741882,72.36981964111328,2.667620897293091,transformer,embedding
476,6201,NaN,NaN,NaN,NaN,NaN,NaN,NaN,transformer,embedding
477,6214,NaN,NaN,NaN,NaN,NaN,NaN,NaN,transformer,embedding
478,6227,2.763027140417762e-08,100.0,1.0,0.001,NaN,NaN,NaN,transformer,embedding
479,6240,NaN,NaN,NaN,NaN,NaN,NaN,NaN,transformer,embedding
480,6253,NaN,NaN,NaN,NaN,NaN,NaN,NaN,transformer,embedding
481,6266,NaN,NaN,NaN,NaN,NaN,NaN,NaN,transformer,embedding
482,6279,2.9286457703392443e-08,100.0,1.0,0.001,NaN,NaN,NaN,transformer,embedding
483,6292,NaN,NaN,NaN,NaN,NaN,NaN,NaN,transformer,embedding
484,6305,NaN,NaN,NaN,NaN,0.9690455198287964,72.36981964111328,2.635427713394165,transformer,embedding
485,6318,NaN,NaN,NaN,NaN,NaN,NaN,NaN,transformer,embedding
486,6331,3.23273248170608e-08,100.0,1.0,0.001,NaN,NaN,NaN,transformer,embedding
487,6344,NaN,NaN,NaN,NaN,NaN,NaN,NaN,transformer,embedding
488,6357,NaN,NaN,NaN,NaN,NaN,NaN,NaN,transformer,embedding
489,6370,NaN,NaN,NaN,NaN,NaN,NaN,NaN,transformer,embedding
490,6383,3.1205100725628654e-08,100.0,1.0,0.001,NaN,NaN,NaN,transformer,embedding
491,6396,NaN,NaN,NaN,NaN,NaN,NaN,NaN,transformer,embedding
492,6409,NaN,NaN,NaN,NaN,NaN,NaN,NaN,transformer,embedding
493,6422,NaN,NaN,NaN,NaN,0.9621852040290833,72.830322265625,2.6174097061157227,transformer,embedding
494,6435,3.039058427134478e-08,100.0,1.0,0.001,NaN,NaN,NaN,transformer,embedding
495,6448,NaN,NaN,NaN,NaN,NaN,NaN,NaN,transformer,embedding
496,6461,NaN,NaN,NaN,NaN,NaN,NaN,NaN,transformer,embedding
497,6474,NaN,NaN,NaN,NaN,NaN,NaN,NaN,transformer,embedding
498,6487,3.101504830738122e-08,100.0,1.0,0.001,NaN,NaN,NaN,transformer,embedding
499,6500,NaN,NaN,NaN,NaN,NaN,NaN,NaN,transformer,embedding
500,6513,NaN,NaN,NaN,NaN,NaN,NaN,NaN,transformer,embedding
501,6526,NaN,NaN,NaN,NaN,NaN,NaN,NaN,transformer,embedding
502,6539,3.152185712451683e-08,100.0,1.0,0.001,0.9469087719917297,72.75947570800781,2.5777289867401123,transformer,embedding
503,6552,NaN,NaN,NaN,NaN,NaN,NaN,NaN,transformer,embedding
504,6565,NaN,NaN,NaN,NaN,NaN,NaN,NaN,transformer,embedding
505,6578,NaN,NaN,NaN,NaN,NaN,NaN,NaN,transformer,embedding
506,6591,NaN,NaN,NaN,NaN,NaN,NaN,NaN,transformer,embedding
507,6604,3.164856110515757e-08,100.0,1.0,0.001,NaN,NaN,NaN,transformer,embedding
508,6617,NaN,NaN,NaN,NaN,NaN,NaN,NaN,transformer,embedding
509,6630,NaN,NaN,NaN,NaN,NaN,NaN,NaN,transformer,embedding
510,6643,NaN,NaN,NaN,NaN,NaN,NaN,NaN,transformer,embedding
511,6656,NaN,NaN,NaN,NaN,NaN,NaN,NaN,transformer,embedding
512,6669,3.263503245420907e-08,100.0,1.0,0.001,0.9167760014533997,72.97201538085938,2.501213550567627,transformer,embedding
513,6682,NaN,NaN,NaN,NaN,NaN,NaN,NaN,transformer,embedding
514,6695,NaN,NaN,NaN,NaN,NaN,NaN,NaN,transformer,embedding
515,6708,NaN,NaN,NaN,NaN,NaN,NaN,NaN,transformer,embedding
516,6721,NaN,NaN,NaN,NaN,NaN,NaN,NaN,transformer,embedding
517,6734,3.245402879770154e-08,100.0,1.0,0.001,NaN,NaN,NaN,transformer,embedding
518,6747,NaN,NaN,NaN,NaN,NaN,NaN,NaN,transformer,embedding
519,6760,NaN,NaN,NaN,NaN,NaN,NaN,NaN,transformer,embedding
520,6773,NaN,NaN,NaN,NaN,NaN,NaN,NaN,transformer,embedding
521,6786,NaN,NaN,NaN,NaN,NaN,NaN,NaN,transformer,embedding
522,6799,3.3558155365653874e-08,100.0,1.0,0.001,0.8939591646194458,73.14913177490234,2.4447898864746094,transformer,embedding
523,6812,NaN,NaN,NaN,NaN,NaN,NaN,NaN,transformer,embedding
524,6825,NaN,NaN,NaN,NaN,NaN,NaN,NaN,transformer,embedding
525,6838,NaN,NaN,NaN,NaN,NaN,NaN,NaN,transformer,embedding
526,6851,NaN,NaN,NaN,NaN,NaN,NaN,NaN,transformer,embedding
527,6864,3.453557440025179e-08,100.0,1.0,0.001,NaN,NaN,NaN,transformer,embedding
528,6877,NaN,NaN,NaN,NaN,NaN,NaN,NaN,transformer,embedding
529,6890,NaN,NaN,NaN,NaN,NaN,NaN,NaN,transformer,embedding
530,6903,NaN,NaN,NaN,NaN,NaN,NaN,NaN,transformer,embedding
531,6916,NaN,NaN,NaN,NaN,NaN,NaN,NaN,transformer,embedding
532,6929,3.490663402772043e-08,100.0,1.0,0.001,0.8711749315261841,73.3970947265625,2.389716863632202,transformer,embedding
533,6942,NaN,NaN,NaN,NaN,NaN,NaN,NaN,transformer,embedding
534,6955,NaN,NaN,NaN,NaN,NaN,NaN,NaN,transformer,embedding
535,6968,NaN,NaN,NaN,NaN,NaN,NaN,NaN,transformer,embedding
536,6981,NaN,NaN,NaN,NaN,NaN,NaN,NaN,transformer,embedding
537,6994,3.3829660850415166e-08,100.0,1.0,0.001,NaN,NaN,NaN,transformer,embedding
538,7007,NaN,NaN,NaN,NaN,NaN,NaN,NaN,transformer,embedding
539,7020,NaN,NaN,NaN,NaN,NaN,NaN,NaN,transformer,embedding
540,7033,NaN,NaN,NaN,NaN,NaN,NaN,NaN,transformer,embedding
541,7046,NaN,NaN,NaN,NaN,NaN,NaN,NaN,transformer,embedding
542,7059,3.490663402772043e-08,100.0,1.0,0.001,0.851967990398407,73.3616714477539,2.3442556858062744,transformer,embedding
543,7072,NaN,NaN,NaN,NaN,NaN,NaN,NaN,transformer,embedding
544,7085,NaN,NaN,NaN,NaN,NaN,NaN,NaN,transformer,embedding
545,7098,NaN,NaN,NaN,NaN,NaN,NaN,NaN,transformer,embedding
546,7111,NaN,NaN,NaN,NaN,NaN,NaN,NaN,transformer,embedding
547,7124,3.493378386565382e-08,100.0,1.0,0.001,NaN,NaN,NaN,transformer,embedding
548,7137,NaN,NaN,NaN,NaN,NaN,NaN,NaN,transformer,embedding
549,7150,NaN,NaN,NaN,NaN,NaN,NaN,NaN,transformer,embedding
550,7163,NaN,NaN,NaN,NaN,NaN,NaN,NaN,transformer,embedding
551,7176,NaN,NaN,NaN,NaN,NaN,NaN,NaN,transformer,embedding
552,7189,3.564874972994403e-08,100.0,1.0,0.001,0.8294653296470642,73.78675079345703,2.292092800140381,transformer,embedding
553,7202,NaN,NaN,NaN,NaN,NaN,NaN,NaN,transformer,embedding
554,7215,NaN,NaN,NaN,NaN,NaN,NaN,NaN,transformer,embedding
555,7228,NaN,NaN,NaN,NaN,NaN,NaN,NaN,transformer,embedding
556,7241,NaN,NaN,NaN,NaN,NaN,NaN,NaN,transformer,embedding
557,7254,3.6589970164868646e-08,100.0,1.0,0.001,NaN,NaN,NaN,transformer,embedding
558,7267,NaN,NaN,NaN,NaN,NaN,NaN,NaN,transformer,embedding
559,7280,NaN,NaN,NaN,NaN,NaN,NaN,NaN,transformer,embedding
560,7293,NaN,NaN,NaN,NaN,NaN,NaN,NaN,transformer,embedding
561,7306,NaN,NaN,NaN,NaN,NaN,NaN,NaN,transformer,embedding
562,7319,3.5024285693907586e-08,100.0,1.0,0.001,NaN,NaN,NaN,transformer,embedding
563,7332,NaN,NaN,NaN,NaN,0.8030354380607605,74.03471374511719,2.232306718826294,transformer,embedding
564,7345,NaN,NaN,NaN,NaN,NaN,NaN,NaN,transformer,embedding
565,7358,NaN,NaN,NaN,NaN,NaN,NaN,NaN,transformer,embedding
566,7371,NaN,NaN,NaN,NaN,NaN,NaN,NaN,transformer,embedding
567,7384,3.601980935741267e-08,100.0,1.0,0.001,NaN,NaN,NaN,transformer,embedding
568,7397,NaN,NaN,NaN,NaN,NaN,NaN,NaN,transformer,embedding
569,7410,NaN,NaN,NaN,NaN,NaN,NaN,NaN,transformer,embedding
570,7423,NaN,NaN,NaN,NaN,NaN,NaN,NaN,transformer,embedding
571,7436,NaN,NaN,NaN,NaN,NaN,NaN,NaN,transformer,embedding
572,7449,3.5042386770101075e-08,100.0,1.0,0.001,NaN,NaN,NaN,transformer,embedding
573,7462,NaN,NaN,NaN,NaN,NaN,NaN,NaN,transformer,embedding
574,7475,NaN,NaN,NaN,NaN,0.7900061011314392,74.07013702392578,2.2034099102020264,transformer,embedding
575,7488,NaN,NaN,NaN,NaN,NaN,NaN,NaN,transformer,embedding
576,7501,NaN,NaN,NaN,NaN,NaN,NaN,NaN,transformer,embedding
577,7514,3.684337812615013e-08,100.0,1.0,0.001,NaN,NaN,NaN,transformer,embedding
578,7527,NaN,NaN,NaN,NaN,NaN,NaN,NaN,transformer,embedding
579,7540,NaN,NaN,NaN,NaN,NaN,NaN,NaN,transformer,embedding
580,7553,NaN,NaN,NaN,NaN,NaN,NaN,NaN,transformer,embedding
581,7566,NaN,NaN,NaN,NaN,NaN,NaN,NaN,transformer,embedding
582,7579,3.6734775221702876e-08,100.0,1.0,0.001,NaN,NaN,NaN,transformer,embedding
583,7592,NaN,NaN,NaN,NaN,NaN,NaN,NaN,transformer,embedding
584,7605,NaN,NaN,NaN,NaN,NaN,NaN,NaN,transformer,embedding
585,7618,NaN,NaN,NaN,NaN,0.7685149908065796,74.67233276367188,2.1565613746643066,transformer,embedding
586,7631,NaN,NaN,NaN,NaN,NaN,NaN,NaN,transformer,embedding
587,7644,3.663522463170921e-08,100.0,1.0,0.001,NaN,NaN,NaN,transformer,embedding
588,7657,NaN,NaN,NaN,NaN,NaN,NaN,NaN,transformer,embedding
589,7670,NaN,NaN,NaN,NaN,NaN,NaN,NaN,transformer,embedding
590,7683,NaN,NaN,NaN,NaN,NaN,NaN,NaN,transformer,embedding
591,7696,NaN,NaN,NaN,NaN,NaN,NaN,NaN,transformer,embedding
592,7709,3.590215769122551e-08,100.0,1.0,0.001,NaN,NaN,NaN,transformer,embedding
593,7722,NaN,NaN,NaN,NaN,NaN,NaN,NaN,transformer,embedding
594,7735,NaN,NaN,NaN,NaN,NaN,NaN,NaN,transformer,embedding
595,7748,NaN,NaN,NaN,NaN,NaN,NaN,NaN,transformer,embedding
596,7761,NaN,NaN,NaN,NaN,0.7485657930374146,74.67233276367188,2.1139659881591797,transformer,embedding
597,7774,3.5205289350415114e-08,100.0,1.0,0.001,NaN,NaN,NaN,transformer,embedding
598,7787,NaN,NaN,NaN,NaN,NaN,NaN,NaN,transformer,embedding
599,7800,NaN,NaN,NaN,NaN,NaN,NaN,NaN,transformer,embedding
600,7813,NaN,NaN,NaN,NaN,NaN,NaN,NaN,transformer,embedding
601,7826,NaN,NaN,NaN,NaN,NaN,NaN,NaN,transformer,embedding
602,7839,3.478898236153327e-08,100.0,1.0,0.001,NaN,NaN,NaN,transformer,embedding
603,7852,NaN,NaN,NaN,NaN,NaN,NaN,NaN,transformer,embedding
604,7865,NaN,NaN,NaN,NaN,NaN,NaN,NaN,transformer,embedding
605,7878,NaN,NaN,NaN,NaN,NaN,NaN,NaN,transformer,embedding
606,7891,NaN,NaN,NaN,NaN,NaN,NaN,NaN,transformer,embedding
607,7904,NaN,NaN,NaN,NaN,0.7290951609611511,74.92029571533203,2.0732038021087646,transformer,embedding
608,7917,3.441792273406463e-08,100.0,1.0,0.001,NaN,NaN,NaN,transformer,embedding
609,7930,NaN,NaN,NaN,NaN,NaN,NaN,NaN,transformer,embedding
610,7943,NaN,NaN,NaN,NaN,NaN,NaN,NaN,transformer,embedding
611,7956,NaN,NaN,NaN,NaN,NaN,NaN,NaN,transformer,embedding
612,7969,NaN,NaN,NaN,NaN,NaN,NaN,NaN,transformer,embedding
613,7982,NaN,NaN,NaN,NaN,NaN,NaN,NaN,transformer,embedding
614,7995,3.477088128533978e-08,100.0,1.0,0.001,NaN,NaN,NaN,transformer,embedding
615,8008,NaN,NaN,NaN,NaN,NaN,NaN,NaN,transformer,embedding
616,8021,NaN,NaN,NaN,NaN,NaN,NaN,NaN,transformer,embedding
617,8034,NaN,NaN,NaN,NaN,NaN,NaN,NaN,transformer,embedding
618,8047,NaN,NaN,NaN,NaN,NaN,NaN,NaN,transformer,embedding
619,8060,NaN,NaN,NaN,NaN,0.7136922478675842,75.20368194580078,2.0415151119232178,transformer,embedding
620,8073,3.427312122994408e-08,100.0,1.0,0.001,NaN,NaN,NaN,transformer,embedding
621,8086,NaN,NaN,NaN,NaN,NaN,NaN,NaN,transformer,embedding
622,8099,NaN,NaN,NaN,NaN,NaN,NaN,NaN,transformer,embedding
623,8112,NaN,NaN,NaN,NaN,NaN,NaN,NaN,transformer,embedding
624,8125,NaN,NaN,NaN,NaN,NaN,NaN,NaN,transformer,embedding
625,8138,NaN,NaN,NaN,NaN,NaN,NaN,NaN,transformer,embedding
626,8151,3.4571776552638767e-08,100.0,1.0,0.001,NaN,NaN,NaN,transformer,embedding
627,8164,NaN,NaN,NaN,NaN,NaN,NaN,NaN,transformer,embedding
628,8177,NaN,NaN,NaN,NaN,NaN,NaN,NaN,transformer,embedding
629,8190,NaN,NaN,NaN,NaN,NaN,NaN,NaN,transformer,embedding
630,8203,NaN,NaN,NaN,NaN,NaN,NaN,NaN,transformer,embedding
631,8216,NaN,NaN,NaN,NaN,0.6946049332618713,75.41622161865234,2.002917528152466,transformer,embedding
632,8229,3.637276790868782e-08,100.0,1.0,0.001,NaN,NaN,NaN,transformer,embedding
633,8242,NaN,NaN,NaN,NaN,NaN,NaN,NaN,transformer,embedding
634,8255,NaN,NaN,NaN,NaN,NaN,NaN,NaN,transformer,embedding
635,8268,NaN,NaN,NaN,NaN,NaN,NaN,NaN,transformer,embedding
636,8281,NaN,NaN,NaN,NaN,NaN,NaN,NaN,transformer,embedding
637,8294,NaN,NaN,NaN,NaN,NaN,NaN,NaN,transformer,embedding
638,8307,3.563065220646422e-08,100.0,1.0,0.001,NaN,NaN,NaN,transformer,embedding
639,8320,NaN,NaN,NaN,NaN,NaN,NaN,NaN,transformer,embedding
640,8333,NaN,NaN,NaN,NaN,NaN,NaN,NaN,transformer,embedding
641,8346,NaN,NaN,NaN,NaN,NaN,NaN,NaN,transformer,embedding
642,8359,NaN,NaN,NaN,NaN,NaN,NaN,NaN,transformer,embedding
643,8372,NaN,NaN,NaN,NaN,0.6796976327896118,75.45164489746094,1.9732810258865356,transformer,embedding
644,8385,3.624606392804708e-08,100.0,1.0,0.001,NaN,NaN,NaN,transformer,embedding
645,8398,NaN,NaN,NaN,NaN,NaN,NaN,NaN,transformer,embedding
646,8411,NaN,NaN,NaN,NaN,NaN,NaN,NaN,transformer,embedding
647,8424,NaN,NaN,NaN,NaN,NaN,NaN,NaN,transformer,embedding
648,8437,NaN,NaN,NaN,NaN,NaN,NaN,NaN,transformer,embedding
649,8450,NaN,NaN,NaN,NaN,NaN,NaN,NaN,transformer,embedding
650,8463,3.698818318298436e-08,100.0,1.0,0.001,NaN,NaN,NaN,transformer,embedding
651,8476,NaN,NaN,NaN,NaN,NaN,NaN,NaN,transformer,embedding
652,8489,NaN,NaN,NaN,NaN,NaN,NaN,NaN,transformer,embedding
653,8502,NaN,NaN,NaN,NaN,NaN,NaN,NaN,transformer,embedding
654,8515,NaN,NaN,NaN,NaN,NaN,NaN,NaN,transformer,embedding
655,8528,NaN,NaN,NaN,NaN,0.6631820797920227,75.87672424316406,1.940958857536316,transformer,embedding
656,8541,3.414641724930334e-08,100.0,1.0,0.001,NaN,NaN,NaN,transformer,embedding
657,8554,NaN,NaN,NaN,NaN,NaN,NaN,NaN,transformer,embedding
658,8567,NaN,NaN,NaN,NaN,NaN,NaN,NaN,transformer,embedding
659,8580,NaN,NaN,NaN,NaN,NaN,NaN,NaN,transformer,embedding
660,8593,NaN,NaN,NaN,NaN,NaN,NaN,NaN,transformer,embedding
661,8606,NaN,NaN,NaN,NaN,NaN,NaN,NaN,transformer,embedding
662,8619,3.654472280345544e-08,100.0,1.0,0.001,NaN,NaN,NaN,transformer,embedding
663,8632,NaN,NaN,NaN,NaN,NaN,NaN,NaN,transformer,embedding
664,8645,NaN,NaN,NaN,NaN,NaN,NaN,NaN,transformer,embedding
665,8658,NaN,NaN,NaN,NaN,NaN,NaN,NaN,transformer,embedding
666,8671,NaN,NaN,NaN,NaN,NaN,NaN,NaN,transformer,embedding
667,8684,NaN,NaN,NaN,NaN,NaN,NaN,NaN,transformer,embedding
668,8697,3.6689524307575994e-08,100.0,1.0,0.001,0.6452482342720032,76.40807342529297,1.906460165977478,transformer,embedding
669,8710,NaN,NaN,NaN,NaN,NaN,NaN,NaN,transformer,embedding
670,8723,NaN,NaN,NaN,NaN,NaN,NaN,NaN,transformer,embedding
671,8736,NaN,NaN,NaN,NaN,NaN,NaN,NaN,transformer,embedding
672,8749,NaN,NaN,NaN,NaN,NaN,NaN,NaN,transformer,embedding
673,8762,NaN,NaN,NaN,NaN,NaN,NaN,NaN,transformer,embedding
674,8775,3.334094955675937e-08,100.0,1.0,0.001,NaN,NaN,NaN,transformer,embedding
675,8788,NaN,NaN,NaN,NaN,NaN,NaN,NaN,transformer,embedding
676,8801,NaN,NaN,NaN,NaN,NaN,NaN,NaN,transformer,embedding
677,8814,NaN,NaN,NaN,NaN,NaN,NaN,NaN,transformer,embedding
678,8827,NaN,NaN,NaN,NaN,NaN,NaN,NaN,transformer,embedding
679,8840,NaN,NaN,NaN,NaN,NaN,NaN,NaN,transformer,embedding
680,8853,3.435457074374426e-08,100.0,1.0,0.001,NaN,NaN,NaN,transformer,embedding
681,8866,NaN,NaN,NaN,NaN,0.6372312903404236,76.47891998291016,1.8912373781204224,transformer,embedding
682,8879,NaN,NaN,NaN,NaN,NaN,NaN,NaN,transformer,embedding
683,8892,NaN,NaN,NaN,NaN,NaN,NaN,NaN,transformer,embedding
684,8905,NaN,NaN,NaN,NaN,NaN,NaN,NaN,transformer,embedding
685,8918,NaN,NaN,NaN,NaN,NaN,NaN,NaN,transformer,embedding
686,8931,3.487043187533345e-08,100.0,1.0,0.001,NaN,NaN,NaN,transformer,embedding
687,8944,NaN,NaN,NaN,NaN,NaN,NaN,NaN,transformer,embedding
688,8957,NaN,NaN,NaN,NaN,NaN,NaN,NaN,transformer,embedding
689,8970,NaN,NaN,NaN,NaN,NaN,NaN,NaN,transformer,embedding
690,8983,NaN,NaN,NaN,NaN,NaN,NaN,NaN,transformer,embedding
691,8996,NaN,NaN,NaN,NaN,NaN,NaN,NaN,transformer,embedding
692,9009,3.359435396532717e-08,100.0,1.0,0.001,NaN,NaN,NaN,transformer,embedding
693,9022,NaN,NaN,NaN,NaN,NaN,NaN,NaN,transformer,embedding
694,9035,NaN,NaN,NaN,NaN,0.6237853765487671,76.54976654052734,1.8659781217575073,transformer,embedding
695,9048,NaN,NaN,NaN,NaN,NaN,NaN,NaN,transformer,embedding
696,9061,NaN,NaN,NaN,NaN,NaN,NaN,NaN,transformer,embedding
697,9074,NaN,NaN,NaN,NaN,NaN,NaN,NaN,transformer,embedding
698,9087,3.3766308860094796e-08,100.0,1.0,0.001,NaN,NaN,NaN,transformer,embedding
699,9100,NaN,NaN,NaN,NaN,NaN,NaN,NaN,transformer,embedding
700,9113,NaN,NaN,NaN,NaN,NaN,NaN,NaN,transformer,embedding
701,9126,NaN,NaN,NaN,NaN,NaN,NaN,NaN,transformer,embedding
702,9139,NaN,NaN,NaN,NaN,NaN,NaN,NaN,transformer,embedding
703,9152,NaN,NaN,NaN,NaN,NaN,NaN,NaN,transformer,embedding
704,9165,3.3829660850415166e-08,100.0,1.0,0.001,NaN,NaN,NaN,transformer,embedding
705,9178,NaN,NaN,NaN,NaN,NaN,NaN,NaN,transformer,embedding
706,9191,NaN,NaN,NaN,NaN,NaN,NaN,NaN,transformer,embedding
707,9204,NaN,NaN,NaN,NaN,0.6096708178520203,76.69145965576172,1.8398256301879883,transformer,embedding
708,9217,NaN,NaN,NaN,NaN,NaN,NaN,NaN,transformer,embedding
709,9230,NaN,NaN,NaN,NaN,NaN,NaN,NaN,transformer,embedding
710,9243,NaN,NaN,NaN,NaN,NaN,NaN,NaN,transformer,embedding
711,9256,3.3187095738185235e-08,100.0,1.0,0.001,NaN,NaN,NaN,transformer,embedding
712,9269,NaN,NaN,NaN,NaN,NaN,NaN,NaN,transformer,embedding
713,9282,NaN,NaN,NaN,NaN,NaN,NaN,NaN,transformer,embedding
714,9295,NaN,NaN,NaN,NaN,NaN,NaN,NaN,transformer,embedding
715,9308,NaN,NaN,NaN,NaN,NaN,NaN,NaN,transformer,embedding
716,9321,NaN,NaN,NaN,NaN,NaN,NaN,NaN,transformer,embedding
717,9334,NaN,NaN,NaN,NaN,NaN,NaN,NaN,transformer,embedding
718,9347,3.336809939469276e-08,100.0,1.0,0.001,NaN,NaN,NaN,transformer,embedding
719,9360,NaN,NaN,NaN,NaN,NaN,NaN,NaN,transformer,embedding
720,9373,NaN,NaN,NaN,NaN,NaN,NaN,NaN,transformer,embedding
721,9386,NaN,NaN,NaN,NaN,0.591690182685852,77.25823211669922,1.8070400953292847,transformer,embedding
722,9399,NaN,NaN,NaN,NaN,NaN,NaN,NaN,transformer,embedding
723,9412,NaN,NaN,NaN,NaN,NaN,NaN,NaN,transformer,embedding
724,9425,NaN,NaN,NaN,NaN,NaN,NaN,NaN,transformer,embedding
725,9438,3.3313799718825976e-08,100.0,1.0,0.001,NaN,NaN,NaN,transformer,embedding
726,9451,NaN,NaN,NaN,NaN,NaN,NaN,NaN,transformer,embedding
727,9464,NaN,NaN,NaN,NaN,NaN,NaN,NaN,transformer,embedding
728,9477,NaN,NaN,NaN,NaN,NaN,NaN,NaN,transformer,embedding
729,9490,NaN,NaN,NaN,NaN,NaN,NaN,NaN,transformer,embedding
730,9503,NaN,NaN,NaN,NaN,NaN,NaN,NaN,transformer,embedding
731,9516,NaN,NaN,NaN,NaN,NaN,NaN,NaN,transformer,embedding
732,9529,3.35219532132669e-08,100.0,1.0,0.001,NaN,NaN,NaN,transformer,embedding
733,9542,NaN,NaN,NaN,NaN,NaN,NaN,NaN,transformer,embedding
734,9555,NaN,NaN,NaN,NaN,NaN,NaN,NaN,transformer,embedding
735,9568,NaN,NaN,NaN,NaN,0.5741193294525146,77.22280883789062,1.7755661010742188,transformer,embedding
736,9581,NaN,NaN,NaN,NaN,NaN,NaN,NaN,transformer,embedding
737,9594,NaN,NaN,NaN,NaN,NaN,NaN,NaN,transformer,embedding
738,9607,NaN,NaN,NaN,NaN,NaN,NaN,NaN,transformer,embedding
739,9620,3.6218914090113685e-08,100.0,1.0,0.001,NaN,NaN,NaN,transformer,embedding
740,9633,NaN,NaN,NaN,NaN,NaN,NaN,NaN,transformer,embedding
741,9646,NaN,NaN,NaN,NaN,NaN,NaN,NaN,transformer,embedding
742,9659,NaN,NaN,NaN,NaN,NaN,NaN,NaN,transformer,embedding
743,9672,NaN,NaN,NaN,NaN,NaN,NaN,NaN,transformer,embedding
744,9685,NaN,NaN,NaN,NaN,NaN,NaN,NaN,transformer,embedding
745,9698,NaN,NaN,NaN,NaN,NaN,NaN,NaN,transformer,embedding
746,9711,3.356720412739378e-08,100.0,1.0,0.001,NaN,NaN,NaN,transformer,embedding
747,9724,NaN,NaN,NaN,NaN,NaN,NaN,NaN,transformer,embedding
748,9737,NaN,NaN,NaN,NaN,NaN,NaN,NaN,transformer,embedding
749,9750,NaN,NaN,NaN,NaN,0.5571982264518738,77.57704162597656,1.7457743883132935,transformer,embedding
750,9763,NaN,NaN,NaN,NaN,NaN,NaN,NaN,transformer,embedding
751,9776,NaN,NaN,NaN,NaN,NaN,NaN,NaN,transformer,embedding
752,9789,NaN,NaN,NaN,NaN,NaN,NaN,NaN,transformer,embedding
753,9802,3.604695919534606e-08,100.0,1.0,0.001,NaN,NaN,NaN,transformer,embedding
754,9815,NaN,NaN,NaN,NaN,NaN,NaN,NaN,transformer,embedding
755,9828,NaN,NaN,NaN,NaN,NaN,NaN,NaN,transformer,embedding
756,9841,NaN,NaN,NaN,NaN,NaN,NaN,NaN,transformer,embedding
757,9854,NaN,NaN,NaN,NaN,NaN,NaN,NaN,transformer,embedding
758,9867,NaN,NaN,NaN,NaN,NaN,NaN,NaN,transformer,embedding
759,9880,NaN,NaN,NaN,NaN,NaN,NaN,NaN,transformer,embedding
760,9893,3.3639604879454055e-08,100.0,1.0,0.001,NaN,NaN,NaN,transformer,embedding
761,9906,NaN,NaN,NaN,NaN,NaN,NaN,NaN,transformer,embedding
762,9919,NaN,NaN,NaN,NaN,NaN,NaN,NaN,transformer,embedding
763,9932,NaN,NaN,NaN,NaN,0.5511335134506226,77.64788818359375,1.7352187633514404,transformer,embedding
764,9945,NaN,NaN,NaN,NaN,NaN,NaN,NaN,transformer,embedding
765,9958,NaN,NaN,NaN,NaN,NaN,NaN,NaN,transformer,embedding
766,9971,NaN,NaN,NaN,NaN,NaN,NaN,NaN,transformer,embedding
767,9984,3.629131484217396e-08,100.0,1.0,0.001,NaN,NaN,NaN,transformer,embedding
768,9997,NaN,NaN,NaN,NaN,NaN,NaN,NaN,transformer,embedding
769,10010,NaN,NaN,NaN,NaN,NaN,NaN,NaN,transformer,embedding
770,10023,NaN,NaN,NaN,NaN,NaN,NaN,NaN,transformer,embedding
771,10036,NaN,NaN,NaN,NaN,NaN,NaN,NaN,transformer,embedding
772,10049,NaN,NaN,NaN,NaN,NaN,NaN,NaN,transformer,embedding
773,10062,NaN,NaN,NaN,NaN,NaN,NaN,NaN,transformer,embedding
774,10075,3.5558247901690265e-08,100.0,1.0,0.001,NaN,NaN,NaN,transformer,embedding
775,10088,NaN,NaN,NaN,NaN,NaN,NaN,NaN,transformer,embedding
776,10101,NaN,NaN,NaN,NaN,NaN,NaN,NaN,transformer,embedding
777,10114,NaN,NaN,NaN,NaN,NaN,NaN,NaN,transformer,embedding
778,10127,NaN,NaN,NaN,NaN,0.5260440111160278,78.32093811035156,1.6922246217727661,transformer,embedding
779,10140,NaN,NaN,NaN,NaN,NaN,NaN,NaN,transformer,embedding
780,10153,NaN,NaN,NaN,NaN,NaN,NaN,NaN,transformer,embedding
781,10166,3.6363715594234236e-08,100.0,1.0,0.001,NaN,NaN,NaN,transformer,embedding
782,10179,NaN,NaN,NaN,NaN,NaN,NaN,NaN,transformer,embedding
783,10192,NaN,NaN,NaN,NaN,NaN,NaN,NaN,transformer,embedding
784,10205,NaN,NaN,NaN,NaN,NaN,NaN,NaN,transformer,embedding
785,10218,NaN,NaN,NaN,NaN,NaN,NaN,NaN,transformer,embedding
786,10231,NaN,NaN,NaN,NaN,NaN,NaN,NaN,transformer,embedding
787,10244,NaN,NaN,NaN,NaN,NaN,NaN,NaN,transformer,embedding
788,10257,3.321424557611863e-08,100.0,1.0,0.001,NaN,NaN,NaN,transformer,embedding
789,10270,NaN,NaN,NaN,NaN,NaN,NaN,NaN,transformer,embedding
790,10283,NaN,NaN,NaN,NaN,NaN,NaN,NaN,transformer,embedding
791,10296,NaN,NaN,NaN,NaN,NaN,NaN,NaN,transformer,embedding
792,10309,NaN,NaN,NaN,NaN,NaN,NaN,NaN,transformer,embedding
793,10322,NaN,NaN,NaN,NaN,0.5113986730575562,78.53347778320312,1.6676219701766968,transformer,embedding
794,10335,NaN,NaN,NaN,NaN,NaN,NaN,NaN,transformer,embedding
795,10348,3.314184482405835e-08,100.0,1.0,0.001,NaN,NaN,NaN,transformer,embedding
796,10361,NaN,NaN,NaN,NaN,NaN,NaN,NaN,transformer,embedding
797,10374,NaN,NaN,NaN,NaN,NaN,NaN,NaN,transformer,embedding
798,10387,NaN,NaN,NaN,NaN,NaN,NaN,NaN,transformer,embedding
799,10400,NaN,NaN,NaN,NaN,NaN,NaN,NaN,transformer,embedding
800,10413,NaN,NaN,NaN,NaN,NaN,NaN,NaN,transformer,embedding
801,10426,NaN,NaN,NaN,NaN,NaN,NaN,NaN,transformer,embedding
802,10439,3.37391590221614e-08,100.0,1.0,0.001,NaN,NaN,NaN,transformer,embedding
803,10452,NaN,NaN,NaN,NaN,NaN,NaN,NaN,transformer,embedding
804,10465,NaN,NaN,NaN,NaN,NaN,NaN,NaN,transformer,embedding
805,10478,NaN,NaN,NaN,NaN,NaN,NaN,NaN,transformer,embedding
806,10491,NaN,NaN,NaN,NaN,NaN,NaN,NaN,transformer,embedding
807,10504,NaN,NaN,NaN,NaN,NaN,NaN,NaN,transformer,embedding
808,10517,NaN,NaN,NaN,NaN,0.4993317127227783,79.02940368652344,1.6476198434829712,transformer,embedding
809,10530,NaN,NaN,NaN,NaN,NaN,NaN,NaN,transformer,embedding
810,10543,3.406496773550316e-08,100.0,1.0,0.001,NaN,NaN,NaN,transformer,embedding
811,10556,NaN,NaN,NaN,NaN,NaN,NaN,NaN,transformer,embedding
812,10569,NaN,NaN,NaN,NaN,NaN,NaN,NaN,transformer,embedding
813,10582,NaN,NaN,NaN,NaN,NaN,NaN,NaN,transformer,embedding
814,10595,NaN,NaN,NaN,NaN,NaN,NaN,NaN,transformer,embedding
815,10608,NaN,NaN,NaN,NaN,NaN,NaN,NaN,transformer,embedding
816,10621,NaN,NaN,NaN,NaN,NaN,NaN,NaN,transformer,embedding
817,10634,NaN,NaN,NaN,NaN,NaN,NaN,NaN,transformer,embedding
818,10647,3.40197132686626e-08,100.0,1.0,0.001,NaN,NaN,NaN,transformer,embedding
819,10660,NaN,NaN,NaN,NaN,NaN,NaN,NaN,transformer,embedding
820,10673,NaN,NaN,NaN,NaN,NaN,NaN,NaN,transformer,embedding
821,10686,NaN,NaN,NaN,NaN,NaN,NaN,NaN,transformer,embedding
822,10699,NaN,NaN,NaN,NaN,NaN,NaN,NaN,transformer,embedding
823,10712,NaN,NaN,NaN,NaN,NaN,NaN,NaN,transformer,embedding
824,10725,NaN,NaN,NaN,NaN,0.48461368680000305,79.59617614746094,1.6235476732254028,transformer,embedding
825,10738,NaN,NaN,NaN,NaN,NaN,NaN,NaN,transformer,embedding
826,10751,3.4445072571998026e-08,100.0,1.0,0.001,NaN,NaN,NaN,transformer,embedding
827,10764,NaN,NaN,NaN,NaN,NaN,NaN,NaN,transformer,embedding
828,10777,NaN,NaN,NaN,NaN,NaN,NaN,NaN,transformer,embedding
829,10790,NaN,NaN,NaN,NaN,NaN,NaN,NaN,transformer,embedding
830,10803,NaN,NaN,NaN,NaN,NaN,NaN,NaN,transformer,embedding
831,10816,NaN,NaN,NaN,NaN,NaN,NaN,NaN,transformer,embedding
832,10829,NaN,NaN,NaN,NaN,NaN,NaN,NaN,transformer,embedding
833,10842,NaN,NaN,NaN,NaN,NaN,NaN,NaN,transformer,embedding
834,10855,3.359435396532717e-08,100.0,1.0,0.001,NaN,NaN,NaN,transformer,embedding
835,10868,NaN,NaN,NaN,NaN,NaN,NaN,NaN,transformer,embedding
836,10881,NaN,NaN,NaN,NaN,NaN,NaN,NaN,transformer,embedding
837,10894,NaN,NaN,NaN,NaN,NaN,NaN,NaN,transformer,embedding
838,10907,NaN,NaN,NaN,NaN,NaN,NaN,NaN,transformer,embedding
839,10920,NaN,NaN,NaN,NaN,NaN,NaN,NaN,transformer,embedding
840,10933,NaN,NaN,NaN,NaN,0.471784770488739,79.98583221435547,1.6028523445129395,transformer,embedding
841,10946,NaN,NaN,NaN,NaN,NaN,NaN,NaN,transformer,embedding
842,10959,3.385681068834856e-08,100.0,1.0,0.001,NaN,NaN,NaN,transformer,embedding
843,10972,NaN,NaN,NaN,NaN,NaN,NaN,NaN,transformer,embedding
844,10985,NaN,NaN,NaN,NaN,NaN,NaN,NaN,transformer,embedding
845,10998,NaN,NaN,NaN,NaN,NaN,NaN,NaN,transformer,embedding
846,11011,NaN,NaN,NaN,NaN,NaN,NaN,NaN,transformer,embedding
847,11024,NaN,NaN,NaN,NaN,NaN,NaN,NaN,transformer,embedding
848,11037,NaN,NaN,NaN,NaN,NaN,NaN,NaN,transformer,embedding
849,11050,NaN,NaN,NaN,NaN,NaN,NaN,NaN,transformer,embedding
850,11063,3.411021509691636e-08,100.0,1.0,0.001,NaN,NaN,NaN,transformer,embedding
851,11076,NaN,NaN,NaN,NaN,NaN,NaN,NaN,transformer,embedding
852,11089,NaN,NaN,NaN,NaN,NaN,NaN,NaN,transformer,embedding
853,11102,NaN,NaN,NaN,NaN,NaN,NaN,NaN,transformer,embedding
854,11115,NaN,NaN,NaN,NaN,NaN,NaN,NaN,transformer,embedding
855,11128,NaN,NaN,NaN,NaN,NaN,NaN,NaN,transformer,embedding
856,11141,NaN,NaN,NaN,NaN,0.45580390095710754,80.26921844482422,1.5774409770965576,transformer,embedding
857,11154,NaN,NaN,NaN,NaN,NaN,NaN,NaN,transformer,embedding
858,11167,3.4236919077557104e-08,100.0,1.0,0.001,NaN,NaN,NaN,transformer,embedding
859,11180,NaN,NaN,NaN,NaN,NaN,NaN,NaN,transformer,embedding
860,11193,NaN,NaN,NaN,NaN,NaN,NaN,NaN,transformer,embedding
861,11206,NaN,NaN,NaN,NaN,NaN,NaN,NaN,transformer,embedding
862,11219,NaN,NaN,NaN,NaN,NaN,NaN,NaN,transformer,embedding
863,11232,NaN,NaN,NaN,NaN,NaN,NaN,NaN,transformer,embedding
864,11245,NaN,NaN,NaN,NaN,NaN,NaN,NaN,transformer,embedding
865,11258,NaN,NaN,NaN,NaN,NaN,NaN,NaN,transformer,embedding
866,11271,3.7350190495999414e-08,100.0,1.0,0.001,NaN,NaN,NaN,transformer,embedding
867,11284,NaN,NaN,NaN,NaN,NaN,NaN,NaN,transformer,embedding
868,11297,NaN,NaN,NaN,NaN,NaN,NaN,NaN,transformer,embedding
869,11310,NaN,NaN,NaN,NaN,NaN,NaN,NaN,transformer,embedding
870,11323,NaN,NaN,NaN,NaN,NaN,NaN,NaN,transformer,embedding
871,11336,NaN,NaN,NaN,NaN,NaN,NaN,NaN,transformer,embedding
872,11349,NaN,NaN,NaN,NaN,NaN,NaN,NaN,transformer,embedding
873,11362,NaN,NaN,NaN,NaN,0.43900981545448303,80.69429779052734,1.5511704683303833,transformer,embedding
874,11375,3.476183252359988e-08,100.0,1.0,0.001,NaN,NaN,NaN,transformer,embedding
875,11388,NaN,NaN,NaN,NaN,NaN,NaN,NaN,transformer,embedding
876,11401,NaN,NaN,NaN,NaN,NaN,NaN,NaN,transformer,embedding
877,11414,NaN,NaN,NaN,NaN,NaN,NaN,NaN,transformer,embedding
878,11427,NaN,NaN,NaN,NaN,NaN,NaN,NaN,transformer,embedding
879,11440,NaN,NaN,NaN,NaN,NaN,NaN,NaN,transformer,embedding
880,11453,NaN,NaN,NaN,NaN,NaN,NaN,NaN,transformer,embedding
881,11466,NaN,NaN,NaN,NaN,NaN,NaN,NaN,transformer,embedding
882,11479,3.42278703158172e-08,100.0,1.0,0.001,NaN,NaN,NaN,transformer,embedding
883,11492,NaN,NaN,NaN,NaN,NaN,NaN,NaN,transformer,embedding
884,11505,NaN,NaN,NaN,NaN,NaN,NaN,NaN,transformer,embedding
885,11518,NaN,NaN,NaN,NaN,NaN,NaN,NaN,transformer,embedding
886,11531,NaN,NaN,NaN,NaN,NaN,NaN,NaN,transformer,embedding
887,11544,NaN,NaN,NaN,NaN,NaN,NaN,NaN,transformer,embedding
888,11557,NaN,NaN,NaN,NaN,NaN,NaN,NaN,transformer,embedding
889,11570,NaN,NaN,NaN,NaN,NaN,NaN,NaN,transformer,embedding
890,11583,3.4010664506922694e-08,100.0,1.0,0.001,0.4215180575847626,81.11937713623047,1.5242737531661987,transformer,embedding
891,11596,NaN,NaN,NaN,NaN,NaN,NaN,NaN,transformer,embedding
892,11609,NaN,NaN,NaN,NaN,NaN,NaN,NaN,transformer,embedding
893,11622,NaN,NaN,NaN,NaN,NaN,NaN,NaN,transformer,embedding
894,11635,NaN,NaN,NaN,NaN,NaN,NaN,NaN,transformer,embedding
895,11648,NaN,NaN,NaN,NaN,NaN,NaN,NaN,transformer,embedding
896,11661,NaN,NaN,NaN,NaN,NaN,NaN,NaN,transformer,embedding
897,11674,NaN,NaN,NaN,NaN,NaN,NaN,NaN,transformer,embedding
898,11687,3.366675827010113e-08,100.0,1.0,0.001,NaN,NaN,NaN,transformer,embedding
899,11700,NaN,NaN,NaN,NaN,NaN,NaN,NaN,transformer,embedding
900,11713,NaN,NaN,NaN,NaN,NaN,NaN,NaN,transformer,embedding
901,11726,NaN,NaN,NaN,NaN,NaN,NaN,NaN,transformer,embedding
902,11739,NaN,NaN,NaN,NaN,NaN,NaN,NaN,transformer,embedding
903,11752,NaN,NaN,NaN,NaN,NaN,NaN,NaN,transformer,embedding
904,11765,NaN,NaN,NaN,NaN,NaN,NaN,NaN,transformer,embedding
905,11778,NaN,NaN,NaN,NaN,NaN,NaN,NaN,transformer,embedding
906,11791,3.416451832549683e-08,100.0,1.0,0.001,NaN,NaN,NaN,transformer,embedding
907,11804,NaN,NaN,NaN,NaN,0.41342753171920776,81.4736099243164,1.511991262435913,transformer,embedding
908,11817,NaN,NaN,NaN,NaN,NaN,NaN,NaN,transformer,embedding
909,11830,NaN,NaN,NaN,NaN,NaN,NaN,NaN,transformer,embedding
910,11843,NaN,NaN,NaN,NaN,NaN,NaN,NaN,transformer,embedding
911,11856,NaN,NaN,NaN,NaN,NaN,NaN,NaN,transformer,embedding
912,11869,NaN,NaN,NaN,NaN,NaN,NaN,NaN,transformer,embedding
913,11882,NaN,NaN,NaN,NaN,NaN,NaN,NaN,transformer,embedding
914,11895,NaN,NaN,NaN,NaN,NaN,NaN,NaN,transformer,embedding
915,11908,3.488853295152694e-08,100.0,1.0,0.001,NaN,NaN,NaN,transformer,embedding
916,11921,NaN,NaN,NaN,NaN,NaN,NaN,NaN,transformer,embedding
917,11934,NaN,NaN,NaN,NaN,NaN,NaN,NaN,transformer,embedding
918,11947,NaN,NaN,NaN,NaN,NaN,NaN,NaN,transformer,embedding
919,11960,NaN,NaN,NaN,NaN,NaN,NaN,NaN,transformer,embedding
920,11973,NaN,NaN,NaN,NaN,NaN,NaN,NaN,transformer,embedding
921,11986,NaN,NaN,NaN,NaN,NaN,NaN,NaN,transformer,embedding
922,11999,NaN,NaN,NaN,NaN,NaN,NaN,NaN,transformer,embedding
923,12012,NaN,NaN,NaN,NaN,NaN,NaN,NaN,transformer,embedding
924,12025,3.498808709423429e-08,100.0,1.0,0.001,NaN,NaN,NaN,transformer,embedding
925,12038,NaN,NaN,NaN,NaN,0.39660972356796265,82.0758056640625,1.486775517463684,transformer,embedding
926,12051,NaN,NaN,NaN,NaN,NaN,NaN,NaN,transformer,embedding
927,12064,NaN,NaN,NaN,NaN,NaN,NaN,NaN,transformer,embedding
928,12077,NaN,NaN,NaN,NaN,NaN,NaN,NaN,transformer,embedding
929,12090,NaN,NaN,NaN,NaN,NaN,NaN,NaN,transformer,embedding
930,12103,NaN,NaN,NaN,NaN,NaN,NaN,NaN,transformer,embedding
931,12116,NaN,NaN,NaN,NaN,NaN,NaN,NaN,transformer,embedding
932,12129,NaN,NaN,NaN,NaN,NaN,NaN,NaN,transformer,embedding
933,12142,3.3540054289460386e-08,100.0,1.0,0.001,NaN,NaN,NaN,transformer,embedding
934,12155,NaN,NaN,NaN,NaN,NaN,NaN,NaN,transformer,embedding
935,12168,NaN,NaN,NaN,NaN,NaN,NaN,NaN,transformer,embedding
936,12181,NaN,NaN,NaN,NaN,NaN,NaN,NaN,transformer,embedding
937,12194,NaN,NaN,NaN,NaN,NaN,NaN,NaN,transformer,embedding
938,12207,NaN,NaN,NaN,NaN,NaN,NaN,NaN,transformer,embedding
939,12220,NaN,NaN,NaN,NaN,NaN,NaN,NaN,transformer,embedding
940,12233,NaN,NaN,NaN,NaN,NaN,NaN,NaN,transformer,embedding
941,12246,NaN,NaN,NaN,NaN,NaN,NaN,NaN,transformer,embedding
942,12259,3.4942836180107406e-08,100.0,1.0,0.001,NaN,NaN,NaN,transformer,embedding
943,12272,NaN,NaN,NaN,NaN,0.3818351626396179,82.53630828857422,1.464970588684082,transformer,embedding
944,12285,NaN,NaN,NaN,NaN,NaN,NaN,NaN,transformer,embedding
945,12298,NaN,NaN,NaN,NaN,NaN,NaN,NaN,transformer,embedding
946,12311,NaN,NaN,NaN,NaN,NaN,NaN,NaN,transformer,embedding
947,12324,NaN,NaN,NaN,NaN,NaN,NaN,NaN,transformer,embedding
948,12337,NaN,NaN,NaN,NaN,NaN,NaN,NaN,transformer,embedding
949,12350,NaN,NaN,NaN,NaN,NaN,NaN,NaN,transformer,embedding
950,12363,NaN,NaN,NaN,NaN,NaN,NaN,NaN,transformer,embedding
951,12376,3.49699860180408e-08,100.0,1.0,0.001,NaN,NaN,NaN,transformer,embedding
952,12389,NaN,NaN,NaN,NaN,NaN,NaN,NaN,transformer,embedding
953,12402,NaN,NaN,NaN,NaN,NaN,NaN,NaN,transformer,embedding
954,12415,NaN,NaN,NaN,NaN,NaN,NaN,NaN,transformer,embedding
955,12428,NaN,NaN,NaN,NaN,NaN,NaN,NaN,transformer,embedding
956,12441,NaN,NaN,NaN,NaN,NaN,NaN,NaN,transformer,embedding
957,12454,NaN,NaN,NaN,NaN,NaN,NaN,NaN,transformer,embedding
958,12467,NaN,NaN,NaN,NaN,NaN,NaN,NaN,transformer,embedding
959,12480,NaN,NaN,NaN,NaN,NaN,NaN,NaN,transformer,embedding
960,12493,3.5042386770101075e-08,100.0,1.0,0.001,NaN,NaN,NaN,transformer,embedding
961,12506,NaN,NaN,NaN,NaN,0.3662317395210266,83.06765747070312,1.4422894716262817,transformer,embedding
962,12519,NaN,NaN,NaN,NaN,NaN,NaN,NaN,transformer,embedding
963,12532,NaN,NaN,NaN,NaN,NaN,NaN,NaN,transformer,embedding
964,12545,NaN,NaN,NaN,NaN,NaN,NaN,NaN,transformer,embedding
965,12558,NaN,NaN,NaN,NaN,NaN,NaN,NaN,transformer,embedding
966,12571,NaN,NaN,NaN,NaN,NaN,NaN,NaN,transformer,embedding
967,12584,NaN,NaN,NaN,NaN,NaN,NaN,NaN,transformer,embedding
968,12597,NaN,NaN,NaN,NaN,NaN,NaN,NaN,transformer,embedding
969,12610,3.5006188170427777e-08,100.0,1.0,0.001,NaN,NaN,NaN,transformer,embedding
970,12623,NaN,NaN,NaN,NaN,NaN,NaN,NaN,transformer,embedding
971,12636,NaN,NaN,NaN,NaN,NaN,NaN,NaN,transformer,embedding
972,12649,NaN,NaN,NaN,NaN,NaN,NaN,NaN,transformer,embedding
973,12662,NaN,NaN,NaN,NaN,NaN,NaN,NaN,transformer,embedding
974,12675,NaN,NaN,NaN,NaN,NaN,NaN,NaN,transformer,embedding
975,12688,NaN,NaN,NaN,NaN,NaN,NaN,NaN,transformer,embedding
976,12701,NaN,NaN,NaN,NaN,NaN,NaN,NaN,transformer,embedding
977,12714,NaN,NaN,NaN,NaN,NaN,NaN,NaN,transformer,embedding
978,12727,3.5232442741062187e-08,100.0,1.0,0.001,NaN,NaN,NaN,transformer,embedding
979,12740,NaN,NaN,NaN,NaN,NaN,NaN,NaN,transformer,embedding
980,12753,NaN,NaN,NaN,NaN,0.34839358925819397,83.70527648925781,1.4167897701263428,transformer,embedding
981,12766,NaN,NaN,NaN,NaN,NaN,NaN,NaN,transformer,embedding
982,12779,NaN,NaN,NaN,NaN,NaN,NaN,NaN,transformer,embedding
983,12792,NaN,NaN,NaN,NaN,NaN,NaN,NaN,transformer,embedding
984,12805,NaN,NaN,NaN,NaN,NaN,NaN,NaN,transformer,embedding
985,12818,NaN,NaN,NaN,NaN,NaN,NaN,NaN,transformer,embedding
986,12831,NaN,NaN,NaN,NaN,NaN,NaN,NaN,transformer,embedding
987,12844,3.506953660803447e-08,100.0,1.0,0.001,NaN,NaN,NaN,transformer,embedding
988,12857,NaN,NaN,NaN,NaN,NaN,NaN,NaN,transformer,embedding
989,12870,NaN,NaN,NaN,NaN,NaN,NaN,NaN,transformer,embedding
990,12883,NaN,NaN,NaN,NaN,NaN,NaN,NaN,transformer,embedding
991,12896,NaN,NaN,NaN,NaN,NaN,NaN,NaN,transformer,embedding
992,12909,NaN,NaN,NaN,NaN,NaN,NaN,NaN,transformer,embedding
993,12922,NaN,NaN,NaN,NaN,NaN,NaN,NaN,transformer,embedding
994,12935,NaN,NaN,NaN,NaN,NaN,NaN,NaN,transformer,embedding
995,12948,NaN,NaN,NaN,NaN,NaN,NaN,NaN,transformer,embedding
996,12961,3.509668999868154e-08,100.0,1.0,0.001,NaN,NaN,NaN,transformer,embedding
997,12974,NaN,NaN,NaN,NaN,NaN,NaN,NaN,transformer,embedding
998,12987,NaN,NaN,NaN,NaN,NaN,NaN,NaN,transformer,embedding
999,13000,NaN,NaN,NaN,NaN,0.34220728278160095,83.84696960449219,1.4080520868301392,transformer,embedding
1000,13013,NaN,NaN,NaN,NaN,NaN,NaN,NaN,transformer,embedding
1001,13026,NaN,NaN,NaN,NaN,NaN,NaN,NaN,transformer,embedding
1002,13039,NaN,NaN,NaN,NaN,NaN,NaN,NaN,transformer,embedding
1003,13052,NaN,NaN,NaN,NaN,NaN,NaN,NaN,transformer,embedding
1004,13065,NaN,NaN,NaN,NaN,NaN,NaN,NaN,transformer,embedding
1005,13078,3.6137461023599826e-08,100.0,1.0,0.001,NaN,NaN,NaN,transformer,embedding
1006,13091,NaN,NaN,NaN,NaN,NaN,NaN,NaN,transformer,embedding
1007,13104,NaN,NaN,NaN,NaN,NaN,NaN,NaN,transformer,embedding
1008,13117,NaN,NaN,NaN,NaN,NaN,NaN,NaN,transformer,embedding
1009,13130,NaN,NaN,NaN,NaN,NaN,NaN,NaN,transformer,embedding
1010,13143,NaN,NaN,NaN,NaN,NaN,NaN,NaN,transformer,embedding
1011,13156,NaN,NaN,NaN,NaN,NaN,NaN,NaN,transformer,embedding
1012,13169,NaN,NaN,NaN,NaN,NaN,NaN,NaN,transformer,embedding
1013,13182,NaN,NaN,NaN,NaN,NaN,NaN,NaN,transformer,embedding
1014,13195,NaN,NaN,NaN,NaN,NaN,NaN,NaN,transformer,embedding
1015,13208,3.587500430057844e-08,100.0,1.0,0.001,NaN,NaN,NaN,transformer,embedding
1016,13221,NaN,NaN,NaN,NaN,NaN,NaN,NaN,transformer,embedding
1017,13234,NaN,NaN,NaN,NaN,NaN,NaN,NaN,transformer,embedding
1018,13247,NaN,NaN,NaN,NaN,0.3265186846256256,84.69712829589844,1.386134147644043,transformer,embedding
1019,13260,NaN,NaN,NaN,NaN,NaN,NaN,NaN,transformer,embedding
1020,13273,NaN,NaN,NaN,NaN,NaN,NaN,NaN,transformer,embedding
1021,13286,NaN,NaN,NaN,NaN,NaN,NaN,NaN,transformer,embedding
1022,13299,NaN,NaN,NaN,NaN,NaN,NaN,NaN,transformer,embedding
1023,13312,NaN,NaN,NaN,NaN,NaN,NaN,NaN,transformer,embedding
1024,13325,NaN,NaN,NaN,NaN,NaN,NaN,NaN,transformer,embedding
1025,13338,3.54677460734365e-08,100.0,1.0,0.001,NaN,NaN,NaN,transformer,embedding
1026,13351,NaN,NaN,NaN,NaN,NaN,NaN,NaN,transformer,embedding
1027,13364,NaN,NaN,NaN,NaN,NaN,NaN,NaN,transformer,embedding
1028,13377,NaN,NaN,NaN,NaN,NaN,NaN,NaN,transformer,embedding
1029,13390,NaN,NaN,NaN,NaN,NaN,NaN,NaN,transformer,embedding
1030,13403,NaN,NaN,NaN,NaN,NaN,NaN,NaN,transformer,embedding
1031,13416,NaN,NaN,NaN,NaN,NaN,NaN,NaN,transformer,embedding
1032,13429,NaN,NaN,NaN,NaN,NaN,NaN,NaN,transformer,embedding
1033,13442,NaN,NaN,NaN,NaN,NaN,NaN,NaN,transformer,embedding
1034,13455,NaN,NaN,NaN,NaN,NaN,NaN,NaN,transformer,embedding
1035,13468,3.618271193772671e-08,100.0,1.0,0.001,NaN,NaN,NaN,transformer,embedding
1036,13481,NaN,NaN,NaN,NaN,NaN,NaN,NaN,transformer,embedding
1037,13494,NaN,NaN,NaN,NaN,NaN,NaN,NaN,transformer,embedding
1038,13507,NaN,NaN,NaN,NaN,0.3167767822742462,84.83882141113281,1.3726961612701416,transformer,embedding
1039,13520,NaN,NaN,NaN,NaN,NaN,NaN,NaN,transformer,embedding
1040,13533,NaN,NaN,NaN,NaN,NaN,NaN,NaN,transformer,embedding
1041,13546,NaN,NaN,NaN,NaN,NaN,NaN,NaN,transformer,embedding
1042,13559,NaN,NaN,NaN,NaN,NaN,NaN,NaN,transformer,embedding
1043,13572,NaN,NaN,NaN,NaN,NaN,NaN,NaN,transformer,embedding
1044,13585,NaN,NaN,NaN,NaN,NaN,NaN,NaN,transformer,embedding
1045,13598,3.5331993331055855e-08,100.0,1.0,0.001,NaN,NaN,NaN,transformer,embedding
1046,13611,NaN,NaN,NaN,NaN,NaN,NaN,NaN,transformer,embedding
1047,13624,NaN,NaN,NaN,NaN,NaN,NaN,NaN,transformer,embedding
1048,13637,NaN,NaN,NaN,NaN,NaN,NaN,NaN,transformer,embedding
1049,13650,NaN,NaN,NaN,NaN,NaN,NaN,NaN,transformer,embedding
1050,13663,NaN,NaN,NaN,NaN,NaN,NaN,NaN,transformer,embedding
1051,13676,NaN,NaN,NaN,NaN,NaN,NaN,NaN,transformer,embedding
1052,13689,NaN,NaN,NaN,NaN,NaN,NaN,NaN,transformer,embedding
1053,13702,NaN,NaN,NaN,NaN,NaN,NaN,NaN,transformer,embedding
1054,13715,NaN,NaN,NaN,NaN,NaN,NaN,NaN,transformer,embedding
1055,13728,0.038742545992136,97.38839721679688,1.0395028591156006,0.001,NaN,NaN,NaN,transformer,embedding
1056,13741,NaN,NaN,NaN,NaN,NaN,NaN,NaN,transformer,embedding
1057,13754,NaN,NaN,NaN,NaN,NaN,NaN,NaN,transformer,embedding
1058,13767,NaN,NaN,NaN,NaN,0.6651847958564758,79.91498565673828,1.9448498487472534,transformer,embedding
1059,13780,NaN,NaN,NaN,NaN,NaN,NaN,NaN,transformer,embedding
1060,13793,NaN,NaN,NaN,NaN,NaN,NaN,NaN,transformer,embedding
1061,13806,NaN,NaN,NaN,NaN,NaN,NaN,NaN,transformer,embedding
1062,13819,NaN,NaN,NaN,NaN,NaN,NaN,NaN,transformer,embedding
1063,13832,NaN,NaN,NaN,NaN,NaN,NaN,NaN,transformer,embedding
1064,13845,NaN,NaN,NaN,NaN,NaN,NaN,NaN,transformer,embedding
1065,13858,0.01000583078712225,99.3622817993164,1.0100560188293457,0.001,NaN,NaN,NaN,transformer,embedding
1066,13871,NaN,NaN,NaN,NaN,NaN,NaN,NaN,transformer,embedding
1067,13884,NaN,NaN,NaN,NaN,NaN,NaN,NaN,transformer,embedding
1068,13897,NaN,NaN,NaN,NaN,NaN,NaN,NaN,transformer,embedding
1069,13910,NaN,NaN,NaN,NaN,NaN,NaN,NaN,transformer,embedding
1070,13923,NaN,NaN,NaN,NaN,NaN,NaN,NaN,transformer,embedding
1071,13936,NaN,NaN,NaN,NaN,NaN,NaN,NaN,transformer,embedding
1072,13949,NaN,NaN,NaN,NaN,NaN,NaN,NaN,transformer,embedding
1073,13962,NaN,NaN,NaN,NaN,NaN,NaN,NaN,transformer,embedding
1074,13975,NaN,NaN,NaN,NaN,NaN,NaN,NaN,transformer,embedding
1075,13988,0.004813682287931442,99.69632720947266,1.004825234413147,0.001,NaN,NaN,NaN,transformer,embedding
1076,14001,NaN,NaN,NaN,NaN,NaN,NaN,NaN,transformer,embedding
1077,14014,NaN,NaN,NaN,NaN,NaN,NaN,NaN,transformer,embedding
1078,14027,NaN,NaN,NaN,NaN,NaN,NaN,NaN,transformer,embedding
1079,14040,NaN,NaN,NaN,NaN,0.38583216071128845,85.97236633300781,1.4708378314971924,transformer,embedding
1080,14053,NaN,NaN,NaN,NaN,NaN,NaN,NaN,transformer,embedding
1081,14066,NaN,NaN,NaN,NaN,NaN,NaN,NaN,transformer,embedding
1082,14079,NaN,NaN,NaN,NaN,NaN,NaN,NaN,transformer,embedding
1083,14092,NaN,NaN,NaN,NaN,NaN,NaN,NaN,transformer,embedding
1084,14105,NaN,NaN,NaN,NaN,NaN,NaN,NaN,transformer,embedding
1085,14118,0.006280161440372467,99.5596694946289,1.0062999725341797,0.001,NaN,NaN,NaN,transformer,embedding
1086,14131,NaN,NaN,NaN,NaN,NaN,NaN,NaN,transformer,embedding
1087,14144,NaN,NaN,NaN,NaN,NaN,NaN,NaN,transformer,embedding
1088,14157,NaN,NaN,NaN,NaN,NaN,NaN,NaN,transformer,embedding
1089,14170,NaN,NaN,NaN,NaN,NaN,NaN,NaN,transformer,embedding
1090,14183,NaN,NaN,NaN,NaN,NaN,NaN,NaN,transformer,embedding
1091,14196,NaN,NaN,NaN,NaN,NaN,NaN,NaN,transformer,embedding
1092,14209,NaN,NaN,NaN,NaN,NaN,NaN,NaN,transformer,embedding
1093,14222,NaN,NaN,NaN,NaN,NaN,NaN,NaN,transformer,embedding
1094,14235,NaN,NaN,NaN,NaN,NaN,NaN,NaN,transformer,embedding
1095,14248,0.012803304009139538,99.49893951416016,1.012885570526123,0.001,NaN,NaN,NaN,transformer,embedding
1096,14261,NaN,NaN,NaN,NaN,NaN,NaN,NaN,transformer,embedding
1097,14274,NaN,NaN,NaN,NaN,NaN,NaN,NaN,transformer,embedding
1098,14287,NaN,NaN,NaN,NaN,NaN,NaN,NaN,transformer,embedding
1099,14300,NaN,NaN,NaN,NaN,NaN,NaN,NaN,transformer,embedding
1100,14313,NaN,NaN,NaN,NaN,0.11792704463005066,94.58023071289062,1.1251620054244995,transformer,embedding
1101,14326,NaN,NaN,NaN,NaN,NaN,NaN,NaN,transformer,embedding
1102,14339,NaN,NaN,NaN,NaN,NaN,NaN,NaN,transformer,embedding
1103,14352,NaN,NaN,NaN,NaN,NaN,NaN,NaN,transformer,embedding
1104,14365,NaN,NaN,NaN,NaN,NaN,NaN,NaN,transformer,embedding
1105,14378,0.007514407858252525,99.48374938964844,1.0075427293777466,0.001,NaN,NaN,NaN,transformer,embedding
1106,14391,NaN,NaN,NaN,NaN,NaN,NaN,NaN,transformer,embedding
1107,14404,NaN,NaN,NaN,NaN,NaN,NaN,NaN,transformer,embedding
1108,14417,NaN,NaN,NaN,NaN,NaN,NaN,NaN,transformer,embedding
1109,14430,NaN,NaN,NaN,NaN,NaN,NaN,NaN,transformer,embedding
1110,14443,NaN,NaN,NaN,NaN,NaN,NaN,NaN,transformer,embedding
1111,14456,NaN,NaN,NaN,NaN,NaN,NaN,NaN,transformer,embedding
1112,14469,NaN,NaN,NaN,NaN,NaN,NaN,NaN,transformer,embedding
1113,14482,NaN,NaN,NaN,NaN,NaN,NaN,NaN,transformer,embedding
1114,14495,NaN,NaN,NaN,NaN,NaN,NaN,NaN,transformer,embedding
1115,14508,NaN,NaN,NaN,NaN,NaN,NaN,NaN,transformer,embedding
1116,14521,0.006348168011754751,99.5596694946289,1.0063683986663818,0.001,NaN,NaN,NaN,transformer,embedding
1117,14534,NaN,NaN,NaN,NaN,NaN,NaN,NaN,transformer,embedding
1118,14547,NaN,NaN,NaN,NaN,NaN,NaN,NaN,transformer,embedding
1119,14560,NaN,NaN,NaN,NaN,NaN,NaN,NaN,transformer,embedding
1120,14573,NaN,NaN,NaN,NaN,NaN,NaN,NaN,transformer,embedding
1121,14586,NaN,NaN,NaN,NaN,0.09081197530031204,95.64292907714844,1.0950630903244019,transformer,embedding
1122,14599,NaN,NaN,NaN,NaN,NaN,NaN,NaN,transformer,embedding
1123,14612,NaN,NaN,NaN,NaN,NaN,NaN,NaN,transformer,embedding
1124,14625,NaN,NaN,NaN,NaN,NaN,NaN,NaN,transformer,embedding
1125,14638,NaN,NaN,NaN,NaN,NaN,NaN,NaN,transformer,embedding
1126,14651,NaN,NaN,NaN,NaN,NaN,NaN,NaN,transformer,embedding
1127,14664,0.0039869942702353,99.77224731445312,1.0039949417114258,0.001,NaN,NaN,NaN,transformer,embedding
1128,14677,NaN,NaN,NaN,NaN,NaN,NaN,NaN,transformer,embedding
1129,14690,NaN,NaN,NaN,NaN,NaN,NaN,NaN,transformer,embedding
1130,14703,NaN,NaN,NaN,NaN,NaN,NaN,NaN,transformer,embedding
1131,14716,NaN,NaN,NaN,NaN,NaN,NaN,NaN,transformer,embedding
1132,14729,NaN,NaN,NaN,NaN,NaN,NaN,NaN,transformer,embedding
1133,14742,NaN,NaN,NaN,NaN,NaN,NaN,NaN,transformer,embedding
1134,14755,NaN,NaN,NaN,NaN,NaN,NaN,NaN,transformer,embedding
1135,14768,NaN,NaN,NaN,NaN,NaN,NaN,NaN,transformer,embedding
1136,14781,NaN,NaN,NaN,NaN,NaN,NaN,NaN,transformer,embedding
1137,14794,NaN,NaN,NaN,NaN,NaN,NaN,NaN,transformer,embedding
1138,14807,0.007109445054084063,99.59004211425781,1.0071347951889038,0.001,NaN,NaN,NaN,transformer,embedding
1139,14820,NaN,NaN,NaN,NaN,NaN,NaN,NaN,transformer,embedding
1140,14833,NaN,NaN,NaN,NaN,NaN,NaN,NaN,transformer,embedding
1141,14846,NaN,NaN,NaN,NaN,NaN,NaN,NaN,transformer,embedding
1142,14859,NaN,NaN,NaN,NaN,NaN,NaN,NaN,transformer,embedding
1143,14872,NaN,NaN,NaN,NaN,0.05733389034867287,97.41410064697266,1.059009313583374,transformer,embedding
1144,14885,NaN,NaN,NaN,NaN,NaN,NaN,NaN,transformer,embedding
1145,14898,NaN,NaN,NaN,NaN,NaN,NaN,NaN,transformer,embedding
1146,14911,NaN,NaN,NaN,NaN,NaN,NaN,NaN,transformer,embedding
1147,14924,NaN,NaN,NaN,NaN,NaN,NaN,NaN,transformer,embedding
1148,14937,NaN,NaN,NaN,NaN,NaN,NaN,NaN,transformer,embedding
1149,14950,0.003856482682749629,99.78742980957031,1.0038639307022095,0.001,NaN,NaN,NaN,transformer,embedding
1150,14963,NaN,NaN,NaN,NaN,NaN,NaN,NaN,transformer,embedding
1151,14976,NaN,NaN,NaN,NaN,NaN,NaN,NaN,transformer,embedding
1152,14989,NaN,NaN,NaN,NaN,NaN,NaN,NaN,transformer,embedding
1153,15002,NaN,NaN,NaN,NaN,NaN,NaN,NaN,transformer,embedding
1154,15015,NaN,NaN,NaN,NaN,NaN,NaN,NaN,transformer,embedding
1155,15028,NaN,NaN,NaN,NaN,NaN,NaN,NaN,transformer,embedding
1156,15041,NaN,NaN,NaN,NaN,NaN,NaN,NaN,transformer,embedding
1157,15054,NaN,NaN,NaN,NaN,NaN,NaN,NaN,transformer,embedding
1158,15067,NaN,NaN,NaN,NaN,NaN,NaN,NaN,transformer,embedding
1159,15080,NaN,NaN,NaN,NaN,NaN,NaN,NaN,transformer,embedding
1160,15093,0.0028817569836974144,99.86334228515625,1.0028859376907349,0.001,NaN,NaN,NaN,transformer,embedding
1161,15106,NaN,NaN,NaN,NaN,NaN,NaN,NaN,transformer,embedding
1162,15119,NaN,NaN,NaN,NaN,NaN,NaN,NaN,transformer,embedding
1163,15132,NaN,NaN,NaN,NaN,NaN,NaN,NaN,transformer,embedding
1164,15145,NaN,NaN,NaN,NaN,NaN,NaN,NaN,transformer,embedding
1165,15158,NaN,NaN,NaN,NaN,0.0354808047413826,98.01629638671875,1.0361177921295166,transformer,embedding
1166,15171,NaN,NaN,NaN,NaN,NaN,NaN,NaN,transformer,embedding
1167,15184,NaN,NaN,NaN,NaN,NaN,NaN,NaN,transformer,embedding
1168,15197,NaN,NaN,NaN,NaN,NaN,NaN,NaN,transformer,embedding
1169,15210,NaN,NaN,NaN,NaN,NaN,NaN,NaN,transformer,embedding
1170,15223,NaN,NaN,NaN,NaN,NaN,NaN,NaN,transformer,embedding
1171,15236,0.0041747866198420525,99.72669219970703,1.0041835308074951,0.001,NaN,NaN,NaN,transformer,embedding
1172,15249,NaN,NaN,NaN,NaN,NaN,NaN,NaN,transformer,embedding
1173,15262,NaN,NaN,NaN,NaN,NaN,NaN,NaN,transformer,embedding
1174,15275,NaN,NaN,NaN,NaN,NaN,NaN,NaN,transformer,embedding
1175,15288,NaN,NaN,NaN,NaN,NaN,NaN,NaN,transformer,embedding
1176,15301,NaN,NaN,NaN,NaN,NaN,NaN,NaN,transformer,embedding
1177,15314,NaN,NaN,NaN,NaN,NaN,NaN,NaN,transformer,embedding
1178,15327,NaN,NaN,NaN,NaN,NaN,NaN,NaN,transformer,embedding
1179,15340,NaN,NaN,NaN,NaN,NaN,NaN,NaN,transformer,embedding
1180,15353,NaN,NaN,NaN,NaN,NaN,NaN,NaN,transformer,embedding
1181,15366,NaN,NaN,NaN,NaN,NaN,NaN,NaN,transformer,embedding
1182,15379,0.0034288596361875534,99.78742980957031,1.0034347772598267,0.001,NaN,NaN,NaN,transformer,embedding
1183,15392,NaN,NaN,NaN,NaN,NaN,NaN,NaN,transformer,embedding
1184,15405,NaN,NaN,NaN,NaN,NaN,NaN,NaN,transformer,embedding
1185,15418,NaN,NaN,NaN,NaN,NaN,NaN,NaN,transformer,embedding
1186,15431,NaN,NaN,NaN,NaN,NaN,NaN,NaN,transformer,embedding
1187,15444,NaN,NaN,NaN,NaN,NaN,NaN,NaN,transformer,embedding
1188,15457,NaN,NaN,NaN,NaN,0.033963557332754135,98.8310317993164,1.0345468521118164,transformer,embedding
1189,15470,NaN,NaN,NaN,NaN,NaN,NaN,NaN,transformer,embedding
1190,15483,NaN,NaN,NaN,NaN,NaN,NaN,NaN,transformer,embedding
1191,15496,NaN,NaN,NaN,NaN,NaN,NaN,NaN,transformer,embedding
1192,15509,NaN,NaN,NaN,NaN,NaN,NaN,NaN,transformer,embedding
1193,15522,0.004922806750983,99.72669219970703,1.0049349069595337,0.001,NaN,NaN,NaN,transformer,embedding
1194,15535,NaN,NaN,NaN,NaN,NaN,NaN,NaN,transformer,embedding
1195,15548,NaN,NaN,NaN,NaN,NaN,NaN,NaN,transformer,embedding
1196,15561,NaN,NaN,NaN,NaN,NaN,NaN,NaN,transformer,embedding
1197,15574,NaN,NaN,NaN,NaN,NaN,NaN,NaN,transformer,embedding
1198,15587,NaN,NaN,NaN,NaN,NaN,NaN,NaN,transformer,embedding
1199,15600,NaN,NaN,NaN,NaN,NaN,NaN,NaN,transformer,embedding
1200,15613,NaN,NaN,NaN,NaN,NaN,NaN,NaN,transformer,embedding
1201,15626,NaN,NaN,NaN,NaN,NaN,NaN,NaN,transformer,embedding
1202,15639,NaN,NaN,NaN,NaN,NaN,NaN,NaN,transformer,embedding
1203,15652,NaN,NaN,NaN,NaN,NaN,NaN,NaN,transformer,embedding
1204,15665,0.0011182689340785146,99.96963500976562,1.0011188983917236,0.001,NaN,NaN,NaN,transformer,embedding
1205,15678,NaN,NaN,NaN,NaN,NaN,NaN,NaN,transformer,embedding
1206,15691,NaN,NaN,NaN,NaN,NaN,NaN,NaN,transformer,embedding
1207,15704,NaN,NaN,NaN,NaN,NaN,NaN,NaN,transformer,embedding
1208,15717,NaN,NaN,NaN,NaN,NaN,NaN,NaN,transformer,embedding
1209,15730,NaN,NaN,NaN,NaN,NaN,NaN,NaN,transformer,embedding
1210,15743,NaN,NaN,NaN,NaN,NaN,NaN,NaN,transformer,embedding
1211,15756,NaN,NaN,NaN,NaN,0.016056889668107033,99.29153442382812,1.0161864757537842,transformer,embedding
1212,15769,NaN,NaN,NaN,NaN,NaN,NaN,NaN,transformer,embedding
1213,15782,NaN,NaN,NaN,NaN,NaN,NaN,NaN,transformer,embedding
1214,15795,NaN,NaN,NaN,NaN,NaN,NaN,NaN,transformer,embedding
1215,15808,NaN,NaN,NaN,NaN,NaN,NaN,NaN,transformer,embedding
1216,15821,0.004357244819402695,99.71150970458984,1.0043667554855347,0.001,NaN,NaN,NaN,transformer,embedding
1217,15834,NaN,NaN,NaN,NaN,NaN,NaN,NaN,transformer,embedding
1218,15847,NaN,NaN,NaN,NaN,NaN,NaN,NaN,transformer,embedding
1219,15860,NaN,NaN,NaN,NaN,NaN,NaN,NaN,transformer,embedding
1220,15873,NaN,NaN,NaN,NaN,NaN,NaN,NaN,transformer,embedding
1221,15886,NaN,NaN,NaN,NaN,NaN,NaN,NaN,transformer,embedding
1222,15899,NaN,NaN,NaN,NaN,NaN,NaN,NaN,transformer,embedding
1223,15912,NaN,NaN,NaN,NaN,NaN,NaN,NaN,transformer,embedding
1224,15925,NaN,NaN,NaN,NaN,NaN,NaN,NaN,transformer,embedding
1225,15938,NaN,NaN,NaN,NaN,NaN,NaN,NaN,transformer,embedding
1226,15951,NaN,NaN,NaN,NaN,NaN,NaN,NaN,transformer,embedding
1227,15964,NaN,NaN,NaN,NaN,NaN,NaN,NaN,transformer,embedding
1228,15977,0.0025122587103396654,99.84815979003906,1.002515435218811,0.001,NaN,NaN,NaN,transformer,embedding
1229,15990,NaN,NaN,NaN,NaN,NaN,NaN,NaN,transformer,embedding
1230,16003,NaN,NaN,NaN,NaN,NaN,NaN,NaN,transformer,embedding
1231,16016,NaN,NaN,NaN,NaN,NaN,NaN,NaN,transformer,embedding
1232,16029,NaN,NaN,NaN,NaN,NaN,NaN,NaN,transformer,embedding
1233,16042,NaN,NaN,NaN,NaN,NaN,NaN,NaN,transformer,embedding
1234,16055,NaN,NaN,NaN,NaN,NaN,NaN,NaN,transformer,embedding
1235,16068,NaN,NaN,NaN,NaN,0.008373502641916275,99.4686508178711,1.0084086656570435,transformer,embedding
1236,16081,NaN,NaN,NaN,NaN,NaN,NaN,NaN,transformer,embedding
1237,16094,NaN,NaN,NaN,NaN,NaN,NaN,NaN,transformer,embedding
1238,16107,NaN,NaN,NaN,NaN,NaN,NaN,NaN,transformer,embedding
1239,16120,NaN,NaN,NaN,NaN,NaN,NaN,NaN,transformer,embedding
1240,16133,0.003364604664966464,99.87853240966797,1.0033702850341797,0.001,NaN,NaN,NaN,transformer,embedding
1241,16146,NaN,NaN,NaN,NaN,NaN,NaN,NaN,transformer,embedding
1242,16159,NaN,NaN,NaN,NaN,NaN,NaN,NaN,transformer,embedding
1243,16172,NaN,NaN,NaN,NaN,NaN,NaN,NaN,transformer,embedding
1244,16185,NaN,NaN,NaN,NaN,NaN,NaN,NaN,transformer,embedding
1245,16198,NaN,NaN,NaN,NaN,NaN,NaN,NaN,transformer,embedding
1246,16211,NaN,NaN,NaN,NaN,NaN,NaN,NaN,transformer,embedding
1247,16224,NaN,NaN,NaN,NaN,NaN,NaN,NaN,transformer,embedding
1248,16237,NaN,NaN,NaN,NaN,NaN,NaN,NaN,transformer,embedding
1249,16250,NaN,NaN,NaN,NaN,NaN,NaN,NaN,transformer,embedding
1250,16263,NaN,NaN,NaN,NaN,NaN,NaN,NaN,transformer,embedding
1251,16276,NaN,NaN,NaN,NaN,NaN,NaN,NaN,transformer,embedding
1252,16289,0.0021140784956514835,99.89371490478516,1.002116322517395,0.001,NaN,NaN,NaN,transformer,embedding
1253,16302,NaN,NaN,NaN,NaN,NaN,NaN,NaN,transformer,embedding
1254,16315,NaN,NaN,NaN,NaN,NaN,NaN,NaN,transformer,embedding
1255,16328,NaN,NaN,NaN,NaN,NaN,NaN,NaN,transformer,embedding
1256,16341,NaN,NaN,NaN,NaN,NaN,NaN,NaN,transformer,embedding
1257,16354,NaN,NaN,NaN,NaN,NaN,NaN,NaN,transformer,embedding
1258,16367,NaN,NaN,NaN,NaN,NaN,NaN,NaN,transformer,embedding
1259,16380,NaN,NaN,NaN,NaN,0.01686209626495838,99.07899475097656,1.0170050859451294,transformer,embedding
1260,16393,NaN,NaN,NaN,NaN,NaN,NaN,NaN,transformer,embedding
1261,16406,NaN,NaN,NaN,NaN,NaN,NaN,NaN,transformer,embedding
1262,16419,NaN,NaN,NaN,NaN,NaN,NaN,NaN,transformer,embedding
1263,16432,NaN,NaN,NaN,NaN,NaN,NaN,NaN,transformer,embedding
1264,16445,0.00040939750033430755,99.9544448852539,1.000409483909607,0.001,NaN,NaN,NaN,transformer,embedding
1265,16458,NaN,NaN,NaN,NaN,NaN,NaN,NaN,transformer,embedding
1266,16471,NaN,NaN,NaN,NaN,NaN,NaN,NaN,transformer,embedding
1267,16484,NaN,NaN,NaN,NaN,NaN,NaN,NaN,transformer,embedding
1268,16497,NaN,NaN,NaN,NaN,NaN,NaN,NaN,transformer,embedding
1269,16510,NaN,NaN,NaN,NaN,NaN,NaN,NaN,transformer,embedding
1270,16523,NaN,NaN,NaN,NaN,NaN,NaN,NaN,transformer,embedding
1271,16536,NaN,NaN,NaN,NaN,NaN,NaN,NaN,transformer,embedding
1272,16549,NaN,NaN,NaN,NaN,NaN,NaN,NaN,transformer,embedding
1273,16562,NaN,NaN,NaN,NaN,NaN,NaN,NaN,transformer,embedding
1274,16575,NaN,NaN,NaN,NaN,NaN,NaN,NaN,transformer,embedding
1275,16588,NaN,NaN,NaN,NaN,NaN,NaN,NaN,transformer,embedding
1276,16601,0.0023800283670425415,99.93926239013672,1.0023828744888306,0.001,NaN,NaN,NaN,transformer,embedding
1277,16614,NaN,NaN,NaN,NaN,NaN,NaN,NaN,transformer,embedding
1278,16627,NaN,NaN,NaN,NaN,NaN,NaN,NaN,transformer,embedding
1279,16640,NaN,NaN,NaN,NaN,NaN,NaN,NaN,transformer,embedding
1280,16653,NaN,NaN,NaN,NaN,NaN,NaN,NaN,transformer,embedding
1281,16666,NaN,NaN,NaN,NaN,NaN,NaN,NaN,transformer,embedding
1282,16679,NaN,NaN,NaN,NaN,NaN,NaN,NaN,transformer,embedding
1283,16692,NaN,NaN,NaN,NaN,NaN,NaN,NaN,transformer,embedding
1284,16705,NaN,NaN,NaN,NaN,0.008001524955034256,99.4686508178711,1.0080336332321167,transformer,embedding
1285,16718,NaN,NaN,NaN,NaN,NaN,NaN,NaN,transformer,embedding
1286,16731,NaN,NaN,NaN,NaN,NaN,NaN,NaN,transformer,embedding
1287,16744,NaN,NaN,NaN,NaN,NaN,NaN,NaN,transformer,embedding
1288,16757,0.0014971139607951045,99.92407989501953,1.0014982223510742,0.001,NaN,NaN,NaN,transformer,embedding
1289,16770,NaN,NaN,NaN,NaN,NaN,NaN,NaN,transformer,embedding
1290,16783,NaN,NaN,NaN,NaN,NaN,NaN,NaN,transformer,embedding
1291,16796,NaN,NaN,NaN,NaN,NaN,NaN,NaN,transformer,embedding
1292,16809,NaN,NaN,NaN,NaN,NaN,NaN,NaN,transformer,embedding
1293,16822,NaN,NaN,NaN,NaN,NaN,NaN,NaN,transformer,embedding
1294,16835,NaN,NaN,NaN,NaN,NaN,NaN,NaN,transformer,embedding
1295,16848,NaN,NaN,NaN,NaN,NaN,NaN,NaN,transformer,embedding
1296,16861,NaN,NaN,NaN,NaN,NaN,NaN,NaN,transformer,embedding
1297,16874,NaN,NaN,NaN,NaN,NaN,NaN,NaN,transformer,embedding
1298,16887,NaN,NaN,NaN,NaN,NaN,NaN,NaN,transformer,embedding
1299,16900,NaN,NaN,NaN,NaN,NaN,NaN,NaN,transformer,embedding
1300,16913,0.0006083652842789888,99.9696273803711,1.0006085634231567,0.001,NaN,NaN,NaN,transformer,embedding
1301,16926,NaN,NaN,NaN,NaN,NaN,NaN,NaN,transformer,embedding
1302,16939,NaN,NaN,NaN,NaN,NaN,NaN,NaN,transformer,embedding
1303,16952,NaN,NaN,NaN,NaN,NaN,NaN,NaN,transformer,embedding
1304,16965,NaN,NaN,NaN,NaN,NaN,NaN,NaN,transformer,embedding
1305,16978,NaN,NaN,NaN,NaN,NaN,NaN,NaN,transformer,embedding
1306,16991,NaN,NaN,NaN,NaN,NaN,NaN,NaN,transformer,embedding
1307,17004,NaN,NaN,NaN,NaN,NaN,NaN,NaN,transformer,embedding
1308,17017,NaN,NaN,NaN,NaN,NaN,NaN,NaN,transformer,embedding
1309,17030,NaN,NaN,NaN,NaN,0.013868396170437336,99.25611114501953,1.0139650106430054,transformer,embedding
1310,17043,NaN,NaN,NaN,NaN,NaN,NaN,NaN,transformer,embedding
1311,17056,NaN,NaN,NaN,NaN,NaN,NaN,NaN,transformer,embedding
1312,17069,NaN,NaN,NaN,NaN,NaN,NaN,NaN,transformer,embedding
1313,17082,0.001273666275665164,99.93926239013672,1.0012744665145874,0.001,NaN,NaN,NaN,transformer,embedding
1314,17095,NaN,NaN,NaN,NaN,NaN,NaN,NaN,transformer,embedding
1315,17108,NaN,NaN,NaN,NaN,NaN,NaN,NaN,transformer,embedding
1316,17121,NaN,NaN,NaN,NaN,NaN,NaN,NaN,transformer,embedding
1317,17134,NaN,NaN,NaN,NaN,NaN,NaN,NaN,transformer,embedding
1318,17147,NaN,NaN,NaN,NaN,NaN,NaN,NaN,transformer,embedding
1319,17160,NaN,NaN,NaN,NaN,NaN,NaN,NaN,transformer,embedding
1320,17173,NaN,NaN,NaN,NaN,NaN,NaN,NaN,transformer,embedding
1321,17186,NaN,NaN,NaN,NaN,NaN,NaN,NaN,transformer,embedding
1322,17199,NaN,NaN,NaN,NaN,NaN,NaN,NaN,transformer,embedding
1323,17212,NaN,NaN,NaN,NaN,NaN,NaN,NaN,transformer,embedding
1324,17225,NaN,NaN,NaN,NaN,NaN,NaN,NaN,transformer,embedding
1325,17238,NaN,NaN,NaN,NaN,NaN,NaN,NaN,transformer,embedding
1326,17251,0.0024018101394176483,99.86334228515625,1.0024046897888184,0.001,NaN,NaN,NaN,transformer,embedding
1327,17264,NaN,NaN,NaN,NaN,NaN,NaN,NaN,transformer,embedding
1328,17277,NaN,NaN,NaN,NaN,NaN,NaN,NaN,transformer,embedding
1329,17290,NaN,NaN,NaN,NaN,NaN,NaN,NaN,transformer,embedding
1330,17303,NaN,NaN,NaN,NaN,NaN,NaN,NaN,transformer,embedding
1331,17316,NaN,NaN,NaN,NaN,NaN,NaN,NaN,transformer,embedding
1332,17329,NaN,NaN,NaN,NaN,NaN,NaN,NaN,transformer,embedding
1333,17342,NaN,NaN,NaN,NaN,NaN,NaN,NaN,transformer,embedding
1334,17355,NaN,NaN,NaN,NaN,NaN,NaN,NaN,transformer,embedding
1335,17368,NaN,NaN,NaN,NaN,0.01514036487787962,99.3978042602539,1.0152555704116821,transformer,embedding
1336,17381,NaN,NaN,NaN,NaN,NaN,NaN,NaN,transformer,embedding
1337,17394,NaN,NaN,NaN,NaN,NaN,NaN,NaN,transformer,embedding
1338,17407,NaN,NaN,NaN,NaN,NaN,NaN,NaN,transformer,embedding
1339,17420,0.00023961100669112056,100.0,1.000239610671997,0.001,NaN,NaN,NaN,transformer,embedding
1340,17433,NaN,NaN,NaN,NaN,NaN,NaN,NaN,transformer,embedding
1341,17446,NaN,NaN,NaN,NaN,NaN,NaN,NaN,transformer,embedding
1342,17459,NaN,NaN,NaN,NaN,NaN,NaN,NaN,transformer,embedding
1343,17472,NaN,NaN,NaN,NaN,NaN,NaN,NaN,transformer,embedding
1344,17485,NaN,NaN,NaN,NaN,NaN,NaN,NaN,transformer,embedding
1345,17498,NaN,NaN,NaN,NaN,NaN,NaN,NaN,transformer,embedding
1346,17511,NaN,NaN,NaN,NaN,NaN,NaN,NaN,transformer,embedding
1347,17524,NaN,NaN,NaN,NaN,NaN,NaN,NaN,transformer,embedding
1348,17537,NaN,NaN,NaN,NaN,NaN,NaN,NaN,transformer,embedding
1349,17550,NaN,NaN,NaN,NaN,NaN,NaN,NaN,transformer,embedding
1350,17563,NaN,NaN,NaN,NaN,NaN,NaN,NaN,transformer,embedding
1351,17576,NaN,NaN,NaN,NaN,NaN,NaN,NaN,transformer,embedding
1352,17589,1.0237895367026795e-06,100.0,1.000001072883606,0.001,NaN,NaN,NaN,transformer,embedding
1353,17602,NaN,NaN,NaN,NaN,NaN,NaN,NaN,transformer,embedding
1354,17615,NaN,NaN,NaN,NaN,NaN,NaN,NaN,transformer,embedding
1355,17628,NaN,NaN,NaN,NaN,NaN,NaN,NaN,transformer,embedding
1356,17641,NaN,NaN,NaN,NaN,NaN,NaN,NaN,transformer,embedding
1357,17654,NaN,NaN,NaN,NaN,NaN,NaN,NaN,transformer,embedding
1358,17667,NaN,NaN,NaN,NaN,NaN,NaN,NaN,transformer,embedding
1359,17680,NaN,NaN,NaN,NaN,NaN,NaN,NaN,transformer,embedding
1360,17693,NaN,NaN,NaN,NaN,NaN,NaN,NaN,transformer,embedding
1361,17706,NaN,NaN,NaN,NaN,0.0029440317302942276,99.82288360595703,1.0029484033584595,transformer,embedding
1362,17719,NaN,NaN,NaN,NaN,NaN,NaN,NaN,transformer,embedding
1363,17732,NaN,NaN,NaN,NaN,NaN,NaN,NaN,transformer,embedding
1364,17745,NaN,NaN,NaN,NaN,NaN,NaN,NaN,transformer,embedding
1365,17758,3.152080978452432e-07,100.0,1.0000003576278687,0.001,NaN,NaN,NaN,transformer,embedding
1366,17771,NaN,NaN,NaN,NaN,NaN,NaN,NaN,transformer,embedding
1367,17784,NaN,NaN,NaN,NaN,NaN,NaN,NaN,transformer,embedding
1368,17797,NaN,NaN,NaN,NaN,NaN,NaN,NaN,transformer,embedding
1369,17810,NaN,NaN,NaN,NaN,NaN,NaN,NaN,transformer,embedding
1370,17823,NaN,NaN,NaN,NaN,NaN,NaN,NaN,transformer,embedding
1371,17836,NaN,NaN,NaN,NaN,NaN,NaN,NaN,transformer,embedding
1372,17849,NaN,NaN,NaN,NaN,NaN,NaN,NaN,transformer,embedding
1373,17862,NaN,NaN,NaN,NaN,NaN,NaN,NaN,transformer,embedding
1374,17875,NaN,NaN,NaN,NaN,NaN,NaN,NaN,transformer,embedding
1375,17888,NaN,NaN,NaN,NaN,NaN,NaN,NaN,transformer,embedding
1376,17901,NaN,NaN,NaN,NaN,NaN,NaN,NaN,transformer,embedding
1377,17914,NaN,NaN,NaN,NaN,NaN,NaN,NaN,transformer,embedding
1378,17927,8.979605325976081e-08,100.0,1.0000001192092896,0.001,NaN,NaN,NaN,transformer,embedding
1379,17940,NaN,NaN,NaN,NaN,NaN,NaN,NaN,transformer,embedding
1380,17953,NaN,NaN,NaN,NaN,NaN,NaN,NaN,transformer,embedding
1381,17966,NaN,NaN,NaN,NaN,NaN,NaN,NaN,transformer,embedding
1382,17979,NaN,NaN,NaN,NaN,NaN,NaN,NaN,transformer,embedding
1383,17992,NaN,NaN,NaN,NaN,NaN,NaN,NaN,transformer,embedding
1384,18005,NaN,NaN,NaN,NaN,NaN,NaN,NaN,transformer,embedding
1385,18018,NaN,NaN,NaN,NaN,NaN,NaN,NaN,transformer,embedding
1386,18031,NaN,NaN,NaN,NaN,NaN,NaN,NaN,transformer,embedding
1387,18044,NaN,NaN,NaN,NaN,NaN,NaN,NaN,transformer,embedding
1388,18057,NaN,NaN,NaN,NaN,0.0014082903508096933,99.89373016357422,1.0014092922210693,transformer,embedding
1389,18070,NaN,NaN,NaN,NaN,NaN,NaN,NaN,transformer,embedding
1390,18083,NaN,NaN,NaN,NaN,NaN,NaN,NaN,transformer,embedding
1391,18096,2.2851763148423743e-08,100.0,1.0,0.001,NaN,NaN,NaN,transformer,embedding
1392,18109,NaN,NaN,NaN,NaN,NaN,NaN,NaN,transformer,embedding
1393,18122,NaN,NaN,NaN,NaN,NaN,NaN,NaN,transformer,embedding
1394,18135,NaN,NaN,NaN,NaN,NaN,NaN,NaN,transformer,embedding
1395,18148,NaN,NaN,NaN,NaN,NaN,NaN,NaN,transformer,embedding
1396,18161,NaN,NaN,NaN,NaN,NaN,NaN,NaN,transformer,embedding
1397,18174,NaN,NaN,NaN,NaN,NaN,NaN,NaN,transformer,embedding
1398,18187,NaN,NaN,NaN,NaN,NaN,NaN,NaN,transformer,embedding
1399,18200,NaN,NaN,NaN,NaN,NaN,NaN,NaN,transformer,embedding
1400,18213,NaN,NaN,NaN,NaN,NaN,NaN,NaN,transformer,embedding
1401,18226,NaN,NaN,NaN,NaN,NaN,NaN,NaN,transformer,embedding
1402,18239,NaN,NaN,NaN,NaN,NaN,NaN,NaN,transformer,embedding
1403,18252,NaN,NaN,NaN,NaN,NaN,NaN,NaN,transformer,embedding
1404,18265,6.326092094610658e-09,100.0,1.0,0.001,NaN,NaN,NaN,transformer,embedding
1405,18278,NaN,NaN,NaN,NaN,NaN,NaN,NaN,transformer,embedding
1406,18291,NaN,NaN,NaN,NaN,NaN,NaN,NaN,transformer,embedding
1407,18304,NaN,NaN,NaN,NaN,NaN,NaN,NaN,transformer,embedding
1408,18317,NaN,NaN,NaN,NaN,NaN,NaN,NaN,transformer,embedding
1409,18330,NaN,NaN,NaN,NaN,NaN,NaN,NaN,transformer,embedding
1410,18343,NaN,NaN,NaN,NaN,NaN,NaN,NaN,transformer,embedding
1411,18356,NaN,NaN,NaN,NaN,NaN,NaN,NaN,transformer,embedding
1412,18369,NaN,NaN,NaN,NaN,NaN,NaN,NaN,transformer,embedding
1413,18382,NaN,NaN,NaN,NaN,NaN,NaN,NaN,transformer,embedding
1414,18395,NaN,NaN,NaN,NaN,NaN,NaN,NaN,transformer,embedding
1415,18408,NaN,NaN,NaN,NaN,6.372966163326055e-05,100.0,1.0000637769699097,transformer,embedding
1416,18421,NaN,NaN,NaN,NaN,NaN,NaN,NaN,transformer,embedding
1417,18434,NaN,NaN,NaN,NaN,NaN,NaN,NaN,transformer,embedding
1418,18447,4.850003776368794e-08,100.0,1.0,0.001,NaN,NaN,NaN,transformer,embedding
1419,18460,NaN,NaN,NaN,NaN,NaN,NaN,NaN,transformer,embedding
1420,18473,NaN,NaN,NaN,NaN,NaN,NaN,NaN,transformer,embedding
1421,18486,NaN,NaN,NaN,NaN,NaN,NaN,NaN,transformer,embedding
1422,18499,NaN,NaN,NaN,NaN,NaN,NaN,NaN,transformer,embedding
1423,18512,NaN,NaN,NaN,NaN,NaN,NaN,NaN,transformer,embedding
1424,18525,NaN,NaN,NaN,NaN,NaN,NaN,NaN,transformer,embedding
1425,18538,NaN,NaN,NaN,NaN,NaN,NaN,NaN,transformer,embedding
1426,18551,NaN,NaN,NaN,NaN,NaN,NaN,NaN,transformer,embedding
1427,18564,NaN,NaN,NaN,NaN,NaN,NaN,NaN,transformer,embedding
1428,18577,NaN,NaN,NaN,NaN,NaN,NaN,NaN,transformer,embedding
1429,18590,NaN,NaN,NaN,NaN,NaN,NaN,NaN,transformer,embedding
1430,18603,NaN,NaN,NaN,NaN,NaN,NaN,NaN,transformer,embedding
1431,18616,NaN,NaN,NaN,NaN,NaN,NaN,NaN,transformer,embedding
1432,18629,6.428359711208032e-08,100.0,1.0000001192092896,0.001,NaN,NaN,NaN,transformer,embedding
1433,18642,NaN,NaN,NaN,NaN,NaN,NaN,NaN,transformer,embedding
1434,18655,NaN,NaN,NaN,NaN,NaN,NaN,NaN,transformer,embedding
1435,18668,NaN,NaN,NaN,NaN,NaN,NaN,NaN,transformer,embedding
1436,18681,NaN,NaN,NaN,NaN,NaN,NaN,NaN,transformer,embedding
1437,18694,NaN,NaN,NaN,NaN,NaN,NaN,NaN,transformer,embedding
1438,18707,NaN,NaN,NaN,NaN,NaN,NaN,NaN,transformer,embedding
1439,18720,NaN,NaN,NaN,NaN,NaN,NaN,NaN,transformer,embedding
1440,18733,NaN,NaN,NaN,NaN,NaN,NaN,NaN,transformer,embedding
1441,18746,NaN,NaN,NaN,NaN,NaN,NaN,NaN,transformer,embedding
1442,18759,NaN,NaN,NaN,NaN,NaN,NaN,NaN,transformer,embedding
1443,18772,NaN,NaN,NaN,NaN,1.7318008076472324e-06,100.0,1.0000017881393433,transformer,embedding
1444,18785,NaN,NaN,NaN,NaN,NaN,NaN,NaN,transformer,embedding
1445,18798,NaN,NaN,NaN,NaN,NaN,NaN,NaN,transformer,embedding
1446,18811,6.118842321711782e-08,100.0,1.0000001192092896,0.001,NaN,NaN,NaN,transformer,embedding
1447,18824,NaN,NaN,NaN,NaN,NaN,NaN,NaN,transformer,embedding
1448,18837,NaN,NaN,NaN,NaN,NaN,NaN,NaN,transformer,embedding
1449,18850,NaN,NaN,NaN,NaN,NaN,NaN,NaN,transformer,embedding
1450,18863,NaN,NaN,NaN,NaN,NaN,NaN,NaN,transformer,embedding
1451,18876,NaN,NaN,NaN,NaN,NaN,NaN,NaN,transformer,embedding
1452,18889,NaN,NaN,NaN,NaN,NaN,NaN,NaN,transformer,embedding
1453,18902,NaN,NaN,NaN,NaN,NaN,NaN,NaN,transformer,embedding
1454,18915,NaN,NaN,NaN,NaN,NaN,NaN,NaN,transformer,embedding
1455,18928,NaN,NaN,NaN,NaN,NaN,NaN,NaN,transformer,embedding
1456,18941,NaN,NaN,NaN,NaN,NaN,NaN,NaN,transformer,embedding
1457,18954,NaN,NaN,NaN,NaN,NaN,NaN,NaN,transformer,embedding
1458,18967,NaN,NaN,NaN,NaN,NaN,NaN,NaN,transformer,embedding
1459,18980,NaN,NaN,NaN,NaN,NaN,NaN,NaN,transformer,embedding
1460,18993,5.670857206041546e-08,100.0,1.0,0.001,NaN,NaN,NaN,transformer,embedding
1461,19006,NaN,NaN,NaN,NaN,NaN,NaN,NaN,transformer,embedding
1462,19019,NaN,NaN,NaN,NaN,NaN,NaN,NaN,transformer,embedding
1463,19032,NaN,NaN,NaN,NaN,NaN,NaN,NaN,transformer,embedding
1464,19045,NaN,NaN,NaN,NaN,NaN,NaN,NaN,transformer,embedding
1465,19058,NaN,NaN,NaN,NaN,NaN,NaN,NaN,transformer,embedding
1466,19071,NaN,NaN,NaN,NaN,NaN,NaN,NaN,transformer,embedding
1467,19084,NaN,NaN,NaN,NaN,NaN,NaN,NaN,transformer,embedding
1468,19097,NaN,NaN,NaN,NaN,NaN,NaN,NaN,transformer,embedding
1469,19110,NaN,NaN,NaN,NaN,NaN,NaN,NaN,transformer,embedding
1470,19123,NaN,NaN,NaN,NaN,NaN,NaN,NaN,transformer,embedding
1471,19136,NaN,NaN,NaN,NaN,8.360121341866034e-07,100.0,1.0000008344650269,transformer,embedding
1472,19149,NaN,NaN,NaN,NaN,NaN,NaN,NaN,transformer,embedding
1473,19162,NaN,NaN,NaN,NaN,NaN,NaN,NaN,transformer,embedding
1474,19175,5.316089257689782e-08,100.0,1.0,0.001,NaN,NaN,NaN,transformer,embedding
1475,19188,NaN,NaN,NaN,NaN,NaN,NaN,NaN,transformer,embedding
1476,19201,NaN,NaN,NaN,NaN,NaN,NaN,NaN,transformer,embedding
1477,19214,NaN,NaN,NaN,NaN,NaN,NaN,NaN,transformer,embedding
1478,19227,NaN,NaN,NaN,NaN,NaN,NaN,NaN,transformer,embedding
1479,19240,NaN,NaN,NaN,NaN,NaN,NaN,NaN,transformer,embedding
1480,19253,NaN,NaN,NaN,NaN,NaN,NaN,NaN,transformer,embedding
1481,19266,NaN,NaN,NaN,NaN,NaN,NaN,NaN,transformer,embedding
1482,19279,NaN,NaN,NaN,NaN,NaN,NaN,NaN,transformer,embedding
1483,19292,NaN,NaN,NaN,NaN,NaN,NaN,NaN,transformer,embedding
1484,19305,NaN,NaN,NaN,NaN,NaN,NaN,NaN,transformer,embedding
1485,19318,NaN,NaN,NaN,NaN,NaN,NaN,NaN,transformer,embedding
1486,19331,NaN,NaN,NaN,NaN,NaN,NaN,NaN,transformer,embedding
1487,19344,NaN,NaN,NaN,NaN,NaN,NaN,NaN,transformer,embedding
1488,19357,5.177621531515797e-08,100.0,1.0,0.001,NaN,NaN,NaN,transformer,embedding
1489,19370,NaN,NaN,NaN,NaN,NaN,NaN,NaN,transformer,embedding
1490,19383,NaN,NaN,NaN,NaN,NaN,NaN,NaN,transformer,embedding
1491,19396,NaN,NaN,NaN,NaN,NaN,NaN,NaN,transformer,embedding
1492,19409,NaN,NaN,NaN,NaN,NaN,NaN,NaN,transformer,embedding
1493,19422,NaN,NaN,NaN,NaN,NaN,NaN,NaN,transformer,embedding
1494,19435,NaN,NaN,NaN,NaN,NaN,NaN,NaN,transformer,embedding
1495,19448,NaN,NaN,NaN,NaN,NaN,NaN,NaN,transformer,embedding
1496,19461,NaN,NaN,NaN,NaN,NaN,NaN,NaN,transformer,embedding
1497,19474,NaN,NaN,NaN,NaN,NaN,NaN,NaN,transformer,embedding
1498,19487,NaN,NaN,NaN,NaN,NaN,NaN,NaN,transformer,embedding
1499,19500,NaN,NaN,NaN,NaN,NaN,NaN,NaN,transformer,embedding
1500,19513,NaN,NaN,NaN,NaN,5.013288841837493e-07,100.0,1.0000004768371582,transformer,embedding
1501,19526,NaN,NaN,NaN,NaN,NaN,NaN,NaN,transformer,embedding
1502,19539,5.02738792818036e-08,100.0,1.0,0.001,NaN,NaN,NaN,transformer,embedding
1503,19552,NaN,NaN,NaN,NaN,NaN,NaN,NaN,transformer,embedding
1504,19565,NaN,NaN,NaN,NaN,NaN,NaN,NaN,transformer,embedding
1505,19578,NaN,NaN,NaN,NaN,NaN,NaN,NaN,transformer,embedding
1506,19591,NaN,NaN,NaN,NaN,NaN,NaN,NaN,transformer,embedding
1507,19604,NaN,NaN,NaN,NaN,NaN,NaN,NaN,transformer,embedding
1508,19617,NaN,NaN,NaN,NaN,NaN,NaN,NaN,transformer,embedding
1509,19630,NaN,NaN,NaN,NaN,NaN,NaN,NaN,transformer,embedding
1510,19643,NaN,NaN,NaN,NaN,NaN,NaN,NaN,transformer,embedding
1511,19656,NaN,NaN,NaN,NaN,NaN,NaN,NaN,transformer,embedding
1512,19669,NaN,NaN,NaN,NaN,NaN,NaN,NaN,transformer,embedding
1513,19682,NaN,NaN,NaN,NaN,NaN,NaN,NaN,transformer,embedding
1514,19695,NaN,NaN,NaN,NaN,NaN,NaN,NaN,transformer,embedding
1515,19708,NaN,NaN,NaN,NaN,NaN,NaN,NaN,transformer,embedding
1516,19721,NaN,NaN,NaN,NaN,NaN,NaN,NaN,transformer,embedding
1517,19734,4.7576918404956814e-08,100.0,1.0,0.001,NaN,NaN,NaN,transformer,embedding
1518,19747,NaN,NaN,NaN,NaN,NaN,NaN,NaN,transformer,embedding
1519,19760,NaN,NaN,NaN,NaN,NaN,NaN,NaN,transformer,embedding
1520,19773,NaN,NaN,NaN,NaN,NaN,NaN,NaN,transformer,embedding
1521,19786,NaN,NaN,NaN,NaN,NaN,NaN,NaN,transformer,embedding
1522,19799,NaN,NaN,NaN,NaN,NaN,NaN,NaN,transformer,embedding
1523,19812,NaN,NaN,NaN,NaN,NaN,NaN,NaN,transformer,embedding
1524,19825,NaN,NaN,NaN,NaN,NaN,NaN,NaN,transformer,embedding
1525,19838,NaN,NaN,NaN,NaN,NaN,NaN,NaN,transformer,embedding
1526,19851,NaN,NaN,NaN,NaN,NaN,NaN,NaN,transformer,embedding
1527,19864,NaN,NaN,NaN,NaN,NaN,NaN,NaN,transformer,embedding
1528,19877,NaN,NaN,NaN,NaN,NaN,NaN,NaN,transformer,embedding
1529,19890,NaN,NaN,NaN,NaN,2.4709029844416364e-07,100.0,1.000000238418579,transformer,embedding
1530,19903,NaN,NaN,NaN,NaN,NaN,NaN,NaN,transformer,embedding
1531,19916,NaN,NaN,NaN,NaN,NaN,NaN,NaN,transformer,embedding
1532,19929,4.6074585924316125e-08,100.0,1.0,0.001,NaN,NaN,NaN,transformer,embedding
1533,19942,NaN,NaN,NaN,NaN,NaN,NaN,NaN,transformer,embedding
1534,19955,NaN,NaN,NaN,NaN,NaN,NaN,NaN,transformer,embedding
1535,19968,NaN,NaN,NaN,NaN,NaN,NaN,NaN,transformer,embedding
1536,19981,NaN,NaN,NaN,NaN,NaN,NaN,NaN,transformer,embedding
1537,19994,NaN,NaN,NaN,NaN,NaN,NaN,NaN,transformer,embedding
1538,20007,NaN,NaN,NaN,NaN,NaN,NaN,NaN,transformer,embedding
1539,20020,NaN,NaN,NaN,NaN,NaN,NaN,NaN,transformer,embedding
1540,20033,NaN,NaN,NaN,NaN,NaN,NaN,NaN,transformer,embedding
1541,20046,NaN,NaN,NaN,NaN,NaN,NaN,NaN,transformer,embedding
1542,20059,NaN,NaN,NaN,NaN,NaN,NaN,NaN,transformer,embedding
1543,20072,NaN,NaN,NaN,NaN,NaN,NaN,NaN,transformer,embedding
1544,20085,NaN,NaN,NaN,NaN,NaN,NaN,NaN,transformer,embedding
1545,20098,NaN,NaN,NaN,NaN,NaN,NaN,NaN,transformer,embedding
1546,20111,NaN,NaN,NaN,NaN,NaN,NaN,NaN,transformer,embedding
1547,20124,4.4300744406200465e-08,100.0,1.0,0.001,NaN,NaN,NaN,transformer,embedding
1548,20137,NaN,NaN,NaN,NaN,NaN,NaN,NaN,transformer,embedding
1549,20150,NaN,NaN,NaN,NaN,NaN,NaN,NaN,transformer,embedding
1550,20163,NaN,NaN,NaN,NaN,NaN,NaN,NaN,transformer,embedding
1551,20176,NaN,NaN,NaN,NaN,NaN,NaN,NaN,transformer,embedding
1552,20189,NaN,NaN,NaN,NaN,NaN,NaN,NaN,transformer,embedding
1553,20202,NaN,NaN,NaN,NaN,NaN,NaN,NaN,transformer,embedding
1554,20215,NaN,NaN,NaN,NaN,NaN,NaN,NaN,transformer,embedding
1555,20228,NaN,NaN,NaN,NaN,NaN,NaN,NaN,transformer,embedding
1556,20241,NaN,NaN,NaN,NaN,NaN,NaN,NaN,transformer,embedding
1557,20254,NaN,NaN,NaN,NaN,NaN,NaN,NaN,transformer,embedding
1558,20267,NaN,NaN,NaN,NaN,NaN,NaN,NaN,transformer,embedding
1559,20280,NaN,NaN,NaN,NaN,2.1394524196693965e-07,100.0,1.000000238418579,transformer,embedding
1560,20293,NaN,NaN,NaN,NaN,NaN,NaN,NaN,transformer,embedding
1561,20306,NaN,NaN,NaN,NaN,NaN,NaN,NaN,transformer,embedding
1562,20319,4.3106119562708045e-08,100.0,1.0,0.001,NaN,NaN,NaN,transformer,embedding
1563,20332,NaN,NaN,NaN,NaN,NaN,NaN,NaN,transformer,embedding
1564,20345,NaN,NaN,NaN,NaN,NaN,NaN,NaN,transformer,embedding
1565,20358,NaN,NaN,NaN,NaN,NaN,NaN,NaN,transformer,embedding
1566,20371,NaN,NaN,NaN,NaN,NaN,NaN,NaN,transformer,embedding
1567,20384,NaN,NaN,NaN,NaN,NaN,NaN,NaN,transformer,embedding
1568,20397,NaN,NaN,NaN,NaN,NaN,NaN,NaN,transformer,embedding
1569,20410,NaN,NaN,NaN,NaN,NaN,NaN,NaN,transformer,embedding
1570,20423,NaN,NaN,NaN,NaN,NaN,NaN,NaN,transformer,embedding
1571,20436,NaN,NaN,NaN,NaN,NaN,NaN,NaN,transformer,embedding
1572,20449,NaN,NaN,NaN,NaN,NaN,NaN,NaN,transformer,embedding
1573,20462,NaN,NaN,NaN,NaN,NaN,NaN,NaN,transformer,embedding
1574,20475,NaN,NaN,NaN,NaN,NaN,NaN,NaN,transformer,embedding
1575,20488,NaN,NaN,NaN,NaN,NaN,NaN,NaN,transformer,embedding
1576,20501,NaN,NaN,NaN,NaN,NaN,NaN,NaN,transformer,embedding
1577,20514,4.2689809021112524e-08,100.0,1.0,0.001,NaN,NaN,NaN,transformer,embedding
1578,20527,NaN,NaN,NaN,NaN,NaN,NaN,NaN,transformer,embedding
1579,20540,NaN,NaN,NaN,NaN,NaN,NaN,NaN,transformer,embedding
1580,20553,NaN,NaN,NaN,NaN,NaN,NaN,NaN,transformer,embedding
1581,20566,NaN,NaN,NaN,NaN,NaN,NaN,NaN,transformer,embedding
1582,20579,NaN,NaN,NaN,NaN,NaN,NaN,NaN,transformer,embedding
1583,20592,NaN,NaN,NaN,NaN,NaN,NaN,NaN,transformer,embedding
1584,20605,NaN,NaN,NaN,NaN,NaN,NaN,NaN,transformer,embedding
1585,20618,NaN,NaN,NaN,NaN,NaN,NaN,NaN,transformer,embedding
1586,20631,NaN,NaN,NaN,NaN,NaN,NaN,NaN,transformer,embedding
1587,20644,NaN,NaN,NaN,NaN,NaN,NaN,NaN,transformer,embedding
1588,20657,NaN,NaN,NaN,NaN,NaN,NaN,NaN,transformer,embedding
1589,20670,NaN,NaN,NaN,NaN,NaN,NaN,NaN,transformer,embedding
1590,20683,NaN,NaN,NaN,NaN,1.659336987813731e-07,100.0,1.0000001192092896,transformer,embedding
1591,20696,NaN,NaN,NaN,NaN,NaN,NaN,NaN,transformer,embedding
1592,20709,3.975754481189142e-08,100.0,1.0,0.001,NaN,NaN,NaN,transformer,embedding
1593,20722,NaN,NaN,NaN,NaN,NaN,NaN,NaN,transformer,embedding
1594,20735,NaN,NaN,NaN,NaN,NaN,NaN,NaN,transformer,embedding
1595,20748,NaN,NaN,NaN,NaN,NaN,NaN,NaN,transformer,embedding
1596,20761,NaN,NaN,NaN,NaN,NaN,NaN,NaN,transformer,embedding
1597,20774,NaN,NaN,NaN,NaN,NaN,NaN,NaN,transformer,embedding
1598,20787,NaN,NaN,NaN,NaN,NaN,NaN,NaN,transformer,embedding
1599,20800,NaN,NaN,NaN,NaN,NaN,NaN,NaN,transformer,embedding
1600,20813,NaN,NaN,NaN,NaN,NaN,NaN,NaN,transformer,embedding
1601,20826,NaN,NaN,NaN,NaN,NaN,NaN,NaN,transformer,embedding
1602,20839,NaN,NaN,NaN,NaN,NaN,NaN,NaN,transformer,embedding
1603,20852,NaN,NaN,NaN,NaN,NaN,NaN,NaN,transformer,embedding
1604,20865,NaN,NaN,NaN,NaN,NaN,NaN,NaN,transformer,embedding
1605,20878,NaN,NaN,NaN,NaN,NaN,NaN,NaN,transformer,embedding
1606,20891,NaN,NaN,NaN,NaN,NaN,NaN,NaN,transformer,embedding
1607,20904,3.864436948219918e-08,100.0,1.0,0.001,NaN,NaN,NaN,transformer,embedding
1608,20917,NaN,NaN,NaN,NaN,NaN,NaN,NaN,transformer,embedding
1609,20930,NaN,NaN,NaN,NaN,NaN,NaN,NaN,transformer,embedding
1610,20943,NaN,NaN,NaN,NaN,NaN,NaN,NaN,transformer,embedding
1611,20956,NaN,NaN,NaN,NaN,NaN,NaN,NaN,transformer,embedding
1612,20969,NaN,NaN,NaN,NaN,NaN,NaN,NaN,transformer,embedding
1613,20982,NaN,NaN,NaN,NaN,NaN,NaN,NaN,transformer,embedding
1614,20995,NaN,NaN,NaN,NaN,NaN,NaN,NaN,transformer,embedding
1615,21008,NaN,NaN,NaN,NaN,NaN,NaN,NaN,transformer,embedding
1616,21021,NaN,NaN,NaN,NaN,NaN,NaN,NaN,transformer,embedding
1617,21034,NaN,NaN,NaN,NaN,NaN,NaN,NaN,transformer,embedding
1618,21047,NaN,NaN,NaN,NaN,NaN,NaN,NaN,transformer,embedding
1619,21060,NaN,NaN,NaN,NaN,NaN,NaN,NaN,transformer,embedding
1620,21073,NaN,NaN,NaN,NaN,NaN,NaN,NaN,transformer,embedding
1621,21086,NaN,NaN,NaN,NaN,1.6565945770707913e-07,100.0,1.0000001192092896,transformer,embedding
1622,21099,NaN,NaN,NaN,NaN,NaN,NaN,NaN,transformer,embedding
1623,21112,3.8897773890766985e-08,100.0,1.0,0.001,NaN,NaN,NaN,transformer,embedding
1624,21125,NaN,NaN,NaN,NaN,NaN,NaN,NaN,transformer,embedding
1625,21138,NaN,NaN,NaN,NaN,NaN,NaN,NaN,transformer,embedding
1626,21151,NaN,NaN,NaN,NaN,NaN,NaN,NaN,transformer,embedding
1627,21164,NaN,NaN,NaN,NaN,NaN,NaN,NaN,transformer,embedding
1628,21177,NaN,NaN,NaN,NaN,NaN,NaN,NaN,transformer,embedding
1629,21190,NaN,NaN,NaN,NaN,NaN,NaN,NaN,transformer,embedding
1630,21203,NaN,NaN,NaN,NaN,NaN,NaN,NaN,transformer,embedding
1631,21216,NaN,NaN,NaN,NaN,NaN,NaN,NaN,transformer,embedding
1632,21229,NaN,NaN,NaN,NaN,NaN,NaN,NaN,transformer,embedding
1633,21242,NaN,NaN,NaN,NaN,NaN,NaN,NaN,transformer,embedding
1634,21255,NaN,NaN,NaN,NaN,NaN,NaN,NaN,transformer,embedding
1635,21268,NaN,NaN,NaN,NaN,NaN,NaN,NaN,transformer,embedding
1636,21281,NaN,NaN,NaN,NaN,NaN,NaN,NaN,transformer,embedding
1637,21294,NaN,NaN,NaN,NaN,NaN,NaN,NaN,transformer,embedding
1638,21307,NaN,NaN,NaN,NaN,NaN,NaN,NaN,transformer,embedding
1639,21320,3.8074205122029525e-08,100.0,1.0,0.001,NaN,NaN,NaN,transformer,embedding
1640,21333,NaN,NaN,NaN,NaN,NaN,NaN,NaN,transformer,embedding
1641,21346,NaN,NaN,NaN,NaN,NaN,NaN,NaN,transformer,embedding
1642,21359,NaN,NaN,NaN,NaN,NaN,NaN,NaN,transformer,embedding
1643,21372,NaN,NaN,NaN,NaN,NaN,NaN,NaN,transformer,embedding
1644,21385,NaN,NaN,NaN,NaN,NaN,NaN,NaN,transformer,embedding
1645,21398,NaN,NaN,NaN,NaN,NaN,NaN,NaN,transformer,embedding
1646,21411,NaN,NaN,NaN,NaN,NaN,NaN,NaN,transformer,embedding
1647,21424,NaN,NaN,NaN,NaN,NaN,NaN,NaN,transformer,embedding
1648,21437,NaN,NaN,NaN,NaN,NaN,NaN,NaN,transformer,embedding
1649,21450,NaN,NaN,NaN,NaN,NaN,NaN,NaN,transformer,embedding
1650,21463,NaN,NaN,NaN,NaN,NaN,NaN,NaN,transformer,embedding
1651,21476,NaN,NaN,NaN,NaN,NaN,NaN,NaN,transformer,embedding
1652,21489,NaN,NaN,NaN,NaN,NaN,NaN,NaN,transformer,embedding
1653,21502,NaN,NaN,NaN,NaN,1.0229687319451841e-07,100.0,1.0000001192092896,transformer,embedding
1654,21515,NaN,NaN,NaN,NaN,NaN,NaN,NaN,transformer,embedding
1655,21528,3.701533302091775e-08,100.0,1.0,0.001,NaN,NaN,NaN,transformer,embedding
1656,21541,NaN,NaN,NaN,NaN,NaN,NaN,NaN,transformer,embedding
1657,21554,NaN,NaN,NaN,NaN,NaN,NaN,NaN,transformer,embedding
1658,21567,NaN,NaN,NaN,NaN,NaN,NaN,NaN,transformer,embedding
1659,21580,NaN,NaN,NaN,NaN,NaN,NaN,NaN,transformer,embedding
1660,21593,NaN,NaN,NaN,NaN,NaN,NaN,NaN,transformer,embedding
1661,21606,NaN,NaN,NaN,NaN,NaN,NaN,NaN,transformer,embedding
1662,21619,NaN,NaN,NaN,NaN,NaN,NaN,NaN,transformer,embedding
1663,21632,NaN,NaN,NaN,NaN,NaN,NaN,NaN,transformer,embedding
1664,21645,NaN,NaN,NaN,NaN,NaN,NaN,NaN,transformer,embedding
1665,21658,NaN,NaN,NaN,NaN,NaN,NaN,NaN,transformer,embedding
1666,21671,NaN,NaN,NaN,NaN,NaN,NaN,NaN,transformer,embedding
1667,21684,NaN,NaN,NaN,NaN,NaN,NaN,NaN,transformer,embedding
1668,21697,NaN,NaN,NaN,NaN,NaN,NaN,NaN,transformer,embedding
1669,21710,NaN,NaN,NaN,NaN,NaN,NaN,NaN,transformer,embedding
1670,21723,NaN,NaN,NaN,NaN,NaN,NaN,NaN,transformer,embedding
1671,21736,3.569400064407091e-08,100.0,1.0,0.001,NaN,NaN,NaN,transformer,embedding
1672,21749,NaN,NaN,NaN,NaN,NaN,NaN,NaN,transformer,embedding
1673,21762,NaN,NaN,NaN,NaN,NaN,NaN,NaN,transformer,embedding
1674,21775,NaN,NaN,NaN,NaN,NaN,NaN,NaN,transformer,embedding
1675,21788,NaN,NaN,NaN,NaN,NaN,NaN,NaN,transformer,embedding
1676,21801,NaN,NaN,NaN,NaN,NaN,NaN,NaN,transformer,embedding
1677,21814,NaN,NaN,NaN,NaN,NaN,NaN,NaN,transformer,embedding
1678,21827,NaN,NaN,NaN,NaN,NaN,NaN,NaN,transformer,embedding
1679,21840,NaN,NaN,NaN,NaN,NaN,NaN,NaN,transformer,embedding
1680,21853,NaN,NaN,NaN,NaN,NaN,NaN,NaN,transformer,embedding
1681,21866,NaN,NaN,NaN,NaN,NaN,NaN,NaN,transformer,embedding
1682,21879,NaN,NaN,NaN,NaN,NaN,NaN,NaN,transformer,embedding
1683,21892,NaN,NaN,NaN,NaN,NaN,NaN,NaN,transformer,embedding
1684,21905,NaN,NaN,NaN,NaN,NaN,NaN,NaN,transformer,embedding
1685,21918,NaN,NaN,NaN,NaN,NaN,NaN,NaN,transformer,embedding
1686,21931,NaN,NaN,NaN,NaN,9.279567336761829e-08,100.0,1.0000001192092896,transformer,embedding
1687,21944,3.4979034779780704e-08,100.0,1.0,0.001,NaN,NaN,NaN,transformer,embedding
1688,21957,NaN,NaN,NaN,NaN,NaN,NaN,NaN,transformer,embedding
1689,21970,NaN,NaN,NaN,NaN,NaN,NaN,NaN,transformer,embedding
1690,21983,NaN,NaN,NaN,NaN,NaN,NaN,NaN,transformer,embedding
1691,21996,NaN,NaN,NaN,NaN,NaN,NaN,NaN,transformer,embedding
1692,22009,NaN,NaN,NaN,NaN,NaN,NaN,NaN,transformer,embedding
1693,22022,NaN,NaN,NaN,NaN,NaN,NaN,NaN,transformer,embedding
1694,22035,NaN,NaN,NaN,NaN,NaN,NaN,NaN,transformer,embedding
1695,22048,NaN,NaN,NaN,NaN,NaN,NaN,NaN,transformer,embedding
1696,22061,NaN,NaN,NaN,NaN,NaN,NaN,NaN,transformer,embedding
1697,22074,NaN,NaN,NaN,NaN,NaN,NaN,NaN,transformer,embedding
1698,22087,NaN,NaN,NaN,NaN,NaN,NaN,NaN,transformer,embedding
1699,22100,NaN,NaN,NaN,NaN,NaN,NaN,NaN,transformer,embedding
1700,22113,NaN,NaN,NaN,NaN,NaN,NaN,NaN,transformer,embedding
1701,22126,NaN,NaN,NaN,NaN,NaN,NaN,NaN,transformer,embedding
1702,22139,NaN,NaN,NaN,NaN,NaN,NaN,NaN,transformer,embedding
1703,22152,3.538629300692264e-08,100.0,1.0,0.001,NaN,NaN,NaN,transformer,embedding
1704,22165,NaN,NaN,NaN,NaN,NaN,NaN,NaN,transformer,embedding
1705,22178,NaN,NaN,NaN,NaN,NaN,NaN,NaN,transformer,embedding
1706,22191,NaN,NaN,NaN,NaN,NaN,NaN,NaN,transformer,embedding
1707,22204,NaN,NaN,NaN,NaN,NaN,NaN,NaN,transformer,embedding
1708,22217,NaN,NaN,NaN,NaN,NaN,NaN,NaN,transformer,embedding
1709,22230,NaN,NaN,NaN,NaN,NaN,NaN,NaN,transformer,embedding
1710,22243,NaN,NaN,NaN,NaN,NaN,NaN,NaN,transformer,embedding
1711,22256,NaN,NaN,NaN,NaN,NaN,NaN,NaN,transformer,embedding
1712,22269,NaN,NaN,NaN,NaN,NaN,NaN,NaN,transformer,embedding
1713,22282,NaN,NaN,NaN,NaN,NaN,NaN,NaN,transformer,embedding
1714,22295,NaN,NaN,NaN,NaN,NaN,NaN,NaN,transformer,embedding
1715,22308,NaN,NaN,NaN,NaN,NaN,NaN,NaN,transformer,embedding
1716,22321,NaN,NaN,NaN,NaN,NaN,NaN,NaN,transformer,embedding
1717,22334,NaN,NaN,NaN,NaN,NaN,NaN,NaN,transformer,embedding
1718,22347,NaN,NaN,NaN,NaN,NaN,NaN,NaN,transformer,embedding
1719,22360,NaN,NaN,NaN,NaN,8.819286279049265e-08,100.0,1.0000001192092896,transformer,embedding
1720,22373,3.3865859450088465e-08,100.0,1.0,0.001,NaN,NaN,NaN,transformer,embedding
1721,22386,NaN,NaN,NaN,NaN,NaN,NaN,NaN,transformer,embedding
1722,22399,NaN,NaN,NaN,NaN,NaN,NaN,NaN,transformer,embedding
1723,22412,NaN,NaN,NaN,NaN,NaN,NaN,NaN,transformer,embedding
1724,22425,NaN,NaN,NaN,NaN,NaN,NaN,NaN,transformer,embedding
1725,22438,NaN,NaN,NaN,NaN,NaN,NaN,NaN,transformer,embedding
1726,22451,NaN,NaN,NaN,NaN,NaN,NaN,NaN,transformer,embedding
1727,22464,NaN,NaN,NaN,NaN,NaN,NaN,NaN,transformer,embedding
1728,22477,NaN,NaN,NaN,NaN,NaN,NaN,NaN,transformer,embedding
1729,22490,NaN,NaN,NaN,NaN,NaN,NaN,NaN,transformer,embedding
1730,22503,NaN,NaN,NaN,NaN,NaN,NaN,NaN,transformer,embedding
1731,22516,NaN,NaN,NaN,NaN,NaN,NaN,NaN,transformer,embedding
1732,22529,NaN,NaN,NaN,NaN,NaN,NaN,NaN,transformer,embedding
1733,22542,NaN,NaN,NaN,NaN,NaN,NaN,NaN,transformer,embedding
1734,22555,NaN,NaN,NaN,NaN,NaN,NaN,NaN,transformer,embedding
1735,22568,NaN,NaN,NaN,NaN,NaN,NaN,NaN,transformer,embedding
1736,22581,NaN,NaN,NaN,NaN,NaN,NaN,NaN,transformer,embedding
1737,22594,3.3431451385013133e-08,100.0,1.0,0.001,NaN,NaN,NaN,transformer,embedding
1738,22607,NaN,NaN,NaN,NaN,NaN,NaN,NaN,transformer,embedding
1739,22620,NaN,NaN,NaN,NaN,NaN,NaN,NaN,transformer,embedding
1740,22633,NaN,NaN,NaN,NaN,NaN,NaN,NaN,transformer,embedding
1741,22646,NaN,NaN,NaN,NaN,NaN,NaN,NaN,transformer,embedding
1742,22659,NaN,NaN,NaN,NaN,NaN,NaN,NaN,transformer,embedding
1743,22672,NaN,NaN,NaN,NaN,NaN,NaN,NaN,transformer,embedding
1744,22685,NaN,NaN,NaN,NaN,NaN,NaN,NaN,transformer,embedding
1745,22698,NaN,NaN,NaN,NaN,NaN,NaN,NaN,transformer,embedding
1746,22711,NaN,NaN,NaN,NaN,NaN,NaN,NaN,transformer,embedding
1747,22724,NaN,NaN,NaN,NaN,NaN,NaN,NaN,transformer,embedding
1748,22737,NaN,NaN,NaN,NaN,NaN,NaN,NaN,transformer,embedding
1749,22750,NaN,NaN,NaN,NaN,NaN,NaN,NaN,transformer,embedding
1750,22763,NaN,NaN,NaN,NaN,NaN,NaN,NaN,transformer,embedding
1751,22776,NaN,NaN,NaN,NaN,NaN,NaN,NaN,transformer,embedding
1752,22789,NaN,NaN,NaN,NaN,NaN,NaN,NaN,transformer,embedding
1753,22802,NaN,NaN,NaN,NaN,1.1029915469862317e-07,100.0,1.0000001192092896,transformer,embedding
1754,22815,3.382060853596158e-08,100.0,1.0,0.001,NaN,NaN,NaN,transformer,embedding
1755,22828,NaN,NaN,NaN,NaN,NaN,NaN,NaN,transformer,embedding
1756,22841,NaN,NaN,NaN,NaN,NaN,NaN,NaN,transformer,embedding
1757,22854,NaN,NaN,NaN,NaN,NaN,NaN,NaN,transformer,embedding
1758,22867,NaN,NaN,NaN,NaN,NaN,NaN,NaN,transformer,embedding
1759,22880,NaN,NaN,NaN,NaN,NaN,NaN,NaN,transformer,embedding
1760,22893,NaN,NaN,NaN,NaN,NaN,NaN,NaN,transformer,embedding
1761,22906,NaN,NaN,NaN,NaN,NaN,NaN,NaN,transformer,embedding
1762,22919,NaN,NaN,NaN,NaN,NaN,NaN,NaN,transformer,embedding
1763,22932,NaN,NaN,NaN,NaN,NaN,NaN,NaN,transformer,embedding
1764,22945,NaN,NaN,NaN,NaN,NaN,NaN,NaN,transformer,embedding
1765,22958,NaN,NaN,NaN,NaN,NaN,NaN,NaN,transformer,embedding
1766,22971,NaN,NaN,NaN,NaN,NaN,NaN,NaN,transformer,embedding
1767,22984,NaN,NaN,NaN,NaN,NaN,NaN,NaN,transformer,embedding
1768,22997,NaN,NaN,NaN,NaN,NaN,NaN,NaN,transformer,embedding
1769,23010,NaN,NaN,NaN,NaN,NaN,NaN,NaN,transformer,embedding
1770,23023,NaN,NaN,NaN,NaN,NaN,NaN,NaN,transformer,embedding
1771,23036,3.298799100548422e-08,100.0,1.0,0.001,NaN,NaN,NaN,transformer,embedding
1772,23049,NaN,NaN,NaN,NaN,NaN,NaN,NaN,transformer,embedding
1773,23062,NaN,NaN,NaN,NaN,NaN,NaN,NaN,transformer,embedding
1774,23075,NaN,NaN,NaN,NaN,NaN,NaN,NaN,transformer,embedding
1775,23088,NaN,NaN,NaN,NaN,NaN,NaN,NaN,transformer,embedding
1776,23101,NaN,NaN,NaN,NaN,NaN,NaN,NaN,transformer,embedding
1777,23114,NaN,NaN,NaN,NaN,NaN,NaN,NaN,transformer,embedding
1778,23127,NaN,NaN,NaN,NaN,NaN,NaN,NaN,transformer,embedding
1779,23140,NaN,NaN,NaN,NaN,NaN,NaN,NaN,transformer,embedding
1780,23153,NaN,NaN,NaN,NaN,NaN,NaN,NaN,transformer,embedding
1781,23166,NaN,NaN,NaN,NaN,NaN,NaN,NaN,transformer,embedding
1782,23179,NaN,NaN,NaN,NaN,NaN,NaN,NaN,transformer,embedding
1783,23192,NaN,NaN,NaN,NaN,NaN,NaN,NaN,transformer,embedding
1784,23205,NaN,NaN,NaN,NaN,NaN,NaN,NaN,transformer,embedding
1785,23218,NaN,NaN,NaN,NaN,NaN,NaN,NaN,transformer,embedding
1786,23231,NaN,NaN,NaN,NaN,NaN,NaN,NaN,transformer,embedding
1787,23244,NaN,NaN,NaN,NaN,NaN,NaN,NaN,transformer,embedding
1788,23257,3.295178885309724e-08,100.0,1.0,0.001,7.510225685791738e-08,100.0,1.0000001192092896,transformer,embedding
1789,23270,NaN,NaN,NaN,NaN,NaN,NaN,NaN,transformer,embedding
1790,23283,NaN,NaN,NaN,NaN,NaN,NaN,NaN,transformer,embedding
1791,23296,NaN,NaN,NaN,NaN,NaN,NaN,NaN,transformer,embedding
1792,23309,NaN,NaN,NaN,NaN,NaN,NaN,NaN,transformer,embedding
1793,23322,NaN,NaN,NaN,NaN,NaN,NaN,NaN,transformer,embedding
1794,23335,NaN,NaN,NaN,NaN,NaN,NaN,NaN,transformer,embedding
1795,23348,NaN,NaN,NaN,NaN,NaN,NaN,NaN,transformer,embedding
1796,23361,NaN,NaN,NaN,NaN,NaN,NaN,NaN,transformer,embedding
1797,23374,NaN,NaN,NaN,NaN,NaN,NaN,NaN,transformer,embedding
1798,23387,NaN,NaN,NaN,NaN,NaN,NaN,NaN,transformer,embedding
1799,23400,NaN,NaN,NaN,NaN,NaN,NaN,NaN,transformer,embedding
1800,23413,NaN,NaN,NaN,NaN,NaN,NaN,NaN,transformer,embedding
1801,23426,NaN,NaN,NaN,NaN,NaN,NaN,NaN,transformer,embedding
1802,23439,NaN,NaN,NaN,NaN,NaN,NaN,NaN,transformer,embedding
1803,23452,NaN,NaN,NaN,NaN,NaN,NaN,NaN,transformer,embedding
1804,23465,NaN,NaN,NaN,NaN,NaN,NaN,NaN,transformer,embedding
1805,23478,3.171191309547794e-08,100.0,1.0,0.001,NaN,NaN,NaN,transformer,embedding
1806,23491,NaN,NaN,NaN,NaN,NaN,NaN,NaN,transformer,embedding
1807,23504,NaN,NaN,NaN,NaN,NaN,NaN,NaN,transformer,embedding
1808,23517,NaN,NaN,NaN,NaN,NaN,NaN,NaN,transformer,embedding
1809,23530,NaN,NaN,NaN,NaN,NaN,NaN,NaN,transformer,embedding
1810,23543,NaN,NaN,NaN,NaN,NaN,NaN,NaN,transformer,embedding
1811,23556,NaN,NaN,NaN,NaN,NaN,NaN,NaN,transformer,embedding
1812,23569,NaN,NaN,NaN,NaN,NaN,NaN,NaN,transformer,embedding
1813,23582,NaN,NaN,NaN,NaN,NaN,NaN,NaN,transformer,embedding
1814,23595,NaN,NaN,NaN,NaN,NaN,NaN,NaN,transformer,embedding
1815,23608,NaN,NaN,NaN,NaN,NaN,NaN,NaN,transformer,embedding
1816,23621,NaN,NaN,NaN,NaN,NaN,NaN,NaN,transformer,embedding
1817,23634,NaN,NaN,NaN,NaN,NaN,NaN,NaN,transformer,embedding
1818,23647,NaN,NaN,NaN,NaN,NaN,NaN,NaN,transformer,embedding
1819,23660,NaN,NaN,NaN,NaN,NaN,NaN,NaN,transformer,embedding
1820,23673,NaN,NaN,NaN,NaN,NaN,NaN,NaN,transformer,embedding
1821,23686,NaN,NaN,NaN,NaN,NaN,NaN,NaN,transformer,embedding
1822,23699,NaN,NaN,NaN,NaN,NaN,NaN,NaN,transformer,embedding
1823,23712,3.234542589325429e-08,100.0,1.0,0.001,6.249724293638792e-08,100.0,1.0000001192092896,transformer,embedding
1824,23725,NaN,NaN,NaN,NaN,NaN,NaN,NaN,transformer,embedding
1825,23738,NaN,NaN,NaN,NaN,NaN,NaN,NaN,transformer,embedding
1826,23751,NaN,NaN,NaN,NaN,NaN,NaN,NaN,transformer,embedding
1827,23764,NaN,NaN,NaN,NaN,NaN,NaN,NaN,transformer,embedding
1828,23777,NaN,NaN,NaN,NaN,NaN,NaN,NaN,transformer,embedding
1829,23790,NaN,NaN,NaN,NaN,NaN,NaN,NaN,transformer,embedding
1830,23803,NaN,NaN,NaN,NaN,NaN,NaN,NaN,transformer,embedding
1831,23816,NaN,NaN,NaN,NaN,NaN,NaN,NaN,transformer,embedding
1832,23829,NaN,NaN,NaN,NaN,NaN,NaN,NaN,transformer,embedding
1833,23842,NaN,NaN,NaN,NaN,NaN,NaN,NaN,transformer,embedding
1834,23855,NaN,NaN,NaN,NaN,NaN,NaN,NaN,transformer,embedding
1835,23868,NaN,NaN,NaN,NaN,NaN,NaN,NaN,transformer,embedding
1836,23881,NaN,NaN,NaN,NaN,NaN,NaN,NaN,transformer,embedding
1837,23894,NaN,NaN,NaN,NaN,NaN,NaN,NaN,transformer,embedding
1838,23907,NaN,NaN,NaN,NaN,NaN,NaN,NaN,transformer,embedding
