epoch,global_step,train_loss,train_accuracy,train_perplexity,learning_rate,val_loss,val_accuracy,val_perplexity,model_type,encoding,k_value,total_param_l2_norm
0,4,4.5547051429748535,0.05313495546579361,95.07872009277344,0.0004,3.9198737144470215,0.0,50.394081115722656,transformer,embedding,2,295.5697527253069
1,8,3.442765474319458,0.0,31.273324966430664,0.0008,2.9321329593658447,0.0,18.76761817932129,transformer,embedding,2,295.1527181006968
2,12,2.8591461181640625,0.0,17.446622848510742,0.001,2.6687347888946533,0.0,14.421710968017578,transformer,embedding,2,294.5421711988747
3,16,2.6009111404418945,0.0,13.476011276245117,0.001,2.548164129257202,0.0,12.783613204956055,transformer,embedding,2,293.91916213184595
4,20,2.461211919784546,0.0,11.719005584716797,0.001,2.404855728149414,0.0,11.076831817626953,transformer,embedding,2,293.25440457463264
5,24,2.3546979427337646,0.5313495993614197,10.53494644165039,0.001,2.3668625354766846,0.8502723574638367,10.6638822555542,transformer,embedding,2,292.56499230116606
6,28,2.3254828453063965,1.6471837759017944,10.231618881225586,0.001,2.3461835384368896,0.9299854040145874,10.44562816619873,transformer,embedding,2,291.8095593303442
7,32,2.3094735145568848,1.487778902053833,10.069122314453125,0.001,2.331519603729248,0.9034143686294556,10.293571472167969,transformer,embedding,2,290.97841276973486
8,36,2.3000102043151855,1.9659935235977173,9.974284172058105,0.001,2.3235156536102295,0.8369868397712708,10.211511611938477,transformer,embedding,2,290.0799933820963
9,40,2.294633388519287,1.9128586053848267,9.920798301696777,0.001,2.3202569484710693,0.8237013220787048,10.178289413452148,transformer,embedding,2,289.1271536052227
10,44,2.290783643722534,1.6471837759017944,9.882678985595703,0.001,2.3185484409332275,0.7705593109130859,10.160914421081543,transformer,embedding,2,288.13704527169466
11,48,2.2872791290283203,1.9659936428070068,9.848105430603027,0.001,NaN,NaN,NaN,transformer,embedding,2,287.1233046874404
12,52,2.2846879959106445,1.859723687171936,9.82262134552002,0.001,2.3176164627075195,0.8502723574638367,10.151449203491211,transformer,embedding,2,286.1023259535432
13,56,2.281782865524292,1.859723687171936,9.794126510620117,0.001,NaN,NaN,NaN,transformer,embedding,2,285.0840930342674
14,60,2.2783234119415283,2.1253983974456787,9.760302543640137,0.001,2.315891742706299,0.7838448286056519,10.133955955505371,transformer,embedding,2,284.07767563313246
15,64,2.2750816345214844,2.656748056411743,9.728713035583496,0.001,NaN,NaN,NaN,transformer,embedding,2,283.091068841517
16,68,2.2689738273620605,2.3379383087158203,9.669472694396973,0.001,2.3183388710021973,0.7705593109130859,10.158784866333008,transformer,embedding,2,282.131065800786
17,72,2.2626378536224365,2.2848033905029297,9.60840129852295,0.001,NaN,NaN,NaN,transformer,embedding,2,281.21139293164015
18,76,2.253624677658081,2.391073226928711,9.522188186645508,0.001,2.3341562747955322,0.6244187355041504,10.320748329162598,transformer,embedding,2,280.34615755081177
19,80,2.2416467666625977,3.2412326335906982,9.408812522888184,0.001,NaN,NaN,NaN,transformer,embedding,2,279.5165976434946
20,84,2.222485303878784,3.878852367401123,9.230242729187012,0.001,2.3419172763824463,0.8502723574638367,10.401159286499023,transformer,embedding,2,278.7595629096031
21,88,2.1886119842529297,4.675876617431641,8.922819137573242,0.001,NaN,NaN,NaN,transformer,embedding,2,278.0819768384099
22,92,2.145475387573242,6.801275253295898,8.546102523803711,0.001,2.427823781967163,0.7971303462982178,11.334189414978027,transformer,embedding,2,277.433017462492
23,96,2.1029722690582275,7.332624435424805,8.190478324890137,0.001,NaN,NaN,NaN,transformer,embedding,2,276.74945771694183
24,100,2.0724453926086426,9.2454833984375,7.944226264953613,0.001,2.452277898788452,0.8369868397712708,11.614773750305176,transformer,embedding,2,276.040968708694
25,104,2.0277302265167236,11.53028678894043,7.596823692321777,0.001,NaN,NaN,NaN,transformer,embedding,2,275.33701521903276
26,108,1.9912281036376953,13.496280670166016,7.324523448944092,0.001,2.477027177810669,0.9432709217071533,11.905817985534668,transformer,embedding,2,274.6649249345064
27,112,1.9580949544906616,14.558979988098145,7.0858154296875,0.001,NaN,NaN,NaN,transformer,embedding,2,274.0360568538308
28,116,1.9217288494110107,16.0467586517334,6.832761287689209,0.001,2.5009727478027344,1.1956955194473267,12.194350242614746,transformer,embedding,2,273.44307377934456
29,120,1.8892639875411987,17.53453826904297,6.614498615264893,0.001,NaN,NaN,NaN,transformer,embedding,2,272.87953501939774
30,124,1.8572638034820557,19.181720733642578,6.406184196472168,0.001,2.519582509994507,1.2222665548324585,12.423408508300781,transformer,embedding,2,272.3129526525736
31,128,1.8244144916534424,20.350690841674805,6.199164390563965,0.001,NaN,NaN,NaN,transformer,embedding,2,271.7967516332865
32,132,1.7867610454559326,21.67906379699707,5.970084190368652,0.001,2.5435469150543213,1.3285505771636963,12.724724769592285,transformer,embedding,2,271.30145144462585
33,136,1.7529938220977783,23.591922760009766,5.771856784820557,0.001,NaN,NaN,NaN,transformer,embedding,2,270.85652127861977
34,140,1.7230784893035889,25.770456314086914,5.601747035980225,0.001,2.5651612281799316,1.5809751749038696,13.002754211425781,transformer,embedding,2,270.43066626787186
35,144,1.6855957508087158,26.195537567138672,5.395664215087891,0.001,NaN,NaN,NaN,transformer,embedding,2,270.0455133393407
36,148,1.6488195657730103,27.948989868164062,5.200837135314941,0.001,2.5811073780059814,1.527833104133606,13.211760520935059,transformer,embedding,2,269.6818992868066
37,152,1.6116445064544678,30.1806583404541,5.011044979095459,0.001,NaN,NaN,NaN,transformer,embedding,2,269.36296074837446
38,156,1.5761069059371948,32.35919189453125,4.8360915184021,0.001,2.6039786338806152,1.9795403480529785,13.517412185668945,transformer,embedding,2,269.0503262579441
39,160,1.5323429107666016,34.16577911376953,4.629009246826172,0.001,NaN,NaN,NaN,transformer,embedding,2,268.7726834118366
40,164,1.4973697662353516,37.513282775878906,4.469916820526123,0.001,2.624563694000244,2.603959083557129,13.798552513122559,transformer,embedding,2,268.5159452408552
41,168,1.4526848793029785,38.78852081298828,4.274575710296631,0.001,NaN,NaN,NaN,transformer,embedding,2,268.28045862168074
42,172,1.4213045835494995,41.126461029052734,4.142521381378174,0.001,2.642631769180298,2.8829548358917236,14.050131797790527,transformer,embedding,2,268.084451392293
43,176,1.3825236558914185,42.826778411865234,3.98494553565979,0.001,NaN,NaN,NaN,transformer,embedding,2,267.89861795306206
44,180,1.3436729907989502,45.058448791503906,3.833096504211426,0.001,2.664398670196533,3.480802536010742,14.359312057495117,transformer,embedding,2,267.72959684580564
45,184,1.298494577407837,47.927734375,3.6637768745422363,0.001,NaN,NaN,NaN,transformer,embedding,2,267.58467157930136
46,188,1.2520593404769897,50.531349182128906,3.4975380897521973,0.001,2.6780691146850586,3.8793675899505615,14.556958198547363,transformer,embedding,2,267.45805241167545
47,192,1.207155466079712,53.931983947753906,3.343959093093872,0.001,NaN,NaN,NaN,transformer,embedding,2,267.31896018236876
48,196,1.1717684268951416,54.41020202636719,3.2276954650878906,0.001,2.699885845184326,4.07865047454834,14.878033638000488,transformer,embedding,2,267.21670173853636
49,200,1.1219604015350342,57.598297119140625,3.070868492126465,0.001,NaN,NaN,NaN,transformer,embedding,2,267.10556910187006
50,204,1.06890070438385,61.63655471801758,2.9121763706207275,0.001,2.7232778072357178,4.70306921005249,15.230161666870117,transformer,embedding,2,267.00394677370787
51,208,1.0214424133300781,64.61211395263672,2.77719783782959,0.001,NaN,NaN,NaN,transformer,embedding,2,266.9421482011676
52,212,0.9771587252616882,67.3219985961914,2.6568965911865234,0.001,NaN,NaN,NaN,transformer,embedding,2,266.8617361038923
53,216,0.9324851036071777,70.51009368896484,2.540815591812134,0.001,NaN,NaN,NaN,transformer,embedding,2,266.7967494428158
54,220,0.887934684753418,73.11370849609375,2.430105447769165,0.001,NaN,NaN,NaN,transformer,embedding,2,266.7288968786597
55,224,0.8457096815109253,75.55791473388672,2.3296306133270264,0.001,2.768564462661743,5.978477478027344,15.935741424560547,transformer,embedding,2,266.6697756126523
56,228,0.8084314465522766,77.31137084960938,2.244384765625,0.001,NaN,NaN,NaN,transformer,embedding,2,266.58602214604616
57,232,0.7527651190757751,80.81827545166016,2.122861862182617,0.001,NaN,NaN,NaN,transformer,embedding,2,266.52602460980415
58,236,0.7072451114654541,83.36875915527344,2.028395652770996,0.001,NaN,NaN,NaN,transformer,embedding,2,266.428086489439
59,240,0.6649035215377808,86.55685424804688,1.9443029165267944,0.001,NaN,NaN,NaN,transformer,embedding,2,266.347918510437
60,244,0.6218910813331604,88.04463195800781,1.8624467849731445,0.001,2.812065362930298,7.798591613769531,16.644258499145508,transformer,embedding,2,266.22586519271135
61,248,0.5767667293548584,91.81721496582031,1.7802729606628418,0.001,NaN,NaN,NaN,transformer,embedding,2,266.10405591875315
62,252,0.5518801212310791,91.97662353515625,1.7365148067474365,0.001,NaN,NaN,NaN,transformer,embedding,2,265.9712458178401
63,256,0.508750855922699,94.04888153076172,1.6632122993469238,0.001,NaN,NaN,NaN,transformer,embedding,2,265.83351377397776
64,260,0.47259873151779175,95.27098083496094,1.604157567024231,0.001,NaN,NaN,NaN,transformer,embedding,2,265.66124725341797
65,264,0.4303978979587555,96.28054809570312,1.5378693342208862,0.001,2.867511749267578,8.609007835388184,17.59318733215332,transformer,embedding,2,265.51126915216446
66,268,0.399300217628479,97.34324645996094,1.4907810688018799,0.001,NaN,NaN,NaN,transformer,embedding,2,265.32303234934807
67,272,0.3662652373313904,98.19341278076172,1.4423377513885498,0.001,NaN,NaN,NaN,transformer,embedding,2,265.1157395839691
68,276,0.33945056796073914,98.19341278076172,1.404175877571106,0.001,NaN,NaN,NaN,transformer,embedding,2,264.8973347246647
69,280,0.3096262514591217,98.88416290283203,1.3629156351089478,0.001,NaN,NaN,NaN,transformer,embedding,2,264.66900561004877
70,284,0.28118836879730225,99.6280517578125,1.3247030973434448,0.001,2.913133382797241,10.110269546508789,18.41440773010254,transformer,embedding,2,264.4274622127414
71,288,0.25820493698120117,99.68119049072266,1.2946040630340576,0.001,NaN,NaN,NaN,transformer,embedding,2,264.16690021008253
72,292,0.23447521030902863,99.78746032714844,1.2642451524734497,0.001,NaN,NaN,NaN,transformer,embedding,2,263.877418987453
73,296,0.2107640504837036,99.94686889648438,1.2346210479736328,0.001,NaN,NaN,NaN,transformer,embedding,2,263.5642937719822
74,300,0.19323758780956268,99.94686889648438,1.2131710052490234,0.001,NaN,NaN,NaN,transformer,embedding,2,263.23251158744097
75,304,0.1759774535894394,99.89373016357422,1.192411184310913,0.001,2.9600465297698975,11.106682777404785,19.298870086669922,transformer,embedding,2,262.880309201777
76,308,0.16124585270881653,100.0,1.1749738454818726,0.001,NaN,NaN,NaN,transformer,embedding,2,262.5067162588239
77,312,0.1499616652727127,100.0,1.1617896556854248,0.001,NaN,NaN,NaN,transformer,embedding,2,262.1200620755553
78,316,0.1389109343290329,100.0,1.1490217447280884,0.001,NaN,NaN,NaN,transformer,embedding,2,261.7242931649089
79,320,0.1271352916955948,99.94686889648438,1.1355706453323364,0.001,NaN,NaN,NaN,transformer,embedding,2,261.3225234821439
80,324,0.1137477457523346,100.0,1.1204694509506226,0.001,2.99912428855896,11.691245079040527,20.067955017089844,transformer,embedding,2,260.90009140223265
81,328,0.1060645580291748,99.89373016357422,1.111893653869629,0.001,NaN,NaN,NaN,transformer,embedding,2,260.45617067813873
82,332,0.09925249218940735,100.0,1.1043450832366943,0.001,NaN,NaN,NaN,transformer,embedding,2,260.0101979598403
83,336,0.09142926335334778,100.0,1.0957392454147339,0.001,NaN,NaN,NaN,transformer,embedding,2,259.54536405950785
84,340,0.08815129846334457,100.0,1.0921533107757568,0.001,NaN,NaN,NaN,transformer,embedding,2,259.0816984400153
85,344,0.08042828738689423,100.0,1.0837510824203491,0.001,3.0307254791259766,12.07652473449707,20.71225357055664,transformer,embedding,2,258.60648938268423
86,348,0.07449253648519516,100.0,1.0773372650146484,0.001,NaN,NaN,NaN,transformer,embedding,2,258.1306154355407
87,352,0.07176356762647629,100.0,1.0744012594223022,0.001,NaN,NaN,NaN,transformer,embedding,2,257.6503632441163
88,356,0.06492161750793457,100.0,1.0670753717422485,0.001,NaN,NaN,NaN,transformer,embedding,2,257.1485710516572
89,360,0.06204349547624588,100.0,1.0640085935592651,0.001,NaN,NaN,NaN,transformer,embedding,2,256.6501009911299
90,364,0.060336049646139145,100.0,1.0621933937072754,0.001,3.046537160873413,12.395377159118652,21.0423526763916,transformer,embedding,2,256.1458762511611
91,368,0.05765720456838608,100.0,1.0593518018722534,0.001,NaN,NaN,NaN,transformer,embedding,2,255.6415317133069
92,372,0.054524268954992294,100.0,1.0560381412506104,0.001,NaN,NaN,NaN,transformer,embedding,2,255.15020506829023
93,376,0.05187540873885155,100.0,1.0532444715499878,0.001,NaN,NaN,NaN,transformer,embedding,2,254.6578071936965
94,380,0.050254374742507935,100.0,1.0515385866165161,0.001,NaN,NaN,NaN,transformer,embedding,2,254.16729699075222
95,384,0.0459427610039711,100.0,1.0470144748687744,0.001,3.0476343631744385,12.79394245147705,21.065452575683594,transformer,embedding,2,253.67195679992437
96,388,0.04366130754351616,100.0,1.0446285009384155,0.001,NaN,NaN,NaN,transformer,embedding,2,253.16576054692268
97,392,0.040907565504312515,100.0,1.0417557954788208,0.001,NaN,NaN,NaN,transformer,embedding,2,252.6610898002982
98,396,0.038325268775224686,100.0,1.0390691757202148,0.001,NaN,NaN,NaN,transformer,embedding,2,252.14101571589708
99,400,0.03696763888001442,100.0,1.0376594066619873,0.001,NaN,NaN,NaN,transformer,embedding,2,251.62635409832
100,404,0.03550298139452934,100.0,1.0361406803131104,0.001,3.059114456176758,13.046366691589355,21.308679580688477,transformer,embedding,2,251.0996880531311
101,408,0.033816128969192505,100.0,1.034394383430481,0.001,NaN,NaN,NaN,transformer,embedding,2,250.5852913632989
102,412,0.03222018480300903,100.0,1.0327448844909668,0.001,NaN,NaN,NaN,transformer,embedding,2,250.0639398097992
103,416,0.03050363063812256,100.0,1.0309736728668213,0.001,NaN,NaN,NaN,transformer,embedding,2,249.54026620090008
104,420,0.028827130794525146,100.0,1.0292466878890991,0.001,NaN,NaN,NaN,transformer,embedding,2,249.01248010993004
105,424,0.028409425169229507,100.0,1.028816819190979,0.001,3.064920425415039,13.444931983947754,21.432756423950195,transformer,embedding,2,248.48418149352074
106,428,0.026764586567878723,100.0,1.0271259546279907,0.001,NaN,NaN,NaN,transformer,embedding,2,247.963025175035
107,432,0.026262570172548294,100.0,1.0266104936599731,0.001,NaN,NaN,NaN,transformer,embedding,2,247.44120585918427
108,436,0.025699961930513382,100.0,1.0260330438613892,0.001,NaN,NaN,NaN,transformer,embedding,2,246.93472024053335
109,440,0.025076165795326233,100.0,1.0253932476043701,0.001,NaN,NaN,NaN,transformer,embedding,2,246.4368934854865
110,444,0.023952150717377663,100.0,1.024241328239441,0.001,3.0688118934631348,13.710641860961914,21.51632308959961,transformer,embedding,2,245.95063068717718
111,448,0.02331852726638317,100.0,1.023592472076416,0.001,NaN,NaN,NaN,transformer,embedding,2,245.46140513569117
112,452,0.023043837398290634,100.0,1.0233113765716553,0.001,NaN,NaN,NaN,transformer,embedding,2,244.9847573414445
113,456,0.022766193374991417,100.0,1.0230273008346558,0.001,NaN,NaN,NaN,transformer,embedding,2,244.52130886912346
114,460,0.021971192210912704,100.0,1.0222142934799194,0.001,NaN,NaN,NaN,transformer,embedding,2,244.07415042817593
115,464,0.020566152408719063,100.0,1.0207791328430176,0.001,3.084690809249878,13.657500267028809,21.860706329345703,transformer,embedding,2,243.6339091733098
116,468,0.02033665031194687,100.0,1.0205448865890503,0.001,NaN,NaN,NaN,transformer,embedding,2,243.1823102682829
117,472,0.018760815262794495,100.0,1.0189379453659058,0.001,NaN,NaN,NaN,transformer,embedding,2,242.7390739545226
118,476,0.018221599981188774,100.0,1.0183886289596558,0.001,NaN,NaN,NaN,transformer,embedding,2,242.2837789133191
119,480,0.016744030639529228,100.0,1.0168850421905518,0.001,NaN,NaN,NaN,transformer,embedding,2,241.82364577054977
120,484,0.01602097973227501,100.0,1.0161499977111816,0.001,3.0924289226531982,13.94978141784668,22.0305233001709,transformer,embedding,2,241.3565471097827
121,488,0.015441659837961197,100.0,1.0155614614486694,0.001,NaN,NaN,NaN,transformer,embedding,2,240.87316278368235
122,492,0.01474323682487011,100.0,1.0148524045944214,0.001,NaN,NaN,NaN,transformer,embedding,2,240.38878229260445
123,496,0.014332564547657967,100.0,1.0144357681274414,0.001,NaN,NaN,NaN,transformer,embedding,2,239.9135351628065
124,500,0.013633744791150093,100.0,1.013727068901062,0.001,NaN,NaN,NaN,transformer,embedding,2,239.43738678842783
125,504,0.01295827142894268,100.0,1.0130425691604614,0.001,3.092203140258789,14.348345756530762,22.025550842285156,transformer,embedding,2,238.96200436353683
126,508,0.012560135684907436,100.0,1.0126394033432007,0.001,NaN,NaN,NaN,transformer,embedding,2,238.48654230684042
127,512,0.012194233015179634,100.0,1.0122689008712769,0.001,NaN,NaN,NaN,transformer,embedding,2,238.01154163479805
128,516,0.011723702773451805,100.0,1.0117926597595215,0.001,NaN,NaN,NaN,transformer,embedding,2,237.53481382131577
129,520,0.01129462756216526,100.0,1.011358618736267,0.001,NaN,NaN,NaN,transformer,embedding,2,237.06255754828453
130,524,0.011128377169370651,100.0,1.0111905336380005,0.001,3.109389543533325,13.883353233337402,22.40736198425293,transformer,embedding,2,236.60325398296118
131,528,0.010886861942708492,100.0,1.0109463930130005,0.001,NaN,NaN,NaN,transformer,embedding,2,236.14713788032532
132,532,0.010908767580986023,100.0,1.0109684467315674,0.001,NaN,NaN,NaN,transformer,embedding,2,235.70921003073454
133,536,0.010560903698205948,100.0,1.0106168985366821,0.001,NaN,NaN,NaN,transformer,embedding,2,235.28585826605558
134,540,0.010815024375915527,100.0,1.0108736753463745,0.001,NaN,NaN,NaN,transformer,embedding,2,234.86864096671343
135,544,0.010619639419019222,100.0,1.0106762647628784,0.001,3.1112303733825684,14.308489799499512,22.44864845275879,transformer,embedding,2,234.48886496573687
136,548,0.009968617931008339,100.0,1.0100184679031372,0.001,NaN,NaN,NaN,transformer,embedding,2,234.10900175571442
137,552,0.010638583451509476,100.0,1.0106953382492065,0.001,NaN,NaN,NaN,transformer,embedding,2,233.74866370856762
138,556,0.591375470161438,71.94474029541016,1.8064714670181274,0.001,NaN,NaN,NaN,transformer,embedding,2,233.6560995876789
139,560,1.444656252861023,34.590858459472656,4.240394115447998,0.001,NaN,NaN,NaN,transformer,embedding,2,234.26766750961542
140,564,1.046773910522461,57.91710662841797,2.848446846008301,0.001,3.0966989994049072,5.752624034881592,22.12479591369629,transformer,embedding,2,235.2908260896802
141,568,0.540417492389679,77.09883117675781,1.7167234420776367,0.001,NaN,NaN,NaN,transformer,embedding,2,236.23859629034996
142,572,0.34994545578956604,89.95748901367188,1.418990135192871,0.001,NaN,NaN,NaN,transformer,embedding,2,236.96963158249855
143,576,0.22655053436756134,95.74919891357422,1.2542660236358643,0.001,NaN,NaN,NaN,transformer,embedding,2,237.3959985524416
144,580,0.151523619890213,98.67162322998047,1.163605809211731,0.001,NaN,NaN,NaN,transformer,embedding,2,237.5456598699093
145,584,0.11278681457042694,99.57492065429688,1.119393229484558,0.001,3.251640796661377,9.538992881774902,25.832691192626953,transformer,embedding,2,237.47730053961277
146,588,0.08169438689947128,99.84059143066406,1.085124135017395,0.001,NaN,NaN,NaN,transformer,embedding,2,237.24564975500107
147,592,0.06451950967311859,100.0,1.0666463375091553,0.001,NaN,NaN,NaN,transformer,embedding,2,236.84520985931158
148,596,0.05156277120113373,100.0,1.052915334701538,0.001,NaN,NaN,NaN,transformer,embedding,2,236.34300150722265
149,600,0.043229103088378906,100.0,1.0441770553588867,0.001,NaN,NaN,NaN,transformer,embedding,2,235.7593313753605
150,604,0.036809615790843964,100.0,1.037495493888855,0.001,3.226567029953003,11.651388168334961,25.193021774291992,transformer,embedding,2,235.11734261363745
151,608,0.03265783190727234,100.0,1.0331969261169434,0.001,NaN,NaN,NaN,transformer,embedding,2,234.42976953089237
152,612,0.029769618064165115,100.0,1.030217170715332,0.001,NaN,NaN,NaN,transformer,embedding,2,233.72132800519466
153,616,0.027606617659330368,100.0,1.0279911756515503,0.001,NaN,NaN,NaN,transformer,embedding,2,232.98789443820715
154,620,0.025807136669754982,100.0,1.0261430740356445,0.001,NaN,NaN,NaN,transformer,embedding,2,232.2431084960699
155,624,0.024706920608878136,100.0,1.0250146389007568,0.001,3.196953535079956,12.408662796020508,24.45790672302246,transformer,embedding,2,231.4938116967678
156,628,0.0238286554813385,100.0,1.0241148471832275,0.001,NaN,NaN,NaN,transformer,embedding,2,230.7388914451003
157,632,0.023236967623233795,100.0,1.0235090255737305,0.001,NaN,NaN,NaN,transformer,embedding,2,229.98670035600662
158,636,0.02283579669892788,100.0,1.0230985879898071,0.001,NaN,NaN,NaN,transformer,embedding,2,229.24040009826422
159,640,0.022328920662403107,100.0,1.0225800275802612,0.001,NaN,NaN,NaN,transformer,embedding,2,228.49882517009974
160,644,0.02207125537097454,100.0,1.022316575050354,0.001,3.157341718673706,12.886940956115723,23.50802230834961,transformer,embedding,2,227.76775453984737
161,648,0.021836623549461365,100.0,1.0220768451690674,0.001,NaN,NaN,NaN,transformer,embedding,2,227.0433243662119
162,652,0.02165260538458824,100.0,1.0218887329101562,0.001,NaN,NaN,NaN,transformer,embedding,2,226.3320063278079
163,656,0.02155836671590805,100.0,1.0217924118041992,0.001,NaN,NaN,NaN,transformer,embedding,2,225.63176517933607
164,660,0.021227587014436722,100.0,1.0214544534683228,0.001,NaN,NaN,NaN,transformer,embedding,2,224.94745564460754
165,664,0.021147601306438446,100.0,1.0213727951049805,0.001,3.1202032566070557,13.25893497467041,22.650983810424805,transformer,embedding,2,224.27936055511236
166,668,0.02084042690694332,100.0,1.0210591554641724,0.001,NaN,NaN,NaN,transformer,embedding,2,223.62097162753344
167,672,0.02068295329809189,100.0,1.0208983421325684,0.001,NaN,NaN,NaN,transformer,embedding,2,222.97984892129898
168,676,0.020604582503437996,100.0,1.0208183526992798,0.001,NaN,NaN,NaN,transformer,embedding,2,222.35321637243032
169,680,0.020313624292612076,100.0,1.0205214023590088,0.001,NaN,NaN,NaN,transformer,embedding,2,221.74203527718782
170,684,0.0201367549598217,100.0,1.020340919494629,0.001,3.09599232673645,13.365219116210938,22.109167098999023,transformer,embedding,2,221.14414086937904
171,688,0.020132292062044144,100.0,1.0203362703323364,0.001,NaN,NaN,NaN,transformer,embedding,2,220.56492776423693
172,692,0.019708074629306793,100.0,1.019903540611267,0.001,NaN,NaN,NaN,transformer,embedding,2,220.00141274929047
173,696,0.019554048776626587,100.0,1.0197464227676392,0.001,NaN,NaN,NaN,transformer,embedding,2,219.452321536839
174,700,0.019054900854825974,100.0,1.0192376375198364,0.001,NaN,NaN,NaN,transformer,embedding,2,218.92156497389078
175,704,0.018798528239130974,100.0,1.0189763307571411,0.001,3.077361822128296,13.418360710144043,21.701074600219727,transformer,embedding,2,218.39829652011395
176,708,0.018531400710344315,100.0,1.0187041759490967,0.001,NaN,NaN,NaN,transformer,embedding,2,217.89508756250143
177,712,0.018155496567487717,100.0,1.0183212757110596,0.001,NaN,NaN,NaN,transformer,embedding,2,217.40439259260893
178,716,0.018000148236751556,100.0,1.0181630849838257,0.001,NaN,NaN,NaN,transformer,embedding,2,216.92953385412693
179,720,0.01759013906121254,100.0,1.0177457332611084,0.001,NaN,NaN,NaN,transformer,embedding,2,216.47297435998917
180,724,0.017405061051249504,100.0,1.0175573825836182,0.001,3.073798179626465,13.763784408569336,21.623878479003906,transformer,embedding,2,216.02850028127432
181,728,0.017417900264263153,100.0,1.0175704956054688,0.001,NaN,NaN,NaN,transformer,embedding,2,215.5992352515459
182,732,0.017179030925035477,100.0,1.0173274278640747,0.001,NaN,NaN,NaN,transformer,embedding,2,215.18713034689426
183,736,0.0164641160517931,100.0,1.0166003704071045,0.001,NaN,NaN,NaN,transformer,embedding,2,214.79232347011566
184,740,0.016026929020881653,100.0,1.0161560773849487,0.001,NaN,NaN,NaN,transformer,embedding,2,214.4054939672351
185,744,0.016344929113984108,100.0,1.016479253768921,0.001,3.0853047370910645,13.431646347045898,21.87413215637207,transformer,embedding,2,214.03546890616417
186,748,0.016383379697799683,100.0,1.0165183544158936,0.001,NaN,NaN,NaN,transformer,embedding,2,213.69024273753166
187,752,0.015040270984172821,100.0,1.0151540040969849,0.001,NaN,NaN,NaN,transformer,embedding,2,213.35852025449276
188,756,0.014907103031873703,100.0,1.0150188207626343,0.001,NaN,NaN,NaN,transformer,embedding,2,213.02606386691332
189,760,0.015456565655767918,100.0,1.0155766010284424,0.001,NaN,NaN,NaN,transformer,embedding,2,212.72339966893196
190,764,0.014654526486992836,100.0,1.0147624015808105,0.001,3.0955810546875,13.630928993225098,22.10007667541504,transformer,embedding,2,212.4245326668024
191,768,0.016170641407370567,100.0,1.0163021087646484,0.001,NaN,NaN,NaN,transformer,embedding,2,212.1816669255495
192,772,0.7675552368164062,64.02762603759766,2.1544926166534424,0.001,NaN,NaN,NaN,transformer,embedding,2,212.69873053580523
193,776,1.3651537895202637,42.66737365722656,3.916325330734253,0.001,NaN,NaN,NaN,transformer,embedding,2,214.10150026530027
194,780,0.9131956100463867,66.04676055908203,2.492274045944214,0.001,NaN,NaN,NaN,transformer,embedding,2,215.9548446163535
195,784,0.41405874490737915,88.89479064941406,1.5129460096359253,0.001,3.119065523147583,7.958017826080322,22.625226974487305,transformer,embedding,2,217.5674068555236
196,788,0.25105175375938416,96.28054809570312,1.2853765487670898,0.001,NaN,NaN,NaN,transformer,embedding,2,218.7505864724517
197,792,0.17883946001529694,98.08714294433594,1.1958287954330444,0.001,NaN,NaN,NaN,transformer,embedding,2,219.46580112725496
198,796,0.12389262765645981,99.30924224853516,1.1318943500518799,0.001,NaN,NaN,NaN,transformer,embedding,2,219.83098297566175
199,800,0.0900559276342392,99.52178955078125,1.0942355394363403,0.001,NaN,NaN,NaN,transformer,embedding,2,219.9060973972082
200,804,0.0715179368853569,99.94686889648438,1.0741374492645264,0.001,3.2233996391296387,10.747974395751953,25.113351821899414,transformer,embedding,2,219.7785508185625
202,812,0.047815851867198944,100.0,1.0489774942398071,0.001,NaN,NaN,NaN,transformer,embedding,2,219.07498591393232
204,820,0.034886620938777924,100.0,1.035502314567566,0.001,NaN,NaN,NaN,transformer,embedding,2,218.00623302906752
205,824,NaN,NaN,NaN,NaN,3.216972827911377,11.837386131286621,24.952470779418945,transformer,embedding,2,217.39664705097675
206,828,0.028017204254865646,100.0,1.0284134149551392,0.001,NaN,NaN,NaN,transformer,embedding,2,216.77218019217253
208,836,0.024445105344057083,100.0,1.024746298789978,0.001,NaN,NaN,NaN,transformer,embedding,2,215.46132691949606
210,844,0.022796589881181717,100.0,1.0230584144592285,0.001,3.1778059005737305,12.54151725769043,23.994050979614258,transformer,embedding,2,214.11893774569035
212,852,0.02189941704273224,100.0,1.0221409797668457,0.001,NaN,NaN,NaN,transformer,embedding,2,212.7903643399477
214,860,0.021277617663145065,100.0,1.02150559425354,0.001,NaN,NaN,NaN,transformer,embedding,2,211.49463180452585
215,864,NaN,NaN,NaN,NaN,3.138998031616211,12.80722713470459,23.08072853088379,transformer,embedding,2,210.86372441798449
216,868,0.020875588059425354,100.0,1.0210950374603271,0.001,NaN,NaN,NaN,transformer,embedding,2,210.24657893180847
218,876,0.020330609753727913,100.0,1.0205386877059937,0.001,NaN,NaN,NaN,transformer,embedding,2,209.05369080603123
220,884,0.02005768194794655,100.0,1.020260214805603,0.001,3.1063499450683594,13.059652328491211,22.33935546875,transformer,embedding,2,207.93051843345165
222,892,0.01964855194091797,100.0,1.0198428630828857,0.001,NaN,NaN,NaN,transformer,embedding,2,206.87629503011703
224,900,0.019129879772663116,100.0,1.0193140506744385,0.001,NaN,NaN,NaN,transformer,embedding,2,205.8924557045102
225,904,NaN,NaN,NaN,NaN,3.080404758453369,13.245649337768555,21.7672119140625,transformer,embedding,2,205.43019306659698
226,908,0.018880771473050117,100.0,1.0190601348876953,0.001,NaN,NaN,NaN,transformer,embedding,2,204.97773096710443
228,916,0.018307946622371674,100.0,1.0184766054153442,0.001,NaN,NaN,NaN,transformer,embedding,2,204.13305932283401
230,924,0.017811289057135582,100.0,1.0179708003997803,0.001,3.075690269470215,13.418360710144043,21.664831161499023,transformer,embedding,2,203.35175429284573
232,932,0.019699212163686752,100.0,1.0198944807052612,0.001,NaN,NaN,NaN,transformer,embedding,2,202.70116969197989
234,940,0.20714233815670013,91.33900451660156,1.2301576137542725,0.001,NaN,NaN,NaN,transformer,embedding,2,202.4992102086544
235,944,NaN,NaN,NaN,NaN,2.999424934387207,6.377042770385742,20.073989868164062,transformer,embedding,2,204.02054243534803
236,948,0.3880523443222046,89.10733032226562,1.4741069078445435,0.001,NaN,NaN,NaN,transformer,embedding,2,205.95944813638926
238,956,0.1553111970424652,99.04357147216797,1.1680214405059814,0.001,NaN,NaN,NaN,transformer,embedding,2,208.64952992647886
240,964,0.08641110360622406,99.94686889648438,1.0902544260025024,0.001,3.1951451301574707,10.575263023376465,24.41371726989746,transformer,embedding,2,209.86970627307892
242,972,0.0524037629365921,100.0,1.05380117893219,0.001,NaN,NaN,NaN,transformer,embedding,2,209.95343533158302
244,980,0.033649250864982605,100.0,1.0342217683792114,0.001,NaN,NaN,NaN,transformer,embedding,2,209.33317936211824
245,984,NaN,NaN,NaN,NaN,3.205848455429077,11.638102531433105,24.676427841186523,transformer,embedding,2,208.8814439997077
246,988,0.02708379365503788,100.0,1.027453899383545,0.001,NaN,NaN,NaN,transformer,embedding,2,208.36801470816135
248,996,0.022636806592345238,100.0,1.0228949785232544,0.001,NaN,NaN,NaN,transformer,embedding,2,207.22524389624596
250,1004,0.020359450951218605,100.0,1.0205681324005127,0.001,3.1738979816436768,12.54151725769043,23.900466918945312,transformer,embedding,2,206.0047329068184
252,1012,0.01925855129957199,100.0,1.0194451808929443,0.001,NaN,NaN,NaN,transformer,embedding,2,204.7573453336954
254,1020,0.01879763789474964,100.0,1.0189753770828247,0.001,NaN,NaN,NaN,transformer,embedding,2,203.53269442915916
255,1024,NaN,NaN,NaN,NaN,3.1421194076538086,12.913511276245117,23.15288543701172,transformer,embedding,2,202.93646512180567
256,1028,0.01842261292040348,100.0,1.0185933113098145,0.001,NaN,NaN,NaN,transformer,embedding,2,202.35027188062668
258,1036,0.018217340111732483,100.0,1.018384337425232,0.001,NaN,NaN,NaN,transformer,embedding,2,201.22891024500132
260,1044,0.01789773628115654,100.0,1.0180588960647583,0.001,3.110107421875,13.046366691589355,22.423452377319336,transformer,embedding,2,200.17249646782875
262,1052,0.017492759972810745,100.0,1.0176466703414917,0.001,NaN,NaN,NaN,transformer,embedding,2,199.17890056967735
264,1060,0.017447732388973236,100.0,1.0176007747650146,0.001,NaN,NaN,NaN,transformer,embedding,2,198.25964584946632
265,1064,NaN,NaN,NaN,NaN,3.094099521636963,13.192506790161133,22.067358016967773,transformer,embedding,2,197.83328354358673
266,1068,0.016977615654468536,100.0,1.017122507095337,0.001,NaN,NaN,NaN,transformer,embedding,2,197.424195215106
268,1076,0.016734594479203224,100.0,1.0168753862380981,0.001,NaN,NaN,NaN,transformer,embedding,2,196.67542052268982
270,1084,0.01649555377662182,100.0,1.016632318496704,0.001,3.085228443145752,13.484787940979004,21.87246322631836,transformer,embedding,2,196.01205381006002
272,1092,0.016380123794078827,100.0,1.0165150165557861,0.001,NaN,NaN,NaN,transformer,embedding,2,195.44893619418144
274,1100,0.017285848036408424,100.0,1.017436146736145,0.001,NaN,NaN,NaN,transformer,embedding,2,195.00257951766253
275,1104,NaN,NaN,NaN,NaN,3.091388463973999,13.365219116210938,22.007614135742188,transformer,embedding,2,194.85122460126877
276,1108,0.016499383375048637,100.0,1.0166362524032593,0.001,NaN,NaN,NaN,transformer,embedding,2,194.71930699050426
278,1116,0.016673697158694267,100.0,1.0168135166168213,0.001,NaN,NaN,NaN,transformer,embedding,2,194.5564490109682
280,1124,1.911048173904419,16.25929832458496,6.760170936584473,0.001,2.5931625366210938,2.417962074279785,13.371994018554688,transformer,embedding,2,196.76986289024353
282,1132,0.9487836956977844,64.77151489257812,2.582566499710083,0.001,NaN,NaN,NaN,transformer,embedding,2,201.52704200148582
284,1140,0.35274386405944824,90.01062774658203,1.4229665994644165,0.001,NaN,NaN,NaN,transformer,embedding,2,205.6173348352313
285,1144,NaN,NaN,NaN,NaN,3.184898614883423,8.44958209991455,24.164838790893555,transformer,embedding,2,206.76852256804705
286,1148,0.15681304037570953,99.04357147216797,1.1697769165039062,0.001,NaN,NaN,NaN,transformer,embedding,2,207.5325145572424
288,1156,0.08647776395082474,99.84059143066406,1.0903271436691284,0.001,NaN,NaN,NaN,transformer,embedding,2,208.10166876018047
290,1164,0.0530715249478817,100.0,1.0545051097869873,0.001,3.229205846786499,10.761260032653809,25.25958824157715,transformer,embedding,2,207.78525967895985
292,1172,0.039025455713272095,100.0,1.0397969484329224,0.001,NaN,NaN,NaN,transformer,embedding,2,206.96196734160185
294,1180,0.03154364973306656,100.0,1.0320464372634888,0.001,NaN,NaN,NaN,transformer,embedding,2,205.90396463871002
295,1184,NaN,NaN,NaN,NaN,3.1901748180389404,11.624817848205566,24.292673110961914,transformer,embedding,2,205.3140536621213
296,1188,0.026820117607712746,100.0,1.0271830558776855,0.001,NaN,NaN,NaN,transformer,embedding,2,204.7047699764371
298,1196,0.024622954428195953,100.0,1.0249285697937012,0.001,NaN,NaN,NaN,transformer,embedding,2,203.44416868686676
300,1204,0.023324444890022278,100.0,1.023598551750183,0.001,3.154691457748413,12.04995346069336,23.445802688598633,transformer,embedding,2,202.19555017352104
303,1216,0.02237648330628872,100.0,1.022628664970398,0.001,NaN,NaN,NaN,transformer,embedding,2,200.3759714588523
305,1224,NaN,NaN,NaN,NaN,3.1089658737182617,12.382091522216797,22.397871017456055,transformer,embedding,2,199.23649415373802
306,1228,0.021865248680114746,100.0,1.0221060514450073,0.001,NaN,NaN,NaN,transformer,embedding,2,198.6893126219511
309,1240,0.021852588281035423,100.0,1.0220930576324463,0.001,NaN,NaN,NaN,transformer,embedding,2,197.1942903995514
311,1248,NaN,NaN,NaN,NaN,3.074866533279419,12.594659805297852,21.646991729736328,transformer,embedding,2,196.3080187290907
312,1252,0.021365564316511154,100.0,1.0215954780578613,0.001,NaN,NaN,NaN,transformer,embedding,2,195.89094694703817
315,1264,0.02169942855834961,100.0,1.0219365358352661,0.001,NaN,NaN,NaN,transformer,embedding,2,194.85916431248188
317,1272,NaN,NaN,NaN,NaN,3.05238676071167,12.249236106872559,21.165802001953125,transformer,embedding,2,194.3985392972827
318,1276,0.2009536325931549,91.71094512939453,1.2225680351257324,0.001,NaN,NaN,NaN,transformer,embedding,2,194.6936709433794
321,1288,0.28794968128204346,95.16471862792969,1.3336901664733887,0.001,NaN,NaN,NaN,transformer,embedding,2,200.78421768546104
323,1296,NaN,NaN,NaN,NaN,3.1398725509643555,9.259997367858887,23.100921630859375,transformer,embedding,2,203.39930146932602
324,1300,0.09609179198741913,100.0,1.1008601188659668,0.001,NaN,NaN,NaN,transformer,embedding,2,204.09733722358942
327,1312,0.045838288962841034,100.0,1.0469051599502563,0.001,NaN,NaN,NaN,transformer,embedding,2,204.45432802289724
329,1320,NaN,NaN,NaN,NaN,3.1697781085968018,11.518533706665039,23.802202224731445,transformer,embedding,2,203.79716490209103
330,1324,0.029368171468377113,100.0,1.0298036336898804,0.001,NaN,NaN,NaN,transformer,embedding,2,203.33882339298725
333,1336,0.023745859041810036,100.0,1.024030089378357,0.001,NaN,NaN,NaN,transformer,embedding,2,201.72527707368135
335,1344,NaN,NaN,NaN,NaN,3.137685775756836,12.023383140563965,23.050460815429688,transformer,embedding,2,200.55390399694443
336,1348,0.02161455899477005,100.0,1.0218498706817627,0.001,NaN,NaN,NaN,transformer,embedding,2,199.9694840684533
339,1360,0.02094356343150139,100.0,1.0211644172668457,0.001,NaN,NaN,NaN,transformer,embedding,2,198.26879703253508
341,1368,NaN,NaN,NaN,NaN,3.096299409866333,12.34223461151123,22.115957260131836,transformer,embedding,2,197.18962635099888
342,1372,0.020350929349660873,100.0,1.0205594301223755,0.001,NaN,NaN,NaN,transformer,embedding,2,196.68215300887823
345,1384,0.020203055813908577,100.0,1.0204085111618042,0.001,NaN,NaN,NaN,transformer,embedding,2,195.26268841326237
347,1392,NaN,NaN,NaN,NaN,3.0661330223083496,12.488375663757324,21.45876121520996,transformer,embedding,2,194.44207378476858
348,1396,0.020594274625182152,100.0,1.0208077430725098,0.001,NaN,NaN,NaN,transformer,embedding,2,194.06275214999914
351,1408,0.02014254406094551,100.0,1.020346760749817,0.001,NaN,NaN,NaN,transformer,embedding,2,193.12592896074057
353,1416,NaN,NaN,NaN,NaN,3.0537831783294678,12.740799903869629,21.19537925720215,transformer,embedding,2,192.65836060792208
354,1420,0.020605864003300667,100.0,1.0208196640014648,0.001,NaN,NaN,NaN,transformer,embedding,2,192.48835317790508
357,1432,1.0773069858551025,55.41976547241211,2.936760187149048,0.001,NaN,NaN,NaN,transformer,embedding,2,197.42169173061848
360,1444,0.2154362052679062,98.03400421142578,1.2404028177261353,0.001,3.141864776611328,8.356582641601562,23.146989822387695,transformer,embedding,2,203.6422668993473
363,1456,0.08457127213478088,100.0,1.0882503986358643,0.001,NaN,NaN,NaN,transformer,embedding,2,205.85077575594187
366,1468,0.04626527428627014,100.0,1.0473521947860718,0.001,NaN,NaN,NaN,transformer,embedding,2,205.62234065681696
367,1472,NaN,NaN,NaN,NaN,3.1675639152526855,11.292679786682129,23.749557495117188,transformer,embedding,2,205.27487375587225
369,1480,0.030671989545226097,100.0,1.0311472415924072,0.001,NaN,NaN,NaN,transformer,embedding,2,204.35692159086466
372,1492,0.02521461434662342,100.0,1.025535225868225,0.001,NaN,NaN,NaN,transformer,embedding,2,202.71159928292036
374,1500,NaN,NaN,NaN,NaN,3.1287691593170166,11.824100494384766,22.845842361450195,transformer,embedding,2,201.5628943219781
375,1504,0.0234144888818264,100.0,1.0236908197402954,0.001,NaN,NaN,NaN,transformer,embedding,2,201.00260181725025
378,1516,0.02237832546234131,100.0,1.0226305723190308,0.001,NaN,NaN,NaN,transformer,embedding,2,199.35657649487257
381,1528,0.02205417864024639,100.0,1.0222991704940796,0.001,3.0735151767730713,12.27580738067627,21.617759704589844,transformer,embedding,2,197.8591864258051
384,1540,0.02188984304666519,100.0,1.0221312046051025,0.001,NaN,NaN,NaN,transformer,embedding,2,196.53331527858973
387,1552,0.021043652668595314,100.0,1.0212665796279907,0.001,NaN,NaN,NaN,transformer,embedding,2,195.42489375919104
388,1556,NaN,NaN,NaN,NaN,3.035747766494751,12.661087036132812,20.816537857055664,transformer,embedding,2,195.11010885238647
390,1564,0.02288631722331047,100.0,1.0231502056121826,0.001,NaN,NaN,NaN,transformer,embedding,2,194.616989210248
393,1576,1.47043776512146,34.590858459472656,4.351139545440674,0.001,NaN,NaN,NaN,transformer,embedding,2,196.0208464488387
395,1584,NaN,NaN,NaN,NaN,3.023265838623047,5.021921157836914,20.55832290649414,transformer,embedding,2,201.36914326250553
396,1588,0.5166771411895752,85.22847747802734,1.6764477491378784,0.001,NaN,NaN,NaN,transformer,embedding,2,203.95433278381824
399,1600,0.14999176561832428,99.6280517578125,1.1618247032165527,0.001,NaN,NaN,NaN,transformer,embedding,2,208.745150282979
402,1612,0.06513436138629913,100.0,1.0673024654388428,0.001,3.1715352535247803,10.189982414245605,23.84406280517578,transformer,embedding,2,210.02622536569834
406,1628,0.032862383872270584,100.0,1.033408284187317,0.001,NaN,NaN,NaN,transformer,embedding,2,209.01144801825285
410,1644,0.024874314665794373,100.0,1.02518630027771,0.001,3.1509764194488525,11.31925106048584,23.358861923217773,transformer,embedding,2,206.91161578148603
414,1660,0.022332176566123962,100.0,1.0225833654403687,0.001,NaN,NaN,NaN,transformer,embedding,2,204.63298029452562
418,1676,0.02115222066640854,100.0,1.0213775634765625,0.001,3.0920214653015137,11.996811866760254,22.021549224853516,transformer,embedding,2,202.49953472614288
422,1692,0.020472118631005287,100.0,1.0206830501556396,0.001,NaN,NaN,NaN,transformer,embedding,2,200.67552783340216
426,1708,0.02216261625289917,100.0,1.0224100351333618,0.001,3.0575053691864014,12.129667282104492,21.2744197845459,transformer,embedding,2,199.29369412362576
430,1724,0.7816817760467529,70.40382385253906,2.1851441860198975,0.001,NaN,NaN,NaN,transformer,embedding,2,204.91337361186743
434,1740,0.13184182345867157,99.84059143066406,1.140927791595459,0.001,3.116563320159912,9.233426094055176,22.56868553161621,transformer,embedding,2,211.52811831235886
438,1756,0.049679338932037354,100.0,1.050934076309204,0.001,NaN,NaN,NaN,transformer,embedding,2,212.3699971139431
442,1772,0.030458049848675728,100.0,1.0309265851974487,0.001,3.1225759983062744,11.412249565124512,22.704792022705078,transformer,embedding,2,210.81825756281614
446,1788,0.025068067014217377,100.0,1.0253849029541016,0.001,NaN,NaN,NaN,transformer,embedding,2,208.59771156311035
450,1804,0.0239397119730711,100.0,1.024228572845459,0.001,3.073424816131592,11.837386131286621,21.615806579589844,transformer,embedding,2,206.3872756883502
454,1820,0.022766726091504097,100.0,1.0230278968811035,0.001,NaN,NaN,NaN,transformer,embedding,2,204.44477631151676
458,1836,0.02264132723212242,100.0,1.0228996276855469,0.001,3.0384182929992676,12.103096008300781,20.872203826904297,transformer,embedding,2,202.8470385596156
462,1852,0.027941768988966942,100.0,1.0283358097076416,0.001,NaN,NaN,NaN,transformer,embedding,2,201.82120369374752
466,1868,0.5687733888626099,82.83740234375,1.766099452972412,0.001,NaN,NaN,NaN,transformer,embedding,2,211.18796092271805
467,1872,NaN,NaN,NaN,NaN,3.0039005279541016,7.028032302856445,20.164033889770508,transformer,embedding,2,213.42947074770927
470,1884,0.12840679287910461,99.73432922363281,1.137015461921692,0.001,NaN,NaN,NaN,transformer,embedding,2,217.37764395028353
474,1900,0.04825033247470856,100.0,1.0494333505630493,0.001,NaN,NaN,NaN,transformer,embedding,2,218.01488667726517
476,1908,NaN,NaN,NaN,NaN,3.115218162536621,11.080111503601074,22.538347244262695,transformer,embedding,2,217.30807176977396
478,1916,0.030610481277108192,100.0,1.0310838222503662,0.001,NaN,NaN,NaN,transformer,embedding,2,216.3292411789298
482,1932,0.02597831003367901,100.0,1.0263186693191528,0.001,NaN,NaN,NaN,transformer,embedding,2,214.07631949335337
485,1944,NaN,NaN,NaN,NaN,3.0718727111816406,12.222665786743164,21.58228302001953,transformer,embedding,2,212.38459867984056
486,1948,0.024482330307364464,100.0,1.0247844457626343,0.001,NaN,NaN,NaN,transformer,embedding,2,211.84611627459526
490,1964,0.023654920980334282,100.0,1.0239368677139282,0.001,NaN,NaN,NaN,transformer,embedding,2,209.89053152501583
494,1980,0.024364719167351723,100.0,1.0246639251708984,0.001,3.0265560150146484,12.408662796020508,20.626073837280273,transformer,embedding,2,208.31449245661497
498,1996,0.6454972624778748,75.77045440673828,1.9069350957870483,0.001,NaN,NaN,NaN,transformer,embedding,2,213.61396124958992
502,2012,0.13281729817390442,99.89373016357422,1.1420413255691528,0.001,NaN,NaN,NaN,transformer,embedding,2,220.70183753222227
503,2016,NaN,NaN,NaN,NaN,3.086456537246704,9.578849792480469,21.899341583251953,transformer,embedding,2,221.3863141015172
507,2032,0.042457323521375656,100.0,1.043371558189392,0.001,NaN,NaN,NaN,transformer,embedding,2,221.49318519979715
512,2052,0.027539851143956184,100.0,1.0279226303100586,0.001,NaN,NaN,NaN,transformer,embedding,2,219.10350930690765
513,2056,NaN,NaN,NaN,NaN,3.1028921604156494,11.624817848205566,22.262245178222656,transformer,embedding,2,218.5268596112728
517,2072,0.023972880095243454,100.0,1.024262547492981,0.001,NaN,NaN,NaN,transformer,embedding,2,216.22446497529745
522,2092,0.023270808160305023,100.0,1.0235437154769897,0.001,NaN,NaN,NaN,transformer,embedding,2,213.66847885400057
523,2096,NaN,NaN,NaN,NaN,3.045274257659912,12.11638069152832,21.01579475402832,transformer,embedding,2,213.23448888212442
527,2112,0.02281966432929039,100.0,1.0230820178985596,0.001,NaN,NaN,NaN,transformer,embedding,2,211.84323586523533
532,2132,0.9815926551818848,58.34218978881836,2.668703079223633,0.001,NaN,NaN,NaN,transformer,embedding,2,216.3941407352686
533,2136,NaN,NaN,NaN,NaN,2.9415299892425537,6.509897708892822,18.944808959960938,transformer,embedding,2,219.3946297466755
537,2152,0.1339869648218155,99.68119049072266,1.1433779001235962,0.001,NaN,NaN,NaN,transformer,embedding,2,226.47761003673077
542,2172,0.04126093536615372,100.0,1.0421240329742432,0.001,NaN,NaN,NaN,transformer,embedding,2,226.991073012352
543,2176,NaN,NaN,NaN,NaN,3.1240484714508057,11.080111503601074,22.738248825073242,transformer,embedding,2,226.58286549150944
547,2192,0.027620164677500725,100.0,1.0280051231384277,0.001,NaN,NaN,NaN,transformer,embedding,2,224.400392241776
552,2212,0.024976195767521858,100.0,1.0252907276153564,0.001,NaN,NaN,NaN,transformer,embedding,2,221.39254143089056
553,2216,NaN,NaN,NaN,NaN,3.054529905319214,11.824100494384766,21.211212158203125,transformer,embedding,2,220.82344196736813
557,2232,0.024157468229532242,100.0,1.0244516134262085,0.001,NaN,NaN,NaN,transformer,embedding,2,218.75222788751125
562,2252,0.023345690220594406,100.0,1.023620367050171,0.001,NaN,NaN,NaN,transformer,embedding,2,216.76337721943855
564,2260,NaN,NaN,NaN,NaN,3.003181219100952,11.54510498046875,20.1495361328125,transformer,embedding,2,216.26283160597086
567,2272,0.9853643774986267,52.44420623779297,2.6787877082824707,0.001,NaN,NaN,NaN,transformer,embedding,2,221.34418205171824
572,2292,0.1263146847486496,99.68119049072266,1.1346391439437866,0.001,NaN,NaN,NaN,transformer,embedding,2,230.96034309267998
575,2304,NaN,NaN,NaN,NaN,3.1161537170410156,10.495550155639648,22.5594425201416,transformer,embedding,2,231.89830524474382
577,2312,0.04133720323443413,100.0,1.042203426361084,0.001,NaN,NaN,NaN,transformer,embedding,2,231.45186635106802
582,2332,0.026716118678450584,100.0,1.027076244354248,0.001,NaN,NaN,NaN,transformer,embedding,2,228.880903609097
586,2348,NaN,NaN,NaN,NaN,3.066005229949951,12.04995346069336,21.45602035522461,transformer,embedding,2,226.40151480585337
587,2352,0.023831980302929878,100.0,1.024118185043335,0.001,NaN,NaN,NaN,transformer,embedding,2,225.7936363145709
592,2372,0.023976005613803864,100.0,1.0242657661437988,0.001,NaN,NaN,NaN,transformer,embedding,2,223.1192219555378
597,2392,0.023313341662287712,100.0,1.0235872268676758,0.001,3.0100913047790527,12.182808876037598,20.28925323486328,transformer,embedding,2,221.1032351180911
602,2412,0.8003218173980713,68.27842712402344,2.22625732421875,0.001,NaN,NaN,NaN,transformer,embedding,2,230.94506346434355
608,2436,0.09530101716518402,99.94686889648438,1.099989891052246,0.001,3.077192544937134,9.884416580200195,21.697402954101562,transformer,embedding,2,239.04461412876844
614,2460,0.036839958280324936,100.0,1.0375269651412964,0.001,NaN,NaN,NaN,transformer,embedding,2,237.4186765924096
620,2484,0.02868616208434105,100.0,1.0291016101837158,0.001,3.0466885566711426,11.824100494384766,21.0455379486084,transformer,embedding,2,233.75398392230272
626,2508,0.027427440509200096,100.0,1.0278069972991943,0.001,NaN,NaN,NaN,transformer,embedding,2,230.46262381225824
632,2532,1.3395843505859375,35.8661003112793,3.8174564838409424,0.001,2.7109968662261963,4.158363342285156,15.044264793395996,transformer,embedding,2,231.05898681282997
638,2556,0.11312597244977951,100.0,1.119773030281067,0.001,NaN,NaN,NaN,transformer,embedding,2,242.84812334179878
644,2580,0.037912145256996155,100.0,1.038640022277832,0.001,3.0947265625,11.15982437133789,22.081199645996094,transformer,embedding,2,242.49215039610863
650,2604,0.026664583012461662,100.0,1.0270233154296875,0.001,NaN,NaN,NaN,transformer,embedding,2,238.9329144358635
656,2628,0.02388605661690235,100.0,1.024173617362976,0.001,3.0230236053466797,12.382091522216797,20.553342819213867,transformer,embedding,2,235.3128212094307
662,2652,0.024648578837513924,100.0,1.024954915046692,0.001,NaN,NaN,NaN,transformer,embedding,2,232.5856207832694
668,2676,0.9974504709243774,52.975555419921875,2.711360216140747,0.001,NaN,NaN,NaN,transformer,embedding,2,243.79988308250904
669,2680,NaN,NaN,NaN,NaN,3.041372537612915,5.513484954833984,20.933956146240234,transformer,embedding,2,246.40084278583527
674,2700,0.1313997507095337,99.73432922363281,1.1404235363006592,0.001,NaN,NaN,NaN,transformer,embedding,2,253.1681211143732
680,2724,0.044644273817539215,100.0,1.0456558465957642,0.001,NaN,NaN,NaN,transformer,embedding,2,251.97184807807207
682,2732,NaN,NaN,NaN,NaN,3.0739877223968506,11.7842435836792,21.62797737121582,transformer,embedding,2,250.80110639333725
686,2748,0.032462239265441895,100.0,1.0329948663711548,0.001,NaN,NaN,NaN,transformer,embedding,2,248.26189612597227
692,2772,0.03079390525817871,100.0,1.0312728881835938,0.001,NaN,NaN,NaN,transformer,embedding,2,244.80651082098484
695,2784,NaN,NaN,NaN,NaN,3.012094020843506,12.30237865447998,20.329927444458008,transformer,embedding,2,243.47034683823586
698,2796,0.029898246750235558,100.0,1.0303497314453125,0.001,NaN,NaN,NaN,transformer,embedding,2,242.43778283894062
704,2820,0.3012685775756836,94.47396087646484,1.3515722751617432,0.001,NaN,NaN,NaN,transformer,embedding,2,252.6551155373454
708,2836,NaN,NaN,NaN,NaN,3.0730812549591064,10.057127952575684,21.608381271362305,transformer,embedding,2,256.47840455174446
711,2848,0.05063847452402115,100.0,1.0519424676895142,0.001,NaN,NaN,NaN,transformer,embedding,2,256.2049038633704
718,2876,0.0283732321113348,100.0,1.0287796258926392,0.001,NaN,NaN,NaN,transformer,embedding,2,252.3822898864746
722,2892,NaN,NaN,NaN,NaN,3.0529675483703613,12.07652473449707,21.178098678588867,transformer,embedding,2,249.85182071849704
725,2904,0.025520876049995422,100.0,1.0258493423461914,0.001,NaN,NaN,NaN,transformer,embedding,2,248.1038686670363
732,2932,0.028500234708189964,100.0,1.0289102792739868,0.001,NaN,NaN,NaN,transformer,embedding,2,245.2555376254022
736,2948,NaN,NaN,NaN,NaN,2.943735361099243,6.363757133483887,18.986635208129883,transformer,embedding,2,254.12675342336297
739,2960,0.190454363822937,98.77789306640625,1.2097991704940796,0.001,NaN,NaN,NaN,transformer,embedding,2,260.0980673022568
746,2988,0.04075891897082329,100.0,1.0416009426116943,0.001,NaN,NaN,NaN,transformer,embedding,2,261.21879390999675
750,3004,NaN,NaN,NaN,NaN,3.0650453567504883,11.903813362121582,21.435434341430664,transformer,embedding,2,258.883964356035
753,3016,0.02709106169641018,100.0,1.0274614095687866,0.001,NaN,NaN,NaN,transformer,embedding,2,256.90136259421706
760,3044,0.026034865528345108,100.0,1.026376724243164,0.001,NaN,NaN,NaN,transformer,embedding,2,252.71481761708856
764,3060,NaN,NaN,NaN,NaN,2.999060869216919,12.714228630065918,20.066682815551758,transformer,embedding,2,251.0265550687909
767,3072,1.7149407863616943,26.83315658569336,5.556346416473389,0.001,NaN,NaN,NaN,transformer,embedding,2,254.07898647338152
774,3100,0.14455285668373108,99.73432922363281,1.1555228233337402,0.001,NaN,NaN,NaN,transformer,embedding,2,268.5979881323874
779,3120,NaN,NaN,NaN,NaN,3.0755815505981445,11.266108512878418,21.6624755859375,transformer,embedding,2,268.84246264770627
781,3128,0.04044346883893013,100.0,1.0412724018096924,0.001,NaN,NaN,NaN,transformer,embedding,2,267.8476097173989
788,3156,0.02866276353597641,100.0,1.0290775299072266,0.001,NaN,NaN,NaN,transformer,embedding,2,263.25732112303376
794,3180,NaN,NaN,NaN,NaN,3.0042691230773926,12.80722713470459,20.17146873474121,transformer,embedding,2,259.58854611963034
795,3184,0.02829553186893463,100.0,1.0286996364593506,0.001,NaN,NaN,NaN,transformer,embedding,2,259.08751967549324
802,3212,0.48001936078071594,82.0403823852539,1.6161056756973267,0.001,NaN,NaN,NaN,transformer,embedding,2,257.4888366125524
809,3240,NaN,NaN,NaN,NaN,3.069039821624756,9.44599437713623,21.521228790283203,transformer,embedding,2,273.7880534566939
810,3244,0.10745607316493988,99.89373016357422,1.1134419441223145,0.001,NaN,NaN,NaN,transformer,embedding,2,274.51262502744794
818,3276,0.02981536276638508,100.0,1.0302642583847046,0.001,NaN,NaN,NaN,transformer,embedding,2,272.07675548270345
825,3304,NaN,NaN,NaN,NaN,3.054755926132202,12.581374168395996,21.216007232666016,transformer,embedding,2,267.09784608334303
826,3308,0.024792583659291267,100.0,1.0251024961471558,0.001,NaN,NaN,NaN,transformer,embedding,2,266.43826428055763
834,3340,0.024226855486631393,100.0,1.0245226621627808,0.001,NaN,NaN,NaN,transformer,embedding,2,262.15597750619054
841,3368,NaN,NaN,NaN,NaN,2.9310150146484375,5.088348865509033,18.74664878845215,transformer,embedding,2,273.0975325219333
842,3372,0.5574342608451843,81.19022369384766,1.7461864948272705,0.001,NaN,NaN,NaN,transformer,embedding,2,275.8248474933207
850,3404,0.05806196480989456,100.0,1.0597807168960571,0.001,NaN,NaN,NaN,transformer,embedding,2,282.81381990015507
857,3432,NaN,NaN,NaN,NaN,3.072087049484253,11.996811866760254,21.5869083404541,transformer,embedding,2,278.6187598928809
858,3436,0.028551841154694557,100.0,1.028963327407837,0.001,NaN,NaN,NaN,transformer,embedding,2,277.8853980228305
866,3468,0.02608288824558258,100.0,1.026426076889038,0.001,NaN,NaN,NaN,transformer,embedding,2,272.4871611483395
874,3500,0.0266355499625206,100.0,1.0269933938980103,0.001,2.9969265460968018,12.395377159118652,20.02389907836914,transformer,embedding,2,269.0958653651178
882,3532,0.19823408126831055,98.61849212646484,1.219247817993164,0.001,NaN,NaN,NaN,transformer,embedding,2,285.3842676952481
890,3564,0.03417283296585083,100.0,1.0347634553909302,0.001,NaN,NaN,NaN,transformer,embedding,2,284.9881373271346
891,3568,NaN,NaN,NaN,NaN,3.0858824253082275,11.7842435836792,21.88677215576172,transformer,embedding,2,284.2891749404371
898,3596,0.025471022352576256,100.0,1.0257982015609741,0.001,NaN,NaN,NaN,transformer,embedding,2,278.92550272867084
906,3628,0.02536792680621147,100.0,1.0256924629211426,0.001,NaN,NaN,NaN,transformer,embedding,2,273.86061876639724
908,3636,NaN,NaN,NaN,NaN,2.997997283935547,12.50166130065918,20.045351028442383,transformer,embedding,2,272.953090865165
915,3664,0.9493207335472107,56.16365432739258,2.583953857421875,0.001,NaN,NaN,NaN,transformer,embedding,2,282.60921433568
924,3700,0.06229481101036072,100.0,1.064276099205017,0.001,NaN,NaN,NaN,transformer,embedding,2,291.3236376568675
926,3708,NaN,NaN,NaN,NaN,3.0734000205993652,11.05354118347168,21.615270614624023,transformer,embedding,2,290.2634573429823
933,3736,0.030850641429424286,100.0,1.0313314199447632,0.001,NaN,NaN,NaN,transformer,embedding,2,285.0509154647589
942,3772,0.02837654948234558,100.0,1.0287829637527466,0.001,NaN,NaN,NaN,transformer,embedding,2,279.0565787367523
944,3780,NaN,NaN,NaN,NaN,2.9904894828796387,12.421947479248047,19.895418167114258,transformer,embedding,2,278.0917671136558
951,3808,1.0380808115005493,55.68544006347656,2.8237924575805664,0.001,NaN,NaN,NaN,transformer,embedding,2,282.74260613694787
960,3844,0.06102897599339485,100.0,1.0629297494888306,0.001,NaN,NaN,NaN,transformer,embedding,2,294.0507617071271
962,3852,NaN,NaN,NaN,NaN,3.0710175037384033,11.305965423583984,21.563833236694336,transformer,embedding,2,293.191674657166
969,3880,0.029172256588935852,100.0,1.0296019315719604,0.001,NaN,NaN,NaN,transformer,embedding,2,288.1195077635348
978,3916,0.02675313875079155,100.0,1.0271142721176147,0.001,NaN,NaN,NaN,transformer,embedding,2,281.9459530003369
981,3928,NaN,NaN,NaN,NaN,2.9930830001831055,12.514945983886719,19.947084426879883,transformer,embedding,2,280.46652983501554
987,3952,1.5465370416641235,33.740699768066406,4.695182800292969,0.001,NaN,NaN,NaN,transformer,embedding,2,288.1889591887593
996,3988,0.10213996469974518,99.84059143066406,1.1075384616851807,0.001,NaN,NaN,NaN,transformer,embedding,2,301.02484879270196
1000,4004,NaN,NaN,NaN,NaN,3.072788953781128,10.761260032653809,21.602066040039062,transformer,embedding,2,299.3799258619547
1005,4024,0.035606518387794495,100.0,1.036247968673706,0.001,NaN,NaN,NaN,transformer,embedding,2,295.61146626248956
1015,4064,0.03173867613077164,100.0,1.0322476625442505,0.001,NaN,NaN,NaN,transformer,embedding,2,288.4436761587858
1019,4080,NaN,NaN,NaN,NaN,2.999396562576294,12.089810371398926,20.07341957092285,transformer,embedding,2,286.68292263522744
1025,4104,0.719003438949585,71.78533172607422,2.05238676071167,0.001,NaN,NaN,NaN,transformer,embedding,2,296.17820132896304
1035,4144,0.044208697974681854,100.0,1.0452004671096802,0.001,NaN,NaN,NaN,transformer,embedding,2,303.1420590020716
1039,4160,NaN,NaN,NaN,NaN,3.069293260574341,11.505248069763184,21.526683807373047,transformer,embedding,2,300.1979339681566
1045,4184,0.02778935246169567,100.0,1.0281790494918823,0.001,NaN,NaN,NaN,transformer,embedding,2,295.35397347435355
1055,4224,0.028557226061820984,100.0,1.0289689302444458,0.001,NaN,NaN,NaN,transformer,embedding,2,289.3968278877437
1059,4240,NaN,NaN,NaN,NaN,2.937283515930176,2.7899560928344727,18.864530563354492,transformer,embedding,2,288.7779733501375
1065,4264,0.3925151228904724,90.2231674194336,1.4807002544403076,0.001,NaN,NaN,NaN,transformer,embedding,2,303.8878328502178
1075,4304,0.037194617092609406,100.0,1.0378949642181396,0.001,NaN,NaN,NaN,transformer,embedding,2,304.8871245160699
1080,4324,NaN,NaN,NaN,NaN,3.0398035049438477,11.598246574401855,20.90113639831543,transformer,embedding,2,300.7663760483265
1085,4344,0.027256205677986145,100.0,1.0276310443878174,0.001,NaN,NaN,NaN,transformer,embedding,2,296.8139702603221
1095,4384,0.026439856737852097,100.0,1.0267925262451172,0.001,NaN,NaN,NaN,transformer,embedding,2,291.60648999363184
1101,4408,NaN,NaN,NaN,NaN,2.956252098083496,5.154776096343994,19.225780487060547,transformer,embedding,2,301.40226209536195
1105,4424,0.1943194717168808,99.14984130859375,1.2144842147827148,0.001,NaN,NaN,NaN,transformer,embedding,2,309.30267526581883
1116,4468,0.030294613912701607,100.0,1.0307581424713135,0.001,NaN,NaN,NaN,transformer,embedding,2,305.20651400461793
1123,4496,NaN,NaN,NaN,NaN,3.015626907348633,11.438820838928223,20.40187644958496,transformer,embedding,2,299.3295137435198
1127,4512,0.02600514516234398,100.0,1.026346206665039,0.001,NaN,NaN,NaN,transformer,embedding,2,296.5186307542026
1138,4556,0.8624743223190308,62.221038818359375,2.3690152168273926,0.001,NaN,NaN,NaN,transformer,embedding,2,300.71929309889674
1145,4584,NaN,NaN,NaN,NaN,3.0205798149108887,9.592135429382324,20.503175735473633,transformer,embedding,2,310.004086766392
1149,4600,0.03994475677609444,100.0,1.0407532453536987,0.001,NaN,NaN,NaN,transformer,embedding,2,308.15431084111333
1160,4644,0.02616867423057556,100.0,1.0265140533447266,0.001,NaN,NaN,NaN,transformer,embedding,2,299.21008763834834
1167,4672,NaN,NaN,NaN,NaN,2.9653573036193848,12.023382186889648,19.401634216308594,transformer,embedding,2,294.731106095016
1171,4688,0.026956448331475258,100.0,1.0273230075836182,0.001,NaN,NaN,NaN,transformer,embedding,2,293.03601144626737
1182,4732,0.10073664039373398,99.84059143066406,1.1059852838516235,0.001,NaN,NaN,NaN,transformer,embedding,2,310.33332043513656
1190,4764,NaN,NaN,NaN,NaN,3.0138282775878906,11.106682777404785,20.365215301513672,transformer,embedding,2,305.643747985363
1193,4776,0.030001698061823845,100.0,1.030456304550171,0.001,NaN,NaN,NaN,transformer,embedding,2,303.1608121804893
1204,4820,0.026924196630716324,100.0,1.0272899866104126,0.001,NaN,NaN,NaN,transformer,embedding,2,295.5330857075751
1213,4856,NaN,NaN,NaN,NaN,2.9692928791046143,8.237013816833496,19.47814178466797,transformer,embedding,2,305.6384112201631
1216,4868,0.1066187396645546,99.89373016357422,1.1125099658966064,0.001,NaN,NaN,NaN,transformer,embedding,2,308.9741406291723
1228,4916,0.026081539690494537,100.0,1.0264246463775635,0.001,NaN,NaN,NaN,transformer,embedding,2,302.4803850501776
1237,4952,NaN,NaN,NaN,NaN,2.9692461490631104,11.717816352844238,19.477231979370117,transformer,embedding,2,296.0189479216933
1240,4964,0.025015227496623993,100.0,1.0253307819366455,0.001,NaN,NaN,NaN,transformer,embedding,2,294.54351587966084
1252,5012,0.1519613415002823,99.57492065429688,1.1641151905059814,0.001,NaN,NaN,NaN,transformer,embedding,2,312.2474373579025
1261,5048,NaN,NaN,NaN,NaN,3.019044876098633,11.066825866699219,20.471729278564453,transformer,embedding,2,308.37011194974184
1264,5060,0.028338834643363953,100.0,1.0287442207336426,0.001,NaN,NaN,NaN,transformer,embedding,2,305.7545631118119
1276,5108,0.025894325226545334,100.0,1.0262324810028076,0.001,NaN,NaN,NaN,transformer,embedding,2,296.929306153208
1286,5148,NaN,NaN,NaN,NaN,2.854200601577759,6.523183345794678,17.360553741455078,transformer,embedding,2,305.51669001579285
1288,5156,0.2673104405403137,97.23697662353516,1.3064459562301636,0.001,NaN,NaN,NaN,transformer,embedding,2,309.6421871744096
1300,5204,0.028542455285787582,100.0,1.0289536714553833,0.001,NaN,NaN,NaN,transformer,embedding,2,306.5954675748944
1311,5248,NaN,NaN,NaN,NaN,2.9442944526672363,12.01009750366211,18.99725341796875,transformer,embedding,2,297.9029720760882
1313,5256,0.024930156767368317,100.0,1.0252435207366943,0.001,NaN,NaN,NaN,transformer,embedding,2,296.7046977058053
1326,5308,0.30339550971984863,95.27098083496094,1.3544501066207886,0.001,NaN,NaN,NaN,transformer,embedding,2,309.77692199498415
1337,5352,NaN,NaN,NaN,NaN,2.98112154006958,11.279394149780273,19.709909439086914,transformer,embedding,2,308.10078429058194
1339,5360,0.030259117484092712,100.0,1.0307215452194214,0.001,NaN,NaN,NaN,transformer,embedding,2,306.39774706959724
1352,5412,0.02592567726969719,100.0,1.0262646675109863,0.001,NaN,NaN,NaN,transformer,embedding,2,296.7699278369546
1363,5456,NaN,NaN,NaN,NaN,2.9260778427124023,8.4894380569458,18.654321670532227,transformer,embedding,2,310.7773669064045
1365,5464,0.10756224393844604,99.94686889648438,1.1135601997375488,0.001,NaN,NaN,NaN,transformer,embedding,2,312.0027559623122
1378,5516,0.02801935002207756,100.0,1.028415560722351,0.001,NaN,NaN,NaN,transformer,embedding,2,303.45169258117676
1390,5564,NaN,NaN,NaN,NaN,2.90433406829834,12.03666877746582,18.253084182739258,transformer,embedding,2,295.7666941024363
1391,5568,0.029591023921966553,100.0,1.0300332307815552,0.001,NaN,NaN,NaN,transformer,embedding,2,295.39679704606533
1404,5620,0.04619278386235237,100.0,1.047276258468628,0.001,NaN,NaN,NaN,transformer,embedding,2,309.6388951353729
1417,5672,NaN,NaN,NaN,NaN,2.9060428142547607,11.837385177612305,18.2843017578125,transformer,embedding,2,299.3541442267597
1418,5676,0.02657538466155529,100.0,1.026931643486023,0.001,NaN,NaN,NaN,transformer,embedding,2,298.64332111924887
1432,5732,0.1617306023836136,99.36238098144531,1.1755435466766357,0.001,NaN,NaN,NaN,transformer,embedding,2,308.85200348868966
1445,5784,NaN,NaN,NaN,NaN,2.950547218322754,11.491962432861328,19.116411209106445,transformer,embedding,2,303.18933434039354
1446,5788,0.02392350137233734,100.0,1.0242120027542114,0.001,NaN,NaN,NaN,transformer,embedding,2,302.34183636680245
1460,5844,0.022640254348516464,100.0,1.0228984355926514,0.001,NaN,NaN,NaN,transformer,embedding,2,293.1473571918905
1473,5896,NaN,NaN,NaN,NaN,2.8062057495117188,7.639165878295898,16.547016143798828,transformer,embedding,2,310.9371345490217
1474,5900,0.2583792805671692,97.07757568359375,1.2948298454284668,0.001,NaN,NaN,NaN,transformer,embedding,2,312.222173422575
1488,5956,0.026950778439641,100.0,1.0273172855377197,0.001,NaN,NaN,NaN,transformer,embedding,2,305.8865442313254
1502,6012,0.024075914174318314,100.0,1.0243680477142334,0.001,2.8675308227539062,12.262521743774414,17.593523025512695,transformer,embedding,2,296.390012037009
1517,6072,0.09214820712804794,99.94686889648438,1.096527338027954,0.001,NaN,NaN,NaN,transformer,embedding,2,314.54039987176657
1532,6132,0.026071855798363686,100.0,1.0264147520065308,0.001,2.8613691329956055,11.7842435836792,17.485450744628906,transformer,embedding,2,303.5220941901207
1547,6192,2.1068243980407715,9.829967498779297,8.222089767456055,0.001,NaN,NaN,NaN,transformer,embedding,2,300.64425276964903
1562,6252,0.042382895946502686,100.0,1.043293833732605,0.001,2.8358216285705566,11.146539688110352,17.04439926147461,transformer,embedding,2,313.5832869447768
1577,6312,0.026519775390625,100.0,1.0268745422363281,0.001,NaN,NaN,NaN,transformer,embedding,2,301.1115001067519
1592,6372,0.1971864551305771,98.24654388427734,1.2179710865020752,0.001,NaN,NaN,NaN,transformer,embedding,2,311.53746796026826
1593,6376,NaN,NaN,NaN,NaN,2.7699921131134033,9.432708740234375,15.958508491516113,transformer,embedding,2,312.2873636074364
1607,6432,0.027507593855261803,100.0,1.027889370918274,0.001,NaN,NaN,NaN,transformer,embedding,2,304.0113229639828
1623,6496,0.025432629510760307,100.0,1.0257587432861328,0.001,NaN,NaN,NaN,transformer,embedding,2,294.66159530729055
1624,6500,NaN,NaN,NaN,NaN,2.806774377822876,12.209380149841309,16.556427001953125,transformer,embedding,2,294.4625631533563
1639,6560,0.051521506160497665,100.0,1.052871823310852,0.001,NaN,NaN,NaN,transformer,embedding,2,310.9510847814381
1655,6624,0.023796793073415756,100.0,1.0240821838378906,0.001,NaN,NaN,NaN,transformer,embedding,2,298.11127725988626
1656,6628,NaN,NaN,NaN,NaN,2.7843101024627686,12.129667282104492,16.18864631652832,transformer,embedding,2,297.40209303051233
1671,6688,0.6407880783081055,77.04569244384766,1.897976040840149,0.001,NaN,NaN,NaN,transformer,embedding,2,304.21140772104263
1687,6752,0.025561008602380753,100.0,1.0258904695510864,0.001,NaN,NaN,NaN,transformer,embedding,2,304.6565959639847
1689,6760,NaN,NaN,NaN,NaN,2.784698247909546,11.996811866760254,16.194931030273438,transformer,embedding,2,302.9407941363752
1703,6816,0.02260531112551689,100.0,1.0228627920150757,0.001,NaN,NaN,NaN,transformer,embedding,2,293.8412695787847
1720,6884,0.04083153232932091,100.0,1.041676640510559,0.001,NaN,NaN,NaN,transformer,embedding,2,307.6485210210085
1722,6892,NaN,NaN,NaN,NaN,2.755988359451294,11.731101989746094,15.736586570739746,transformer,embedding,2,306.04693987965584
1737,6952,0.024693623185157776,100.0,1.025001049041748,0.001,NaN,NaN,NaN,transformer,embedding,2,294.5220279581845
1754,7020,0.0722474753856659,99.84059143066406,1.0749213695526123,0.001,NaN,NaN,NaN,transformer,embedding,2,307.39645129814744
1756,7028,NaN,NaN,NaN,NaN,2.742534875869751,11.744386672973633,15.52629280090332,transformer,embedding,2,306.759529132396
1771,7088,0.02303254045546055,100.0,1.0232998132705688,0.001,NaN,NaN,NaN,transformer,embedding,2,294.8865019530058
1788,7156,0.22580382227897644,97.927734375,1.2533297538757324,0.001,NaN,NaN,NaN,transformer,embedding,2,303.37447691336274
1791,7168,NaN,NaN,NaN,NaN,2.656799077987671,11.186395645141602,14.250600814819336,transformer,embedding,2,305.9020125232637
1805,7224,0.02240934781730175,100.0,1.0226622819900513,0.001,NaN,NaN,NaN,transformer,embedding,2,296.7471549771726
1823,7296,0.7111154794692993,71.62592315673828,2.0362613201141357,0.001,NaN,NaN,NaN,transformer,embedding,2,295.4474286586046
1826,7308,NaN,NaN,NaN,NaN,2.594076633453369,9.339710235595703,13.384222984313965,transformer,embedding,2,302.03179356083274
1841,7368,0.02519272081553936,100.0,1.0255126953125,0.001,NaN,NaN,NaN,transformer,embedding,2,296.6269620396197
1859,7440,2.1702303886413574,8.395323753356934,8.760302543640137,0.001,NaN,NaN,NaN,transformer,embedding,2,292.58327390626073
1862,7452,NaN,NaN,NaN,NaN,2.5050363540649414,3.374518394470215,12.244004249572754,transformer,embedding,2,297.411383908242
1877,7512,0.03842984884977341,100.0,1.0391777753829956,0.001,NaN,NaN,NaN,transformer,embedding,2,303.3053119033575
1895,7584,0.025349045172333717,100.0,1.0256730318069458,0.001,NaN,NaN,NaN,transformer,embedding,2,291.20417542010546
1899,7600,NaN,NaN,NaN,NaN,2.947870969772339,2.3382489681243896,19.065319061279297,transformer,embedding,2,290.6031368151307
1913,7656,0.041562993079423904,100.0,1.0424388647079468,0.001,NaN,NaN,NaN,transformer,embedding,2,305.96435544267297
1932,7732,0.022358156740665436,100.0,1.0226099491119385,0.001,NaN,NaN,NaN,transformer,embedding,2,291.9484134018421
1936,7748,NaN,NaN,NaN,NaN,2.660182476043701,12.700943946838379,14.298897743225098,transformer,embedding,2,290.20875388383865
1951,7808,0.05576169490814209,100.0,1.0573456287384033,0.001,NaN,NaN,NaN,transformer,embedding,2,305.25484282150865
1970,7884,0.026086192578077316,100.0,1.0264294147491455,0.001,NaN,NaN,NaN,transformer,embedding,2,291.84985058009624
1974,7900,NaN,NaN,NaN,NaN,2.617238998413086,12.661087036132812,13.697851181030273,transformer,embedding,2,290.15745735168457
1989,7960,0.09204447269439697,99.89373016357422,1.0964136123657227,0.001,NaN,NaN,NaN,transformer,embedding,2,305.9809983968735
2008,8036,0.02560989372432232,100.0,1.0259406566619873,0.001,NaN,NaN,NaN,transformer,embedding,2,293.6427327506244
2013,8056,NaN,NaN,NaN,NaN,2.6147348880767822,12.979939460754395,13.663593292236328,transformer,embedding,2,291.0986227989197
2028,8116,0.19638511538505554,98.56535339355469,1.2169954776763916,0.001,NaN,NaN,NaN,transformer,embedding,2,307.6034399345517
2048,8196,0.027114814147353172,100.0,1.027485728263855,0.001,NaN,NaN,NaN,transformer,embedding,2,295.9123607389629
2053,8216,NaN,NaN,NaN,NaN,2.580733299255371,12.979939460754395,13.206819534301758,transformer,embedding,2,293.12509552016854
2068,8276,0.14147569239139557,99.41551208496094,1.1519725322723389,0.001,NaN,NaN,NaN,transformer,embedding,2,304.45029440149665
2088,8356,0.026141585782170296,100.0,1.0264862775802612,0.001,NaN,NaN,NaN,transformer,embedding,2,292.1930513754487
2094,8380,NaN,NaN,NaN,NaN,2.5775487422943115,13.046366691589355,13.164828300476074,transformer,embedding,2,289.0453667230904
2108,8436,0.09255045652389526,100.0,1.0969685316085815,0.001,NaN,NaN,NaN,transformer,embedding,2,302.5543094277382
2129,8520,0.022609060630202293,100.0,1.0228666067123413,0.001,NaN,NaN,NaN,transformer,embedding,2,288.1573703587055
2135,8544,NaN,NaN,NaN,NaN,2.564178943634033,12.674372673034668,12.989988327026367,transformer,embedding,2,285.06576864793897
2150,8604,0.06190110743045807,100.0,1.063857078552246,0.001,NaN,NaN,NaN,transformer,embedding,2,300.16878597810864
2171,8688,0.022377030923962593,100.0,1.0226292610168457,0.001,NaN,NaN,NaN,transformer,embedding,2,284.89367251843214
2177,8712,NaN,NaN,NaN,NaN,2.5386619567871094,13.19250774383545,12.662715911865234,transformer,embedding,2,282.13669004663825
2192,8772,0.03619645908474922,100.0,1.0368595123291016,0.001,NaN,NaN,NaN,transformer,embedding,2,298.3929015994072
2213,8856,0.02266578935086727,100.0,1.0229246616363525,0.001,NaN,NaN,NaN,transformer,embedding,2,284.3904445953667
2220,8884,NaN,NaN,NaN,NaN,2.4904143810272217,5.154776096343994,12.066274642944336,transformer,embedding,2,291.3994442895055
2235,8944,0.03186298534274101,100.0,1.0323760509490967,0.001,NaN,NaN,NaN,transformer,embedding,2,295.7821109332144
2257,9032,0.030363179743289948,100.0,1.030828833580017,0.001,NaN,NaN,NaN,transformer,embedding,2,283.0845313407481
2264,9060,NaN,NaN,NaN,NaN,2.406226634979248,9.499136924743652,11.09202766418457,transformer,embedding,2,297.44704293087125
2279,9120,0.029375756159424782,100.0,1.0298115015029907,0.001,NaN,NaN,NaN,transformer,embedding,2,291.5918092876673
2301,9208,1.084991455078125,54.303932189941406,2.959414482116699,0.001,NaN,NaN,NaN,transformer,embedding,2,290.4924348182976
2309,9240,NaN,NaN,NaN,NaN,2.4504427909851074,11.491962432861328,11.59347915649414,transformer,embedding,2,298.2021833062172
2324,9300,0.026576168835163116,100.0,1.0269324779510498,0.001,NaN,NaN,NaN,transformer,embedding,2,286.84738805145025
2347,9392,0.042412228882312775,100.0,1.0433244705200195,0.001,NaN,NaN,NaN,transformer,embedding,2,295.2197977490723
2355,9424,NaN,NaN,NaN,NaN,2.4587056636810303,13.577787399291992,11.689671516418457,transformer,embedding,2,289.1651410423219
2370,9484,0.022262532263994217,100.0,1.0225121974945068,0.001,NaN,NaN,NaN,transformer,embedding,2,279.96130292117596
2393,9576,0.025655485689640045,100.0,1.0259873867034912,0.001,NaN,NaN,NaN,transformer,embedding,2,286.6997281201184
2402,9612,NaN,NaN,NaN,NaN,2.415050506591797,14.122492790222168,11.190335273742676,transformer,embedding,2,280.7814756333828
2416,9668,0.14154444634914398,99.68119049072266,1.1520516872406006,0.001,NaN,NaN,NaN,transformer,embedding,2,293.2417244873941
2440,9764,0.023372579365968704,100.0,1.0236479043960571,0.001,NaN,NaN,NaN,transformer,embedding,2,279.90141743794084
2450,9804,NaN,NaN,NaN,NaN,2.2661619186401367,8.26358413696289,9.642321586608887,transformer,embedding,2,284.6754385828972
2464,9860,0.02657773718237877,100.0,1.026934027671814,0.001,NaN,NaN,NaN,transformer,embedding,2,288.66347450762987
2488,9956,0.3036954998970032,94.6865005493164,1.3548564910888672,0.001,NaN,NaN,NaN,transformer,embedding,2,288.5140666142106
2498,9996,NaN,NaN,NaN,NaN,2.3626086711883545,13.816926002502441,10.618616104125977,transformer,embedding,2,289.1191330179572
2512,10052,0.022590044885873795,100.0,1.0228471755981445,0.001,NaN,NaN,NaN,transformer,embedding,2,278.9937844313681
2537,10152,0.02653452381491661,100.0,1.026889681816101,0.001,NaN,NaN,NaN,transformer,embedding,2,285.4845043309033
2547,10192,NaN,NaN,NaN,NaN,2.3118293285369873,14.587485313415527,10.092870712280273,transformer,embedding,2,278.2010728046298
2562,10252,0.3851473331451416,92.50796508789062,1.469830870628357,0.001,NaN,NaN,NaN,transformer,embedding,2,286.4400114007294
2587,10352,0.022655436769127846,100.0,1.0229140520095825,0.001,NaN,NaN,NaN,transformer,embedding,2,277.29399735480547
2597,10392,NaN,NaN,NaN,NaN,2.6675121784210205,6.084761619567871,14.40408992767334,transformer,embedding,2,273.23022578284144
2612,10452,0.035980306565761566,100.0,1.036635398864746,0.001,NaN,NaN,NaN,transformer,embedding,2,287.73520938679576
2638,10556,1.252400517463684,51.381507873535156,3.4987316131591797,0.001,NaN,NaN,NaN,transformer,embedding,2,280.67499516904354
2648,10596,NaN,NaN,NaN,NaN,2.1880838871002197,14.667198181152344,8.918108940124512,transformer,embedding,2,290.31611052155495
2664,10660,0.023869892582297325,100.0,1.0241570472717285,0.001,NaN,NaN,NaN,transformer,embedding,2,278.93516809493303
2690,10764,0.06243295222520828,100.0,1.0644230842590332,0.001,NaN,NaN,NaN,transformer,embedding,2,288.9445733986795
2700,10804,NaN,NaN,NaN,NaN,2.144598960876465,15.876178741455078,8.538616180419922,transformer,embedding,2,282.1415447629988
2716,10868,0.02359212562441826,100.0,1.0238726139068604,0.001,NaN,NaN,NaN,transformer,embedding,2,273.7160079367459
2743,10976,0.02506832778453827,100.0,1.0253851413726807,0.001,NaN,NaN,NaN,transformer,embedding,2,276.67092502489686
2753,11016,NaN,NaN,NaN,NaN,2.1064608097076416,16.261459350585938,8.219100952148438,transformer,embedding,2,271.64642538130283
2770,11084,0.05309217423200607,100.0,1.0545268058776855,0.001,NaN,NaN,NaN,transformer,embedding,2,284.70130429044366
2797,11192,0.02211035043001175,100.0,1.022356629371643,0.001,NaN,NaN,NaN,transformer,embedding,2,268.30274672061205
2808,11236,NaN,NaN,NaN,NaN,1.9161665439605713,16.673309326171875,6.79486083984375,transformer,embedding,2,284.0866241119802
2824,11300,0.024494536221027374,100.0,1.024796962738037,0.001,NaN,NaN,NaN,transformer,embedding,2,273.7085000947118
2852,11412,0.02997724711894989,100.0,1.0304310321807861,0.001,NaN,NaN,NaN,transformer,embedding,2,278.9305617287755
2864,11460,NaN,NaN,NaN,NaN,1.9453784227371216,18.068286895751953,6.996278762817383,transformer,embedding,2,270.4429061189294
2880,11524,0.3626197278499603,90.80764770507812,1.4370893239974976,0.001,NaN,NaN,NaN,transformer,embedding,2,279.40912633389235
2908,11636,0.025159623473882675,100.0,1.0254788398742676,0.001,NaN,NaN,NaN,transformer,embedding,2,267.47312877327204
2921,11688,NaN,NaN,NaN,NaN,1.7562743425369263,17.576723098754883,5.790822505950928,transformer,embedding,2,277.9294495023787
2937,11752,0.026885848492383957,100.0,1.0272505283355713,0.001,NaN,NaN,NaN,transformer,embedding,2,270.61219808086753
2966,11868,0.03772221878170967,100.0,1.0384427309036255,0.001,NaN,NaN,NaN,transformer,embedding,2,275.8787023127079
2979,11920,NaN,NaN,NaN,NaN,1.7704195976257324,20.353395462036133,5.873317241668701,transformer,embedding,2,266.76761373877525
2995,11984,0.31644192337989807,93.67694091796875,1.3722364902496338,0.001,NaN,NaN,NaN,transformer,embedding,2,275.0082136504352
3024,12100,0.023969216272234917,100.0,1.0242587327957153,0.001,NaN,NaN,NaN,transformer,embedding,2,263.3544155359268
3038,12156,NaN,NaN,NaN,NaN,1.5645326375961304,22.093795776367188,4.780440330505371,transformer,embedding,2,276.28983464092016
3054,12220,0.025569714605808258,100.0,1.0258994102478027,0.001,NaN,NaN,NaN,transformer,embedding,2,266.4835452698171
3084,12340,0.037390582263469696,100.0,1.0380984544754028,0.001,NaN,NaN,NaN,transformer,embedding,2,271.4878785535693
3098,12396,NaN,NaN,NaN,NaN,1.5643551349639893,23.502059936523438,4.7795915603637695,transformer,embedding,2,262.0951202698052
3114,12460,0.16018438339233398,99.57492065429688,1.17372727394104,0.001,NaN,NaN,NaN,transformer,embedding,2,272.43348429352045
3145,12584,0.025038855150341988,100.0,1.0253549814224243,0.001,NaN,NaN,NaN,transformer,embedding,2,256.79807168990374
3159,12640,NaN,NaN,NaN,NaN,1.2647453546524048,29.97210121154785,3.5421905517578125,transformer,embedding,2,271.4683602936566
3176,12708,0.025265293195843697,100.0,1.0255872011184692,0.001,NaN,NaN,NaN,transformer,embedding,2,261.1426569595933
3207,12832,0.025428758934140205,100.0,1.0257548093795776,0.001,NaN,NaN,NaN,transformer,embedding,2,264.1775762438774
3222,12892,NaN,NaN,NaN,NaN,1.3326189517974854,29.52039337158203,3.7909586429595947,transformer,embedding,2,255.67506963387132
3239,12960,0.10268508642911911,99.89373016357422,1.108142375946045,0.001,NaN,NaN,NaN,transformer,embedding,2,268.8045052997768
3271,13088,0.9876344203948975,64.93092346191406,2.684875726699829,0.001,NaN,NaN,NaN,transformer,embedding,2,259.7205341234803
3286,13148,NaN,NaN,NaN,NaN,1.0345470905303955,38.873390197753906,2.8138315677642822,transformer,embedding,2,262.92993802949786
3303,13216,0.024189108982682228,100.0,1.0244840383529663,0.001,NaN,NaN,NaN,transformer,embedding,2,253.52423461154103
3336,13348,0.027291376143693924,100.0,1.0276671648025513,0.001,NaN,NaN,NaN,transformer,embedding,2,253.68066971376538
3351,13408,NaN,NaN,NaN,NaN,1.1014074087142944,36.97356033325195,3.008397102355957,transformer,embedding,2,248.01795853674412
3369,13480,0.033123619854450226,100.0,1.0336782932281494,0.001,NaN,NaN,NaN,transformer,embedding,2,256.7420739941299
3402,13612,0.054785050451755524,100.0,1.0563135147094727,0.001,NaN,NaN,NaN,transformer,embedding,2,260.7635474614799
3418,13676,NaN,NaN,NaN,NaN,0.9457635283470154,43.88202667236328,2.5747785568237305,transformer,embedding,2,252.23153933510184
3436,13748,0.05120060220360756,100.0,1.0525339841842651,0.001,NaN,NaN,NaN,transformer,embedding,2,258.93099527433515
3470,13884,0.16750480234622955,99.25611114501953,1.182350993156433,0.001,NaN,NaN,NaN,transformer,embedding,2,257.8995206579566
3486,13948,NaN,NaN,NaN,NaN,0.7826902866363525,52.62388610839844,2.1873488426208496,transformer,embedding,2,250.61520136147738
3504,14020,0.4487214684486389,82.73114013671875,1.5663083791732788,0.001,NaN,NaN,NaN,transformer,embedding,2,245.74354861676693
3539,14160,0.02865370735526085,100.0,1.0290682315826416,0.001,NaN,NaN,NaN,transformer,embedding,2,245.29098565876484
3555,14224,NaN,NaN,NaN,NaN,0.6673504114151001,61.046897888183594,1.9490662813186646,transformer,embedding,2,254.14711603149772
3574,14300,0.028684142976999283,100.0,1.029099464416504,0.001,NaN,NaN,NaN,transformer,embedding,2,244.17959650233388
3609,14440,0.032891806215047836,100.0,1.0334386825561523,0.001,NaN,NaN,NaN,transformer,embedding,2,246.37949500977993
3626,14508,NaN,NaN,NaN,NaN,0.7417179346084595,57.43324279785156,2.099539279937744,transformer,embedding,2,252.6213849298656
3645,14584,0.030406756326556206,100.0,1.0308737754821777,0.001,NaN,NaN,NaN,transformer,embedding,2,248.65377921238542
3681,14728,0.03315078467130661,100.0,1.0337064266204834,0.001,NaN,NaN,NaN,transformer,embedding,2,251.30247194319963
3698,14796,NaN,NaN,NaN,NaN,0.6944080591201782,58.243656158447266,2.002523422241211,transformer,embedding,2,244.16344355978072
3717,14872,0.03625524789094925,100.0,1.036920428276062,0.001,NaN,NaN,NaN,transformer,embedding,2,249.81287768110633
3754,15020,0.033432867377996445,100.0,1.0339980125427246,0.001,NaN,NaN,NaN,transformer,embedding,2,246.99105499498546
3771,15088,NaN,NaN,NaN,NaN,1.1185189485549927,36.32257080078125,3.0603184700012207,transformer,embedding,2,247.75076157599688
3791,15168,0.03732757270336151,100.0,1.0380330085754395,0.001,NaN,NaN,NaN,transformer,embedding,2,247.6125529743731
3828,15316,0.03221367299556732,100.0,1.032738208770752,0.001,NaN,NaN,NaN,transformer,embedding,2,252.2603360787034
3846,15388,NaN,NaN,NaN,NaN,0.5180622935295105,71.62216186523438,1.6787714958190918,transformer,embedding,2,242.399569388479
3866,15468,0.04244124889373779,100.0,1.0433547496795654,0.001,NaN,NaN,NaN,transformer,embedding,2,251.71192022785544
3904,15620,0.03914870694279671,100.0,1.0399250984191895,0.001,NaN,NaN,NaN,transformer,embedding,2,249.11618490703404
3922,15692,NaN,NaN,NaN,NaN,0.45325127243995667,76.7503662109375,1.573419451713562,transformer,embedding,2,239.6944937352091
3943,15776,0.06271897256374359,100.0,1.064727544784546,0.001,NaN,NaN,NaN,transformer,embedding,2,250.3613745905459
3982,15932,0.046805113554000854,100.0,1.0479177236557007,0.001,NaN,NaN,NaN,transformer,embedding,2,245.9097993131727
4000,16004,NaN,NaN,NaN,NaN,0.3251018822193146,88.12275695800781,1.3841716051101685,transformer,embedding,2,236.71543540991843
4021,16088,0.04826083034276962,100.0,1.049444317817688,0.001,NaN,NaN,NaN,transformer,embedding,2,244.97441831603646
4061,16248,0.16489668190479279,99.04357147216797,1.1792712211608887,0.001,NaN,NaN,NaN,transformer,embedding,2,247.30839986726642
4079,16320,NaN,NaN,NaN,NaN,0.24086055159568787,94.81865692138672,1.272343635559082,transformer,embedding,2,238.31904352642596
4101,16408,0.022826718166470528,100.0,1.0230892896652222,0.001,NaN,NaN,NaN,transformer,embedding,2,233.90592361614108
4142,16572,0.021958615630865097,100.0,1.0222015380859375,0.001,NaN,NaN,NaN,transformer,embedding,2,236.02630454860628
4160,16644,NaN,NaN,NaN,NaN,0.7496717572212219,52.73017120361328,2.116305351257324,transformer,embedding,2,252.6642702333629
4183,16736,0.02459031343460083,100.0,1.024895191192627,0.001,NaN,NaN,NaN,transformer,embedding,2,244.3335540033877
4224,16900,0.025890694931149483,100.0,1.0262287855148315,0.001,NaN,NaN,NaN,transformer,embedding,2,241.81322690472007
4243,16976,NaN,NaN,NaN,NaN,0.1915086805820465,95.6556396484375,1.2110753059387207,transformer,embedding,2,235.853298118338
4266,17068,0.024160226806998253,100.0,1.0244544744491577,0.001,NaN,NaN,NaN,transformer,embedding,2,242.39600764028728
4308,17236,0.027114853262901306,100.0,1.0274858474731445,0.001,NaN,NaN,NaN,transformer,embedding,2,239.9119669739157
4327,17312,NaN,NaN,NaN,NaN,0.11712723970413208,98.99030303955078,1.1242624521255493,transformer,embedding,2,229.47770287282765
4351,17408,1.0398201942443848,51.59404754638672,2.8287084102630615,0.001,NaN,NaN,NaN,transformer,embedding,2,233.27479763142765
4394,17580,1.0106838941574097,59.192344665527344,2.7474794387817383,0.001,NaN,NaN,NaN,transformer,embedding,2,230.038094593212
4413,17656,NaN,NaN,NaN,NaN,0.06214591860771179,99.94686126708984,1.0641175508499146,transformer,embedding,2,227.61601802706718
4437,17752,0.015474466606974602,100.0,1.0155948400497437,0.001,NaN,NaN,NaN,transformer,embedding,2,218.25944773107767
4481,17928,0.017469044774770737,100.0,1.017622470855713,0.001,NaN,NaN,NaN,transformer,embedding,2,208.89971186965704
4501,18008,NaN,NaN,NaN,NaN,2.320305824279785,1.2621229887008667,10.178786277770996,transformer,embedding,2,210.20228915661573
4525,18104,0.0628354400396347,100.0,1.0648516416549683,0.001,NaN,NaN,NaN,transformer,embedding,2,216.00111406296492
4570,18284,0.040179722011089325,100.0,1.040997862815857,0.001,NaN,NaN,NaN,transformer,embedding,2,207.45142689347267
4591,18368,NaN,NaN,NaN,NaN,0.030840227380394936,100.0,1.0313206911087036,transformer,embedding,2,192.82114027440548
4615,18464,1.8251687288284302,24.814027786254883,6.203841686248779,0.001,NaN,NaN,NaN,transformer,embedding,2,184.84179095178843
4661,18648,0.01897246763110161,100.0,1.0191535949707031,0.001,NaN,NaN,NaN,transformer,embedding,2,184.41981886327267
4682,18732,NaN,NaN,NaN,NaN,0.058877620846033096,99.8538589477539,1.0606454610824585,transformer,embedding,2,189.29154160246253
4707,18832,0.018740421161055565,100.0,1.0189170837402344,0.001,NaN,NaN,NaN,transformer,embedding,2,173.38236867263913
4754,19020,0.01856803521513939,100.0,1.018741488456726,0.001,NaN,NaN,NaN,transformer,embedding,2,169.2088345475495
4775,19104,NaN,NaN,NaN,NaN,2.2271811962127686,3.4010894298553467,9.273688316345215,transformer,embedding,2,166.81494553387165
4801,19208,0.02348409965634346,100.0,1.0237619876861572,0.001,NaN,NaN,NaN,transformer,embedding,2,170.3774821460247
4849,19400,0.020906776189804077,100.0,1.0211268663406372,0.001,NaN,NaN,NaN,transformer,embedding,2,163.27579503506422
4870,19484,NaN,NaN,NaN,NaN,2.14764142036438,3.0423808097839355,8.564634323120117,transformer,embedding,2,165.24318428710103
4897,19592,0.04429562762379646,100.0,1.0452913045883179,0.001,NaN,NaN,NaN,transformer,embedding,2,167.9444758594036
4945,19784,0.026064271107316017,100.0,1.0264068841934204,0.001,NaN,NaN,NaN,transformer,embedding,2,165.9312457256019
4967,19872,NaN,NaN,NaN,NaN,0.021810010075569153,100.0,1.0220495462417603,transformer,embedding,2,155.17297966778278
4994,19980,0.03167475014925003,100.0,1.032181739807129,0.001,NaN,NaN,NaN,transformer,embedding,2,164.54539434611797
5043,20176,0.04067428410053253,100.0,1.0415128469467163,0.001,NaN,NaN,NaN,transformer,embedding,2,164.80357768386602
5066,20268,NaN,NaN,NaN,NaN,0.02237904816865921,100.0,1.022631287574768,transformer,embedding,2,153.7025857232511
5093,20376,0.02075229398906231,100.0,1.0209691524505615,0.001,NaN,NaN,NaN,transformer,embedding,2,157.31795989349484
5143,20576,0.020982742309570312,100.0,1.0212044715881348,0.001,NaN,NaN,NaN,transformer,embedding,2,154.89678613469005
5167,20672,NaN,NaN,NaN,NaN,0.018172789365053177,100.0,1.018338918685913,transformer,embedding,2,144.85606666654348
5194,20780,0.01975722424685955,100.0,1.019953727722168,0.001,NaN,NaN,NaN,transformer,embedding,2,156.2324104756117
5245,20984,0.02318100817501545,100.0,1.023451805114746,0.001,NaN,NaN,NaN,transformer,embedding,2,157.57263062521815
5270,21084,NaN,NaN,NaN,NaN,1.1640578508377075,43.85545349121094,3.2029037475585938,transformer,embedding,2,148.89788369461894
5297,21192,0.020632237195968628,100.0,1.0208466053009033,0.001,NaN,NaN,NaN,transformer,embedding,2,152.20817590877414
5349,21400,0.022449443116784096,100.0,1.0227032899856567,0.001,NaN,NaN,NaN,transformer,embedding,2,149.90330450981855
5375,21504,NaN,NaN,NaN,NaN,1.8504654169082642,22.23993682861328,6.3627800941467285,transformer,embedding,2,151.4296391531825
5402,21612,0.023093659430742264,100.0,1.023362398147583,0.001,NaN,NaN,NaN,transformer,embedding,2,153.36384480819106
5456,21828,0.03234110772609711,100.0,1.032869815826416,0.001,NaN,NaN,NaN,transformer,embedding,2,155.12114889919758
5482,21932,NaN,NaN,NaN,NaN,0.05588114634156227,99.97342681884766,1.0574719905853271,transformer,embedding,2,158.38103821128607
5510,22044,0.017238799482584,100.0,1.0173882246017456,0.001,NaN,NaN,NaN,transformer,embedding,2,148.37609203532338
5565,22264,0.01429805625230074,100.0,1.0144007205963135,0.001,NaN,NaN,NaN,transformer,embedding,2,146.97805350646377
5591,22368,NaN,NaN,NaN,NaN,0.0639178454875946,99.9867172241211,1.0660048723220825,transformer,embedding,2,160.43490083888173
5620,22484,0.019953466951847076,100.0,1.0201538801193237,0.001,NaN,NaN,NaN,transformer,embedding,2,148.48314803093672
5676,22708,0.014861482195556164,100.0,1.014972448348999,0.001,NaN,NaN,NaN,transformer,embedding,2,145.10407040640712
5702,22812,NaN,NaN,NaN,NaN,0.15394124388694763,99.05673217773438,1.1664223670959473,transformer,embedding,2,159.4323190972209
5732,22932,0.019872033968567848,100.0,1.0200707912445068,0.001,NaN,NaN,NaN,transformer,embedding,2,148.3774397149682
5789,23160,0.041561998426914215,99.0967025756836,1.0424377918243408,0.001,NaN,NaN,NaN,transformer,embedding,2,144.1348554454744
5816,23268,NaN,NaN,NaN,NaN,0.0262992475181818,100.0,1.0266481637954712,transformer,embedding,2,149.40965334698558
5846,23388,0.059172000735998154,100.0,1.060957670211792,0.001,NaN,NaN,NaN,transformer,embedding,2,156.3996497169137
5904,23620,0.04429194703698158,100.0,1.0452874898910522,0.001,NaN,NaN,NaN,transformer,embedding,2,156.79538921639323
5932,23732,NaN,NaN,NaN,NaN,0.017813552170991898,100.0,1.0179731845855713,transformer,embedding,2,144.74153765290976
5963,23856,0.020412122830748558,100.0,1.0206218957901,0.001,NaN,NaN,NaN,transformer,embedding,2,148.86903852969408
6022,24092,0.017350345849990845,100.0,1.017501711845398,0.001,NaN,NaN,NaN,transformer,embedding,2,143.52597007900476
6050,24204,NaN,NaN,NaN,NaN,0.03463122993707657,100.0,1.0352379083633423,transformer,embedding,2,153.29446820169687
6082,24332,0.21929794549942017,95.90860748291016,1.2452021837234497,0.001,NaN,NaN,NaN,transformer,embedding,2,151.97688418999314
6142,24572,0.026333771646022797,100.0,1.0266835689544678,0.001,NaN,NaN,NaN,transformer,embedding,2,150.5356083959341
6170,24684,NaN,NaN,NaN,NaN,0.01932596042752266,100.0,1.0195139646530151,transformer,embedding,2,139.39905785769224
6203,24816,0.021791407838463783,100.0,1.0220305919647217,0.001,NaN,NaN,NaN,transformer,embedding,2,148.15061488747597
6265,25064,0.015373456291854382,100.0,1.0154922008514404,0.001,NaN,NaN,NaN,transformer,embedding,2,141.62387640029192
6293,25176,NaN,NaN,NaN,NaN,0.029107041656970978,100.0,1.0295348167419434,transformer,embedding,2,154.52382480353117
6327,25312,0.028786465525627136,100.0,1.0292048454284668,0.001,NaN,NaN,NaN,transformer,embedding,2,154.20082664862275
6390,25564,0.028006205335259438,100.0,1.0284020900726318,0.001,NaN,NaN,NaN,transformer,embedding,2,149.65164095535874
6418,25676,NaN,NaN,NaN,NaN,0.4210975170135498,85.04051971435547,1.5236328840255737,transformer,embedding,2,153.12595343589783
6453,25816,0.019898291677236557,100.0,1.0200976133346558,0.001,NaN,NaN,NaN,transformer,embedding,2,143.61326148360968
6517,26072,1.0617834329605103,50.478214263916016,2.8915231227874756,0.001,NaN,NaN,NaN,transformer,embedding,2,148.47566808387637
6546,26188,NaN,NaN,NaN,NaN,0.022167371585965157,100.0,1.0224149227142334,transformer,embedding,2,146.57292396575212
6582,26332,0.024472525343298912,100.0,1.024774432182312,0.001,NaN,NaN,NaN,transformer,embedding,2,150.4829885326326
6647,26592,0.019243713468313217,100.0,1.0194300413131714,0.001,NaN,NaN,NaN,transformer,embedding,2,147.63669349625707
6676,26708,NaN,NaN,NaN,NaN,0.04524240642786026,100.0,1.0462814569473267,transformer,embedding,2,154.73562455549836
6713,26856,0.016624832525849342,100.0,1.0167638063430786,0.001,NaN,NaN,NaN,transformer,embedding,2,139.7978947237134
6780,27124,0.030413540080189705,100.0,1.0308808088302612,0.001,NaN,NaN,NaN,transformer,embedding,2,154.30132188275456
6809,27240,NaN,NaN,NaN,NaN,0.019242458045482635,100.0,1.0194287300109863,transformer,embedding,2,142.034804251045
6847,27392,0.021256528794765472,100.0,1.0214840173721313,0.001,NaN,NaN,NaN,transformer,embedding,2,146.43873312696815
6915,27664,0.11454872041940689,99.57492065429688,1.1213672161102295,0.001,NaN,NaN,NaN,transformer,embedding,2,154.45309806242585
6945,27784,NaN,NaN,NaN,NaN,0.022704144939780235,100.0,1.0229638814926147,transformer,embedding,2,142.05010080337524
6984,27940,0.020424067974090576,100.0,1.0206340551376343,0.001,NaN,NaN,NaN,transformer,embedding,2,147.5357027836144
7053,28216,1.3784610033035278,41.976619720458984,3.9687888622283936,0.001,NaN,NaN,NaN,transformer,embedding,2,147.6306551732123
7083,28336,NaN,NaN,NaN,NaN,0.033341940492391586,100.0,1.033903956413269,transformer,embedding,2,145.9582867398858
7123,28496,0.028320226818323135,100.0,1.028725028038025,0.001,NaN,NaN,NaN,transformer,embedding,2,145.06638149544597
7194,28780,0.0319296158850193,100.0,1.0324448347091675,0.001,NaN,NaN,NaN,transformer,embedding,2,149.17643797397614
7224,28900,NaN,NaN,NaN,NaN,1.644896388053894,21.429521560668945,5.180473327636719,transformer,embedding,2,140.4424458630383
7265,29064,0.018495645374059677,100.0,1.0186676979064941,0.001,NaN,NaN,NaN,transformer,embedding,2,139.74942538514733
7337,29352,0.024612106382846832,100.0,1.024917483329773,0.001,NaN,NaN,NaN,transformer,embedding,2,147.90257319435477
7368,29476,NaN,NaN,NaN,NaN,0.7180147767066956,65.0059814453125,2.050358772277832,transformer,embedding,2,147.8723107688129
7410,29644,0.016895774751901627,100.0,1.0170392990112305,0.001,NaN,NaN,NaN,transformer,embedding,2,140.0906894877553
7484,29940,0.023594312369823456,100.0,1.0238748788833618,0.001,NaN,NaN,NaN,transformer,embedding,2,147.8260198533535
7515,30064,NaN,NaN,NaN,NaN,0.7670667171478271,60.38262176513672,2.153440237045288,transformer,embedding,2,147.8493163175881
7558,30236,0.01603841967880726,100.0,1.0161677598953247,0.001,NaN,NaN,NaN,transformer,embedding,2,139.79884500801563
7633,30536,0.023289281874895096,100.0,1.0235625505447388,0.001,NaN,NaN,NaN,transformer,embedding,2,150.38559479266405
7665,30664,NaN,NaN,NaN,NaN,0.4437392055988312,80.17802429199219,1.5585240125656128,transformer,embedding,2,150.40489466115832
7709,30840,1.5847374200820923,20.244421005249023,4.878010272979736,0.001,NaN,NaN,NaN,transformer,embedding,2,143.4999310504645
7786,31148,0.024101100862026215,100.0,1.024393916130066,0.001,NaN,NaN,NaN,transformer,embedding,2,145.99907052703202
7818,31276,NaN,NaN,NaN,NaN,0.04478435218334198,100.0,1.045802354812622,transformer,embedding,2,152.68616464734077
7863,31456,2.1530115604400635,2.8692879676818848,8.610751152038574,0.001,NaN,NaN,NaN,transformer,embedding,2,145.3998116031289
7941,31768,0.02881949208676815,100.0,1.0292388200759888,0.001,NaN,NaN,NaN,transformer,embedding,2,147.9335295036435
7974,31900,NaN,NaN,NaN,NaN,0.1356012523174286,99.32244110107422,1.145225167274475,transformer,embedding,2,152.76245499402285
8020,32084,0.7494391798973083,74.54835510253906,2.1158130168914795,0.001,NaN,NaN,NaN,transformer,embedding,2,140.36317091807723
8100,32404,0.022828610613942146,100.0,1.023091197013855,0.001,NaN,NaN,NaN,transformer,embedding,2,143.9135411530733
8133,32536,NaN,NaN,NaN,NaN,0.050223976373672485,100.0,1.0515066385269165,transformer,embedding,2,149.89628517627716
8181,32728,0.03370494022965431,100.0,1.0342793464660645,0.001,NaN,NaN,NaN,transformer,embedding,2,152.1923618800938
8262,33052,0.01737103797495365,100.0,1.0175228118896484,0.001,NaN,NaN,NaN,transformer,embedding,2,138.7932257167995
8295,33184,NaN,NaN,NaN,NaN,0.02770448476076126,100.0,1.0280917882919312,transformer,embedding,2,147.9734973832965
8344,33380,0.022701295092701912,100.0,1.022960901260376,0.001,NaN,NaN,NaN,transformer,embedding,2,148.8426827341318
8427,33712,0.036044418811798096,100.0,1.0367019176483154,0.001,NaN,NaN,NaN,transformer,embedding,2,151.72771311551332
8460,33844,NaN,NaN,NaN,NaN,0.018623515963554382,100.0,1.0187979936599731,transformer,embedding,2,140.28719996660948
8511,34048,2.792595148086548,13.54941463470459,16.323326110839844,0.001,NaN,NaN,NaN,transformer,embedding,2,141.7909789942205
8596,34388,0.020456494763493538,100.0,1.0206671953201294,0.001,NaN,NaN,NaN,transformer,embedding,2,146.31053959950805
8629,34520,NaN,NaN,NaN,NaN,0.03454117849469185,100.0,1.0351446866989136,transformer,embedding,2,152.40988452360034
8681,34728,0.02077430486679077,100.0,1.020991563796997,0.001,NaN,NaN,NaN,transformer,embedding,2,147.71527118608356
8767,35072,2.42163348197937,0.0,11.264244079589844,0.001,NaN,NaN,NaN,transformer,embedding,2,141.30122423544526
8801,35208,NaN,NaN,NaN,NaN,0.08927390724420547,99.96014404296875,1.093380093574524,transformer,embedding,2,147.92445615679026
8854,35420,0.026083331555128098,100.0,1.0264264345169067,0.001,NaN,NaN,NaN,transformer,embedding,2,147.90348286181688
8942,35772,0.028289061039686203,100.0,1.0286929607391357,0.001,NaN,NaN,NaN,transformer,embedding,2,151.96941965445876
8977,35912,NaN,NaN,NaN,NaN,0.0656287744641304,99.94686126708984,1.067830204963684,transformer,embedding,2,154.4267431870103
9031,36128,0.023804612457752228,100.0,1.0240901708602905,0.001,NaN,NaN,NaN,transformer,embedding,2,149.507237855345
9121,36488,0.0227005984634161,100.0,1.0229601860046387,0.001,NaN,NaN,NaN,transformer,embedding,2,153.96634243428707
9156,36628,NaN,NaN,NaN,NaN,0.9391265511512756,59.519065856933594,2.557746410369873,transformer,embedding,2,145.50776628777385
9212,36852,0.08527038246393204,99.94686889648438,1.0890114307403564,0.001,NaN,NaN,NaN,transformer,embedding,2,155.65398681163788
9304,37220,2.3101391792297363,3.1880977153778076,10.075826644897461,0.001,NaN,NaN,NaN,transformer,embedding,2,145.9551746994257
9339,37360,NaN,NaN,NaN,NaN,0.02843346819281578,100.0,1.0288416147232056,transformer,embedding,2,144.43079188466072
9397,37592,0.48179754614830017,81.98724365234375,1.618981957435608,0.001,NaN,NaN,NaN,transformer,embedding,2,152.83313677832484
9490,37964,0.1044239029288292,99.57492065429688,1.1100709438323975,0.001,NaN,NaN,NaN,transformer,embedding,2,156.9837903752923
9525,38104,NaN,NaN,NaN,NaN,0.019430730491876602,100.0,1.0196207761764526,transformer,embedding,2,142.22494302876294
9584,38340,0.21872040629386902,96.06800842285156,1.244483232498169,0.001,NaN,NaN,NaN,transformer,embedding,2,151.62923394329846
9679,38720,2.284237861633301,0.42507970333099365,9.81820011138916,0.001,NaN,NaN,NaN,transformer,embedding,2,143.07912435382605
9715,38864,NaN,NaN,NaN,NaN,0.08031382411718369,99.8538589477539,1.0836271047592163,transformer,embedding,2,144.75160260871053
9775,39104,0.021076209843158722,100.0,1.0212998390197754,0.001,NaN,NaN,NaN,transformer,embedding,2,140.61820989847183
9872,39492,0.01718958467245102,100.0,1.0173381567001343,0.001,NaN,NaN,NaN,transformer,embedding,2,138.51083569601178
9909,39640,NaN,NaN,NaN,NaN,0.03214016184210777,100.0,1.032662272453308,transformer,embedding,2,144.75766959786415
9970,39884,0.8645395636558533,50.5844841003418,2.373912811279297,0.001,NaN,NaN,NaN,transformer,embedding,2,146.24233365803957
10069,40280,0.28341472148895264,94.10202026367188,1.3276556730270386,0.001,NaN,NaN,NaN,transformer,embedding,2,146.78648339957
10107,40432,NaN,NaN,NaN,NaN,0.018730634823441505,100.0,1.0189071893692017,transformer,embedding,2,135.7314205095172
10169,40680,0.07103876769542694,100.0,1.0736228227615356,0.001,NaN,NaN,NaN,transformer,embedding,2,149.6709538232535
10270,41084,0.03768423944711685,100.0,1.0384032726287842,0.001,NaN,NaN,NaN,transformer,embedding,2,150.23653614334762
10309,41240,NaN,NaN,NaN,NaN,0.05092545226216316,100.0,1.0522444248199463,transformer,embedding,2,153.35657555237412
10372,41492,0.02266029454767704,100.0,1.022918939590454,0.001,NaN,NaN,NaN,transformer,embedding,2,146.35553115978837
10475,41904,0.02359074354171753,100.0,1.0238711833953857,0.001,NaN,NaN,NaN,transformer,embedding,2,144.92395984753966
10515,42064,NaN,NaN,NaN,NaN,0.029517685994505882,100.0,1.02995765209198,transformer,embedding,2,147.2551679685712
10579,42320,0.019215472042560577,100.0,1.0194013118743896,0.001,NaN,NaN,NaN,transformer,embedding,2,142.7134317085147
10684,42740,0.014437723904848099,100.0,1.0145424604415894,0.001,NaN,NaN,NaN,transformer,embedding,2,139.59037931263447
10725,42904,NaN,NaN,NaN,NaN,0.02113589271903038,100.0,1.0213608741760254,transformer,embedding,2,143.514766395092
10790,43164,0.015660244971513748,100.0,1.0157835483551025,0.001,NaN,NaN,NaN,transformer,embedding,2,138.93504811264575
10897,43592,0.04799368977546692,100.0,1.049164056777954,0.001,NaN,NaN,NaN,transformer,embedding,2,151.3776088654995
10939,43760,NaN,NaN,NaN,NaN,2.058804988861084,7.200744152069092,7.836599349975586,transformer,embedding,2,139.02567726746202
11005,44024,0.07033344358205795,100.0,1.0728658437728882,0.001,NaN,NaN,NaN,transformer,embedding,2,156.07599277421832
11115,44464,0.018077893182635307,100.0,1.0182422399520874,0.001,NaN,NaN,NaN,transformer,embedding,2,142.41087435930967
11157,44632,NaN,NaN,NaN,NaN,0.03269254416227341,100.0,1.0332328081130981,transformer,embedding,2,150.14736346527934
11226,44908,0.015510587953031063,100.0,1.0156315565109253,0.001,NaN,NaN,NaN,transformer,embedding,2,138.30490966700017
11338,45356,2.4147627353668213,0.7970244288444519,11.187115669250488,0.001,NaN,NaN,NaN,transformer,embedding,2,140.76257442310452
11380,45524,NaN,NaN,NaN,NaN,0.02705063857138157,100.0,1.0274198055267334,transformer,embedding,2,145.33131993934512
11451,45808,0.0854271948337555,99.89373016357422,1.0891822576522827,0.001,NaN,NaN,NaN,transformer,embedding,2,156.5828030258417
11565,46264,0.017320627346634865,100.0,1.0174715518951416,0.001,NaN,NaN,NaN,transformer,embedding,2,146.8136418648064
11607,46432,NaN,NaN,NaN,NaN,0.025399304926395416,100.0,1.0257246494293213,transformer,embedding,2,144.21440810337663
11680,46724,0.022846193984150887,100.0,1.0231091976165771,0.001,NaN,NaN,NaN,transformer,embedding,2,149.75956010445952
11796,47188,0.022020425647497177,100.0,1.0222647190093994,0.001,NaN,NaN,NaN,transformer,embedding,2,149.03633949160576
11839,47360,NaN,NaN,NaN,NaN,1.431339144706726,28.789691925048828,4.184298992156982,transformer,embedding,2,153.27287525683641
11913,47656,0.020854586735367775,100.0,1.021073579788208,0.001,NaN,NaN,NaN,transformer,embedding,2,140.17235988751054
12032,48132,0.048115428537130356,100.0,1.049291729927063,0.001,NaN,NaN,NaN,transformer,embedding,2,150.94042589887977
12075,48304,NaN,NaN,NaN,NaN,0.26037272810935974,93.8222427368164,1.2974135875701904,transformer,embedding,2,151.68037016317248
12152,48612,0.0185866579413414,100.0,1.0187604427337646,0.001,NaN,NaN,NaN,transformer,embedding,2,139.08023017644882
12273,49096,0.0654926598072052,100.0,1.0676848888397217,0.001,NaN,NaN,NaN,transformer,embedding,2,157.04256987199187
12316,49268,NaN,NaN,NaN,NaN,0.015905989333987236,100.0,1.0160331726074219,transformer,embedding,2,139.77243685908616
12395,49584,0.06174682080745697,100.0,1.0636930465698242,0.001,NaN,NaN,NaN,transformer,embedding,2,149.95919059962034
12518,50076,1.1539459228515625,46.599361419677734,3.1706795692443848,0.001,NaN,NaN,NaN,transformer,embedding,2,150.56928336247802
12562,50252,NaN,NaN,NaN,NaN,0.35392555594444275,84.09725189208984,1.4246491193771362,transformer,embedding,2,149.9009376950562
12643,50576,0.020711027085781097,100.0,1.0209269523620605,0.001,NaN,NaN,NaN,transformer,embedding,2,145.00107389315963
12769,51080,0.06901191174983978,99.94686889648438,1.0714489221572876,0.001,NaN,NaN,NaN,transformer,embedding,2,154.30183255299926
12813,51256,NaN,NaN,NaN,NaN,0.1297307163476944,99.5350112915039,1.1385217905044556,transformer,embedding,2,154.984624363482
12896,51588,0.017679773271083832,100.0,1.0178369283676147,0.001,NaN,NaN,NaN,transformer,embedding,2,136.66937805898488
13024,52100,0.09773671627044678,99.78746032714844,1.1026724576950073,0.001,NaN,NaN,NaN,transformer,embedding,2,151.3211575448513
13069,52280,NaN,NaN,NaN,NaN,0.03465357422828674,100.0,1.0352610349655151,transformer,embedding,2,147.8170144110918
13154,52620,0.04857563227415085,100.0,1.0497747659683228,0.001,NaN,NaN,NaN,transformer,embedding,2,151.71659677103162
13285,53144,0.01739581488072872,100.0,1.0175479650497437,0.001,NaN,NaN,NaN,transformer,embedding,2,138.22708115912974
13330,53324,NaN,NaN,NaN,NaN,0.01886899769306183,100.0,1.0190480947494507,transformer,embedding,2,139.89403328299522
13417,53672,0.022907095029950142,100.0,1.0231714248657227,0.001,NaN,NaN,NaN,transformer,embedding,2,143.43317162245512
13551,54208,0.03926076740026474,100.0,1.0400416851043701,0.001,NaN,NaN,NaN,transformer,embedding,2,150.3867783434689
13596,54388,NaN,NaN,NaN,NaN,0.040956079959869385,100.0,1.0418063402175903,transformer,embedding,2,148.98140313103795
13686,54748,0.23575054109096527,97.82146453857422,1.26585853099823,0.001,NaN,NaN,NaN,transformer,embedding,2,150.4588763806969
13822,55292,1.7818608283996582,26.301807403564453,5.940901279449463,0.001,NaN,NaN,NaN,transformer,embedding,2,144.97002118825912
13867,55472,NaN,NaN,NaN,NaN,0.48442211747169495,76.09937286376953,1.6232366561889648,transformer,embedding,2,150.30055310949683
13960,55844,0.017475157976150513,100.0,1.017628788948059,0.001,NaN,NaN,NaN,transformer,embedding,2,139.56274991109967
14099,56400,0.021514326333999634,100.0,1.0217474699020386,0.001,NaN,NaN,NaN,transformer,embedding,2,143.26192492246628
14144,56580,NaN,NaN,NaN,NaN,0.02606467343866825,100.0,1.0264073610305786,transformer,embedding,2,142.86839599348605
14239,56960,0.030380815267562866,100.0,1.0308470726013184,0.001,NaN,NaN,NaN,transformer,embedding,2,144.60763527452946
14381,57528,0.019795550033450127,100.0,1.0199928283691406,0.001,NaN,NaN,NaN,transformer,embedding,2,139.48097543418407
14426,57708,NaN,NaN,NaN,NaN,0.021721573546528816,100.0,1.0219591856002808,transformer,embedding,2,142.19697503000498
14524,58100,0.0193170253187418,100.0,1.0195047855377197,0.001,NaN,NaN,NaN,transformer,embedding,2,143.42313478514552
14669,58680,0.02002592384815216,100.0,1.0202277898788452,0.001,NaN,NaN,NaN,transformer,embedding,2,141.80289668403566
14714,58860,NaN,NaN,NaN,NaN,1.5499341487884521,20.353395462036133,4.711160182952881,transformer,embedding,2,146.81931886076927
14815,59264,0.3700959384441376,91.23272705078125,1.4478734731674194,0.001,NaN,NaN,NaN,transformer,embedding,2,156.27855590358377
14963,59856,0.04118134453892708,100.0,1.0420410633087158,0.001,NaN,NaN,NaN,transformer,embedding,2,153.70793606340885
15008,60036,NaN,NaN,NaN,NaN,0.13080184161663055,99.4552993774414,1.1397418975830078,transformer,embedding,2,152.31903411075473
15112,60452,0.020679553970694542,100.0,1.0208948850631714,0.001,NaN,NaN,NaN,transformer,embedding,2,144.62587285414338
15263,61056,0.020421909168362617,100.0,1.0206319093704224,0.001,NaN,NaN,NaN,transformer,embedding,2,139.20861276611686
15308,61236,NaN,NaN,NaN,NaN,0.025890765711665154,100.0,1.0262287855148315,transformer,embedding,2,140.94476666487753
15415,61664,0.016759345307946205,100.0,1.0169005393981934,0.001,NaN,NaN,NaN,transformer,embedding,2,134.55495931208134
15569,62280,2.047532796859741,9.617427825927734,7.748759746551514,0.001,NaN,NaN,NaN,transformer,embedding,2,134.9648497030139
15614,62460,NaN,NaN,NaN,NaN,2.5116119384765625,0.0,12.324780464172363,transformer,embedding,2,135.0410757176578
15724,62900,0.08093365281820297,99.94686889648438,1.0842989683151245,0.001,NaN,NaN,NaN,transformer,embedding,2,149.13708133250475
15881,63528,0.0366194024682045,100.0,1.0372982025146484,0.001,NaN,NaN,NaN,transformer,embedding,2,141.12481582537293
15926,63708,NaN,NaN,NaN,NaN,0.034661535173654556,100.0,1.0352692604064941,transformer,embedding,2,142.01734536886215
16039,64160,0.024925649166107178,100.0,1.0252388715744019,0.001,NaN,NaN,NaN,transformer,embedding,2,136.03769504278898
16199,64800,0.07446957379579544,100.0,1.0773125886917114,0.001,NaN,NaN,NaN,transformer,embedding,2,143.27303897589445
16244,64980,NaN,NaN,NaN,NaN,0.07711204886436462,99.72100830078125,1.0801631212234497,transformer,embedding,2,141.14103176817298
16360,65444,0.0808800607919693,99.84059143066406,1.0842407941818237,0.001,NaN,NaN,NaN,transformer,embedding,2,151.97642328590155
16523,66096,0.042219825088977814,100.0,1.043123722076416,0.001,NaN,NaN,NaN,transformer,embedding,2,159.38861962035298
16568,66276,NaN,NaN,NaN,NaN,0.08326294273138046,98.4588851928711,1.0868275165557861,transformer,embedding,2,161.36584523692727
16688,66756,0.02237313613295555,100.0,1.0226253271102905,0.001,NaN,NaN,NaN,transformer,embedding,2,155.5454151146114
16854,67420,0.01605094037950039,100.0,1.016180396080017,0.001,NaN,NaN,NaN,transformer,embedding,2,142.86450052633882
16899,67600,NaN,NaN,NaN,NaN,0.04506444185972214,99.9202880859375,1.0460952520370483,transformer,embedding,2,151.66165551915765
17022,68092,0.04154028370976448,100.0,1.0424151420593262,0.001,NaN,NaN,NaN,transformer,embedding,2,158.20411946251988
17192,68772,0.030198026448488235,100.0,1.0306586027145386,0.001,NaN,NaN,NaN,transformer,embedding,2,147.43819293938577
17236,68948,NaN,NaN,NaN,NaN,0.02902769111096859,100.0,1.029453158378601,transformer,embedding,2,144.61887305416167
17363,69456,0.11118590831756592,99.4686508178711,1.1176027059555054,0.001,NaN,NaN,NaN,transformer,embedding,2,147.78190967068076
17536,70148,0.03759127855300903,100.0,1.038306713104248,0.001,NaN,NaN,NaN,transformer,embedding,2,150.9115275926888
17580,70324,NaN,NaN,NaN,NaN,1.9497274160385132,4.038793563842773,7.0267720222473145,transformer,embedding,2,143.82030817493796
17711,70848,0.05705264210700989,100.0,1.0587115287780762,0.001,NaN,NaN,NaN,transformer,embedding,2,157.3770341835916
17888,71556,0.020774492993950844,100.0,1.0209918022155762,0.001,NaN,NaN,NaN,transformer,embedding,2,158.3248473778367
17931,71728,NaN,NaN,NaN,NaN,0.04084774851799011,99.96014404296875,1.0416934490203857,transformer,embedding,2,164.17853329703212
18066,72268,0.028659090399742126,100.0,1.029073715209961,0.001,NaN,NaN,NaN,transformer,embedding,2,159.67560355737805
18246,72988,0.7471285462379456,65.83421325683594,2.1109299659729004,0.001,NaN,NaN,NaN,transformer,embedding,2,153.07454366981983
18289,73160,NaN,NaN,NaN,NaN,0.15066365897655487,99.10987091064453,1.1626055240631104,transformer,embedding,2,153.877587441355
18428,73716,0.1590912640094757,99.20297241210938,1.1724449396133423,0.001,NaN,NaN,NaN,transformer,embedding,2,145.4002204053104
18612,74452,0.03134722262620926,100.0,1.031843662261963,0.001,NaN,NaN,NaN,transformer,embedding,2,134.85099074989557
18654,74620,NaN,NaN,NaN,NaN,0.4695136845111847,77.0559310913086,1.5992162227630615,transformer,embedding,2,134.93453473225236
18798,75196,0.03482866287231445,100.0,1.0354422330856323,0.001,NaN,NaN,NaN,transformer,embedding,2,133.7794906385243
18985,75944,0.020283782854676247,100.0,1.0204908847808838,0.001,NaN,NaN,NaN,transformer,embedding,2,125.88206632062793
19027,76112,NaN,NaN,NaN,NaN,0.02315610460937023,100.0,1.0234262943267822,transformer,embedding,2,128.87811618298292
19174,76700,2.2781782150268555,1.7534537315368652,9.758885383605957,0.001,NaN,NaN,NaN,transformer,embedding,2,86.90048452466726
19365,77464,0.05016414448618889,100.0,1.0514436960220337,0.001,NaN,NaN,NaN,transformer,embedding,2,105.55749423801899
19407,77632,NaN,NaN,NaN,NaN,0.07054328918457031,99.5350112915039,1.0730910301208496,transformer,embedding,2,101.17525170370936
19558,78236,0.03707871213555336,100.0,1.037774682044983,0.001,NaN,NaN,NaN,transformer,embedding,2,94.66365820914507
19753,79016,0.7410443425178528,65.46227264404297,2.098125457763672,0.001,NaN,NaN,NaN,transformer,embedding,2,97.30340900085866
19795,79184,NaN,NaN,NaN,NaN,2.272724151611328,1.7935433387756348,9.705804824829102,transformer,embedding,2,96.58600117638707
19950,79804,0.11663911491632462,99.89373016357422,1.1237138509750366,0.001,NaN,NaN,NaN,transformer,embedding,2,97.05088246613741
20149,80600,1.2314953804016113,36.92879867553711,3.426349401473999,0.001,NaN,NaN,NaN,transformer,embedding,2,106.86574347503483
20190,80764,NaN,NaN,NaN,NaN,0.07904540002346039,99.21615600585938,1.0822534561157227,transformer,embedding,2,105.75874100252986
20350,81404,0.07812239229679108,100.0,1.0812549591064453,0.001,NaN,NaN,NaN,transformer,embedding,2,106.44884633459151
20553,82216,0.6235898733139038,66.68437957763672,1.865613341331482,0.001,NaN,NaN,NaN,transformer,embedding,2,109.21050849556923
20593,82376,NaN,NaN,NaN,NaN,0.238771453499794,94.83193969726562,1.269688367843628,transformer,embedding,2,107.011186407879
