epoch,global_step,train_loss,train_accuracy,train_perplexity,learning_rate,val_loss,val_accuracy,val_perplexity,model_type,encoding,k_value
0,1,5.562445163726807,0.0,260.45892333984375,0.0001,5.564263343811035,0.0,260.93292236328125,transformer,embedding,2
1,2,5.562445163726807,0.0,260.45892333984375,0.0002,5.431116580963135,0.0,228.4041290283203,transformer,embedding,2
2,3,5.429388999938965,0.0,228.0098876953125,0.0003,5.170023441314697,0.0,175.91896057128906,transformer,embedding,2
3,4,5.16848611831665,0.0,175.6487274169922,0.0004,4.798576354980469,0.0,121.33755493164062,transformer,embedding,2
4,5,4.797344207763672,0.0,121.18814086914062,0.0005,4.356882572174072,0.0,78.0135498046875,transformer,embedding,2
5,6,4.35596227645874,0.0,77.94178771972656,0.0006,3.9102628231048584,0.0,49.91206741333008,transformer,embedding,2
6,7,3.909489631652832,0.0,49.87349319458008,0.0007,3.537014961242676,0.0,34.36418914794922,transformer,embedding,2
7,8,3.536214590072632,0.0,34.336692810058594,0.0008,3.293222665786743,0.0,26.929508209228516,transformer,embedding,2
8,9,3.292337417602539,0.0,26.90567970275879,0.0009000000000000001,3.168703556060791,0.0,23.776639938354492,transformer,embedding,2
9,10,3.167649984359741,0.0,23.751602172851562,0.001,3.099203586578369,0.0,22.180278778076172,transformer,embedding,2
10,11,3.0978941917419434,0.0,22.151256561279297,0.001,3.0264532566070557,0.0,20.62395477294922,transformer,embedding,2
11,12,3.024730920791626,0.0,20.588464736938477,0.001,2.9341259002685547,0.0,18.8050594329834,transformer,embedding,2
12,13,2.9318556785583496,0.0,18.762414932250977,0.001,2.834350824356079,0.0,17.01934814453125,transformer,embedding,2
13,14,2.8314332962036133,0.0,16.96976661682129,0.001,2.7529256343841553,0.0,15.68846321105957,transformer,embedding,2
14,15,2.749324083328247,0.0,15.632061958312988,0.001,2.698197841644287,0.0,14.852940559387207,transformer,embedding,2
15,16,2.693769931793213,0.0,14.787318229675293,0.001,2.6544692516326904,0.0,14.217437744140625,transformer,embedding,2
16,17,2.6492607593536377,0.0,14.143579483032227,0.001,2.6068692207336426,0.0,13.556541442871094,transformer,embedding,2
17,18,2.6009700298309326,0.0,13.476804733276367,0.001,2.555807590484619,0.0,12.881698608398438,transformer,embedding,2
18,19,2.5494046211242676,0.0,12.799481391906738,0.001,2.5099148750305176,0.0,12.303882598876953,transformer,embedding,2
19,20,2.5030531883239746,0.0,12.219746589660645,0.001,2.4741241931915283,0.3897254168987274,11.871305465698242,transformer,embedding,2
20,21,2.4667446613311768,0.6907545328140259,11.78402328491211,0.001,2.447737455368042,0.8503099679946899,11.56215763092041,transformer,embedding,2
21,22,2.4397177696228027,1.2486716508865356,11.469802856445312,0.001,2.4280288219451904,0.8857395648956299,11.33651351928711,transformer,embedding,2
22,23,2.4193029403686523,1.354941487312317,11.238022804260254,0.001,2.4127283096313477,0.9211691617965698,11.164379119873047,transformer,embedding,2
23,24,2.4032788276672363,1.3018065690994263,11.059378623962402,0.001,2.400449514389038,0.9920282959938049,11.028132438659668,transformer,embedding,2
24,25,2.390242576599121,1.1955366134643555,10.916141510009766,0.001,2.3903801441192627,0.9211691617965698,10.917643547058105,transformer,embedding,2
25,26,2.379412889480591,1.1689691543579102,10.798561096191406,0.001,2.3819713592529297,0.8503099679946899,10.826224327087402,transformer,embedding,2
26,27,2.370290517807007,1.3283740282058716,10.70050048828125,0.001,2.374781608581543,0.7263064384460449,10.748665809631348,transformer,embedding,2
27,28,2.362438201904297,1.1424016952514648,10.616806030273438,0.001,2.3684263229370117,0.8148804306983948,10.680571556091309,transformer,embedding,2
28,29,2.355506181716919,1.2486716508865356,10.543464660644531,0.001,2.362581253051758,0.9034543633460999,10.618324279785156,transformer,embedding,2
29,30,2.349220037460327,1.408076524734497,10.477394104003906,0.001,2.357095718383789,0.9565987586975098,10.560236930847168,transformer,embedding,2
30,31,2.3434231281280518,1.408076524734497,10.416833877563477,0.001,2.3519742488861084,0.9388839602470398,10.506291389465332,transformer,embedding,2
31,32,2.338127851486206,1.354941487312317,10.36181926727295,0.001,2.3472964763641357,0.8857395648956299,10.457260131835938,transformer,embedding,2
32,33,2.3333983421325684,1.275239109992981,10.312929153442383,0.001,2.343130588531494,0.708591639995575,10.413786888122559,transformer,embedding,2
33,34,2.329286813735962,1.275239109992981,10.270613670349121,0.001,2.339463233947754,0.9211691617965698,10.375665664672852,transformer,embedding,2
34,35,2.3257431983947754,1.5940488576889038,10.234283447265625,0.001,2.336236000061035,0.83259516954422,10.34223461151123,transformer,embedding,2
35,36,2.3226757049560547,1.354941487312317,10.202938079833984,0.001,2.333350419998169,0.7971656322479248,10.312435150146484,transformer,embedding,2
36,37,2.319962501525879,1.3283740282058716,10.17529296875,0.001,2.330714702606201,0.8680247664451599,10.285289764404297,transformer,embedding,2
37,38,2.3174891471862793,1.408076524734497,10.15015697479248,0.001,2.328277826309204,0.7440212368965149,10.26025676727295,transformer,embedding,2
38,39,2.315200090408325,1.354941487312317,10.126949310302734,0.001,2.326031446456909,0.7794508337974548,10.237234115600586,transformer,embedding,2
39,40,2.3130767345428467,1.3018065690994263,10.10546875,0.001,2.323965549468994,0.8680247664451599,10.216106414794922,transformer,embedding,2
40,41,2.31111478805542,1.2486716508865356,10.085661888122559,0.001,2.322108745574951,0.7794508337974548,10.197154998779297,transformer,embedding,2
41,42,2.309326171875,1.2486716508865356,10.067638397216797,0.001,2.3204731941223145,0.7617360353469849,10.180490493774414,transformer,embedding,2
42,43,2.307708263397217,1.4346439838409424,10.051362991333008,0.001,2.3190367221832275,0.8503099679946899,10.165877342224121,transformer,embedding,2
43,44,2.3062663078308105,1.408076524734497,10.036879539489746,0.001,2.3177897930145264,0.8680247664451599,10.15320873260498,transformer,embedding,2
44,45,2.304980516433716,1.408076524734497,10.023983001708984,0.001,2.316694736480713,0.9565987586975098,10.142096519470215,transformer,embedding,2
45,46,2.3038132190704346,1.5143464803695679,10.012289047241211,0.001,2.3157174587249756,0.83259516954422,10.132189750671387,transformer,embedding,2
46,47,2.3027350902557373,1.4346439838409424,10.001500129699707,0.001,2.3148295879364014,0.7617360353469849,10.123197555541992,transformer,embedding,2
47,48,2.301731824874878,1.2221040725708008,9.991471290588379,0.001,2.3140294551849365,0.6377325057983398,10.115100860595703,transformer,embedding,2
48,49,2.300776958465576,1.2221040725708008,9.981934547424316,0.001,2.31329345703125,0.690876841545105,10.107659339904785,transformer,embedding,2
49,50,2.299882173538208,1.3283740282058716,9.973007202148438,0.001,2.312643527984619,0.8680247664451599,10.101092338562012,transformer,embedding,2
50,51,2.2990400791168213,1.3018065690994263,9.96461296081543,0.001,2.3120782375335693,0.8148804306983948,10.095383644104004,transformer,embedding,2
51,52,2.2982685565948486,1.275239109992981,9.956927299499512,0.001,2.311593532562256,0.9034543633460999,10.09049129486084,transformer,embedding,2
52,53,2.2975594997406006,1.3283740282058716,9.949870109558105,0.001,2.3111748695373535,0.7971656322479248,10.086267471313477,transformer,embedding,2
53,54,2.296891689300537,1.3018065690994263,9.943227767944336,0.001,2.3108062744140625,0.8857395648956299,10.082551002502441,transformer,embedding,2
54,55,2.296255588531494,1.3283740282058716,9.936904907226562,0.001,2.3104734420776367,0.8503099679946899,10.079195022583008,transformer,embedding,2
55,56,2.2956268787384033,1.4612114429473877,9.930659294128418,0.001,2.3101673126220703,0.8857395648956299,10.07611083984375,transformer,embedding,2
56,57,2.2950055599212646,1.4612114429473877,9.924490928649902,0.001,2.309875249862671,0.9034543633460999,10.07316780090332,transformer,embedding,2
57,58,2.2943882942199707,1.5143464803695679,9.918367385864258,0.001,2.3096070289611816,0.8680247664451599,10.070466041564941,transformer,embedding,2
58,59,2.293778657913208,1.5409139394760132,9.912322044372559,0.001,2.309343099594116,0.8680247664451599,10.067809104919434,transformer,embedding,2
59,60,2.2931883335113525,1.5409139394760132,9.906472206115723,0.001,2.3091022968292236,0.8857395648956299,10.065384864807129,transformer,embedding,2
60,61,2.2926158905029297,1.5674813985824585,9.900803565979004,0.001,2.3088765144348145,0.8503099679946899,10.063112258911133,transformer,embedding,2
61,62,2.292055606842041,1.487778902053833,9.895257949829102,0.001,2.308659076690674,0.8680247664451599,10.060924530029297,transformer,embedding,2
62,63,2.2915031909942627,1.4612114429473877,9.889792442321777,0.001,2.3084428310394287,0.8148804306983948,10.058749198913574,transformer,embedding,2
63,64,2.2909510135650635,1.487778902053833,9.884333610534668,0.001,2.3082406520843506,0.7971656322479248,10.056715965270996,transformer,embedding,2
64,65,2.2903895378112793,1.5674813985824585,9.878785133361816,0.001,2.3080663681030273,0.8680247664451599,10.054963111877441,transformer,embedding,2
65,66,2.289823055267334,1.6206163167953491,9.873190879821777,0.001,2.3079121112823486,0.8503099679946899,10.053412437438965,transformer,embedding,2
66,67,2.2892420291900635,1.487778902053833,9.86745548248291,0.001,2.3078198432922363,0.8857395648956299,10.052484512329102,transformer,embedding,2
67,68,2.288668632507324,1.6471837759017944,9.861799240112305,0.001,2.30777645111084,0.9565987586975098,10.052048683166504,transformer,embedding,2
68,69,2.2880771160125732,1.6471837759017944,9.85596752166748,0.001,2.307795763015747,0.9211691617965698,10.052242279052734,transformer,embedding,2
69,70,2.2874791622161865,1.72688627243042,9.850075721740723,0.001,2.30785870552063,0.9034543633460999,10.052875518798828,transformer,embedding,2
70,71,2.286862850189209,1.7003188133239746,9.84400749206543,0.001,2.307976484298706,0.8680247664451599,10.054059982299805,transformer,embedding,2
71,72,2.286214828491211,1.7003188133239746,9.837630271911621,0.001,2.308119297027588,0.8503099679946899,10.055495262145996,transformer,embedding,2
72,73,2.2855331897735596,1.7003188133239746,9.830926895141602,0.001,2.308293104171753,0.8857395648956299,10.057243347167969,transformer,embedding,2
73,74,2.2848196029663086,1.859723687171936,9.82391357421875,0.001,2.3085103034973145,0.8148804306983948,10.059428215026855,transformer,embedding,2
74,75,2.28405499458313,2.0191285610198975,9.816405296325684,0.001,2.3087611198425293,0.9034543633460999,10.061951637268066,transformer,embedding,2
75,76,2.2832462787628174,2.0988309383392334,9.808469772338867,0.001,2.309032917022705,0.8857395648956299,10.06468677520752,transformer,embedding,2
76,77,2.2823801040649414,1.9925611019134521,9.79997730255127,0.001,2.309345245361328,0.9211691617965698,10.067830085754395,transformer,embedding,2
77,78,2.2814598083496094,2.0988309383392334,9.790963172912598,0.001,2.309694290161133,0.8503099679946899,10.071345329284668,transformer,embedding,2
78,79,2.2804641723632812,2.151965856552124,9.781219482421875,0.001,2.310086727142334,0.8680247664451599,10.075298309326172,transformer,embedding,2
79,80,2.2793827056884766,2.0191285610198975,9.770647048950195,0.001,2.3105390071868896,0.9034543633460999,10.079855918884277,transformer,embedding,2
80,81,2.2782092094421387,2.0456960201263428,9.759187698364258,0.001,2.311091661453247,0.83259516954422,10.085428237915039,transformer,embedding,2
81,82,2.276906728744507,2.1785335540771484,9.746484756469727,0.001,2.3117728233337402,0.8503099679946899,10.092300415039062,transformer,embedding,2
82,83,2.2754769325256348,2.2582359313964844,9.732560157775879,0.001,2.3126237392425537,0.8857395648956299,10.100892066955566,transformer,embedding,2
83,84,2.2738826274871826,2.391073226928711,9.717055320739746,0.001,2.3136653900146484,0.8680247664451599,10.111418724060059,transformer,embedding,2
84,85,2.272113800048828,2.4973433017730713,9.699882507324219,0.001,2.3148906230926514,0.7794508337974548,10.123815536499023,transformer,embedding,2
85,86,2.270134449005127,2.630180597305298,9.680702209472656,0.001,2.316361665725708,0.7971656322479248,10.138718605041504,transformer,embedding,2
86,87,2.2679004669189453,2.736450672149658,9.659099578857422,0.001,2.318176031112671,0.7440212368965149,10.15713119506836,transformer,embedding,2
87,88,2.265385150909424,2.736450672149658,9.634834289550781,0.001,2.320420026779175,0.7263064384460449,10.179948806762695,transformer,embedding,2
88,89,2.262538194656372,2.736450672149658,9.607443809509277,0.001,2.323235273361206,0.7263064384460449,10.208648681640625,transformer,embedding,2
89,90,2.259310245513916,2.6833155155181885,9.576481819152832,0.001,2.326629638671875,0.708591639995575,10.243359565734863,transformer,embedding,2
90,91,2.2556238174438477,2.709882974624634,9.541243553161621,0.001,2.3307080268859863,0.6554473042488098,10.285221099853516,transformer,embedding,2
91,92,2.2514266967773438,3.0021252632141113,9.50128173828125,0.001,2.3360259532928467,0.6377325057983398,10.340063095092773,transformer,embedding,2
92,93,2.24668025970459,3.134962797164917,9.456291198730469,0.001,2.342763662338257,0.6377325057983398,10.409966468811035,transformer,embedding,2
93,94,2.2414042949676514,3.1880977153778076,9.40653133392334,0.001,2.3502848148345947,0.6200177073478699,10.488556861877441,transformer,embedding,2
94,95,2.2355291843414307,3.3475027084350586,9.351428985595703,0.001,2.360241174697876,0.56687331199646,10.593505859375,transformer,embedding,2
95,96,2.2290148735046387,3.533474922180176,9.290708541870117,0.001,2.371718168258667,0.5845881104469299,10.715787887573242,transformer,embedding,2
96,97,2.2219324111938477,3.8257172107696533,9.225140571594238,0.001,2.3850998878479004,0.5845881104469299,10.860147476196289,transformer,embedding,2
97,98,2.2143914699554443,3.878852128982544,9.15583610534668,0.001,2.4010469913482666,0.5845881104469299,11.034723281860352,transformer,embedding,2
98,99,2.206631660461426,3.9851222038269043,9.085062980651855,0.001,2.413433074951172,0.5137289762496948,11.172250747680664,transformer,embedding,2
99,100,2.19907546043396,4.357067108154297,9.01667308807373,0.001,2.442812919616699,0.4782993793487549,11.505358695983887,transformer,embedding,2
100,101,2.197097063064575,4.250796794891357,8.998852729797363,0.001,2.422635316848755,0.6200177073478699,11.275534629821777,transformer,embedding,2
101,102,2.2124013900756836,3.8257172107696533,9.137633323669434,0.001,2.414520740509033,0.54915851354599,11.184409141540527,transformer,embedding,2
102,103,2.194735050201416,4.489904403686523,8.977622032165527,0.001,NaN,NaN,NaN,transformer,embedding,2
103,104,2.1818296909332275,4.968119144439697,8.862506866455078,0.001,2.4513046741485596,0.42515498399734497,11.603475570678711,transformer,embedding,2
104,105,2.182889699935913,5.047821521759033,8.871906280517578,0.001,NaN,NaN,NaN,transformer,embedding,2
105,106,2.161694049835205,5.871413230895996,8.685839653015137,0.001,2.441082000732422,0.5137289762496948,11.485461235046387,transformer,embedding,2
106,107,2.160905599594116,5.1540913581848145,8.678994178771973,0.001,NaN,NaN,NaN,transformer,embedding,2
107,108,2.1511924266815186,5.472901344299316,8.595101356506348,0.001,2.466717004776001,0.3897254168987274,11.783697128295898,transformer,embedding,2
108,109,2.1374855041503906,6.34962797164917,8.478093147277832,0.001,NaN,NaN,NaN,transformer,embedding,2
109,110,2.133986711502075,6.110520839691162,8.448481559753418,0.001,2.4748239517211914,0.28343665599823,11.879615783691406,transformer,embedding,2
110,111,2.120239019393921,6.668437957763672,8.333128929138184,0.001,NaN,NaN,NaN,transformer,embedding,2
111,112,2.113891124725342,7.279489994049072,8.28039836883545,0.001,2.4767749309539795,0.37201061844825745,11.902814865112305,transformer,embedding,2
112,113,2.1040432453155518,7.917109489440918,8.199254989624023,0.001,NaN,NaN,NaN,transformer,embedding,2
113,114,2.0936169624328613,8.342188835144043,8.114211082458496,0.001,2.5036990642547607,0.53144371509552,12.227641105651855,transformer,embedding,2
114,115,2.0863211154937744,8.52816104888916,8.05522632598877,0.001,NaN,NaN,NaN,transformer,embedding,2
115,116,2.0751826763153076,8.900106430053711,7.966001510620117,0.001,2.5033063888549805,0.56687331199646,12.222840309143066,transformer,embedding,2
116,117,2.065333127975464,9.059511184692383,7.887925148010254,0.001,NaN,NaN,NaN,transformer,embedding,2
117,118,2.056042194366455,9.165781021118164,7.814978122711182,0.001,2.523433208465576,0.6200177073478699,12.47134017944336,transformer,embedding,2
118,119,2.0450987815856934,9.776832580566406,7.729922294616699,0.001,NaN,NaN,NaN,transformer,embedding,2
119,120,2.0352065563201904,9.936238288879395,7.653832912445068,0.001,2.528627872467041,0.6377325057983398,12.536293029785156,transformer,embedding,2
120,121,2.024879217147827,10.733262062072754,7.575195789337158,0.001,NaN,NaN,NaN,transformer,embedding,2
121,122,2.014449119567871,11.556854248046875,7.496596336364746,0.001,2.539095640182495,0.56687331199646,12.668209075927734,transformer,embedding,2
122,123,2.0040628910064697,12.061635971069336,7.419137954711914,0.001,NaN,NaN,NaN,transformer,embedding,2
123,124,1.9923919439315796,12.805525779724121,7.333053112030029,0.001,2.551938533782959,0.56687331199646,12.831954956054688,transformer,embedding,2
124,125,1.9814633131027222,13.41657829284668,7.253349304199219,0.001,NaN,NaN,NaN,transformer,embedding,2
125,126,1.9700275659561157,13.575983047485352,7.170874118804932,0.001,2.562047243118286,0.56687331199646,12.962327003479004,transformer,embedding,2
126,127,1.9583508968353271,14.505845069885254,7.087629318237305,0.001,NaN,NaN,NaN,transformer,embedding,2
127,128,1.9470467567443848,15.010626792907715,7.007960796356201,0.001,2.5664141178131104,0.5137289762496948,13.01905632019043,transformer,embedding,2
128,129,1.9345744848251343,15.276301383972168,6.921098232269287,0.001,NaN,NaN,NaN,transformer,embedding,2
129,130,1.9225281476974487,16.15302848815918,6.8382248878479,0.001,2.5811445713043213,0.6023029088973999,13.212251663208008,transformer,embedding,2
130,131,1.9097057580947876,16.471837997436523,6.751101970672607,0.001,NaN,NaN,NaN,transformer,embedding,2
131,132,1.8971537351608276,17.189159393310547,6.666891574859619,0.001,2.588639259338379,0.7440212368965149,13.3116455078125,transformer,embedding,2
132,133,1.8839681148529053,18.464399337768555,6.579561710357666,0.001,NaN,NaN,NaN,transformer,embedding,2
133,134,1.8709540367126465,18.83634376525879,6.494489669799805,0.001,2.601203441619873,0.8503099679946899,13.479950904846191,transformer,embedding,2
134,135,1.8583292961120605,19.92561149597168,6.413013458251953,0.001,NaN,NaN,NaN,transformer,embedding,2
135,136,1.8493269681930542,19.075450897216797,6.355540752410889,0.001,2.621344566345215,0.8680247664451599,13.754204750061035,transformer,embedding,2
136,137,1.8427656888961792,19.899044036865234,6.313976764678955,0.001,NaN,NaN,NaN,transformer,embedding,2
137,138,1.8328189849853516,19.367692947387695,6.2514848709106445,0.001,2.606553554534912,0.8857395648956299,13.552263259887695,transformer,embedding,2
138,139,1.8041110038757324,21.73219871520996,6.074568748474121,0.001,NaN,NaN,NaN,transformer,embedding,2
139,140,1.80216646194458,21.62592887878418,6.06276798248291,0.001,2.617532253265381,1.0451726913452148,13.701869010925293,transformer,embedding,2
140,141,1.78719961643219,21.705631256103516,5.972702980041504,0.001,NaN,NaN,NaN,transformer,embedding,2
141,142,1.7678662538528442,23.51222038269043,5.858339786529541,0.001,2.641113042831421,1.0451726913452148,14.028809547424316,transformer,embedding,2
142,143,1.7590850591659546,23.432518005371094,5.807121753692627,0.001,NaN,NaN,NaN,transformer,embedding,2
143,144,1.7381528615951538,24.60148811340332,5.686829566955566,0.001,2.6320512294769287,1.13374662399292,13.902256965637207,transformer,embedding,2
144,145,1.7283775806427002,24.814027786254883,5.631509780883789,0.001,NaN,NaN,NaN,transformer,embedding,2
145,146,1.7089645862579346,26.115833282470703,5.523239612579346,0.001,2.6578421592712402,1.2046058177947998,14.265473365783691,transformer,embedding,2
146,147,1.696211338043213,26.30180549621582,5.453247547149658,0.001,NaN,NaN,NaN,transformer,embedding,2
147,148,1.6790980100631714,27.33793830871582,5.360718250274658,0.001,2.652531862258911,1.38175368309021,14.189920425415039,transformer,embedding,2
148,149,1.6666079759597778,27.78958511352539,5.294179439544678,0.001,NaN,NaN,NaN,transformer,embedding,2
149,150,1.6512744426727295,28.613176345825195,5.213620185852051,0.001,2.6723251342773438,1.2931797504425049,14.473583221435547,transformer,embedding,2
150,151,1.647165298461914,28.666311264038086,5.1922407150268555,0.001,NaN,NaN,NaN,transformer,embedding,2
151,152,1.6356863975524902,28.0286922454834,5.132979869842529,0.001,2.670713424682617,1.6297608613967896,14.450274467468262,transformer,embedding,2
152,153,1.610715389251709,30.313495635986328,5.006391525268555,0.001,NaN,NaN,NaN,transformer,embedding,2
153,154,1.586217999458313,31.588735580444336,4.885238170623779,0.001,NaN,NaN,NaN,transformer,embedding,2
154,155,1.5827451944351196,30.712007522583008,4.868301868438721,0.001,2.6846394538879395,1.7360495328903198,14.65291690826416,transformer,embedding,2
155,156,1.5573409795761108,32.837406158447266,4.746184349060059,0.001,NaN,NaN,NaN,transformer,embedding,2
156,157,1.541197419166565,33.6609992980957,4.6701788902282715,0.001,NaN,NaN,NaN,transformer,embedding,2
157,158,1.5253595113754272,33.90010452270508,4.596796035766602,0.001,2.698672294616699,2.0726306438446045,14.859989166259766,transformer,embedding,2
158,159,1.5102139711380005,34.617427825927734,4.5276994705200195,0.001,NaN,NaN,NaN,transformer,embedding,2
159,160,1.4878870248794556,35.91923522949219,4.427730083465576,0.001,NaN,NaN,NaN,transformer,embedding,2
160,161,1.4770829677581787,35.94580078125,4.380149841308594,0.001,2.709277868270874,2.3914968967437744,15.018425941467285,transformer,embedding,2
161,162,1.4618669748306274,36.609989166259766,4.314006328582764,0.001,NaN,NaN,NaN,transformer,embedding,2
162,163,1.4649684429168701,35.78639602661133,4.327406883239746,0.001,NaN,NaN,NaN,transformer,embedding,2
163,164,1.4453600645065308,36.76939392089844,4.243379592895508,0.001,2.714709520339966,2.44464111328125,15.100223541259766,transformer,embedding,2
164,165,1.418298602104187,38.23060607910156,4.130087375640869,0.001,NaN,NaN,NaN,transformer,embedding,2
165,166,1.3910666704177856,40.06376266479492,4.019134998321533,0.001,NaN,NaN,NaN,transformer,embedding,2
166,167,1.3836418390274048,39.69181823730469,3.9894039630889893,0.001,2.7290146350860596,2.9583702087402344,15.31778621673584,transformer,embedding,2
167,168,1.3612849712371826,41.046756744384766,3.901202917098999,0.001,NaN,NaN,NaN,transformer,embedding,2
168,169,1.3432981967926025,41.44527053833008,3.831660270690918,0.001,NaN,NaN,NaN,transformer,embedding,2
169,170,1.322340726852417,43.22529220581055,3.7521939277648926,0.001,2.7393999099731445,3.2772364616394043,15.477694511413574,transformer,embedding,2
170,171,1.3083816766738892,43.676937103271484,3.700180768966675,0.001,NaN,NaN,NaN,transformer,embedding,2
171,172,1.2846800088882446,44.73963928222656,3.613511562347412,0.001,NaN,NaN,NaN,transformer,embedding,2
172,173,1.265075445175171,45.88203811645508,3.5433599948883057,0.001,2.7558646202087402,3.7909653186798096,15.734639167785645,transformer,embedding,2
173,174,1.251845121383667,45.24441909790039,3.49678897857666,0.001,NaN,NaN,NaN,transformer,embedding,2
174,175,1.2249811887741089,47.635494232177734,3.404102087020874,0.001,NaN,NaN,NaN,transformer,embedding,2
175,176,1.2099891901016235,48.485652923583984,3.3534483909606934,0.001,2.759728193283081,4.0389723777771,15.795549392700195,transformer,embedding,2
176,177,1.1890177726745605,48.75132751464844,3.2838542461395264,0.001,NaN,NaN,NaN,transformer,embedding,2
177,178,1.1717760562896729,50.0797004699707,3.227720260620117,0.001,NaN,NaN,NaN,transformer,embedding,2
178,179,1.1563199758529663,50.90329360961914,3.178215742111206,0.001,2.7770378589630127,4.410983085632324,16.07134437561035,transformer,embedding,2
179,180,1.1580276489257812,49.94686508178711,3.183647871017456,0.001,NaN,NaN,NaN,transformer,embedding,2
180,181,1.1721553802490234,49.22954177856445,3.228944778442383,0.001,NaN,NaN,NaN,transformer,embedding,2
181,182,1.1354926824569702,51.06269836425781,3.1127066612243652,0.001,2.7793872356414795,5.190433979034424,16.109146118164062,transformer,embedding,2
182,183,1.0879032611846924,53.214664459228516,2.9680442810058594,0.001,NaN,NaN,NaN,transformer,embedding,2
183,184,1.1016173362731934,52.019126892089844,3.009028673171997,0.001,NaN,NaN,NaN,transformer,embedding,2
184,185,1.0548210144042969,55.44633483886719,2.8714611530303955,0.001,2.8012077808380127,5.456155776977539,16.464519500732422,transformer,embedding,2
185,186,1.053600549697876,55.20722579956055,2.8679587841033936,0.001,NaN,NaN,NaN,transformer,embedding,2
186,187,1.016772985458374,57.30605697631836,2.7642600536346436,0.001,NaN,NaN,NaN,transformer,embedding,2
187,188,1.0052510499954224,57.01381301879883,2.732593297958374,0.001,2.8104705810546875,5.952169895172119,16.61773681640625,transformer,embedding,2
188,189,0.9807491898536682,59.617427825927734,2.6664531230926514,0.001,NaN,NaN,NaN,transformer,embedding,2
189,190,0.9637805223464966,59.40488815307617,2.621588706970215,0.001,NaN,NaN,NaN,transformer,embedding,2
190,191,0.9490885734558105,60.44102096557617,2.5833539962768555,0.001,2.8171744346618652,6.855624198913574,16.72951316833496,transformer,embedding,2
191,192,0.930751383304596,61.503719329833984,2.536414384841919,0.001,NaN,NaN,NaN,transformer,embedding,2
192,193,0.9084982872009277,62.699256896972656,2.4805946350097656,0.001,NaN,NaN,NaN,transformer,embedding,2
193,194,0.8926031589508057,63.549415588378906,2.441476821899414,0.001,2.8162267208099365,7.139060974121094,16.713666915893555,transformer,embedding,2
194,195,0.869840681552887,65.2231674194336,2.386530637741089,0.001,NaN,NaN,NaN,transformer,embedding,2
195,196,0.8542574644088745,65.48883819580078,2.3496291637420654,0.001,NaN,NaN,NaN,transformer,embedding,2
196,197,0.8331174850463867,66.65780639648438,2.3004791736602783,0.001,2.823697328567505,8.201948165893555,16.8389949798584,transformer,embedding,2
197,198,0.8189900517463684,67.72051239013672,2.2682080268859863,0.001,NaN,NaN,NaN,transformer,embedding,2
198,199,0.7991848587989807,68.94261169433594,2.2237274646759033,0.001,NaN,NaN,NaN,transformer,embedding,2
199,200,0.7878295183181763,69.31455993652344,2.1986191272735596,0.001,2.845550298690796,8.520814895629883,17.211027145385742,transformer,embedding,2
200,201,0.7681736350059509,70.53665924072266,2.15582537651062,0.001,NaN,NaN,NaN,transformer,embedding,2
202,203,0.7203695178031921,74.30924224853516,2.055192470550537,0.001,2.853531837463379,8.662532806396484,17.348947525024414,transformer,embedding,2
204,205,0.6935228109359741,75.55791473388672,2.000751495361328,0.001,NaN,NaN,NaN,transformer,embedding,2
206,207,0.683741569519043,75.61105346679688,1.9812769889831543,0.001,2.8731205463409424,9.282550811767578,17.692140579223633,transformer,embedding,2
208,209,0.6270415782928467,78.85228729248047,1.8720639944076538,0.001,NaN,NaN,NaN,transformer,embedding,2
210,211,0.5932291746139526,80.12752532958984,1.8098232746124268,0.001,2.8798131942749023,10.983170509338379,17.810945510864258,transformer,embedding,2
212,213,0.5674135684967041,82.22635650634766,1.7636994123458862,0.001,NaN,NaN,NaN,transformer,embedding,2
214,215,0.5258148312568665,84.61742401123047,1.6918368339538574,0.001,2.891026735305786,11.656332969665527,18.01179313659668,transformer,embedding,2
216,217,0.49127599596977234,86.76939392089844,1.6344003677368164,0.001,NaN,NaN,NaN,transformer,embedding,2
218,219,0.46452414989471436,88.28373718261719,1.591256856918335,0.001,2.898401975631714,12.612931251525879,18.145126342773438,transformer,embedding,2
220,221,0.4315354824066162,90.11689758300781,1.53961980342865,0.001,NaN,NaN,NaN,transformer,embedding,2
222,223,0.40230005979537964,91.76407623291016,1.4952598810195923,0.001,2.923259973526001,13.551815032958984,18.601829528808594,transformer,embedding,2
224,225,0.39892295002937317,91.36557006835938,1.4902187585830688,0.001,NaN,NaN,NaN,transformer,embedding,2
226,227,0.39060500264167786,91.68437957763672,1.4778746366500854,0.001,2.9378502368927,14.437555313110352,18.875225067138672,transformer,embedding,2
228,229,0.3487454354763031,93.490966796875,1.4172883033752441,0.001,NaN,NaN,NaN,transformer,embedding,2
230,231,0.30041640996932983,96.30712127685547,1.3504210710525513,0.001,2.9647741317749023,14.933568954467773,19.390323638916016,transformer,embedding,2
232,233,0.2848415970802307,96.81190490722656,1.3295514583587646,0.001,NaN,NaN,NaN,transformer,embedding,2
234,235,0.2634147107601166,97.74176025390625,1.3013663291931152,0.001,2.9692375659942627,16.1558895111084,19.47706413269043,transformer,embedding,2
236,237,0.24361839890480042,98.0605697631836,1.2758573293685913,0.001,NaN,NaN,NaN,transformer,embedding,2
238,239,0.22189031541347504,98.75132751464844,1.2484344244003296,0.001,2.9865403175354004,17.236492156982422,19.81700325012207,transformer,embedding,2
240,241,0.20360833406448364,99.0967025756836,1.2258179187774658,0.001,NaN,NaN,NaN,transformer,embedding,2
242,243,0.18571209907531738,99.4952163696289,1.204075574874878,0.001,3.004347085952759,17.874223709106445,20.17304039001465,transformer,embedding,2
244,245,0.16962768137454987,99.60148620605469,1.184863567352295,0.001,NaN,NaN,NaN,transformer,embedding,2
246,247,0.1544175148010254,99.78746032714844,1.1669780015945435,0.001,3.0258681774139404,18.61824607849121,20.611892700195312,transformer,embedding,2
248,249,0.14038489758968353,99.8671646118164,1.1507166624069214,0.001,NaN,NaN,NaN,transformer,embedding,2
250,251,0.128133162856102,99.84059143066406,1.1367043256759644,0.001,3.048337936401367,18.95482635498047,21.080278396606445,transformer,embedding,2
252,253,0.1167052760720253,99.94686126708984,1.1237881183624268,0.001,NaN,NaN,NaN,transformer,embedding,2
254,255,0.10645732283592224,99.92029571533203,1.112330436706543,0.001,3.069648504257202,19.681133270263672,21.534332275390625,transformer,embedding,2
256,257,0.09731520712375641,99.94686126708984,1.1022077798843384,0.001,NaN,NaN,NaN,transformer,embedding,2
258,259,0.08907132595777512,99.94686126708984,1.0931586027145386,0.001,NaN,NaN,NaN,transformer,embedding,2
259,260,NaN,NaN,NaN,NaN,3.094005584716797,20.12400245666504,22.065284729003906,transformer,embedding,2
260,261,0.08168203383684158,100.0,1.0851107835769653,0.001,NaN,NaN,NaN,transformer,embedding,2
262,263,0.07501055300235748,100.0,1.0778955221176147,0.001,NaN,NaN,NaN,transformer,embedding,2
264,265,0.06901022791862488,99.97343444824219,1.0714471340179443,0.001,3.1188793182373047,20.549158096313477,22.621013641357422,transformer,embedding,2
266,267,0.06366899609565735,100.0,1.065739631652832,0.001,NaN,NaN,NaN,transformer,embedding,2
268,269,0.05885916203260422,99.97343444824219,1.0606259107589722,0.001,NaN,NaN,NaN,transformer,embedding,2
269,270,NaN,NaN,NaN,NaN,3.142380952835083,21.06288719177246,23.1589412689209,transformer,embedding,2
270,271,0.05450056493282318,99.97343444824219,1.0560131072998047,0.001,NaN,NaN,NaN,transformer,embedding,2
272,273,0.0504702627658844,99.97343444824219,1.0517655611038208,0.001,NaN,NaN,NaN,transformer,embedding,2
274,275,0.04679466038942337,100.0,1.047906756401062,0.001,3.165006637573242,21.4880428314209,23.688901901245117,transformer,embedding,2
276,277,0.04353620484471321,100.0,1.0444978475570679,0.001,NaN,NaN,NaN,transformer,embedding,2
278,279,0.04065094515681267,100.0,1.041488528251648,0.001,NaN,NaN,NaN,transformer,embedding,2
279,280,NaN,NaN,NaN,NaN,3.1859915256500244,21.824623107910156,24.19126319885254,transformer,embedding,2
280,281,0.038041599094867706,100.0,1.0387744903564453,0.001,NaN,NaN,NaN,transformer,embedding,2
282,283,0.03562559932470322,100.0,1.0362677574157715,0.001,NaN,NaN,NaN,transformer,embedding,2
284,285,0.033400263637304306,100.0,1.0339642763137817,0.001,3.2052083015441895,22.09034538269043,24.66063690185547,transformer,embedding,2
286,287,0.031379152089357376,100.0,1.0318766832351685,0.001,NaN,NaN,NaN,transformer,embedding,2
288,289,0.029548268765211105,100.0,1.0299891233444214,0.001,NaN,NaN,NaN,transformer,embedding,2
289,290,NaN,NaN,NaN,NaN,3.2232236862182617,22.33835220336914,25.108932495117188,transformer,embedding,2
290,291,0.027878383174538612,100.0,1.0282706022262573,0.001,NaN,NaN,NaN,transformer,embedding,2
292,293,0.026335984468460083,100.0,1.0266858339309692,0.001,NaN,NaN,NaN,transformer,embedding,2
294,295,0.02491130121052265,100.0,1.025224208831787,0.001,3.2404251098632812,22.58635902404785,25.544578552246094,transformer,embedding,2
296,297,0.023599719628691673,100.0,1.0238803625106812,0.001,NaN,NaN,NaN,transformer,embedding,2
298,299,0.022385600954294205,100.0,1.0226380825042725,0.001,NaN,NaN,NaN,transformer,embedding,2
299,300,NaN,NaN,NaN,NaN,3.2565433979034424,22.6749324798584,25.95965003967285,transformer,embedding,2
300,301,0.021262602880597115,100.0,1.021490216255188,0.001,NaN,NaN,NaN,transformer,embedding,2
303,304,0.019725441932678223,100.0,1.0199213027954102,0.001,NaN,NaN,NaN,transformer,embedding,2
304,305,NaN,NaN,NaN,NaN,3.2712936401367188,22.92293930053711,26.34539794921875,transformer,embedding,2
306,307,0.01834671013057232,100.0,1.0185160636901855,0.001,NaN,NaN,NaN,transformer,embedding,2
309,310,0.01710483990609646,100.0,1.017251968383789,0.001,NaN,NaN,NaN,transformer,embedding,2
310,311,NaN,NaN,NaN,NaN,3.2882258892059326,23.170948028564453,26.795284271240234,transformer,embedding,2
312,313,0.015980252996087074,100.0,1.0161086320877075,0.001,NaN,NaN,NaN,transformer,embedding,2
315,316,0.014959343709051609,100.0,1.0150717496871948,0.001,NaN,NaN,NaN,transformer,embedding,2
316,317,NaN,NaN,NaN,NaN,3.3040356636047363,23.525243759155273,27.22227668762207,transformer,embedding,2
318,319,0.014029799029231071,100.0,1.0141286849975586,0.001,NaN,NaN,NaN,transformer,embedding,2
321,322,0.013180256821215153,100.0,1.0132675170898438,0.001,NaN,NaN,NaN,transformer,embedding,2
322,323,NaN,NaN,NaN,NaN,3.3188652992248535,23.666961669921875,27.628982543945312,transformer,embedding,2
324,325,0.01240139827132225,100.0,1.0124785900115967,0.001,NaN,NaN,NaN,transformer,embedding,2
327,328,0.011685407720506191,100.0,1.0117539167404175,0.001,NaN,NaN,NaN,transformer,embedding,2
328,329,NaN,NaN,NaN,NaN,3.3330955505371094,23.82639503479004,28.024959564208984,transformer,embedding,2
330,331,0.011025373823940754,100.0,1.011086344718933,0.001,NaN,NaN,NaN,transformer,embedding,2
333,334,0.010415109805762768,100.0,1.0104695558547974,0.001,NaN,NaN,NaN,transformer,embedding,2
334,335,NaN,NaN,NaN,NaN,3.346649408340454,24.038972854614258,28.407392501831055,transformer,embedding,2
336,337,0.009849458001554012,100.0,1.009898066520691,0.001,NaN,NaN,NaN,transformer,embedding,2
339,340,0.009324275888502598,100.0,1.0093679428100586,0.001,NaN,NaN,NaN,transformer,embedding,2
340,341,NaN,NaN,NaN,NaN,3.35973858833313,24.21611976623535,28.781665802001953,transformer,embedding,2
342,343,0.00883568450808525,100.0,1.0088748931884766,0.001,NaN,NaN,NaN,transformer,embedding,2
345,346,0.008379792794585228,100.0,1.0084149837493896,0.001,NaN,NaN,NaN,transformer,embedding,2
346,347,NaN,NaN,NaN,NaN,3.372330665588379,24.357837677001953,29.146377563476562,transformer,embedding,2
348,349,0.007953866384923458,100.0,1.0079855918884277,0.001,NaN,NaN,NaN,transformer,embedding,2
351,352,0.007556119002401829,100.0,1.0075846910476685,0.001,NaN,NaN,NaN,transformer,embedding,2
352,353,NaN,NaN,NaN,NaN,3.384725570678711,24.42869758605957,29.5098934173584,transformer,embedding,2
354,355,0.00718326959758997,100.0,1.0072091817855835,0.001,NaN,NaN,NaN,transformer,embedding,2
357,358,0.006833790335804224,100.0,1.00685715675354,0.001,NaN,NaN,NaN,transformer,embedding,2
359,360,NaN,NaN,NaN,NaN,3.3985671997070312,24.64127540588379,29.92119789123535,transformer,embedding,2
360,361,0.006505780387669802,100.0,1.0065269470214844,0.001,NaN,NaN,NaN,transformer,embedding,2
363,364,0.0061968909576535225,100.0,1.0062161684036255,0.001,NaN,NaN,NaN,transformer,embedding,2
366,367,0.0059068286791443825,100.0,1.0059243440628052,0.001,3.41215181350708,24.712133407592773,30.330440521240234,transformer,embedding,2
369,370,0.005632619373500347,100.0,1.0056484937667847,0.001,NaN,NaN,NaN,transformer,embedding,2
372,373,0.0053743333555758,100.0,1.005388855934143,0.001,NaN,NaN,NaN,transformer,embedding,2
373,374,NaN,NaN,NaN,NaN,3.425493001937866,24.765277862548828,30.737794876098633,transformer,embedding,2
375,376,0.00513039855286479,100.0,1.0051435232162476,0.001,NaN,NaN,NaN,transformer,embedding,2
378,379,0.004899886436760426,100.0,1.0049118995666504,0.001,NaN,NaN,NaN,transformer,embedding,2
380,381,NaN,NaN,NaN,NaN,3.438171625137329,24.871566772460938,31.129989624023438,transformer,embedding,2
381,382,0.004681676626205444,100.0,1.0046926736831665,0.001,NaN,NaN,NaN,transformer,embedding,2
384,385,0.004475457593798637,100.0,1.0044854879379272,0.001,NaN,NaN,NaN,transformer,embedding,2
387,388,0.004279580432921648,100.0,1.0042887926101685,0.001,3.4510552883148193,24.99557113647461,31.53365135192871,transformer,embedding,2
390,391,0.004094364121556282,100.0,1.0041027069091797,0.001,NaN,NaN,NaN,transformer,embedding,2
393,394,0.003918069414794445,100.0,1.0039258003234863,0.001,NaN,NaN,NaN,transformer,embedding,2
394,395,NaN,NaN,NaN,NaN,3.4636406898498535,25.208148956298828,31.93302345275879,transformer,embedding,2
396,397,0.003751080483198166,100.0,1.0037580728530884,0.001,NaN,NaN,NaN,transformer,embedding,2
399,400,0.003592004766687751,100.0,1.0035984516143799,0.001,NaN,NaN,NaN,transformer,embedding,2
401,402,NaN,NaN,NaN,NaN,3.4757320880889893,25.314437866210938,32.32148361206055,transformer,embedding,2
402,403,0.003441236913204193,100.0,1.00344717502594,0.001,NaN,NaN,NaN,transformer,embedding,2
406,407,0.003250864800065756,100.0,1.0032562017440796,0.001,NaN,NaN,NaN,transformer,embedding,2
409,410,NaN,NaN,NaN,NaN,3.4894943237304688,25.420724868774414,32.769371032714844,transformer,embedding,2
410,411,0.003073152620345354,100.0,1.0030778646469116,0.001,NaN,NaN,NaN,transformer,embedding,2
414,415,0.0029059485532343388,100.0,1.0029101371765137,0.001,NaN,NaN,NaN,transformer,embedding,2
417,418,NaN,NaN,NaN,NaN,3.502908706665039,25.509300231933594,33.2119140625,transformer,embedding,2
418,419,0.0027491676155477762,100.0,1.0027529001235962,0.001,NaN,NaN,NaN,transformer,embedding,2
422,423,0.002602342050522566,100.0,1.002605676651001,0.001,NaN,NaN,NaN,transformer,embedding,2
425,426,NaN,NaN,NaN,NaN,3.5162405967712402,25.668733596801758,33.657657623291016,transformer,embedding,2
426,427,0.002463963581249118,100.0,1.0024670362472534,0.001,NaN,NaN,NaN,transformer,embedding,2
430,431,0.0023337798193097115,100.0,1.0023365020751953,0.001,NaN,NaN,NaN,transformer,embedding,2
433,434,NaN,NaN,NaN,NaN,3.5293867588043213,25.721878051757812,34.10304641723633,transformer,embedding,2
434,435,0.002211430575698614,100.0,1.0022138357162476,0.001,NaN,NaN,NaN,transformer,embedding,2
438,439,0.0020962741691619158,100.0,1.0020984411239624,0.001,NaN,NaN,NaN,transformer,embedding,2
441,442,NaN,NaN,NaN,NaN,3.5423965454101562,25.84588050842285,34.54962158203125,transformer,embedding,2
442,443,0.0019876218866556883,100.0,1.0019896030426025,0.001,NaN,NaN,NaN,transformer,embedding,2
446,447,0.001885124365799129,100.0,1.0018868446350098,0.001,NaN,NaN,NaN,transformer,embedding,2
449,450,NaN,NaN,NaN,NaN,3.555361747741699,25.9344539642334,35.00048065185547,transformer,embedding,2
450,451,0.0017886823043227196,100.0,1.0017902851104736,0.001,NaN,NaN,NaN,transformer,embedding,2
454,455,0.0016977597260847688,100.0,1.0016992092132568,0.001,NaN,NaN,NaN,transformer,embedding,2
457,458,NaN,NaN,NaN,NaN,3.5679121017456055,26.040742874145508,35.4425163269043,transformer,embedding,2
458,459,0.0016116454498842359,100.0,1.001612901687622,0.001,NaN,NaN,NaN,transformer,embedding,2
462,463,0.0015305600827559829,100.0,1.001531720161438,0.001,NaN,NaN,NaN,transformer,embedding,2
466,467,0.0014539365656673908,100.0,1.0014549493789673,0.001,3.5821962356567383,26.16474723815918,35.952415466308594,transformer,embedding,2
470,471,0.001381361740641296,100.0,1.0013823509216309,0.001,NaN,NaN,NaN,transformer,embedding,2
474,475,0.0013128285063430667,100.0,1.0013136863708496,0.001,NaN,NaN,NaN,transformer,embedding,2
475,476,NaN,NaN,NaN,NaN,3.596137762069702,26.27103614807129,36.457157135009766,transformer,embedding,2
478,479,0.0012481340672820807,100.0,1.0012489557266235,0.001,NaN,NaN,NaN,transformer,embedding,2
482,483,0.0011868651490658522,100.0,1.0011875629425049,0.001,NaN,NaN,NaN,transformer,embedding,2
484,485,NaN,NaN,NaN,NaN,3.610062837600708,26.359609603881836,36.96837615966797,transformer,embedding,2
486,487,0.0011286222143098712,100.0,1.0011292695999146,0.001,NaN,NaN,NaN,transformer,embedding,2
490,491,0.0010736073600128293,100.0,1.001074194908142,0.001,NaN,NaN,NaN,transformer,embedding,2
493,494,NaN,NaN,NaN,NaN,3.6239442825317383,26.448183059692383,37.485130310058594,transformer,embedding,2
494,495,0.0010216969531029463,100.0,1.001022219657898,0.001,NaN,NaN,NaN,transformer,embedding,2
498,499,0.0009721392416395247,100.0,1.0009726285934448,0.001,NaN,NaN,NaN,transformer,embedding,2
502,503,0.0009252607706002891,100.0,1.0009256601333618,0.001,3.637808322906494,26.554471969604492,38.00844192504883,transformer,embedding,2
507,508,0.0008702215855009854,100.0,1.0008705854415894,0.001,NaN,NaN,NaN,transformer,embedding,2
512,513,0.0008185509941540658,100.0,1.0008188486099243,0.001,3.653127670288086,26.713905334472656,38.595191955566406,transformer,embedding,2
517,518,0.000770039448980242,100.0,1.0007703304290771,0.001,NaN,NaN,NaN,transformer,embedding,2
522,523,0.0007246313616633415,100.0,1.0007249116897583,0.001,3.6682231426239014,26.784765243530273,39.18222427368164,transformer,embedding,2
527,528,0.0006820394191890955,100.0,1.0006822347640991,0.001,NaN,NaN,NaN,transformer,embedding,2
532,533,0.0006420869613066316,100.0,1.0006422996520996,0.001,3.683039426803589,26.87333869934082,39.7670783996582,transformer,embedding,2
537,538,0.000604638596996665,100.0,1.0006048679351807,0.001,NaN,NaN,NaN,transformer,embedding,2
542,543,0.0005695438012480736,100.0,1.0005697011947632,0.001,3.698010206222534,26.891054153442383,40.36690139770508,transformer,embedding,2
547,548,0.0005364292883314192,100.0,1.000536561012268,0.001,NaN,NaN,NaN,transformer,embedding,2
552,553,0.0005054784705862403,100.0,1.0005055665969849,0.001,3.7129058837890625,26.997343063354492,40.972694396972656,transformer,embedding,2
557,558,0.0004763693723361939,100.0,1.0004764795303345,0.001,NaN,NaN,NaN,transformer,embedding,2
562,563,0.0004489599959924817,100.0,1.0004490613937378,0.001,NaN,NaN,NaN,transformer,embedding,2
563,564,NaN,NaN,NaN,NaN,3.729029417037964,27.156774520874023,41.638675689697266,transformer,embedding,2
567,568,0.0004231250495649874,100.0,1.0004231929779053,0.001,NaN,NaN,NaN,transformer,embedding,2
572,573,0.000398889125790447,100.0,1.0003989934921265,0.001,NaN,NaN,NaN,transformer,embedding,2
574,575,NaN,NaN,NaN,NaN,3.74509596824646,27.22763442993164,42.31306838989258,transformer,embedding,2
577,578,0.00037616697954945266,100.0,1.0003762245178223,0.001,NaN,NaN,NaN,transformer,embedding,2
582,583,0.000354729185346514,100.0,1.0003547668457031,0.001,NaN,NaN,NaN,transformer,embedding,2
585,586,NaN,NaN,NaN,NaN,3.761000394821167,27.351638793945312,42.99141311645508,transformer,embedding,2
587,588,0.0003345976583659649,100.0,1.000334620475769,0.001,NaN,NaN,NaN,transformer,embedding,2
592,593,0.00031563761876896024,100.0,1.0003156661987305,0.001,NaN,NaN,NaN,transformer,embedding,2
596,597,NaN,NaN,NaN,NaN,3.777219772338867,27.493356704711914,43.694393157958984,transformer,embedding,2
597,598,0.0002977502590510994,100.0,1.0002977848052979,0.001,NaN,NaN,NaN,transformer,embedding,2
602,603,0.00028092143475078046,100.0,1.0002809762954712,0.001,NaN,NaN,NaN,transformer,embedding,2
607,608,NaN,NaN,NaN,NaN,3.7933006286621094,27.528785705566406,44.402713775634766,transformer,embedding,2
608,609,0.0002620539453346282,100.0,1.0002621412277222,0.001,NaN,NaN,NaN,transformer,embedding,2
614,615,0.0002445150166749954,100.0,1.0002444982528687,0.001,NaN,NaN,NaN,transformer,embedding,2
619,620,NaN,NaN,NaN,NaN,3.8108558654785156,27.617359161376953,45.1890983581543,transformer,embedding,2
620,621,0.00022813027317170054,100.0,1.0002281665802002,0.001,NaN,NaN,NaN,transformer,embedding,2
626,627,0.0002129037311533466,100.0,1.0002129077911377,0.001,NaN,NaN,NaN,transformer,embedding,2
631,632,NaN,NaN,NaN,NaN,3.8284401893615723,27.705934524536133,45.990745544433594,transformer,embedding,2
632,633,0.0001987243304029107,100.0,1.0001987218856812,0.001,NaN,NaN,NaN,transformer,embedding,2
638,639,0.0001855340669862926,100.0,1.0001856088638306,0.001,NaN,NaN,NaN,transformer,embedding,2
643,644,NaN,NaN,NaN,NaN,3.8458497524261475,27.741363525390625,46.79843521118164,transformer,embedding,2
644,645,0.0001732078817440197,100.0,1.0001732110977173,0.001,NaN,NaN,NaN,transformer,embedding,2
650,651,0.00016173509357031435,100.0,1.0001617670059204,0.001,NaN,NaN,NaN,transformer,embedding,2
655,656,NaN,NaN,NaN,NaN,3.863403797149658,27.79450798034668,47.62718963623047,transformer,embedding,2
656,657,0.0001510491711087525,100.0,1.0001510381698608,0.001,NaN,NaN,NaN,transformer,embedding,2
662,663,0.0001410729018971324,100.0,1.0001410245895386,0.001,NaN,NaN,NaN,transformer,embedding,2
668,669,0.0001317870191996917,100.0,1.0001318454742432,0.001,3.88244891166687,27.829936981201172,48.542945861816406,transformer,embedding,2
674,675,0.00012313386832829565,100.0,1.000123143196106,0.001,NaN,NaN,NaN,transformer,embedding,2
680,681,0.00011504949361551553,100.0,1.0001150369644165,0.001,NaN,NaN,NaN,transformer,embedding,2
681,682,NaN,NaN,NaN,NaN,3.901489734649658,27.79450798034668,49.47610092163086,transformer,embedding,2
686,687,0.00010750597721198574,100.0,1.0001075267791748,0.001,NaN,NaN,NaN,transformer,embedding,2
692,693,0.00010047000250779092,100.0,1.0001004934310913,0.001,NaN,NaN,NaN,transformer,embedding,2
694,695,NaN,NaN,NaN,NaN,3.920560836791992,27.953941345214844,50.42871856689453,transformer,embedding,2
698,699,9.390344348503277e-05,100.0,1.000093936920166,0.001,NaN,NaN,NaN,transformer,embedding,2
704,705,8.777562470640987e-05,100.0,1.0000877380371094,0.001,NaN,NaN,NaN,transformer,embedding,2
707,708,NaN,NaN,NaN,NaN,3.939619541168213,27.93622589111328,51.399044036865234,transformer,embedding,2
711,712,8.114122465485707e-05,100.0,1.000081181526184,0.001,NaN,NaN,NaN,transformer,embedding,2
718,719,7.503565575461835e-05,100.0,1.0000749826431274,0.001,NaN,NaN,NaN,transformer,embedding,2
721,722,NaN,NaN,NaN,NaN,3.9601683616638184,28.04251480102539,52.46615982055664,transformer,embedding,2
725,726,6.938163278391585e-05,100.0,1.0000693798065186,0.001,NaN,NaN,NaN,transformer,embedding,2
732,733,6.415751704480499e-05,100.0,1.0000641345977783,0.001,NaN,NaN,NaN,transformer,embedding,2
735,736,NaN,NaN,NaN,NaN,3.9807770252227783,28.1488037109375,53.55863571166992,transformer,embedding,2
739,740,5.931841951678507e-05,100.0,1.0000593662261963,0.001,NaN,NaN,NaN,transformer,embedding,2
746,747,5.4865806305315346e-05,100.0,1.0000548362731934,0.001,NaN,NaN,NaN,transformer,embedding,2
749,750,NaN,NaN,NaN,NaN,4.001134395599365,28.272808074951172,54.66012191772461,transformer,embedding,2
753,754,5.075168519397266e-05,100.0,1.0000507831573486,0.001,NaN,NaN,NaN,transformer,embedding,2
760,761,4.694862582255155e-05,100.0,1.000046968460083,0.001,NaN,NaN,NaN,transformer,embedding,2
763,764,NaN,NaN,NaN,NaN,4.02175235748291,28.39681053161621,55.79880142211914,transformer,embedding,2
767,768,4.34311805292964e-05,100.0,1.0000433921813965,0.001,NaN,NaN,NaN,transformer,embedding,2
774,775,4.019463813165203e-05,100.0,1.0000401735305786,0.001,NaN,NaN,NaN,transformer,embedding,2
778,779,NaN,NaN,NaN,NaN,4.043591499328613,28.449954986572266,57.030799865722656,transformer,embedding,2
781,782,3.718586594914086e-05,100.0,1.0000371932983398,0.001,NaN,NaN,NaN,transformer,embedding,2
788,789,3.441520675551146e-05,100.0,1.0000344514846802,0.001,NaN,NaN,NaN,transformer,embedding,2
793,794,NaN,NaN,NaN,NaN,4.065405368804932,28.556243896484375,58.28853225708008,transformer,embedding,2
795,796,3.1851406674832106e-05,100.0,1.00003182888031,0.001,NaN,NaN,NaN,transformer,embedding,2
802,803,2.946672793768812e-05,100.0,1.000029444694519,0.001,NaN,NaN,NaN,transformer,embedding,2
808,809,NaN,NaN,NaN,NaN,4.087347984313965,28.627103805541992,59.581668853759766,transformer,embedding,2
810,811,2.697660238482058e-05,100.0,1.0000269412994385,0.001,NaN,NaN,NaN,transformer,embedding,2
818,819,2.4692562874406576e-05,100.0,1.000024676322937,0.001,NaN,NaN,NaN,transformer,embedding,2
824,825,NaN,NaN,NaN,NaN,4.110766887664795,28.680248260498047,60.993473052978516,transformer,embedding,2
826,827,2.2618194634560496e-05,100.0,1.0000226497650146,0.001,NaN,NaN,NaN,transformer,embedding,2
834,835,2.0704772396129556e-05,100.0,1.0000207424163818,0.001,NaN,NaN,NaN,transformer,embedding,2
840,841,NaN,NaN,NaN,NaN,4.134347915649414,28.82196617126465,62.448856353759766,transformer,embedding,2
842,843,1.897561378427781e-05,100.0,1.0000189542770386,0.001,NaN,NaN,NaN,transformer,embedding,2
850,851,1.7362568542012013e-05,100.0,1.0000174045562744,0.001,NaN,NaN,NaN,transformer,embedding,2
856,857,NaN,NaN,NaN,NaN,4.1580586433410645,28.892824172973633,63.94725799560547,transformer,embedding,2
858,859,1.5899815480224788e-05,100.0,1.0000158548355103,0.001,NaN,NaN,NaN,transformer,embedding,2
866,867,1.4552202628692612e-05,100.0,1.0000145435333252,0.001,NaN,NaN,NaN,transformer,embedding,2
873,874,NaN,NaN,NaN,NaN,4.183038711547852,29.052257537841797,65.56478118896484,transformer,embedding,2
874,875,1.3320941434358247e-05,100.0,1.0000133514404297,0.001,NaN,NaN,NaN,transformer,embedding,2
882,883,1.2199134289403446e-05,100.0,1.0000121593475342,0.001,NaN,NaN,NaN,transformer,embedding,2
890,891,1.1188060852873605e-05,100.0,1.0000112056732178,0.001,4.208005428314209,29.123117446899414,67.22232818603516,transformer,embedding,2
898,899,1.0278335139446426e-05,100.0,1.0000102519989014,0.001,NaN,NaN,NaN,transformer,embedding,2
906,907,9.428449629922397e-06,100.0,1.0000094175338745,0.001,NaN,NaN,NaN,transformer,embedding,2
907,908,NaN,NaN,NaN,NaN,4.233428001403809,29.1939754486084,68.95320129394531,transformer,embedding,2
915,916,8.537723260815255e-06,100.0,1.0000085830688477,0.001,NaN,NaN,NaN,transformer,embedding,2
924,925,7.736324732832145e-06,100.0,1.0000077486038208,0.001,NaN,NaN,NaN,transformer,embedding,2
925,926,NaN,NaN,NaN,NaN,4.2601799964904785,29.229406356811523,70.8227310180664,transformer,embedding,2
933,934,7.0212449827522505e-06,100.0,1.0000070333480835,0.001,NaN,NaN,NaN,transformer,embedding,2
942,943,6.385421329468954e-06,100.0,1.0000064373016357,0.001,NaN,NaN,NaN,transformer,embedding,2
943,944,NaN,NaN,NaN,NaN,4.286750793457031,29.335695266723633,72.72976684570312,transformer,embedding,2
951,952,5.80888490731013e-06,100.0,1.000005841255188,0.001,NaN,NaN,NaN,transformer,embedding,2
960,961,5.25483483215794e-06,100.0,1.0000052452087402,0.001,NaN,NaN,NaN,transformer,embedding,2
961,962,NaN,NaN,NaN,NaN,4.313275337219238,29.388839721679688,74.68470764160156,transformer,embedding,2
969,970,4.753358098241733e-06,100.0,1.000004768371582,0.001,NaN,NaN,NaN,transformer,embedding,2
978,979,4.309554242354352e-06,100.0,1.0000042915344238,0.001,NaN,NaN,NaN,transformer,embedding,2
980,981,NaN,NaN,NaN,NaN,4.340753078460693,29.388839721679688,76.76532745361328,transformer,embedding,2
987,988,3.913937234756304e-06,100.0,1.0000039339065552,0.001,NaN,NaN,NaN,transformer,embedding,2
996,997,3.5627069792099064e-06,100.0,1.0000035762786865,0.001,NaN,NaN,NaN,transformer,embedding,2
999,1000,NaN,NaN,NaN,NaN,4.368319034576416,29.459697723388672,78.91087341308594,transformer,embedding,2
1005,1006,3.246963842684636e-06,100.0,1.0000032186508179,0.001,NaN,NaN,NaN,transformer,embedding,2
1015,1016,2.9264228942338377e-06,100.0,1.0000029802322388,0.001,NaN,NaN,NaN,transformer,embedding,2
1018,1019,NaN,NaN,NaN,NaN,4.39613676071167,29.441984176635742,81.13681030273438,transformer,embedding,2
1025,1026,2.6262937353749294e-06,100.0,1.0000026226043701,0.001,NaN,NaN,NaN,transformer,embedding,2
1035,1036,2.3491415959142614e-06,100.0,1.000002384185791,0.001,NaN,NaN,NaN,transformer,embedding,2
1038,1039,NaN,NaN,NaN,NaN,4.425563335418701,29.495128631591797,83.55986785888672,transformer,embedding,2
1045,1046,2.1128926164237782e-06,100.0,1.000002145767212,0.001,NaN,NaN,NaN,transformer,embedding,2
1055,1056,1.9031203919439577e-06,100.0,1.0000019073486328,0.001,NaN,NaN,NaN,transformer,embedding,2
1058,1059,NaN,NaN,NaN,NaN,4.454474449157715,29.477413177490234,86.01093292236328,transformer,embedding,2
1065,1066,1.7165788221973344e-06,100.0,1.0000016689300537,0.001,NaN,NaN,NaN,transformer,embedding,2
1075,1076,1.5361655414380948e-06,100.0,1.0000015497207642,0.001,NaN,NaN,NaN,transformer,embedding,2
1079,1080,NaN,NaN,NaN,NaN,4.485042095184326,29.56598663330078,88.6806869506836,transformer,embedding,2
1085,1086,1.368737230222905e-06,100.0,1.000001311302185,0.001,NaN,NaN,NaN,transformer,embedding,2
1095,1096,1.2280075907256105e-06,100.0,1.0000011920928955,0.001,NaN,NaN,NaN,transformer,embedding,2
1100,1101,NaN,NaN,NaN,NaN,4.515149116516113,29.601415634155273,91.39118957519531,transformer,embedding,2
1105,1106,1.1020998726962716e-06,100.0,1.000001072883606,0.001,NaN,NaN,NaN,transformer,embedding,2
1116,1117,9.863269951893017e-07,100.0,1.0000009536743164,0.001,NaN,NaN,NaN,transformer,embedding,2
1121,1122,NaN,NaN,NaN,NaN,4.545009613037109,29.6368465423584,94.16133117675781,transformer,embedding,2
1127,1128,8.81654614204308e-07,100.0,1.0000008344650269,0.001,NaN,NaN,NaN,transformer,embedding,2
1138,1139,7.861668223085871e-07,100.0,1.0000008344650269,0.001,NaN,NaN,NaN,transformer,embedding,2
1143,1144,NaN,NaN,NaN,NaN,4.576665878295898,29.707704544067383,97.18981170654297,transformer,embedding,2
1149,1150,7.041866751933412e-07,100.0,1.0000007152557373,0.001,NaN,NaN,NaN,transformer,embedding,2
1160,1161,6.285249014581495e-07,100.0,1.0000005960464478,0.001,NaN,NaN,NaN,transformer,embedding,2
1165,1166,NaN,NaN,NaN,NaN,4.608038425445557,29.725419998168945,100.28723907470703,transformer,embedding,2
1171,1172,5.623643914987042e-07,100.0,1.0000005960464478,0.001,NaN,NaN,NaN,transformer,embedding,2
1182,1183,5.027914085076191e-07,100.0,1.0000004768371582,0.001,NaN,NaN,NaN,transformer,embedding,2
1188,1189,NaN,NaN,NaN,NaN,4.6397905349731445,29.849424362182617,103.52265930175781,transformer,embedding,2
1193,1194,4.49948515779397e-07,100.0,1.0000004768371582,0.001,NaN,NaN,NaN,transformer,embedding,2
1204,1205,4.034873199998401e-07,100.0,1.0000003576278687,0.001,NaN,NaN,NaN,transformer,embedding,2
1211,1212,NaN,NaN,NaN,NaN,4.671535015106201,29.849424362182617,106.86164855957031,transformer,embedding,2
1216,1217,3.568360682493221e-07,100.0,1.0000003576278687,0.001,NaN,NaN,NaN,transformer,embedding,2
1228,1229,3.167407101045683e-07,100.0,1.0000003576278687,0.001,NaN,NaN,NaN,transformer,embedding,2
1235,1236,NaN,NaN,NaN,NaN,4.702733993530273,29.849424362182617,110.24817657470703,transformer,embedding,2
1240,1241,2.81918545397275e-07,100.0,1.000000238418579,0.001,NaN,NaN,NaN,transformer,embedding,2
1252,1253,2.5018431415446685e-07,100.0,1.000000238418579,0.001,NaN,NaN,NaN,transformer,embedding,2
1259,1260,NaN,NaN,NaN,NaN,4.733177661895752,29.99114227294922,113.6561508178711,transformer,embedding,2
1264,1265,2.2194969062638847e-07,100.0,1.000000238418579,0.001,NaN,NaN,NaN,transformer,embedding,2
1276,1277,1.9778478588250437e-07,100.0,1.000000238418579,0.001,NaN,NaN,NaN,transformer,embedding,2
1284,1285,NaN,NaN,NaN,NaN,4.760851860046387,30.044286727905273,116.84542083740234,transformer,embedding,2
1288,1289,1.7591602841093845e-07,100.0,1.0000001192092896,0.001,NaN,NaN,NaN,transformer,embedding,2
1300,1301,1.5715102108515566e-07,100.0,1.0000001192092896,0.001,NaN,NaN,NaN,transformer,embedding,2
1309,1310,NaN,NaN,NaN,NaN,4.784459114074707,30.079715728759766,119.63663482666016,transformer,embedding,2
1313,1314,1.3955782662833371e-07,100.0,1.0000001192092896,0.001,NaN,NaN,NaN,transformer,embedding,2
1326,1327,1.2535343785202713e-07,100.0,1.0000001192092896,0.001,NaN,NaN,NaN,transformer,embedding,2
1335,1336,NaN,NaN,NaN,NaN,4.805753707885742,30.044286727905273,122.2115707397461,transformer,embedding,2
1339,1340,1.1208332750811678e-07,100.0,1.0000001192092896,0.001,NaN,NaN,NaN,transformer,embedding,2
1352,1353,1.0031758534978508e-07,100.0,1.0000001192092896,0.001,NaN,NaN,NaN,transformer,embedding,2
1361,1362,NaN,NaN,NaN,NaN,4.822546482086182,30.115144729614258,124.28116607666016,transformer,embedding,2
1365,1366,9.054711114231395e-08,100.0,1.0000001192092896,0.001,NaN,NaN,NaN,transformer,embedding,2
1378,1379,8.218599134579563e-08,100.0,1.0000001192092896,0.001,NaN,NaN,NaN,transformer,embedding,2
1388,1389,NaN,NaN,NaN,NaN,4.837212562561035,30.274578094482422,126.11731719970703,transformer,embedding,2
1391,1392,7.426826442724632e-08,100.0,1.0000001192092896,0.001,NaN,NaN,NaN,transformer,embedding,2
1404,1405,6.899506388435839e-08,100.0,1.0000001192092896,0.001,NaN,NaN,NaN,transformer,embedding,2
1415,1416,NaN,NaN,NaN,NaN,4.847115993499756,30.274578094482422,127.37251281738281,transformer,embedding,2
1418,1419,6.21383122734187e-08,100.0,1.0000001192092896,0.001,NaN,NaN,NaN,transformer,embedding,2
1432,1433,5.5740791538028134e-08,100.0,1.0,0.001,NaN,NaN,NaN,transformer,embedding,2
1443,1444,NaN,NaN,NaN,NaN,4.856775760650635,30.310009002685547,128.60887145996094,transformer,embedding,2
1446,1447,5.129102831347154e-08,100.0,1.0,0.001,NaN,NaN,NaN,transformer,embedding,2
1460,1461,4.9533291246461886e-08,100.0,1.0,0.001,NaN,NaN,NaN,transformer,embedding,2
1471,1472,NaN,NaN,NaN,NaN,4.8624587059021,30.292293548583984,129.34182739257812,transformer,embedding,2
1474,1475,4.3959214934830015e-08,100.0,1.0,0.001,NaN,NaN,NaN,transformer,embedding,2
1488,1489,4.235983297462553e-08,100.0,1.0,0.001,NaN,NaN,NaN,transformer,embedding,2
1500,1501,NaN,NaN,NaN,NaN,4.888453006744385,30.292293548583984,132.74806213378906,transformer,embedding,2
1502,1503,4.8345633274493593e-08,100.0,1.0,0.001,NaN,NaN,NaN,transformer,embedding,2
1517,1518,1.8145262002944946,36.79595947265625,6.138167381286621,0.001,NaN,NaN,NaN,transformer,embedding,2
1529,1530,NaN,NaN,NaN,NaN,3.155268430709839,12.825509071350098,23.459333419799805,transformer,embedding,2
1532,1533,0.463543564081192,86.18490600585938,1.589697241783142,0.001,NaN,NaN,NaN,transformer,embedding,2
1547,1548,0.06885190308094025,98.53878784179688,1.0712774991989136,0.001,NaN,NaN,NaN,transformer,embedding,2
1559,1560,NaN,NaN,NaN,NaN,4.417509078979492,21.0451717376709,82.88955688476562,transformer,embedding,2
1562,1563,0.0068747615441679955,99.94686126708984,1.0068984031677246,0.001,NaN,NaN,NaN,transformer,embedding,2
1577,1578,0.0015227535041049123,100.0,1.0015239715576172,0.001,NaN,NaN,NaN,transformer,embedding,2
1590,1591,NaN,NaN,NaN,NaN,4.741439342498779,23.259521484375,114.59902954101562,transformer,embedding,2
1592,1593,0.0007684011361561716,100.0,1.0007686614990234,0.001,NaN,NaN,NaN,transformer,embedding,2
1607,1608,0.0004952086019329727,100.0,1.0004953145980835,0.001,NaN,NaN,NaN,transformer,embedding,2
1621,1622,NaN,NaN,NaN,NaN,4.893402099609375,23.596101760864258,133.4066619873047,transformer,embedding,2
1623,1624,0.0003502398612909019,100.0,1.0003503561019897,0.001,NaN,NaN,NaN,transformer,embedding,2
1639,1640,0.0002659570309333503,100.0,1.0002659559249878,0.001,NaN,NaN,NaN,transformer,embedding,2
1653,1654,NaN,NaN,NaN,NaN,4.986133575439453,23.96811294555664,146.36940002441406,transformer,embedding,2
1655,1656,0.00021556175488512963,100.0,1.0002155303955078,0.001,NaN,NaN,NaN,transformer,embedding,2
1671,1672,0.00018166162772104144,100.0,1.0001816749572754,0.001,NaN,NaN,NaN,transformer,embedding,2
1686,1687,NaN,NaN,NaN,NaN,5.015462875366211,24.32240867614746,150.72589111328125,transformer,embedding,2
1687,1688,0.00015590261318720877,100.0,1.0001559257507324,0.001,NaN,NaN,NaN,transformer,embedding,2
1703,1704,0.00013498398766387254,100.0,1.0001349449157715,0.001,NaN,NaN,NaN,transformer,embedding,2
1719,1720,NaN,NaN,NaN,NaN,5.033320903778076,24.623559951782227,153.4417266845703,transformer,embedding,2
1720,1721,0.00011653528781607747,100.0,1.0001165866851807,0.001,NaN,NaN,NaN,transformer,embedding,2
1737,1738,0.0001009414772852324,100.0,1.0001009702682495,0.001,NaN,NaN,NaN,transformer,embedding,2
1753,1754,NaN,NaN,NaN,NaN,5.0498576164245605,24.7475643157959,156.000244140625,transformer,embedding,2
1754,1755,8.751198038225994e-05,100.0,1.0000874996185303,0.001,NaN,NaN,NaN,transformer,embedding,2
1771,1772,7.611256296513602e-05,100.0,1.000076174736023,0.001,NaN,NaN,NaN,transformer,embedding,2
1788,1789,6.635327008552849e-05,100.0,1.0000663995742798,0.001,5.065732479095459,24.99557113647461,158.49649047851562,transformer,embedding,2
1805,1806,5.794484241050668e-05,100.0,1.0000579357147217,0.001,NaN,NaN,NaN,transformer,embedding,2
1823,1824,5.0294427637709305e-05,100.0,1.0000503063201904,0.001,5.080777645111084,25.261293411254883,160.8991241455078,transformer,embedding,2
1841,1842,4.370622991700657e-05,100.0,1.0000437498092651,0.001,NaN,NaN,NaN,transformer,embedding,2
1859,1860,3.806595123023726e-05,100.0,1.0000380277633667,0.001,5.094264984130859,25.438440322875977,163.0839385986328,transformer,embedding,2
1877,1878,3.319668030599132e-05,100.0,1.0000331401824951,0.001,NaN,NaN,NaN,transformer,embedding,2
1895,1896,2.8959309929632582e-05,100.0,1.0000289678573608,0.001,NaN,NaN,NaN,transformer,embedding,2
1896,1897,NaN,NaN,NaN,NaN,5.106222152709961,25.668733596801758,165.045654296875,transformer,embedding,2
1913,1914,2.5274663130403496e-05,100.0,1.0000252723693848,0.001,NaN,NaN,NaN,transformer,embedding,2
1932,1933,2.1899115381529555e-05,100.0,1.0000219345092773,0.001,NaN,NaN,NaN,transformer,embedding,2
1933,1934,NaN,NaN,NaN,NaN,5.116443157196045,25.95216941833496,166.74124145507812,transformer,embedding,2
1951,1952,1.8965605704579502e-05,100.0,1.0000189542770386,0.001,NaN,NaN,NaN,transformer,embedding,2
1970,1971,1.6410716852988116e-05,100.0,1.000016450881958,0.001,NaN,NaN,NaN,transformer,embedding,2
1971,1972,NaN,NaN,NaN,NaN,5.1258039474487305,26.27103614807129,168.3094024658203,transformer,embedding,2
1989,1990,1.4190188267093617e-05,100.0,1.0000141859054565,0.001,NaN,NaN,NaN,transformer,embedding,2
2008,2009,1.2257414709893055e-05,100.0,1.0000122785568237,0.001,NaN,NaN,NaN,transformer,embedding,2
2010,2011,NaN,NaN,NaN,NaN,5.134356498718262,26.501327514648438,169.7550506591797,transformer,embedding,2
2028,2029,1.0498052688490134e-05,100.0,1.0000104904174805,0.001,NaN,NaN,NaN,transformer,embedding,2
2048,2049,8.980069651443046e-06,100.0,1.0000089406967163,0.001,NaN,NaN,NaN,transformer,embedding,2
2050,2051,NaN,NaN,NaN,NaN,5.142321586608887,26.74933433532715,171.11256408691406,transformer,embedding,2
2068,2069,7.67019810155034e-06,100.0,1.0000076293945312,0.001,NaN,NaN,NaN,transformer,embedding,2
2088,2089,6.549933004862396e-06,100.0,1.0000065565109253,0.001,NaN,NaN,NaN,transformer,embedding,2
2090,2091,NaN,NaN,NaN,NaN,5.150296688079834,26.944198608398438,172.48265075683594,transformer,embedding,2
2108,2109,5.584438895311905e-06,100.0,1.0000056028366089,0.001,NaN,NaN,NaN,transformer,embedding,2
2129,2130,4.725006419903366e-06,100.0,1.000004768371582,0.001,NaN,NaN,NaN,transformer,embedding,2
2131,2132,NaN,NaN,NaN,NaN,5.15790319442749,27.12134552001953,173.79965209960938,transformer,embedding,2
2150,2151,3.9974338505999185e-06,100.0,1.0000040531158447,0.001,NaN,NaN,NaN,transformer,embedding,2
2171,2172,3.3797105061239563e-06,100.0,1.0000033378601074,0.001,NaN,NaN,NaN,transformer,embedding,2
2173,2174,NaN,NaN,NaN,NaN,5.165423393249512,27.298494338989258,175.11158752441406,transformer,embedding,2
2192,2193,2.8569675123435445e-06,100.0,1.0000028610229492,0.001,NaN,NaN,NaN,transformer,embedding,2
2213,2214,2.4126727566908812e-06,100.0,1.000002384185791,0.001,NaN,NaN,NaN,transformer,embedding,2
2216,2217,NaN,NaN,NaN,NaN,5.173595905303955,27.58193016052246,176.54855346679688,transformer,embedding,2
2235,2236,2.0239444893377367e-06,100.0,1.0000020265579224,0.001,NaN,NaN,NaN,transformer,embedding,2
2257,2258,1.6983836985673406e-06,100.0,1.0000016689300537,0.001,NaN,NaN,NaN,transformer,embedding,2
2260,2261,NaN,NaN,NaN,NaN,5.1827592849731445,27.812223434448242,178.17376708984375,transformer,embedding,2
2279,2280,1.425459799975215e-06,100.0,1.0000014305114746,0.001,NaN,NaN,NaN,transformer,embedding,2
2301,2302,1.1965424846493988e-06,100.0,1.0000011920928955,0.001,NaN,NaN,NaN,transformer,embedding,2
2305,2306,NaN,NaN,NaN,NaN,5.192907333374023,28.113374710083008,179.9910888671875,transformer,embedding,2
2324,2325,9.958757800632156e-07,100.0,1.0000009536743164,0.001,NaN,NaN,NaN,transformer,embedding,2
2347,2348,8.297143381241767e-07,100.0,1.0000008344650269,0.001,NaN,NaN,NaN,transformer,embedding,2
2351,2352,NaN,NaN,NaN,NaN,5.205870628356934,28.201948165893555,182.3395538330078,transformer,embedding,2
2370,2371,6.913599577273999e-07,100.0,1.0000007152557373,0.001,NaN,NaN,NaN,transformer,embedding,2
2393,2394,5.758878387496225e-07,100.0,1.0000005960464478,0.001,NaN,NaN,NaN,transformer,embedding,2
2398,2399,NaN,NaN,NaN,NaN,5.220480442047119,28.520814895629883,185.02305603027344,transformer,embedding,2
2416,2417,4.794658252649242e-07,100.0,1.0000004768371582,0.001,NaN,NaN,NaN,transformer,embedding,2
2440,2441,3.948411517740169e-07,100.0,1.0000003576278687,0.001,NaN,NaN,NaN,transformer,embedding,2
2445,2446,NaN,NaN,NaN,NaN,5.236308574676514,28.71567726135254,187.9749298095703,transformer,embedding,2
2464,2465,3.264003112235514e-07,100.0,1.0000003576278687,0.001,NaN,NaN,NaN,transformer,embedding,2
2488,2489,2.685534070678841e-07,100.0,1.000000238418579,0.001,NaN,NaN,NaN,transformer,embedding,2
2493,2494,NaN,NaN,NaN,NaN,5.253615379333496,28.768821716308594,191.25648498535156,transformer,embedding,2
2512,2513,2.2055617421301577e-07,100.0,1.000000238418579,0.001,NaN,NaN,NaN,transformer,embedding,2
2537,2538,1.7965319898394227e-07,100.0,1.000000238418579,0.001,NaN,NaN,NaN,transformer,embedding,2
2542,2543,NaN,NaN,NaN,NaN,5.269087791442871,28.981399536132812,194.2386932373047,transformer,embedding,2
2562,2563,1.4663628178368526e-07,100.0,1.0000001192092896,0.001,NaN,NaN,NaN,transformer,embedding,2
2587,2588,1.2033359553242917e-07,100.0,1.0000001192092896,0.001,NaN,NaN,NaN,transformer,embedding,2
2592,2593,NaN,NaN,NaN,NaN,5.280493259429932,29.123117446899414,196.46676635742188,transformer,embedding,2
2612,2613,9.947830648115996e-08,100.0,1.0000001192092896,0.001,NaN,NaN,NaN,transformer,embedding,2
2638,2639,8.172676757567388e-08,100.0,1.0000001192092896,0.001,NaN,NaN,NaN,transformer,embedding,2
2643,2644,NaN,NaN,NaN,NaN,5.282931804656982,29.17626190185547,196.94644165039062,transformer,embedding,2
2664,2665,6.782323680454283e-08,100.0,1.0000001192092896,0.001,NaN,NaN,NaN,transformer,embedding,2
2690,2691,5.772022149130862e-08,100.0,1.0,0.001,NaN,NaN,NaN,transformer,embedding,2
2695,2696,NaN,NaN,NaN,NaN,5.268194198608398,29.335695266723633,194.06520080566406,transformer,embedding,2
2716,2717,5.013503923123608e-08,100.0,1.0,0.001,NaN,NaN,NaN,transformer,embedding,2
2743,2744,4.340497383736874e-08,100.0,1.0,0.001,NaN,NaN,NaN,transformer,embedding,2
2748,2749,NaN,NaN,NaN,NaN,5.241000175476074,29.6368465423584,188.85890197753906,transformer,embedding,2
2770,2771,3.879685550600698e-08,100.0,1.0,0.001,NaN,NaN,NaN,transformer,embedding,2
2797,2798,3.531305736714785e-08,100.0,1.0,0.001,NaN,NaN,NaN,transformer,embedding,2
2802,2803,NaN,NaN,NaN,NaN,5.204087734222412,29.902568817138672,182.01475524902344,transformer,embedding,2
2824,2825,3.214596588918539e-08,100.0,1.0,0.001,NaN,NaN,NaN,transformer,embedding,2
2852,2853,2.6413532694391506e-08,100.0,1.0,0.001,NaN,NaN,NaN,transformer,embedding,2
2858,2859,NaN,NaN,NaN,NaN,5.164688587188721,29.937997817993164,174.9829559326172,transformer,embedding,2
2880,2881,2.5083355836841292e-08,100.0,1.0,0.001,NaN,NaN,NaN,transformer,embedding,2
2908,2909,2.0237706621628604e-08,100.0,1.0,0.001,NaN,NaN,NaN,transformer,embedding,2
2915,2916,NaN,NaN,NaN,NaN,5.119870662689209,30.13286018371582,167.31373596191406,transformer,embedding,2
2937,2938,2.0063517069957015e-08,100.0,1.0,0.001,NaN,NaN,NaN,transformer,embedding,2
2966,2967,1.8194933559811943e-08,100.0,1.0,0.001,NaN,NaN,NaN,transformer,embedding,2
2973,2974,NaN,NaN,NaN,NaN,5.076450824737549,30.150575637817383,160.20445251464844,transformer,embedding,2
2995,2996,1.2715867470092235e-08,100.0,1.0,0.001,NaN,NaN,NaN,transformer,embedding,2
3024,3025,3.458462671801499e-08,100.0,1.0,0.001,NaN,NaN,NaN,transformer,embedding,2
3032,3033,NaN,NaN,NaN,NaN,5.033967971801758,30.274578094482422,153.54104614257812,transformer,embedding,2
3054,3055,1.9113389981839646e-08,100.0,1.0,0.001,NaN,NaN,NaN,transformer,embedding,2
3084,3085,3.01348634934584e-08,100.0,1.0,0.001,NaN,NaN,NaN,transformer,embedding,2
3092,3093,NaN,NaN,NaN,NaN,5.009054660797119,30.398582458496094,149.76309204101562,transformer,embedding,2
3114,3115,3.922441393910958e-08,100.0,1.0,0.001,NaN,NaN,NaN,transformer,embedding,2
3145,3146,1.7102287586112652e-08,100.0,1.0,0.001,NaN,NaN,NaN,transformer,embedding,2
3153,3154,NaN,NaN,NaN,NaN,4.964118003845215,30.611160278320312,143.1822052001953,transformer,embedding,2
3176,3177,1.912922442670606e-08,100.0,1.0,0.001,NaN,NaN,NaN,transformer,embedding,2
3207,3208,1.895503487503447e-08,100.0,1.0,0.001,NaN,NaN,NaN,transformer,embedding,2
3216,3217,NaN,NaN,NaN,NaN,4.945280075073242,30.575729370117188,140.51019287109375,transformer,embedding,2
3239,3240,8.646156679503747e-09,100.0,1.0,0.001,NaN,NaN,NaN,transformer,embedding,2
3271,3272,2.2834720780906537e-08,100.0,1.0,0.001,NaN,NaN,NaN,transformer,embedding,2
3280,3281,NaN,NaN,NaN,NaN,4.883744239807129,30.611160278320312,132.12445068359375,transformer,embedding,2
3303,3304,0.4860272705554962,80.28692626953125,1.6258443593978882,0.001,NaN,NaN,NaN,transformer,embedding,2
3336,3337,0.000952648522797972,100.0,1.0009530782699585,0.001,NaN,NaN,NaN,transformer,embedding,2
3345,3346,NaN,NaN,NaN,NaN,5.297695636749268,23.950397491455078,199.8756866455078,transformer,embedding,2
3369,3370,0.00013216142542660236,100.0,1.0001322031021118,0.001,NaN,NaN,NaN,transformer,embedding,2
3402,3403,6.794427463319153e-05,100.0,1.000067949295044,0.001,NaN,NaN,NaN,transformer,embedding,2
3411,3412,NaN,NaN,NaN,NaN,5.401806831359863,25.11957359313965,221.80682373046875,transformer,embedding,2
3436,3437,4.0138238546205685e-05,100.0,1.0000401735305786,0.001,NaN,NaN,NaN,transformer,embedding,2
3470,3471,1.5998493836377747e-05,100.0,1.0000159740447998,0.001,NaN,NaN,NaN,transformer,embedding,2
3479,3480,NaN,NaN,NaN,NaN,5.875518798828125,25.580158233642578,356.20941162109375,transformer,embedding,2
3504,3505,1.0587124052108265e-05,100.0,1.00001060962677,0.001,NaN,NaN,NaN,transformer,embedding,2
3539,3540,8.538569090887904e-06,100.0,1.0000085830688477,0.001,NaN,NaN,NaN,transformer,embedding,2
3548,3549,NaN,NaN,NaN,NaN,5.9346394538879395,25.9344539642334,377.9037170410156,transformer,embedding,2
3574,3575,6.99023439665325e-06,100.0,1.0000070333480835,0.001,NaN,NaN,NaN,transformer,embedding,2
3609,3610,5.67097276871209e-06,100.0,1.0000057220458984,0.001,NaN,NaN,NaN,transformer,embedding,2
3618,3619,NaN,NaN,NaN,NaN,5.936578273773193,26.16474723815918,378.6371154785156,transformer,embedding,2
3645,3646,4.519898993748939e-06,100.0,1.000004529953003,0.001,NaN,NaN,NaN,transformer,embedding,2
3681,3682,3.558140178938629e-06,100.0,1.0000035762786865,0.001,NaN,NaN,NaN,transformer,embedding,2
3690,3691,NaN,NaN,NaN,NaN,5.935544967651367,26.483613967895508,378.2460632324219,transformer,embedding,2
3717,3718,2.762151325441664e-06,100.0,1.0000027418136597,0.001,NaN,NaN,NaN,transformer,embedding,2
3754,3755,2.1123178157722577e-06,100.0,1.000002145767212,0.001,NaN,NaN,NaN,transformer,embedding,2
3763,3764,NaN,NaN,NaN,NaN,5.933696269989014,26.908767700195312,377.5474548339844,transformer,embedding,2
3791,3792,1.604224280526978e-06,100.0,1.0000015497207642,0.001,NaN,NaN,NaN,transformer,embedding,2
3828,3829,1.2119497796447831e-06,100.0,1.0000011920928955,0.001,NaN,NaN,NaN,transformer,embedding,2
3838,3839,NaN,NaN,NaN,NaN,5.932253360748291,27.174489974975586,377.0030822753906,transformer,embedding,2
3866,3867,9.044256898960157e-07,100.0,1.0000009536743164,0.001,NaN,NaN,NaN,transformer,embedding,2
3904,3905,6.725156822540157e-07,100.0,1.0000007152557373,0.001,NaN,NaN,NaN,transformer,embedding,2
3914,3915,NaN,NaN,NaN,NaN,5.931540489196777,27.723648071289062,376.73443603515625,transformer,embedding,2
3943,3944,4.944461124978261e-07,100.0,1.0000004768371582,0.001,NaN,NaN,NaN,transformer,embedding,2
3982,3983,3.6117498325438646e-07,100.0,1.0000003576278687,0.001,NaN,NaN,NaN,transformer,embedding,2
3992,3993,NaN,NaN,NaN,NaN,5.931033611297607,28.25509262084961,376.54351806640625,transformer,embedding,2
4021,4022,2.648954193773534e-07,100.0,1.000000238418579,0.001,NaN,NaN,NaN,transformer,embedding,2
4061,4062,1.9059550027122896e-07,100.0,1.000000238418579,0.001,NaN,NaN,NaN,transformer,embedding,2
4071,4072,NaN,NaN,NaN,NaN,5.929231643676758,28.538528442382812,375.8656005859375,transformer,embedding,2
4101,4102,1.3743587601311447e-07,100.0,1.0000001192092896,0.001,NaN,NaN,NaN,transformer,embedding,2
4142,4143,9.95733202557858e-08,100.0,1.0000001192092896,0.001,NaN,NaN,NaN,transformer,embedding,2
4152,4153,NaN,NaN,NaN,NaN,5.906265735626221,28.786535263061523,367.3318786621094,transformer,embedding,2
4183,4184,7.506003640855852e-08,100.0,1.0000001192092896,0.001,NaN,NaN,NaN,transformer,embedding,2
4224,4225,5.848032458288799e-08,100.0,1.0,0.001,NaN,NaN,NaN,transformer,embedding,2
4235,4236,NaN,NaN,NaN,NaN,5.827792167663574,29.229406356811523,339.6080627441406,transformer,embedding,2
4266,4267,4.745884751855556e-08,100.0,1.0,0.001,NaN,NaN,NaN,transformer,embedding,2
4308,4309,4.053875457543654e-08,100.0,1.0,0.001,NaN,NaN,NaN,transformer,embedding,2
4319,4320,NaN,NaN,NaN,NaN,5.676721572875977,29.406553268432617,291.9906005859375,transformer,embedding,2
4351,4352,3.5613929583178106e-08,100.0,1.0,0.001,NaN,NaN,NaN,transformer,embedding,2
4394,4395,3.222514521894482e-08,100.0,1.0,0.001,NaN,NaN,NaN,transformer,embedding,2
4405,4406,NaN,NaN,NaN,NaN,5.471030235290527,29.406553268432617,237.7049560546875,transformer,embedding,2
4437,4438,3.054658748169459e-08,100.0,1.0,0.001,NaN,NaN,NaN,transformer,embedding,2
4481,4482,3.1037487246976525e-08,100.0,1.0,0.001,NaN,NaN,NaN,transformer,embedding,2
4493,4494,NaN,NaN,NaN,NaN,5.24923849105835,29.743135452270508,190.42120361328125,transformer,embedding,2
4525,4526,3.372950985180978e-08,100.0,1.0,0.001,NaN,NaN,NaN,transformer,embedding,2
4570,4571,3.355532030013819e-08,100.0,1.0,0.001,NaN,NaN,NaN,transformer,embedding,2
4582,4583,NaN,NaN,NaN,NaN,5.061708927154541,30.274578094482422,157.8600616455078,transformer,embedding,2
4615,4616,1.097396751248425e-08,100.0,1.0,0.001,NaN,NaN,NaN,transformer,embedding,2
4661,4662,2.9707308613069472e-08,100.0,1.0,0.001,NaN,NaN,NaN,transformer,embedding,2
4673,4674,NaN,NaN,NaN,NaN,4.938221454620361,30.59344482421875,139.52188110351562,transformer,embedding,2
4707,4708,1.1639056829437777e-08,100.0,1.0,0.001,NaN,NaN,NaN,transformer,embedding,2
4754,4755,4.172641610011851e-08,100.0,1.0,0.001,NaN,NaN,NaN,transformer,embedding,2
4766,4767,NaN,NaN,NaN,NaN,4.847760200500488,30.522584915161133,127.45459747314453,transformer,embedding,2
4801,4802,4.6999620195720127e-08,100.0,1.0,0.001,NaN,NaN,NaN,transformer,embedding,2
4849,4850,1.8210769781035197e-08,100.0,1.0,0.001,NaN,NaN,NaN,transformer,embedding,2
4861,4862,NaN,NaN,NaN,NaN,4.812196731567383,30.69973373413086,123.00152587890625,transformer,embedding,2
4897,4898,1.3697666112477691e-08,100.0,1.0,0.001,NaN,NaN,NaN,transformer,embedding,2
4945,4946,2.8503812643521087e-08,100.0,1.0,0.001,NaN,NaN,NaN,transformer,embedding,2
4958,4959,NaN,NaN,NaN,NaN,4.791297912597656,30.983169555664062,120.45761108398438,transformer,embedding,2
4994,4995,2.3974873641918748e-08,100.0,1.0,0.001,NaN,NaN,NaN,transformer,embedding,2
5043,5044,2.207461946568401e-08,100.0,1.0,0.001,NaN,NaN,NaN,transformer,embedding,2
5057,5058,NaN,NaN,NaN,NaN,4.723397254943848,31.089458465576172,112.54996490478516,transformer,embedding,2
5093,5094,2.4829988731767116e-08,100.0,1.0,0.001,NaN,NaN,NaN,transformer,embedding,2
5143,5144,1.9018376207213805e-08,100.0,1.0,0.001,NaN,NaN,NaN,transformer,embedding,2
5158,5159,NaN,NaN,NaN,NaN,4.6985931396484375,31.000885009765625,109.7926025390625,transformer,embedding,2
5194,5195,3.0562421926561e-08,100.0,1.0,0.001,NaN,NaN,NaN,transformer,embedding,2
5245,5246,2.769620444098564e-08,100.0,1.0,0.001,NaN,NaN,NaN,transformer,embedding,2
5261,5262,NaN,NaN,NaN,NaN,4.656620502471924,30.965456008911133,105.2796859741211,transformer,embedding,2
5297,5298,2.9184738181697867e-08,100.0,1.0,0.001,NaN,NaN,NaN,transformer,embedding,2
5349,5350,1.1892423934511953e-08,100.0,1.0,0.001,NaN,NaN,NaN,transformer,embedding,2
5366,5367,NaN,NaN,NaN,NaN,4.619666576385498,31.124889373779297,101.46019744873047,transformer,embedding,2
5402,5403,2.0348554841120858e-08,100.0,1.0,0.001,NaN,NaN,NaN,transformer,embedding,2
5456,5457,2.5859293373287073e-08,100.0,1.0,0.001,NaN,NaN,NaN,transformer,embedding,2
5473,5474,NaN,NaN,NaN,NaN,4.606610298156738,31.05402946472168,100.14411163330078,transformer,embedding,2
5510,5511,5.1940283185558656e-08,100.0,1.0,0.001,NaN,NaN,NaN,transformer,embedding,2
5565,5566,1.513869207769858e-08,100.0,1.0,0.001,NaN,NaN,NaN,transformer,embedding,2
5582,5583,NaN,NaN,NaN,NaN,4.626481533050537,31.231178283691406,102.15400695800781,transformer,embedding,2
5620,5621,4.319911184325065e-08,100.0,1.0,0.001,NaN,NaN,NaN,transformer,embedding,2
5676,5677,4.901072259144712e-08,100.0,1.0,0.001,NaN,NaN,NaN,transformer,embedding,2
5693,5694,NaN,NaN,NaN,NaN,4.594560146331787,31.284320831298828,98.9446029663086,transformer,embedding,2
5732,5733,1.124317083878168e-08,100.0,1.0,0.001,NaN,NaN,NaN,transformer,embedding,2
5789,5790,1.569293317515985e-08,100.0,1.0,0.001,NaN,NaN,NaN,transformer,embedding,2
5806,5807,NaN,NaN,NaN,NaN,4.545327186584473,31.372896194458008,94.19123840332031,transformer,embedding,2
5846,5847,2.8852193523221104e-08,100.0,1.0,0.001,NaN,NaN,NaN,transformer,embedding,2
5904,5905,2.1187833709745973e-08,100.0,1.0,0.001,NaN,NaN,NaN,transformer,embedding,2
5922,5923,NaN,NaN,NaN,NaN,4.5260233879089355,31.19574737548828,92.39042663574219,transformer,embedding,2
5963,5964,1.7102287586112652e-08,100.0,1.0,0.001,NaN,NaN,NaN,transformer,embedding,2
6022,6023,2.684109112749411e-08,100.0,1.0,0.001,NaN,NaN,NaN,transformer,embedding,2
6040,6041,NaN,NaN,NaN,NaN,4.516421318054199,31.496898651123047,91.50753784179688,transformer,embedding,2
6082,6083,2.0285213508941524e-08,100.0,1.0,0.001,NaN,NaN,NaN,transformer,embedding,2
6142,6143,3.8606831509468975e-08,100.0,1.0,0.001,NaN,NaN,NaN,transformer,embedding,2
6160,6161,NaN,NaN,NaN,NaN,4.503839015960693,31.248891830444336,90.36337280273438,transformer,embedding,2
6203,6204,3.700744954926449e-08,100.0,1.0,0.001,NaN,NaN,NaN,transformer,embedding,2
6265,6266,2.231215034953493e-08,100.0,1.0,0.001,NaN,NaN,NaN,transformer,embedding,2
6283,6284,NaN,NaN,NaN,NaN,4.476746082305908,31.337465286254883,87.94802856445312,transformer,embedding,2
6327,6328,4.234399852975912e-08,100.0,1.0,0.001,NaN,NaN,NaN,transformer,embedding,2
6390,6391,3.376118229425629e-08,100.0,1.0,0.001,NaN,NaN,NaN,transformer,embedding,2
6408,6409,NaN,NaN,NaN,NaN,4.4516682624816895,31.319751739501953,85.76991271972656,transformer,embedding,2
6453,6454,4.51152004643518e-08,100.0,1.0,0.001,NaN,NaN,NaN,transformer,embedding,2
6517,6518,4.188476765421001e-08,100.0,1.0,0.001,NaN,NaN,NaN,transformer,embedding,2
6536,6537,NaN,NaN,NaN,NaN,4.446938514709473,31.337465286254883,85.36519622802734,transformer,embedding,2
6582,6583,2.171040414111758e-08,100.0,1.0,0.001,NaN,NaN,NaN,transformer,embedding,2
6647,6648,4.505185913217247e-08,100.0,1.0,0.001,NaN,NaN,NaN,transformer,embedding,2
6666,6667,NaN,NaN,NaN,NaN,4.4306440353393555,31.319751739501953,83.98548889160156,transformer,embedding,2
6713,6714,4.847231593885226e-08,100.0,1.0,0.001,NaN,NaN,NaN,transformer,embedding,2
6780,6781,5.398305447101848e-08,100.0,1.0,0.001,NaN,NaN,NaN,transformer,embedding,2
6799,6800,NaN,NaN,NaN,NaN,4.411003589630127,31.17803382873535,82.35206604003906,transformer,embedding,2
6847,6848,2.8092092207998576e-08,100.0,1.0,0.001,NaN,NaN,NaN,transformer,embedding,2
6915,6916,1.5122855856475326e-08,100.0,1.0,0.001,NaN,NaN,NaN,transformer,embedding,2
6934,6935,NaN,NaN,NaN,NaN,4.387480735778809,31.390609741210938,80.4375228881836,transformer,embedding,2
6984,6985,2.547924182749739e-08,100.0,1.0,0.001,NaN,NaN,NaN,transformer,embedding,2
7053,7054,4.058626146274946e-08,100.0,1.0,0.001,NaN,NaN,NaN,transformer,embedding,2
7072,7073,NaN,NaN,NaN,NaN,4.388150215148926,31.4083251953125,80.49138641357422,transformer,embedding,2
7123,7124,4.696794775327362e-08,100.0,1.0,0.001,NaN,NaN,NaN,transformer,embedding,2
7194,7195,3.4980512708671085e-08,100.0,1.0,0.001,NaN,NaN,NaN,transformer,embedding,2
7213,7214,NaN,NaN,NaN,NaN,4.368282794952393,31.337465286254883,78.90801239013672,transformer,embedding,2
7265,7266,4.920074658798512e-08,100.0,1.0,0.001,NaN,NaN,NaN,transformer,embedding,2
7337,7338,1.2129955706541296e-08,100.0,1.0,0.001,NaN,NaN,NaN,transformer,embedding,2
7357,7358,NaN,NaN,NaN,NaN,4.364502429962158,31.426040649414062,78.61027526855469,transformer,embedding,2
7410,7411,3.580395357971611e-08,100.0,1.0,0.001,NaN,NaN,NaN,transformer,embedding,2
7484,7485,3.0768283920679096e-08,100.0,1.0,0.001,NaN,NaN,NaN,transformer,embedding,2
7504,7505,NaN,NaN,NaN,NaN,4.353423118591309,31.355180740356445,77.74413299560547,transformer,embedding,2
7558,7559,4.131469211188232e-08,100.0,1.0,0.001,NaN,NaN,NaN,transformer,embedding,2
7633,7634,1.7973237120827434e-08,100.0,1.0,0.001,NaN,NaN,NaN,transformer,embedding,2
7654,7655,NaN,NaN,NaN,NaN,4.32370138168335,31.496898651123047,75.46744537353516,transformer,embedding,2
7709,7710,3.409372695273305e-08,100.0,1.0,0.001,NaN,NaN,NaN,transformer,embedding,2
7786,7787,4.0823792346600385e-08,100.0,1.0,0.001,NaN,NaN,NaN,transformer,embedding,2
7807,7808,NaN,NaN,NaN,NaN,4.327770233154297,31.30203628540039,75.77513885498047,transformer,embedding,2
7863,7864,2.2613024341922028e-08,100.0,1.0,0.001,NaN,NaN,NaN,transformer,embedding,2
7941,7942,1.464779320059506e-08,100.0,1.0,0.001,NaN,NaN,NaN,transformer,embedding,2
7963,7964,NaN,NaN,NaN,NaN,4.312417030334473,31.319751739501953,74.6206283569336,transformer,embedding,2
8020,8021,2.8662167750326262e-08,100.0,1.0,0.001,NaN,NaN,NaN,transformer,embedding,2
8100,8101,4.02537168042727e-08,100.0,1.0,0.001,NaN,NaN,NaN,transformer,embedding,2
8122,8123,NaN,NaN,NaN,NaN,4.308332443237305,31.372896194458008,74.31645965576172,transformer,embedding,2
8181,8182,3.5835626022162614e-08,100.0,1.0,0.001,NaN,NaN,NaN,transformer,embedding,2
8262,8263,2.9485612174084963e-08,100.0,1.0,0.001,NaN,NaN,NaN,transformer,embedding,2
8284,8285,NaN,NaN,NaN,NaN,4.297690391540527,31.4083251953125,73.52976989746094,transformer,embedding,2
8344,8345,1.9255908867421567e-08,100.0,1.0,0.001,NaN,NaN,NaN,transformer,embedding,2
8427,8428,2.3230606771562634e-08,100.0,1.0,0.001,NaN,NaN,NaN,transformer,embedding,2
8449,8450,NaN,NaN,NaN,NaN,4.27775239944458,31.567758560180664,72.07825469970703,transformer,embedding,2
8511,8512,4.305659118131189e-08,100.0,1.0,0.001,NaN,NaN,NaN,transformer,embedding,2
8596,8597,3.486966448917883e-08,100.0,1.0,0.001,NaN,NaN,NaN,transformer,embedding,2
8617,8618,NaN,NaN,NaN,NaN,4.269254684448242,31.496898651123047,71.46834564208984,transformer,embedding,2
8681,8682,4.134636455432883e-08,100.0,1.0,0.001,NaN,NaN,NaN,transformer,embedding,2
8767,8768,1.686475492590489e-08,100.0,1.0,0.001,NaN,NaN,NaN,transformer,embedding,2
8789,8790,NaN,NaN,NaN,NaN,4.265616416931152,31.355180740356445,71.20880126953125,transformer,embedding,2
8854,8855,3.1987614335093895e-08,100.0,1.0,0.001,NaN,NaN,NaN,transformer,embedding,2
8942,8943,2.6714406686778602e-08,100.0,1.0,0.001,NaN,NaN,NaN,transformer,embedding,2
8964,8965,NaN,NaN,NaN,NaN,4.2665791511535645,31.4083251953125,71.27738952636719,transformer,embedding,2
9031,9032,3.068910459091967e-08,100.0,1.0,0.001,NaN,NaN,NaN,transformer,embedding,2
9121,9122,3.341280319091311e-08,100.0,1.0,0.001,NaN,NaN,NaN,transformer,embedding,2
9143,9144,NaN,NaN,NaN,NaN,4.24862813949585,31.443754196166992,70.0093002319336,transformer,embedding,2
9212,9213,3.5708943357803946e-08,100.0,1.0,0.001,NaN,NaN,NaN,transformer,embedding,2
9304,9305,2.8582990196923674e-08,100.0,1.0,0.001,NaN,NaN,NaN,transformer,embedding,2
9325,9326,NaN,NaN,NaN,NaN,4.231603145599365,31.532329559326172,68.82748413085938,transformer,embedding,2
9397,9398,6.709480970812365e-08,100.0,1.0000001192092896,0.001,NaN,NaN,NaN,transformer,embedding,2
9490,9491,3.3206941196795015e-08,100.0,1.0,0.001,NaN,NaN,NaN,transformer,embedding,2
9511,9512,NaN,NaN,NaN,NaN,4.218430042266846,31.532329559326172,67.9267578125,transformer,embedding,2
9584,9585,2.1837086805476247e-08,100.0,1.0,0.001,NaN,NaN,NaN,transformer,embedding,2
9679,9680,2.144120081482015e-08,100.0,1.0,0.001,NaN,NaN,NaN,transformer,embedding,2
9701,9702,NaN,NaN,NaN,NaN,4.22914457321167,31.532329559326172,68.65847778320312,transformer,embedding,2
9775,9776,2.3325620546188475e-08,100.0,1.0,0.001,NaN,NaN,NaN,transformer,embedding,2
9872,9873,1.905004864966031e-08,100.0,1.0,0.001,NaN,NaN,NaN,transformer,embedding,2
9895,9896,NaN,NaN,NaN,NaN,4.210440158843994,31.674047470092773,67.38619232177734,transformer,embedding,2
9970,9971,2.384819097756008e-08,100.0,1.0,0.001,NaN,NaN,NaN,transformer,embedding,2
10069,10070,2.8947205521490105e-08,100.0,1.0,0.001,NaN,NaN,NaN,transformer,embedding,2
10092,10093,NaN,NaN,NaN,NaN,4.20483922958374,31.496898651123047,67.00982666015625,transformer,embedding,2
10169,10170,2.2866391446996204e-08,100.0,1.0,0.001,NaN,NaN,NaN,transformer,embedding,2
10270,10271,3.087913214017135e-08,100.0,1.0,0.001,NaN,NaN,NaN,transformer,embedding,2
10293,10294,NaN,NaN,NaN,NaN,4.202249050140381,31.585474014282227,66.83647918701172,transformer,embedding,2
10372,10373,2.698361001307603e-08,100.0,1.0,0.001,NaN,NaN,NaN,transformer,embedding,2
10475,10476,3.637403267475747e-08,100.0,1.0,0.001,NaN,NaN,NaN,transformer,embedding,2
10498,10499,NaN,NaN,NaN,NaN,4.186744213104248,31.461469650268555,65.80818176269531,transformer,embedding,2
10579,10580,2.039606172843378e-08,100.0,1.0,0.001,NaN,NaN,NaN,transformer,embedding,2
10684,10685,3.032489104271008e-08,100.0,1.0,0.001,NaN,NaN,NaN,transformer,embedding,2
10707,10708,NaN,NaN,NaN,NaN,4.194858074188232,31.603187561035156,66.34431457519531,transformer,embedding,2
10790,10791,2.4465773407200686e-08,100.0,1.0,0.001,NaN,NaN,NaN,transformer,embedding,2
10897,10898,3.404622006542013e-08,100.0,1.0,0.001,NaN,NaN,NaN,transformer,embedding,2
10921,10922,NaN,NaN,NaN,NaN,4.18214225769043,31.51461410522461,65.50603485107422,transformer,embedding,2
11005,11006,3.339696519333302e-08,100.0,1.0,0.001,NaN,NaN,NaN,transformer,embedding,2
11115,11116,2.4560785405469687e-08,100.0,1.0,0.001,NaN,NaN,NaN,transformer,embedding,2
11139,11140,NaN,NaN,NaN,NaN,4.192078113555908,31.603187561035156,66.1601333618164,transformer,embedding,2
11226,11227,2.674607735286827e-08,100.0,1.0,0.001,NaN,NaN,NaN,transformer,embedding,2
11338,11339,3.151254901467837e-08,100.0,1.0,0.001,NaN,NaN,NaN,transformer,embedding,2
11361,11362,NaN,NaN,NaN,NaN,4.178882598876953,31.496898651123047,65.29285430908203,transformer,embedding,2
11451,11452,3.5978146684101375e-08,100.0,1.0,0.001,NaN,NaN,NaN,transformer,embedding,2
11565,11566,1.0783942627767829e-08,100.0,1.0,0.001,NaN,NaN,NaN,transformer,embedding,2
11588,11589,NaN,NaN,NaN,NaN,4.166906356811523,31.496898651123047,64.51555633544922,transformer,embedding,2
11680,11681,2.1726238585983992e-08,100.0,1.0,0.001,NaN,NaN,NaN,transformer,embedding,2
11796,11797,3.251017943739498e-08,100.0,1.0,0.001,NaN,NaN,NaN,transformer,embedding,2
11819,11820,NaN,NaN,NaN,NaN,4.156580448150635,31.443754196166992,63.85280227661133,transformer,embedding,2
11913,11914,2.112449237756664e-08,100.0,1.0,0.001,NaN,NaN,NaN,transformer,embedding,2
12032,12033,2.8361293757939166e-08,100.0,1.0,0.001,NaN,NaN,NaN,transformer,embedding,2
12055,12056,NaN,NaN,NaN,NaN,4.1389570236206055,31.355180740356445,62.73735427856445,transformer,embedding,2
12152,12153,2.5590090046989644e-08,100.0,1.0,0.001,NaN,NaN,NaN,transformer,embedding,2
12273,12274,2.7854559547790814e-08,100.0,1.0,0.001,NaN,NaN,NaN,transformer,embedding,2
12296,12297,NaN,NaN,NaN,NaN,4.15613317489624,31.390609741210938,63.824249267578125,transformer,embedding,2
12395,12396,1.9461769085182823e-08,100.0,1.0,0.001,NaN,NaN,NaN,transformer,embedding,2
12518,12519,2.2771379448727203e-08,100.0,1.0,0.001,NaN,NaN,NaN,transformer,embedding,2
12541,12542,NaN,NaN,NaN,NaN,4.129359245300293,31.372896194458008,62.13809585571289,transformer,embedding,2
12643,12644,1.2620854583644814e-08,100.0,1.0,0.001,NaN,NaN,NaN,transformer,embedding,2
12769,12770,2.6967773791852778e-08,100.0,1.0,0.001,NaN,NaN,NaN,transformer,embedding,2
12791,12792,NaN,NaN,NaN,NaN,4.151174068450928,31.372896194458008,63.50851821899414,transformer,embedding,2
12896,12897,1.7165628918291986e-08,100.0,1.0,0.001,NaN,NaN,NaN,transformer,embedding,2
13024,13025,2.343646876568073e-08,100.0,1.0,0.001,NaN,NaN,NaN,transformer,embedding,2
13046,13047,NaN,NaN,NaN,NaN,4.139938831329346,31.390609741210938,62.798980712890625,transformer,embedding,2
13154,13155,2.861466086301334e-08,100.0,1.0,0.001,NaN,NaN,NaN,transformer,embedding,2
13285,13286,2.5130862724154213e-08,100.0,1.0,0.001,NaN,NaN,NaN,transformer,embedding,2
13306,13307,NaN,NaN,NaN,NaN,4.13934850692749,31.355180740356445,62.76192092895508,transformer,embedding,2
13417,13418,2.7965407767283068e-08,100.0,1.0,0.001,NaN,NaN,NaN,transformer,embedding,2
13551,13552,2.2359657236847852e-08,100.0,1.0,0.001,NaN,NaN,NaN,transformer,embedding,2
13572,13573,NaN,NaN,NaN,NaN,4.122073650360107,31.355180740356445,61.68702697753906,transformer,embedding,2
13686,13687,2.066526327837437e-08,100.0,1.0,0.001,NaN,NaN,NaN,transformer,embedding,2
13822,13823,2.6556053356330267e-08,100.0,1.0,0.001,NaN,NaN,NaN,transformer,embedding,2
13843,13844,NaN,NaN,NaN,NaN,4.123350143432617,31.284320831298828,61.76581954956055,transformer,embedding,2
13960,13961,1.9651794858077665e-08,100.0,1.0,0.001,NaN,NaN,NaN,transformer,embedding,2
14099,14100,3.0356559932442906e-08,100.0,1.0,0.001,NaN,NaN,NaN,transformer,embedding,2
14119,14120,NaN,NaN,NaN,NaN,4.14750862121582,31.16031837463379,63.27615737915039,transformer,embedding,2
14239,14240,1.5724603841249518e-08,100.0,1.0,0.001,NaN,NaN,NaN,transformer,embedding,2
14381,14382,2.5653431379168978e-08,100.0,1.0,0.001,NaN,NaN,NaN,transformer,embedding,2
14401,14402,NaN,NaN,NaN,NaN,4.117496967315674,31.319751739501953,61.40534973144531,transformer,embedding,2
14524,14525,3.086329414259126e-08,100.0,1.0,0.001,NaN,NaN,NaN,transformer,embedding,2
14669,14670,1.4251906321760544e-08,100.0,1.0,0.001,NaN,NaN,NaN,transformer,embedding,2
14689,14690,NaN,NaN,NaN,NaN,4.1412835121154785,31.4083251953125,62.883480072021484,transformer,embedding,2
14815,14816,2.6191838031763837e-08,100.0,1.0,0.001,NaN,NaN,NaN,transformer,embedding,2
14963,14964,2.199544191228142e-08,100.0,1.0,0.001,NaN,NaN,NaN,transformer,embedding,2
14982,14983,NaN,NaN,NaN,NaN,4.116413593292236,31.30203628540039,61.33885955810547,transformer,embedding,2
15112,15113,2.007935151482343e-08,100.0,1.0,0.001,NaN,NaN,NaN,transformer,embedding,2
15263,15264,2.212212635299693e-08,100.0,1.0,0.001,NaN,NaN,NaN,transformer,embedding,2
15281,15282,NaN,NaN,NaN,NaN,4.11436128616333,31.30203628540039,61.213104248046875,transformer,embedding,2
15415,15416,1.9572617304675077e-08,100.0,1.0,0.001,NaN,NaN,NaN,transformer,embedding,2
15569,15570,2.9580624172353964e-08,100.0,1.0,0.001,NaN,NaN,NaN,transformer,embedding,2
15586,15587,NaN,NaN,NaN,NaN,4.097311496734619,31.390609741210938,60.178279876708984,transformer,embedding,2
15724,15725,2.969147239184622e-08,100.0,1.0,0.001,NaN,NaN,NaN,transformer,embedding,2
15881,15882,2.6334356917345758e-08,100.0,1.0,0.001,NaN,NaN,NaN,transformer,embedding,2
15897,15898,NaN,NaN,NaN,NaN,4.103397369384766,31.372896194458008,60.54563522338867,transformer,embedding,2
16039,16040,1.9525112193718996e-08,100.0,1.0,0.001,NaN,NaN,NaN,transformer,embedding,2
16199,16200,3.3032751645123426e-08,100.0,1.0,0.001,NaN,NaN,NaN,transformer,embedding,2
16214,16215,NaN,NaN,NaN,NaN,4.1088151931762695,31.355180740356445,60.874549865722656,transformer,embedding,2
16360,16361,1.8163262893722276e-08,100.0,1.0,0.001,NaN,NaN,NaN,transformer,embedding,2
16523,16524,2.0206035955538937e-08,100.0,1.0,0.001,NaN,NaN,NaN,transformer,embedding,2
16538,16539,NaN,NaN,NaN,NaN,4.1011457443237305,31.248891830444336,60.409461975097656,transformer,embedding,2
16688,16689,1.886002287676547e-08,100.0,1.0,0.001,NaN,NaN,NaN,transformer,embedding,2
16854,16855,1.9984339516554428e-08,100.0,1.0,0.001,NaN,NaN,NaN,transformer,embedding,2
16868,16869,NaN,NaN,NaN,NaN,4.103646278381348,31.30203628540039,60.560707092285156,transformer,embedding,2
17022,17023,2.806041976555207e-08,100.0,1.0,0.001,NaN,NaN,NaN,transformer,embedding,2
17192,17193,2.2818886336040123e-08,100.0,1.0,0.001,NaN,NaN,NaN,transformer,embedding,2
17205,17206,NaN,NaN,NaN,NaN,4.089901924133301,31.355180740356445,59.734031677246094,transformer,embedding,2
17363,17364,2.1884593692789167e-08,100.0,1.0,0.001,NaN,NaN,NaN,transformer,embedding,2
17536,17537,2.380068409024716e-08,100.0,1.0,0.001,NaN,NaN,NaN,transformer,embedding,2
17549,17550,NaN,NaN,NaN,NaN,4.089120864868164,31.4083251953125,59.68739700317383,transformer,embedding,2
17711,17712,1.8891693542855137e-08,100.0,1.0,0.001,NaN,NaN,NaN,transformer,embedding,2
17888,17889,2.3959039197052334e-08,100.0,1.0,0.001,NaN,NaN,NaN,transformer,embedding,2
17899,17900,NaN,NaN,NaN,NaN,4.0876593589782715,31.4083251953125,59.60022735595703,transformer,embedding,2
18066,18067,2.080778394031313e-08,100.0,1.0,0.001,NaN,NaN,NaN,transformer,embedding,2
18246,18247,1.7925730233514514e-08,100.0,1.0,0.001,NaN,NaN,NaN,transformer,embedding,2
18256,18257,NaN,NaN,NaN,NaN,4.076841831207275,31.461469650268555,58.9589729309082,transformer,embedding,2
18428,18429,1.6627224042053967e-08,100.0,1.0,0.001,NaN,NaN,NaN,transformer,embedding,2
18612,18613,1.6706401595456555e-08,100.0,1.0,0.001,NaN,NaN,NaN,transformer,embedding,2
18621,18622,NaN,NaN,NaN,NaN,4.086302757263184,31.337465286254883,59.51942825317383,transformer,embedding,2
18798,18799,1.7577351130171337e-08,100.0,1.0,0.001,NaN,NaN,NaN,transformer,embedding,2
18985,18986,2.0696935720820875e-08,100.0,1.0,0.001,NaN,NaN,NaN,transformer,embedding,2
18993,18994,NaN,NaN,NaN,NaN,4.087297439575195,31.426040649414062,59.57865905761719,transformer,embedding,2
19174,19175,2.2882227668219457e-08,100.0,1.0,0.001,NaN,NaN,NaN,transformer,embedding,2
19365,19366,2.4133228748723923e-08,100.0,1.0,0.001,NaN,NaN,NaN,transformer,embedding,2
19372,19373,NaN,NaN,NaN,NaN,4.068997859954834,31.30203628540039,58.49831008911133,transformer,embedding,2
19558,19559,2.2613024341922028e-08,100.0,1.0,0.001,NaN,NaN,NaN,transformer,embedding,2
19753,19754,1.66905653742333e-08,100.0,1.0,0.001,NaN,NaN,NaN,transformer,embedding,2
19759,19760,NaN,NaN,NaN,NaN,4.07260799407959,31.372896194458008,58.709877014160156,transformer,embedding,2
19950,19951,1.6041312278503028e-08,100.0,1.0,0.001,NaN,NaN,NaN,transformer,embedding,2
20149,20150,2.5289216054602548e-08,100.0,1.0,0.001,NaN,NaN,NaN,transformer,embedding,2
20154,20155,NaN,NaN,NaN,NaN,4.068870544433594,31.4083251953125,58.49086380004883,transformer,embedding,2
20350,20351,1.6928098034441064e-08,100.0,1.0,0.001,NaN,NaN,NaN,transformer,embedding,2
20553,20554,9.263739109144353e-09,100.0,1.0,0.001,NaN,NaN,NaN,transformer,embedding,2
20557,20558,NaN,NaN,NaN,NaN,4.0758376121521,31.213462829589844,58.89979553222656,transformer,embedding,2
20758,20759,2.1187833709745973e-08,100.0,1.0,0.001,NaN,NaN,NaN,transformer,embedding,2
20965,20966,2.299307588771171e-08,100.0,1.0,0.001,NaN,NaN,NaN,transformer,embedding,2
20968,20969,NaN,NaN,NaN,NaN,4.06829309463501,31.284320831298828,58.457096099853516,transformer,embedding,2
21174,21175,2.280305011481687e-08,100.0,1.0,0.001,NaN,NaN,NaN,transformer,embedding,2
21385,21386,2.1773745473296913e-08,100.0,1.0,0.001,NaN,NaN,NaN,transformer,embedding,2
21387,21388,NaN,NaN,NaN,NaN,4.055002212524414,31.284320831298828,57.6852912902832,transformer,embedding,2
21598,21599,1.8099921561542942e-08,100.0,1.0,0.001,NaN,NaN,NaN,transformer,embedding,2
21813,21814,1.5629591842980517e-08,100.0,1.0,0.001,NaN,NaN,NaN,transformer,embedding,2
21814,21815,NaN,NaN,NaN,NaN,4.054737567901611,31.213462829589844,57.67002487182617,transformer,embedding,2
22031,22032,1.6928098034441064e-08,100.0,1.0,0.001,NaN,NaN,NaN,transformer,embedding,2
22250,22251,NaN,NaN,NaN,NaN,4.052619457244873,31.213462829589844,57.548004150390625,transformer,embedding,2
22251,22252,1.917673131401898e-08,100.0,1.0,0.001,NaN,NaN,NaN,transformer,embedding,2
22473,22474,1.5360388516683088e-08,100.0,1.0,0.001,NaN,NaN,NaN,transformer,embedding,2
22694,22695,NaN,NaN,NaN,NaN,4.068464756011963,31.142602920532227,58.467132568359375,transformer,embedding,2
22697,22698,2.3198936105472967e-08,100.0,1.0,0.001,NaN,NaN,NaN,transformer,embedding,2
22923,22924,1.323843790146384e-08,100.0,1.0,0.001,NaN,NaN,NaN,transformer,embedding,2
23147,23148,NaN,NaN,NaN,NaN,4.058873176574707,31.19574737548828,57.909019470214844,transformer,embedding,2
23152,23153,1.4061881437044121e-08,100.0,1.0,0.001,NaN,NaN,NaN,transformer,embedding,2
23383,23384,1.2462500365018059e-08,100.0,1.0,0.001,NaN,NaN,NaN,transformer,embedding,2
23609,23610,NaN,NaN,NaN,NaN,4.045163154602051,31.17803382873535,57.120506286621094,transformer,embedding,2
23616,23617,2.248634167756336e-08,100.0,1.0,0.001,NaN,NaN,NaN,transformer,embedding,2
23852,23853,2.1409530148730482e-08,100.0,1.0,0.001,NaN,NaN,NaN,transformer,embedding,2
24081,24082,NaN,NaN,NaN,NaN,4.049454212188721,31.213462829589844,57.36613845825195,transformer,embedding,2
24090,24091,1.1354019058273934e-08,100.0,1.0,0.001,NaN,NaN,NaN,transformer,embedding,2
24330,24331,1.4077716770088955e-08,100.0,1.0,0.001,NaN,NaN,NaN,transformer,embedding,2
24562,24563,NaN,NaN,NaN,NaN,4.069049835205078,31.16031837463379,58.50135040283203,transformer,embedding,2
24573,24574,1.160738616334811e-08,100.0,1.0,0.001,NaN,NaN,NaN,transformer,embedding,2
24818,24819,1.7213135805604907e-08,100.0,1.0,0.001,NaN,NaN,NaN,transformer,embedding,2
25053,25054,NaN,NaN,NaN,NaN,4.055426120758057,30.983169555664062,57.709747314453125,transformer,embedding,2
25066,25067,1.727647713778424e-08,100.0,1.0,0.001,NaN,NaN,NaN,transformer,embedding,2
25316,25317,3.803152867476456e-05,100.0,1.0000380277633667,0.001,NaN,NaN,NaN,transformer,embedding,2
25554,25555,NaN,NaN,NaN,NaN,15.839654922485352,20.24800682067871,7569631.5,transformer,embedding,2
25569,25570,8.910848805498972e-07,100.0,1.0000008344650269,0.001,NaN,NaN,NaN,transformer,embedding,2
25824,25825,9.289075109109035e-08,100.0,1.0000001192092896,0.001,NaN,NaN,NaN,transformer,embedding,2
26065,26066,NaN,NaN,NaN,NaN,15.376294136047363,21.310894012451172,4762551.5,transformer,embedding,2
26082,26083,1.1686563716750697e-08,100.0,1.0,0.001,NaN,NaN,NaN,transformer,embedding,2
26342,26343,7.93356136341572e-09,100.0,1.0,0.001,NaN,NaN,NaN,transformer,embedding,2
26586,26587,NaN,NaN,NaN,NaN,5.935328006744385,27.829936981201172,378.16400146484375,transformer,embedding,2
26605,26606,1.6563880933517794e-08,100.0,1.0,0.001,NaN,NaN,NaN,transformer,embedding,2
26871,26872,1.9160896869152566e-08,100.0,1.0,0.001,NaN,NaN,NaN,transformer,embedding,2
27117,27118,NaN,NaN,NaN,NaN,4.053750038146973,31.76262092590332,57.613101959228516,transformer,embedding,2
27139,27140,2.049107372670278e-08,100.0,1.0,0.001,NaN,NaN,NaN,transformer,embedding,2
27410,27411,7.601016704938957e-09,100.0,1.0,0.001,NaN,NaN,NaN,transformer,embedding,2
27659,27660,NaN,NaN,NaN,NaN,4.015214920043945,31.585474014282227,55.43520736694336,transformer,embedding,2
27684,27685,9.137055556607265e-09,100.0,1.0,0.001,NaN,NaN,NaN,transformer,embedding,2
27960,27961,1.5043680079429578e-08,100.0,1.0,0.001,NaN,NaN,NaN,transformer,embedding,2
28212,28213,NaN,NaN,NaN,NaN,4.011598110198975,31.532329559326172,55.23507308959961,transformer,embedding,2
28239,28240,3.206679011213964e-08,100.0,1.0,0.001,NaN,NaN,NaN,transformer,embedding,2
28521,28522,1.908171931574998e-08,100.0,1.0,0.001,NaN,NaN,NaN,transformer,embedding,2
28776,28777,NaN,NaN,NaN,NaN,13.418403625488281,23.082372665405273,672262.125,transformer,embedding,2
28806,28807,6.48884963538876e-07,100.0,1.0000005960464478,0.001,NaN,NaN,NaN,transformer,embedding,2
29094,29095,5.412557513295724e-08,100.0,1.0,0.001,NaN,NaN,NaN,transformer,embedding,2
29351,29352,NaN,NaN,NaN,NaN,13.043535232543945,24.233835220336914,462099.375,transformer,embedding,2
29384,29385,4.766470773631681e-09,100.0,1.0,0.001,NaN,NaN,NaN,transformer,embedding,2
29677,29678,5.241534317690366e-09,100.0,1.0,0.001,NaN,NaN,NaN,transformer,embedding,2
29938,29939,NaN,NaN,NaN,NaN,4.24702262878418,31.851194381713867,69.8969955444336,transformer,embedding,2
29973,29974,1.7941566454737767e-08,100.0,1.0,0.001,NaN,NaN,NaN,transformer,embedding,2
30272,30273,1.8416629998796452e-08,100.0,1.0,0.001,NaN,NaN,NaN,transformer,embedding,2
30536,30537,NaN,NaN,NaN,NaN,4.017098426818848,31.904338836669922,55.53971862792969,transformer,embedding,2
30574,30575,7.996903583773474e-09,100.0,1.0,0.001,NaN,NaN,NaN,transformer,embedding,2
30879,30880,6.777573169358675e-09,100.0,1.0,0.001,NaN,NaN,NaN,transformer,embedding,2
31146,31147,NaN,NaN,NaN,NaN,17.12946128845215,21.364038467407227,27493530.0,transformer,embedding,2
31187,31188,4.5651788127543114e-07,100.0,1.0000004768371582,0.001,NaN,NaN,NaN,transformer,embedding,2
31498,31499,2.8092092207998576e-08,100.0,1.0,0.001,NaN,NaN,NaN,transformer,embedding,2
31768,31769,NaN,NaN,NaN,NaN,15.872371673583984,22.745792388916016,7821381.0,transformer,embedding,2
31812,31813,4.053875901632864e-09,100.0,1.0,0.001,NaN,NaN,NaN,transformer,embedding,2
32130,32131,6.096648963449525e-09,100.0,1.0,0.001,NaN,NaN,NaN,transformer,embedding,2
32403,32404,NaN,NaN,NaN,NaN,4.104682445526123,31.815765380859375,60.62348937988281,transformer,embedding,2
32451,32452,6.920092499029806e-09,100.0,1.0,0.001,NaN,NaN,NaN,transformer,embedding,2
32775,32776,1.5851288281965026e-08,100.0,1.0,0.001,NaN,NaN,NaN,transformer,embedding,2
33051,33052,NaN,NaN,NaN,NaN,16.8024959564209,21.6297607421875,19825826.0,transformer,embedding,2
33102,33103,1.0281427194058779e-06,100.0,1.000001072883606,0.001,NaN,NaN,NaN,transformer,embedding,2
33433,33434,5.4014723360751304e-08,100.0,1.0,0.001,NaN,NaN,NaN,transformer,embedding,2
33712,33713,NaN,NaN,NaN,NaN,16.343358993530273,22.356067657470703,12526526.0,transformer,embedding,2
33767,33768,3.4204576948582144e-09,100.0,1.0,0.001,NaN,NaN,NaN,transformer,embedding,2
34104,34105,4.3230783397518735e-09,100.0,1.0,0.001,NaN,NaN,NaN,transformer,embedding,2
34386,34387,NaN,NaN,NaN,NaN,4.22611665725708,31.744905471801758,68.45089721679688,transformer,embedding,2
34445,34446,1.650053960133846e-08,100.0,1.0,0.001,NaN,NaN,NaN,transformer,embedding,2
34789,34790,1.5518742957354448e-09,100.0,1.0,0.001,NaN,NaN,NaN,transformer,embedding,2
35073,35074,NaN,NaN,NaN,NaN,16.124736785888672,20.992027282714844,10066632.0,transformer,embedding,2
35136,35137,2.8291572107264074e-07,100.0,1.000000238418579,0.001,NaN,NaN,NaN,transformer,embedding,2
35487,35488,1.1211499284513593e-08,100.0,1.0,0.001,NaN,NaN,NaN,transformer,embedding,2
35774,35775,NaN,NaN,NaN,NaN,13.332858085632324,22.993799209594727,617144.25,transformer,embedding,2
35841,35842,3.2304321440079775e-09,100.0,1.0,0.001,NaN,NaN,NaN,transformer,embedding,2
36199,36200,1.2731702803137068e-08,100.0,1.0,0.001,NaN,NaN,NaN,transformer,embedding,2
36489,36490,NaN,NaN,NaN,NaN,3.9462878704071045,32.22320556640625,51.74293518066406,transformer,embedding,2
36560,36561,3.141753524005253e-08,100.0,1.0,0.001,NaN,NaN,NaN,transformer,embedding,2
36925,36926,3.51863711500755e-08,100.0,1.0,0.001,NaN,NaN,NaN,transformer,embedding,2
37218,37219,NaN,NaN,NaN,NaN,21.29753303527832,21.009742736816406,1775828736.0,transformer,embedding,2
37294,37295,4.5057601028020144e-07,100.0,1.0000004768371582,0.001,NaN,NaN,NaN,transformer,embedding,2
37666,37667,1.637385693697979e-08,100.0,1.0,0.001,NaN,NaN,NaN,transformer,embedding,2
37962,37963,NaN,NaN,NaN,NaN,19.999723434448242,21.718334197998047,485031040.0,transformer,embedding,2
38042,38043,2.3278112770697135e-09,100.0,1.0,0.001,NaN,NaN,NaN,transformer,embedding,2
38422,38423,8.503636905743406e-09,100.0,1.0,0.001,NaN,NaN,NaN,transformer,embedding,2
38721,38722,NaN,NaN,NaN,NaN,4.023386478424072,31.922054290771484,55.89005661010742,transformer,embedding,2
38806,38807,1.8194933559811943e-08,100.0,1.0,0.001,NaN,NaN,NaN,transformer,embedding,2
39194,39195,2.6999444457942445e-08,100.0,1.0,0.001,NaN,NaN,NaN,transformer,embedding,2
39495,39496,NaN,NaN,NaN,NaN,13.056761741638184,24.375553131103516,468251.9375,transformer,embedding,2
39585,39586,6.947011854663288e-08,100.0,1.0000001192092896,0.001,NaN,NaN,NaN,transformer,embedding,2
39980,39981,3.3887865846793375e-09,100.0,1.0,0.001,NaN,NaN,NaN,transformer,embedding,2
40284,40285,NaN,NaN,NaN,NaN,6.69192361831665,28.201948165893555,805.8709716796875,transformer,embedding,2
40379,40380,1.3222602568419006e-08,100.0,1.0,0.001,NaN,NaN,NaN,transformer,embedding,2
40782,40783,1.8155764109906158e-06,100.0,1.0000017881393433,0.001,NaN,NaN,NaN,transformer,embedding,2
41089,41090,NaN,NaN,NaN,NaN,20.17888832092285,20.868024826049805,580202816.0,transformer,embedding,2
41189,41190,2.4291582079172258e-08,100.0,1.0,0.001,NaN,NaN,NaN,transformer,embedding,2
41600,41601,3.0087357050234687e-09,100.0,1.0,0.001,NaN,NaN,NaN,transformer,embedding,2
41910,41911,NaN,NaN,NaN,NaN,6.865696907043457,27.511070251464844,958.8137817382812,transformer,embedding,2
42016,42017,1.4093552103133788e-08,100.0,1.0,0.001,NaN,NaN,NaN,transformer,embedding,2
42436,42437,1.2969198337486887e-07,100.0,1.0000001192092896,0.001,NaN,NaN,NaN,transformer,embedding,2
42748,42749,NaN,NaN,NaN,NaN,17.84116554260254,22.33835220336914,56016988.0,transformer,embedding,2
42860,42861,3.3571156965450655e-09,100.0,1.0,0.001,NaN,NaN,NaN,transformer,embedding,2
43288,43289,4.465597225333795e-09,100.0,1.0,0.001,NaN,NaN,NaN,transformer,embedding,2
43602,43603,NaN,NaN,NaN,NaN,4.245283603668213,31.957483291625977,69.77554321289062,transformer,embedding,2
43720,43721,1.1544043942990356e-08,100.0,1.0,0.001,NaN,NaN,NaN,transformer,embedding,2
44157,44158,9.86863781804459e-08,100.0,1.0000001192092896,0.001,NaN,NaN,NaN,transformer,embedding,2
44474,44475,NaN,NaN,NaN,NaN,26.95644187927246,21.541187286376953,509370695680.0,transformer,embedding,2
44598,44599,1.7894060677647872e-09,100.0,1.0,0.001,NaN,NaN,NaN,transformer,embedding,2
45043,45044,4.133052566857032e-09,100.0,1.0,0.001,NaN,NaN,NaN,transformer,embedding,2
45363,45364,NaN,NaN,NaN,NaN,4.403932094573975,31.142602920532227,81.77177429199219,transformer,embedding,2
45493,45494,0.0012385089648887515,99.94686126708984,1.00123929977417,0.001,NaN,NaN,NaN,transformer,embedding,2
45947,45948,9.374587328636608e-09,100.0,1.0,0.001,NaN,NaN,NaN,transformer,embedding,2
46270,46271,NaN,NaN,NaN,NaN,22.850481033325195,21.84233856201172,8391465472.0,transformer,embedding,2
46406,46407,2.6920268236807487e-09,100.0,1.0,0.001,NaN,NaN,NaN,transformer,embedding,2
46870,46871,1.7989073342050688e-08,100.0,1.0,0.001,NaN,NaN,NaN,transformer,embedding,2
47195,47196,NaN,NaN,NaN,NaN,21.49520492553711,22.373781204223633,2163958272.0,transformer,embedding,2
47338,47339,8.049151745126437e-08,100.0,1.0000001192092896,0.001,NaN,NaN,NaN,transformer,embedding,2
47811,47812,1.9160897313241776e-09,100.0,1.0,0.001,NaN,NaN,NaN,transformer,embedding,2
48138,48139,NaN,NaN,NaN,NaN,11.611798286437988,24.7475643157959,110392.5859375,transformer,embedding,2
48289,48290,8.804510898130502e-09,100.0,1.0,0.001,NaN,NaN,NaN,transformer,embedding,2
48771,48772,3.205544203410682e-07,100.0,1.0000003576278687,0.001,NaN,NaN,NaN,transformer,embedding,2
49100,49101,NaN,NaN,NaN,NaN,14.975227355957031,24.605844497680664,3189030.0,transformer,embedding,2
49258,49259,3.7054956880666623e-09,100.0,1.0,0.001,NaN,NaN,NaN,transformer,embedding,2
49750,49751,1.4251906321760544e-08,100.0,1.0,0.001,NaN,NaN,NaN,transformer,embedding,2
50081,50082,NaN,NaN,NaN,NaN,4.159514904022217,32.294063568115234,64.04045104980469,transformer,embedding,2
50247,50248,0.00010572779865469784,100.0,1.0001057386398315,0.001,NaN,NaN,NaN,transformer,embedding,2
50749,50750,7.157624271059149e-09,100.0,1.0,0.001,NaN,NaN,NaN,transformer,embedding,2
51082,51083,NaN,NaN,NaN,NaN,19.176759719848633,22.621788024902344,212990848.0,transformer,embedding,2
51256,51257,3.562976580440136e-09,100.0,1.0,0.001,NaN,NaN,NaN,transformer,embedding,2
51768,51769,1.5835452740753375e-11,100.0,1.0,0.001,NaN,NaN,NaN,transformer,embedding,2
52103,52104,NaN,NaN,NaN,NaN,5.45932674407959,32.01062774658203,234.93919372558594,transformer,embedding,2
52285,52286,5.088197099212266e-07,100.0,1.0000004768371582,0.001,NaN,NaN,NaN,transformer,embedding,2
52807,52808,1.8210769558990592e-09,100.0,1.0,0.001,NaN,NaN,NaN,transformer,embedding,2
53145,53146,NaN,NaN,NaN,NaN,14.058700561523438,23.15323257446289,1275310.875,transformer,embedding,2
53335,53336,1.092646151334975e-08,100.0,1.0,0.001,NaN,NaN,NaN,transformer,embedding,2
53868,53869,1.108481639811032e-10,100.0,1.0,0.001,NaN,NaN,NaN,transformer,embedding,2
54207,54208,NaN,NaN,NaN,NaN,22.31938934326172,21.594331741333008,4933869056.0,transformer,embedding,2
54406,54407,2.2644691455298016e-08,100.0,1.0,0.001,NaN,NaN,NaN,transformer,embedding,2
54950,54951,2.090279505040371e-09,100.0,1.0,0.001,NaN,NaN,NaN,transformer,embedding,2
55291,55292,NaN,NaN,NaN,NaN,5.242343902587891,29.689990997314453,189.1128387451172,transformer,embedding,2
55499,55500,3.800508519002932e-10,100.0,1.0,0.001,NaN,NaN,NaN,transformer,embedding,2
56053,56054,6.348425785063228e-08,100.0,1.0000001192092896,0.001,NaN,NaN,NaN,transformer,embedding,2
56396,56397,NaN,NaN,NaN,NaN,21.607484817504883,22.69264793395996,2421092864.0,transformer,embedding,2
56613,56614,1.6627224042053967e-09,100.0,1.0,0.001,NaN,NaN,NaN,transformer,embedding,2
57179,57180,2.0776111497866623e-08,100.0,1.0,0.001,NaN,NaN,NaN,transformer,embedding,2
57523,57524,NaN,NaN,NaN,NaN,4.0918803215026855,32.43578338623047,59.85232925415039,transformer,embedding,2
57750,57751,0.0013073408044874668,99.94686126708984,1.0013082027435303,0.001,NaN,NaN,NaN,transformer,embedding,2
58327,58328,1.8844188431899056e-09,100.0,1.0,0.001,NaN,NaN,NaN,transformer,embedding,2
58673,58674,NaN,NaN,NaN,NaN,27.277801513671875,21.87776756286621,702422908928.0,transformer,embedding,2
58910,58911,3.5471412473953023e-09,100.0,1.0,0.001,NaN,NaN,NaN,transformer,embedding,2
59499,59500,2.0332596761818422e-07,100.0,1.000000238418579,0.001,NaN,NaN,NaN,transformer,embedding,2
59846,59847,NaN,NaN,NaN,NaN,22.747377395629883,22.65721893310547,7569382912.0,transformer,embedding,2
60093,60094,2.1694568363983535e-09,100.0,1.0,0.001,NaN,NaN,NaN,transformer,embedding,2
60693,60694,0.0014659927692264318,99.92029571533203,1.0014671087265015,0.001,NaN,NaN,NaN,transformer,embedding,2
61042,61043,NaN,NaN,NaN,NaN,28.571409225463867,22.320636749267578,2560975175680.0,transformer,embedding,2
61299,61300,1.1084815287887295e-09,100.0,1.0,0.001,NaN,NaN,NaN,transformer,embedding,2
61911,61912,1.7165628918291986e-08,100.0,1.0,0.001,NaN,NaN,NaN,transformer,embedding,2
62262,62263,NaN,NaN,NaN,NaN,26.516096115112305,21.009742736816406,327939883008.0,transformer,embedding,2
62530,62531,2.220129502461532e-08,100.0,1.0,0.001,NaN,NaN,NaN,transformer,embedding,2
63155,63156,2.8503812643521087e-09,100.0,1.0,0.001,NaN,NaN,NaN,transformer,embedding,2
63507,63508,NaN,NaN,NaN,NaN,9.42342758178711,24.269264221191406,12374.92578125,transformer,embedding,2
63786,63787,3.0103176840157175e-08,100.0,1.0,0.001,NaN,NaN,NaN,transformer,embedding,2
64423,64424,2.7870394880835647e-09,100.0,1.0,0.001,NaN,NaN,NaN,transformer,embedding,2
64777,64778,NaN,NaN,NaN,NaN,5.030364036560059,29.760848999023438,152.9886932373047,transformer,embedding,2
65067,65068,5.266864633313162e-08,100.0,1.0,0.001,NaN,NaN,NaN,transformer,embedding,2
65717,65718,2.866216819441547e-09,100.0,1.0,0.001,NaN,NaN,NaN,transformer,embedding,2
66072,66073,NaN,NaN,NaN,NaN,5.363525390625,28.804250717163086,213.47621154785156,transformer,embedding,2
66374,66375,2.9628093756173257e-08,100.0,1.0,0.001,NaN,NaN,NaN,transformer,embedding,2
67037,67038,2.7553685999492927e-09,100.0,1.0,0.001,NaN,NaN,NaN,transformer,embedding,2
67393,67394,NaN,NaN,NaN,NaN,5.5054731369018555,28.520814895629883,246.0348358154297,transformer,embedding,2
67707,67708,2.6777716044534827e-08,100.0,1.0,0.001,NaN,NaN,NaN,transformer,embedding,2
68384,68385,1.9477606194584496e-09,100.0,1.0,0.001,NaN,NaN,NaN,transformer,embedding,2
68740,68741,NaN,NaN,NaN,NaN,5.809015274047852,27.865367889404297,333.290771484375,transformer,embedding,2
69067,69068,0.0066555398516356945,99.70775604248047,1.0066777467727661,0.001,NaN,NaN,NaN,transformer,embedding,2
69757,69758,1.203494304213848e-09,100.0,1.0,0.001,NaN,NaN,NaN,transformer,embedding,2
70114,70115,NaN,NaN,NaN,NaN,11.852222442626953,23.418954849243164,140396.015625,transformer,embedding,2
70454,70455,1.4948666304803737e-08,100.0,1.0,0.001,NaN,NaN,NaN,transformer,embedding,2
71158,71159,2.4861659397856783e-09,100.0,1.0,0.001,NaN,NaN,NaN,transformer,embedding,2
71516,71517,NaN,NaN,NaN,NaN,28.172115325927734,22.56864356994629,1717885599744.0,transformer,embedding,2
71869,71870,1.350764033958285e-08,100.0,1.0,0.001,NaN,NaN,NaN,transformer,embedding,2
72587,72588,1.4885324084445983e-09,100.0,1.0,0.001,NaN,NaN,NaN,transformer,embedding,2
72946,72947,NaN,NaN,NaN,NaN,23.414751052856445,22.940654754638672,14753571840.0,transformer,embedding,2
73312,73313,8.915359117622756e-09,100.0,1.0,0.001,NaN,NaN,NaN,transformer,embedding,2
74045,74046,2.5811786041884943e-09,100.0,1.0,0.001,NaN,NaN,NaN,transformer,embedding,2
74404,74405,NaN,NaN,NaN,NaN,30.747173309326172,21.52347183227539,22559407996928.0,transformer,embedding,2
74785,74786,1.455278031414764e-08,100.0,1.0,0.001,NaN,NaN,NaN,transformer,embedding,2
75532,75533,8.234431803089137e-09,100.0,1.0,0.001,NaN,NaN,NaN,transformer,embedding,2
75892,75893,NaN,NaN,NaN,NaN,38.66709518432617,22.19663429260254,6.207347870190797e+16,transformer,embedding,2
76287,76288,8.076080248997641e-09,100.0,1.0,0.001,NaN,NaN,NaN,transformer,embedding,2
77049,77050,4.148887899901865e-09,100.0,1.0,0.001,NaN,NaN,NaN,transformer,embedding,2
77409,77410,NaN,NaN,NaN,NaN,39.217899322509766,21.222320556640625,1.0767559461489869e+17,transformer,embedding,2
77819,77820,1.228831081334647e-08,100.0,1.0,0.001,NaN,NaN,NaN,transformer,embedding,2
78597,78598,0.0,100.0,1.0,0.001,NaN,NaN,NaN,transformer,embedding,2
78957,78958,NaN,NaN,NaN,NaN,39.881431579589844,21.204605102539062,2.090670851400663e+17,transformer,embedding,2
79382,79383,1.3776842999746464e-09,100.0,1.0,0.001,NaN,NaN,NaN,transformer,embedding,2
80175,80176,0.003980182111263275,99.81402587890625,1.0039881467819214,0.001,NaN,NaN,NaN,transformer,embedding,2
80536,80537,NaN,NaN,NaN,NaN,45.637542724609375,20.868024826049805,6.608957686375514e+19,transformer,embedding,2
80976,80977,1.5993806279368528e-09,100.0,1.0,0.001,NaN,NaN,NaN,transformer,embedding,2
81785,81786,0.013019273057579994,99.4952163696289,1.0131044387817383,0.001,NaN,NaN,NaN,transformer,embedding,2
82146,82147,NaN,NaN,NaN,NaN,50.707176208496094,20.425153732299805,1.0515908507609829e+22,transformer,embedding,2
82602,82603,6.809244279537552e-10,100.0,1.0,0.001,NaN,NaN,NaN,transformer,embedding,2
83428,83429,1.42519065993163e-10,100.0,1.0,0.001,NaN,NaN,NaN,transformer,embedding,2
83788,83789,NaN,NaN,NaN,NaN,52.87211608886719,20.850309371948242,9.163645298596588e+22,transformer,embedding,2
84262,84263,4.592280999915488e-10,100.0,1.0,0.001,NaN,NaN,NaN,transformer,embedding,2
85104,85105,1.1559871282429413e-08,100.0,1.0,0.001,NaN,NaN,NaN,transformer,embedding,2
85463,85464,NaN,NaN,NaN,NaN,51.263607025146484,20.779449462890625,1.8344322085083985e+22,transformer,embedding,2
85955,85956,6.650889616821587e-09,100.0,1.0,0.001,NaN,NaN,NaN,transformer,embedding,2
86814,86815,3.214596366873934e-09,100.0,1.0,0.001,NaN,NaN,NaN,transformer,embedding,2
87172,87173,NaN,NaN,NaN,NaN,58.30405044555664,20.389724731445312,2.094726710234815e+25,transformer,embedding,2
87682,87683,3.763302913739608e-07,100.0,1.0000003576278687,0.001,NaN,NaN,NaN,transformer,embedding,2
88558,88559,7.442662042222992e-10,100.0,1.0,0.001,NaN,NaN,NaN,transformer,embedding,2
88915,88916,NaN,NaN,NaN,NaN,7.721892356872559,25.048715591430664,2257.22705078125,transformer,embedding,2
89443,89444,9.856572660282836e-07,100.0,1.0000009536743164,0.001,NaN,NaN,NaN,transformer,embedding,2
90337,90338,1.995266840637555e-09,100.0,1.0,0.001,NaN,NaN,NaN,transformer,embedding,2
90693,90694,NaN,NaN,NaN,NaN,5.9499192237854,27.635074615478516,383.72235107421875,transformer,embedding,2
91240,91241,4.402255449065251e-09,100.0,1.0,0.001,NaN,NaN,NaN,transformer,embedding,2
92152,92153,1.4125222769223456e-08,100.0,1.0,0.001,NaN,NaN,NaN,transformer,embedding,2
92506,92507,NaN,NaN,NaN,NaN,10.189163208007812,27.050487518310547,26613.216796875,transformer,embedding,2
93073,93074,6.49253484308332e-10,100.0,1.0,0.001,NaN,NaN,NaN,transformer,embedding,2
94003,94004,0.008131872862577438,99.78746032714844,1.0081650018692017,0.001,NaN,NaN,NaN,transformer,embedding,2
94356,94357,NaN,NaN,NaN,NaN,63.36801528930664,20.95659828186035,3.314204906786461e+27,transformer,embedding,2
94943,94944,1.124317083878168e-09,100.0,1.0,0.001,NaN,NaN,NaN,transformer,embedding,2
95892,95893,2.6920268236807487e-09,100.0,1.0,0.001,NaN,NaN,NaN,transformer,embedding,2
96243,96244,NaN,NaN,NaN,NaN,51.683048248291016,20.70859146118164,2.7903756103832868e+22,transformer,embedding,2
96850,96851,0.0,100.0,1.0,0.001,NaN,NaN,NaN,transformer,embedding,2
97818,97819,6.967598720208912e-10,100.0,1.0,0.001,NaN,NaN,NaN,transformer,embedding,2
98167,98168,NaN,NaN,NaN,NaN,19.230438232421875,20.797164916992188,224736288.0,transformer,embedding,2
98796,98797,3.4046212515903562e-09,100.0,1.0,0.001,NaN,NaN,NaN,transformer,embedding,2
99783,99784,1.5392059182772755e-08,100.0,1.0,0.001,NaN,NaN,NaN,transformer,embedding,2
