epoch,global_step,train_loss,train_accuracy,train_perplexity,learning_rate,val_loss,val_accuracy,val_perplexity,model_type,encoding
0,10,5.419791221618652,1.2542517185211182,225.83197021484375,0.001,5.190157413482666,0.8076514005661011,179.49681091308594,mlp,embedding
1,20,5.008173942565918,1.1904761791229248,149.63125610351562,0.001,4.85263729095459,0.9351752996444702,128.07772827148438,mlp,embedding
2,30,4.718875885009766,0.9778911471366882,112.042236328125,0.001,4.708328723907471,0.9139213562011719,110.86671447753906,mlp,embedding
3,40,4.6151909828186035,1.1267006397247314,101.00711822509766,0.001,4.690454006195068,0.9139213562011719,108.9026107788086,mlp,embedding
4,50,4.5900397300720215,1.3392857313156128,98.49834442138672,0.001,4.710161209106445,0.701381504535675,111.07006072998047,mlp,embedding
5,60,4.573668956756592,1.4243197441101074,96.89897918701172,0.001,4.704302787780762,0.31880977749824524,110.42127227783203,mlp,embedding
6,70,4.548959255218506,1.7006802558898926,94.53397369384766,0.001,4.73167610168457,0.3825717270374298,113.4856185913086,mlp,embedding
7,80,4.535000801086426,1.8069727420806885,93.22358703613281,0.001,4.7570013999938965,0.23379382491111755,116.39637756347656,mlp,embedding
8,90,4.524254322052002,2.062074899673462,92.22712707519531,0.001,4.762662887573242,0.12752391397953033,117.05722045898438,mlp,embedding
9,100,4.508242607116699,2.062074899673462,90.76217651367188,0.001,4.791071891784668,0.21253985166549683,120.43038940429688,mlp,embedding
10,110,4.502096176147461,2.253401279449463,90.20602416992188,0.001,4.814598083496094,0.23379382491111755,123.29724884033203,mlp,embedding
11,120,4.485600471496582,2.6147959232330322,88.73021697998047,0.001,4.822708606719971,0.17003187537193298,124.30131530761719,mlp,embedding
12,130,4.468554973602295,2.6573128700256348,87.23058319091797,0.001,4.85451078414917,0.17003187537193298,128.31790161132812,mlp,embedding
13,140,4.445789813995361,2.465986490249634,85.26719665527344,0.001,4.889786720275879,0.12752391397953033,132.9252166748047,mlp,embedding
14,150,4.443349838256836,2.93367338180542,85.05940246582031,0.001,4.901523590087891,0.12752391397953033,134.49453735351562,mlp,embedding
15,160,4.424021244049072,3.125,83.43110656738281,0.001,4.936285972595215,0.10626992583274841,139.25210571289062,mlp,embedding
16,170,4.407832145690918,3.401360511779785,82.09130859375,0.001,4.95922327041626,0.08501593768596649,142.4830780029297,mlp,embedding
17,180,4.377203941345215,3.0612244606018066,79.6151123046875,0.001,4.996921062469482,0.06376195698976517,147.9569091796875,mlp,embedding
18,190,4.362761497497559,2.9974489212036133,78.47354125976562,0.001,5.0257248878479,0.08501593768596649,152.28060913085938,mlp,embedding
19,200,4.33709192276001,4.017857074737549,76.48479461669922,0.001,5.053147315979004,0.17003187537193298,156.51429748535156,mlp,embedding
20,210,4.317611217498779,3.9540815353393555,75.00923156738281,0.001,5.095502853393555,0.06376195698976517,163.2859344482422,mlp,embedding
21,220,4.297232151031494,4.187925338745117,73.49608612060547,0.001,5.138823986053467,0.14877788722515106,170.51512145996094,mlp,embedding
22,230,4.269537925720215,4.825680255889893,71.48859405517578,0.001,5.1765899658203125,0.042507968842983246,177.07794189453125,mlp,embedding
23,240,4.229085922241211,4.761904716491699,68.65444946289062,0.001,5.244264125823975,0.042507968842983246,189.47633361816406,mlp,embedding
24,250,4.200709819793701,5.399659633636475,66.73368072509766,0.001,5.281829357147217,0.021253984421491623,196.72943115234375,mlp,embedding
25,260,4.17946195602417,5.144557476043701,65.33069610595703,0.001,5.310301780700684,0.042507968842983246,202.4113006591797,mlp,embedding
26,270,4.1431732177734375,5.590986251831055,63.00242614746094,0.001,5.390888214111328,0.042507968842983246,219.39817810058594,mlp,embedding
27,280,4.104864120483398,6.441326141357422,60.63450622558594,0.001,5.459538459777832,0.06376195698976517,234.9889373779297,mlp,embedding
28,290,4.075165271759033,6.3775506019592285,58.860206604003906,0.001,5.447628974914551,0.042507968842983246,232.20693969726562,mlp,embedding
29,300,4.025820255279541,7.249149322509766,56.0262451171875,0.001,5.5589447021484375,0.021253984421491623,259.5487976074219,mlp,embedding
30,310,3.968614101409912,8.482142448425293,52.91115188598633,0.001,5.580687522888184,0.042507968842983246,265.25390625,mlp,embedding
31,320,3.928659439086914,9.523809432983398,50.83877944946289,0.001,5.663553714752197,0.042507968842983246,288.1708984375,mlp,embedding
32,330,3.8901238441467285,9.54506778717041,48.91694259643555,0.001,5.721378803253174,0.042507968842983246,305.32562255859375,mlp,embedding
33,340,3.8438570499420166,10.79931926727295,46.70527267456055,0.001,5.7672648429870605,0.021253984421491623,319.6622009277344,mlp,embedding
34,350,3.7744767665863037,12.096088409423828,43.574703216552734,0.001,5.893110275268555,0.0,362.5310974121094,mlp,embedding
35,360,3.7399463653564453,11.840986251831055,42.095733642578125,0.001,5.915327548980713,0.021253984421491623,370.6756896972656,mlp,embedding
36,370,3.697510004043579,13.371598243713379,40.346717834472656,0.001,5.972359657287598,0.021253984421491623,392.4305725097656,mlp,embedding
37,380,3.627269983291626,14.51955795288086,37.61000061035156,0.001,6.058165073394775,0.021253984421491623,427.5901184082031,mlp,embedding
38,390,3.5738000869750977,15.24234676361084,35.651817321777344,0.001,6.139723777770996,0.06376195698976517,463.9254150390625,mlp,embedding
39,400,3.4891626834869385,16.85799217224121,32.758506774902344,0.001,6.2114644050598145,0.0,498.4306335449219,mlp,embedding
40,410,3.4336748123168945,18.835033416748047,30.990318298339844,0.001,6.2739739418029785,0.021253984421491623,530.5816650390625,mlp,embedding
41,420,3.3830814361572266,19.919218063354492,29.461414337158203,0.001,6.299205780029297,0.021253984421491623,544.1395874023438,mlp,embedding
42,430,3.299447536468506,21.343536376953125,27.09766387939453,0.001,6.4499640464782715,0.021253984421491623,632.6795654296875,mlp,embedding
43,440,3.218106508255005,23.596939086914062,24.98077392578125,0.001,6.460720062255859,0.042507968842983246,639.5213623046875,mlp,embedding
44,450,3.1324925422668457,25.55272102355957,22.93106460571289,0.001,6.61086368560791,0.021253984421491623,743.1245727539062,mlp,embedding
45,460,3.0697453022003174,27.63605308532715,21.53641700744629,0.001,6.65696907043457,0.021253984421491623,778.188720703125,mlp,embedding
46,470,2.984365463256836,29.209182739257812,19.773950576782227,0.001,6.722633361816406,0.0,831.0029907226562,mlp,embedding
47,480,2.8958985805511475,31.016155242919922,18.09975814819336,0.001,6.903876781463623,0.0,996.1290283203125,mlp,embedding
48,490,2.8367483615875244,32.78061294555664,17.06020164489746,0.001,7.001397132873535,0.0,1098.1663818359375,mlp,embedding
49,500,2.7535674571990967,35.31037139892578,15.698535919189453,0.001,7.0613789558410645,0.021253984421491623,1166.052001953125,mlp,embedding
50,510,2.668675184249878,36.9472770690918,14.420851707458496,0.001,7.117441654205322,0.042507968842983246,1233.291259765625,mlp,embedding
51,520,2.59075665473938,39.15816116333008,13.339861869812012,0.001,7.335470676422119,0.0,1533.74951171875,mlp,embedding
52,530,2.538283348083496,39.09438705444336,12.657922744750977,0.001,7.343306541442871,0.06376195698976517,1545.81494140625,mlp,embedding
53,540,2.4301345348358154,43.53741455078125,11.360410690307617,0.001,7.518619537353516,0.021253984421491623,1842.022705078125,mlp,embedding
54,550,2.347209930419922,45.34438705444336,10.456355094909668,0.001,7.549936294555664,0.021253984421491623,1900.6217041015625,mlp,embedding
55,560,2.24543833732605,49.2772102355957,9.444554328918457,0.001,7.692066192626953,0.042507968842983246,2190.896728515625,mlp,embedding
56,570,2.2134060859680176,48.7244873046875,9.146818161010742,0.001,7.743081569671631,0.042507968842983246,2305.566162109375,mlp,embedding
57,580,2.125967264175415,50.91411590576172,8.381000518798828,0.001,7.810096263885498,0.042507968842983246,2465.36767578125,mlp,embedding
58,590,2.0160062313079834,54.613094329833984,7.508278846740723,0.001,7.95643424987793,0.042507968842983246,2853.878662109375,mlp,embedding
59,600,1.9407473802566528,56.29251480102539,6.963953971862793,0.001,8.078776359558105,0.021253984421491623,3225.2841796875,mlp,embedding
60,610,1.8548145294189453,58.779762268066406,6.390512943267822,0.001,8.135208129882812,0.021253984421491623,3412.5263671875,mlp,embedding
61,620,1.7640604972839355,61.692176818847656,5.836086750030518,0.001,8.303485870361328,0.042507968842983246,4037.923583984375,mlp,embedding
62,630,1.6780681610107422,63.988094329833984,5.35520076751709,0.001,8.377586364746094,0.042507968842983246,4348.50048828125,mlp,embedding
63,640,1.6310267448425293,65.49745178222656,5.1091179847717285,0.001,8.562339782714844,0.042507968842983246,5230.90625,mlp,embedding
64,650,1.5583701133728027,67.17687225341797,4.751071453094482,0.001,8.639345169067383,0.042507968842983246,5649.62890625,mlp,embedding
65,660,1.4721617698669434,69.28146362304688,4.358647346496582,0.001,8.857029914855957,0.08501593768596649,7023.59130859375,mlp,embedding
66,670,1.4059720039367676,71.57737731933594,4.0794901847839355,0.001,8.865152359008789,0.06376195698976517,7080.8720703125,mlp,embedding
67,680,1.3312604427337646,73.36309051513672,3.7858121395111084,0.001,9.090917587280273,0.08501593768596649,8874.3251953125,mlp,embedding
68,690,1.2530782222747803,76.33928680419922,3.501103639602661,0.001,9.186174392700195,0.08501593768596649,9761.236328125,mlp,embedding
69,700,1.1701401472091675,77.99744415283203,3.2224442958831787,0.001,9.263388633728027,0.06376195698976517,10544.8056640625,mlp,embedding
70,710,1.1216169595718384,79.44302368164062,3.0698139667510986,0.001,9.438369750976562,0.06376195698976517,12561.22265625,mlp,embedding
71,720,1.0492490530014038,81.6751708984375,2.85550594329834,0.001,9.549139022827148,0.06376195698976517,14032.607421875,mlp,embedding
72,730,1.0123659372329712,81.90901184082031,2.7521045207977295,0.001,9.629490852355957,0.08501593768596649,15206.69140625,mlp,embedding
73,740,0.9308978915214539,85.33163452148438,2.536785840988159,0.001,9.799785614013672,0.08501593768596649,18029.87890625,mlp,embedding
74,750,0.8528769612312317,87.39370727539062,2.3463876247406006,0.001,10.005529403686523,0.08501593768596649,22148.595703125,mlp,embedding
75,760,0.8354511857032776,87.22364044189453,2.305854082107544,0.001,10.026934623718262,0.08501593768596649,22627.802734375,mlp,embedding
76,770,0.7686049342155457,89.24319458007812,2.1567554473876953,0.001,10.238791465759277,0.08501593768596649,27967.306640625,mlp,embedding
77,780,0.7308913469314575,90.32737731933594,2.0769309997558594,0.001,10.3927640914917,0.08501593768596649,32622.71484375,mlp,embedding
78,790,0.6869282722473145,90.71002960205078,1.9876008033752441,0.001,10.516674041748047,0.06376195698976517,36926.10546875,mlp,embedding
79,800,0.6245396137237549,92.70832824707031,1.867385983467102,0.001,10.721305847167969,0.08501593768596649,45311.03515625,mlp,embedding
80,810,0.5797934532165527,93.53741455078125,1.7856695652008057,0.001,10.78100872039795,0.08501593768596649,48098.6171875,mlp,embedding
81,820,0.5054137706756592,95.72703552246094,1.657671332359314,0.001,10.923879623413086,0.10626992583274841,55485.64453125,mlp,embedding
82,830,0.4699555039405823,96.36479187011719,1.599923014640808,0.001,11.107671737670898,0.08501593768596649,66680.7578125,mlp,embedding
83,840,0.442939430475235,96.74744415283203,1.557278037071228,0.001,11.35305404663086,0.10626992583274841,85225.3359375,mlp,embedding
84,850,0.42085981369018555,96.98129272460938,1.5232707262039185,0.001,11.366800308227539,0.08501593768596649,86404.953125,mlp,embedding
85,860,0.37172576785087585,98.02295684814453,1.4502352476119995,0.001,11.573633193969727,0.06376195698976517,106258.828125,mlp,embedding
86,870,0.3317791223526001,98.70323181152344,1.3934450149536133,0.001,11.712030410766602,0.10626992583274841,122031.0,mlp,embedding
87,880,0.2959471642971039,99.1283950805664,1.344399094581604,0.001,11.86253547668457,0.14877788722515106,141851.421875,mlp,embedding
88,890,0.2726450562477112,99.48979187011719,1.3134340047836304,0.001,12.034040451049805,0.12752391397953033,168390.40625,mlp,embedding
89,900,0.25034603476524353,99.61734771728516,1.2844698429107666,0.001,12.26728630065918,0.14877788722515106,212625.203125,mlp,embedding
90,910,0.2264164388179779,99.70237731933594,1.254097819328308,0.001,12.37814998626709,0.12752391397953033,237553.9375,mlp,embedding
91,920,0.2071872353553772,99.80867004394531,1.230212926864624,0.001,12.51510238647461,0.06376195698976517,272420.5625,mlp,embedding
92,930,0.1875002533197403,99.89370727539062,1.2062305212020874,0.001,12.747329711914062,0.10626992583274841,343633.0625,mlp,embedding
93,940,0.16574092209339142,100.0,1.180267333984375,0.001,12.877359390258789,0.10626992583274841,391350.71875,mlp,embedding
94,950,0.14221644401550293,100.0,1.152826189994812,0.001,13.010014533996582,0.12752391397953033,446866.21875,mlp,embedding
95,960,0.12834544479846954,100.0,1.1369457244873047,0.001,13.177767753601074,0.12752391397953033,528484.0,mlp,embedding
96,970,0.1169668436050415,100.0,1.1240822076797485,0.001,13.356585502624512,0.12752391397953033,631962.625,mlp,embedding
97,980,0.11406713724136353,99.97874450683594,1.120827317237854,0.001,13.514159202575684,0.10626992583274841,739817.8125,mlp,embedding
98,990,0.10187910497188568,100.0,1.1072496175765991,0.001,13.65978717803955,0.10626992583274841,855795.875,mlp,embedding
99,1000,0.09115404635667801,100.0,1.09543776512146,0.001,13.839241981506348,0.14877788722515106,1024015.25,mlp,embedding
100,1010,0.08385713398456573,100.0,1.0874735116958618,0.001,14.047430992126465,0.10626992583274841,1261019.375,mlp,embedding
101,1020,0.07727793604135513,100.0,1.0803422927856445,0.001,14.136115074157715,0.08501593768596649,1377960.5,mlp,embedding
102,1030,0.06768586486577988,100.0,1.0700291395187378,0.001,14.356718063354492,0.10626992583274841,1718080.25,mlp,embedding
103,1040,0.0583173967897892,100.0,1.060051441192627,0.001,14.450019836425781,0.10626992583274841,1886096.375,mlp,embedding
104,1050,0.051742151379585266,100.0,1.0531041622161865,0.001,14.683610916137695,0.17003187537193298,2382381.0,mlp,embedding
105,1060,0.050083648413419724,100.0,1.0513590574264526,0.001,14.819279670715332,0.17003187537193298,2728546.75,mlp,embedding
106,1070,0.047017283737659454,100.0,1.0481401681900024,0.001,14.991161346435547,0.1912858635187149,3240251.0,mlp,embedding
107,1080,0.04370329901576042,100.0,1.0446723699569702,0.001,15.176844596862793,0.21253985166549683,3901394.5,mlp,embedding
108,1090,0.03779711201786995,100.0,1.0385204553604126,0.001,15.312705993652344,0.12752391397953033,4469137.5,mlp,embedding
109,1100,0.035648759454488754,100.0,1.0362918376922607,0.001,15.401114463806152,0.17003187537193298,4882239.0,mlp,embedding
110,1110,0.031167779117822647,100.0,1.0316585302352905,0.001,15.595343589782715,0.10626992583274841,5928866.5,mlp,embedding
111,1120,0.028764652088284492,100.0,1.0291823148727417,0.001,15.721549987792969,0.14877788722515106,6726395.5,mlp,embedding
112,1130,0.02586265280842781,100.0,1.0261999368667603,0.001,15.904430389404297,0.12752391397953033,8076187.0,mlp,embedding
113,1140,0.025606989860534668,100.0,1.0259376764297485,0.001,16.095115661621094,0.14877788722515106,9772820.0,mlp,embedding
114,1150,0.02290779910981655,100.0,1.02317214012146,0.001,16.24830436706543,0.14877788722515106,11390661.0,mlp,embedding
115,1160,0.020275048911571503,100.0,1.0204819440841675,0.001,16.372209548950195,0.12752391397953033,12893186.0,mlp,embedding
116,1170,0.01759304665029049,100.0,1.0177487134933472,0.001,16.482181549072266,0.10626992583274841,14391978.0,mlp,embedding
117,1180,0.015735039487481117,100.0,1.0158594846725464,0.001,16.7613468170166,0.1912858635187149,19026566.0,mlp,embedding
118,1190,0.014827175065875053,100.0,1.0149376392364502,0.001,16.89382553100586,0.1912858635187149,21721770.0,mlp,embedding
119,1200,0.013107905164361,100.0,1.01319420337677,0.001,16.988243103027344,0.14877788722515106,23872628.0,mlp,embedding
120,1210,0.011910141445696354,100.0,1.0119813680648804,0.001,17.140865325927734,0.14877788722515106,27808862.0,mlp,embedding
121,1220,0.0104671660810709,100.0,1.0105221271514893,0.001,17.2916259765625,0.12752391397953033,32333874.0,mlp,embedding
122,1230,0.009069478139281273,100.0,1.009110689163208,0.001,17.48906707763672,0.12752391397953033,39391756.0,mlp,embedding
123,1240,0.00842509139329195,100.0,1.0084606409072876,0.001,17.660743713378906,0.14877788722515106,46769588.0,mlp,embedding
124,1250,0.0077534825541079044,100.0,1.0077836513519287,0.001,17.725679397583008,0.12752391397953033,49907376.0,mlp,embedding
125,1260,0.007043087854981422,100.0,1.0070679187774658,0.001,17.87105369567871,0.12752391397953033,57716504.0,mlp,embedding
126,1270,0.006329843774437904,100.0,1.0063499212265015,0.001,18.088037490844727,0.12752391397953033,71702592.0,mlp,embedding
127,1280,0.005805543158203363,100.0,1.0058224201202393,0.001,18.222782135009766,0.14877788722515106,82045304.0,mlp,embedding
128,1290,0.005350888706743717,100.0,1.005365252494812,0.001,18.35287857055664,0.14877788722515106,93444528.0,mlp,embedding
129,1300,0.004926537629216909,100.0,1.0049387216567993,0.001,18.527158737182617,0.17003187537193298,111235344.0,mlp,embedding
130,1310,0.0042703887447714806,100.0,1.0042794942855835,0.001,18.737279891967773,0.14877788722515106,137245232.0,mlp,embedding
131,1320,0.0038495799526572227,100.0,1.0038570165634155,0.001,18.828659057617188,0.1912858635187149,150377456.0,mlp,embedding
132,1330,0.0035196596290916204,100.0,1.0035258531570435,0.001,19.045116424560547,0.14877788722515106,186719200.0,mlp,embedding
133,1340,0.003268462372943759,100.0,1.003273844718933,0.001,19.195756912231445,0.14877788722515106,217075744.0,mlp,embedding
134,1350,0.0031059039756655693,100.0,1.0031107664108276,0.001,19.32276725769043,0.12752391397953033,246474048.0,mlp,embedding
135,1360,0.0030003150459378958,100.0,1.003004789352417,0.001,19.51006317138672,0.1912858635187149,297243776.0,mlp,embedding
136,1370,0.0030057826079428196,100.0,1.0030102729797363,0.001,19.594823837280273,0.14877788722515106,323536928.0,mlp,embedding
137,1380,0.00312087032943964,100.0,1.003125786781311,0.001,19.834077835083008,0.17003187537193298,410989344.0,mlp,embedding
138,1390,0.002940808655694127,100.0,1.0029451847076416,0.001,20.050437927246094,0.1912858635187149,510263552.0,mlp,embedding
139,1400,0.002732860157266259,100.0,1.0027365684509277,0.001,20.17710304260254,0.17003187537193298,579167936.0,mlp,embedding
140,1410,0.002391868270933628,100.0,1.002394676208496,0.001,20.4794979095459,0.17003187537193298,783669504.0,mlp,embedding
141,1420,0.4440670311450958,90.1998291015625,1.5590349435806274,0.001,20.356019973754883,0.10626992583274841,692639360.0,mlp,embedding
142,1430,0.4854307770729065,86.33078002929688,1.6248748302459717,0.001,18.11624526977539,0.17003187537193298,73753960.0,mlp,embedding
143,1440,0.18968380987644196,94.70663452148438,1.2088673114776611,0.001,17.382892608642578,0.25504782795906067,35423736.0,mlp,embedding
144,1450,0.0664115697145462,98.93707275390625,1.0686664581298828,0.001,18.165224075317383,0.14877788722515106,77456272.0,mlp,embedding
145,1460,0.02383914217352867,99.95748138427734,1.024125576019287,0.001,18.439191818237305,0.12752391397953033,101868344.0,mlp,embedding
146,1470,0.0109304403886199,100.0,1.0109903812408447,0.001,18.649045944213867,0.17003187537193298,125654416.0,mlp,embedding
147,1480,0.006669431924819946,100.0,1.0066916942596436,0.001,18.820066452026367,0.14877788722515106,149090864.0,mlp,embedding
148,1490,0.00434843497350812,100.0,1.004357933998108,0.001,18.95391845703125,0.12752391397953033,170444192.0,mlp,embedding
149,1500,0.0035351284313946962,100.0,1.003541350364685,0.001,19.028596878051758,0.12752391397953033,183660016.0,mlp,embedding
150,1510,0.003119378350675106,100.0,1.0031242370605469,0.001,19.069631576538086,0.12752391397953033,191353216.0,mlp,embedding
151,1520,0.0028691068291664124,100.0,1.002873182296753,0.001,19.102893829345703,0.14877788722515106,197825088.0,mlp,embedding
152,1530,0.0026890686713159084,100.0,1.002692699432373,0.001,19.152822494506836,0.17003187537193298,207952960.0,mlp,embedding
153,1540,0.0025625547859817743,100.0,1.002565860748291,0.001,19.19724464416504,0.14877788722515106,217398944.0,mlp,embedding
154,1550,0.0024490095674991608,100.0,1.00245201587677,0.001,19.232572555541992,0.17003187537193298,225216464.0,mlp,embedding
155,1560,0.0023425412364304066,100.0,1.002345323562622,0.001,19.27226448059082,0.14877788722515106,234335520.0,mlp,embedding
156,1570,0.0022542693186551332,100.0,1.0022568702697754,0.001,19.307327270507812,0.14877788722515106,242697712.0,mlp,embedding
157,1580,0.0021645422093570232,100.0,1.0021668672561646,0.001,19.340803146362305,0.14877788722515106,250959760.0,mlp,embedding
158,1590,0.0020820898935198784,100.0,1.0020842552185059,0.001,19.376544952392578,0.17003187537193298,260091728.0,mlp,embedding
159,1600,0.002008354291319847,100.0,1.0020103454589844,0.001,19.409883499145508,0.17003187537193298,268908960.0,mlp,embedding
160,1610,0.001942176022566855,100.0,1.0019440650939941,0.001,19.43712043762207,0.17003187537193298,276333888.0,mlp,embedding
161,1620,0.0018771886825561523,100.0,1.0018789768218994,0.001,19.477685928344727,0.17003187537193298,287773984.0,mlp,embedding
162,1630,0.001809241482988,100.0,1.001810908317566,0.001,19.507699966430664,0.17003187537193298,296542176.0,mlp,embedding
163,1640,0.001754896016791463,100.0,1.0017564296722412,0.001,19.517440795898438,0.17003187537193298,299444832.0,mlp,embedding
164,1650,0.0016967486590147018,100.0,1.0016981363296509,0.001,19.56355857849121,0.17003187537193298,313577952.0,mlp,embedding
165,1660,0.0016453589778393507,100.0,1.0016467571258545,0.001,19.583938598632812,0.14877788722515106,320034272.0,mlp,embedding
166,1670,0.0015963567420840263,100.0,1.0015976428985596,0.001,19.616132736206055,0.17003187537193298,330505120.0,mlp,embedding
167,1680,0.0015544614288955927,100.0,1.0015556812286377,0.001,19.64833641052246,0.17003187537193298,341321856.0,mlp,embedding
168,1690,0.0015103908954188228,100.0,1.001511573791504,0.001,19.674785614013672,0.14877788722515106,350469984.0,mlp,embedding
169,1700,0.0014666158240288496,100.0,1.0014677047729492,0.001,19.70611000061035,0.17003187537193298,361621984.0,mlp,embedding
170,1710,0.0014207841595634818,100.0,1.0014218091964722,0.001,19.744304656982422,0.17003187537193298,375701184.0,mlp,embedding
171,1720,0.0013776361010968685,100.0,1.0013785362243652,0.001,19.77507209777832,0.17003187537193298,387440224.0,mlp,embedding
172,1730,0.0013451933627948165,100.0,1.0013461112976074,0.001,19.80367088317871,0.14877788722515106,398680480.0,mlp,embedding
173,1740,0.001298462157137692,100.0,1.001299262046814,0.001,19.847896575927734,0.17003187537193298,416708128.0,mlp,embedding
174,1750,0.0012644511880353093,100.0,1.001265287399292,0.001,19.891437530517578,0.17003187537193298,435252768.0,mlp,embedding
175,1760,0.0012165441876277328,100.0,1.001217246055603,0.001,19.923580169677734,0.1912858635187149,449470240.0,mlp,embedding
176,1770,0.0011737216264009476,100.0,1.0011744499206543,0.001,19.983837127685547,0.14877788722515106,477386560.0,mlp,embedding
177,1780,0.0011515943333506584,100.0,1.0011522769927979,0.001,20.033340454101562,0.17003187537193298,501613504.0,mlp,embedding
178,1790,0.00110940495505929,100.0,1.0011100769042969,0.001,20.054485321044922,0.17003187537193298,512332992.0,mlp,embedding
179,1800,0.0010590424062684178,100.0,1.001059651374817,0.001,20.136722564697266,0.17003187537193298,556246784.0,mlp,embedding
180,1810,0.001023202552460134,100.0,1.001023769378662,0.001,20.214847564697266,0.14877788722515106,601446144.0,mlp,embedding
181,1820,0.0009798358660191298,100.0,1.000980257987976,0.001,20.28624725341797,0.17003187537193298,645959424.0,mlp,embedding
182,1830,0.0009471544763073325,100.0,1.0009475946426392,0.001,20.367935180664062,0.17003187537193298,700941632.0,mlp,embedding
183,1840,0.0009073031833395362,100.0,1.0009076595306396,0.001,20.430166244506836,0.17003187537193298,745947840.0,mlp,embedding
184,1850,0.0008588203345425427,100.0,1.0008591413497925,0.001,20.53669548034668,0.17003187537193298,829800192.0,mlp,embedding
185,1860,0.0008399977232329547,100.0,1.0008403062820435,0.001,20.581466674804688,0.17003187537193298,867795520.0,mlp,embedding
186,1870,0.0007816056022420526,100.0,1.0007818937301636,0.001,20.681062698364258,0.17003187537193298,958675008.0,mlp,embedding
187,1880,0.0007501976215280592,100.0,1.0007504224777222,0.001,20.804447174072266,0.17003187537193298,1084567552.0,mlp,embedding
188,1890,0.0006971734692342579,100.0,1.000697374343872,0.001,20.908916473388672,0.17003187537193298,1204001536.0,mlp,embedding
189,1900,0.0006485655321739614,100.0,1.0006487369537354,0.001,21.045886993408203,0.17003187537193298,1380742144.0,mlp,embedding
190,1910,0.0006150237168185413,100.0,1.0006152391433716,0.001,21.20793342590332,0.14877788722515106,1623635200.0,mlp,embedding
191,1920,0.0005896337679587305,100.0,1.0005898475646973,0.001,21.318822860717773,0.17003187537193298,1814041088.0,mlp,embedding
192,1930,0.0005553732044063509,100.0,1.0005555152893066,0.001,21.42719841003418,0.17003187537193298,2021687552.0,mlp,embedding
193,1940,0.0005275281728245318,100.0,1.0005276203155518,0.001,21.53702735900879,0.17003187537193298,2256379392.0,mlp,embedding
194,1950,0.0004783169424626976,100.0,1.0004783868789673,0.001,21.695344924926758,0.17003187537193298,2643434752.0,mlp,embedding
195,1960,0.00043628326966427267,100.0,1.0004364252090454,0.001,21.869251251220703,0.17003187537193298,3145539584.0,mlp,embedding
196,1970,0.00040923437336459756,100.0,1.0004093647003174,0.001,22.00333595275879,0.14877788722515106,3596891904.0,mlp,embedding
197,1980,0.0003876333648804575,100.0,1.0003876686096191,0.001,22.200246810913086,0.14877788722515106,4379703296.0,mlp,embedding
198,1990,0.0003449528303463012,100.0,1.00034499168396,0.001,22.281278610229492,0.14877788722515106,4749373952.0,mlp,embedding
199,2000,0.0003315420472063124,100.0,1.0003316402435303,0.001,22.478784561157227,0.17003187537193298,5786448384.0,mlp,embedding
200,2010,0.00029262920725159347,100.0,1.0002926588058472,0.001,22.6693172454834,0.17003187537193298,7000988672.0,mlp,embedding
201,2020,NaN,NaN,NaN,NaN,22.759706497192383,0.17003187537193298,7663284224.0,mlp,embedding
202,2030,0.0002395644987700507,100.0,1.000239610671997,0.001,23.01912498474121,0.14877788722515106,9932965888.0,mlp,embedding
203,2040,NaN,NaN,NaN,NaN,23.135290145874023,0.1912858635187149,11156523008.0,mlp,embedding
204,2050,0.00019266930758021772,100.0,1.000192642211914,0.001,23.27041244506836,0.1912858635187149,12770612224.0,mlp,embedding
205,2060,NaN,NaN,NaN,NaN,23.448163986206055,0.17003187537193298,15254859776.0,mlp,embedding
206,2070,0.00016390637028962374,100.0,1.0001639127731323,0.001,23.618675231933594,0.17003187537193298,18090905600.0,mlp,embedding
207,2080,NaN,NaN,NaN,NaN,23.784767150878906,0.17003187537193298,21359599616.0,mlp,embedding
208,2090,0.00013693474465981126,100.0,1.0001369714736938,0.001,23.981109619140625,0.14877788722515106,25993428992.0,mlp,embedding
209,2100,NaN,NaN,NaN,NaN,24.109149932861328,0.17003187537193298,29544101888.0,mlp,embedding
210,2110,0.00011509770411066711,100.0,1.000115156173706,0.001,24.244216918945312,0.17003187537193298,33816576000.0,mlp,embedding
211,2120,NaN,NaN,NaN,NaN,24.480236053466797,0.17003187537193298,42818498560.0,mlp,embedding
212,2130,0.00010232164640910923,100.0,1.0001022815704346,0.001,24.692108154296875,0.17003187537193298,52923228160.0,mlp,embedding
213,2140,NaN,NaN,NaN,NaN,24.767730712890625,0.17003187537193298,57080631296.0,mlp,embedding
214,2150,8.105518645606935e-05,100.0,1.0000810623168945,0.001,25.023452758789062,0.14877788722515106,73713573888.0,mlp,embedding
215,2160,NaN,NaN,NaN,NaN,25.181291580200195,0.21253985166549683,86316924928.0,mlp,embedding
216,2170,6.363305874401703e-05,100.0,1.0000636577606201,0.001,25.392183303833008,0.21253985166549683,106582302720.0,mlp,embedding
217,2180,NaN,NaN,NaN,NaN,25.522008895874023,0.14877788722515106,121357778944.0,mlp,embedding
218,2190,5.4556971008423716e-05,100.0,1.0000545978546143,0.001,25.668838500976562,0.1912858635187149,140551323648.0,mlp,embedding
219,2200,NaN,NaN,NaN,NaN,25.82178497314453,0.1912858635187149,163779198976.0,mlp,embedding
220,2210,4.487238038564101e-05,100.0,1.000044822692871,0.001,26.011844635009766,0.17003187537193298,198061735936.0,mlp,embedding
221,2220,NaN,NaN,NaN,NaN,26.192249298095703,0.1912858635187149,237218922496.0,mlp,embedding
222,2230,3.493609619908966e-05,100.0,1.0000349283218384,0.001,26.30113983154297,0.14877788722515106,264508653568.0,mlp,embedding
223,2240,NaN,NaN,NaN,NaN,26.576610565185547,0.17003187537193298,348397731840.0,mlp,embedding
224,2250,2.7680160201271065e-05,100.0,1.0000276565551758,0.001,26.69367790222168,0.17003187537193298,391667023872.0,mlp,embedding
225,2260,NaN,NaN,NaN,NaN,26.889362335205078,0.1912858635187149,476323151872.0,mlp,embedding
226,2270,2.2207859728951007e-05,100.0,1.0000221729278564,0.001,27.02536964416504,0.17003187537193298,545718796288.0,mlp,embedding
227,2280,NaN,NaN,NaN,NaN,27.170137405395508,0.21253985166549683,630726000640.0,mlp,embedding
228,2290,1.81515915755881e-05,100.0,1.0000181198120117,0.001,27.342126846313477,0.1912858635187149,749091422208.0,mlp,embedding
229,2300,NaN,NaN,NaN,NaN,27.571887969970703,0.23379382491111755,942581284864.0,mlp,embedding
230,2310,1.511000664322637e-05,100.0,1.000015139579773,0.001,27.665939331054688,0.12752391397953033,1035534991360.0,mlp,embedding
231,2320,NaN,NaN,NaN,NaN,27.83656883239746,0.1912858635187149,1228197593088.0,mlp,embedding
232,2330,1.3121852134645451e-05,100.0,1.0000131130218506,0.001,27.976215362548828,0.1912858635187149,1412264230912.0,mlp,embedding
233,2340,NaN,NaN,NaN,NaN,28.14824676513672,0.23379382491111755,1677367574528.0,mlp,embedding
234,2350,1.035746026900597e-05,100.0,1.000010371208191,0.001,28.324316024780273,0.14877788722515106,2000295428096.0,mlp,embedding
235,2360,NaN,NaN,NaN,NaN,28.463260650634766,0.25504782795906067,2298460504064.0,mlp,embedding
236,2370,8.563614755985327e-06,100.0,1.0000085830688477,0.001,28.632474899291992,0.1912858635187149,2722236465152.0,mlp,embedding
237,2380,NaN,NaN,NaN,NaN,28.740894317626953,0.21253985166549683,3033973653504.0,mlp,embedding
238,2390,7.258736786752706e-06,100.0,1.0000072717666626,0.001,28.95149040222168,0.1912858635187149,3745178451968.0,mlp,embedding
239,2400,NaN,NaN,NaN,NaN,29.090791702270508,0.21253985166549683,4304971759616.0,mlp,embedding
240,2410,6.033885256329086e-06,100.0,1.000006079673767,0.001,29.241146087646484,0.21253985166549683,5003436621824.0,mlp,embedding
241,2420,NaN,NaN,NaN,NaN,29.41187286376953,0.1912858635187149,5934909227008.0,mlp,embedding
242,2430,5.294178208714584e-06,100.0,1.0000052452087402,0.001,29.666887283325195,0.1912858635187149,7658882990080.0,mlp,embedding
243,2440,NaN,NaN,NaN,NaN,29.779054641723633,0.14877788722515106,8567993139200.0,mlp,embedding
244,2450,4.377609002403915e-06,100.0,1.0000044107437134,0.001,30.042743682861328,0.14877788722515106,11153156603904.0,mlp,embedding
245,2460,NaN,NaN,NaN,NaN,30.52752113342285,0.08501593768596649,18110648156160.0,mlp,embedding
246,2470,0.38897255063056946,89.47703552246094,1.475464105606079,0.001,25.522430419921875,0.1912858635187149,121408946176.0,mlp,embedding
247,2480,NaN,NaN,NaN,NaN,24.408926010131836,0.2763018012046814,39871434752.0,mlp,embedding
248,2490,0.05459419637918472,98.23554229736328,1.0561119318008423,0.001,24.551902770996094,0.1912858635187149,45999796224.0,mlp,embedding
249,2500,NaN,NaN,NaN,NaN,24.731266021728516,0.21253985166549683,55036698624.0,mlp,embedding
250,2510,0.006218763533979654,99.85118865966797,1.0062381029129028,0.001,24.974924087524414,0.1912858635187149,70221758464.0,mlp,embedding
251,2520,NaN,NaN,NaN,NaN,25.124879837036133,0.21253985166549683,81582440448.0,mlp,embedding
252,2530,0.0011088330065831542,100.0,1.0011094808578491,0.001,25.11627769470215,0.21253985166549683,80883662848.0,mlp,embedding
253,2540,NaN,NaN,NaN,NaN,25.09016227722168,0.21253985166549683,78798692352.0,mlp,embedding
254,2550,0.0005034109926782548,100.0,1.0005035400390625,0.001,25.07151222229004,0.21253985166549683,77342711808.0,mlp,embedding
255,2560,NaN,NaN,NaN,NaN,25.046964645385742,0.23379382491111755,75467251712.0,mlp,embedding
256,2570,0.0003814578813035041,100.0,1.000381588935852,0.001,25.019969940185547,0.23379382491111755,73457287168.0,mlp,embedding
257,2580,NaN,NaN,NaN,NaN,24.993671417236328,0.23379382491111755,71550648320.0,mlp,embedding
258,2590,0.00032797318999655545,100.0,1.0003280639648438,0.001,24.968263626098633,0.23379382491111755,69755609088.0,mlp,embedding
259,2600,NaN,NaN,NaN,NaN,24.947711944580078,0.23379382491111755,68336640000.0,mlp,embedding
260,2610,0.00029301398899406195,100.0,1.0002930164337158,0.001,24.930458068847656,0.23379382491111755,67167682560.0,mlp,embedding
261,2620,NaN,NaN,NaN,NaN,24.916532516479492,0.23379382491111755,66238820352.0,mlp,embedding
262,2630,0.0002650269598234445,100.0,1.000265121459961,0.001,24.901472091674805,0.23379382491111755,65248710656.0,mlp,embedding
263,2640,NaN,NaN,NaN,NaN,24.884145736694336,0.23379382491111755,64127922176.0,mlp,embedding
264,2650,0.00024032178043853492,100.0,1.0002403259277344,0.001,24.877212524414062,0.25504782795906067,63684849664.0,mlp,embedding
265,2660,NaN,NaN,NaN,NaN,24.87228775024414,0.25504782795906067,63371984896.0,mlp,embedding
266,2670,0.00021793009364046156,100.0,1.0002179145812988,0.001,24.85883140563965,0.25504782795906067,62524944384.0,mlp,embedding
267,2680,NaN,NaN,NaN,NaN,24.856443405151367,0.25504782795906067,62375813120.0,mlp,embedding
268,2690,0.00019741560390684754,100.0,1.000197410583496,0.001,24.856565475463867,0.25504782795906067,62383427584.0,mlp,embedding
269,2700,NaN,NaN,NaN,NaN,24.85538673400879,0.2763018012046814,62309937152.0,mlp,embedding
270,2710,0.00017858322826214135,100.0,1.000178575515747,0.001,24.85983657836914,0.2763018012046814,62587822080.0,mlp,embedding
271,2720,NaN,NaN,NaN,NaN,24.867530822753906,0.2763018012046814,63071248384.0,mlp,embedding
272,2730,0.00016040359332691878,100.0,1.0001604557037354,0.001,24.88294792175293,0.25504782795906067,64051154944.0,mlp,embedding
273,2740,NaN,NaN,NaN,NaN,24.891515731811523,0.25504782795906067,64602292224.0,mlp,embedding
274,2750,0.00014369060227181762,100.0,1.0001436471939087,0.001,24.904193878173828,0.25504782795906067,65426542592.0,mlp,embedding
275,2760,NaN,NaN,NaN,NaN,24.92328643798828,0.25504782795906067,66687705088.0,mlp,embedding
276,2770,0.0001286296028411016,100.0,1.0001286268234253,0.001,24.942916870117188,0.25504782795906067,68009746432.0,mlp,embedding
277,2780,NaN,NaN,NaN,NaN,24.97385597229004,0.25504782795906067,70146793472.0,mlp,embedding
278,2790,0.00011436857312219217,100.0,1.0001143217086792,0.001,24.9925537109375,0.23379382491111755,71470718976.0,mlp,embedding
279,2800,NaN,NaN,NaN,NaN,25.012950897216797,0.23379382491111755,72943493120.0,mlp,embedding
280,2810,0.00010178812954109162,100.0,1.0001018047332764,0.001,25.058238983154297,0.25504782795906067,76322906112.0,mlp,embedding
281,2820,NaN,NaN,NaN,NaN,25.1009521484375,0.21253985166549683,79653527552.0,mlp,embedding
282,2830,9.037349809659645e-05,100.0,1.0000903606414795,0.001,25.134977340698242,0.1912858635187149,82410389504.0,mlp,embedding
283,2840,NaN,NaN,NaN,NaN,25.157468795776367,0.1912858635187149,84284915712.0,mlp,embedding
284,2850,7.990242738742381e-05,100.0,1.000079870223999,0.001,25.22804832458496,0.1912858635187149,90448666624.0,mlp,embedding
285,2860,NaN,NaN,NaN,NaN,25.274906158447266,0.21253985166549683,94787764224.0,mlp,embedding
286,2870,7.062733493512496e-05,100.0,1.000070571899414,0.001,25.319801330566406,0.21253985166549683,99140247552.0,mlp,embedding
287,2880,NaN,NaN,NaN,NaN,25.362201690673828,0.1912858635187149,103434223616.0,mlp,embedding
288,2890,6.280266825342551e-05,100.0,1.0000628232955933,0.001,25.42040252685547,0.1912858635187149,109632806912.0,mlp,embedding
289,2900,NaN,NaN,NaN,NaN,25.45252799987793,0.1912858635187149,113211998208.0,mlp,embedding
290,2910,5.605414480669424e-05,100.0,1.0000560283660889,0.001,25.508529663085938,0.1912858635187149,119732944896.0,mlp,embedding
291,2920,NaN,NaN,NaN,NaN,25.532909393310547,0.1912858635187149,122687881216.0,mlp,embedding
292,2930,5.025722202844918e-05,100.0,1.0000503063201904,0.001,25.59476089477539,0.1912858635187149,130515902464.0,mlp,embedding
293,2940,NaN,NaN,NaN,NaN,25.610029220581055,0.1912858635187149,132523950080.0,mlp,embedding
294,2950,4.53852117061615e-05,100.0,1.0000454187393188,0.001,25.65218162536621,0.1912858635187149,138229563392.0,mlp,embedding
295,2960,NaN,NaN,NaN,NaN,25.681264877319336,0.14877788722515106,142308753408.0,mlp,embedding
296,2970,4.126219209865667e-05,100.0,1.0000412464141846,0.001,25.721961975097656,0.17003187537193298,148219772928.0,mlp,embedding
297,2980,NaN,NaN,NaN,NaN,25.75727081298828,0.17003187537193298,153546735616.0,mlp,embedding
298,2990,3.768831811612472e-05,100.0,1.000037670135498,0.001,25.77068519592285,0.14877788722515106,155620343808.0,mlp,embedding
299,3000,NaN,NaN,NaN,NaN,25.802793502807617,0.17003187537193298,160698138624.0,mlp,embedding
300,3010,3.4519289329182357e-05,100.0,1.0000345706939697,0.001,25.827564239501953,0.14877788722515106,164728455168.0,mlp,embedding
301,3020,NaN,NaN,NaN,NaN,25.842853546142578,0.14877788722515106,167266385920.0,mlp,embedding
302,3030,NaN,NaN,NaN,NaN,25.90837860107422,0.14877788722515106,178593595392.0,mlp,embedding
303,3040,3.051074963877909e-05,100.0,1.000030517578125,0.001,25.9139404296875,0.14877788722515106,179589660672.0,mlp,embedding
304,3050,NaN,NaN,NaN,NaN,25.935585021972656,0.14877788722515106,183519182848.0,mlp,embedding
305,3060,NaN,NaN,NaN,NaN,25.964073181152344,0.14877788722515106,188822487040.0,mlp,embedding
306,3070,2.732721623033285e-05,100.0,1.0000272989273071,0.001,25.961301803588867,0.14877788722515106,188299919360.0,mlp,embedding
307,3080,NaN,NaN,NaN,NaN,26.0111083984375,0.17003187537193298,197915967488.0,mlp,embedding
308,3090,NaN,NaN,NaN,NaN,26.02557373046875,0.14877788722515106,200799698944.0,mlp,embedding
309,3100,2.4550077796448022e-05,100.0,1.0000245571136475,0.001,26.03579330444336,0.17003187537193298,202862313472.0,mlp,embedding
310,3110,NaN,NaN,NaN,NaN,26.065092086791992,0.14877788722515106,208893853696.0,mlp,embedding
311,3120,NaN,NaN,NaN,NaN,26.096017837524414,0.14877788722515106,215454990336.0,mlp,embedding
312,3130,2.211691753473133e-05,100.0,1.0000221729278564,0.001,26.118492126464844,0.17003187537193298,220352004096.0,mlp,embedding
313,3140,NaN,NaN,NaN,NaN,26.10628890991211,0.1912858635187149,217679347712.0,mlp,embedding
314,3150,NaN,NaN,NaN,NaN,26.171070098876953,0.1912858635187149,232247656448.0,mlp,embedding
315,3160,1.998300831473898e-05,100.0,1.0000200271606445,0.001,26.179899215698242,0.1912858635187149,234307272704.0,mlp,embedding
316,3170,NaN,NaN,NaN,NaN,26.206605911254883,0.17003187537193298,240649158656.0,mlp,embedding
317,3180,NaN,NaN,NaN,NaN,26.228479385375977,0.1912858635187149,245970976768.0,mlp,embedding
318,3190,1.8099659428116865e-05,100.0,1.0000181198120117,0.001,26.283489227294922,0.17003187537193298,259880878080.0,mlp,embedding
319,3200,NaN,NaN,NaN,NaN,26.300384521484375,0.1912858635187149,264308948992.0,mlp,embedding
320,3210,NaN,NaN,NaN,NaN,26.33810043334961,0.17003187537193298,274467979264.0,mlp,embedding
321,3220,1.63083150255261e-05,100.0,1.0000163316726685,0.001,26.4061336517334,0.1912858635187149,293790744576.0,mlp,embedding
322,3230,NaN,NaN,NaN,NaN,26.465614318847656,0.1912858635187149,311795810304.0,mlp,embedding
323,3240,NaN,NaN,NaN,NaN,26.49851417541504,0.1912858635187149,322224455680.0,mlp,embedding
324,3250,1.444904955860693e-05,100.0,1.0000144243240356,0.001,26.55623435974121,0.1912858635187149,341370535936.0,mlp,embedding
325,3260,NaN,NaN,NaN,NaN,26.629535675048828,0.1912858635187149,367333376000.0,mlp,embedding
326,3270,NaN,NaN,NaN,NaN,26.678098678588867,0.1912858635187149,385612447744.0,mlp,embedding
327,3280,1.2495992450567428e-05,100.0,1.0000125169754028,0.001,26.760541915893555,0.1912858635187149,418750824448.0,mlp,embedding
328,3290,NaN,NaN,NaN,NaN,26.858142852783203,0.17003187537193298,461682311168.0,mlp,embedding
329,3300,NaN,NaN,NaN,NaN,26.918254852294922,0.1912858635187149,490286055424.0,mlp,embedding
330,3310,1.0514013411011547e-05,100.0,1.0000104904174805,0.001,26.996599197387695,0.1912858635187149,530241912832.0,mlp,embedding
331,3320,NaN,NaN,NaN,NaN,27.109161376953125,0.1912858635187149,593415897088.0,mlp,embedding
332,3330,NaN,NaN,NaN,NaN,27.22146224975586,0.21253985166549683,663943053312.0,mlp,embedding
333,3340,9.182068424706813e-06,100.0,1.0000091791152954,0.001,27.283489227294922,0.21253985166549683,706429517824.0,mlp,embedding
334,3350,NaN,NaN,NaN,NaN,27.439496994018555,0.1912858635187149,825699729408.0,mlp,embedding
335,3360,NaN,NaN,NaN,NaN,27.476665496826172,0.1912858635187149,856967217152.0,mlp,embedding
336,3370,7.542216280853609e-06,100.0,1.0000075101852417,0.001,27.65072250366211,0.1912858635187149,1019896725504.0,mlp,embedding
337,3380,NaN,NaN,NaN,NaN,27.78632354736328,0.1912858635187149,1168011165696.0,mlp,embedding
338,3390,NaN,NaN,NaN,NaN,27.963409423828125,0.1912858635187149,1394294128640.0,mlp,embedding
339,3400,5.831232101627393e-06,100.0,1.000005841255188,0.001,28.116064071655273,0.21253985166549683,1624244748288.0,mlp,embedding
340,3410,NaN,NaN,NaN,NaN,28.210853576660156,0.1912858635187149,1785739214848.0,mlp,embedding
341,3420,NaN,NaN,NaN,NaN,28.424854278564453,0.21253985166549683,2211858612224.0,mlp,embedding
342,3430,4.63412698081811e-06,100.0,1.0000046491622925,0.001,28.489044189453125,0.23379382491111755,2358493577216.0,mlp,embedding
343,3440,NaN,NaN,NaN,NaN,28.692106246948242,0.1912858635187149,2889504784384.0,mlp,embedding
344,3450,NaN,NaN,NaN,NaN,28.74833869934082,0.1912858635187149,3056644128768.0,mlp,embedding
345,3460,3.665199528768426e-06,100.0,1.000003695487976,0.001,28.935443878173828,0.23379382491111755,3685561139200.0,mlp,embedding
346,3470,NaN,NaN,NaN,NaN,29.090538024902344,0.1912858635187149,4303879929856.0,mlp,embedding
347,3480,NaN,NaN,NaN,NaN,29.30769157409668,0.21253985166549683,5347720822784.0,mlp,embedding
348,3490,2.631725692481268e-06,100.0,1.0000026226043701,0.001,29.475309371948242,0.1912858635187149,6323597475840.0,mlp,embedding
349,3500,NaN,NaN,NaN,NaN,29.593730926513672,0.21253985166549683,7118591098880.0,mlp,embedding
350,3510,NaN,NaN,NaN,NaN,29.752079010009766,0.23379382491111755,8339955646464.0,mlp,embedding
351,3520,2.0241745914972853e-06,100.0,1.0000020265579224,0.001,29.939538955688477,0.1912858635187149,10059503370240.0,mlp,embedding
352,3530,NaN,NaN,NaN,NaN,30.057086944580078,0.21253985166549683,11314281840640.0,mlp,embedding
353,3540,NaN,NaN,NaN,NaN,30.20279884338379,0.1912858635187149,13089072218112.0,mlp,embedding
354,3550,1.575493001837458e-06,100.0,1.0000015497207642,0.001,30.414608001708984,0.21253985166549683,16176941891584.0,mlp,embedding
355,3560,NaN,NaN,NaN,NaN,30.558143615722656,0.1912858635187149,18673819451392.0,mlp,embedding
356,3570,NaN,NaN,NaN,NaN,30.737699508666992,0.1912858635187149,22346693869568.0,mlp,embedding
357,3580,1.196096491185017e-06,100.0,1.0000011920928955,0.001,30.861650466918945,0.21253985166549683,25295572697088.0,mlp,embedding
358,3590,NaN,NaN,NaN,NaN,30.99363136291504,0.21253985166549683,28864436764672.0,mlp,embedding
359,3600,NaN,NaN,NaN,NaN,31.184175491333008,0.1912858635187149,34923306024960.0,mlp,embedding
360,3610,8.792950438873959e-07,100.0,1.0000008344650269,0.001,31.39887046813965,0.21253985166549683,43286869835776.0,mlp,embedding
361,3620,NaN,NaN,NaN,NaN,31.548439025878906,0.17003187537193298,50270474076160.0,mlp,embedding
362,3630,NaN,NaN,NaN,NaN,31.615245819091797,0.1912858635187149,53743605252096.0,mlp,embedding
363,3640,7.100351240296732e-07,100.0,1.0000007152557373,0.001,31.815624237060547,0.17003187537193298,65667432710144.0,mlp,embedding
364,3650,NaN,NaN,NaN,NaN,31.91864013671875,0.1912858635187149,72792942837760.0,mlp,embedding
365,3660,NaN,NaN,NaN,NaN,32.171966552734375,0.17003187537193298,93779419725824.0,mlp,embedding
366,3670,5.805876526210341e-07,100.0,1.0000005960464478,0.001,32.267486572265625,0.21253985166549683,103179014373376.0,mlp,embedding
367,3680,NaN,NaN,NaN,NaN,32.49521255493164,0.1912858635187149,129566135812096.0,mlp,embedding
368,3690,NaN,NaN,NaN,NaN,32.49270248413086,0.21253985166549683,129241320521728.0,mlp,embedding
369,3700,4.6074478632363025e-07,100.0,1.0000004768371582,0.001,32.76874542236328,0.21253985166549683,170327715872768.0,mlp,embedding
370,3710,NaN,NaN,NaN,NaN,32.91086959838867,0.21253985166549683,196340118192128.0,mlp,embedding
371,3720,NaN,NaN,NaN,NaN,33.030517578125,0.1912858635187149,221294951923712.0,mlp,embedding
372,3730,0.01006473507732153,99.63860321044922,1.0101155042648315,0.001,34.45846939086914,0.23379382491111755,922832980672512.0,mlp,embedding
373,3740,NaN,NaN,NaN,NaN,30.128835678100586,0.31880977749824524,12155899346944.0,mlp,embedding
374,3750,NaN,NaN,NaN,NaN,28.797462463378906,0.1912858635187149,3210547036160.0,mlp,embedding
375,3760,0.04160870239138603,98.74574279785156,1.0424864292144775,0.001,28.791521072387695,0.14877788722515106,3191528488960.0,mlp,embedding
376,3770,NaN,NaN,NaN,NaN,28.75811004638672,0.14877788722515106,3086658043904.0,mlp,embedding
377,3780,NaN,NaN,NaN,NaN,28.932485580444336,0.12752391397953033,3674674036736.0,mlp,embedding
378,3790,0.0032064802944660187,99.93622589111328,1.0032116174697876,0.001,28.875225067138672,0.12752391397953033,3470171308032.0,mlp,embedding
379,3800,NaN,NaN,NaN,NaN,29.057836532592773,0.1912858635187149,4165412847616.0,mlp,embedding
380,3810,NaN,NaN,NaN,NaN,29.152687072753906,0.17003187537193298,4579848617984.0,mlp,embedding
381,3820,0.00023874141334090382,100.0,1.0002387762069702,0.001,29.101375579833984,0.17003187537193298,4350776967168.0,mlp,embedding
382,3830,NaN,NaN,NaN,NaN,29.016027450561523,0.1912858635187149,3994851213312.0,mlp,embedding
383,3840,NaN,NaN,NaN,NaN,28.927139282226562,0.17003187537193298,3655080607744.0,mlp,embedding
384,3850,8.299223554786295e-05,100.0,1.0000829696655273,0.001,28.865768432617188,0.14877788722515106,3437509738496.0,mlp,embedding
385,3860,NaN,NaN,NaN,NaN,28.815937042236328,0.14877788722515106,3270411812864.0,mlp,embedding
386,3870,NaN,NaN,NaN,NaN,28.766368865966797,0.14877788722515106,3112255619072.0,mlp,embedding
387,3880,6.35105388937518e-05,100.0,1.0000635385513306,0.001,28.716754913330078,0.17003187537193298,2961612210176.0,mlp,embedding
388,3890,NaN,NaN,NaN,NaN,28.665409088134766,0.17003187537193298,2813383933952.0,mlp,embedding
389,3900,NaN,NaN,NaN,NaN,28.615102767944336,0.17003187537193298,2675353845760.0,mlp,embedding
390,3910,5.483969289343804e-05,100.0,1.0000548362731934,0.001,28.56687355041504,0.17003187537193298,2549385789440.0,mlp,embedding
391,3920,NaN,NaN,NaN,NaN,28.517358779907227,0.17003187537193298,2426227654656.0,mlp,embedding
392,3930,NaN,NaN,NaN,NaN,28.47154998779297,0.17003187537193298,2317592297472.0,mlp,embedding
393,3940,4.8592675739200786e-05,100.0,1.0000486373901367,0.001,28.426862716674805,0.17003187537193298,2216305360896.0,mlp,embedding
394,3950,NaN,NaN,NaN,NaN,28.382734298706055,0.14877788722515106,2120629878784.0,mlp,embedding
395,3960,NaN,NaN,NaN,NaN,28.341930389404297,0.14877788722515106,2035841499136.0,mlp,embedding
396,3970,4.310057556722313e-05,100.0,1.0000431537628174,0.001,28.302730560302734,0.14877788722515106,1957580898304.0,mlp,embedding
397,3980,NaN,NaN,NaN,NaN,28.26641273498535,0.14877788722515106,1887761334272.0,mlp,embedding
398,3990,NaN,NaN,NaN,NaN,28.22986602783203,0.14877788722515106,1820015329280.0,mlp,embedding
399,4000,3.812908471445553e-05,100.0,1.0000381469726562,0.001,28.19879150390625,0.14877788722515106,1764328865792.0,mlp,embedding
400,4010,NaN,NaN,NaN,NaN,28.170068740844727,0.14877788722515106,1714373394432.0,mlp,embedding
401,4020,NaN,NaN,NaN,NaN,28.145660400390625,0.17003187537193298,1673034858496.0,mlp,embedding
402,4030,3.3449196052970365e-05,100.0,1.0000334978103638,0.001,28.11517906188965,0.17003187537193298,1622807937024.0,mlp,embedding
403,4040,NaN,NaN,NaN,NaN,28.088382720947266,0.17003187537193298,1579900076032.0,mlp,embedding
404,4050,NaN,NaN,NaN,NaN,28.069387435913086,0.17003187537193298,1550172684288.0,mlp,embedding
405,4060,NaN,NaN,NaN,NaN,28.049741744995117,0.1912858635187149,1520015638528.0,mlp,embedding
406,4070,2.7992397008347325e-05,100.0,1.0000280141830444,0.001,28.038862228393555,0.1912858635187149,1503568199680.0,mlp,embedding
407,4080,NaN,NaN,NaN,NaN,28.020795822143555,0.1912858635187149,1476648108032.0,mlp,embedding
408,4090,NaN,NaN,NaN,NaN,28.006855010986328,0.1912858635187149,1456205201408.0,mlp,embedding
409,4100,NaN,NaN,NaN,NaN,27.995271682739258,0.1912858635187149,1439434801152.0,mlp,embedding
410,4110,2.3292408513952978e-05,100.0,1.0000232458114624,0.001,27.985849380493164,0.1912858635187149,1425935695872.0,mlp,embedding
411,4120,NaN,NaN,NaN,NaN,27.978248596191406,0.1912858635187149,1415138639872.0,mlp,embedding
412,4130,NaN,NaN,NaN,NaN,27.973800659179688,0.1912858635187149,1408858193920.0,mlp,embedding
413,4140,NaN,NaN,NaN,NaN,27.97099494934082,0.1912858635187149,1404910829568.0,mlp,embedding
414,4150,1.9303257431602105e-05,100.0,1.0000193119049072,0.001,27.970596313476562,0.1912858635187149,1404350889984.0,mlp,embedding
415,4160,NaN,NaN,NaN,NaN,27.971282958984375,0.1912858635187149,1405315579904.0,mlp,embedding
416,4170,NaN,NaN,NaN,NaN,27.968229293823242,0.1912858635187149,1401030705152.0,mlp,embedding
417,4180,NaN,NaN,NaN,NaN,27.972835540771484,0.1912858635187149,1407499108352.0,mlp,embedding
418,4190,1.5922856618999504e-05,100.0,1.0000159740447998,0.001,27.979764938354492,0.1912858635187149,1417286123520.0,mlp,embedding
419,4200,NaN,NaN,NaN,NaN,27.9820499420166,0.1912858635187149,1420528320512.0,mlp,embedding
420,4210,NaN,NaN,NaN,NaN,27.985971450805664,0.1912858635187149,1426109759488.0,mlp,embedding
421,4220,NaN,NaN,NaN,NaN,27.988035202026367,0.1912858635187149,1429055995904.0,mlp,embedding
422,4230,1.3184630915930029e-05,100.0,1.0000132322311401,0.001,27.99420166015625,0.1912858635187149,1437895491584.0,mlp,embedding
423,4240,NaN,NaN,NaN,NaN,28.004533767700195,0.1912858635187149,1452828917760.0,mlp,embedding
424,4250,NaN,NaN,NaN,NaN,28.019201278686523,0.1912858635187149,1474295365632.0,mlp,embedding
425,4260,NaN,NaN,NaN,NaN,28.028005599975586,0.1912858635187149,1487332835328.0,mlp,embedding
426,4270,1.0871272934309673e-05,100.0,1.0000108480453491,0.001,28.045114517211914,0.1912858635187149,1512998436864.0,mlp,embedding
427,4280,NaN,NaN,NaN,NaN,28.059465408325195,0.1912858635187149,1534867800064.0,mlp,embedding
428,4290,NaN,NaN,NaN,NaN,28.066770553588867,0.1912858635187149,1546121379840.0,mlp,embedding
429,4300,NaN,NaN,NaN,NaN,28.081153869628906,0.1912858635187149,1568520404992.0,mlp,embedding
430,4310,9.023193342727609e-06,100.0,1.0000090599060059,0.001,28.096769332885742,0.1912858635187149,1593205850112.0,mlp,embedding
431,4320,NaN,NaN,NaN,NaN,28.106494903564453,0.1912858635187149,1608776286208.0,mlp,embedding
432,4330,NaN,NaN,NaN,NaN,28.119138717651367,0.17003187537193298,1629246455808.0,mlp,embedding
433,4340,NaN,NaN,NaN,NaN,28.13473129272461,0.17003187537193298,1654849667072.0,mlp,embedding
434,4350,7.566251042590011e-06,100.0,1.0000075101852417,0.001,28.148292541503906,0.17003187537193298,1677444382720.0,mlp,embedding
435,4360,NaN,NaN,NaN,NaN,28.143753051757812,0.14877788722515106,1669846925312.0,mlp,embedding
436,4370,NaN,NaN,NaN,NaN,28.166223526000977,0.14877788722515106,1707793842176.0,mlp,embedding
437,4380,NaN,NaN,NaN,NaN,28.178987503051758,0.14877788722515106,1729731887104.0,mlp,embedding
438,4390,6.386035693140002e-06,100.0,1.0000064373016357,0.001,28.196762084960938,0.14877788722515106,1760751910912.0,mlp,embedding
439,4400,NaN,NaN,NaN,NaN,28.192890167236328,0.14877788722515106,1753947701248.0,mlp,embedding
440,4410,NaN,NaN,NaN,NaN,28.19781494140625,0.14877788722515106,1762606710784.0,mlp,embedding
441,4420,NaN,NaN,NaN,NaN,28.195032119750977,0.14877788722515106,1757708550144.0,mlp,embedding
442,4430,5.445194346975768e-06,100.0,1.0000054836273193,0.001,28.217445373535156,0.14877788722515106,1797549326336.0,mlp,embedding
443,4440,NaN,NaN,NaN,NaN,28.22064971923828,0.14877788722515106,1803318591488.0,mlp,embedding
444,4450,NaN,NaN,NaN,NaN,28.230880737304688,0.14877788722515106,1821863051264.0,mlp,embedding
445,4460,NaN,NaN,NaN,NaN,28.219440460205078,0.14877788722515106,1801139126272.0,mlp,embedding
446,4470,4.718717718787957e-06,100.0,1.000004768371582,0.001,28.2308349609375,0.17003187537193298,1821779689472.0,mlp,embedding
447,4480,NaN,NaN,NaN,NaN,28.249605178833008,0.17003187537193298,1856297762816.0,mlp,embedding
448,4490,NaN,NaN,NaN,NaN,28.261743545532227,0.17003187537193298,1878967451648.0,mlp,embedding
449,4500,NaN,NaN,NaN,NaN,28.260683059692383,0.17003187537193298,1876975943680.0,mlp,embedding
450,4510,4.051413270644844e-06,100.0,1.0000040531158447,0.001,28.28866958618164,0.17003187537193298,1930247929856.0,mlp,embedding
451,4520,NaN,NaN,NaN,NaN,28.29817771911621,0.17003187537193298,1948688580608.0,mlp,embedding
452,4530,NaN,NaN,NaN,NaN,28.32213020324707,0.17003187537193298,1995927977984.0,mlp,embedding
453,4540,NaN,NaN,NaN,NaN,28.33913803100586,0.1912858635187149,2030164639744.0,mlp,embedding
454,4550,3.534511733960244e-06,100.0,1.0000035762786865,0.001,28.36102867126465,0.17003187537193298,2075096252416.0,mlp,embedding
455,4560,NaN,NaN,NaN,NaN,28.39995765686035,0.1912858635187149,2157470679040.0,mlp,embedding
456,4570,NaN,NaN,NaN,NaN,28.422569274902344,0.1912858635187149,2206810243072.0,mlp,embedding
457,4580,NaN,NaN,NaN,NaN,28.45107650756836,0.1912858635187149,2270625529856.0,mlp,embedding
458,4590,2.9773159440082964e-06,100.0,1.0000029802322388,0.001,28.474641799926758,0.17003187537193298,2324769013760.0,mlp,embedding
459,4600,NaN,NaN,NaN,NaN,28.53916358947754,0.1912858635187149,2479712108544.0,mlp,embedding
460,4610,NaN,NaN,NaN,NaN,28.5742130279541,0.17003187537193298,2568165785600.0,mlp,embedding
461,4620,NaN,NaN,NaN,NaN,28.616382598876953,0.1912858635187149,2678780067840.0,mlp,embedding
462,4630,2.470880190230673e-06,100.0,1.0000025033950806,0.001,28.66415786743164,0.17003187537193298,2809865961472.0,mlp,embedding
463,4640,NaN,NaN,NaN,NaN,28.73726463317871,0.17003187537193298,3022981169152.0,mlp,embedding
464,4650,NaN,NaN,NaN,NaN,28.800397872924805,0.17003187537193298,3219985268736.0,mlp,embedding
465,4660,NaN,NaN,NaN,NaN,28.879507064819336,0.17003187537193298,3485062397952.0,mlp,embedding
466,4670,2.0502013740042457e-06,100.0,1.0000020265579224,0.001,28.940210342407227,0.17003187537193298,3703170138112.0,mlp,embedding
467,4680,NaN,NaN,NaN,NaN,29.052024841308594,0.1912858635187149,4141275152384.0,mlp,embedding
468,4690,NaN,NaN,NaN,NaN,29.17217445373535,0.1912858635187149,4669973200896.0,mlp,embedding
469,4700,NaN,NaN,NaN,NaN,29.20082664489746,0.17003187537193298,4805713461248.0,mlp,embedding
470,4710,1.6159392544068396e-06,100.0,1.0000016689300537,0.001,29.324329376220703,0.17003187537193298,5437439606784.0,mlp,embedding
471,4720,NaN,NaN,NaN,NaN,29.4301815032959,0.17003187537193298,6044570353664.0,mlp,embedding
472,4730,NaN,NaN,NaN,NaN,29.532705307006836,0.1912858635187149,6697164210176.0,mlp,embedding
473,4740,NaN,NaN,NaN,NaN,29.646686553955078,0.1912858635187149,7505720115200.0,mlp,embedding
474,4750,1.2256962236278923e-06,100.0,1.0000011920928955,0.001,29.776647567749023,0.17003187537193298,8547393863680.0,mlp,embedding
475,4760,NaN,NaN,NaN,NaN,29.92519187927246,0.17003187537193298,9916210216960.0,mlp,embedding
476,4770,NaN,NaN,NaN,NaN,30.00594139099121,0.17003187537193298,10750156341248.0,mlp,embedding
477,4780,NaN,NaN,NaN,NaN,30.130373001098633,0.1912858635187149,12174600699904.0,mlp,embedding
478,4790,9.090213666240743e-07,100.0,1.0000009536743164,0.001,30.244644165039062,0.21253985166549683,13648409919488.0,mlp,embedding
479,4800,NaN,NaN,NaN,NaN,30.442434310913086,0.17003187537193298,16633407995904.0,mlp,embedding
480,4810,NaN,NaN,NaN,NaN,30.56376838684082,0.1912858635187149,18779151007744.0,mlp,embedding
481,4820,NaN,NaN,NaN,NaN,30.718692779541016,0.1912858635187149,21925967429632.0,mlp,embedding
482,4830,6.361375994856644e-07,100.0,1.0000005960464478,0.001,30.874704360961914,0.17003187537193298,25627941928960.0,mlp,embedding
483,4840,NaN,NaN,NaN,NaN,30.977258682250977,0.17003187537193298,28395696029696.0,mlp,embedding
484,4850,NaN,NaN,NaN,NaN,31.117979049682617,0.1912858635187149,32686362066944.0,mlp,embedding
485,4860,NaN,NaN,NaN,NaN,31.22854995727539,0.21253985166549683,36507905687552.0,mlp,embedding
486,4870,4.635831771793164e-07,100.0,1.0000004768371582,0.001,31.362194061279297,0.1912858635187149,41728023199744.0,mlp,embedding
487,4880,NaN,NaN,NaN,NaN,31.530963897705078,0.1912858635187149,49399623319552.0,mlp,embedding
488,4890,NaN,NaN,NaN,NaN,31.664655685424805,0.21253985166549683,56465767268352.0,mlp,embedding
489,4900,NaN,NaN,NaN,NaN,31.79959487915039,0.12752391397953033,64623218786304.0,mlp,embedding
490,4910,3.2192079402193485e-07,100.0,1.0000003576278687,0.001,31.894729614257812,0.21253985166549683,71073068482560.0,mlp,embedding
491,4920,NaN,NaN,NaN,NaN,32.07217788696289,0.1912858635187149,84873066840064.0,mlp,embedding
492,4930,NaN,NaN,NaN,NaN,32.19715118408203,0.17003187537193298,96171213193216.0,mlp,embedding
493,4940,NaN,NaN,NaN,NaN,32.29875946044922,0.17003187537193298,106456703565824.0,mlp,embedding
494,4950,2.337555997655727e-07,100.0,1.000000238418579,0.001,32.434349060058594,0.1912858635187149,121915473657856.0,mlp,embedding
495,4960,NaN,NaN,NaN,NaN,32.51127624511719,0.21253985166549683,131664252502016.0,mlp,embedding
496,4970,NaN,NaN,NaN,NaN,32.688385009765625,0.1912858635187149,157175636819968.0,mlp,embedding
497,4980,NaN,NaN,NaN,NaN,32.75130844116211,0.1912858635187149,167383448682496.0,mlp,embedding
498,4990,1.4711093854202772e-07,100.0,1.0000001192092896,0.001,32.87064743041992,0.17003187537193298,188599614046208.0,mlp,embedding
499,5000,NaN,NaN,NaN,NaN,33.02402114868164,0.23379382491111755,219861993127936.0,mlp,embedding
500,5010,NaN,NaN,NaN,NaN,33.12084197998047,0.1912858635187149,242213808242688.0,mlp,embedding
501,5020,NaN,NaN,NaN,NaN,33.1923942565918,0.21253985166549683,260179857768448.0,mlp,embedding
502,5030,1.3086665262562747e-07,100.0,1.0000001192092896,0.001,33.298221588134766,0.1912858635187149,289223701692416.0,mlp,embedding
503,5040,NaN,NaN,NaN,NaN,33.44902038574219,0.21253985166549683,336298522968064.0,mlp,embedding
504,5050,NaN,NaN,NaN,NaN,33.571990966796875,0.14877788722515106,380303583477760.0,mlp,embedding
505,5060,NaN,NaN,NaN,NaN,33.72348403930664,0.14877788722515106,442509943635968.0,mlp,embedding
506,5070,NaN,NaN,NaN,NaN,33.84553146362305,0.14877788722515106,499951138242560.0,mlp,embedding
507,5080,3.1893912819214165e-05,100.0,1.0000319480895996,0.001,36.2893180847168,0.14877788722515106,5757720950996992.0,mlp,embedding
508,5090,NaN,NaN,NaN,NaN,32.8416862487793,0.12752391397953033,183215872540672.0,mlp,embedding
509,5100,NaN,NaN,NaN,NaN,28.47478675842285,0.17003187537193298,2325106130944.0,mlp,embedding
510,5110,NaN,NaN,NaN,NaN,27.133115768432617,0.25504782795906067,607802490880.0,mlp,embedding
511,5120,NaN,NaN,NaN,NaN,27.44516372680664,0.23379382491111755,830392041472.0,mlp,embedding
512,5130,0.011475460603833199,99.70237731933594,1.0115416049957275,0.001,27.770021438598633,0.23379382491111755,1149124476928.0,mlp,embedding
513,5140,NaN,NaN,NaN,NaN,27.911645889282227,0.25504782795906067,1323956699136.0,mlp,embedding
514,5150,NaN,NaN,NaN,NaN,27.906551361083984,0.21253985166549683,1317228904448.0,mlp,embedding
515,5160,NaN,NaN,NaN,NaN,27.837312698364258,0.21253985166549683,1229111558144.0,mlp,embedding
516,5170,NaN,NaN,NaN,NaN,27.764705657958984,0.1912858635187149,1143032250368.0,mlp,embedding
517,5180,0.0001932811428559944,100.0,1.0001933574676514,0.001,27.7038516998291,0.21253985166549683,1075548323840.0,mlp,embedding
518,5190,NaN,NaN,NaN,NaN,27.644872665405273,0.21253985166549683,1013947957248.0,mlp,embedding
519,5200,NaN,NaN,NaN,NaN,27.5886287689209,0.21253985166549683,958493622272.0,mlp,embedding
520,5210,NaN,NaN,NaN,NaN,27.533010482788086,0.21253985166549683,906639245312.0,mlp,embedding
521,5220,NaN,NaN,NaN,NaN,27.480669021606445,0.21253985166549683,860404973568.0,mlp,embedding
522,5230,0.00010522420780034736,100.0,1.0001052618026733,0.001,27.428836822509766,0.1912858635187149,816944381952.0,mlp,embedding
523,5240,NaN,NaN,NaN,NaN,27.38036346435547,0.1912858635187149,778288758784.0,mlp,embedding
524,5250,NaN,NaN,NaN,NaN,27.329858779907227,0.1912858635187149,739957669888.0,mlp,embedding
525,5260,NaN,NaN,NaN,NaN,27.28350067138672,0.1912858635187149,706437578752.0,mlp,embedding
526,5270,NaN,NaN,NaN,NaN,27.241331100463867,0.1912858635187149,677266784256.0,mlp,embedding
527,5280,7.604507118230686e-05,100.0,1.0000760555267334,0.001,27.18807601928711,0.1912858635187149,642142437376.0,mlp,embedding
528,5290,NaN,NaN,NaN,NaN,27.149932861328125,0.1912858635187149,618110386176.0,mlp,embedding
529,5300,NaN,NaN,NaN,NaN,27.11072540283203,0.1912858635187149,594344738816.0,mlp,embedding
530,5310,NaN,NaN,NaN,NaN,27.063024520874023,0.1912858635187149,566659579904.0,mlp,embedding
531,5320,NaN,NaN,NaN,NaN,27.027795791625977,0.23379382491111755,547044392960.0,mlp,embedding
532,5330,5.56650738872122e-05,100.0,1.0000556707382202,0.001,26.99427032470703,0.21253985166549683,529008492544.0,mlp,embedding
533,5340,NaN,NaN,NaN,NaN,26.973237991333008,0.23379382491111755,517998411776.0,mlp,embedding
534,5350,NaN,NaN,NaN,NaN,26.93897247314453,0.23379382491111755,500549582848.0,mlp,embedding
535,5360,NaN,NaN,NaN,NaN,26.91913414001465,0.23379382491111755,490717347840.0,mlp,embedding
536,5370,NaN,NaN,NaN,NaN,26.90789031982422,0.23379382491111755,485230706688.0,mlp,embedding
537,5380,4.2865627619903535e-05,100.0,1.0000429153442383,0.001,26.894638061523438,0.23379382491111755,478842748928.0,mlp,embedding
538,5390,NaN,NaN,NaN,NaN,26.863506317138672,0.23379382491111755,464165175296.0,mlp,embedding
539,5400,NaN,NaN,NaN,NaN,26.869056701660156,0.23379382491111755,466748637184.0,mlp,embedding
540,5410,NaN,NaN,NaN,NaN,26.850996017456055,0.23379382491111755,458394501120.0,mlp,embedding
541,5420,NaN,NaN,NaN,NaN,26.83692169189453,0.23379382491111755,451988094976.0,mlp,embedding
542,5430,3.3343556424370036e-05,100.0,1.0000333786010742,0.001,26.858718872070312,0.23379382491111755,461948321792.0,mlp,embedding
543,5440,NaN,NaN,NaN,NaN,26.842870712280273,0.23379382491111755,454684999680.0,mlp,embedding
544,5450,NaN,NaN,NaN,NaN,26.837087631225586,0.23379382491111755,452063100928.0,mlp,embedding
545,5460,NaN,NaN,NaN,NaN,26.85576057434082,0.23379382491111755,460583763968.0,mlp,embedding
546,5470,NaN,NaN,NaN,NaN,26.856557846069336,0.23379382491111755,460951126016.0,mlp,embedding
547,5480,2.5851277314359322e-05,100.0,1.0000258684158325,0.001,26.866619110107422,0.23379382491111755,465612275712.0,mlp,embedding
548,5490,NaN,NaN,NaN,NaN,26.86610221862793,0.23379382491111755,465371660288.0,mlp,embedding
549,5500,NaN,NaN,NaN,NaN,26.865808486938477,0.23379382491111755,465234984960.0,mlp,embedding
550,5510,NaN,NaN,NaN,NaN,26.88662338256836,0.23379382491111755,475020296192.0,mlp,embedding
551,5520,NaN,NaN,NaN,NaN,26.896425247192383,0.23379382491111755,479699271680.0,mlp,embedding
552,5530,1.9786140910582617e-05,100.0,1.0000197887420654,0.001,26.916378021240234,0.25504782795906067,489366749184.0,mlp,embedding
553,5540,NaN,NaN,NaN,NaN,26.919939041137695,0.25504782795906067,491112497152.0,mlp,embedding
554,5550,NaN,NaN,NaN,NaN,26.93482780456543,0.25504782795906067,498479267840.0,mlp,embedding
555,5560,NaN,NaN,NaN,NaN,26.961467742919922,0.25504782795906067,511937183744.0,mlp,embedding
556,5570,NaN,NaN,NaN,NaN,26.96851348876953,0.25504782795906067,515556900864.0,mlp,embedding
557,5580,1.5087853171280585e-05,100.0,1.000015139579773,0.001,26.974395751953125,0.21253985166549683,518598459392.0,mlp,embedding
558,5590,NaN,NaN,NaN,NaN,26.98646354675293,0.23379382491111755,524894732288.0,mlp,embedding
559,5600,NaN,NaN,NaN,NaN,27.024620056152344,0.23379382491111755,545309884416.0,mlp,embedding
560,5610,NaN,NaN,NaN,NaN,27.03814125061035,0.23379382491111755,552733179904.0,mlp,embedding
561,5620,NaN,NaN,NaN,NaN,27.066226959228516,0.23379382491111755,568477155328.0,mlp,embedding
562,5630,1.1449501471361145e-05,100.0,1.0000114440917969,0.001,27.083539962768555,0.23379382491111755,578404876288.0,mlp,embedding
563,5640,NaN,NaN,NaN,NaN,27.11697006225586,0.23379382491111755,598067838976.0,mlp,embedding
564,5650,NaN,NaN,NaN,NaN,27.127046585083008,0.23379382491111755,604124741632.0,mlp,embedding
565,5660,NaN,NaN,NaN,NaN,27.15148162841797,0.21253985166549683,619068391424.0,mlp,embedding
566,5670,NaN,NaN,NaN,NaN,27.17540168762207,0.21253985166549683,634055098368.0,mlp,embedding
567,5680,8.716577212908305e-06,100.0,1.0000087022781372,0.001,27.179370880126953,0.1912858635187149,636576792576.0,mlp,embedding
568,5690,NaN,NaN,NaN,NaN,27.232431411743164,0.1912858635187149,671266045952.0,mlp,embedding
569,5700,NaN,NaN,NaN,NaN,27.246423721313477,0.1912858635187149,680724660224.0,mlp,embedding
570,5710,NaN,NaN,NaN,NaN,27.272430419921875,0.21253985166549683,698660225024.0,mlp,embedding
571,5720,NaN,NaN,NaN,NaN,27.286128997802734,0.1912858635187149,708296769536.0,mlp,embedding
572,5730,6.683667834295193e-06,100.0,1.0000066757202148,0.001,27.33380126953125,0.17003187537193298,742880706560.0,mlp,embedding
573,5740,NaN,NaN,NaN,NaN,27.35370445251465,0.1912858635187149,757814460416.0,mlp,embedding
574,5750,NaN,NaN,NaN,NaN,27.371068954467773,0.17003187537193298,771088449536.0,mlp,embedding
575,5760,NaN,NaN,NaN,NaN,27.417015075683594,0.1912858635187149,807343489024.0,mlp,embedding
576,5770,NaN,NaN,NaN,NaN,27.4255428314209,0.17003187537193298,814257799168.0,mlp,embedding
577,5780,5.164655249245698e-06,100.0,1.0000051259994507,0.001,27.466630935668945,0.21253985166549683,848410902528.0,mlp,embedding
578,5790,NaN,NaN,NaN,NaN,27.489093780517578,0.17003187537193298,867684319232.0,mlp,embedding
579,5800,NaN,NaN,NaN,NaN,27.516902923583984,0.1912858635187149,892152512512.0,mlp,embedding
580,5810,NaN,NaN,NaN,NaN,27.53461456298828,0.21253985166549683,908094734336.0,mlp,embedding
581,5820,NaN,NaN,NaN,NaN,27.571165084838867,0.21253985166549683,941900103680.0,mlp,embedding
582,5830,4.087370143679436e-06,100.0,1.0000040531158447,0.001,27.61052131652832,0.1912858635187149,979708870656.0,mlp,embedding
583,5840,NaN,NaN,NaN,NaN,27.625804901123047,0.1912858635187149,994797355008.0,mlp,embedding
584,5850,NaN,NaN,NaN,NaN,27.642803192138672,0.1912858635187149,1011851788288.0,mlp,embedding
585,5860,NaN,NaN,NaN,NaN,27.677831649780273,0.1912858635187149,1047923458048.0,mlp,embedding
586,5870,NaN,NaN,NaN,NaN,27.68364715576172,0.1912858635187149,1054035410944.0,mlp,embedding
587,5880,3.3158337373606628e-06,100.0,1.0000033378601074,0.001,27.717920303344727,0.1912858635187149,1090786689024.0,mlp,embedding
588,5890,NaN,NaN,NaN,NaN,27.718528747558594,0.17003187537193298,1091450568704.0,mlp,embedding
589,5900,NaN,NaN,NaN,NaN,27.757343292236328,0.1912858635187149,1134647705600.0,mlp,embedding
590,5910,NaN,NaN,NaN,NaN,27.785930633544922,0.1912858635187149,1167552282624.0,mlp,embedding
591,5920,NaN,NaN,NaN,NaN,27.790145874023438,0.1912858635187149,1172484259840.0,mlp,embedding
592,5930,2.755116611297126e-06,100.0,1.0000027418136597,0.001,27.82303237915039,0.17003187537193298,1211684225024.0,mlp,embedding
593,5940,NaN,NaN,NaN,NaN,27.841449737548828,0.1912858635187149,1234206982144.0,mlp,embedding
594,5950,NaN,NaN,NaN,NaN,27.841203689575195,0.17003187537193298,1233903288320.0,mlp,embedding
595,5960,NaN,NaN,NaN,NaN,27.90111541748047,0.14877788722515106,1310087970816.0,mlp,embedding
596,5970,NaN,NaN,NaN,NaN,27.87709617614746,0.17003187537193298,1278995595264.0,mlp,embedding
597,5980,2.3413313101627864e-06,100.0,1.000002384185791,0.001,27.905529022216797,0.1912858635187149,1315882926080.0,mlp,embedding
598,5990,NaN,NaN,NaN,NaN,27.93474769592285,0.17003187537193298,1354898604032.0,mlp,embedding
599,6000,NaN,NaN,NaN,NaN,27.954978942871094,0.17003187537193298,1382589005824.0,mlp,embedding
600,6010,NaN,NaN,NaN,NaN,27.97219467163086,0.17003187537193298,1406597332992.0,mlp,embedding
601,6020,NaN,NaN,NaN,NaN,28.004762649536133,0.17003187537193298,1453161447424.0,mlp,embedding
602,6030,1.9740991774597205e-06,100.0,1.0000020265579224,0.001,28.02012062072754,0.17003187537193298,1475651436544.0,mlp,embedding
603,6040,NaN,NaN,NaN,NaN,28.05279541015625,0.17003187537193298,1524664369152.0,mlp,embedding
604,6050,NaN,NaN,NaN,NaN,28.093467712402344,0.17003187537193298,1587954319360.0,mlp,embedding
605,6060,NaN,NaN,NaN,NaN,28.156930923461914,0.17003187537193298,1691997569024.0,mlp,embedding
606,6070,NaN,NaN,NaN,NaN,28.160476684570312,0.17003187537193298,1698007613440.0,mlp,embedding
607,6080,NaN,NaN,NaN,NaN,28.240419387817383,0.17003187537193298,1839324332032.0,mlp,embedding
608,6090,1.585655581948231e-06,100.0,1.0000015497207642,0.001,28.270662307739258,0.17003187537193298,1895800504320.0,mlp,embedding
609,6100,NaN,NaN,NaN,NaN,28.374067306518555,0.1912858635187149,2102329868288.0,mlp,embedding
610,6110,NaN,NaN,NaN,NaN,28.396413803100586,0.14877788722515106,2149838356480.0,mlp,embedding
611,6120,NaN,NaN,NaN,NaN,28.451494216918945,0.17003187537193298,2271574228992.0,mlp,embedding
612,6130,NaN,NaN,NaN,NaN,28.5706729888916,0.1912858635187149,2559090360320.0,mlp,embedding
613,6140,NaN,NaN,NaN,NaN,28.63283348083496,0.17003187537193298,2723212689408.0,mlp,embedding
614,6150,1.1599336176004726e-06,100.0,1.0000011920928955,0.001,28.663774490356445,0.1912858635187149,2808788811776.0,mlp,embedding
615,6160,NaN,NaN,NaN,NaN,28.788118362426758,0.17003187537193298,3180686999552.0,mlp,embedding
616,6170,NaN,NaN,NaN,NaN,28.871612548828125,0.1912858635187149,3457657864192.0,mlp,embedding
617,6180,NaN,NaN,NaN,NaN,29.028596878051758,0.17003187537193298,4045381042176.0,mlp,embedding
618,6190,NaN,NaN,NaN,NaN,29.104507446289062,0.1912858635187149,4364424445952.0,mlp,embedding
619,6200,NaN,NaN,NaN,NaN,29.171293258666992,0.14877788722515106,4665859637248.0,mlp,embedding
620,6210,7.950579856697004e-07,100.0,1.0000008344650269,0.001,29.320884704589844,0.17003187537193298,5418741399552.0,mlp,embedding
621,6220,NaN,NaN,NaN,NaN,29.4328670501709,0.17003187537193298,6060824854528.0,mlp,embedding
622,6230,NaN,NaN,NaN,NaN,29.560441970825195,0.17003187537193298,6885521489920.0,mlp,embedding
623,6240,NaN,NaN,NaN,NaN,29.6573486328125,0.1912858635187149,7586175254528.0,mlp,embedding
624,6250,NaN,NaN,NaN,NaN,29.817012786865234,0.17003187537193298,8899470032896.0,mlp,embedding
625,6260,NaN,NaN,NaN,NaN,29.95989990234375,0.1912858635187149,10266424115200.0,mlp,embedding
626,6270,5.091989692118659e-07,100.0,1.0000004768371582,0.001,29.997051239013672,0.1912858635187149,10655009603584.0,mlp,embedding
627,6280,NaN,NaN,NaN,NaN,30.189001083374023,0.1912858635187149,12909713293312.0,mlp,embedding
628,6290,NaN,NaN,NaN,NaN,30.325822830200195,0.17003187537193298,14802583814144.0,mlp,embedding
629,6300,NaN,NaN,NaN,NaN,30.392610549926758,0.1912858635187149,15824975822848.0,mlp,embedding
630,6310,NaN,NaN,NaN,NaN,30.59551429748535,0.17003187537193298,19384875614208.0,mlp,embedding
631,6320,NaN,NaN,NaN,NaN,30.715578079223633,0.21253985166549683,21857780629504.0,mlp,embedding
632,6330,3.1188531579573464e-07,100.0,1.0000003576278687,0.001,30.849050521850586,0.1912858635187149,24978848219136.0,mlp,embedding
633,6340,NaN,NaN,NaN,NaN,31.020679473876953,0.1912858635187149,29655818043392.0,mlp,embedding
634,6350,NaN,NaN,NaN,NaN,31.101337432861328,0.21253985166549683,32146909560832.0,mlp,embedding
635,6360,NaN,NaN,NaN,NaN,31.311540603637695,0.1912858635187149,39666996740096.0,mlp,embedding
636,6370,NaN,NaN,NaN,NaN,31.456787109375,0.1912858635187149,45867922882560.0,mlp,embedding
637,6380,NaN,NaN,NaN,NaN,31.5814151763916,0.17003187537193298,51955837698048.0,mlp,embedding
638,6390,1.8978704474648111e-07,100.0,1.000000238418579,0.001,31.69795036315918,0.1912858635187149,58377426173952.0,mlp,embedding
639,6400,NaN,NaN,NaN,NaN,31.834152221679688,0.17003187537193298,66895462006784.0,mlp,embedding
640,6410,NaN,NaN,NaN,NaN,32.04393768310547,0.14877788722515106,82509761085440.0,mlp,embedding
641,6420,NaN,NaN,NaN,NaN,32.1004753112793,0.17003187537193298,87309059883008.0,mlp,embedding
642,6430,NaN,NaN,NaN,NaN,32.293190002441406,0.17003187537193298,105865440919552.0,mlp,embedding
643,6440,NaN,NaN,NaN,NaN,32.453975677490234,0.14877788722515106,124331896078336.0,mlp,embedding
644,6450,1.438924925878382e-07,100.0,1.0000001192092896,0.001,32.60295867919922,0.1912858635187149,144306220302336.0,mlp,embedding
645,6460,NaN,NaN,NaN,NaN,32.7657470703125,0.17003187537193298,169817772392448.0,mlp,embedding
646,6470,NaN,NaN,NaN,NaN,32.03139114379883,0.25504782795906067,81481015754752.0,mlp,embedding
647,6480,NaN,NaN,NaN,NaN,28.93477439880371,0.1912858635187149,3683094364160.0,mlp,embedding
648,6490,NaN,NaN,NaN,NaN,28.30652618408203,0.1912858635187149,1965025263616.0,mlp,embedding
649,6500,NaN,NaN,NaN,NaN,27.798892974853516,0.25504782795906067,1182785077248.0,mlp,embedding
650,6510,0.016110392287373543,99.53231048583984,1.0162408351898193,0.001,28.34823989868164,0.14877788722515106,2048727318528.0,mlp,embedding
651,6520,NaN,NaN,NaN,NaN,28.464614868164062,0.17003187537193298,2301575299072.0,mlp,embedding
652,6530,NaN,NaN,NaN,NaN,28.318647384643555,0.23379382491111755,1988988633088.0,mlp,embedding
653,6540,NaN,NaN,NaN,NaN,28.17264175415039,0.21253985166549683,1718790127616.0,mlp,embedding
654,6550,NaN,NaN,NaN,NaN,28.061384201049805,0.23379382491111755,1537815740416.0,mlp,embedding
655,6560,NaN,NaN,NaN,NaN,27.97288703918457,0.23379382491111755,1407571591168.0,mlp,embedding
656,6570,0.00013610206951852888,100.0,1.000136137008667,0.001,27.923933029174805,0.23379382491111755,1340324708352.0,mlp,embedding
657,6580,NaN,NaN,NaN,NaN,27.886783599853516,0.25504782795906067,1291445993472.0,mlp,embedding
658,6590,NaN,NaN,NaN,NaN,27.850143432617188,0.25504782795906067,1244983590912.0,mlp,embedding
659,6600,NaN,NaN,NaN,NaN,27.80651092529297,0.21253985166549683,1191829831680.0,mlp,embedding
660,6610,NaN,NaN,NaN,NaN,27.762693405151367,0.21253985166549683,1140734427136.0,mlp,embedding
661,6620,NaN,NaN,NaN,NaN,27.71780014038086,0.21253985166549683,1090655617024.0,mlp,embedding
662,6630,4.793334665009752e-05,100.0,1.0000479221343994,0.001,27.6724796295166,0.21253985166549683,1042329894912.0,mlp,embedding
663,6640,NaN,NaN,NaN,NaN,27.627866744995117,0.21253985166549683,996850597888.0,mlp,embedding
664,6650,NaN,NaN,NaN,NaN,27.583812713623047,0.23379382491111755,953888604160.0,mlp,embedding
665,6660,NaN,NaN,NaN,NaN,27.539567947387695,0.23379382491111755,912604069888.0,mlp,embedding
666,6670,NaN,NaN,NaN,NaN,27.495759963989258,0.23379382491111755,873487794176.0,mlp,embedding
667,6680,NaN,NaN,NaN,NaN,27.455068588256836,0.23379382491111755,838657769472.0,mlp,embedding
668,6690,3.4931512345792726e-05,100.0,1.0000349283218384,0.001,27.416086196899414,0.23379382491111755,806593953792.0,mlp,embedding
669,6700,NaN,NaN,NaN,NaN,27.378448486328125,0.23379382491111755,776799780864.0,mlp,embedding
670,6710,NaN,NaN,NaN,NaN,27.344438552856445,0.23379382491111755,750825111552.0,mlp,embedding
671,6720,NaN,NaN,NaN,NaN,27.310527801513672,0.23379382491111755,725790883840.0,mlp,embedding
672,6730,NaN,NaN,NaN,NaN,27.277984619140625,0.23379382491111755,702551556096.0,mlp,embedding
673,6740,NaN,NaN,NaN,NaN,27.24660873413086,0.23379382491111755,680850620416.0,mlp,embedding
674,6750,2.670292269613128e-05,100.0,1.0000267028808594,0.001,27.214921951293945,0.23379382491111755,659614859264.0,mlp,embedding
675,6760,NaN,NaN,NaN,NaN,27.1861572265625,0.1912858635187149,640911474688.0,mlp,embedding
676,6770,NaN,NaN,NaN,NaN,27.160682678222656,0.1912858635187149,624790798336.0,mlp,embedding
677,6780,NaN,NaN,NaN,NaN,27.1364688873291,0.1912858635187149,609843937280.0,mlp,embedding
678,6790,NaN,NaN,NaN,NaN,27.113449096679688,0.1912858635187149,595965771776.0,mlp,embedding
679,6800,NaN,NaN,NaN,NaN,27.09208106994629,0.1912858635187149,583366279168.0,mlp,embedding
680,6810,2.046950248768553e-05,100.0,1.0000205039978027,0.001,27.07208824157715,0.1912858635187149,571818967040.0,mlp,embedding
681,6820,NaN,NaN,NaN,NaN,27.053987503051758,0.17003187537193298,561561731072.0,mlp,embedding
682,6830,NaN,NaN,NaN,NaN,27.037494659423828,0.1912858635187149,552375943168.0,mlp,embedding
683,6840,NaN,NaN,NaN,NaN,27.01972198486328,0.1912858635187149,542645452800.0,mlp,embedding
684,6850,NaN,NaN,NaN,NaN,27.00432014465332,0.1912858635187149,534351740928.0,mlp,embedding
685,6860,NaN,NaN,NaN,NaN,26.99681854248047,0.1912858635187149,530358239232.0,mlp,embedding
686,6870,1.5521813111263327e-05,100.0,1.0000154972076416,0.001,26.992326736450195,0.1912858635187149,527981314048.0,mlp,embedding
687,6880,NaN,NaN,NaN,NaN,26.986013412475586,0.1912858635187149,524658507776.0,mlp,embedding
688,6890,NaN,NaN,NaN,NaN,26.9818058013916,0.1912858635187149,522455580672.0,mlp,embedding
689,6900,NaN,NaN,NaN,NaN,26.97816276550293,0.1912858635187149,520555724800.0,mlp,embedding
690,6910,NaN,NaN,NaN,NaN,26.98308753967285,0.1912858635187149,523125653504.0,mlp,embedding
691,6920,NaN,NaN,NaN,NaN,26.98928451538086,0.1912858635187149,526377517056.0,mlp,embedding
692,6930,1.1581420039874502e-05,100.0,1.0000115633010864,0.001,26.996273040771484,0.1912858635187149,530068996096.0,mlp,embedding
693,6940,NaN,NaN,NaN,NaN,27.00368309020996,0.1912858635187149,534011445248.0,mlp,embedding
694,6950,NaN,NaN,NaN,NaN,27.012155532836914,0.1912858635187149,538555023360.0,mlp,embedding
695,6960,NaN,NaN,NaN,NaN,27.024213790893555,0.1912858635187149,545088372736.0,mlp,embedding
696,6970,NaN,NaN,NaN,NaN,27.02850341796875,0.1912858635187149,547431645184.0,mlp,embedding
697,6980,NaN,NaN,NaN,NaN,27.03803062438965,0.1912858635187149,552672034816.0,mlp,embedding
698,6990,8.64008234202629e-06,100.0,1.0000085830688477,0.001,27.048412322998047,0.1912858635187149,558439596032.0,mlp,embedding
699,7000,NaN,NaN,NaN,NaN,27.05548095703125,0.1912858635187149,562400985088.0,mlp,embedding
700,7010,NaN,NaN,NaN,NaN,27.072784423828125,0.17003187537193298,572217163776.0,mlp,embedding
701,7020,NaN,NaN,NaN,NaN,27.089412689208984,0.17003187537193298,581811699712.0,mlp,embedding
702,7030,NaN,NaN,NaN,NaN,27.10817527770996,0.17003187537193298,592831053824.0,mlp,embedding
703,7040,NaN,NaN,NaN,NaN,27.117036819458008,0.17003187537193298,598107815936.0,mlp,embedding
704,7050,6.507385933218757e-06,100.0,1.0000065565109253,0.001,27.12571144104004,0.17003187537193298,603318714368.0,mlp,embedding
705,7060,NaN,NaN,NaN,NaN,27.148317337036133,0.17003187537193298,617112600576.0,mlp,embedding
706,7070,NaN,NaN,NaN,NaN,27.173051834106445,0.17003187537193298,632566906880.0,mlp,embedding
707,7080,NaN,NaN,NaN,NaN,27.18126106262207,0.17003187537193298,637781147648.0,mlp,embedding
708,7090,NaN,NaN,NaN,NaN,27.20363426208496,0.17003187537193298,652211191808.0,mlp,embedding
709,7100,NaN,NaN,NaN,NaN,27.225736618041992,0.17003187537193298,666787053568.0,mlp,embedding
710,7110,NaN,NaN,NaN,NaN,27.234201431274414,0.1912858635187149,672455262208.0,mlp,embedding
711,7120,4.739822543342598e-06,100.0,1.000004768371582,0.001,27.244258880615234,0.17003187537193298,679252590592.0,mlp,embedding
712,7130,NaN,NaN,NaN,NaN,27.272905349731445,0.1912858635187149,698992164864.0,mlp,embedding
713,7140,NaN,NaN,NaN,NaN,27.2849178314209,0.17003187537193298,707439427584.0,mlp,embedding
714,7150,NaN,NaN,NaN,NaN,27.289268493652344,0.1912858635187149,710523944960.0,mlp,embedding
715,7160,NaN,NaN,NaN,NaN,27.30613899230957,0.1912858635187149,722612518912.0,mlp,embedding
716,7170,NaN,NaN,NaN,NaN,27.32061195373535,0.17003187537193298,733146906624.0,mlp,embedding
717,7180,NaN,NaN,NaN,NaN,27.330081939697266,0.1912858635187149,740122820608.0,mlp,embedding
718,7190,3.5459897844702937e-06,100.0,1.0000035762786865,0.001,27.342987060546875,0.17003187537193298,749736034304.0,mlp,embedding
719,7200,NaN,NaN,NaN,NaN,27.358749389648438,0.17003187537193298,761647267840.0,mlp,embedding
720,7210,NaN,NaN,NaN,NaN,27.368432998657227,0.1912858635187149,769058603008.0,mlp,embedding
721,7220,NaN,NaN,NaN,NaN,27.388193130493164,0.17003187537193298,784406413312.0,mlp,embedding
722,7230,NaN,NaN,NaN,NaN,27.391704559326172,0.17003187537193298,787165675520.0,mlp,embedding
723,7240,NaN,NaN,NaN,NaN,27.395551681518555,0.1912858635187149,790199795712.0,mlp,embedding
724,7250,NaN,NaN,NaN,NaN,27.404632568359375,0.17003187537193298,797408231424.0,mlp,embedding
725,7260,2.7130486159876455e-06,100.0,1.0000027418136597,0.001,27.427833557128906,0.17003187537193298,816125181952.0,mlp,embedding
726,7270,NaN,NaN,NaN,NaN,27.428081512451172,0.1912858635187149,816327557120.0,mlp,embedding
727,7280,NaN,NaN,NaN,NaN,27.457462310791016,0.1912858635187149,840667693056.0,mlp,embedding
728,7290,NaN,NaN,NaN,NaN,27.457748413085938,0.1912858635187149,840908275712.0,mlp,embedding
729,7300,NaN,NaN,NaN,NaN,27.471410751342773,0.1912858635187149,852475904000.0,mlp,embedding
730,7310,NaN,NaN,NaN,NaN,27.507892608642578,0.17003187537193298,884150042624.0,mlp,embedding
731,7320,NaN,NaN,NaN,NaN,27.503204345703125,0.1912858635187149,880014589952.0,mlp,embedding
732,7330,2.0777483769052196e-06,100.0,1.0000020265579224,0.001,27.55192756652832,0.1912858635187149,923953463296.0,mlp,embedding
733,7340,NaN,NaN,NaN,NaN,27.587718963623047,0.1912858635187149,957621993472.0,mlp,embedding
734,7350,NaN,NaN,NaN,NaN,27.578990936279297,0.1912858635187149,949300232192.0,mlp,embedding
735,7360,NaN,NaN,NaN,NaN,27.624221801757812,0.21253985166549683,993223770112.0,mlp,embedding
736,7370,NaN,NaN,NaN,NaN,27.682781219482422,0.1912858635187149,1053123084288.0,mlp,embedding
737,7380,NaN,NaN,NaN,NaN,27.711917877197266,0.1912858635187149,1084258975744.0,mlp,embedding
738,7390,NaN,NaN,NaN,NaN,27.741226196289062,0.1912858635187149,1116507078656.0,mlp,embedding
739,7400,1.5574497638226603e-06,100.0,1.0000015497207642,0.001,27.803653717041016,0.1912858635187149,1188429430784.0,mlp,embedding
740,7410,NaN,NaN,NaN,NaN,27.87479019165039,0.21253985166549683,1276049620992.0,mlp,embedding
741,7420,NaN,NaN,NaN,NaN,27.94237518310547,0.1912858635187149,1365272559616.0,mlp,embedding
742,7430,NaN,NaN,NaN,NaN,27.989423751831055,0.21253985166549683,1431041736704.0,mlp,embedding
743,7440,NaN,NaN,NaN,NaN,28.053869247436523,0.23379382491111755,1526302507008.0,mlp,embedding
744,7450,NaN,NaN,NaN,NaN,28.120285034179688,0.1912858635187149,1631115149312.0,mlp,embedding
745,7460,NaN,NaN,NaN,NaN,28.232452392578125,0.21253985166549683,1824728678400.0,mlp,embedding
746,7470,1.0629493090164033e-06,100.0,1.000001072883606,0.001,28.301719665527344,0.23379382491111755,1955602890752.0,mlp,embedding
747,7480,NaN,NaN,NaN,NaN,28.38247299194336,0.1912858635187149,2120075837440.0,mlp,embedding
748,7490,NaN,NaN,NaN,NaN,28.474159240722656,0.21253985166549683,2323647561728.0,mlp,embedding
749,7500,NaN,NaN,NaN,NaN,28.593421936035156,0.23379382491111755,2617974194176.0,mlp,embedding
750,7510,NaN,NaN,NaN,NaN,28.660938262939453,0.1912858635187149,2800833789952.0,mlp,embedding
751,7520,NaN,NaN,NaN,NaN,28.822206497192383,0.21253985166549683,3290979893248.0,mlp,embedding
752,7530,NaN,NaN,NaN,NaN,28.880149841308594,0.1912858635187149,3487303204864.0,mlp,embedding
753,7540,6.385957931343e-07,100.0,1.0000005960464478,0.001,28.99738311767578,0.21253985166549683,3921060036608.0,mlp,embedding
754,7550,NaN,NaN,NaN,NaN,29.1030216217041,0.1912858635187149,4357944508416.0,mlp,embedding
755,7560,NaN,NaN,NaN,NaN,29.246360778808594,0.1912858635187149,5029595971584.0,mlp,embedding
756,7570,NaN,NaN,NaN,NaN,29.385656356811523,0.1912858635187149,5781338456064.0,mlp,embedding
757,7580,NaN,NaN,NaN,NaN,29.470550537109375,0.21253985166549683,6293575696384.0,mlp,embedding
758,7590,NaN,NaN,NaN,NaN,29.661460876464844,0.1912858635187149,7617435402240.0,mlp,embedding
759,7600,NaN,NaN,NaN,NaN,29.768779754638672,0.1912858635187149,8480408731648.0,mlp,embedding
760,7610,3.910287205144414e-07,100.0,1.0000003576278687,0.001,29.9033203125,0.1912858635187149,9701681004544.0,mlp,embedding
761,7620,NaN,NaN,NaN,NaN,30.056074142456055,0.1912858635187149,11302829293568.0,mlp,embedding
762,7630,NaN,NaN,NaN,NaN,30.140544891357422,0.21253985166549683,12299071913984.0,mlp,embedding
763,7640,NaN,NaN,NaN,NaN,30.301504135131836,0.17003187537193298,14446945632256.0,mlp,embedding
764,7650,NaN,NaN,NaN,NaN,30.494762420654297,0.21253985166549683,17526978248704.0,mlp,embedding
765,7660,NaN,NaN,NaN,NaN,30.573436737060547,0.1912858635187149,18961594843136.0,mlp,embedding
766,7670,NaN,NaN,NaN,NaN,30.758047103881836,0.25504782795906067,22806054043648.0,mlp,embedding
767,7680,2.2693858170441672e-07,100.0,1.000000238418579,0.001,30.976404190063477,0.14877788722515106,28371442466816.0,mlp,embedding
768,7690,NaN,NaN,NaN,NaN,31.153413772583008,0.21253985166549683,33865359949824.0,mlp,embedding
769,7700,NaN,NaN,NaN,NaN,31.228761672973633,0.23379382491111755,36515635789824.0,mlp,embedding
770,7710,NaN,NaN,NaN,NaN,31.505521774291992,0.17003187537193298,48158646206464.0,mlp,embedding
771,7720,NaN,NaN,NaN,NaN,31.697269439697266,0.21253985166549683,58337689337856.0,mlp,embedding
772,7730,NaN,NaN,NaN,NaN,31.880313873291016,0.1912858635187149,70055849099264.0,mlp,embedding
773,7740,NaN,NaN,NaN,NaN,32.133033752441406,0.21253985166549683,90198482354176.0,mlp,embedding
774,7750,1.3426249267922685e-07,100.0,1.0000001192092896,0.001,32.28723907470703,0.23379382491111755,105237318729728.0,mlp,embedding
775,7760,NaN,NaN,NaN,NaN,32.4913444519043,0.17003187537193298,129065923117056.0,mlp,embedding
776,7770,NaN,NaN,NaN,NaN,32.73574447631836,0.1912858635187149,164798482350080.0,mlp,embedding
777,7780,NaN,NaN,NaN,NaN,32.88151550292969,0.17003187537193298,190660510482432.0,mlp,embedding
778,7790,NaN,NaN,NaN,NaN,32.85833740234375,0.23379382491111755,186292176420864.0,mlp,embedding
779,7800,NaN,NaN,NaN,NaN,31.23281478881836,0.23379382491111755,36663937990656.0,mlp,embedding
780,7810,NaN,NaN,NaN,NaN,27.397445678710938,0.2763018012046814,791697883136.0,mlp,embedding
781,7820,0.07388186454772949,97.57653045654297,1.0766795873641968,0.001,26.10482406616211,0.25504782795906067,217360711680.0,mlp,embedding
782,7830,NaN,NaN,NaN,NaN,25.993791580200195,0.21253985166549683,194518204416.0,mlp,embedding
783,7840,NaN,NaN,NaN,NaN,26.244617462158203,0.1912858635187149,249972670464.0,mlp,embedding
784,7850,NaN,NaN,NaN,NaN,26.43088722229004,0.2763018012046814,301153878016.0,mlp,embedding
785,7860,NaN,NaN,NaN,NaN,26.52790641784668,0.21253985166549683,331835899904.0,mlp,embedding
786,7870,NaN,NaN,NaN,NaN,26.498294830322266,0.2975557744503021,322153775104.0,mlp,embedding
787,7880,NaN,NaN,NaN,NaN,26.524372100830078,0.2975557744503021,330665164800.0,mlp,embedding
788,7890,0.0002778576163109392,100.0,1.0002778768539429,0.001,26.47591209411621,0.2975557744503021,315023196160.0,mlp,embedding
789,7900,NaN,NaN,NaN,NaN,26.417524337768555,0.2975557744503021,297156378624.0,mlp,embedding
790,7910,NaN,NaN,NaN,NaN,26.363941192626953,0.2763018012046814,281652854784.0,mlp,embedding
791,7920,NaN,NaN,NaN,NaN,26.313186645507812,0.2975557744503021,267714412544.0,mlp,embedding
792,7930,NaN,NaN,NaN,NaN,26.263853073120117,0.2763018012046814,254827593728.0,mlp,embedding
793,7940,NaN,NaN,NaN,NaN,26.216638565063477,0.25504782795906067,243075661824.0,mlp,embedding
794,7950,NaN,NaN,NaN,NaN,26.17030906677246,0.25504782795906067,232070971392.0,mlp,embedding
795,7960,9.472502279095352e-05,100.0,1.0000947713851929,0.001,26.12604522705078,0.25504782795906067,222022647808.0,mlp,embedding
796,7970,NaN,NaN,NaN,NaN,26.081594467163086,0.25504782795906067,212369702912.0,mlp,embedding
797,7980,NaN,NaN,NaN,NaN,26.039724349975586,0.25504782795906067,203661344768.0,mlp,embedding
798,7990,NaN,NaN,NaN,NaN,25.99847984313965,0.25504782795906067,195432300544.0,mlp,embedding
799,8000,NaN,NaN,NaN,NaN,25.958709716796875,0.25504782795906067,187812446208.0,mlp,embedding
800,8010,NaN,NaN,NaN,NaN,25.92031478881836,0.25504782795906067,180738080768.0,mlp,embedding
801,8020,NaN,NaN,NaN,NaN,25.88382339477539,0.25504782795906067,174261583872.0,mlp,embedding
802,8030,6.760097312508151e-05,100.0,1.0000675916671753,0.001,25.84972381591797,0.23379382491111755,168419508224.0,mlp,embedding
803,8040,NaN,NaN,NaN,NaN,25.817523956298828,0.23379382491111755,163082813440.0,mlp,embedding
804,8050,NaN,NaN,NaN,NaN,25.786727905273438,0.23379382491111755,158137057280.0,mlp,embedding
805,8060,NaN,NaN,NaN,NaN,25.755950927734375,0.23379382491111755,153344196608.0,mlp,embedding
806,8070,NaN,NaN,NaN,NaN,25.728057861328125,0.23379382491111755,149126070272.0,mlp,embedding
807,8080,NaN,NaN,NaN,NaN,25.703332901000977,0.23379382491111755,145484136448.0,mlp,embedding
808,8090,NaN,NaN,NaN,NaN,25.682537078857422,0.23379382491111755,142489911296.0,mlp,embedding
809,8100,NaN,NaN,NaN,NaN,25.662960052490234,0.25504782795906067,139727519744.0,mlp,embedding
810,8110,4.495176108321175e-05,100.0,1.0000449419021606,0.001,25.6458740234375,0.25504782795906067,137360408576.0,mlp,embedding
811,8120,NaN,NaN,NaN,NaN,25.628494262695312,0.25504782795906067,134993739776.0,mlp,embedding
812,8130,NaN,NaN,NaN,NaN,25.612689971923828,0.25504782795906067,132877033472.0,mlp,embedding
813,8140,NaN,NaN,NaN,NaN,25.598804473876953,0.25504782795906067,131044720640.0,mlp,embedding
814,8150,NaN,NaN,NaN,NaN,25.58802604675293,0.25504782795906067,129639849984.0,mlp,embedding
815,8160,NaN,NaN,NaN,NaN,25.58049964904785,0.25504782795906067,128667787264.0,mlp,embedding
816,8170,NaN,NaN,NaN,NaN,25.57541275024414,0.25504782795906067,128014934016.0,mlp,embedding
817,8180,NaN,NaN,NaN,NaN,25.57173728942871,0.25504782795906067,127545278464.0,mlp,embedding
818,8190,2.814031540765427e-05,100.0,1.000028133392334,0.001,25.570934295654297,0.23379382491111755,127442903040.0,mlp,embedding
819,8200,NaN,NaN,NaN,NaN,25.573434829711914,0.21253985166549683,127761981440.0,mlp,embedding
820,8210,NaN,NaN,NaN,NaN,25.57950782775879,0.1912858635187149,128540237824.0,mlp,embedding
821,8220,NaN,NaN,NaN,NaN,25.58245277404785,0.1912858635187149,128919339008.0,mlp,embedding
822,8230,NaN,NaN,NaN,NaN,25.586767196655273,0.1912858635187149,129476755456.0,mlp,embedding
823,8240,NaN,NaN,NaN,NaN,25.59775161743164,0.1912858635187149,130906824704.0,mlp,embedding
824,8250,NaN,NaN,NaN,NaN,25.610912322998047,0.1912858635187149,132641030144.0,mlp,embedding
825,8260,NaN,NaN,NaN,NaN,25.62861442565918,0.1912858635187149,135009968128.0,mlp,embedding
826,8270,1.7396469047525898e-05,100.0,1.0000174045562744,0.001,25.643285751342773,0.21253985166549683,137005342720.0,mlp,embedding
827,8280,NaN,NaN,NaN,NaN,25.659706115722656,0.1912858635187149,139273584640.0,mlp,embedding
828,8290,NaN,NaN,NaN,NaN,25.679397583007812,0.1912858635187149,142043267072.0,mlp,embedding
829,8300,NaN,NaN,NaN,NaN,25.703205108642578,0.1912858635187149,145465540608.0,mlp,embedding
830,8310,NaN,NaN,NaN,NaN,25.722721099853516,0.1912858635187149,148332331008.0,mlp,embedding
831,8320,NaN,NaN,NaN,NaN,25.743330001831055,0.1912858635187149,151421026304.0,mlp,embedding
832,8330,NaN,NaN,NaN,NaN,25.765052795410156,0.1912858635187149,154746290176.0,mlp,embedding
833,8340,NaN,NaN,NaN,NaN,25.794090270996094,0.21253985166549683,159305613312.0,mlp,embedding
834,8350,1.0542576092120726e-05,100.0,1.0000104904174805,0.001,25.820953369140625,0.23379382491111755,163643047936.0,mlp,embedding
835,8360,NaN,NaN,NaN,NaN,25.852806091308594,0.23379382491111755,168939438080.0,mlp,embedding
836,8370,NaN,NaN,NaN,NaN,25.885265350341797,0.23379382491111755,174513045504.0,mlp,embedding
837,8380,NaN,NaN,NaN,NaN,25.914928436279297,0.23379382491111755,179767181312.0,mlp,embedding
838,8390,NaN,NaN,NaN,NaN,25.93951416015625,0.23379382491111755,184241668096.0,mlp,embedding
839,8400,NaN,NaN,NaN,NaN,25.980188369750977,0.23379382491111755,191890046976.0,mlp,embedding
840,8410,NaN,NaN,NaN,NaN,26.009801864624023,0.23379382491111755,197657559040.0,mlp,embedding
841,8420,NaN,NaN,NaN,NaN,26.041213989257812,0.23379382491111755,203964940288.0,mlp,embedding
842,8430,6.460631993832067e-06,100.0,1.0000064373016357,0.001,26.0784969329834,0.23379382491111755,211712901120.0,mlp,embedding
843,8440,NaN,NaN,NaN,NaN,26.118425369262695,0.23379382491111755,220337291264.0,mlp,embedding
844,8450,NaN,NaN,NaN,NaN,26.152315139770508,0.23379382491111755,227932454912.0,mlp,embedding
845,8460,NaN,NaN,NaN,NaN,26.18805694580078,0.23379382491111755,236226510848.0,mlp,embedding
846,8470,NaN,NaN,NaN,NaN,26.228172302246094,0.23379382491111755,245895462912.0,mlp,embedding
847,8480,NaN,NaN,NaN,NaN,26.258747100830078,0.23379382491111755,253529767936.0,mlp,embedding
848,8490,NaN,NaN,NaN,NaN,26.300382614135742,0.23379382491111755,264308441088.0,mlp,embedding
849,8500,NaN,NaN,NaN,NaN,26.32760238647461,0.23379382491111755,271601664000.0,mlp,embedding
850,8510,4.173353772785049e-06,100.0,1.0000041723251343,0.001,26.3675479888916,0.23379382491111755,282670563328.0,mlp,embedding
851,8520,NaN,NaN,NaN,NaN,26.40408706665039,0.23379382491111755,293190107136.0,mlp,embedding
852,8530,NaN,NaN,NaN,NaN,26.43577766418457,0.23379382491111755,302630273024.0,mlp,embedding
853,8540,NaN,NaN,NaN,NaN,26.46983528137207,0.23379382491111755,313114656768.0,mlp,embedding
854,8550,NaN,NaN,NaN,NaN,26.49444007873535,0.23379382491111755,320914358272.0,mlp,embedding
855,8560,NaN,NaN,NaN,NaN,26.527118682861328,0.23379382491111755,331574607872.0,mlp,embedding
856,8570,NaN,NaN,NaN,NaN,26.560697555541992,0.23379382491111755,342897557504.0,mlp,embedding
857,8580,NaN,NaN,NaN,NaN,26.586650848388672,0.23379382491111755,351913345024.0,mlp,embedding
858,8590,2.9170771540520946e-06,100.0,1.0000028610229492,0.001,26.610872268676758,0.23379382491111755,360541257728.0,mlp,embedding
859,8600,NaN,NaN,NaN,NaN,26.63814926147461,0.23379382491111755,370511118336.0,mlp,embedding
860,8610,NaN,NaN,NaN,NaN,26.654640197753906,0.21253985166549683,376671830016.0,mlp,embedding
861,8620,NaN,NaN,NaN,NaN,26.68050193786621,0.21253985166549683,386540273664.0,mlp,embedding
862,8630,NaN,NaN,NaN,NaN,26.7025203704834,0.21253985166549683,395145674752.0,mlp,embedding
863,8640,NaN,NaN,NaN,NaN,26.7246036529541,0.23379382491111755,403968851968.0,mlp,embedding
864,8650,NaN,NaN,NaN,NaN,26.748851776123047,0.21253985166549683,413884088320.0,mlp,embedding
865,8660,NaN,NaN,NaN,NaN,26.76615333557129,0.23379382491111755,421107236864.0,mlp,embedding
866,8670,2.202811401730287e-06,100.0,1.000002145767212,0.001,26.794307708740234,0.1912858635187149,433131716608.0,mlp,embedding
867,8680,NaN,NaN,NaN,NaN,26.806785583496094,0.21253985166549683,438570123264.0,mlp,embedding
868,8690,NaN,NaN,NaN,NaN,26.845245361328125,0.21253985166549683,455766016000.0,mlp,embedding
869,8700,NaN,NaN,NaN,NaN,26.856046676635742,0.21253985166549683,460715556864.0,mlp,embedding
870,8710,NaN,NaN,NaN,NaN,26.876873016357422,0.23379382491111755,470411182080.0,mlp,embedding
871,8720,NaN,NaN,NaN,NaN,26.894838333129883,0.23379382491111755,478938628096.0,mlp,embedding
872,8730,NaN,NaN,NaN,NaN,26.91306495666504,0.1912858635187149,487748108288.0,mlp,embedding
873,8740,NaN,NaN,NaN,NaN,26.969003677368164,0.21253985166549683,515809673216.0,mlp,embedding
874,8750,1.6997203147184337e-06,100.0,1.0000016689300537,0.001,26.983875274658203,0.21253985166549683,523537907712.0,mlp,embedding
875,8760,NaN,NaN,NaN,NaN,27.00567626953125,0.17003187537193298,535076864000.0,mlp,embedding
876,8770,NaN,NaN,NaN,NaN,27.054428100585938,0.21253985166549683,561809195008.0,mlp,embedding
877,8780,NaN,NaN,NaN,NaN,27.098773956298828,0.21253985166549683,587283759104.0,mlp,embedding
878,8790,NaN,NaN,NaN,NaN,27.099641799926758,0.23379382491111755,587793629184.0,mlp,embedding
879,8800,NaN,NaN,NaN,NaN,27.170934677124023,0.21253985166549683,631229054976.0,mlp,embedding
880,8810,NaN,NaN,NaN,NaN,27.2459659576416,0.21253985166549683,680413102080.0,mlp,embedding
881,8820,NaN,NaN,NaN,NaN,27.324316024780273,0.17003187537193298,735867568128.0,mlp,embedding
882,8830,1.2218696383570204e-06,100.0,1.0000011920928955,0.001,27.39101791381836,0.17003187537193298,786625331200.0,mlp,embedding
883,8840,NaN,NaN,NaN,NaN,27.467498779296875,0.21253985166549683,849147527168.0,mlp,embedding
884,8850,NaN,NaN,NaN,NaN,27.487716674804688,0.21253985166549683,866490253312.0,mlp,embedding
885,8860,NaN,NaN,NaN,NaN,27.589157104492188,0.21253985166549683,959000215552.0,mlp,embedding
886,8870,NaN,NaN,NaN,NaN,27.67694664001465,0.21253985166549683,1046996451328.0,mlp,embedding
887,8880,NaN,NaN,NaN,NaN,27.776247024536133,0.21253985166549683,1156300800000.0,mlp,embedding
888,8890,NaN,NaN,NaN,NaN,27.864177703857422,0.21253985166549683,1262579220480.0,mlp,embedding
889,8900,NaN,NaN,NaN,NaN,27.943889617919922,0.23379382491111755,1367341662208.0,mlp,embedding
890,8910,7.705014581915748e-07,100.0,1.0000007152557373,0.001,28.03219223022461,0.1912858635187149,1493572780032.0,mlp,embedding
891,8920,NaN,NaN,NaN,NaN,28.185998916625977,0.1912858635187149,1741902315520.0,mlp,embedding
892,8930,NaN,NaN,NaN,NaN,28.224374771118164,0.1912858635187149,1810048483328.0,mlp,embedding
893,8940,NaN,NaN,NaN,NaN,28.392614364624023,0.21253985166549683,2141685809152.0,mlp,embedding
894,8950,NaN,NaN,NaN,NaN,28.526832580566406,0.23379382491111755,2449322541056.0,mlp,embedding
895,8960,NaN,NaN,NaN,NaN,28.59471321105957,0.1912858635187149,2621356900352.0,mlp,embedding
896,8970,NaN,NaN,NaN,NaN,28.744632720947266,0.21253985166549683,3045337071616.0,mlp,embedding
897,8980,NaN,NaN,NaN,NaN,28.92698860168457,0.17003187537193298,3654530105344.0,mlp,embedding
898,8990,4.2230090002703946e-07,100.0,1.0000004768371582,0.001,28.9842586517334,0.21253985166549683,3869934354432.0,mlp,embedding
899,9000,NaN,NaN,NaN,NaN,29.194929122924805,0.21253985166549683,4777455386624.0,mlp,embedding
900,9010,NaN,NaN,NaN,NaN,29.3409366607666,0.1912858635187149,5528494800896.0,mlp,embedding
901,9020,NaN,NaN,NaN,NaN,29.443553924560547,0.21253985166549683,6125943521280.0,mlp,embedding
902,9030,NaN,NaN,NaN,NaN,29.62580108642578,0.21253985166549683,7350585393152.0,mlp,embedding
903,9040,NaN,NaN,NaN,NaN,29.79043197631836,0.23379382491111755,8666030800896.0,mlp,embedding
904,9050,NaN,NaN,NaN,NaN,29.90590476989746,0.1912858635187149,9726787059712.0,mlp,embedding
905,9060,NaN,NaN,NaN,NaN,30.033109664916992,0.21253985166549683,11046222823424.0,mlp,embedding
906,9070,2.5055740593415976e-07,100.0,1.000000238418579,0.001,30.16280174255371,0.21253985166549683,12575879200768.0,mlp,embedding
907,9080,NaN,NaN,NaN,NaN,30.403493881225586,0.23379382491111755,15998145003520.0,mlp,embedding
908,9090,NaN,NaN,NaN,NaN,30.592119216918945,0.23379382491111755,19319173939200.0,mlp,embedding
909,9100,NaN,NaN,NaN,NaN,30.862018585205078,0.23379382491111755,25304886149120.0,mlp,embedding
910,9110,NaN,NaN,NaN,NaN,31.02651023864746,0.25504782795906067,29829239930880.0,mlp,embedding
911,9120,NaN,NaN,NaN,NaN,31.157100677490234,0.23379382491111755,33990448775168.0,mlp,embedding
912,9130,NaN,NaN,NaN,NaN,31.322416305541992,0.17003187537193298,40100754882560.0,mlp,embedding
913,9140,NaN,NaN,NaN,NaN,34.68153381347656,0.14877788722515106,1153449974562816.0,mlp,embedding
914,9150,NaN,NaN,NaN,NaN,27.51263999938965,0.2763018012046814,888357388288.0,mlp,embedding
915,9160,0.1915023922920227,93.98384094238281,1.2110676765441895,0.001,24.49810791015625,0.4463336765766144,43590623232.0,mlp,embedding
916,9170,NaN,NaN,NaN,NaN,24.056489944458008,0.2975557744503021,28028563456.0,mlp,embedding
917,9180,NaN,NaN,NaN,NaN,24.288776397705078,0.2975557744503021,35357499392.0,mlp,embedding
918,9190,NaN,NaN,NaN,NaN,24.45585060119629,0.25504782795906067,41786978304.0,mlp,embedding
919,9200,NaN,NaN,NaN,NaN,24.519695281982422,0.2763018012046814,44541861888.0,mlp,embedding
920,9210,NaN,NaN,NaN,NaN,24.495439529418945,0.3825717270374298,43474460672.0,mlp,embedding
921,9220,NaN,NaN,NaN,NaN,24.439376831054688,0.3825717270374298,41104228352.0,mlp,embedding
922,9230,NaN,NaN,NaN,NaN,24.389421463012695,0.3613177239894867,39101296640.0,mlp,embedding
923,9240,NaN,NaN,NaN,NaN,24.349695205688477,0.34006375074386597,37578399744.0,mlp,embedding
924,9250,0.00021996379655320197,100.0,1.0002199411392212,0.001,24.315906524658203,0.31880977749824524,36329885696.0,mlp,embedding
925,9260,NaN,NaN,NaN,NaN,24.282142639160156,0.2975557744503021,35123724288.0,mlp,embedding
926,9270,NaN,NaN,NaN,NaN,24.249685287475586,0.2975557744503021,34002003968.0,mlp,embedding
927,9280,NaN,NaN,NaN,NaN,24.217552185058594,0.2975557744503021,32926781440.0,mlp,embedding
928,9290,NaN,NaN,NaN,NaN,24.18716049194336,0.2975557744503021,31941134336.0,mlp,embedding
929,9300,NaN,NaN,NaN,NaN,24.158340454101562,0.31880977749824524,31033729024.0,mlp,embedding
930,9310,NaN,NaN,NaN,NaN,24.130809783935547,0.2975557744503021,30191001600.0,mlp,embedding
931,9320,NaN,NaN,NaN,NaN,24.10444450378418,0.2975557744503021,29405409280.0,mlp,embedding
932,9330,NaN,NaN,NaN,NaN,24.080053329467773,0.2763018012046814,28696854528.0,mlp,embedding
933,9340,0.00011935723887290806,100.0,1.0001193284988403,0.001,24.05787467956543,0.2763018012046814,28067401728.0,mlp,embedding
934,9350,NaN,NaN,NaN,NaN,24.0368595123291,0.2763018012046814,27483715584.0,mlp,embedding
935,9360,NaN,NaN,NaN,NaN,24.019359588623047,0.2763018012046814,27006937088.0,mlp,embedding
936,9370,NaN,NaN,NaN,NaN,24.00444793701172,0.2763018012046814,26607206400.0,mlp,embedding
937,9380,NaN,NaN,NaN,NaN,23.990591049194336,0.2763018012046814,26241056768.0,mlp,embedding
938,9390,NaN,NaN,NaN,NaN,23.978479385375977,0.25504782795906067,25925150720.0,mlp,embedding
939,9400,NaN,NaN,NaN,NaN,23.96971321105957,0.25504782795906067,25698879488.0,mlp,embedding
940,9410,NaN,NaN,NaN,NaN,23.96048355102539,0.25504782795906067,25462777856.0,mlp,embedding
941,9420,NaN,NaN,NaN,NaN,23.953556060791016,0.25504782795906067,25286993920.0,mlp,embedding
942,9430,7.424356590490788e-05,100.0,1.0000742673873901,0.001,23.94921112060547,0.25504782795906067,25177362432.0,mlp,embedding
943,9440,NaN,NaN,NaN,NaN,23.94598960876465,0.25504782795906067,25096384512.0,mlp,embedding
944,9450,NaN,NaN,NaN,NaN,23.94418716430664,0.25504782795906067,25051189248.0,mlp,embedding
945,9460,NaN,NaN,NaN,NaN,23.945049285888672,0.2975557744503021,25072795648.0,mlp,embedding
946,9470,NaN,NaN,NaN,NaN,23.945697784423828,0.2975557744503021,25089060864.0,mlp,embedding
947,9480,NaN,NaN,NaN,NaN,23.948469161987305,0.2763018012046814,25158688768.0,mlp,embedding
948,9490,NaN,NaN,NaN,NaN,23.955141067504883,0.2763018012046814,25327106048.0,mlp,embedding
949,9500,NaN,NaN,NaN,NaN,23.96564483642578,0.2763018012046814,25594537984.0,mlp,embedding
950,9510,NaN,NaN,NaN,NaN,23.977624893188477,0.2763018012046814,25903007744.0,mlp,embedding
951,9520,4.338420330896042e-05,100.0,1.0000433921813965,0.001,23.99104118347168,0.2763018012046814,26252871680.0,mlp,embedding
952,9530,NaN,NaN,NaN,NaN,24.0078067779541,0.23379382491111755,26696726528.0,mlp,embedding
953,9540,NaN,NaN,NaN,NaN,24.03006362915039,0.23379382491111755,27297572864.0,mlp,embedding
954,9550,NaN,NaN,NaN,NaN,24.054067611694336,0.23379382491111755,27960750080.0,mlp,embedding
955,9560,NaN,NaN,NaN,NaN,24.08574104309082,0.23379382491111755,28860538880.0,mlp,embedding
956,9570,NaN,NaN,NaN,NaN,24.11521339416504,0.23379382491111755,29723785216.0,mlp,embedding
957,9580,NaN,NaN,NaN,NaN,24.14629364013672,0.23379382491111755,30662113280.0,mlp,embedding
958,9590,NaN,NaN,NaN,NaN,24.198884963989258,0.23379382491111755,32317831168.0,mlp,embedding
959,9600,NaN,NaN,NaN,NaN,24.238750457763672,0.23379382491111755,33632223232.0,mlp,embedding
960,9610,2.2881344193592668e-05,100.0,1.0000228881835938,0.001,24.291383743286133,0.23379382491111755,35449810944.0,mlp,embedding
961,9620,NaN,NaN,NaN,NaN,24.34208869934082,0.21253985166549683,37293641728.0,mlp,embedding
962,9630,NaN,NaN,NaN,NaN,24.39398193359375,0.21253985166549683,39280025600.0,mlp,embedding
963,9640,NaN,NaN,NaN,NaN,24.434009552001953,0.21253985166549683,40884199424.0,mlp,embedding
964,9650,NaN,NaN,NaN,NaN,24.50203514099121,0.17003187537193298,43762151424.0,mlp,embedding
965,9660,NaN,NaN,NaN,NaN,24.537431716918945,0.1912858635187149,45338923008.0,mlp,embedding
966,9670,NaN,NaN,NaN,NaN,24.59739875793457,0.1912858635187149,48140939264.0,mlp,embedding
967,9680,NaN,NaN,NaN,NaN,24.649736404418945,0.17003187537193298,50727620608.0,mlp,embedding
968,9690,NaN,NaN,NaN,NaN,24.69809913635254,0.14877788722515106,53241241600.0,mlp,embedding
969,9700,1.2175608389952686e-05,100.0,1.0000121593475342,0.001,24.72174835205078,0.17003187537193298,54515359744.0,mlp,embedding
970,9710,NaN,NaN,NaN,NaN,24.77356719970703,0.17003187537193298,57414758400.0,mlp,embedding
971,9720,NaN,NaN,NaN,NaN,24.815507888793945,0.14877788722515106,59873980416.0,mlp,embedding
972,9730,NaN,NaN,NaN,NaN,24.837331771850586,0.14877788722515106,61195026432.0,mlp,embedding
973,9740,NaN,NaN,NaN,NaN,24.886505126953125,0.14877788722515106,64279404544.0,mlp,embedding
974,9750,NaN,NaN,NaN,NaN,24.90434455871582,0.17003187537193298,65436401664.0,mlp,embedding
975,9760,NaN,NaN,NaN,NaN,24.97269630432129,0.17003187537193298,70065496064.0,mlp,embedding
976,9770,NaN,NaN,NaN,NaN,24.997833251953125,0.12752391397953033,71849050112.0,mlp,embedding
977,9780,NaN,NaN,NaN,NaN,25.032337188720703,0.14877788722515106,74371391488.0,mlp,embedding
978,9790,7.1295048655883875e-06,100.0,1.000007152557373,0.001,25.07084846496582,0.14877788722515106,77291397120.0,mlp,embedding
979,9800,NaN,NaN,NaN,NaN,25.10740089416504,0.14877788722515106,80168853504.0,mlp,embedding
980,9810,NaN,NaN,NaN,NaN,25.128442764282227,0.14877788722515106,81873625088.0,mlp,embedding
981,9820,NaN,NaN,NaN,NaN,25.18450927734375,0.14877788722515106,86595117056.0,mlp,embedding
982,9830,NaN,NaN,NaN,NaN,25.201629638671875,0.14877788722515106,88090419200.0,mlp,embedding
983,9840,NaN,NaN,NaN,NaN,25.245689392089844,0.14877788722515106,92058435584.0,mlp,embedding
984,9850,NaN,NaN,NaN,NaN,25.284582138061523,0.14877788722515106,95709380608.0,mlp,embedding
985,9860,NaN,NaN,NaN,NaN,25.298662185668945,0.14877788722515106,97066500096.0,mlp,embedding
986,9870,NaN,NaN,NaN,NaN,25.33285140991211,0.14877788722515106,100442513408.0,mlp,embedding
987,9880,4.520413767750142e-06,100.0,1.000004529953003,0.001,25.37592315673828,0.14877788722515106,104863268864.0,mlp,embedding
988,9890,NaN,NaN,NaN,NaN,25.393325805664062,0.17003187537193298,106704142336.0,mlp,embedding
989,9900,NaN,NaN,NaN,NaN,25.438657760620117,0.17003187537193298,111652560896.0,mlp,embedding
990,9910,NaN,NaN,NaN,NaN,25.45469093322754,0.21253985166549683,113457135616.0,mlp,embedding
991,9920,NaN,NaN,NaN,NaN,25.478073120117188,0.17003187537193298,116141268992.0,mlp,embedding
992,9930,NaN,NaN,NaN,NaN,25.51517677307129,0.1912858635187149,120531476480.0,mlp,embedding
993,9940,NaN,NaN,NaN,NaN,25.543251037597656,0.1912858635187149,123963252736.0,mlp,embedding
994,9950,NaN,NaN,NaN,NaN,25.585906982421875,0.1912858635187149,129365426176.0,mlp,embedding
995,9960,NaN,NaN,NaN,NaN,25.600751876831055,0.17003187537193298,131300163584.0,mlp,embedding
996,9970,3.1117044727579923e-06,100.0,1.0000030994415283,0.001,25.63578224182129,0.1912858635187149,135981170688.0,mlp,embedding
997,9980,NaN,NaN,NaN,NaN,25.652420043945312,0.1912858635187149,138262528000.0,mlp,embedding
998,9990,NaN,NaN,NaN,NaN,25.682668685913086,0.21253985166549683,142508670976.0,mlp,embedding
999,10000,NaN,NaN,NaN,NaN,25.697708129882812,0.21253985166549683,144668114944.0,mlp,embedding
1000,10010,NaN,NaN,NaN,NaN,25.7332763671875,0.1912858635187149,149906309120.0,mlp,embedding
1001,10020,NaN,NaN,NaN,NaN,25.73542594909668,0.1912858635187149,150228893696.0,mlp,embedding
1002,10030,NaN,NaN,NaN,NaN,25.78832244873047,0.21253985166549683,158389403648.0,mlp,embedding
1003,10040,NaN,NaN,NaN,NaN,25.781763076782227,0.21253985166549683,157353869312.0,mlp,embedding
1004,10050,NaN,NaN,NaN,NaN,25.83870506286621,0.1912858635187149,166573932544.0,mlp,embedding
1005,10060,2.3104646516003413e-06,100.0,1.0000022649765015,0.001,25.86220932006836,0.21253985166549683,170535501824.0,mlp,embedding
1006,10070,NaN,NaN,NaN,NaN,25.864774703979492,0.23379382491111755,170973544448.0,mlp,embedding
1007,10080,NaN,NaN,NaN,NaN,25.905908584594727,0.21253985166549683,178152996864.0,mlp,embedding
1008,10090,NaN,NaN,NaN,NaN,25.94063377380371,0.17003187537193298,184448073728.0,mlp,embedding
1009,10100,NaN,NaN,NaN,NaN,25.945693969726562,0.25504782795906067,185383780352.0,mlp,embedding
1010,10110,NaN,NaN,NaN,NaN,26.006296157836914,0.1912858635187149,196965842944.0,mlp,embedding
1011,10120,NaN,NaN,NaN,NaN,26.067277908325195,0.17003187537193298,209350950912.0,mlp,embedding
1012,10130,NaN,NaN,NaN,NaN,26.09139633178711,0.1912858635187149,214461562880.0,mlp,embedding
1013,10140,NaN,NaN,NaN,NaN,26.13857650756836,0.17003187537193298,224822378496.0,mlp,embedding
1014,10150,NaN,NaN,NaN,NaN,26.218563079833984,0.17003187537193298,243543900160.0,mlp,embedding
1015,10160,1.5798522099430556e-06,100.0,1.0000015497207642,0.001,26.256486892700195,0.1912858635187149,252957392896.0,mlp,embedding
1016,10170,NaN,NaN,NaN,NaN,26.34316635131836,0.1912858635187149,275861929984.0,mlp,embedding
1017,10180,NaN,NaN,NaN,NaN,26.38045310974121,0.1912858635187149,286342119424.0,mlp,embedding
1018,10190,NaN,NaN,NaN,NaN,26.463254928588867,0.1912858635187149,311061020672.0,mlp,embedding
1019,10200,NaN,NaN,NaN,NaN,26.520183563232422,0.1912858635187149,329283043328.0,mlp,embedding
1020,10210,NaN,NaN,NaN,NaN,26.60456657409668,0.21253985166549683,358274957312.0,mlp,embedding
1021,10220,NaN,NaN,NaN,NaN,26.726003646850586,0.21253985166549683,404534820864.0,mlp,embedding
1022,10230,NaN,NaN,NaN,NaN,26.821840286254883,0.17003187537193298,445222617088.0,mlp,embedding
1023,10240,NaN,NaN,NaN,NaN,26.923049926757812,0.1912858635187149,492642664448.0,mlp,embedding
1024,10250,NaN,NaN,NaN,NaN,27.028263092041016,0.1912858635187149,547300081664.0,mlp,embedding
1025,10260,9.251389769815432e-07,100.0,1.0000009536743164,0.001,27.090768814086914,0.23379382491111755,582601211904.0,mlp,embedding
1026,10270,NaN,NaN,NaN,NaN,27.215389251708984,0.25504782795906067,659923140608.0,mlp,embedding
1027,10280,NaN,NaN,NaN,NaN,27.368562698364258,0.21253985166549683,769158348800.0,mlp,embedding
1028,10290,NaN,NaN,NaN,NaN,27.454225540161133,0.23379382491111755,837951094784.0,mlp,embedding
1029,10300,NaN,NaN,NaN,NaN,27.60832977294922,0.21253985166549683,977564139520.0,mlp,embedding
1030,10310,NaN,NaN,NaN,NaN,27.768001556396484,0.23379382491111755,1146805682176.0,mlp,embedding
1031,10320,NaN,NaN,NaN,NaN,27.85676383972168,0.1912858635187149,1253253185536.0,mlp,embedding
1032,10330,NaN,NaN,NaN,NaN,27.974611282348633,0.2763018012046814,1410000617472.0,mlp,embedding
1033,10340,NaN,NaN,NaN,NaN,28.18511199951172,0.1912858635187149,1740358025216.0,mlp,embedding
1034,10350,NaN,NaN,NaN,NaN,28.276996612548828,0.2763018012046814,1907847200768.0,mlp,embedding
1035,10360,3.892294557772402e-07,100.0,1.0000003576278687,0.001,28.36826515197754,0.21253985166549683,2090167173120.0,mlp,embedding
1036,10370,NaN,NaN,NaN,NaN,28.547588348388672,0.21253985166549683,2500691230720.0,mlp,embedding
1037,10380,NaN,NaN,NaN,NaN,28.745092391967773,0.23379382491111755,3046737182720.0,mlp,embedding
1038,10390,NaN,NaN,NaN,NaN,28.819408416748047,0.1912858635187149,3281784406016.0,mlp,embedding
1039,10400,NaN,NaN,NaN,NaN,29.02195167541504,0.23379382491111755,4018587828224.0,mlp,embedding
1040,10410,NaN,NaN,NaN,NaN,29.17569351196289,0.14877788722515106,4686435844096.0,mlp,embedding
1041,10420,NaN,NaN,NaN,NaN,29.357664108276367,0.23379382491111755,5621749907456.0,mlp,embedding
1042,10430,NaN,NaN,NaN,NaN,29.4471435546875,0.21253985166549683,6147973054464.0,mlp,embedding
1043,10440,NaN,NaN,NaN,NaN,29.697649002075195,0.21253985166549683,7898144964608.0,mlp,embedding
1044,10450,NaN,NaN,NaN,NaN,29.836444854736328,0.23379382491111755,9074095685632.0,mlp,embedding
1045,10460,1.9356302516371215e-07,100.0,1.000000238418579,0.001,30.069652557373047,0.25504782795906067,11457349550080.0,mlp,embedding
1046,10470,NaN,NaN,NaN,NaN,30.307146072387695,0.23379382491111755,14528685277184.0,mlp,embedding
1047,10480,NaN,NaN,NaN,NaN,30.48274803161621,0.2763018012046814,17317662556160.0,mlp,embedding
1048,10490,NaN,NaN,NaN,NaN,30.622312545776367,0.21253985166549683,19911380303872.0,mlp,embedding
1049,10500,NaN,NaN,NaN,NaN,30.78370475769043,0.1912858635187149,23398774210560.0,mlp,embedding
1050,10510,NaN,NaN,NaN,NaN,31.00323486328125,0.23379382491111755,29142970007552.0,mlp,embedding
1051,10520,NaN,NaN,NaN,NaN,31.404430389404297,0.14877788722515106,43528210087936.0,mlp,embedding
1052,10530,NaN,NaN,NaN,NaN,28.51068687438965,0.25504782795906067,2410094002176.0,mlp,embedding
1053,10540,NaN,NaN,NaN,NaN,25.684663772583008,0.34006375074386597,142793277440.0,mlp,embedding
1054,10550,NaN,NaN,NaN,NaN,24.934783935546875,0.40382570028305054,67458871296.0,mlp,embedding
1055,10560,0.01664506271481514,99.42601776123047,1.0167843103408813,0.001,24.679845809936523,0.3613177239894867,52278226944.0,mlp,embedding
1056,10570,NaN,NaN,NaN,NaN,25.062353134155273,0.3613177239894867,76637560832.0,mlp,embedding
1057,10580,NaN,NaN,NaN,NaN,25.270183563232422,0.25504782795906067,94341177344.0,mlp,embedding
1058,10590,NaN,NaN,NaN,NaN,25.307220458984375,0.25504782795906067,97900789760.0,mlp,embedding
1059,10600,NaN,NaN,NaN,NaN,25.250444412231445,0.2763018012046814,92497215488.0,mlp,embedding
1060,10610,NaN,NaN,NaN,NaN,25.177358627319336,0.31880977749824524,85978112000.0,mlp,embedding
1061,10620,NaN,NaN,NaN,NaN,25.11001968383789,0.2975557744503021,80379068416.0,mlp,embedding
1062,10630,NaN,NaN,NaN,NaN,25.04916763305664,0.2975557744503021,75633688576.0,mlp,embedding
1063,10640,NaN,NaN,NaN,NaN,24.99427032470703,0.34006375074386597,71593517056.0,mlp,embedding
1064,10650,NaN,NaN,NaN,NaN,24.940540313720703,0.3613177239894867,67848310784.0,mlp,embedding
1065,10660,0.00010384077177150175,100.0,1.0001038312911987,0.001,24.885530471801758,0.3613177239894867,64216784896.0,mlp,embedding
1066,10670,NaN,NaN,NaN,NaN,24.835763931274414,0.3613177239894867,61099159552.0,mlp,embedding
1067,10680,NaN,NaN,NaN,NaN,24.785541534423828,0.34006375074386597,58106392576.0,mlp,embedding
1068,10690,NaN,NaN,NaN,NaN,24.737884521484375,0.3613177239894867,55402164224.0,mlp,embedding
1069,10700,NaN,NaN,NaN,NaN,24.691938400268555,0.3613177239894867,52914245632.0,mlp,embedding
1070,10710,NaN,NaN,NaN,NaN,24.64862060546875,0.3613177239894867,50671050752.0,mlp,embedding
1071,10720,NaN,NaN,NaN,NaN,24.606033325195312,0.34006375074386597,48558415872.0,mlp,embedding
1072,10730,NaN,NaN,NaN,NaN,24.566728591918945,0.34006375074386597,46686859264.0,mlp,embedding
1073,10740,NaN,NaN,NaN,NaN,24.53114128112793,0.34006375074386597,45054615552.0,mlp,embedding
1074,10750,NaN,NaN,NaN,NaN,24.498382568359375,0.34006375074386597,43602595840.0,mlp,embedding
1075,10760,5.5537540902150795e-05,100.0,1.0000555515289307,0.001,24.466402053833008,0.34006375074386597,42230226944.0,mlp,embedding
1076,10770,NaN,NaN,NaN,NaN,24.43739891052246,0.34006375074386597,41023008768.0,mlp,embedding
1077,10780,NaN,NaN,NaN,NaN,24.411014556884766,0.34006375074386597,39954796544.0,mlp,embedding
1078,10790,NaN,NaN,NaN,NaN,24.386981964111328,0.34006375074386597,39006023680.0,mlp,embedding
1079,10800,NaN,NaN,NaN,NaN,24.365909576416016,0.34006375074386597,38192676864.0,mlp,embedding
1080,10810,NaN,NaN,NaN,NaN,24.347827911376953,0.34006375074386597,37508292608.0,mlp,embedding
1081,10820,NaN,NaN,NaN,NaN,24.33029556274414,0.31880977749824524,36856418304.0,mlp,embedding
1082,10830,NaN,NaN,NaN,NaN,24.31326675415039,0.34006375074386597,36234108928.0,mlp,embedding
1083,10840,NaN,NaN,NaN,NaN,24.29734230041504,0.34006375074386597,35661672448.0,mlp,embedding
1084,10850,NaN,NaN,NaN,NaN,24.287641525268555,0.34006375074386597,35317395456.0,mlp,embedding
1085,10860,3.4184839023509994e-05,100.0,1.000034213066101,0.001,24.280851364135742,0.3613177239894867,35078397952.0,mlp,embedding
1086,10870,NaN,NaN,NaN,NaN,24.276721954345703,0.31880977749824524,34933846016.0,mlp,embedding
1087,10880,NaN,NaN,NaN,NaN,24.272396087646484,0.34006375074386597,34783051776.0,mlp,embedding
1088,10890,NaN,NaN,NaN,NaN,24.26804542541504,0.34006375074386597,34632052736.0,mlp,embedding
1089,10900,NaN,NaN,NaN,NaN,24.26645278930664,0.31880977749824524,34576936960.0,mlp,embedding
1090,10910,NaN,NaN,NaN,NaN,24.2669734954834,0.31880977749824524,34594947072.0,mlp,embedding
1091,10920,NaN,NaN,NaN,NaN,24.27573013305664,0.34006375074386597,34899214336.0,mlp,embedding
1092,10930,NaN,NaN,NaN,NaN,24.2832088470459,0.34006375074386597,35161194496.0,mlp,embedding
1093,10940,NaN,NaN,NaN,NaN,24.293373107910156,0.34006375074386597,35520401408.0,mlp,embedding
1094,10950,NaN,NaN,NaN,NaN,24.30584716796875,0.34006375074386597,35966263296.0,mlp,embedding
1095,10960,1.9391569367144257e-05,100.0,1.0000194311141968,0.001,24.3167781829834,0.34006375074386597,36361568256.0,mlp,embedding
1096,10970,NaN,NaN,NaN,NaN,24.340181350708008,0.34006375074386597,37222576128.0,mlp,embedding
1097,10980,NaN,NaN,NaN,NaN,24.35839080810547,0.31880977749824524,37906591744.0,mlp,embedding
1098,10990,NaN,NaN,NaN,NaN,24.375255584716797,0.31880977749824524,38551298048.0,mlp,embedding
1099,11000,NaN,NaN,NaN,NaN,24.395368576049805,0.31880977749824524,39334531072.0,mlp,embedding
1100,11010,NaN,NaN,NaN,NaN,24.418365478515625,0.31880977749824524,40249581568.0,mlp,embedding
1101,11020,NaN,NaN,NaN,NaN,24.44093132019043,0.31880977749824524,41168175104.0,mlp,embedding
1102,11030,NaN,NaN,NaN,NaN,24.468284606933594,0.2975557744503021,42309799936.0,mlp,embedding
1103,11040,NaN,NaN,NaN,NaN,24.4943790435791,0.2975557744503021,43428380672.0,mlp,embedding
1104,11050,NaN,NaN,NaN,NaN,24.5222225189209,0.2763018012046814,44654571520.0,mlp,embedding
1105,11060,1.037821130012162e-05,100.0,1.000010371208191,0.001,24.552967071533203,0.25504782795906067,46048780288.0,mlp,embedding
1106,11070,NaN,NaN,NaN,NaN,24.585405349731445,0.2975557744503021,47567011840.0,mlp,embedding
1107,11080,NaN,NaN,NaN,NaN,24.616180419921875,0.2975557744503021,49053650944.0,mlp,embedding
1108,11090,NaN,NaN,NaN,NaN,24.651042938232422,0.2975557744503021,50793943040.0,mlp,embedding
1109,11100,NaN,NaN,NaN,NaN,24.689077377319336,0.23379382491111755,52763070464.0,mlp,embedding
1110,11110,NaN,NaN,NaN,NaN,24.72296905517578,0.23379382491111755,54581948416.0,mlp,embedding
1111,11120,NaN,NaN,NaN,NaN,24.75774383544922,0.25504782795906067,56513413120.0,mlp,embedding
1112,11130,NaN,NaN,NaN,NaN,24.796945571899414,0.23379382491111755,58772832256.0,mlp,embedding
1113,11140,NaN,NaN,NaN,NaN,24.83003044128418,0.23379382491111755,60749848576.0,mlp,embedding
1114,11150,NaN,NaN,NaN,NaN,24.86620330810547,0.23379382491111755,62987575296.0,mlp,embedding
1115,11160,NaN,NaN,NaN,NaN,24.905370712280273,0.23379382491111755,65503584256.0,mlp,embedding
1116,11170,5.386825250752736e-06,100.0,1.0000053644180298,0.001,24.943973541259766,0.23379382491111755,68081647616.0,mlp,embedding
1117,11180,NaN,NaN,NaN,NaN,24.984350204467773,0.23379382491111755,70886809600.0,mlp,embedding
1118,11190,NaN,NaN,NaN,NaN,25.020957946777344,0.25504782795906067,73529901056.0,mlp,embedding
1119,11200,NaN,NaN,NaN,NaN,25.04758644104004,0.25504782795906067,75514191872.0,mlp,embedding
1120,11210,NaN,NaN,NaN,NaN,25.094173431396484,0.25504782795906067,79115403264.0,mlp,embedding
1121,11220,NaN,NaN,NaN,NaN,25.13079071044922,0.25504782795906067,82066087936.0,mlp,embedding
1122,11230,NaN,NaN,NaN,NaN,25.163496017456055,0.2763018012046814,84794458112.0,mlp,embedding
1123,11240,NaN,NaN,NaN,NaN,25.203556060791016,0.2763018012046814,88260280320.0,mlp,embedding
1124,11250,NaN,NaN,NaN,NaN,25.236289978027344,0.2763018012046814,91197194240.0,mlp,embedding
1125,11260,NaN,NaN,NaN,NaN,25.273073196411133,0.2763018012046814,94614183936.0,mlp,embedding
1126,11270,NaN,NaN,NaN,NaN,25.29500389099121,0.2763018012046814,96712056832.0,mlp,embedding
1127,11280,3.2185455438593635e-06,100.0,1.0000032186508179,0.001,25.328838348388672,0.2763018012046814,100040237056.0,mlp,embedding
1128,11290,NaN,NaN,NaN,NaN,25.355506896972656,0.2763018012046814,102744064000.0,mlp,embedding
1129,11300,NaN,NaN,NaN,NaN,25.380939483642578,0.25504782795906067,105390620672.0,mlp,embedding
1130,11310,NaN,NaN,NaN,NaN,25.402921676635742,0.25504782795906067,107732992000.0,mlp,embedding
1131,11320,NaN,NaN,NaN,NaN,25.418424606323242,0.25504782795906067,109416177664.0,mlp,embedding
1132,11330,NaN,NaN,NaN,NaN,25.438573837280273,0.25504782795906067,111643189248.0,mlp,embedding
1133,11340,NaN,NaN,NaN,NaN,25.461164474487305,0.25504782795906067,114193989632.0,mlp,embedding
1134,11350,NaN,NaN,NaN,NaN,25.473896026611328,0.25504782795906067,115657146368.0,mlp,embedding
1135,11360,NaN,NaN,NaN,NaN,25.49251365661621,0.25504782795906067,117830582272.0,mlp,embedding
1136,11370,NaN,NaN,NaN,NaN,25.521347045898438,0.25504782795906067,121277489152.0,mlp,embedding
1137,11380,NaN,NaN,NaN,NaN,25.52325439453125,0.2763018012046814,121509027840.0,mlp,embedding
1138,11390,2.229851588708698e-06,100.0,1.0000022649765015,0.001,25.545259475708008,0.25504782795906067,124212477952.0,mlp,embedding
1139,11400,NaN,NaN,NaN,NaN,25.576337814331055,0.23379382491111755,128133406720.0,mlp,embedding
1140,11410,NaN,NaN,NaN,NaN,25.578428268432617,0.25504782795906067,128401547264.0,mlp,embedding
1141,11420,NaN,NaN,NaN,NaN,25.600080490112305,0.25504782795906067,131212042240.0,mlp,embedding
1142,11430,NaN,NaN,NaN,NaN,25.622007369995117,0.2763018012046814,134120890368.0,mlp,embedding
1143,11440,NaN,NaN,NaN,NaN,25.637277603149414,0.2763018012046814,136184659968.0,mlp,embedding
1144,11450,NaN,NaN,NaN,NaN,25.664827346801758,0.23379382491111755,139988680704.0,mlp,embedding
1145,11460,NaN,NaN,NaN,NaN,25.713695526123047,0.21253985166549683,146999574528.0,mlp,embedding
1146,11470,NaN,NaN,NaN,NaN,25.741037368774414,0.21253985166549683,151074258944.0,mlp,embedding
1147,11480,NaN,NaN,NaN,NaN,25.769739151000977,0.21253985166549683,155473199104.0,mlp,embedding
1148,11490,NaN,NaN,NaN,NaN,25.798412322998047,0.2763018012046814,159995625472.0,mlp,embedding
1149,11500,1.5608964076818665e-06,100.0,1.0000015497207642,0.001,25.843955993652344,0.23379382491111755,167450902528.0,mlp,embedding
1150,11510,NaN,NaN,NaN,NaN,25.888994216918945,0.23379382491111755,175164997632.0,mlp,embedding
1151,11520,NaN,NaN,NaN,NaN,25.931119918823242,0.21253985166549683,182701572096.0,mlp,embedding
1152,11530,NaN,NaN,NaN,NaN,26.037979125976562,0.21253985166549683,203306221568.0,mlp,embedding
1153,11540,NaN,NaN,NaN,NaN,26.078350067138672,0.21253985166549683,211681804288.0,mlp,embedding
1154,11550,NaN,NaN,NaN,NaN,26.118928909301758,0.23379382491111755,220448276480.0,mlp,embedding
1155,11560,NaN,NaN,NaN,NaN,26.187902450561523,0.1912858635187149,236190007296.0,mlp,embedding
1156,11570,NaN,NaN,NaN,NaN,26.261573791503906,0.23379382491111755,254247436288.0,mlp,embedding
1157,11580,NaN,NaN,NaN,NaN,26.366365432739258,0.23379382491111755,282336493568.0,mlp,embedding
1158,11590,NaN,NaN,NaN,NaN,26.49808120727539,0.23379382491111755,322084962304.0,mlp,embedding
1159,11600,NaN,NaN,NaN,NaN,26.56791877746582,0.21253985166549683,345382649856.0,mlp,embedding
1160,11610,8.484284421683697e-07,100.0,1.0000008344650269,0.001,26.615407943725586,0.2975557744503021,362180280320.0,mlp,embedding
1161,11620,NaN,NaN,NaN,NaN,26.756689071655273,0.25504782795906067,417140572160.0,mlp,embedding
1162,11630,NaN,NaN,NaN,NaN,26.870058059692383,0.2975557744503021,467216269312.0,mlp,embedding
1163,11640,NaN,NaN,NaN,NaN,26.96114158630371,0.2763018012046814,511770230784.0,mlp,embedding
1164,11650,NaN,NaN,NaN,NaN,27.095735549926758,0.25504782795906067,585502097408.0,mlp,embedding
1165,11660,NaN,NaN,NaN,NaN,27.175777435302734,0.25504782795906067,634293387264.0,mlp,embedding
1166,11670,NaN,NaN,NaN,NaN,27.329805374145508,0.21253985166549683,739918151680.0,mlp,embedding
1167,11680,NaN,NaN,NaN,NaN,27.400739669799805,0.2763018012046814,794310017024.0,mlp,embedding
1168,11690,NaN,NaN,NaN,NaN,27.545372009277344,0.25504782795906067,917916286976.0,mlp,embedding
1169,11700,NaN,NaN,NaN,NaN,27.769994735717773,0.1912858635187149,1149093806080.0,mlp,embedding
1170,11710,NaN,NaN,NaN,NaN,27.8868350982666,0.23379382491111755,1291512446976.0,mlp,embedding
1171,11720,3.652304769730108e-07,100.0,1.0000003576278687,0.001,28.0283145904541,0.25504782795906067,1487792504832.0,mlp,embedding
1172,11730,NaN,NaN,NaN,NaN,28.21615982055664,0.2763018012046814,1795239968768.0,mlp,embedding
1173,11740,NaN,NaN,NaN,NaN,28.297277450561523,0.2763018012046814,1946934968320.0,mlp,embedding
1174,11750,NaN,NaN,NaN,NaN,28.499534606933594,0.2763018012046814,2383365275648.0,mlp,embedding
1175,11760,NaN,NaN,NaN,NaN,28.609092712402344,0.2763018012046814,2659322953728.0,mlp,embedding
1176,11770,NaN,NaN,NaN,NaN,28.8201904296875,0.23379382491111755,3284351844352.0,mlp,embedding
1177,11780,NaN,NaN,NaN,NaN,29.015064239501953,0.25504782795906067,3991005298688.0,mlp,embedding
1178,11790,NaN,NaN,NaN,NaN,29.142730712890625,0.23379382491111755,4534476210176.0,mlp,embedding
1179,11800,NaN,NaN,NaN,NaN,29.426982879638672,0.23379382491111755,6025266593792.0,mlp,embedding
1180,11810,NaN,NaN,NaN,NaN,29.543514251708984,0.25504782795906067,6769946394624.0,mlp,embedding
1181,11820,NaN,NaN,NaN,NaN,29.697134017944336,0.23379382491111755,7894078586880.0,mlp,embedding
1182,11830,1.9731365341613127e-07,100.0,1.000000238418579,0.001,29.944477081298828,0.23379382491111755,10109301293056.0,mlp,embedding
1183,11840,NaN,NaN,NaN,NaN,30.223154067993164,0.23379382491111755,13358233288704.0,mlp,embedding
1184,11850,NaN,NaN,NaN,NaN,30.373750686645508,0.2763018012046814,15529316188160.0,mlp,embedding
1185,11860,NaN,NaN,NaN,NaN,33.47942352294922,0.3613177239894867,346680096456704.0,mlp,embedding
1186,11870,NaN,NaN,NaN,NaN,26.04508399963379,0.2763018012046814,204755828736.0,mlp,embedding
1187,11880,NaN,NaN,NaN,NaN,22.60967445373535,0.2763018012046814,6595638784.0,mlp,embedding
1188,11890,NaN,NaN,NaN,NaN,22.171443939208984,0.23379382491111755,4255354624.0,mlp,embedding
1189,11900,NaN,NaN,NaN,NaN,22.51807403564453,0.14877788722515106,6018320384.0,mlp,embedding
1190,11910,NaN,NaN,NaN,NaN,22.679950714111328,0.1912858635187149,7075830784.0,mlp,embedding
1191,11920,NaN,NaN,NaN,NaN,22.78040885925293,0.23379382491111755,7823585792.0,mlp,embedding
1192,11930,NaN,NaN,NaN,NaN,22.80175018310547,0.25504782795906067,7992346112.0,mlp,embedding
1193,11940,0.0007349206716753542,100.0,1.0007351636886597,0.001,22.78446388244629,0.25504782795906067,7855375360.0,mlp,embedding
1194,11950,NaN,NaN,NaN,NaN,22.760061264038086,0.2763018012046814,7666003456.0,mlp,embedding
1195,11960,NaN,NaN,NaN,NaN,22.736921310424805,0.25504782795906067,7490649088.0,mlp,embedding
1196,11970,NaN,NaN,NaN,NaN,22.71588897705078,0.25504782795906067,7334748672.0,mlp,embedding
1197,11980,NaN,NaN,NaN,NaN,22.690305709838867,0.25504782795906067,7149481984.0,mlp,embedding
1198,11990,NaN,NaN,NaN,NaN,22.672460556030273,0.23379382491111755,7023029760.0,mlp,embedding
1199,12000,NaN,NaN,NaN,NaN,22.663978576660156,0.25504782795906067,6963712512.0,mlp,embedding
1200,12010,NaN,NaN,NaN,NaN,22.66527557373047,0.25504782795906067,6972750336.0,mlp,embedding
1201,12020,NaN,NaN,NaN,NaN,22.663541793823242,0.25504782795906067,6960671744.0,mlp,embedding
1202,12030,NaN,NaN,NaN,NaN,22.67050552368164,0.2975557744503021,7009312768.0,mlp,embedding
1203,12040,NaN,NaN,NaN,NaN,22.672658920288086,0.2975557744503021,7024422912.0,mlp,embedding
1204,12050,0.00020383638911880553,100.0,1.0002038478851318,0.001,22.69532012939453,0.2975557744503021,7185422336.0,mlp,embedding
1205,12060,NaN,NaN,NaN,NaN,22.711380004882812,0.2975557744503021,7301750784.0,mlp,embedding
1206,12070,NaN,NaN,NaN,NaN,22.723894119262695,0.2975557744503021,7393699840.0,mlp,embedding
1207,12080,NaN,NaN,NaN,NaN,22.74172592163086,0.2975557744503021,7526725632.0,mlp,embedding
1208,12090,NaN,NaN,NaN,NaN,22.76621437072754,0.2975557744503021,7713318912.0,mlp,embedding
1209,12100,NaN,NaN,NaN,NaN,22.793380737304688,0.2975557744503021,7925733888.0,mlp,embedding
1210,12110,NaN,NaN,NaN,NaN,22.80174446105957,0.2763018012046814,7992300544.0,mlp,embedding
1211,12120,NaN,NaN,NaN,NaN,22.817462921142578,0.2763018012046814,8118919680.0,mlp,embedding
1212,12130,NaN,NaN,NaN,NaN,22.851272583007812,0.25504782795906067,8398110720.0,mlp,embedding
1213,12140,NaN,NaN,NaN,NaN,22.855518341064453,0.25504782795906067,8433842688.0,mlp,embedding
1214,12150,NaN,NaN,NaN,NaN,22.8621826171875,0.25504782795906067,8490235904.0,mlp,embedding
1215,12160,NaN,NaN,NaN,NaN,22.895231246948242,0.25504782795906067,8775514112.0,mlp,embedding
1216,12170,9.110311657423154e-05,100.0,1.0000910758972168,0.001,22.90617561340332,0.2763018012046814,8872084480.0,mlp,embedding
1217,12180,NaN,NaN,NaN,NaN,22.935531616210938,0.2763018012046814,9136394240.0,mlp,embedding
1218,12190,NaN,NaN,NaN,NaN,22.97303009033203,0.2763018012046814,9485499392.0,mlp,embedding
1219,12200,NaN,NaN,NaN,NaN,22.97100257873535,0.25504782795906067,9466287104.0,mlp,embedding
1220,12210,NaN,NaN,NaN,NaN,22.987565994262695,0.25504782795906067,9624386560.0,mlp,embedding
1221,12220,NaN,NaN,NaN,NaN,23.020219802856445,0.25504782795906067,9943846912.0,mlp,embedding
1222,12230,NaN,NaN,NaN,NaN,23.05874252319336,0.25504782795906067,10334385152.0,mlp,embedding
1223,12240,NaN,NaN,NaN,NaN,23.07278060913086,0.25504782795906067,10480483328.0,mlp,embedding
1224,12250,NaN,NaN,NaN,NaN,23.09015464782715,0.23379382491111755,10664162304.0,mlp,embedding
1225,12260,NaN,NaN,NaN,NaN,23.115873336791992,0.23379382491111755,10941987840.0,mlp,embedding
1226,12270,NaN,NaN,NaN,NaN,23.14441680908203,0.23379382491111755,11258810368.0,mlp,embedding
1227,12280,NaN,NaN,NaN,NaN,23.16107177734375,0.23379382491111755,11447896064.0,mlp,embedding
1228,12290,4.19899879489094e-05,100.0,1.0000419616699219,0.001,23.158994674682617,0.23379382491111755,11424142336.0,mlp,embedding
1229,12300,NaN,NaN,NaN,NaN,23.21415138244629,0.23379382491111755,12071961600.0,mlp,embedding
1230,12310,NaN,NaN,NaN,NaN,23.224990844726562,0.23379382491111755,12203527168.0,mlp,embedding
1231,12320,NaN,NaN,NaN,NaN,23.263715744018555,0.25504782795906067,12685376512.0,mlp,embedding
1232,12330,NaN,NaN,NaN,NaN,23.29818344116211,0.25504782795906067,13130234880.0,mlp,embedding
1233,12340,NaN,NaN,NaN,NaN,23.32439422607422,0.25504782795906067,13478938624.0,mlp,embedding
1234,12350,NaN,NaN,NaN,NaN,23.34821891784668,0.25504782795906067,13803926528.0,mlp,embedding
1235,12360,NaN,NaN,NaN,NaN,23.369028091430664,0.25504782795906067,14094184448.0,mlp,embedding
1236,12370,NaN,NaN,NaN,NaN,23.420063018798828,0.23379382491111755,14832150528.0,mlp,embedding
1237,12380,NaN,NaN,NaN,NaN,23.44463539123535,0.23379382491111755,15201126400.0,mlp,embedding
1238,12390,NaN,NaN,NaN,NaN,23.480287551879883,0.23379382491111755,15752856576.0,mlp,embedding
1239,12400,NaN,NaN,NaN,NaN,23.49445915222168,0.23379382491111755,15977689088.0,mlp,embedding
1240,12410,1.896610228868667e-05,100.0,1.0000189542770386,0.001,23.53337287902832,0.21253985166549683,16611696640.0,mlp,embedding
1241,12420,NaN,NaN,NaN,NaN,23.5687198638916,0.21253985166549683,17209370624.0,mlp,embedding
1242,12430,NaN,NaN,NaN,NaN,23.601028442382812,0.23379382491111755,17774460928.0,mlp,embedding
1243,12440,NaN,NaN,NaN,NaN,23.625829696655273,0.21253985166549683,18220802048.0,mlp,embedding
1244,12450,NaN,NaN,NaN,NaN,23.658382415771484,0.21253985166549683,18823698432.0,mlp,embedding
1245,12460,NaN,NaN,NaN,NaN,23.694068908691406,0.21253985166549683,19507578880.0,mlp,embedding
1246,12470,NaN,NaN,NaN,NaN,23.73308563232422,0.21253985166549683,20283744256.0,mlp,embedding
1247,12480,NaN,NaN,NaN,NaN,23.782379150390625,0.25504782795906067,21308655616.0,mlp,embedding
1248,12490,NaN,NaN,NaN,NaN,23.804466247558594,0.23379382491111755,21784537088.0,mlp,embedding
1249,12500,NaN,NaN,NaN,NaN,23.835735321044922,0.23379382491111755,22476480512.0,mlp,embedding
1250,12510,NaN,NaN,NaN,NaN,23.868764877319336,0.25504782795906067,23231266816.0,mlp,embedding
1251,12520,NaN,NaN,NaN,NaN,23.894805908203125,0.25504782795906067,23844177920.0,mlp,embedding
1252,12530,8.779689778748434e-06,100.0,1.0000088214874268,0.001,23.93062973022461,0.23379382491111755,24713852928.0,mlp,embedding
1253,12540,NaN,NaN,NaN,NaN,23.96590232849121,0.23379382491111755,25601130496.0,mlp,embedding
1254,12550,NaN,NaN,NaN,NaN,24.026857376098633,0.23379382491111755,27210190848.0,mlp,embedding
1255,12560,NaN,NaN,NaN,NaN,24.04754638671875,0.23379382491111755,27779006464.0,mlp,embedding
1256,12570,NaN,NaN,NaN,NaN,24.08704948425293,0.23379382491111755,28898324480.0,mlp,embedding
1257,12580,NaN,NaN,NaN,NaN,24.11800193786621,0.21253985166549683,29806786560.0,mlp,embedding
1258,12590,NaN,NaN,NaN,NaN,24.137033462524414,0.21253985166549683,30379487232.0,mlp,embedding
1259,12600,NaN,NaN,NaN,NaN,24.184446334838867,0.21253985166549683,31854559232.0,mlp,embedding
1260,12610,NaN,NaN,NaN,NaN,24.210779190063477,0.17003187537193298,32704522240.0,mlp,embedding
1261,12620,NaN,NaN,NaN,NaN,24.256946563720703,0.1912858635187149,34249799680.0,mlp,embedding
1262,12630,NaN,NaN,NaN,NaN,24.280900955200195,0.17003187537193298,35080138752.0,mlp,embedding
1263,12640,NaN,NaN,NaN,NaN,24.315868377685547,0.17003187537193298,36328501248.0,mlp,embedding
1264,12650,4.615777015715139e-06,100.0,1.0000046491622925,0.001,24.336793899536133,0.17003187537193298,37096701952.0,mlp,embedding
1265,12660,NaN,NaN,NaN,NaN,24.376659393310547,0.12752391397953033,38605455360.0,mlp,embedding
1266,12670,NaN,NaN,NaN,NaN,24.41513442993164,0.12752391397953033,40119742464.0,mlp,embedding
1267,12680,NaN,NaN,NaN,NaN,24.438261032104492,0.12752391397953033,41058390016.0,mlp,embedding
1268,12690,NaN,NaN,NaN,NaN,24.463624954223633,0.12752391397953033,42113110016.0,mlp,embedding
1269,12700,NaN,NaN,NaN,NaN,24.470796585083008,0.12752391397953033,42416218112.0,mlp,embedding
1270,12710,NaN,NaN,NaN,NaN,24.51240348815918,0.12752391397953033,44218253312.0,mlp,embedding
1271,12720,NaN,NaN,NaN,NaN,24.540748596191406,0.08501593768596649,45489557504.0,mlp,embedding
1272,12730,NaN,NaN,NaN,NaN,24.594743728637695,0.08501593768596649,48013291520.0,mlp,embedding
1273,12740,NaN,NaN,NaN,NaN,24.558839797973633,0.10626992583274841,46320005120.0,mlp,embedding
1274,12750,NaN,NaN,NaN,NaN,24.627784729003906,0.08501593768596649,49626198016.0,mlp,embedding
1275,12760,NaN,NaN,NaN,NaN,24.630521774291992,0.10626992583274841,49762213888.0,mlp,embedding
1276,12770,2.8950050818821182e-06,100.0,1.0000028610229492,0.001,24.667560577392578,0.12752391397953033,51639906304.0,mlp,embedding
1277,12780,NaN,NaN,NaN,NaN,24.704212188720703,0.08501593768596649,53567705088.0,mlp,embedding
1278,12790,NaN,NaN,NaN,NaN,24.69832420349121,0.10626992583274841,53253226496.0,mlp,embedding
1279,12800,NaN,NaN,NaN,NaN,24.763629913330078,0.08501593768596649,56847036416.0,mlp,embedding
1280,12810,NaN,NaN,NaN,NaN,24.77060890197754,0.12752391397953033,57245159424.0,mlp,embedding
1281,12820,NaN,NaN,NaN,NaN,24.80953025817871,0.12752391397953033,59517145088.0,mlp,embedding
1282,12830,NaN,NaN,NaN,NaN,24.8546085357666,0.12752391397953033,62261465088.0,mlp,embedding
1283,12840,NaN,NaN,NaN,NaN,24.864370346069336,0.12752391397953033,62872227840.0,mlp,embedding
1284,12850,NaN,NaN,NaN,NaN,24.938453674316406,0.14877788722515106,67706884096.0,mlp,embedding
1285,12860,NaN,NaN,NaN,NaN,24.959238052368164,0.1912858635187149,69128855552.0,mlp,embedding
1286,12870,NaN,NaN,NaN,NaN,24.985126495361328,0.14877788722515106,70941859840.0,mlp,embedding
1287,12880,NaN,NaN,NaN,NaN,25.05974769592285,0.1912858635187149,76438142976.0,mlp,embedding
1288,12890,1.8577790115159587e-06,100.0,1.0000019073486328,0.001,25.085721969604492,0.14877788722515106,78449582080.0,mlp,embedding
1289,12900,NaN,NaN,NaN,NaN,25.159072875976562,0.17003187537193298,84420231168.0,mlp,embedding
1290,12910,NaN,NaN,NaN,NaN,25.20674705505371,0.17003187537193298,88542371840.0,mlp,embedding
1291,12920,NaN,NaN,NaN,NaN,25.28127670288086,0.17003187537193298,95393538048.0,mlp,embedding
1292,12930,NaN,NaN,NaN,NaN,25.3653507232666,0.17003187537193298,103760453632.0,mlp,embedding
1293,12940,NaN,NaN,NaN,NaN,25.40457534790039,0.21253985166549683,107911290880.0,mlp,embedding
1294,12950,NaN,NaN,NaN,NaN,25.527254104614258,0.1912858635187149,121996001280.0,mlp,embedding
1295,12960,NaN,NaN,NaN,NaN,25.594860076904297,0.14877788722515106,130528845824.0,mlp,embedding
1296,12970,NaN,NaN,NaN,NaN,25.653928756713867,0.23379382491111755,138471276544.0,mlp,embedding
1297,12980,NaN,NaN,NaN,NaN,25.746673583984375,0.17003187537193298,151928160256.0,mlp,embedding
1298,12990,NaN,NaN,NaN,NaN,25.86268424987793,0.17003187537193298,170616504320.0,mlp,embedding
1299,13000,NaN,NaN,NaN,NaN,25.962135314941406,0.17003187537193298,188456927232.0,mlp,embedding
1300,13010,9.21058926905971e-07,100.0,1.0000009536743164,0.001,26.029541015625,0.17003187537193298,201597911040.0,mlp,embedding
1301,13020,NaN,NaN,NaN,NaN,26.142070770263672,0.23379382491111755,225609351168.0,mlp,embedding
1302,13030,NaN,NaN,NaN,NaN,26.24755096435547,0.21253985166549683,250707050496.0,mlp,embedding
1303,13040,NaN,NaN,NaN,NaN,26.372774124145508,0.1912858635187149,284151709696.0,mlp,embedding
1304,13050,NaN,NaN,NaN,NaN,26.51064682006836,0.1912858635187149,326157697024.0,mlp,embedding
1305,13060,NaN,NaN,NaN,NaN,26.65978240966797,0.21253985166549683,378613760000.0,mlp,embedding
1306,13070,NaN,NaN,NaN,NaN,26.691631317138672,0.23379382491111755,390866272256.0,mlp,embedding
1307,13080,NaN,NaN,NaN,NaN,26.845996856689453,0.17003187537193298,456108638208.0,mlp,embedding
1308,13090,NaN,NaN,NaN,NaN,27.001718521118164,0.23379382491111755,532963360768.0,mlp,embedding
1309,13100,NaN,NaN,NaN,NaN,27.160228729248047,0.1912858635187149,624507224064.0,mlp,embedding
1310,13110,NaN,NaN,NaN,NaN,27.279071807861328,0.23379382491111755,703315771392.0,mlp,embedding
1311,13120,NaN,NaN,NaN,NaN,27.520200729370117,0.21253985166549683,895099535360.0,mlp,embedding
1312,13130,NaN,NaN,NaN,NaN,27.648494720458984,0.1912858635187149,1017627148288.0,mlp,embedding
1313,13140,3.3172818802995607e-07,100.0,1.0000003576278687,0.001,27.746170043945312,0.2763018012046814,1122040545280.0,mlp,embedding
1314,13150,NaN,NaN,NaN,NaN,27.914960861206055,0.14877788722515106,1328352854016.0,mlp,embedding
1315,13160,NaN,NaN,NaN,NaN,28.022911071777344,0.23379382491111755,1479774830592.0,mlp,embedding
1316,13170,NaN,NaN,NaN,NaN,28.293981552124023,0.25504782795906067,1940528693248.0,mlp,embedding
1317,13180,NaN,NaN,NaN,NaN,28.41727638244629,0.23379382491111755,2195160694784.0,mlp,embedding
1318,13190,NaN,NaN,NaN,NaN,28.709726333618164,0.25504782795906067,2940869279744.0,mlp,embedding
1319,13200,NaN,NaN,NaN,NaN,28.890199661254883,0.21253985166549683,3522526707712.0,mlp,embedding
1320,13210,NaN,NaN,NaN,NaN,29.016185760498047,0.23379382491111755,3995483766784.0,mlp,embedding
1321,13220,NaN,NaN,NaN,NaN,29.215621948242188,0.25504782795906067,4877344309248.0,mlp,embedding
1322,13230,NaN,NaN,NaN,NaN,29.45089340209961,0.17003187537193298,6171070038016.0,mlp,embedding
1323,13240,NaN,NaN,NaN,NaN,29.657997131347656,0.25504782795906067,7591096221696.0,mlp,embedding
1324,13250,NaN,NaN,NaN,NaN,32.739112854003906,0.5738576054573059,165354512842752.0,mlp,embedding
1325,13260,NaN,NaN,NaN,NaN,25.101659774780273,0.3825717270374298,79709913088.0,mlp,embedding
1326,13270,0.17142802476882935,94.36649322509766,1.186998724937439,0.001,22.79582977294922,0.2763018012046814,7945167872.0,mlp,embedding
1327,13280,NaN,NaN,NaN,NaN,22.564865112304688,0.2975557744503021,6306616320.0,mlp,embedding
1328,13290,NaN,NaN,NaN,NaN,22.71932029724121,0.3613177239894867,7359959552.0,mlp,embedding
1329,13300,NaN,NaN,NaN,NaN,23.015153884887695,0.3825717270374298,9893599232.0,mlp,embedding
1330,13310,NaN,NaN,NaN,NaN,22.985946655273438,0.3613177239894867,9608814592.0,mlp,embedding
1331,13320,NaN,NaN,NaN,NaN,23.01349639892578,0.34006375074386597,9877215232.0,mlp,embedding
1332,13330,NaN,NaN,NaN,NaN,23.014842987060547,0.2975557744503021,9890524160.0,mlp,embedding
1333,13340,NaN,NaN,NaN,NaN,22.99005699157715,0.31880977749824524,9648391168.0,mlp,embedding
1334,13350,NaN,NaN,NaN,NaN,22.955909729003906,0.2975557744503021,9324486656.0,mlp,embedding
1335,13360,NaN,NaN,NaN,NaN,22.92320442199707,0.2975557744503021,9024458752.0,mlp,embedding
1336,13370,NaN,NaN,NaN,NaN,22.889951705932617,0.2975557744503021,8729306112.0,mlp,embedding
1337,13380,NaN,NaN,NaN,NaN,22.856094360351562,0.2975557744503021,8438702080.0,mlp,embedding
1338,13390,NaN,NaN,NaN,NaN,22.826541900634766,0.2763018012046814,8192966656.0,mlp,embedding
1339,13400,0.00012525715283118188,100.0,1.0001252889633179,0.001,22.795124053955078,0.2763018012046814,7939563008.0,mlp,embedding
1340,13410,NaN,NaN,NaN,NaN,22.763347625732422,0.2763018012046814,7691238400.0,mlp,embedding
1341,13420,NaN,NaN,NaN,NaN,22.733448028564453,0.2763018012046814,7464677376.0,mlp,embedding
1342,13430,NaN,NaN,NaN,NaN,22.70538902282715,0.2975557744503021,7258137088.0,mlp,embedding
1343,13440,NaN,NaN,NaN,NaN,22.678335189819336,0.2975557744503021,7064409088.0,mlp,embedding
1344,13450,NaN,NaN,NaN,NaN,22.653409957885742,0.2975557744503021,6890503168.0,mlp,embedding
1345,13460,NaN,NaN,NaN,NaN,22.630998611450195,0.31880977749824524,6737795584.0,mlp,embedding
1346,13470,NaN,NaN,NaN,NaN,22.610475540161133,0.31880977749824524,6600924672.0,mlp,embedding
1347,13480,NaN,NaN,NaN,NaN,22.592769622802734,0.31880977749824524,6485077504.0,mlp,embedding
1348,13490,NaN,NaN,NaN,NaN,22.576702117919922,0.31880977749824524,6381711360.0,mlp,embedding
1349,13500,NaN,NaN,NaN,NaN,22.563322067260742,0.31880977749824524,6296892416.0,mlp,embedding
1350,13510,NaN,NaN,NaN,NaN,22.551755905151367,0.31880977749824524,6224480768.0,mlp,embedding
1351,13520,NaN,NaN,NaN,NaN,22.542421340942383,0.31880977749824524,6166648320.0,mlp,embedding
1352,13530,6.018473504809663e-05,100.0,1.0000602006912231,0.001,22.555105209350586,0.34006375074386597,6245363712.0,mlp,embedding
1353,13540,NaN,NaN,NaN,NaN,22.576196670532227,0.31880977749824524,6378486272.0,mlp,embedding
1354,13550,NaN,NaN,NaN,NaN,22.58000946044922,0.2975557744503021,6402852864.0,mlp,embedding
1355,13560,NaN,NaN,NaN,NaN,22.633291244506836,0.25504782795906067,6753260544.0,mlp,embedding
1356,13570,NaN,NaN,NaN,NaN,22.667055130004883,0.2975557744503021,6985169920.0,mlp,embedding
1357,13580,NaN,NaN,NaN,NaN,22.718393325805664,0.31880977749824524,7353140224.0,mlp,embedding
1358,13590,NaN,NaN,NaN,NaN,22.748857498168945,0.31880977749824524,7580594688.0,mlp,embedding
1359,13600,NaN,NaN,NaN,NaN,22.784406661987305,0.31880977749824524,7854925824.0,mlp,embedding
1360,13610,NaN,NaN,NaN,NaN,22.810625076293945,0.31880977749824524,8063592960.0,mlp,embedding
1361,13620,NaN,NaN,NaN,NaN,22.855775833129883,0.31880977749824524,8436014592.0,mlp,embedding
1362,13630,NaN,NaN,NaN,NaN,22.865921020507812,0.31880977749824524,8522035200.0,mlp,embedding
1363,13640,NaN,NaN,NaN,NaN,22.890960693359375,0.31880977749824524,8738118656.0,mlp,embedding
1364,13650,NaN,NaN,NaN,NaN,22.923873901367188,0.31880977749824524,9030503424.0,mlp,embedding
1365,13660,2.4812521587591618e-05,100.0,1.0000247955322266,0.001,22.942829132080078,0.34006375074386597,9203310592.0,mlp,embedding
1366,13670,NaN,NaN,NaN,NaN,22.961414337158203,0.31880977749824524,9375955968.0,mlp,embedding
1367,13680,NaN,NaN,NaN,NaN,22.987817764282227,0.2975557744503021,9626810368.0,mlp,embedding
1368,13690,NaN,NaN,NaN,NaN,22.99622917175293,0.2975557744503021,9708126208.0,mlp,embedding
1369,13700,NaN,NaN,NaN,NaN,23.01211166381836,0.2975557744503021,9863546880.0,mlp,embedding
1370,13710,NaN,NaN,NaN,NaN,23.04498291015625,0.31880977749824524,10193161216.0,mlp,embedding
1371,13720,NaN,NaN,NaN,NaN,23.072633743286133,0.2975557744503021,10478944256.0,mlp,embedding
1372,13730,NaN,NaN,NaN,NaN,23.086246490478516,0.31880977749824524,10622566400.0,mlp,embedding
1373,13740,NaN,NaN,NaN,NaN,23.123046875,0.2975557744503021,11020763136.0,mlp,embedding
1374,13750,NaN,NaN,NaN,NaN,23.137413024902344,0.2975557744503021,11180231680.0,mlp,embedding
1375,13760,NaN,NaN,NaN,NaN,23.172719955444336,0.31880977749824524,11582022656.0,mlp,embedding
1376,13770,NaN,NaN,NaN,NaN,23.192691802978516,0.2975557744503021,11815662592.0,mlp,embedding
1377,13780,NaN,NaN,NaN,NaN,23.21587371826172,0.31880977749824524,12092771328.0,mlp,embedding
1378,13790,1.1793385965574998e-05,100.0,1.0000118017196655,0.001,23.26235008239746,0.2975557744503021,12668064768.0,mlp,embedding
1379,13800,NaN,NaN,NaN,NaN,23.284055709838867,0.2975557744503021,12946038784.0,mlp,embedding
1380,13810,NaN,NaN,NaN,NaN,23.3048038482666,0.31880977749824524,13217451008.0,mlp,embedding
1381,13820,NaN,NaN,NaN,NaN,23.33260726928711,0.31880977749824524,13590097920.0,mlp,embedding
1382,13830,NaN,NaN,NaN,NaN,23.374122619628906,0.31880977749824524,14166170624.0,mlp,embedding
1383,13840,NaN,NaN,NaN,NaN,23.4060001373291,0.31880977749824524,14625028096.0,mlp,embedding
1384,13850,NaN,NaN,NaN,NaN,23.426605224609375,0.31880977749824524,14929504256.0,mlp,embedding
1385,13860,NaN,NaN,NaN,NaN,23.459197998046875,0.2975557744503021,15424114688.0,mlp,embedding
1386,13870,NaN,NaN,NaN,NaN,23.476152420043945,0.31880977749824524,15687851008.0,mlp,embedding
1387,13880,NaN,NaN,NaN,NaN,23.53264617919922,0.31880977749824524,16599628800.0,mlp,embedding
1388,13890,NaN,NaN,NaN,NaN,23.55189323425293,0.2975557744503021,16922217472.0,mlp,embedding
1389,13900,NaN,NaN,NaN,NaN,23.59541130065918,0.23379382491111755,17674897408.0,mlp,embedding
1390,13910,NaN,NaN,NaN,NaN,23.624813079833984,0.23379382491111755,18202286080.0,mlp,embedding
1391,13920,5.712368874810636e-06,100.0,1.0000057220458984,0.001,23.663753509521484,0.25504782795906067,18925072384.0,mlp,embedding
1392,13930,NaN,NaN,NaN,NaN,23.706607818603516,0.23379382491111755,19753723904.0,mlp,embedding
1393,13940,NaN,NaN,NaN,NaN,23.726055145263672,0.23379382491111755,20141639680.0,mlp,embedding
1394,13950,NaN,NaN,NaN,NaN,23.77613639831543,0.23379382491111755,21176043520.0,mlp,embedding
1395,13960,NaN,NaN,NaN,NaN,23.80345344543457,0.23379382491111755,21762484224.0,mlp,embedding
1396,13970,NaN,NaN,NaN,NaN,23.82421875,0.23379382491111755,22219114496.0,mlp,embedding
1397,13980,NaN,NaN,NaN,NaN,23.86568832397461,0.23379382491111755,23159904256.0,mlp,embedding
1398,13990,NaN,NaN,NaN,NaN,23.88825798034668,0.23379382491111755,23688558592.0,mlp,embedding
1399,14000,NaN,NaN,NaN,NaN,23.916702270507812,0.21253985166549683,24372035584.0,mlp,embedding
1400,14010,NaN,NaN,NaN,NaN,23.959774017333984,0.21253985166549683,25444718592.0,mlp,embedding
1401,14020,NaN,NaN,NaN,NaN,23.97047233581543,0.23379382491111755,25718394880.0,mlp,embedding
1402,14030,NaN,NaN,NaN,NaN,24.019126892089844,0.21253985166549683,27000653824.0,mlp,embedding
1403,14040,NaN,NaN,NaN,NaN,24.0203857421875,0.1912858635187149,27034664960.0,mlp,embedding
1404,14050,3.2574716897215694e-06,100.0,1.0000032186508179,0.001,24.06975746154785,0.21253985166549683,28402911232.0,mlp,embedding
1405,14060,NaN,NaN,NaN,NaN,24.083621978759766,0.1912858635187149,28799444992.0,mlp,embedding
1406,14070,NaN,NaN,NaN,NaN,24.116840362548828,0.21253985166549683,29772183552.0,mlp,embedding
1407,14080,NaN,NaN,NaN,NaN,24.1114444732666,0.23379382491111755,29611968512.0,mlp,embedding
1408,14090,NaN,NaN,NaN,NaN,24.15925407409668,0.21253985166549683,31062093824.0,mlp,embedding
1409,14100,NaN,NaN,NaN,NaN,24.1721248626709,0.21253985166549683,31464472576.0,mlp,embedding
1410,14110,NaN,NaN,NaN,NaN,24.181352615356445,0.1912858635187149,31756161024.0,mlp,embedding
1411,14120,NaN,NaN,NaN,NaN,24.206703186035156,0.1912858635187149,32571490304.0,mlp,embedding
1412,14130,NaN,NaN,NaN,NaN,24.208633422851562,0.25504782795906067,32634421248.0,mlp,embedding
1413,14140,NaN,NaN,NaN,NaN,24.247865676879883,0.23379382491111755,33940189184.0,mlp,embedding
1414,14150,NaN,NaN,NaN,NaN,24.252761840820312,0.25504782795906067,34106773504.0,mlp,embedding
1415,14160,NaN,NaN,NaN,NaN,24.285968780517578,0.21253985166549683,35258368000.0,mlp,embedding
1416,14170,NaN,NaN,NaN,NaN,24.30286979675293,0.25504782795906067,35859337216.0,mlp,embedding
1417,14180,NaN,NaN,NaN,NaN,24.332033157348633,0.23379382491111755,36920512512.0,mlp,embedding
1418,14190,2.0911543288093526e-06,100.0,1.000002145767212,0.001,24.393407821655273,0.23379382491111755,39257481216.0,mlp,embedding
1419,14200,NaN,NaN,NaN,NaN,24.411998748779297,0.25504782795906067,39994138624.0,mlp,embedding
1420,14210,NaN,NaN,NaN,NaN,24.45651626586914,0.25504782795906067,41814802432.0,mlp,embedding
1421,14220,NaN,NaN,NaN,NaN,24.47592544555664,0.23379382491111755,42634321920.0,mlp,embedding
1422,14230,NaN,NaN,NaN,NaN,24.543996810913086,0.23379382491111755,45637554176.0,mlp,embedding
1423,14240,NaN,NaN,NaN,NaN,24.59367561340332,0.25504782795906067,47962034176.0,mlp,embedding
1424,14250,NaN,NaN,NaN,NaN,24.62467384338379,0.2763018012046814,49472057344.0,mlp,embedding
1425,14260,NaN,NaN,NaN,NaN,24.679950714111328,0.25504782795906067,52283711488.0,mlp,embedding
1426,14270,NaN,NaN,NaN,NaN,24.764589309692383,0.25504782795906067,56901599232.0,mlp,embedding
1427,14280,NaN,NaN,NaN,NaN,24.797496795654297,0.25504782795906067,58805239808.0,mlp,embedding
1428,14290,NaN,NaN,NaN,NaN,24.88965606689453,0.23379382491111755,64482267136.0,mlp,embedding
1429,14300,NaN,NaN,NaN,NaN,24.968097686767578,0.25504782795906067,69744033792.0,mlp,embedding
1430,14310,NaN,NaN,NaN,NaN,25.091100692749023,0.2763018012046814,78872674304.0,mlp,embedding
1431,14320,NaN,NaN,NaN,NaN,25.146669387817383,0.21253985166549683,83379593216.0,mlp,embedding
1432,14330,1.0465784043844906e-06,100.0,1.000001072883606,0.001,25.242124557495117,0.2763018012046814,91730845696.0,mlp,embedding
1433,14340,NaN,NaN,NaN,NaN,25.343189239501953,0.23379382491111755,101486256128.0,mlp,embedding
1434,14350,NaN,NaN,NaN,NaN,25.417198181152344,0.25504782795906067,109282074624.0,mlp,embedding
1435,14360,NaN,NaN,NaN,NaN,25.510374069213867,0.2763018012046814,119953989632.0,mlp,embedding
1436,14370,NaN,NaN,NaN,NaN,25.66097640991211,0.2763018012046814,139450613760.0,mlp,embedding
1437,14380,NaN,NaN,NaN,NaN,25.78142738342285,0.2763018012046814,157301063680.0,mlp,embedding
1438,14390,NaN,NaN,NaN,NaN,25.828603744506836,0.2975557744503021,164899782656.0,mlp,embedding
1439,14400,NaN,NaN,NaN,NaN,26.012521743774414,0.2763018012046814,198195888128.0,mlp,embedding
1440,14410,NaN,NaN,NaN,NaN,26.1104736328125,0.23379382491111755,218592182272.0,mlp,embedding
1441,14420,NaN,NaN,NaN,NaN,26.29103660583496,0.34006375074386597,261849726976.0,mlp,embedding
1442,14430,NaN,NaN,NaN,NaN,26.373197555541992,0.31880977749824524,284272066560.0,mlp,embedding
1443,14440,NaN,NaN,NaN,NaN,26.54427719116211,0.31880977749824524,337313038336.0,mlp,embedding
1444,14450,NaN,NaN,NaN,NaN,26.66231346130371,0.31880977749824524,379573272576.0,mlp,embedding
1445,14460,NaN,NaN,NaN,NaN,26.828317642211914,0.25504782795906067,448115867648.0,mlp,embedding
1446,14470,3.504053438518895e-07,100.0,1.0000003576278687,0.001,26.986328125,0.2975557744503021,524823658496.0,mlp,embedding
1447,14480,NaN,NaN,NaN,NaN,27.142948150634766,0.2763018012046814,613808078848.0,mlp,embedding
1448,14490,NaN,NaN,NaN,NaN,27.320392608642578,0.31880977749824524,732986146816.0,mlp,embedding
1449,14500,NaN,NaN,NaN,NaN,27.48145866394043,0.2975557744503021,861084647424.0,mlp,embedding
1450,14510,NaN,NaN,NaN,NaN,27.652538299560547,0.31880977749824524,1021750345728.0,mlp,embedding
1451,14520,NaN,NaN,NaN,NaN,27.796371459960938,0.25504782795906067,1179806334976.0,mlp,embedding
1452,14530,NaN,NaN,NaN,NaN,27.98049545288086,0.2975557744503021,1418321854464.0,mlp,embedding
1453,14540,NaN,NaN,NaN,NaN,28.167699813842773,0.31880977749824524,1710316978176.0,mlp,embedding
1454,14550,NaN,NaN,NaN,NaN,28.27098846435547,0.2975557744503021,1896418902016.0,mlp,embedding
1455,14560,NaN,NaN,NaN,NaN,28.38780975341797,0.17003187537193298,2131420512256.0,mlp,embedding
1456,14570,NaN,NaN,NaN,NaN,29.85821533203125,0.34006375074386597,9273809567744.0,mlp,embedding
1457,14580,NaN,NaN,NaN,NaN,26.817119598388672,0.31880977749824524,443125825536.0,mlp,embedding
1458,14590,NaN,NaN,NaN,NaN,21.343647003173828,0.5738576054573059,1859636736.0,mlp,embedding
1459,14600,NaN,NaN,NaN,NaN,20.304750442504883,0.31880977749824524,658022976.0,mlp,embedding
1460,14610,0.04894592612981796,98.68196868896484,1.0501635074615479,0.001,20.536373138427734,0.34006375074386597,829532736.0,mlp,embedding
1461,14620,NaN,NaN,NaN,NaN,20.84151840209961,0.31880977749824524,1125528320.0,mlp,embedding
1462,14630,NaN,NaN,NaN,NaN,20.998029708862305,0.31880977749824524,1316219904.0,mlp,embedding
1463,14640,NaN,NaN,NaN,NaN,21.0634765625,0.31880977749824524,1405243648.0,mlp,embedding
1464,14650,NaN,NaN,NaN,NaN,21.074865341186523,0.2975557744503021,1421339136.0,mlp,embedding
1465,14660,NaN,NaN,NaN,NaN,21.058883666992188,0.2763018012046814,1398804352.0,mlp,embedding
1466,14670,NaN,NaN,NaN,NaN,21.033161163330078,0.2975557744503021,1363282432.0,mlp,embedding
1467,14680,NaN,NaN,NaN,NaN,21.011751174926758,0.34006375074386597,1334404736.0,mlp,embedding
1468,14690,NaN,NaN,NaN,NaN,20.99365997314453,0.34006375074386597,1310480896.0,mlp,embedding
1469,14700,NaN,NaN,NaN,NaN,20.978063583374023,0.3613177239894867,1290200704.0,mlp,embedding
1470,14710,NaN,NaN,NaN,NaN,20.962217330932617,0.34006375074386597,1269916928.0,mlp,embedding
1471,14720,NaN,NaN,NaN,NaN,20.94931411743164,0.34006375074386597,1253636224.0,mlp,embedding
1472,14730,NaN,NaN,NaN,NaN,20.938751220703125,0.34006375074386597,1240463872.0,mlp,embedding
1473,14740,NaN,NaN,NaN,NaN,20.928781509399414,0.31880977749824524,1228158208.0,mlp,embedding
1474,14750,0.0002871585893444717,100.0,1.0002871751785278,0.001,20.92057228088379,0.31880977749824524,1218117248.0,mlp,embedding
1475,14760,NaN,NaN,NaN,NaN,20.911884307861328,0.31880977749824524,1207580160.0,mlp,embedding
1476,14770,NaN,NaN,NaN,NaN,20.906692504882812,0.31880977749824524,1201326848.0,mlp,embedding
1477,14780,NaN,NaN,NaN,NaN,20.9018497467041,0.31880977749824524,1195523200.0,mlp,embedding
1478,14790,NaN,NaN,NaN,NaN,20.898433685302734,0.31880977749824524,1191446144.0,mlp,embedding
1479,14800,NaN,NaN,NaN,NaN,20.898548126220703,0.31880977749824524,1191582592.0,mlp,embedding
1480,14810,NaN,NaN,NaN,NaN,20.900146484375,0.2975557744503021,1193488640.0,mlp,embedding
1481,14820,NaN,NaN,NaN,NaN,20.904050827026367,0.2975557744503021,1198157568.0,mlp,embedding
1482,14830,NaN,NaN,NaN,NaN,20.910797119140625,0.2763018012046814,1206268032.0,mlp,embedding
1483,14840,NaN,NaN,NaN,NaN,20.920303344726562,0.2763018012046814,1217789696.0,mlp,embedding
1484,14850,NaN,NaN,NaN,NaN,20.93338966369629,0.2975557744503021,1233830784.0,mlp,embedding
1485,14860,NaN,NaN,NaN,NaN,20.946002960205078,0.2763018012046814,1249492096.0,mlp,embedding
1486,14870,NaN,NaN,NaN,NaN,20.964826583862305,0.2763018012046814,1273234816.0,mlp,embedding
1487,14880,NaN,NaN,NaN,NaN,20.980682373046875,0.2763018012046814,1293583872.0,mlp,embedding
1488,14890,0.00011784630623878911,100.0,1.0001178979873657,0.001,20.99906349182129,0.2763018012046814,1317581184.0,mlp,embedding
1489,14900,NaN,NaN,NaN,NaN,21.018287658691406,0.2763018012046814,1343155712.0,mlp,embedding
1490,14910,NaN,NaN,NaN,NaN,21.03622817993164,0.2975557744503021,1367470080.0,mlp,embedding
1491,14920,NaN,NaN,NaN,NaN,21.060529708862305,0.2763018012046814,1401108736.0,mlp,embedding
1492,14930,NaN,NaN,NaN,NaN,21.08715057373047,0.2975557744503021,1438908416.0,mlp,embedding
1493,14940,NaN,NaN,NaN,NaN,21.108871459960938,0.2763018012046814,1470504576.0,mlp,embedding
1494,14950,NaN,NaN,NaN,NaN,21.13558578491211,0.25504782795906067,1510317568.0,mlp,embedding
1495,14960,NaN,NaN,NaN,NaN,21.163320541381836,0.25504782795906067,1552792192.0,mlp,embedding
1496,14970,NaN,NaN,NaN,NaN,21.195138931274414,0.25504782795906067,1602993920.0,mlp,embedding
1497,14980,NaN,NaN,NaN,NaN,21.22964859008789,0.23379382491111755,1659278336.0,mlp,embedding
1498,14990,NaN,NaN,NaN,NaN,21.26382827758789,0.23379382491111755,1716972288.0,mlp,embedding
1499,15000,NaN,NaN,NaN,NaN,21.293848037719727,0.23379382491111755,1769296896.0,mlp,embedding
1500,15010,NaN,NaN,NaN,NaN,21.33258819580078,0.25504782795906067,1839184640.0,mlp,embedding
1501,15020,NaN,NaN,NaN,NaN,21.37191390991211,0.25504782795906067,1912952960.0,mlp,embedding
1502,15030,4.1930590668926015e-05,100.0,1.0000419616699219,0.001,21.40736961364746,0.25504782795906067,1981994752.0,mlp,embedding
1503,15040,NaN,NaN,NaN,NaN,21.443960189819336,0.25504782795906067,2055860224.0,mlp,embedding
1504,15050,NaN,NaN,NaN,NaN,21.48703956604004,0.25504782795906067,2146360704.0,mlp,embedding
1505,15060,NaN,NaN,NaN,NaN,21.519603729248047,0.25504782795906067,2217405696.0,mlp,embedding
1506,15070,NaN,NaN,NaN,NaN,21.560813903808594,0.25504782795906067,2310694400.0,mlp,embedding
1507,15080,NaN,NaN,NaN,NaN,21.60204315185547,0.25504782795906067,2407953664.0,mlp,embedding
1508,15090,NaN,NaN,NaN,NaN,21.64763641357422,0.25504782795906067,2520281344.0,mlp,embedding
1509,15100,NaN,NaN,NaN,NaN,21.68613052368164,0.25504782795906067,2619188992.0,mlp,embedding
1510,15110,NaN,NaN,NaN,NaN,21.72955322265625,0.2763018012046814,2735426560.0,mlp,embedding
1511,15120,NaN,NaN,NaN,NaN,21.77449607849121,0.2763018012046814,2861168896.0,mlp,embedding
1512,15130,NaN,NaN,NaN,NaN,21.822607040405273,0.25504782795906067,3002187520.0,mlp,embedding
1513,15140,NaN,NaN,NaN,NaN,21.869892120361328,0.25504782795906067,3147556096.0,mlp,embedding
1514,15150,NaN,NaN,NaN,NaN,21.913341522216797,0.25504782795906067,3287330048.0,mlp,embedding
1515,15160,NaN,NaN,NaN,NaN,21.9591007232666,0.25504782795906067,3441250304.0,mlp,embedding
1516,15170,NaN,NaN,NaN,NaN,22.00678062438965,0.25504782795906067,3609303296.0,mlp,embedding
1517,15180,1.400044493493624e-05,100.0,1.0000139474868774,0.001,22.05109405517578,0.25504782795906067,3772840704.0,mlp,embedding
1518,15190,NaN,NaN,NaN,NaN,22.09823989868164,0.2763018012046814,3954974208.0,mlp,embedding
1519,15200,NaN,NaN,NaN,NaN,22.15255355834961,0.2763018012046814,4175723776.0,mlp,embedding
1520,15210,NaN,NaN,NaN,NaN,22.1933536529541,0.2763018012046814,4349617152.0,mlp,embedding
1521,15220,NaN,NaN,NaN,NaN,22.236120223999023,0.2763018012046814,4539670528.0,mlp,embedding
1522,15230,NaN,NaN,NaN,NaN,22.2855281829834,0.2763018012046814,4769599488.0,mlp,embedding
1523,15240,NaN,NaN,NaN,NaN,22.34071922302246,0.2763018012046814,5040238592.0,mlp,embedding
1524,15250,NaN,NaN,NaN,NaN,22.388378143310547,0.2763018012046814,5286266880.0,mlp,embedding
1525,15260,NaN,NaN,NaN,NaN,22.443679809570312,0.2763018012046814,5586840576.0,mlp,embedding
1526,15270,NaN,NaN,NaN,NaN,22.490869522094727,0.2763018012046814,5856801792.0,mlp,embedding
1527,15280,NaN,NaN,NaN,NaN,22.5369873046875,0.2763018012046814,6133229568.0,mlp,embedding
1528,15290,NaN,NaN,NaN,NaN,22.578197479248047,0.2763018012046814,6391261184.0,mlp,embedding
1529,15300,NaN,NaN,NaN,NaN,22.63653564453125,0.2975557744503021,6775206400.0,mlp,embedding
1530,15310,NaN,NaN,NaN,NaN,22.692880630493164,0.31880977749824524,7167915008.0,mlp,embedding
1531,15320,NaN,NaN,NaN,NaN,22.730302810668945,0.31880977749824524,7441235968.0,mlp,embedding
1532,15330,5.577071988227544e-06,100.0,1.0000056028366089,0.001,22.77576446533203,0.2975557744503021,7787334656.0,mlp,embedding
1533,15340,NaN,NaN,NaN,NaN,22.824230194091797,0.31880977749824524,8174048768.0,mlp,embedding
1534,15350,NaN,NaN,NaN,NaN,22.871980667114258,0.31880977749824524,8573832704.0,mlp,embedding
1535,15360,NaN,NaN,NaN,NaN,22.914813995361328,0.2975557744503021,8949056512.0,mlp,embedding
1536,15370,NaN,NaN,NaN,NaN,22.954999923706055,0.2763018012046814,9316006912.0,mlp,embedding
1537,15380,NaN,NaN,NaN,NaN,22.99555206298828,0.2763018012046814,9701555200.0,mlp,embedding
1538,15390,NaN,NaN,NaN,NaN,23.055191040039062,0.31880977749824524,10297747456.0,mlp,embedding
1539,15400,NaN,NaN,NaN,NaN,23.0821475982666,0.2763018012046814,10579115008.0,mlp,embedding
1540,15410,NaN,NaN,NaN,NaN,23.131526947021484,0.34006375074386597,11114616832.0,mlp,embedding
1541,15420,NaN,NaN,NaN,NaN,23.162273406982422,0.34006375074386597,11461660672.0,mlp,embedding
1542,15430,NaN,NaN,NaN,NaN,23.20552635192871,0.34006375074386597,11968288768.0,mlp,embedding
1543,15440,NaN,NaN,NaN,NaN,23.240577697753906,0.31880977749824524,12395231232.0,mlp,embedding
1544,15450,NaN,NaN,NaN,NaN,23.284679412841797,0.34006375074386597,12954116096.0,mlp,embedding
1545,15460,NaN,NaN,NaN,NaN,23.31438446044922,0.34006375074386597,13344691200.0,mlp,embedding
1546,15470,NaN,NaN,NaN,NaN,23.355548858642578,0.31880977749824524,13905480704.0,mlp,embedding
1547,15480,2.9793689009238733e-06,100.0,1.0000029802322388,0.001,23.393604278564453,0.34006375074386597,14444857344.0,mlp,embedding
1548,15490,NaN,NaN,NaN,NaN,23.41832733154297,0.34006375074386597,14806429696.0,mlp,embedding
1549,15500,NaN,NaN,NaN,NaN,23.447463989257812,0.31880977749824524,15244185600.0,mlp,embedding
1550,15510,NaN,NaN,NaN,NaN,23.47477149963379,0.3613177239894867,15666202624.0,mlp,embedding
1551,15520,NaN,NaN,NaN,NaN,23.514963150024414,0.31880977749824524,16308677632.0,mlp,embedding
1552,15530,NaN,NaN,NaN,NaN,23.56170654296875,0.31880977749824524,17089097728.0,mlp,embedding
1553,15540,NaN,NaN,NaN,NaN,23.603954315185547,0.31880977749824524,17826541568.0,mlp,embedding
1554,15550,NaN,NaN,NaN,NaN,23.633464813232422,0.31880977749824524,18360451072.0,mlp,embedding
1555,15560,NaN,NaN,NaN,NaN,23.67938995361328,0.3613177239894867,19223320576.0,mlp,embedding
1556,15570,NaN,NaN,NaN,NaN,23.718692779541016,0.34006375074386597,19993894912.0,mlp,embedding
1557,15580,NaN,NaN,NaN,NaN,23.797269821166992,0.34006375074386597,21628329984.0,mlp,embedding
1558,15590,NaN,NaN,NaN,NaN,23.832019805908203,0.3613177239894867,22393124864.0,mlp,embedding
1559,15600,NaN,NaN,NaN,NaN,23.871665954589844,0.34006375074386597,23298758656.0,mlp,embedding
1560,15610,NaN,NaN,NaN,NaN,23.915523529052734,0.31880977749824524,24343324672.0,mlp,embedding
1561,15620,NaN,NaN,NaN,NaN,24.01597023010254,0.31880977749824524,26915555328.0,mlp,embedding
1562,15630,1.671337258812855e-06,100.0,1.0000016689300537,0.001,24.05204200744629,0.3825717270374298,27904169984.0,mlp,embedding
1563,15640,NaN,NaN,NaN,NaN,24.144935607910156,0.34006375074386597,30620502016.0,mlp,embedding
1564,15650,NaN,NaN,NaN,NaN,24.214136123657227,0.34006375074386597,32814493696.0,mlp,embedding
1565,15660,NaN,NaN,NaN,NaN,24.31218910217285,0.31880977749824524,36195082240.0,mlp,embedding
1566,15670,NaN,NaN,NaN,NaN,24.37541961669922,0.40382570028305054,38557622272.0,mlp,embedding
1567,15680,NaN,NaN,NaN,NaN,24.48748207092285,0.2975557744503021,43129888768.0,mlp,embedding
1568,15690,NaN,NaN,NaN,NaN,24.562461853027344,0.25504782795906067,46488084480.0,mlp,embedding
1569,15700,NaN,NaN,NaN,NaN,24.64497184753418,0.34006375074386597,50486501376.0,mlp,embedding
1570,15710,NaN,NaN,NaN,NaN,24.750673294067383,0.3613177239894867,56115240960.0,mlp,embedding
1571,15720,NaN,NaN,NaN,NaN,24.9014949798584,0.3613177239894867,65250201600.0,mlp,embedding
1572,15730,NaN,NaN,NaN,NaN,24.96687126159668,0.2975557744503021,69658550272.0,mlp,embedding
1573,15740,NaN,NaN,NaN,NaN,25.07549476623535,0.31880977749824524,77651353600.0,mlp,embedding
1574,15750,NaN,NaN,NaN,NaN,25.162900924682617,0.31880977749824524,84744011776.0,mlp,embedding
1575,15760,NaN,NaN,NaN,NaN,25.260156631469727,0.34006375074386597,93399949312.0,mlp,embedding
1576,15770,NaN,NaN,NaN,NaN,25.41325569152832,0.34006375074386597,108852076544.0,mlp,embedding
1577,15780,6.234918714653759e-07,100.0,1.0000005960464478,0.001,25.572269439697266,0.3613177239894867,127613173760.0,mlp,embedding
1578,15790,NaN,NaN,NaN,NaN,25.66461181640625,0.3825717270374298,139958501376.0,mlp,embedding
1579,15800,NaN,NaN,NaN,NaN,25.765478134155273,0.31880977749824524,154812121088.0,mlp,embedding
1580,15810,NaN,NaN,NaN,NaN,25.927974700927734,0.3825717270374298,182127837184.0,mlp,embedding
1581,15820,NaN,NaN,NaN,NaN,26.0991153717041,0.34006375074386597,216123392000.0,mlp,embedding
1582,15830,NaN,NaN,NaN,NaN,26.211036682128906,0.3613177239894867,241717772288.0,mlp,embedding
1583,15840,NaN,NaN,NaN,NaN,26.37217903137207,0.34006375074386597,283982659584.0,mlp,embedding
1584,15850,NaN,NaN,NaN,NaN,26.509546279907227,0.3613177239894867,325798952960.0,mlp,embedding
1585,15860,NaN,NaN,NaN,NaN,26.67776870727539,0.34006375074386597,385485242368.0,mlp,embedding
1586,15870,NaN,NaN,NaN,NaN,26.841262817382812,0.31880977749824524,453954502656.0,mlp,embedding
1587,15880,NaN,NaN,NaN,NaN,26.996610641479492,0.34006375074386597,530247974912.0,mlp,embedding
1588,15890,NaN,NaN,NaN,NaN,27.228179931640625,0.2975557744503021,668418244608.0,mlp,embedding
1589,15900,NaN,NaN,NaN,NaN,27.45261001586914,0.40382570028305054,836598431744.0,mlp,embedding
1590,15910,NaN,NaN,NaN,NaN,27.62129020690918,0.34006375074386597,990316265472.0,mlp,embedding
1591,15920,NaN,NaN,NaN,NaN,27.7625789642334,0.40382570028305054,1140603879424.0,mlp,embedding
1592,15930,2.2975154934101738e-07,100.0,1.000000238418579,0.001,27.994779586791992,0.34006375074386597,1438726619136.0,mlp,embedding
1593,15940,NaN,NaN,NaN,NaN,28.13901710510254,0.2763018012046814,1661957308416.0,mlp,embedding
1594,15950,NaN,NaN,NaN,NaN,28.13837432861328,0.31880977749824524,1660889333760.0,mlp,embedding
1595,15960,NaN,NaN,NaN,NaN,29.358734130859375,0.1912858635187149,5627768733696.0,mlp,embedding
1596,15970,NaN,NaN,NaN,NaN,23.539716720581055,0.42507970333099365,16717413376.0,mlp,embedding
1597,15980,NaN,NaN,NaN,NaN,20.951993942260742,0.31880977749824524,1257000192.0,mlp,embedding
1598,15990,NaN,NaN,NaN,NaN,20.89769744873047,0.31880977749824524,1190569344.0,mlp,embedding
1599,16000,NaN,NaN,NaN,NaN,21.11644172668457,0.2975557744503021,1481678976.0,mlp,embedding
1600,16010,NaN,NaN,NaN,NaN,21.258296966552734,0.4888416528701782,1707501440.0,mlp,embedding
1601,16020,NaN,NaN,NaN,NaN,21.3673038482666,0.4675876498222351,1904154368.0,mlp,embedding
1602,16030,NaN,NaN,NaN,NaN,21.38983154296875,0.40382570028305054,1947537408.0,mlp,embedding
1603,16040,NaN,NaN,NaN,NaN,21.371200561523438,0.40382570028305054,1911588736.0,mlp,embedding
1604,16050,NaN,NaN,NaN,NaN,21.339574813842773,0.3825717270374298,1852079360.0,mlp,embedding
1605,16060,NaN,NaN,NaN,NaN,21.30234718322754,0.3825717270374298,1784398464.0,mlp,embedding
1606,16070,NaN,NaN,NaN,NaN,21.26868438720703,0.3825717270374298,1725330304.0,mlp,embedding
1607,16080,0.00025249490863643587,100.0,1.0002524852752686,0.001,21.236892700195312,0.40382570028305054,1671341952.0,mlp,embedding
1608,16090,NaN,NaN,NaN,NaN,21.212350845336914,0.40382570028305054,1630823296.0,mlp,embedding
1609,16100,NaN,NaN,NaN,NaN,21.187519073486328,0.3825717270374298,1590825728.0,mlp,embedding
1610,16110,NaN,NaN,NaN,NaN,21.164196014404297,0.3825717270374298,1554152192.0,mlp,embedding
1611,16120,NaN,NaN,NaN,NaN,21.14300537109375,0.40382570028305054,1521565184.0,mlp,embedding
1612,16130,NaN,NaN,NaN,NaN,21.124849319458008,0.40382570028305054,1494188800.0,mlp,embedding
1613,16140,NaN,NaN,NaN,NaN,21.10914421081543,0.40382570028305054,1470905728.0,mlp,embedding
1614,16150,NaN,NaN,NaN,NaN,21.094928741455078,0.40382570028305054,1450144000.0,mlp,embedding
1615,16160,NaN,NaN,NaN,NaN,21.081201553344727,0.3825717270374298,1430373632.0,mlp,embedding
1616,16170,NaN,NaN,NaN,NaN,21.07122039794922,0.3825717270374298,1416167936.0,mlp,embedding
1617,16180,NaN,NaN,NaN,NaN,21.063871383666992,0.3613177239894867,1405798656.0,mlp,embedding
1618,16190,NaN,NaN,NaN,NaN,21.058940887451172,0.34006375074386597,1398884352.0,mlp,embedding
1619,16200,NaN,NaN,NaN,NaN,21.055051803588867,0.34006375074386597,1393454592.0,mlp,embedding
1620,16210,NaN,NaN,NaN,NaN,21.05396270751953,0.31880977749824524,1391937792.0,mlp,embedding
1621,16220,NaN,NaN,NaN,NaN,21.05528450012207,0.31880977749824524,1393778816.0,mlp,embedding
1622,16230,NaN,NaN,NaN,NaN,21.059316635131836,0.34006375074386597,1399410048.0,mlp,embedding
1623,16240,9.543545456836e-05,100.0,1.0000954866409302,0.001,21.0626220703125,0.31880977749824524,1404043392.0,mlp,embedding
1624,16250,NaN,NaN,NaN,NaN,21.067285537719727,0.31880977749824524,1410606464.0,mlp,embedding
1625,16260,NaN,NaN,NaN,NaN,21.075597763061523,0.31880977749824524,1422380544.0,mlp,embedding
1626,16270,NaN,NaN,NaN,NaN,21.085994720458984,0.31880977749824524,1437246208.0,mlp,embedding
1627,16280,NaN,NaN,NaN,NaN,21.097623825073242,0.31880977749824524,1454057600.0,mlp,embedding
1628,16290,NaN,NaN,NaN,NaN,21.111051559448242,0.31880977749824524,1473713920.0,mlp,embedding
1629,16300,NaN,NaN,NaN,NaN,21.127599716186523,0.2975557744503021,1498304128.0,mlp,embedding
1630,16310,NaN,NaN,NaN,NaN,21.147993087768555,0.31880977749824524,1529173248.0,mlp,embedding
1631,16320,NaN,NaN,NaN,NaN,21.16891860961914,0.31880977749824524,1561509120.0,mlp,embedding
1632,16330,NaN,NaN,NaN,NaN,21.185548782348633,0.2763018012046814,1587694464.0,mlp,embedding
1633,16340,NaN,NaN,NaN,NaN,21.208139419555664,0.2763018012046814,1623969664.0,mlp,embedding
1634,16350,NaN,NaN,NaN,NaN,21.2376651763916,0.2763018012046814,1672633472.0,mlp,embedding
1635,16360,NaN,NaN,NaN,NaN,21.27048683166504,0.2763018012046814,1728443008.0,mlp,embedding
1636,16370,NaN,NaN,NaN,NaN,21.297958374023438,0.2763018012046814,1776584192.0,mlp,embedding
1637,16380,NaN,NaN,NaN,NaN,21.325523376464844,0.2763018012046814,1826236928.0,mlp,embedding
1638,16390,NaN,NaN,NaN,NaN,21.349260330200195,0.2763018012046814,1870104832.0,mlp,embedding
1639,16400,3.282387478975579e-05,100.0,1.0000327825546265,0.001,21.378379821777344,0.2763018012046814,1925361920.0,mlp,embedding
1640,16410,NaN,NaN,NaN,NaN,21.41189193725586,0.2763018012046814,1990978304.0,mlp,embedding
1641,16420,NaN,NaN,NaN,NaN,21.44849967956543,0.2763018012046814,2065213952.0,mlp,embedding
1642,16430,NaN,NaN,NaN,NaN,21.483367919921875,0.2763018012046814,2138494464.0,mlp,embedding
1643,16440,NaN,NaN,NaN,NaN,21.51905632019043,0.2763018012046814,2216192256.0,mlp,embedding
1644,16450,NaN,NaN,NaN,NaN,21.554189682006836,0.2763018012046814,2295438336.0,mlp,embedding
1645,16460,NaN,NaN,NaN,NaN,21.59958267211914,0.2763018012046814,2402036224.0,mlp,embedding
1646,16470,NaN,NaN,NaN,NaN,21.637269973754883,0.2763018012046814,2494289920.0,mlp,embedding
1647,16480,NaN,NaN,NaN,NaN,21.67455291748047,0.2763018012046814,2589039872.0,mlp,embedding
1648,16490,NaN,NaN,NaN,NaN,21.715473175048828,0.2975557744503021,2697181440.0,mlp,embedding
1649,16500,NaN,NaN,NaN,NaN,21.7554931640625,0.2975557744503021,2807311616.0,mlp,embedding
1650,16510,NaN,NaN,NaN,NaN,21.796228408813477,0.31880977749824524,2924029440.0,mlp,embedding
1651,16520,NaN,NaN,NaN,NaN,21.837026596069336,0.31880977749824524,3045791488.0,mlp,embedding
1652,16530,NaN,NaN,NaN,NaN,21.881807327270508,0.2763018012046814,3185284096.0,mlp,embedding
1653,16540,NaN,NaN,NaN,NaN,21.919172286987305,0.2763018012046814,3306553600.0,mlp,embedding
1654,16550,NaN,NaN,NaN,NaN,21.963464736938477,0.2763018012046814,3456300800.0,mlp,embedding
1655,16560,1.0793732144520618e-05,100.0,1.0000108480453491,0.001,22.00982093811035,0.2763018012046814,3620293632.0,mlp,embedding
1656,16570,NaN,NaN,NaN,NaN,22.04792022705078,0.2763018012046814,3760885248.0,mlp,embedding
1657,16580,NaN,NaN,NaN,NaN,22.089113235473633,0.2763018012046814,3919042560.0,mlp,embedding
1658,16590,NaN,NaN,NaN,NaN,22.133047103881836,0.2975557744503021,4095059712.0,mlp,embedding
1659,16600,NaN,NaN,NaN,NaN,22.180097579956055,0.2975557744503021,4292338688.0,mlp,embedding
1660,16610,NaN,NaN,NaN,NaN,22.22992515563965,0.2975557744503021,4511633408.0,mlp,embedding
1661,16620,NaN,NaN,NaN,NaN,22.272314071655273,0.2975557744503021,4706988032.0,mlp,embedding
1662,16630,NaN,NaN,NaN,NaN,22.316545486450195,0.2975557744503021,4919857664.0,mlp,embedding
1663,16640,NaN,NaN,NaN,NaN,22.36671257019043,0.2975557744503021,5172968448.0,mlp,embedding
1664,16650,NaN,NaN,NaN,NaN,22.400108337402344,0.2975557744503021,5348640768.0,mlp,embedding
1665,16660,NaN,NaN,NaN,NaN,22.448318481445312,0.2763018012046814,5612816384.0,mlp,embedding
1666,16670,NaN,NaN,NaN,NaN,22.48954963684082,0.2763018012046814,5849076736.0,mlp,embedding
1667,16680,NaN,NaN,NaN,NaN,22.53754425048828,0.2975557744503021,6136646656.0,mlp,embedding
1668,16690,NaN,NaN,NaN,NaN,22.58045768737793,0.2975557744503021,6405723136.0,mlp,embedding
1669,16700,NaN,NaN,NaN,NaN,22.616806030273438,0.25504782795906067,6642844160.0,mlp,embedding
1670,16710,NaN,NaN,NaN,NaN,22.657102584838867,0.25504782795906067,6915994112.0,mlp,embedding
1671,16720,4.422747224452905e-06,100.0,1.0000044107437134,0.001,22.699304580688477,0.2975557744503021,7214109184.0,mlp,embedding
1672,16730,NaN,NaN,NaN,NaN,22.739971160888672,0.2975557744503021,7513529344.0,mlp,embedding
1673,16740,NaN,NaN,NaN,NaN,22.77823257446289,0.2763018012046814,7806578176.0,mlp,embedding
1674,16750,NaN,NaN,NaN,NaN,22.80789566040039,0.25504782795906067,8041614336.0,mlp,embedding
1675,16760,NaN,NaN,NaN,NaN,22.849977493286133,0.2763018012046814,8387241472.0,mlp,embedding
1676,16770,NaN,NaN,NaN,NaN,22.874279022216797,0.2975557744503021,8593560576.0,mlp,embedding
1677,16780,NaN,NaN,NaN,NaN,22.913755416870117,0.2975557744503021,8939588608.0,mlp,embedding
1678,16790,NaN,NaN,NaN,NaN,22.939481735229492,0.2763018012046814,9172554752.0,mlp,embedding
1679,16800,NaN,NaN,NaN,NaN,22.974367141723633,0.2763018012046814,9498190848.0,mlp,embedding
1680,16810,NaN,NaN,NaN,NaN,23.005197525024414,0.2975557744503021,9795584000.0,mlp,embedding
1681,16820,NaN,NaN,NaN,NaN,23.028553009033203,0.2763018012046814,10027057152.0,mlp,embedding
1682,16830,NaN,NaN,NaN,NaN,23.052114486694336,0.2763018012046814,10266115072.0,mlp,embedding
1683,16840,NaN,NaN,NaN,NaN,23.075178146362305,0.2763018012046814,10505640960.0,mlp,embedding
1684,16850,NaN,NaN,NaN,NaN,23.090078353881836,0.31880977749824524,10663349248.0,mlp,embedding
1685,16860,NaN,NaN,NaN,NaN,23.133296966552734,0.2763018012046814,11134307328.0,mlp,embedding
1686,16870,NaN,NaN,NaN,NaN,23.145122528076172,0.2975557744503021,11266758656.0,mlp,embedding
1687,16880,2.499009951861808e-06,100.0,1.0000025033950806,0.001,23.16147804260254,0.2975557744503021,11452548096.0,mlp,embedding
1688,16890,NaN,NaN,NaN,NaN,23.215038299560547,0.2975557744503021,12082673664.0,mlp,embedding
1689,16900,NaN,NaN,NaN,NaN,23.232540130615234,0.31880977749824524,12296003584.0,mlp,embedding
1690,16910,NaN,NaN,NaN,NaN,23.261611938476562,0.31880977749824524,12658717696.0,mlp,embedding
1691,16920,NaN,NaN,NaN,NaN,23.297481536865234,0.2763018012046814,13121021952.0,mlp,embedding
1692,16930,NaN,NaN,NaN,NaN,23.361103057861328,0.31880977749824524,13982928896.0,mlp,embedding
1693,16940,NaN,NaN,NaN,NaN,23.38662338256836,0.2975557744503021,14344370176.0,mlp,embedding
1694,16950,NaN,NaN,NaN,NaN,23.425491333007812,0.2975557744503021,14912883712.0,mlp,embedding
1695,16960,NaN,NaN,NaN,NaN,23.501388549804688,0.31880977749824524,16088788992.0,mlp,embedding
1696,16970,NaN,NaN,NaN,NaN,23.52640151977539,0.31880977749824524,16496292864.0,mlp,embedding
1697,16980,NaN,NaN,NaN,NaN,23.600893020629883,0.31880977749824524,17772052480.0,mlp,embedding
1698,16990,NaN,NaN,NaN,NaN,23.64437484741211,0.40382570028305054,18561861632.0,mlp,embedding
1699,17000,NaN,NaN,NaN,NaN,23.70730209350586,0.31880977749824524,19767441408.0,mlp,embedding
1700,17010,NaN,NaN,NaN,NaN,23.758678436279297,0.25504782795906067,20809562112.0,mlp,embedding
1701,17020,NaN,NaN,NaN,NaN,23.848798751831055,0.25504782795906067,22772027392.0,mlp,embedding
1702,17030,NaN,NaN,NaN,NaN,23.90825653076172,0.34006375074386597,24167063552.0,mlp,embedding
1703,17040,1.2924220982313273e-06,100.0,1.000001311302185,0.001,24.00031089782715,0.34006375074386597,26497357824.0,mlp,embedding
1704,17050,NaN,NaN,NaN,NaN,24.089078903198242,0.2763018012046814,28957032448.0,mlp,embedding
1705,17060,NaN,NaN,NaN,NaN,24.20897674560547,0.34006375074386597,32645627904.0,mlp,embedding
1706,17070,NaN,NaN,NaN,NaN,24.260879516601562,0.2975557744503021,34384769024.0,mlp,embedding
1707,17080,NaN,NaN,NaN,NaN,24.407974243164062,0.2975557744503021,39833505792.0,mlp,embedding
1708,17090,NaN,NaN,NaN,NaN,24.45426368713379,0.31880977749824524,41720717312.0,mlp,embedding
1709,17100,NaN,NaN,NaN,NaN,24.603147506713867,0.31880977749824524,48418484224.0,mlp,embedding
1710,17110,NaN,NaN,NaN,NaN,24.682960510253906,0.34006375074386597,52441313280.0,mlp,embedding
1711,17120,NaN,NaN,NaN,NaN,24.81033706665039,0.3613177239894867,59565182976.0,mlp,embedding
1712,17130,NaN,NaN,NaN,NaN,24.90986442565918,0.34006375074386597,65798602752.0,mlp,embedding
1713,17140,NaN,NaN,NaN,NaN,25.025386810302734,0.2975557744503021,73856278528.0,mlp,embedding
1714,17150,NaN,NaN,NaN,NaN,25.102325439453125,0.3825717270374298,79762989056.0,mlp,embedding
1715,17160,NaN,NaN,NaN,NaN,25.22635841369629,0.31880977749824524,90295943168.0,mlp,embedding
1716,17170,NaN,NaN,NaN,NaN,25.38279914855957,0.31880977749824524,105586794496.0,mlp,embedding
1717,17180,NaN,NaN,NaN,NaN,25.48748016357422,0.2975557744503021,117238972416.0,mlp,embedding
1718,17190,NaN,NaN,NaN,NaN,25.66527557373047,0.3613177239894867,140051431424.0,mlp,embedding
1719,17200,NaN,NaN,NaN,NaN,25.76068687438965,0.2763018012046814,154072154112.0,mlp,embedding
1720,17210,3.55701843091083e-07,100.0,1.0000003576278687,0.001,25.99319839477539,0.34006375074386597,194402844672.0,mlp,embedding
1721,17220,NaN,NaN,NaN,NaN,26.142412185668945,0.31880977749824524,225686388736.0,mlp,embedding
1722,17230,NaN,NaN,NaN,NaN,26.280593872070312,0.34006375074386597,259129524224.0,mlp,embedding
1723,17240,NaN,NaN,NaN,NaN,26.497541427612305,0.34006375074386597,321911160832.0,mlp,embedding
1724,17250,NaN,NaN,NaN,NaN,26.634584426879883,0.31880977749824524,369192665088.0,mlp,embedding
1725,17260,NaN,NaN,NaN,NaN,26.827306747436523,0.3613177239894867,447663079424.0,mlp,embedding
1726,17270,NaN,NaN,NaN,NaN,27.09442710876465,0.3825717270374298,584736440320.0,mlp,embedding
1727,17280,NaN,NaN,NaN,NaN,27.346418380737305,0.2975557744503021,752313040896.0,mlp,embedding
1728,17290,NaN,NaN,NaN,NaN,27.43132781982422,0.31880977749824524,818981896192.0,mlp,embedding
1729,17300,NaN,NaN,NaN,NaN,27.643505096435547,0.34006375074386597,1012562198528.0,mlp,embedding
1730,17310,NaN,NaN,NaN,NaN,27.977035522460938,0.3613177239894867,1413423038464.0,mlp,embedding
1731,17320,NaN,NaN,NaN,NaN,31.339815139770508,0.3613177239894867,40804567482368.0,mlp,embedding
1732,17330,NaN,NaN,NaN,NaN,25.364002227783203,0.5313495993614197,103620624384.0,mlp,embedding
1733,17340,NaN,NaN,NaN,NaN,22.547334671020508,0.5526036024093628,6197021696.0,mlp,embedding
1734,17350,NaN,NaN,NaN,NaN,22.542661666870117,0.40382570028305054,6168130560.0,mlp,embedding
1735,17360,NaN,NaN,NaN,NaN,22.652097702026367,0.40382570028305054,6881466880.0,mlp,embedding
1736,17370,NaN,NaN,NaN,NaN,23.027536392211914,0.3613177239894867,10016868352.0,mlp,embedding
1737,17380,0.006594508420675993,99.85118865966797,1.0066163539886475,0.001,23.156494140625,0.2975557744503021,11395611648.0,mlp,embedding
1738,17390,NaN,NaN,NaN,NaN,23.387348175048828,0.2975557744503021,14354770944.0,mlp,embedding
1739,17400,NaN,NaN,NaN,NaN,23.291048049926758,0.23379382491111755,13036878848.0,mlp,embedding
1740,17410,NaN,NaN,NaN,NaN,23.233612060546875,0.23379382491111755,12309190656.0,mlp,embedding
1741,17420,NaN,NaN,NaN,NaN,23.12813377380371,0.25504782795906067,11076967424.0,mlp,embedding
1742,17430,NaN,NaN,NaN,NaN,23.18598747253418,0.2763018012046814,11736711168.0,mlp,embedding
1743,17440,NaN,NaN,NaN,NaN,23.100055694580078,0.2763018012046814,10770273280.0,mlp,embedding
1744,17450,NaN,NaN,NaN,NaN,22.99645233154297,0.2763018012046814,9710292992.0,mlp,embedding
1745,17460,NaN,NaN,NaN,NaN,22.929157257080078,0.2975557744503021,9078340608.0,mlp,embedding
1746,17470,NaN,NaN,NaN,NaN,22.8780517578125,0.31880977749824524,8626042880.0,mlp,embedding
1747,17480,NaN,NaN,NaN,NaN,22.832460403442383,0.31880977749824524,8241600512.0,mlp,embedding
1748,17490,NaN,NaN,NaN,NaN,22.79033851623535,0.31880977749824524,7901658624.0,mlp,embedding
1749,17500,NaN,NaN,NaN,NaN,22.750160217285156,0.31880977749824524,7590476800.0,mlp,embedding
1750,17510,NaN,NaN,NaN,NaN,22.709461212158203,0.31880977749824524,7287753728.0,mlp,embedding
1751,17520,NaN,NaN,NaN,NaN,22.66957664489746,0.31880977749824524,7002805248.0,mlp,embedding
1752,17530,NaN,NaN,NaN,NaN,22.631338119506836,0.31880977749824524,6740083200.0,mlp,embedding
1753,17540,NaN,NaN,NaN,NaN,22.595022201538086,0.31880977749824524,6499702272.0,mlp,embedding
1754,17550,3.764840948861092e-05,100.0,1.000037670135498,0.001,22.565122604370117,0.31880977749824524,6308240384.0,mlp,embedding
1755,17560,NaN,NaN,NaN,NaN,22.53396987915039,0.2975557744503021,6114750976.0,mlp,embedding
1756,17570,NaN,NaN,NaN,NaN,22.504047393798828,0.2975557744503021,5934492672.0,mlp,embedding
1757,17580,NaN,NaN,NaN,NaN,22.47346305847168,0.2975557744503021,5755737600.0,mlp,embedding
1758,17590,NaN,NaN,NaN,NaN,22.44293975830078,0.2975557744503021,5582707712.0,mlp,embedding
1759,17600,NaN,NaN,NaN,NaN,22.417367935180664,0.31880977749824524,5441757696.0,mlp,embedding
1760,17610,NaN,NaN,NaN,NaN,22.39512825012207,0.34006375074386597,5322070528.0,mlp,embedding
1761,17620,NaN,NaN,NaN,NaN,22.37285041809082,0.34006375074386597,5204817408.0,mlp,embedding
1762,17630,NaN,NaN,NaN,NaN,22.35256576538086,0.34006375074386597,5100302848.0,mlp,embedding
1763,17640,NaN,NaN,NaN,NaN,22.332351684570312,0.34006375074386597,4998239744.0,mlp,embedding
1764,17650,NaN,NaN,NaN,NaN,22.31718635559082,0.34006375074386597,4923012096.0,mlp,embedding
1765,17660,NaN,NaN,NaN,NaN,22.30449867248535,0.31880977749824524,4860944896.0,mlp,embedding
1766,17670,NaN,NaN,NaN,NaN,22.294776916503906,0.31880977749824524,4813916672.0,mlp,embedding
1767,17680,NaN,NaN,NaN,NaN,22.28738021850586,0.31880977749824524,4778441216.0,mlp,embedding
1768,17690,NaN,NaN,NaN,NaN,22.277286529541016,0.31880977749824524,4730451456.0,mlp,embedding
1769,17700,NaN,NaN,NaN,NaN,22.274507522583008,0.34006375074386597,4717323776.0,mlp,embedding
1770,17710,NaN,NaN,NaN,NaN,22.274616241455078,0.31880977749824524,4717836800.0,mlp,embedding
1771,17720,1.863627949205693e-05,100.0,1.00001859664917,0.001,22.272804260253906,0.34006375074386597,4709296128.0,mlp,embedding
1772,17730,NaN,NaN,NaN,NaN,22.27359962463379,0.31880977749824524,4713042944.0,mlp,embedding
1773,17740,NaN,NaN,NaN,NaN,22.27837562561035,0.31880977749824524,4735606272.0,mlp,embedding
1774,17750,NaN,NaN,NaN,NaN,22.286924362182617,0.31880977749824524,4776263168.0,mlp,embedding
1775,17760,NaN,NaN,NaN,NaN,22.291433334350586,0.34006375074386597,4797848064.0,mlp,embedding
1776,17770,NaN,NaN,NaN,NaN,22.297382354736328,0.3613177239894867,4826475520.0,mlp,embedding
1777,17780,NaN,NaN,NaN,NaN,22.307079315185547,0.3613177239894867,4873505280.0,mlp,embedding
1778,17790,NaN,NaN,NaN,NaN,22.3239688873291,0.3825717270374298,4956515840.0,mlp,embedding
1779,17800,NaN,NaN,NaN,NaN,22.340864181518555,0.3613177239894867,5040969216.0,mlp,embedding
1780,17810,NaN,NaN,NaN,NaN,22.35824203491211,0.3613177239894867,5129335808.0,mlp,embedding
1781,17820,NaN,NaN,NaN,NaN,22.37328338623047,0.3613177239894867,5207071232.0,mlp,embedding
1782,17830,NaN,NaN,NaN,NaN,22.391786575317383,0.34006375074386597,5304315392.0,mlp,embedding
1783,17840,NaN,NaN,NaN,NaN,22.412626266479492,0.31880977749824524,5416015872.0,mlp,embedding
1784,17850,NaN,NaN,NaN,NaN,22.431819915771484,0.31880977749824524,5520972800.0,mlp,embedding
1785,17860,NaN,NaN,NaN,NaN,22.447294235229492,0.31880977749824524,5607070720.0,mlp,embedding
1786,17870,NaN,NaN,NaN,NaN,22.469966888427734,0.31880977749824524,5735649792.0,mlp,embedding
1787,17880,NaN,NaN,NaN,NaN,22.497669219970703,0.31880977749824524,5896761856.0,mlp,embedding
1788,17890,7.789773917465936e-06,100.0,1.0000077486038208,0.001,22.52690887451172,0.2975557744503021,6071726592.0,mlp,embedding
1789,17900,NaN,NaN,NaN,NaN,22.548490524291992,0.2975557744503021,6204188672.0,mlp,embedding
1790,17910,NaN,NaN,NaN,NaN,22.56905746459961,0.2975557744503021,6333111296.0,mlp,embedding
1791,17920,NaN,NaN,NaN,NaN,22.591402053833008,0.31880977749824524,6476214784.0,mlp,embedding
1792,17930,NaN,NaN,NaN,NaN,22.61905860900879,0.34006375074386597,6657824256.0,mlp,embedding
1793,17940,NaN,NaN,NaN,NaN,22.64997100830078,0.34006375074386597,6866847744.0,mlp,embedding
1794,17950,NaN,NaN,NaN,NaN,22.672712326049805,0.34006375074386597,7024798208.0,mlp,embedding
1795,17960,NaN,NaN,NaN,NaN,22.704500198364258,0.3613177239894867,7251688448.0,mlp,embedding
1796,17970,NaN,NaN,NaN,NaN,22.72597312927246,0.3613177239894867,7409087488.0,mlp,embedding
1797,17980,NaN,NaN,NaN,NaN,22.75074005126953,0.34006375074386597,7594878976.0,mlp,embedding
1798,17990,NaN,NaN,NaN,NaN,22.776153564453125,0.34006375074386597,7790365184.0,mlp,embedding
1799,18000,NaN,NaN,NaN,NaN,22.79612922668457,0.3613177239894867,7947547648.0,mlp,embedding
1800,18010,NaN,NaN,NaN,NaN,22.821744918823242,0.34006375074386597,8153759232.0,mlp,embedding
1801,18020,NaN,NaN,NaN,NaN,22.84833526611328,0.3613177239894867,8373478912.0,mlp,embedding
1802,18030,NaN,NaN,NaN,NaN,22.877729415893555,0.3825717270374298,8623263744.0,mlp,embedding
1803,18040,NaN,NaN,NaN,NaN,22.894649505615234,0.2975557744503021,8770410496.0,mlp,embedding
1804,18050,NaN,NaN,NaN,NaN,22.913034439086914,0.34006375074386597,8933145600.0,mlp,embedding
1805,18060,3.6043013551534386e-06,100.0,1.0000035762786865,0.001,22.93950080871582,0.34006375074386597,9172729856.0,mlp,embedding
1806,18070,NaN,NaN,NaN,NaN,22.95119857788086,0.3613177239894867,9280660480.0,mlp,embedding
1807,18080,NaN,NaN,NaN,NaN,22.968225479125977,0.31880977749824524,9440034816.0,mlp,embedding
1808,18090,NaN,NaN,NaN,NaN,22.99656105041504,0.34006375074386597,9711348736.0,mlp,embedding
1809,18100,NaN,NaN,NaN,NaN,23.00442886352539,0.3613177239894867,9788057600.0,mlp,embedding
1810,18110,NaN,NaN,NaN,NaN,23.039134979248047,0.34006375074386597,10133727232.0,mlp,embedding
1811,18120,NaN,NaN,NaN,NaN,23.041757583618164,0.3825717270374298,10160337920.0,mlp,embedding
1812,18130,NaN,NaN,NaN,NaN,23.04932975769043,0.3825717270374298,10237565952.0,mlp,embedding
1813,18140,NaN,NaN,NaN,NaN,23.057188034057617,0.3613177239894867,10318332928.0,mlp,embedding
1814,18150,NaN,NaN,NaN,NaN,23.0806941986084,0.3825717270374298,10563749888.0,mlp,embedding
1815,18160,NaN,NaN,NaN,NaN,23.0858154296875,0.3825717270374298,10617988096.0,mlp,embedding
1816,18170,NaN,NaN,NaN,NaN,23.106983184814453,0.3825717270374298,10845143040.0,mlp,embedding
1817,18180,NaN,NaN,NaN,NaN,23.129724502563477,0.3613177239894867,11094601728.0,mlp,embedding
1818,18190,NaN,NaN,NaN,NaN,23.125558853149414,0.42507970333099365,11048481792.0,mlp,embedding
1819,18200,NaN,NaN,NaN,NaN,23.18356704711914,0.3613177239894867,11708338176.0,mlp,embedding
1820,18210,NaN,NaN,NaN,NaN,23.18198013305664,0.3825717270374298,11689772032.0,mlp,embedding
1821,18220,NaN,NaN,NaN,NaN,23.217369079589844,0.3613177239894867,12110868480.0,mlp,embedding
1822,18230,NaN,NaN,NaN,NaN,23.2327880859375,0.3825717270374298,12299053056.0,mlp,embedding
1823,18240,1.9004042997039505e-06,100.0,1.0000019073486328,0.001,23.284954071044922,0.3825717270374298,12957674496.0,mlp,embedding
1824,18250,NaN,NaN,NaN,NaN,23.289724349975586,0.40382570028305054,13019633664.0,mlp,embedding
1825,18260,NaN,NaN,NaN,NaN,23.332794189453125,0.40382570028305054,13592638464.0,mlp,embedding
1826,18270,NaN,NaN,NaN,NaN,23.37552261352539,0.3613177239894867,14186016768.0,mlp,embedding
1827,18280,NaN,NaN,NaN,NaN,23.458364486694336,0.42507970333099365,15411263488.0,mlp,embedding
1828,18290,NaN,NaN,NaN,NaN,23.491649627685547,0.40382570028305054,15932862464.0,mlp,embedding
1829,18300,NaN,NaN,NaN,NaN,23.540977478027344,0.42507970333099365,16738502656.0,mlp,embedding
1830,18310,NaN,NaN,NaN,NaN,23.58984375,0.40382570028305054,17576765440.0,mlp,embedding
1831,18320,NaN,NaN,NaN,NaN,23.635887145996094,0.34006375074386597,18404980736.0,mlp,embedding
1832,18330,NaN,NaN,NaN,NaN,23.700149536132812,0.40382570028305054,19626559488.0,mlp,embedding
1833,18340,NaN,NaN,NaN,NaN,23.791322708129883,0.40382570028305054,21500084224.0,mlp,embedding
1834,18350,NaN,NaN,NaN,NaN,23.87114906311035,0.40382570028305054,23286720512.0,mlp,embedding
1835,18360,NaN,NaN,NaN,NaN,23.948036193847656,0.3825717270374298,25147797504.0,mlp,embedding
1836,18370,NaN,NaN,NaN,NaN,23.996320724487305,0.3825717270374298,26391840768.0,mlp,embedding
1837,18380,NaN,NaN,NaN,NaN,24.10902976989746,0.40382570028305054,29540550656.0,mlp,embedding
1838,18390,NaN,NaN,NaN,NaN,24.21971893310547,0.40382570028305054,32998203392.0,mlp,embedding
1839,18400,NaN,NaN,NaN,NaN,24.297168731689453,0.40382570028305054,35655483392.0,mlp,embedding
1840,18410,NaN,NaN,NaN,NaN,24.41319465637207,0.3825717270374298,40041996288.0,mlp,embedding
1841,18420,6.713884772580059e-07,100.0,1.0000007152557373,0.001,24.523454666137695,0.40382570028305054,44709625856.0,mlp,embedding
1842,18430,NaN,NaN,NaN,NaN,24.59292984008789,0.3613177239894867,47926280192.0,mlp,embedding
1843,18440,NaN,NaN,NaN,NaN,24.714012145996094,0.4463336765766144,54095245312.0,mlp,embedding
1844,18450,NaN,NaN,NaN,NaN,24.85136604309082,0.3613177239894867,62059909120.0,mlp,embedding
1845,18460,NaN,NaN,NaN,NaN,24.96292495727539,0.42507970333099365,69384200192.0,mlp,embedding
1846,18470,NaN,NaN,NaN,NaN,25.06446075439453,0.3613177239894867,76799254528.0,mlp,embedding
1847,18480,NaN,NaN,NaN,NaN,25.248552322387695,0.42507970333099365,92322373632.0,mlp,embedding
1848,18490,NaN,NaN,NaN,NaN,25.406274795532227,0.34006375074386597,108094832640.0,mlp,embedding
1849,18500,NaN,NaN,NaN,NaN,25.560611724853516,0.34006375074386597,126134132736.0,mlp,embedding
1850,18510,NaN,NaN,NaN,NaN,25.682586669921875,0.3825717270374298,142496989184.0,mlp,embedding
1851,18520,NaN,NaN,NaN,NaN,25.785337448120117,0.42507970333099365,157917315072.0,mlp,embedding
1852,18530,NaN,NaN,NaN,NaN,25.997953414916992,0.3613177239894867,195329441792.0,mlp,embedding
1853,18540,NaN,NaN,NaN,NaN,26.236230850219727,0.34006375074386597,247885021184.0,mlp,embedding
1854,18550,NaN,NaN,NaN,NaN,26.343063354492188,0.42507970333099365,275833520128.0,mlp,embedding
1855,18560,NaN,NaN,NaN,NaN,26.47675895690918,0.40382570028305054,315290091520.0,mlp,embedding
1856,18570,NaN,NaN,NaN,NaN,26.75655746459961,0.3825717270374298,417085652992.0,mlp,embedding
1857,18580,NaN,NaN,NaN,NaN,26.9683895111084,0.31880977749824524,515492970496.0,mlp,embedding
1858,18590,NaN,NaN,NaN,NaN,27.150127410888672,0.40382570028305054,618230644736.0,mlp,embedding
1859,18600,0.10732121765613556,96.8537368774414,1.11329185962677,0.001,26.783662796020508,0.2975557744503021,428545507328.0,mlp,embedding
1860,18610,NaN,NaN,NaN,NaN,23.028606414794922,0.4463336765766144,10027592704.0,mlp,embedding
1861,18620,NaN,NaN,NaN,NaN,21.6630802154541,0.3825717270374298,2559506176.0,mlp,embedding
1862,18630,NaN,NaN,NaN,NaN,21.940771102905273,0.40382570028305054,3378748160.0,mlp,embedding
1863,18640,NaN,NaN,NaN,NaN,22.483688354492188,0.23379382491111755,5814893568.0,mlp,embedding
1864,18650,NaN,NaN,NaN,NaN,22.7375431060791,0.31880977749824524,7495308288.0,mlp,embedding
1865,18660,NaN,NaN,NaN,NaN,22.720972061157227,0.40382570028305054,7372126720.0,mlp,embedding
1866,18670,NaN,NaN,NaN,NaN,22.731525421142578,0.40382570028305054,7450339328.0,mlp,embedding
1867,18680,NaN,NaN,NaN,NaN,22.55727195739746,0.3613177239894867,6258910208.0,mlp,embedding
1868,18690,NaN,NaN,NaN,NaN,22.431541442871094,0.31880977749824524,5519435776.0,mlp,embedding
1869,18700,NaN,NaN,NaN,NaN,22.350902557373047,0.2975557744503021,5091827200.0,mlp,embedding
1870,18710,NaN,NaN,NaN,NaN,22.29314613342285,0.2763018012046814,4806072832.0,mlp,embedding
1871,18720,NaN,NaN,NaN,NaN,22.246145248413086,0.2763018012046814,4585409536.0,mlp,embedding
1872,18730,NaN,NaN,NaN,NaN,22.201492309570312,0.2975557744503021,4385161728.0,mlp,embedding
1873,18740,NaN,NaN,NaN,NaN,22.15761947631836,0.31880977749824524,4196931328.0,mlp,embedding
1874,18750,NaN,NaN,NaN,NaN,22.116165161132812,0.31880977749824524,4026507264.0,mlp,embedding
1875,18760,NaN,NaN,NaN,NaN,22.074764251708984,0.31880977749824524,3863209984.0,mlp,embedding
1876,18770,NaN,NaN,NaN,NaN,22.035707473754883,0.31880977749824524,3715233792.0,mlp,embedding
1877,18780,3.8264875911409035e-05,100.0,1.0000382661819458,0.001,21.998233795166016,0.31880977749824524,3578586880.0,mlp,embedding
1878,18790,NaN,NaN,NaN,NaN,21.963972091674805,0.31880977749824524,3458054912.0,mlp,embedding
1879,18800,NaN,NaN,NaN,NaN,21.931028366088867,0.31880977749824524,3345989632.0,mlp,embedding
1880,18810,NaN,NaN,NaN,NaN,21.90043067932129,0.31880977749824524,3245160704.0,mlp,embedding
1881,18820,NaN,NaN,NaN,NaN,21.87224578857422,0.31880977749824524,3154972928.0,mlp,embedding
1882,18830,NaN,NaN,NaN,NaN,21.842975616455078,0.31880977749824524,3063964928.0,mlp,embedding
1883,18840,NaN,NaN,NaN,NaN,21.815824508666992,0.31880977749824524,2981893888.0,mlp,embedding
1884,18850,NaN,NaN,NaN,NaN,21.79121208190918,0.2975557744503021,2909398272.0,mlp,embedding
1885,18860,NaN,NaN,NaN,NaN,21.767778396606445,0.2975557744503021,2842012928.0,mlp,embedding
1886,18870,NaN,NaN,NaN,NaN,21.744712829589844,0.2763018012046814,2777210368.0,mlp,embedding
1887,18880,NaN,NaN,NaN,NaN,21.724885940551758,0.2975557744503021,2722689280.0,mlp,embedding
1888,18890,NaN,NaN,NaN,NaN,21.70703125,0.2975557744503021,2674508032.0,mlp,embedding
1889,18900,NaN,NaN,NaN,NaN,21.695232391357422,0.2975557744503021,2643137280.0,mlp,embedding
1890,18910,NaN,NaN,NaN,NaN,21.681150436401367,0.2975557744503021,2606177536.0,mlp,embedding
1891,18920,NaN,NaN,NaN,NaN,21.668392181396484,0.2975557744503021,2573138432.0,mlp,embedding
1892,18930,NaN,NaN,NaN,NaN,21.658313751220703,0.2975557744503021,2547335424.0,mlp,embedding
1893,18940,NaN,NaN,NaN,NaN,21.651037216186523,0.2975557744503021,2528867072.0,mlp,embedding
1894,18950,NaN,NaN,NaN,NaN,21.64814567565918,0.2975557744503021,2521565184.0,mlp,embedding
1895,18960,1.850985972851049e-05,100.0,1.0000184774398804,0.001,21.645967483520508,0.2975557744503021,2516078848.0,mlp,embedding
1896,18970,NaN,NaN,NaN,NaN,21.645883560180664,0.2975557744503021,2515867648.0,mlp,embedding
1897,18980,NaN,NaN,NaN,NaN,21.65102195739746,0.2975557744503021,2528828416.0,mlp,embedding
1898,18990,NaN,NaN,NaN,NaN,21.653799057006836,0.31880977749824524,2535860992.0,mlp,embedding
1899,19000,NaN,NaN,NaN,NaN,21.661306381225586,0.2975557744503021,2554970112.0,mlp,embedding
1900,19010,NaN,NaN,NaN,NaN,21.670650482177734,0.31880977749824524,2578956032.0,mlp,embedding
1901,19020,NaN,NaN,NaN,NaN,21.679973602294922,0.31880977749824524,2603112192.0,mlp,embedding
1902,19030,NaN,NaN,NaN,NaN,21.68873405456543,0.31880977749824524,2626017024.0,mlp,embedding
1903,19040,NaN,NaN,NaN,NaN,21.702489852905273,0.31880977749824524,2662389504.0,mlp,embedding
1904,19050,NaN,NaN,NaN,NaN,21.71857452392578,0.34006375074386597,2705559296.0,mlp,embedding
1905,19060,NaN,NaN,NaN,NaN,21.73383903503418,0.31880977749824524,2747175168.0,mlp,embedding
1906,19070,NaN,NaN,NaN,NaN,21.752552032470703,0.31880977749824524,2799067136.0,mlp,embedding
1907,19080,NaN,NaN,NaN,NaN,21.767074584960938,0.2975557744503021,2840013312.0,mlp,embedding
1908,19090,NaN,NaN,NaN,NaN,21.792016983032227,0.31880977749824524,2911740928.0,mlp,embedding
1909,19100,NaN,NaN,NaN,NaN,21.81723403930664,0.2763018012046814,2986099968.0,mlp,embedding
1910,19110,NaN,NaN,NaN,NaN,21.840057373046875,0.2975557744503021,3055036416.0,mlp,embedding
1911,19120,NaN,NaN,NaN,NaN,21.865116119384766,0.2975557744503021,3132559104.0,mlp,embedding
1912,19130,NaN,NaN,NaN,NaN,21.890844345092773,0.31880977749824524,3214200064.0,mlp,embedding
1913,19140,7.739801731077023e-06,100.0,1.0000077486038208,0.001,21.917930603027344,0.2975557744503021,3302450432.0,mlp,embedding
1914,19150,NaN,NaN,NaN,NaN,21.942867279052734,0.2975557744503021,3385838080.0,mlp,embedding
1915,19160,NaN,NaN,NaN,NaN,21.967565536499023,0.2975557744503021,3470503680.0,mlp,embedding
1916,19170,NaN,NaN,NaN,NaN,22.00309181213379,0.2975557744503021,3596013824.0,mlp,embedding
1917,19180,NaN,NaN,NaN,NaN,22.03315544128418,0.2975557744503021,3705764608.0,mlp,embedding
1918,19190,NaN,NaN,NaN,NaN,22.057497024536133,0.2975557744503021,3797075712.0,mlp,embedding
1919,19200,NaN,NaN,NaN,NaN,22.085498809814453,0.2975557744503021,3904903168.0,mlp,embedding
1920,19210,NaN,NaN,NaN,NaN,22.104034423828125,0.34006375074386597,3977957888.0,mlp,embedding
1921,19220,NaN,NaN,NaN,NaN,22.134294509887695,0.31880977749824524,4100171008.0,mlp,embedding
1922,19230,NaN,NaN,NaN,NaN,22.16490936279297,0.31880977749824524,4227638272.0,mlp,embedding
1923,19240,NaN,NaN,NaN,NaN,22.185989379882812,0.34006375074386597,4317703168.0,mlp,embedding
1924,19250,NaN,NaN,NaN,NaN,22.20732307434082,0.31880977749824524,4410805248.0,mlp,embedding
1925,19260,NaN,NaN,NaN,NaN,22.244333267211914,0.34006375074386597,4577108480.0,mlp,embedding
1926,19270,NaN,NaN,NaN,NaN,22.268613815307617,0.34006375074386597,4689603072.0,mlp,embedding
1927,19280,NaN,NaN,NaN,NaN,22.29813003540039,0.34006375074386597,4830085632.0,mlp,embedding
1928,19290,NaN,NaN,NaN,NaN,22.31903076171875,0.31880977749824524,4932100096.0,mlp,embedding
1929,19300,NaN,NaN,NaN,NaN,22.3487548828125,0.31880977749824524,5080903168.0,mlp,embedding
1930,19310,NaN,NaN,NaN,NaN,22.362478256225586,0.34006375074386597,5151111168.0,mlp,embedding
1931,19320,NaN,NaN,NaN,NaN,22.382108688354492,0.31880977749824524,5253228544.0,mlp,embedding
1932,19330,3.347789970575832e-06,100.0,1.0000033378601074,0.001,22.406118392944336,0.31880977749824524,5380883456.0,mlp,embedding
1933,19340,NaN,NaN,NaN,NaN,22.427371978759766,0.34006375074386597,5496470528.0,mlp,embedding
1934,19350,NaN,NaN,NaN,NaN,22.43674659729004,0.34006375074386597,5548239872.0,mlp,embedding
1935,19360,NaN,NaN,NaN,NaN,22.465925216674805,0.34006375074386597,5712515072.0,mlp,embedding
1936,19370,NaN,NaN,NaN,NaN,22.481054306030273,0.34006375074386597,5799597056.0,mlp,embedding
1937,19380,NaN,NaN,NaN,NaN,22.501996994018555,0.34006375074386597,5922337280.0,mlp,embedding
1938,19390,NaN,NaN,NaN,NaN,22.50442123413086,0.31880977749824524,5936711680.0,mlp,embedding
1939,19400,NaN,NaN,NaN,NaN,22.522756576538086,0.34006375074386597,6046567424.0,mlp,embedding
1940,19410,NaN,NaN,NaN,NaN,22.555692672729492,0.31880977749824524,6249033728.0,mlp,embedding
1941,19420,NaN,NaN,NaN,NaN,22.569110870361328,0.3613177239894867,6333449728.0,mlp,embedding
1942,19430,NaN,NaN,NaN,NaN,22.59233856201172,0.3825717270374298,6482283008.0,mlp,embedding
1943,19440,NaN,NaN,NaN,NaN,22.594308853149414,0.3613177239894867,6495067136.0,mlp,embedding
1944,19450,NaN,NaN,NaN,NaN,22.605365753173828,0.31880977749824524,6567281152.0,mlp,embedding
1945,19460,NaN,NaN,NaN,NaN,22.657142639160156,0.3825717270374298,6916271104.0,mlp,embedding
1946,19470,NaN,NaN,NaN,NaN,22.668087005615234,0.3825717270374298,6992381440.0,mlp,embedding
1947,19480,NaN,NaN,NaN,NaN,22.69957733154297,0.3825717270374298,7216077312.0,mlp,embedding
1948,19490,NaN,NaN,NaN,NaN,22.732826232910156,0.34006375074386597,7460037120.0,mlp,embedding
1949,19500,NaN,NaN,NaN,NaN,22.760986328125,0.3613177239894867,7673098240.0,mlp,embedding
1950,19510,NaN,NaN,NaN,NaN,22.792837142944336,0.3613177239894867,7921426432.0,mlp,embedding
1951,19520,1.6984025705824024e-06,100.0,1.0000016689300537,0.001,22.862369537353516,0.40382570028305054,8491823104.0,mlp,embedding
1952,19530,NaN,NaN,NaN,NaN,22.897628784179688,0.3825717270374298,8796579840.0,mlp,embedding
1953,19540,NaN,NaN,NaN,NaN,22.943496704101562,0.42507970333099365,9209456640.0,mlp,embedding
1954,19550,NaN,NaN,NaN,NaN,22.98796272277832,0.42507970333099365,9628206080.0,mlp,embedding
1955,19560,NaN,NaN,NaN,NaN,23.080530166625977,0.40382570028305054,10562017280.0,mlp,embedding
1956,19570,NaN,NaN,NaN,NaN,23.120525360107422,0.4463336765766144,10993008640.0,mlp,embedding
1957,19580,NaN,NaN,NaN,NaN,23.188352584838867,0.42507970333099365,11764502528.0,mlp,embedding
1958,19590,NaN,NaN,NaN,NaN,23.253337860107422,0.3825717270374298,12554409984.0,mlp,embedding
1959,19600,NaN,NaN,NaN,NaN,23.30042839050293,0.42507970333099365,13159745536.0,mlp,embedding
1960,19610,NaN,NaN,NaN,NaN,23.404354095458984,0.3825717270374298,14600974336.0,mlp,embedding
1961,19620,NaN,NaN,NaN,NaN,23.475248336791992,0.4675876498222351,15673673728.0,mlp,embedding
1962,19630,NaN,NaN,NaN,NaN,23.549331665039062,0.40382570028305054,16878925824.0,mlp,embedding
1963,19640,NaN,NaN,NaN,NaN,23.662405014038086,0.40382570028305054,18899570688.0,mlp,embedding
1964,19650,NaN,NaN,NaN,NaN,23.76726531982422,0.3825717270374298,20989020160.0,mlp,embedding
1965,19660,NaN,NaN,NaN,NaN,23.83787727355957,0.42507970333099365,22524676096.0,mlp,embedding
1966,19670,NaN,NaN,NaN,NaN,23.942703247070312,0.40382570028305054,25014042624.0,mlp,embedding
1967,19680,NaN,NaN,NaN,NaN,24.015220642089844,0.3613177239894867,26895386624.0,mlp,embedding
1968,19690,NaN,NaN,NaN,NaN,24.16475486755371,0.40382570028305054,31233431552.0,mlp,embedding
1969,19700,NaN,NaN,NaN,NaN,24.28360366821289,0.31880977749824524,35175079936.0,mlp,embedding
1970,19710,5.18828983331332e-07,100.0,1.0000004768371582,0.001,24.42255401611328,0.3825717270374298,40418525184.0,mlp,embedding
1971,19720,NaN,NaN,NaN,NaN,24.563982009887695,0.40382570028305054,46558806016.0,mlp,embedding
1972,19730,NaN,NaN,NaN,NaN,24.68766975402832,0.3613177239894867,52688855040.0,mlp,embedding
1973,19740,NaN,NaN,NaN,NaN,24.826641082763672,0.40382570028305054,60544294912.0,mlp,embedding
1974,19750,NaN,NaN,NaN,NaN,24.993375778198242,0.40382570028305054,71529496576.0,mlp,embedding
1975,19760,NaN,NaN,NaN,NaN,25.181371688842773,0.3825717270374298,86323847168.0,mlp,embedding
1976,19770,NaN,NaN,NaN,NaN,25.314104080200195,0.3613177239894867,98577031168.0,mlp,embedding
1977,19780,NaN,NaN,NaN,NaN,25.460651397705078,0.4675876498222351,114135408640.0,mlp,embedding
1978,19790,NaN,NaN,NaN,NaN,25.62051010131836,0.3825717270374298,133920219136.0,mlp,embedding
1979,19800,NaN,NaN,NaN,NaN,25.79803466796875,0.3825717270374298,159935217664.0,mlp,embedding
1980,19810,NaN,NaN,NaN,NaN,25.98992347717285,0.40382570028305054,193767243776.0,mlp,embedding
1981,19820,NaN,NaN,NaN,NaN,26.212177276611328,0.42507970333099365,241993646080.0,mlp,embedding
1982,19830,NaN,NaN,NaN,NaN,28.439193725585938,0.4888416528701782,2243804004352.0,mlp,embedding
1983,19840,NaN,NaN,NaN,NaN,21.649539947509766,0.7226354479789734,2525083392.0,mlp,embedding
1984,19850,NaN,NaN,NaN,NaN,19.75143051147461,0.4888416528701782,378387936.0,mlp,embedding
1985,19860,NaN,NaN,NaN,NaN,19.607332229614258,0.4888416528701782,327609280.0,mlp,embedding
1986,19870,NaN,NaN,NaN,NaN,19.81527328491211,0.5738576054573059,403333088.0,mlp,embedding
1987,19880,NaN,NaN,NaN,NaN,19.989208221435547,0.4888416528701782,479957536.0,mlp,embedding
1988,19890,NaN,NaN,NaN,NaN,20.063262939453125,0.4888416528701782,516849824.0,mlp,embedding
1989,19900,0.0004311691445764154,100.0,1.0004312992095947,0.001,20.07577133178711,0.5100956559181213,523355392.0,mlp,embedding
1990,19910,NaN,NaN,NaN,NaN,20.05722427368164,0.5100956559181213,513738144.0,mlp,embedding
1991,19920,NaN,NaN,NaN,NaN,20.027986526489258,0.5313495993614197,498935072.0,mlp,embedding
1992,19930,NaN,NaN,NaN,NaN,20.000293731689453,0.5313495993614197,485307712.0,mlp,embedding
1993,19940,NaN,NaN,NaN,NaN,19.972759246826172,0.5313495993614197,472127328.0,mlp,embedding
1994,19950,NaN,NaN,NaN,NaN,19.946008682250977,0.5313495993614197,459665088.0,mlp,embedding
1995,19960,NaN,NaN,NaN,NaN,19.923301696777344,0.5313495993614197,449345088.0,mlp,embedding
1996,19970,NaN,NaN,NaN,NaN,19.90157699584961,0.5313495993614197,439688448.0,mlp,embedding
1997,19980,NaN,NaN,NaN,NaN,19.884798049926758,0.5100956559181213,432372512.0,mlp,embedding
1998,19990,NaN,NaN,NaN,NaN,19.867111206054688,0.5100956559181213,424792416.0,mlp,embedding
1999,20000,NaN,NaN,NaN,NaN,19.852312088012695,0.5100956559181213,418552160.0,mlp,embedding
2000,20010,NaN,NaN,NaN,NaN,19.839818954467773,0.5100956559181213,413355680.0,mlp,embedding
2001,20020,NaN,NaN,NaN,NaN,19.82832908630371,0.4888416528701782,408633440.0,mlp,embedding
2002,20030,NaN,NaN,NaN,NaN,19.816240310668945,0.4888416528701782,403723296.0,mlp,embedding
2003,20040,NaN,NaN,NaN,NaN,19.804906845092773,0.4888416528701782,399173536.0,mlp,embedding
2004,20050,NaN,NaN,NaN,NaN,19.795963287353516,0.4888416528701782,395619424.0,mlp,embedding
2005,20060,NaN,NaN,NaN,NaN,19.792316436767578,0.4888416528701782,394179296.0,mlp,embedding
2006,20070,NaN,NaN,NaN,NaN,19.788484573364258,0.4888416528701782,392671744.0,mlp,embedding
2007,20080,NaN,NaN,NaN,NaN,19.78400230407715,0.4675876498222351,390915616.0,mlp,embedding
2008,20090,8.242054173024371e-05,100.0,1.0000823736190796,0.001,19.779125213623047,0.4675876498222351,389013728.0,mlp,embedding
2009,20100,NaN,NaN,NaN,NaN,19.78059959411621,0.4675876498222351,389587712.0,mlp,embedding
2010,20110,NaN,NaN,NaN,NaN,19.78551483154297,0.4675876498222351,391507360.0,mlp,embedding
2011,20120,NaN,NaN,NaN,NaN,19.791339874267578,0.4463336765766144,393794560.0,mlp,embedding
2012,20130,NaN,NaN,NaN,NaN,19.79985809326172,0.4463336765766144,397163296.0,mlp,embedding
2013,20140,NaN,NaN,NaN,NaN,19.810195922851562,0.4675876498222351,401290400.0,mlp,embedding
2014,20150,NaN,NaN,NaN,NaN,19.825632095336914,0.4675876498222351,407532832.0,mlp,embedding
2015,20160,NaN,NaN,NaN,NaN,19.83818244934082,0.4675876498222351,412679744.0,mlp,embedding
2016,20170,NaN,NaN,NaN,NaN,19.849273681640625,0.4675876498222351,417282368.0,mlp,embedding
2017,20180,NaN,NaN,NaN,NaN,19.865373611450195,0.4675876498222351,424054944.0,mlp,embedding
2018,20190,NaN,NaN,NaN,NaN,19.885244369506836,0.4463336765766144,432565536.0,mlp,embedding
2019,20200,NaN,NaN,NaN,NaN,19.909425735473633,0.42507970333099365,443153056.0,mlp,embedding
2020,20210,NaN,NaN,NaN,NaN,19.928600311279297,0.42507970333099365,451732288.0,mlp,embedding
2021,20220,NaN,NaN,NaN,NaN,19.949810028076172,0.4463336765766144,461415744.0,mlp,embedding
2022,20230,NaN,NaN,NaN,NaN,19.97147560119629,0.42507970333099365,471521664.0,mlp,embedding
2023,20240,NaN,NaN,NaN,NaN,19.995988845825195,0.42507970333099365,483223008.0,mlp,embedding
2024,20250,NaN,NaN,NaN,NaN,20.026060104370117,0.3825717270374298,497974848.0,mlp,embedding
2025,20260,NaN,NaN,NaN,NaN,20.0570011138916,0.3825717270374298,513623520.0,mlp,embedding
2026,20270,NaN,NaN,NaN,NaN,20.08176040649414,0.3825717270374298,526499232.0,mlp,embedding
2027,20280,NaN,NaN,NaN,NaN,20.113677978515625,0.3825717270374298,543574848.0,mlp,embedding
2028,20290,2.331828909518663e-05,100.0,1.000023365020752,0.001,20.147886276245117,0.3825717270374298,562491328.0,mlp,embedding
2029,20300,NaN,NaN,NaN,NaN,20.178749084472656,0.3825717270374298,580122048.0,mlp,embedding
2030,20310,NaN,NaN,NaN,NaN,20.214447021484375,0.3825717270374298,601205312.0,mlp,embedding
2031,20320,NaN,NaN,NaN,NaN,20.252513885498047,0.40382570028305054,624532480.0,mlp,embedding
2032,20330,NaN,NaN,NaN,NaN,20.289039611816406,0.42507970333099365,647765696.0,mlp,embedding
2033,20340,NaN,NaN,NaN,NaN,20.324310302734375,0.40382570028305054,671020544.0,mlp,embedding
2034,20350,NaN,NaN,NaN,NaN,20.36246109008789,0.40382570028305054,697115072.0,mlp,embedding
2035,20360,NaN,NaN,NaN,NaN,20.39925193786621,0.40382570028305054,723240192.0,mlp,embedding
2036,20370,NaN,NaN,NaN,NaN,20.439790725708008,0.40382570028305054,753161856.0,mlp,embedding
2037,20380,NaN,NaN,NaN,NaN,20.4858455657959,0.40382570028305054,788659776.0,mlp,embedding
2038,20390,NaN,NaN,NaN,NaN,20.526329040527344,0.42507970333099365,821242560.0,mlp,embedding
2039,20400,NaN,NaN,NaN,NaN,20.57196044921875,0.42507970333099365,859585152.0,mlp,embedding
2040,20410,NaN,NaN,NaN,NaN,20.60671615600586,0.42507970333099365,889985856.0,mlp,embedding
2041,20420,NaN,NaN,NaN,NaN,20.650432586669922,0.42507970333099365,929755840.0,mlp,embedding
2042,20430,NaN,NaN,NaN,NaN,20.694137573242188,0.42507970333099365,971291904.0,mlp,embedding
2043,20440,NaN,NaN,NaN,NaN,20.733753204345703,0.40382570028305054,1010542528.0,mlp,embedding
2044,20450,NaN,NaN,NaN,NaN,20.78622055053711,0.40382570028305054,1064978624.0,mlp,embedding
2045,20460,NaN,NaN,NaN,NaN,20.829326629638672,0.3825717270374298,1111889408.0,mlp,embedding
2046,20470,NaN,NaN,NaN,NaN,20.870527267456055,0.3825717270374298,1158656896.0,mlp,embedding
2047,20480,NaN,NaN,NaN,NaN,20.925086975097656,0.3825717270374298,1223629184.0,mlp,embedding
2048,20490,6.586866220459342e-06,100.0,1.0000065565109253,0.001,20.960521697998047,0.40382570028305054,1267765504.0,mlp,embedding
2049,20500,NaN,NaN,NaN,NaN,21.001737594604492,0.40382570028305054,1321109248.0,mlp,embedding
2050,20510,NaN,NaN,NaN,NaN,21.0487117767334,0.42507970333099365,1384647936.0,mlp,embedding
2051,20520,NaN,NaN,NaN,NaN,21.09107780456543,0.4675876498222351,1444570368.0,mlp,embedding
2052,20530,NaN,NaN,NaN,NaN,21.127099990844727,0.4675876498222351,1497555584.0,mlp,embedding
2053,20540,NaN,NaN,NaN,NaN,21.16944122314453,0.4675876498222351,1562325504.0,mlp,embedding
2054,20550,NaN,NaN,NaN,NaN,21.21368980407715,0.42507970333099365,1633008384.0,mlp,embedding
2055,20560,NaN,NaN,NaN,NaN,21.25652313232422,0.4888416528701782,1704475264.0,mlp,embedding
2056,20570,NaN,NaN,NaN,NaN,21.293987274169922,0.4888416528701782,1769543168.0,mlp,embedding
2057,20580,NaN,NaN,NaN,NaN,21.328157424926758,0.4888416528701782,1831053696.0,mlp,embedding
2058,20590,NaN,NaN,NaN,NaN,21.36991310119629,0.4888416528701782,1909129344.0,mlp,embedding
2059,20600,NaN,NaN,NaN,NaN,21.398101806640625,0.4888416528701782,1963710848.0,mlp,embedding
2060,20610,NaN,NaN,NaN,NaN,21.423463821411133,0.4888416528701782,2014151424.0,mlp,embedding
2061,20620,NaN,NaN,NaN,NaN,21.456750869750977,0.4675876498222351,2082324992.0,mlp,embedding
2062,20630,NaN,NaN,NaN,NaN,21.487768173217773,0.4675876498222351,2147925248.0,mlp,embedding
2063,20640,NaN,NaN,NaN,NaN,21.513782501220703,0.42507970333099365,2204535040.0,mlp,embedding
2064,20650,NaN,NaN,NaN,NaN,21.55146026611328,0.42507970333099365,2289181696.0,mlp,embedding
2065,20660,NaN,NaN,NaN,NaN,21.569564819335938,0.42507970333099365,2331003904.0,mlp,embedding
2066,20670,NaN,NaN,NaN,NaN,21.5983943939209,0.42507970333099365,2399183616.0,mlp,embedding
2067,20680,NaN,NaN,NaN,NaN,21.626205444335938,0.42507970333099365,2466843904.0,mlp,embedding
2068,20690,2.9818522762070643e-06,100.0,1.0000029802322388,0.001,21.64737892150879,0.40382570028305054,2519632640.0,mlp,embedding
2069,20700,NaN,NaN,NaN,NaN,21.673860549926758,0.42507970333099365,2587247872.0,mlp,embedding
2070,20710,NaN,NaN,NaN,NaN,21.701698303222656,0.40382570028305054,2660282880.0,mlp,embedding
2071,20720,NaN,NaN,NaN,NaN,21.729352951049805,0.3825717270374298,2734878720.0,mlp,embedding
2072,20730,NaN,NaN,NaN,NaN,21.74974250793457,0.4675876498222351,2791214080.0,mlp,embedding
2073,20740,NaN,NaN,NaN,NaN,21.793033599853516,0.3613177239894867,2914702592.0,mlp,embedding
2074,20750,NaN,NaN,NaN,NaN,21.8179874420166,0.3825717270374298,2988350720.0,mlp,embedding
2075,20760,NaN,NaN,NaN,NaN,21.850738525390625,0.4675876498222351,3087842816.0,mlp,embedding
2076,20770,NaN,NaN,NaN,NaN,21.905359268188477,0.4463336765766144,3261194240.0,mlp,embedding
2077,20780,NaN,NaN,NaN,NaN,21.921201705932617,0.5100956559181213,3313270784.0,mlp,embedding
2078,20790,NaN,NaN,NaN,NaN,21.98063850402832,0.3825717270374298,3516171264.0,mlp,embedding
2079,20800,NaN,NaN,NaN,NaN,22.051044464111328,0.42507970333099365,3772653568.0,mlp,embedding
2080,20810,NaN,NaN,NaN,NaN,22.11000633239746,0.42507970333099365,4001784832.0,mlp,embedding
2081,20820,NaN,NaN,NaN,NaN,22.165054321289062,0.3825717270374298,4228251136.0,mlp,embedding
2082,20830,NaN,NaN,NaN,NaN,22.201704025268555,0.42507970333099365,4386089984.0,mlp,embedding
2083,20840,NaN,NaN,NaN,NaN,22.278968811035156,0.4463336765766144,4738416128.0,mlp,embedding
2084,20850,NaN,NaN,NaN,NaN,22.32715606689453,0.4463336765766144,4972338176.0,mlp,embedding
2085,20860,NaN,NaN,NaN,NaN,22.456275939941406,0.4463336765766144,5657658368.0,mlp,embedding
2086,20870,NaN,NaN,NaN,NaN,22.513404846191406,0.42507970333099365,5990285312.0,mlp,embedding
2087,20880,NaN,NaN,NaN,NaN,22.5960636138916,0.4675876498222351,6506474496.0,mlp,embedding
2088,20890,1.2771914725817624e-06,100.0,1.000001311302185,0.001,22.657190322875977,0.42507970333099365,6916601344.0,mlp,embedding
2089,20900,NaN,NaN,NaN,NaN,22.768169403076172,0.4675876498222351,7728413184.0,mlp,embedding
2090,20910,NaN,NaN,NaN,NaN,22.82364845275879,0.4463336765766144,8169294848.0,mlp,embedding
2091,20920,NaN,NaN,NaN,NaN,22.948469161987305,0.42507970333099365,9255364608.0,mlp,embedding
2092,20930,NaN,NaN,NaN,NaN,23.01230239868164,0.42507970333099365,9865427968.0,mlp,embedding
2093,20940,NaN,NaN,NaN,NaN,23.14594268798828,0.4675876498222351,11276003328.0,mlp,embedding
2094,20950,NaN,NaN,NaN,NaN,23.211666107177734,0.42507970333099365,12041996288.0,mlp,embedding
2095,20960,NaN,NaN,NaN,NaN,23.34334945678711,0.40382570028305054,13736871936.0,mlp,embedding
2096,20970,NaN,NaN,NaN,NaN,23.486408233642578,0.5100956559181213,15849570304.0,mlp,embedding
2097,20980,NaN,NaN,NaN,NaN,23.602256774902344,0.4463336765766144,17796306944.0,mlp,embedding
2098,20990,NaN,NaN,NaN,NaN,23.691131591796875,0.4888416528701782,19450363904.0,mlp,embedding
2099,21000,NaN,NaN,NaN,NaN,23.821516036987305,0.4888416528701782,22159142912.0,mlp,embedding
2100,21010,NaN,NaN,NaN,NaN,23.96638298034668,0.4675876498222351,25613438976.0,mlp,embedding
2101,21020,NaN,NaN,NaN,NaN,24.064010620117188,0.4675876498222351,28240152576.0,mlp,embedding
2102,21030,NaN,NaN,NaN,NaN,24.182039260864258,0.4463336765766144,31777974272.0,mlp,embedding
2103,21040,NaN,NaN,NaN,NaN,24.32943344116211,0.5313495993614197,36824653824.0,mlp,embedding
2104,21050,NaN,NaN,NaN,NaN,24.463973999023438,0.4888416528701782,42127814656.0,mlp,embedding
2105,21060,NaN,NaN,NaN,NaN,24.63134002685547,0.4888416528701782,49802948608.0,mlp,embedding
2106,21070,NaN,NaN,NaN,NaN,24.849313735961914,0.5100956559181213,61932675072.0,mlp,embedding
2107,21080,NaN,NaN,NaN,NaN,25.010042190551758,0.4463336765766144,72731631616.0,mlp,embedding
2108,21090,2.5924975943780737e-07,100.0,1.000000238418579,0.001,25.222932815551758,0.4888416528701782,89987162112.0,mlp,embedding
2109,21100,NaN,NaN,NaN,NaN,25.33983612060547,0.4675876498222351,101146533888.0,mlp,embedding
2110,21110,NaN,NaN,NaN,NaN,25.505231857299805,0.4675876498222351,119338745856.0,mlp,embedding
2111,21120,NaN,NaN,NaN,NaN,25.708599090576172,0.4463336765766144,146252300288.0,mlp,embedding
2112,21130,NaN,NaN,NaN,NaN,25.87743377685547,0.5100956559181213,173151666176.0,mlp,embedding
2113,21140,NaN,NaN,NaN,NaN,28.703128814697266,0.3825717270374298,2921530654720.0,mlp,embedding
2114,21150,NaN,NaN,NaN,NaN,20.752593994140625,0.5313495993614197,1029762432.0,mlp,embedding
2115,21160,NaN,NaN,NaN,NaN,18.04974365234375,0.5313495993614197,69008736.0,mlp,embedding
2116,21170,NaN,NaN,NaN,NaN,18.115440368652344,0.4463336765766144,73694624.0,mlp,embedding
2117,21180,NaN,NaN,NaN,NaN,18.167322158813477,0.34006375074386597,77618952.0,mlp,embedding
2118,21190,NaN,NaN,NaN,NaN,18.50580596923828,0.5100956559181213,108885344.0,mlp,embedding
2119,21200,NaN,NaN,NaN,NaN,18.69713020324707,0.5313495993614197,131844032.0,mlp,embedding
2120,21210,NaN,NaN,NaN,NaN,18.739770889282227,0.4888416528701782,137587536.0,mlp,embedding
2121,21220,NaN,NaN,NaN,NaN,18.740781784057617,0.4888416528701782,137726688.0,mlp,embedding
2122,21230,NaN,NaN,NaN,NaN,18.730039596557617,0.5100956559181213,136255120.0,mlp,embedding
2123,21240,NaN,NaN,NaN,NaN,18.722822189331055,0.5100956559181213,135275248.0,mlp,embedding
2124,21250,NaN,NaN,NaN,NaN,18.73549461364746,0.5100956559181213,137000432.0,mlp,embedding
2125,21260,NaN,NaN,NaN,NaN,18.757917404174805,0.4888416528701782,140107056.0,mlp,embedding
2126,21270,NaN,NaN,NaN,NaN,18.79018783569336,0.4888416528701782,144702112.0,mlp,embedding
2127,21280,NaN,NaN,NaN,NaN,18.825063705444336,0.4675876498222351,149837760.0,mlp,embedding
2128,21290,NaN,NaN,NaN,NaN,18.865358352661133,0.4675876498222351,155998720.0,mlp,embedding
2129,21300,0.0002236487780464813,100.0,1.0002236366271973,0.001,18.904626846313477,0.4675876498222351,162246416.0,mlp,embedding
2130,21310,NaN,NaN,NaN,NaN,18.936262130737305,0.4463336765766144,167461184.0,mlp,embedding
2131,21320,NaN,NaN,NaN,NaN,18.972888946533203,0.4463336765766144,173708464.0,mlp,embedding
2132,21330,NaN,NaN,NaN,NaN,19.003437042236328,0.4463336765766144,179096800.0,mlp,embedding
2133,21340,NaN,NaN,NaN,NaN,19.015127182006836,0.4463336765766144,181202768.0,mlp,embedding
2134,21350,NaN,NaN,NaN,NaN,19.02764320373535,0.4888416528701782,183484944.0,mlp,embedding
2135,21360,NaN,NaN,NaN,NaN,19.043962478637695,0.5100956559181213,186503856.0,mlp,embedding
2136,21370,NaN,NaN,NaN,NaN,19.05942726135254,0.5100956559181213,189410512.0,mlp,embedding
2137,21380,NaN,NaN,NaN,NaN,19.072704315185547,0.5100956559181213,191942096.0,mlp,embedding
2138,21390,NaN,NaN,NaN,NaN,19.08448600769043,0.4888416528701782,194216880.0,mlp,embedding
2139,21400,NaN,NaN,NaN,NaN,19.09833526611328,0.4888416528701782,196925344.0,mlp,embedding
2140,21410,NaN,NaN,NaN,NaN,19.122610092163086,0.5100956559181213,201764176.0,mlp,embedding
2141,21420,NaN,NaN,NaN,NaN,19.134780883789062,0.5100956559181213,204234800.0,mlp,embedding
2142,21430,NaN,NaN,NaN,NaN,19.154499053955078,0.5313495993614197,208301904.0,mlp,embedding
2143,21440,NaN,NaN,NaN,NaN,19.171857833862305,0.4888416528701782,211949344.0,mlp,embedding
2144,21450,NaN,NaN,NaN,NaN,19.18753433227539,0.4463336765766144,215298144.0,mlp,embedding
2145,21460,NaN,NaN,NaN,NaN,19.20637321472168,0.4675876498222351,219392560.0,mlp,embedding
2146,21470,NaN,NaN,NaN,NaN,19.22221565246582,0.4675876498222351,222895952.0,mlp,embedding
2147,21480,NaN,NaN,NaN,NaN,19.244991302490234,0.4675876498222351,228030816.0,mlp,embedding
2148,21490,NaN,NaN,NaN,NaN,19.265262603759766,0.4675876498222351,232700464.0,mlp,embedding
2149,21500,NaN,NaN,NaN,NaN,19.283954620361328,0.4675876498222351,237091008.0,mlp,embedding
2150,21510,5.868372682016343e-05,100.0,1.000058650970459,0.001,19.313823699951172,0.4675876498222351,244279520.0,mlp,embedding
2151,21520,NaN,NaN,NaN,NaN,19.354536056518555,0.4675876498222351,254429936.0,mlp,embedding
2152,21530,NaN,NaN,NaN,NaN,19.368989944458008,0.4888416528701782,258134144.0,mlp,embedding
2153,21540,NaN,NaN,NaN,NaN,19.403976440429688,0.4675876498222351,267325200.0,mlp,embedding
2154,21550,NaN,NaN,NaN,NaN,19.44658851623535,0.4463336765766144,278962656.0,mlp,embedding
2155,21560,NaN,NaN,NaN,NaN,19.4697322845459,0.4463336765766144,285494208.0,mlp,embedding
2156,21570,NaN,NaN,NaN,NaN,19.500139236450195,0.4463336765766144,294308544.0,mlp,embedding
2157,21580,NaN,NaN,NaN,NaN,19.51774787902832,0.4463336765766144,299536800.0,mlp,embedding
2158,21590,NaN,NaN,NaN,NaN,19.568042755126953,0.4463336765766144,314987264.0,mlp,embedding
2159,21600,NaN,NaN,NaN,NaN,19.59650230407715,0.4463336765766144,324080448.0,mlp,embedding
2160,21610,NaN,NaN,NaN,NaN,19.63180923461914,0.4675876498222351,335727104.0,mlp,embedding
2161,21620,NaN,NaN,NaN,NaN,19.67873764038086,0.4675876498222351,351857792.0,mlp,embedding
2162,21630,NaN,NaN,NaN,NaN,19.72695541381836,0.4463336765766144,369239264.0,mlp,embedding
2163,21640,NaN,NaN,NaN,NaN,19.754159927368164,0.4463336765766144,379422112.0,mlp,embedding
2164,21650,NaN,NaN,NaN,NaN,19.796083450317383,0.4463336765766144,395666976.0,mlp,embedding
2165,21660,NaN,NaN,NaN,NaN,19.838991165161133,0.4463336765766144,413013632.0,mlp,embedding
2166,21670,NaN,NaN,NaN,NaN,19.858848571777344,0.4463336765766144,421296992.0,mlp,embedding
2167,21680,NaN,NaN,NaN,NaN,19.896984100341797,0.4463336765766144,437673664.0,mlp,embedding
2168,21690,NaN,NaN,NaN,NaN,19.96329689025879,0.4675876498222351,467680960.0,mlp,embedding
2169,21700,NaN,NaN,NaN,NaN,19.9848690032959,0.4888416528701782,477879424.0,mlp,embedding
2170,21710,NaN,NaN,NaN,NaN,20.021577835083008,0.4888416528701782,495747776.0,mlp,embedding
2171,21720,1.418380270479247e-05,100.0,1.0000141859054565,0.001,20.05771255493164,0.4888416528701782,513989056.0,mlp,embedding
2172,21730,NaN,NaN,NaN,NaN,20.10100746154785,0.4675876498222351,536730912.0,mlp,embedding
2173,21740,NaN,NaN,NaN,NaN,20.140520095825195,0.4675876498222351,558363136.0,mlp,embedding
2174,21750,NaN,NaN,NaN,NaN,20.172922134399414,0.4675876498222351,576751552.0,mlp,embedding
2175,21760,NaN,NaN,NaN,NaN,20.219146728515625,0.4888416528701782,604037440.0,mlp,embedding
2176,21770,NaN,NaN,NaN,NaN,20.259672164916992,0.4888416528701782,629019072.0,mlp,embedding
2177,21780,NaN,NaN,NaN,NaN,20.297163009643555,0.4888416528701782,653049216.0,mlp,embedding
2178,21790,NaN,NaN,NaN,NaN,20.341642379760742,0.4888416528701782,682752064.0,mlp,embedding
2179,21800,NaN,NaN,NaN,NaN,20.38071060180664,0.4888416528701782,709953920.0,mlp,embedding
2180,21810,NaN,NaN,NaN,NaN,20.418163299560547,0.4675876498222351,737047808.0,mlp,embedding
2181,21820,NaN,NaN,NaN,NaN,20.457406997680664,0.4888416528701782,766547328.0,mlp,embedding
2182,21830,NaN,NaN,NaN,NaN,20.506357192993164,0.4675876498222351,805003520.0,mlp,embedding
2183,21840,NaN,NaN,NaN,NaN,20.540712356567383,0.4675876498222351,833140096.0,mlp,embedding
2184,21850,NaN,NaN,NaN,NaN,20.598318099975586,0.4675876498222351,882543040.0,mlp,embedding
2185,21860,NaN,NaN,NaN,NaN,20.61893653869629,0.4888416528701782,900928576.0,mlp,embedding
2186,21870,NaN,NaN,NaN,NaN,20.6549015045166,0.4888416528701782,933920128.0,mlp,embedding
2187,21880,NaN,NaN,NaN,NaN,20.692981719970703,0.4888416528701782,970169856.0,mlp,embedding
2188,21890,NaN,NaN,NaN,NaN,20.745174407958984,0.4888416528701782,1022150336.0,mlp,embedding
2189,21900,NaN,NaN,NaN,NaN,20.781230926513672,0.4675876498222351,1059678016.0,mlp,embedding
2190,21910,NaN,NaN,NaN,NaN,20.822174072265625,0.4675876498222351,1103964928.0,mlp,embedding
2191,21920,NaN,NaN,NaN,NaN,20.8559513092041,0.4888416528701782,1141890816.0,mlp,embedding
2192,21930,4.403157618071418e-06,100.0,1.0000044107437134,0.001,20.88176918029785,0.4888416528701782,1171755904.0,mlp,embedding
2193,21940,NaN,NaN,NaN,NaN,20.924575805664062,0.4888416528701782,1223003776.0,mlp,embedding
2194,21950,NaN,NaN,NaN,NaN,20.954652786254883,0.4675876498222351,1260346880.0,mlp,embedding
2195,21960,NaN,NaN,NaN,NaN,20.981670379638672,0.4675876498222351,1294862592.0,mlp,embedding
2196,21970,NaN,NaN,NaN,NaN,21.016910552978516,0.4675876498222351,1341307264.0,mlp,embedding
2197,21980,NaN,NaN,NaN,NaN,21.042818069458008,0.4675876498222351,1376511232.0,mlp,embedding
2198,21990,NaN,NaN,NaN,NaN,21.081634521484375,0.4675876498222351,1430993152.0,mlp,embedding
2199,22000,NaN,NaN,NaN,NaN,21.09672737121582,0.5100956559181213,1452754688.0,mlp,embedding
2200,22010,NaN,NaN,NaN,NaN,21.112960815429688,0.42507970333099365,1476530304.0,mlp,embedding
2201,22020,NaN,NaN,NaN,NaN,21.162425994873047,0.5313495993614197,1551403776.0,mlp,embedding
2202,22030,NaN,NaN,NaN,NaN,21.163923263549805,0.4675876498222351,1553728384.0,mlp,embedding
2203,22040,NaN,NaN,NaN,NaN,21.185701370239258,0.5313495993614197,1587936768.0,mlp,embedding
2204,22050,NaN,NaN,NaN,NaN,21.223926544189453,0.5100956559181213,1649810944.0,mlp,embedding
2205,22060,NaN,NaN,NaN,NaN,21.23897933959961,0.5100956559181213,1674833024.0,mlp,embedding
2206,22070,NaN,NaN,NaN,NaN,21.25800323486328,0.4675876498222351,1706999936.0,mlp,embedding
2207,22080,NaN,NaN,NaN,NaN,21.302839279174805,0.5313495993614197,1785276800.0,mlp,embedding
2208,22090,NaN,NaN,NaN,NaN,21.349056243896484,0.5313495993614197,1869723264.0,mlp,embedding
2209,22100,NaN,NaN,NaN,NaN,21.36314582824707,0.4888416528701782,1896253312.0,mlp,embedding
2210,22110,NaN,NaN,NaN,NaN,21.40595245361328,0.5526036024093628,1979187968.0,mlp,embedding
2211,22120,NaN,NaN,NaN,NaN,21.42024040222168,0.5100956559181213,2007669504.0,mlp,embedding
2212,22130,NaN,NaN,NaN,NaN,21.504777908325195,0.5100956559181213,2184773376.0,mlp,embedding
2213,22140,2.071108838208602e-06,100.0,1.0000020265579224,0.001,21.514171600341797,0.5951115489006042,2205393152.0,mlp,embedding
2214,22150,NaN,NaN,NaN,NaN,21.568143844604492,0.5526036024093628,2327693824.0,mlp,embedding
2215,22160,NaN,NaN,NaN,NaN,21.599220275878906,0.5100956559181213,2401166080.0,mlp,embedding
2216,22170,NaN,NaN,NaN,NaN,21.680295944213867,0.4463336765766144,2603951616.0,mlp,embedding
2217,22180,NaN,NaN,NaN,NaN,21.73303985595703,0.5313495993614197,2744980736.0,mlp,embedding
2218,22190,NaN,NaN,NaN,NaN,21.762874603271484,0.5313495993614197,2828110336.0,mlp,embedding
2219,22200,NaN,NaN,NaN,NaN,21.853593826293945,0.4888416528701782,3096672000.0,mlp,embedding
2220,22210,NaN,NaN,NaN,NaN,21.906269073486328,0.5313495993614197,3264162560.0,mlp,embedding
2221,22220,NaN,NaN,NaN,NaN,22.003400802612305,0.5313495993614197,3597125120.0,mlp,embedding
2222,22230,NaN,NaN,NaN,NaN,22.059953689575195,0.4675876498222351,3806415104.0,mlp,embedding
2223,22240,NaN,NaN,NaN,NaN,22.128185272216797,0.5313495993614197,4075198464.0,mlp,embedding
2224,22250,NaN,NaN,NaN,NaN,22.247140884399414,0.5313495993614197,4589977088.0,mlp,embedding
2225,22260,NaN,NaN,NaN,NaN,22.31061553955078,0.5100956559181213,4890769920.0,mlp,embedding
2226,22270,NaN,NaN,NaN,NaN,22.401714324951172,0.5313495993614197,5357237760.0,mlp,embedding
2227,22280,NaN,NaN,NaN,NaN,22.478389739990234,0.5313495993614197,5784164352.0,mlp,embedding
2228,22290,NaN,NaN,NaN,NaN,22.611614227294922,0.5100956559181213,6608444928.0,mlp,embedding
2229,22300,NaN,NaN,NaN,NaN,22.711963653564453,0.5100956559181213,7306013696.0,mlp,embedding
2230,22310,NaN,NaN,NaN,NaN,22.767066955566406,0.5313495993614197,7719897600.0,mlp,embedding
2231,22320,NaN,NaN,NaN,NaN,22.87088966369629,0.5313495993614197,8564483584.0,mlp,embedding
2232,22330,NaN,NaN,NaN,NaN,23.015670776367188,0.5100956559181213,9898715136.0,mlp,embedding
2233,22340,NaN,NaN,NaN,NaN,23.13080406188965,0.5313495993614197,11106585600.0,mlp,embedding
2234,22350,NaN,NaN,NaN,NaN,23.223567962646484,0.5526036024093628,12186175488.0,mlp,embedding
2235,22360,4.840849214815535e-07,100.0,1.0000004768371582,0.001,23.373104095458984,0.5100956559181213,14151749632.0,mlp,embedding
2236,22370,NaN,NaN,NaN,NaN,23.510772705078125,0.5100956559181213,16240479232.0,mlp,embedding
2237,22380,NaN,NaN,NaN,NaN,23.62288475036621,0.4888416528701782,18167220224.0,mlp,embedding
2238,22390,NaN,NaN,NaN,NaN,23.756242752075195,0.5738576054573059,20758937600.0,mlp,embedding
2239,22400,NaN,NaN,NaN,NaN,23.916810989379883,0.5313495993614197,24374685696.0,mlp,embedding
2240,22410,NaN,NaN,NaN,NaN,24.015806198120117,0.6163655519485474,26911141888.0,mlp,embedding
2241,22420,NaN,NaN,NaN,NaN,24.209327697753906,0.5100956559181213,32657086464.0,mlp,embedding
2242,22430,NaN,NaN,NaN,NaN,24.331541061401367,0.5313495993614197,36902350848.0,mlp,embedding
2243,22440,NaN,NaN,NaN,NaN,24.513235092163086,0.5951115489006042,44255039488.0,mlp,embedding
2244,22450,NaN,NaN,NaN,NaN,24.642162322998047,0.5951115489006042,50344857600.0,mlp,embedding
2245,22460,NaN,NaN,NaN,NaN,24.900434494018555,0.4675876498222351,65181040640.0,mlp,embedding
2246,22470,NaN,NaN,NaN,NaN,25.037456512451172,0.4463336765766144,74753097728.0,mlp,embedding
2247,22480,NaN,NaN,NaN,NaN,25.20798683166504,0.5100956559181213,88652210176.0,mlp,embedding
2248,22490,NaN,NaN,NaN,NaN,25.33061981201172,0.5951115489006042,100218617856.0,mlp,embedding
2249,22500,NaN,NaN,NaN,NaN,28.36823272705078,0.6376195549964905,2090099408896.0,mlp,embedding
2250,22510,NaN,NaN,NaN,NaN,21.15930938720703,0.7438894510269165,1546576128.0,mlp,embedding
2251,22520,NaN,NaN,NaN,NaN,18.092952728271484,0.5738576054573059,72055896.0,mlp,embedding
2252,22530,NaN,NaN,NaN,NaN,17.61210060119629,0.4463336765766144,44549016.0,mlp,embedding
2253,22540,NaN,NaN,NaN,NaN,18.42599105834961,0.5738576054573059,100532448.0,mlp,embedding
2254,22550,NaN,NaN,NaN,NaN,18.72179412841797,0.5313495993614197,135136256.0,mlp,embedding
2255,22560,NaN,NaN,NaN,NaN,18.825742721557617,0.4888416528701782,149939536.0,mlp,embedding
2256,22570,NaN,NaN,NaN,NaN,18.844127655029297,0.4888416528701782,152721664.0,mlp,embedding
2257,22580,0.0006389908958226442,100.0,1.0006392002105713,0.001,18.841934204101562,0.5100956559181213,152387040.0,mlp,embedding
2258,22590,NaN,NaN,NaN,NaN,18.834897994995117,0.4888416528701782,151318576.0,mlp,embedding
2259,22600,NaN,NaN,NaN,NaN,18.8107967376709,0.5313495993614197,147715216.0,mlp,embedding
2260,22610,NaN,NaN,NaN,NaN,18.77788543701172,0.5313495993614197,142932848.0,mlp,embedding
2261,22620,NaN,NaN,NaN,NaN,18.7447566986084,0.5100956559181213,138275232.0,mlp,embedding
2262,22630,NaN,NaN,NaN,NaN,18.717082977294922,0.5100956559181213,134501104.0,mlp,embedding
2263,22640,NaN,NaN,NaN,NaN,18.69780158996582,0.5100956559181213,131932576.0,mlp,embedding
2264,22650,NaN,NaN,NaN,NaN,18.681161880493164,0.5100956559181213,129755424.0,mlp,embedding
2265,22660,NaN,NaN,NaN,NaN,18.670516967773438,0.5100956559181213,128381512.0,mlp,embedding
2266,22670,NaN,NaN,NaN,NaN,18.660348892211914,0.4888416528701782,127082736.0,mlp,embedding
2267,22680,NaN,NaN,NaN,NaN,18.65325927734375,0.5100956559181213,126184952.0,mlp,embedding
2268,22690,NaN,NaN,NaN,NaN,18.65049934387207,0.5100956559181213,125837176.0,mlp,embedding
2269,22700,NaN,NaN,NaN,NaN,18.65067481994629,0.5100956559181213,125859256.0,mlp,embedding
2270,22710,NaN,NaN,NaN,NaN,18.646406173706055,0.5100956559181213,125323152.0,mlp,embedding
2271,22720,NaN,NaN,NaN,NaN,18.643953323364258,0.5100956559181213,125016128.0,mlp,embedding
2272,22730,NaN,NaN,NaN,NaN,18.64723777770996,0.5313495993614197,125427416.0,mlp,embedding
2273,22740,NaN,NaN,NaN,NaN,18.650049209594727,0.5313495993614197,125780544.0,mlp,embedding
2274,22750,NaN,NaN,NaN,NaN,18.660436630249023,0.5526036024093628,127093888.0,mlp,embedding
2275,22760,NaN,NaN,NaN,NaN,18.682476043701172,0.5313495993614197,129926056.0,mlp,embedding
2276,22770,NaN,NaN,NaN,NaN,18.713489532470703,0.5526036024093628,134018648.0,mlp,embedding
2277,22780,NaN,NaN,NaN,NaN,18.743181228637695,0.5526036024093628,138057552.0,mlp,embedding
2278,22790,NaN,NaN,NaN,NaN,18.793663024902344,0.5738576054573059,145205856.0,mlp,embedding
2279,22800,9.163094364339486e-05,100.0,1.0000916719436646,0.001,18.84845542907715,0.5738576054573059,153384048.0,mlp,embedding
2280,22810,NaN,NaN,NaN,NaN,18.9133358001709,0.5526036024093628,163665584.0,mlp,embedding
2281,22820,NaN,NaN,NaN,NaN,18.969497680664062,0.5738576054573059,173120368.0,mlp,embedding
2282,22830,NaN,NaN,NaN,NaN,19.02786636352539,0.5951115489006042,183525904.0,mlp,embedding
2283,22840,NaN,NaN,NaN,NaN,19.08717155456543,0.6163655519485474,194739152.0,mlp,embedding
2284,22850,NaN,NaN,NaN,NaN,19.14558219909668,0.6163655519485474,206452768.0,mlp,embedding
2285,22860,NaN,NaN,NaN,NaN,19.179168701171875,0.5951115489006042,213504544.0,mlp,embedding
2286,22870,NaN,NaN,NaN,NaN,19.21980857849121,0.5951115489006042,222360080.0,mlp,embedding
2287,22880,NaN,NaN,NaN,NaN,19.25934600830078,0.5738576054573059,231327728.0,mlp,embedding
2288,22890,NaN,NaN,NaN,NaN,19.29199981689453,0.5738576054573059,239006144.0,mlp,embedding
2289,22900,NaN,NaN,NaN,NaN,19.32495880126953,0.5951115489006042,247014800.0,mlp,embedding
2290,22910,NaN,NaN,NaN,NaN,19.350839614868164,0.5738576054573059,253491184.0,mlp,embedding
2291,22920,NaN,NaN,NaN,NaN,19.39023208618164,0.5951115489006042,263676112.0,mlp,embedding
2292,22930,NaN,NaN,NaN,NaN,19.411975860595703,0.5526036024093628,269472224.0,mlp,embedding
2293,22940,NaN,NaN,NaN,NaN,19.438865661621094,0.5526036024093628,276816576.0,mlp,embedding
2294,22950,NaN,NaN,NaN,NaN,19.47454071044922,0.5738576054573059,286870272.0,mlp,embedding
2295,22960,NaN,NaN,NaN,NaN,19.509979248046875,0.5526036024093628,297218848.0,mlp,embedding
2296,22970,NaN,NaN,NaN,NaN,19.52392578125,0.5313495993614197,301393056.0,mlp,embedding
2297,22980,NaN,NaN,NaN,NaN,19.560806274414062,0.5313495993614197,312716096.0,mlp,embedding
2298,22990,NaN,NaN,NaN,NaN,19.61719512939453,0.5100956559181213,330856448.0,mlp,embedding
2299,23000,NaN,NaN,NaN,NaN,19.621070861816406,0.4888416528701782,332141248.0,mlp,embedding
2300,23010,NaN,NaN,NaN,NaN,19.6558837890625,0.5100956559181213,343907680.0,mlp,embedding
2301,23020,1.961478847078979e-05,100.0,1.0000196695327759,0.001,19.698266983032227,0.4888416528701782,358796864.0,mlp,embedding
2302,23030,NaN,NaN,NaN,NaN,19.726917266845703,0.5100956559181213,369225184.0,mlp,embedding
2303,23040,NaN,NaN,NaN,NaN,19.748748779296875,0.5100956559181213,377374560.0,mlp,embedding
2304,23050,NaN,NaN,NaN,NaN,19.784805297851562,0.5100956559181213,391229664.0,mlp,embedding
2305,23060,NaN,NaN,NaN,NaN,19.83656120300293,0.5313495993614197,412011232.0,mlp,embedding
2306,23070,NaN,NaN,NaN,NaN,19.85683250427246,0.5313495993614197,420448480.0,mlp,embedding
2307,23080,NaN,NaN,NaN,NaN,19.898605346679688,0.5100956559181213,438383808.0,mlp,embedding
2308,23090,NaN,NaN,NaN,NaN,19.93862533569336,0.5100956559181213,456283712.0,mlp,embedding
2309,23100,NaN,NaN,NaN,NaN,19.972890853881836,0.4888416528701782,472189472.0,mlp,embedding
2310,23110,NaN,NaN,NaN,NaN,20.00416374206543,0.5100956559181213,487189504.0,mlp,embedding
2311,23120,NaN,NaN,NaN,NaN,20.035737991333008,0.5100956559181213,502817568.0,mlp,embedding
2312,23130,NaN,NaN,NaN,NaN,20.07270622253418,0.5313495993614197,521753728.0,mlp,embedding
2313,23140,NaN,NaN,NaN,NaN,20.103038787841797,0.4675876498222351,537822336.0,mlp,embedding
2314,23150,NaN,NaN,NaN,NaN,20.15192413330078,0.4675876498222351,564767168.0,mlp,embedding
2315,23160,NaN,NaN,NaN,NaN,20.181913375854492,0.4675876498222351,581960640.0,mlp,embedding
2316,23170,NaN,NaN,NaN,NaN,20.213022232055664,0.4675876498222351,600349312.0,mlp,embedding
2317,23180,NaN,NaN,NaN,NaN,20.256446838378906,0.4675876498222351,626993536.0,mlp,embedding
2318,23190,NaN,NaN,NaN,NaN,20.28177833557129,0.4888416528701782,643079104.0,mlp,embedding
2319,23200,NaN,NaN,NaN,NaN,20.32000732421875,0.5100956559181213,668139328.0,mlp,embedding
2320,23210,NaN,NaN,NaN,NaN,20.366418838500977,0.4888416528701782,699879552.0,mlp,embedding
2321,23220,NaN,NaN,NaN,NaN,20.394947052001953,0.4888416528701782,720133440.0,mlp,embedding
2322,23230,NaN,NaN,NaN,NaN,20.434246063232422,0.5100956559181213,748997376.0,mlp,embedding
2323,23240,NaN,NaN,NaN,NaN,20.465953826904297,0.5100956559181213,773126976.0,mlp,embedding
2324,23250,5.1414690460660495e-06,100.0,1.0000051259994507,0.001,20.501020431518555,0.4888416528701782,800718848.0,mlp,embedding
2325,23260,NaN,NaN,NaN,NaN,20.523447036743164,0.4888416528701782,818879104.0,mlp,embedding
2326,23270,NaN,NaN,NaN,NaN,20.556926727294922,0.5100956559181213,846759040.0,mlp,embedding
2327,23280,NaN,NaN,NaN,NaN,20.578418731689453,0.4888416528701782,865154560.0,mlp,embedding
2328,23290,NaN,NaN,NaN,NaN,20.601564407348633,0.5313495993614197,885412672.0,mlp,embedding
2329,23300,NaN,NaN,NaN,NaN,20.62984848022461,0.4888416528701782,910813312.0,mlp,embedding
2330,23310,NaN,NaN,NaN,NaN,20.658945083618164,0.5313495993614197,937704192.0,mlp,embedding
2331,23320,NaN,NaN,NaN,NaN,20.67522621154785,0.5313495993614197,953096000.0,mlp,embedding
2332,23330,NaN,NaN,NaN,NaN,20.71637725830078,0.5526036024093628,993135104.0,mlp,embedding
2333,23340,NaN,NaN,NaN,NaN,20.733970642089844,0.5313495993614197,1010762304.0,mlp,embedding
2334,23350,NaN,NaN,NaN,NaN,20.75912094116211,0.5313495993614197,1036505664.0,mlp,embedding
2335,23360,NaN,NaN,NaN,NaN,20.762910842895508,0.5313495993614197,1040441344.0,mlp,embedding
2336,23370,NaN,NaN,NaN,NaN,20.80768585205078,0.5313495993614197,1088085760.0,mlp,embedding
2337,23380,NaN,NaN,NaN,NaN,20.79880714416504,0.5313495993614197,1078467712.0,mlp,embedding
2338,23390,NaN,NaN,NaN,NaN,20.8410587310791,0.5526036024093628,1125011072.0,mlp,embedding
2339,23400,NaN,NaN,NaN,NaN,20.866239547729492,0.5100956559181213,1153699456.0,mlp,embedding
2340,23410,NaN,NaN,NaN,NaN,20.88580322265625,0.5738576054573059,1176492288.0,mlp,embedding
2341,23420,NaN,NaN,NaN,NaN,20.874277114868164,0.5313495993614197,1163009792.0,mlp,embedding
2342,23430,NaN,NaN,NaN,NaN,20.914838790893555,0.5313495993614197,1211153152.0,mlp,embedding
2343,23440,NaN,NaN,NaN,NaN,20.945510864257812,0.5526036024093628,1248877312.0,mlp,embedding
2344,23450,NaN,NaN,NaN,NaN,20.945375442504883,0.5100956559181213,1248708224.0,mlp,embedding
2345,23460,NaN,NaN,NaN,NaN,21.007204055786133,0.5738576054573059,1328350848.0,mlp,embedding
2346,23470,NaN,NaN,NaN,NaN,21.02305030822754,0.5526036024093628,1349567872.0,mlp,embedding
2347,23480,2.2681688278680667e-06,100.0,1.0000022649765015,0.001,21.069677352905273,0.5738576054573059,1413984384.0,mlp,embedding
2348,23490,NaN,NaN,NaN,NaN,21.109891891479492,0.5526036024093628,1472005888.0,mlp,embedding
2349,23500,NaN,NaN,NaN,NaN,21.135828018188477,0.5738576054573059,1510683520.0,mlp,embedding
2350,23510,NaN,NaN,NaN,NaN,21.167757034301758,0.5526036024093628,1559696384.0,mlp,embedding
2351,23520,NaN,NaN,NaN,NaN,21.237178802490234,0.5951115489006042,1671820160.0,mlp,embedding
2352,23530,NaN,NaN,NaN,NaN,21.278114318847656,0.5526036024093628,1741677056.0,mlp,embedding
2353,23540,NaN,NaN,NaN,NaN,21.334030151367188,0.5738576054573059,1841838592.0,mlp,embedding
2354,23550,NaN,NaN,NaN,NaN,21.372085571289062,0.5738576054573059,1913281280.0,mlp,embedding
2355,23560,NaN,NaN,NaN,NaN,21.447099685668945,0.6163655519485474,2062324736.0,mlp,embedding
2356,23570,NaN,NaN,NaN,NaN,21.540515899658203,0.6163655519485474,2264264704.0,mlp,embedding
2357,23580,NaN,NaN,NaN,NaN,21.591955184936523,0.5738576054573059,2383784448.0,mlp,embedding
2358,23590,NaN,NaN,NaN,NaN,21.645288467407227,0.5526036024093628,2514370816.0,mlp,embedding
2359,23600,NaN,NaN,NaN,NaN,21.734529495239258,0.5738576054573059,2749072640.0,mlp,embedding
2360,23610,NaN,NaN,NaN,NaN,21.810152053833008,0.5951115489006042,2965027328.0,mlp,embedding
2361,23620,NaN,NaN,NaN,NaN,21.90940284729004,0.5951115489006042,3274407680.0,mlp,embedding
2362,23630,NaN,NaN,NaN,NaN,21.9455509185791,0.6376195549964905,3394936576.0,mlp,embedding
2363,23640,NaN,NaN,NaN,NaN,22.117572784423828,0.5951115489006042,4032179200.0,mlp,embedding
2364,23650,NaN,NaN,NaN,NaN,22.153852462768555,0.5951115489006042,4181151232.0,mlp,embedding
2365,23660,NaN,NaN,NaN,NaN,22.256908416748047,0.5951115489006042,4635029504.0,mlp,embedding
2366,23670,NaN,NaN,NaN,NaN,22.38762092590332,0.5951115489006042,5282265600.0,mlp,embedding
2367,23680,NaN,NaN,NaN,NaN,22.481834411621094,0.5313495993614197,5804123136.0,mlp,embedding
2368,23690,NaN,NaN,NaN,NaN,22.561389923095703,0.5738576054573059,6284737536.0,mlp,embedding
2369,23700,NaN,NaN,NaN,NaN,22.67512321472168,0.6588734984397888,7041754624.0,mlp,embedding
2370,23710,5.139125960340607e-07,100.0,1.0000004768371582,0.001,22.827829360961914,0.5526036024093628,8203521536.0,mlp,embedding
2371,23720,NaN,NaN,NaN,NaN,22.868778228759766,0.5951115489006042,8546419200.0,mlp,embedding
2372,23730,NaN,NaN,NaN,NaN,23.09368324279785,0.6376195549964905,10701858816.0,mlp,embedding
2373,23740,NaN,NaN,NaN,NaN,23.20182228088379,0.6163655519485474,11924038656.0,mlp,embedding
2374,23750,NaN,NaN,NaN,NaN,23.300678253173828,0.5313495993614197,13163033600.0,mlp,embedding
2375,23760,NaN,NaN,NaN,NaN,23.439891815185547,0.5526036024093628,15129189376.0,mlp,embedding
2376,23770,NaN,NaN,NaN,NaN,23.594026565551758,0.5738576054573059,17650440192.0,mlp,embedding
2377,23780,NaN,NaN,NaN,NaN,23.782167434692383,0.6801275014877319,21304143872.0,mlp,embedding
2378,23790,NaN,NaN,NaN,NaN,24.003353118896484,0.5738576054573059,26578092032.0,mlp,embedding
2379,23800,NaN,NaN,NaN,NaN,24.011953353881836,0.5951115489006042,26807656448.0,mlp,embedding
2380,23810,NaN,NaN,NaN,NaN,24.202913284301758,0.701381504535675,32448280576.0,mlp,embedding
2381,23820,NaN,NaN,NaN,NaN,28.339868545532227,0.4888416528701782,2031648243712.0,mlp,embedding
2382,23830,NaN,NaN,NaN,NaN,21.428388595581055,0.7226354479789734,2024095104.0,mlp,embedding
2383,23840,NaN,NaN,NaN,NaN,17.963228225708008,0.6376195549964905,63289388.0,mlp,embedding
2384,23850,NaN,NaN,NaN,NaN,17.265161514282227,0.6163655519485474,31489400.0,mlp,embedding
2385,23860,NaN,NaN,NaN,NaN,17.57196044921875,0.7651434540748596,42796224.0,mlp,embedding
2386,23870,NaN,NaN,NaN,NaN,17.68140983581543,0.6801275014877319,47746192.0,mlp,embedding
2387,23880,NaN,NaN,NaN,NaN,17.877235412597656,0.6163655519485474,58074396.0,mlp,embedding
2388,23890,NaN,NaN,NaN,NaN,17.972698211669922,0.6801275014877319,63891584.0,mlp,embedding
2389,23900,NaN,NaN,NaN,NaN,18.002971649169922,0.6163655519485474,65855376.0,mlp,embedding
2390,23910,NaN,NaN,NaN,NaN,18.00695037841797,0.5951115489006042,66117920.0,mlp,embedding
2391,23920,NaN,NaN,NaN,NaN,17.999927520751953,0.6163655519485474,65655212.0,mlp,embedding
2392,23930,NaN,NaN,NaN,NaN,17.990093231201172,0.6163655519485474,65012704.0,mlp,embedding
2393,23940,0.0002701656485442072,100.0,1.0002702474594116,0.001,17.982803344726562,0.5951115489006042,64540492.0,mlp,embedding
2394,23950,NaN,NaN,NaN,NaN,17.975839614868164,0.5951115489006042,64092608.0,mlp,embedding
2395,23960,NaN,NaN,NaN,NaN,17.966907501220703,0.5738576054573059,63522676.0,mlp,embedding
2396,23970,NaN,NaN,NaN,NaN,17.95950698852539,0.5738576054573059,63054312.0,mlp,embedding
2397,23980,NaN,NaN,NaN,NaN,17.954500198364258,0.5738576054573059,62739400.0,mlp,embedding
2398,23990,NaN,NaN,NaN,NaN,17.95064926147461,0.5738576054573059,62498260.0,mlp,embedding
2399,24000,NaN,NaN,NaN,NaN,17.948226928710938,0.5951115489006042,62347052.0,mlp,embedding
2400,24010,NaN,NaN,NaN,NaN,17.947755813598633,0.6163655519485474,62317684.0,mlp,embedding
2401,24020,NaN,NaN,NaN,NaN,17.94995880126953,0.6376195549964905,62455120.0,mlp,embedding
2402,24030,NaN,NaN,NaN,NaN,17.950510025024414,0.6163655519485474,62489556.0,mlp,embedding
2403,24040,NaN,NaN,NaN,NaN,17.953079223632812,0.6163655519485474,62650312.0,mlp,embedding
2404,24050,NaN,NaN,NaN,NaN,17.95440101623535,0.6163655519485474,62733176.0,mlp,embedding
2405,24060,NaN,NaN,NaN,NaN,17.958484649658203,0.6376195549964905,62989880.0,mlp,embedding
2406,24070,NaN,NaN,NaN,NaN,17.968151092529297,0.6376195549964905,63601720.0,mlp,embedding
2407,24080,NaN,NaN,NaN,NaN,17.978042602539062,0.6588734984397888,64233960.0,mlp,embedding
2408,24090,NaN,NaN,NaN,NaN,17.990650177001953,0.6163655519485474,65048920.0,mlp,embedding
2409,24100,NaN,NaN,NaN,NaN,18.00510597229004,0.6163655519485474,65996084.0,mlp,embedding
2410,24110,NaN,NaN,NaN,NaN,18.021089553833008,0.6588734984397888,67059412.0,mlp,embedding
2411,24120,NaN,NaN,NaN,NaN,18.041332244873047,0.6588734984397888,68430712.0,mlp,embedding
2412,24130,NaN,NaN,NaN,NaN,18.06169891357422,0.6376195549964905,69838704.0,mlp,embedding
2413,24140,NaN,NaN,NaN,NaN,18.084108352661133,0.6163655519485474,71421416.0,mlp,embedding
2414,24150,NaN,NaN,NaN,NaN,18.105775833129883,0.6163655519485474,72985824.0,mlp,embedding
2415,24160,NaN,NaN,NaN,NaN,18.129444122314453,0.6163655519485474,74733880.0,mlp,embedding
2416,24170,5.6364700867561623e-05,100.0,1.0000563859939575,0.001,18.155662536621094,0.6163655519485474,76719200.0,mlp,embedding
2417,24180,NaN,NaN,NaN,NaN,18.18183708190918,0.6163655519485474,78753800.0,mlp,embedding
2418,24190,NaN,NaN,NaN,NaN,18.209318161010742,0.6376195549964905,80948048.0,mlp,embedding
2419,24200,NaN,NaN,NaN,NaN,18.240755081176758,0.5951115489006042,83533232.0,mlp,embedding
2420,24210,NaN,NaN,NaN,NaN,18.272953033447266,0.5526036024093628,86266600.0,mlp,embedding
2421,24220,NaN,NaN,NaN,NaN,18.30733299255371,0.5526036024093628,89284016.0,mlp,embedding
2422,24230,NaN,NaN,NaN,NaN,18.33901596069336,0.5526036024093628,92158080.0,mlp,embedding
2423,24240,NaN,NaN,NaN,NaN,18.374582290649414,0.5526036024093628,95494792.0,mlp,embedding
2424,24250,NaN,NaN,NaN,NaN,18.407655715942383,0.5526036024093628,98705944.0,mlp,embedding
2425,24260,NaN,NaN,NaN,NaN,18.44368553161621,0.5738576054573059,102327144.0,mlp,embedding
2426,24270,NaN,NaN,NaN,NaN,18.48644256591797,0.5951115489006042,106797232.0,mlp,embedding
2427,24280,NaN,NaN,NaN,NaN,18.529346466064453,0.5738576054573059,111478968.0,mlp,embedding
2428,24290,NaN,NaN,NaN,NaN,18.571908950805664,0.5738576054573059,116326208.0,mlp,embedding
2429,24300,NaN,NaN,NaN,NaN,18.61522674560547,0.5738576054573059,121475936.0,mlp,embedding
2430,24310,NaN,NaN,NaN,NaN,18.65732192993164,0.5526036024093628,126698640.0,mlp,embedding
2431,24320,NaN,NaN,NaN,NaN,18.702007293701172,0.5951115489006042,132488616.0,mlp,embedding
2432,24330,NaN,NaN,NaN,NaN,18.741724014282227,0.5951115489006042,137856528.0,mlp,embedding
2433,24340,NaN,NaN,NaN,NaN,18.782339096069336,0.5951115489006042,143570832.0,mlp,embedding
2434,24350,NaN,NaN,NaN,NaN,18.828632354736328,0.5951115489006042,150373440.0,mlp,embedding
2435,24360,NaN,NaN,NaN,NaN,18.873733520507812,0.5951115489006042,157310720.0,mlp,embedding
2436,24370,NaN,NaN,NaN,NaN,18.914634704589844,0.5738576054573059,163878304.0,mlp,embedding
2437,24380,NaN,NaN,NaN,NaN,18.964147567749023,0.5738576054573059,172196624.0,mlp,embedding
2438,24390,NaN,NaN,NaN,NaN,19.011489868164062,0.5738576054573059,180544864.0,mlp,embedding
2439,24400,NaN,NaN,NaN,NaN,19.058252334594727,0.5526036024093628,189188096.0,mlp,embedding
2440,24410,1.0698548976506572e-05,100.0,1.0000107288360596,0.001,19.102474212646484,0.5738576054573059,197742096.0,mlp,embedding
2441,24420,NaN,NaN,NaN,NaN,19.1519718170166,0.5313495993614197,207776144.0,mlp,embedding
2442,24430,NaN,NaN,NaN,NaN,19.200801849365234,0.5526036024093628,218173648.0,mlp,embedding
2443,24440,NaN,NaN,NaN,NaN,19.24773597717285,0.5100956559181213,228657536.0,mlp,embedding
2444,24450,NaN,NaN,NaN,NaN,19.296091079711914,0.5313495993614197,239985984.0,mlp,embedding
2445,24460,NaN,NaN,NaN,NaN,19.343219757080078,0.4888416528701782,251566960.0,mlp,embedding
2446,24470,NaN,NaN,NaN,NaN,19.39962387084961,0.4888416528701782,266164176.0,mlp,embedding
2447,24480,NaN,NaN,NaN,NaN,19.4444580078125,0.4675876498222351,278368960.0,mlp,embedding
2448,24490,NaN,NaN,NaN,NaN,19.479515075683594,0.4675876498222351,288300832.0,mlp,embedding
2449,24500,NaN,NaN,NaN,NaN,19.523344039916992,0.4675876498222351,301217760.0,mlp,embedding
2450,24510,NaN,NaN,NaN,NaN,19.572607040405273,0.5100956559181213,316428224.0,mlp,embedding
2451,24520,NaN,NaN,NaN,NaN,19.607412338256836,0.4888416528701782,327635520.0,mlp,embedding
2452,24530,NaN,NaN,NaN,NaN,19.65468978881836,0.5313495993614197,343497280.0,mlp,embedding
2453,24540,NaN,NaN,NaN,NaN,19.70177459716797,0.5313495993614197,360057600.0,mlp,embedding
2454,24550,NaN,NaN,NaN,NaN,19.740646362304688,0.5526036024093628,374329280.0,mlp,embedding
2455,24560,NaN,NaN,NaN,NaN,19.783145904541016,0.5526036024093628,390580992.0,mlp,embedding
2456,24570,NaN,NaN,NaN,NaN,19.81925392150879,0.5738576054573059,404941792.0,mlp,embedding
2457,24580,NaN,NaN,NaN,NaN,19.85552978515625,0.5738576054573059,419901120.0,mlp,embedding
2458,24590,NaN,NaN,NaN,NaN,19.8916015625,0.5526036024093628,435324192.0,mlp,embedding
2459,24600,NaN,NaN,NaN,NaN,19.917686462402344,0.5526036024093628,446828960.0,mlp,embedding
2460,24610,NaN,NaN,NaN,NaN,19.949684143066406,0.5738576054573059,461357664.0,mlp,embedding
2461,24620,NaN,NaN,NaN,NaN,19.97024917602539,0.5738576054573059,470943744.0,mlp,embedding
2462,24630,NaN,NaN,NaN,NaN,20.00213623046875,0.5738576054573059,486202720.0,mlp,embedding
2463,24640,NaN,NaN,NaN,NaN,20.030153274536133,0.5951115489006042,500017312.0,mlp,embedding
2464,24650,3.3891747079906054e-06,100.0,1.0000033378601074,0.001,20.04877471923828,0.5951115489006042,509415584.0,mlp,embedding
2465,24660,NaN,NaN,NaN,NaN,20.07850456237793,0.6163655519485474,524787808.0,mlp,embedding
2466,24670,NaN,NaN,NaN,NaN,20.105131149291992,0.5738576054573059,538948800.0,mlp,embedding
2467,24680,NaN,NaN,NaN,NaN,20.126806259155273,0.6163655519485474,550758080.0,mlp,embedding
2468,24690,NaN,NaN,NaN,NaN,20.1673526763916,0.6163655519485474,573548288.0,mlp,embedding
2469,24700,NaN,NaN,NaN,NaN,20.191232681274414,0.6376195549964905,587409472.0,mlp,embedding
2470,24710,NaN,NaN,NaN,NaN,20.212081909179688,0.6376195549964905,599785088.0,mlp,embedding
2471,24720,NaN,NaN,NaN,NaN,20.24151039123535,0.6376195549964905,617698112.0,mlp,embedding
2472,24730,NaN,NaN,NaN,NaN,20.274213790893555,0.6376195549964905,638232896.0,mlp,embedding
2473,24740,NaN,NaN,NaN,NaN,20.300254821777344,0.6376195549964905,655071424.0,mlp,embedding
2474,24750,NaN,NaN,NaN,NaN,20.340801239013672,0.6376195549964905,682178048.0,mlp,embedding
2475,24760,NaN,NaN,NaN,NaN,20.372220993041992,0.6588734984397888,703952192.0,mlp,embedding
2476,24770,NaN,NaN,NaN,NaN,20.3933048248291,0.6376195549964905,718951744.0,mlp,embedding
2477,24780,NaN,NaN,NaN,NaN,20.450973510742188,0.6801275014877319,761631552.0,mlp,embedding
2478,24790,NaN,NaN,NaN,NaN,20.499706268310547,0.6588734984397888,799667264.0,mlp,embedding
2479,24800,NaN,NaN,NaN,NaN,20.554128646850586,0.6801275014877319,844393024.0,mlp,embedding
2480,24810,NaN,NaN,NaN,NaN,20.58839988708496,0.6801275014877319,873833024.0,mlp,embedding
2481,24820,NaN,NaN,NaN,NaN,20.64524269104004,0.7226354479789734,924943040.0,mlp,embedding
2482,24830,NaN,NaN,NaN,NaN,20.699739456176758,0.6588734984397888,976748224.0,mlp,embedding
2483,24840,NaN,NaN,NaN,NaN,20.753084182739258,0.701381504535675,1030267392.0,mlp,embedding
2484,24850,NaN,NaN,NaN,NaN,20.830524444580078,0.6588734984397888,1113222144.0,mlp,embedding
2485,24860,NaN,NaN,NaN,NaN,20.891117095947266,0.701381504535675,1182760704.0,mlp,embedding
2486,24870,NaN,NaN,NaN,NaN,20.958106994628906,0.7226354479789734,1264707840.0,mlp,embedding
2487,24880,NaN,NaN,NaN,NaN,21.053552627563477,0.701381504535675,1391367040.0,mlp,embedding
2488,24890,1.2235675512783928e-06,100.0,1.0000011920928955,0.001,21.11493492126465,0.701381504535675,1479448064.0,mlp,embedding
2489,24900,NaN,NaN,NaN,NaN,21.18168830871582,0.6801275014877319,1581577088.0,mlp,embedding
2490,24910,NaN,NaN,NaN,NaN,21.286802291870117,0.7226354479789734,1756874624.0,mlp,embedding
2491,24920,NaN,NaN,NaN,NaN,21.33808708190918,0.7226354479789734,1849325952.0,mlp,embedding
2492,24930,NaN,NaN,NaN,NaN,21.49624252319336,0.6588734984397888,2166204672.0,mlp,embedding
2493,24940,NaN,NaN,NaN,NaN,21.51715850830078,0.7226354479789734,2211990272.0,mlp,embedding
2494,24950,NaN,NaN,NaN,NaN,21.637170791625977,0.701381504535675,2494042624.0,mlp,embedding
2495,24960,NaN,NaN,NaN,NaN,21.736223220825195,0.7438894510269165,2753732864.0,mlp,embedding
2496,24970,NaN,NaN,NaN,NaN,21.825130462646484,0.7226354479789734,3009772800.0,mlp,embedding
2497,24980,NaN,NaN,NaN,NaN,21.958711624145508,0.701381504535675,3439911680.0,mlp,embedding
2498,24990,NaN,NaN,NaN,NaN,22.03888511657715,0.7226354479789734,3727058432.0,mlp,embedding
2499,25000,NaN,NaN,NaN,NaN,22.15939712524414,0.7226354479789734,4204398592.0,mlp,embedding
2500,25010,NaN,NaN,NaN,NaN,22.23175811767578,0.7651434540748596,4519910912.0,mlp,embedding
2501,25020,NaN,NaN,NaN,NaN,22.37773323059082,0.701381504535675,5230293504.0,mlp,embedding
2502,25030,NaN,NaN,NaN,NaN,22.51325798034668,0.7438894510269165,5989405184.0,mlp,embedding
2503,25040,NaN,NaN,NaN,NaN,22.665605545043945,0.7438894510269165,6975051264.0,mlp,embedding
2504,25050,NaN,NaN,NaN,NaN,22.76410484313965,0.701381504535675,7697064448.0,mlp,embedding
2505,25060,NaN,NaN,NaN,NaN,22.927791595458984,0.7651434540748596,9065951232.0,mlp,embedding
2506,25070,NaN,NaN,NaN,NaN,23.065610885620117,0.7226354479789734,10405609472.0,mlp,embedding
2507,25080,NaN,NaN,NaN,NaN,23.19260597229004,0.7226354479789734,11814647808.0,mlp,embedding
2508,25090,NaN,NaN,NaN,NaN,23.33533477783203,0.7226354479789734,13627215872.0,mlp,embedding
2509,25100,NaN,NaN,NaN,NaN,23.60078239440918,0.7651434540748596,17770086400.0,mlp,embedding
2510,25110,NaN,NaN,NaN,NaN,23.809572219848633,0.701381504535675,21896052736.0,mlp,embedding
2511,25120,NaN,NaN,NaN,NaN,23.956209182739258,0.7226354479789734,25354172416.0,mlp,embedding
2512,25130,2.638873581872758e-07,100.0,1.000000238418579,0.001,24.04659080505371,0.5738576054573059,27752472576.0,mlp,embedding
2513,25140,NaN,NaN,NaN,NaN,23.815555572509766,0.7651434540748596,22027456512.0,mlp,embedding
2514,25150,NaN,NaN,NaN,NaN,24.30398941040039,0.7863974571228027,35899506688.0,mlp,embedding
2515,25160,NaN,NaN,NaN,NaN,18.27467918395996,0.8501594066619873,86415632.0,mlp,embedding
2516,25170,NaN,NaN,NaN,NaN,16.553937911987305,0.6801275014877319,15462649.0,mlp,embedding
2517,25180,NaN,NaN,NaN,NaN,16.936166763305664,0.8289054036140442,22661246.0,mlp,embedding
2518,25190,NaN,NaN,NaN,NaN,17.071916580200195,0.7863974571228027,25956084.0,mlp,embedding
2519,25200,NaN,NaN,NaN,NaN,17.286436080932617,0.701381504535675,32166500.0,mlp,embedding
2520,25210,NaN,NaN,NaN,NaN,17.38336181640625,0.7226354479789734,35440360.0,mlp,embedding
2521,25220,NaN,NaN,NaN,NaN,17.459238052368164,0.7438894510269165,38234088.0,mlp,embedding
2522,25230,NaN,NaN,NaN,NaN,17.472707748413086,0.701381504535675,38752576.0,mlp,embedding
2523,25240,NaN,NaN,NaN,NaN,17.45332908630371,0.701381504535675,38008832.0,mlp,embedding
2524,25250,NaN,NaN,NaN,NaN,17.433269500732422,0.6801275014877319,37253984.0,mlp,embedding
2525,25260,NaN,NaN,NaN,NaN,17.419204711914062,0.6801275014877319,36733684.0,mlp,embedding
2526,25270,NaN,NaN,NaN,NaN,17.411535263061523,0.6801275014877319,36453036.0,mlp,embedding
2527,25280,NaN,NaN,NaN,NaN,17.409151077270508,0.6588734984397888,36366228.0,mlp,embedding
2528,25290,NaN,NaN,NaN,NaN,17.409896850585938,0.6588734984397888,36393360.0,mlp,embedding
2529,25300,NaN,NaN,NaN,NaN,17.41727638244629,0.7226354479789734,36662916.0,mlp,embedding
2530,25310,NaN,NaN,NaN,NaN,17.426950454711914,0.7226354479789734,37019320.0,mlp,embedding
2531,25320,NaN,NaN,NaN,NaN,17.44101905822754,0.7226354479789734,37543808.0,mlp,embedding
2532,25330,NaN,NaN,NaN,NaN,17.461036682128906,0.7226354479789734,38302920.0,mlp,embedding
2533,25340,NaN,NaN,NaN,NaN,17.482406616210938,0.7226354479789734,39130260.0,mlp,embedding
2534,25350,NaN,NaN,NaN,NaN,17.504310607910156,0.7226354479789734,39996824.0,mlp,embedding
2535,25360,NaN,NaN,NaN,NaN,17.533164978027344,0.7226354479789734,41167720.0,mlp,embedding
2536,25370,NaN,NaN,NaN,NaN,17.5606689453125,0.701381504535675,42315708.0,mlp,embedding
2537,25380,0.00013625969586428255,100.0,1.0001362562179565,0.001,17.59171485900879,0.7226354479789734,43650044.0,mlp,embedding
2538,25390,NaN,NaN,NaN,NaN,17.617467880249023,0.7226354479789734,44788764.0,mlp,embedding
2539,25400,NaN,NaN,NaN,NaN,17.645374298095703,0.7226354479789734,46056264.0,mlp,embedding
2540,25410,NaN,NaN,NaN,NaN,17.675251007080078,0.701381504535675,47453032.0,mlp,embedding
2541,25420,NaN,NaN,NaN,NaN,17.704303741455078,0.6801275014877319,48851896.0,mlp,embedding
2542,25430,NaN,NaN,NaN,NaN,17.72760581970215,0.701381504535675,50003612.0,mlp,embedding
2543,25440,NaN,NaN,NaN,NaN,17.758953094482422,0.7226354479789734,51595916.0,mlp,embedding
2544,25450,NaN,NaN,NaN,NaN,17.790332794189453,0.7438894510269165,53240652.0,mlp,embedding
2545,25460,NaN,NaN,NaN,NaN,17.81865882873535,0.701381504535675,54770312.0,mlp,embedding
2546,25470,NaN,NaN,NaN,NaN,17.851573944091797,0.7226354479789734,56603080.0,mlp,embedding
2547,25480,NaN,NaN,NaN,NaN,17.884807586669922,0.701381504535675,58515812.0,mlp,embedding
2548,25490,NaN,NaN,NaN,NaN,17.911529541015625,0.701381504535675,60100548.0,mlp,embedding
2549,25500,NaN,NaN,NaN,NaN,17.935686111450195,0.6801275014877319,61570052.0,mlp,embedding
2550,25510,NaN,NaN,NaN,NaN,17.97401237487793,0.701381504535675,63975604.0,mlp,embedding
2551,25520,NaN,NaN,NaN,NaN,18.004741668701172,0.7226354479789734,65972048.0,mlp,embedding
2552,25530,NaN,NaN,NaN,NaN,18.03160285949707,0.7226354479789734,67768152.0,mlp,embedding
2553,25540,NaN,NaN,NaN,NaN,18.060466766357422,0.7226354479789734,69752704.0,mlp,embedding
2554,25550,NaN,NaN,NaN,NaN,18.087501525878906,0.7226354479789734,71664176.0,mlp,embedding
2555,25560,NaN,NaN,NaN,NaN,18.11679458618164,0.6588734984397888,73794488.0,mlp,embedding
2556,25570,NaN,NaN,NaN,NaN,18.150293350219727,0.7226354479789734,76308384.0,mlp,embedding
2557,25580,NaN,NaN,NaN,NaN,18.184247970581055,0.6801275014877319,78943896.0,mlp,embedding
2558,25590,NaN,NaN,NaN,NaN,18.200206756591797,0.7438894510269165,80213848.0,mlp,embedding
2559,25600,NaN,NaN,NaN,NaN,18.2254695892334,0.701381504535675,82266096.0,mlp,embedding
2560,25610,NaN,NaN,NaN,NaN,18.263395309448242,0.701381504535675,85446016.0,mlp,embedding
2561,25620,NaN,NaN,NaN,NaN,18.30504035949707,0.7226354479789734,89079552.0,mlp,embedding
2562,25630,2.5158422431559302e-05,100.0,1.0000251531600952,0.001,18.340126037597656,0.701381504535675,92260440.0,mlp,embedding
2563,25640,NaN,NaN,NaN,NaN,18.365936279296875,0.701381504535675,94672704.0,mlp,embedding
2564,25650,NaN,NaN,NaN,NaN,18.400390625,0.7226354479789734,97991432.0,mlp,embedding
2565,25660,NaN,NaN,NaN,NaN,18.43269157409668,0.7226354479789734,101208328.0,mlp,embedding
2566,25670,NaN,NaN,NaN,NaN,18.473834991455078,0.7438894510269165,105459232.0,mlp,embedding
2567,25680,NaN,NaN,NaN,NaN,18.504072189331055,0.701381504535675,108696720.0,mlp,embedding
2568,25690,NaN,NaN,NaN,NaN,18.534578323364258,0.7226354479789734,112063736.0,mlp,embedding
2569,25700,NaN,NaN,NaN,NaN,18.564294815063477,0.7438894510269165,115443848.0,mlp,embedding
2570,25710,NaN,NaN,NaN,NaN,18.593183517456055,0.7438894510269165,118827512.0,mlp,embedding
2571,25720,NaN,NaN,NaN,NaN,18.64035987854004,0.7226354479789734,124567696.0,mlp,embedding
2572,25730,NaN,NaN,NaN,NaN,18.685144424438477,0.7226354479789734,130273208.0,mlp,embedding
2573,25740,NaN,NaN,NaN,NaN,18.716697692871094,0.7226354479789734,134449296.0,mlp,embedding
2574,25750,NaN,NaN,NaN,NaN,18.764801025390625,0.7438894510269165,141074832.0,mlp,embedding
2575,25760,NaN,NaN,NaN,NaN,18.80047607421875,0.7438894510269165,146198528.0,mlp,embedding
2576,25770,NaN,NaN,NaN,NaN,18.84834861755371,0.8076514005661011,153367664.0,mlp,embedding
2577,25780,NaN,NaN,NaN,NaN,18.880516052246094,0.7651434540748596,158381312.0,mlp,embedding
2578,25790,NaN,NaN,NaN,NaN,18.924633026123047,0.7651434540748596,165525040.0,mlp,embedding
2579,25800,NaN,NaN,NaN,NaN,18.960365295410156,0.7438894510269165,171546560.0,mlp,embedding
2580,25810,NaN,NaN,NaN,NaN,18.99392318725586,0.7651434540748596,177400992.0,mlp,embedding
2581,25820,NaN,NaN,NaN,NaN,19.042802810668945,0.7438894510269165,186287696.0,mlp,embedding
2582,25830,NaN,NaN,NaN,NaN,19.073461532592773,0.7651434540748596,192087488.0,mlp,embedding
2583,25840,NaN,NaN,NaN,NaN,19.116254806518555,0.7651434540748596,200485968.0,mlp,embedding
2584,25850,NaN,NaN,NaN,NaN,19.14900779724121,0.7226354479789734,207161200.0,mlp,embedding
2585,25860,NaN,NaN,NaN,NaN,19.192270278930664,0.7651434540748596,216320208.0,mlp,embedding
2586,25870,NaN,NaN,NaN,NaN,19.240461349487305,0.7863974571228027,227000176.0,mlp,embedding
2587,25880,5.169471933186287e-06,100.0,1.0000051259994507,0.001,19.26445198059082,0.7438894510269165,232511904.0,mlp,embedding
2588,25890,NaN,NaN,NaN,NaN,19.303081512451172,0.6801275014877319,241669472.0,mlp,embedding
2589,25900,NaN,NaN,NaN,NaN,19.341279983520508,0.7651434540748596,251079456.0,mlp,embedding
2590,25910,NaN,NaN,NaN,NaN,19.379100799560547,0.701381504535675,260757344.0,mlp,embedding
2591,25920,NaN,NaN,NaN,NaN,19.41759490966797,0.6801275014877319,270990656.0,mlp,embedding
2592,25930,NaN,NaN,NaN,NaN,19.456363677978516,0.7438894510269165,281702944.0,mlp,embedding
2593,25940,NaN,NaN,NaN,NaN,19.48279571533203,0.7226354479789734,289248192.0,mlp,embedding
2594,25950,NaN,NaN,NaN,NaN,19.52309226989746,0.7226354479789734,301141952.0,mlp,embedding
2595,25960,NaN,NaN,NaN,NaN,19.546403884887695,0.7226354479789734,308244512.0,mlp,embedding
2596,25970,NaN,NaN,NaN,NaN,19.575603485107422,0.7651434540748596,317377824.0,mlp,embedding
2597,25980,NaN,NaN,NaN,NaN,19.59929847717285,0.7651434540748596,324987904.0,mlp,embedding
2598,25990,NaN,NaN,NaN,NaN,19.62657356262207,0.7226354479789734,333973952.0,mlp,embedding
2599,26000,NaN,NaN,NaN,NaN,19.636627197265625,0.7651434540748596,337348544.0,mlp,embedding
2600,26010,NaN,NaN,NaN,NaN,19.684368133544922,0.7438894510269165,353844512.0,mlp,embedding
2601,26020,NaN,NaN,NaN,NaN,19.69329261779785,0.7651434540748596,357016512.0,mlp,embedding
2602,26030,NaN,NaN,NaN,NaN,19.72896957397461,0.7438894510269165,369983712.0,mlp,embedding
2603,26040,NaN,NaN,NaN,NaN,19.751497268676758,0.7438894510269165,378413184.0,mlp,embedding
2604,26050,NaN,NaN,NaN,NaN,19.77278709411621,0.7226354479789734,386555904.0,mlp,embedding
2605,26060,NaN,NaN,NaN,NaN,19.79776382446289,0.7226354479789734,396332416.0,mlp,embedding
2606,26070,NaN,NaN,NaN,NaN,19.82329750061035,0.7226354479789734,406582528.0,mlp,embedding
2607,26080,NaN,NaN,NaN,NaN,19.853233337402344,0.7226354479789734,418937920.0,mlp,embedding
2608,26090,NaN,NaN,NaN,NaN,19.880769729614258,0.7651434540748596,430634272.0,mlp,embedding
2609,26100,NaN,NaN,NaN,NaN,19.891874313354492,0.7226354479789734,435442944.0,mlp,embedding
2610,26110,NaN,NaN,NaN,NaN,19.943647384643555,0.7438894510269165,458580960.0,mlp,embedding
2611,26120,NaN,NaN,NaN,NaN,19.974685668945312,0.7226354479789734,473037696.0,mlp,embedding
2612,26130,2.102887719956925e-06,100.0,1.000002145767212,0.001,19.99222183227539,0.7863974571228027,481406144.0,mlp,embedding
2613,26140,NaN,NaN,NaN,NaN,20.036855697631836,0.7651434540748596,503379904.0,mlp,embedding
2614,26150,NaN,NaN,NaN,NaN,20.07571792602539,0.7438894510269165,523327456.0,mlp,embedding
2615,26160,NaN,NaN,NaN,NaN,20.1253604888916,0.7438894510269165,549962432.0,mlp,embedding
2616,26170,NaN,NaN,NaN,NaN,20.139812469482422,0.7863974571228027,557968192.0,mlp,embedding
2617,26180,NaN,NaN,NaN,NaN,20.190914154052734,0.7651434540748596,587222400.0,mlp,embedding
2618,26190,NaN,NaN,NaN,NaN,20.277935028076172,0.7438894510269165,640612352.0,mlp,embedding
2619,26200,NaN,NaN,NaN,NaN,20.296728134155273,0.7438894510269165,652765248.0,mlp,embedding
2620,26210,NaN,NaN,NaN,NaN,20.3603515625,0.7863974571228027,695646080.0,mlp,embedding
2621,26220,NaN,NaN,NaN,NaN,20.41290855407715,0.7863974571228027,733184960.0,mlp,embedding
2622,26230,NaN,NaN,NaN,NaN,20.50107192993164,0.7863974571228027,800760064.0,mlp,embedding
2623,26240,NaN,NaN,NaN,NaN,20.563512802124023,0.7651434540748596,852354240.0,mlp,embedding
2624,26250,NaN,NaN,NaN,NaN,20.628515243530273,0.7863974571228027,909599744.0,mlp,embedding
2625,26260,NaN,NaN,NaN,NaN,20.765480041503906,0.7863974571228027,1043117888.0,mlp,embedding
2626,26270,NaN,NaN,NaN,NaN,20.794963836669922,0.8289054036140442,1074330880.0,mlp,embedding
2627,26280,NaN,NaN,NaN,NaN,20.927888870239258,0.7651434540748596,1227062400.0,mlp,embedding
2628,26290,NaN,NaN,NaN,NaN,20.986549377441406,0.7651434540748596,1301195648.0,mlp,embedding
2629,26300,NaN,NaN,NaN,NaN,21.069580078125,0.7438894510269165,1413846784.0,mlp,embedding
2630,26310,NaN,NaN,NaN,NaN,21.16640853881836,0.7863974571228027,1557594624.0,mlp,embedding
2631,26320,NaN,NaN,NaN,NaN,21.245298385620117,0.7438894510269165,1685449984.0,mlp,embedding
2632,26330,NaN,NaN,NaN,NaN,21.352954864501953,0.7651434540748596,1877026816.0,mlp,embedding
2633,26340,NaN,NaN,NaN,NaN,21.43577766418457,0.7863974571228027,2039106688.0,mlp,embedding
2634,26350,NaN,NaN,NaN,NaN,21.566476821899414,0.7863974571228027,2323816704.0,mlp,embedding
2635,26360,NaN,NaN,NaN,NaN,21.664119720458984,0.7438894510269165,2562168320.0,mlp,embedding
2636,26370,NaN,NaN,NaN,NaN,21.779735565185547,0.7651434540748596,2876199168.0,mlp,embedding
2637,26380,NaN,NaN,NaN,NaN,21.94176483154297,0.8289054036140442,3382107392.0,mlp,embedding
2638,26390,3.7379609807430825e-07,100.0,1.0000003576278687,0.001,22.050384521484375,0.8289054036140442,3770164736.0,mlp,embedding
2639,26400,NaN,NaN,NaN,NaN,22.224428176879883,0.7863974571228027,4486901248.0,mlp,embedding
2640,26410,NaN,NaN,NaN,NaN,22.31563949584961,0.7438894510269165,4915402752.0,mlp,embedding
2641,26420,NaN,NaN,NaN,NaN,22.43505096435547,0.8076514005661011,5538840064.0,mlp,embedding
2642,26430,NaN,NaN,NaN,NaN,22.561189651489258,0.8076514005661011,6283479040.0,mlp,embedding
2643,26440,NaN,NaN,NaN,NaN,22.755767822265625,0.7863974571228027,7633160704.0,mlp,embedding
2644,26450,NaN,NaN,NaN,NaN,22.881122589111328,0.8076514005661011,8652572672.0,mlp,embedding
2645,26460,NaN,NaN,NaN,NaN,23.04433822631836,0.8289054036140442,10186592256.0,mlp,embedding
2646,26470,NaN,NaN,NaN,NaN,23.2189998626709,0.7226354479789734,12130634752.0,mlp,embedding
2647,26480,NaN,NaN,NaN,NaN,23.107208251953125,0.8926673531532288,10847584256.0,mlp,embedding
2648,26490,NaN,NaN,NaN,NaN,17.88599395751953,0.8076514005661011,58585276.0,mlp,embedding
2649,26500,NaN,NaN,NaN,NaN,16.67351531982422,0.8289054036140442,17426722.0,mlp,embedding
2650,26510,NaN,NaN,NaN,NaN,16.51801109313965,0.7651434540748596,14916986.0,mlp,embedding
2651,26520,NaN,NaN,NaN,NaN,16.707916259765625,0.8289054036140442,18036648.0,mlp,embedding
2652,26530,NaN,NaN,NaN,NaN,16.857450485229492,0.7651434540748596,20945838.0,mlp,embedding
2653,26540,NaN,NaN,NaN,NaN,16.919404983520508,0.7651434540748596,22284568.0,mlp,embedding
2654,26550,NaN,NaN,NaN,NaN,16.951379776000977,0.7438894510269165,23008626.0,mlp,embedding
2655,26560,NaN,NaN,NaN,NaN,16.950851440429688,0.7651434540748596,22996474.0,mlp,embedding
2656,26570,NaN,NaN,NaN,NaN,16.941354751586914,0.7863974571228027,22779116.0,mlp,embedding
2657,26580,NaN,NaN,NaN,NaN,16.93496322631836,0.7863974571228027,22633988.0,mlp,embedding
2658,26590,NaN,NaN,NaN,NaN,16.931842803955078,0.7651434540748596,22563470.0,mlp,embedding
2659,26600,NaN,NaN,NaN,NaN,16.927371978759766,0.7863974571228027,22462818.0,mlp,embedding
2660,26610,NaN,NaN,NaN,NaN,16.928146362304688,0.7863974571228027,22480220.0,mlp,embedding
2661,26620,NaN,NaN,NaN,NaN,16.93014907836914,0.7651434540748596,22525286.0,mlp,embedding
2662,26630,NaN,NaN,NaN,NaN,16.93181037902832,0.7438894510269165,22562738.0,mlp,embedding
2663,26640,NaN,NaN,NaN,NaN,16.937522888183594,0.7438894510269165,22691998.0,mlp,embedding
2664,26650,0.00018305008416064084,100.0,1.00018310546875,0.001,16.941072463989258,0.7438894510269165,22772688.0,mlp,embedding
2665,26660,NaN,NaN,NaN,NaN,16.949918746948242,0.7438894510269165,22975034.0,mlp,embedding
2666,26670,NaN,NaN,NaN,NaN,16.95966911315918,0.7438894510269165,23200146.0,mlp,embedding
2667,26680,NaN,NaN,NaN,NaN,16.97422218322754,0.7651434540748596,23540248.0,mlp,embedding
2668,26690,NaN,NaN,NaN,NaN,16.990755081176758,0.7226354479789734,23932672.0,mlp,embedding
2669,26700,NaN,NaN,NaN,NaN,17.010713577270508,0.701381504535675,24415130.0,mlp,embedding
2670,26710,NaN,NaN,NaN,NaN,17.030921936035156,0.701381504535675,24913538.0,mlp,embedding
2671,26720,NaN,NaN,NaN,NaN,17.051198959350586,0.7438894510269165,25423868.0,mlp,embedding
2672,26730,NaN,NaN,NaN,NaN,17.07282066345215,0.7438894510269165,25979560.0,mlp,embedding
2673,26740,NaN,NaN,NaN,NaN,17.097000122070312,0.7651434540748596,26615388.0,mlp,embedding
2674,26750,NaN,NaN,NaN,NaN,17.12486457824707,0.7226354479789734,27367440.0,mlp,embedding
2675,26760,NaN,NaN,NaN,NaN,17.153030395507812,0.7438894510269165,28149226.0,mlp,embedding
2676,26770,NaN,NaN,NaN,NaN,17.184465408325195,0.7226354479789734,29048152.0,mlp,embedding
2677,26780,NaN,NaN,NaN,NaN,17.212697982788086,0.7438894510269165,29879942.0,mlp,embedding
2678,26790,NaN,NaN,NaN,NaN,17.244129180908203,0.7651434540748596,30834020.0,mlp,embedding
2679,26800,NaN,NaN,NaN,NaN,17.27471351623535,0.7651434540748596,31791628.0,mlp,embedding
2680,26810,NaN,NaN,NaN,NaN,17.30706787109375,0.7863974571228027,32837046.0,mlp,embedding
2681,26820,NaN,NaN,NaN,NaN,17.337284088134766,0.7651434540748596,33844400.0,mlp,embedding
2682,26830,NaN,NaN,NaN,NaN,17.363536834716797,0.7438894510269165,34744672.0,mlp,embedding
2683,26840,NaN,NaN,NaN,NaN,17.400188446044922,0.7226354479789734,36041748.0,mlp,embedding
2684,26850,NaN,NaN,NaN,NaN,17.437393188476562,0.7438894510269165,37407928.0,mlp,embedding
2685,26860,NaN,NaN,NaN,NaN,17.47406768798828,0.7651434540748596,38805312.0,mlp,embedding
2686,26870,NaN,NaN,NaN,NaN,17.507099151611328,0.7226354479789734,40108512.0,mlp,embedding
2687,26880,NaN,NaN,NaN,NaN,17.539033889770508,0.701381504535675,41410040.0,mlp,embedding
2688,26890,NaN,NaN,NaN,NaN,17.575504302978516,0.701381504535675,42948156.0,mlp,embedding
2689,26900,NaN,NaN,NaN,NaN,17.6097412109375,0.6801275014877319,44444032.0,mlp,embedding
2690,26910,3.076829307246953e-05,100.0,1.000030755996704,0.001,17.641407012939453,0.6801275014877319,45873904.0,mlp,embedding
2691,26920,NaN,NaN,NaN,NaN,17.676416397094727,0.6801275014877319,47508368.0,mlp,embedding
2692,26930,NaN,NaN,NaN,NaN,17.715673446655273,0.6801275014877319,49410496.0,mlp,embedding
2693,26940,NaN,NaN,NaN,NaN,17.757713317871094,0.6801275014877319,51531988.0,mlp,embedding
2694,26950,NaN,NaN,NaN,NaN,17.797134399414062,0.6801275014877319,53604008.0,mlp,embedding
2695,26960,NaN,NaN,NaN,NaN,17.830890655517578,0.6588734984397888,55444364.0,mlp,embedding
2696,26970,NaN,NaN,NaN,NaN,17.86849021911621,0.7438894510269165,57568736.0,mlp,embedding
2697,26980,NaN,NaN,NaN,NaN,17.91181182861328,0.7226354479789734,60117516.0,mlp,embedding
2698,26990,NaN,NaN,NaN,NaN,17.94947052001953,0.701381504535675,62424632.0,mlp,embedding
2699,27000,NaN,NaN,NaN,NaN,17.989971160888672,0.701381504535675,65004768.0,mlp,embedding
2700,27010,NaN,NaN,NaN,NaN,18.025772094726562,0.7226354479789734,67374160.0,mlp,embedding
2701,27020,NaN,NaN,NaN,NaN,18.06594467163086,0.7226354479789734,70135856.0,mlp,embedding
2702,27030,NaN,NaN,NaN,NaN,18.099342346191406,0.7651434540748596,72517784.0,mlp,embedding
2703,27040,NaN,NaN,NaN,NaN,18.134796142578125,0.7651434540748596,75134928.0,mlp,embedding
2704,27050,NaN,NaN,NaN,NaN,18.185806274414062,0.7651434540748596,79067008.0,mlp,embedding
2705,27060,NaN,NaN,NaN,NaN,18.226415634155273,0.7438894510269165,82343960.0,mlp,embedding
2706,27070,NaN,NaN,NaN,NaN,18.258684158325195,0.7438894510269165,85044408.0,mlp,embedding
2707,27080,NaN,NaN,NaN,NaN,18.296865463256836,0.7226354479789734,88354304.0,mlp,embedding
2708,27090,NaN,NaN,NaN,NaN,18.33582305908203,0.7226354479789734,91864304.0,mlp,embedding
2709,27100,NaN,NaN,NaN,NaN,18.384187698364258,0.7226354479789734,96416480.0,mlp,embedding
2710,27110,NaN,NaN,NaN,NaN,18.415969848632812,0.7438894510269165,99530016.0,mlp,embedding
2711,27120,NaN,NaN,NaN,NaN,18.450817108154297,0.7863974571228027,103059504.0,mlp,embedding
2712,27130,NaN,NaN,NaN,NaN,18.487707138061523,0.7438894510269165,106932368.0,mlp,embedding
2713,27140,NaN,NaN,NaN,NaN,18.5229434967041,0.8289054036140442,110767448.0,mlp,embedding
2714,27150,NaN,NaN,NaN,NaN,18.575977325439453,0.8076514005661011,116800432.0,mlp,embedding
2715,27160,NaN,NaN,NaN,NaN,18.609228134155273,0.8076514005661011,120749432.0,mlp,embedding
2716,27170,6.045387635822408e-06,100.0,1.000006079673767,0.001,18.63136863708496,0.7863974571228027,123452696.0,mlp,embedding
2717,27180,NaN,NaN,NaN,NaN,18.680753707885742,0.8076514005661011,129702472.0,mlp,embedding
2718,27190,NaN,NaN,NaN,NaN,18.716941833496094,0.8076514005661011,134482128.0,mlp,embedding
2719,27200,NaN,NaN,NaN,NaN,18.748735427856445,0.8289054036140442,138826496.0,mlp,embedding
2720,27210,NaN,NaN,NaN,NaN,18.790287017822266,0.8289054036140442,144716464.0,mlp,embedding
2721,27220,NaN,NaN,NaN,NaN,18.81958770751953,0.8289054036140442,149019504.0,mlp,embedding
2722,27230,NaN,NaN,NaN,NaN,18.850278854370117,0.8076514005661011,153663984.0,mlp,embedding
2723,27240,NaN,NaN,NaN,NaN,18.895618438720703,0.8076514005661011,160791408.0,mlp,embedding
2724,27250,NaN,NaN,NaN,NaN,18.902076721191406,0.8289054036140442,161833200.0,mlp,embedding
2725,27260,NaN,NaN,NaN,NaN,18.93029022216797,0.8076514005661011,166464096.0,mlp,embedding
2726,27270,NaN,NaN,NaN,NaN,18.96856117248535,0.8289054036140442,172958320.0,mlp,embedding
2727,27280,NaN,NaN,NaN,NaN,18.995729446411133,0.8076514005661011,177721712.0,mlp,embedding
2728,27290,NaN,NaN,NaN,NaN,19.006547927856445,0.8501594066619873,179654832.0,mlp,embedding
2729,27300,NaN,NaN,NaN,NaN,19.04034996032715,0.8289054036140442,185831328.0,mlp,embedding
2730,27310,NaN,NaN,NaN,NaN,19.053945541381836,0.8076514005661011,188375056.0,mlp,embedding
2731,27320,NaN,NaN,NaN,NaN,19.09198570251465,0.8289054036140442,195678912.0,mlp,embedding
2732,27330,NaN,NaN,NaN,NaN,19.124372482299805,0.8076514005661011,202120064.0,mlp,embedding
2733,27340,NaN,NaN,NaN,NaN,19.134037017822266,0.8289054036140442,204082944.0,mlp,embedding
2734,27350,NaN,NaN,NaN,NaN,19.140838623046875,0.8501594066619873,205475760.0,mlp,embedding
2735,27360,NaN,NaN,NaN,NaN,19.178260803222656,0.7863974571228027,213310800.0,mlp,embedding
2736,27370,NaN,NaN,NaN,NaN,19.20077133178711,0.8076514005661011,218166992.0,mlp,embedding
2737,27380,NaN,NaN,NaN,NaN,19.225858688354492,0.8076514005661011,223709456.0,mlp,embedding
2738,27390,NaN,NaN,NaN,NaN,19.246286392211914,0.7438894510269165,228326320.0,mlp,embedding
2739,27400,NaN,NaN,NaN,NaN,19.27363395690918,0.7863974571228027,234656656.0,mlp,embedding
2740,27410,NaN,NaN,NaN,NaN,19.285900115966797,0.8289054036140442,237552720.0,mlp,embedding
2741,27420,NaN,NaN,NaN,NaN,19.34147071838379,0.7863974571228027,251127344.0,mlp,embedding
2742,27430,NaN,NaN,NaN,NaN,19.360877990722656,0.7438894510269165,256048640.0,mlp,embedding
2743,27440,2.2151532448333455e-06,100.0,1.0000022649765015,0.001,19.395671844482422,0.7651434540748596,265114368.0,mlp,embedding
2744,27450,NaN,NaN,NaN,NaN,19.459238052368164,0.7651434540748596,282513824.0,mlp,embedding
2745,27460,NaN,NaN,NaN,NaN,19.48189353942871,0.7438894510269165,288987360.0,mlp,embedding
2746,27470,NaN,NaN,NaN,NaN,19.506715774536133,0.8076514005661011,296250464.0,mlp,embedding
2747,27480,NaN,NaN,NaN,NaN,19.576189041137695,0.7651434540748596,317563712.0,mlp,embedding
2748,27490,NaN,NaN,NaN,NaN,19.646825790405273,0.8289054036140442,340806624.0,mlp,embedding
2749,27500,NaN,NaN,NaN,NaN,19.668304443359375,0.8076514005661011,348205856.0,mlp,embedding
2750,27510,NaN,NaN,NaN,NaN,19.73262596130371,0.8076514005661011,371339008.0,mlp,embedding
2751,27520,NaN,NaN,NaN,NaN,19.798954010009766,0.8076514005661011,396804384.0,mlp,embedding
2752,27530,NaN,NaN,NaN,NaN,19.861026763916016,0.7226354479789734,422215648.0,mlp,embedding
2753,27540,NaN,NaN,NaN,NaN,19.950477600097656,0.7651434540748596,461723872.0,mlp,embedding
2754,27550,NaN,NaN,NaN,NaN,20.016145706176758,0.7438894510269165,493062112.0,mlp,embedding
2755,27560,NaN,NaN,NaN,NaN,20.056068420410156,0.7863974571228027,513144704.0,mlp,embedding
2756,27570,NaN,NaN,NaN,NaN,20.19411277770996,0.8289054036140442,589103680.0,mlp,embedding
2757,27580,NaN,NaN,NaN,NaN,20.227882385253906,0.8076514005661011,609337216.0,mlp,embedding
2758,27590,NaN,NaN,NaN,NaN,20.35453987121582,0.8926673531532288,691614912.0,mlp,embedding
2759,27600,NaN,NaN,NaN,NaN,20.420507431030273,0.7863974571228027,738777536.0,mlp,embedding
2760,27610,NaN,NaN,NaN,NaN,20.499691009521484,0.8076514005661011,799655040.0,mlp,embedding
2761,27620,NaN,NaN,NaN,NaN,20.614160537719727,0.8289054036140442,896635968.0,mlp,embedding
2762,27630,NaN,NaN,NaN,NaN,20.7053279876709,0.8289054036140442,982222080.0,mlp,embedding
2763,27640,NaN,NaN,NaN,NaN,20.74656867980957,0.7863974571228027,1023576448.0,mlp,embedding
2764,27650,NaN,NaN,NaN,NaN,20.85851287841797,0.8714133501052856,1144819584.0,mlp,embedding
2765,27660,NaN,NaN,NaN,NaN,20.999780654907227,0.7651434540748596,1318526464.0,mlp,embedding
2766,27670,NaN,NaN,NaN,NaN,21.088844299316406,0.7651434540748596,1441347584.0,mlp,embedding
2767,27680,NaN,NaN,NaN,NaN,21.23328971862793,0.8076514005661011,1665330944.0,mlp,embedding
2768,27690,NaN,NaN,NaN,NaN,21.35447883605957,0.8926673531532288,1879889536.0,mlp,embedding
2769,27700,NaN,NaN,NaN,NaN,21.43427276611328,0.8076514005661011,2036040320.0,mlp,embedding
2770,27710,3.4510881619098654e-07,100.0,1.0000003576278687,0.001,21.596092224121094,0.8501594066619873,2393666816.0,mlp,embedding
2771,27720,NaN,NaN,NaN,NaN,21.823837280273438,0.8501594066619873,3005883136.0,mlp,embedding
2772,27730,NaN,NaN,NaN,NaN,21.866592407226562,0.8714133501052856,3137187072.0,mlp,embedding
2773,27740,NaN,NaN,NaN,NaN,22.000507354736328,0.7863974571228027,3586732032.0,mlp,embedding
2774,27750,NaN,NaN,NaN,NaN,22.19184112548828,0.8714133501052856,4343043072.0,mlp,embedding
2775,27760,NaN,NaN,NaN,NaN,22.364198684692383,0.8501594066619873,5159980544.0,mlp,embedding
2776,27770,NaN,NaN,NaN,NaN,22.42104721069336,0.8926673531532288,5461816320.0,mlp,embedding
2777,27780,NaN,NaN,NaN,NaN,22.58540153503418,0.8501594066619873,6437470720.0,mlp,embedding
2778,27790,NaN,NaN,NaN,NaN,22.606407165527344,0.9139213562011719,6574124032.0,mlp,embedding
2779,27800,NaN,NaN,NaN,NaN,25.035261154174805,0.9776833057403564,74589167616.0,mlp,embedding
2780,27810,NaN,NaN,NaN,NaN,20.77167320251465,0.9776833057403564,1049598144.0,mlp,embedding
2781,27820,NaN,NaN,NaN,NaN,17.456581115722656,0.7226354479789734,38132640.0,mlp,embedding
2782,27830,NaN,NaN,NaN,NaN,16.866321563720703,0.8926673531532288,21132476.0,mlp,embedding
2783,27840,NaN,NaN,NaN,NaN,17.451425552368164,0.8289054036140442,37936548.0,mlp,embedding
2784,27850,NaN,NaN,NaN,NaN,17.84834861755371,0.5738576054573059,56420808.0,mlp,embedding
2785,27860,NaN,NaN,NaN,NaN,17.80402374267578,0.8926673531532288,53974580.0,mlp,embedding
2786,27870,NaN,NaN,NaN,NaN,17.81279754638672,0.8076514005661011,54450224.0,mlp,embedding
2787,27880,NaN,NaN,NaN,NaN,17.804792404174805,0.8501594066619873,54016084.0,mlp,embedding
2788,27890,NaN,NaN,NaN,NaN,17.777423858642578,0.8076514005661011,52557788.0,mlp,embedding
2789,27900,NaN,NaN,NaN,NaN,17.75037956237793,0.8076514005661011,51155448.0,mlp,embedding
2790,27910,NaN,NaN,NaN,NaN,17.725093841552734,0.8076514005661011,49878164.0,mlp,embedding
2791,27920,NaN,NaN,NaN,NaN,17.700239181518555,0.7863974571228027,48653736.0,mlp,embedding
2792,27930,NaN,NaN,NaN,NaN,17.67825698852539,0.8714133501052856,47595892.0,mlp,embedding
2793,27940,NaN,NaN,NaN,NaN,17.656625747680664,0.8501594066619873,46577388.0,mlp,embedding
2794,27950,NaN,NaN,NaN,NaN,17.635650634765625,0.8714133501052856,45610596.0,mlp,embedding
2795,27960,NaN,NaN,NaN,NaN,17.614065170288086,0.8926673531532288,44636620.0,mlp,embedding
2796,27970,NaN,NaN,NaN,NaN,17.592998504638672,0.8714133501052856,43706112.0,mlp,embedding
2797,27980,8.993365190690383e-05,100.0,1.0000898838043213,0.001,17.574243545532227,0.8501594066619873,42894044.0,mlp,embedding
2798,27990,NaN,NaN,NaN,NaN,17.55415916442871,0.8714133501052856,42041136.0,mlp,embedding
2799,28000,NaN,NaN,NaN,NaN,17.539047241210938,0.8714133501052856,41410592.0,mlp,embedding
2800,28010,NaN,NaN,NaN,NaN,17.52457046508789,0.8714133501052856,40815420.0,mlp,embedding
2801,28020,NaN,NaN,NaN,NaN,17.5146484375,0.8714133501052856,40412448.0,mlp,embedding
2802,28030,NaN,NaN,NaN,NaN,17.506893157958984,0.8714133501052856,40100252.0,mlp,embedding
2803,28040,NaN,NaN,NaN,NaN,17.499645233154297,0.8926673531532288,39810660.0,mlp,embedding
2804,28050,NaN,NaN,NaN,NaN,17.49612808227539,0.9351752996444702,39670884.0,mlp,embedding
2805,28060,NaN,NaN,NaN,NaN,17.49148941040039,0.9351752996444702,39487292.0,mlp,embedding
2806,28070,NaN,NaN,NaN,NaN,17.48699188232422,0.9139213562011719,39310092.0,mlp,embedding
2807,28080,NaN,NaN,NaN,NaN,17.485301971435547,0.8926673531532288,39243720.0,mlp,embedding
2808,28090,NaN,NaN,NaN,NaN,17.486379623413086,0.8926673531532288,39286032.0,mlp,embedding
2809,28100,NaN,NaN,NaN,NaN,17.490158081054688,0.9351752996444702,39434756.0,mlp,embedding
2810,28110,NaN,NaN,NaN,NaN,17.495697021484375,0.9351752996444702,39653788.0,mlp,embedding
2811,28120,NaN,NaN,NaN,NaN,17.50650978088379,0.9564293026924133,40084880.0,mlp,embedding
2812,28130,NaN,NaN,NaN,NaN,17.51544189453125,0.9564293026924133,40444528.0,mlp,embedding
2813,28140,NaN,NaN,NaN,NaN,17.526195526123047,0.9564293026924133,40881800.0,mlp,embedding
2814,28150,NaN,NaN,NaN,NaN,17.541893005371094,0.9564293026924133,41528604.0,mlp,embedding
2815,28160,NaN,NaN,NaN,NaN,17.557659149169922,0.9564293026924133,42188540.0,mlp,embedding
2816,28170,NaN,NaN,NaN,NaN,17.57731056213379,0.9776833057403564,43025804.0,mlp,embedding
2817,28180,NaN,NaN,NaN,NaN,17.59434700012207,0.9776833057403564,43765088.0,mlp,embedding
2818,28190,NaN,NaN,NaN,NaN,17.61444854736328,0.9564293026924133,44653736.0,mlp,embedding
2819,28200,NaN,NaN,NaN,NaN,17.633962631225586,0.9351752996444702,45533672.0,mlp,embedding
2820,28210,NaN,NaN,NaN,NaN,17.653764724731445,0.9351752996444702,46444320.0,mlp,embedding
2821,28220,NaN,NaN,NaN,NaN,17.677217483520508,0.9139213562011719,47546440.0,mlp,embedding
2822,28230,NaN,NaN,NaN,NaN,17.706096649169922,0.8926673531532288,48939560.0,mlp,embedding
2823,28240,NaN,NaN,NaN,NaN,17.734333038330078,0.8714133501052856,50341132.0,mlp,embedding
2824,28250,1.9291032003820874e-05,100.0,1.0000193119049072,0.001,17.766159057617188,0.8926673531532288,51969056.0,mlp,embedding
2825,28260,NaN,NaN,NaN,NaN,17.7996826171875,0.8714133501052856,53740776.0,mlp,embedding
2826,28270,NaN,NaN,NaN,NaN,17.831274032592773,0.8076514005661011,55465624.0,mlp,embedding
2827,28280,NaN,NaN,NaN,NaN,17.86474609375,0.8289054036140442,57353596.0,mlp,embedding
2828,28290,NaN,NaN,NaN,NaN,17.899362564086914,0.8289054036140442,59373736.0,mlp,embedding
2829,28300,NaN,NaN,NaN,NaN,17.931140899658203,0.8289054036140442,61290836.0,mlp,embedding
2830,28310,NaN,NaN,NaN,NaN,17.969409942626953,0.8501594066619873,63681836.0,mlp,embedding
2831,28320,NaN,NaN,NaN,NaN,18.009634017944336,0.8501594066619873,66295596.0,mlp,embedding
2832,28330,NaN,NaN,NaN,NaN,18.044696807861328,0.8289054036140442,68661336.0,mlp,embedding
2833,28340,NaN,NaN,NaN,NaN,18.080171585083008,0.7863974571228027,71140800.0,mlp,embedding
2834,28350,NaN,NaN,NaN,NaN,18.113384246826172,0.8076514005661011,73543248.0,mlp,embedding
2835,28360,NaN,NaN,NaN,NaN,18.151689529418945,0.7863974571228027,76415000.0,mlp,embedding
2836,28370,NaN,NaN,NaN,NaN,18.189512252807617,0.7651434540748596,79360576.0,mlp,embedding
2837,28380,NaN,NaN,NaN,NaN,18.224979400634766,0.7863974571228027,82225776.0,mlp,embedding
2838,28390,NaN,NaN,NaN,NaN,18.265810012817383,0.7438894510269165,85652592.0,mlp,embedding
2839,28400,NaN,NaN,NaN,NaN,18.301237106323242,0.8289054036140442,88741400.0,mlp,embedding
2840,28410,NaN,NaN,NaN,NaN,18.339988708496094,0.7863974571228027,92247776.0,mlp,embedding
2841,28420,NaN,NaN,NaN,NaN,18.376068115234375,0.8076514005661011,95636792.0,mlp,embedding
2842,28430,NaN,NaN,NaN,NaN,18.411375045776367,0.7651434540748596,99073744.0,mlp,embedding
2843,28440,NaN,NaN,NaN,NaN,18.445890426635742,0.7651434540748596,102553016.0,mlp,embedding
2844,28450,NaN,NaN,NaN,NaN,18.489023208618164,0.7863974571228027,107073192.0,mlp,embedding
2845,28460,NaN,NaN,NaN,NaN,18.525562286376953,0.7863974571228027,111057904.0,mlp,embedding
2846,28470,NaN,NaN,NaN,NaN,18.55750846862793,0.7863974571228027,114663056.0,mlp,embedding
2847,28480,NaN,NaN,NaN,NaN,18.5971736907959,0.7863974571228027,119302600.0,mlp,embedding
2848,28490,NaN,NaN,NaN,NaN,18.61883544921875,0.8076514005661011,121915096.0,mlp,embedding
2849,28500,NaN,NaN,NaN,NaN,18.65149688720703,0.8076514005661011,125962760.0,mlp,embedding
2850,28510,NaN,NaN,NaN,NaN,18.69004249572754,0.8289054036140442,130912864.0,mlp,embedding
2851,28520,NaN,NaN,NaN,NaN,18.721263885498047,0.8289054036140442,135064624.0,mlp,embedding
2852,28530,3.874801222991664e-06,100.0,1.0000039339065552,0.001,18.746721267700195,0.8289054036140442,138547152.0,mlp,embedding
2853,28540,NaN,NaN,NaN,NaN,18.774038314819336,0.8076514005661011,142384016.0,mlp,embedding
2854,28550,NaN,NaN,NaN,NaN,18.802934646606445,0.8289054036140442,146558416.0,mlp,embedding
2855,28560,NaN,NaN,NaN,NaN,18.825862884521484,0.8714133501052856,149957568.0,mlp,embedding
2856,28570,NaN,NaN,NaN,NaN,18.849031448364258,0.8501594066619873,153472416.0,mlp,embedding
2857,28580,NaN,NaN,NaN,NaN,18.864727020263672,0.8501594066619873,155900256.0,mlp,embedding
2858,28590,NaN,NaN,NaN,NaN,18.884057998657227,0.8926673531532288,158943280.0,mlp,embedding
2859,28600,NaN,NaN,NaN,NaN,18.911911010742188,0.8926673531532288,163432560.0,mlp,embedding
2860,28610,NaN,NaN,NaN,NaN,18.92163848876953,0.8926673531532288,165030112.0,mlp,embedding
2861,28620,NaN,NaN,NaN,NaN,18.9453182220459,0.8926673531532288,168984608.0,mlp,embedding
2862,28630,NaN,NaN,NaN,NaN,18.945844650268555,0.9351752996444702,169073600.0,mlp,embedding
2863,28640,NaN,NaN,NaN,NaN,18.970027923583984,0.9139213562011719,173212192.0,mlp,embedding
2864,28650,NaN,NaN,NaN,NaN,18.983386993408203,0.9351752996444702,175541664.0,mlp,embedding
2865,28660,NaN,NaN,NaN,NaN,18.993349075317383,0.8926673531532288,177299168.0,mlp,embedding
2866,28670,NaN,NaN,NaN,NaN,19.018800735473633,0.9139213562011719,181869648.0,mlp,embedding
2867,28680,NaN,NaN,NaN,NaN,19.035608291625977,0.9564293026924133,184952256.0,mlp,embedding
2868,28690,NaN,NaN,NaN,NaN,19.06182289123535,0.9351752996444702,189864816.0,mlp,embedding
2869,28700,NaN,NaN,NaN,NaN,19.075071334838867,0.9139213562011719,192396960.0,mlp,embedding
2870,28710,NaN,NaN,NaN,NaN,19.097900390625,0.9351752996444702,196839728.0,mlp,embedding
2871,28720,NaN,NaN,NaN,NaN,19.116527557373047,0.9351752996444702,200540656.0,mlp,embedding
2872,28730,NaN,NaN,NaN,NaN,19.152406692504883,0.9139213562011719,207866512.0,mlp,embedding
2873,28740,NaN,NaN,NaN,NaN,19.178062438964844,0.9351752996444702,213268496.0,mlp,embedding
2874,28750,NaN,NaN,NaN,NaN,19.198740005493164,0.9564293026924133,217724272.0,mlp,embedding
2875,28760,NaN,NaN,NaN,NaN,19.241270065307617,0.9564293026924133,227183824.0,mlp,embedding
2876,28770,NaN,NaN,NaN,NaN,19.295515060424805,0.9776833057403564,239847792.0,mlp,embedding
2877,28780,NaN,NaN,NaN,NaN,19.325592041015625,0.9776833057403564,247171264.0,mlp,embedding
2878,28790,NaN,NaN,NaN,NaN,19.3920841217041,0.8714133501052856,264164912.0,mlp,embedding
2879,28800,NaN,NaN,NaN,NaN,19.403179168701172,0.9351752996444702,267112144.0,mlp,embedding
2880,28810,1.2855036857217783e-06,100.0,1.000001311302185,0.001,19.458158493041992,0.9564293026924133,282208992.0,mlp,embedding
2881,28820,NaN,NaN,NaN,NaN,19.518077850341797,0.9351752996444702,299635680.0,mlp,embedding
2882,28830,NaN,NaN,NaN,NaN,19.568939208984375,0.9139213562011719,315269760.0,mlp,embedding
2883,28840,NaN,NaN,NaN,NaN,19.64120864868164,1.0201913118362427,338897632.0,mlp,embedding
2884,28850,NaN,NaN,NaN,NaN,19.69797134399414,0.9564293026924133,358690816.0,mlp,embedding
2885,28860,NaN,NaN,NaN,NaN,19.78443717956543,0.9564293026924133,391085664.0,mlp,embedding
2886,28870,NaN,NaN,NaN,NaN,19.82965660095215,0.9776833057403564,409176256.0,mlp,embedding
2887,28880,NaN,NaN,NaN,NaN,19.912466049194336,0.9989372491836548,444502432.0,mlp,embedding
2888,28890,NaN,NaN,NaN,NaN,20.02272605895996,0.9351752996444702,496317344.0,mlp,embedding
2889,28900,NaN,NaN,NaN,NaN,20.055110931396484,0.9351752996444702,512653600.0,mlp,embedding
2890,28910,NaN,NaN,NaN,NaN,20.156774520874023,0.9351752996444702,567513152.0,mlp,embedding
2891,28920,NaN,NaN,NaN,NaN,20.295167922973633,0.9776833057403564,651747584.0,mlp,embedding
2892,28930,NaN,NaN,NaN,NaN,20.396629333496094,0.9139213562011719,721345920.0,mlp,embedding
2893,28940,NaN,NaN,NaN,NaN,20.409631729125977,1.1477152109146118,730786368.0,mlp,embedding
2894,28950,NaN,NaN,NaN,NaN,20.546588897705078,0.9139213562011719,838050496.0,mlp,embedding
2895,28960,NaN,NaN,NaN,NaN,20.650205612182617,1.041445255279541,929544832.0,mlp,embedding
2896,28970,NaN,NaN,NaN,NaN,20.81214714050293,1.0201913118362427,1092950912.0,mlp,embedding
2897,28980,NaN,NaN,NaN,NaN,20.94593048095703,0.9564293026924133,1249401472.0,mlp,embedding
2898,28990,NaN,NaN,NaN,NaN,20.970027923583984,0.9139213562011719,1279874560.0,mlp,embedding
2899,29000,NaN,NaN,NaN,NaN,21.137451171875,1.0626991987228394,1513137536.0,mlp,embedding
2900,29010,NaN,NaN,NaN,NaN,21.271406173706055,0.9564293026924133,1730032768.0,mlp,embedding
2901,29020,NaN,NaN,NaN,NaN,21.45551300048828,1.0839532613754272,2079748864.0,mlp,embedding
2902,29030,NaN,NaN,NaN,NaN,21.60331916809082,1.0201913118362427,2411028224.0,mlp,embedding
2903,29040,NaN,NaN,NaN,NaN,21.730073928833008,0.9564293026924133,2736851200.0,mlp,embedding
2904,29050,NaN,NaN,NaN,NaN,21.88303565979004,0.9989372491836548,3189199104.0,mlp,embedding
2905,29060,NaN,NaN,NaN,NaN,22.063941955566406,0.9564293026924133,3821626624.0,mlp,embedding
2906,29070,NaN,NaN,NaN,NaN,22.079862594604492,1.0201913118362427,3882956032.0,mlp,embedding
2907,29080,NaN,NaN,NaN,NaN,26.314640045166016,0.9989372491836548,268103794688.0,mlp,embedding
2908,29090,1.0150833129882812,80.59098052978516,2.7595932483673096,0.001,16.246620178222656,1.2327311038970947,11371493.0,mlp,embedding
2909,29100,NaN,NaN,NaN,NaN,14.39953327178955,1.0201913118362427,1793237.625,mlp,embedding
2910,29110,NaN,NaN,NaN,NaN,14.625737190246582,0.9139213562011719,2248417.5,mlp,embedding
2911,29120,NaN,NaN,NaN,NaN,14.979134559631348,1.1477152109146118,3201514.5,mlp,embedding
2912,29130,NaN,NaN,NaN,NaN,15.28239917755127,1.0201913118362427,4335724.0,mlp,embedding
2913,29140,NaN,NaN,NaN,NaN,15.382686614990234,0.9351752996444702,4793093.5,mlp,embedding
2914,29150,NaN,NaN,NaN,NaN,15.412960052490234,1.0626991987228394,4940416.0,mlp,embedding
2915,29160,NaN,NaN,NaN,NaN,15.421077728271484,1.041445255279541,4980683.5,mlp,embedding
2916,29170,NaN,NaN,NaN,NaN,15.430541038513184,1.0839532613754272,5028041.0,mlp,embedding
2917,29180,NaN,NaN,NaN,NaN,15.452930450439453,1.0626991987228394,5141886.0,mlp,embedding
2918,29190,NaN,NaN,NaN,NaN,15.489198684692383,1.0626991987228394,5331796.0,mlp,embedding
2919,29200,NaN,NaN,NaN,NaN,15.550604820251465,1.1052072048187256,5669462.0,mlp,embedding
2920,29210,NaN,NaN,NaN,NaN,15.616446495056152,1.0626991987228394,6055312.0,mlp,embedding
2921,29220,NaN,NaN,NaN,NaN,15.67617416381836,1.0201913118362427,6428001.0,mlp,embedding
2922,29230,NaN,NaN,NaN,NaN,15.723533630371094,0.9989372491836548,6739751.5,mlp,embedding
2923,29240,NaN,NaN,NaN,NaN,15.787841796875,0.9776833057403564,7187412.5,mlp,embedding
2924,29250,NaN,NaN,NaN,NaN,15.836631774902344,0.9989372491836548,7546782.0,mlp,embedding
2925,29260,NaN,NaN,NaN,NaN,15.880672454833984,0.9776833057403564,7886574.5,mlp,embedding
2926,29270,NaN,NaN,NaN,NaN,15.915310859680176,0.9776833057403564,8164539.5,mlp,embedding
2927,29280,NaN,NaN,NaN,NaN,15.946091651916504,0.9776833057403564,8419758.0,mlp,embedding
2928,29290,NaN,NaN,NaN,NaN,15.976924896240234,0.9351752996444702,8683410.0,mlp,embedding
2929,29300,NaN,NaN,NaN,NaN,16.006488800048828,0.9989372491836548,8943958.0,mlp,embedding
2930,29310,NaN,NaN,NaN,NaN,16.039466857910156,0.9776833057403564,9243830.0,mlp,embedding
2931,29320,NaN,NaN,NaN,NaN,16.051170349121094,0.9776833057403564,9352651.0,mlp,embedding
2932,29330,NaN,NaN,NaN,NaN,16.077640533447266,0.9564293026924133,9603523.0,mlp,embedding
2933,29340,NaN,NaN,NaN,NaN,16.10590171813965,0.9351752996444702,9878801.0,mlp,embedding
2934,29350,NaN,NaN,NaN,NaN,16.121234893798828,0.9351752996444702,10031442.0,mlp,embedding
2935,29360,NaN,NaN,NaN,NaN,16.1363468170166,0.9139213562011719,10184187.0,mlp,embedding
2936,29370,NaN,NaN,NaN,NaN,16.162878036499023,0.9139213562011719,10458003.0,mlp,embedding
2937,29380,9.314388444181532e-05,100.0,1.0000931024551392,0.001,16.189931869506836,0.9776833057403564,10744794.0,mlp,embedding
2938,29390,NaN,NaN,NaN,NaN,16.20603370666504,0.9351752996444702,10919205.0,mlp,embedding
2939,29400,NaN,NaN,NaN,NaN,16.22978401184082,0.9351752996444702,11181643.0,mlp,embedding
2940,29410,NaN,NaN,NaN,NaN,16.25104522705078,0.9351752996444702,11421924.0,mlp,embedding
2941,29420,NaN,NaN,NaN,NaN,16.273847579956055,0.9139213562011719,11685363.0,mlp,embedding
2942,29430,NaN,NaN,NaN,NaN,16.296855926513672,0.9139213562011719,11957341.0,mlp,embedding
2943,29440,NaN,NaN,NaN,NaN,16.321659088134766,0.9564293026924133,12257629.0,mlp,embedding
2944,29450,NaN,NaN,NaN,NaN,16.335838317871094,0.9351752996444702,12432671.0,mlp,embedding
2945,29460,NaN,NaN,NaN,NaN,16.36931800842285,0.8926673531532288,12855959.0,mlp,embedding
2946,29470,NaN,NaN,NaN,NaN,16.39495277404785,0.9564293026924133,13189779.0,mlp,embedding
2947,29480,NaN,NaN,NaN,NaN,16.42042350769043,0.9776833057403564,13530047.0,mlp,embedding
2948,29490,NaN,NaN,NaN,NaN,16.455307006835938,0.9776833057403564,14010352.0,mlp,embedding
2949,29500,NaN,NaN,NaN,NaN,16.486433029174805,0.9351752996444702,14453296.0,mlp,embedding
2950,29510,NaN,NaN,NaN,NaN,16.511850357055664,0.9564293026924133,14825368.0,mlp,embedding
2951,29520,NaN,NaN,NaN,NaN,16.54827880859375,0.9989372491836548,15375391.0,mlp,embedding
2952,29530,NaN,NaN,NaN,NaN,16.582210540771484,0.9351752996444702,15906057.0,mlp,embedding
2953,29540,NaN,NaN,NaN,NaN,16.613689422607422,0.9139213562011719,16414726.0,mlp,embedding
2954,29550,NaN,NaN,NaN,NaN,16.65016746520996,0.9351752996444702,17024558.0,mlp,embedding
2955,29560,NaN,NaN,NaN,NaN,16.66978645324707,0.8714133501052856,17361860.0,mlp,embedding
2956,29570,NaN,NaN,NaN,NaN,16.707117080688477,0.9564293026924133,18022240.0,mlp,embedding
2957,29580,NaN,NaN,NaN,NaN,16.741567611694336,0.9564293026924133,18653934.0,mlp,embedding
2958,29590,NaN,NaN,NaN,NaN,16.77751922607422,0.9139213562011719,19336774.0,mlp,embedding
2959,29600,NaN,NaN,NaN,NaN,16.80181884765625,0.9989372491836548,19812406.0,mlp,embedding
2960,29610,NaN,NaN,NaN,NaN,16.853857040405273,0.9989372491836548,20870704.0,mlp,embedding
2961,29620,NaN,NaN,NaN,NaN,16.881954193115234,0.9776833057403564,21465428.0,mlp,embedding
2962,29630,NaN,NaN,NaN,NaN,16.913314819335938,0.9351752996444702,22149264.0,mlp,embedding
2963,29640,NaN,NaN,NaN,NaN,16.95702362060547,0.9564293026924133,23138850.0,mlp,embedding
2964,29650,NaN,NaN,NaN,NaN,17.008594512939453,0.9564293026924133,24363448.0,mlp,embedding
2965,29660,NaN,NaN,NaN,NaN,17.049352645874023,0.9776833057403564,25376970.0,mlp,embedding
2966,29670,1.2695840268861502e-05,100.0,1.000012755393982,0.001,17.09296226501465,0.9351752996444702,26508136.0,mlp,embedding
2967,29680,NaN,NaN,NaN,NaN,17.127676010131836,0.9564293026924133,27444490.0,mlp,embedding
2968,29690,NaN,NaN,NaN,NaN,17.162490844726562,0.9564293026924133,28416794.0,mlp,embedding
2969,29700,NaN,NaN,NaN,NaN,17.201793670654297,0.9989372491836548,29555892.0,mlp,embedding
2970,29710,NaN,NaN,NaN,NaN,17.240243911743164,0.9776833057403564,30714454.0,mlp,embedding
2971,29720,NaN,NaN,NaN,NaN,17.275930404663086,0.9139213562011719,31830338.0,mlp,embedding
2972,29730,NaN,NaN,NaN,NaN,17.339269638061523,0.9351752996444702,33911664.0,mlp,embedding
2973,29740,NaN,NaN,NaN,NaN,17.384347915649414,0.9351752996444702,35475324.0,mlp,embedding
2974,29750,NaN,NaN,NaN,NaN,17.42426872253418,0.9139213562011719,36920176.0,mlp,embedding
2975,29760,NaN,NaN,NaN,NaN,17.468856811523438,0.9351752996444702,38603628.0,mlp,embedding
2976,29770,NaN,NaN,NaN,NaN,17.509923934936523,0.9564293026924133,40221972.0,mlp,embedding
2977,29780,NaN,NaN,NaN,NaN,17.55886459350586,0.9564293026924133,42239424.0,mlp,embedding
2978,29790,NaN,NaN,NaN,NaN,17.598552703857422,0.9564293026924133,43949540.0,mlp,embedding
2979,29800,NaN,NaN,NaN,NaN,17.63914680480957,0.9564293026924133,45770340.0,mlp,embedding
2980,29810,NaN,NaN,NaN,NaN,17.687467575073242,0.9564293026924133,48036304.0,mlp,embedding
2981,29820,NaN,NaN,NaN,NaN,17.722171783447266,0.9139213562011719,49732628.0,mlp,embedding
2982,29830,NaN,NaN,NaN,NaN,17.75637435913086,0.9776833057403564,51463036.0,mlp,embedding
2983,29840,NaN,NaN,NaN,NaN,17.793066024780273,0.9564293026924133,53386368.0,mlp,embedding
2984,29850,NaN,NaN,NaN,NaN,17.85428237915039,0.9351752996444702,56756592.0,mlp,embedding
2985,29860,NaN,NaN,NaN,NaN,17.871122360229492,0.8926673531532288,57720464.0,mlp,embedding
2986,29870,NaN,NaN,NaN,NaN,17.911169052124023,0.9139213562011719,60078888.0,mlp,embedding
2987,29880,NaN,NaN,NaN,NaN,17.952098846435547,0.9351752996444702,62588920.0,mlp,embedding
2988,29890,NaN,NaN,NaN,NaN,17.98771858215332,0.9139213562011719,64858504.0,mlp,embedding
2989,29900,NaN,NaN,NaN,NaN,18.00847053527832,0.9139213562011719,66218508.0,mlp,embedding
2990,29910,NaN,NaN,NaN,NaN,18.048877716064453,0.9139213562011719,68949000.0,mlp,embedding
2991,29920,NaN,NaN,NaN,NaN,18.08449363708496,0.8926673531532288,71448944.0,mlp,embedding
2992,29930,NaN,NaN,NaN,NaN,18.100635528564453,0.9351752996444702,72611624.0,mlp,embedding
2993,29940,NaN,NaN,NaN,NaN,18.128816604614258,0.8926673531532288,74687000.0,mlp,embedding
2994,29950,NaN,NaN,NaN,NaN,18.154443740844727,0.9139213562011719,76625752.0,mlp,embedding
2995,29960,2.957118340418674e-06,100.0,1.0000029802322388,0.001,18.17108917236328,0.9351752996444702,77911896.0,mlp,embedding
2996,29970,NaN,NaN,NaN,NaN,18.188186645507812,0.9351752996444702,79255440.0,mlp,embedding
2997,29980,NaN,NaN,NaN,NaN,18.21806526184082,0.9139213562011719,81659216.0,mlp,embedding
2998,29990,NaN,NaN,NaN,NaN,18.250722885131836,0.9139213562011719,84370040.0,mlp,embedding
2999,30000,NaN,NaN,NaN,NaN,18.269784927368164,0.9564293026924133,85993728.0,mlp,embedding
3000,30010,NaN,NaN,NaN,NaN,18.29151725769043,0.9139213562011719,87883024.0,mlp,embedding
3001,30020,NaN,NaN,NaN,NaN,18.316020965576172,0.9989372491836548,90063088.0,mlp,embedding
3002,30030,NaN,NaN,NaN,NaN,18.341291427612305,0.9564293026924133,92368024.0,mlp,embedding
3003,30040,NaN,NaN,NaN,NaN,18.373273849487305,0.9989372491836548,95369928.0,mlp,embedding
3004,30050,NaN,NaN,NaN,NaN,18.42521858215332,0.9989372491836548,100454816.0,mlp,embedding
3005,30060,NaN,NaN,NaN,NaN,18.428564071655273,0.9776833057403564,100791448.0,mlp,embedding
3006,30070,NaN,NaN,NaN,NaN,18.45296287536621,1.041445255279541,103280888.0,mlp,embedding
3007,30080,NaN,NaN,NaN,NaN,18.479360580444336,0.9776833057403564,106043568.0,mlp,embedding
3008,30090,NaN,NaN,NaN,NaN,18.522823333740234,0.9989372491836548,110754136.0,mlp,embedding
3009,30100,NaN,NaN,NaN,NaN,18.565256118774414,1.0201913118362427,115554880.0,mlp,embedding
3010,30110,NaN,NaN,NaN,NaN,18.614137649536133,0.9776833057403564,121343712.0,mlp,embedding
3011,30120,NaN,NaN,NaN,NaN,18.694061279296875,0.9989372491836548,131440032.0,mlp,embedding
3012,30130,NaN,NaN,NaN,NaN,18.722875595092773,0.9989372491836548,135282480.0,mlp,embedding
3013,30140,NaN,NaN,NaN,NaN,18.79172134399414,0.9989372491836548,144924192.0,mlp,embedding
3014,30150,NaN,NaN,NaN,NaN,18.810827255249023,0.9564293026924133,147719728.0,mlp,embedding
3015,30160,NaN,NaN,NaN,NaN,18.921119689941406,1.041445255279541,164944512.0,mlp,embedding
3016,30170,NaN,NaN,NaN,NaN,18.977420806884766,1.041445255279541,174497472.0,mlp,embedding
3017,30180,NaN,NaN,NaN,NaN,19.078598022460938,1.0201913118362427,193076688.0,mlp,embedding
3018,30190,NaN,NaN,NaN,NaN,19.109737396240234,1.0201913118362427,199183568.0,mlp,embedding
3019,30200,NaN,NaN,NaN,NaN,19.19634437561035,1.0201913118362427,217203312.0,mlp,embedding
3020,30210,NaN,NaN,NaN,NaN,19.27642822265625,1.0839532613754272,235313264.0,mlp,embedding
3021,30220,NaN,NaN,NaN,NaN,19.30970573425293,0.9989372491836548,243275648.0,mlp,embedding
3022,30230,NaN,NaN,NaN,NaN,19.40142059326172,1.0626991987228394,266642832.0,mlp,embedding
3023,30240,NaN,NaN,NaN,NaN,19.51874542236328,1.0839532613754272,299835776.0,mlp,embedding
3024,30250,6.813732511545822e-07,100.0,1.0000007152557373,0.001,19.621395111083984,0.9351752996444702,332248960.0,mlp,embedding
3025,30260,NaN,NaN,NaN,NaN,19.702856063842773,1.041445255279541,360447200.0,mlp,embedding
3026,30270,NaN,NaN,NaN,NaN,19.80537223815918,1.0626991987228394,399359360.0,mlp,embedding
3027,30280,NaN,NaN,NaN,NaN,19.845802307128906,1.0839532613754272,415836320.0,mlp,embedding
3028,30290,NaN,NaN,NaN,NaN,19.963397979736328,1.041445255279541,467728224.0,mlp,embedding
3029,30300,NaN,NaN,NaN,NaN,20.085601806640625,1.041445255279541,528525600.0,mlp,embedding
3030,30310,NaN,NaN,NaN,NaN,20.184505462646484,1.0201913118362427,583471104.0,mlp,embedding
3031,30320,NaN,NaN,NaN,NaN,20.30059814453125,1.126461148262024,655296384.0,mlp,embedding
3032,30330,NaN,NaN,NaN,NaN,20.447948455810547,1.0626991987228394,759331072.0,mlp,embedding
3033,30340,NaN,NaN,NaN,NaN,20.610877990722656,1.0201913118362427,893697600.0,mlp,embedding
3034,30350,NaN,NaN,NaN,NaN,20.701740264892578,1.126461148262024,978704448.0,mlp,embedding
3035,30360,NaN,NaN,NaN,NaN,20.910926818847656,0.9564293026924133,1206424448.0,mlp,embedding
3036,30370,NaN,NaN,NaN,NaN,20.935388565063477,1.0839532613754272,1236299648.0,mlp,embedding
3037,30380,NaN,NaN,NaN,NaN,21.14455795288086,1.0839532613754272,1523929344.0,mlp,embedding
3038,30390,NaN,NaN,NaN,NaN,21.28679847717285,1.0626991987228394,1756867968.0,mlp,embedding
3039,30400,NaN,NaN,NaN,NaN,21.38456153869629,1.0839532613754272,1937300864.0,mlp,embedding
3040,30410,NaN,NaN,NaN,NaN,21.51725959777832,1.126461148262024,2212213760.0,mlp,embedding
3041,30420,NaN,NaN,NaN,NaN,21.761873245239258,1.253985047340393,2825279744.0,mlp,embedding
3042,30430,NaN,NaN,NaN,NaN,20.94330406188965,1.2964930534362793,1246124416.0,mlp,embedding
3043,30440,NaN,NaN,NaN,NaN,15.858088493347168,1.1902230978012085,7710460.5,mlp,embedding
3044,30450,NaN,NaN,NaN,NaN,14.651894569396973,1.275239109992981,2308006.25,mlp,embedding
3045,30460,NaN,NaN,NaN,NaN,14.859258651733398,1.1902230978012085,2839841.0,mlp,embedding
3046,30470,NaN,NaN,NaN,NaN,15.189632415771484,1.3177469968795776,3951605.25,mlp,embedding
3047,30480,NaN,NaN,NaN,NaN,15.558622360229492,1.1477152109146118,5715100.0,mlp,embedding
3048,30490,NaN,NaN,NaN,NaN,15.514477729797363,1.3602550029754639,5468296.5,mlp,embedding
3049,30500,NaN,NaN,NaN,NaN,15.534189224243164,1.3815089464187622,5577154.5,mlp,embedding
3050,30510,NaN,NaN,NaN,NaN,15.540968894958496,1.3390010595321655,5615094.0,mlp,embedding
3051,30520,NaN,NaN,NaN,NaN,15.54564094543457,1.3390010595321655,5641389.5,mlp,embedding
3052,30530,NaN,NaN,NaN,NaN,15.546236991882324,1.3177469968795776,5644753.0,mlp,embedding
3053,30540,NaN,NaN,NaN,NaN,15.541208267211914,1.2327311038970947,5616438.5,mlp,embedding
3054,30550,0.00027129871887154877,100.0,1.0002713203430176,0.001,15.535099029541016,1.2327311038970947,5582230.5,mlp,embedding
3055,30560,NaN,NaN,NaN,NaN,15.526863098144531,1.253985047340393,5536444.5,mlp,embedding
3056,30570,NaN,NaN,NaN,NaN,15.53071403503418,1.2964930534362793,5557806.5,mlp,embedding
3057,30580,NaN,NaN,NaN,NaN,15.549783706665039,1.3177469968795776,5664809.0,mlp,embedding
3058,30590,NaN,NaN,NaN,NaN,15.585762977600098,1.275239109992981,5872335.5,mlp,embedding
3059,30600,NaN,NaN,NaN,NaN,15.640380859375,1.2114771604537964,6201990.5,mlp,embedding
3060,30610,NaN,NaN,NaN,NaN,15.696432113647461,1.1477152109146118,6559547.0,mlp,embedding
3061,30620,NaN,NaN,NaN,NaN,15.757438659667969,1.2114771604537964,6972181.0,mlp,embedding
3062,30630,NaN,NaN,NaN,NaN,15.816272735595703,1.253985047340393,7394690.0,mlp,embedding
3063,30640,NaN,NaN,NaN,NaN,15.864673614501953,1.2964930534362793,7761402.5,mlp,embedding
3064,30650,NaN,NaN,NaN,NaN,15.91675090789795,1.275239109992981,8176305.0,mlp,embedding
3065,30660,NaN,NaN,NaN,NaN,15.95010757446289,1.2327311038970947,8453639.0,mlp,embedding
3066,30670,NaN,NaN,NaN,NaN,15.977643013000488,1.253985047340393,8689648.0,mlp,embedding
3067,30680,NaN,NaN,NaN,NaN,16.007408142089844,1.253985047340393,8952185.0,mlp,embedding
3068,30690,NaN,NaN,NaN,NaN,16.030881881713867,1.2114771604537964,9164812.0,mlp,embedding
3069,30700,NaN,NaN,NaN,NaN,16.058387756347656,1.2327311038970947,9420397.0,mlp,embedding
3070,30710,NaN,NaN,NaN,NaN,16.081777572631836,1.253985047340393,9643335.0,mlp,embedding
3071,30720,NaN,NaN,NaN,NaN,16.098928451538086,1.2114771604537964,9810153.0,mlp,embedding
3072,30730,NaN,NaN,NaN,NaN,16.12185287475586,1.1689691543579102,10037643.0,mlp,embedding
3073,30740,NaN,NaN,NaN,NaN,16.137514114379883,1.1902230978012085,10196082.0,mlp,embedding
3074,30750,NaN,NaN,NaN,NaN,16.166311264038086,1.2114771604537964,10493969.0,mlp,embedding
3075,30760,NaN,NaN,NaN,NaN,16.188343048095703,1.2327311038970947,10727736.0,mlp,embedding
3076,30770,NaN,NaN,NaN,NaN,16.206689834594727,1.2327311038970947,10926372.0,mlp,embedding
3077,30780,NaN,NaN,NaN,NaN,16.225934982299805,1.2114771604537964,11138688.0,mlp,embedding
3078,30790,NaN,NaN,NaN,NaN,16.248979568481445,1.2114771604537964,11398355.0,mlp,embedding
3079,30800,NaN,NaN,NaN,NaN,16.26968002319336,1.1902230978012085,11636765.0,mlp,embedding
3080,30810,NaN,NaN,NaN,NaN,16.295867919921875,1.2327311038970947,11945533.0,mlp,embedding
3081,30820,NaN,NaN,NaN,NaN,16.322458267211914,1.253985047340393,12267429.0,mlp,embedding
3082,30830,NaN,NaN,NaN,NaN,16.339630126953125,1.1902230978012085,12479903.0,mlp,embedding
3083,30840,NaN,NaN,NaN,NaN,16.36781883239746,1.2114771604537964,12836700.0,mlp,embedding
3084,30850,2.9826469472027384e-05,100.0,1.0000298023223877,0.001,16.393463134765625,1.1902230978012085,13170146.0,mlp,embedding
3085,30860,NaN,NaN,NaN,NaN,16.40873146057129,1.1902230978012085,13372775.0,mlp,embedding
3086,30870,NaN,NaN,NaN,NaN,16.434064865112305,1.1902230978012085,13715880.0,mlp,embedding
3087,30880,NaN,NaN,NaN,NaN,16.468795776367188,1.1902230978012085,14200614.0,mlp,embedding
3088,30890,NaN,NaN,NaN,NaN,16.4966983795166,1.1902230978012085,14602428.0,mlp,embedding
3089,30900,NaN,NaN,NaN,NaN,16.52292823791504,1.1689691543579102,14990515.0,mlp,embedding
3090,30910,NaN,NaN,NaN,NaN,16.5473690032959,1.1689691543579102,15361409.0,mlp,embedding
3091,30920,NaN,NaN,NaN,NaN,16.581100463867188,1.1689691543579102,15888410.0,mlp,embedding
3092,30930,NaN,NaN,NaN,NaN,16.610633850097656,1.1477152109146118,16364646.0,mlp,embedding
3093,30940,NaN,NaN,NaN,NaN,16.638216018676758,1.1477152109146118,16822302.0,mlp,embedding
3094,30950,NaN,NaN,NaN,NaN,16.67291831970215,1.126461148262024,17416322.0,mlp,embedding
3095,30960,NaN,NaN,NaN,NaN,16.70777130126953,1.126461148262024,18034034.0,mlp,embedding
3096,30970,NaN,NaN,NaN,NaN,16.73911476135254,1.126461148262024,18608234.0,mlp,embedding
3097,30980,NaN,NaN,NaN,NaN,16.776859283447266,1.0839532613754272,19324016.0,mlp,embedding
3098,30990,NaN,NaN,NaN,NaN,16.80370330810547,1.0839532613754272,19849776.0,mlp,embedding
3099,31000,NaN,NaN,NaN,NaN,16.825963973999023,1.0839532613754272,20296600.0,mlp,embedding
3100,31010,NaN,NaN,NaN,NaN,16.857295989990234,1.0626991987228394,20942602.0,mlp,embedding
3101,31020,NaN,NaN,NaN,NaN,16.897682189941406,1.0626991987228394,21805704.0,mlp,embedding
3102,31030,NaN,NaN,NaN,NaN,16.93592071533203,1.041445255279541,22655670.0,mlp,embedding
3103,31040,NaN,NaN,NaN,NaN,16.959842681884766,1.0626991987228394,23204172.0,mlp,embedding
3104,31050,NaN,NaN,NaN,NaN,17.001708984375,1.0626991987228394,24196268.0,mlp,embedding
3105,31060,NaN,NaN,NaN,NaN,17.033235549926758,1.0839532613754272,24971246.0,mlp,embedding
3106,31070,NaN,NaN,NaN,NaN,17.070383071899414,1.041445255279541,25916310.0,mlp,embedding
3107,31080,NaN,NaN,NaN,NaN,17.112741470336914,0.9564293026924133,27037666.0,mlp,embedding
3108,31090,NaN,NaN,NaN,NaN,17.147979736328125,1.0626991987228394,28007412.0,mlp,embedding
3109,31100,NaN,NaN,NaN,NaN,17.170520782470703,0.9989372491836548,28645898.0,mlp,embedding
3110,31110,NaN,NaN,NaN,NaN,17.213640213012695,1.0201913118362427,29908110.0,mlp,embedding
3111,31120,NaN,NaN,NaN,NaN,17.250478744506836,1.1052072048187256,31030426.0,mlp,embedding
3112,31130,NaN,NaN,NaN,NaN,17.276283264160156,1.0201913118362427,31841572.0,mlp,embedding
3113,31140,NaN,NaN,NaN,NaN,17.311134338378906,1.041445255279541,32970848.0,mlp,embedding
3114,31150,4.530878868536092e-06,100.0,1.000004529953003,0.001,17.363142013549805,1.041445255279541,34730960.0,mlp,embedding
3115,31160,NaN,NaN,NaN,NaN,17.37226104736328,1.0201913118362427,35049120.0,mlp,embedding
3116,31170,NaN,NaN,NaN,NaN,17.42165756225586,1.0839532613754272,36823896.0,mlp,embedding
3117,31180,NaN,NaN,NaN,NaN,17.4488468170166,0.9989372491836548,37838848.0,mlp,embedding
3118,31190,NaN,NaN,NaN,NaN,17.47735023498535,1.0201913118362427,38932900.0,mlp,embedding
3119,31200,NaN,NaN,NaN,NaN,17.50162696838379,1.0201913118362427,39889632.0,mlp,embedding
3120,31210,NaN,NaN,NaN,NaN,17.52827262878418,0.9989372491836548,40966804.0,mlp,embedding
3121,31220,NaN,NaN,NaN,NaN,17.55824851989746,0.9989372491836548,42213412.0,mlp,embedding
3122,31230,NaN,NaN,NaN,NaN,17.576019287109375,1.0839532613754272,42970280.0,mlp,embedding
3123,31240,NaN,NaN,NaN,NaN,17.610736846923828,1.1052072048187256,44488304.0,mlp,embedding
3124,31250,NaN,NaN,NaN,NaN,17.634140014648438,1.0626991987228394,45541748.0,mlp,embedding
3125,31260,NaN,NaN,NaN,NaN,17.66840171813965,1.1052072048187256,47129124.0,mlp,embedding
3126,31270,NaN,NaN,NaN,NaN,17.695934295654297,1.041445255279541,48444740.0,mlp,embedding
3127,31280,NaN,NaN,NaN,NaN,17.70833969116211,1.126461148262024,49049456.0,mlp,embedding
3128,31290,NaN,NaN,NaN,NaN,17.71013832092285,1.0626991987228394,49137760.0,mlp,embedding
3129,31300,NaN,NaN,NaN,NaN,17.75164794921875,1.0839532613754272,51220376.0,mlp,embedding
3130,31310,NaN,NaN,NaN,NaN,17.780500411987305,1.126461148262024,52719736.0,mlp,embedding
3131,31320,NaN,NaN,NaN,NaN,17.78852653503418,1.1052072048187256,53144572.0,mlp,embedding
3132,31330,NaN,NaN,NaN,NaN,17.801490783691406,1.0626991987228394,53838036.0,mlp,embedding
3133,31340,NaN,NaN,NaN,NaN,17.834304809570312,1.0626991987228394,55633984.0,mlp,embedding
3134,31350,NaN,NaN,NaN,NaN,17.87158966064453,1.0839532613754272,57747444.0,mlp,embedding
3135,31360,NaN,NaN,NaN,NaN,17.866180419921875,1.1052072048187256,57435920.0,mlp,embedding
3136,31370,NaN,NaN,NaN,NaN,17.926599502563477,1.0839532613754272,61013120.0,mlp,embedding
3137,31380,NaN,NaN,NaN,NaN,17.93630599975586,1.1052072048187256,61608228.0,mlp,embedding
3138,31390,NaN,NaN,NaN,NaN,17.954084396362305,1.1689691543579102,62713320.0,mlp,embedding
3139,31400,NaN,NaN,NaN,NaN,17.999143600463867,1.0626991987228394,65603764.0,mlp,embedding
3140,31410,NaN,NaN,NaN,NaN,18.0093936920166,1.1477152109146118,66279664.0,mlp,embedding
3141,31420,NaN,NaN,NaN,NaN,18.042531967163086,1.1477152109146118,68512856.0,mlp,embedding
3142,31430,NaN,NaN,NaN,NaN,18.076560974121094,1.126461148262024,70884400.0,mlp,embedding
3143,31440,NaN,NaN,NaN,NaN,18.13977813720703,1.1052072048187256,75510184.0,mlp,embedding
3144,31450,NaN,NaN,NaN,NaN,18.186304092407227,1.126461148262024,79106384.0,mlp,embedding
3145,31460,1.3974650983072934e-06,100.0,1.0000014305114746,0.001,18.254091262817383,1.126461148262024,84654704.0,mlp,embedding
3146,31470,NaN,NaN,NaN,NaN,18.283679962158203,1.1689691543579102,87196952.0,mlp,embedding
3147,31480,NaN,NaN,NaN,NaN,18.317548751831055,1.1477152109146118,90200792.0,mlp,embedding
3148,31490,NaN,NaN,NaN,NaN,18.4257869720459,1.1477152109146118,100511928.0,mlp,embedding
3149,31500,NaN,NaN,NaN,NaN,18.476877212524414,1.126461148262024,105780552.0,mlp,embedding
3150,31510,NaN,NaN,NaN,NaN,18.544452667236328,1.1052072048187256,113175768.0,mlp,embedding
3151,31520,NaN,NaN,NaN,NaN,18.564220428466797,1.1477152109146118,115435264.0,mlp,embedding
3152,31530,NaN,NaN,NaN,NaN,18.643766403198242,1.1477152109146118,124992760.0,mlp,embedding
3153,31540,NaN,NaN,NaN,NaN,18.72702980041504,1.126461148262024,135845648.0,mlp,embedding
3154,31550,NaN,NaN,NaN,NaN,18.82906723022461,1.1902230978012085,150438848.0,mlp,embedding
3155,31560,NaN,NaN,NaN,NaN,18.894479751586914,1.0626991987228394,160608416.0,mlp,embedding
3156,31570,NaN,NaN,NaN,NaN,18.96247673034668,1.041445255279541,171909152.0,mlp,embedding
3157,31580,NaN,NaN,NaN,NaN,19.07625389099121,1.126461148262024,192624624.0,mlp,embedding
3158,31590,NaN,NaN,NaN,NaN,19.167877197265625,1.126461148262024,211107328.0,mlp,embedding
3159,31600,NaN,NaN,NaN,NaN,19.23981285095215,1.1477152109146118,226853008.0,mlp,embedding
3160,31610,NaN,NaN,NaN,NaN,19.33133888244629,1.0839532613754272,248595808.0,mlp,embedding
3161,31620,NaN,NaN,NaN,NaN,19.444204330444336,1.1052072048187256,278298368.0,mlp,embedding
3162,31630,NaN,NaN,NaN,NaN,19.551267623901367,1.1477152109146118,309747392.0,mlp,embedding
3163,31640,NaN,NaN,NaN,NaN,19.745866775512695,1.1902230978012085,376288544.0,mlp,embedding
3164,31650,NaN,NaN,NaN,NaN,19.783672332763672,1.0626991987228394,390786656.0,mlp,embedding
3165,31660,NaN,NaN,NaN,NaN,19.91131591796875,1.1477152109146118,443991488.0,mlp,embedding
3166,31670,NaN,NaN,NaN,NaN,20.062135696411133,1.1052072048187256,516267552.0,mlp,embedding
3167,31680,NaN,NaN,NaN,NaN,20.188159942626953,1.1052072048187256,585607296.0,mlp,embedding
3168,31690,NaN,NaN,NaN,NaN,20.32783317565918,1.126461148262024,673388608.0,mlp,embedding
3169,31700,NaN,NaN,NaN,NaN,20.438426971435547,1.1902230978012085,752135424.0,mlp,embedding
3170,31710,NaN,NaN,NaN,NaN,20.585237503051758,1.0626991987228394,871073984.0,mlp,embedding
3171,31720,NaN,NaN,NaN,NaN,20.770214080810547,1.1902230978012085,1048067776.0,mlp,embedding
3172,31730,NaN,NaN,NaN,NaN,20.838459014892578,1.1052072048187256,1122090240.0,mlp,embedding
3173,31740,NaN,NaN,NaN,NaN,24.03091049194336,1.5727949142456055,27320700928.0,mlp,embedding
3174,31750,NaN,NaN,NaN,NaN,17.09528350830078,1.3602550029754639,26569740.0,mlp,embedding
3175,31760,NaN,NaN,NaN,NaN,16.20841407775879,1.2964930534362793,10945228.0,mlp,embedding
3176,31770,0.040198829025030136,98.8945541381836,1.041017770767212,0.001,16.064926147460938,1.1477152109146118,9482193.0,mlp,embedding
3177,31780,NaN,NaN,NaN,NaN,16.397123336791992,1.1902230978012085,13218439.0,mlp,embedding
3178,31790,NaN,NaN,NaN,NaN,16.64510154724121,1.0201913118362427,16938532.0,mlp,embedding
3179,31800,NaN,NaN,NaN,NaN,16.634897232055664,1.041445255279541,16766564.0,mlp,embedding
3180,31810,NaN,NaN,NaN,NaN,16.630220413208008,1.126461148262024,16688333.0,mlp,embedding
3181,31820,NaN,NaN,NaN,NaN,16.638395309448242,1.0839532613754272,16825318.0,mlp,embedding
3182,31830,NaN,NaN,NaN,NaN,16.609323501586914,1.0626991987228394,16343217.0,mlp,embedding
3183,31840,NaN,NaN,NaN,NaN,16.571426391601562,1.1052072048187256,15735445.0,mlp,embedding
3184,31850,NaN,NaN,NaN,NaN,16.548789978027344,1.1902230978012085,15383252.0,mlp,embedding
3185,31860,NaN,NaN,NaN,NaN,16.5334529876709,1.1689691543579102,15149120.0,mlp,embedding
3186,31870,NaN,NaN,NaN,NaN,16.524633407592773,1.126461148262024,15016098.0,mlp,embedding
3187,31880,NaN,NaN,NaN,NaN,16.515575408935547,1.1477152109146118,14880697.0,mlp,embedding
3188,31890,NaN,NaN,NaN,NaN,16.50640869140625,1.1477152109146118,14744913.0,mlp,embedding
3189,31900,NaN,NaN,NaN,NaN,16.4998779296875,1.1052072048187256,14648931.0,mlp,embedding
3190,31910,NaN,NaN,NaN,NaN,16.496017456054688,1.1477152109146118,14592488.0,mlp,embedding
3191,31920,NaN,NaN,NaN,NaN,16.492719650268555,1.126461148262024,14544444.0,mlp,embedding
3192,31930,NaN,NaN,NaN,NaN,16.493940353393555,1.126461148262024,14562210.0,mlp,embedding
3193,31940,NaN,NaN,NaN,NaN,16.498266220092773,1.1689691543579102,14625340.0,mlp,embedding
3194,31950,NaN,NaN,NaN,NaN,16.505748748779297,1.2114771604537964,14735185.0,mlp,embedding
3195,31960,NaN,NaN,NaN,NaN,16.512372970581055,1.1902230978012085,14833118.0,mlp,embedding
3196,31970,NaN,NaN,NaN,NaN,16.51858139038086,1.2114771604537964,14925495.0,mlp,embedding
3197,31980,NaN,NaN,NaN,NaN,16.529043197631836,1.2114771604537964,15082462.0,mlp,embedding
3198,31990,NaN,NaN,NaN,NaN,16.545011520385742,1.1902230978012085,15325237.0,mlp,embedding
3199,32000,NaN,NaN,NaN,NaN,16.562484741210938,1.1689691543579102,15595372.0,mlp,embedding
3200,32010,NaN,NaN,NaN,NaN,16.58193588256836,1.1689691543579102,15901689.0,mlp,embedding
3201,32020,NaN,NaN,NaN,NaN,16.597734451293945,1.1902230978012085,16154908.0,mlp,embedding
3202,32030,NaN,NaN,NaN,NaN,16.61989974975586,1.1689691543579102,16516984.0,mlp,embedding
3203,32040,NaN,NaN,NaN,NaN,16.648998260498047,1.1477152109146118,17004664.0,mlp,embedding
3204,32050,NaN,NaN,NaN,NaN,16.680177688598633,1.1689691543579102,17543212.0,mlp,embedding
3205,32060,NaN,NaN,NaN,NaN,16.7073974609375,1.1902230978012085,18027294.0,mlp,embedding
3206,32070,NaN,NaN,NaN,NaN,16.734851837158203,1.2114771604537964,18529078.0,mlp,embedding
3207,32080,1.986968891287688e-05,100.0,1.000019907951355,0.001,16.773344039916992,1.2114771604537964,19256208.0,mlp,embedding
3208,32090,NaN,NaN,NaN,NaN,16.804771423339844,1.2114771604537964,19870990.0,mlp,embedding
3209,32100,NaN,NaN,NaN,NaN,16.827978134155273,1.1902230978012085,20337522.0,mlp,embedding
3210,32110,NaN,NaN,NaN,NaN,16.858999252319336,1.2114771604537964,20978302.0,mlp,embedding
3211,32120,NaN,NaN,NaN,NaN,16.88298797607422,1.1902230978012085,21487630.0,mlp,embedding
3212,32130,NaN,NaN,NaN,NaN,16.911144256591797,1.253985047340393,22101240.0,mlp,embedding
3213,32140,NaN,NaN,NaN,NaN,16.944095611572266,1.253985047340393,22841636.0,mlp,embedding
3214,32150,NaN,NaN,NaN,NaN,16.982418060302734,1.275239109992981,23733974.0,mlp,embedding
3215,32160,NaN,NaN,NaN,NaN,17.00165557861328,1.253985047340393,24194976.0,mlp,embedding
3216,32170,NaN,NaN,NaN,NaN,17.036455154418945,1.275239109992981,25051772.0,mlp,embedding
3217,32180,NaN,NaN,NaN,NaN,17.059717178344727,1.275239109992981,25641358.0,mlp,embedding
3218,32190,NaN,NaN,NaN,NaN,17.088184356689453,1.253985047340393,26381784.0,mlp,embedding
3219,32200,NaN,NaN,NaN,NaN,17.10919761657715,1.2964930534362793,26942018.0,mlp,embedding
3220,32210,NaN,NaN,NaN,NaN,17.130680084228516,1.1902230978012085,27527060.0,mlp,embedding
3221,32220,NaN,NaN,NaN,NaN,17.143917083740234,1.253985047340393,27893858.0,mlp,embedding
3222,32230,NaN,NaN,NaN,NaN,17.17317008972168,1.2327311038970947,28721890.0,mlp,embedding
3223,32240,NaN,NaN,NaN,NaN,17.18574333190918,1.253985047340393,29085296.0,mlp,embedding
3224,32250,NaN,NaN,NaN,NaN,17.19366455078125,1.2327311038970947,29316602.0,mlp,embedding
3225,32260,NaN,NaN,NaN,NaN,17.206661224365234,1.2327311038970947,29700108.0,mlp,embedding
3226,32270,NaN,NaN,NaN,NaN,17.226613998413086,1.1902230978012085,30298658.0,mlp,embedding
3227,32280,NaN,NaN,NaN,NaN,17.222305297851562,1.1689691543579102,30168392.0,mlp,embedding
3228,32290,NaN,NaN,NaN,NaN,17.2387638092041,1.2114771604537964,30669026.0,mlp,embedding
3229,32300,NaN,NaN,NaN,NaN,17.247156143188477,1.1477152109146118,30927494.0,mlp,embedding
3230,32310,NaN,NaN,NaN,NaN,17.264385223388672,1.275239109992981,31464964.0,mlp,embedding
3231,32320,NaN,NaN,NaN,NaN,17.270835876464844,1.2114771604537964,31668590.0,mlp,embedding
3232,32330,NaN,NaN,NaN,NaN,17.305641174316406,1.2327311038970947,32790230.0,mlp,embedding
3233,32340,NaN,NaN,NaN,NaN,17.311800003051758,1.1902230978012085,32992802.0,mlp,embedding
3234,32350,NaN,NaN,NaN,NaN,17.302825927734375,1.1477152109146118,32698048.0,mlp,embedding
3235,32360,NaN,NaN,NaN,NaN,17.322437286376953,1.2327311038970947,33345630.0,mlp,embedding
3236,32370,NaN,NaN,NaN,NaN,17.341806411743164,1.1902230978012085,33997800.0,mlp,embedding
3237,32380,NaN,NaN,NaN,NaN,17.356075286865234,1.1902230978012085,34486388.0,mlp,embedding
3238,32390,NaN,NaN,NaN,NaN,17.373628616333008,1.2114771604537964,35097084.0,mlp,embedding
3239,32400,4.334855475462973e-06,100.0,1.0000042915344238,0.001,17.341699600219727,1.2327311038970947,33994172.0,mlp,embedding
3240,32410,NaN,NaN,NaN,NaN,17.383358001708984,1.1477152109146118,35440224.0,mlp,embedding
3241,32420,NaN,NaN,NaN,NaN,17.38034439086914,1.2327311038970947,35333580.0,mlp,embedding
3242,32430,NaN,NaN,NaN,NaN,17.373390197753906,1.275239109992981,35088716.0,mlp,embedding
3243,32440,NaN,NaN,NaN,NaN,17.415836334228516,1.275239109992981,36610160.0,mlp,embedding
3244,32450,NaN,NaN,NaN,NaN,17.399221420288086,1.253985047340393,36006908.0,mlp,embedding
3245,32460,NaN,NaN,NaN,NaN,17.396121978759766,1.253985047340393,35895480.0,mlp,embedding
3246,32470,NaN,NaN,NaN,NaN,17.389331817626953,1.2327311038970947,35652572.0,mlp,embedding
3247,32480,NaN,NaN,NaN,NaN,17.41387367248535,1.253985047340393,36538376.0,mlp,embedding
3248,32490,NaN,NaN,NaN,NaN,17.41333770751953,1.275239109992981,36518800.0,mlp,embedding
3249,32500,NaN,NaN,NaN,NaN,17.4064884185791,1.2327311038970947,36269524.0,mlp,embedding
3250,32510,NaN,NaN,NaN,NaN,17.396167755126953,1.253985047340393,35897124.0,mlp,embedding
3251,32520,NaN,NaN,NaN,NaN,17.424266815185547,1.275239109992981,36920104.0,mlp,embedding
3252,32530,NaN,NaN,NaN,NaN,17.422300338745117,1.253985047340393,36847572.0,mlp,embedding
3253,32540,NaN,NaN,NaN,NaN,17.42498207092285,1.253985047340393,36946520.0,mlp,embedding
3254,32550,NaN,NaN,NaN,NaN,17.419221878051758,1.275239109992981,36734316.0,mlp,embedding
3255,32560,NaN,NaN,NaN,NaN,17.40850257873535,1.253985047340393,36342652.0,mlp,embedding
3256,32570,NaN,NaN,NaN,NaN,17.421154022216797,1.253985047340393,36805360.0,mlp,embedding
3257,32580,NaN,NaN,NaN,NaN,17.434871673583984,1.253985047340393,37313720.0,mlp,embedding
3258,32590,NaN,NaN,NaN,NaN,17.440853118896484,1.275239109992981,37537580.0,mlp,embedding
3259,32600,NaN,NaN,NaN,NaN,17.455862045288086,1.2114771604537964,38105228.0,mlp,embedding
3260,32610,NaN,NaN,NaN,NaN,17.46398162841797,1.2964930534362793,38415884.0,mlp,embedding
3261,32620,NaN,NaN,NaN,NaN,17.46694564819336,1.2114771604537964,38529920.0,mlp,embedding
3262,32630,NaN,NaN,NaN,NaN,17.467641830444336,1.1902230978012085,38556752.0,mlp,embedding
3263,32640,NaN,NaN,NaN,NaN,17.52384376525879,1.2327311038970947,40785768.0,mlp,embedding
3264,32650,NaN,NaN,NaN,NaN,17.50859260559082,1.275239109992981,40168456.0,mlp,embedding
3265,32660,NaN,NaN,NaN,NaN,17.544906616210938,1.1689691543579102,41653944.0,mlp,embedding
3266,32670,NaN,NaN,NaN,NaN,17.566524505615234,1.2114771604537964,42564216.0,mlp,embedding
3267,32680,NaN,NaN,NaN,NaN,17.611408233642578,1.1477152109146118,44518180.0,mlp,embedding
3268,32690,NaN,NaN,NaN,NaN,17.63592529296875,1.1902230978012085,45623124.0,mlp,embedding
3269,32700,NaN,NaN,NaN,NaN,17.635324478149414,1.2114771604537964,45595724.0,mlp,embedding
3270,32710,NaN,NaN,NaN,NaN,17.706409454345703,1.2327311038970947,48954872.0,mlp,embedding
3271,32720,1.3509370546671562e-06,100.0,1.000001311302185,0.001,17.75571632385254,1.2114771604537964,51429184.0,mlp,embedding
3272,32730,NaN,NaN,NaN,NaN,17.791772842407227,1.1902230978012085,53317376.0,mlp,embedding
3273,32740,NaN,NaN,NaN,NaN,17.816308975219727,1.1902230978012085,54641760.0,mlp,embedding
3274,32750,NaN,NaN,NaN,NaN,17.897777557373047,1.2327311038970947,59279704.0,mlp,embedding
3275,32760,NaN,NaN,NaN,NaN,17.94145965576172,1.3177469968795776,61926556.0,mlp,embedding
3276,32770,NaN,NaN,NaN,NaN,18.061492919921875,1.1902230978012085,69824320.0,mlp,embedding
3277,32780,NaN,NaN,NaN,NaN,18.070844650268555,1.1902230978012085,70480360.0,mlp,embedding
3278,32790,NaN,NaN,NaN,NaN,18.094566345214844,1.1689691543579102,72172264.0,mlp,embedding
3279,32800,NaN,NaN,NaN,NaN,18.222333908081055,1.1902230978012085,82008536.0,mlp,embedding
3280,32810,NaN,NaN,NaN,NaN,18.28369140625,1.1477152109146118,87197952.0,mlp,embedding
3281,32820,NaN,NaN,NaN,NaN,18.322277069091797,1.275239109992981,90628296.0,mlp,embedding
3282,32830,NaN,NaN,NaN,NaN,18.410188674926758,1.2964930534362793,98956280.0,mlp,embedding
3283,32840,NaN,NaN,NaN,NaN,18.51291275024414,1.2114771604537964,109661920.0,mlp,embedding
3284,32850,NaN,NaN,NaN,NaN,18.58119010925293,1.253985047340393,117410880.0,mlp,embedding
3285,32860,NaN,NaN,NaN,NaN,18.63174057006836,1.2114771604537964,123498624.0,mlp,embedding
3286,32870,NaN,NaN,NaN,NaN,18.762380599975586,1.2327311038970947,140733776.0,mlp,embedding
3287,32880,NaN,NaN,NaN,NaN,18.84931182861328,1.275239109992981,153515456.0,mlp,embedding
3288,32890,NaN,NaN,NaN,NaN,18.93117332458496,1.275239109992981,166611168.0,mlp,embedding
3289,32900,NaN,NaN,NaN,NaN,19.060646057128906,1.275239109992981,189641504.0,mlp,embedding
3290,32910,NaN,NaN,NaN,NaN,19.131383895874023,1.253985047340393,203542192.0,mlp,embedding
3291,32920,NaN,NaN,NaN,NaN,19.29177474975586,1.2964930534362793,238952352.0,mlp,embedding
3292,32930,NaN,NaN,NaN,NaN,19.376434326171875,1.2964930534362793,260062960.0,mlp,embedding
3293,32940,NaN,NaN,NaN,NaN,19.58999252319336,1.1902230978012085,321977600.0,mlp,embedding
3294,32950,NaN,NaN,NaN,NaN,19.639354705810547,1.2964930534362793,338269920.0,mlp,embedding
3295,32960,NaN,NaN,NaN,NaN,19.78247833251953,1.253985047340393,390320320.0,mlp,embedding
3296,32970,NaN,NaN,NaN,NaN,21.217361450195312,1.487778902053833,1639015296.0,mlp,embedding
3297,32980,NaN,NaN,NaN,NaN,16.79543685913086,1.8278427124023438,19686366.0,mlp,embedding
3298,32990,NaN,NaN,NaN,NaN,14.341352462768555,1.3390010595321655,1691882.625,mlp,embedding
3299,33000,NaN,NaN,NaN,NaN,14.361238479614258,1.6578108072280884,1725864.25,mlp,embedding
3300,33010,NaN,NaN,NaN,NaN,14.315074920654297,1.4452708959579468,1648003.125,mlp,embedding
3301,33020,NaN,NaN,NaN,NaN,14.558481216430664,1.3390010595321655,2102171.0,mlp,embedding
3302,33030,NaN,NaN,NaN,NaN,14.619156837463379,1.4240169525146484,2233670.75,mlp,embedding
3303,33040,0.0007928554550744593,100.0,1.000793218612671,0.001,14.600964546203613,1.5302869081497192,2193402.5,mlp,embedding
3304,33050,NaN,NaN,NaN,NaN,14.576153755187988,1.4665249586105347,2139652.0,mlp,embedding
3305,33060,NaN,NaN,NaN,NaN,14.559276580810547,1.4452708959579468,2103843.75,mlp,embedding
3306,33070,NaN,NaN,NaN,NaN,14.548457145690918,1.4452708959579468,2081204.0,mlp,embedding
3307,33080,NaN,NaN,NaN,NaN,14.540868759155273,1.4240169525146484,2065470.875,mlp,embedding
3308,33090,NaN,NaN,NaN,NaN,14.534157752990723,1.4240169525146484,2051655.875,mlp,embedding
3309,33100,NaN,NaN,NaN,NaN,14.527750968933105,1.4240169525146484,2038553.375,mlp,embedding
3310,33110,NaN,NaN,NaN,NaN,14.521868705749512,1.4240169525146484,2026597.25,mlp,embedding
3311,33120,NaN,NaN,NaN,NaN,14.516433715820312,1.40276300907135,2015612.625,mlp,embedding
3312,33130,NaN,NaN,NaN,NaN,14.512272834777832,1.40276300907135,2007243.25,mlp,embedding
3313,33140,NaN,NaN,NaN,NaN,14.5101957321167,1.3815089464187622,2003078.375,mlp,embedding
3314,33150,NaN,NaN,NaN,NaN,14.50841999053955,1.3815089464187622,1999524.625,mlp,embedding
3315,33160,NaN,NaN,NaN,NaN,14.510736465454102,1.3815089464187622,2004161.75,mlp,embedding
3316,33170,NaN,NaN,NaN,NaN,14.51375675201416,1.4240169525146484,2010224.125,mlp,embedding
3317,33180,NaN,NaN,NaN,NaN,14.51689338684082,1.4240169525146484,2016539.25,mlp,embedding
3318,33190,NaN,NaN,NaN,NaN,14.520310401916504,1.40276300907135,2023441.625,mlp,embedding
3319,33200,NaN,NaN,NaN,NaN,14.528839111328125,1.3815089464187622,2040772.75,mlp,embedding
3320,33210,NaN,NaN,NaN,NaN,14.538959503173828,1.3815089464187622,2061531.125,mlp,embedding
3321,33220,NaN,NaN,NaN,NaN,14.549872398376465,1.3602550029754639,2084151.5,mlp,embedding
3322,33230,NaN,NaN,NaN,NaN,14.560907363891602,1.3390010595321655,2107277.5,mlp,embedding
3323,33240,NaN,NaN,NaN,NaN,14.570489883422852,1.3390010595321655,2127567.5,mlp,embedding
3324,33250,NaN,NaN,NaN,NaN,14.584836959838867,1.3602550029754639,2158312.0,mlp,embedding
3325,33260,NaN,NaN,NaN,NaN,14.60236930847168,1.3815089464187622,2196485.75,mlp,embedding
3326,33270,NaN,NaN,NaN,NaN,14.618491172790527,1.3815089464187622,2232184.25,mlp,embedding
3327,33280,NaN,NaN,NaN,NaN,14.63609504699707,1.3815089464187622,2271827.25,mlp,embedding
3328,33290,NaN,NaN,NaN,NaN,14.656852722167969,1.3602550029754639,2319478.0,mlp,embedding
3329,33300,NaN,NaN,NaN,NaN,14.678412437438965,1.3602550029754639,2370028.25,mlp,embedding
3330,33310,NaN,NaN,NaN,NaN,14.704610824584961,1.3602550029754639,2432939.75,mlp,embedding
3331,33320,NaN,NaN,NaN,NaN,14.730561256408691,1.40276300907135,2496901.75,mlp,embedding
3332,33330,NaN,NaN,NaN,NaN,14.754881858825684,1.3815089464187622,2558372.5,mlp,embedding
3333,33340,NaN,NaN,NaN,NaN,14.772705078125,1.3815089464187622,2604379.75,mlp,embedding
3334,33350,NaN,NaN,NaN,NaN,14.801071166992188,1.3815089464187622,2679313.5,mlp,embedding
3335,33360,NaN,NaN,NaN,NaN,14.834232330322266,1.40276300907135,2769652.25,mlp,embedding
3336,33370,4.299858846934512e-05,100.0,1.0000430345535278,0.001,14.865141868591309,1.40276300907135,2856597.75,mlp,embedding
3337,33380,NaN,NaN,NaN,NaN,14.895209312438965,1.3602550029754639,2943792.5,mlp,embedding
3338,33390,NaN,NaN,NaN,NaN,14.92632007598877,1.40276300907135,3036815.75,mlp,embedding
3339,33400,NaN,NaN,NaN,NaN,14.9561767578125,1.40276300907135,3128852.0,mlp,embedding
3340,33410,NaN,NaN,NaN,NaN,14.989494323730469,1.4452708959579468,3234854.0,mlp,embedding
3341,33420,NaN,NaN,NaN,NaN,15.024022102355957,1.4452708959579468,3348496.75,mlp,embedding
3342,33430,NaN,NaN,NaN,NaN,15.054636001586914,1.4452708959579468,3452592.75,mlp,embedding
3343,33440,NaN,NaN,NaN,NaN,15.08759593963623,1.40276300907135,3568286.0,mlp,embedding
3344,33450,NaN,NaN,NaN,NaN,15.119696617126465,1.4240169525146484,3684688.75,mlp,embedding
3345,33460,NaN,NaN,NaN,NaN,15.154746055603027,1.40276300907135,3816125.0,mlp,embedding
3346,33470,NaN,NaN,NaN,NaN,15.200687408447266,1.3815089464187622,3995532.5,mlp,embedding
3347,33480,NaN,NaN,NaN,NaN,15.240155220031738,1.40276300907135,4156380.75,mlp,embedding
3348,33490,NaN,NaN,NaN,NaN,15.271459579467773,1.3815089464187622,4288551.5,mlp,embedding
3349,33500,NaN,NaN,NaN,NaN,15.309977531433105,1.40276300907135,4456960.0,mlp,embedding
3350,33510,NaN,NaN,NaN,NaN,15.351861000061035,1.40276300907135,4647597.5,mlp,embedding
3351,33520,NaN,NaN,NaN,NaN,15.393192291259766,1.3815089464187622,4843714.0,mlp,embedding
3352,33530,NaN,NaN,NaN,NaN,15.432098388671875,1.3815089464187622,5035877.5,mlp,embedding
3353,33540,NaN,NaN,NaN,NaN,15.467302322387695,1.40276300907135,5216318.0,mlp,embedding
3354,33550,NaN,NaN,NaN,NaN,15.51269245147705,1.40276300907135,5458543.0,mlp,embedding
3355,33560,NaN,NaN,NaN,NaN,15.5498685836792,1.3815089464187622,5665289.5,mlp,embedding
3356,33570,NaN,NaN,NaN,NaN,15.590425491333008,1.3602550029754639,5899779.0,mlp,embedding
3357,33580,NaN,NaN,NaN,NaN,15.632353782653809,1.3815089464187622,6152406.0,mlp,embedding
3358,33590,NaN,NaN,NaN,NaN,15.668846130371094,1.40276300907135,6381068.5,mlp,embedding
3359,33600,NaN,NaN,NaN,NaN,15.716207504272461,1.3815089464187622,6690556.0,mlp,embedding
3360,33610,NaN,NaN,NaN,NaN,15.762006759643555,1.3815089464187622,7004103.5,mlp,embedding
3361,33620,NaN,NaN,NaN,NaN,15.80018138885498,1.3390010595321655,7276652.0,mlp,embedding
3362,33630,NaN,NaN,NaN,NaN,15.834162712097168,1.3602550029754639,7528171.5,mlp,embedding
3363,33640,NaN,NaN,NaN,NaN,15.877798080444336,1.40276300907135,7863938.0,mlp,embedding
3364,33650,NaN,NaN,NaN,NaN,15.910703659057617,1.3815089464187622,8127010.0,mlp,embedding
3365,33660,NaN,NaN,NaN,NaN,15.9506196975708,1.40276300907135,8457970.0,mlp,embedding
3366,33670,NaN,NaN,NaN,NaN,15.989669799804688,1.4240169525146484,8794788.0,mlp,embedding
3367,33680,NaN,NaN,NaN,NaN,16.022178649902344,1.3602550029754639,9085394.0,mlp,embedding
3368,33690,NaN,NaN,NaN,NaN,16.065444946289062,1.3390010595321655,9487113.0,mlp,embedding
3369,33700,5.182396307645831e-06,100.0,1.0000051259994507,0.001,16.09999656677246,1.3602550029754639,9820637.0,mlp,embedding
3370,33710,NaN,NaN,NaN,NaN,16.133237838745117,1.3177469968795776,10152574.0,mlp,embedding
3371,33720,NaN,NaN,NaN,NaN,16.16059684753418,1.2964930534362793,10434173.0,mlp,embedding
3372,33730,NaN,NaN,NaN,NaN,16.19232940673828,1.3177469968795776,10770585.0,mlp,embedding
3373,33740,NaN,NaN,NaN,NaN,16.22797393798828,1.3390010595321655,11161422.0,mlp,embedding
3374,33750,NaN,NaN,NaN,NaN,16.2451229095459,1.3177469968795776,11354480.0,mlp,embedding
3375,33760,NaN,NaN,NaN,NaN,16.27678108215332,1.275239109992981,11719692.0,mlp,embedding
3376,33770,NaN,NaN,NaN,NaN,16.30270767211914,1.3390010595321655,12027517.0,mlp,embedding
3377,33780,NaN,NaN,NaN,NaN,16.319847106933594,1.3390010595321655,12235439.0,mlp,embedding
3378,33790,NaN,NaN,NaN,NaN,16.34599494934082,1.3177469968795776,12559588.0,mlp,embedding
3379,33800,NaN,NaN,NaN,NaN,16.369821548461914,1.2964930534362793,12862434.0,mlp,embedding
3380,33810,NaN,NaN,NaN,NaN,16.383127212524414,1.3390010595321655,13034721.0,mlp,embedding
3381,33820,NaN,NaN,NaN,NaN,16.404951095581055,1.2964930534362793,13322316.0,mlp,embedding
3382,33830,NaN,NaN,NaN,NaN,16.439332962036133,1.2964930534362793,13788328.0,mlp,embedding
3383,33840,NaN,NaN,NaN,NaN,16.458402633666992,1.3815089464187622,14053790.0,mlp,embedding
3384,33850,NaN,NaN,NaN,NaN,16.47068214416504,1.2964930534362793,14227427.0,mlp,embedding
3385,33860,NaN,NaN,NaN,NaN,16.49752426147461,1.275239109992981,14614493.0,mlp,embedding
3386,33870,NaN,NaN,NaN,NaN,16.511938095092773,1.3177469968795776,14826669.0,mlp,embedding
3387,33880,NaN,NaN,NaN,NaN,16.53719711303711,1.2964930534362793,15205946.0,mlp,embedding
3388,33890,NaN,NaN,NaN,NaN,16.557254791259766,1.3815089464187622,15514022.0,mlp,embedding
3389,33900,NaN,NaN,NaN,NaN,16.594423294067383,1.3390010595321655,16101505.0,mlp,embedding
3390,33910,NaN,NaN,NaN,NaN,16.6115779876709,1.253985047340393,16380104.0,mlp,embedding
3391,33920,NaN,NaN,NaN,NaN,16.62523651123047,1.40276300907135,16605367.0,mlp,embedding
3392,33930,NaN,NaN,NaN,NaN,16.668033599853516,1.275239109992981,17331454.0,mlp,embedding
3393,33940,NaN,NaN,NaN,NaN,16.721193313598633,1.2964930534362793,18277718.0,mlp,embedding
3394,33950,NaN,NaN,NaN,NaN,16.743408203125,1.3177469968795776,18688300.0,mlp,embedding
3395,33960,NaN,NaN,NaN,NaN,16.769622802734375,1.3390010595321655,19184684.0,mlp,embedding
3396,33970,NaN,NaN,NaN,NaN,16.8338623046875,1.3602550029754639,20457544.0,mlp,embedding
3397,33980,NaN,NaN,NaN,NaN,16.876821517944336,1.3815089464187622,21355536.0,mlp,embedding
3398,33990,NaN,NaN,NaN,NaN,16.958683013916016,1.3602550029754639,23177280.0,mlp,embedding
3399,34000,NaN,NaN,NaN,NaN,16.994159698486328,1.3390010595321655,24014292.0,mlp,embedding
3400,34010,NaN,NaN,NaN,NaN,17.013778686523438,1.40276300907135,24490080.0,mlp,embedding
3401,34020,NaN,NaN,NaN,NaN,17.085758209228516,1.3602550029754639,26317856.0,mlp,embedding
3402,34030,1.271388100576587e-06,100.0,1.000001311302185,0.001,17.1479434967041,1.3602550029754639,28006396.0,mlp,embedding
3403,34040,NaN,NaN,NaN,NaN,17.224929809570312,1.2964930534362793,30247672.0,mlp,embedding
3404,34050,NaN,NaN,NaN,NaN,17.26436424255371,1.4240169525146484,31464304.0,mlp,embedding
3405,34060,NaN,NaN,NaN,NaN,17.340490341186523,1.40276300907135,33953088.0,mlp,embedding
3406,34070,NaN,NaN,NaN,NaN,17.427757263183594,1.3602550029754639,37049200.0,mlp,embedding
3407,34080,NaN,NaN,NaN,NaN,17.48248863220215,1.40276300907135,39133468.0,mlp,embedding
3408,34090,NaN,NaN,NaN,NaN,17.55545997619629,1.3177469968795776,42095860.0,mlp,embedding
3409,34100,NaN,NaN,NaN,NaN,17.62246322631836,1.3815089464187622,45013060.0,mlp,embedding
3410,34110,NaN,NaN,NaN,NaN,17.6834659576416,1.4240169525146484,47844464.0,mlp,embedding
3411,34120,NaN,NaN,NaN,NaN,17.757225036621094,1.4665249586105347,51506832.0,mlp,embedding
3412,34130,NaN,NaN,NaN,NaN,17.85584259033203,1.40276300907135,56845216.0,mlp,embedding
3413,34140,NaN,NaN,NaN,NaN,17.917621612548828,1.3602550029754639,60467804.0,mlp,embedding
3414,34150,NaN,NaN,NaN,NaN,17.99919891357422,1.4240169525146484,65607392.0,mlp,embedding
3415,34160,NaN,NaN,NaN,NaN,18.101778030395508,1.4665249586105347,72694624.0,mlp,embedding
3416,34170,NaN,NaN,NaN,NaN,18.19056510925293,1.40276300907135,79444176.0,mlp,embedding
3417,34180,NaN,NaN,NaN,NaN,18.317485809326172,1.3177469968795776,90195112.0,mlp,embedding
3418,34190,NaN,NaN,NaN,NaN,18.383094787597656,1.3815089464187622,96311160.0,mlp,embedding
3419,34200,NaN,NaN,NaN,NaN,18.558740615844727,1.487778902053833,114804432.0,mlp,embedding
3420,34210,NaN,NaN,NaN,NaN,18.625444412231445,1.4665249586105347,122723496.0,mlp,embedding
3421,34220,NaN,NaN,NaN,NaN,18.795520782470703,1.4452708959579468,145475872.0,mlp,embedding
3422,34230,NaN,NaN,NaN,NaN,18.878576278686523,1.5302869081497192,158074384.0,mlp,embedding
3423,34240,NaN,NaN,NaN,NaN,19.03286361694336,1.4665249586105347,184445328.0,mlp,embedding
3424,34250,NaN,NaN,NaN,NaN,19.13329315185547,1.4240169525146484,203931184.0,mlp,embedding
3425,34260,NaN,NaN,NaN,NaN,19.303112030029297,1.487778902053833,241676848.0,mlp,embedding
3426,34270,NaN,NaN,NaN,NaN,19.524763107299805,1.5515408515930176,301645504.0,mlp,embedding
3427,34280,NaN,NaN,NaN,NaN,21.616037368774414,1.8916046619415283,2441888000.0,mlp,embedding
3428,34290,NaN,NaN,NaN,NaN,17.857376098632812,1.4665249586105347,56932452.0,mlp,embedding
3429,34300,NaN,NaN,NaN,NaN,15.24585247039795,1.6790647506713867,4180128.25,mlp,embedding
3430,34310,NaN,NaN,NaN,NaN,15.025429725646973,1.849096655845642,3353213.5,mlp,embedding
3431,34320,NaN,NaN,NaN,NaN,14.977337837219238,1.721572756767273,3195767.5,mlp,embedding
3432,34330,NaN,NaN,NaN,NaN,14.977752685546875,1.7428267002105713,3197093.5,mlp,embedding
3433,34340,NaN,NaN,NaN,NaN,15.327999114990234,1.8916046619415283,4538010.0,mlp,embedding
3434,34350,NaN,NaN,NaN,NaN,15.231120109558105,1.3815089464187622,4118996.5,mlp,embedding
3435,34360,NaN,NaN,NaN,NaN,15.268058776855469,1.487778902053833,4273991.5,mlp,embedding
3436,34370,0.0005471172626130283,100.0,1.0005472898483276,0.001,15.446876525878906,1.6790647506713867,5110851.0,mlp,embedding
3437,34380,NaN,NaN,NaN,NaN,15.248140335083008,1.6578108072280884,4189702.75,mlp,embedding
3438,34390,NaN,NaN,NaN,NaN,15.228777885437012,1.63655686378479,4109360.0,mlp,embedding
3439,34400,NaN,NaN,NaN,NaN,15.211845397949219,1.7003188133239746,4040364.25,mlp,embedding
3440,34410,NaN,NaN,NaN,NaN,15.179915428161621,1.6790647506713867,3913393.5,mlp,embedding
3441,34420,NaN,NaN,NaN,NaN,15.152597427368164,1.721572756767273,3807934.25,mlp,embedding
3442,34430,NaN,NaN,NaN,NaN,15.13111400604248,1.6153028011322021,3726999.25,mlp,embedding
3443,34440,NaN,NaN,NaN,NaN,15.112215995788574,1.5940488576889038,3657227.75,mlp,embedding
3444,34450,NaN,NaN,NaN,NaN,15.091843605041504,1.63655686378479,3583475.25,mlp,embedding
3445,34460,NaN,NaN,NaN,NaN,15.07205581665039,1.6578108072280884,3513263.0,mlp,embedding
3446,34470,NaN,NaN,NaN,NaN,15.056203842163086,1.6578108072280884,3458010.0,mlp,embedding
3447,34480,NaN,NaN,NaN,NaN,15.040435791015625,1.6790647506713867,3403911.5,mlp,embedding
3448,34490,NaN,NaN,NaN,NaN,15.026185989379883,1.6578108072280884,3355750.5,mlp,embedding
3449,34500,NaN,NaN,NaN,NaN,15.013982772827148,1.6790647506713867,3315048.25,mlp,embedding
3450,34510,NaN,NaN,NaN,NaN,15.003674507141113,1.6578108072280884,3281051.5,mlp,embedding
3451,34520,NaN,NaN,NaN,NaN,14.992749214172363,1.7428267002105713,3245400.25,mlp,embedding
3452,34530,NaN,NaN,NaN,NaN,14.984332084655762,1.7428267002105713,3218197.75,mlp,embedding
3453,34540,NaN,NaN,NaN,NaN,14.977949142456055,1.721572756767273,3197721.75,mlp,embedding
3454,34550,NaN,NaN,NaN,NaN,14.974888801574707,1.7428267002105713,3187950.5,mlp,embedding
3455,34560,NaN,NaN,NaN,NaN,14.976841926574707,1.7428267002105713,3194183.0,mlp,embedding
3456,34570,NaN,NaN,NaN,NaN,14.976054191589355,1.7853347063064575,3191668.0,mlp,embedding
3457,34580,NaN,NaN,NaN,NaN,14.976912498474121,1.7640807628631592,3194408.5,mlp,embedding
3458,34590,NaN,NaN,NaN,NaN,14.97692584991455,1.8065886497497559,3194451.25,mlp,embedding
3459,34600,NaN,NaN,NaN,NaN,14.980831146240234,1.7853347063064575,3206950.75,mlp,embedding
3460,34610,NaN,NaN,NaN,NaN,14.9883451461792,1.7853347063064575,3231138.5,mlp,embedding
3461,34620,NaN,NaN,NaN,NaN,14.99443531036377,1.7853347063064575,3250876.75,mlp,embedding
3462,34630,NaN,NaN,NaN,NaN,15.004270553588867,1.7853347063064575,3283007.75,mlp,embedding
3463,34640,NaN,NaN,NaN,NaN,15.015427589416504,1.7428267002105713,3319841.5,mlp,embedding
3464,34650,NaN,NaN,NaN,NaN,15.029768943786621,1.7428267002105713,3367795.5,mlp,embedding
3465,34660,NaN,NaN,NaN,NaN,15.044379234313965,1.7640807628631592,3417361.25,mlp,embedding
3466,34670,NaN,NaN,NaN,NaN,15.062966346740723,1.7853347063064575,3481474.0,mlp,embedding
3467,34680,NaN,NaN,NaN,NaN,15.081339836120605,1.7853347063064575,3546032.25,mlp,embedding
3468,34690,NaN,NaN,NaN,NaN,15.099933624267578,1.7853347063064575,3612583.25,mlp,embedding
3469,34700,NaN,NaN,NaN,NaN,15.120503425598145,1.7853347063064575,3687662.75,mlp,embedding
3470,34710,1.6346150005119853e-05,100.0,1.0000163316726685,0.001,15.14513111114502,1.7003188133239746,3779609.0,mlp,embedding
3471,34720,NaN,NaN,NaN,NaN,15.174675941467285,1.7003188133239746,3892942.75,mlp,embedding
3472,34730,NaN,NaN,NaN,NaN,15.201313018798828,1.6790647506713867,3998033.0,mlp,embedding
3473,34740,NaN,NaN,NaN,NaN,15.2316255569458,1.6578108072280884,4121079.0,mlp,embedding
3474,34750,NaN,NaN,NaN,NaN,15.259360313415527,1.6578108072280884,4236976.0,mlp,embedding
3475,34760,NaN,NaN,NaN,NaN,15.29124927520752,1.63655686378479,4374266.0,mlp,embedding
3476,34770,NaN,NaN,NaN,NaN,15.320399284362793,1.6790647506713867,4503652.5,mlp,embedding
3477,34780,NaN,NaN,NaN,NaN,15.351354598999023,1.6578108072280884,4645244.5,mlp,embedding
3478,34790,NaN,NaN,NaN,NaN,15.386385917663574,1.63655686378479,4810857.5,mlp,embedding
3479,34800,NaN,NaN,NaN,NaN,15.413146018981934,1.6153028011322021,4941334.5,mlp,embedding
3480,34810,NaN,NaN,NaN,NaN,15.44932746887207,1.63655686378479,5123393.0,mlp,embedding
3481,34820,NaN,NaN,NaN,NaN,15.482450485229492,1.63655686378479,5295937.0,mlp,embedding
3482,34830,NaN,NaN,NaN,NaN,15.523563385009766,1.63655686378479,5518206.0,mlp,embedding
3483,34840,NaN,NaN,NaN,NaN,15.553543090820312,1.6153028011322021,5686145.0,mlp,embedding
3484,34850,NaN,NaN,NaN,NaN,15.58598518371582,1.7003188133239746,5873640.5,mlp,embedding
3485,34860,NaN,NaN,NaN,NaN,15.625920295715332,1.6578108072280884,6112951.5,mlp,embedding
3486,34870,NaN,NaN,NaN,NaN,15.65592098236084,1.63655686378479,6299123.0,mlp,embedding
3487,34880,NaN,NaN,NaN,NaN,15.684642791748047,1.6578108072280884,6482668.5,mlp,embedding
3488,34890,NaN,NaN,NaN,NaN,15.724102973937988,1.6578108072280884,6743590.0,mlp,embedding
3489,34900,NaN,NaN,NaN,NaN,15.751272201538086,1.6790647506713867,6929319.5,mlp,embedding
3490,34910,NaN,NaN,NaN,NaN,15.789894104003906,1.6578108072280884,7202178.5,mlp,embedding
3491,34920,NaN,NaN,NaN,NaN,15.823841094970703,1.6790647506713867,7450868.0,mlp,embedding
3492,34930,NaN,NaN,NaN,NaN,15.854971885681152,1.63655686378479,7686467.5,mlp,embedding
3493,34940,NaN,NaN,NaN,NaN,15.889670372009277,1.63655686378479,7957857.5,mlp,embedding
3494,34950,NaN,NaN,NaN,NaN,15.91226577758789,1.6153028011322021,8139715.5,mlp,embedding
3495,34960,NaN,NaN,NaN,NaN,15.938690185546875,1.721572756767273,8357669.5,mlp,embedding
3496,34970,NaN,NaN,NaN,NaN,15.961560249328613,1.63655686378479,8551012.0,mlp,embedding
3497,34980,NaN,NaN,NaN,NaN,15.986882209777832,1.63655686378479,8770306.0,mlp,embedding
3498,34990,NaN,NaN,NaN,NaN,16.007381439208984,1.6790647506713867,8951945.0,mlp,embedding
3499,35000,NaN,NaN,NaN,NaN,16.02463722229004,1.7428267002105713,9107759.0,mlp,embedding
3500,35010,NaN,NaN,NaN,NaN,16.046207427978516,1.6790647506713867,9306349.0,mlp,embedding
3501,35020,NaN,NaN,NaN,NaN,16.05259132385254,1.6790647506713867,9365950.0,mlp,embedding
3502,35030,NaN,NaN,NaN,NaN,16.076114654541016,1.7003188133239746,9588880.0,mlp,embedding
3503,35040,NaN,NaN,NaN,NaN,16.095050811767578,1.7003188133239746,9772187.0,mlp,embedding
3504,35050,3.0095752663328312e-06,100.0,1.0000029802322388,0.001,16.114377975463867,1.6153028011322021,9962892.0,mlp,embedding
3505,35060,NaN,NaN,NaN,NaN,16.131305694580078,1.63655686378479,10132977.0,mlp,embedding
3506,35070,NaN,NaN,NaN,NaN,16.125999450683594,1.5940488576889038,10079351.0,mlp,embedding
3507,35080,NaN,NaN,NaN,NaN,16.147794723510742,1.5515408515930176,10301445.0,mlp,embedding
3508,35090,NaN,NaN,NaN,NaN,16.138721466064453,1.6153028011322021,10208400.0,mlp,embedding
3509,35100,NaN,NaN,NaN,NaN,16.149005889892578,1.6153028011322021,10313929.0,mlp,embedding
3510,35110,NaN,NaN,NaN,NaN,16.17835235595703,1.5727949142456055,10621092.0,mlp,embedding
3511,35120,NaN,NaN,NaN,NaN,16.189998626708984,1.5727949142456055,10745511.0,mlp,embedding
3512,35130,NaN,NaN,NaN,NaN,16.210128784179688,1.5940488576889038,10964012.0,mlp,embedding
3513,35140,NaN,NaN,NaN,NaN,16.21541404724121,1.63655686378479,11022113.0,mlp,embedding
3514,35150,NaN,NaN,NaN,NaN,16.23624038696289,1.5727949142456055,11254070.0,mlp,embedding
3515,35160,NaN,NaN,NaN,NaN,16.25498390197754,1.6790647506713867,11467000.0,mlp,embedding
3516,35170,NaN,NaN,NaN,NaN,16.25298309326172,1.6578108072280884,11444080.0,mlp,embedding
3517,35180,NaN,NaN,NaN,NaN,16.289409637451172,1.5727949142456055,11868633.0,mlp,embedding
3518,35190,NaN,NaN,NaN,NaN,16.31005096435547,1.6790647506713867,12116164.0,mlp,embedding
3519,35200,NaN,NaN,NaN,NaN,16.3227481842041,1.6153028011322021,12270986.0,mlp,embedding
3520,35210,NaN,NaN,NaN,NaN,16.330928802490234,1.6790647506713867,12371782.0,mlp,embedding
3521,35220,NaN,NaN,NaN,NaN,16.404085159301758,1.5302869081497192,13310785.0,mlp,embedding
3522,35230,NaN,NaN,NaN,NaN,16.416645050048828,1.6153028011322021,13479021.0,mlp,embedding
3523,35240,NaN,NaN,NaN,NaN,16.463918685913086,1.63655686378479,14131525.0,mlp,embedding
3524,35250,NaN,NaN,NaN,NaN,16.474515914916992,1.6790647506713867,14282076.0,mlp,embedding
3525,35260,NaN,NaN,NaN,NaN,16.545400619506836,1.6790647506713867,15331201.0,mlp,embedding
3526,35270,NaN,NaN,NaN,NaN,16.5893611907959,1.6153028011322021,16020203.0,mlp,embedding
3527,35280,NaN,NaN,NaN,NaN,16.616239547729492,1.5302869081497192,16456639.0,mlp,embedding
3528,35290,NaN,NaN,NaN,NaN,16.650283813476562,1.6578108072280884,17026540.0,mlp,embedding
3529,35300,NaN,NaN,NaN,NaN,16.711624145507812,1.63655686378479,18103650.0,mlp,embedding
3530,35310,NaN,NaN,NaN,NaN,16.764848709106445,1.5940488576889038,19093312.0,mlp,embedding
3531,35320,NaN,NaN,NaN,NaN,16.838193893432617,1.5515408515930176,20546350.0,mlp,embedding
3532,35330,NaN,NaN,NaN,NaN,16.88286590576172,1.7003188133239746,21485008.0,mlp,embedding
3533,35340,NaN,NaN,NaN,NaN,16.940404891967773,1.509032964706421,22757490.0,mlp,embedding
3534,35350,NaN,NaN,NaN,NaN,17.06150245666504,1.6153028011322021,25687176.0,mlp,embedding
3535,35360,NaN,NaN,NaN,NaN,17.11558723449707,1.5515408515930176,27114718.0,mlp,embedding
3536,35370,NaN,NaN,NaN,NaN,17.171545028686523,1.5940488576889038,28675252.0,mlp,embedding
3537,35380,NaN,NaN,NaN,NaN,17.199586868286133,1.6790647506713867,29490740.0,mlp,embedding
3538,35390,NaN,NaN,NaN,NaN,17.334999084472656,1.6790647506713867,33767152.0,mlp,embedding
3539,35400,4.903951094092918e-07,100.0,1.0000004768371582,0.001,17.395263671875,1.5302869081497192,35864684.0,mlp,embedding
3540,35410,NaN,NaN,NaN,NaN,17.53191375732422,1.721572756767273,41116240.0,mlp,embedding
3541,35420,NaN,NaN,NaN,NaN,17.600568771362305,1.487778902053833,44038236.0,mlp,embedding
3542,35430,NaN,NaN,NaN,NaN,17.667600631713867,1.6790647506713867,47091384.0,mlp,embedding
3543,35440,NaN,NaN,NaN,NaN,17.8203182220459,1.5940488576889038,54861272.0,mlp,embedding
3544,35450,NaN,NaN,NaN,NaN,17.890798568725586,1.7428267002105713,58867432.0,mlp,embedding
3545,35460,NaN,NaN,NaN,NaN,18.00279426574707,1.5727949142456055,65843696.0,mlp,embedding
3546,35470,NaN,NaN,NaN,NaN,18.14885711669922,1.6153028011322021,76198864.0,mlp,embedding
3547,35480,NaN,NaN,NaN,NaN,18.195755004882812,1.5727949142456055,79857552.0,mlp,embedding
3548,35490,NaN,NaN,NaN,NaN,18.318340301513672,1.7853347063064575,90272216.0,mlp,embedding
3549,35500,NaN,NaN,NaN,NaN,18.41866111755371,1.487778902053833,99798240.0,mlp,embedding
3550,35510,NaN,NaN,NaN,NaN,18.64678382873535,1.7853347063064575,125370488.0,mlp,embedding
3551,35520,NaN,NaN,NaN,NaN,18.737812042236328,1.7428267002105713,137318288.0,mlp,embedding
3552,35530,NaN,NaN,NaN,NaN,18.828105926513672,1.5515408515930176,150294304.0,mlp,embedding
3553,35540,NaN,NaN,NaN,NaN,20.869544982910156,1.849096655845642,1157519232.0,mlp,embedding
3554,35550,NaN,NaN,NaN,NaN,13.736090660095215,2.210414409637451,923652.0,mlp,embedding
3555,35560,NaN,NaN,NaN,NaN,12.381012916564941,2.1891603469848633,238235.015625,mlp,embedding
3556,35570,NaN,NaN,NaN,NaN,12.123922348022461,2.1679065227508545,184226.703125,mlp,embedding
3557,35580,NaN,NaN,NaN,NaN,12.116735458374023,2.1679065227508545,182907.4375,mlp,embedding
3558,35590,NaN,NaN,NaN,NaN,12.33229923248291,2.082890510559082,226907.84375,mlp,embedding
3559,35600,NaN,NaN,NaN,NaN,12.429471015930176,2.2954304218292236,250063.71875,mlp,embedding
3560,35610,NaN,NaN,NaN,NaN,12.510318756103516,2.2954304218292236,271120.53125,mlp,embedding
3561,35620,NaN,NaN,NaN,NaN,12.549375534057617,2.252922296524048,281919.125,mlp,embedding
3562,35630,NaN,NaN,NaN,NaN,12.579517364501953,2.252922296524048,290546.0625,mlp,embedding
3563,35640,NaN,NaN,NaN,NaN,12.61359691619873,2.210414409637451,300618.375,mlp,embedding
3564,35650,NaN,NaN,NaN,NaN,12.650821685791016,2.1891603469848633,312019.71875,mlp,embedding
3565,35660,NaN,NaN,NaN,NaN,12.68912124633789,2.231668472290039,324201.75,mlp,embedding
3566,35670,NaN,NaN,NaN,NaN,12.7245512008667,2.210414409637451,335894.09375,mlp,embedding
3567,35680,NaN,NaN,NaN,NaN,12.757524490356445,2.210414409637451,347154.25,mlp,embedding
3568,35690,NaN,NaN,NaN,NaN,12.789183616638184,2.1891603469848633,358320.6875,mlp,embedding
3569,35700,NaN,NaN,NaN,NaN,12.816520690917969,2.1891603469848633,368251.25,mlp,embedding
3570,35710,NaN,NaN,NaN,NaN,12.84959888458252,2.231668472290039,380636.03125,mlp,embedding
3571,35720,NaN,NaN,NaN,NaN,12.889784812927246,2.210414409637451,396243.75,mlp,embedding
3572,35730,NaN,NaN,NaN,NaN,12.920929908752441,2.252922296524048,408779.0,mlp,embedding
3573,35740,NaN,NaN,NaN,NaN,12.9486083984375,2.2741763591766357,420251.40625,mlp,embedding
3574,35750,0.0002458606322761625,100.0,1.0002459287643433,0.001,12.977143287658691,2.2741763591766357,432415.96875,mlp,embedding
3575,35760,NaN,NaN,NaN,NaN,13.0090913772583,2.210414409637451,446453.875,mlp,embedding
3576,35770,NaN,NaN,NaN,NaN,13.040116310119629,2.231668472290039,460522.1875,mlp,embedding
3577,35780,NaN,NaN,NaN,NaN,13.076661109924316,2.252922296524048,477663.1875,mlp,embedding
3578,35790,NaN,NaN,NaN,NaN,13.109071731567383,2.252922296524048,493398.15625,mlp,embedding
3579,35800,NaN,NaN,NaN,NaN,13.135198593139648,2.252922296524048,506458.96875,mlp,embedding
3580,35810,NaN,NaN,NaN,NaN,13.157787322998047,2.231668472290039,518029.4375,mlp,embedding
3581,35820,NaN,NaN,NaN,NaN,13.194704055786133,2.1891603469848633,537510.75,mlp,embedding
3582,35830,NaN,NaN,NaN,NaN,13.227442741394043,2.1466524600982666,555399.375,mlp,embedding
3583,35840,NaN,NaN,NaN,NaN,13.263154029846191,2.1253983974456787,575591.8125,mlp,embedding
3584,35850,NaN,NaN,NaN,NaN,13.29219913482666,2.082890510559082,592555.125,mlp,embedding
3585,35860,NaN,NaN,NaN,NaN,13.322744369506836,2.1679065227508545,610934.125,mlp,embedding
3586,35870,NaN,NaN,NaN,NaN,13.349122047424316,2.1891603469848633,627263.5625,mlp,embedding
3587,35880,NaN,NaN,NaN,NaN,13.378924369812012,2.1679065227508545,646238.8125,mlp,embedding
3588,35890,NaN,NaN,NaN,NaN,13.412257194519043,2.1679065227508545,668142.8125,mlp,embedding
3589,35900,NaN,NaN,NaN,NaN,13.437901496887207,2.210414409637451,685498.4375,mlp,embedding
3590,35910,NaN,NaN,NaN,NaN,13.476725578308105,2.2741763591766357,712635.6875,mlp,embedding
3591,35920,NaN,NaN,NaN,NaN,13.513957023620605,2.2954304218292236,739668.25,mlp,embedding
3592,35930,NaN,NaN,NaN,NaN,13.5530366897583,2.252922296524048,769146.4375,mlp,embedding
3593,35940,NaN,NaN,NaN,NaN,13.588667869567871,2.231668472290039,797046.1875,mlp,embedding
3594,35950,NaN,NaN,NaN,NaN,13.619422912597656,2.252922296524048,821940.1875,mlp,embedding
3595,35960,NaN,NaN,NaN,NaN,13.64786434173584,2.252922296524048,845652.9375,mlp,embedding
3596,35970,NaN,NaN,NaN,NaN,13.677205085754395,2.2954304218292236,870832.625,mlp,embedding
3597,35980,NaN,NaN,NaN,NaN,13.71399974822998,2.252922296524048,903471.4375,mlp,embedding
3598,35990,NaN,NaN,NaN,NaN,13.751026153564453,2.252922296524048,937550.75,mlp,embedding
3599,36000,NaN,NaN,NaN,NaN,13.788947105407715,2.2954304218292236,973786.25,mlp,embedding
3600,36010,NaN,NaN,NaN,NaN,13.827142715454102,2.3379383087158203,1011700.0625,mlp,embedding
3601,36020,NaN,NaN,NaN,NaN,13.858426094055176,2.359192371368408,1043849.75,mlp,embedding
3602,36030,NaN,NaN,NaN,NaN,13.889153480529785,2.359192371368408,1076422.375,mlp,embedding
3603,36040,NaN,NaN,NaN,NaN,13.926668167114258,2.2741763591766357,1117571.0,mlp,embedding
3604,36050,NaN,NaN,NaN,NaN,13.955755233764648,2.231668472290039,1150555.25,mlp,embedding
3605,36060,NaN,NaN,NaN,NaN,13.989924430847168,2.252922296524048,1190548.25,mlp,embedding
3606,36070,NaN,NaN,NaN,NaN,14.032092094421387,2.252922296524048,1241824.375,mlp,embedding
3607,36080,NaN,NaN,NaN,NaN,14.064339637756348,2.231668472290039,1282522.75,mlp,embedding
3608,36090,NaN,NaN,NaN,NaN,14.095787048339844,2.252922296524048,1323495.75,mlp,embedding
3609,36100,1.781392711563967e-05,100.0,1.000017762184143,0.001,14.124820709228516,2.210414409637451,1362484.875,mlp,embedding
3610,36110,NaN,NaN,NaN,NaN,14.160293579101562,2.231668472290039,1411683.625,mlp,embedding
3611,36120,NaN,NaN,NaN,NaN,14.197089195251465,2.2954304218292236,1464594.875,mlp,embedding
3612,36130,NaN,NaN,NaN,NaN,14.234769821166992,2.252922296524048,1520834.625,mlp,embedding
3613,36140,NaN,NaN,NaN,NaN,14.256033897399902,2.2741763591766357,1553520.0,mlp,embedding
3614,36150,NaN,NaN,NaN,NaN,14.29736328125,2.2954304218292236,1619071.375,mlp,embedding
3615,36160,NaN,NaN,NaN,NaN,14.329532623291016,2.210414409637451,1672002.625,mlp,embedding
3616,36170,NaN,NaN,NaN,NaN,14.371509552001953,2.2741763591766357,1743682.0,mlp,embedding
3617,36180,NaN,NaN,NaN,NaN,14.406919479370117,2.210414409637451,1806531.875,mlp,embedding
3618,36190,NaN,NaN,NaN,NaN,14.444853782653809,2.252922296524048,1876377.875,mlp,embedding
3619,36200,NaN,NaN,NaN,NaN,14.479997634887695,2.210414409637451,1943493.375,mlp,embedding
3620,36210,NaN,NaN,NaN,NaN,14.5181303024292,2.1891603469848633,2019035.125,mlp,embedding
3621,36220,NaN,NaN,NaN,NaN,14.55727481842041,2.1679065227508545,2099636.5,mlp,embedding
3622,36230,NaN,NaN,NaN,NaN,14.580853462219238,2.1679065227508545,2149731.5,mlp,embedding
3623,36240,NaN,NaN,NaN,NaN,14.62348747253418,2.10414457321167,2243364.75,mlp,embedding
3624,36250,NaN,NaN,NaN,NaN,14.66171646118164,2.082890510559082,2330786.75,mlp,embedding
3625,36260,NaN,NaN,NaN,NaN,14.702674865722656,2.0191285610198975,2428234.25,mlp,embedding
3626,36270,NaN,NaN,NaN,NaN,14.732603073120117,1.9978744983673096,2502005.25,mlp,embedding
3627,36280,NaN,NaN,NaN,NaN,14.760311126708984,2.082890510559082,2572300.25,mlp,embedding
3628,36290,NaN,NaN,NaN,NaN,14.798925399780273,2.0403826236724854,2673570.5,mlp,embedding
3629,36300,NaN,NaN,NaN,NaN,14.83183479309082,2.0191285610198975,2763019.75,mlp,embedding
3630,36310,NaN,NaN,NaN,NaN,14.864474296569824,2.0191285610198975,2854691.5,mlp,embedding
3631,36320,NaN,NaN,NaN,NaN,14.894973754882812,1.9766205549240112,2943099.25,mlp,embedding
3632,36330,NaN,NaN,NaN,NaN,14.934454917907715,1.934112548828125,3061620.5,mlp,embedding
3633,36340,NaN,NaN,NaN,NaN,14.968104362487793,1.955366611480713,3166395.25,mlp,embedding
3634,36350,NaN,NaN,NaN,NaN,15.003437042236328,1.8703505992889404,3280272.5,mlp,embedding
3635,36360,NaN,NaN,NaN,NaN,15.026159286499023,1.955366611480713,3355660.75,mlp,embedding
3636,36370,NaN,NaN,NaN,NaN,15.044751167297363,1.955366611480713,3418632.5,mlp,embedding
3637,36380,NaN,NaN,NaN,NaN,15.07581901550293,1.934112548828125,3526509.0,mlp,embedding
3638,36390,NaN,NaN,NaN,NaN,15.11001968383789,1.8916046619415283,3649204.25,mlp,embedding
3639,36400,NaN,NaN,NaN,NaN,15.13366413116455,1.849096655845642,3736515.75,mlp,embedding
3640,36410,NaN,NaN,NaN,NaN,15.157135009765625,1.9128586053848267,3825252.5,mlp,embedding
3641,36420,NaN,NaN,NaN,NaN,15.190291404724121,1.8916046619415283,3954210.0,mlp,embedding
3642,36430,NaN,NaN,NaN,NaN,15.206707954406738,1.7853347063064575,4019660.25,mlp,embedding
3643,36440,NaN,NaN,NaN,NaN,15.2249116897583,2.0191285610198975,4093503.25,mlp,embedding
3644,36450,NaN,NaN,NaN,NaN,15.257561683654785,1.8916046619415283,4229362.0,mlp,embedding
3645,36460,2.471944071658072e-06,100.0,1.0000025033950806,0.001,15.274871826171875,1.8703505992889404,4303210.0,mlp,embedding
3646,36470,NaN,NaN,NaN,NaN,15.299928665161133,1.8703505992889404,4412397.0,mlp,embedding
3647,36480,NaN,NaN,NaN,NaN,15.321623802185059,1.9128586053848267,4509170.5,mlp,embedding
3648,36490,NaN,NaN,NaN,NaN,15.351777076721191,1.8916046619415283,4647207.5,mlp,embedding
3649,36500,NaN,NaN,NaN,NaN,15.348255157470703,1.9128586053848267,4630869.5,mlp,embedding
3650,36510,NaN,NaN,NaN,NaN,15.390143394470215,1.7853347063064575,4828968.5,mlp,embedding
3651,36520,NaN,NaN,NaN,NaN,15.4257173538208,1.8278427124023438,5003846.0,mlp,embedding
3652,36530,NaN,NaN,NaN,NaN,15.432814598083496,1.8916046619415283,5039485.5,mlp,embedding
3653,36540,NaN,NaN,NaN,NaN,15.452764511108398,1.8916046619415283,5141032.5,mlp,embedding
3654,36550,NaN,NaN,NaN,NaN,15.50995922088623,1.8916046619415283,5443644.0,mlp,embedding
3655,36560,NaN,NaN,NaN,NaN,15.518972396850586,1.9128586053848267,5492930.0,mlp,embedding
3656,36570,NaN,NaN,NaN,NaN,15.539474487304688,1.9128586053848267,5606709.0,mlp,embedding
3657,36580,NaN,NaN,NaN,NaN,15.58474349975586,1.7853347063064575,5866352.0,mlp,embedding
3658,36590,NaN,NaN,NaN,NaN,15.59769058227539,1.9128586053848267,5942798.0,mlp,embedding
3659,36600,NaN,NaN,NaN,NaN,15.646718978881836,1.8278427124023438,6241424.5,mlp,embedding
3660,36610,NaN,NaN,NaN,NaN,15.727560043334961,1.8916046619415283,6766943.5,mlp,embedding
3661,36620,NaN,NaN,NaN,NaN,15.744354248046875,1.9766205549240112,6881548.5,mlp,embedding
3662,36630,NaN,NaN,NaN,NaN,15.7764310836792,1.9128586053848267,7105865.0,mlp,embedding
3663,36640,NaN,NaN,NaN,NaN,15.816722869873047,1.7640807628631592,7398019.5,mlp,embedding
3664,36650,NaN,NaN,NaN,NaN,15.868408203125,1.9978744983673096,7790442.5,mlp,embedding
3665,36660,NaN,NaN,NaN,NaN,15.934959411621094,1.955366611480713,8326547.0,mlp,embedding
3666,36670,NaN,NaN,NaN,NaN,15.968143463134766,1.955366611480713,8607491.0,mlp,embedding
3667,36680,NaN,NaN,NaN,NaN,16.05720329284668,1.9766205549240112,9409245.0,mlp,embedding
3668,36690,NaN,NaN,NaN,NaN,16.069833755493164,1.955366611480713,9528842.0,mlp,embedding
3669,36700,NaN,NaN,NaN,NaN,16.160125732421875,1.9128586053848267,10429259.0,mlp,embedding
3670,36710,NaN,NaN,NaN,NaN,16.20916748046875,1.955366611480713,10953477.0,mlp,embedding
3671,36720,NaN,NaN,NaN,NaN,16.290027618408203,1.8278427124023438,11875970.0,mlp,embedding
3672,36730,NaN,NaN,NaN,NaN,16.296791076660156,1.934112548828125,11956565.0,mlp,embedding
3673,36740,NaN,NaN,NaN,NaN,16.40007781982422,2.082890510559082,13257551.0,mlp,embedding
3674,36750,NaN,NaN,NaN,NaN,16.492982864379883,2.082890510559082,14548273.0,mlp,embedding
3675,36760,NaN,NaN,NaN,NaN,16.545608520507812,2.10414457321167,15334389.0,mlp,embedding
3676,36770,NaN,NaN,NaN,NaN,16.668542861938477,1.9766205549240112,17340284.0,mlp,embedding
3677,36780,NaN,NaN,NaN,NaN,16.736417770385742,2.0403826236724854,18558116.0,mlp,embedding
3678,36790,NaN,NaN,NaN,NaN,16.828824996948242,2.082890510559082,20354752.0,mlp,embedding
3679,36800,NaN,NaN,NaN,NaN,16.934900283813477,2.10414457321167,22632564.0,mlp,embedding
3680,36810,NaN,NaN,NaN,NaN,16.991283416748047,2.0403826236724854,23945320.0,mlp,embedding
3681,36820,3.02027245879799e-07,100.0,1.0000003576278687,0.001,17.08424949645996,2.0191285610198975,26278180.0,mlp,embedding
3682,36830,NaN,NaN,NaN,NaN,17.248563766479492,2.061636447906494,30971060.0,mlp,embedding
3683,36840,NaN,NaN,NaN,NaN,17.406932830810547,2.082890510559082,36285648.0,mlp,embedding
3684,36850,NaN,NaN,NaN,NaN,17.472084045410156,2.0191285610198975,38728412.0,mlp,embedding
3685,36860,NaN,NaN,NaN,NaN,17.597597122192383,2.0403826236724854,43907564.0,mlp,embedding
3686,36870,NaN,NaN,NaN,NaN,17.724468231201172,2.082890510559082,49846968.0,mlp,embedding
3687,36880,NaN,NaN,NaN,NaN,17.712305068969727,1.9766205549240112,49244344.0,mlp,embedding
3688,36890,NaN,NaN,NaN,NaN,17.942642211914062,2.252922296524048,61999832.0,mlp,embedding
3689,36900,NaN,NaN,NaN,NaN,18.978073120117188,1.6153028011322021,174611328.0,mlp,embedding
3690,36910,NaN,NaN,NaN,NaN,14.086580276489258,1.955366611480713,1311366.5,mlp,embedding
3691,36920,NaN,NaN,NaN,NaN,12.553369522094727,2.380446195602417,283047.375,mlp,embedding
3692,36930,NaN,NaN,NaN,NaN,12.32934856414795,2.5929861068725586,226239.296875,mlp,embedding
3693,36940,NaN,NaN,NaN,NaN,12.365452766418457,2.5717320442199707,234556.734375,mlp,embedding
3694,36950,NaN,NaN,NaN,NaN,12.491865158081055,2.656748056411743,266163.25,mlp,embedding
3695,36960,NaN,NaN,NaN,NaN,12.564765930175781,2.656748056411743,286291.53125,mlp,embedding
3696,36970,NaN,NaN,NaN,NaN,12.579244613647461,2.5929861068725586,290466.8125,mlp,embedding
3697,36980,NaN,NaN,NaN,NaN,12.589262962341309,2.5929861068725586,293391.4375,mlp,embedding
3698,36990,NaN,NaN,NaN,NaN,12.600380897521973,2.507970094680786,296671.53125,mlp,embedding
3699,37000,NaN,NaN,NaN,NaN,12.605515480041504,2.5717320442199707,298198.75,mlp,embedding
3700,37010,NaN,NaN,NaN,NaN,12.60677433013916,2.5929861068725586,298574.375,mlp,embedding
3701,37020,NaN,NaN,NaN,NaN,12.606955528259277,2.5717320442199707,298628.46875,mlp,embedding
3702,37030,NaN,NaN,NaN,NaN,12.609158515930176,2.5929861068725586,299287.0625,mlp,embedding
3703,37040,NaN,NaN,NaN,NaN,12.611641883850098,2.529224157333374,300031.25,mlp,embedding
3704,37050,NaN,NaN,NaN,NaN,12.614579200744629,2.529224157333374,300913.8125,mlp,embedding
3705,37060,NaN,NaN,NaN,NaN,12.61866569519043,2.529224157333374,302146.03125,mlp,embedding
3706,37070,NaN,NaN,NaN,NaN,12.622444152832031,2.529224157333374,303289.8125,mlp,embedding
3707,37080,NaN,NaN,NaN,NaN,12.629522323608398,2.5717320442199707,305444.1875,mlp,embedding
3708,37090,NaN,NaN,NaN,NaN,12.635998725891113,2.5717320442199707,307428.78125,mlp,embedding
3709,37100,NaN,NaN,NaN,NaN,12.644669532775879,2.5929861068725586,310106.03125,mlp,embedding
3710,37110,NaN,NaN,NaN,NaN,12.654744148254395,2.5717320442199707,313246.0,mlp,embedding
3711,37120,NaN,NaN,NaN,NaN,12.66407585144043,2.5717320442199707,316182.8125,mlp,embedding
3712,37130,NaN,NaN,NaN,NaN,12.675079345703125,2.529224157333374,319681.15625,mlp,embedding
3713,37140,NaN,NaN,NaN,NaN,12.686300277709961,2.507970094680786,323288.46875,mlp,embedding
3714,37150,NaN,NaN,NaN,NaN,12.69858169555664,2.507970094680786,327283.375,mlp,embedding
3715,37160,NaN,NaN,NaN,NaN,12.711334228515625,2.507970094680786,331483.8125,mlp,embedding
3716,37170,NaN,NaN,NaN,NaN,12.728090286254883,2.4867162704467773,337084.96875,mlp,embedding
3717,37180,9.567454253556207e-05,100.0,1.0000957250595093,0.001,12.747091293334961,2.4654622077941895,343551.15625,mlp,embedding
3718,37190,NaN,NaN,NaN,NaN,12.764996528625488,2.4867162704467773,349757.90625,mlp,embedding
3719,37200,NaN,NaN,NaN,NaN,12.783631324768066,2.4867162704467773,356336.6875,mlp,embedding
3720,37210,NaN,NaN,NaN,NaN,12.803467750549316,2.507970094680786,363475.71875,mlp,embedding
3721,37220,NaN,NaN,NaN,NaN,12.82357406616211,2.507970094680786,370857.84375,mlp,embedding
3722,37230,NaN,NaN,NaN,NaN,12.84553050994873,2.529224157333374,379090.59375,mlp,embedding
3723,37240,NaN,NaN,NaN,NaN,12.866479873657227,2.529224157333374,387116.09375,mlp,embedding
3724,37250,NaN,NaN,NaN,NaN,12.890527725219727,2.529224157333374,396538.21875,mlp,embedding
3725,37260,NaN,NaN,NaN,NaN,12.91446304321289,2.5929861068725586,406144.0,mlp,embedding
3726,37270,NaN,NaN,NaN,NaN,12.941128730773926,2.5929861068725586,417119.78125,mlp,embedding
3727,37280,NaN,NaN,NaN,NaN,12.967154502868652,2.6354939937591553,428118.15625,mlp,embedding
3728,37290,NaN,NaN,NaN,NaN,12.99417781829834,2.6354939937591553,439845.0625,mlp,embedding
3729,37300,NaN,NaN,NaN,NaN,13.022382736206055,2.6142401695251465,452427.46875,mlp,embedding
3730,37310,NaN,NaN,NaN,NaN,13.051651000976562,2.5929861068725586,465864.90625,mlp,embedding
3731,37320,NaN,NaN,NaN,NaN,13.081997871398926,2.678002119064331,480219.15625,mlp,embedding
3732,37330,NaN,NaN,NaN,NaN,13.112399101257324,2.656748056411743,495042.59375,mlp,embedding
3733,37340,NaN,NaN,NaN,NaN,13.14051342010498,2.6354939937591553,509157.875,mlp,embedding
3734,37350,NaN,NaN,NaN,NaN,13.17407512664795,2.6354939937591553,526536.0625,mlp,embedding
3735,37360,NaN,NaN,NaN,NaN,13.21225643157959,2.550478219985962,547028.625,mlp,embedding
3736,37370,NaN,NaN,NaN,NaN,13.245014190673828,2.529224157333374,565244.8125,mlp,embedding
3737,37380,NaN,NaN,NaN,NaN,13.277650833129883,2.550478219985962,583996.8125,mlp,embedding
3738,37390,NaN,NaN,NaN,NaN,13.313080787658691,2.507970094680786,605058.75,mlp,embedding
3739,37400,NaN,NaN,NaN,NaN,13.348165512084961,2.507970094680786,626663.8125,mlp,embedding
3740,37410,NaN,NaN,NaN,NaN,13.380929946899414,2.529224157333374,647536.1875,mlp,embedding
3741,37420,NaN,NaN,NaN,NaN,13.42031192779541,2.507970094680786,673546.25,mlp,embedding
3742,37430,NaN,NaN,NaN,NaN,13.456778526306152,2.507970094680786,698561.5,mlp,embedding
3743,37440,NaN,NaN,NaN,NaN,13.492431640625,2.507970094680786,723916.75,mlp,embedding
3744,37450,NaN,NaN,NaN,NaN,13.527379035949707,2.507970094680786,749663.0,mlp,embedding
3745,37460,NaN,NaN,NaN,NaN,13.565159797668457,2.4867162704467773,778527.6875,mlp,embedding
3746,37470,NaN,NaN,NaN,NaN,13.601057052612305,2.4229543209075928,806982.3125,mlp,embedding
3747,37480,NaN,NaN,NaN,NaN,13.64056396484375,2.401700258255005,839501.875,mlp,embedding
3748,37490,NaN,NaN,NaN,NaN,13.683320045471191,2.4229543209075928,876174.0625,mlp,embedding
3749,37500,NaN,NaN,NaN,NaN,13.716803550720215,2.401700258255005,906008.125,mlp,embedding
3750,37510,NaN,NaN,NaN,NaN,13.751744270324707,2.359192371368408,938224.25,mlp,embedding
3751,37520,NaN,NaN,NaN,NaN,13.78796100616455,2.2954304218292236,972826.5,mlp,embedding
3752,37530,NaN,NaN,NaN,NaN,13.827522277832031,2.2954304218292236,1012084.125,mlp,embedding
3753,37540,NaN,NaN,NaN,NaN,13.870010375976562,2.252922296524048,1056012.25,mlp,embedding
3754,37550,6.6294605858274736e-06,100.0,1.0000066757202148,0.001,13.906901359558105,2.2954304218292236,1095697.125,mlp,embedding
3755,37560,NaN,NaN,NaN,NaN,13.946840286254883,2.252922296524048,1140343.75,mlp,embedding
3756,37570,NaN,NaN,NaN,NaN,13.99169635772705,2.210414409637451,1192659.625,mlp,embedding
3757,37580,NaN,NaN,NaN,NaN,14.03274917602539,2.1679065227508545,1242640.625,mlp,embedding
3758,37590,NaN,NaN,NaN,NaN,14.063169479370117,2.210414409637451,1281022.875,mlp,embedding
3759,37600,NaN,NaN,NaN,NaN,14.105429649353027,2.1679065227508545,1336319.375,mlp,embedding
3760,37610,NaN,NaN,NaN,NaN,14.137667655944824,2.231668472290039,1380101.625,mlp,embedding
3761,37620,NaN,NaN,NaN,NaN,14.165261268615723,2.231668472290039,1418713.875,mlp,embedding
3762,37630,NaN,NaN,NaN,NaN,14.21059513092041,2.252922296524048,1484509.75,mlp,embedding
3763,37640,NaN,NaN,NaN,NaN,14.240737915039062,2.2741763591766357,1529938.25,mlp,embedding
3764,37650,NaN,NaN,NaN,NaN,14.274568557739258,2.3166842460632324,1582582.5,mlp,embedding
3765,37660,NaN,NaN,NaN,NaN,14.312838554382324,2.2954304218292236,1644321.75,mlp,embedding
3766,37670,NaN,NaN,NaN,NaN,14.334564208984375,2.3166842460632324,1680436.625,mlp,embedding
3767,37680,NaN,NaN,NaN,NaN,14.363401412963867,2.3379383087158203,1729601.25,mlp,embedding
3768,37690,NaN,NaN,NaN,NaN,14.39764404296875,2.359192371368408,1789853.0,mlp,embedding
3769,37700,NaN,NaN,NaN,NaN,14.42820930480957,2.3379383087158203,1845405.0,mlp,embedding
3770,37710,NaN,NaN,NaN,NaN,14.452625274658203,2.2954304218292236,1891016.875,mlp,embedding
3771,37720,NaN,NaN,NaN,NaN,14.487603187561035,2.3166842460632324,1958331.125,mlp,embedding
3772,37730,NaN,NaN,NaN,NaN,14.508159637451172,2.231668472290039,1999004.0,mlp,embedding
3773,37740,NaN,NaN,NaN,NaN,14.53940486907959,2.252922296524048,2062449.375,mlp,embedding
3774,37750,NaN,NaN,NaN,NaN,14.557737350463867,2.252922296524048,2100608.0,mlp,embedding
3775,37760,NaN,NaN,NaN,NaN,14.569488525390625,2.231668472290039,2125438.25,mlp,embedding
3776,37770,NaN,NaN,NaN,NaN,14.599077224731445,2.231668472290039,2189266.75,mlp,embedding
3777,37780,NaN,NaN,NaN,NaN,14.609177589416504,2.231668472290039,2211491.25,mlp,embedding
3778,37790,NaN,NaN,NaN,NaN,14.634445190429688,2.1891603469848633,2268082.25,mlp,embedding
3779,37800,NaN,NaN,NaN,NaN,14.666234016418457,2.2741763591766357,2341340.0,mlp,embedding
3780,37810,NaN,NaN,NaN,NaN,14.69470500946045,2.1679065227508545,2408958.5,mlp,embedding
3781,37820,NaN,NaN,NaN,NaN,14.697978973388672,2.1679065227508545,2416858.25,mlp,embedding
3782,37830,NaN,NaN,NaN,NaN,14.710173606872559,2.1679065227508545,2446511.25,mlp,embedding
3783,37840,NaN,NaN,NaN,NaN,14.750651359558105,2.1679065227508545,2547572.25,mlp,embedding
3784,37850,NaN,NaN,NaN,NaN,14.765063285827637,2.10414457321167,2584553.5,mlp,embedding
3785,37860,NaN,NaN,NaN,NaN,14.781708717346191,2.210414409637451,2627934.5,mlp,embedding
3786,37870,NaN,NaN,NaN,NaN,14.818595886230469,2.252922296524048,2726681.5,mlp,embedding
3787,37880,NaN,NaN,NaN,NaN,14.835884094238281,2.231668472290039,2774230.75,mlp,embedding
3788,37890,NaN,NaN,NaN,NaN,14.856287002563477,2.2741763591766357,2831414.5,mlp,embedding
3789,37900,NaN,NaN,NaN,NaN,14.890862464904785,2.2954304218292236,2931024.25,mlp,embedding
3790,37910,NaN,NaN,NaN,NaN,14.943741798400879,2.231668472290039,3090185.75,mlp,embedding
3791,37920,1.3399131830738042e-06,100.0,1.000001311302185,0.001,14.9766206741333,2.252922296524048,3193476.5,mlp,embedding
3792,37930,NaN,NaN,NaN,NaN,15.002767562866211,2.252922296524048,3278077.0,mlp,embedding
3793,37940,NaN,NaN,NaN,NaN,15.055330276489258,2.3379383087158203,3454990.5,mlp,embedding
3794,37950,NaN,NaN,NaN,NaN,15.062074661254883,2.252922296524048,3478371.0,mlp,embedding
3795,37960,NaN,NaN,NaN,NaN,15.112796783447266,2.401700258255005,3659352.5,mlp,embedding
3796,37970,NaN,NaN,NaN,NaN,15.17556095123291,2.401700258255005,3896389.75,mlp,embedding
3797,37980,NaN,NaN,NaN,NaN,15.21817398071289,2.359192371368408,4066015.0,mlp,embedding
3798,37990,NaN,NaN,NaN,NaN,15.265663146972656,2.4442081451416016,4263765.0,mlp,embedding
3799,38000,NaN,NaN,NaN,NaN,15.338705062866211,2.252922296524048,4586854.5,mlp,embedding
3800,38010,NaN,NaN,NaN,NaN,15.378417015075684,2.2741763591766357,4772672.5,mlp,embedding
3801,38020,NaN,NaN,NaN,NaN,15.417275428771973,2.401700258255005,4961781.5,mlp,embedding
3802,38030,NaN,NaN,NaN,NaN,15.502910614013672,2.4442081451416016,5405408.5,mlp,embedding
3803,38040,NaN,NaN,NaN,NaN,15.565208435058594,2.210414409637451,5752864.5,mlp,embedding
3804,38050,NaN,NaN,NaN,NaN,15.642084121704102,2.4654622077941895,6212563.0,mlp,embedding
3805,38060,NaN,NaN,NaN,NaN,15.690900802612305,2.4229543209075928,6523364.5,mlp,embedding
3806,38070,NaN,NaN,NaN,NaN,15.78045654296875,2.3166842460632324,7134527.0,mlp,embedding
3807,38080,NaN,NaN,NaN,NaN,15.810196876525879,2.4654622077941895,7349897.0,mlp,embedding
3808,38090,NaN,NaN,NaN,NaN,15.922905921936035,2.3166842460632324,8226785.5,mlp,embedding
3809,38100,NaN,NaN,NaN,NaN,15.974422454833984,2.550478219985962,8661708.0,mlp,embedding
3810,38110,NaN,NaN,NaN,NaN,16.102760314941406,2.507970094680786,9847817.0,mlp,embedding
3811,38120,NaN,NaN,NaN,NaN,16.137834548950195,2.4442081451416016,10199350.0,mlp,embedding
3812,38130,NaN,NaN,NaN,NaN,16.251075744628906,2.4654622077941895,11422273.0,mlp,embedding
3813,38140,NaN,NaN,NaN,NaN,16.42376708984375,2.4229543209075928,13575362.0,mlp,embedding
3814,38150,NaN,NaN,NaN,NaN,16.486888885498047,2.529224157333374,14459886.0,mlp,embedding
3815,38160,NaN,NaN,NaN,NaN,16.590782165527344,2.5717320442199707,16042984.0,mlp,embedding
3816,38170,NaN,NaN,NaN,NaN,16.742542266845703,2.359192371368408,18672124.0,mlp,embedding
3817,38180,NaN,NaN,NaN,NaN,16.76963996887207,2.550478219985962,19185014.0,mlp,embedding
3818,38190,NaN,NaN,NaN,NaN,16.909061431884766,2.4654622077941895,22055254.0,mlp,embedding
3819,38200,NaN,NaN,NaN,NaN,17.119739532470703,2.5929861068725586,27227540.0,mlp,embedding
3820,38210,NaN,NaN,NaN,NaN,17.3989200592041,2.401700258255005,35996060.0,mlp,embedding
3821,38220,NaN,NaN,NaN,NaN,17.0269832611084,2.401700258255005,24815606.0,mlp,embedding
3822,38230,NaN,NaN,NaN,NaN,12.65157413482666,3.018065929412842,312254.59375,mlp,embedding
3823,38240,NaN,NaN,NaN,NaN,11.77955436706543,2.7842719554901123,130555.5859375,mlp,embedding
3824,38250,NaN,NaN,NaN,NaN,11.825732231140137,3.2093517780303955,136725.734375,mlp,embedding
3825,38260,NaN,NaN,NaN,NaN,11.954323768615723,3.251859664916992,155487.984375,mlp,embedding
3826,38270,NaN,NaN,NaN,NaN,12.00609302520752,3.3368756771087646,163749.484375,mlp,embedding
3827,38280,NaN,NaN,NaN,NaN,12.03488826751709,3.3793835639953613,168533.234375,mlp,embedding
3828,38290,0.0006417441763915122,100.0,1.000641942024231,0.001,12.04248332977295,3.3156216144561768,169818.125,mlp,embedding
3829,38300,NaN,NaN,NaN,NaN,12.041415214538574,3.251859664916992,169636.84375,mlp,embedding
3830,38310,NaN,NaN,NaN,NaN,12.039142608642578,3.294367551803589,169251.765625,mlp,embedding
3831,38320,NaN,NaN,NaN,NaN,12.035903930664062,3.3368756771087646,168704.5,mlp,embedding
3832,38330,NaN,NaN,NaN,NaN,12.03116226196289,3.2306056022644043,167906.453125,mlp,embedding
3833,38340,NaN,NaN,NaN,NaN,12.025288581848145,3.2306056022644043,166923.109375,mlp,embedding
3834,38350,NaN,NaN,NaN,NaN,12.019745826721191,3.294367551803589,166000.453125,mlp,embedding
3835,38360,NaN,NaN,NaN,NaN,12.014832496643066,3.2306056022644043,165186.84375,mlp,embedding
3836,38370,NaN,NaN,NaN,NaN,12.012100219726562,3.2093517780303955,164736.125,mlp,embedding
3837,38380,NaN,NaN,NaN,NaN,12.011303901672363,3.27311372756958,164605.0,mlp,embedding
3838,38390,NaN,NaN,NaN,NaN,12.012839317321777,3.1880977153778076,164857.921875,mlp,embedding
3839,38400,NaN,NaN,NaN,NaN,12.015589714050293,3.2306056022644043,165311.96875,mlp,embedding
3840,38410,NaN,NaN,NaN,NaN,12.018946647644043,3.27311372756958,165867.84375,mlp,embedding
3841,38420,NaN,NaN,NaN,NaN,12.023847579956055,3.2093517780303955,166682.75,mlp,embedding
3842,38430,NaN,NaN,NaN,NaN,12.02951431274414,3.2306056022644043,167629.984375,mlp,embedding
3843,38440,NaN,NaN,NaN,NaN,12.035131454467773,3.27311372756958,168574.234375,mlp,embedding
3844,38450,NaN,NaN,NaN,NaN,12.04218864440918,3.27311372756958,169768.09375,mlp,embedding
3845,38460,NaN,NaN,NaN,NaN,12.052122116088867,3.294367551803589,171462.890625,mlp,embedding
3846,38470,NaN,NaN,NaN,NaN,12.061657905578613,3.294367551803589,173105.734375,mlp,embedding
3847,38480,NaN,NaN,NaN,NaN,12.07179069519043,3.294367551803589,174868.703125,mlp,embedding
3848,38490,NaN,NaN,NaN,NaN,12.084352493286133,3.27311372756958,177079.21875,mlp,embedding
3849,38500,NaN,NaN,NaN,NaN,12.101277351379395,3.2093517780303955,180101.765625,mlp,embedding
3850,38510,NaN,NaN,NaN,NaN,12.116277694702148,3.1880977153778076,182823.71875,mlp,embedding
3851,38520,NaN,NaN,NaN,NaN,12.1326904296875,3.1880977153778076,185849.125,mlp,embedding
3852,38530,NaN,NaN,NaN,NaN,12.153048515319824,3.2093517780303955,189671.421875,mlp,embedding
3853,38540,NaN,NaN,NaN,NaN,12.170570373535156,3.1880977153778076,193024.109375,mlp,embedding
3854,38550,NaN,NaN,NaN,NaN,12.191097259521484,3.2306056022644043,197027.234375,mlp,embedding
3855,38560,NaN,NaN,NaN,NaN,12.21322250366211,3.2093517780303955,201435.09375,mlp,embedding
3856,38570,NaN,NaN,NaN,NaN,12.2393798828125,3.145589828491211,206773.625,mlp,embedding
3857,38580,NaN,NaN,NaN,NaN,12.260905265808105,3.145589828491211,211272.75,mlp,embedding
3858,38590,NaN,NaN,NaN,NaN,12.282379150390625,3.1880977153778076,215858.671875,mlp,embedding
3859,38600,NaN,NaN,NaN,NaN,12.309403419494629,3.2093517780303955,221771.625,mlp,embedding
3860,38610,NaN,NaN,NaN,NaN,12.334185600280762,3.2093517780303955,227336.28125,mlp,embedding
3861,38620,NaN,NaN,NaN,NaN,12.362069129943848,3.1668436527252197,233764.421875,mlp,embedding
3862,38630,NaN,NaN,NaN,NaN,12.389571189880371,3.124335765838623,240282.640625,mlp,embedding
3863,38640,NaN,NaN,NaN,NaN,12.419994354248047,3.2306056022644043,247705.140625,mlp,embedding
3864,38650,NaN,NaN,NaN,NaN,12.451576232910156,3.2306056022644043,255652.96875,mlp,embedding
3865,38660,NaN,NaN,NaN,NaN,12.481971740722656,3.251859664916992,263542.96875,mlp,embedding
3866,38670,2.546218274801504e-05,100.0,1.0000255107879639,0.001,12.515066146850586,3.124335765838623,272410.71875,mlp,embedding
3867,38680,NaN,NaN,NaN,NaN,12.548667907714844,3.103081703186035,281719.71875,mlp,embedding
3868,38690,NaN,NaN,NaN,NaN,12.583222389221191,3.0818278789520264,291624.53125,mlp,embedding
3869,38700,NaN,NaN,NaN,NaN,12.616389274597168,3.145589828491211,301459.0,mlp,embedding
3870,38710,NaN,NaN,NaN,NaN,12.6547269821167,3.2093517780303955,313240.625,mlp,embedding
3871,38720,NaN,NaN,NaN,NaN,12.68843936920166,3.1668436527252197,323980.75,mlp,embedding
3872,38730,NaN,NaN,NaN,NaN,12.722558975219727,3.1880977153778076,335225.59375,mlp,embedding
3873,38740,NaN,NaN,NaN,NaN,12.757055282592773,3.1668436527252197,346991.40625,mlp,embedding
3874,38750,NaN,NaN,NaN,NaN,12.790842056274414,3.251859664916992,358915.4375,mlp,embedding
3875,38760,NaN,NaN,NaN,NaN,12.83267593383789,3.27311372756958,374248.75,mlp,embedding
3876,38770,NaN,NaN,NaN,NaN,12.871161460876465,3.251859664916992,388932.65625,mlp,embedding
3877,38780,NaN,NaN,NaN,NaN,12.90705394744873,3.251859664916992,403145.96875,mlp,embedding
3878,38790,NaN,NaN,NaN,NaN,12.945597648620605,3.1668436527252197,418988.03125,mlp,embedding
3879,38800,NaN,NaN,NaN,NaN,12.983904838562012,3.145589828491211,435349.6875,mlp,embedding
3880,38810,NaN,NaN,NaN,NaN,13.022441864013672,3.103081703186035,452454.21875,mlp,embedding
3881,38820,NaN,NaN,NaN,NaN,13.063923835754395,3.0605738162994385,471617.625,mlp,embedding
3882,38830,NaN,NaN,NaN,NaN,13.101292610168457,3.0605738162994385,489574.84375,mlp,embedding
3883,38840,NaN,NaN,NaN,NaN,13.136637687683105,3.018065929412842,507188.34375,mlp,embedding
3884,38850,NaN,NaN,NaN,NaN,13.171849250793457,3.103081703186035,525365.375,mlp,embedding
3885,38860,NaN,NaN,NaN,NaN,13.213665962219238,3.124335765838623,547800.25,mlp,embedding
3886,38870,NaN,NaN,NaN,NaN,13.255584716796875,3.145589828491211,571251.4375,mlp,embedding
3887,38880,NaN,NaN,NaN,NaN,13.29439640045166,3.0818278789520264,593858.5,mlp,embedding
3888,38890,NaN,NaN,NaN,NaN,13.343098640441895,3.018065929412842,623496.625,mlp,embedding
3889,38900,NaN,NaN,NaN,NaN,13.371709823608398,3.018065929412842,641593.25,mlp,embedding
3890,38910,NaN,NaN,NaN,NaN,13.404296875,3.0605738162994385,662845.25,mlp,embedding
3891,38920,NaN,NaN,NaN,NaN,13.434484481811523,2.975557804107666,683160.0625,mlp,embedding
3892,38930,NaN,NaN,NaN,NaN,13.472238540649414,3.018065929412842,709445.1875,mlp,embedding
3893,38940,NaN,NaN,NaN,NaN,13.510455131530762,2.975557804107666,737082.5,mlp,embedding
3894,38950,NaN,NaN,NaN,NaN,13.542930603027344,2.975557804107666,761412.5625,mlp,embedding
3895,38960,NaN,NaN,NaN,NaN,13.57316780090332,2.975557804107666,784787.125,mlp,embedding
3896,38970,NaN,NaN,NaN,NaN,13.599115371704102,2.954303741455078,805416.9375,mlp,embedding
3897,38980,NaN,NaN,NaN,NaN,13.6373872756958,2.9330499172210693,836839.25,mlp,embedding
3898,38990,NaN,NaN,NaN,NaN,13.6647367477417,2.9330499172210693,860042.1875,mlp,embedding
3899,39000,NaN,NaN,NaN,NaN,13.695551872253418,2.9330499172210693,886957.0625,mlp,embedding
3900,39010,NaN,NaN,NaN,NaN,13.725781440734863,2.9117958545684814,914178.8125,mlp,embedding
3901,39020,NaN,NaN,NaN,NaN,13.752217292785645,2.8905417919158936,938668.125,mlp,embedding
3902,39030,NaN,NaN,NaN,NaN,13.780890464782715,2.826779842376709,965972.3125,mlp,embedding
3903,39040,NaN,NaN,NaN,NaN,13.806342124938965,2.9330499172210693,990873.5,mlp,embedding
3904,39050,2.516064341762103e-06,100.0,1.0000025033950806,0.001,13.831009864807129,2.8905417919158936,1015620.0625,mlp,embedding
3905,39060,NaN,NaN,NaN,NaN,13.853815078735352,2.954303741455078,1039047.625,mlp,embedding
3906,39070,NaN,NaN,NaN,NaN,13.87830638885498,2.975557804107666,1064809.375,mlp,embedding
3907,39080,NaN,NaN,NaN,NaN,13.897869110107422,2.9117958545684814,1085845.125,mlp,embedding
3908,39090,NaN,NaN,NaN,NaN,13.919098854064941,2.826779842376709,1109143.75,mlp,embedding
3909,39100,NaN,NaN,NaN,NaN,13.935895919799805,2.8055260181427,1127931.375,mlp,embedding
3910,39110,NaN,NaN,NaN,NaN,13.949746131896973,2.9117958545684814,1143662.25,mlp,embedding
3911,39120,NaN,NaN,NaN,NaN,13.986100196838379,2.826779842376709,1186004.0,mlp,embedding
3912,39130,NaN,NaN,NaN,NaN,13.989702224731445,2.848033905029297,1190283.625,mlp,embedding
3913,39140,NaN,NaN,NaN,NaN,14.006949424743652,2.8055260181427,1210990.75,mlp,embedding
3914,39150,NaN,NaN,NaN,NaN,14.02782917022705,2.8055260181427,1236541.75,mlp,embedding
3915,39160,NaN,NaN,NaN,NaN,14.04090690612793,2.8692879676818848,1252819.125,mlp,embedding
3916,39170,NaN,NaN,NaN,NaN,14.084568977355957,2.7630178928375244,1308731.625,mlp,embedding
3917,39180,NaN,NaN,NaN,NaN,14.087909698486328,2.8692879676818848,1313111.0,mlp,embedding
3918,39190,NaN,NaN,NaN,NaN,14.100775718688965,2.8055260181427,1330114.625,mlp,embedding
3919,39200,NaN,NaN,NaN,NaN,14.133005142211914,2.7417640686035156,1373681.75,mlp,embedding
3920,39210,NaN,NaN,NaN,NaN,14.157007217407227,2.7842719554901123,1407051.875,mlp,embedding
3921,39220,NaN,NaN,NaN,NaN,14.199018478393555,2.7205100059509277,1467423.125,mlp,embedding
3922,39230,NaN,NaN,NaN,NaN,14.231002807617188,2.7842719554901123,1515116.375,mlp,embedding
3923,39240,NaN,NaN,NaN,NaN,14.266958236694336,2.8692879676818848,1570584.25,mlp,embedding
3924,39250,NaN,NaN,NaN,NaN,14.275792121887207,2.954303741455078,1584520.125,mlp,embedding
3925,39260,NaN,NaN,NaN,NaN,14.33179759979248,2.7842719554901123,1675793.875,mlp,embedding
3926,39270,NaN,NaN,NaN,NaN,14.359986305236816,2.8905417919158936,1723704.5,mlp,embedding
3927,39280,NaN,NaN,NaN,NaN,14.409476280212402,2.8692879676818848,1811156.75,mlp,embedding
3928,39290,NaN,NaN,NaN,NaN,14.462440490722656,3.0393197536468506,1909669.0,mlp,embedding
3929,39300,NaN,NaN,NaN,NaN,14.50075912475586,2.954303741455078,1984265.0,mlp,embedding
3930,39310,NaN,NaN,NaN,NaN,14.551443099975586,2.9330499172210693,2087427.75,mlp,embedding
3931,39320,NaN,NaN,NaN,NaN,14.595355987548828,3.0393197536468506,2181135.0,mlp,embedding
3932,39330,NaN,NaN,NaN,NaN,14.620890617370605,2.975557804107666,2237546.75,mlp,embedding
3933,39340,NaN,NaN,NaN,NaN,14.675509452819824,2.996811866760254,2363158.0,mlp,embedding
3934,39350,NaN,NaN,NaN,NaN,14.743210792541504,2.996811866760254,2528687.0,mlp,embedding
3935,39360,NaN,NaN,NaN,NaN,14.8344144821167,3.0818278789520264,2770156.75,mlp,embedding
3936,39370,NaN,NaN,NaN,NaN,14.883028030395508,3.0818278789520264,2908151.0,mlp,embedding
3937,39380,NaN,NaN,NaN,NaN,14.943346977233887,3.0818278789520264,3088966.0,mlp,embedding
3938,39390,NaN,NaN,NaN,NaN,14.977577209472656,3.0605738162994385,3196532.5,mlp,embedding
3939,39400,NaN,NaN,NaN,NaN,15.123530387878418,3.0605738162994385,3698842.0,mlp,embedding
3940,39410,NaN,NaN,NaN,NaN,15.13336181640625,3.0605738162994385,3735386.25,mlp,embedding
3941,39420,NaN,NaN,NaN,NaN,15.240175247192383,3.018065929412842,4156464.0,mlp,embedding
3942,39430,NaN,NaN,NaN,NaN,15.370207786560059,3.0605738162994385,4733653.0,mlp,embedding
3943,39440,3.0615800028499507e-07,100.0,1.0000003576278687,0.001,15.38122844696045,3.0393197536468506,4786109.5,mlp,embedding
3944,39450,NaN,NaN,NaN,NaN,15.48051929473877,3.103081703186035,5285719.5,mlp,embedding
3945,39460,NaN,NaN,NaN,NaN,15.616561889648438,3.0818278789520264,6056011.0,mlp,embedding
3946,39470,NaN,NaN,NaN,NaN,15.739389419555664,3.0393197536468506,6847467.5,mlp,embedding
3947,39480,NaN,NaN,NaN,NaN,15.817951202392578,3.1668436527252197,7407112.0,mlp,embedding
3948,39490,NaN,NaN,NaN,NaN,15.868884086608887,3.27311372756958,7794150.5,mlp,embedding
3949,39500,NaN,NaN,NaN,NaN,16.065105438232422,3.145589828491211,9483893.0,mlp,embedding
3950,39510,NaN,NaN,NaN,NaN,16.133203506469727,3.2093517780303955,10152226.0,mlp,embedding
3951,39520,NaN,NaN,NaN,NaN,16.2495059967041,3.2306056022644043,11404357.0,mlp,embedding
3952,39530,NaN,NaN,NaN,NaN,16.31464195251465,3.251859664916992,12171917.0,mlp,embedding
3953,39540,NaN,NaN,NaN,NaN,18.255887985229492,2.656748056411743,84806944.0,mlp,embedding
3954,39550,NaN,NaN,NaN,NaN,14.748537063598633,3.2306056022644043,2542191.5,mlp,embedding
3955,39560,NaN,NaN,NaN,NaN,10.698080062866211,3.6769392490386963,44270.77734375,mlp,embedding
3956,39570,NaN,NaN,NaN,NaN,9.938015937805176,4.165781021118164,20702.62890625,mlp,embedding
3957,39580,NaN,NaN,NaN,NaN,10.189164161682129,3.995748996734619,26613.2421875,mlp,embedding
3958,39590,NaN,NaN,NaN,NaN,10.369488716125488,3.7832093238830566,31872.177734375,mlp,embedding
3959,39600,NaN,NaN,NaN,NaN,10.447850227355957,3.9319870471954346,34470.19140625,mlp,embedding
3960,39610,NaN,NaN,NaN,NaN,10.506052017211914,3.9532411098480225,36535.94921875,mlp,embedding
3961,39620,NaN,NaN,NaN,NaN,10.548114776611328,3.889479160308838,38105.53125,mlp,embedding
3962,39630,NaN,NaN,NaN,NaN,10.58095932006836,3.910733222961426,39377.87109375,mlp,embedding
3963,39640,NaN,NaN,NaN,NaN,10.60392951965332,3.9744951725006104,40292.859375,mlp,embedding
3964,39650,NaN,NaN,NaN,NaN,10.622392654418945,4.038257122039795,41043.69921875,mlp,embedding
3965,39660,NaN,NaN,NaN,NaN,10.644977569580078,3.995748996734619,41981.21484375,mlp,embedding
3966,39670,NaN,NaN,NaN,NaN,10.66873550415039,4.038257122039795,42990.546875,mlp,embedding
3967,39680,NaN,NaN,NaN,NaN,10.692272186279297,3.9744951725006104,44014.40234375,mlp,embedding
3968,39690,NaN,NaN,NaN,NaN,10.717549324035645,4.038257122039795,45141.140625,mlp,embedding
3969,39700,NaN,NaN,NaN,NaN,10.745811462402344,3.9532411098480225,46435.125,mlp,embedding
3970,39710,NaN,NaN,NaN,NaN,10.772061347961426,3.9532411098480225,47670.1796875,mlp,embedding
3971,39720,NaN,NaN,NaN,NaN,10.80157470703125,3.9532411098480225,49098.0546875,mlp,embedding
3972,39730,NaN,NaN,NaN,NaN,10.82967758178711,3.9532411098480225,50497.421875,mlp,embedding
3973,39740,NaN,NaN,NaN,NaN,10.85721206665039,3.910733222961426,51907.1640625,mlp,embedding
3974,39750,NaN,NaN,NaN,NaN,10.888337135314941,3.9319870471954346,53548.18359375,mlp,embedding
3975,39760,NaN,NaN,NaN,NaN,10.920161247253418,3.995748996734619,55279.7109375,mlp,embedding
3976,39770,NaN,NaN,NaN,NaN,10.954385757446289,3.995748996734619,57204.37890625,mlp,embedding
3977,39780,NaN,NaN,NaN,NaN,10.988418579101562,3.9319870471954346,59184.71484375,mlp,embedding
3978,39790,NaN,NaN,NaN,NaN,11.026637077331543,3.9319870471954346,61490.4453125,mlp,embedding
3979,39800,NaN,NaN,NaN,NaN,11.062971115112305,4.017003059387207,63765.7265625,mlp,embedding
3980,39810,NaN,NaN,NaN,NaN,11.098785400390625,3.995748996734619,66090.8359375,mlp,embedding
3981,39820,NaN,NaN,NaN,NaN,11.136161804199219,3.9319870471954346,68607.8203125,mlp,embedding
3982,39830,0.0001846679806476459,100.0,1.0001846551895142,0.001,11.170859336853027,4.017003059387207,71030.125,mlp,embedding
3983,39840,NaN,NaN,NaN,NaN,11.202402114868164,4.017003059387207,73306.3203125,mlp,embedding
3984,39850,NaN,NaN,NaN,NaN,11.23692512512207,4.017003059387207,75881.265625,mlp,embedding
3985,39860,NaN,NaN,NaN,NaN,11.27187728881836,4.017003059387207,78580.375,mlp,embedding
3986,39870,NaN,NaN,NaN,NaN,11.299161911010742,4.059511184692383,80753.9296875,mlp,embedding
3987,39880,NaN,NaN,NaN,NaN,11.332478523254395,4.038257122039795,83489.6953125,mlp,embedding
3988,39890,NaN,NaN,NaN,NaN,11.366045951843262,3.9744951725006104,86339.796875,mlp,embedding
3989,39900,NaN,NaN,NaN,NaN,11.400474548339844,3.9744951725006104,89364.1171875,mlp,embedding
3990,39910,NaN,NaN,NaN,NaN,11.433368682861328,4.017003059387207,92352.5546875,mlp,embedding
3991,39920,NaN,NaN,NaN,NaN,11.467326164245605,4.059511184692383,95542.46875,mlp,embedding
3992,39930,NaN,NaN,NaN,NaN,11.50477123260498,4.017003059387207,99187.890625,mlp,embedding
3993,39940,NaN,NaN,NaN,NaN,11.534568786621094,3.9744951725006104,102187.921875,mlp,embedding
3994,39950,NaN,NaN,NaN,NaN,11.560018539428711,3.9532411098480225,104821.953125,mlp,embedding
3995,39960,NaN,NaN,NaN,NaN,11.58648681640625,3.9319870471954346,107633.453125,mlp,embedding
3996,39970,NaN,NaN,NaN,NaN,11.613348960876465,3.889479160308838,110563.90625,mlp,embedding
3997,39980,NaN,NaN,NaN,NaN,11.652853965759277,3.9532411098480225,115019.15625,mlp,embedding
3998,39990,NaN,NaN,NaN,NaN,11.684530258178711,4.038257122039795,118720.8515625,mlp,embedding
3999,40000,NaN,NaN,NaN,NaN,11.707173347473145,4.017003059387207,121439.7265625,mlp,embedding
4000,40010,NaN,NaN,NaN,NaN,11.730618476867676,3.995748996734619,124320.5390625,mlp,embedding
4001,40020,NaN,NaN,NaN,NaN,11.76322078704834,3.995748996734619,128440.46875,mlp,embedding
4002,40030,NaN,NaN,NaN,NaN,11.79289436340332,4.017003059387207,132308.859375,mlp,embedding
4003,40040,NaN,NaN,NaN,NaN,11.820854187011719,3.9532411098480225,136060.40625,mlp,embedding
4004,40050,NaN,NaN,NaN,NaN,11.855499267578125,3.9532411098480225,140856.828125,mlp,embedding
4005,40060,NaN,NaN,NaN,NaN,11.88913631439209,3.995748996734619,145675.421875,mlp,embedding
4006,40070,NaN,NaN,NaN,NaN,11.920260429382324,4.080765247344971,150280.734375,mlp,embedding
4007,40080,NaN,NaN,NaN,NaN,11.946320533752441,3.9744951725006104,154248.546875,mlp,embedding
4008,40090,NaN,NaN,NaN,NaN,11.983787536621094,3.9532411098480225,160137.40625,mlp,embedding
4009,40100,NaN,NaN,NaN,NaN,12.010971069335938,4.038257122039795,164550.21875,mlp,embedding
4010,40110,NaN,NaN,NaN,NaN,12.042115211486816,4.038257122039795,169755.625,mlp,embedding
4011,40120,NaN,NaN,NaN,NaN,12.072599411010742,4.059511184692383,175010.171875,mlp,embedding
4012,40130,NaN,NaN,NaN,NaN,12.105379104614258,4.123272895812988,180842.015625,mlp,embedding
4013,40140,NaN,NaN,NaN,NaN,12.1366605758667,4.123272895812988,186588.4375,mlp,embedding
4014,40150,NaN,NaN,NaN,NaN,12.175004005432129,4.1020188331604,193881.8125,mlp,embedding
4015,40160,NaN,NaN,NaN,NaN,12.212718963623047,4.123272895812988,201333.6875,mlp,embedding
4016,40170,NaN,NaN,NaN,NaN,12.237472534179688,3.995748996734619,206379.609375,mlp,embedding
4017,40180,NaN,NaN,NaN,NaN,12.273628234863281,4.059511184692383,213977.953125,mlp,embedding
4018,40190,NaN,NaN,NaN,NaN,12.311107635498047,4.038257122039795,222149.890625,mlp,embedding
4019,40200,NaN,NaN,NaN,NaN,12.33003044128418,4.038257122039795,226393.625,mlp,embedding
4020,40210,NaN,NaN,NaN,NaN,12.366515159606934,4.038257122039795,234806.0625,mlp,embedding
4021,40220,8.541340321244206e-06,100.0,1.0000085830688477,0.001,12.410656929016113,4.059511184692383,245402.96875,mlp,embedding
4022,40230,NaN,NaN,NaN,NaN,12.43974781036377,4.038257122039795,252646.8125,mlp,embedding
4023,40240,NaN,NaN,NaN,NaN,12.469320297241211,4.123272895812988,260229.78125,mlp,embedding
4024,40250,NaN,NaN,NaN,NaN,12.505115509033203,4.1020188331604,269713.5,mlp,embedding
4025,40260,NaN,NaN,NaN,NaN,12.538064002990723,3.995748996734619,278748.15625,mlp,embedding
4026,40270,NaN,NaN,NaN,NaN,12.569924354553223,3.995748996734619,287772.15625,mlp,embedding
4027,40280,NaN,NaN,NaN,NaN,12.610152244567871,4.038257122039795,299584.625,mlp,embedding
4028,40290,NaN,NaN,NaN,NaN,12.637081146240234,4.038257122039795,307761.71875,mlp,embedding
4029,40300,NaN,NaN,NaN,NaN,12.672619819641113,3.9532411098480225,318895.84375,mlp,embedding
4030,40310,NaN,NaN,NaN,NaN,12.704499244689941,4.059511184692383,329225.84375,mlp,embedding
4031,40320,NaN,NaN,NaN,NaN,12.738290786743164,3.9744951725006104,340541.0,mlp,embedding
4032,40330,NaN,NaN,NaN,NaN,12.767228126525879,3.995748996734619,350539.3125,mlp,embedding
4033,40340,NaN,NaN,NaN,NaN,12.799522399902344,3.889479160308838,362044.5,mlp,embedding
4034,40350,NaN,NaN,NaN,NaN,12.832673072814941,4.017003059387207,374247.65625,mlp,embedding
4035,40360,NaN,NaN,NaN,NaN,12.86703872680664,3.889479160308838,387332.46875,mlp,embedding
4036,40370,NaN,NaN,NaN,NaN,12.889278411865234,3.910733222961426,396043.125,mlp,embedding
4037,40380,NaN,NaN,NaN,NaN,12.921666145324707,3.910733222961426,409080.0625,mlp,embedding
4038,40390,NaN,NaN,NaN,NaN,12.952729225158691,3.86822509765625,421986.75,mlp,embedding
4039,40400,NaN,NaN,NaN,NaN,12.973567008972168,3.86822509765625,430872.28125,mlp,embedding
4040,40410,NaN,NaN,NaN,NaN,13.000032424926758,3.7832093238830566,442427.75,mlp,embedding
4041,40420,NaN,NaN,NaN,NaN,13.030329704284668,3.7619552612304688,456037.21875,mlp,embedding
4042,40430,NaN,NaN,NaN,NaN,13.049529075622559,3.910733222961426,464877.4375,mlp,embedding
4043,40440,NaN,NaN,NaN,NaN,13.068394660949707,3.7832093238830566,473730.875,mlp,embedding
4044,40450,NaN,NaN,NaN,NaN,13.118066787719727,3.8044631481170654,497856.3125,mlp,embedding
4045,40460,NaN,NaN,NaN,NaN,13.140029907226562,3.740701198577881,508911.75,mlp,embedding
4046,40470,NaN,NaN,NaN,NaN,13.153328895568848,3.740701198577881,515724.96875,mlp,embedding
4047,40480,NaN,NaN,NaN,NaN,13.163537979125977,3.740701198577881,521017.03125,mlp,embedding
4048,40490,NaN,NaN,NaN,NaN,13.196456909179688,3.889479160308838,538453.75,mlp,embedding
4049,40500,NaN,NaN,NaN,NaN,13.215822219848633,3.8044631481170654,548982.6875,mlp,embedding
4050,40510,NaN,NaN,NaN,NaN,13.219279289245605,3.6344313621520996,550883.875,mlp,embedding
4051,40520,NaN,NaN,NaN,NaN,13.254962921142578,3.740701198577881,570896.3125,mlp,embedding
4052,40530,NaN,NaN,NaN,NaN,13.258190155029297,3.6556854248046875,572741.75,mlp,embedding
4053,40540,NaN,NaN,NaN,NaN,13.285861015319824,3.8044631481170654,588811.3125,mlp,embedding
4054,40550,NaN,NaN,NaN,NaN,13.309460639953613,3.8044631481170654,602872.25,mlp,embedding
4055,40560,NaN,NaN,NaN,NaN,13.323396682739258,3.6769392490386963,611332.75,mlp,embedding
4056,40570,NaN,NaN,NaN,NaN,13.341998100280762,3.698193311691284,622810.8125,mlp,embedding
4057,40580,NaN,NaN,NaN,NaN,13.351638793945312,3.740701198577881,628844.1875,mlp,embedding
4058,40590,NaN,NaN,NaN,NaN,13.37862491607666,3.7619552612304688,646045.3125,mlp,embedding
4059,40600,NaN,NaN,NaN,NaN,13.414962768554688,3.719447374343872,669952.9375,mlp,embedding
4060,40610,NaN,NaN,NaN,NaN,13.403891563415527,3.698193311691284,662576.6875,mlp,embedding
4061,40620,1.217510771311936e-06,100.0,1.0000011920928955,0.001,13.477832794189453,3.740701198577881,713425.125,mlp,embedding
4062,40630,NaN,NaN,NaN,NaN,13.49443531036377,3.740701198577881,725368.6875,mlp,embedding
4063,40640,NaN,NaN,NaN,NaN,13.504806518554688,3.6556854248046875,732930.75,mlp,embedding
4064,40650,NaN,NaN,NaN,NaN,13.584664344787598,3.7832093238830566,793861.5625,mlp,embedding
4065,40660,NaN,NaN,NaN,NaN,13.557239532470703,3.8044631481170654,772385.875,mlp,embedding
4066,40670,NaN,NaN,NaN,NaN,13.635394096374512,3.910733222961426,835172.9375,mlp,embedding
4067,40680,NaN,NaN,NaN,NaN,13.643940925598145,3.8257172107696533,842341.625,mlp,embedding
4068,40690,NaN,NaN,NaN,NaN,13.679768562316895,3.846971273422241,873067.875,mlp,embedding
4069,40700,NaN,NaN,NaN,NaN,13.753695487976074,3.8257172107696533,940056.6875,mlp,embedding
4070,40710,NaN,NaN,NaN,NaN,13.792743682861328,3.889479160308838,977490.3125,mlp,embedding
4071,40720,NaN,NaN,NaN,NaN,13.83031940460205,3.9744951725006104,1014919.0625,mlp,embedding
4072,40730,NaN,NaN,NaN,NaN,13.852253913879395,3.8257172107696533,1037426.75,mlp,embedding
4073,40740,NaN,NaN,NaN,NaN,13.912310600280762,3.910733222961426,1101640.125,mlp,embedding
4074,40750,NaN,NaN,NaN,NaN,13.992767333984375,3.910733222961426,1193937.625,mlp,embedding
4075,40760,NaN,NaN,NaN,NaN,14.051828384399414,3.9532411098480225,1266576.75,mlp,embedding
4076,40770,NaN,NaN,NaN,NaN,14.069470405578613,3.7832093238830566,1289120.0,mlp,embedding
4077,40780,NaN,NaN,NaN,NaN,14.187475204467773,3.8257172107696533,1450581.75,mlp,embedding
4078,40790,NaN,NaN,NaN,NaN,14.251705169677734,4.038257122039795,1546809.75,mlp,embedding
4079,40800,NaN,NaN,NaN,NaN,14.297414779663086,4.038257122039795,1619154.75,mlp,embedding
4080,40810,NaN,NaN,NaN,NaN,14.36778736114502,4.165781021118164,1737203.75,mlp,embedding
4081,40820,NaN,NaN,NaN,NaN,14.434123992919922,3.9319870471954346,1856352.25,mlp,embedding
4082,40830,NaN,NaN,NaN,NaN,14.555431365966797,4.038257122039795,2095769.5,mlp,embedding
4083,40840,NaN,NaN,NaN,NaN,14.609368324279785,4.144526958465576,2211913.0,mlp,embedding
4084,40850,NaN,NaN,NaN,NaN,14.71369743347168,4.038257122039795,2455147.5,mlp,embedding
4085,40860,NaN,NaN,NaN,NaN,14.813529014587402,3.910733222961426,2712900.75,mlp,embedding
4086,40870,NaN,NaN,NaN,NaN,14.970023155212402,4.038257122039795,3172476.75,mlp,embedding
4087,40880,NaN,NaN,NaN,NaN,15.008916854858398,4.165781021118164,3298297.0,mlp,embedding
4088,40890,NaN,NaN,NaN,NaN,15.104901313781738,3.9532411098480225,3630574.0,mlp,embedding
4089,40900,NaN,NaN,NaN,NaN,15.183670997619629,4.165781021118164,3928118.0,mlp,embedding
4090,40910,NaN,NaN,NaN,NaN,18.004714965820312,4.017003059387207,65970284.0,mlp,embedding
4091,40920,NaN,NaN,NaN,NaN,11.90766429901123,4.123272895812988,148399.65625,mlp,embedding
4092,40930,NaN,NaN,NaN,NaN,9.55224323272705,4.824654579162598,14076.2353515625,mlp,embedding
4093,40940,NaN,NaN,NaN,NaN,9.635729789733887,4.612114429473877,15301.8623046875,mlp,embedding
4094,40950,NaN,NaN,NaN,NaN,9.854243278503418,4.718384742736816,19038.970703125,mlp,embedding
4095,40960,NaN,NaN,NaN,NaN,9.939386367797852,4.378320693969727,20731.01953125,mlp,embedding
4096,40970,NaN,NaN,NaN,NaN,9.996006965637207,4.357066631317139,21938.689453125,mlp,embedding
4097,40980,NaN,NaN,NaN,NaN,10.042633056640625,4.463336944580078,22985.826171875,mlp,embedding
4098,40990,NaN,NaN,NaN,NaN,10.075499534606934,4.590860843658447,23753.841796875,mlp,embedding
4099,41000,NaN,NaN,NaN,NaN,10.089044570922852,4.654622554779053,24077.77734375,mlp,embedding
4100,41010,NaN,NaN,NaN,NaN,10.10603141784668,4.739638328552246,24490.275390625,mlp,embedding
4101,41020,0.000720236508641392,100.0,1.000720500946045,0.001,10.132501602172852,4.760892391204834,25147.193359375,mlp,embedding
4102,41030,NaN,NaN,NaN,NaN,10.163662910461426,4.760892391204834,25943.150390625,mlp,embedding
4103,41040,NaN,NaN,NaN,NaN,10.200700759887695,4.8459086418151855,26922.044921875,mlp,embedding
4104,41050,NaN,NaN,NaN,NaN,10.233695030212402,4.888416290283203,27825.134765625,mlp,embedding
4105,41060,NaN,NaN,NaN,NaN,10.266737937927246,4.930924415588379,28759.91796875,mlp,embedding
4106,41070,NaN,NaN,NaN,NaN,10.294517517089844,4.952178478240967,29570.056640625,mlp,embedding
4107,41080,NaN,NaN,NaN,NaN,10.322361946105957,4.909670352935791,30404.98828125,mlp,embedding
4108,41090,NaN,NaN,NaN,NaN,10.354257583618164,4.888416290283203,31390.40625,mlp,embedding
4109,41100,NaN,NaN,NaN,NaN,10.384642601013184,4.930924415588379,32358.841796875,mlp,embedding
4110,41110,NaN,NaN,NaN,NaN,10.415579795837402,4.867162704467773,33375.58203125,mlp,embedding
4111,41120,NaN,NaN,NaN,NaN,10.440788269042969,4.8459086418151855,34227.62109375,mlp,embedding
4112,41130,NaN,NaN,NaN,NaN,10.467842102050781,4.867162704467773,35166.25,mlp,embedding
4113,41140,NaN,NaN,NaN,NaN,10.494121551513672,4.909670352935791,36102.6484375,mlp,embedding
4114,41150,NaN,NaN,NaN,NaN,10.520270347595215,4.909670352935791,37059.140625,mlp,embedding
4115,41160,NaN,NaN,NaN,NaN,10.540314674377441,4.909670352935791,37809.4609375,mlp,embedding
4116,41170,NaN,NaN,NaN,NaN,10.55985164642334,4.888416290283203,38555.40625,mlp,embedding
4117,41180,NaN,NaN,NaN,NaN,10.582520484924316,4.952178478240967,39439.39453125,mlp,embedding
4118,41190,NaN,NaN,NaN,NaN,10.610269546508789,4.973432540893555,40549.12890625,mlp,embedding
4119,41200,NaN,NaN,NaN,NaN,10.639579772949219,4.930924415588379,41755.22265625,mlp,embedding
4120,41210,NaN,NaN,NaN,NaN,10.657752990722656,4.952178478240967,42520.984375,mlp,embedding
4121,41220,NaN,NaN,NaN,NaN,10.684188842773438,4.867162704467773,43660.0546875,mlp,embedding
4122,41230,NaN,NaN,NaN,NaN,10.710990905761719,4.824654579162598,44846.0546875,mlp,embedding
4123,41240,NaN,NaN,NaN,NaN,10.734567642211914,4.824654579162598,45915.94140625,mlp,embedding
4124,41250,NaN,NaN,NaN,NaN,10.762236595153809,4.8459086418151855,47204.125,mlp,embedding
4125,41260,NaN,NaN,NaN,NaN,10.779399871826172,4.824654579162598,48021.296875,mlp,embedding
4126,41270,NaN,NaN,NaN,NaN,10.804435729980469,4.8459086418151855,49238.7265625,mlp,embedding
4127,41280,NaN,NaN,NaN,NaN,10.835780143737793,4.80340051651001,50806.52734375,mlp,embedding
4128,41290,NaN,NaN,NaN,NaN,10.86239242553711,4.760892391204834,52176.7578125,mlp,embedding
4129,41300,NaN,NaN,NaN,NaN,10.879385948181152,4.718384742736816,53071.0,mlp,embedding
4130,41310,NaN,NaN,NaN,NaN,10.905426025390625,4.718384742736816,54471.125,mlp,embedding
4131,41320,NaN,NaN,NaN,NaN,10.933610916137695,4.739638328552246,56028.2265625,mlp,embedding
4132,41330,NaN,NaN,NaN,NaN,10.960129737854004,4.675876617431641,57533.90625,mlp,embedding
4133,41340,NaN,NaN,NaN,NaN,10.982738494873047,4.739638328552246,58849.4921875,mlp,embedding
4134,41350,NaN,NaN,NaN,NaN,11.014274597167969,4.718384742736816,60734.94921875,mlp,embedding
4135,41360,NaN,NaN,NaN,NaN,11.044286727905273,4.612114429473877,62585.36328125,mlp,embedding
4136,41370,NaN,NaN,NaN,NaN,11.068175315856934,4.675876617431641,64098.44140625,mlp,embedding
4137,41380,NaN,NaN,NaN,NaN,11.102359771728516,4.633368492126465,66327.4921875,mlp,embedding
4138,41390,NaN,NaN,NaN,NaN,11.127490997314453,4.590860843658447,68015.5078125,mlp,embedding
4139,41400,NaN,NaN,NaN,NaN,11.147355079650879,4.675876617431641,69380.078125,mlp,embedding
4140,41410,NaN,NaN,NaN,NaN,11.175540924072266,4.675876617431641,71363.4375,mlp,embedding
4141,41420,NaN,NaN,NaN,NaN,11.212333679199219,4.718384742736816,74037.9921875,mlp,embedding
4142,41430,2.45985447691055e-05,100.0,1.0000245571136475,0.001,11.249541282653809,4.80340051651001,76844.6640625,mlp,embedding
4143,41440,NaN,NaN,NaN,NaN,11.2710542678833,4.718384742736816,78515.7265625,mlp,embedding
4144,41450,NaN,NaN,NaN,NaN,11.294230461120605,4.782146453857422,80356.6796875,mlp,embedding
4145,41460,NaN,NaN,NaN,NaN,11.318793296813965,4.824654579162598,82354.90625,mlp,embedding
4146,41470,NaN,NaN,NaN,NaN,11.350190162658691,4.739638328552246,84981.609375,mlp,embedding
4147,41480,NaN,NaN,NaN,NaN,11.380962371826172,4.824654579162598,87637.3359375,mlp,embedding
4148,41490,NaN,NaN,NaN,NaN,11.410242080688477,4.888416290283203,90241.265625,mlp,embedding
4149,41500,NaN,NaN,NaN,NaN,11.444269180297852,4.760892391204834,93364.75,mlp,embedding
4150,41510,NaN,NaN,NaN,NaN,11.468728065490723,4.739638328552246,95676.5078125,mlp,embedding
4151,41520,NaN,NaN,NaN,NaN,11.495022773742676,4.633368492126465,98225.6640625,mlp,embedding
4152,41530,NaN,NaN,NaN,NaN,11.519376754760742,4.675876617431641,100647.2109375,mlp,embedding
4153,41540,NaN,NaN,NaN,NaN,11.552789688110352,4.739638328552246,104066.9453125,mlp,embedding
4154,41550,NaN,NaN,NaN,NaN,11.583721160888672,4.760892391204834,107336.1875,mlp,embedding
4155,41560,NaN,NaN,NaN,NaN,11.613150596618652,4.760892391204834,110541.9765625,mlp,embedding
4156,41570,NaN,NaN,NaN,NaN,11.643431663513184,4.739638328552246,113940.5,mlp,embedding
4157,41580,NaN,NaN,NaN,NaN,11.678953170776367,4.782146453857422,118060.578125,mlp,embedding
4158,41590,NaN,NaN,NaN,NaN,11.7003173828125,4.80340051651001,120609.9921875,mlp,embedding
4159,41600,NaN,NaN,NaN,NaN,11.729166984558105,4.739638328552246,124140.21875,mlp,embedding
4160,41610,NaN,NaN,NaN,NaN,11.762537956237793,4.782146453857422,128352.796875,mlp,embedding
4161,41620,NaN,NaN,NaN,NaN,11.793821334838867,4.782146453857422,132431.5625,mlp,embedding
4162,41630,NaN,NaN,NaN,NaN,11.818878173828125,4.824654579162598,135791.8125,mlp,embedding
4163,41640,NaN,NaN,NaN,NaN,11.85486125946045,4.782146453857422,140766.984375,mlp,embedding
4164,41650,NaN,NaN,NaN,NaN,11.879081726074219,4.739638328552246,144218.0625,mlp,embedding
4165,41660,NaN,NaN,NaN,NaN,11.902647972106934,4.675876617431641,147657.09375,mlp,embedding
4166,41670,NaN,NaN,NaN,NaN,11.936713218688965,4.739638328552246,152773.734375,mlp,embedding
4167,41680,NaN,NaN,NaN,NaN,11.967780113220215,4.782146453857422,157594.4375,mlp,embedding
4168,41690,NaN,NaN,NaN,NaN,11.982890129089355,4.718384742736816,159993.765625,mlp,embedding
4169,41700,NaN,NaN,NaN,NaN,12.009970664978027,4.782146453857422,164385.6875,mlp,embedding
4170,41710,NaN,NaN,NaN,NaN,12.03466796875,4.760892391204834,168496.109375,mlp,embedding
4171,41720,NaN,NaN,NaN,NaN,12.063203811645508,4.739638328552246,173373.546875,mlp,embedding
4172,41730,NaN,NaN,NaN,NaN,12.076412200927734,4.80340051651001,175678.734375,mlp,embedding
4173,41740,NaN,NaN,NaN,NaN,12.119421005249023,4.6971306800842285,183399.296875,mlp,embedding
4174,41750,NaN,NaN,NaN,NaN,12.134907722473145,4.739638328552246,186261.65625,mlp,embedding
4175,41760,NaN,NaN,NaN,NaN,12.164602279663086,4.6971306800842285,191875.546875,mlp,embedding
4176,41770,NaN,NaN,NaN,NaN,12.184085845947266,4.739638328552246,195650.625,mlp,embedding
4177,41780,NaN,NaN,NaN,NaN,12.208233833312988,4.718384742736816,200432.703125,mlp,embedding
4178,41790,NaN,NaN,NaN,NaN,12.229432106018066,4.675876617431641,204726.890625,mlp,embedding
4179,41800,NaN,NaN,NaN,NaN,12.2437162399292,4.633368492126465,207672.21875,mlp,embedding
4180,41810,NaN,NaN,NaN,NaN,12.261173248291016,4.739638328552246,211329.375,mlp,embedding
4181,41820,NaN,NaN,NaN,NaN,12.28695011138916,4.675876617431641,216847.609375,mlp,embedding
4182,41830,NaN,NaN,NaN,NaN,12.307568550109863,4.6971306800842285,221365.078125,mlp,embedding
4183,41840,2.1885182377445744e-06,100.0,1.000002145767212,0.001,12.300652503967285,4.6971306800842285,219839.390625,mlp,embedding
4184,41850,NaN,NaN,NaN,NaN,12.332420349121094,4.569606781005859,226935.328125,mlp,embedding
4185,41860,NaN,NaN,NaN,NaN,12.353379249572754,4.527098655700684,231741.828125,mlp,embedding
4186,41870,NaN,NaN,NaN,NaN,12.371627807617188,4.5483527183532715,236009.609375,mlp,embedding
4187,41880,NaN,NaN,NaN,NaN,12.384356498718262,4.569606781005859,239032.90625,mlp,embedding
4188,41890,NaN,NaN,NaN,NaN,12.405515670776367,4.612114429473877,244144.53125,mlp,embedding
4189,41900,NaN,NaN,NaN,NaN,12.412088394165039,4.633368492126465,245754.515625,mlp,embedding
4190,41910,NaN,NaN,NaN,NaN,12.43947982788086,4.5483527183532715,252579.125,mlp,embedding
4191,41920,NaN,NaN,NaN,NaN,12.45361614227295,4.5483527183532715,256175.015625,mlp,embedding
4192,41930,NaN,NaN,NaN,NaN,12.48473072052002,4.739638328552246,264271.09375,mlp,embedding
4193,41940,NaN,NaN,NaN,NaN,12.48579216003418,4.654622554779053,264551.75,mlp,embedding
4194,41950,NaN,NaN,NaN,NaN,12.511344909667969,4.5483527183532715,271398.875,mlp,embedding
4195,41960,NaN,NaN,NaN,NaN,12.533061981201172,4.654622554779053,277357.34375,mlp,embedding
4196,41970,NaN,NaN,NaN,NaN,12.562196731567383,4.654622554779053,285556.9375,mlp,embedding
4197,41980,NaN,NaN,NaN,NaN,12.581709861755371,4.718384742736816,291183.78125,mlp,embedding
4198,41990,NaN,NaN,NaN,NaN,12.632946014404297,4.952178478240967,306491.71875,mlp,embedding
4199,42000,NaN,NaN,NaN,NaN,12.688150405883789,4.782146453857422,323887.15625,mlp,embedding
4200,42010,NaN,NaN,NaN,NaN,12.66634464263916,4.633368492126465,316900.96875,mlp,embedding
4201,42020,NaN,NaN,NaN,NaN,12.702177047729492,4.824654579162598,328462.1875,mlp,embedding
4202,42030,NaN,NaN,NaN,NaN,12.769015312194824,4.909670352935791,351166.34375,mlp,embedding
4203,42040,NaN,NaN,NaN,NaN,12.799825668334961,4.867162704467773,362154.3125,mlp,embedding
4204,42050,NaN,NaN,NaN,NaN,12.834175109863281,4.824654579162598,374810.21875,mlp,embedding
4205,42060,NaN,NaN,NaN,NaN,12.859837532043457,5.058448314666748,384553.25,mlp,embedding
4206,42070,NaN,NaN,NaN,NaN,12.915942192077637,4.888416290283203,406745.1875,mlp,embedding
4207,42080,NaN,NaN,NaN,NaN,12.944856643676758,5.058448314666748,418677.6875,mlp,embedding
4208,42090,NaN,NaN,NaN,NaN,12.962352752685547,4.994686603546143,426067.375,mlp,embedding
4209,42100,NaN,NaN,NaN,NaN,13.02648639678955,5.079702377319336,454287.90625,mlp,embedding
4210,42110,NaN,NaN,NaN,NaN,13.121325492858887,4.994686603546143,499481.3125,mlp,embedding
4211,42120,NaN,NaN,NaN,NaN,13.20046615600586,5.03719425201416,540616.875,mlp,embedding
4212,42130,NaN,NaN,NaN,NaN,13.222114562988281,4.994686603546143,552448.0,mlp,embedding
4213,42140,NaN,NaN,NaN,NaN,13.302040100097656,5.03719425201416,598415.1875,mlp,embedding
4214,42150,NaN,NaN,NaN,NaN,13.368165016174316,4.952178478240967,639322.9375,mlp,embedding
4215,42160,NaN,NaN,NaN,NaN,13.392725944519043,5.079702377319336,655219.75,mlp,embedding
4216,42170,NaN,NaN,NaN,NaN,13.476680755615234,5.143464088439941,712603.75,mlp,embedding
4217,42180,NaN,NaN,NaN,NaN,13.559314727783203,5.015940189361572,773990.375,mlp,embedding
4218,42190,NaN,NaN,NaN,NaN,13.678359985351562,5.079702377319336,871838.9375,mlp,embedding
4219,42200,NaN,NaN,NaN,NaN,13.718022346496582,5.2709879875183105,907113.0625,mlp,embedding
4220,42210,NaN,NaN,NaN,NaN,13.849116325378418,5.03719425201416,1034176.8125,mlp,embedding
4221,42220,NaN,NaN,NaN,NaN,13.981805801391602,5.2709879875183105,1180921.75,mlp,embedding
4222,42230,NaN,NaN,NaN,NaN,14.004467964172363,4.824654579162598,1207989.5,mlp,embedding
4223,42240,NaN,NaN,NaN,NaN,14.045378684997559,5.313496112823486,1258434.0,mlp,embedding
4224,42250,2.5613263687773724e-07,100.0,1.000000238418579,0.001,14.141491889953613,5.462274074554443,1385389.5,mlp,embedding
4225,42260,NaN,NaN,NaN,NaN,27.884464263916016,3.294367551803589,1288454144000.0,mlp,embedding
4226,42270,NaN,NaN,NaN,NaN,12.320133209228516,4.930924415588379,224164.0,mlp,embedding
4227,42280,NaN,NaN,NaN,NaN,9.10263729095459,5.5897979736328125,8978.94140625,mlp,embedding
4228,42290,NaN,NaN,NaN,NaN,9.004252433776855,5.929861545562744,8137.615234375,mlp,embedding
4229,42300,NaN,NaN,NaN,NaN,9.504986763000488,5.951115608215332,13426.5146484375,mlp,embedding
4230,42310,NaN,NaN,NaN,NaN,9.726212501525879,5.929861545562744,16750.98828125,mlp,embedding
4231,42320,NaN,NaN,NaN,NaN,9.827338218688965,6.014877796173096,18533.556640625,mlp,embedding
4232,42330,NaN,NaN,NaN,NaN,9.867494583129883,5.887353897094727,19292.94140625,mlp,embedding
4233,42340,NaN,NaN,NaN,NaN,9.859305381774902,5.844845771789551,19135.59375,mlp,embedding
4234,42350,NaN,NaN,NaN,NaN,9.84620475769043,6.057385444641113,18886.5390625,mlp,embedding
4235,42360,NaN,NaN,NaN,NaN,9.834077835083008,6.291179656982422,18658.88671875,mlp,embedding
4236,42370,NaN,NaN,NaN,NaN,9.823366165161133,6.3336873054504395,18460.0859375,mlp,embedding
4237,42380,NaN,NaN,NaN,NaN,9.81389331817627,6.397449493408203,18286.04296875,mlp,embedding
4238,42390,NaN,NaN,NaN,NaN,9.807374954223633,6.312433242797852,18167.234375,mlp,embedding
4239,42400,NaN,NaN,NaN,NaN,9.799348831176758,6.3336873054504395,18022.005859375,mlp,embedding
4240,42410,NaN,NaN,NaN,NaN,9.792107582092285,6.312433242797852,17891.974609375,mlp,embedding
4241,42420,NaN,NaN,NaN,NaN,9.789891242980957,6.312433242797852,17852.365234375,mlp,embedding
4242,42430,NaN,NaN,NaN,NaN,9.788942337036133,6.376195430755615,17835.431640625,mlp,embedding
4243,42440,NaN,NaN,NaN,NaN,9.787468910217285,6.376195430755615,17809.171875,mlp,embedding
4244,42450,NaN,NaN,NaN,NaN,9.788813591003418,6.376195430755615,17833.13671875,mlp,embedding
4245,42460,NaN,NaN,NaN,NaN,9.791533470153809,6.312433242797852,17881.70703125,mlp,embedding
4246,42470,NaN,NaN,NaN,NaN,9.79645824432373,6.269925594329834,17969.986328125,mlp,embedding
4247,42480,NaN,NaN,NaN,NaN,9.799837112426758,6.269925594329834,18030.80859375,mlp,embedding
4248,42490,NaN,NaN,NaN,NaN,9.805489540100098,6.248671531677246,18133.013671875,mlp,embedding
4249,42500,NaN,NaN,NaN,NaN,9.81308650970459,6.227417469024658,18271.294921875,mlp,embedding
4250,42510,NaN,NaN,NaN,NaN,9.82199478149414,6.20616340637207,18434.787109375,mlp,embedding
4251,42520,NaN,NaN,NaN,NaN,9.832764625549316,6.20616340637207,18634.400390625,mlp,embedding
4252,42530,NaN,NaN,NaN,NaN,9.844138145446777,6.184909343719482,18847.548828125,mlp,embedding
4253,42540,NaN,NaN,NaN,NaN,9.856047630310059,6.163655757904053,19073.35546875,mlp,embedding
4254,42550,NaN,NaN,NaN,NaN,9.868816375732422,6.227417469024658,19318.458984375,mlp,embedding
4255,42560,NaN,NaN,NaN,NaN,9.8840970993042,6.20616340637207,19615.92578125,mlp,embedding
4256,42570,NaN,NaN,NaN,NaN,9.897547721862793,6.248671531677246,19881.5546875,mlp,embedding
4257,42580,NaN,NaN,NaN,NaN,9.91443157196045,6.269925594329834,20220.08203125,mlp,embedding
4258,42590,NaN,NaN,NaN,NaN,9.932882308959961,6.248671531677246,20596.62109375,mlp,embedding
4259,42600,NaN,NaN,NaN,NaN,9.951128005981445,6.248671531677246,20975.869140625,mlp,embedding
4260,42610,NaN,NaN,NaN,NaN,9.971927642822266,6.227417469024658,21416.728515625,mlp,embedding
4261,42620,NaN,NaN,NaN,NaN,9.992021560668945,6.248671531677246,21851.427734375,mlp,embedding
4262,42630,NaN,NaN,NaN,NaN,10.012864112854004,6.291179656982422,22311.646484375,mlp,embedding
4263,42640,NaN,NaN,NaN,NaN,10.035425186157227,6.312433242797852,22820.7421875,mlp,embedding
4264,42650,NaN,NaN,NaN,NaN,10.0585355758667,6.3336873054504395,23354.28125,mlp,embedding
4265,42660,NaN,NaN,NaN,NaN,10.082221984863281,6.291179656982422,23914.0625,mlp,embedding
4266,42670,4.549565346678719e-05,100.0,1.0000455379486084,0.001,10.104631423950195,6.184909343719482,24456.013671875,mlp,embedding
4267,42680,NaN,NaN,NaN,NaN,10.128130912780762,6.184909343719482,25037.5234375,mlp,embedding
4268,42690,NaN,NaN,NaN,NaN,10.154026985168457,6.142401695251465,25694.365234375,mlp,embedding
4269,42700,NaN,NaN,NaN,NaN,10.17861557006836,6.20616340637207,26333.984375,mlp,embedding
4270,42710,NaN,NaN,NaN,NaN,10.205434799194336,6.20616340637207,27049.796875,mlp,embedding
4271,42720,NaN,NaN,NaN,NaN,10.230926513671875,6.184909343719482,27748.20703125,mlp,embedding
4272,42730,NaN,NaN,NaN,NaN,10.26001262664795,6.163655757904053,28567.146484375,mlp,embedding
4273,42740,NaN,NaN,NaN,NaN,10.28685474395752,6.163655757904053,29344.333984375,mlp,embedding
4274,42750,NaN,NaN,NaN,NaN,10.316909790039062,6.142401695251465,30239.666015625,mlp,embedding
4275,42760,NaN,NaN,NaN,NaN,10.344416618347168,6.078639507293701,31083.009765625,mlp,embedding
4276,42770,NaN,NaN,NaN,NaN,10.372454643249512,6.078639507293701,31966.84765625,mlp,embedding
4277,42780,NaN,NaN,NaN,NaN,10.401697158813477,6.057385444641113,32915.44140625,mlp,embedding
4278,42790,NaN,NaN,NaN,NaN,10.430469512939453,6.057385444641113,33876.25,mlp,embedding
4279,42800,NaN,NaN,NaN,NaN,10.462359428405762,6.036131858825684,34973.97265625,mlp,embedding
4280,42810,NaN,NaN,NaN,NaN,10.494062423706055,5.951115608215332,36100.515625,mlp,embedding
4281,42820,NaN,NaN,NaN,NaN,10.524234771728516,5.929861545562744,37206.3515625,mlp,embedding
4282,42830,NaN,NaN,NaN,NaN,10.552302360534668,5.951115608215332,38265.4375,mlp,embedding
4283,42840,NaN,NaN,NaN,NaN,10.581100463867188,5.887353897094727,39383.4296875,mlp,embedding
4284,42850,NaN,NaN,NaN,NaN,10.6113920211792,5.844845771789551,40594.66796875,mlp,embedding
4285,42860,NaN,NaN,NaN,NaN,10.643267631530762,5.866099834442139,41909.4921875,mlp,embedding
4286,42870,NaN,NaN,NaN,NaN,10.673686981201172,5.696067810058594,43203.94140625,mlp,embedding
4287,42880,NaN,NaN,NaN,NaN,10.704996109008789,5.7385759353637695,44578.015625,mlp,embedding
4288,42890,NaN,NaN,NaN,NaN,10.73773193359375,5.674813747406006,46061.46484375,mlp,embedding
4289,42900,NaN,NaN,NaN,NaN,10.76819133758545,5.653559684753418,47486.0546875,mlp,embedding
4290,42910,NaN,NaN,NaN,NaN,10.798201560974121,5.7385759353637695,48932.71875,mlp,embedding
4291,42920,NaN,NaN,NaN,NaN,10.82978630065918,5.781083583831787,50502.9140625,mlp,embedding
4292,42930,NaN,NaN,NaN,NaN,10.86236572265625,5.717321872711182,52175.36328125,mlp,embedding
4293,42940,NaN,NaN,NaN,NaN,10.893579483032227,5.7385759353637695,53829.63671875,mlp,embedding
4294,42950,NaN,NaN,NaN,NaN,10.923591613769531,5.781083583831787,55469.66796875,mlp,embedding
4295,42960,NaN,NaN,NaN,NaN,10.954395294189453,5.823591709136963,57204.92578125,mlp,embedding
4296,42970,NaN,NaN,NaN,NaN,10.9834566116333,5.781083583831787,58891.76953125,mlp,embedding
4297,42980,NaN,NaN,NaN,NaN,11.01553726196289,5.696067810058594,60811.6875,mlp,embedding
4298,42990,NaN,NaN,NaN,NaN,11.04439926147461,5.632306098937988,62592.40625,mlp,embedding
4299,43000,NaN,NaN,NaN,NaN,11.07361888885498,5.696067810058594,64448.31640625,mlp,embedding
4300,43010,NaN,NaN,NaN,NaN,11.105600357055664,5.7385759353637695,66542.78125,mlp,embedding
4301,43020,NaN,NaN,NaN,NaN,11.131451606750488,5.653559684753418,68285.421875,mlp,embedding
4302,43030,NaN,NaN,NaN,NaN,11.153968811035156,5.717321872711182,69840.4609375,mlp,embedding
4303,43040,NaN,NaN,NaN,NaN,11.179978370666504,5.674813747406006,71680.8125,mlp,embedding
4304,43050,NaN,NaN,NaN,NaN,11.210711479187012,5.632306098937988,73917.984375,mlp,embedding
4305,43060,NaN,NaN,NaN,NaN,11.234160423278809,5.7385759353637695,75671.765625,mlp,embedding
4306,43070,NaN,NaN,NaN,NaN,11.25461483001709,5.7385759353637695,77235.53125,mlp,embedding
4307,43080,NaN,NaN,NaN,NaN,11.275395393371582,5.7385759353637695,78857.3203125,mlp,embedding
4308,43090,2.694497197808232e-06,100.0,1.0000027418136597,0.001,11.299327850341797,5.632306098937988,80767.328125,mlp,embedding
4309,43100,NaN,NaN,NaN,NaN,11.322073936462402,5.653559684753418,82625.5234375,mlp,embedding
4310,43110,NaN,NaN,NaN,NaN,11.338521957397461,5.696067810058594,83995.7890625,mlp,embedding
4311,43120,NaN,NaN,NaN,NaN,11.355907440185547,5.653559684753418,85468.8671875,mlp,embedding
4312,43130,NaN,NaN,NaN,NaN,11.377795219421387,5.802337646484375,87360.2109375,mlp,embedding
4313,43140,NaN,NaN,NaN,NaN,11.400410652160645,5.5897979736328125,89358.4140625,mlp,embedding
4314,43150,NaN,NaN,NaN,NaN,11.407757759094238,5.802337646484375,90017.3515625,mlp,embedding
4315,43160,NaN,NaN,NaN,NaN,11.422216415405273,5.7385759353637695,91328.3359375,mlp,embedding
4316,43170,NaN,NaN,NaN,NaN,11.442705154418945,5.696067810058594,93218.84375,mlp,embedding
4317,43180,NaN,NaN,NaN,NaN,11.461955070495605,5.7385759353637695,95030.6796875,mlp,embedding
4318,43190,NaN,NaN,NaN,NaN,11.473114967346191,5.823591709136963,96097.15625,mlp,embedding
4319,43200,NaN,NaN,NaN,NaN,11.490891456604004,5.759829998016357,97820.6953125,mlp,embedding
4320,43210,NaN,NaN,NaN,NaN,11.492928504943848,5.7385759353637695,98020.1640625,mlp,embedding
4321,43220,NaN,NaN,NaN,NaN,11.51250171661377,5.844845771789551,99957.6328125,mlp,embedding
4322,43230,NaN,NaN,NaN,NaN,11.522491455078125,5.887353897094727,100961.1875,mlp,embedding
4323,43240,NaN,NaN,NaN,NaN,11.534649848937988,5.759829998016357,102196.2109375,mlp,embedding
4324,43250,NaN,NaN,NaN,NaN,11.562807083129883,5.929861545562744,105114.6640625,mlp,embedding
4325,43260,NaN,NaN,NaN,NaN,11.554553031921387,5.929861545562744,104250.6171875,mlp,embedding
4326,43270,NaN,NaN,NaN,NaN,11.583189010620117,6.078639507293701,107279.0859375,mlp,embedding
4327,43280,NaN,NaN,NaN,NaN,11.590080261230469,5.759829998016357,108020.9296875,mlp,embedding
4328,43290,NaN,NaN,NaN,NaN,11.612765312194824,5.781083583831787,110499.390625,mlp,embedding
4329,43300,NaN,NaN,NaN,NaN,11.622030258178711,5.908607482910156,111527.921875,mlp,embedding
4330,43310,NaN,NaN,NaN,NaN,11.653841972351074,5.844845771789551,115132.8515625,mlp,embedding
4331,43320,NaN,NaN,NaN,NaN,11.665935516357422,5.823591709136963,116533.671875,mlp,embedding
4332,43330,NaN,NaN,NaN,NaN,11.704861640930176,5.844845771789551,121159.3203125,mlp,embedding
4333,43340,NaN,NaN,NaN,NaN,11.728475570678711,6.099893569946289,124054.4140625,mlp,embedding
4334,43350,NaN,NaN,NaN,NaN,11.741446495056152,5.993623733520508,125673.9921875,mlp,embedding
4335,43360,NaN,NaN,NaN,NaN,11.797600746154785,5.951115608215332,132933.03125,mlp,embedding
4336,43370,NaN,NaN,NaN,NaN,11.809931755065918,6.099893569946289,134582.375,mlp,embedding
4337,43380,NaN,NaN,NaN,NaN,11.825020790100098,5.993623733520508,136628.5,mlp,embedding
4338,43390,NaN,NaN,NaN,NaN,11.866691589355469,6.3336873054504395,142442.203125,mlp,embedding
4339,43400,NaN,NaN,NaN,NaN,11.86375904083252,6.036131858825684,142025.09375,mlp,embedding
4340,43410,NaN,NaN,NaN,NaN,11.924700736999512,6.142401695251465,150949.515625,mlp,embedding
4341,43420,NaN,NaN,NaN,NaN,11.94320011138916,6.163655757904053,153767.984375,mlp,embedding
4342,43430,NaN,NaN,NaN,NaN,12.021217346191406,6.163655757904053,166244.90625,mlp,embedding
4343,43440,NaN,NaN,NaN,NaN,12.04716682434082,6.291179656982422,170615.34375,mlp,embedding
4344,43450,NaN,NaN,NaN,NaN,12.09546184539795,6.20616340637207,179057.421875,mlp,embedding
4345,43460,NaN,NaN,NaN,NaN,12.160616874694824,6.248671531677246,191112.375,mlp,embedding
4346,43470,NaN,NaN,NaN,NaN,12.1788911819458,6.354941368103027,194636.921875,mlp,embedding
4347,43480,NaN,NaN,NaN,NaN,12.297795295715332,6.439957141876221,219212.15625,mlp,embedding
4348,43490,NaN,NaN,NaN,NaN,12.326282501220703,6.376195430755615,225546.703125,mlp,embedding
4349,43500,NaN,NaN,NaN,NaN,12.409625053405762,6.439957141876221,245149.875,mlp,embedding
4350,43510,NaN,NaN,NaN,NaN,12.478979110717773,6.461211204528809,262755.46875,mlp,embedding
4351,43520,2.67714028723276e-07,100.0,1.000000238418579,0.001,12.548445701599121,6.588735103607178,281657.125,mlp,embedding
4352,43530,NaN,NaN,NaN,NaN,12.648573875427246,6.588735103607178,311319.15625,mlp,embedding
4353,43540,NaN,NaN,NaN,NaN,12.617457389831543,6.503719329833984,301781.15625,mlp,embedding
4354,43550,NaN,NaN,NaN,NaN,12.776395797729492,6.801275253295898,353767.71875,mlp,embedding
4355,43560,NaN,NaN,NaN,NaN,12.855688095092773,6.928799152374268,382960.875,mlp,embedding
4356,43570,NaN,NaN,NaN,NaN,12.937387466430664,7.077576637268066,415562.15625,mlp,embedding
4357,43580,NaN,NaN,NaN,NaN,13.0099515914917,6.397449493408203,446838.09375,mlp,embedding
4358,43590,NaN,NaN,NaN,NaN,20.55640411376953,4.1020188331604,846316608.0,mlp,embedding
4359,43600,NaN,NaN,NaN,NaN,11.759819984436035,6.014877796173096,128004.40625,mlp,embedding
4360,43610,NaN,NaN,NaN,NaN,9.43364143371582,6.609989166259766,12501.96875,mlp,embedding
4361,43620,NaN,NaN,NaN,NaN,9.036355018615723,7.481402397155762,8403.091796875,mlp,embedding
4362,43630,NaN,NaN,NaN,NaN,9.134234428405762,7.205101013183594,9267.1806640625,mlp,embedding
4363,43640,NaN,NaN,NaN,NaN,9.189661026000977,7.247608661651611,9795.330078125,mlp,embedding
4364,43650,NaN,NaN,NaN,NaN,9.209781646728516,7.417640686035156,9994.4140625,mlp,embedding
4365,43660,NaN,NaN,NaN,NaN,9.193878173828125,7.545164585113525,9836.7255859375,mlp,embedding
4366,43670,NaN,NaN,NaN,NaN,9.176926612854004,7.71519660949707,9671.3828125,mlp,embedding
4367,43680,NaN,NaN,NaN,NaN,9.160320281982422,7.778958320617676,9512.103515625,mlp,embedding
4368,43690,NaN,NaN,NaN,NaN,9.14659595489502,7.7364501953125,9382.447265625,mlp,embedding
4369,43700,NaN,NaN,NaN,NaN,9.137653350830078,7.800212383270264,9298.91796875,mlp,embedding
4370,43710,NaN,NaN,NaN,NaN,9.130099296569824,7.906482219696045,9228.9384765625,mlp,embedding
4371,43720,NaN,NaN,NaN,NaN,9.125211715698242,7.885228157043457,9183.94140625,mlp,embedding
4372,43730,NaN,NaN,NaN,NaN,9.11980152130127,7.8427205085754395,9134.388671875,mlp,embedding
4373,43740,NaN,NaN,NaN,NaN,9.11330509185791,7.821466445922852,9075.240234375,mlp,embedding
4374,43750,NaN,NaN,NaN,NaN,9.110183715820312,7.863974094390869,9046.95703125,mlp,embedding
4375,43760,NaN,NaN,NaN,NaN,9.108019828796387,8.012752532958984,9027.4013671875,mlp,embedding
4376,43770,NaN,NaN,NaN,NaN,9.104249954223633,7.906482219696045,8993.43359375,mlp,embedding
4377,43780,NaN,NaN,NaN,NaN,9.104317665100098,7.863974094390869,8994.0419921875,mlp,embedding
4378,43790,NaN,NaN,NaN,NaN,9.104328155517578,7.778958320617676,8994.13671875,mlp,embedding
4379,43800,NaN,NaN,NaN,NaN,9.106816291809082,7.757704257965088,9016.54296875,mlp,embedding
4380,43810,NaN,NaN,NaN,NaN,9.111172676086426,7.800212383270264,9055.908203125,mlp,embedding
4381,43820,NaN,NaN,NaN,NaN,9.117706298828125,7.863974094390869,9115.26953125,mlp,embedding
4382,43830,NaN,NaN,NaN,NaN,9.124760627746582,7.863974094390869,9179.7998046875,mlp,embedding
4383,43840,NaN,NaN,NaN,NaN,9.130621910095215,7.906482219696045,9233.7626953125,mlp,embedding
4384,43850,NaN,NaN,NaN,NaN,9.139412879943848,7.885228157043457,9315.2939453125,mlp,embedding
4385,43860,NaN,NaN,NaN,NaN,9.148258209228516,7.906482219696045,9398.056640625,mlp,embedding
4386,43870,NaN,NaN,NaN,NaN,9.158110618591309,7.885228157043457,9491.107421875,mlp,embedding
4387,43880,NaN,NaN,NaN,NaN,9.170377731323242,7.970244407653809,9608.2529296875,mlp,embedding
4388,43890,NaN,NaN,NaN,NaN,9.182653427124023,7.948990345001221,9726.9287109375,mlp,embedding
4389,43900,NaN,NaN,NaN,NaN,9.196836471557617,7.906482219696045,9865.869140625,mlp,embedding
4390,43910,NaN,NaN,NaN,NaN,9.211790084838867,7.927736282348633,10014.5078125,mlp,embedding
4391,43920,NaN,NaN,NaN,NaN,9.230616569519043,7.906482219696045,10204.83203125,mlp,embedding
4392,43930,NaN,NaN,NaN,NaN,9.246879577636719,7.863974094390869,10372.1494140625,mlp,embedding
4393,43940,NaN,NaN,NaN,NaN,9.264596939086914,7.927736282348633,10557.5546875,mlp,embedding
4394,43950,4.083504973095842e-05,100.0,1.000040888786316,0.001,9.284679412841797,7.863974094390869,10771.7197265625,mlp,embedding
4395,43960,NaN,NaN,NaN,NaN,9.305096626281738,7.821466445922852,10993.908203125,mlp,embedding
4396,43970,NaN,NaN,NaN,NaN,9.32198715209961,7.778958320617676,11181.1787109375,mlp,embedding
4397,43980,NaN,NaN,NaN,NaN,9.342087745666504,7.8427205085754395,11408.201171875,mlp,embedding
4398,43990,NaN,NaN,NaN,NaN,9.36348819732666,7.8427205085754395,11654.97265625,mlp,embedding
4399,44000,NaN,NaN,NaN,NaN,9.384553909301758,7.863974094390869,11903.0966796875,mlp,embedding
4400,44010,NaN,NaN,NaN,NaN,9.408228874206543,7.8427205085754395,12188.2646484375,mlp,embedding
4401,44020,NaN,NaN,NaN,NaN,9.43022346496582,7.800212383270264,12459.310546875,mlp,embedding
4402,44030,NaN,NaN,NaN,NaN,9.451651573181152,7.778958320617676,12729.1708984375,mlp,embedding
4403,44040,NaN,NaN,NaN,NaN,9.47364616394043,7.863974094390869,13012.24609375,mlp,embedding
4404,44050,NaN,NaN,NaN,NaN,9.497533798217773,7.863974094390869,13326.8193359375,mlp,embedding
4405,44060,NaN,NaN,NaN,NaN,9.526131629943848,7.821466445922852,13713.439453125,mlp,embedding
4406,44070,NaN,NaN,NaN,NaN,9.552978515625,7.800212383270264,14086.58984375,mlp,embedding
4407,44080,NaN,NaN,NaN,NaN,9.57665729522705,7.651434421539307,14424.123046875,mlp,embedding
4408,44090,NaN,NaN,NaN,NaN,9.602364540100098,7.71519660949707,14799.734375,mlp,embedding
4409,44100,NaN,NaN,NaN,NaN,9.628722190856934,7.71519660949707,15195.0078125,mlp,embedding
4410,44110,NaN,NaN,NaN,NaN,9.658463478088379,7.71519660949707,15653.7138671875,mlp,embedding
4411,44120,NaN,NaN,NaN,NaN,9.686695098876953,7.778958320617676,16101.94140625,mlp,embedding
4412,44130,NaN,NaN,NaN,NaN,9.71595287322998,7.800212383270264,16580.0078125,mlp,embedding
4413,44140,NaN,NaN,NaN,NaN,9.74142074584961,7.7364501953125,17007.6875,mlp,embedding
4414,44150,NaN,NaN,NaN,NaN,9.770078659057617,7.7364501953125,17502.14453125,mlp,embedding
4415,44160,NaN,NaN,NaN,NaN,9.79818058013916,7.778958320617676,18000.962890625,mlp,embedding
4416,44170,NaN,NaN,NaN,NaN,9.82539176940918,7.545164585113525,18497.517578125,mlp,embedding
4417,44180,NaN,NaN,NaN,NaN,9.857585906982422,7.566418647766113,19102.71875,mlp,embedding
4418,44190,NaN,NaN,NaN,NaN,9.884368896484375,7.651434421539307,19621.259765625,mlp,embedding
4419,44200,NaN,NaN,NaN,NaN,9.909032821655273,7.71519660949707,20111.212890625,mlp,embedding
4420,44210,NaN,NaN,NaN,NaN,9.939292907714844,7.545164585113525,20729.08203125,mlp,embedding
4421,44220,NaN,NaN,NaN,NaN,9.970942497253418,7.630180358886719,21395.640625,mlp,embedding
4422,44230,NaN,NaN,NaN,NaN,9.998291015625,7.587672710418701,21988.85546875,mlp,embedding
4423,44240,NaN,NaN,NaN,NaN,10.026008605957031,7.5239105224609375,22606.857421875,mlp,embedding
4424,44250,NaN,NaN,NaN,NaN,10.058032035827637,7.587672710418701,23342.5234375,mlp,embedding
4425,44260,NaN,NaN,NaN,NaN,10.085349082946777,7.50265645980835,23988.962890625,mlp,embedding
4426,44270,NaN,NaN,NaN,NaN,10.114737510681152,7.545164585113525,24704.421875,mlp,embedding
4427,44280,NaN,NaN,NaN,NaN,10.14758586883545,7.460148811340332,25529.396484375,mlp,embedding
4428,44290,NaN,NaN,NaN,NaN,10.174515724182129,7.481402397155762,26226.240234375,mlp,embedding
4429,44300,NaN,NaN,NaN,NaN,10.203596115112305,7.545164585113525,27000.107421875,mlp,embedding
4430,44310,NaN,NaN,NaN,NaN,10.228789329528809,7.311370849609375,27688.966796875,mlp,embedding
4431,44320,NaN,NaN,NaN,NaN,10.256524085998535,7.460148811340332,28467.662109375,mlp,embedding
4432,44330,NaN,NaN,NaN,NaN,10.276938438415527,7.5239105224609375,29054.78515625,mlp,embedding
4433,44340,NaN,NaN,NaN,NaN,10.306156158447266,7.481402397155762,29916.22265625,mlp,embedding
4434,44350,NaN,NaN,NaN,NaN,10.32397174835205,7.353878498077393,30453.97265625,mlp,embedding
4435,44360,NaN,NaN,NaN,NaN,10.351078033447266,7.268862724304199,31290.7578125,mlp,embedding
4436,44370,NaN,NaN,NaN,NaN,10.370253562927246,7.332624912261963,31896.564453125,mlp,embedding
4437,44380,2.374148152739508e-06,100.0,1.000002384185791,0.001,10.391366004943848,7.268862724304199,32577.13671875,mlp,embedding
4438,44390,NaN,NaN,NaN,NaN,10.411457061767578,7.311370849609375,33238.265625,mlp,embedding
4439,44400,NaN,NaN,NaN,NaN,10.426694869995117,7.183846950531006,33748.62109375,mlp,embedding
4440,44410,NaN,NaN,NaN,NaN,10.441717147827148,7.311370849609375,34259.4296875,mlp,embedding
4441,44420,NaN,NaN,NaN,NaN,10.457822799682617,7.3751325607299805,34815.66796875,mlp,embedding
4442,44430,NaN,NaN,NaN,NaN,10.475815773010254,7.290116786956787,35447.7734375,mlp,embedding
4443,44440,NaN,NaN,NaN,NaN,10.484707832336426,7.247608661651611,35764.3828125,mlp,embedding
4444,44450,NaN,NaN,NaN,NaN,10.507015228271484,7.353878498077393,36571.16015625,mlp,embedding
4445,44460,NaN,NaN,NaN,NaN,10.514115333557129,7.205101013183594,36831.7421875,mlp,embedding
4446,44470,NaN,NaN,NaN,NaN,10.533278465270996,7.353878498077393,37544.359375,mlp,embedding
4447,44480,NaN,NaN,NaN,NaN,10.541311264038086,7.353878498077393,37847.16015625,mlp,embedding
4448,44490,NaN,NaN,NaN,NaN,10.539539337158203,7.396386623382568,37780.16015625,mlp,embedding
4449,44500,NaN,NaN,NaN,NaN,10.550077438354492,7.460148811340332,38180.39453125,mlp,embedding
4450,44510,NaN,NaN,NaN,NaN,10.564525604248047,7.290116786956787,38736.03515625,mlp,embedding
4451,44520,NaN,NaN,NaN,NaN,10.587760925292969,7.353878498077393,39646.6171875,mlp,embedding
4452,44530,NaN,NaN,NaN,NaN,10.587924003601074,7.353878498077393,39653.0859375,mlp,embedding
4453,44540,NaN,NaN,NaN,NaN,10.602570533752441,7.417640686035156,40238.13671875,mlp,embedding
4454,44550,NaN,NaN,NaN,NaN,10.612431526184082,7.396386623382568,40636.890625,mlp,embedding
4455,44560,NaN,NaN,NaN,NaN,10.643147468566895,7.545164585113525,41904.45703125,mlp,embedding
4456,44570,NaN,NaN,NaN,NaN,10.650477409362793,7.630180358886719,42212.7421875,mlp,embedding
4457,44580,NaN,NaN,NaN,NaN,10.657877922058105,7.545164585113525,42526.296875,mlp,embedding
4458,44590,NaN,NaN,NaN,NaN,10.679438591003418,7.5239105224609375,43453.1484375,mlp,embedding
4459,44600,NaN,NaN,NaN,NaN,10.696843147277832,7.821466445922852,44216.05078125,mlp,embedding
4460,44610,NaN,NaN,NaN,NaN,10.721610069274902,7.71519660949707,45324.8203125,mlp,embedding
4461,44620,NaN,NaN,NaN,NaN,10.741623878479004,7.757704257965088,46241.08203125,mlp,embedding
4462,44630,NaN,NaN,NaN,NaN,10.759740829467773,7.927736282348633,47086.46484375,mlp,embedding
4463,44640,NaN,NaN,NaN,NaN,10.791418075561523,7.8427205085754395,48601.91015625,mlp,embedding
4464,44650,NaN,NaN,NaN,NaN,10.795586585998535,7.906482219696045,48804.9296875,mlp,embedding
4465,44660,NaN,NaN,NaN,NaN,10.839395523071289,7.927736282348633,50990.546875,mlp,embedding
4466,44670,NaN,NaN,NaN,NaN,10.857603073120117,7.927736282348633,51927.4609375,mlp,embedding
4467,44680,NaN,NaN,NaN,NaN,10.889640808105469,7.8427205085754395,53618.0390625,mlp,embedding
4468,44690,NaN,NaN,NaN,NaN,10.901581764221191,8.140275955200195,54262.125,mlp,embedding
4469,44700,NaN,NaN,NaN,NaN,10.953070640563965,7.885228157043457,57129.19921875,mlp,embedding
4470,44710,NaN,NaN,NaN,NaN,11.003798484802246,8.119022369384766,60102.00390625,mlp,embedding
4471,44720,NaN,NaN,NaN,NaN,11.01638126373291,8.140275955200195,60863.03515625,mlp,embedding
4472,44730,NaN,NaN,NaN,NaN,11.042841911315918,8.07651424407959,62495.00390625,mlp,embedding
4473,44740,NaN,NaN,NaN,NaN,11.130086898803711,8.2040376663208,68192.296875,mlp,embedding
4474,44750,NaN,NaN,NaN,NaN,11.15832805633545,8.2040376663208,70145.578125,mlp,embedding
4475,44760,NaN,NaN,NaN,NaN,11.223185539245605,7.991497993469238,74845.8203125,mlp,embedding
4476,44770,NaN,NaN,NaN,NaN,11.252756118774414,8.395323753356934,77092.1015625,mlp,embedding
4477,44780,NaN,NaN,NaN,NaN,11.350712776184082,8.289053916931152,85026.03125,mlp,embedding
4478,44790,NaN,NaN,NaN,NaN,11.397150993347168,8.565356254577637,89067.609375,mlp,embedding
4479,44800,NaN,NaN,NaN,NaN,11.467619895935059,8.395323753356934,95570.5390625,mlp,embedding
4480,44810,NaN,NaN,NaN,NaN,11.536693572998047,8.310307502746582,102405.28125,mlp,embedding
4481,44820,2.2815500244632858e-07,100.0,1.000000238418579,0.001,11.59432601928711,8.395323753356934,108480.53125,mlp,embedding
4482,44830,NaN,NaN,NaN,NaN,11.671235084533691,8.565356254577637,117152.890625,mlp,embedding
4483,44840,NaN,NaN,NaN,NaN,11.818950653076172,8.374070167541504,135801.65625,mlp,embedding
4484,44850,NaN,NaN,NaN,NaN,11.760117530822754,8.671626091003418,128042.5,mlp,embedding
4485,44860,NaN,NaN,NaN,NaN,11.875606536865234,8.459085464477539,143717.75,mlp,embedding
4486,44870,NaN,NaN,NaN,NaN,14.795136451721191,5.4410200119018555,2663459.75,mlp,embedding
4487,44880,NaN,NaN,NaN,NaN,11.719084739685059,6.588735103607178,122894.890625,mlp,embedding
4488,44890,NaN,NaN,NaN,NaN,9.074125289916992,7.927736282348633,8726.548828125,mlp,embedding
4489,44900,NaN,NaN,NaN,NaN,8.506976127624512,8.522848129272461,4949.1748046875,mlp,embedding
4490,44910,NaN,NaN,NaN,NaN,8.473615646362305,8.947927474975586,4786.79150390625,mlp,embedding
4491,44920,NaN,NaN,NaN,NaN,8.396114349365234,8.947927474975586,4429.8203125,mlp,embedding
4492,44930,NaN,NaN,NaN,NaN,8.347280502319336,9.032943725585938,4218.6923828125,mlp,embedding
4493,44940,NaN,NaN,NaN,NaN,8.289300918579102,9.330499649047852,3981.050048828125,mlp,embedding
4494,44950,NaN,NaN,NaN,NaN,8.277979850769043,9.479276657104492,3936.234619140625,mlp,embedding
4495,44960,NaN,NaN,NaN,NaN,8.27184772491455,9.351753234863281,3912.1708984375,mlp,embedding
4496,44970,NaN,NaN,NaN,NaN,8.260863304138184,9.2454833984375,3869.43310546875,mlp,embedding
4497,44980,NaN,NaN,NaN,NaN,8.252683639526367,9.096705436706543,3837.91162109375,mlp,embedding
4498,44990,NaN,NaN,NaN,NaN,8.246187210083008,9.160467147827148,3813.0595703125,mlp,embedding
4499,45000,NaN,NaN,NaN,NaN,8.241090774536133,9.160467147827148,3793.676025390625,mlp,embedding
4500,45010,NaN,NaN,NaN,NaN,8.237174987792969,9.117959022521973,3778.849853515625,mlp,embedding
4501,45020,NaN,NaN,NaN,NaN,8.23433780670166,9.181721687316895,3768.143798828125,mlp,embedding
4502,45030,NaN,NaN,NaN,NaN,8.233040809631348,9.287991523742676,3763.259765625,mlp,embedding
4503,45040,NaN,NaN,NaN,NaN,8.231377601623535,9.351753234863281,3757.005859375,mlp,embedding
4504,45050,NaN,NaN,NaN,NaN,8.231350898742676,9.351753234863281,3756.905517578125,mlp,embedding
4505,45060,NaN,NaN,NaN,NaN,8.230973243713379,9.394261360168457,3755.487060546875,mlp,embedding
4506,45070,NaN,NaN,NaN,NaN,8.231613159179688,9.373006820678711,3757.890869140625,mlp,embedding
4507,45080,NaN,NaN,NaN,NaN,8.234551429748535,9.309245109558105,3768.948974609375,mlp,embedding
4508,45090,NaN,NaN,NaN,NaN,8.238808631896973,9.160467147827148,3785.0283203125,mlp,embedding
4509,45100,NaN,NaN,NaN,NaN,8.242212295532227,9.117959022521973,3797.93310546875,mlp,embedding
4510,45110,NaN,NaN,NaN,NaN,8.245793342590332,9.075451850891113,3811.55810546875,mlp,embedding
4511,45120,NaN,NaN,NaN,NaN,8.25069808959961,9.054197311401367,3830.298828125,mlp,embedding
4512,45130,NaN,NaN,NaN,NaN,8.255873680114746,9.075451850891113,3850.17431640625,mlp,embedding
4513,45140,NaN,NaN,NaN,NaN,8.26262378692627,9.011689186096191,3876.251220703125,mlp,embedding
4514,45150,NaN,NaN,NaN,NaN,8.269875526428223,8.969181060791016,3904.462890625,mlp,embedding
4515,45160,NaN,NaN,NaN,NaN,8.279168128967285,8.947927474975586,3940.914794921875,mlp,embedding
4516,45170,NaN,NaN,NaN,NaN,8.288294792175293,9.011689186096191,3977.046630859375,mlp,embedding
4517,45180,NaN,NaN,NaN,NaN,8.296608924865723,9.096705436706543,4010.250244140625,mlp,embedding
4518,45190,NaN,NaN,NaN,NaN,8.305331230163574,9.160467147827148,4045.3818359375,mlp,embedding
4519,45200,NaN,NaN,NaN,NaN,8.316962242126465,9.117959022521973,4092.70849609375,mlp,embedding
4520,45210,NaN,NaN,NaN,NaN,8.326659202575684,9.075451850891113,4132.58837890625,mlp,embedding
4521,45220,NaN,NaN,NaN,NaN,8.3381929397583,8.969181060791016,4180.5283203125,mlp,embedding
4522,45230,NaN,NaN,NaN,NaN,8.352851867675781,8.969181060791016,4242.26171875,mlp,embedding
4523,45240,NaN,NaN,NaN,NaN,8.369535446166992,8.990435600280762,4313.6318359375,mlp,embedding
4524,45250,NaN,NaN,NaN,NaN,8.387079238891602,9.011689186096191,4389.97705078125,mlp,embedding
4525,45260,4.1935443732654676e-05,100.0,1.0000419616699219,0.001,8.40566635131836,8.969181060791016,4472.3369140625,mlp,embedding
4526,45270,NaN,NaN,NaN,NaN,8.422229766845703,8.947927474975586,4547.03076171875,mlp,embedding
4527,45280,NaN,NaN,NaN,NaN,8.441235542297363,8.947927474975586,4634.27734375,mlp,embedding
4528,45290,NaN,NaN,NaN,NaN,8.458746910095215,8.990435600280762,4716.14453125,mlp,embedding
4529,45300,NaN,NaN,NaN,NaN,8.475313186645508,9.011689186096191,4794.92431640625,mlp,embedding
4530,45310,NaN,NaN,NaN,NaN,8.49459457397461,9.032943725585938,4888.27392578125,mlp,embedding
4531,45320,NaN,NaN,NaN,NaN,8.51705265045166,9.075451850891113,4999.29736328125,mlp,embedding
4532,45330,NaN,NaN,NaN,NaN,8.536860466003418,9.032943725585938,5099.3095703125,mlp,embedding
4533,45340,NaN,NaN,NaN,NaN,8.558308601379395,9.202975273132324,5209.86181640625,mlp,embedding
4534,45350,NaN,NaN,NaN,NaN,8.579246520996094,9.26673698425293,5320.09521484375,mlp,embedding
4535,45360,NaN,NaN,NaN,NaN,8.601755142211914,9.287991523742676,5441.201171875,mlp,embedding
4536,45370,NaN,NaN,NaN,NaN,8.625186920166016,9.287991523742676,5570.20361328125,mlp,embedding
4537,45380,NaN,NaN,NaN,NaN,8.652502059936523,9.351753234863281,5724.45166015625,mlp,embedding
4538,45390,NaN,NaN,NaN,NaN,8.675117492675781,9.479276657104492,5855.3876953125,mlp,embedding
4539,45400,NaN,NaN,NaN,NaN,8.69837474822998,9.458023071289062,5993.1640625,mlp,embedding
4540,45410,NaN,NaN,NaN,NaN,8.720915794372559,9.415514945983887,6129.7900390625,mlp,embedding
4541,45420,NaN,NaN,NaN,NaN,8.744345664978027,9.436769485473633,6275.10595703125,mlp,embedding
4542,45430,NaN,NaN,NaN,NaN,8.76820182800293,9.521784782409668,6426.60595703125,mlp,embedding
4543,45440,NaN,NaN,NaN,NaN,8.792521476745605,9.458023071289062,6584.81494140625,mlp,embedding
4544,45450,NaN,NaN,NaN,NaN,8.816288948059082,9.415514945983887,6743.19384765625,mlp,embedding
4545,45460,NaN,NaN,NaN,NaN,8.842248916625977,9.521784782409668,6920.5390625,mlp,embedding
4546,45470,NaN,NaN,NaN,NaN,8.867426872253418,9.58554744720459,7096.99609375,mlp,embedding
4547,45480,NaN,NaN,NaN,NaN,8.892973899841309,9.58554744720459,7280.63916015625,mlp,embedding
4548,45490,NaN,NaN,NaN,NaN,8.916383743286133,9.500531196594238,7453.08837890625,mlp,embedding
4549,45500,NaN,NaN,NaN,NaN,8.942803382873535,9.500531196594238,7652.6201171875,mlp,embedding
4550,45510,NaN,NaN,NaN,NaN,8.968001365661621,9.58554744720459,7847.90087890625,mlp,embedding
4551,45520,NaN,NaN,NaN,NaN,8.993696212768555,9.58554744720459,8052.16455078125,mlp,embedding
4552,45530,NaN,NaN,NaN,NaN,9.021902084350586,9.564292907714844,8282.5166015625,mlp,embedding
4553,45540,NaN,NaN,NaN,NaN,9.049962043762207,9.564292907714844,8518.21484375,mlp,embedding
4554,45550,NaN,NaN,NaN,NaN,9.075486183166504,9.458023071289062,8738.43359375,mlp,embedding
4555,45560,NaN,NaN,NaN,NaN,9.099315643310547,9.436769485473633,8949.166015625,mlp,embedding
4556,45570,NaN,NaN,NaN,NaN,9.125935554504395,9.287991523742676,9190.5908203125,mlp,embedding
4557,45580,NaN,NaN,NaN,NaN,9.150379180908203,9.26673698425293,9418.0107421875,mlp,embedding
4558,45590,NaN,NaN,NaN,NaN,9.17122745513916,9.373006820678711,9616.4208984375,mlp,embedding
4559,45600,NaN,NaN,NaN,NaN,9.194584846496582,9.287991523742676,9843.6796875,mlp,embedding
4560,45610,NaN,NaN,NaN,NaN,9.220756530761719,9.26673698425293,10104.7060546875,mlp,embedding
4561,45620,NaN,NaN,NaN,NaN,9.235467910766602,9.160467147827148,10254.458984375,mlp,embedding
4562,45630,NaN,NaN,NaN,NaN,9.259031295776367,9.224228858947754,10498.9580078125,mlp,embedding
4563,45640,NaN,NaN,NaN,NaN,9.283608436584473,9.26673698425293,10760.189453125,mlp,embedding
4564,45650,NaN,NaN,NaN,NaN,9.308964729309082,9.26673698425293,11036.5166015625,mlp,embedding
4565,45660,NaN,NaN,NaN,NaN,9.329463958740234,9.117959022521973,11265.091796875,mlp,embedding
4566,45670,NaN,NaN,NaN,NaN,9.350208282470703,9.160467147827148,11501.21875,mlp,embedding
4567,45680,NaN,NaN,NaN,NaN,9.366669654846191,9.181721687316895,11692.111328125,mlp,embedding
4568,45690,NaN,NaN,NaN,NaN,9.386886596679688,9.26673698425293,11930.8955078125,mlp,embedding
4569,45700,NaN,NaN,NaN,NaN,9.408327102661133,9.117959022521973,12189.4619140625,mlp,embedding
4570,45710,2.2757706119591603e-06,100.0,1.0000022649765015,0.001,9.425457000732422,9.139213562011719,12400.0654296875,mlp,embedding
4571,45720,NaN,NaN,NaN,NaN,9.442131996154785,9.202975273132324,12608.5693359375,mlp,embedding
4572,45730,NaN,NaN,NaN,NaN,9.454805374145508,9.2454833984375,12769.3798828125,mlp,embedding
4573,45740,NaN,NaN,NaN,NaN,9.46441650390625,9.160467147827148,12892.69921875,mlp,embedding
4574,45750,NaN,NaN,NaN,NaN,9.474518775939941,9.160467147827148,13023.60546875,mlp,embedding
4575,45760,NaN,NaN,NaN,NaN,9.488458633422852,9.287991523742676,13206.423828125,mlp,embedding
4576,45770,NaN,NaN,NaN,NaN,9.497886657714844,9.202975273132324,13331.5234375,mlp,embedding
4577,45780,NaN,NaN,NaN,NaN,9.505868911743164,9.224228858947754,13438.3642578125,mlp,embedding
4578,45790,NaN,NaN,NaN,NaN,9.514177322387695,9.351753234863281,13550.4814453125,mlp,embedding
4579,45800,NaN,NaN,NaN,NaN,9.523021697998047,9.287991523742676,13670.8583984375,mlp,embedding
4580,45810,NaN,NaN,NaN,NaN,9.523184776306152,9.415514945983887,13673.087890625,mlp,embedding
4581,45820,NaN,NaN,NaN,NaN,9.529793739318848,9.58554744720459,13763.751953125,mlp,embedding
4582,45830,NaN,NaN,NaN,NaN,9.551447868347168,9.458023071289062,14065.0439453125,mlp,embedding
4583,45840,NaN,NaN,NaN,NaN,9.556398391723633,9.60680103302002,14134.8466796875,mlp,embedding
4584,45850,NaN,NaN,NaN,NaN,9.54345417022705,9.649309158325195,13953.060546875,mlp,embedding
4585,45860,NaN,NaN,NaN,NaN,9.546438217163086,9.649309158325195,13994.759765625,mlp,embedding
4586,45870,NaN,NaN,NaN,NaN,9.569180488586426,9.7130708694458,14316.6787109375,mlp,embedding
4587,45880,NaN,NaN,NaN,NaN,9.586552619934082,9.755578994750977,14567.5625,mlp,embedding
4588,45890,NaN,NaN,NaN,NaN,9.603132247924805,9.7130708694458,14811.1005859375,mlp,embedding
4589,45900,NaN,NaN,NaN,NaN,9.61323356628418,9.819340705871582,14961.470703125,mlp,embedding
4590,45910,NaN,NaN,NaN,NaN,9.621588706970215,9.755578994750977,15087.0,mlp,embedding
4591,45920,NaN,NaN,NaN,NaN,9.6396484375,9.968118667602539,15361.9423828125,mlp,embedding
4592,45930,NaN,NaN,NaN,NaN,9.636520385742188,10.095643043518066,15313.9638671875,mlp,embedding
4593,45940,NaN,NaN,NaN,NaN,9.669363021850586,10.138150215148926,15825.265625,mlp,embedding
4594,45950,NaN,NaN,NaN,NaN,9.695164680480957,10.05313491821289,16238.896484375,mlp,embedding
4595,45960,NaN,NaN,NaN,NaN,9.697015762329102,10.265674591064453,16268.984375,mlp,embedding
4596,45970,NaN,NaN,NaN,NaN,9.720937728881836,9.94686508178711,16662.86328125,mlp,embedding
4597,45980,NaN,NaN,NaN,NaN,9.76665210723877,10.223166465759277,17442.275390625,mlp,embedding
4598,45990,NaN,NaN,NaN,NaN,9.78538990020752,10.201912879943848,17772.185546875,mlp,embedding
4599,46000,NaN,NaN,NaN,NaN,9.818278312683105,10.393198013305664,18366.40234375,mlp,embedding
4600,46010,NaN,NaN,NaN,NaN,9.840605735778809,10.350690841674805,18781.08984375,mlp,embedding
4601,46020,NaN,NaN,NaN,NaN,9.855053901672363,10.499468803405762,19054.41015625,mlp,embedding
4602,46030,NaN,NaN,NaN,NaN,9.880837440490723,10.371944427490234,19552.08984375,mlp,embedding
4603,46040,NaN,NaN,NaN,NaN,9.92155647277832,10.7545166015625,20364.662109375,mlp,embedding
4604,46050,NaN,NaN,NaN,NaN,9.968426704406738,10.478214263916016,21341.8828125,mlp,embedding
4605,46060,NaN,NaN,NaN,NaN,10.001517295837402,10.669500350952148,22059.912109375,mlp,embedding
4606,46070,NaN,NaN,NaN,NaN,10.02218246459961,10.669500350952148,22520.52734375,mlp,embedding
4607,46080,NaN,NaN,NaN,NaN,10.085715293884277,10.733262062072754,23997.748046875,mlp,embedding
4608,46090,NaN,NaN,NaN,NaN,10.115486145019531,10.860786437988281,24722.923828125,mlp,embedding
4609,46100,NaN,NaN,NaN,NaN,10.206029891967773,10.733262062072754,27065.900390625,mlp,embedding
4610,46110,NaN,NaN,NaN,NaN,10.263310432434082,10.7545166015625,28661.51171875,mlp,embedding
4611,46120,NaN,NaN,NaN,NaN,10.275936126708984,10.903294563293457,29025.677734375,mlp,embedding
4612,46130,NaN,NaN,NaN,NaN,10.389665603637695,10.967056274414062,32521.7890625,mlp,embedding
4613,46140,NaN,NaN,NaN,NaN,10.482837677001953,10.903294563293457,35697.5625,mlp,embedding
4614,46150,NaN,NaN,NaN,NaN,10.536993026733398,11.179595947265625,37684.08203125,mlp,embedding
4615,46160,2.1543326056416845e-07,100.0,1.000000238418579,0.001,10.600728034973145,10.924548149108887,40164.06640625,mlp,embedding
4616,46170,NaN,NaN,NaN,NaN,10.99220085144043,10.669500350952148,59408.9921875,mlp,embedding
4617,46180,NaN,NaN,NaN,NaN,11.65243911743164,8.756641387939453,114971.453125,mlp,embedding
4618,46190,NaN,NaN,NaN,NaN,8.368395805358887,10.882040023803711,4308.71826171875,mlp,embedding
4619,46200,NaN,NaN,NaN,NaN,7.926198959350586,11.179595947265625,2768.882080078125,mlp,embedding
4620,46210,NaN,NaN,NaN,NaN,7.656594753265381,10.988309860229492,2114.544677734375,mlp,embedding
4621,46220,NaN,NaN,NaN,NaN,7.537080764770508,11.625929832458496,1876.344482421875,mlp,embedding
4622,46230,NaN,NaN,NaN,NaN,7.4742512702941895,12.093517303466797,1762.0819091796875,mlp,embedding
4623,46240,NaN,NaN,NaN,NaN,7.496221542358398,11.562167167663574,1801.2236328125,mlp,embedding
4624,46250,NaN,NaN,NaN,NaN,7.460119724273682,11.838469505310059,1737.3560791015625,mlp,embedding
4625,46260,NaN,NaN,NaN,NaN,7.4303460121154785,11.902231216430664,1686.3909912109375,mlp,embedding
4626,46270,NaN,NaN,NaN,NaN,7.415321350097656,11.987247467041016,1661.242919921875,mlp,embedding
4627,46280,NaN,NaN,NaN,NaN,7.4044718742370605,12.157279014587402,1643.3167724609375,mlp,embedding
4628,46290,NaN,NaN,NaN,NaN,7.39570426940918,12.178533554077148,1628.9718017578125,mlp,embedding
4629,46300,NaN,NaN,NaN,NaN,7.386756896972656,12.114770889282227,1614.4617919921875,mlp,embedding
4630,46310,NaN,NaN,NaN,NaN,7.379182815551758,12.263548851013184,1602.2799072265625,mlp,embedding
4631,46320,NaN,NaN,NaN,NaN,7.373855113983154,12.28480339050293,1593.76611328125,mlp,embedding
4632,46330,NaN,NaN,NaN,NaN,7.369596004486084,12.41232681274414,1586.9925537109375,mlp,embedding
4633,46340,NaN,NaN,NaN,NaN,7.365518093109131,12.327311515808105,1580.5340576171875,mlp,embedding
4634,46350,NaN,NaN,NaN,NaN,7.362329006195068,12.327311515808105,1575.5015869140625,mlp,embedding
4635,46360,NaN,NaN,NaN,NaN,7.360815525054932,12.263548851013184,1573.1190185546875,mlp,embedding
4636,46370,NaN,NaN,NaN,NaN,7.359776020050049,12.348565101623535,1571.4844970703125,mlp,embedding
4637,46380,NaN,NaN,NaN,NaN,7.359947681427002,12.263548851013184,1571.7542724609375,mlp,embedding
4638,46390,NaN,NaN,NaN,NaN,7.360955715179443,12.263548851013184,1573.3394775390625,mlp,embedding
4639,46400,NaN,NaN,NaN,NaN,7.361950397491455,12.221040725708008,1574.9052734375,mlp,embedding
4640,46410,NaN,NaN,NaN,NaN,7.362853527069092,12.348565101623535,1576.3282470703125,mlp,embedding
4641,46420,NaN,NaN,NaN,NaN,7.363936901092529,12.327311515808105,1578.036865234375,mlp,embedding
4642,46430,NaN,NaN,NaN,NaN,7.3682475090026855,12.327311515808105,1584.8538818359375,mlp,embedding
4643,46440,NaN,NaN,NaN,NaN,7.371010780334473,12.369818687438965,1589.2393798828125,mlp,embedding
4644,46450,NaN,NaN,NaN,NaN,7.373720645904541,12.28480339050293,1593.5517578125,mlp,embedding
4645,46460,NaN,NaN,NaN,NaN,7.377419948577881,12.30605697631836,1599.457763671875,mlp,embedding
4646,46470,NaN,NaN,NaN,NaN,7.381862640380859,12.433581352233887,1606.5794677734375,mlp,embedding
4647,46480,NaN,NaN,NaN,NaN,7.388514518737793,12.518596649169922,1617.3018798828125,mlp,embedding
4648,46490,NaN,NaN,NaN,NaN,7.396288871765137,12.518596649169922,1629.92431640625,mlp,embedding
4649,46500,NaN,NaN,NaN,NaN,7.405304431915283,12.603612899780273,1644.6854248046875,mlp,embedding
4650,46510,NaN,NaN,NaN,NaN,7.412271022796631,12.709882736206055,1656.183349609375,mlp,embedding
4651,46520,NaN,NaN,NaN,NaN,7.422501087188721,12.667374610900879,1673.213134765625,mlp,embedding
4652,46530,NaN,NaN,NaN,NaN,7.431921482086182,12.731136322021484,1689.0499267578125,mlp,embedding
4653,46540,NaN,NaN,NaN,NaN,7.4414286613464355,12.731136322021484,1705.1845703125,mlp,embedding
4654,46550,NaN,NaN,NaN,NaN,7.4527482986450195,12.75239086151123,1724.5963134765625,mlp,embedding
4655,46560,NaN,NaN,NaN,NaN,7.465791702270508,12.75239086151123,1747.23828125,mlp,embedding
4656,46570,NaN,NaN,NaN,NaN,7.475217342376709,12.688629150390625,1763.7850341796875,mlp,embedding
4657,46580,NaN,NaN,NaN,NaN,7.486521244049072,12.667374610900879,1783.8358154296875,mlp,embedding
4658,46590,NaN,NaN,NaN,NaN,7.503321170806885,12.624866485595703,1814.0572509765625,mlp,embedding
4659,46600,NaN,NaN,NaN,NaN,7.5213727951049805,12.603612899780273,1847.1011962890625,mlp,embedding
4660,46610,NaN,NaN,NaN,NaN,7.535876274108887,12.539851188659668,1874.0858154296875,mlp,embedding
4661,46620,2.500086702639237e-05,100.0,1.0000250339508057,0.001,7.5494585037231445,12.561104774475098,1899.7137451171875,mlp,embedding
4662,46630,NaN,NaN,NaN,NaN,7.567712306976318,12.667374610900879,1934.709228515625,mlp,embedding
4663,46640,NaN,NaN,NaN,NaN,7.587365627288818,12.667374610900879,1973.1087646484375,mlp,embedding
4664,46650,NaN,NaN,NaN,NaN,7.607601642608643,12.624866485595703,2013.443359375,mlp,embedding
4665,46660,NaN,NaN,NaN,NaN,7.625884056091309,12.561104774475098,2050.592529296875,mlp,embedding
4666,46670,NaN,NaN,NaN,NaN,7.643172264099121,12.518596649169922,2086.351806640625,mlp,embedding
4667,46680,NaN,NaN,NaN,NaN,7.662713527679443,12.539851188659668,2127.522705078125,mlp,embedding
4668,46690,NaN,NaN,NaN,NaN,7.684471130371094,12.497343063354492,2174.31982421875,mlp,embedding
4669,46700,NaN,NaN,NaN,NaN,7.704521656036377,12.518596649169922,2218.35595703125,mlp,embedding
4670,46710,NaN,NaN,NaN,NaN,7.723328590393066,12.497343063354492,2260.47119140625,mlp,embedding
4671,46720,NaN,NaN,NaN,NaN,7.744908332824707,12.497343063354492,2309.78173828125,mlp,embedding
4672,46730,NaN,NaN,NaN,NaN,7.765247344970703,12.561104774475098,2357.241455078125,mlp,embedding
4673,46740,NaN,NaN,NaN,NaN,7.784977912902832,12.603612899780273,2404.213134765625,mlp,embedding
4674,46750,NaN,NaN,NaN,NaN,7.806028366088867,12.582359313964844,2455.359375,mlp,embedding
4675,46760,NaN,NaN,NaN,NaN,7.830544471740723,12.518596649169922,2516.299072265625,mlp,embedding
4676,46770,NaN,NaN,NaN,NaN,7.851776599884033,12.539851188659668,2570.296630859375,mlp,embedding
4677,46780,NaN,NaN,NaN,NaN,7.871243000030518,12.624866485595703,2620.8212890625,mlp,embedding
4678,46790,NaN,NaN,NaN,NaN,7.896031379699707,12.497343063354492,2686.59912109375,mlp,embedding
4679,46800,NaN,NaN,NaN,NaN,7.9207258224487305,12.561104774475098,2753.76904296875,mlp,embedding
4680,46810,NaN,NaN,NaN,NaN,7.942786693572998,12.64612102508545,2815.194580078125,mlp,embedding
4681,46820,NaN,NaN,NaN,NaN,7.968177795410156,12.75239086151123,2887.5908203125,mlp,embedding
4682,46830,NaN,NaN,NaN,NaN,7.991204738616943,12.667374610900879,2954.854736328125,mlp,embedding
4683,46840,NaN,NaN,NaN,NaN,8.01109504699707,12.582359313964844,3014.216064453125,mlp,embedding
4684,46850,NaN,NaN,NaN,NaN,8.038572311401367,12.667374610900879,3098.186767578125,mlp,embedding
4685,46860,NaN,NaN,NaN,NaN,8.061232566833496,12.688629150390625,3169.194091796875,mlp,embedding
4686,46870,NaN,NaN,NaN,NaN,8.08282470703125,12.518596649169922,3238.36767578125,mlp,embedding
4687,46880,NaN,NaN,NaN,NaN,8.105904579162598,12.518596649169922,3313.97802734375,mlp,embedding
4688,46890,NaN,NaN,NaN,NaN,8.130143165588379,12.624866485595703,3395.28564453125,mlp,embedding
4689,46900,NaN,NaN,NaN,NaN,8.155742645263672,12.667374610900879,3483.3251953125,mlp,embedding
4690,46910,NaN,NaN,NaN,NaN,8.174777030944824,12.709882736206055,3550.26318359375,mlp,embedding
4691,46920,NaN,NaN,NaN,NaN,8.200509071350098,12.497343063354492,3642.80419921875,mlp,embedding
4692,46930,NaN,NaN,NaN,NaN,8.220824241638184,12.518596649169922,3717.565185546875,mlp,embedding
4693,46940,NaN,NaN,NaN,NaN,8.244745254516602,12.497343063354492,3807.5654296875,mlp,embedding
4694,46950,NaN,NaN,NaN,NaN,8.263779640197754,12.497343063354492,3880.734130859375,mlp,embedding
4695,46960,NaN,NaN,NaN,NaN,8.285783767700195,12.369818687438965,3967.07275390625,mlp,embedding
4696,46970,NaN,NaN,NaN,NaN,8.306809425354004,12.433581352233887,4051.3662109375,mlp,embedding
4697,46980,NaN,NaN,NaN,NaN,8.320457458496094,12.518596649169922,4107.03857421875,mlp,embedding
4698,46990,NaN,NaN,NaN,NaN,8.331341743469238,12.263548851013184,4151.98486328125,mlp,embedding
4699,47000,NaN,NaN,NaN,NaN,8.357274055480957,12.369818687438965,4261.0634765625,mlp,embedding
4700,47010,NaN,NaN,NaN,NaN,8.37445068359375,12.391073226928711,4334.88623046875,mlp,embedding
4701,47020,NaN,NaN,NaN,NaN,8.381756782531738,12.433581352233887,4366.67333984375,mlp,embedding
4702,47030,NaN,NaN,NaN,NaN,8.395297050476074,12.497343063354492,4426.20166015625,mlp,embedding
4703,47040,NaN,NaN,NaN,NaN,8.407476425170898,12.391073226928711,4480.439453125,mlp,embedding
4704,47050,NaN,NaN,NaN,NaN,8.420344352722168,12.476088523864746,4538.4658203125,mlp,embedding
4705,47060,NaN,NaN,NaN,NaN,8.424105644226074,12.561104774475098,4555.56884765625,mlp,embedding
4706,47070,NaN,NaN,NaN,NaN,8.437259674072266,12.433581352233887,4615.888671875,mlp,embedding
4707,47080,1.711858885755646e-06,100.0,1.0000016689300537,0.001,8.44344425201416,12.476088523864746,4644.5244140625,mlp,embedding
4708,47090,NaN,NaN,NaN,NaN,8.452516555786133,12.369818687438965,4686.8525390625,mlp,embedding
4709,47100,NaN,NaN,NaN,NaN,8.470693588256836,12.454834938049316,4772.82470703125,mlp,embedding
4710,47110,NaN,NaN,NaN,NaN,8.46810531616211,12.603612899780273,4760.4873046875,mlp,embedding
4711,47120,NaN,NaN,NaN,NaN,8.473427772521973,12.518596649169922,4785.892578125,mlp,embedding
4712,47130,NaN,NaN,NaN,NaN,8.477935791015625,12.667374610900879,4807.51611328125,mlp,embedding
4713,47140,NaN,NaN,NaN,NaN,8.489828109741211,12.603612899780273,4865.02978515625,mlp,embedding
4714,47150,NaN,NaN,NaN,NaN,8.512636184692383,12.667374610900879,4977.2666015625,mlp,embedding
4715,47160,NaN,NaN,NaN,NaN,8.512899398803711,12.709882736206055,4978.5771484375,mlp,embedding
4716,47170,NaN,NaN,NaN,NaN,8.510473251342773,12.603612899780273,4966.5126953125,mlp,embedding
4717,47180,NaN,NaN,NaN,NaN,8.540945053100586,12.858660697937012,5120.18115234375,mlp,embedding
4718,47190,NaN,NaN,NaN,NaN,8.521510124206543,12.879914283752441,5021.63134765625,mlp,embedding
4719,47200,NaN,NaN,NaN,NaN,8.541044235229492,12.858660697937012,5120.68896484375,mlp,embedding
4720,47210,NaN,NaN,NaN,NaN,8.554920196533203,12.879914283752441,5192.23828125,mlp,embedding
4721,47220,NaN,NaN,NaN,NaN,8.582436561584473,12.901168823242188,5337.09375,mlp,embedding
4722,47230,NaN,NaN,NaN,NaN,8.580779075622559,13.049946784973145,5328.2548828125,mlp,embedding
4723,47240,NaN,NaN,NaN,NaN,8.603523254394531,12.986184120178223,5450.83056640625,mlp,embedding
4724,47250,NaN,NaN,NaN,NaN,8.614301681518555,13.071200370788574,5509.8994140625,mlp,embedding
4725,47260,NaN,NaN,NaN,NaN,8.614888191223145,13.368756294250488,5513.13232421875,mlp,embedding
4726,47270,NaN,NaN,NaN,NaN,8.64029312133789,13.304994583129883,5654.9873046875,mlp,embedding
4727,47280,NaN,NaN,NaN,NaN,8.668990135192871,13.432518005371094,5819.619140625,mlp,embedding
4728,47290,NaN,NaN,NaN,NaN,8.684880256652832,13.517534255981445,5912.83251953125,mlp,embedding
4729,47300,NaN,NaN,NaN,NaN,8.724355697631836,13.560042381286621,6150.91259765625,mlp,embedding
4730,47310,NaN,NaN,NaN,NaN,8.71957015991211,13.560042381286621,6121.54736328125,mlp,embedding
4731,47320,NaN,NaN,NaN,NaN,8.745672225952148,13.92136001586914,6283.43603515625,mlp,embedding
4732,47330,NaN,NaN,NaN,NaN,8.777091979980469,13.58129596710205,6483.994140625,mlp,embedding
4733,47340,NaN,NaN,NaN,NaN,8.806944847106934,13.985121726989746,6680.47802734375,mlp,embedding
4734,47350,NaN,NaN,NaN,NaN,8.824728965759277,14.218915939331055,6800.34716796875,mlp,embedding
4735,47360,NaN,NaN,NaN,NaN,8.864291191101074,14.070137977600098,7074.77685546875,mlp,embedding
4736,47370,NaN,NaN,NaN,NaN,8.91170883178711,14.027629852294922,7418.3271484375,mlp,embedding
4737,47380,NaN,NaN,NaN,NaN,8.939929008483887,13.985121726989746,7630.6552734375,mlp,embedding
4738,47390,NaN,NaN,NaN,NaN,8.962383270263672,14.388947486877441,7803.93408203125,mlp,embedding
4739,47400,NaN,NaN,NaN,NaN,9.014019012451172,14.240169525146484,8217.4814453125,mlp,embedding
4740,47410,NaN,NaN,NaN,NaN,9.056947708129883,14.26142406463623,8577.9287109375,mlp,embedding
4741,47420,NaN,NaN,NaN,NaN,9.091446876525879,14.580233573913574,8879.0234375,mlp,embedding
4742,47430,NaN,NaN,NaN,NaN,9.167696952819824,14.048883438110352,9582.5302734375,mlp,embedding
4743,47440,NaN,NaN,NaN,NaN,9.2433443069458,14.729011535644531,10335.5458984375,mlp,embedding
4744,47450,NaN,NaN,NaN,NaN,10.180493354797363,12.454834938049316,26383.48046875,mlp,embedding
4745,47460,NaN,NaN,NaN,NaN,11.337461471557617,10.138150215148926,83906.7578125,mlp,embedding
4746,47470,NaN,NaN,NaN,NaN,7.033769607543945,12.858660697937012,1134.2984619140625,mlp,embedding
4747,47480,NaN,NaN,NaN,NaN,6.077693462371826,13.81509017944336,436.0223388671875,mlp,embedding
4748,47490,NaN,NaN,NaN,NaN,6.0074052810668945,14.176407814025879,406.4273986816406,mlp,embedding
4749,47500,NaN,NaN,NaN,NaN,5.9760026931762695,14.814026832580566,393.8628234863281,mlp,embedding
4750,47510,NaN,NaN,NaN,NaN,5.929429531097412,14.856534957885742,375.94000244140625,mlp,embedding
4751,47520,NaN,NaN,NaN,NaN,5.939078330993652,15.154090881347656,379.5849304199219,mlp,embedding
4752,47530,NaN,NaN,NaN,NaN,5.943479537963867,15.324122428894043,381.25921630859375,mlp,embedding
4753,47540,NaN,NaN,NaN,NaN,5.947722434997559,15.409138679504395,382.88031005859375,mlp,embedding
4754,47550,0.0013808485819026828,100.0,1.001381754875183,0.001,5.953847408294678,15.515408515930176,385.2326354980469,mlp,embedding
4755,47560,NaN,NaN,NaN,NaN,5.957320690155029,15.621678352355957,386.572998046875,mlp,embedding
4756,47570,NaN,NaN,NaN,NaN,5.9594221115112305,15.685441017150879,387.3861999511719,mlp,embedding
4757,47580,NaN,NaN,NaN,NaN,5.960752010345459,15.770456314086914,387.9017333984375,mlp,embedding
4758,47590,NaN,NaN,NaN,NaN,5.962057113647461,15.79171085357666,388.4082946777344,mlp,embedding
4759,47600,NaN,NaN,NaN,NaN,5.964890480041504,15.685441017150879,389.5103759765625,mlp,embedding
4760,47610,NaN,NaN,NaN,NaN,5.968911647796631,15.81296443939209,391.0798034667969,mlp,embedding
4761,47620,NaN,NaN,NaN,NaN,5.975149631500244,15.919234275817871,393.5269775390625,mlp,embedding
4762,47630,NaN,NaN,NaN,NaN,5.98138427734375,15.982995986938477,395.9881591796875,mlp,embedding
4763,47640,NaN,NaN,NaN,NaN,5.98897647857666,16.0467586517334,399.0060119628906,mlp,embedding
4764,47650,NaN,NaN,NaN,NaN,5.996852397918701,16.089265823364258,402.16094970703125,mlp,embedding
4765,47660,NaN,NaN,NaN,NaN,6.00476598739624,16.13177490234375,405.3561096191406,mlp,embedding
4766,47670,NaN,NaN,NaN,NaN,6.014019012451172,16.15302848815918,409.1242980957031,mlp,embedding
4767,47680,NaN,NaN,NaN,NaN,6.024003028869629,16.13177490234375,413.2294616699219,mlp,embedding
4768,47690,NaN,NaN,NaN,NaN,6.0341796875,16.2167911529541,417.45623779296875,mlp,embedding
4769,47700,NaN,NaN,NaN,NaN,6.045016765594482,16.15302848815918,422.00482177734375,mlp,embedding
4770,47710,NaN,NaN,NaN,NaN,6.05554723739624,16.15302848815918,426.47222900390625,mlp,embedding
4771,47720,NaN,NaN,NaN,NaN,6.066179275512695,16.13177490234375,431.0306701660156,mlp,embedding
4772,47730,NaN,NaN,NaN,NaN,6.076934814453125,16.17428207397461,435.6916809082031,mlp,embedding
4773,47740,NaN,NaN,NaN,NaN,6.088032245635986,16.2167911529541,440.55364990234375,mlp,embedding
4774,47750,NaN,NaN,NaN,NaN,6.1025004386901855,16.2167911529541,446.9739990234375,mlp,embedding
4775,47760,NaN,NaN,NaN,NaN,6.114815711975098,16.30180549621582,452.51263427734375,mlp,embedding
4776,47770,NaN,NaN,NaN,NaN,6.128231525421143,16.23804473876953,458.6243896484375,mlp,embedding
4777,47780,NaN,NaN,NaN,NaN,6.142912864685059,16.15302848815918,465.4072570800781,mlp,embedding
4778,47790,NaN,NaN,NaN,NaN,6.158233642578125,16.17428207397461,472.5925598144531,mlp,embedding
4779,47800,NaN,NaN,NaN,NaN,6.174246788024902,16.13177490234375,480.22119140625,mlp,embedding
4780,47810,NaN,NaN,NaN,NaN,6.18965482711792,16.13177490234375,487.677734375,mlp,embedding
4781,47820,NaN,NaN,NaN,NaN,6.20540714263916,16.19553565979004,495.4206237792969,mlp,embedding
4782,47830,NaN,NaN,NaN,NaN,6.220624923706055,16.323060989379883,503.0174865722656,mlp,embedding
4783,47840,NaN,NaN,NaN,NaN,6.235507965087891,16.23804473876953,510.5599060058594,mlp,embedding
4784,47850,NaN,NaN,NaN,NaN,6.249996662139893,16.25929832458496,518.0111083984375,mlp,embedding
4785,47860,NaN,NaN,NaN,NaN,6.265699863433838,16.25929832458496,526.209716796875,mlp,embedding
4786,47870,NaN,NaN,NaN,NaN,6.28285026550293,16.23804473876953,535.312255859375,mlp,embedding
4787,47880,NaN,NaN,NaN,NaN,6.29977560043335,16.23804473876953,544.44970703125,mlp,embedding
4788,47890,NaN,NaN,NaN,NaN,6.316206455230713,16.19553565979004,553.4694213867188,mlp,embedding
4789,47900,NaN,NaN,NaN,NaN,6.332581043243408,16.23804473876953,562.6068115234375,mlp,embedding
4790,47910,NaN,NaN,NaN,NaN,6.348713397979736,16.4080753326416,571.756591796875,mlp,embedding
4791,47920,NaN,NaN,NaN,NaN,6.366876125335693,16.344314575195312,582.2361450195312,mlp,embedding
4792,47930,NaN,NaN,NaN,NaN,6.384018421173096,16.323060989379883,592.3030395507812,mlp,embedding
4793,47940,NaN,NaN,NaN,NaN,6.4045610427856445,16.450584411621094,604.5963745117188,mlp,embedding
4794,47950,NaN,NaN,NaN,NaN,6.421590328216553,16.30180549621582,614.9803466796875,mlp,embedding
4795,47960,NaN,NaN,NaN,NaN,6.440638542175293,16.28055191040039,626.806884765625,mlp,embedding
4796,47970,NaN,NaN,NaN,NaN,6.458065986633301,16.23804473876953,637.8262939453125,mlp,embedding
4797,47980,NaN,NaN,NaN,NaN,6.478372097015381,16.19553565979004,650.9104614257812,mlp,embedding
4798,47990,NaN,NaN,NaN,NaN,6.499536514282227,16.25929832458496,664.8334350585938,mlp,embedding
4799,48000,NaN,NaN,NaN,NaN,6.5172648429870605,16.323060989379883,676.7249145507812,mlp,embedding
4800,48010,NaN,NaN,NaN,NaN,6.53734827041626,16.30180549621582,690.4532470703125,mlp,embedding
4801,48020,2.0137369574513286e-05,100.0,1.000020146369934,0.001,6.557982921600342,16.429330825805664,704.8485107421875,mlp,embedding
4802,48030,NaN,NaN,NaN,NaN,6.578141212463379,16.386821746826172,719.2012329101562,mlp,embedding
4803,48040,NaN,NaN,NaN,NaN,6.598719596862793,16.471837997436523,734.1546020507812,mlp,embedding
4804,48050,NaN,NaN,NaN,NaN,6.6210222244262695,16.493091583251953,750.7120971679688,mlp,embedding
4805,48060,NaN,NaN,NaN,NaN,6.63971471786499,16.344314575195312,764.8767700195312,mlp,embedding
4806,48070,NaN,NaN,NaN,NaN,6.662086009979248,16.28055191040039,782.1808471679688,mlp,embedding
4807,48080,NaN,NaN,NaN,NaN,6.687344551086426,16.30180549621582,802.1892700195312,mlp,embedding
4808,48090,NaN,NaN,NaN,NaN,6.7082719802856445,16.323060989379883,819.1539306640625,mlp,embedding
4809,48100,NaN,NaN,NaN,NaN,6.724886417388916,16.514345169067383,832.8773803710938,mlp,embedding
4810,48110,NaN,NaN,NaN,NaN,6.748462200164795,16.28055191040039,852.7463989257812,mlp,embedding
4811,48120,NaN,NaN,NaN,NaN,6.7749409675598145,16.386821746826172,875.627685546875,mlp,embedding
4812,48130,NaN,NaN,NaN,NaN,6.799461364746094,16.599361419677734,897.3638305664062,mlp,embedding
4813,48140,NaN,NaN,NaN,NaN,6.822346210479736,16.535600662231445,918.1365966796875,mlp,embedding
4814,48150,NaN,NaN,NaN,NaN,6.845661163330078,16.514345169067383,939.79443359375,mlp,embedding
4815,48160,NaN,NaN,NaN,NaN,6.863178253173828,16.514345169067383,956.4019165039062,mlp,embedding
4816,48170,NaN,NaN,NaN,NaN,6.891129016876221,16.386821746826172,983.5111694335938,mlp,embedding
4817,48180,NaN,NaN,NaN,NaN,6.916203022003174,16.28055191040039,1008.4835205078125,mlp,embedding
4818,48190,NaN,NaN,NaN,NaN,6.93477725982666,16.514345169067383,1027.390380859375,mlp,embedding
4819,48200,NaN,NaN,NaN,NaN,6.957388401031494,16.429330825805664,1050.885498046875,mlp,embedding
4820,48210,NaN,NaN,NaN,NaN,6.976212024688721,16.514345169067383,1070.854248046875,mlp,embedding
4821,48220,NaN,NaN,NaN,NaN,7.001763343811035,16.556854248046875,1098.568603515625,mlp,embedding
4822,48230,NaN,NaN,NaN,NaN,7.023217678070068,16.471837997436523,1122.392333984375,mlp,embedding
4823,48240,NaN,NaN,NaN,NaN,7.039114952087402,16.493091583251953,1140.3779296875,mlp,embedding
4824,48250,NaN,NaN,NaN,NaN,7.061395168304443,16.386821746826172,1166.0709228515625,mlp,embedding
4825,48260,NaN,NaN,NaN,NaN,7.081107139587402,16.4080753326416,1189.2845458984375,mlp,embedding
4826,48270,NaN,NaN,NaN,NaN,7.100550651550293,16.4080753326416,1212.6346435546875,mlp,embedding
4827,48280,NaN,NaN,NaN,NaN,7.118931770324707,16.450584411621094,1235.13037109375,mlp,embedding
4828,48290,NaN,NaN,NaN,NaN,7.137658596038818,16.450584411621094,1258.4783935546875,mlp,embedding
4829,48300,NaN,NaN,NaN,NaN,7.155268669128418,16.663124084472656,1280.8365478515625,mlp,embedding
4830,48310,NaN,NaN,NaN,NaN,7.168416976928711,16.535600662231445,1297.78857421875,mlp,embedding
4831,48320,NaN,NaN,NaN,NaN,7.179779052734375,16.663124084472656,1312.6181640625,mlp,embedding
4832,48330,NaN,NaN,NaN,NaN,7.199227809906006,16.620615005493164,1338.3968505859375,mlp,embedding
4833,48340,NaN,NaN,NaN,NaN,7.210984230041504,16.684377670288086,1354.2244873046875,mlp,embedding
4834,48350,NaN,NaN,NaN,NaN,7.2233452796936035,16.620615005493164,1371.0679931640625,mlp,embedding
4835,48360,NaN,NaN,NaN,NaN,7.239869594573975,16.769393920898438,1393.9122314453125,mlp,embedding
4836,48370,NaN,NaN,NaN,NaN,7.249914646148682,16.684377670288086,1407.984619140625,mlp,embedding
4837,48380,NaN,NaN,NaN,NaN,7.261267185211182,16.769393920898438,1424.0599365234375,mlp,embedding
4838,48390,NaN,NaN,NaN,NaN,7.270390510559082,16.620615005493164,1437.111572265625,mlp,embedding
4839,48400,NaN,NaN,NaN,NaN,7.283059120178223,16.684377670288086,1455.43359375,mlp,embedding
4840,48410,NaN,NaN,NaN,NaN,7.297963619232178,16.450584411621094,1477.28857421875,mlp,embedding
4841,48420,NaN,NaN,NaN,NaN,7.313818454742432,16.918170928955078,1500.8973388671875,mlp,embedding
4842,48430,NaN,NaN,NaN,NaN,7.310641288757324,16.705631256103516,1496.1363525390625,mlp,embedding
4843,48440,NaN,NaN,NaN,NaN,7.325202465057373,16.748140335083008,1518.0811767578125,mlp,embedding
4844,48450,NaN,NaN,NaN,NaN,7.335086345672607,16.918170928955078,1533.16015625,mlp,embedding
4845,48460,NaN,NaN,NaN,NaN,7.34434700012207,16.96068000793457,1547.4241943359375,mlp,embedding
4846,48470,NaN,NaN,NaN,NaN,7.341014385223389,16.96068000793457,1542.2757568359375,mlp,embedding
4847,48480,NaN,NaN,NaN,NaN,7.3611531257629395,16.83315658569336,1573.650146484375,mlp,embedding
4848,48490,NaN,NaN,NaN,NaN,7.357614040374756,17.215726852416992,1568.0906982421875,mlp,embedding
4849,48500,1.1951336773563526e-06,100.0,1.0000011920928955,0.001,7.353506088256836,17.02444076538086,1561.6622314453125,mlp,embedding
4850,48510,NaN,NaN,NaN,NaN,7.372081756591797,17.10945701599121,1590.9422607421875,mlp,embedding
4851,48520,NaN,NaN,NaN,NaN,7.386535167694092,17.407012939453125,1614.103759765625,mlp,embedding
4852,48530,NaN,NaN,NaN,NaN,7.387763977050781,17.258235931396484,1616.0885009765625,mlp,embedding
4853,48540,NaN,NaN,NaN,NaN,7.396317005157471,17.151966094970703,1629.97021484375,mlp,embedding
4854,48550,NaN,NaN,NaN,NaN,7.414872169494629,17.470775604248047,1660.4969482421875,mlp,embedding
4855,48560,NaN,NaN,NaN,NaN,7.397364616394043,17.70456886291504,1631.6787109375,mlp,embedding
4856,48570,NaN,NaN,NaN,NaN,7.408294200897217,17.577045440673828,1649.6099853515625,mlp,embedding
4857,48580,NaN,NaN,NaN,NaN,7.431695938110352,17.874601364135742,1688.6690673828125,mlp,embedding
4858,48590,NaN,NaN,NaN,NaN,7.428889751434326,17.78958511352539,1683.9368896484375,mlp,embedding
4859,48600,NaN,NaN,NaN,NaN,7.452091217041016,17.74707794189453,1723.4635009765625,mlp,embedding
4860,48610,NaN,NaN,NaN,NaN,7.443671226501465,17.72582244873047,1709.012939453125,mlp,embedding
4861,48620,NaN,NaN,NaN,NaN,7.4672770500183105,17.81083869934082,1749.83544921875,mlp,embedding
4862,48630,NaN,NaN,NaN,NaN,7.491479396820068,18.193410873413086,1792.7022705078125,mlp,embedding
4863,48640,NaN,NaN,NaN,NaN,7.5135650634765625,17.68331527709961,1832.7357177734375,mlp,embedding
4864,48650,NaN,NaN,NaN,NaN,7.50212287902832,18.002124786376953,1811.884765625,mlp,embedding
4865,48660,NaN,NaN,NaN,NaN,7.523873329162598,18.320934295654297,1851.7257080078125,mlp,embedding
4866,48670,NaN,NaN,NaN,NaN,7.55936336517334,18.36344337463379,1918.6236572265625,mlp,embedding
4867,48680,NaN,NaN,NaN,NaN,7.58076286315918,18.57598304748535,1960.1236572265625,mlp,embedding
4868,48690,NaN,NaN,NaN,NaN,7.61902379989624,18.63974380493164,2036.572998046875,mlp,embedding
4869,48700,NaN,NaN,NaN,NaN,7.641768455505371,18.448457717895508,2083.425048828125,mlp,embedding
4870,48710,NaN,NaN,NaN,NaN,7.6659321784973145,18.660999298095703,2134.381591796875,mlp,embedding
4871,48720,NaN,NaN,NaN,NaN,7.708433628082275,18.61849021911621,2227.051025390625,mlp,embedding
4872,48730,NaN,NaN,NaN,NaN,7.7409987449646,18.852283477783203,2300.76904296875,mlp,embedding
4873,48740,NaN,NaN,NaN,NaN,7.803412437438965,18.916046142578125,2448.944580078125,mlp,embedding
4874,48750,NaN,NaN,NaN,NaN,7.802595138549805,19.043569564819336,2446.94384765625,mlp,embedding
4875,48760,NaN,NaN,NaN,NaN,7.851944446563721,19.383634567260742,2570.72802734375,mlp,embedding
4876,48770,NaN,NaN,NaN,NaN,7.874731063842773,18.937299728393555,2629.978759765625,mlp,embedding
4877,48780,NaN,NaN,NaN,NaN,8.071391105651855,18.59723663330078,3201.552490234375,mlp,embedding
4878,48790,NaN,NaN,NaN,NaN,10.299539566040039,13.390009880065918,29718.931640625,mlp,embedding
4879,48800,NaN,NaN,NaN,NaN,6.827991008758545,15.685441017150879,923.333984375,mlp,embedding
4880,48810,NaN,NaN,NaN,NaN,5.442237854003906,17.980871200561523,230.9584503173828,mlp,embedding
4881,48820,NaN,NaN,NaN,NaN,4.971847057342529,19.468650817871094,144.29315185546875,mlp,embedding
4882,48830,NaN,NaN,NaN,NaN,4.923938751220703,20.340063095092773,137.5432891845703,mlp,embedding
4883,48840,NaN,NaN,NaN,NaN,4.9050068855285645,20.552602767944336,134.96383666992188,mlp,embedding
4884,48850,NaN,NaN,NaN,NaN,4.911479949951172,20.74388885498047,135.84030151367188,mlp,embedding
4885,48860,NaN,NaN,NaN,NaN,4.916179180145264,20.7651424407959,136.4801483154297,mlp,embedding
4886,48870,NaN,NaN,NaN,NaN,4.9296183586120605,20.74388885498047,138.3267059326172,mlp,embedding
4887,48880,NaN,NaN,NaN,NaN,4.939238548278809,20.80765151977539,139.6638641357422,mlp,embedding
4888,48890,NaN,NaN,NaN,NaN,4.945333003997803,20.70138168334961,140.51763916015625,mlp,embedding
4889,48900,NaN,NaN,NaN,NaN,4.94974946975708,20.680126190185547,141.1396026611328,mlp,embedding
4890,48910,NaN,NaN,NaN,NaN,4.95427131652832,20.680126190185547,141.7792510986328,mlp,embedding
4891,48920,NaN,NaN,NaN,NaN,4.958735942840576,20.786396026611328,142.41366577148438,mlp,embedding
4892,48930,NaN,NaN,NaN,NaN,4.966384410858154,20.87141227722168,143.507080078125,mlp,embedding
4893,48940,NaN,NaN,NaN,NaN,4.9731831550598145,20.95642852783203,144.486083984375,mlp,embedding
4894,48950,NaN,NaN,NaN,NaN,4.979973793029785,21.020191192626953,145.47056579589844,mlp,embedding
4895,48960,NaN,NaN,NaN,NaN,4.9876017570495605,20.97768211364746,146.58445739746094,mlp,embedding
4896,48970,NaN,NaN,NaN,NaN,4.995428085327148,21.147714614868164,147.73617553710938,mlp,embedding
4897,48980,0.0005744343507103622,100.0,1.0005745887756348,0.001,5.001878261566162,21.105207443237305,148.6921844482422,mlp,embedding
4898,48990,NaN,NaN,NaN,NaN,5.011425495147705,21.062698364257812,150.1185760498047,mlp,embedding
4899,49000,NaN,NaN,NaN,NaN,5.0203118324279785,21.083951950073242,151.45852661132812,mlp,embedding
4900,49010,NaN,NaN,NaN,NaN,5.030590057373047,21.147714614868164,153.02328491210938,mlp,embedding
4901,49020,NaN,NaN,NaN,NaN,5.040843486785889,21.190221786499023,154.60035705566406,mlp,embedding
4902,49030,NaN,NaN,NaN,NaN,5.0511322021484375,21.253984451293945,156.19921875,mlp,embedding
4903,49040,NaN,NaN,NaN,NaN,5.062500953674316,21.275238037109375,157.98513793945312,mlp,embedding
4904,49050,NaN,NaN,NaN,NaN,5.073955059051514,21.275238037109375,159.80511474609375,mlp,embedding
4905,49060,NaN,NaN,NaN,NaN,5.08039665222168,21.339000701904297,160.8378448486328,mlp,embedding
4906,49070,NaN,NaN,NaN,NaN,5.091294765472412,21.40276336669922,162.60025024414062,mlp,embedding
4907,49080,NaN,NaN,NaN,NaN,5.102720737457275,21.360254287719727,164.46878051757812,mlp,embedding
4908,49090,NaN,NaN,NaN,NaN,5.114599227905273,21.381507873535156,166.43406677246094,mlp,embedding
4909,49100,NaN,NaN,NaN,NaN,5.126251220703125,21.381507873535156,168.3846893310547,mlp,embedding
4910,49110,NaN,NaN,NaN,NaN,5.137741565704346,21.40276336669922,170.33065795898438,mlp,embedding
4911,49120,NaN,NaN,NaN,NaN,5.150649547576904,21.466524124145508,172.5435333251953,mlp,embedding
4912,49130,NaN,NaN,NaN,NaN,5.164928436279297,21.339000701904297,175.02493286132812,mlp,embedding
4913,49140,NaN,NaN,NaN,NaN,5.17922306060791,21.339000701904297,177.54481506347656,mlp,embedding
4914,49150,NaN,NaN,NaN,NaN,5.192689895629883,21.360254287719727,179.9519500732422,mlp,embedding
4915,49160,NaN,NaN,NaN,NaN,5.206528186798096,21.40276336669922,182.45948791503906,mlp,embedding
4916,49170,NaN,NaN,NaN,NaN,5.221092700958252,21.53028678894043,185.13636779785156,mlp,embedding
4917,49180,NaN,NaN,NaN,NaN,5.237250328063965,21.445270538330078,188.15203857421875,mlp,embedding
4918,49190,NaN,NaN,NaN,NaN,5.251927852630615,21.61530303955078,190.9340057373047,mlp,embedding
4919,49200,NaN,NaN,NaN,NaN,5.266133785247803,21.55154037475586,193.66575622558594,mlp,embedding
4920,49210,NaN,NaN,NaN,NaN,5.281871795654297,21.55154037475586,196.73777770996094,mlp,embedding
4921,49220,NaN,NaN,NaN,NaN,5.297703742980957,21.61530303955078,199.8773193359375,mlp,embedding
4922,49230,NaN,NaN,NaN,NaN,5.3164544105529785,21.7003173828125,203.66050720214844,mlp,embedding
4923,49240,NaN,NaN,NaN,NaN,5.332301616668701,21.63655662536621,206.91366577148438,mlp,embedding
4924,49250,NaN,NaN,NaN,NaN,5.349157333374023,21.67906379699707,210.43089294433594,mlp,embedding
4925,49260,NaN,NaN,NaN,NaN,5.366009712219238,21.849096298217773,214.00721740722656,mlp,embedding
4926,49270,NaN,NaN,NaN,NaN,5.382627964019775,21.764080047607422,217.59335327148438,mlp,embedding
4927,49280,NaN,NaN,NaN,NaN,5.40001916885376,21.764080047607422,221.41065979003906,mlp,embedding
4928,49290,NaN,NaN,NaN,NaN,5.417888641357422,21.806589126586914,225.4027099609375,mlp,embedding
4929,49300,NaN,NaN,NaN,NaN,5.437108993530273,21.827842712402344,229.7769317626953,mlp,embedding
4930,49310,NaN,NaN,NaN,NaN,5.453546524047852,21.764080047607422,233.58511352539062,mlp,embedding
4931,49320,NaN,NaN,NaN,NaN,5.470032215118408,21.976619720458984,237.4678497314453,mlp,embedding
4932,49330,NaN,NaN,NaN,NaN,5.487414360046387,21.976619720458984,241.63162231445312,mlp,embedding
4933,49340,NaN,NaN,NaN,NaN,5.5061235427856445,21.849096298217773,246.19491577148438,mlp,embedding
4934,49350,NaN,NaN,NaN,NaN,5.526697158813477,21.870349884033203,251.3125,mlp,embedding
4935,49360,NaN,NaN,NaN,NaN,5.545090198516846,21.827842712402344,255.9776611328125,mlp,embedding
4936,49370,NaN,NaN,NaN,NaN,5.563608169555664,21.65781021118164,260.76202392578125,mlp,embedding
4937,49380,NaN,NaN,NaN,NaN,5.581062316894531,21.65781021118164,265.35333251953125,mlp,embedding
4938,49390,NaN,NaN,NaN,NaN,5.59866189956665,21.55154037475586,270.0647888183594,mlp,embedding
4939,49400,NaN,NaN,NaN,NaN,5.617790699005127,21.487777709960938,275.2805480957031,mlp,embedding
4940,49410,NaN,NaN,NaN,NaN,5.636681079864502,21.487777709960938,280.5301208496094,mlp,embedding
4941,49420,NaN,NaN,NaN,NaN,5.654784679412842,21.57279396057129,285.65496826171875,mlp,embedding
4942,49430,NaN,NaN,NaN,NaN,5.674770832061768,21.487777709960938,291.4215393066406,mlp,embedding
4943,49440,NaN,NaN,NaN,NaN,5.698590278625488,21.53028678894043,298.4463806152344,mlp,embedding
4944,49450,NaN,NaN,NaN,NaN,5.717544078826904,21.381507873535156,304.1570129394531,mlp,embedding
4945,49460,9.000045793072786e-06,100.0,1.0000089406967163,0.001,5.734556198120117,21.360254287719727,309.3756408691406,mlp,embedding
4946,49470,NaN,NaN,NaN,NaN,5.752644062042236,21.509033203125,315.0224914550781,mlp,embedding
4947,49480,NaN,NaN,NaN,NaN,5.772267818450928,21.487777709960938,321.2654724121094,mlp,embedding
4948,49490,NaN,NaN,NaN,NaN,5.789505958557129,21.63655662536621,326.85150146484375,mlp,embedding
4949,49500,NaN,NaN,NaN,NaN,5.809905529022217,21.509033203125,333.5876159667969,mlp,embedding
4950,49510,NaN,NaN,NaN,NaN,5.827895641326904,21.509033203125,339.6431884765625,mlp,embedding
4951,49520,NaN,NaN,NaN,NaN,5.850185394287109,21.296491622924805,347.29876708984375,mlp,embedding
4952,49530,NaN,NaN,NaN,NaN,5.86582088470459,21.381507873535156,352.7716369628906,mlp,embedding
4953,49540,NaN,NaN,NaN,NaN,5.888230800628662,21.40276336669922,360.7664489746094,mlp,embedding
4954,49550,NaN,NaN,NaN,NaN,5.900897026062012,21.466524124145508,365.36505126953125,mlp,embedding
4955,49560,NaN,NaN,NaN,NaN,5.917445182800293,21.487777709960938,371.46148681640625,mlp,embedding
4956,49570,NaN,NaN,NaN,NaN,5.937995433807373,21.509033203125,379.1741027832031,mlp,embedding
4957,49580,NaN,NaN,NaN,NaN,5.9529266357421875,21.381507873535156,384.8780822753906,mlp,embedding
4958,49590,NaN,NaN,NaN,NaN,5.967033863067627,21.466524124145508,390.34613037109375,mlp,embedding
4959,49600,NaN,NaN,NaN,NaN,5.984350681304932,21.360254287719727,397.16455078125,mlp,embedding
4960,49610,NaN,NaN,NaN,NaN,6.000210285186768,21.40276336669922,403.5136413574219,mlp,embedding
4961,49620,NaN,NaN,NaN,NaN,6.012282371520996,21.275238037109375,408.4143981933594,mlp,embedding
4962,49630,NaN,NaN,NaN,NaN,6.030663013458252,21.232730865478516,415.9907531738281,mlp,embedding
4963,49640,NaN,NaN,NaN,NaN,6.042517185211182,21.211477279663086,420.9513244628906,mlp,embedding
4964,49650,NaN,NaN,NaN,NaN,6.0541558265686035,21.360254287719727,425.8792419433594,mlp,embedding
4965,49660,NaN,NaN,NaN,NaN,6.062411785125732,21.466524124145508,429.4098205566406,mlp,embedding
4966,49670,NaN,NaN,NaN,NaN,6.0740509033203125,21.61530303955078,434.4369812011719,mlp,embedding
4967,49680,NaN,NaN,NaN,NaN,6.086745738983154,21.55154037475586,439.98724365234375,mlp,embedding
4968,49690,NaN,NaN,NaN,NaN,6.095035076141357,21.466524124145508,443.64959716796875,mlp,embedding
4969,49700,NaN,NaN,NaN,NaN,6.100313663482666,21.7003173828125,445.9976501464844,mlp,embedding
4970,49710,NaN,NaN,NaN,NaN,6.1100029945373535,21.61530303955078,450.3400573730469,mlp,embedding
4971,49720,NaN,NaN,NaN,NaN,6.113978862762451,21.764080047607422,452.1341247558594,mlp,embedding
4972,49730,NaN,NaN,NaN,NaN,6.128836631774902,21.806589126586914,458.9019775390625,mlp,embedding
4973,49740,NaN,NaN,NaN,NaN,6.126685619354248,21.7003173828125,457.9159240722656,mlp,embedding
4974,49750,NaN,NaN,NaN,NaN,6.131524085998535,21.976619720458984,460.13690185546875,mlp,embedding
4975,49760,NaN,NaN,NaN,NaN,6.131130695343018,21.934112548828125,459.9559326171875,mlp,embedding
4976,49770,NaN,NaN,NaN,NaN,6.129117965698242,21.912858963012695,459.0310974121094,mlp,embedding
4977,49780,NaN,NaN,NaN,NaN,6.141685485839844,21.891603469848633,464.8363952636719,mlp,embedding
4978,49790,NaN,NaN,NaN,NaN,6.150497913360596,21.934112548828125,468.9508361816406,mlp,embedding
4979,49800,NaN,NaN,NaN,NaN,6.152537822723389,21.997873306274414,469.9084167480469,mlp,embedding
4980,49810,NaN,NaN,NaN,NaN,6.152124404907227,22.082889556884766,469.7142028808594,mlp,embedding
4981,49820,NaN,NaN,NaN,NaN,6.146015167236328,22.35919189453125,466.85333251953125,mlp,embedding
4982,49830,NaN,NaN,NaN,NaN,6.155764102935791,22.210412979125977,471.4269104003906,mlp,embedding
4983,49840,NaN,NaN,NaN,NaN,6.154411792755127,22.25292205810547,470.7898254394531,mlp,embedding
4984,49850,NaN,NaN,NaN,NaN,6.148955345153809,22.2741756439209,468.2279968261719,mlp,embedding
4985,49860,NaN,NaN,NaN,NaN,6.163259029388428,22.2741756439209,474.9735107421875,mlp,embedding
4986,49870,NaN,NaN,NaN,NaN,6.16232442855835,22.763017654418945,474.5298156738281,mlp,embedding
4987,49880,NaN,NaN,NaN,NaN,6.167458534240723,22.592985153198242,476.97235107421875,mlp,embedding
4988,49890,NaN,NaN,NaN,NaN,6.1718950271606445,22.763017654418945,479.0931396484375,mlp,embedding
4989,49900,NaN,NaN,NaN,NaN,6.166820049285889,22.911794662475586,476.66790771484375,mlp,embedding
4990,49910,NaN,NaN,NaN,NaN,6.182009220123291,22.975557327270508,483.96337890625,mlp,embedding
4991,49920,NaN,NaN,NaN,NaN,6.191719055175781,22.848033905029297,488.6854553222656,mlp,embedding
4992,49930,NaN,NaN,NaN,NaN,6.18380069732666,22.848033905029297,484.8311462402344,mlp,embedding
4993,49940,NaN,NaN,NaN,NaN,6.197242259979248,23.230606079101562,491.39202880859375,mlp,embedding
4994,49950,5.550935497922183e-07,100.0,1.0000005960464478,0.001,6.191165447235107,23.549415588378906,488.4150085449219,mlp,embedding
4995,49960,NaN,NaN,NaN,NaN,6.2079081535339355,23.358129501342773,496.6612243652344,mlp,embedding
4996,49970,NaN,NaN,NaN,NaN,6.225964546203613,23.698192596435547,505.7106018066406,mlp,embedding
4997,49980,NaN,NaN,NaN,NaN,6.215550422668457,23.825716018676758,500.47137451171875,mlp,embedding
4998,49990,NaN,NaN,NaN,NaN,6.2314839363098145,23.86822509765625,508.509521484375,mlp,embedding
4999,50000,NaN,NaN,NaN,NaN,6.240329742431641,24.187034606933594,513.0276489257812,mlp,embedding
5000,50010,NaN,NaN,NaN,NaN,6.250765323638916,23.99574851989746,518.409423828125,mlp,embedding
5001,50020,NaN,NaN,NaN,NaN,6.285972595214844,23.9532413482666,536.986328125,mlp,embedding
5002,50030,NaN,NaN,NaN,NaN,6.2976975440979,24.314558029174805,543.3195190429688,mlp,embedding
5003,50040,NaN,NaN,NaN,NaN,6.301259994506836,24.357067108154297,545.2584838867188,mlp,embedding
5004,50050,NaN,NaN,NaN,NaN,6.3283514976501465,24.7183837890625,560.2322998046875,mlp,embedding
5005,50060,NaN,NaN,NaN,NaN,6.369707107543945,24.399574279785156,583.8867797851562,mlp,embedding
5006,50070,NaN,NaN,NaN,NaN,6.394554138183594,24.952177047729492,598.5763549804688,mlp,embedding
5007,50080,NaN,NaN,NaN,NaN,6.435270309448242,24.144527435302734,623.4511108398438,mlp,embedding
5008,50090,NaN,NaN,NaN,NaN,6.431931018829346,25.100955963134766,621.3726806640625,mlp,embedding
5009,50100,NaN,NaN,NaN,NaN,6.461198806762695,24.930923461914062,639.82763671875,mlp,embedding
5010,50110,NaN,NaN,NaN,NaN,6.627663612365723,25.122209548950195,755.7144775390625,mlp,embedding
5011,50120,NaN,NaN,NaN,NaN,12.175276756286621,12.688629150390625,193934.6875,mlp,embedding
5012,50130,NaN,NaN,NaN,NaN,6.6484599113464355,18.044633865356445,771.5950927734375,mlp,embedding
5013,50140,NaN,NaN,NaN,NaN,5.65798282623291,19.829967498779297,286.57000732421875,mlp,embedding
5014,50150,NaN,NaN,NaN,NaN,4.613063335418701,24.484590530395508,100.79243469238281,mlp,embedding
5015,50160,NaN,NaN,NaN,NaN,4.614271640777588,24.378320693969727,100.91429901123047,mlp,embedding
5016,50170,NaN,NaN,NaN,NaN,4.508615493774414,25.356002807617188,90.7960205078125,mlp,embedding
5017,50180,NaN,NaN,NaN,NaN,4.488720417022705,25.589797973632812,89.00747680664062,mlp,embedding
5018,50190,NaN,NaN,NaN,NaN,4.460477352142334,25.908607482910156,86.52880096435547,mlp,embedding
5019,50200,NaN,NaN,NaN,NaN,4.435861587524414,26.036130905151367,84.42483520507812,mlp,embedding
5020,50210,NaN,NaN,NaN,NaN,4.417990207672119,26.26992416381836,82.929443359375,mlp,embedding
5021,50220,NaN,NaN,NaN,NaN,4.405201435089111,26.33368682861328,81.8756332397461,mlp,embedding
5022,50230,NaN,NaN,NaN,NaN,4.396191120147705,26.2274169921875,81.14122009277344,mlp,embedding
5023,50240,NaN,NaN,NaN,NaN,4.391445159912109,26.439956665039062,80.75704193115234,mlp,embedding
5024,50250,NaN,NaN,NaN,NaN,4.386989116668701,26.461210250854492,80.39798736572266,mlp,embedding
5025,50260,NaN,NaN,NaN,NaN,4.385079860687256,26.418703079223633,80.24462890625,mlp,embedding
5026,50270,NaN,NaN,NaN,NaN,4.3836846351623535,26.503719329833984,80.13275146484375,mlp,embedding
5027,50280,NaN,NaN,NaN,NaN,4.382225036621094,26.567480087280273,80.01587677001953,mlp,embedding
5028,50290,NaN,NaN,NaN,NaN,4.3800225257873535,26.673749923706055,79.83982849121094,mlp,embedding
5029,50300,NaN,NaN,NaN,NaN,4.37917947769165,26.8012752532959,79.77255249023438,mlp,embedding
5030,50310,NaN,NaN,NaN,NaN,4.379831790924072,26.8012752532959,79.8246078491211,mlp,embedding
5031,50320,NaN,NaN,NaN,NaN,4.380528926849365,26.8012752532959,79.8802719116211,mlp,embedding
5032,50330,NaN,NaN,NaN,NaN,4.382847785949707,26.865036010742188,80.06571960449219,mlp,embedding
5033,50340,NaN,NaN,NaN,NaN,4.385466575622559,26.90754508972168,80.27567291259766,mlp,embedding
5034,50350,NaN,NaN,NaN,NaN,4.387524604797363,26.99256134033203,80.44104766845703,mlp,embedding
5035,50360,NaN,NaN,NaN,NaN,4.3900837898254395,26.90754508972168,80.64717864990234,mlp,embedding
5036,50370,NaN,NaN,NaN,NaN,4.393136501312256,26.843782424926758,80.89374542236328,mlp,embedding
5037,50380,NaN,NaN,NaN,NaN,4.397005081176758,26.737512588500977,81.2072982788086,mlp,embedding
5038,50390,NaN,NaN,NaN,NaN,4.400598049163818,26.865036010742188,81.49959564208984,mlp,embedding
5039,50400,NaN,NaN,NaN,NaN,4.404779434204102,26.865036010742188,81.8410873413086,mlp,embedding
5040,50410,NaN,NaN,NaN,NaN,4.407942295074463,26.95005226135254,82.10034942626953,mlp,embedding
5041,50420,NaN,NaN,NaN,NaN,4.41269063949585,26.95005226135254,82.49111938476562,mlp,embedding
5042,50430,NaN,NaN,NaN,NaN,4.417165279388428,26.90754508972168,82.8610610961914,mlp,embedding
5043,50440,7.230759365484118e-05,100.0,1.0000723600387573,0.001,4.423175811767578,26.92879867553711,83.36060333251953,mlp,embedding
5044,50450,NaN,NaN,NaN,NaN,4.429620742797852,26.90754508972168,83.89958953857422,mlp,embedding
5045,50460,NaN,NaN,NaN,NaN,4.435543060302734,27.07757568359375,84.39794921875,mlp,embedding
5046,50470,NaN,NaN,NaN,NaN,4.443329334259033,27.07757568359375,85.05765533447266,mlp,embedding
5047,50480,NaN,NaN,NaN,NaN,4.450299263000488,27.120084762573242,85.65257263183594,mlp,embedding
5048,50490,NaN,NaN,NaN,NaN,4.457216262817383,27.03506851196289,86.24708557128906,mlp,embedding
5049,50500,NaN,NaN,NaN,NaN,4.465005874633789,27.1625919342041,86.92153930664062,mlp,embedding
5050,50510,NaN,NaN,NaN,NaN,4.4743804931640625,27.205101013183594,87.74022674560547,mlp,embedding
5051,50520,NaN,NaN,NaN,NaN,4.484941005706787,27.268861770629883,88.67172241210938,mlp,embedding
5052,50530,NaN,NaN,NaN,NaN,4.493499755859375,27.290115356445312,89.43389892578125,mlp,embedding
5053,50540,NaN,NaN,NaN,NaN,4.50249719619751,27.375131607055664,90.24220275878906,mlp,embedding
5054,50550,NaN,NaN,NaN,NaN,4.510820388793945,27.587671279907227,90.9964370727539,mlp,embedding
5055,50560,NaN,NaN,NaN,NaN,4.519443511962891,27.693941116333008,91.78450775146484,mlp,embedding
5056,50570,NaN,NaN,NaN,NaN,4.529684066772461,27.71519660949707,92.72926330566406,mlp,embedding
5057,50580,NaN,NaN,NaN,NaN,4.540252208709717,27.82146644592285,93.71443176269531,mlp,embedding
5058,50590,NaN,NaN,NaN,NaN,4.549539089202881,27.77895736694336,94.58879852294922,mlp,embedding
5059,50600,NaN,NaN,NaN,NaN,4.55795955657959,27.970243453979492,95.3886489868164,mlp,embedding
5060,50610,NaN,NaN,NaN,NaN,4.568291187286377,28.034006118774414,96.3792724609375,mlp,embedding
5061,50620,NaN,NaN,NaN,NaN,4.581414222717285,28.055259704589844,97.65239715576172,mlp,embedding
5062,50630,NaN,NaN,NaN,NaN,4.59182071685791,28.182783126831055,98.6739273071289,mlp,embedding
5063,50640,NaN,NaN,NaN,NaN,4.602004051208496,28.182783126831055,99.68388366699219,mlp,embedding
5064,50650,NaN,NaN,NaN,NaN,4.612183094024658,28.182783126831055,100.7037582397461,mlp,embedding
5065,50660,NaN,NaN,NaN,NaN,4.623648643493652,28.267799377441406,101.86502075195312,mlp,embedding
5066,50670,NaN,NaN,NaN,NaN,4.637756824493408,28.204036712646484,103.31233978271484,mlp,embedding
5067,50680,NaN,NaN,NaN,NaN,4.651504993438721,28.267799377441406,104.74250030517578,mlp,embedding
5068,50690,NaN,NaN,NaN,NaN,4.663039207458496,28.310306549072266,105.9576187133789,mlp,embedding
5069,50700,NaN,NaN,NaN,NaN,4.67215633392334,28.43783187866211,106.92807006835938,mlp,embedding
5070,50710,NaN,NaN,NaN,NaN,4.683910369873047,28.331562042236328,108.19232177734375,mlp,embedding
5071,50720,NaN,NaN,NaN,NaN,4.70115852355957,28.352815628051758,110.07462310791016,mlp,embedding
5072,50730,NaN,NaN,NaN,NaN,4.712112903594971,28.41657829284668,111.28704833984375,mlp,embedding
5073,50740,NaN,NaN,NaN,NaN,4.725473880767822,28.310306549072266,112.783935546875,mlp,embedding
5074,50750,NaN,NaN,NaN,NaN,4.741072177886963,28.310306549072266,114.55696105957031,mlp,embedding
5075,50760,NaN,NaN,NaN,NaN,4.754659175872803,28.310306549072266,116.12406921386719,mlp,embedding
5076,50770,NaN,NaN,NaN,NaN,4.767820358276367,28.225292205810547,117.6624984741211,mlp,embedding
5077,50780,NaN,NaN,NaN,NaN,4.785187721252441,28.097766876220703,119.72383880615234,mlp,embedding
5078,50790,NaN,NaN,NaN,NaN,4.797824382781982,28.140275955200195,121.24634552001953,mlp,embedding
5079,50800,NaN,NaN,NaN,NaN,4.815657138824463,28.055259704589844,123.42789459228516,mlp,embedding
5080,50810,NaN,NaN,NaN,NaN,4.831345081329346,28.076513290405273,125.3794937133789,mlp,embedding
5081,50820,NaN,NaN,NaN,NaN,4.847476005554199,27.991497039794922,127.41838073730469,mlp,embedding
5082,50830,NaN,NaN,NaN,NaN,4.860023021697998,27.991497039794922,129.0271759033203,mlp,embedding
5083,50840,NaN,NaN,NaN,NaN,4.875802993774414,27.88522720336914,131.07936096191406,mlp,embedding
5084,50850,NaN,NaN,NaN,NaN,4.892274379730225,27.86397361755371,133.2563018798828,mlp,embedding
5085,50860,NaN,NaN,NaN,NaN,4.906255722045898,27.948989868164062,135.1324920654297,mlp,embedding
5086,50870,NaN,NaN,NaN,NaN,4.918762683868408,27.7364501953125,136.8332061767578,mlp,embedding
5087,50880,NaN,NaN,NaN,NaN,4.935351848602295,27.80021095275879,139.12208557128906,mlp,embedding
5088,50890,NaN,NaN,NaN,NaN,4.946073532104492,27.77895736694336,140.62173461914062,mlp,embedding
5089,50900,NaN,NaN,NaN,NaN,4.953939437866211,27.80021095275879,141.73220825195312,mlp,embedding
5090,50910,NaN,NaN,NaN,NaN,4.9653520584106445,27.86397361755371,143.3590087890625,mlp,embedding
5091,50920,NaN,NaN,NaN,NaN,4.982612133026123,27.77895736694336,145.85487365722656,mlp,embedding
5092,50930,NaN,NaN,NaN,NaN,4.992329120635986,27.672687530517578,147.279052734375,mlp,embedding
5093,50940,2.1295466012816178e-06,100.0,1.000002145767212,0.001,5.000831127166748,27.71519660949707,148.53656005859375,mlp,embedding
5094,50950,NaN,NaN,NaN,NaN,5.009781837463379,27.75770378112793,149.87203979492188,mlp,embedding
5095,50960,NaN,NaN,NaN,NaN,5.024635314941406,27.71519660949707,152.11477661132812,mlp,embedding
5096,50970,NaN,NaN,NaN,NaN,5.0283732414245605,27.71519660949707,152.68443298339844,mlp,embedding
5097,50980,NaN,NaN,NaN,NaN,5.039840221405029,27.693941116333008,154.44534301757812,mlp,embedding
5098,50990,NaN,NaN,NaN,NaN,5.039435386657715,27.65143394470215,154.38282775878906,mlp,embedding
5099,51000,NaN,NaN,NaN,NaN,5.0508341789245605,27.86397361755371,156.1526641845703,mlp,embedding
5100,51010,NaN,NaN,NaN,NaN,5.050983905792236,27.991497039794922,156.17605590820312,mlp,embedding
5101,51020,NaN,NaN,NaN,NaN,5.054447650909424,27.7364501953125,156.7179412841797,mlp,embedding
5102,51030,NaN,NaN,NaN,NaN,5.0633087158203125,27.80021095275879,158.11280822753906,mlp,embedding
5103,51040,NaN,NaN,NaN,NaN,5.059791088104248,27.948989868164062,157.55760192871094,mlp,embedding
5104,51050,NaN,NaN,NaN,NaN,5.048509120941162,28.055259704589844,155.79002380371094,mlp,embedding
5105,51060,NaN,NaN,NaN,NaN,5.068019390106201,28.119022369384766,158.859375,mlp,embedding
5106,51070,NaN,NaN,NaN,NaN,5.049670696258545,28.395322799682617,155.97109985351562,mlp,embedding
5107,51080,NaN,NaN,NaN,NaN,5.058865547180176,28.289052963256836,157.41183471679688,mlp,embedding
5108,51090,NaN,NaN,NaN,NaN,5.0502424240112305,28.41657829284668,156.06028747558594,mlp,embedding
5109,51100,NaN,NaN,NaN,NaN,5.06276273727417,28.69287872314453,158.02650451660156,mlp,embedding
5110,51110,NaN,NaN,NaN,NaN,5.043313503265381,28.841657638549805,154.98269653320312,mlp,embedding
5111,51120,NaN,NaN,NaN,NaN,5.047361373901367,28.969181060791016,155.611328125,mlp,embedding
5112,51130,NaN,NaN,NaN,NaN,5.0418596267700195,28.926673889160156,154.75753784179688,mlp,embedding
5113,51140,NaN,NaN,NaN,NaN,5.0361199378967285,29.096704483032227,153.871826171875,mlp,embedding
5114,51150,NaN,NaN,NaN,NaN,5.042418479919434,29.33049964904785,154.84405517578125,mlp,embedding
5115,51160,NaN,NaN,NaN,NaN,5.027164459228516,29.41551399230957,152.49998474121094,mlp,embedding
5116,51170,NaN,NaN,NaN,NaN,5.036685943603516,29.35175323486328,153.9589385986328,mlp,embedding
5117,51180,NaN,NaN,NaN,NaN,5.038167953491211,29.925609588623047,154.18727111816406,mlp,embedding
5118,51190,NaN,NaN,NaN,NaN,5.036895275115967,29.98937225341797,153.9911651611328,mlp,embedding
5119,51200,NaN,NaN,NaN,NaN,5.056966781616211,30.05313491821289,157.1132354736328,mlp,embedding
5120,51210,NaN,NaN,NaN,NaN,5.035037994384766,30.371944427490234,153.70542907714844,mlp,embedding
5121,51220,NaN,NaN,NaN,NaN,5.028467178344727,30.393198013305664,152.6987762451172,mlp,embedding
5122,51230,NaN,NaN,NaN,NaN,5.023107528686523,30.435705184936523,151.88255310058594,mlp,embedding
5123,51240,NaN,NaN,NaN,NaN,5.033956050872803,30.456960678100586,153.53921508789062,mlp,embedding
5124,51250,NaN,NaN,NaN,NaN,5.043975353240967,31.009563446044922,155.08531188964844,mlp,embedding
5125,51260,NaN,NaN,NaN,NaN,5.048691749572754,30.77577018737793,155.8184814453125,mlp,embedding
5126,51270,NaN,NaN,NaN,NaN,5.0565104484558105,30.83953094482422,157.0415496826172,mlp,embedding
5127,51280,NaN,NaN,NaN,NaN,5.05056095123291,30.967056274414062,156.11001586914062,mlp,embedding
5128,51290,NaN,NaN,NaN,NaN,5.060423851013184,30.94580078125,157.65731811523438,mlp,embedding
5129,51300,NaN,NaN,NaN,NaN,5.084644794464111,31.349626541137695,161.52255249023438,mlp,embedding
5130,51310,NaN,NaN,NaN,NaN,5.075777053833008,31.64718246459961,160.09654235839844,mlp,embedding
5131,51320,NaN,NaN,NaN,NaN,5.111557960510254,31.902231216430664,165.9286651611328,mlp,embedding
5132,51330,NaN,NaN,NaN,NaN,5.097917079925537,32.178531646728516,163.6806182861328,mlp,embedding
5133,51340,NaN,NaN,NaN,NaN,5.111319541931152,31.880977630615234,165.8891143798828,mlp,embedding
5134,51350,NaN,NaN,NaN,NaN,5.153100967407227,32.41232681274414,172.96702575683594,mlp,embedding
5135,51360,NaN,NaN,NaN,NaN,5.1474151611328125,32.072261810302734,171.98635864257812,mlp,embedding
5136,51370,NaN,NaN,NaN,NaN,5.224739074707031,32.582359313964844,185.81268310546875,mlp,embedding
5137,51380,NaN,NaN,NaN,NaN,13.638601303100586,10.371944427490234,837855.8125,mlp,embedding
5138,51390,NaN,NaN,NaN,NaN,5.889851093292236,24.272050857543945,361.3514709472656,mlp,embedding
5139,51400,NaN,NaN,NaN,NaN,4.3031744956970215,28.119022369384766,73.93412780761719,mlp,embedding
5140,51410,NaN,NaN,NaN,NaN,3.9900238513946533,29.925609588623047,54.05617904663086,mlp,embedding
5141,51420,NaN,NaN,NaN,NaN,3.7091479301452637,32.30605697631836,40.81901168823242,mlp,embedding
5142,51430,NaN,NaN,NaN,NaN,3.691760301589966,32.90116882324219,40.11539840698242,mlp,embedding
5143,51440,0.001828578650020063,100.0,1.0018302202224731,0.001,3.63694167137146,33.19872283935547,37.97551727294922,mlp,embedding
5144,51450,NaN,NaN,NaN,NaN,3.592773199081421,33.75132751464844,36.33470153808594,mlp,embedding
5145,51460,NaN,NaN,NaN,NaN,3.5614161491394043,34.21891403198242,35.21302795410156,mlp,embedding
5146,51470,NaN,NaN,NaN,NaN,3.5460801124572754,34.45270919799805,34.677120208740234,mlp,embedding
5147,51480,NaN,NaN,NaN,NaN,3.5348751544952393,34.537723541259766,34.290733337402344,mlp,embedding
5148,51490,NaN,NaN,NaN,NaN,3.527334213256836,34.70775604248047,34.03312301635742,mlp,embedding
5149,51500,NaN,NaN,NaN,NaN,3.5206851959228516,34.899044036865234,33.807586669921875,mlp,embedding
5150,51510,NaN,NaN,NaN,NaN,3.513796806335449,34.87778854370117,33.575504302978516,mlp,embedding
5151,51520,NaN,NaN,NaN,NaN,3.5090420246124268,34.77151870727539,33.41624069213867,mlp,embedding
5152,51530,NaN,NaN,NaN,NaN,3.504667043685913,34.81402587890625,33.270362854003906,mlp,embedding
5153,51540,NaN,NaN,NaN,NaN,3.500887870788574,34.899044036865234,33.144866943359375,mlp,embedding
5154,51550,NaN,NaN,NaN,NaN,3.4983298778533936,34.899044036865234,33.0601921081543,mlp,embedding
5155,51560,NaN,NaN,NaN,NaN,3.4964635372161865,34.81402587890625,32.9985466003418,mlp,embedding
5156,51570,NaN,NaN,NaN,NaN,3.493138074874878,35.047821044921875,32.88899230957031,mlp,embedding
5157,51580,NaN,NaN,NaN,NaN,3.491151809692383,35.154090881347656,32.823734283447266,mlp,embedding
5158,51590,NaN,NaN,NaN,NaN,3.4885528087615967,35.1115837097168,32.73853302001953,mlp,embedding
5159,51600,NaN,NaN,NaN,NaN,3.4878416061401367,35.1115837097168,32.71525955200195,mlp,embedding
5160,51610,NaN,NaN,NaN,NaN,3.488164186477661,35.196598052978516,32.72581481933594,mlp,embedding
5161,51620,NaN,NaN,NaN,NaN,3.4898247718811035,35.21785354614258,32.78020477294922,mlp,embedding
5162,51630,NaN,NaN,NaN,NaN,3.4910969734191895,35.17534637451172,32.82193374633789,mlp,embedding
5163,51640,NaN,NaN,NaN,NaN,3.492168426513672,35.21785354614258,32.857120513916016,mlp,embedding
5164,51650,NaN,NaN,NaN,NaN,3.4947433471679688,35.239105224609375,32.94183349609375,mlp,embedding
5165,51660,NaN,NaN,NaN,NaN,3.497828960418701,35.2816162109375,33.043636322021484,mlp,embedding
5166,51670,NaN,NaN,NaN,NaN,3.5009050369262695,35.345375061035156,33.14543533325195,mlp,embedding
5167,51680,NaN,NaN,NaN,NaN,3.504560947418213,35.2816162109375,33.2668342590332,mlp,embedding
5168,51690,NaN,NaN,NaN,NaN,3.5075788497924805,35.32412338256836,33.36738204956055,mlp,embedding
5169,51700,NaN,NaN,NaN,NaN,3.5106112957000732,35.43039321899414,33.468719482421875,mlp,embedding
5170,51710,NaN,NaN,NaN,NaN,3.515317916870117,35.53666305541992,33.626617431640625,mlp,embedding
5171,51720,NaN,NaN,NaN,NaN,3.5189874172210693,35.68544006347656,33.75023651123047,mlp,embedding
5172,51730,NaN,NaN,NaN,NaN,3.522573709487915,35.72794723510742,33.871490478515625,mlp,embedding
5173,51740,NaN,NaN,NaN,NaN,3.529045343399048,35.8342170715332,34.091407775878906,mlp,embedding
5174,51750,NaN,NaN,NaN,NaN,3.53558087348938,35.8342170715332,34.31494140625,mlp,embedding
5175,51760,NaN,NaN,NaN,NaN,3.5417237281799316,35.87672424316406,34.52638244628906,mlp,embedding
5176,51770,NaN,NaN,NaN,NaN,3.547434091567993,35.91923522949219,34.72410583496094,mlp,embedding
5177,51780,NaN,NaN,NaN,NaN,3.552095413208008,35.96174240112305,34.8863410949707,mlp,embedding
5178,51790,NaN,NaN,NaN,NaN,3.560055732727051,35.982994079589844,35.165157318115234,mlp,embedding
5179,51800,NaN,NaN,NaN,NaN,3.565164566040039,36.19553756713867,35.34526824951172,mlp,embedding
5180,51810,NaN,NaN,NaN,NaN,3.5710289478302,36.17428207397461,35.553157806396484,mlp,embedding
5181,51820,NaN,NaN,NaN,NaN,3.580756425857544,36.08926773071289,35.90068817138672,mlp,embedding
5182,51830,NaN,NaN,NaN,NaN,3.588484287261963,36.17428207397461,36.179195404052734,mlp,embedding
5183,51840,NaN,NaN,NaN,NaN,3.594823122024536,36.32305908203125,36.40925979614258,mlp,embedding
5184,51850,NaN,NaN,NaN,NaN,3.602834939956665,36.21678924560547,36.7021369934082,mlp,embedding
5185,51860,NaN,NaN,NaN,NaN,3.6118180751800537,36.34431457519531,37.033321380615234,mlp,embedding
5186,51870,NaN,NaN,NaN,NaN,3.6212551593780518,36.28055191040039,37.38446044921875,mlp,embedding
5187,51880,NaN,NaN,NaN,NaN,3.6272594928741455,36.408077239990234,37.6096076965332,mlp,embedding
5188,51890,NaN,NaN,NaN,NaN,3.635568380355835,36.23804473876953,37.92340087890625,mlp,embedding
5189,51900,NaN,NaN,NaN,NaN,3.64439058303833,36.23804473876953,38.25944900512695,mlp,embedding
5190,51910,NaN,NaN,NaN,NaN,3.6539714336395264,36.17428207397461,38.627769470214844,mlp,embedding
5191,51920,NaN,NaN,NaN,NaN,3.663233518600464,36.25929641723633,38.987205505371094,mlp,embedding
5192,51930,NaN,NaN,NaN,NaN,3.671940565109253,36.21678924560547,39.32815170288086,mlp,embedding
5193,51940,NaN,NaN,NaN,NaN,3.6804885864257812,36.13177490234375,39.665767669677734,mlp,embedding
5194,51950,1.0218149327556603e-05,100.0,1.0000102519989014,0.001,3.6925711631774902,35.812965393066406,40.14794158935547,mlp,embedding
5195,51960,NaN,NaN,NaN,NaN,3.700913667678833,35.8342170715332,40.484275817871094,mlp,embedding
5196,51970,NaN,NaN,NaN,NaN,3.712188720703125,35.897979736328125,40.943321228027344,mlp,embedding
5197,51980,NaN,NaN,NaN,NaN,3.7214133739471436,35.897979736328125,41.322757720947266,mlp,embedding
5198,51990,NaN,NaN,NaN,NaN,3.7281486988067627,35.706695556640625,41.602020263671875,mlp,embedding
5199,52000,NaN,NaN,NaN,NaN,3.737942934036255,35.8342170715332,42.01148223876953,mlp,embedding
5200,52010,NaN,NaN,NaN,NaN,3.7490439414978027,35.72794723510742,42.48044967651367,mlp,embedding
5201,52020,NaN,NaN,NaN,NaN,3.7583670616149902,35.6429328918457,42.87834930419922,mlp,embedding
5202,52030,NaN,NaN,NaN,NaN,3.7684648036956787,35.6641845703125,43.31351852416992,mlp,embedding
5203,52040,NaN,NaN,NaN,NaN,3.77738356590271,35.791709899902344,43.7015495300293,mlp,embedding
5204,52050,NaN,NaN,NaN,NaN,3.7894198894500732,35.72794723510742,44.230735778808594,mlp,embedding
5205,52060,NaN,NaN,NaN,NaN,3.7983598709106445,35.62167739868164,44.6279296875,mlp,embedding
5206,52070,NaN,NaN,NaN,NaN,3.8063976764678955,35.8342170715332,44.98808670043945,mlp,embedding
5207,52080,NaN,NaN,NaN,NaN,3.8196494579315186,35.91923522949219,45.588226318359375,mlp,embedding
5208,52090,NaN,NaN,NaN,NaN,3.8284499645233154,35.940486907958984,45.99119567871094,mlp,embedding
5209,52100,NaN,NaN,NaN,NaN,3.839430809020996,35.855472564697266,46.499000549316406,mlp,embedding
5210,52110,NaN,NaN,NaN,NaN,3.8494884967803955,35.8342170715332,46.969032287597656,mlp,embedding
5211,52120,NaN,NaN,NaN,NaN,3.861774444580078,35.55791473388672,47.549652099609375,mlp,embedding
5212,52130,NaN,NaN,NaN,NaN,3.871854305267334,35.87672424316406,48.031368255615234,mlp,embedding
5213,52140,NaN,NaN,NaN,NaN,3.877777099609375,36.02550506591797,48.31669235229492,mlp,embedding
5214,52150,NaN,NaN,NaN,NaN,3.889482259750366,36.046756744384766,48.88557052612305,mlp,embedding
5215,52160,NaN,NaN,NaN,NaN,3.90388560295105,35.940486907958984,49.59477996826172,mlp,embedding
5216,52170,NaN,NaN,NaN,NaN,3.9147706031799316,35.91923522949219,50.137569427490234,mlp,embedding
5217,52180,NaN,NaN,NaN,NaN,3.9199745655059814,35.87672424316406,50.39916229248047,mlp,embedding
5218,52190,NaN,NaN,NaN,NaN,3.9266960620880127,36.08926773071289,50.73906326293945,mlp,embedding
5219,52200,NaN,NaN,NaN,NaN,3.935861110687256,35.96174240112305,51.20622634887695,mlp,embedding
5220,52210,NaN,NaN,NaN,NaN,3.9424328804016113,35.87672424316406,51.54384994506836,mlp,embedding
5221,52220,NaN,NaN,NaN,NaN,3.948119878768921,36.08926773071289,51.83781433105469,mlp,embedding
5222,52230,NaN,NaN,NaN,NaN,3.9582903385162354,35.91923522949219,52.36771774291992,mlp,embedding
5223,52240,NaN,NaN,NaN,NaN,3.95810604095459,35.706695556640625,52.35806655883789,mlp,embedding
5224,52250,NaN,NaN,NaN,NaN,3.967099189758301,36.02550506591797,52.8310546875,mlp,embedding
5225,52260,NaN,NaN,NaN,NaN,3.9704105854034424,36.06801223754883,53.006290435791016,mlp,embedding
5226,52270,NaN,NaN,NaN,NaN,3.9727420806884766,35.855472564697266,53.1300163269043,mlp,embedding
5227,52280,NaN,NaN,NaN,NaN,3.976987600326538,36.08926773071289,53.35606384277344,mlp,embedding
5228,52290,NaN,NaN,NaN,NaN,3.98366379737854,36.19553756713867,53.713470458984375,mlp,embedding
5229,52300,NaN,NaN,NaN,NaN,3.9826464653015137,36.30180740356445,53.658851623535156,mlp,embedding
5230,52310,NaN,NaN,NaN,NaN,3.983278751373291,36.408077239990234,53.69279098510742,mlp,embedding
5231,52320,NaN,NaN,NaN,NaN,3.9767866134643555,36.08926773071289,53.345340728759766,mlp,embedding
5232,52330,NaN,NaN,NaN,NaN,3.9768755435943604,36.57810592651367,53.35008239746094,mlp,embedding
5233,52340,NaN,NaN,NaN,NaN,3.982781410217285,36.705631256103516,53.66609573364258,mlp,embedding
5234,52350,NaN,NaN,NaN,NaN,3.96530818939209,36.8119010925293,52.73651885986328,mlp,embedding
5235,52360,NaN,NaN,NaN,NaN,3.9664664268493652,36.87566375732422,52.797637939453125,mlp,embedding
5236,52370,NaN,NaN,NaN,NaN,3.9620072841644287,37.04569625854492,52.56272888183594,mlp,embedding
5237,52380,NaN,NaN,NaN,NaN,3.961259603500366,37.04569625854492,52.523441314697266,mlp,embedding
5238,52390,NaN,NaN,NaN,NaN,3.962751865386963,37.00318908691406,52.60187911987305,mlp,embedding
5239,52400,NaN,NaN,NaN,NaN,3.9494786262512207,37.27948760986328,51.908294677734375,mlp,embedding
5240,52410,NaN,NaN,NaN,NaN,3.955610752105713,37.66205978393555,52.22758102416992,mlp,embedding
5241,52420,NaN,NaN,NaN,NaN,3.955477476119995,37.449520111083984,52.22062301635742,mlp,embedding
5242,52430,NaN,NaN,NaN,NaN,3.952382802963257,37.74707794189453,52.05926513671875,mlp,embedding
5243,52440,NaN,NaN,NaN,NaN,3.9264814853668213,37.91710662841797,50.72817611694336,mlp,embedding
5244,52450,NaN,NaN,NaN,NaN,3.9261345863342285,37.81083679199219,50.7105827331543,mlp,embedding
5245,52460,5.675871648236352e-07,100.0,1.0000005960464478,0.001,3.9264163970947266,38.065887451171875,50.72487258911133,mlp,embedding
5246,52470,NaN,NaN,NaN,NaN,3.925494432449341,37.89585494995117,50.67812728881836,mlp,embedding
5247,52480,NaN,NaN,NaN,NaN,3.9231185913085938,38.405948638916016,50.55786895751953,mlp,embedding
5248,52490,NaN,NaN,NaN,NaN,3.927863836288452,38.3209342956543,50.79834747314453,mlp,embedding
5249,52500,NaN,NaN,NaN,NaN,3.9202606678009033,38.46971130371094,50.4135856628418,mlp,embedding
5250,52510,NaN,NaN,NaN,NaN,3.90745210647583,38.78852081298828,49.771976470947266,mlp,embedding
5251,52520,NaN,NaN,NaN,NaN,3.9162328243255615,38.78852081298828,50.210933685302734,mlp,embedding
5252,52530,NaN,NaN,NaN,NaN,3.913621187210083,39.38363265991211,50.07997131347656,mlp,embedding
5253,52540,NaN,NaN,NaN,NaN,3.9222095012664795,39.34112548828125,50.51192855834961,mlp,embedding
5254,52550,NaN,NaN,NaN,NaN,3.9342849254608154,39.574920654296875,51.125579833984375,mlp,embedding
5255,52560,NaN,NaN,NaN,NaN,3.957034111022949,39.574920654296875,52.30197525024414,mlp,embedding
5256,52570,NaN,NaN,NaN,NaN,3.934690475463867,39.97874450683594,51.14631652832031,mlp,embedding
5257,52580,NaN,NaN,NaN,NaN,3.9716691970825195,40.06376266479492,53.07304763793945,mlp,embedding
5258,52590,NaN,NaN,NaN,NaN,3.960242509841919,39.8299674987793,52.47005081176758,mlp,embedding
5259,52600,NaN,NaN,NaN,NaN,3.9937727451324463,40.06376266479492,54.25920867919922,mlp,embedding
5260,52610,NaN,NaN,NaN,NaN,4.002782344818115,40.531349182128906,54.75027084350586,mlp,embedding
5261,52620,NaN,NaN,NaN,NaN,3.99761962890625,40.318809509277344,54.46834182739258,mlp,embedding
5262,52630,NaN,NaN,NaN,NaN,4.053759574890137,40.467586517333984,57.61365509033203,mlp,embedding
5263,52640,NaN,NaN,NaN,NaN,3.99994158744812,40.99893569946289,54.5949592590332,mlp,embedding
5264,52650,NaN,NaN,NaN,NaN,6.755478382110596,28.650371551513672,858.75048828125,mlp,embedding
5265,52660,NaN,NaN,NaN,NaN,5.076205730438232,29.691816329956055,160.16519165039062,mlp,embedding
5266,52670,NaN,NaN,NaN,NaN,3.560055732727051,36.790645599365234,35.165157318115234,mlp,embedding
5267,52680,NaN,NaN,NaN,NaN,3.257016181945801,38.08713912963867,25.971925735473633,mlp,embedding
5268,52690,NaN,NaN,NaN,NaN,3.0036799907684326,41.21147537231445,20.159587860107422,mlp,embedding
5269,52700,NaN,NaN,NaN,NaN,2.8711931705474854,41.76408004760742,17.6580753326416,mlp,embedding
5270,52710,NaN,NaN,NaN,NaN,2.773716688156128,42.61423873901367,16.018056869506836,mlp,embedding
5271,52720,NaN,NaN,NaN,NaN,2.7340879440307617,43.50690460205078,15.395695686340332,mlp,embedding
5272,52730,NaN,NaN,NaN,NaN,2.7032032012939453,43.91073226928711,14.927471160888672,mlp,embedding
5273,52740,NaN,NaN,NaN,NaN,2.6876285076141357,44.16577911376953,14.696781158447266,mlp,embedding
5274,52750,NaN,NaN,NaN,NaN,2.6788277626037598,44.16577911376953,14.56800651550293,mlp,embedding
5275,52760,NaN,NaN,NaN,NaN,2.6723544597625732,44.442081451416016,14.474007606506348,mlp,embedding
5276,52770,NaN,NaN,NaN,NaN,2.666212558746338,44.5483512878418,14.385381698608398,mlp,embedding
5277,52780,NaN,NaN,NaN,NaN,2.660407304763794,44.82465362548828,14.30211353302002,mlp,embedding
5278,52790,NaN,NaN,NaN,NaN,2.654676675796509,44.78214645385742,14.22038745880127,mlp,embedding
5279,52800,NaN,NaN,NaN,NaN,2.649384021759033,44.93092346191406,14.145322799682617,mlp,embedding
5280,52810,NaN,NaN,NaN,NaN,2.6457912921905518,44.93092346191406,14.09459400177002,mlp,embedding
5281,52820,NaN,NaN,NaN,NaN,2.642808437347412,44.952178955078125,14.052614212036133,mlp,embedding
5282,52830,NaN,NaN,NaN,NaN,2.640878915786743,44.952178955078125,14.025525093078613,mlp,embedding
5283,52840,NaN,NaN,NaN,NaN,2.638685703277588,45.058448791503906,13.99479866027832,mlp,embedding
5284,52850,NaN,NaN,NaN,NaN,2.63672137260437,45.228477478027344,13.967334747314453,mlp,embedding
5285,52860,NaN,NaN,NaN,NaN,2.6354496479034424,45.12220764160156,13.949583053588867,mlp,embedding
5286,52870,NaN,NaN,NaN,NaN,2.6326565742492676,45.100955963134766,13.910676002502441,mlp,embedding
5287,52880,NaN,NaN,NaN,NaN,2.6312835216522217,45.12220764160156,13.89158821105957,mlp,embedding
5288,52890,NaN,NaN,NaN,NaN,2.6287386417388916,45.334747314453125,13.856281280517578,mlp,embedding
5289,52900,NaN,NaN,NaN,NaN,2.62850284576416,45.46227264404297,13.85301399230957,mlp,embedding
5290,52910,NaN,NaN,NaN,NaN,2.6287386417388916,45.50477981567383,13.856281280517578,mlp,embedding
5291,52920,NaN,NaN,NaN,NaN,2.627129316329956,45.54729080200195,13.833999633789062,mlp,embedding
5292,52930,NaN,NaN,NaN,NaN,2.6288671493530273,45.56854248046875,13.858061790466309,mlp,embedding
5293,52940,NaN,NaN,NaN,NaN,2.6304008960723877,45.56854248046875,13.879332542419434,mlp,embedding
5294,52950,NaN,NaN,NaN,NaN,2.6314001083374023,45.67481231689453,13.893208503723145,mlp,embedding
5295,52960,NaN,NaN,NaN,NaN,2.631688117980957,45.61104965209961,13.897210121154785,mlp,embedding
5296,52970,NaN,NaN,NaN,NaN,2.6324172019958496,45.50477981567383,13.90734577178955,mlp,embedding
5297,52980,6.580074114026502e-05,100.0,1.000065803527832,0.001,2.634183883666992,45.67481231689453,13.931938171386719,mlp,embedding
5298,52990,NaN,NaN,NaN,NaN,2.635195016860962,45.67481231689453,13.94603157043457,mlp,embedding
5299,53000,NaN,NaN,NaN,NaN,2.6389052867889404,45.67481231689453,13.997871398925781,mlp,embedding
5300,53010,NaN,NaN,NaN,NaN,2.6425721645355225,45.653560638427734,14.049294471740723,mlp,embedding
5301,53020,NaN,NaN,NaN,NaN,2.645146131515503,45.54729080200195,14.085503578186035,mlp,embedding
5302,53030,NaN,NaN,NaN,NaN,2.647460699081421,45.48352813720703,14.118143081665039,mlp,embedding
5303,53040,NaN,NaN,NaN,NaN,2.6519434452056885,45.73857498168945,14.181572914123535,mlp,embedding
5304,53050,NaN,NaN,NaN,NaN,2.654005527496338,45.73857498168945,14.210846900939941,mlp,embedding
5305,53060,NaN,NaN,NaN,NaN,2.6573009490966797,45.78108215332031,14.2577543258667,mlp,embedding
5306,53070,NaN,NaN,NaN,NaN,2.6608338356018066,45.802337646484375,14.308215141296387,mlp,embedding
5307,53080,NaN,NaN,NaN,NaN,2.664700746536255,45.887351989746094,14.36365032196045,mlp,embedding
5308,53090,NaN,NaN,NaN,NaN,2.6677424907684326,46.12114715576172,14.407407760620117,mlp,embedding
5309,53100,NaN,NaN,NaN,NaN,2.672616720199585,46.07863998413086,14.477804183959961,mlp,embedding
5310,53110,NaN,NaN,NaN,NaN,2.6787025928497314,46.16365432739258,14.566183090209961,mlp,embedding
5311,53120,NaN,NaN,NaN,NaN,2.683971643447876,46.0573844909668,14.643135070800781,mlp,embedding
5312,53130,NaN,NaN,NaN,NaN,2.691018581390381,45.951114654541016,14.746688842773438,mlp,embedding
5313,53140,NaN,NaN,NaN,NaN,2.697683572769165,45.993621826171875,14.845303535461426,mlp,embedding
5314,53150,NaN,NaN,NaN,NaN,2.7017805576324463,45.97237014770508,14.90625,mlp,embedding
5315,53160,NaN,NaN,NaN,NaN,2.706305742263794,46.099891662597656,14.973855972290039,mlp,embedding
5316,53170,NaN,NaN,NaN,NaN,2.7145442962646484,46.0573844909668,15.097728729248047,mlp,embedding
5317,53180,NaN,NaN,NaN,NaN,2.7204458713531494,46.12114715576172,15.187091827392578,mlp,embedding
5318,53190,NaN,NaN,NaN,NaN,2.7254693508148193,45.951114654541016,15.26357650756836,mlp,embedding
5319,53200,NaN,NaN,NaN,NaN,2.732503890991211,45.951114654541016,15.37132740020752,mlp,embedding
5320,53210,NaN,NaN,NaN,NaN,2.7395384311676025,45.887351989746094,15.479838371276855,mlp,embedding
5321,53220,NaN,NaN,NaN,NaN,2.745439052581787,45.92985916137695,15.571449279785156,mlp,embedding
5322,53230,NaN,NaN,NaN,NaN,2.7539191246032715,45.951114654541016,15.704057693481445,mlp,embedding
5323,53240,NaN,NaN,NaN,NaN,2.7596092224121094,45.908607482910156,15.793669700622559,mlp,embedding
5324,53250,NaN,NaN,NaN,NaN,2.766357898712158,45.993621826171875,15.900616645812988,mlp,embedding
5325,53260,NaN,NaN,NaN,NaN,2.7744569778442383,45.908607482910156,16.02992057800293,mlp,embedding
5326,53270,NaN,NaN,NaN,NaN,2.7812204360961914,45.92985916137695,16.138704299926758,mlp,embedding
5327,53280,NaN,NaN,NaN,NaN,2.7912304401397705,46.18490982055664,16.30106544494629,mlp,embedding
5328,53290,NaN,NaN,NaN,NaN,2.7983779907226562,46.0573844909668,16.41799545288086,mlp,embedding
5329,53300,NaN,NaN,NaN,NaN,2.80477237701416,46.0573844909668,16.523313522338867,mlp,embedding
5330,53310,NaN,NaN,NaN,NaN,2.8132688999176025,46.036128997802734,16.664302825927734,mlp,embedding
5331,53320,NaN,NaN,NaN,NaN,2.821342706680298,45.993621826171875,16.799392700195312,mlp,embedding
5332,53330,NaN,NaN,NaN,NaN,2.830721855163574,45.82358932495117,16.95769691467285,mlp,embedding
5333,53340,NaN,NaN,NaN,NaN,2.8364806175231934,46.036128997802734,17.055633544921875,mlp,embedding
5334,53350,NaN,NaN,NaN,NaN,2.8434295654296875,45.97237014770508,17.1745662689209,mlp,embedding
5335,53360,NaN,NaN,NaN,NaN,2.8523435592651367,45.908607482910156,17.328344345092773,mlp,embedding
5336,53370,NaN,NaN,NaN,NaN,2.8629095554351807,45.8661003112793,17.512405395507812,mlp,embedding
5337,53380,NaN,NaN,NaN,NaN,2.8694820404052734,46.07863998413086,17.627885818481445,mlp,embedding
5338,53390,NaN,NaN,NaN,NaN,2.8755204677581787,45.844844818115234,17.734651565551758,mlp,embedding
5339,53400,NaN,NaN,NaN,NaN,2.8817169666290283,45.802337646484375,17.844886779785156,mlp,embedding
5340,53410,NaN,NaN,NaN,NaN,2.883514881134033,45.71731948852539,17.876998901367188,mlp,embedding
5341,53420,NaN,NaN,NaN,NaN,2.8939530849456787,45.8661003112793,18.064579010009766,mlp,embedding
5342,53430,NaN,NaN,NaN,NaN,2.8976662158966064,45.78108215332031,18.13178062438965,mlp,embedding
5343,53440,NaN,NaN,NaN,NaN,2.901709794998169,45.887351989746094,18.205245971679688,mlp,embedding
5344,53450,NaN,NaN,NaN,NaN,2.915148973464966,45.82358932495117,18.451560974121094,mlp,embedding
5345,53460,NaN,NaN,NaN,NaN,2.9203383922576904,45.951114654541016,18.547563552856445,mlp,embedding
5346,53470,NaN,NaN,NaN,NaN,2.920004367828369,45.993621826171875,18.54136848449707,mlp,embedding
5347,53480,NaN,NaN,NaN,NaN,2.928032875061035,45.993621826171875,18.690826416015625,mlp,embedding
5348,53490,NaN,NaN,NaN,NaN,2.9284675121307373,45.951114654541016,18.698951721191406,mlp,embedding
5349,53500,1.7875044022730435e-06,100.0,1.0000017881393433,0.001,2.927602529525757,45.71731948852539,18.682785034179688,mlp,embedding
5350,53510,NaN,NaN,NaN,NaN,2.9342615604400635,45.71731948852539,18.80760955810547,mlp,embedding
5351,53520,NaN,NaN,NaN,NaN,2.9298763275146484,46.036128997802734,18.72531509399414,mlp,embedding
5352,53530,NaN,NaN,NaN,NaN,2.9321651458740234,46.2274169921875,18.76822280883789,mlp,embedding
5353,53540,NaN,NaN,NaN,NaN,2.9344606399536133,46.37619400024414,18.81135368347168,mlp,embedding
5354,53550,NaN,NaN,NaN,NaN,2.9383437633514404,46.18490982055664,18.88454246520996,mlp,embedding
5355,53560,NaN,NaN,NaN,NaN,2.932854652404785,46.3974494934082,18.78116798400879,mlp,embedding
5356,53570,NaN,NaN,NaN,NaN,2.929389238357544,46.48246383666992,18.716196060180664,mlp,embedding
5357,53580,NaN,NaN,NaN,NaN,2.9180479049682617,46.48246383666992,18.505128860473633,mlp,embedding
5358,53590,NaN,NaN,NaN,NaN,2.927851915359497,46.737510681152344,18.68744468688965,mlp,embedding
5359,53600,NaN,NaN,NaN,NaN,2.9165523052215576,47.03506851196289,18.47747230529785,mlp,embedding
5360,53610,NaN,NaN,NaN,NaN,2.9145781993865967,46.97130584716797,18.44103240966797,mlp,embedding
5361,53620,NaN,NaN,NaN,NaN,2.91475510597229,47.07757568359375,18.44429588317871,mlp,embedding
5362,53630,NaN,NaN,NaN,NaN,2.9032607078552246,47.22635269165039,18.233503341674805,mlp,embedding
5363,53640,NaN,NaN,NaN,NaN,2.896543502807617,47.26885986328125,18.111434936523438,mlp,embedding
5364,53650,NaN,NaN,NaN,NaN,2.894235134124756,47.69394302368164,18.06967544555664,mlp,embedding
5365,53660,NaN,NaN,NaN,NaN,2.8876988887786865,47.396385192871094,17.95195198059082,mlp,embedding
5366,53670,NaN,NaN,NaN,NaN,2.883906602859497,47.7364501953125,17.884002685546875,mlp,embedding
5367,53680,NaN,NaN,NaN,NaN,2.87467360496521,48.012752532958984,17.71963882446289,mlp,embedding
5368,53690,NaN,NaN,NaN,NaN,2.8734471797943115,48.07651138305664,17.697921752929688,mlp,embedding
5369,53700,NaN,NaN,NaN,NaN,2.8672287464141846,48.33156204223633,17.58820915222168,mlp,embedding
5370,53710,NaN,NaN,NaN,NaN,2.8694846630096436,48.43783187866211,17.627931594848633,mlp,embedding
5371,53720,NaN,NaN,NaN,NaN,2.8634531497955322,48.77789306640625,17.521928787231445,mlp,embedding
5372,53730,NaN,NaN,NaN,NaN,2.857435703277588,48.58660888671875,17.416807174682617,mlp,embedding
5373,53740,NaN,NaN,NaN,NaN,2.858602523803711,48.862911224365234,17.43714141845703,mlp,embedding
5374,53750,NaN,NaN,NaN,NaN,2.8520119190216064,49.011688232421875,17.322599411010742,mlp,embedding
5375,53760,NaN,NaN,NaN,NaN,2.840115547180176,49.521785736083984,17.11774253845215,mlp,embedding
5376,53770,NaN,NaN,NaN,NaN,2.83320689201355,49.2454833984375,16.999889373779297,mlp,embedding
5377,53780,NaN,NaN,NaN,NaN,2.8382904529571533,49.776832580566406,17.086530685424805,mlp,embedding
5378,53790,NaN,NaN,NaN,NaN,2.8249175548553467,50.05313491821289,16.859554290771484,mlp,embedding
5379,53800,NaN,NaN,NaN,NaN,2.8337137699127197,49.94686508178711,17.008508682250977,mlp,embedding
5380,53810,NaN,NaN,NaN,NaN,2.84761381149292,49.94686508178711,17.246578216552734,mlp,embedding
5381,53820,NaN,NaN,NaN,NaN,2.832267999649048,50.414451599121094,16.983936309814453,mlp,embedding
5382,53830,NaN,NaN,NaN,NaN,2.8565433025360107,49.92560958862305,17.40127182006836,mlp,embedding
5383,53840,NaN,NaN,NaN,NaN,2.8462419509887695,50.520721435546875,17.22293472290039,mlp,embedding
5384,53850,NaN,NaN,NaN,NaN,2.8525187969207764,50.7545166015625,17.33138084411621,mlp,embedding
5385,53860,NaN,NaN,NaN,NaN,2.8325891494750977,50.96705627441406,16.989391326904297,mlp,embedding
5386,53870,NaN,NaN,NaN,NaN,2.883821487426758,50.669498443603516,17.88248062133789,mlp,embedding
5387,53880,NaN,NaN,NaN,NaN,2.868818759918213,50.90329360961914,17.61619758605957,mlp,embedding
5388,53890,NaN,NaN,NaN,NaN,2.876218318939209,51.73219680786133,17.747032165527344,mlp,embedding
5389,53900,NaN,NaN,NaN,NaN,2.912264108657837,51.137088775634766,18.398406982421875,mlp,embedding
5390,53910,NaN,NaN,NaN,NaN,5.052055358886719,34.11264419555664,156.34347534179688,mlp,embedding
5391,53920,NaN,NaN,NaN,NaN,5.928870677947998,26.865036010742188,375.7299499511719,mlp,embedding
5392,53930,NaN,NaN,NaN,NaN,3.408179998397827,37.42826843261719,30.2102108001709,mlp,embedding
5393,53940,NaN,NaN,NaN,NaN,2.635810136795044,43.16684341430664,13.954612731933594,mlp,embedding
5394,53950,NaN,NaN,NaN,NaN,2.33023738861084,45.249732971191406,10.28038215637207,mlp,embedding
5395,53960,NaN,NaN,NaN,NaN,2.1516871452331543,48.310306549072266,8.59935474395752,mlp,embedding
5396,53970,NaN,NaN,NaN,NaN,2.088449239730835,50.010623931884766,8.072386741638184,mlp,embedding
5397,53980,NaN,NaN,NaN,NaN,2.073499917984009,50.49946594238281,7.952608108520508,mlp,embedding
5398,53990,NaN,NaN,NaN,NaN,2.049945831298828,50.90329360961914,7.767480373382568,mlp,embedding
5399,54000,NaN,NaN,NaN,NaN,2.0303092002868652,51.34962844848633,7.616441249847412,mlp,embedding
5400,54010,NaN,NaN,NaN,NaN,2.016955614089966,51.64718246459961,7.515410423278809,mlp,embedding
5401,54020,NaN,NaN,NaN,NaN,2.0078790187835693,51.81721496582031,7.44750452041626,mlp,embedding
5402,54030,0.0011459066299721599,100.0,1.0011465549468994,0.001,2.000919818878174,52.05101013183594,7.395855903625488,mlp,embedding
5403,54040,NaN,NaN,NaN,NaN,1.9947311878204346,52.2848014831543,7.350226879119873,mlp,embedding
5404,54050,NaN,NaN,NaN,NaN,1.9894393682479858,52.56110382080078,7.311433792114258,mlp,embedding
5405,54060,NaN,NaN,NaN,NaN,1.9837899208068848,52.60361099243164,7.270244598388672,mlp,embedding
5406,54070,NaN,NaN,NaN,NaN,1.9778802394866943,52.66737365722656,7.2274065017700195,mlp,embedding
5407,54080,NaN,NaN,NaN,NaN,1.972216010093689,52.8161506652832,7.18658447265625,mlp,embedding
5408,54090,NaN,NaN,NaN,NaN,1.9680296182632446,52.8161506652832,7.156561374664307,mlp,embedding
5409,54100,NaN,NaN,NaN,NaN,1.962990641593933,52.94367599487305,7.1205902099609375,mlp,embedding
5410,54110,NaN,NaN,NaN,NaN,1.9591445922851562,53.028690338134766,7.093256950378418,mlp,embedding
5411,54120,NaN,NaN,NaN,NaN,1.9547666311264038,53.19872283935547,7.062270641326904,mlp,embedding
5412,54130,NaN,NaN,NaN,NaN,1.950453519821167,53.26248550415039,7.031876087188721,mlp,embedding
5413,54140,NaN,NaN,NaN,NaN,1.9464802742004395,53.41126251220703,7.003992080688477,mlp,embedding
5414,54150,NaN,NaN,NaN,NaN,1.9437775611877441,53.32624816894531,6.985087871551514,mlp,embedding
5415,54160,NaN,NaN,NaN,NaN,1.9422982931137085,53.45376968383789,6.974762439727783,mlp,embedding
5416,54170,NaN,NaN,NaN,NaN,1.9403425455093384,53.41126251220703,6.961134910583496,mlp,embedding
5417,54180,NaN,NaN,NaN,NaN,1.9367811679840088,53.623802185058594,6.93638801574707,mlp,embedding
5418,54190,NaN,NaN,NaN,NaN,1.934935450553894,53.623802185058594,6.92359733581543,mlp,embedding
5419,54200,NaN,NaN,NaN,NaN,1.9322344064712524,53.687564849853516,6.904921531677246,mlp,embedding
5420,54210,NaN,NaN,NaN,NaN,1.9305570125579834,53.81509017944336,6.893348693847656,mlp,embedding
5421,54220,NaN,NaN,NaN,NaN,1.9286121129989624,53.90010452270508,6.879954814910889,mlp,embedding
5422,54230,NaN,NaN,NaN,NaN,1.926641583442688,54.04888153076172,6.866411209106445,mlp,embedding
5423,54240,NaN,NaN,NaN,NaN,1.9262996912002563,54.1551513671875,6.8640642166137695,mlp,embedding
5424,54250,NaN,NaN,NaN,NaN,1.9246195554733276,54.091392517089844,6.852540969848633,mlp,embedding
5425,54260,NaN,NaN,NaN,NaN,1.9240642786026,54.3251838684082,6.8487372398376465,mlp,embedding
5426,54270,NaN,NaN,NaN,NaN,1.923221468925476,54.495216369628906,6.842967510223389,mlp,embedding
5427,54280,NaN,NaN,NaN,NaN,1.9204438924789429,54.70775604248047,6.823987007141113,mlp,embedding
5428,54290,NaN,NaN,NaN,NaN,1.9203100204467773,54.60148620605469,6.823073387145996,mlp,embedding
5429,54300,NaN,NaN,NaN,NaN,1.9201593399047852,54.77151870727539,6.82204532623291,mlp,embedding
5430,54310,NaN,NaN,NaN,NaN,1.9194588661193848,54.83528137207031,6.817268371582031,mlp,embedding
5431,54320,NaN,NaN,NaN,NaN,1.9182215929031372,54.941551208496094,6.808838844299316,mlp,embedding
5432,54330,NaN,NaN,NaN,NaN,1.9186476469039917,55.005313873291016,6.811740398406982,mlp,embedding
5433,54340,NaN,NaN,NaN,NaN,1.9181784391403198,55.1115837097168,6.808545112609863,mlp,embedding
5434,54350,NaN,NaN,NaN,NaN,1.9167288541793823,55.239105224609375,6.798682689666748,mlp,embedding
5435,54360,NaN,NaN,NaN,NaN,1.9167675971984863,55.32412338256836,6.798945903778076,mlp,embedding
5436,54370,NaN,NaN,NaN,NaN,1.9164457321166992,55.281612396240234,6.79675817489624,mlp,embedding
5437,54380,NaN,NaN,NaN,NaN,1.9154257774353027,55.345375061035156,6.789829254150391,mlp,embedding
5438,54390,NaN,NaN,NaN,NaN,1.9149466753005981,55.40913772583008,6.786576747894287,mlp,embedding
5439,54400,NaN,NaN,NaN,NaN,1.9127126932144165,55.472900390625,6.771432876586914,mlp,embedding
5440,54410,NaN,NaN,NaN,NaN,1.9117971658706665,55.45164489746094,6.765235900878906,mlp,embedding
5441,54420,NaN,NaN,NaN,NaN,1.9121679067611694,55.62167739868164,6.767744541168213,mlp,embedding
5442,54430,NaN,NaN,NaN,NaN,1.9120875597000122,55.6429328918457,6.767200946807861,mlp,embedding
5443,54440,NaN,NaN,NaN,NaN,1.9144136905670166,55.812965393066406,6.782960891723633,mlp,embedding
5444,54450,NaN,NaN,NaN,NaN,1.9141156673431396,55.91923522949219,6.78093957901001,mlp,embedding
5445,54460,NaN,NaN,NaN,NaN,1.9140747785568237,55.982994079589844,6.7806620597839355,mlp,embedding
5446,54470,NaN,NaN,NaN,NaN,1.9146411418914795,56.02550506591797,6.78450345993042,mlp,embedding
5447,54480,NaN,NaN,NaN,NaN,1.9147688150405884,55.897979736328125,6.785369873046875,mlp,embedding
5448,54490,NaN,NaN,NaN,NaN,1.9151020050048828,56.195533752441406,6.787631034851074,mlp,embedding
5449,54500,NaN,NaN,NaN,NaN,1.9142472743988037,56.25929641723633,6.781832218170166,mlp,embedding
5450,54510,NaN,NaN,NaN,NaN,1.915651559829712,56.06801223754883,6.791362285614014,mlp,embedding
5451,54520,NaN,NaN,NaN,NaN,1.92007315158844,56.21678924560547,6.821457386016846,mlp,embedding
5452,54530,NaN,NaN,NaN,NaN,1.921390175819397,56.36556625366211,6.830447196960449,mlp,embedding
5453,54540,NaN,NaN,NaN,NaN,1.9244204759597778,56.38682174682617,6.851177215576172,mlp,embedding
5454,54550,NaN,NaN,NaN,NaN,1.9258671998977661,56.450584411621094,6.861095905303955,mlp,embedding
5455,54560,NaN,NaN,NaN,NaN,1.926964521408081,56.38682174682617,6.868628978729248,mlp,embedding
5456,54570,9.246346053259913e-06,100.0,1.000009298324585,0.001,1.9314507246017456,56.34431457519531,6.89951229095459,mlp,embedding
5457,54580,NaN,NaN,NaN,NaN,1.9314754009246826,56.57810592651367,6.899682521820068,mlp,embedding
5458,54590,NaN,NaN,NaN,NaN,1.9328700304031372,56.68437576293945,6.909311771392822,mlp,embedding
5459,54600,NaN,NaN,NaN,NaN,1.9368594884872437,56.49309158325195,6.936931133270264,mlp,embedding
5460,54610,NaN,NaN,NaN,NaN,1.9387177228927612,56.705631256103516,6.949833869934082,mlp,embedding
5461,54620,NaN,NaN,NaN,NaN,1.9401969909667969,56.854408264160156,6.960122108459473,mlp,embedding
5462,54630,NaN,NaN,NaN,NaN,1.943750262260437,56.91817092895508,6.984897136688232,mlp,embedding
5463,54640,NaN,NaN,NaN,NaN,1.9468293190002441,57.1732177734375,7.006437301635742,mlp,embedding
5464,54650,NaN,NaN,NaN,NaN,1.9522792100906372,56.96067810058594,7.0447258949279785,mlp,embedding
5465,54660,NaN,NaN,NaN,NaN,1.9526981115341187,57.32199478149414,7.047677516937256,mlp,embedding
5466,54670,NaN,NaN,NaN,NaN,1.9562649726867676,57.47077560424805,7.072860240936279,mlp,embedding
5467,54680,NaN,NaN,NaN,NaN,1.9592921733856201,57.47077560424805,7.094303607940674,mlp,embedding
5468,54690,NaN,NaN,NaN,NaN,1.9650894403457642,57.57704544067383,7.1355509757995605,mlp,embedding
5469,54700,NaN,NaN,NaN,NaN,1.9639556407928467,57.61955261230469,7.12746524810791,mlp,embedding
5470,54710,NaN,NaN,NaN,NaN,1.9671177864074707,57.364505767822266,7.150038719177246,mlp,embedding
5471,54720,NaN,NaN,NaN,NaN,1.9705673456192017,57.555789947509766,7.174746036529541,mlp,embedding
5472,54730,NaN,NaN,NaN,NaN,1.9764012098312378,57.492027282714844,7.216724872589111,mlp,embedding
5473,54740,NaN,NaN,NaN,NaN,1.9776573181152344,57.513282775878906,7.225795269012451,mlp,embedding
5474,54750,NaN,NaN,NaN,NaN,1.9804664850234985,57.72582244873047,7.246122360229492,mlp,embedding
5475,54760,NaN,NaN,NaN,NaN,1.9861838817596436,57.76832962036133,7.287670135498047,mlp,embedding
5476,54770,NaN,NaN,NaN,NaN,1.9850090742111206,57.89585494995117,7.279113292694092,mlp,embedding
5477,54780,NaN,NaN,NaN,NaN,1.9925286769866943,57.81083679199219,7.3340559005737305,mlp,embedding
5478,54790,NaN,NaN,NaN,NaN,1.9971778392791748,57.61955261230469,7.368232250213623,mlp,embedding
5479,54800,NaN,NaN,NaN,NaN,1.9973152875900269,57.68331527709961,7.3692450523376465,mlp,embedding
5480,54810,NaN,NaN,NaN,NaN,2.001570224761963,57.85334777832031,7.400667667388916,mlp,embedding
5481,54820,NaN,NaN,NaN,NaN,2.0063729286193848,57.81083679199219,7.436296463012695,mlp,embedding
5482,54830,NaN,NaN,NaN,NaN,2.0042357444763184,57.68331527709961,7.4204206466674805,mlp,embedding
5483,54840,NaN,NaN,NaN,NaN,2.011345863342285,57.598297119140625,7.4733686447143555,mlp,embedding
5484,54850,NaN,NaN,NaN,NaN,2.0085268020629883,57.81083679199219,7.452330589294434,mlp,embedding
5485,54860,NaN,NaN,NaN,NaN,2.006542682647705,58.00212478637695,7.437558650970459,mlp,embedding
5486,54870,NaN,NaN,NaN,NaN,2.0088796615600586,58.150901794433594,7.454960823059082,mlp,embedding
5487,54880,NaN,NaN,NaN,NaN,2.0097672939300537,58.19340896606445,7.461580753326416,mlp,embedding
5488,54890,NaN,NaN,NaN,NaN,2.0075247287750244,58.61848831176758,7.44486665725708,mlp,embedding
5489,54900,NaN,NaN,NaN,NaN,2.010075569152832,58.172157287597656,7.463881492614746,mlp,embedding
5490,54910,NaN,NaN,NaN,NaN,2.0026419162750244,58.363441467285156,7.408603191375732,mlp,embedding
5491,54920,NaN,NaN,NaN,NaN,2.003265142440796,59.12858581542969,7.413221836090088,mlp,embedding
5492,54930,NaN,NaN,NaN,NaN,1.9985283613204956,58.70350646972656,7.378190040588379,mlp,embedding
5493,54940,NaN,NaN,NaN,NaN,1.9984596967697144,58.6822509765625,7.377683639526367,mlp,embedding
5494,54950,NaN,NaN,NaN,NaN,1.9939179420471191,59.256107330322266,7.34425163269043,mlp,embedding
5495,54960,NaN,NaN,NaN,NaN,1.990655541419983,59.42613983154297,7.32033109664917,mlp,embedding
5496,54970,NaN,NaN,NaN,NaN,1.9901525974273682,59.31986999511719,7.316650390625,mlp,embedding
5497,54980,NaN,NaN,NaN,NaN,1.9839165210723877,59.59617233276367,7.271164894104004,mlp,embedding
5498,54990,NaN,NaN,NaN,NaN,1.9881857633590698,59.55366516113281,7.302273750305176,mlp,embedding
5499,55000,NaN,NaN,NaN,NaN,1.9712014198303223,59.63867950439453,7.179296493530273,mlp,embedding
5500,55010,NaN,NaN,NaN,NaN,1.9688048362731934,59.93623733520508,7.162111282348633,mlp,embedding
5501,55020,NaN,NaN,NaN,NaN,1.9600107669830322,60.25504684448242,7.099403381347656,mlp,embedding
5502,55030,NaN,NaN,NaN,NaN,1.9617525339126587,60.1912841796875,7.111779689788818,mlp,embedding
5503,55040,NaN,NaN,NaN,NaN,1.9453794956207275,60.08501434326172,6.996286392211914,mlp,embedding
5504,55050,NaN,NaN,NaN,NaN,1.9331198930740356,60.68012619018555,6.911038398742676,mlp,embedding
5505,55060,NaN,NaN,NaN,NaN,1.9299187660217285,60.80765151977539,6.888950824737549,mlp,embedding
5506,55070,NaN,NaN,NaN,NaN,1.9332518577575684,60.93517303466797,6.911950588226318,mlp,embedding
5507,55080,NaN,NaN,NaN,NaN,1.9219218492507935,61.424015045166016,6.834079742431641,mlp,embedding
5508,55090,NaN,NaN,NaN,NaN,1.9267606735229492,61.5302848815918,6.867228984832764,mlp,embedding
5509,55100,NaN,NaN,NaN,NaN,1.9181269407272339,61.72157287597656,6.808194160461426,mlp,embedding
5510,55110,3.3565621038178506e-07,100.0,1.0000003576278687,0.001,1.9178216457366943,61.424015045166016,6.806116104125977,mlp,embedding
5511,55120,NaN,NaN,NaN,NaN,1.9214171171188354,61.76408004760742,6.830631256103516,mlp,embedding
5512,55130,NaN,NaN,NaN,NaN,1.9082529544830322,61.78533172607422,6.7413010597229,mlp,embedding
5513,55140,NaN,NaN,NaN,NaN,1.9002330303192139,61.99787139892578,6.687452793121338,mlp,embedding
5514,55150,NaN,NaN,NaN,NaN,1.9044044017791748,62.18915939331055,6.715406894683838,mlp,embedding
5515,55160,NaN,NaN,NaN,NaN,1.908414602279663,62.57173156738281,6.742391109466553,mlp,embedding
5516,55170,NaN,NaN,NaN,NaN,1.9002538919448853,62.76301574707031,6.687592029571533,mlp,embedding
5517,55180,NaN,NaN,NaN,NaN,1.887744665145874,63.0393180847168,6.604456424713135,mlp,embedding
5518,55190,NaN,NaN,NaN,NaN,1.9112930297851562,62.48671340942383,6.761826515197754,mlp,embedding
5519,55200,NaN,NaN,NaN,NaN,1.9125851392745972,62.869285583496094,6.77056884765625,mlp,embedding
5520,55210,NaN,NaN,NaN,NaN,1.920346975326538,62.72050857543945,6.8233256340026855,mlp,embedding
5521,55220,NaN,NaN,NaN,NaN,1.9292296171188354,62.76301574707031,6.884204864501953,mlp,embedding
5522,55230,NaN,NaN,NaN,NaN,1.972862958908081,62.25292205810547,7.191235065460205,mlp,embedding
5523,55240,NaN,NaN,NaN,NaN,4.763009548187256,40.531349182128906,117.09780883789062,mlp,embedding
5524,55250,NaN,NaN,NaN,NaN,3.0980477333068848,44.67587661743164,22.1546573638916,mlp,embedding
5525,55260,NaN,NaN,NaN,NaN,2.0545058250427246,52.221038818359375,7.802980899810791,mlp,embedding
5526,55270,NaN,NaN,NaN,NaN,1.7616820335388184,55.62167739868164,5.8222222328186035,mlp,embedding
5527,55280,NaN,NaN,NaN,NaN,1.4985586404800415,60.85015869140625,4.475234031677246,mlp,embedding
5528,55290,NaN,NaN,NaN,NaN,1.4019982814788818,62.40169906616211,4.063311576843262,mlp,embedding
5529,55300,NaN,NaN,NaN,NaN,1.33104407787323,63.88947677612305,3.7849931716918945,mlp,embedding
5530,55310,NaN,NaN,NaN,NaN,1.3037821054458618,64.93092346191406,3.6832005977630615,mlp,embedding
5531,55320,NaN,NaN,NaN,NaN,1.291060209274292,65.20722198486328,3.6366400718688965,mlp,embedding
5532,55330,NaN,NaN,NaN,NaN,1.2825701236724854,65.4410171508789,3.605895519256592,mlp,embedding
5533,55340,NaN,NaN,NaN,NaN,1.2743178606033325,65.6323013305664,3.576261043548584,mlp,embedding
5534,55350,NaN,NaN,NaN,NaN,1.2669236660003662,65.8873519897461,3.549915075302124,mlp,embedding
5535,55360,NaN,NaN,NaN,NaN,1.2630358934402466,66.01487731933594,3.5361404418945312,mlp,embedding
5536,55370,NaN,NaN,NaN,NaN,1.2578973770141602,66.0786361694336,3.5180165767669678,mlp,embedding
5537,55380,NaN,NaN,NaN,NaN,1.251623272895813,66.20616149902344,3.4960134029388428,mlp,embedding
5538,55390,NaN,NaN,NaN,NaN,1.2466391324996948,66.39744567871094,3.4786319732666016,mlp,embedding
5539,55400,NaN,NaN,NaN,NaN,1.2412991523742676,66.43995666503906,3.4601056575775146,mlp,embedding
5540,55410,NaN,NaN,NaN,NaN,1.2376846075057983,66.5674819946289,3.4476215839385986,mlp,embedding
5541,55420,NaN,NaN,NaN,NaN,1.2334386110305786,66.71625518798828,3.433014154434204,mlp,embedding
5542,55430,NaN,NaN,NaN,NaN,1.2299035787582397,66.92879486083984,3.4208996295928955,mlp,embedding
5543,55440,NaN,NaN,NaN,NaN,1.2266432046890259,66.92879486083984,3.409764528274536,mlp,embedding
5544,55450,NaN,NaN,NaN,NaN,1.2217810153961182,66.99256134033203,3.39322566986084,mlp,embedding
5545,55460,NaN,NaN,NaN,NaN,1.2173842191696167,67.03506469726562,3.3783390522003174,mlp,embedding
5546,55470,NaN,NaN,NaN,NaN,1.2127280235290527,67.09883117675781,3.3626456260681152,mlp,embedding
5547,55480,NaN,NaN,NaN,NaN,1.208976149559021,67.22635650634766,3.350052833557129,mlp,embedding
5548,55490,NaN,NaN,NaN,NaN,1.2062562704086304,67.22635650634766,3.3409535884857178,mlp,embedding
5549,55500,NaN,NaN,NaN,NaN,1.2015193700790405,67.35387420654297,3.325165271759033,mlp,embedding
5550,55510,NaN,NaN,NaN,NaN,1.1976743936538696,67.5876693725586,3.3124046325683594,mlp,embedding
5551,55520,NaN,NaN,NaN,NaN,1.1953885555267334,67.60892486572266,3.3048415184020996,mlp,embedding
5552,55530,NaN,NaN,NaN,NaN,1.1929638385772705,67.75770568847656,3.2968380451202393,mlp,embedding
5553,55540,NaN,NaN,NaN,NaN,1.191296100616455,67.71519470214844,3.291344404220581,mlp,embedding
5554,55550,NaN,NaN,NaN,NaN,1.188114881515503,67.69393920898438,3.280890464782715,mlp,embedding
5555,55560,NaN,NaN,NaN,NaN,1.1836670637130737,67.84272003173828,3.2663300037384033,mlp,embedding
5556,55570,NaN,NaN,NaN,NaN,1.1810204982757568,67.88522338867188,3.257697105407715,mlp,embedding
5557,55580,NaN,NaN,NaN,NaN,1.1787126064300537,67.927734375,3.2501871585845947,mlp,embedding
5558,55590,NaN,NaN,NaN,NaN,1.1783654689788818,67.927734375,3.2490592002868652,mlp,embedding
5559,55600,NaN,NaN,NaN,NaN,1.1753178834915161,67.88522338867188,3.2391724586486816,mlp,embedding
5560,55610,NaN,NaN,NaN,NaN,1.1722384691238403,67.94898986816406,3.229212999343872,mlp,embedding
5561,55620,NaN,NaN,NaN,NaN,1.1712831258773804,68.03400421142578,3.2261295318603516,mlp,embedding
5562,55630,NaN,NaN,NaN,NaN,1.170922040939331,68.03400421142578,3.2249648571014404,mlp,embedding
5563,55640,NaN,NaN,NaN,NaN,1.1697688102722168,68.16152954101562,3.221247911453247,mlp,embedding
5564,55650,NaN,NaN,NaN,NaN,1.1669466495513916,68.24654388427734,3.212169885635376,mlp,embedding
5565,55660,6.108017987571657e-05,100.0,1.00006103515625,0.001,1.16556978225708,68.310302734375,3.207750082015991,mlp,embedding
5566,55670,NaN,NaN,NaN,NaN,1.165349006652832,68.37406921386719,3.2070419788360596,mlp,embedding
5567,55680,NaN,NaN,NaN,NaN,1.1653705835342407,68.43782806396484,3.207111120223999,mlp,embedding
5568,55690,NaN,NaN,NaN,NaN,1.1633340120315552,68.48033905029297,3.2005863189697266,mlp,embedding
5569,55700,NaN,NaN,NaN,NaN,1.161943793296814,68.48033905029297,3.1961398124694824,mlp,embedding
5570,55710,NaN,NaN,NaN,NaN,1.163191556930542,68.62911987304688,3.2001304626464844,mlp,embedding
5571,55720,NaN,NaN,NaN,NaN,1.164452314376831,68.54409790039062,3.204167604446411,mlp,embedding
5572,55730,NaN,NaN,NaN,NaN,1.1639280319213867,68.67162322998047,3.2024881839752197,mlp,embedding
5573,55740,NaN,NaN,NaN,NaN,1.1646173000335693,68.86290740966797,3.2046961784362793,mlp,embedding
5574,55750,NaN,NaN,NaN,NaN,1.1674067974090576,69.01168823242188,3.2136480808258057,mlp,embedding
5575,55760,NaN,NaN,NaN,NaN,1.1692719459533691,68.94792938232422,3.2196476459503174,mlp,embedding
5576,55770,NaN,NaN,NaN,NaN,1.170046091079712,68.94792938232422,3.2221412658691406,mlp,embedding
5577,55780,NaN,NaN,NaN,NaN,1.1708691120147705,68.99043273925781,3.2247941493988037,mlp,embedding
5578,55790,NaN,NaN,NaN,NaN,1.174054503440857,69.11795806884766,3.2350826263427734,mlp,embedding
5579,55800,NaN,NaN,NaN,NaN,1.1767240762710571,69.33049774169922,3.2437305450439453,mlp,embedding
5580,55810,NaN,NaN,NaN,NaN,1.1794483661651611,69.2454833984375,3.2525794506073,mlp,embedding
5581,55820,NaN,NaN,NaN,NaN,1.1814230680465698,69.0967025756836,3.2590086460113525,mlp,embedding
5582,55830,NaN,NaN,NaN,NaN,1.1820898056030273,69.16046905517578,3.2611823081970215,mlp,embedding
5583,55840,NaN,NaN,NaN,NaN,1.1840053796768188,69.2454833984375,3.267435312271118,mlp,embedding
5584,55850,NaN,NaN,NaN,NaN,1.187018871307373,69.33049774169922,3.277296543121338,mlp,embedding
5585,55860,NaN,NaN,NaN,NaN,1.1910827159881592,69.37300872802734,3.290642023086548,mlp,embedding
5586,55870,NaN,NaN,NaN,NaN,1.1931254863739014,69.37300872802734,3.2973709106445312,mlp,embedding
5587,55880,NaN,NaN,NaN,NaN,1.1937350034713745,69.18171691894531,3.2993814945220947,mlp,embedding
5588,55890,NaN,NaN,NaN,NaN,1.1983797550201416,69.18171691894531,3.314741849899292,mlp,embedding
5589,55900,NaN,NaN,NaN,NaN,1.201208233833313,69.2879867553711,3.3241307735443115,mlp,embedding
5590,55910,NaN,NaN,NaN,NaN,1.2054786682128906,69.2454833984375,3.3383567333221436,mlp,embedding
5591,55920,NaN,NaN,NaN,NaN,1.2073348760604858,69.13921356201172,3.3445591926574707,mlp,embedding
5592,55930,NaN,NaN,NaN,NaN,1.2113598585128784,69.22422790527344,3.3580479621887207,mlp,embedding
5593,55940,NaN,NaN,NaN,NaN,1.2151401042938232,69.35175323486328,3.3707664012908936,mlp,embedding
5594,55950,NaN,NaN,NaN,NaN,1.218721628189087,69.33049774169922,3.3828604221343994,mlp,embedding
5595,55960,NaN,NaN,NaN,NaN,1.219947338104248,69.50052642822266,3.387009382247925,mlp,embedding
5596,55970,NaN,NaN,NaN,NaN,1.2274560928344727,69.35175323486328,3.4125373363494873,mlp,embedding
5597,55980,NaN,NaN,NaN,NaN,1.229383111000061,69.56429290771484,3.4191195964813232,mlp,embedding
5598,55990,NaN,NaN,NaN,NaN,1.230872631072998,69.41551208496094,3.4242162704467773,mlp,embedding
5599,56000,NaN,NaN,NaN,NaN,1.2340424060821533,69.45802307128906,3.4350874423980713,mlp,embedding
5600,56010,NaN,NaN,NaN,NaN,1.2347570657730103,69.54303741455078,3.4375433921813965,mlp,embedding
5601,56020,NaN,NaN,NaN,NaN,1.2414121627807617,69.69181823730469,3.4604969024658203,mlp,embedding
5602,56030,NaN,NaN,NaN,NaN,1.2428058385849,69.79808807373047,3.465322971343994,mlp,embedding
5603,56040,NaN,NaN,NaN,NaN,1.243204116821289,69.8193359375,3.466703414916992,mlp,embedding
5604,56050,NaN,NaN,NaN,NaN,1.2467983961105347,69.94686126708984,3.4791860580444336,mlp,embedding
5605,56060,NaN,NaN,NaN,NaN,1.250700831413269,69.8193359375,3.4927899837493896,mlp,embedding
5606,56070,NaN,NaN,NaN,NaN,1.2507448196411133,69.8193359375,3.492943525314331,mlp,embedding
5607,56080,NaN,NaN,NaN,NaN,1.2542599439620972,70.05313110351562,3.5052433013916016,mlp,embedding
5608,56090,NaN,NaN,NaN,NaN,1.254978895187378,70.13814544677734,3.5077643394470215,mlp,embedding
5609,56100,NaN,NaN,NaN,NaN,1.256381869316101,70.26567077636719,3.5126891136169434,mlp,embedding
5610,56110,NaN,NaN,NaN,NaN,1.2580170631408691,70.11689758300781,3.518437623977661,mlp,embedding
5611,56120,NaN,NaN,NaN,NaN,1.2587555646896362,70.30818176269531,3.5210371017456055,mlp,embedding
5612,56130,NaN,NaN,NaN,NaN,1.258729338645935,70.01062774658203,3.520944833755493,mlp,embedding
5613,56140,NaN,NaN,NaN,NaN,1.260015845298767,70.05313110351562,3.525477409362793,mlp,embedding
5614,56150,NaN,NaN,NaN,NaN,1.2588375806808472,70.28692626953125,3.5213258266448975,mlp,embedding
5615,56160,NaN,NaN,NaN,NaN,1.2615786790847778,70.11689758300781,3.530991315841675,mlp,embedding
5616,56170,NaN,NaN,NaN,NaN,1.2580426931381226,70.32943725585938,3.5185279846191406,mlp,embedding
5617,56180,NaN,NaN,NaN,NaN,1.2586942911148071,70.28692626953125,3.5208213329315186,mlp,embedding
5618,56190,NaN,NaN,NaN,NaN,1.2575408220291138,70.37194061279297,3.5167624950408936,mlp,embedding
5619,56200,NaN,NaN,NaN,NaN,1.2581464052200317,70.30818176269531,3.518892765045166,mlp,embedding
5620,56210,1.1969074193984852e-06,100.0,1.0000011920928955,0.001,1.2531441450119019,70.49946594238281,3.5013344287872314,mlp,embedding
5621,56220,NaN,NaN,NaN,NaN,1.2570561170578003,70.4144515991211,3.5150582790374756,mlp,embedding
5622,56230,NaN,NaN,NaN,NaN,1.24686598777771,70.54197692871094,3.479421377182007,mlp,embedding
5623,56240,NaN,NaN,NaN,NaN,1.2519944906234741,70.563232421875,3.4973113536834717,mlp,embedding
5624,56250,NaN,NaN,NaN,NaN,1.2412198781967163,71.03081512451172,3.459831476211548,mlp,embedding
5625,56260,NaN,NaN,NaN,NaN,1.2375839948654175,71.1370849609375,3.447274684906006,mlp,embedding
5626,56270,NaN,NaN,NaN,NaN,1.2322231531143188,71.62593078613281,3.4288439750671387,mlp,embedding
5627,56280,NaN,NaN,NaN,NaN,1.2385010719299316,71.11582946777344,3.450437545776367,mlp,embedding
5628,56290,NaN,NaN,NaN,NaN,1.229773998260498,71.49840545654297,3.4204564094543457,mlp,embedding
5629,56300,NaN,NaN,NaN,NaN,1.2251172065734863,71.24335479736328,3.4045650959014893,mlp,embedding
5630,56310,NaN,NaN,NaN,NaN,1.223489761352539,71.45589447021484,3.399028778076172,mlp,embedding
5631,56320,NaN,NaN,NaN,NaN,1.2138805389404297,71.77470397949219,3.366523265838623,mlp,embedding
5632,56330,NaN,NaN,NaN,NaN,1.2038346529006958,72.13602447509766,3.3328728675842285,mlp,embedding
5633,56340,NaN,NaN,NaN,NaN,1.1995004415512085,72.13602447509766,3.3184587955474854,mlp,embedding
5634,56350,NaN,NaN,NaN,NaN,1.2013863325119019,71.94474029541016,3.3247230052948,mlp,embedding
5635,56360,NaN,NaN,NaN,NaN,1.1878658533096313,72.3060531616211,3.280073642730713,mlp,embedding
5636,56370,NaN,NaN,NaN,NaN,1.1817803382873535,72.68862915039062,3.2601733207702637,mlp,embedding
5637,56380,NaN,NaN,NaN,NaN,1.1814175844192505,72.43357849121094,3.25899076461792,mlp,embedding
5638,56390,NaN,NaN,NaN,NaN,1.1735585927963257,72.94367218017578,3.2334787845611572,mlp,embedding
5639,56400,NaN,NaN,NaN,NaN,1.1790120601654053,72.81615447998047,3.2511606216430664,mlp,embedding
5640,56410,NaN,NaN,NaN,NaN,1.1681238412857056,73.4325180053711,3.2159533500671387,mlp,embedding
5641,56420,NaN,NaN,NaN,NaN,1.1751598119735718,73.07119750976562,3.2386605739593506,mlp,embedding
5642,56430,NaN,NaN,NaN,NaN,1.1576905250549316,73.3687515258789,3.18257474899292,mlp,embedding
5643,56440,NaN,NaN,NaN,NaN,1.1632490158081055,73.53878784179688,3.2003142833709717,mlp,embedding
5644,56450,NaN,NaN,NaN,NaN,1.1620666980743408,73.53878784179688,3.196532726287842,mlp,embedding
5645,56460,NaN,NaN,NaN,NaN,1.144457459449768,73.9638671875,3.1407368183135986,mlp,embedding
5646,56470,NaN,NaN,NaN,NaN,1.1374655961990356,74.02762603759766,3.118853807449341,mlp,embedding
5647,56480,NaN,NaN,NaN,NaN,1.1361675262451172,74.1551513671875,3.1148080825805664,mlp,embedding
5648,56490,NaN,NaN,NaN,NaN,1.1299439668655396,74.64399719238281,3.0954830646514893,mlp,embedding
5649,56500,NaN,NaN,NaN,NaN,1.1376941204071045,74.346435546875,3.1195666790008545,mlp,embedding
5650,56510,NaN,NaN,NaN,NaN,1.1387436389923096,74.66524505615234,3.12284255027771,mlp,embedding
5651,56520,NaN,NaN,NaN,NaN,1.1495968103408813,74.346435546875,3.1569197177886963,mlp,embedding
5652,56530,NaN,NaN,NaN,NaN,1.1586540937423706,74.64399719238281,3.185642719268799,mlp,embedding
5653,56540,NaN,NaN,NaN,NaN,1.154089093208313,74.45270538330078,3.171133518218994,mlp,embedding
5654,56550,NaN,NaN,NaN,NaN,2.777954578399658,55.090328216552734,16.086084365844727,mlp,embedding
5655,56560,NaN,NaN,NaN,NaN,3.4477155208587646,46.90754318237305,31.428512573242188,mlp,embedding
5656,56570,NaN,NaN,NaN,NaN,1.9999672174453735,56.195533752441406,7.3888139724731445,mlp,embedding
5657,56580,NaN,NaN,NaN,NaN,1.2911720275878906,66.33368682861328,3.6370468139648438,mlp,embedding
5658,56590,NaN,NaN,NaN,NaN,1.1100785732269287,68.94792938232422,3.0345969200134277,mlp,embedding
5659,56600,NaN,NaN,NaN,NaN,0.9569208025932312,72.34856414794922,2.6036670207977295,mlp,embedding
5660,56610,NaN,NaN,NaN,NaN,0.9073654413223267,73.73007202148438,2.477786064147949,mlp,embedding
5661,56620,NaN,NaN,NaN,NaN,0.8770178556442261,74.346435546875,2.4037208557128906,mlp,embedding
5662,56630,NaN,NaN,NaN,NaN,0.8519952297210693,74.81402587890625,2.3443195819854736,mlp,embedding
5663,56640,NaN,NaN,NaN,NaN,0.8335131406784058,75.17534637451172,2.301389694213867,mlp,embedding
5664,56650,NaN,NaN,NaN,NaN,0.8205170035362244,75.23910522460938,2.2716739177703857,mlp,embedding
5665,56660,NaN,NaN,NaN,NaN,0.8110198378562927,75.62167358398438,2.25020170211792,mlp,embedding
5666,56670,NaN,NaN,NaN,NaN,0.8039277195930481,75.87672424316406,2.234299421310425,mlp,embedding
5667,56680,NaN,NaN,NaN,NaN,0.7970730662345886,76.08926391601562,2.219036340713501,mlp,embedding
5668,56690,NaN,NaN,NaN,NaN,0.7906542420387268,76.23804473876953,2.204838514328003,mlp,embedding
5669,56700,NaN,NaN,NaN,NaN,0.7842552661895752,76.36557006835938,2.19077467918396,mlp,embedding
5670,56710,NaN,NaN,NaN,NaN,0.7789767980575562,76.40807342529297,2.179241418838501,mlp,embedding
5671,56720,NaN,NaN,NaN,NaN,0.7740122675895691,76.57810974121094,2.1684491634368896,mlp,embedding
5672,56730,NaN,NaN,NaN,NaN,0.7691771984100342,76.68437957763672,2.157989978790283,mlp,embedding
5673,56740,NaN,NaN,NaN,NaN,0.7647959589958191,76.7906494140625,2.1485559940338135,mlp,embedding
5674,56750,NaN,NaN,NaN,NaN,0.7598748207092285,76.87566375732422,2.1380085945129395,mlp,embedding
5675,56760,NaN,NaN,NaN,NaN,0.7551711201667786,77.10945892333984,2.1279757022857666,mlp,embedding
5676,56770,0.00015570202958770096,100.0,1.0001556873321533,0.001,0.7508929967880249,77.364501953125,2.1188912391662598,mlp,embedding
5677,56780,NaN,NaN,NaN,NaN,0.7465943098068237,77.5132827758789,2.109802484512329,mlp,embedding
5678,56790,NaN,NaN,NaN,NaN,0.7419571280479431,77.7045669555664,2.100041627883911,mlp,embedding
5679,56800,NaN,NaN,NaN,NaN,0.7381191849708557,77.85334777832031,2.0919971466064453,mlp,embedding
5680,56810,NaN,NaN,NaN,NaN,0.7351725697517395,78.10839080810547,2.0858418941497803,mlp,embedding
5681,56820,NaN,NaN,NaN,NaN,0.7322572469711304,78.3421859741211,2.0797698497772217,mlp,embedding
5682,56830,NaN,NaN,NaN,NaN,0.7284436225891113,78.42720031738281,2.0718533992767334,mlp,embedding
5683,56840,NaN,NaN,NaN,NaN,0.7248942255973816,78.57598114013672,2.0645127296447754,mlp,embedding
5684,56850,NaN,NaN,NaN,NaN,0.7214223146438599,78.6822509765625,2.0573573112487793,mlp,embedding
5685,56860,NaN,NaN,NaN,NaN,0.7181273698806763,78.78852081298828,2.0505895614624023,mlp,embedding
5686,56870,NaN,NaN,NaN,NaN,0.7155466675758362,78.8310317993164,2.045304536819458,mlp,embedding
5687,56880,NaN,NaN,NaN,NaN,0.7139912843704224,78.93730163574219,2.042125701904297,mlp,embedding
5688,56890,NaN,NaN,NaN,NaN,0.7117706537246704,78.97980499267578,2.0375959873199463,mlp,embedding
5689,56900,NaN,NaN,NaN,NaN,0.7098785638809204,79.04357147216797,2.0337443351745605,mlp,embedding
5690,56910,NaN,NaN,NaN,NaN,0.7077510356903076,79.12858581542969,2.0294220447540283,mlp,embedding
5691,56920,NaN,NaN,NaN,NaN,0.7067847847938538,79.14984130859375,2.0274620056152344,mlp,embedding
5692,56930,NaN,NaN,NaN,NaN,0.7048299312591553,79.19234466552734,2.0235025882720947,mlp,embedding
5693,56940,NaN,NaN,NaN,NaN,0.7028361558914185,79.34112548828125,2.019472122192383,mlp,embedding
5694,56950,NaN,NaN,NaN,NaN,0.7008773684501648,79.53240966796875,2.0155203342437744,mlp,embedding
5695,56960,NaN,NaN,NaN,NaN,0.6983740925788879,79.68119049072266,2.010481119155884,mlp,embedding
5696,56970,NaN,NaN,NaN,NaN,0.6980005502700806,79.89373016357422,2.009730339050293,mlp,embedding
5697,56980,NaN,NaN,NaN,NaN,0.6967411041259766,79.91498565673828,2.0072007179260254,mlp,embedding
5698,56990,NaN,NaN,NaN,NaN,0.6954625844955444,80.06375885009766,2.004636287689209,mlp,embedding
5699,57000,NaN,NaN,NaN,NaN,0.6941573023796082,80.06375885009766,2.002021312713623,mlp,embedding
5700,57010,NaN,NaN,NaN,NaN,0.6935076117515564,80.1912841796875,2.000720977783203,mlp,embedding
5701,57020,NaN,NaN,NaN,NaN,0.693864107131958,80.14877319335938,2.001434326171875,mlp,embedding
5702,57030,NaN,NaN,NaN,NaN,0.6932579278945923,80.12752532958984,2.0002214908599854,mlp,embedding
5703,57040,NaN,NaN,NaN,NaN,0.6917522549629211,80.0425033569336,1.9972120523452759,mlp,embedding
5704,57050,NaN,NaN,NaN,NaN,0.6906791925430298,80.02125549316406,1.9950700998306274,mlp,embedding
5705,57060,NaN,NaN,NaN,NaN,0.6907702088356018,80.14877319335938,1.9952516555786133,mlp,embedding
5706,57070,NaN,NaN,NaN,NaN,0.6896982789039612,80.23379516601562,1.9931141138076782,mlp,embedding
5707,57080,NaN,NaN,NaN,NaN,0.6895226836204529,80.31880950927734,1.9927641153335571,mlp,embedding
5708,57090,NaN,NaN,NaN,NaN,0.6901610493659973,80.40382385253906,1.9940366744995117,mlp,embedding
5709,57100,NaN,NaN,NaN,NaN,0.6888259649276733,80.51009368896484,1.9913761615753174,mlp,embedding
5710,57110,NaN,NaN,NaN,NaN,0.6887397170066833,80.48883819580078,1.9912045001983643,mlp,embedding
5711,57120,NaN,NaN,NaN,NaN,0.6904346942901611,80.42507934570312,1.9945824146270752,mlp,embedding
5712,57130,NaN,NaN,NaN,NaN,0.6910704374313354,80.59510803222656,1.9958508014678955,mlp,embedding
5713,57140,NaN,NaN,NaN,NaN,0.6908855438232422,80.42507934570312,1.9954818487167358,mlp,embedding
5714,57150,NaN,NaN,NaN,NaN,0.6924426555633545,80.29755401611328,1.998591423034668,mlp,embedding
5715,57160,NaN,NaN,NaN,NaN,0.692537784576416,80.3400650024414,1.9987815618515015,mlp,embedding
5716,57170,NaN,NaN,NaN,NaN,0.6938209533691406,80.21253967285156,2.0013480186462402,mlp,embedding
5717,57180,NaN,NaN,NaN,NaN,0.6966368556022644,80.36131286621094,2.0069916248321533,mlp,embedding
5718,57190,NaN,NaN,NaN,NaN,0.6965681910514832,80.46758270263672,2.0068538188934326,mlp,embedding
5719,57200,NaN,NaN,NaN,NaN,0.696036696434021,80.25504302978516,2.0057873725891113,mlp,embedding
5720,57210,NaN,NaN,NaN,NaN,0.6984925866127014,80.3400650024414,2.0107195377349854,mlp,embedding
5721,57220,NaN,NaN,NaN,NaN,0.700248658657074,80.06375885009766,2.014253616333008,mlp,embedding
5722,57230,NaN,NaN,NaN,NaN,0.7007906436920166,79.97874450683594,2.015345573425293,mlp,embedding
5723,57240,NaN,NaN,NaN,NaN,0.7056162357330322,80.06375885009766,2.0250942707061768,mlp,embedding
5724,57250,NaN,NaN,NaN,NaN,0.705839216709137,80.0,2.025545835494995,mlp,embedding
5725,57260,NaN,NaN,NaN,NaN,0.7063183784484863,80.10626983642578,2.0265166759490967,mlp,embedding
5726,57270,NaN,NaN,NaN,NaN,0.707974910736084,80.06375885009766,2.029876470565796,mlp,embedding
5727,57280,NaN,NaN,NaN,NaN,0.7114872932434082,79.97874450683594,2.0370185375213623,mlp,embedding
5728,57290,NaN,NaN,NaN,NaN,0.712753176689148,80.0425033569336,2.0395989418029785,mlp,embedding
5729,57300,NaN,NaN,NaN,NaN,0.7142179608345032,80.14877319335938,2.042588710784912,mlp,embedding
5730,57310,NaN,NaN,NaN,NaN,0.7149225473403931,80.17002868652344,2.0440282821655273,mlp,embedding
5731,57320,NaN,NaN,NaN,NaN,0.7201769351959229,80.0425033569336,2.0547966957092285,mlp,embedding
5732,57330,2.3531883925898e-06,100.0,1.000002384185791,0.001,0.7233599424362183,80.21253967285156,2.061347484588623,mlp,embedding
5733,57340,NaN,NaN,NaN,NaN,0.7259256839752197,80.10626983642578,2.066643238067627,mlp,embedding
5734,57350,NaN,NaN,NaN,NaN,0.7274527549743652,80.08501434326172,2.0698015689849854,mlp,embedding
5735,57360,NaN,NaN,NaN,NaN,0.7298033833503723,80.17002868652344,2.0746726989746094,mlp,embedding
5736,57370,NaN,NaN,NaN,NaN,0.7322236895561218,80.12752532958984,2.079699993133545,mlp,embedding
5737,57380,NaN,NaN,NaN,NaN,0.7351787686347961,79.95748901367188,2.0858547687530518,mlp,embedding
5738,57390,NaN,NaN,NaN,NaN,0.7320133447647095,80.0425033569336,2.0792627334594727,mlp,embedding
5739,57400,NaN,NaN,NaN,NaN,0.7351306080818176,79.8512191772461,2.08575439453125,mlp,embedding
5740,57410,NaN,NaN,NaN,NaN,0.7354336380958557,79.95748901367188,2.0863864421844482,mlp,embedding
5741,57420,NaN,NaN,NaN,NaN,0.7384107708930969,79.8087158203125,2.092607259750366,mlp,embedding
5742,57430,NaN,NaN,NaN,NaN,0.7343557476997375,80.0425033569336,2.084138870239258,mlp,embedding
5743,57440,NaN,NaN,NaN,NaN,0.7422566413879395,79.8512191772461,2.100670576095581,mlp,embedding
5744,57450,NaN,NaN,NaN,NaN,0.7344669699668884,79.8512191772461,2.0843706130981445,mlp,embedding
5745,57460,NaN,NaN,NaN,NaN,0.7393652200698853,79.8087158203125,2.0946054458618164,mlp,embedding
5746,57470,NaN,NaN,NaN,NaN,0.7386859655380249,79.8087158203125,2.0931832790374756,mlp,embedding
5747,57480,NaN,NaN,NaN,NaN,0.7372993230819702,79.91498565673828,2.090282678604126,mlp,embedding
5748,57490,NaN,NaN,NaN,NaN,0.73434978723526,79.8087158203125,2.0841264724731445,mlp,embedding
5749,57500,NaN,NaN,NaN,NaN,0.74036705493927,79.78746032714844,2.0967049598693848,mlp,embedding
5750,57510,NaN,NaN,NaN,NaN,0.7320235967636108,80.0425033569336,2.0792839527130127,mlp,embedding
5751,57520,NaN,NaN,NaN,NaN,0.7324577569961548,79.97874450683594,2.0801868438720703,mlp,embedding
5752,57530,NaN,NaN,NaN,NaN,0.7325106859207153,80.10626983642578,2.0802969932556152,mlp,embedding
5753,57540,NaN,NaN,NaN,NaN,0.7272238731384277,80.21253967285156,2.0693278312683105,mlp,embedding
5754,57550,NaN,NaN,NaN,NaN,0.7172636985778809,80.5313491821289,2.0488193035125732,mlp,embedding
5755,57560,NaN,NaN,NaN,NaN,0.7222636342048645,80.48883819580078,2.059088945388794,mlp,embedding
5756,57570,NaN,NaN,NaN,NaN,0.7144548892974854,80.59510803222656,2.0430727005004883,mlp,embedding
5757,57580,NaN,NaN,NaN,NaN,0.7177427411079407,80.5738525390625,2.0498011112213135,mlp,embedding
5758,57590,NaN,NaN,NaN,NaN,0.7179330587387085,80.80764770507812,2.0501911640167236,mlp,embedding
5759,57600,NaN,NaN,NaN,NaN,0.7112295627593994,80.85015869140625,2.0364937782287598,mlp,embedding
5760,57610,NaN,NaN,NaN,NaN,0.7063581347465515,81.04144287109375,2.026597261428833,mlp,embedding
5761,57620,NaN,NaN,NaN,NaN,0.6994451880455017,81.21147155761719,2.0126357078552246,mlp,embedding
5762,57630,NaN,NaN,NaN,NaN,0.6966838240623474,81.06269836425781,2.0070858001708984,mlp,embedding
5763,57640,NaN,NaN,NaN,NaN,0.6886276602745056,81.33899688720703,1.9909813404083252,mlp,embedding
5764,57650,NaN,NaN,NaN,NaN,0.69124835729599,81.48777770996094,1.9962059259414673,mlp,embedding
5765,57660,NaN,NaN,NaN,NaN,0.6856090426445007,81.7003173828125,1.9849804639816284,mlp,embedding
5766,57670,NaN,NaN,NaN,NaN,0.6769461631774902,81.46652221679688,1.9678590297698975,mlp,embedding
5767,57680,NaN,NaN,NaN,NaN,0.6779523491859436,81.87034606933594,1.9698400497436523,mlp,embedding
5768,57690,NaN,NaN,NaN,NaN,0.6746976971626282,81.82784271240234,1.9634393453598022,mlp,embedding
5769,57700,NaN,NaN,NaN,NaN,0.6771939992904663,81.8916015625,1.9683468341827393,mlp,embedding
5770,57710,NaN,NaN,NaN,NaN,0.6721312999725342,82.2316665649414,1.9584068059921265,mlp,embedding
5771,57720,NaN,NaN,NaN,NaN,0.6658663153648376,82.44420623779297,1.9461758136749268,mlp,embedding
5772,57730,NaN,NaN,NaN,NaN,0.6762587428092957,82.33793640136719,1.9665067195892334,mlp,embedding
5773,57740,NaN,NaN,NaN,NaN,0.6783084273338318,82.31668090820312,1.9705415964126587,mlp,embedding
5774,57750,NaN,NaN,NaN,NaN,0.6597607731819153,82.69925689697266,1.9343295097351074,mlp,embedding
5775,57760,NaN,NaN,NaN,NaN,0.6735137701034546,82.40169525146484,1.9611161947250366,mlp,embedding
5776,57770,NaN,NaN,NaN,NaN,0.6745983958244324,82.4229507446289,1.9632443189620972,mlp,embedding
5777,57780,NaN,NaN,NaN,NaN,0.6590393781661987,82.99681091308594,1.9329346418380737,mlp,embedding
5778,57790,NaN,NaN,NaN,NaN,0.6810017824172974,82.91179656982422,1.975856065750122,mlp,embedding
5779,57800,NaN,NaN,NaN,NaN,0.6629818081855774,83.37937927246094,1.9405701160430908,mlp,embedding
5780,57810,NaN,NaN,NaN,NaN,0.7333763241767883,81.91285705566406,2.0820984840393066,mlp,embedding
5781,57820,NaN,NaN,NaN,NaN,3.263021945953369,52.0935173034668,26.128376007080078,mlp,embedding
5782,57830,NaN,NaN,NaN,NaN,3.0072200298309326,50.478214263916016,20.2310791015625,mlp,embedding
5783,57840,NaN,NaN,NaN,NaN,1.1125822067260742,68.67162322998047,3.042203903198242,mlp,embedding
5784,57850,NaN,NaN,NaN,NaN,0.9292845129966736,71.39213562011719,2.532696485519409,mlp,embedding
5785,57860,NaN,NaN,NaN,NaN,0.7231850624084473,76.59935760498047,2.0609872341156006,mlp,embedding
5786,57870,NaN,NaN,NaN,NaN,0.6450939178466797,79.10733032226562,1.9061660766601562,mlp,embedding
5787,57880,NaN,NaN,NaN,NaN,0.6078683137893677,80.55260467529297,1.8365123271942139,mlp,embedding
5788,57890,NaN,NaN,NaN,NaN,0.568777322769165,81.91285705566406,1.766106367111206,mlp,embedding
5789,57900,0.002538838889449835,100.0,1.0025420188903809,0.001,0.5436955094337463,82.44420623779297,1.7223601341247559,mlp,embedding
5790,57910,NaN,NaN,NaN,NaN,0.5275536179542542,82.91179656982422,1.6947811841964722,mlp,embedding
5791,57920,NaN,NaN,NaN,NaN,0.5160243511199951,82.97555541992188,1.675353765487671,mlp,embedding
5792,57930,NaN,NaN,NaN,NaN,0.5064733624458313,83.35812377929688,1.6594287157058716,mlp,embedding
5793,57940,NaN,NaN,NaN,NaN,0.49896568059921265,83.44314575195312,1.6470168828964233,mlp,embedding
5794,57950,NaN,NaN,NaN,NaN,0.49220332503318787,83.76195526123047,1.6359167098999023,mlp,embedding
5795,57960,NaN,NaN,NaN,NaN,0.48588430881500244,83.91072845458984,1.6256119012832642,mlp,embedding
5796,57970,NaN,NaN,NaN,NaN,0.4801746904850006,84.25079345703125,1.6163567304611206,mlp,embedding
5797,57980,NaN,NaN,NaN,NaN,0.4742986559867859,84.35706329345703,1.606886863708496,mlp,embedding
5798,57990,NaN,NaN,NaN,NaN,0.468909353017807,84.63336944580078,1.598250150680542,mlp,embedding
5799,58000,NaN,NaN,NaN,NaN,0.46387410163879395,84.80339813232422,1.590222716331482,mlp,embedding
5800,58010,NaN,NaN,NaN,NaN,0.4586241543292999,84.80339813232422,1.5818960666656494,mlp,embedding
5801,58020,NaN,NaN,NaN,NaN,0.45363911986351013,84.88841247558594,1.574029803276062,mlp,embedding
5802,58030,NaN,NaN,NaN,NaN,0.44961145520210266,84.90966796875,1.5677028894424438,mlp,embedding
5803,58040,NaN,NaN,NaN,NaN,0.44530564546585083,85.0584487915039,1.560967206954956,mlp,embedding
5804,58050,NaN,NaN,NaN,NaN,0.44150474667549133,85.16471862792969,1.5550453662872314,mlp,embedding
5805,58060,NaN,NaN,NaN,NaN,0.43777570128440857,85.33474731445312,1.5492573976516724,mlp,embedding
5806,58070,NaN,NaN,NaN,NaN,0.43392840027809143,85.37725830078125,1.5433083772659302,mlp,embedding
5807,58080,NaN,NaN,NaN,NaN,0.4290544390678406,85.6323013305664,1.5358046293258667,mlp,embedding
5808,58090,NaN,NaN,NaN,NaN,0.4257871210575104,85.73857116699219,1.5307948589324951,mlp,embedding
5809,58100,NaN,NaN,NaN,NaN,0.423552542924881,85.78108215332031,1.527377963066101,mlp,embedding
5810,58110,NaN,NaN,NaN,NaN,0.42032158374786377,85.82359313964844,1.5224510431289673,mlp,embedding
5811,58120,NaN,NaN,NaN,NaN,0.41692256927490234,85.95111083984375,1.5172849893569946,mlp,embedding
5812,58130,NaN,NaN,NaN,NaN,0.4135456681251526,85.95111083984375,1.5121699571609497,mlp,embedding
5813,58140,NaN,NaN,NaN,NaN,0.40988102555274963,86.0786361694336,1.506638526916504,mlp,embedding
5814,58150,NaN,NaN,NaN,NaN,0.4069157838821411,86.05738067626953,1.5021775960922241,mlp,embedding
5815,58160,NaN,NaN,NaN,NaN,0.40417537093162537,86.0786361694336,1.4980666637420654,mlp,embedding
5816,58170,NaN,NaN,NaN,NaN,0.4012179374694824,86.31243133544922,1.493642807006836,mlp,embedding
5817,58180,NaN,NaN,NaN,NaN,0.39925727248191833,86.35494232177734,1.4907170534133911,mlp,embedding
5818,58190,NaN,NaN,NaN,NaN,0.396796315908432,86.50371551513672,1.4870530366897583,mlp,embedding
5819,58200,NaN,NaN,NaN,NaN,0.39357370138168335,86.63124084472656,1.4822685718536377,mlp,embedding
5820,58210,NaN,NaN,NaN,NaN,0.391250878572464,86.90753936767578,1.4788295030593872,mlp,embedding
5821,58220,NaN,NaN,NaN,NaN,0.38928163051605225,86.92879486083984,1.4759202003479004,mlp,embedding
5822,58230,NaN,NaN,NaN,NaN,0.38695022463798523,87.05632019042969,1.4724831581115723,mlp,embedding
5823,58240,NaN,NaN,NaN,NaN,0.38447386026382446,87.12008666992188,1.468841314315796,mlp,embedding
5824,58250,NaN,NaN,NaN,NaN,0.3818944990634918,87.3963851928711,1.4650574922561646,mlp,embedding
5825,58260,NaN,NaN,NaN,NaN,0.37964385747909546,87.46014404296875,1.461763858795166,mlp,embedding
5826,58270,NaN,NaN,NaN,NaN,0.37781232595443726,87.48139953613281,1.4590890407562256,mlp,embedding
5827,58280,NaN,NaN,NaN,NaN,0.376905232667923,87.52391052246094,1.4577661752700806,mlp,embedding
5828,58290,NaN,NaN,NaN,NaN,0.3761550784111023,87.60892486572266,1.4566730260849,mlp,embedding
5829,58300,NaN,NaN,NaN,NaN,0.3746515214443207,87.60892486572266,1.454484462738037,mlp,embedding
5830,58310,NaN,NaN,NaN,NaN,0.3734612464904785,87.63018035888672,1.452754259109497,mlp,embedding
5831,58320,NaN,NaN,NaN,NaN,0.3720664978027344,87.80020904541016,1.450729489326477,mlp,embedding
5832,58330,NaN,NaN,NaN,NaN,0.37041184306144714,87.90647888183594,1.4483309984207153,mlp,embedding
5833,58340,NaN,NaN,NaN,NaN,0.36954542994499207,87.99149322509766,1.447076678276062,mlp,embedding
5834,58350,NaN,NaN,NaN,NaN,0.3684631586074829,87.88522338867188,1.4455113410949707,mlp,embedding
5835,58360,NaN,NaN,NaN,NaN,0.36824068427085876,87.97024536132812,1.4451898336410522,mlp,embedding
5836,58370,NaN,NaN,NaN,NaN,0.3688785433769226,88.05525970458984,1.4461119174957275,mlp,embedding
5837,58380,NaN,NaN,NaN,NaN,0.3673349916934967,88.16152954101562,1.4438815116882324,mlp,embedding
5838,58390,NaN,NaN,NaN,NaN,0.3656727075576782,88.0765151977539,1.4414833784103394,mlp,embedding
5839,58400,NaN,NaN,NaN,NaN,0.3655357360839844,88.18278503417969,1.4412859678268433,mlp,embedding
5840,58410,NaN,NaN,NaN,NaN,0.3661685287952423,88.1190185546875,1.4421982765197754,mlp,embedding
5841,58420,NaN,NaN,NaN,NaN,0.3660610020160675,88.2677993774414,1.4420431852340698,mlp,embedding
5842,58430,NaN,NaN,NaN,NaN,0.3663495182991028,88.4590835571289,1.4424593448638916,mlp,embedding
5843,58440,NaN,NaN,NaN,NaN,0.3656277656555176,88.28905487060547,1.4414186477661133,mlp,embedding
5844,58450,NaN,NaN,NaN,NaN,0.3654874265193939,88.41657257080078,1.4412163496017456,mlp,embedding
5845,58460,NaN,NaN,NaN,NaN,0.36570510268211365,88.39532470703125,1.4415301084518433,mlp,embedding
5846,58470,9.750763638294302e-06,100.0,1.0000097751617432,0.001,0.36728352308273315,88.33155822753906,1.4438072443008423,mlp,embedding
5847,58480,NaN,NaN,NaN,NaN,0.3668105900287628,88.48033905029297,1.443124532699585,mlp,embedding
5848,58490,NaN,NaN,NaN,NaN,0.36636194586753845,88.52284240722656,1.4424772262573242,mlp,embedding
5849,58500,NaN,NaN,NaN,NaN,0.36747804284095764,88.39532470703125,1.444088101387024,mlp,embedding
5850,58510,NaN,NaN,NaN,NaN,0.3678741753101349,88.48033905029297,1.4446603059768677,mlp,embedding
5851,58520,NaN,NaN,NaN,NaN,0.36727845668792725,88.4590835571289,1.4437998533248901,mlp,embedding
5852,58530,NaN,NaN,NaN,NaN,0.368789941072464,88.50159454345703,1.44598388671875,mlp,embedding
5853,58540,NaN,NaN,NaN,NaN,0.3693392872810364,88.310302734375,1.446778416633606,mlp,embedding
5854,58550,NaN,NaN,NaN,NaN,0.3717820644378662,88.28905487060547,1.4503169059753418,mlp,embedding
5855,58560,NaN,NaN,NaN,NaN,0.3718653619289398,88.2677993774414,1.4504376649856567,mlp,embedding
5856,58570,NaN,NaN,NaN,NaN,0.3717133402824402,88.14027404785156,1.4502172470092773,mlp,embedding
5857,58580,NaN,NaN,NaN,NaN,0.3722321689128876,88.14027404785156,1.4509698152542114,mlp,embedding
5858,58590,NaN,NaN,NaN,NaN,0.3731299936771393,88.310302734375,1.4522731304168701,mlp,embedding
5859,58600,NaN,NaN,NaN,NaN,0.37368956208229065,88.37406921386719,1.453086018562317,mlp,embedding
5860,58610,NaN,NaN,NaN,NaN,0.37435460090637207,88.35281372070312,1.4540526866912842,mlp,embedding
5861,58620,NaN,NaN,NaN,NaN,0.3738376498222351,88.37406921386719,1.453301191329956,mlp,embedding
5862,58630,NaN,NaN,NaN,NaN,0.37619447708129883,88.33155822753906,1.4567303657531738,mlp,embedding
5863,58640,NaN,NaN,NaN,NaN,0.37620824575424194,88.33155822753906,1.456750512123108,mlp,embedding
5864,58650,NaN,NaN,NaN,NaN,0.3782717287540436,88.16152954101562,1.4597595930099487,mlp,embedding
5865,58660,NaN,NaN,NaN,NaN,0.37720194458961487,88.18278503417969,1.4581987857818604,mlp,embedding
5866,58670,NaN,NaN,NaN,NaN,0.3773770034313202,88.18278503417969,1.4584540128707886,mlp,embedding
5867,58680,NaN,NaN,NaN,NaN,0.37899237871170044,88.1190185546875,1.4608118534088135,mlp,embedding
5868,58690,NaN,NaN,NaN,NaN,0.37935930490493774,88.14027404785156,1.461348056793213,mlp,embedding
5869,58700,NaN,NaN,NaN,NaN,0.3781470060348511,88.35281372070312,1.4595774412155151,mlp,embedding
5870,58710,NaN,NaN,NaN,NaN,0.3763456344604492,88.24654388427734,1.4569506645202637,mlp,embedding
5871,58720,NaN,NaN,NaN,NaN,0.3785378634929657,88.24654388427734,1.4601480960845947,mlp,embedding
5872,58730,NaN,NaN,NaN,NaN,0.3759041130542755,88.2677993774414,1.4563075304031372,mlp,embedding
5873,58740,NaN,NaN,NaN,NaN,0.37601524591445923,88.37406921386719,1.4564692974090576,mlp,embedding
5874,58750,NaN,NaN,NaN,NaN,0.3765699565410614,88.39532470703125,1.457277536392212,mlp,embedding
5875,58760,NaN,NaN,NaN,NaN,0.3772299587726593,88.48033905029297,1.4582395553588867,mlp,embedding
5876,58770,NaN,NaN,NaN,NaN,0.3762419521808624,88.43782806396484,1.4567996263504028,mlp,embedding
5877,58780,NaN,NaN,NaN,NaN,0.3738723397254944,88.60786437988281,1.453351616859436,mlp,embedding
5878,58790,NaN,NaN,NaN,NaN,0.37319859862327576,88.75663757324219,1.4523727893829346,mlp,embedding
5879,58800,NaN,NaN,NaN,NaN,0.37427636981010437,88.52284240722656,1.4539389610290527,mlp,embedding
5880,58810,NaN,NaN,NaN,NaN,0.37048596143722534,88.69287872314453,1.448438286781311,mlp,embedding
5881,58820,NaN,NaN,NaN,NaN,0.371841162443161,88.75663757324219,1.4504026174545288,mlp,embedding
5882,58830,NaN,NaN,NaN,NaN,0.3687504529953003,88.73538208007812,1.4459267854690552,mlp,embedding
5883,58840,NaN,NaN,NaN,NaN,0.3656569719314575,88.73538208007812,1.4414607286453247,mlp,embedding
5884,58850,NaN,NaN,NaN,NaN,0.36702069640159607,88.8416519165039,1.4434278011322021,mlp,embedding
5885,58860,NaN,NaN,NaN,NaN,0.3620738685131073,89.07544708251953,1.436305046081543,mlp,embedding
5886,58870,NaN,NaN,NaN,NaN,0.36585336923599243,88.92667388916016,1.4417438507080078,mlp,embedding
5887,58880,NaN,NaN,NaN,NaN,0.3593214154243469,89.11795806884766,1.4323570728302002,mlp,embedding
5888,58890,NaN,NaN,NaN,NaN,0.3555589020252228,89.0967025756836,1.4269779920578003,mlp,embedding
5889,58900,NaN,NaN,NaN,NaN,0.3577055335044861,89.26673889160156,1.430044412612915,mlp,embedding
5890,58910,NaN,NaN,NaN,NaN,0.3562454283237457,89.2879867553711,1.4279580116271973,mlp,embedding
5891,58920,NaN,NaN,NaN,NaN,0.34857189655303955,89.67056274414062,1.4170423746109009,mlp,embedding
5892,58930,NaN,NaN,NaN,NaN,0.35080334544181824,89.30924224853516,1.4202079772949219,mlp,embedding
5893,58940,NaN,NaN,NaN,NaN,0.3522207736968994,89.50052642822266,1.4222224950790405,mlp,embedding
5894,58950,NaN,NaN,NaN,NaN,0.34133315086364746,89.79808807373047,1.406821846961975,mlp,embedding
5895,58960,NaN,NaN,NaN,NaN,0.3396091163158417,89.73432159423828,1.4043985605239868,mlp,embedding
5896,58970,NaN,NaN,NaN,NaN,0.33817771077156067,89.84059143066406,1.402389645576477,mlp,embedding
5897,58980,NaN,NaN,NaN,NaN,0.3372364044189453,89.79808807373047,1.401070237159729,mlp,embedding
5898,58990,NaN,NaN,NaN,NaN,0.3370684087276459,89.8193359375,1.4008349180221558,mlp,embedding
5899,59000,NaN,NaN,NaN,NaN,0.3347627520561218,90.01062774658203,1.397608757019043,mlp,embedding
5900,59010,NaN,NaN,NaN,NaN,0.3318743407726288,90.09564208984375,1.3935776948928833,mlp,embedding
5901,59020,NaN,NaN,NaN,NaN,0.32643255591392517,90.18065643310547,1.3860148191452026,mlp,embedding
5902,59030,NaN,NaN,NaN,NaN,0.32227981090545654,90.4144515991211,1.3802709579467773,mlp,embedding
5903,59040,NaN,NaN,NaN,NaN,0.32432350516319275,90.43570709228516,1.3830946683883667,mlp,embedding
5904,59050,1.900151289646601e-07,100.0,1.000000238418579,0.001,0.32609638571739197,90.47821044921875,1.3855489492416382,mlp,embedding
5905,59060,NaN,NaN,NaN,NaN,0.3265778720378876,90.30818176269531,1.386216163635254,mlp,embedding
5906,59070,NaN,NaN,NaN,NaN,0.32053717970848083,90.45695495605469,1.3778676986694336,mlp,embedding
5907,59080,NaN,NaN,NaN,NaN,0.3245086967945099,90.73326110839844,1.3833508491516113,mlp,embedding
5908,59090,NaN,NaN,NaN,NaN,0.3203206956386566,90.73326110839844,1.3775694370269775,mlp,embedding
5909,59100,NaN,NaN,NaN,NaN,0.3291521370410919,90.47821044921875,1.3897892236709595,mlp,embedding
5910,59110,NaN,NaN,NaN,NaN,0.3305985629558563,90.56322479248047,1.3918009996414185,mlp,embedding
5911,59120,NaN,NaN,NaN,NaN,0.3270382285118103,90.56322479248047,1.3868545293807983,mlp,embedding
5912,59130,NaN,NaN,NaN,NaN,6.939764499664307,32.4335823059082,1032.5269775390625,mlp,embedding
5913,59140,NaN,NaN,NaN,NaN,1.4471075534820557,69.67056274414062,4.2508015632629395,mlp,embedding
5914,59150,NaN,NaN,NaN,NaN,0.9419220089912415,73.28373718261719,2.564906358718872,mlp,embedding
5915,59160,NaN,NaN,NaN,NaN,0.5251284837722778,83.57067108154297,1.6906760931015015,mlp,embedding
5916,59170,NaN,NaN,NaN,NaN,0.47111740708351135,85.0584487915039,1.601783037185669,mlp,embedding
5917,59180,NaN,NaN,NaN,NaN,0.40897613763809204,86.90753936767578,1.505275845527649,mlp,embedding
5918,59190,NaN,NaN,NaN,NaN,0.3603682518005371,88.50159454345703,1.4338573217391968,mlp,embedding
5919,59200,NaN,NaN,NaN,NaN,0.33649179339408875,89.03294372558594,1.4000273942947388,mlp,embedding
5920,59210,NaN,NaN,NaN,NaN,0.32274478673934937,89.60679626464844,1.3809128999710083,mlp,embedding
5921,59220,NaN,NaN,NaN,NaN,0.3125647008419037,89.92560577392578,1.3669264316558838,mlp,embedding
5922,59230,NaN,NaN,NaN,NaN,0.3045847713947296,89.88310241699219,1.3560618162155151,mlp,embedding
5923,59240,NaN,NaN,NaN,NaN,0.29825448989868164,90.11689758300781,1.3475046157836914,mlp,embedding
5924,59250,NaN,NaN,NaN,NaN,0.2927440106868744,90.24441528320312,1.3400996923446655,mlp,embedding
5925,59260,NaN,NaN,NaN,NaN,0.2884860336780548,90.39319610595703,1.3344056606292725,mlp,embedding
5926,59270,NaN,NaN,NaN,NaN,0.28555184602737427,90.62699127197266,1.330496072769165,mlp,embedding
5927,59280,NaN,NaN,NaN,NaN,0.28214460611343384,90.83953094482422,1.3259704113006592,mlp,embedding
5928,59290,NaN,NaN,NaN,NaN,0.27816808223724365,90.94580078125,1.320708155632019,mlp,embedding
5929,59300,NaN,NaN,NaN,NaN,0.273627370595932,91.0945816040039,1.3147248029708862,mlp,embedding
5930,59310,NaN,NaN,NaN,NaN,0.2697634696960449,91.17959594726562,1.3096545934677124,mlp,embedding
5931,59320,NaN,NaN,NaN,NaN,0.2669430375099182,91.26461029052734,1.3059660196304321,mlp,embedding
5932,59330,NaN,NaN,NaN,NaN,0.26383888721466064,91.30712127685547,1.301918387413025,mlp,embedding
5933,59340,NaN,NaN,NaN,NaN,0.25998371839523315,91.39213562011719,1.296908974647522,mlp,embedding
5934,59350,NaN,NaN,NaN,NaN,0.25656551122665405,91.49840545654297,1.2924834489822388,mlp,embedding
5935,59360,NaN,NaN,NaN,NaN,0.25404947996139526,91.56216430664062,1.2892355918884277,mlp,embedding
5936,59370,NaN,NaN,NaN,NaN,0.25124847888946533,91.60467529296875,1.2856295108795166,mlp,embedding
5937,59380,NaN,NaN,NaN,NaN,0.24811308085918427,91.75344848632812,1.2816048860549927,mlp,embedding
5938,59390,NaN,NaN,NaN,NaN,0.24557887017726898,91.8597183227539,1.2783610820770264,mlp,embedding
5939,59400,NaN,NaN,NaN,NaN,0.24270252883434296,92.00849914550781,1.2746894359588623,mlp,embedding
5940,59410,NaN,NaN,NaN,NaN,0.23977862298488617,92.09351348876953,1.270967721939087,mlp,embedding
5941,59420,NaN,NaN,NaN,NaN,0.23709136247634888,92.19978332519531,1.26755690574646,mlp,embedding
5942,59430,NaN,NaN,NaN,NaN,0.23472532629966736,92.24229431152344,1.264561414718628,mlp,embedding
5943,59440,NaN,NaN,NaN,NaN,0.2322617918252945,92.34856414794922,1.261449933052063,mlp,embedding
5944,59450,NaN,NaN,NaN,NaN,0.22992123663425446,92.36981964111328,1.2585009336471558,mlp,embedding
5945,59460,NaN,NaN,NaN,NaN,0.2279416024684906,92.47608947753906,1.256011962890625,mlp,embedding
5946,59470,NaN,NaN,NaN,NaN,0.22597144544124603,92.60360717773438,1.2535399198532104,mlp,embedding
5947,59480,NaN,NaN,NaN,NaN,0.2240900844335556,92.81615447998047,1.2511837482452393,mlp,embedding
5948,59490,NaN,NaN,NaN,NaN,0.22248771786689758,92.94367218017578,1.2491804361343384,mlp,embedding
5949,59500,NaN,NaN,NaN,NaN,0.2212313413619995,92.90116882324219,1.2476119995117188,mlp,embedding
5950,59510,NaN,NaN,NaN,NaN,0.21923033893108368,92.87991333007812,1.2451180219650269,mlp,embedding
5951,59520,NaN,NaN,NaN,NaN,0.21687699854373932,92.92242431640625,1.2421913146972656,mlp,embedding
5952,59530,NaN,NaN,NaN,NaN,0.21552832424640656,92.90116882324219,1.2405171394348145,mlp,embedding
5953,59540,NaN,NaN,NaN,NaN,0.21470920741558075,92.90116882324219,1.2395013570785522,mlp,embedding
5954,59550,NaN,NaN,NaN,NaN,0.21191468834877014,92.9861831665039,1.2360423803329468,mlp,embedding
5955,59560,NaN,NaN,NaN,NaN,0.210887610912323,92.94367218017578,1.2347735166549683,mlp,embedding
5956,59570,NaN,NaN,NaN,NaN,0.2087799459695816,92.92242431640625,1.2321738004684448,mlp,embedding
5957,59580,NaN,NaN,NaN,NaN,0.20782902836799622,92.92242431640625,1.231002688407898,mlp,embedding
5958,59590,NaN,NaN,NaN,NaN,0.20660188794136047,93.11370849609375,1.2294930219650269,mlp,embedding
5959,59600,NaN,NaN,NaN,NaN,0.20489268004894257,93.1774673461914,1.227393388748169,mlp,embedding
5960,59610,NaN,NaN,NaN,NaN,0.20373505353927612,93.28373718261719,1.2259732484817505,mlp,embedding
5961,59620,NaN,NaN,NaN,NaN,0.20262040197849274,93.32624816894531,1.2246074676513672,mlp,embedding
5962,59630,NaN,NaN,NaN,NaN,0.2019551545381546,93.28373718261719,1.2237931489944458,mlp,embedding
5963,59640,2.4717093765502796e-05,100.0,1.000024676322937,0.001,0.20101754367351532,93.34750366210938,1.2226462364196777,mlp,embedding
5964,59650,NaN,NaN,NaN,NaN,0.19929537177085876,93.41126251220703,1.2205424308776855,mlp,embedding
5965,59660,NaN,NaN,NaN,NaN,0.19789119064807892,93.39000701904297,1.2188297510147095,mlp,embedding
5966,59670,NaN,NaN,NaN,NaN,0.1973944902420044,93.39000701904297,1.2182245254516602,mlp,embedding
5967,59680,NaN,NaN,NaN,NaN,0.19579140841960907,93.39000701904297,1.2162731885910034,mlp,embedding
5968,59690,NaN,NaN,NaN,NaN,0.19504177570343018,93.4325180053711,1.2153617143630981,mlp,embedding
5969,59700,NaN,NaN,NaN,NaN,0.19371847808361053,93.49627685546875,1.2137545347213745,mlp,embedding
5970,59710,NaN,NaN,NaN,NaN,0.19187593460083008,93.49627685546875,1.2115201950073242,mlp,embedding
5971,59720,NaN,NaN,NaN,NaN,0.19133123755455017,93.47502136230469,1.2108604907989502,mlp,embedding
5972,59730,NaN,NaN,NaN,NaN,0.18981441855430603,93.58129119873047,1.209025263786316,mlp,embedding
5973,59740,NaN,NaN,NaN,NaN,0.18786390125751495,93.47502136230469,1.2066693305969238,mlp,embedding
5974,59750,NaN,NaN,NaN,NaN,0.1875750571489334,93.6238021850586,1.2063207626342773,mlp,embedding
5975,59760,NaN,NaN,NaN,NaN,0.18626289069652557,93.70881652832031,1.204738974571228,mlp,embedding
5976,59770,NaN,NaN,NaN,NaN,0.1857551634311676,93.68756103515625,1.2041274309158325,mlp,embedding
5977,59780,NaN,NaN,NaN,NaN,0.18411776423454285,93.68756103515625,1.2021573781967163,mlp,embedding
5978,59790,NaN,NaN,NaN,NaN,0.1842881590127945,93.79383087158203,1.202362298965454,mlp,embedding
5979,59800,NaN,NaN,NaN,NaN,0.1834440678358078,93.85759735107422,1.201347827911377,mlp,embedding
5980,59810,NaN,NaN,NaN,NaN,0.1825874298810959,93.9638671875,1.2003190517425537,mlp,embedding
5981,59820,NaN,NaN,NaN,NaN,0.18298684060573578,93.98512268066406,1.2007986307144165,mlp,embedding
5982,59830,NaN,NaN,NaN,NaN,0.18186837434768677,93.98512268066406,1.1994563341140747,mlp,embedding
5983,59840,NaN,NaN,NaN,NaN,0.18131181597709656,94.0063705444336,1.1987888813018799,mlp,embedding
5984,59850,NaN,NaN,NaN,NaN,0.18159165978431702,94.11264038085938,1.1991244554519653,mlp,embedding
5985,59860,NaN,NaN,NaN,NaN,0.17915326356887817,94.1551513671875,1.1962040662765503,mlp,embedding
5986,59870,NaN,NaN,NaN,NaN,0.17922139167785645,94.1551513671875,1.196285605430603,mlp,embedding
5987,59880,NaN,NaN,NaN,NaN,0.1797483265399933,94.13389587402344,1.196916103363037,mlp,embedding
5988,59890,NaN,NaN,NaN,NaN,0.1781722456216812,94.1551513671875,1.1950311660766602,mlp,embedding
5989,59900,NaN,NaN,NaN,NaN,0.17813879251480103,94.09139251708984,1.194991111755371,mlp,embedding
5990,59910,NaN,NaN,NaN,NaN,0.17774300277233124,93.9638671875,1.1945183277130127,mlp,embedding
5991,59920,NaN,NaN,NaN,NaN,0.17655880749225616,94.24016571044922,1.19310462474823,mlp,embedding
5992,59930,NaN,NaN,NaN,NaN,0.17634128034114838,94.26142120361328,1.192845106124878,mlp,embedding
5993,59940,NaN,NaN,NaN,NaN,0.17586888372898102,94.26142120361328,1.192281723022461,mlp,embedding
5994,59950,NaN,NaN,NaN,NaN,0.1745225191116333,94.38894653320312,1.190677523612976,mlp,embedding
5995,59960,NaN,NaN,NaN,NaN,0.17459599673748016,94.26142120361328,1.1907650232315063,mlp,embedding
5996,59970,NaN,NaN,NaN,NaN,0.17411917448043823,94.38894653320312,1.1901973485946655,mlp,embedding
5997,59980,NaN,NaN,NaN,NaN,0.17328611016273499,94.36769104003906,1.1892062425613403,mlp,embedding
5998,59990,NaN,NaN,NaN,NaN,0.17239707708358765,94.346435546875,1.1881495714187622,mlp,embedding
5999,60000,NaN,NaN,NaN,NaN,0.17251917719841003,94.32518005371094,1.1882946491241455,mlp,embedding
6000,60010,NaN,NaN,NaN,NaN,0.17384803295135498,94.45270538330078,1.1898747682571411,mlp,embedding
6001,60020,NaN,NaN,NaN,NaN,0.17021161317825317,94.41020202636719,1.1855556964874268,mlp,embedding
6002,60030,NaN,NaN,NaN,NaN,0.1703013926744461,94.38894653320312,1.1856621503829956,mlp,embedding
6003,60040,NaN,NaN,NaN,NaN,0.17115533351898193,94.43144989013672,1.1866750717163086,mlp,embedding
6004,60050,NaN,NaN,NaN,NaN,0.16910453140735626,94.60148620605469,1.18424391746521,mlp,embedding
6005,60060,NaN,NaN,NaN,NaN,0.1701948493719101,94.58023071289062,1.1855357885360718,mlp,embedding
6006,60070,NaN,NaN,NaN,NaN,0.16900894045829773,94.58023071289062,1.1841306686401367,mlp,embedding
6007,60080,NaN,NaN,NaN,NaN,0.16748976707458496,94.72901153564453,1.18233323097229,mlp,embedding
6008,60090,NaN,NaN,NaN,NaN,0.16622895002365112,94.7502670288086,1.180843472480774,mlp,embedding
6009,60100,NaN,NaN,NaN,NaN,0.1674852818250656,94.77151489257812,1.1823278665542603,mlp,embedding
6010,60110,NaN,NaN,NaN,NaN,0.16555893421173096,94.83528137207031,1.1800525188446045,mlp,embedding
6011,60120,NaN,NaN,NaN,NaN,0.16488054394721985,94.96280670166016,1.17925226688385,mlp,embedding
6012,60130,NaN,NaN,NaN,NaN,0.16423478722572327,94.81402587890625,1.1784909963607788,mlp,embedding
6013,60140,NaN,NaN,NaN,NaN,0.1628064662218094,94.8777847290039,1.1768089532852173,mlp,embedding
6014,60150,NaN,NaN,NaN,NaN,0.16093710064888,95.00531005859375,1.1746110916137695,mlp,embedding
6015,60160,NaN,NaN,NaN,NaN,0.15964281558990479,94.98405456542969,1.1730917692184448,mlp,embedding
6016,60170,NaN,NaN,NaN,NaN,0.15954133868217468,94.96280670166016,1.1729727983474731,mlp,embedding
6017,60180,NaN,NaN,NaN,NaN,0.16212759912014008,94.96280670166016,1.176010251045227,mlp,embedding
6018,60190,NaN,NaN,NaN,NaN,0.1581992357969284,95.09032440185547,1.1713995933532715,mlp,embedding
6019,60200,NaN,NaN,NaN,NaN,0.15523479878902435,95.15409088134766,1.167932152748108,mlp,embedding
6020,60210,NaN,NaN,NaN,NaN,0.1520804762840271,95.09032440185547,1.1642539501190186,mlp,embedding
6021,60220,NaN,NaN,NaN,NaN,0.1504749357700348,95.15409088134766,1.162386178970337,mlp,embedding
6022,60230,3.706029758632212e-07,100.0,1.0000003576278687,0.001,0.1497766226530075,95.23910522460938,1.1615747213363647,mlp,embedding
6023,60240,NaN,NaN,NaN,NaN,0.150058314204216,95.09032440185547,1.1619019508361816,mlp,embedding
6024,60250,NaN,NaN,NaN,NaN,0.14818815886974335,95.19659423828125,1.1597310304641724,mlp,embedding
6025,60260,NaN,NaN,NaN,NaN,0.14797860383987427,95.40913391113281,1.1594880819320679,mlp,embedding
6026,60270,NaN,NaN,NaN,NaN,0.14795958995819092,95.23910522460938,1.159466028213501,mlp,embedding
6027,60280,NaN,NaN,NaN,NaN,0.14776070415973663,95.23910522460938,1.1592354774475098,mlp,embedding
6028,60290,NaN,NaN,NaN,NaN,0.1461746245622635,95.3241195678711,1.1573982238769531,mlp,embedding
6029,60300,NaN,NaN,NaN,NaN,0.14312724769115448,95.36663055419922,1.1538766622543335,mlp,embedding
6030,60310,NaN,NaN,NaN,NaN,0.1406055986881256,95.43038940429688,1.1509705781936646,mlp,embedding
6031,60320,NaN,NaN,NaN,NaN,0.14041288197040558,95.38788604736328,1.1507488489151,mlp,embedding
6032,60330,NaN,NaN,NaN,NaN,0.14145639538764954,95.53665924072266,1.1519502401351929,mlp,embedding
6033,60340,NaN,NaN,NaN,NaN,0.14205977320671082,95.5154037475586,1.1526455879211426,mlp,embedding
6034,60350,NaN,NaN,NaN,NaN,0.14346902072429657,95.34537506103516,1.1542710065841675,mlp,embedding
6035,60360,NaN,NaN,NaN,NaN,0.1463223397731781,95.38788604736328,1.1575692892074585,mlp,embedding
6036,60370,NaN,NaN,NaN,NaN,0.14350634813308716,95.38788604736328,1.1543141603469849,mlp,embedding
6037,60380,NaN,NaN,NaN,NaN,0.15139269828796387,95.23910522460938,1.163453459739685,mlp,embedding
6038,60390,NaN,NaN,NaN,NaN,0.15009759366512299,95.38788604736328,1.1619476079940796,mlp,embedding
6039,60400,NaN,NaN,NaN,NaN,0.1359548568725586,95.74919891357422,1.145630121231079,mlp,embedding
6040,60410,NaN,NaN,NaN,NaN,2.9056718349456787,59.0435676574707,18.27751922607422,mlp,embedding
6041,60420,NaN,NaN,NaN,NaN,0.839245617389679,78.40595245361328,2.31462025642395,mlp,embedding
6042,60430,NaN,NaN,NaN,NaN,0.410363107919693,87.82146453857422,1.5073649883270264,mlp,embedding
6043,60440,NaN,NaN,NaN,NaN,0.36855942010879517,88.86290740966797,1.445650577545166,mlp,embedding
6044,60450,NaN,NaN,NaN,NaN,0.38926687836647034,87.71519470214844,1.4758983850479126,mlp,embedding
6045,60460,NaN,NaN,NaN,NaN,0.2073240727186203,93.39000701904297,1.2303812503814697,mlp,embedding
6046,60470,NaN,NaN,NaN,NaN,0.18091383576393127,93.85759735107422,1.1983119249343872,mlp,embedding
6047,60480,NaN,NaN,NaN,NaN,0.16335934400558472,94.58023071289062,1.177459716796875,mlp,embedding
6048,60490,NaN,NaN,NaN,NaN,0.15134546160697937,94.92029571533203,1.1633985042572021,mlp,embedding
6049,60500,NaN,NaN,NaN,NaN,0.14537853002548218,95.09032440185547,1.1564772129058838,mlp,embedding
6050,60510,NaN,NaN,NaN,NaN,0.14158207178115845,95.21784973144531,1.152095079421997,mlp,embedding
6051,60520,NaN,NaN,NaN,NaN,0.13882547616958618,95.34537506103516,1.1489235162734985,mlp,embedding
6052,60530,NaN,NaN,NaN,NaN,0.1363980919122696,95.40913391113281,1.146138072013855,mlp,embedding
6053,60540,NaN,NaN,NaN,NaN,0.13413342833518982,95.49415588378906,1.143545389175415,mlp,embedding
6054,60550,NaN,NaN,NaN,NaN,0.1320340633392334,95.64292907714844,1.1411471366882324,mlp,embedding
6055,60560,NaN,NaN,NaN,NaN,0.1300390064716339,95.77045440673828,1.1388728618621826,mlp,embedding
6056,60570,NaN,NaN,NaN,NaN,0.12820278108119965,95.8129653930664,1.136783480644226,mlp,embedding
6057,60580,NaN,NaN,NaN,NaN,0.12644639611244202,95.85546875,1.1347886323928833,mlp,embedding
6058,60590,NaN,NaN,NaN,NaN,0.12474401295185089,95.91923522949219,1.132858395576477,mlp,embedding
6059,60600,NaN,NaN,NaN,NaN,0.12308419495820999,96.02550506591797,1.1309796571731567,mlp,embedding
6060,60610,NaN,NaN,NaN,NaN,0.12138277292251587,96.06800842285156,1.1290570497512817,mlp,embedding
6061,60620,NaN,NaN,NaN,NaN,0.11980312317609787,96.15302276611328,1.1272748708724976,mlp,embedding
6062,60630,NaN,NaN,NaN,NaN,0.11828933656215668,96.1955337524414,1.1255697011947632,mlp,embedding
6063,60640,NaN,NaN,NaN,NaN,0.1170654147863388,96.21678924560547,1.1241929531097412,mlp,embedding
6064,60650,NaN,NaN,NaN,NaN,0.1153138056397438,96.25929260253906,1.1222255229949951,mlp,embedding
6065,60660,NaN,NaN,NaN,NaN,0.11357776075601578,96.32305908203125,1.1202789545059204,mlp,embedding
6066,60670,NaN,NaN,NaN,NaN,0.11189104616641998,96.3868179321289,1.1183910369873047,mlp,embedding
6067,60680,NaN,NaN,NaN,NaN,0.11069430410861969,96.3868179321289,1.1170533895492554,mlp,embedding
6068,60690,NaN,NaN,NaN,NaN,0.10952457040548325,96.3868179321289,1.1157474517822266,mlp,embedding
6069,60700,NaN,NaN,NaN,NaN,0.10824192315340042,96.3868179321289,1.1143172979354858,mlp,embedding
6070,60710,NaN,NaN,NaN,NaN,0.10700269788503647,96.4505844116211,1.1129372119903564,mlp,embedding
6071,60720,NaN,NaN,NaN,NaN,0.10553291440010071,96.53559875488281,1.1113027334213257,mlp,embedding
6072,60730,NaN,NaN,NaN,NaN,0.10408702492713928,96.55685424804688,1.1096969842910767,mlp,embedding
6073,60740,NaN,NaN,NaN,NaN,0.10277018696069717,96.68437957763672,1.1082366704940796,mlp,embedding
6074,60750,NaN,NaN,NaN,NaN,0.101398766040802,96.74813842773438,1.106717824935913,mlp,embedding
6075,60760,NaN,NaN,NaN,NaN,0.10025713592767715,96.7906494140625,1.1054551601409912,mlp,embedding
6076,60770,NaN,NaN,NaN,NaN,0.09919466078281403,96.81189727783203,1.1042811870574951,mlp,embedding
6077,60780,NaN,NaN,NaN,NaN,0.0983533188700676,96.87566375732422,1.1033525466918945,mlp,embedding
6078,60790,NaN,NaN,NaN,NaN,0.09698806703090668,96.89691925048828,1.1018471717834473,mlp,embedding
6079,60800,NaN,NaN,NaN,NaN,0.09606043994426727,96.91816711425781,1.100825548171997,mlp,embedding
6080,60810,NaN,NaN,NaN,NaN,0.09522581100463867,96.91816711425781,1.0999071598052979,mlp,embedding
6081,60820,NaN,NaN,NaN,NaN,0.09441031515598297,96.98193359375,1.0990105867385864,mlp,embedding
6082,60830,1.6371430319850333e-05,100.0,1.0000163316726685,0.001,0.09363323450088501,96.96067810058594,1.0981569290161133,mlp,embedding
6083,60840,NaN,NaN,NaN,NaN,0.09292686730623245,97.06694793701172,1.0973814725875854,mlp,embedding
6084,60850,NaN,NaN,NaN,NaN,0.09216449409723282,97.06694793701172,1.0965452194213867,mlp,embedding
6085,60860,NaN,NaN,NaN,NaN,0.09124522656202316,97.0244369506836,1.0955376625061035,mlp,embedding
6086,60870,NaN,NaN,NaN,NaN,0.09047453105449677,97.00318908691406,1.094693660736084,mlp,embedding
6087,60880,NaN,NaN,NaN,NaN,0.08975493907928467,97.04569244384766,1.0939061641693115,mlp,embedding
6088,60890,NaN,NaN,NaN,NaN,0.08932755142450333,97.15196228027344,1.093438744544983,mlp,embedding
6089,60900,NaN,NaN,NaN,NaN,0.08835713565349579,97.15196228027344,1.0923781394958496,mlp,embedding
6090,60910,NaN,NaN,NaN,NaN,0.08779726177453995,97.10945892333984,1.0917667150497437,mlp,embedding
6091,60920,NaN,NaN,NaN,NaN,0.08730592578649521,97.15196228027344,1.0912305116653442,mlp,embedding
6092,60930,NaN,NaN,NaN,NaN,0.08733862638473511,97.1732177734375,1.09126615524292,mlp,embedding
6093,60940,NaN,NaN,NaN,NaN,0.08702103793621063,97.27948760986328,1.0909196138381958,mlp,embedding
6094,60950,NaN,NaN,NaN,NaN,0.08609296381473541,97.19447326660156,1.0899076461791992,mlp,embedding
6095,60960,NaN,NaN,NaN,NaN,0.08556803315877914,97.10945892333984,1.0893356800079346,mlp,embedding
6096,60970,NaN,NaN,NaN,NaN,0.08476118743419647,97.15196228027344,1.0884571075439453,mlp,embedding
6097,60980,NaN,NaN,NaN,NaN,0.0845467820763588,97.25823211669922,1.0882236957550049,mlp,embedding
6098,60990,NaN,NaN,NaN,NaN,0.08471095561981201,97.23697662353516,1.0884023904800415,mlp,embedding
6099,61000,NaN,NaN,NaN,NaN,0.08442264795303345,97.21572875976562,1.0880886316299438,mlp,embedding
6100,61010,NaN,NaN,NaN,NaN,0.08320950716733932,97.27948760986328,1.086769461631775,mlp,embedding
6101,61020,NaN,NaN,NaN,NaN,0.08276860415935516,97.30074310302734,1.0862903594970703,mlp,embedding
6102,61030,NaN,NaN,NaN,NaN,0.08297808468341827,97.23697662353516,1.0865180492401123,mlp,embedding
6103,61040,NaN,NaN,NaN,NaN,0.08273909240961075,97.30074310302734,1.0862584114074707,mlp,embedding
6104,61050,NaN,NaN,NaN,NaN,0.08248748630285263,97.3219985961914,1.0859850645065308,mlp,embedding
6105,61060,NaN,NaN,NaN,NaN,0.08193840086460114,97.364501953125,1.0853888988494873,mlp,embedding
6106,61070,NaN,NaN,NaN,NaN,0.08185451477766037,97.3219985961914,1.08529794216156,mlp,embedding
6107,61080,NaN,NaN,NaN,NaN,0.08147779107093811,97.364501953125,1.0848891735076904,mlp,embedding
6108,61090,NaN,NaN,NaN,NaN,0.0813949853181839,97.364501953125,1.0847992897033691,mlp,embedding
6109,61100,NaN,NaN,NaN,NaN,0.08125434070825577,97.34324645996094,1.0846467018127441,mlp,embedding
6110,61110,NaN,NaN,NaN,NaN,0.08103478699922562,97.25823211669922,1.0844086408615112,mlp,embedding
6111,61120,NaN,NaN,NaN,NaN,0.08102497458457947,97.23697662353516,1.0843980312347412,mlp,embedding
6112,61130,NaN,NaN,NaN,NaN,0.08068542927503586,97.21572875976562,1.0840297937393188,mlp,embedding
6113,61140,NaN,NaN,NaN,NaN,0.08066509664058685,97.23697662353516,1.0840078592300415,mlp,embedding
6114,61150,NaN,NaN,NaN,NaN,0.08088845759630203,97.34324645996094,1.0842499732971191,mlp,embedding
6115,61160,NaN,NaN,NaN,NaN,0.08062688261270523,97.27948760986328,1.0839663743972778,mlp,embedding
6116,61170,NaN,NaN,NaN,NaN,0.08161235600709915,97.27948760986328,1.0850350856781006,mlp,embedding
6117,61180,NaN,NaN,NaN,NaN,0.08100056648254395,97.25823211669922,1.084371566772461,mlp,embedding
6118,61190,NaN,NaN,NaN,NaN,0.0815446600317955,97.27948760986328,1.0849616527557373,mlp,embedding
6119,61200,NaN,NaN,NaN,NaN,0.08076480031013489,97.3219985961914,1.0841158628463745,mlp,embedding
6120,61210,NaN,NaN,NaN,NaN,0.08098394423723221,97.30074310302734,1.0843534469604492,mlp,embedding
6121,61220,NaN,NaN,NaN,NaN,0.08136411011219025,97.34324645996094,1.0847657918930054,mlp,embedding
6122,61230,NaN,NaN,NaN,NaN,0.08148374408483505,97.27948760986328,1.0848956108093262,mlp,embedding
6123,61240,NaN,NaN,NaN,NaN,0.0811491459608078,97.25823211669922,1.084532618522644,mlp,embedding
6124,61250,NaN,NaN,NaN,NaN,0.08143841475248337,97.21572875976562,1.0848463773727417,mlp,embedding
6125,61260,NaN,NaN,NaN,NaN,0.0808337926864624,97.30074310302734,1.0841907262802124,mlp,embedding
6126,61270,NaN,NaN,NaN,NaN,0.0802980363368988,97.30074310302734,1.083609938621521,mlp,embedding
6127,61280,NaN,NaN,NaN,NaN,0.08052649348974228,97.19447326660156,1.083857536315918,mlp,embedding
6128,61290,NaN,NaN,NaN,NaN,0.08008458465337753,97.30074310302734,1.0833786725997925,mlp,embedding
6129,61300,NaN,NaN,NaN,NaN,0.07942589372396469,97.38575744628906,1.0826653242111206,mlp,embedding
6130,61310,NaN,NaN,NaN,NaN,0.07978364825248718,97.364501953125,1.0830527544021606,mlp,embedding
6131,61320,NaN,NaN,NaN,NaN,0.07835719734430313,97.38575744628906,1.0815088748931885,mlp,embedding
6132,61330,NaN,NaN,NaN,NaN,0.07791374623775482,97.47077178955078,1.0810294151306152,mlp,embedding
6133,61340,NaN,NaN,NaN,NaN,0.07654637843370438,97.49202728271484,1.0795522928237915,mlp,embedding
6134,61350,NaN,NaN,NaN,NaN,0.07730510830879211,97.5132827758789,1.080371618270874,mlp,embedding
6135,61360,NaN,NaN,NaN,NaN,0.07476453483104706,97.44951629638672,1.0776304006576538,mlp,embedding
6136,61370,NaN,NaN,NaN,NaN,0.07449550926685333,97.5557861328125,1.0773404836654663,mlp,embedding
6137,61380,NaN,NaN,NaN,NaN,0.07471747696399689,97.5557861328125,1.0775796175003052,mlp,embedding
6138,61390,NaN,NaN,NaN,NaN,0.07442378252744675,97.42826843261719,1.0772632360458374,mlp,embedding
6139,61400,NaN,NaN,NaN,NaN,0.07087384164333344,97.57704162597656,1.0734457969665527,mlp,embedding
6140,61410,NaN,NaN,NaN,NaN,0.07118247449398041,97.57704162597656,1.073777198791504,mlp,embedding
6141,61420,NaN,NaN,NaN,NaN,0.0700458511710167,97.5557861328125,1.0725573301315308,mlp,embedding
6142,61430,3.552963505626394e-07,100.0,1.0000003576278687,0.001,0.06921621412038803,97.61955261230469,1.0716679096221924,mlp,embedding
6143,61440,NaN,NaN,NaN,NaN,0.06862770766019821,97.61955261230469,1.0710374116897583,mlp,embedding
6144,61450,NaN,NaN,NaN,NaN,0.06702189147472382,97.72582244873047,1.0693188905715942,mlp,embedding
6145,61460,NaN,NaN,NaN,NaN,0.06486774981021881,97.85334777832031,1.067017912864685,mlp,embedding
6146,61470,NaN,NaN,NaN,NaN,0.06657184660434723,97.7045669555664,1.0688377618789673,mlp,embedding
6147,61480,NaN,NaN,NaN,NaN,0.065275639295578,97.81083679199219,1.0674532651901245,mlp,embedding
6148,61490,NaN,NaN,NaN,NaN,0.06649208068847656,97.81083679199219,1.0687525272369385,mlp,embedding
6149,61500,NaN,NaN,NaN,NaN,0.06302905827760696,97.87459564208984,1.0650577545166016,mlp,embedding
6150,61510,NaN,NaN,NaN,NaN,0.06264422833919525,97.93836212158203,1.0646480321884155,mlp,embedding
6151,61520,NaN,NaN,NaN,NaN,0.06353696435689926,97.98086547851562,1.0655988454818726,mlp,embedding
6152,61530,NaN,NaN,NaN,NaN,0.06275354325771332,97.83209228515625,1.064764380455017,mlp,embedding
6153,61540,NaN,NaN,NaN,NaN,0.06464775651693344,98.00212097167969,1.0667831897735596,mlp,embedding
6154,61550,NaN,NaN,NaN,NaN,0.06484497338533401,97.83209228515625,1.0669935941696167,mlp,embedding
6155,61560,NaN,NaN,NaN,NaN,0.0647122785449028,97.87459564208984,1.0668519735336304,mlp,embedding
6156,61570,NaN,NaN,NaN,NaN,0.06252957880496979,98.02337646484375,1.0645259618759155,mlp,embedding
6157,61580,NaN,NaN,NaN,NaN,0.0662643164396286,97.85334777832031,1.0685091018676758,mlp,embedding
6158,61590,NaN,NaN,NaN,NaN,0.06698139756917953,97.87459564208984,1.0692756175994873,mlp,embedding
6159,61600,NaN,NaN,NaN,NaN,0.06452933698892593,97.83209228515625,1.0666568279266357,mlp,embedding
6160,61610,NaN,NaN,NaN,NaN,0.08458168804645538,96.91816711425781,1.0882617235183716,mlp,embedding
6161,61620,NaN,NaN,NaN,NaN,5.222070217132568,50.49946594238281,185.3174285888672,mlp,embedding
6162,61630,NaN,NaN,NaN,NaN,0.7522321343421936,79.87247467041016,2.1217308044433594,mlp,embedding
6163,61640,NaN,NaN,NaN,NaN,0.3526650667190552,88.77789306640625,1.4228545427322388,mlp,embedding
6164,61650,NaN,NaN,NaN,NaN,0.20354418456554413,93.11370849609375,1.2257393598556519,mlp,embedding
6165,61660,NaN,NaN,NaN,NaN,0.17812693119049072,93.68756103515625,1.194977045059204,mlp,embedding
6166,61670,NaN,NaN,NaN,NaN,0.13833148777484894,95.23910522460938,1.1483561992645264,mlp,embedding
6167,61680,NaN,NaN,NaN,NaN,0.11687865108251572,96.08926391601562,1.1239830255508423,mlp,embedding
6168,61690,NaN,NaN,NaN,NaN,0.10604454576969147,96.55685424804688,1.111871361732483,mlp,embedding
6169,61700,NaN,NaN,NaN,NaN,0.0987674668431282,96.70562744140625,1.1038095951080322,mlp,embedding
6170,61710,NaN,NaN,NaN,NaN,0.09399297088384628,96.76939392089844,1.0985519886016846,mlp,embedding
6171,61720,NaN,NaN,NaN,NaN,0.09037919342517853,96.96067810058594,1.0945892333984375,mlp,embedding
6172,61730,NaN,NaN,NaN,NaN,0.08752161264419556,97.15196228027344,1.0914658308029175,mlp,embedding
6173,61740,NaN,NaN,NaN,NaN,0.08489284664392471,97.3219985961914,1.0886003971099854,mlp,embedding
6174,61750,NaN,NaN,NaN,NaN,0.08260234445333481,97.364501953125,1.0861098766326904,mlp,embedding
6175,61760,NaN,NaN,NaN,NaN,0.08047952502965927,97.40701293945312,1.0838066339492798,mlp,embedding
6176,61770,NaN,NaN,NaN,NaN,0.07870661467313766,97.49202728271484,1.081886887550354,mlp,embedding
6177,61780,NaN,NaN,NaN,NaN,0.07690376788377762,97.57704162597656,1.0799381732940674,mlp,embedding
6178,61790,NaN,NaN,NaN,NaN,0.07517857849597931,97.59829711914062,1.0780766010284424,mlp,embedding
6179,61800,NaN,NaN,NaN,NaN,0.07347393035888672,97.68331146240234,1.0762405395507812,mlp,embedding
6180,61810,NaN,NaN,NaN,NaN,0.07172698527574539,97.78958129882812,1.07436203956604,mlp,embedding
6181,61820,NaN,NaN,NaN,NaN,0.07021728157997131,97.81083679199219,1.0727412700653076,mlp,embedding
6182,61830,NaN,NaN,NaN,NaN,0.0686509981751442,97.91710662841797,1.0710623264312744,mlp,embedding
6183,61840,NaN,NaN,NaN,NaN,0.06710939854383469,97.9596176147461,1.0694124698638916,mlp,embedding
6184,61850,NaN,NaN,NaN,NaN,0.06555967032909393,98.00212097167969,1.0677564144134521,mlp,embedding
6185,61860,NaN,NaN,NaN,NaN,0.06403639167547226,98.02337646484375,1.0661312341690063,mlp,embedding
6186,61870,NaN,NaN,NaN,NaN,0.06257310509681702,98.06588745117188,1.0645723342895508,mlp,embedding
6187,61880,NaN,NaN,NaN,NaN,0.06128013879060745,98.17215728759766,1.0631966590881348,mlp,embedding
6188,61890,NaN,NaN,NaN,NaN,0.060018930584192276,98.17215728759766,1.0618566274642944,mlp,embedding
6189,61900,NaN,NaN,NaN,NaN,0.05884644761681557,98.19340515136719,1.0606123208999634,mlp,embedding
6190,61910,NaN,NaN,NaN,NaN,0.05774042382836342,98.21466064453125,1.0594398975372314,mlp,embedding
6191,61920,NaN,NaN,NaN,NaN,0.056845568120479584,98.25717163085938,1.0584923028945923,mlp,embedding
6192,61930,NaN,NaN,NaN,NaN,0.0558859147131443,98.32093048095703,1.0574769973754883,mlp,embedding
6193,61940,NaN,NaN,NaN,NaN,0.054753776639699936,98.3421859741211,1.056280493736267,mlp,embedding
6194,61950,NaN,NaN,NaN,NaN,0.05353427678346634,98.36344146728516,1.0549931526184082,mlp,embedding
6195,61960,NaN,NaN,NaN,NaN,0.052458103746175766,98.40595245361328,1.0538583993911743,mlp,embedding
6196,61970,NaN,NaN,NaN,NaN,0.05143112689256668,98.46971130371094,1.0527766942977905,mlp,embedding
6197,61980,NaN,NaN,NaN,NaN,0.05052388831973076,98.51222229003906,1.0518219470977783,mlp,embedding
6198,61990,NaN,NaN,NaN,NaN,0.04951530694961548,98.57598114013672,1.0507616996765137,mlp,embedding
6199,62000,NaN,NaN,NaN,NaN,0.04864540696144104,98.66099548339844,1.049847960472107,mlp,embedding
6200,62010,NaN,NaN,NaN,NaN,0.04785218834877014,98.63973999023438,1.0490156412124634,mlp,embedding
6201,62020,NaN,NaN,NaN,NaN,0.047055453062057495,98.66099548339844,1.048180103302002,mlp,embedding
6202,62030,NaN,NaN,NaN,NaN,0.04623033478856087,98.70350646972656,1.0473155975341797,mlp,embedding
6203,62040,4.142593024880625e-05,100.0,1.0000414848327637,0.001,0.045592039823532104,98.70350646972656,1.046647310256958,mlp,embedding
6204,62050,NaN,NaN,NaN,NaN,0.044825900346040726,98.74600982666016,1.0458457469940186,mlp,embedding
6205,62060,NaN,NaN,NaN,NaN,0.044063251465559006,98.74600982666016,1.045048475265503,mlp,embedding
6206,62070,NaN,NaN,NaN,NaN,0.043278664350509644,98.74600982666016,1.0442287921905518,mlp,embedding
6207,62080,NaN,NaN,NaN,NaN,0.04252329841256142,98.76726531982422,1.043440341949463,mlp,embedding
6208,62090,NaN,NaN,NaN,NaN,0.041794244199991226,98.74600982666016,1.0426799058914185,mlp,embedding
6209,62100,NaN,NaN,NaN,NaN,0.0411398783326149,98.72476196289062,1.0419977903366089,mlp,embedding
6210,62110,NaN,NaN,NaN,NaN,0.04070103541016579,98.74600982666016,1.0415406227111816,mlp,embedding
6211,62120,NaN,NaN,NaN,NaN,0.04016048088669777,98.76726531982422,1.0409778356552124,mlp,embedding
6212,62130,NaN,NaN,NaN,NaN,0.03952405974268913,98.78852081298828,1.0403155088424683,mlp,embedding
6213,62140,NaN,NaN,NaN,NaN,0.038812365382909775,98.74600982666016,1.039575457572937,mlp,embedding
6214,62150,NaN,NaN,NaN,NaN,0.03821202740073204,98.8310317993164,1.0389515161514282,mlp,embedding
6215,62160,NaN,NaN,NaN,NaN,0.037781741470098495,98.85227966308594,1.0385046005249023,mlp,embedding
6216,62170,NaN,NaN,NaN,NaN,0.03742067143321037,98.89479064941406,1.0381296873092651,mlp,embedding
6217,62180,NaN,NaN,NaN,NaN,0.036892134696245193,98.87353515625,1.0375810861587524,mlp,embedding
6218,62190,NaN,NaN,NaN,NaN,0.03667163848876953,98.85227966308594,1.0373523235321045,mlp,embedding
6219,62200,NaN,NaN,NaN,NaN,0.036490317434072495,98.8310317993164,1.0371642112731934,mlp,embedding
6220,62210,NaN,NaN,NaN,NaN,0.03588779643177986,98.85227966308594,1.0365395545959473,mlp,embedding
6221,62220,NaN,NaN,NaN,NaN,0.03544038534164429,98.85227966308594,1.0360758304595947,mlp,embedding
6222,62230,NaN,NaN,NaN,NaN,0.03508744761347771,98.89479064941406,1.035710334777832,mlp,embedding
6223,62240,NaN,NaN,NaN,NaN,0.03478388860821724,98.85227966308594,1.0353959798812866,mlp,embedding
6224,62250,NaN,NaN,NaN,NaN,0.03415220230817795,98.80977630615234,1.0347421169281006,mlp,embedding
6225,62260,NaN,NaN,NaN,NaN,0.03365574777126312,98.89479064941406,1.0342285633087158,mlp,embedding
6226,62270,NaN,NaN,NaN,NaN,0.03357154130935669,98.89479064941406,1.0341414213180542,mlp,embedding
6227,62280,NaN,NaN,NaN,NaN,0.033068589866161346,98.95854949951172,1.0336214303970337,mlp,embedding
6228,62290,NaN,NaN,NaN,NaN,0.03251172974705696,99.0223159790039,1.033046007156372,mlp,embedding
6229,62300,NaN,NaN,NaN,NaN,0.03227342665195465,98.97980499267578,1.0327998399734497,mlp,embedding
6230,62310,NaN,NaN,NaN,NaN,0.032464027404785156,98.95854949951172,1.0329967737197876,mlp,embedding
6231,62320,NaN,NaN,NaN,NaN,0.03189161419868469,98.97980499267578,1.0324056148529053,mlp,embedding
6232,62330,NaN,NaN,NaN,NaN,0.03165020793676376,98.93730163574219,1.0321563482284546,mlp,embedding
6233,62340,NaN,NaN,NaN,NaN,0.03151503577828407,98.95854949951172,1.0320168733596802,mlp,embedding
6234,62350,NaN,NaN,NaN,NaN,0.031621094793081284,98.95854949951172,1.0321263074874878,mlp,embedding
6235,62360,NaN,NaN,NaN,NaN,0.0310444887727499,98.95854949951172,1.0315314531326294,mlp,embedding
6236,62370,NaN,NaN,NaN,NaN,0.030819257721304893,98.95854949951172,1.031299114227295,mlp,embedding
6237,62380,NaN,NaN,NaN,NaN,0.030936768278479576,98.97980499267578,1.0314202308654785,mlp,embedding
6238,62390,NaN,NaN,NaN,NaN,0.03089086152613163,98.95854949951172,1.0313729047775269,mlp,embedding
6239,62400,NaN,NaN,NaN,NaN,0.030770225450396538,98.93730163574219,1.0312485694885254,mlp,embedding
6240,62410,NaN,NaN,NaN,NaN,0.03058236464858055,98.91604614257812,1.0310548543930054,mlp,embedding
6241,62420,NaN,NaN,NaN,NaN,0.030642252415418625,98.97980499267578,1.0311166048049927,mlp,embedding
6242,62430,NaN,NaN,NaN,NaN,0.030490446835756302,98.95854949951172,1.0309600830078125,mlp,embedding
6243,62440,NaN,NaN,NaN,NaN,0.03060821071267128,98.91604614257812,1.0310814380645752,mlp,embedding
6244,62450,NaN,NaN,NaN,NaN,0.030484961345791817,98.97980499267578,1.030954360961914,mlp,embedding
6245,62460,NaN,NaN,NaN,NaN,0.030251579359173775,98.95854949951172,1.0307137966156006,mlp,embedding
6246,62470,NaN,NaN,NaN,NaN,0.030468663200736046,98.93730163574219,1.0309375524520874,mlp,embedding
6247,62480,NaN,NaN,NaN,NaN,0.029877251014113426,98.87353515625,1.0303280353546143,mlp,embedding
6248,62490,NaN,NaN,NaN,NaN,0.029917391017079353,98.87353515625,1.0303694009780884,mlp,embedding
6249,62500,NaN,NaN,NaN,NaN,0.029885631054639816,98.87353515625,1.0303367376327515,mlp,embedding
6250,62510,NaN,NaN,NaN,NaN,0.029310623183846474,98.89479064941406,1.0297443866729736,mlp,embedding
6251,62520,NaN,NaN,NaN,NaN,0.029395809397101402,98.89479064941406,1.029832124710083,mlp,embedding
6252,62530,NaN,NaN,NaN,NaN,0.02899707295000553,98.85227966308594,1.0294215679168701,mlp,embedding
6253,62540,NaN,NaN,NaN,NaN,0.028808383271098137,98.91604614257812,1.029227375984192,mlp,embedding
6254,62550,NaN,NaN,NaN,NaN,0.028810475021600723,98.93730163574219,1.0292295217514038,mlp,embedding
6255,62560,NaN,NaN,NaN,NaN,0.0284222811460495,98.91604614257812,1.0288300514221191,mlp,embedding
6256,62570,NaN,NaN,NaN,NaN,0.02831721119582653,98.95854949951172,1.0287219285964966,mlp,embedding
6257,62580,NaN,NaN,NaN,NaN,0.02808213233947754,99.00106048583984,1.0284801721572876,mlp,embedding
6258,62590,NaN,NaN,NaN,NaN,0.028244499117136,99.00106048583984,1.0286471843719482,mlp,embedding
6259,62600,NaN,NaN,NaN,NaN,0.027464786544442177,99.0223159790039,1.0278453826904297,mlp,embedding
6260,62610,NaN,NaN,NaN,NaN,0.027253469452261925,99.08607482910156,1.0276281833648682,mlp,embedding
6261,62620,NaN,NaN,NaN,NaN,0.027262350544333458,99.00106048583984,1.0276373624801636,mlp,embedding
6262,62630,NaN,NaN,NaN,NaN,0.026451336219906807,99.14984130859375,1.0268043279647827,mlp,embedding
6263,62640,NaN,NaN,NaN,NaN,0.02686145529150963,99.04357147216797,1.0272254943847656,mlp,embedding
6264,62650,NaN,NaN,NaN,NaN,0.025997808203101158,99.19234466552734,1.0263386964797974,mlp,embedding
6265,62660,4.917635578749469e-07,100.0,1.0000004768371582,0.001,0.026133790612220764,99.10733032226562,1.0264782905578613,mlp,embedding
6266,62670,NaN,NaN,NaN,NaN,0.02542847953736782,99.19234466552734,1.0257545709609985,mlp,embedding
6267,62680,NaN,NaN,NaN,NaN,0.025075022131204605,99.23485565185547,1.0253920555114746,mlp,embedding
6268,62690,NaN,NaN,NaN,NaN,0.02518429607152939,99.14984130859375,1.0255041122436523,mlp,embedding
6269,62700,NaN,NaN,NaN,NaN,0.024113336578011513,99.23485565185547,1.0244064331054688,mlp,embedding
6270,62710,NaN,NaN,NaN,NaN,0.023852823302149773,99.23485565185547,1.0241395235061646,mlp,embedding
6271,62720,NaN,NaN,NaN,NaN,0.023765668272972107,99.23485565185547,1.0240503549575806,mlp,embedding
6272,62730,NaN,NaN,NaN,NaN,0.023067565634846687,99.36238098144531,1.0233356952667236,mlp,embedding
6273,62740,NaN,NaN,NaN,NaN,0.022984115406870842,99.27735900878906,1.0232503414154053,mlp,embedding
6274,62750,NaN,NaN,NaN,NaN,0.02243468537926674,99.31986999511719,1.0226882696151733,mlp,embedding
6275,62760,NaN,NaN,NaN,NaN,0.022663023322820663,99.25611114501953,1.0229218006134033,mlp,embedding
6276,62770,NaN,NaN,NaN,NaN,0.02215101383626461,99.29861450195312,1.0223981142044067,mlp,embedding
6277,62780,NaN,NaN,NaN,NaN,0.02200544998049736,99.27735900878906,1.0222493410110474,mlp,embedding
6278,62790,NaN,NaN,NaN,NaN,0.022008590400218964,99.25611114501953,1.0222525596618652,mlp,embedding
6279,62800,NaN,NaN,NaN,NaN,0.021386032924056053,99.27735900878906,1.0216163396835327,mlp,embedding
6280,62810,NaN,NaN,NaN,NaN,0.022493988275527954,99.2136001586914,1.0227488279342651,mlp,embedding
6281,62820,NaN,NaN,NaN,NaN,0.022595779970288277,99.2136001586914,1.0228530168533325,mlp,embedding
6282,62830,NaN,NaN,NaN,NaN,0.021850522607564926,99.19234466552734,1.022091031074524,mlp,embedding
6283,62840,NaN,NaN,NaN,NaN,0.022413285449147224,99.2136001586914,1.022666335105896,mlp,embedding
6284,62850,NaN,NaN,NaN,NaN,0.029328813776373863,99.04357147216797,1.029763102531433,mlp,embedding
6285,62860,NaN,NaN,NaN,NaN,0.02136904001235962,99.36238098144531,1.0215989351272583,mlp,embedding
6286,62870,NaN,NaN,NaN,NaN,0.024397021159529686,99.08607482910156,1.0246970653533936,mlp,embedding
6287,62880,NaN,NaN,NaN,NaN,0.025251785293221474,99.31986999511719,1.0255732536315918,mlp,embedding
6288,62890,NaN,NaN,NaN,NaN,1.5681114196777344,71.37088012695312,4.797578811645508,mlp,embedding
6289,62900,NaN,NaN,NaN,NaN,0.6276941895484924,82.44420623779297,1.8732861280441284,mlp,embedding
6290,62910,NaN,NaN,NaN,NaN,0.19497919082641602,93.79383087158203,1.2152856588363647,mlp,embedding
6291,62920,NaN,NaN,NaN,NaN,0.16084042191505432,95.15409088134766,1.1744974851608276,mlp,embedding
6292,62930,NaN,NaN,NaN,NaN,0.10485123842954636,96.62061309814453,1.1105453968048096,mlp,embedding
6293,62940,NaN,NaN,NaN,NaN,0.08261498063802719,97.1732177734375,1.0861235857009888,mlp,embedding
6294,62950,NaN,NaN,NaN,NaN,0.06950189173221588,97.85334777832031,1.0719740390777588,mlp,embedding
6295,62960,NaN,NaN,NaN,NaN,0.06150525063276291,98.27842712402344,1.0634360313415527,mlp,embedding
6296,62970,NaN,NaN,NaN,NaN,0.05674562230706215,98.38469696044922,1.0583865642547607,mlp,embedding
6297,62980,NaN,NaN,NaN,NaN,0.05374640226364136,98.42720031738281,1.0552170276641846,mlp,embedding
6298,62990,NaN,NaN,NaN,NaN,0.051368337124586105,98.490966796875,1.0527105331420898,mlp,embedding
6299,63000,NaN,NaN,NaN,NaN,0.04923870041966438,98.57598114013672,1.0504710674285889,mlp,embedding
6300,63010,NaN,NaN,NaN,NaN,0.04733167588710785,98.57598114013672,1.0484696626663208,mlp,embedding
6301,63020,NaN,NaN,NaN,NaN,0.04560212790966034,98.66099548339844,1.046657919883728,mlp,embedding
6302,63030,NaN,NaN,NaN,NaN,0.04415518045425415,98.74600982666016,1.0451445579528809,mlp,embedding
6303,63040,NaN,NaN,NaN,NaN,0.04277975484728813,98.76726531982422,1.0437079668045044,mlp,embedding
6304,63050,NaN,NaN,NaN,NaN,0.04149017110466957,98.78852081298828,1.042362928390503,mlp,embedding
6305,63060,NaN,NaN,NaN,NaN,0.040205154567956924,98.80977630615234,1.0410243272781372,mlp,embedding
6306,63070,NaN,NaN,NaN,NaN,0.038951192051172256,98.87353515625,1.0397197008132935,mlp,embedding
6307,63080,NaN,NaN,NaN,NaN,0.03784022107720375,98.89479064941406,1.0385652780532837,mlp,embedding
6308,63090,NaN,NaN,NaN,NaN,0.03671976551413536,98.95854949951172,1.0374022722244263,mlp,embedding
6309,63100,NaN,NaN,NaN,NaN,0.0356522835791111,98.95854949951172,1.0362954139709473,mlp,embedding
6310,63110,NaN,NaN,NaN,NaN,0.034480102360248566,99.0223159790039,1.035081386566162,mlp,embedding
6311,63120,NaN,NaN,NaN,NaN,0.03335176035761833,99.0648193359375,1.0339142084121704,mlp,embedding
6312,63130,NaN,NaN,NaN,NaN,0.03233923390507698,99.12858581542969,1.0328677892684937,mlp,embedding
6313,63140,NaN,NaN,NaN,NaN,0.03142374008893967,99.12858581542969,1.031922698020935,mlp,embedding
6314,63150,NaN,NaN,NaN,NaN,0.030602378770709038,99.17108917236328,1.0310754776000977,mlp,embedding
6315,63160,NaN,NaN,NaN,NaN,0.030002932995557785,99.14984130859375,1.030457615852356,mlp,embedding
6316,63170,NaN,NaN,NaN,NaN,0.028997313231229782,99.23485565185547,1.0294218063354492,mlp,embedding
6317,63180,NaN,NaN,NaN,NaN,0.028098152950406075,99.25611114501953,1.0284966230392456,mlp,embedding
6318,63190,NaN,NaN,NaN,NaN,0.027315104380249977,99.29861450195312,1.0276916027069092,mlp,embedding
6319,63200,NaN,NaN,NaN,NaN,0.02657482586801052,99.29861450195312,1.0269310474395752,mlp,embedding
6320,63210,NaN,NaN,NaN,NaN,0.025919759646058083,99.34112548828125,1.0262585878372192,mlp,embedding
6321,63220,NaN,NaN,NaN,NaN,0.025343727320432663,99.36238098144531,1.025667667388916,mlp,embedding
6322,63230,NaN,NaN,NaN,NaN,0.024686992168426514,99.38362884521484,1.0249942541122437,mlp,embedding
6323,63240,NaN,NaN,NaN,NaN,0.02408992499113083,99.4048843383789,1.024382472038269,mlp,embedding
6324,63250,NaN,NaN,NaN,NaN,0.023451494053006172,99.36238098144531,1.023728609085083,mlp,embedding
6325,63260,NaN,NaN,NaN,NaN,0.022806162014603615,99.36238098144531,1.0230681896209717,mlp,embedding
6326,63270,NaN,NaN,NaN,NaN,0.022216936573386192,99.36238098144531,1.0224655866622925,mlp,embedding
6327,63280,4.2751380533445626e-05,100.0,1.0000427961349487,0.001,0.021673236042261124,99.4048843383789,1.0219098329544067,mlp,embedding
6328,63290,NaN,NaN,NaN,NaN,0.02118939533829689,99.4048843383789,1.0214154720306396,mlp,embedding
6329,63300,NaN,NaN,NaN,NaN,0.020699575543403625,99.42613983154297,1.0209152698516846,mlp,embedding
6330,63310,NaN,NaN,NaN,NaN,0.020138688385486603,99.4686508178711,1.0203428268432617,mlp,embedding
6331,63320,NaN,NaN,NaN,NaN,0.01964634843170643,99.4686508178711,1.0198405981063843,mlp,embedding
6332,63330,NaN,NaN,NaN,NaN,0.019208915531635284,99.48989868164062,1.0193946361541748,mlp,embedding
6333,63340,NaN,NaN,NaN,NaN,0.01875630021095276,99.48989868164062,1.0189332962036133,mlp,embedding
6334,63350,NaN,NaN,NaN,NaN,0.018471285700798035,99.51115417480469,1.0186429023742676,mlp,embedding
6335,63360,NaN,NaN,NaN,NaN,0.018112467601895332,99.48989868164062,1.0182775259017944,mlp,embedding
6336,63370,NaN,NaN,NaN,NaN,0.017605168744921684,99.48989868164062,1.0177611112594604,mlp,embedding
6337,63380,NaN,NaN,NaN,NaN,0.017204441130161285,99.51115417480469,1.0173532962799072,mlp,embedding
6338,63390,NaN,NaN,NaN,NaN,0.016805613413453102,99.55366516113281,1.016947627067566,mlp,embedding
6339,63400,NaN,NaN,NaN,NaN,0.016509361565113068,99.55366516113281,1.016646385192871,mlp,embedding
6340,63410,NaN,NaN,NaN,NaN,0.01611580327153206,99.61742401123047,1.0162463188171387,mlp,embedding
6341,63420,NaN,NaN,NaN,NaN,0.015716372057795525,99.61742401123047,1.0158405303955078,mlp,embedding
6342,63430,NaN,NaN,NaN,NaN,0.015515360049903393,99.61742401123047,1.0156363248825073,mlp,embedding
6343,63440,NaN,NaN,NaN,NaN,0.015267906710505486,99.5961685180664,1.0153850317001343,mlp,embedding
6344,63450,NaN,NaN,NaN,NaN,0.015027218498289585,99.5961685180664,1.0151406526565552,mlp,embedding
6345,63460,NaN,NaN,NaN,NaN,0.014714612625539303,99.5961685180664,1.0148234367370605,mlp,embedding
6346,63470,NaN,NaN,NaN,NaN,0.014537766575813293,99.63867950439453,1.014643907546997,mlp,embedding
6347,63480,NaN,NaN,NaN,NaN,0.01431149709969759,99.63867950439453,1.0144144296646118,mlp,embedding
6348,63490,NaN,NaN,NaN,NaN,0.014115829952061176,99.63867950439453,1.0142159461975098,mlp,embedding
6349,63500,NaN,NaN,NaN,NaN,0.013893188908696175,99.63867950439453,1.0139901638031006,mlp,embedding
6350,63510,NaN,NaN,NaN,NaN,0.013729654252529144,99.63867950439453,1.0138243436813354,mlp,embedding
6351,63520,NaN,NaN,NaN,NaN,0.013497672975063324,99.63867950439453,1.0135891437530518,mlp,embedding
6352,63530,NaN,NaN,NaN,NaN,0.013364472426474094,99.63867950439453,1.0134541988372803,mlp,embedding
6353,63540,NaN,NaN,NaN,NaN,0.013116960413753986,99.63867950439453,1.0132033824920654,mlp,embedding
6354,63550,NaN,NaN,NaN,NaN,0.012767083011567593,99.63867950439453,1.012848973274231,mlp,embedding
6355,63560,NaN,NaN,NaN,NaN,0.01252832356840372,99.6599349975586,1.0126070976257324,mlp,embedding
6356,63570,NaN,NaN,NaN,NaN,0.012471303343772888,99.63867950439453,1.0125494003295898,mlp,embedding
6357,63580,NaN,NaN,NaN,NaN,0.012402837164700031,99.61742401123047,1.0124800205230713,mlp,embedding
6358,63590,NaN,NaN,NaN,NaN,0.012156118638813496,99.63867950439453,1.0122302770614624,mlp,embedding
6359,63600,NaN,NaN,NaN,NaN,0.012170500122010708,99.61742401123047,1.0122448205947876,mlp,embedding
6360,63610,NaN,NaN,NaN,NaN,0.012134554795920849,99.61742401123047,1.0122084617614746,mlp,embedding
6361,63620,NaN,NaN,NaN,NaN,0.012005848810076714,99.5961685180664,1.0120781660079956,mlp,embedding
6362,63630,NaN,NaN,NaN,NaN,0.011974332854151726,99.5961685180664,1.0120463371276855,mlp,embedding
6363,63640,NaN,NaN,NaN,NaN,0.011985951103270054,99.5961685180664,1.0120580196380615,mlp,embedding
6364,63650,NaN,NaN,NaN,NaN,0.011936905793845654,99.61742401123047,1.0120084285736084,mlp,embedding
6365,63660,NaN,NaN,NaN,NaN,0.011812747456133366,99.61742401123047,1.0118827819824219,mlp,embedding
6366,63670,NaN,NaN,NaN,NaN,0.011872897855937481,99.61742401123047,1.0119436979293823,mlp,embedding
6367,63680,NaN,NaN,NaN,NaN,0.01157393865287304,99.63867950439453,1.0116411447525024,mlp,embedding
6368,63690,NaN,NaN,NaN,NaN,0.011708235368132591,99.63867950439453,1.0117770433425903,mlp,embedding
6369,63700,NaN,NaN,NaN,NaN,0.011645407415926456,99.63867950439453,1.0117135047912598,mlp,embedding
6370,63710,NaN,NaN,NaN,NaN,0.011627967469394207,99.63867950439453,1.0116958618164062,mlp,embedding
6371,63720,NaN,NaN,NaN,NaN,0.01142142154276371,99.61742401123047,1.0114868879318237,mlp,embedding
6372,63730,NaN,NaN,NaN,NaN,0.011220348998904228,99.61742401123047,1.01128351688385,mlp,embedding
6373,63740,NaN,NaN,NaN,NaN,0.011254895478487015,99.63867950439453,1.0113184452056885,mlp,embedding
6374,63750,NaN,NaN,NaN,NaN,0.011012647300958633,99.63867950439453,1.0110734701156616,mlp,embedding
6375,63760,NaN,NaN,NaN,NaN,0.011028092354536057,99.6599349975586,1.0110890865325928,mlp,embedding
6376,63770,NaN,NaN,NaN,NaN,0.011001473292708397,99.68119049072266,1.0110622644424438,mlp,embedding
6377,63780,NaN,NaN,NaN,NaN,0.01061234436929226,99.72369384765625,1.0106688737869263,mlp,embedding
6378,63790,NaN,NaN,NaN,NaN,0.010594258084893227,99.68119049072266,1.010650634765625,mlp,embedding
6379,63800,NaN,NaN,NaN,NaN,0.010638076812028885,99.70243835449219,1.0106948614120483,mlp,embedding
6380,63810,NaN,NaN,NaN,NaN,0.010134033858776093,99.70243835449219,1.0101855993270874,mlp,embedding
6381,63820,NaN,NaN,NaN,NaN,0.010342808440327644,99.74494934082031,1.0103964805603027,mlp,embedding
6382,63830,NaN,NaN,NaN,NaN,0.010226407088339329,99.68119049072266,1.0102788209915161,mlp,embedding
6383,63840,NaN,NaN,NaN,NaN,0.010109632275998592,99.70243835449219,1.0101609230041504,mlp,embedding
6384,63850,NaN,NaN,NaN,NaN,0.009806771762669086,99.70243835449219,1.009855031967163,mlp,embedding
6385,63860,NaN,NaN,NaN,NaN,0.009968376718461514,99.72369384765625,1.010018229484558,mlp,embedding
6386,63870,NaN,NaN,NaN,NaN,0.009692725725471973,99.74494934082031,1.009739875793457,mlp,embedding
6387,63880,NaN,NaN,NaN,NaN,0.010070613585412502,99.6599349975586,1.010121464729309,mlp,embedding
6388,63890,NaN,NaN,NaN,NaN,0.009357756935060024,99.74494934082031,1.0094016790390015,mlp,embedding
6389,63900,NaN,NaN,NaN,NaN,0.009427567943930626,99.74494934082031,1.009472131729126,mlp,embedding
6390,63910,4.552202597096766e-07,100.0,1.0000004768371582,0.001,0.009412628598511219,99.70243835449219,1.0094571113586426,mlp,embedding
6391,63920,NaN,NaN,NaN,NaN,0.009424528107047081,99.72369384765625,1.0094690322875977,mlp,embedding
6392,63930,NaN,NaN,NaN,NaN,0.009089593775570393,99.68119049072266,1.0091310739517212,mlp,embedding
6393,63940,NaN,NaN,NaN,NaN,0.009061369113624096,99.72369384765625,1.0091025829315186,mlp,embedding
6394,63950,NaN,NaN,NaN,NaN,0.00863783061504364,99.72369384765625,1.008675217628479,mlp,embedding
6395,63960,NaN,NaN,NaN,NaN,0.008614429272711277,99.72369384765625,1.008651614189148,mlp,embedding
6396,63970,NaN,NaN,NaN,NaN,0.00849010981619358,99.72369384765625,1.0085262060165405,mlp,embedding
6397,63980,NaN,NaN,NaN,NaN,0.008320312015712261,99.70243835449219,1.0083550214767456,mlp,embedding
6398,63990,NaN,NaN,NaN,NaN,0.00786441471427679,99.76620483398438,1.0078954696655273,mlp,embedding
6399,64000,NaN,NaN,NaN,NaN,0.00779931852594018,99.74494934082031,1.0078297853469849,mlp,embedding
6400,64010,NaN,NaN,NaN,NaN,0.007334102876484394,99.76620483398438,1.0073610544204712,mlp,embedding
6401,64020,NaN,NaN,NaN,NaN,0.008242014795541763,99.74494934082031,1.008276104927063,mlp,embedding
6402,64030,NaN,NaN,NaN,NaN,0.007516100071370602,99.80870819091797,1.0075443983078003,mlp,embedding
6403,64040,NaN,NaN,NaN,NaN,0.007042969577014446,99.78746032714844,1.0070677995681763,mlp,embedding
6404,64050,NaN,NaN,NaN,NaN,0.007210877258330584,99.76620483398438,1.0072369575500488,mlp,embedding
6405,64060,NaN,NaN,NaN,NaN,0.007546980865299702,99.76620483398438,1.007575511932373,mlp,embedding
6406,64070,NaN,NaN,NaN,NaN,0.007511801552027464,99.76620483398438,1.0075401067733765,mlp,embedding
6407,64080,NaN,NaN,NaN,NaN,0.0074701933190226555,99.76620483398438,1.0074981451034546,mlp,embedding
6408,64090,NaN,NaN,NaN,NaN,0.007409283891320229,99.76620483398438,1.007436752319336,mlp,embedding
6409,64100,NaN,NaN,NaN,NaN,0.007716827560216188,99.78746032714844,1.007746696472168,mlp,embedding
6410,64110,NaN,NaN,NaN,NaN,0.008685830980539322,99.74494934082031,1.0087236166000366,mlp,embedding
6411,64120,NaN,NaN,NaN,NaN,1.186348795890808,77.85334777832031,3.2751011848449707,mlp,embedding
6412,64130,NaN,NaN,NaN,NaN,0.8011239767074585,83.67694091796875,2.228043794631958,mlp,embedding
6413,64140,NaN,NaN,NaN,NaN,0.25083696842193604,91.64717864990234,1.2851005792617798,mlp,embedding
6414,64150,NaN,NaN,NaN,NaN,0.14895018935203552,94.96280670166016,1.1606152057647705,mlp,embedding
6415,64160,NaN,NaN,NaN,NaN,0.0870165079832077,97.1732177734375,1.0909147262573242,mlp,embedding
6416,64170,NaN,NaN,NaN,NaN,0.05600367486476898,98.29967498779297,1.0576015710830688,mlp,embedding
6417,64180,NaN,NaN,NaN,NaN,0.04099325090646744,98.8310317993164,1.0418450832366943,mlp,embedding
6418,64190,NaN,NaN,NaN,NaN,0.034372758120298386,99.0648193359375,1.0349702835083008,mlp,embedding
6419,64200,NaN,NaN,NaN,NaN,0.0300371702760458,99.19234466552734,1.0304927825927734,mlp,embedding
6420,64210,NaN,NaN,NaN,NaN,0.027245474979281425,99.25611114501953,1.0276200771331787,mlp,embedding
6421,64220,NaN,NaN,NaN,NaN,0.02543049119412899,99.34112548828125,1.025756597518921,mlp,embedding
6422,64230,NaN,NaN,NaN,NaN,0.02408643625676632,99.42613983154297,1.0243788957595825,mlp,embedding
6423,64240,NaN,NaN,NaN,NaN,0.0229443721473217,99.44739532470703,1.023209571838379,mlp,embedding
6424,64250,NaN,NaN,NaN,NaN,0.021967299282550812,99.48989868164062,1.0222103595733643,mlp,embedding
6425,64260,NaN,NaN,NaN,NaN,0.021076679229736328,99.55366516113281,1.0213003158569336,mlp,embedding
6426,64270,NaN,NaN,NaN,NaN,0.02027139812707901,99.5961685180664,1.0204782485961914,mlp,embedding
6427,64280,NaN,NaN,NaN,NaN,0.019454609602689743,99.5961685180664,1.019645094871521,mlp,embedding
6428,64290,NaN,NaN,NaN,NaN,0.018744245171546936,99.5961685180664,1.0189210176467896,mlp,embedding
6429,64300,NaN,NaN,NaN,NaN,0.018079230561852455,99.63867950439453,1.018243670463562,mlp,embedding
6430,64310,NaN,NaN,NaN,NaN,0.017440294846892357,99.63867950439453,1.017593264579773,mlp,embedding
6431,64320,NaN,NaN,NaN,NaN,0.01687099039554596,99.68119049072266,1.0170141458511353,mlp,embedding
6432,64330,NaN,NaN,NaN,NaN,0.016272854059934616,99.6599349975586,1.0164059400558472,mlp,embedding
6433,64340,NaN,NaN,NaN,NaN,0.015735888853669167,99.68119049072266,1.0158603191375732,mlp,embedding
6434,64350,NaN,NaN,NaN,NaN,0.015183262526988983,99.70243835449219,1.0152990818023682,mlp,embedding
6435,64360,NaN,NaN,NaN,NaN,0.014721493236720562,99.72369384765625,1.0148303508758545,mlp,embedding
6436,64370,NaN,NaN,NaN,NaN,0.01427861861884594,99.72369384765625,1.0143810510635376,mlp,embedding
6437,64380,NaN,NaN,NaN,NaN,0.013874785974621773,99.72369384765625,1.0139714479446411,mlp,embedding
6438,64390,NaN,NaN,NaN,NaN,0.01344254519790411,99.72369384765625,1.013533353805542,mlp,embedding
6439,64400,NaN,NaN,NaN,NaN,0.013019351288676262,99.74494934082031,1.0131044387817383,mlp,embedding
6440,64410,NaN,NaN,NaN,NaN,0.01259543839842081,99.74494934082031,1.0126750469207764,mlp,embedding
6441,64420,NaN,NaN,NaN,NaN,0.012208669446408749,99.76620483398438,1.012283444404602,mlp,embedding
6442,64430,NaN,NaN,NaN,NaN,0.011814409866929054,99.76620483398438,1.0118844509124756,mlp,embedding
6443,64440,NaN,NaN,NaN,NaN,0.011422784999012947,99.76620483398438,1.0114883184432983,mlp,embedding
6444,64450,NaN,NaN,NaN,NaN,0.011077028699219227,99.76620483398438,1.0111385583877563,mlp,embedding
6445,64460,NaN,NaN,NaN,NaN,0.010767586529254913,99.74494934082031,1.010825753211975,mlp,embedding
6446,64470,NaN,NaN,NaN,NaN,0.010468672029674053,99.74494934082031,1.0105236768722534,mlp,embedding
6447,64480,NaN,NaN,NaN,NaN,0.010200591757893562,99.80870819091797,1.010252833366394,mlp,embedding
6448,64490,NaN,NaN,NaN,NaN,0.009948229417204857,99.82996368408203,1.009997844696045,mlp,embedding
6449,64500,NaN,NaN,NaN,NaN,0.00972165260463953,99.87247467041016,1.009769082069397,mlp,embedding
6450,64510,NaN,NaN,NaN,NaN,0.009457272477447987,99.87247467041016,1.0095021724700928,mlp,embedding
6451,64520,NaN,NaN,NaN,NaN,0.009223204106092453,99.87247467041016,1.0092658996582031,mlp,embedding
6452,64530,NaN,NaN,NaN,NaN,0.008965221233665943,99.87247467041016,1.0090055465698242,mlp,embedding
6453,64540,3.1237577786669135e-05,100.0,1.0000312328338623,0.001,0.008694393560290337,99.87247467041016,1.0087323188781738,mlp,embedding
6454,64550,NaN,NaN,NaN,NaN,0.008463079109787941,99.87247467041016,1.008499026298523,mlp,embedding
6455,64560,NaN,NaN,NaN,NaN,0.008198472671210766,99.87247467041016,1.0082321166992188,mlp,embedding
6456,64570,NaN,NaN,NaN,NaN,0.008029553107917309,99.87247467041016,1.0080618858337402,mlp,embedding
6457,64580,NaN,NaN,NaN,NaN,0.0078094881027936935,99.87247467041016,1.0078400373458862,mlp,embedding
6458,64590,NaN,NaN,NaN,NaN,0.00766918808221817,99.89373016357422,1.007698655128479,mlp,embedding
6459,64600,NaN,NaN,NaN,NaN,0.007439818233251572,99.87247467041016,1.00746750831604,mlp,embedding
6460,64610,NaN,NaN,NaN,NaN,0.007237736601382494,99.89373016357422,1.0072640180587769,mlp,embedding
6461,64620,NaN,NaN,NaN,NaN,0.007081498391926289,99.89373016357422,1.0071066617965698,mlp,embedding
6462,64630,NaN,NaN,NaN,NaN,0.006877553183585405,99.89373016357422,1.0069012641906738,mlp,embedding
6463,64640,NaN,NaN,NaN,NaN,0.006668574642390013,99.89373016357422,1.0066908597946167,mlp,embedding
6464,64650,NaN,NaN,NaN,NaN,0.006531550548970699,99.87247467041016,1.0065529346466064,mlp,embedding
6465,64660,NaN,NaN,NaN,NaN,0.006484908517450094,99.89373016357422,1.0065059661865234,mlp,embedding
6466,64670,NaN,NaN,NaN,NaN,0.006346574053168297,99.89373016357422,1.0063667297363281,mlp,embedding
6467,64680,NaN,NaN,NaN,NaN,0.006228452082723379,99.89373016357422,1.006247878074646,mlp,embedding
6468,64690,NaN,NaN,NaN,NaN,0.0061174966394901276,99.89373016357422,1.0061362981796265,mlp,embedding
6469,64700,NaN,NaN,NaN,NaN,0.00606156513094902,99.89373016357422,1.0060800313949585,mlp,embedding
6470,64710,NaN,NaN,NaN,NaN,0.006015172228217125,99.87247467041016,1.0060333013534546,mlp,embedding
6471,64720,NaN,NaN,NaN,NaN,0.005870426073670387,99.87247467041016,1.005887746810913,mlp,embedding
6472,64730,NaN,NaN,NaN,NaN,0.005778783932328224,99.89373016357422,1.0057954788208008,mlp,embedding
6473,64740,NaN,NaN,NaN,NaN,0.005728407297283411,99.8512191772461,1.0057448148727417,mlp,embedding
6474,64750,NaN,NaN,NaN,NaN,0.00563501613214612,99.8512191772461,1.0056508779525757,mlp,embedding
6475,64760,NaN,NaN,NaN,NaN,0.005520147737115622,99.8512191772461,1.005535364151001,mlp,embedding
6476,64770,NaN,NaN,NaN,NaN,0.005484247580170631,99.8512191772461,1.0054993629455566,mlp,embedding
6477,64780,NaN,NaN,NaN,NaN,0.00545559823513031,99.8512191772461,1.0054705142974854,mlp,embedding
6478,64790,NaN,NaN,NaN,NaN,0.005297042429447174,99.8512191772461,1.005311131477356,mlp,embedding
6479,64800,NaN,NaN,NaN,NaN,0.00524135259911418,99.8512191772461,1.005255103111267,mlp,embedding
6480,64810,NaN,NaN,NaN,NaN,0.005159271415323019,99.8512191772461,1.005172610282898,mlp,embedding
6481,64820,NaN,NaN,NaN,NaN,0.005159467458724976,99.8512191772461,1.005172848701477,mlp,embedding
6482,64830,NaN,NaN,NaN,NaN,0.005087555386126041,99.8512191772461,1.0051004886627197,mlp,embedding
6483,64840,NaN,NaN,NaN,NaN,0.004962426144629717,99.8512191772461,1.0049747228622437,mlp,embedding
6484,64850,NaN,NaN,NaN,NaN,0.004868186544626951,99.8512191772461,1.0048800706863403,mlp,embedding
6485,64860,NaN,NaN,NaN,NaN,0.004824552685022354,99.8512191772461,1.0048362016677856,mlp,embedding
6486,64870,NaN,NaN,NaN,NaN,0.004688085988163948,99.8512191772461,1.0046991109848022,mlp,embedding
6487,64880,NaN,NaN,NaN,NaN,0.00470937741920352,99.8512191772461,1.0047204494476318,mlp,embedding
6488,64890,NaN,NaN,NaN,NaN,0.004713012836873531,99.8512191772461,1.004724144935608,mlp,embedding
6489,64900,NaN,NaN,NaN,NaN,0.00461976695805788,99.8512191772461,1.004630446434021,mlp,embedding
6490,64910,NaN,NaN,NaN,NaN,0.004500714596360922,99.82996368408203,1.0045108795166016,mlp,embedding
6491,64920,NaN,NaN,NaN,NaN,0.004435549955815077,99.8512191772461,1.0044454336166382,mlp,embedding
6492,64930,NaN,NaN,NaN,NaN,0.0043845875188708305,99.89373016357422,1.0043941736221313,mlp,embedding
6493,64940,NaN,NaN,NaN,NaN,0.004373315721750259,99.87247467041016,1.004382848739624,mlp,embedding
6494,64950,NaN,NaN,NaN,NaN,0.004308122675865889,99.87247467041016,1.0043174028396606,mlp,embedding
6495,64960,NaN,NaN,NaN,NaN,0.004144883714616299,99.87247467041016,1.0041534900665283,mlp,embedding
6496,64970,NaN,NaN,NaN,NaN,0.004086276516318321,99.8512191772461,1.0040946006774902,mlp,embedding
6497,64980,NaN,NaN,NaN,NaN,0.004006014205515385,99.89373016357422,1.004014015197754,mlp,embedding
6498,64990,NaN,NaN,NaN,NaN,0.003951712977141142,99.89373016357422,1.0039595365524292,mlp,embedding
6499,65000,NaN,NaN,NaN,NaN,0.003955294378101826,99.89373016357422,1.0039631128311157,mlp,embedding
6500,65010,NaN,NaN,NaN,NaN,0.0036634025163948536,99.89373016357422,1.0036700963974,mlp,embedding
6501,65020,NaN,NaN,NaN,NaN,0.003679324872791767,99.89373016357422,1.0036860704421997,mlp,embedding
6502,65030,NaN,NaN,NaN,NaN,0.0035084460396319628,99.91497802734375,1.0035146474838257,mlp,embedding
6503,65040,NaN,NaN,NaN,NaN,0.0034443249460309744,99.91497802734375,1.0034502744674683,mlp,embedding
6504,65050,NaN,NaN,NaN,NaN,0.0034447445068508387,99.91497802734375,1.003450632095337,mlp,embedding
6505,65060,NaN,NaN,NaN,NaN,0.003368652192875743,99.91497802734375,1.0033743381500244,mlp,embedding
6506,65070,NaN,NaN,NaN,NaN,0.003253425005823374,99.91497802734375,1.0032587051391602,mlp,embedding
6507,65080,NaN,NaN,NaN,NaN,0.0031207276042550802,99.91497802734375,1.003125548362732,mlp,embedding
6508,65090,NaN,NaN,NaN,NaN,0.0029879247304052114,99.91497802734375,1.0029923915863037,mlp,embedding
6509,65100,NaN,NaN,NaN,NaN,0.0031308585312217474,99.91497802734375,1.0031358003616333,mlp,embedding
6510,65110,NaN,NaN,NaN,NaN,0.0029472829774022102,99.91497802734375,1.0029516220092773,mlp,embedding
6511,65120,NaN,NaN,NaN,NaN,0.002861233428120613,99.91497802734375,1.0028653144836426,mlp,embedding
6512,65130,NaN,NaN,NaN,NaN,0.0027335109189152718,99.91497802734375,1.002737283706665,mlp,embedding
6513,65140,NaN,NaN,NaN,NaN,0.0027288501150906086,99.93623352050781,1.0027326345443726,mlp,embedding
6514,65150,NaN,NaN,NaN,NaN,0.0028486906085163355,99.91497802734375,1.0028527975082397,mlp,embedding
6515,65160,NaN,NaN,NaN,NaN,0.0025454729329794645,99.93623352050781,1.0025486946105957,mlp,embedding
6516,65170,NaN,NaN,NaN,NaN,0.002407274441793561,99.93623352050781,1.0024101734161377,mlp,embedding
6517,65180,3.252152680488507e-07,100.0,1.0000003576278687,0.001,0.002399415709078312,99.93623352050781,1.0024023056030273,mlp,embedding
6518,65190,NaN,NaN,NaN,NaN,0.0024144677445292473,99.93623352050781,1.0024173259735107,mlp,embedding
6519,65200,NaN,NaN,NaN,NaN,0.0023026030976325274,99.93623352050781,1.002305269241333,mlp,embedding
6520,65210,NaN,NaN,NaN,NaN,0.002354928059503436,99.93623352050781,1.0023577213287354,mlp,embedding
6521,65220,NaN,NaN,NaN,NaN,0.002135287271812558,99.95748901367188,1.002137541770935,mlp,embedding
6522,65230,NaN,NaN,NaN,NaN,0.0021926998160779476,99.95748901367188,1.002195119857788,mlp,embedding
6523,65240,NaN,NaN,NaN,NaN,0.0022127593401819468,99.95748901367188,1.0022152662277222,mlp,embedding
6524,65250,NaN,NaN,NaN,NaN,0.002148841740563512,99.93623352050781,1.0021511316299438,mlp,embedding
6525,65260,NaN,NaN,NaN,NaN,0.0019430371467024088,99.95748901367188,1.001944899559021,mlp,embedding
6526,65270,NaN,NaN,NaN,NaN,0.0021367589943110943,99.95748901367188,1.0021390914916992,mlp,embedding
6527,65280,NaN,NaN,NaN,NaN,0.0019953332375735044,99.95748901367188,1.0019973516464233,mlp,embedding
6528,65290,NaN,NaN,NaN,NaN,0.0017858745995908976,99.95748901367188,1.0017874240875244,mlp,embedding
6529,65300,NaN,NaN,NaN,NaN,0.001825149403885007,99.95748901367188,1.0018267631530762,mlp,embedding
6530,65310,NaN,NaN,NaN,NaN,0.00199710950255394,99.95748901367188,1.0019991397857666,mlp,embedding
6531,65320,NaN,NaN,NaN,NaN,0.00188802822958678,99.95748901367188,1.0018898248672485,mlp,embedding
6532,65330,NaN,NaN,NaN,NaN,0.0019206081051379442,99.97874450683594,1.0019224882125854,mlp,embedding
6533,65340,NaN,NaN,NaN,NaN,0.001955294283106923,99.95748901367188,1.0019571781158447,mlp,embedding
6534,65350,NaN,NaN,NaN,NaN,0.0017626630142331123,99.95748901367188,1.001764178276062,mlp,embedding
6535,65360,NaN,NaN,NaN,NaN,0.0033797272481024265,99.89373016357422,1.0033854246139526,mlp,embedding
6536,65370,NaN,NaN,NaN,NaN,1.6748994588851929,75.19659423828125,5.338258266448975,mlp,embedding
6537,65380,NaN,NaN,NaN,NaN,0.3065885305404663,92.60360717773438,1.3587818145751953,mlp,embedding
6538,65390,NaN,NaN,NaN,NaN,0.1484481692314148,94.51647186279297,1.1600326299667358,mlp,embedding
6539,65400,NaN,NaN,NaN,NaN,0.043037183582782745,98.63973999023438,1.0439766645431519,mlp,embedding
6540,65410,NaN,NaN,NaN,NaN,0.03820373862981796,98.89479064941406,1.0389429330825806,mlp,embedding
6541,65420,NaN,NaN,NaN,NaN,0.03362085670232773,99.08607482910156,1.034192442893982,mlp,embedding
6542,65430,NaN,NaN,NaN,NaN,0.02859450690448284,99.17108917236328,1.0290071964263916,mlp,embedding
6543,65440,NaN,NaN,NaN,NaN,0.02477952092885971,99.29861450195312,1.025089144706726,mlp,embedding
6544,65450,NaN,NaN,NaN,NaN,0.022053517401218414,99.4048843383789,1.0222984552383423,mlp,embedding
6545,65460,NaN,NaN,NaN,NaN,0.020145054906606674,99.4686508178711,1.020349383354187,mlp,embedding
6546,65470,NaN,NaN,NaN,NaN,0.01874036155641079,99.51115417480469,1.0189170837402344,mlp,embedding
6547,65480,NaN,NaN,NaN,NaN,0.017629578709602356,99.55366516113281,1.017785906791687,mlp,embedding
6548,65490,NaN,NaN,NaN,NaN,0.01668940670788288,99.57492065429688,1.016829490661621,mlp,embedding
6549,65500,NaN,NaN,NaN,NaN,0.015842612832784653,99.61742401123047,1.0159687995910645,mlp,embedding
6550,65510,NaN,NaN,NaN,NaN,0.015077764168381691,99.6599349975586,1.0151920318603516,mlp,embedding
6551,65520,NaN,NaN,NaN,NaN,0.014401853084564209,99.6599349975586,1.0145061016082764,mlp,embedding
6552,65530,NaN,NaN,NaN,NaN,0.013696751557290554,99.70243835449219,1.0137909650802612,mlp,embedding
6553,65540,NaN,NaN,NaN,NaN,0.013082130812108517,99.70243835449219,1.0131680965423584,mlp,embedding
6554,65550,NaN,NaN,NaN,NaN,0.012462913990020752,99.74494934082031,1.0125409364700317,mlp,embedding
6555,65560,NaN,NaN,NaN,NaN,0.011952626518905163,99.76620483398438,1.0120244026184082,mlp,embedding
6556,65570,NaN,NaN,NaN,NaN,0.011496331542730331,99.76620483398438,1.011562705039978,mlp,embedding
6557,65580,NaN,NaN,NaN,NaN,0.011075563728809357,99.76620483398438,1.0111371278762817,mlp,embedding
6558,65590,NaN,NaN,NaN,NaN,0.010671076364815235,99.76620483398438,1.0107282400131226,mlp,embedding
6559,65600,NaN,NaN,NaN,NaN,0.010251890867948532,99.78746032714844,1.010304570198059,mlp,embedding
6560,65610,NaN,NaN,NaN,NaN,0.009826941415667534,99.78746032714844,1.0098754167556763,mlp,embedding
6561,65620,NaN,NaN,NaN,NaN,0.009397393092513084,99.82996368408203,1.0094417333602905,mlp,embedding
6562,65630,NaN,NaN,NaN,NaN,0.008977032266557217,99.82996368408203,1.0090174674987793,mlp,embedding
6563,65640,NaN,NaN,NaN,NaN,0.008599492721259594,99.82996368408203,1.0086365938186646,mlp,embedding
6564,65650,NaN,NaN,NaN,NaN,0.008252683095633984,99.82996368408203,1.0082868337631226,mlp,embedding
6565,65660,NaN,NaN,NaN,NaN,0.007911263033747673,99.8512191772461,1.0079426765441895,mlp,embedding
6566,65670,NaN,NaN,NaN,NaN,0.0075670466758310795,99.8512191772461,1.0075957775115967,mlp,embedding
6567,65680,NaN,NaN,NaN,NaN,0.007256225682795048,99.8512191772461,1.0072826147079468,mlp,embedding
6568,65690,NaN,NaN,NaN,NaN,0.006941481959074736,99.89373016357422,1.0069656372070312,mlp,embedding
6569,65700,NaN,NaN,NaN,NaN,0.006647516507655382,99.89373016357422,1.0066696405410767,mlp,embedding
6570,65710,NaN,NaN,NaN,NaN,0.006350395269691944,99.89373016357422,1.0063705444335938,mlp,embedding
6571,65720,NaN,NaN,NaN,NaN,0.006107196677476168,99.89373016357422,1.0061259269714355,mlp,embedding
6572,65730,NaN,NaN,NaN,NaN,0.005852588918060064,99.91497802734375,1.005869746208191,mlp,embedding
6573,65740,NaN,NaN,NaN,NaN,0.005585483741015196,99.91497802734375,1.005601167678833,mlp,embedding
6574,65750,NaN,NaN,NaN,NaN,0.005366718862205744,99.91497802734375,1.0053811073303223,mlp,embedding
6575,65760,NaN,NaN,NaN,NaN,0.0051566241309046745,99.91497802734375,1.0051699876785278,mlp,embedding
6576,65770,NaN,NaN,NaN,NaN,0.0049383435398340225,99.91497802734375,1.0049505233764648,mlp,embedding
6577,65780,NaN,NaN,NaN,NaN,0.004722762852907181,99.93623352050781,1.004733920097351,mlp,embedding
6578,65790,NaN,NaN,NaN,NaN,0.004526076838374138,99.93623352050781,1.0045363903045654,mlp,embedding
6579,65800,NaN,NaN,NaN,NaN,0.004337481688708067,99.93623352050781,1.0043468475341797,mlp,embedding
6580,65810,NaN,NaN,NaN,NaN,0.004154826980084181,99.93623352050781,1.0041635036468506,mlp,embedding
6581,65820,NaN,NaN,NaN,NaN,0.003957808017730713,99.93623352050781,1.0039656162261963,mlp,embedding
6582,65830,3.2278403523378074e-05,100.0,1.0000323057174683,0.001,0.0037741633132100105,99.93623352050781,1.0037813186645508,mlp,embedding
6583,65840,NaN,NaN,NaN,NaN,0.0035878659691661596,99.93623352050781,1.0035942792892456,mlp,embedding
6584,65850,NaN,NaN,NaN,NaN,0.00342672155238688,99.93623352050781,1.0034326314926147,mlp,embedding
6585,65860,NaN,NaN,NaN,NaN,0.0032652660738676786,99.95748901367188,1.0032706260681152,mlp,embedding
6586,65870,NaN,NaN,NaN,NaN,0.0031078390311449766,99.95748901367188,1.0031126737594604,mlp,embedding
6587,65880,NaN,NaN,NaN,NaN,0.0029510546009987593,99.95748901367188,1.002955436706543,mlp,embedding
6588,65890,NaN,NaN,NaN,NaN,0.0028242766857147217,99.95748901367188,1.0028282403945923,mlp,embedding
6589,65900,NaN,NaN,NaN,NaN,0.0026898360811173916,99.95748901367188,1.0026934146881104,mlp,embedding
6590,65910,NaN,NaN,NaN,NaN,0.002535006497055292,99.95748901367188,1.0025382041931152,mlp,embedding
6591,65920,NaN,NaN,NaN,NaN,0.0024325267877429724,99.95748901367188,1.0024354457855225,mlp,embedding
6592,65930,NaN,NaN,NaN,NaN,0.0023240167647600174,99.97874450683594,1.0023267269134521,mlp,embedding
6593,65940,NaN,NaN,NaN,NaN,0.0021984202321618795,99.97874450683594,1.0022008419036865,mlp,embedding
6594,65950,NaN,NaN,NaN,NaN,0.0020897621288895607,100.0,1.0020920038223267,mlp,embedding
6595,65960,NaN,NaN,NaN,NaN,0.0020039244554936886,100.0,1.002005934715271,mlp,embedding
6596,65970,NaN,NaN,NaN,NaN,0.0019263302674517035,100.0,1.0019282102584839,mlp,embedding
6597,65980,NaN,NaN,NaN,NaN,0.0018221945501863956,100.0,1.001823902130127,mlp,embedding
6598,65990,NaN,NaN,NaN,NaN,0.0017479157540947199,100.0,1.0017493963241577,mlp,embedding
6599,66000,NaN,NaN,NaN,NaN,0.001666827592998743,100.0,1.0016682147979736,mlp,embedding
6600,66010,NaN,NaN,NaN,NaN,0.0015806406736373901,100.0,1.0015819072723389,mlp,embedding
6601,66020,NaN,NaN,NaN,NaN,0.001501767779700458,100.0,1.0015028715133667,mlp,embedding
6602,66030,NaN,NaN,NaN,NaN,0.0014202374732121825,100.0,1.0014212131500244,mlp,embedding
6603,66040,NaN,NaN,NaN,NaN,0.001364436699077487,100.0,1.0013654232025146,mlp,embedding
6604,66050,NaN,NaN,NaN,NaN,0.0013197880471125245,100.0,1.0013206005096436,mlp,embedding
6605,66060,NaN,NaN,NaN,NaN,0.0012667655246332288,100.0,1.0012675523757935,mlp,embedding
6606,66070,NaN,NaN,NaN,NaN,0.0012309429002925754,100.0,1.0012316703796387,mlp,embedding
6607,66080,NaN,NaN,NaN,NaN,0.0011808472918346524,100.0,1.0011816024780273,mlp,embedding
6608,66090,NaN,NaN,NaN,NaN,0.0011250132229179144,100.0,1.001125693321228,mlp,embedding
6609,66100,NaN,NaN,NaN,NaN,0.0010873794090002775,100.0,1.00108802318573,mlp,embedding
6610,66110,NaN,NaN,NaN,NaN,0.0010609048185870051,100.0,1.0010614395141602,mlp,embedding
6611,66120,NaN,NaN,NaN,NaN,0.001021124073304236,100.0,1.0010216236114502,mlp,embedding
6612,66130,NaN,NaN,NaN,NaN,0.0009855406824499369,100.0,1.0009859800338745,mlp,embedding
6613,66140,NaN,NaN,NaN,NaN,0.0009645918034948409,100.0,1.0009649991989136,mlp,embedding
6614,66150,NaN,NaN,NaN,NaN,0.0009663542150519788,100.0,1.0009667873382568,mlp,embedding
6615,66160,NaN,NaN,NaN,NaN,0.000926156179048121,100.0,1.0009266138076782,mlp,embedding
6616,66170,NaN,NaN,NaN,NaN,0.0008838221547193825,100.0,1.0008841753005981,mlp,embedding
6617,66180,NaN,NaN,NaN,NaN,0.0008655778365209699,100.0,1.0008659362792969,mlp,embedding
6618,66190,NaN,NaN,NaN,NaN,0.0008609954384155571,100.0,1.000861406326294,mlp,embedding
6619,66200,NaN,NaN,NaN,NaN,0.0008409903384745121,100.0,1.0008413791656494,mlp,embedding
6620,66210,NaN,NaN,NaN,NaN,0.00083876185817644,100.0,1.000839114189148,mlp,embedding
6621,66220,NaN,NaN,NaN,NaN,0.0008206451311707497,100.0,1.0008209943771362,mlp,embedding
6622,66230,NaN,NaN,NaN,NaN,0.000807649630587548,100.0,1.0008080005645752,mlp,embedding
6623,66240,NaN,NaN,NaN,NaN,0.0007713563391007483,100.0,1.0007716417312622,mlp,embedding
6624,66250,NaN,NaN,NaN,NaN,0.0007573894108645618,100.0,1.0007576942443848,mlp,embedding
6625,66260,NaN,NaN,NaN,NaN,0.0007913439767435193,100.0,1.0007916688919067,mlp,embedding
6626,66270,NaN,NaN,NaN,NaN,0.0007956319022923708,100.0,1.0007959604263306,mlp,embedding
6627,66280,NaN,NaN,NaN,NaN,0.0007449990953318775,100.0,1.0007452964782715,mlp,embedding
6628,66290,NaN,NaN,NaN,NaN,0.0007396271685138345,100.0,1.0007399320602417,mlp,embedding
6629,66300,NaN,NaN,NaN,NaN,0.0007497193873859942,100.0,1.000749945640564,mlp,embedding
6630,66310,NaN,NaN,NaN,NaN,0.000758765556383878,100.0,1.0007590055465698,mlp,embedding
6631,66320,NaN,NaN,NaN,NaN,0.0007694517844356596,99.97874450683594,1.0007697343826294,mlp,embedding
6632,66330,NaN,NaN,NaN,NaN,0.0007326467894017696,100.0,1.0007328987121582,mlp,embedding
6633,66340,NaN,NaN,NaN,NaN,0.0007079156930558383,100.0,1.0007082223892212,mlp,embedding
6634,66350,NaN,NaN,NaN,NaN,0.0006912090466357768,100.0,1.0006914138793945,mlp,embedding
6635,66360,NaN,NaN,NaN,NaN,0.0007115973276086152,100.0,1.0007117986679077,mlp,embedding
6636,66370,NaN,NaN,NaN,NaN,0.0006807216559536755,100.0,1.000680923461914,mlp,embedding
6637,66380,NaN,NaN,NaN,NaN,0.000684815866407007,99.97874450683594,1.0006850957870483,mlp,embedding
6638,66390,NaN,NaN,NaN,NaN,0.0006696591735817492,99.97874450683594,1.0006698369979858,mlp,embedding
6639,66400,NaN,NaN,NaN,NaN,0.0006692070746794343,99.97874450683594,1.0006694793701172,mlp,embedding
6640,66410,NaN,NaN,NaN,NaN,0.0006354437209665775,100.0,1.0006356239318848,mlp,embedding
6641,66420,NaN,NaN,NaN,NaN,0.0006552017875947058,99.97874450683594,1.0006554126739502,mlp,embedding
6642,66430,NaN,NaN,NaN,NaN,0.0006246565608307719,99.97874450683594,1.0006248950958252,mlp,embedding
6643,66440,NaN,NaN,NaN,NaN,0.000612907053437084,99.97874450683594,1.0006130933761597,mlp,embedding
6644,66450,NaN,NaN,NaN,NaN,0.0006218314520083368,99.97874450683594,1.000622034072876,mlp,embedding
6645,66460,NaN,NaN,NaN,NaN,0.0005452866898849607,100.0,1.0005453824996948,mlp,embedding
6646,66470,NaN,NaN,NaN,NaN,0.0005717703024856746,100.0,1.0005719661712646,mlp,embedding
6647,66480,3.0159642960825295e-07,100.0,1.0000003576278687,0.001,0.0005495933000929654,99.97874450683594,1.0005497932434082,mlp,embedding
6648,66490,NaN,NaN,NaN,NaN,0.0005029573221690953,100.0,1.0005030632019043,mlp,embedding
6649,66500,NaN,NaN,NaN,NaN,0.000570252479519695,99.97874450683594,1.0005704164505005,mlp,embedding
6650,66510,NaN,NaN,NaN,NaN,0.0005399219808168709,99.97874450683594,1.000540018081665,mlp,embedding
6651,66520,NaN,NaN,NaN,NaN,0.0006003479938954115,99.97874450683594,1.0006005764007568,mlp,embedding
6652,66530,NaN,NaN,NaN,NaN,0.0004983586841262877,99.97874450683594,1.0004985332489014,mlp,embedding
6653,66540,NaN,NaN,NaN,NaN,0.0005251282709650695,99.97874450683594,1.0005252361297607,mlp,embedding
6654,66550,NaN,NaN,NaN,NaN,0.0005083880387246609,99.97874450683594,1.0005085468292236,mlp,embedding
6655,66560,NaN,NaN,NaN,NaN,0.000490206410177052,99.97874450683594,1.0004903078079224,mlp,embedding
6656,66570,NaN,NaN,NaN,NaN,0.0006512304535135627,99.97874450683594,1.000651478767395,mlp,embedding
6657,66580,NaN,NaN,NaN,NaN,0.0004868609830737114,99.97874450683594,1.000486969947815,mlp,embedding
6658,66590,NaN,NaN,NaN,NaN,0.0007062727818265557,99.97874450683594,1.0007065534591675,mlp,embedding
6659,66600,NaN,NaN,NaN,NaN,0.0006297265063039958,99.97874450683594,1.0006299018859863,mlp,embedding
6660,66610,NaN,NaN,NaN,NaN,0.0005102168070152402,99.97874450683594,1.000510334968567,mlp,embedding
6661,66620,NaN,NaN,NaN,NaN,0.0003980606561526656,99.97874450683594,1.0003981590270996,mlp,embedding
6662,66630,NaN,NaN,NaN,NaN,0.00038102868711575866,100.0,1.0003811120986938,mlp,embedding
6663,66640,NaN,NaN,NaN,NaN,0.0006086548091843724,100.0,1.0006088018417358,mlp,embedding
6664,66650,NaN,NaN,NaN,NaN,0.8598767518997192,81.78533172607422,2.3628695011138916,mlp,embedding
6665,66660,NaN,NaN,NaN,NaN,0.6342940926551819,83.01806640625,1.8856905698776245,mlp,embedding
6666,66670,NaN,NaN,NaN,NaN,0.14100372791290283,95.57917022705078,1.1514289379119873,mlp,embedding
6667,66680,NaN,NaN,NaN,NaN,0.08532119542360306,97.10945892333984,1.0890668630599976,mlp,embedding
6668,66690,NaN,NaN,NaN,NaN,0.03518673777580261,98.97980499267578,1.0358130931854248,mlp,embedding
6669,66700,NaN,NaN,NaN,NaN,0.02461540512740612,99.25611114501953,1.0249208211898804,mlp,embedding
6670,66710,NaN,NaN,NaN,NaN,0.019110186025500298,99.42613983154297,1.0192939043045044,mlp,embedding
6671,66720,NaN,NaN,NaN,NaN,0.015759320929646492,99.57492065429688,1.0158841609954834,mlp,embedding
6672,66730,NaN,NaN,NaN,NaN,0.013748775236308575,99.61742401123047,1.0138437747955322,mlp,embedding
6673,66740,NaN,NaN,NaN,NaN,0.012475024908781052,99.63867950439453,1.0125532150268555,mlp,embedding
6674,66750,NaN,NaN,NaN,NaN,0.011581603437662125,99.63867950439453,1.0116488933563232,mlp,embedding
6675,66760,NaN,NaN,NaN,NaN,0.010911677032709122,99.72369384765625,1.0109714269638062,mlp,embedding
6676,66770,NaN,NaN,NaN,NaN,0.010322604328393936,99.76620483398438,1.0103760957717896,mlp,embedding
6677,66780,NaN,NaN,NaN,NaN,0.009806092828512192,99.76620483398438,1.0098543167114258,mlp,embedding
6678,66790,NaN,NaN,NaN,NaN,0.009328344836831093,99.76620483398438,1.0093719959259033,mlp,embedding
6679,66800,NaN,NaN,NaN,NaN,0.008824043907225132,99.78746032714844,1.008863091468811,mlp,embedding
6680,66810,NaN,NaN,NaN,NaN,0.008393878117203712,99.78746032714844,1.0084291696548462,mlp,embedding
6681,66820,NaN,NaN,NaN,NaN,0.00799582526087761,99.80870819091797,1.0080279111862183,mlp,embedding
6682,66830,NaN,NaN,NaN,NaN,0.007619273848831654,99.80870819091797,1.0076483488082886,mlp,embedding
6683,66840,NaN,NaN,NaN,NaN,0.007247135043144226,99.80870819091797,1.0072734355926514,mlp,embedding
6684,66850,NaN,NaN,NaN,NaN,0.006895970553159714,99.82996368408203,1.0069198608398438,mlp,embedding
6685,66860,NaN,NaN,NaN,NaN,0.006558905355632305,99.82996368408203,1.0065804719924927,mlp,embedding
6686,66870,NaN,NaN,NaN,NaN,0.00625114981085062,99.8512191772461,1.0062707662582397,mlp,embedding
6687,66880,NaN,NaN,NaN,NaN,0.005957307294011116,99.87247467041016,1.0059751272201538,mlp,embedding
6688,66890,NaN,NaN,NaN,NaN,0.005656067281961441,99.87247467041016,1.0056720972061157,mlp,embedding
6689,66900,NaN,NaN,NaN,NaN,0.005363378208130598,99.89373016357422,1.0053777694702148,mlp,embedding
6690,66910,NaN,NaN,NaN,NaN,0.005093033891171217,99.89373016357422,1.005105972290039,mlp,embedding
6691,66920,NaN,NaN,NaN,NaN,0.0048476895317435265,99.89373016357422,1.004859447479248,mlp,embedding
6692,66930,NaN,NaN,NaN,NaN,0.004624840337783098,99.91497802734375,1.0046355724334717,mlp,embedding
6693,66940,NaN,NaN,NaN,NaN,0.004388961009681225,99.91497802734375,1.0043985843658447,mlp,embedding
6694,66950,NaN,NaN,NaN,NaN,0.004148084204643965,99.93623352050781,1.0041567087173462,mlp,embedding
6695,66960,NaN,NaN,NaN,NaN,0.003927768208086491,99.97874450683594,1.00393545627594,mlp,embedding
6696,66970,NaN,NaN,NaN,NaN,0.003738371655344963,99.97874450683594,1.0037453174591064,mlp,embedding
6697,66980,NaN,NaN,NaN,NaN,0.003557252697646618,99.97874450683594,1.003563642501831,mlp,embedding
6698,66990,NaN,NaN,NaN,NaN,0.0033841533586382866,99.97874450683594,1.003389835357666,mlp,embedding
6699,67000,NaN,NaN,NaN,NaN,0.003217096673324704,99.97874450683594,1.0032222270965576,mlp,embedding
6700,67010,NaN,NaN,NaN,NaN,0.00305539439432323,99.97874450683594,1.0030601024627686,mlp,embedding
6701,67020,NaN,NaN,NaN,NaN,0.002891009673476219,99.97874450683594,1.0028952360153198,mlp,embedding
6702,67030,NaN,NaN,NaN,NaN,0.0027412751223891973,99.97874450683594,1.0027450323104858,mlp,embedding
6703,67040,NaN,NaN,NaN,NaN,0.0025982616934925318,99.97874450683594,1.0026016235351562,mlp,embedding
6704,67050,NaN,NaN,NaN,NaN,0.0024466877803206444,99.97874450683594,1.002449631690979,mlp,embedding
6705,67060,NaN,NaN,NaN,NaN,0.0023047837894409895,99.97874450683594,1.002307415008545,mlp,embedding
6706,67070,NaN,NaN,NaN,NaN,0.002194802975282073,99.97874450683594,1.002197265625,mlp,embedding
6707,67080,NaN,NaN,NaN,NaN,0.0021021137945353985,99.97874450683594,1.0021042823791504,mlp,embedding
6708,67090,NaN,NaN,NaN,NaN,0.0020181676372885704,99.97874450683594,1.002020239830017,mlp,embedding
6709,67100,NaN,NaN,NaN,NaN,0.001932353712618351,99.97874450683594,1.0019341707229614,mlp,embedding
6710,67110,NaN,NaN,NaN,NaN,0.0018380139954388142,99.97874450683594,1.0018397569656372,mlp,embedding
6711,67120,NaN,NaN,NaN,NaN,0.0017661764286458492,99.97874450683594,1.0017677545547485,mlp,embedding
6712,67130,NaN,NaN,NaN,NaN,0.00168648362159729,99.97874450683594,1.0016878843307495,mlp,embedding
6713,67140,2.118733391398564e-05,100.0,1.00002121925354,0.001,0.0015840079868212342,99.97874450683594,1.0015852451324463,mlp,embedding
6714,67150,NaN,NaN,NaN,NaN,0.0015132378321141005,99.97874450683594,1.0015144348144531,mlp,embedding
6715,67160,NaN,NaN,NaN,NaN,0.0014703540364280343,99.97874450683594,1.0014714002609253,mlp,embedding
6716,67170,NaN,NaN,NaN,NaN,0.0014335907762870193,99.97874450683594,1.001434564590454,mlp,embedding
6717,67180,NaN,NaN,NaN,NaN,0.001385367359034717,99.97874450683594,1.001386284828186,mlp,embedding
6718,67190,NaN,NaN,NaN,NaN,0.0013213191414251924,99.97874450683594,1.0013221502304077,mlp,embedding
6719,67200,NaN,NaN,NaN,NaN,0.001255792216397822,99.97874450683594,1.0012565851211548,mlp,embedding
6720,67210,NaN,NaN,NaN,NaN,0.0011815921170637012,100.0,1.0011823177337646,mlp,embedding
6721,67220,NaN,NaN,NaN,NaN,0.0011311350390315056,100.0,1.0011317729949951,mlp,embedding
6722,67230,NaN,NaN,NaN,NaN,0.0010942444205284119,100.0,1.0010948181152344,mlp,embedding
6723,67240,NaN,NaN,NaN,NaN,0.0010624048300087452,100.0,1.0010629892349243,mlp,embedding
6724,67250,NaN,NaN,NaN,NaN,0.001035168650560081,100.0,1.0010356903076172,mlp,embedding
6725,67260,NaN,NaN,NaN,NaN,0.001003678422421217,100.0,1.0010042190551758,mlp,embedding
6726,67270,NaN,NaN,NaN,NaN,0.0009686034172773361,100.0,1.0009690523147583,mlp,embedding
6727,67280,NaN,NaN,NaN,NaN,0.0009423811570741236,100.0,1.0009428262710571,mlp,embedding
6728,67290,NaN,NaN,NaN,NaN,0.0009078875300474465,100.0,1.0009082555770874,mlp,embedding
6729,67300,NaN,NaN,NaN,NaN,0.0008759568445384502,100.0,1.0008763074874878,mlp,embedding
6730,67310,NaN,NaN,NaN,NaN,0.0008380967192351818,100.0,1.0008383989334106,mlp,embedding
6731,67320,NaN,NaN,NaN,NaN,0.0008104723528958857,100.0,1.0008107423782349,mlp,embedding
6732,67330,NaN,NaN,NaN,NaN,0.0007896859897300601,100.0,1.000789999961853,mlp,embedding
6733,67340,NaN,NaN,NaN,NaN,0.0007719647837802768,100.0,1.00077223777771,mlp,embedding
6734,67350,NaN,NaN,NaN,NaN,0.0007662595016881824,100.0,1.0007665157318115,mlp,embedding
6735,67360,NaN,NaN,NaN,NaN,0.0007301726727746427,100.0,1.0007303953170776,mlp,embedding
6736,67370,NaN,NaN,NaN,NaN,0.0006875196704640985,100.0,1.0006877183914185,mlp,embedding
6737,67380,NaN,NaN,NaN,NaN,0.0006551105179823935,100.0,1.0006552934646606,mlp,embedding
6738,67390,NaN,NaN,NaN,NaN,0.0006336678634397686,100.0,1.0006338357925415,mlp,embedding
6739,67400,NaN,NaN,NaN,NaN,0.0006013107486069202,100.0,1.0006015300750732,mlp,embedding
6740,67410,NaN,NaN,NaN,NaN,0.0005700849578715861,100.0,1.000570297241211,mlp,embedding
6741,67420,NaN,NaN,NaN,NaN,0.0005546124884858727,100.0,1.0005548000335693,mlp,embedding
6742,67430,NaN,NaN,NaN,NaN,0.0005354037275537848,100.0,1.000535488128662,mlp,embedding
6743,67440,NaN,NaN,NaN,NaN,0.0004947930574417114,100.0,1.0004949569702148,mlp,embedding
6744,67450,NaN,NaN,NaN,NaN,0.0004816243890672922,100.0,1.0004817247390747,mlp,embedding
6745,67460,NaN,NaN,NaN,NaN,0.00046357448445633054,100.0,1.0004637241363525,mlp,embedding
6746,67470,NaN,NaN,NaN,NaN,0.00043597596231848,100.0,1.0004360675811768,mlp,embedding
6747,67480,NaN,NaN,NaN,NaN,0.00042277449392713606,100.0,1.0004228353500366,mlp,embedding
6748,67490,NaN,NaN,NaN,NaN,0.0004087700799573213,100.0,1.0004088878631592,mlp,embedding
6749,67500,NaN,NaN,NaN,NaN,0.0003874991089105606,100.0,1.0003875494003296,mlp,embedding
6750,67510,NaN,NaN,NaN,NaN,0.0003730840398930013,100.0,1.000373125076294,mlp,embedding
6751,67520,NaN,NaN,NaN,NaN,0.0003507940855342895,100.0,1.000350832939148,mlp,embedding
6752,67530,NaN,NaN,NaN,NaN,0.00033090924262069166,100.0,1.000330924987793,mlp,embedding
6753,67540,NaN,NaN,NaN,NaN,0.0003463877073954791,100.0,1.0003464221954346,mlp,embedding
6754,67550,NaN,NaN,NaN,NaN,0.0003194283344782889,100.0,1.000319480895996,mlp,embedding
6755,67560,NaN,NaN,NaN,NaN,0.00030550683732144535,100.0,1.0003055334091187,mlp,embedding
6756,67570,NaN,NaN,NaN,NaN,0.0002975986571982503,100.0,1.0002976655960083,mlp,embedding
6757,67580,NaN,NaN,NaN,NaN,0.00027711366419680417,100.0,1.0002771615982056,mlp,embedding
6758,67590,NaN,NaN,NaN,NaN,0.0002951269270852208,100.0,1.0002951622009277,mlp,embedding
6759,67600,NaN,NaN,NaN,NaN,0.0002632073010317981,100.0,1.0002632141113281,mlp,embedding
6760,67610,NaN,NaN,NaN,NaN,0.0002467480080667883,100.0,1.0002467632293701,mlp,embedding
6761,67620,NaN,NaN,NaN,NaN,0.00024246143584605306,100.0,1.0002424716949463,mlp,embedding
6762,67630,NaN,NaN,NaN,NaN,0.00024166041112039238,100.0,1.0002416372299194,mlp,embedding
6763,67640,NaN,NaN,NaN,NaN,0.0002356154436711222,100.0,1.000235676765442,mlp,embedding
6764,67650,NaN,NaN,NaN,NaN,0.0002059330727206543,100.0,1.0002059936523438,mlp,embedding
6765,67660,NaN,NaN,NaN,NaN,0.00021897013357374817,100.0,1.0002189874649048,mlp,embedding
6766,67670,NaN,NaN,NaN,NaN,0.00020100566325709224,100.0,1.0002009868621826,mlp,embedding
6767,67680,NaN,NaN,NaN,NaN,0.0001908663980429992,100.0,1.0001908540725708,mlp,embedding
6768,67690,NaN,NaN,NaN,NaN,0.00018347091099712998,100.0,1.0001834630966187,mlp,embedding
6769,67700,NaN,NaN,NaN,NaN,0.0001846545928856358,100.0,1.0001846551895142,mlp,embedding
6770,67710,NaN,NaN,NaN,NaN,0.00017129836487583816,100.0,1.0001713037490845,mlp,embedding
6771,67720,NaN,NaN,NaN,NaN,0.0001660178240854293,100.0,1.0001660585403442,mlp,embedding
6772,67730,NaN,NaN,NaN,NaN,0.00016428166418336332,100.0,1.000164270401001,mlp,embedding
6773,67740,NaN,NaN,NaN,NaN,0.00014959237887524068,100.0,1.0001496076583862,mlp,embedding
6774,67750,NaN,NaN,NaN,NaN,0.00014065094001125544,100.0,1.00014066696167,mlp,embedding
6775,67760,NaN,NaN,NaN,NaN,0.00012845263700000942,100.0,1.0001285076141357,mlp,embedding
6776,67770,NaN,NaN,NaN,NaN,0.00013183186820242554,100.0,1.0001318454742432,mlp,embedding
6777,67780,NaN,NaN,NaN,NaN,0.00012102723849238828,100.0,1.000120997428894,mlp,embedding
6778,67790,NaN,NaN,NaN,NaN,0.00011259290477028117,100.0,1.0001126527786255,mlp,embedding
6779,67800,NaN,NaN,NaN,NaN,0.00010598462540656328,100.0,1.0001059770584106,mlp,embedding
6780,67810,1.918397600775279e-07,100.0,1.000000238418579,0.001,0.00011974756489507854,100.0,1.0001198053359985,mlp,embedding
6781,67820,NaN,NaN,NaN,NaN,9.796385711524636e-05,100.0,1.0000979900360107,mlp,embedding
6782,67830,NaN,NaN,NaN,NaN,0.0001254705130122602,100.0,1.000125527381897,mlp,embedding
6783,67840,NaN,NaN,NaN,NaN,0.00013467788812704384,100.0,1.0001347064971924,mlp,embedding
6784,67850,NaN,NaN,NaN,NaN,0.00011524967703735456,100.0,1.0001152753829956,mlp,embedding
6785,67860,NaN,NaN,NaN,NaN,9.912755922414362e-05,100.0,1.0000991821289062,mlp,embedding
6786,67870,NaN,NaN,NaN,NaN,7.048804400255904e-05,100.0,1.0000704526901245,mlp,embedding
6787,67880,NaN,NaN,NaN,NaN,7.488967821700498e-05,100.0,1.000074863433838,mlp,embedding
6788,67890,NaN,NaN,NaN,NaN,7.071792060742155e-05,100.0,1.0000706911087036,mlp,embedding
6789,67900,NaN,NaN,NaN,NaN,7.615388312842697e-05,100.0,1.000076174736023,mlp,embedding
6790,67910,NaN,NaN,NaN,NaN,0.00017168915655929595,100.0,1.0001716613769531,mlp,embedding
6791,67920,NaN,NaN,NaN,NaN,4.871054172515869,43.29436492919922,130.4583740234375,mlp,embedding
6792,67930,NaN,NaN,NaN,NaN,0.4622350037097931,88.39532470703125,1.587618350982666,mlp,embedding
6793,67940,NaN,NaN,NaN,NaN,0.10383610427379608,96.40807342529297,1.1094186305999756,mlp,embedding
6794,67950,NaN,NaN,NaN,NaN,0.024799589067697525,99.31986999511719,1.0251096487045288,mlp,embedding
6795,67960,NaN,NaN,NaN,NaN,0.015271302312612534,99.63867950439453,1.0153884887695312,mlp,embedding
6796,67970,NaN,NaN,NaN,NaN,0.00986508559435606,99.82996368408203,1.0099139213562012,mlp,embedding
6797,67980,NaN,NaN,NaN,NaN,0.007036121096462011,99.8512191772461,1.0070608854293823,mlp,embedding
6798,67990,NaN,NaN,NaN,NaN,0.005587481427937746,99.89373016357422,1.0056030750274658,mlp,embedding
6799,68000,NaN,NaN,NaN,NaN,0.004714424721896648,99.93623352050781,1.0047255754470825,mlp,embedding
6800,68010,NaN,NaN,NaN,NaN,0.004215937107801437,99.93623352050781,1.0042247772216797,mlp,embedding
6801,68020,NaN,NaN,NaN,NaN,0.003900090465322137,99.95748901367188,1.0039076805114746,mlp,embedding
6802,68030,NaN,NaN,NaN,NaN,0.0036570376250892878,99.95748901367188,1.0036637783050537,mlp,embedding
6803,68040,NaN,NaN,NaN,NaN,0.0034549161791801453,99.95748901367188,1.0034608840942383,mlp,embedding
6804,68050,NaN,NaN,NaN,NaN,0.003271962283179164,99.95748901367188,1.00327730178833,mlp,embedding
6805,68060,NaN,NaN,NaN,NaN,0.0031054753344506025,99.95748901367188,1.0031102895736694,mlp,embedding
6806,68070,NaN,NaN,NaN,NaN,0.002943013096228242,99.95748901367188,1.0029473304748535,mlp,embedding
6807,68080,NaN,NaN,NaN,NaN,0.002788766287267208,99.95748901367188,1.0027927160263062,mlp,embedding
6808,68090,NaN,NaN,NaN,NaN,0.0026449300348758698,99.95748901367188,1.0026484727859497,mlp,embedding
6809,68100,NaN,NaN,NaN,NaN,0.002514835447072983,100.0,1.0025180578231812,mlp,embedding
6810,68110,NaN,NaN,NaN,NaN,0.002389716450124979,100.0,1.0023925304412842,mlp,embedding
6811,68120,NaN,NaN,NaN,NaN,0.002270490163937211,100.0,1.0022730827331543,mlp,embedding
6812,68130,NaN,NaN,NaN,NaN,0.0021602732595056295,100.0,1.0021625757217407,mlp,embedding
6813,68140,NaN,NaN,NaN,NaN,0.002052821684628725,100.0,1.0020549297332764,mlp,embedding
6814,68150,NaN,NaN,NaN,NaN,0.0019372549140825868,100.0,1.0019391775131226,mlp,embedding
6815,68160,NaN,NaN,NaN,NaN,0.0018374796491116285,100.0,1.0018391609191895,mlp,embedding
6816,68170,NaN,NaN,NaN,NaN,0.0017389048589393497,100.0,1.0017404556274414,mlp,embedding
6817,68180,NaN,NaN,NaN,NaN,0.0016406436916440725,100.0,1.0016419887542725,mlp,embedding
6818,68190,NaN,NaN,NaN,NaN,0.0015592830022796988,100.0,1.0015604496002197,mlp,embedding
6819,68200,NaN,NaN,NaN,NaN,0.001481064478866756,100.0,1.0014821290969849,mlp,embedding
6820,68210,NaN,NaN,NaN,NaN,0.0014056522632017732,100.0,1.0014066696166992,mlp,embedding
6821,68220,NaN,NaN,NaN,NaN,0.0013295892858877778,100.0,1.0013304948806763,mlp,embedding
6822,68230,NaN,NaN,NaN,NaN,0.0012510844971984625,100.0,1.0012518167495728,mlp,embedding
6823,68240,NaN,NaN,NaN,NaN,0.0011866858694702387,100.0,1.0011874437332153,mlp,embedding
6824,68250,NaN,NaN,NaN,NaN,0.001128911622799933,100.0,1.0011295080184937,mlp,embedding
6825,68260,NaN,NaN,NaN,NaN,0.001078886678442359,100.0,1.0010794401168823,mlp,embedding
6826,68270,NaN,NaN,NaN,NaN,0.0010179795790463686,100.0,1.0010185241699219,mlp,embedding
6827,68280,NaN,NaN,NaN,NaN,0.0009554581483826041,100.0,1.0009559392929077,mlp,embedding
6828,68290,NaN,NaN,NaN,NaN,0.0009060949087142944,100.0,1.0009064674377441,mlp,embedding
6829,68300,NaN,NaN,NaN,NaN,0.0008602653397247195,100.0,1.0008606910705566,mlp,embedding
6830,68310,NaN,NaN,NaN,NaN,0.000812997343018651,100.0,1.000813364982605,mlp,embedding
6831,68320,NaN,NaN,NaN,NaN,0.0007724578608758748,100.0,1.0007727146148682,mlp,embedding
6832,68330,NaN,NaN,NaN,NaN,0.0007315768161788583,100.0,1.0007318258285522,mlp,embedding
6833,68340,NaN,NaN,NaN,NaN,0.0006899437867105007,100.0,1.000690221786499,mlp,embedding
6834,68350,NaN,NaN,NaN,NaN,0.0006489541265182197,100.0,1.0006492137908936,mlp,embedding
6835,68360,NaN,NaN,NaN,NaN,0.000617193931248039,100.0,1.0006173849105835,mlp,embedding
6836,68370,NaN,NaN,NaN,NaN,0.000587733113206923,100.0,1.0005879402160645,mlp,embedding
6837,68380,NaN,NaN,NaN,NaN,0.000559661362785846,100.0,1.0005598068237305,mlp,embedding
6838,68390,NaN,NaN,NaN,NaN,0.0005330060957930982,100.0,1.000533103942871,mlp,embedding
6839,68400,NaN,NaN,NaN,NaN,0.0005086460732854903,100.0,1.0005087852478027,mlp,embedding
6840,68410,NaN,NaN,NaN,NaN,0.0004849861725233495,100.0,1.0004850625991821,mlp,embedding
6841,68420,NaN,NaN,NaN,NaN,0.0004612291813828051,100.0,1.0004613399505615,mlp,embedding
6842,68430,NaN,NaN,NaN,NaN,0.00043991379789076746,100.0,1.000440001487732,mlp,embedding
6843,68440,NaN,NaN,NaN,NaN,0.0004197385860607028,100.0,1.0004198551177979,mlp,embedding
6844,68450,NaN,NaN,NaN,NaN,0.0004001359920948744,100.0,1.000400185585022,mlp,embedding
6845,68460,NaN,NaN,NaN,NaN,0.00038574362406507134,100.0,1.0003857612609863,mlp,embedding
6846,68470,NaN,NaN,NaN,NaN,0.00036973171518184245,100.0,1.0003697872161865,mlp,embedding
6847,68480,9.061211130756419e-06,100.0,1.0000090599060059,0.001,0.00035107642179355025,100.0,1.0003511905670166,mlp,embedding
6848,68490,NaN,NaN,NaN,NaN,0.0003379315894562751,100.0,1.0003379583358765,mlp,embedding
6849,68500,NaN,NaN,NaN,NaN,0.00032382539939135313,100.0,1.0003238916397095,mlp,embedding
6850,68510,NaN,NaN,NaN,NaN,0.00030819588573649526,100.0,1.0003082752227783,mlp,embedding
6851,68520,NaN,NaN,NaN,NaN,0.0002942944993264973,100.0,1.0002943277359009,mlp,embedding
6852,68530,NaN,NaN,NaN,NaN,0.0002810930018313229,100.0,1.0002810955047607,mlp,embedding
6853,68540,NaN,NaN,NaN,NaN,0.00027181446785107255,100.0,1.0002717971801758,mlp,embedding
6854,68550,NaN,NaN,NaN,NaN,0.0002613152319099754,100.0,1.0002613067626953,mlp,embedding
6855,68560,NaN,NaN,NaN,NaN,0.0002496579836588353,100.0,1.0002497434616089,mlp,embedding
6856,68570,NaN,NaN,NaN,NaN,0.00024016544921323657,100.0,1.0002402067184448,mlp,embedding
6857,68580,NaN,NaN,NaN,NaN,0.00022816460113972425,100.0,1.0002281665802002,mlp,embedding
6858,68590,NaN,NaN,NaN,NaN,0.00022132416779641062,100.0,1.0002213716506958,mlp,embedding
6859,68600,NaN,NaN,NaN,NaN,0.00021426018793135881,100.0,1.0002143383026123,mlp,embedding
6860,68610,NaN,NaN,NaN,NaN,0.00020441105880308896,100.0,1.0002044439315796,mlp,embedding
6861,68620,NaN,NaN,NaN,NaN,0.00019786162010859698,100.0,1.0001978874206543,mlp,embedding
6862,68630,NaN,NaN,NaN,NaN,0.0001897089387057349,100.0,1.0001897811889648,mlp,embedding
6863,68640,NaN,NaN,NaN,NaN,0.0001803375344024971,100.0,1.0001803636550903,mlp,embedding
6864,68650,NaN,NaN,NaN,NaN,0.00017633706738706678,100.0,1.0001763105392456,mlp,embedding
6865,68660,NaN,NaN,NaN,NaN,0.00017146463505923748,100.0,1.000171422958374,mlp,embedding
6866,68670,NaN,NaN,NaN,NaN,0.0001628787867957726,100.0,1.0001628398895264,mlp,embedding
6867,68680,NaN,NaN,NaN,NaN,0.00015444410382770002,100.0,1.0001544952392578,mlp,embedding
6868,68690,NaN,NaN,NaN,NaN,0.00014825572725385427,100.0,1.0001482963562012,mlp,embedding
6869,68700,NaN,NaN,NaN,NaN,0.0001428614923497662,100.0,1.0001428127288818,mlp,embedding
6870,68710,NaN,NaN,NaN,NaN,0.00013779605797026306,100.0,1.0001378059387207,mlp,embedding
6871,68720,NaN,NaN,NaN,NaN,0.00013151788152754307,100.0,1.0001314878463745,mlp,embedding
6872,68730,NaN,NaN,NaN,NaN,0.00012604657968040556,100.0,1.0001260042190552,mlp,embedding
6873,68740,NaN,NaN,NaN,NaN,0.00012271487503312528,100.0,1.0001226663589478,mlp,embedding
6874,68750,NaN,NaN,NaN,NaN,0.00011644754704320803,100.0,1.0001164674758911,mlp,embedding
6875,68760,NaN,NaN,NaN,NaN,0.00011237347644055262,100.0,1.0001124143600464,mlp,embedding
6876,68770,NaN,NaN,NaN,NaN,0.00010684951848816127,100.0,1.0001068115234375,mlp,embedding
6877,68780,NaN,NaN,NaN,NaN,0.00010131418821401894,100.0,1.0001013278961182,mlp,embedding
6878,68790,NaN,NaN,NaN,NaN,9.616233000997454e-05,100.0,1.0000962018966675,mlp,embedding
6879,68800,NaN,NaN,NaN,NaN,9.416420652996749e-05,100.0,1.0000941753387451,mlp,embedding
6880,68810,NaN,NaN,NaN,NaN,9.008926281239837e-05,100.0,1.0000901222229004,mlp,embedding
6881,68820,NaN,NaN,NaN,NaN,8.5323496023193e-05,100.0,1.0000853538513184,mlp,embedding
6882,68830,NaN,NaN,NaN,NaN,8.08105687610805e-05,100.0,1.0000808238983154,mlp,embedding
6883,68840,NaN,NaN,NaN,NaN,7.868796092225239e-05,100.0,1.0000786781311035,mlp,embedding
6884,68850,NaN,NaN,NaN,NaN,7.847209781175479e-05,100.0,1.0000784397125244,mlp,embedding
6885,68860,NaN,NaN,NaN,NaN,7.382254989352077e-05,100.0,1.000073790550232,mlp,embedding
6886,68870,NaN,NaN,NaN,NaN,6.857793050585315e-05,100.0,1.0000685453414917,mlp,embedding
6887,68880,NaN,NaN,NaN,NaN,6.863047747174278e-05,100.0,1.0000686645507812,mlp,embedding
6888,68890,NaN,NaN,NaN,NaN,6.612061406485736e-05,100.0,1.0000661611557007,mlp,embedding
6889,68900,NaN,NaN,NaN,NaN,6.133670103736222e-05,100.0,1.0000613927841187,mlp,embedding
6890,68910,NaN,NaN,NaN,NaN,6.303343252511695e-05,100.0,1.0000630617141724,mlp,embedding
6891,68920,NaN,NaN,NaN,NaN,5.439453889266588e-05,100.0,1.0000543594360352,mlp,embedding
6892,68930,NaN,NaN,NaN,NaN,5.38023559784051e-05,100.0,1.0000537633895874,mlp,embedding
6893,68940,NaN,NaN,NaN,NaN,5.115957173984498e-05,100.0,1.0000511407852173,mlp,embedding
6894,68950,NaN,NaN,NaN,NaN,4.957796772941947e-05,100.0,1.0000495910644531,mlp,embedding
6895,68960,NaN,NaN,NaN,NaN,4.568788790493272e-05,100.0,1.000045657157898,mlp,embedding
6896,68970,NaN,NaN,NaN,NaN,4.723301390185952e-05,100.0,1.000047206878662,mlp,embedding
6897,68980,NaN,NaN,NaN,NaN,4.334313780418597e-05,100.0,1.0000433921813965,mlp,embedding
6898,68990,NaN,NaN,NaN,NaN,4.1369723476236686e-05,100.0,1.0000413656234741,mlp,embedding
6899,69000,NaN,NaN,NaN,NaN,3.944774289266206e-05,100.0,1.0000394582748413,mlp,embedding
6900,69010,NaN,NaN,NaN,NaN,3.704263144754805e-05,100.0,1.0000370740890503,mlp,embedding
6901,69020,NaN,NaN,NaN,NaN,3.780312908929773e-05,100.0,1.0000377893447876,mlp,embedding
6902,69030,NaN,NaN,NaN,NaN,3.40347396559082e-05,100.0,1.0000340938568115,mlp,embedding
6903,69040,NaN,NaN,NaN,NaN,3.477339123492129e-05,100.0,1.0000348091125488,mlp,embedding
6904,69050,NaN,NaN,NaN,NaN,3.084815762122162e-05,100.0,1.0000308752059937,mlp,embedding
6905,69060,NaN,NaN,NaN,NaN,3.3219919714611024e-05,100.0,1.0000332593917847,mlp,embedding
6906,69070,NaN,NaN,NaN,NaN,2.819114160956815e-05,100.0,1.000028133392334,mlp,embedding
6907,69080,NaN,NaN,NaN,NaN,3.061982351937331e-05,100.0,1.0000306367874146,mlp,embedding
6908,69090,NaN,NaN,NaN,NaN,2.7024245355278254e-05,100.0,1.000027060508728,mlp,embedding
6909,69100,NaN,NaN,NaN,NaN,2.9093151169945486e-05,100.0,1.0000290870666504,mlp,embedding
6910,69110,NaN,NaN,NaN,NaN,2.784995740512386e-05,100.0,1.0000278949737549,mlp,embedding
6911,69120,NaN,NaN,NaN,NaN,2.9343484129640274e-05,100.0,1.0000293254852295,mlp,embedding
6912,69130,NaN,NaN,NaN,NaN,3.374807783984579e-05,100.0,1.0000337362289429,mlp,embedding
6913,69140,NaN,NaN,NaN,NaN,2.6428710043546744e-05,100.0,1.0000264644622803,mlp,embedding
6914,69150,NaN,NaN,NaN,NaN,3.505693166516721e-05,100.0,1.000035047531128,mlp,embedding
6915,69160,1.684996391304594e-07,100.0,1.0000001192092896,0.001,5.8947232901118696e-05,100.0,1.000058889389038,mlp,embedding
6916,69170,NaN,NaN,NaN,NaN,10.494050025939941,29.458023071289062,36100.06640625,mlp,embedding
6917,69180,NaN,NaN,NaN,NaN,0.800622284412384,83.9319839477539,2.226926326751709,mlp,embedding
6918,69190,NaN,NaN,NaN,NaN,0.09652992337942123,96.74813842773438,1.1013425588607788,mlp,embedding
6919,69200,NaN,NaN,NaN,NaN,0.04448862746357918,98.36344146728516,1.0454931259155273,mlp,embedding
6920,69210,NaN,NaN,NaN,NaN,0.028468774631619453,99.12858581542969,1.028877854347229,mlp,embedding
6921,69220,NaN,NaN,NaN,NaN,0.016304610297083855,99.63867950439453,1.0164382457733154,mlp,embedding
6922,69230,NaN,NaN,NaN,NaN,0.011604119092226028,99.78746032714844,1.0116716623306274,mlp,embedding
6923,69240,NaN,NaN,NaN,NaN,0.009170450270175934,99.82996368408203,1.009212613105774,mlp,embedding
6924,69250,NaN,NaN,NaN,NaN,0.007983594201505184,99.8512191772461,1.008015513420105,mlp,embedding
6925,69260,NaN,NaN,NaN,NaN,0.007244409061968327,99.8512191772461,1.0072706937789917,mlp,embedding
6926,69270,NaN,NaN,NaN,NaN,0.006730471272021532,99.8512191772461,1.0067532062530518,mlp,embedding
6927,69280,NaN,NaN,NaN,NaN,0.006314092315733433,99.87247467041016,1.0063340663909912,mlp,embedding
6928,69290,NaN,NaN,NaN,NaN,0.005939743015915155,99.91497802734375,1.0059573650360107,mlp,embedding
6929,69300,NaN,NaN,NaN,NaN,0.005608453415334225,99.91497802734375,1.0056241750717163,mlp,embedding
6930,69310,NaN,NaN,NaN,NaN,0.005297517403960228,99.91497802734375,1.0053116083145142,mlp,embedding
6931,69320,NaN,NaN,NaN,NaN,0.005027308128774166,99.91497802734375,1.005039930343628,mlp,embedding
6932,69330,NaN,NaN,NaN,NaN,0.004761500284075737,99.91497802734375,1.0047729015350342,mlp,embedding
6933,69340,NaN,NaN,NaN,NaN,0.0045107207261025906,99.91497802734375,1.0045208930969238,mlp,embedding
6934,69350,NaN,NaN,NaN,NaN,0.004276540130376816,99.91497802734375,1.0042856931686401,mlp,embedding
6935,69360,NaN,NaN,NaN,NaN,0.004072926007211208,99.91497802734375,1.0040812492370605,mlp,embedding
6936,69370,NaN,NaN,NaN,NaN,0.0038637921679764986,99.91497802734375,1.0038713216781616,mlp,embedding
6937,69380,NaN,NaN,NaN,NaN,0.003669360652565956,99.97874450683594,1.0036760568618774,mlp,embedding
6938,69390,NaN,NaN,NaN,NaN,0.00349247083067894,99.97874450683594,1.0034985542297363,mlp,embedding
6939,69400,NaN,NaN,NaN,NaN,0.00331133627332747,99.97874450683594,1.003316879272461,mlp,embedding
6940,69410,NaN,NaN,NaN,NaN,0.0031472058035433292,99.97874450683594,1.0031521320343018,mlp,embedding
6941,69420,NaN,NaN,NaN,NaN,0.003001833101734519,99.97874450683594,1.0030063390731812,mlp,embedding
6942,69430,NaN,NaN,NaN,NaN,0.0028556562028825283,99.97874450683594,1.0028597116470337,mlp,embedding
6943,69440,NaN,NaN,NaN,NaN,0.0027143177576363087,99.97874450683594,1.0027179718017578,mlp,embedding
6944,69450,NaN,NaN,NaN,NaN,0.002575655933469534,99.97874450683594,1.0025789737701416,mlp,embedding
6945,69460,NaN,NaN,NaN,NaN,0.0024401715490967035,99.97874450683594,1.0024431943893433,mlp,embedding
6946,69470,NaN,NaN,NaN,NaN,0.0023012845776975155,99.97874450683594,1.002303957939148,mlp,embedding
6947,69480,NaN,NaN,NaN,NaN,0.002183342119678855,99.97874450683594,1.0021857023239136,mlp,embedding
6948,69490,NaN,NaN,NaN,NaN,0.0020763047505170107,99.97874450683594,1.0020784139633179,mlp,embedding
6949,69500,NaN,NaN,NaN,NaN,0.001961825415492058,99.97874450683594,1.00196373462677,mlp,embedding
6950,69510,NaN,NaN,NaN,NaN,0.0018552058609202504,99.97874450683594,1.0018569231033325,mlp,embedding
6951,69520,NaN,NaN,NaN,NaN,0.0017519172979518771,99.97874450683594,1.0017534494400024,mlp,embedding
6952,69530,NaN,NaN,NaN,NaN,0.0016527054831385612,99.97874450683594,1.001654028892517,mlp,embedding
6953,69540,NaN,NaN,NaN,NaN,0.0015654725721105933,99.97874450683594,1.0015666484832764,mlp,embedding
6954,69550,NaN,NaN,NaN,NaN,0.0014799479395151138,99.97874450683594,1.001481056213379,mlp,embedding
6955,69560,NaN,NaN,NaN,NaN,0.001391747733578086,99.97874450683594,1.0013927221298218,mlp,embedding
6956,69570,NaN,NaN,NaN,NaN,0.0013119173236191273,99.97874450683594,1.0013127326965332,mlp,embedding
6957,69580,NaN,NaN,NaN,NaN,0.0012364020803943276,99.97874450683594,1.001237154006958,mlp,embedding
6958,69590,NaN,NaN,NaN,NaN,0.001155755016952753,99.97874450683594,1.0011564493179321,mlp,embedding
6959,69600,NaN,NaN,NaN,NaN,0.0010798685252666473,99.97874450683594,1.0010803937911987,mlp,embedding
6960,69610,NaN,NaN,NaN,NaN,0.0010058762272819877,99.97874450683594,1.0010063648223877,mlp,embedding
6961,69620,NaN,NaN,NaN,NaN,0.000944398227147758,100.0,1.0009448528289795,mlp,embedding
6962,69630,NaN,NaN,NaN,NaN,0.0008796423207968473,100.0,1.0008800029754639,mlp,embedding
6963,69640,NaN,NaN,NaN,NaN,0.0008268101373687387,100.0,1.0008271932601929,mlp,embedding
6964,69650,NaN,NaN,NaN,NaN,0.0007749065989628434,100.0,1.0007752180099487,mlp,embedding
6965,69660,NaN,NaN,NaN,NaN,0.000722982338629663,100.0,1.0007232427597046,mlp,embedding
6966,69670,NaN,NaN,NaN,NaN,0.0006724678678438067,100.0,1.000672698020935,mlp,embedding
6967,69680,NaN,NaN,NaN,NaN,0.0006319722742773592,100.0,1.0006321668624878,mlp,embedding
6968,69690,NaN,NaN,NaN,NaN,0.0005891130422241986,100.0,1.0005892515182495,mlp,embedding
6969,69700,NaN,NaN,NaN,NaN,0.0005491499905474484,100.0,1.00054931640625,mlp,embedding
6970,69710,NaN,NaN,NaN,NaN,0.0005103814764879644,100.0,1.0005104541778564,mlp,embedding
6971,69720,NaN,NaN,NaN,NaN,0.0004771198146045208,100.0,1.0004771947860718,mlp,embedding
6972,69730,NaN,NaN,NaN,NaN,0.00044929637806490064,100.0,1.0004494190216064,mlp,embedding
6973,69740,NaN,NaN,NaN,NaN,0.0004210222396068275,100.0,1.000421166419983,mlp,embedding
6974,69750,NaN,NaN,NaN,NaN,0.0003941297472920269,100.0,1.0003942251205444,mlp,embedding
6975,69760,NaN,NaN,NaN,NaN,0.0003688473952934146,100.0,1.0003689527511597,mlp,embedding
6976,69770,NaN,NaN,NaN,NaN,0.00034528604010120034,100.0,1.0003453493118286,mlp,embedding
6977,69780,NaN,NaN,NaN,NaN,0.0003247121348977089,100.0,1.0003247261047363,mlp,embedding
6978,69790,NaN,NaN,NaN,NaN,0.00030532796517945826,100.0,1.000305414199829,mlp,embedding
6979,69800,NaN,NaN,NaN,NaN,0.0002836147614289075,100.0,1.0002835988998413,mlp,embedding
6980,69810,NaN,NaN,NaN,NaN,0.0002686789375729859,100.0,1.0002686977386475,mlp,embedding
6981,69820,NaN,NaN,NaN,NaN,0.0002546526666264981,100.0,1.0002546310424805,mlp,embedding
6982,69830,NaN,NaN,NaN,NaN,0.0002386868727626279,100.0,1.0002386569976807,mlp,embedding
6983,69840,NaN,NaN,NaN,NaN,0.00021878504776395857,100.0,1.0002188682556152,mlp,embedding
6984,69850,5.582621724897763e-06,100.0,1.0000056028366089,0.001,0.00020772387506440282,100.0,1.000207781791687,mlp,embedding
6985,69860,NaN,NaN,NaN,NaN,0.00019629232701845467,100.0,1.0001963376998901,mlp,embedding
6986,69870,NaN,NaN,NaN,NaN,0.00018551731773186475,100.0,1.000185489654541,mlp,embedding
6987,69880,NaN,NaN,NaN,NaN,0.0001716952829156071,100.0,1.0001716613769531,mlp,embedding
6988,69890,NaN,NaN,NaN,NaN,0.0001605599682079628,100.0,1.000160574913025,mlp,embedding
6989,69900,NaN,NaN,NaN,NaN,0.0001517274067737162,100.0,1.0001517534255981,mlp,embedding
6990,69910,NaN,NaN,NaN,NaN,0.00014327238022815436,100.0,1.00014328956604,mlp,embedding
6991,69920,NaN,NaN,NaN,NaN,0.00013248038885649294,100.0,1.000132441520691,mlp,embedding
6992,69930,NaN,NaN,NaN,NaN,0.00012348427844699472,100.0,1.0001235008239746,mlp,embedding
6993,69940,NaN,NaN,NaN,NaN,0.00011454128980403766,100.0,1.0001145601272583,mlp,embedding
6994,69950,NaN,NaN,NaN,NaN,0.0001066621407517232,100.0,1.000106692314148,mlp,embedding
6995,69960,NaN,NaN,NaN,NaN,0.00010072723671328276,100.0,1.0001007318496704,mlp,embedding
6996,69970,NaN,NaN,NaN,NaN,9.502729517407715e-05,100.0,1.000095009803772,mlp,embedding
6997,69980,NaN,NaN,NaN,NaN,8.935097139328718e-05,100.0,1.000089406967163,mlp,embedding
6998,69990,NaN,NaN,NaN,NaN,8.370894647669047e-05,100.0,1.0000836849212646,mlp,embedding
6999,70000,NaN,NaN,NaN,NaN,7.778294093441218e-05,100.0,1.0000778436660767,mlp,embedding
7000,70010,NaN,NaN,NaN,NaN,7.319865835597739e-05,100.0,1.0000731945037842,mlp,embedding
7001,70020,NaN,NaN,NaN,NaN,6.824121373938397e-05,100.0,1.000068187713623,mlp,embedding
7002,70030,NaN,NaN,NaN,NaN,6.43689272692427e-05,100.0,1.0000643730163574,mlp,embedding
7003,70040,NaN,NaN,NaN,NaN,6.093764750403352e-05,100.0,1.0000609159469604,mlp,embedding
7004,70050,NaN,NaN,NaN,NaN,5.737219544243999e-05,100.0,1.000057339668274,mlp,embedding
7005,70060,NaN,NaN,NaN,NaN,5.3891068091616035e-05,100.0,1.000053882598877,mlp,embedding
7006,70070,NaN,NaN,NaN,NaN,5.0714443204924464e-05,100.0,1.000050663948059,mlp,embedding
7007,70080,NaN,NaN,NaN,NaN,4.786780118593015e-05,100.0,1.0000479221343994,mlp,embedding
7008,70090,NaN,NaN,NaN,NaN,4.5380576921161264e-05,100.0,1.0000454187393188,mlp,embedding
7009,70100,NaN,NaN,NaN,NaN,4.1887258703354746e-05,100.0,1.0000418424606323,mlp,embedding
7010,70110,NaN,NaN,NaN,NaN,3.9442711567971855e-05,100.0,1.0000394582748413,mlp,embedding
7011,70120,NaN,NaN,NaN,NaN,3.7605037505272776e-05,100.0,1.0000375509262085,mlp,embedding
7012,70130,NaN,NaN,NaN,NaN,3.565841689123772e-05,100.0,1.0000356435775757,mlp,embedding
7013,70140,NaN,NaN,NaN,NaN,3.302827462903224e-05,100.0,1.0000330209732056,mlp,embedding
7014,70150,NaN,NaN,NaN,NaN,3.054075568797998e-05,100.0,1.000030517578125,mlp,embedding
7015,70160,NaN,NaN,NaN,NaN,2.8397103960742243e-05,100.0,1.000028371810913,mlp,embedding
7016,70170,NaN,NaN,NaN,NaN,2.7412441340857185e-05,100.0,1.0000274181365967,mlp,embedding
7017,70180,NaN,NaN,NaN,NaN,2.5394281692570075e-05,100.0,1.0000253915786743,mlp,embedding
7018,70190,NaN,NaN,NaN,NaN,2.3516404326073825e-05,100.0,1.0000234842300415,mlp,embedding
7019,70200,NaN,NaN,NaN,NaN,2.242864138679579e-05,100.0,1.0000224113464355,mlp,embedding
7020,70210,NaN,NaN,NaN,NaN,2.2037354938220233e-05,100.0,1.000022053718567,mlp,embedding
7021,70220,NaN,NaN,NaN,NaN,2.051023875537794e-05,100.0,1.0000205039978027,mlp,embedding
7022,70230,NaN,NaN,NaN,NaN,1.8479737263987772e-05,100.0,1.0000184774398804,mlp,embedding
7023,70240,NaN,NaN,NaN,NaN,1.864725891209673e-05,100.0,1.00001859664917,mlp,embedding
7024,70250,NaN,NaN,NaN,NaN,1.6890911865630187e-05,100.0,1.0000169277191162,mlp,embedding
7025,70260,NaN,NaN,NaN,NaN,1.6416088328696787e-05,100.0,1.000016450881958,mlp,embedding
7026,70270,NaN,NaN,NaN,NaN,1.5199609151750337e-05,100.0,1.0000152587890625,mlp,embedding
7027,70280,NaN,NaN,NaN,NaN,1.4606601325795054e-05,100.0,1.0000146627426147,mlp,embedding
7028,70290,NaN,NaN,NaN,NaN,1.3510231838154141e-05,100.0,1.0000134706497192,mlp,embedding
7029,70300,NaN,NaN,NaN,NaN,1.2702365893346723e-05,100.0,1.000012755393982,mlp,embedding
7030,70310,NaN,NaN,NaN,NaN,1.2573328604048584e-05,100.0,1.0000125169754028,mlp,embedding
7031,70320,NaN,NaN,NaN,NaN,1.2563815289468039e-05,100.0,1.0000125169754028,mlp,embedding
7032,70330,NaN,NaN,NaN,NaN,1.113020880438853e-05,100.0,1.0000110864639282,mlp,embedding
7033,70340,NaN,NaN,NaN,NaN,1.1041334801120684e-05,100.0,1.0000110864639282,mlp,embedding
7034,70350,NaN,NaN,NaN,NaN,1.1338509466440883e-05,100.0,1.0000113248825073,mlp,embedding
7035,70360,NaN,NaN,NaN,NaN,1.0954640856652986e-05,100.0,1.0000109672546387,mlp,embedding
7036,70370,NaN,NaN,NaN,NaN,1.0991344424837735e-05,100.0,1.0000109672546387,mlp,embedding
7037,70380,NaN,NaN,NaN,NaN,1.0622970876283944e-05,100.0,1.00001060962677,mlp,embedding
7038,70390,NaN,NaN,NaN,NaN,1.003761099127587e-05,100.0,1.0000100135803223,mlp,embedding
7039,70400,NaN,NaN,NaN,NaN,1.0551743798714597e-05,100.0,1.00001060962677,mlp,embedding
7040,70410,NaN,NaN,NaN,NaN,1.0582760296529159e-05,100.0,1.00001060962677,mlp,embedding
7041,70420,NaN,NaN,NaN,NaN,9.920842785504647e-06,100.0,1.0000098943710327,mlp,embedding
7042,70430,NaN,NaN,NaN,NaN,9.970925930247176e-06,100.0,1.0000100135803223,mlp,embedding
7043,70440,NaN,NaN,NaN,NaN,1.67140915436903e-05,100.0,1.000016689300537,mlp,embedding
7044,70450,NaN,NaN,NaN,NaN,4.382440238259733e-05,100.0,1.0000438690185547,mlp,embedding
7045,70460,NaN,NaN,NaN,NaN,0.4987630546092987,89.07544708251953,1.6466830968856812,mlp,embedding
7046,70470,NaN,NaN,NaN,NaN,0.11397626996040344,96.62061309814453,1.1207255125045776,mlp,embedding
7047,70480,NaN,NaN,NaN,NaN,0.02146717719733715,99.34112548828125,1.02169930934906,mlp,embedding
7048,70490,NaN,NaN,NaN,NaN,0.014181670732796192,99.63867950439453,1.0142827033996582,mlp,embedding
7049,70500,NaN,NaN,NaN,NaN,0.011241878382861614,99.78746032714844,1.011305332183838,mlp,embedding
7050,70510,NaN,NaN,NaN,NaN,0.0063128480687737465,99.91497802734375,1.0063328742980957,mlp,embedding
7051,70520,NaN,NaN,NaN,NaN,0.004944954067468643,99.93623352050781,1.0049571990966797,mlp,embedding
7052,70530,NaN,NaN,NaN,NaN,0.004299249034374952,99.93623352050781,1.0043084621429443,mlp,embedding
7053,70540,0.0003009365755133331,100.0,1.0003010034561157,0.001,0.003920345101505518,99.93623352050781,1.0039280652999878,mlp,embedding
7054,70550,NaN,NaN,NaN,NaN,0.0036680183839052916,99.93623352050781,1.0036747455596924,mlp,embedding
7055,70560,NaN,NaN,NaN,NaN,0.0034585236571729183,99.93623352050781,1.0034644603729248,mlp,embedding
7056,70570,NaN,NaN,NaN,NaN,0.0032739208545535803,99.95748901367188,1.0032793283462524,mlp,embedding
7057,70580,NaN,NaN,NaN,NaN,0.003113111713901162,99.95748901367188,1.0031179189682007,mlp,embedding
7058,70590,NaN,NaN,NaN,NaN,0.0029600325506180525,99.95748901367188,1.0029643774032593,mlp,embedding
7059,70600,NaN,NaN,NaN,NaN,0.0028154016472399235,99.95748901367188,1.0028194189071655,mlp,embedding
7060,70610,NaN,NaN,NaN,NaN,0.002666517160832882,99.95748901367188,1.0026700496673584,mlp,embedding
7061,70620,NaN,NaN,NaN,NaN,0.0025311654899269342,99.95748901367188,1.0025343894958496,mlp,embedding
7062,70630,NaN,NaN,NaN,NaN,0.0024008594918996096,99.95748901367188,1.002403736114502,mlp,embedding
7063,70640,NaN,NaN,NaN,NaN,0.0022887359373271465,99.95748901367188,1.0022913217544556,mlp,embedding
7064,70650,NaN,NaN,NaN,NaN,0.002157939597964287,99.95748901367188,1.0021603107452393,mlp,embedding
7065,70660,NaN,NaN,NaN,NaN,0.0020436765626072884,99.95748901367188,1.002045750617981,mlp,embedding
7066,70670,NaN,NaN,NaN,NaN,0.0019518962362781167,99.95748901367188,1.0019538402557373,mlp,embedding
7067,70680,NaN,NaN,NaN,NaN,0.0018438856350257993,99.95748901367188,1.0018455982208252,mlp,embedding
7068,70690,NaN,NaN,NaN,NaN,0.001736363279633224,99.95748901367188,1.0017378330230713,mlp,embedding
7069,70700,NaN,NaN,NaN,NaN,0.0016410538228228688,99.95748901367188,1.0016423463821411,mlp,embedding
7070,70710,NaN,NaN,NaN,NaN,0.0015465065371245146,99.95748901367188,1.0015476942062378,mlp,embedding
7071,70720,NaN,NaN,NaN,NaN,0.0014737430028617382,99.95748901367188,1.0014748573303223,mlp,embedding
7072,70730,NaN,NaN,NaN,NaN,0.0014051146572455764,99.95748901367188,1.0014060735702515,mlp,embedding
7073,70740,NaN,NaN,NaN,NaN,0.0013294105883687735,99.95748901367188,1.0013302564620972,mlp,embedding
7074,70750,NaN,NaN,NaN,NaN,0.001239432254806161,99.95748901367188,1.0012402534484863,mlp,embedding
7075,70760,NaN,NaN,NaN,NaN,0.0011564019368961453,99.95748901367188,1.0011570453643799,mlp,embedding
7076,70770,NaN,NaN,NaN,NaN,0.0010681790299713612,99.95748901367188,1.0010687112808228,mlp,embedding
7077,70780,NaN,NaN,NaN,NaN,0.0009963312186300755,99.95748901367188,1.0009968280792236,mlp,embedding
7078,70790,NaN,NaN,NaN,NaN,0.0009243206004612148,99.95748901367188,1.0009247064590454,mlp,embedding
7079,70800,NaN,NaN,NaN,NaN,0.0008702549966983497,99.95748901367188,1.0008705854415894,mlp,embedding
7080,70810,NaN,NaN,NaN,NaN,0.0008075482910498977,99.95748901367188,1.0008078813552856,mlp,embedding
7081,70820,NaN,NaN,NaN,NaN,0.0007532094605267048,99.95748901367188,1.0007535219192505,mlp,embedding
7082,70830,NaN,NaN,NaN,NaN,0.000697427662089467,99.97874450683594,1.0006976127624512,mlp,embedding
7083,70840,NaN,NaN,NaN,NaN,0.0006301490357145667,99.97874450683594,1.0006303787231445,mlp,embedding
7084,70850,NaN,NaN,NaN,NaN,0.0005828466964885592,99.97874450683594,1.0005830526351929,mlp,embedding
7085,70860,NaN,NaN,NaN,NaN,0.0005388763383962214,99.97874450683594,1.0005390644073486,mlp,embedding
7086,70870,NaN,NaN,NaN,NaN,0.0004896407481282949,99.97874450683594,1.0004897117614746,mlp,embedding
7087,70880,NaN,NaN,NaN,NaN,0.0004402860358823091,99.97874450683594,1.0004403591156006,mlp,embedding
7088,70890,NaN,NaN,NaN,NaN,0.0004031399148516357,100.0,1.0004031658172607,mlp,embedding
7089,70900,NaN,NaN,NaN,NaN,0.0003664580872282386,100.0,1.0003665685653687,mlp,embedding
7090,70910,NaN,NaN,NaN,NaN,0.0003350066253915429,100.0,1.0003350973129272,mlp,embedding
7091,70920,NaN,NaN,NaN,NaN,0.0003024274483323097,100.0,1.0003024339675903,mlp,embedding
7092,70930,NaN,NaN,NaN,NaN,0.0002753284352365881,100.0,1.0002753734588623,mlp,embedding
7093,70940,NaN,NaN,NaN,NaN,0.0002528107143007219,100.0,1.0002528429031372,mlp,embedding
7094,70950,NaN,NaN,NaN,NaN,0.0002281417982885614,100.0,1.0002281665802002,mlp,embedding
7095,70960,NaN,NaN,NaN,NaN,0.00020921633404213935,100.0,1.0002092123031616,mlp,embedding
7096,70970,NaN,NaN,NaN,NaN,0.0001875266170827672,100.0,1.0001875162124634,mlp,embedding
7097,70980,NaN,NaN,NaN,NaN,0.00016928369586821645,100.0,1.000169277191162,mlp,embedding
7098,70990,NaN,NaN,NaN,NaN,0.00015164175420068204,100.0,1.0001516342163086,mlp,embedding
7099,71000,NaN,NaN,NaN,NaN,0.0001376341242576018,100.0,1.0001376867294312,mlp,embedding
7100,71010,NaN,NaN,NaN,NaN,0.000125753678730689,100.0,1.000125765800476,mlp,embedding
7101,71020,NaN,NaN,NaN,NaN,0.00011488929158076644,100.0,1.000114917755127,mlp,embedding
7102,71030,NaN,NaN,NaN,NaN,0.0001063573217834346,100.0,1.0001063346862793,mlp,embedding
7103,71040,NaN,NaN,NaN,NaN,9.873031376628205e-05,100.0,1.000098705291748,mlp,embedding
7104,71050,NaN,NaN,NaN,NaN,9.131154365604743e-05,100.0,1.000091314315796,mlp,embedding
7105,71060,NaN,NaN,NaN,NaN,8.498757233610377e-05,100.0,1.0000849962234497,mlp,embedding
7106,71070,NaN,NaN,NaN,NaN,7.907413964858279e-05,100.0,1.0000790357589722,mlp,embedding
7107,71080,NaN,NaN,NaN,NaN,7.223935972433537e-05,100.0,1.0000722408294678,mlp,embedding
7108,71090,NaN,NaN,NaN,NaN,6.68204011162743e-05,100.0,1.000066876411438,mlp,embedding
7109,71100,NaN,NaN,NaN,NaN,6.245017721084878e-05,100.0,1.0000624656677246,mlp,embedding
7110,71110,NaN,NaN,NaN,NaN,5.7929177273763344e-05,100.0,1.0000579357147217,mlp,embedding
7111,71120,NaN,NaN,NaN,NaN,5.5665379477432e-05,100.0,1.0000556707382202,mlp,embedding
7112,71130,NaN,NaN,NaN,NaN,5.3345338528743014e-05,100.0,1.0000534057617188,mlp,embedding
7113,71140,NaN,NaN,NaN,NaN,4.9099828174803406e-05,100.0,1.000049114227295,mlp,embedding
7114,71150,NaN,NaN,NaN,NaN,4.625360816135071e-05,100.0,1.0000462532043457,mlp,embedding
7115,71160,NaN,NaN,NaN,NaN,4.247540346113965e-05,100.0,1.00004243850708,mlp,embedding
7116,71170,NaN,NaN,NaN,NaN,4.055329191032797e-05,100.0,1.0000405311584473,mlp,embedding
7117,71180,NaN,NaN,NaN,NaN,3.830149580608122e-05,100.0,1.0000382661819458,mlp,embedding
7118,71190,NaN,NaN,NaN,NaN,3.6328969144960865e-05,100.0,1.000036358833313,mlp,embedding
7119,71200,NaN,NaN,NaN,NaN,3.456823469605297e-05,100.0,1.0000345706939697,mlp,embedding
7120,71210,NaN,NaN,NaN,NaN,3.13227174046915e-05,100.0,1.0000313520431519,mlp,embedding
7121,71220,NaN,NaN,NaN,NaN,3.069770900765434e-05,100.0,1.000030755996704,mlp,embedding
7122,71230,NaN,NaN,NaN,NaN,2.8552090952871367e-05,100.0,1.0000286102294922,mlp,embedding
7123,71240,1.5241989785863552e-06,100.0,1.0000015497207642,0.001,2.6751749828690663e-05,100.0,1.0000267028808594,mlp,embedding
7124,71250,NaN,NaN,NaN,NaN,2.5750579879968427e-05,100.0,1.000025749206543,mlp,embedding
7125,71260,NaN,NaN,NaN,NaN,2.344787571928464e-05,100.0,1.0000234842300415,mlp,embedding
7126,71270,NaN,NaN,NaN,NaN,2.3310494725592434e-05,100.0,1.000023365020752,mlp,embedding
7127,71280,NaN,NaN,NaN,NaN,2.1832611309946515e-05,100.0,1.0000218152999878,mlp,embedding
7128,71290,NaN,NaN,NaN,NaN,2.060034057649318e-05,100.0,1.0000206232070923,mlp,embedding
7129,71300,NaN,NaN,NaN,NaN,1.969224467757158e-05,100.0,1.0000196695327759,mlp,embedding
7130,71310,NaN,NaN,NaN,NaN,1.8743656255537644e-05,100.0,1.0000187158584595,mlp,embedding
7131,71320,NaN,NaN,NaN,NaN,1.791668364603538e-05,100.0,1.0000178813934326,mlp,embedding
7132,71330,NaN,NaN,NaN,NaN,1.7074940842576325e-05,100.0,1.0000170469284058,mlp,embedding
7133,71340,NaN,NaN,NaN,NaN,1.6447585949208587e-05,100.0,1.000016450881958,mlp,embedding
7134,71350,NaN,NaN,NaN,NaN,1.5400171832880005e-05,100.0,1.000015377998352,mlp,embedding
7135,71360,NaN,NaN,NaN,NaN,1.503276052972069e-05,100.0,1.0000150203704834,mlp,embedding
7136,71370,NaN,NaN,NaN,NaN,1.4141593055683188e-05,100.0,1.0000141859054565,mlp,embedding
7137,71380,NaN,NaN,NaN,NaN,1.4005694538354874e-05,100.0,1.0000139474868774,mlp,embedding
7138,71390,NaN,NaN,NaN,NaN,1.2895930012746248e-05,100.0,1.0000128746032715,mlp,embedding
7139,71400,NaN,NaN,NaN,NaN,1.3580276572611183e-05,100.0,1.0000135898590088,mlp,embedding
7140,71410,NaN,NaN,NaN,NaN,1.1967170394200366e-05,100.0,1.000011920928955,mlp,embedding
7141,71420,NaN,NaN,NaN,NaN,1.2016223990940489e-05,100.0,1.0000120401382446,mlp,embedding
7142,71430,NaN,NaN,NaN,NaN,1.1313109098409768e-05,100.0,1.0000113248825073,mlp,embedding
7143,71440,NaN,NaN,NaN,NaN,1.0812793334480375e-05,100.0,1.0000108480453491,mlp,embedding
7144,71450,NaN,NaN,NaN,NaN,1.0680130799300969e-05,100.0,1.0000107288360596,mlp,embedding
7145,71460,NaN,NaN,NaN,NaN,9.998508176067844e-06,100.0,1.0000100135803223,mlp,embedding
7146,71470,NaN,NaN,NaN,NaN,9.532275726087391e-06,100.0,1.000009536743164,mlp,embedding
7147,71480,NaN,NaN,NaN,NaN,9.44512339629e-06,100.0,1.0000094175338745,mlp,embedding
7148,71490,NaN,NaN,NaN,NaN,9.211616088578012e-06,100.0,1.0000091791152954,mlp,embedding
7149,71500,NaN,NaN,NaN,NaN,8.744663318793755e-06,100.0,1.0000087022781372,mlp,embedding
7150,71510,NaN,NaN,NaN,NaN,8.737983080209233e-06,100.0,1.0000087022781372,mlp,embedding
7151,71520,NaN,NaN,NaN,NaN,7.791303687554318e-06,100.0,1.0000077486038208,mlp,embedding
7152,71530,NaN,NaN,NaN,NaN,7.88079523772467e-06,100.0,1.0000078678131104,mlp,embedding
7153,71540,NaN,NaN,NaN,NaN,7.991470738488715e-06,100.0,1.0000079870224,mlp,embedding
7154,71550,NaN,NaN,NaN,NaN,7.081700914568501e-06,100.0,1.0000070333480835,mlp,embedding
7155,71560,NaN,NaN,NaN,NaN,7.424089289997937e-06,100.0,1.0000073909759521,mlp,embedding
7156,71570,NaN,NaN,NaN,NaN,7.253041985677555e-06,100.0,1.0000072717666626,mlp,embedding
7157,71580,NaN,NaN,NaN,NaN,7.2166403697337955e-06,100.0,1.0000072717666626,mlp,embedding
7158,71590,NaN,NaN,NaN,NaN,7.518309757870156e-06,100.0,1.0000075101852417,mlp,embedding
7159,71600,NaN,NaN,NaN,NaN,6.686899268970592e-06,100.0,1.0000066757202148,mlp,embedding
7160,71610,NaN,NaN,NaN,NaN,9.103930096898694e-06,100.0,1.0000090599060059,mlp,embedding
7161,71620,NaN,NaN,NaN,NaN,1.002044700726401e-05,100.0,1.0000100135803223,mlp,embedding
7162,71630,NaN,NaN,NaN,NaN,6.075360488466686e-06,100.0,1.000006079673767,mlp,embedding
7163,71640,NaN,NaN,NaN,NaN,8.663315384183079e-06,100.0,1.0000087022781372,mlp,embedding
7164,71650,NaN,NaN,NaN,NaN,6.300793302216334e-06,100.0,1.0000063180923462,mlp,embedding
7165,71660,NaN,NaN,NaN,NaN,0.7900170087814331,82.84803009033203,2.2034339904785156,mlp,embedding
7166,71670,NaN,NaN,NaN,NaN,0.6458331346511841,83.80445861816406,1.9075756072998047,mlp,embedding
7167,71680,NaN,NaN,NaN,NaN,0.12817028164863586,95.6641845703125,1.1367465257644653,mlp,embedding
7168,71690,NaN,NaN,NaN,NaN,0.029066985473036766,98.93730163574219,1.0294935703277588,mlp,embedding
7169,71700,NaN,NaN,NaN,NaN,0.011040104553103447,99.68119049072266,1.011101245880127,mlp,embedding
7170,71710,NaN,NaN,NaN,NaN,0.006066811271011829,99.89373016357422,1.0060852766036987,mlp,embedding
7171,71720,NaN,NaN,NaN,NaN,0.004012797959148884,99.95748901367188,1.0040208101272583,mlp,embedding
7172,71730,NaN,NaN,NaN,NaN,0.003087082412093878,99.95748901367188,1.003091812133789,mlp,embedding
7173,71740,NaN,NaN,NaN,NaN,0.0025848636869341135,99.95748901367188,1.002588152885437,mlp,embedding
7174,71750,NaN,NaN,NaN,NaN,0.0022638440132141113,99.95748901367188,1.0022664070129395,mlp,embedding
7175,71760,NaN,NaN,NaN,NaN,0.002052960218861699,99.95748901367188,1.002055048942566,mlp,embedding
7176,71770,NaN,NaN,NaN,NaN,0.0018781963735818863,99.95748901367188,1.0018799304962158,mlp,embedding
7177,71780,NaN,NaN,NaN,NaN,0.0017434979090467095,99.95748901367188,1.0017449855804443,mlp,embedding
7178,71790,NaN,NaN,NaN,NaN,0.0016315022949129343,100.0,1.001632809638977,mlp,embedding
7179,71800,NaN,NaN,NaN,NaN,0.0015340661630034447,100.0,1.0015352964401245,mlp,embedding
7180,71810,NaN,NaN,NaN,NaN,0.0014422547537833452,100.0,1.0014432668685913,mlp,embedding
7181,71820,NaN,NaN,NaN,NaN,0.0013521184446290135,100.0,1.0013530254364014,mlp,embedding
7182,71830,NaN,NaN,NaN,NaN,0.0012744549894705415,100.0,1.0012753009796143,mlp,embedding
7183,71840,NaN,NaN,NaN,NaN,0.0012027639895677567,100.0,1.0012035369873047,mlp,embedding
7184,71850,NaN,NaN,NaN,NaN,0.0011324583319947124,100.0,1.0011330842971802,mlp,embedding
7185,71860,NaN,NaN,NaN,NaN,0.0010676534147933125,100.0,1.0010682344436646,mlp,embedding
7186,71870,NaN,NaN,NaN,NaN,0.0010063062654808164,100.0,1.001006841659546,mlp,embedding
7187,71880,NaN,NaN,NaN,NaN,0.0009450482903048396,100.0,1.0009454488754272,mlp,embedding
7188,71890,NaN,NaN,NaN,NaN,0.0008876665960997343,100.0,1.0008881092071533,mlp,embedding
7189,71900,NaN,NaN,NaN,NaN,0.0008316634921357036,100.0,1.000831961631775,mlp,embedding
7190,71910,NaN,NaN,NaN,NaN,0.0007797337020747364,100.0,1.0007799863815308,mlp,embedding
7191,71920,NaN,NaN,NaN,NaN,0.0007293667295016348,100.0,1.0007296800613403,mlp,embedding
7192,71930,NaN,NaN,NaN,NaN,0.0006838453700765967,100.0,1.0006840229034424,mlp,embedding
7193,71940,NaN,NaN,NaN,NaN,0.0006389910122379661,100.0,1.0006392002105713,mlp,embedding
7194,71950,6.966950604692101e-05,100.0,1.0000696182250977,0.001,0.0005958733963780105,100.0,1.000596046447754,mlp,embedding
7195,71960,NaN,NaN,NaN,NaN,0.0005570909706875682,100.0,1.00055730342865,mlp,embedding
7196,71970,NaN,NaN,NaN,NaN,0.0005218429141677916,100.0,1.0005220174789429,mlp,embedding
7197,71980,NaN,NaN,NaN,NaN,0.0004890616983175278,100.0,1.0004892349243164,mlp,embedding
7198,71990,NaN,NaN,NaN,NaN,0.00045817342470400035,100.0,1.0004582405090332,mlp,embedding
7199,72000,NaN,NaN,NaN,NaN,0.0004290574579499662,100.0,1.0004291534423828,mlp,embedding
7200,72010,NaN,NaN,NaN,NaN,0.0004036583413835615,100.0,1.0004037618637085,mlp,embedding
7201,72020,NaN,NaN,NaN,NaN,0.00037852837704122066,100.0,1.0003786087036133,mlp,embedding
7202,72030,NaN,NaN,NaN,NaN,0.00035439294879324734,100.0,1.0003544092178345,mlp,embedding
7203,72040,NaN,NaN,NaN,NaN,0.0003307119768578559,100.0,1.0003308057785034,mlp,embedding
7204,72050,NaN,NaN,NaN,NaN,0.0003092748811468482,100.0,1.0003093481063843,mlp,embedding
7205,72060,NaN,NaN,NaN,NaN,0.0002897361700888723,100.0,1.000289797782898,mlp,embedding
7206,72070,NaN,NaN,NaN,NaN,0.0002713993308134377,100.0,1.0002714395523071,mlp,embedding
7207,72080,NaN,NaN,NaN,NaN,0.00025527915568090975,100.0,1.0002553462982178,mlp,embedding
7208,72090,NaN,NaN,NaN,NaN,0.00023977416276466101,100.0,1.0002398490905762,mlp,embedding
7209,72100,NaN,NaN,NaN,NaN,0.00022535354946739972,100.0,1.0002254247665405,mlp,embedding
7210,72110,NaN,NaN,NaN,NaN,0.0002113713271683082,100.0,1.0002113580703735,mlp,embedding
7211,72120,NaN,NaN,NaN,NaN,0.000197847475646995,100.0,1.0001978874206543,mlp,embedding
7212,72130,NaN,NaN,NaN,NaN,0.0001853606227086857,100.0,1.0001853704452515,mlp,embedding
7213,72140,NaN,NaN,NaN,NaN,0.0001728901988826692,100.0,1.0001728534698486,mlp,embedding
7214,72150,NaN,NaN,NaN,NaN,0.00016252684872597456,100.0,1.0001624822616577,mlp,embedding
7215,72160,NaN,NaN,NaN,NaN,0.0001529352884972468,100.0,1.0001529455184937,mlp,embedding
7216,72170,NaN,NaN,NaN,NaN,0.00014385646500159055,100.0,1.0001438856124878,mlp,embedding
7217,72180,NaN,NaN,NaN,NaN,0.00013481343921739608,100.0,1.000134825706482,mlp,embedding
7218,72190,NaN,NaN,NaN,NaN,0.00012635582243092358,100.0,1.0001263618469238,mlp,embedding
7219,72200,NaN,NaN,NaN,NaN,0.0001182968626380898,100.0,1.0001182556152344,mlp,embedding
7220,72210,NaN,NaN,NaN,NaN,0.00011033482587663457,100.0,1.000110387802124,mlp,embedding
7221,72220,NaN,NaN,NaN,NaN,0.00010356081475038081,100.0,1.0001035928726196,mlp,embedding
7222,72230,NaN,NaN,NaN,NaN,9.710930316941813e-05,100.0,1.0000971555709839,mlp,embedding
7223,72240,NaN,NaN,NaN,NaN,9.141537884715945e-05,100.0,1.0000914335250854,mlp,embedding
7224,72250,NaN,NaN,NaN,NaN,8.604797039879486e-05,100.0,1.0000860691070557,mlp,embedding
7225,72260,NaN,NaN,NaN,NaN,8.062949927989393e-05,100.0,1.0000805854797363,mlp,embedding
7226,72270,NaN,NaN,NaN,NaN,7.587356230942532e-05,100.0,1.0000758171081543,mlp,embedding
7227,72280,NaN,NaN,NaN,NaN,7.05741549609229e-05,100.0,1.000070571899414,mlp,embedding
7228,72290,NaN,NaN,NaN,NaN,6.623079389100894e-05,100.0,1.0000662803649902,mlp,embedding
7229,72300,NaN,NaN,NaN,NaN,6.197491165949032e-05,100.0,1.0000619888305664,mlp,embedding
7230,72310,NaN,NaN,NaN,NaN,5.8340647228760645e-05,100.0,1.0000582933425903,mlp,embedding
7231,72320,NaN,NaN,NaN,NaN,5.4480053222505376e-05,100.0,1.0000544786453247,mlp,embedding
7232,72330,NaN,NaN,NaN,NaN,5.092874926049262e-05,100.0,1.0000509023666382,mlp,embedding
7233,72340,NaN,NaN,NaN,NaN,4.846014780923724e-05,100.0,1.0000485181808472,mlp,embedding
7234,72350,NaN,NaN,NaN,NaN,4.569785960484296e-05,100.0,1.000045657157898,mlp,embedding
7235,72360,NaN,NaN,NaN,NaN,4.3113843275932595e-05,100.0,1.0000431537628174,mlp,embedding
7236,72370,NaN,NaN,NaN,NaN,4.052841541124508e-05,100.0,1.0000405311584473,mlp,embedding
7237,72380,NaN,NaN,NaN,NaN,3.84006452804897e-05,100.0,1.0000383853912354,mlp,embedding
7238,72390,NaN,NaN,NaN,NaN,3.618484697653912e-05,100.0,1.0000362396240234,mlp,embedding
7239,72400,NaN,NaN,NaN,NaN,3.427213232498616e-05,100.0,1.0000343322753906,mlp,embedding
7240,72410,NaN,NaN,NaN,NaN,3.218323763576336e-05,100.0,1.0000321865081787,mlp,embedding
7241,72420,NaN,NaN,NaN,NaN,3.062851101276465e-05,100.0,1.0000306367874146,mlp,embedding
7242,72430,NaN,NaN,NaN,NaN,2.8915765142301098e-05,100.0,1.0000289678573608,mlp,embedding
7243,72440,NaN,NaN,NaN,NaN,2.748162478383165e-05,100.0,1.0000275373458862,mlp,embedding
7244,72450,NaN,NaN,NaN,NaN,2.5995186661020853e-05,100.0,1.000025987625122,mlp,embedding
7245,72460,NaN,NaN,NaN,NaN,2.4539967853343114e-05,100.0,1.0000245571136475,mlp,embedding
7246,72470,NaN,NaN,NaN,NaN,2.339228922210168e-05,100.0,1.000023365020752,mlp,embedding
7247,72480,NaN,NaN,NaN,NaN,2.218942972831428e-05,100.0,1.0000221729278564,mlp,embedding
7248,72490,NaN,NaN,NaN,NaN,2.0844552636845037e-05,100.0,1.0000208616256714,mlp,embedding
7249,72500,NaN,NaN,NaN,NaN,1.964068360393867e-05,100.0,1.0000196695327759,mlp,embedding
7250,72510,NaN,NaN,NaN,NaN,1.8518909200793132e-05,100.0,1.0000184774398804,mlp,embedding
7251,72520,NaN,NaN,NaN,NaN,1.7618049241718836e-05,100.0,1.0000176429748535,mlp,embedding
7252,72530,NaN,NaN,NaN,NaN,1.670215351623483e-05,100.0,1.000016689300537,mlp,embedding
7253,72540,NaN,NaN,NaN,NaN,1.5726052879472263e-05,100.0,1.0000157356262207,mlp,embedding
7254,72550,NaN,NaN,NaN,NaN,1.4854643268336076e-05,100.0,1.0000149011611938,mlp,embedding
7255,72560,NaN,NaN,NaN,NaN,1.4103738067205995e-05,100.0,1.000014066696167,mlp,embedding
7256,72570,NaN,NaN,NaN,NaN,1.3423265045275912e-05,100.0,1.0000134706497192,mlp,embedding
7257,72580,NaN,NaN,NaN,NaN,1.2785750186594669e-05,100.0,1.000012755393982,mlp,embedding
7258,72590,NaN,NaN,NaN,NaN,1.1820075997093227e-05,100.0,1.0000118017196655,mlp,embedding
7259,72600,NaN,NaN,NaN,NaN,1.1075290785811376e-05,100.0,1.0000110864639282,mlp,embedding
7260,72610,NaN,NaN,NaN,NaN,1.052174593496602e-05,100.0,1.0000104904174805,mlp,embedding
7261,72620,NaN,NaN,NaN,NaN,1.015296766126994e-05,100.0,1.0000101327896118,mlp,embedding
7262,72630,NaN,NaN,NaN,NaN,9.743136615725234e-06,100.0,1.0000097751617432,mlp,embedding
7263,72640,NaN,NaN,NaN,NaN,8.94298773346236e-06,100.0,1.0000089406967163,mlp,embedding
7264,72650,NaN,NaN,NaN,NaN,8.516284651705064e-06,100.0,1.000008463859558,mlp,embedding
7265,72660,6.03648970809445e-07,100.0,1.0000005960464478,0.001,8.053169040067587e-06,100.0,1.0000081062316895,mlp,embedding
7266,72670,NaN,NaN,NaN,NaN,7.607153747812845e-06,100.0,1.0000076293945312,mlp,embedding
7267,72680,NaN,NaN,NaN,NaN,7.273982191691175e-06,100.0,1.0000072717666626,mlp,embedding
7268,72690,NaN,NaN,NaN,NaN,6.5944063862843905e-06,100.0,1.0000065565109253,mlp,embedding
7269,72700,NaN,NaN,NaN,NaN,6.384044809237821e-06,100.0,1.0000064373016357,mlp,embedding
7270,72710,NaN,NaN,NaN,NaN,6.0158354244777e-06,100.0,1.0000059604644775,mlp,embedding
7271,72720,NaN,NaN,NaN,NaN,5.613892881228821e-06,100.0,1.0000056028366089,mlp,embedding
7272,72730,NaN,NaN,NaN,NaN,5.219740614847979e-06,100.0,1.0000052452087402,mlp,embedding
7273,72740,NaN,NaN,NaN,NaN,4.979391178494552e-06,100.0,1.0000050067901611,mlp,embedding
7274,72750,NaN,NaN,NaN,NaN,4.70752593173529e-06,100.0,1.0000046491622925,mlp,embedding
7275,72760,NaN,NaN,NaN,NaN,4.436409199115587e-06,100.0,1.0000044107437134,mlp,embedding
7276,72770,NaN,NaN,NaN,NaN,4.164767233305611e-06,100.0,1.0000041723251343,mlp,embedding
7277,72780,NaN,NaN,NaN,NaN,3.994367489212891e-06,100.0,1.0000040531158447,mlp,embedding
7278,72790,NaN,NaN,NaN,NaN,3.71290980183403e-06,100.0,1.000003695487976,mlp,embedding
7279,72800,NaN,NaN,NaN,NaN,3.8108239550638245e-06,100.0,1.0000038146972656,mlp,embedding
7280,72810,NaN,NaN,NaN,NaN,3.233952384107397e-06,100.0,1.0000032186508179,mlp,embedding
7281,72820,NaN,NaN,NaN,NaN,3.1486290481552714e-06,100.0,1.0000030994415283,mlp,embedding
7282,72830,NaN,NaN,NaN,NaN,3.0471042009594385e-06,100.0,1.0000030994415283,mlp,embedding
7283,72840,NaN,NaN,NaN,NaN,3.242137609049678e-06,100.0,1.0000032186508179,mlp,embedding
7284,72850,NaN,NaN,NaN,NaN,2.7098133159597637e-06,100.0,1.0000027418136597,mlp,embedding
7285,72860,NaN,NaN,NaN,NaN,2.767857722574263e-06,100.0,1.0000027418136597,mlp,embedding
7286,72870,NaN,NaN,NaN,NaN,2.655656999195344e-06,100.0,1.0000026226043701,mlp,embedding
7287,72880,NaN,NaN,NaN,NaN,2.992964027725975e-06,100.0,1.0000029802322388,mlp,embedding
7288,72890,NaN,NaN,NaN,NaN,2.6970449198415736e-06,100.0,1.0000027418136597,mlp,embedding
7289,72900,NaN,NaN,NaN,NaN,2.63095716945827e-06,100.0,1.0000026226043701,mlp,embedding
7290,72910,NaN,NaN,NaN,NaN,2.9458306016749702e-06,100.0,1.0000029802322388,mlp,embedding
7291,72920,NaN,NaN,NaN,NaN,2.586059736131574e-06,100.0,1.0000026226043701,mlp,embedding
7292,72930,NaN,NaN,NaN,NaN,5.171976226847619e-06,100.0,1.0000051259994507,mlp,embedding
7293,72940,NaN,NaN,NaN,NaN,1.3754513263702393,78.27842712402344,3.956862211227417,mlp,embedding
7294,72950,NaN,NaN,NaN,NaN,0.12545278668403625,95.96173858642578,1.1336616277694702,mlp,embedding
7295,72960,NaN,NaN,NaN,NaN,0.028103813529014587,99.10733032226562,1.0285024642944336,mlp,embedding
7296,72970,NaN,NaN,NaN,NaN,0.006823697127401829,99.87247467041016,1.0068470239639282,mlp,embedding
7297,72980,NaN,NaN,NaN,NaN,0.005625336430966854,99.82996368408203,1.005641222000122,mlp,embedding
7298,72990,NaN,NaN,NaN,NaN,0.003141619497910142,99.91497802734375,1.0031465291976929,mlp,embedding
7299,73000,NaN,NaN,NaN,NaN,0.002118851291015744,100.0,1.002121090888977,mlp,embedding
7300,73010,NaN,NaN,NaN,NaN,0.0016942977672442794,100.0,1.0016957521438599,mlp,embedding
7301,73020,NaN,NaN,NaN,NaN,0.0014510649489238858,100.0,1.001452088356018,mlp,embedding
7302,73030,NaN,NaN,NaN,NaN,0.0012806818122044206,100.0,1.001281499862671,mlp,embedding
7303,73040,NaN,NaN,NaN,NaN,0.0011569946072995663,100.0,1.0011576414108276,mlp,embedding
7304,73050,NaN,NaN,NaN,NaN,0.0010602528927847743,100.0,1.0010608434677124,mlp,embedding
7305,73060,NaN,NaN,NaN,NaN,0.0009771814802661538,100.0,1.000977635383606,mlp,embedding
7306,73070,NaN,NaN,NaN,NaN,0.0009057509014382958,100.0,1.0009061098098755,mlp,embedding
7307,73080,NaN,NaN,NaN,NaN,0.0008378269267268479,100.0,1.0008381605148315,mlp,embedding
7308,73090,NaN,NaN,NaN,NaN,0.0007775981794111431,100.0,1.0007779598236084,mlp,embedding
7309,73100,NaN,NaN,NaN,NaN,0.0007196550141088665,100.0,1.0007199048995972,mlp,embedding
7310,73110,NaN,NaN,NaN,NaN,0.0006727777072228491,100.0,1.0006730556488037,mlp,embedding
7311,73120,NaN,NaN,NaN,NaN,0.0006278593791648746,100.0,1.000628113746643,mlp,embedding
7312,73130,NaN,NaN,NaN,NaN,0.0005876049981452525,100.0,1.000587821006775,mlp,embedding
7313,73140,NaN,NaN,NaN,NaN,0.0005483503919094801,100.0,1.0005484819412231,mlp,embedding
7314,73150,NaN,NaN,NaN,NaN,0.0005126366741023958,100.0,1.000512719154358,mlp,embedding
7315,73160,NaN,NaN,NaN,NaN,0.00048011410399340093,100.0,1.0004801750183105,mlp,embedding
7316,73170,NaN,NaN,NaN,NaN,0.00044882280053570867,100.0,1.0004489421844482,mlp,embedding
7317,73180,NaN,NaN,NaN,NaN,0.0004194082575850189,100.0,1.0004194974899292,mlp,embedding
7318,73190,NaN,NaN,NaN,NaN,0.00038959752419032156,100.0,1.0003896951675415,mlp,embedding
7319,73200,NaN,NaN,NaN,NaN,0.00036299534258432686,100.0,1.0003631114959717,mlp,embedding
7320,73210,NaN,NaN,NaN,NaN,0.00033780361991375685,100.0,1.000337839126587,mlp,embedding
7321,73220,NaN,NaN,NaN,NaN,0.00031551046413369477,100.0,1.000315546989441,mlp,embedding
7322,73230,NaN,NaN,NaN,NaN,0.00029420581995509565,100.0,1.0002942085266113,mlp,embedding
7323,73240,NaN,NaN,NaN,NaN,0.000272317323833704,100.0,1.0002723932266235,mlp,embedding
7324,73250,NaN,NaN,NaN,NaN,0.0002521276182960719,100.0,1.0002521276474,mlp,embedding
7325,73260,NaN,NaN,NaN,NaN,0.00023411358415614814,100.0,1.0002341270446777,mlp,embedding
7326,73270,NaN,NaN,NaN,NaN,0.00021826666488777846,100.0,1.0002182722091675,mlp,embedding
7327,73280,NaN,NaN,NaN,NaN,0.00020342686912044883,100.0,1.0002034902572632,mlp,embedding
7328,73290,NaN,NaN,NaN,NaN,0.00018994389392901212,100.0,1.000190019607544,mlp,embedding
7329,73300,NaN,NaN,NaN,NaN,0.0001768260117387399,100.0,1.0001767873764038,mlp,embedding
7330,73310,NaN,NaN,NaN,NaN,0.00016375159611925483,100.0,1.0001637935638428,mlp,embedding
7331,73320,NaN,NaN,NaN,NaN,0.00015196710592135787,100.0,1.0001519918441772,mlp,embedding
7332,73330,NaN,NaN,NaN,NaN,0.00014128920156508684,100.0,1.0001412630081177,mlp,embedding
7333,73340,NaN,NaN,NaN,NaN,0.00013102000229991972,100.0,1.0001310110092163,mlp,embedding
7334,73350,NaN,NaN,NaN,NaN,0.00012146902008680627,100.0,1.0001214742660522,mlp,embedding
7335,73360,NaN,NaN,NaN,NaN,0.00011329548578942195,100.0,1.0001132488250732,mlp,embedding
7336,73370,NaN,NaN,NaN,NaN,0.00010613039194140583,100.0,1.0001060962677002,mlp,embedding
7337,73380,1.5126300240808632e-05,100.0,1.000015139579773,0.001,9.894340473692864e-05,100.0,1.0000989437103271,mlp,embedding
7338,73390,NaN,NaN,NaN,NaN,9.163631330011413e-05,100.0,1.0000916719436646,mlp,embedding
7339,73400,NaN,NaN,NaN,NaN,8.497296221321449e-05,100.0,1.0000849962234497,mlp,embedding
7340,73410,NaN,NaN,NaN,NaN,7.920987263787538e-05,100.0,1.0000791549682617,mlp,embedding
7341,73420,NaN,NaN,NaN,NaN,7.412746344925836e-05,100.0,1.0000741481781006,mlp,embedding
7342,73430,NaN,NaN,NaN,NaN,6.93023030180484e-05,100.0,1.000069260597229,mlp,embedding
7343,73440,NaN,NaN,NaN,NaN,6.446665793191642e-05,100.0,1.000064492225647,mlp,embedding
7344,73450,NaN,NaN,NaN,NaN,6.048482464393601e-05,100.0,1.0000604391098022,mlp,embedding
7345,73460,NaN,NaN,NaN,NaN,5.68168907193467e-05,100.0,1.0000568628311157,mlp,embedding
7346,73470,NaN,NaN,NaN,NaN,5.3277937695384026e-05,100.0,1.0000532865524292,mlp,embedding
7347,73480,NaN,NaN,NaN,NaN,4.99807320011314e-05,100.0,1.0000499486923218,mlp,embedding
7348,73490,NaN,NaN,NaN,NaN,4.7073644964257255e-05,100.0,1.0000470876693726,mlp,embedding
7349,73500,NaN,NaN,NaN,NaN,4.4229545892449096e-05,100.0,1.0000442266464233,mlp,embedding
7350,73510,NaN,NaN,NaN,NaN,4.166402140981518e-05,100.0,1.0000417232513428,mlp,embedding
7351,73520,NaN,NaN,NaN,NaN,3.9194270357256755e-05,100.0,1.0000392198562622,mlp,embedding
7352,73530,NaN,NaN,NaN,NaN,3.705443668877706e-05,100.0,1.0000370740890503,mlp,embedding
7353,73540,NaN,NaN,NaN,NaN,3.498519799904898e-05,100.0,1.0000349283218384,mlp,embedding
7354,73550,NaN,NaN,NaN,NaN,3.299091986264102e-05,100.0,1.0000330209732056,mlp,embedding
7355,73560,NaN,NaN,NaN,NaN,3.1269075407180935e-05,100.0,1.0000312328338623,mlp,embedding
7356,73570,NaN,NaN,NaN,NaN,2.9551913030445576e-05,100.0,1.0000295639038086,mlp,embedding
7357,73580,NaN,NaN,NaN,NaN,2.7967807909590192e-05,100.0,1.0000280141830444,mlp,embedding
7358,73590,NaN,NaN,NaN,NaN,2.6550311304163188e-05,100.0,1.0000265836715698,mlp,embedding
7359,73600,NaN,NaN,NaN,NaN,2.5291432393714786e-05,100.0,1.0000252723693848,mlp,embedding
7360,73610,NaN,NaN,NaN,NaN,2.4010905690374784e-05,100.0,1.0000239610671997,mlp,embedding
7361,73620,NaN,NaN,NaN,NaN,2.276649684063159e-05,100.0,1.0000227689743042,mlp,embedding
7362,73630,NaN,NaN,NaN,NaN,2.1596610167762265e-05,100.0,1.0000215768814087,mlp,embedding
7363,73640,NaN,NaN,NaN,NaN,2.0633975509554148e-05,100.0,1.0000206232070923,mlp,embedding
7364,73650,NaN,NaN,NaN,NaN,1.964017610589508e-05,100.0,1.0000196695327759,mlp,embedding
7365,73660,NaN,NaN,NaN,NaN,1.850139415182639e-05,100.0,1.0000184774398804,mlp,embedding
7366,73670,NaN,NaN,NaN,NaN,1.759480255714152e-05,100.0,1.0000176429748535,mlp,embedding
7367,73680,NaN,NaN,NaN,NaN,1.6702530047041364e-05,100.0,1.000016689300537,mlp,embedding
7368,73690,NaN,NaN,NaN,NaN,1.5933599570416845e-05,100.0,1.0000159740447998,mlp,embedding
7369,73700,NaN,NaN,NaN,NaN,1.5141727089940105e-05,100.0,1.000015139579773,mlp,embedding
7370,73710,NaN,NaN,NaN,NaN,1.440335199731635e-05,100.0,1.0000144243240356,mlp,embedding
7371,73720,NaN,NaN,NaN,NaN,1.3739827409153804e-05,100.0,1.0000137090682983,mlp,embedding
7372,73730,NaN,NaN,NaN,NaN,1.309346316702431e-05,100.0,1.0000131130218506,mlp,embedding
7373,73740,NaN,NaN,NaN,NaN,1.2350830729701556e-05,100.0,1.0000123977661133,mlp,embedding
7374,73750,NaN,NaN,NaN,NaN,1.1700895811372902e-05,100.0,1.000011682510376,mlp,embedding
7375,73760,NaN,NaN,NaN,NaN,1.1152091246913187e-05,100.0,1.0000112056732178,mlp,embedding
7376,73770,NaN,NaN,NaN,NaN,1.0539832146605477e-05,100.0,1.0000104904174805,mlp,embedding
7377,73780,NaN,NaN,NaN,NaN,1.0052716788777616e-05,100.0,1.0000100135803223,mlp,embedding
7378,73790,NaN,NaN,NaN,NaN,9.599399163562339e-06,100.0,1.0000096559524536,mlp,embedding
7379,73800,NaN,NaN,NaN,NaN,9.058286195795517e-06,100.0,1.0000090599060059,mlp,embedding
7380,73810,NaN,NaN,NaN,NaN,8.65252786752535e-06,100.0,1.0000087022781372,mlp,embedding
7381,73820,NaN,NaN,NaN,NaN,8.242223884735722e-06,100.0,1.000008225440979,mlp,embedding
7382,73830,NaN,NaN,NaN,NaN,7.866951818868984e-06,100.0,1.0000078678131104,mlp,embedding
7383,73840,NaN,NaN,NaN,NaN,7.461295808752766e-06,100.0,1.0000075101852417,mlp,embedding
7384,73850,NaN,NaN,NaN,NaN,7.091020052030217e-06,100.0,1.0000070333480835,mlp,embedding
7385,73860,NaN,NaN,NaN,NaN,6.774372650397709e-06,100.0,1.0000067949295044,mlp,embedding
7386,73870,NaN,NaN,NaN,NaN,6.419455530703999e-06,100.0,1.0000064373016357,mlp,embedding
7387,73880,NaN,NaN,NaN,NaN,6.112408300396055e-06,100.0,1.000006079673767,mlp,embedding
7388,73890,NaN,NaN,NaN,NaN,5.784716904599918e-06,100.0,1.000005841255188,mlp,embedding
7389,73900,NaN,NaN,NaN,NaN,5.487764155986952e-06,100.0,1.0000054836273193,mlp,embedding
7390,73910,NaN,NaN,NaN,NaN,5.222590061748633e-06,100.0,1.0000052452087402,mlp,embedding
7391,73920,NaN,NaN,NaN,NaN,4.985471605323255e-06,100.0,1.0000050067901611,mlp,embedding
7392,73930,NaN,NaN,NaN,NaN,4.642846306524007e-06,100.0,1.0000046491622925,mlp,embedding
7393,73940,NaN,NaN,NaN,NaN,4.4029429773218e-06,100.0,1.0000044107437134,mlp,embedding
7394,73950,NaN,NaN,NaN,NaN,4.20325159211643e-06,100.0,1.0000041723251343,mlp,embedding
7395,73960,NaN,NaN,NaN,NaN,3.932742856704863e-06,100.0,1.0000039339065552,mlp,embedding
7396,73970,NaN,NaN,NaN,NaN,3.7099703149579e-06,100.0,1.000003695487976,mlp,embedding
7397,73980,NaN,NaN,NaN,NaN,3.535150881361915e-06,100.0,1.0000035762786865,mlp,embedding
7398,73990,NaN,NaN,NaN,NaN,3.338616352266399e-06,100.0,1.0000033378601074,mlp,embedding
7399,74000,NaN,NaN,NaN,NaN,3.1550598578178324e-06,100.0,1.0000030994415283,mlp,embedding
7400,74010,NaN,NaN,NaN,NaN,2.9646810162375914e-06,100.0,1.0000029802322388,mlp,embedding
7401,74020,NaN,NaN,NaN,NaN,2.8257129542907933e-06,100.0,1.0000028610229492,mlp,embedding
7402,74030,NaN,NaN,NaN,NaN,2.6629545573086943e-06,100.0,1.0000026226043701,mlp,embedding
7403,74040,NaN,NaN,NaN,NaN,2.5192239263560623e-06,100.0,1.0000025033950806,mlp,embedding
7404,74050,NaN,NaN,NaN,NaN,2.3437567051587394e-06,100.0,1.000002384185791,mlp,embedding
7405,74060,NaN,NaN,NaN,NaN,2.2775759589421796e-06,100.0,1.0000022649765015,mlp,embedding
7406,74070,NaN,NaN,NaN,NaN,2.2360918592312373e-06,100.0,1.0000022649765015,mlp,embedding
7407,74080,NaN,NaN,NaN,NaN,2.112272341037169e-06,100.0,1.000002145767212,mlp,embedding
7408,74090,NaN,NaN,NaN,NaN,2.0549639430100797e-06,100.0,1.0000020265579224,mlp,embedding
7409,74100,NaN,NaN,NaN,NaN,1.960969939318602e-06,100.0,1.0000019073486328,mlp,embedding
7410,74110,1.4267607184592634e-07,100.0,1.0000001192092896,0.001,1.8561315755505348e-06,100.0,1.0000019073486328,mlp,embedding
7411,74120,NaN,NaN,NaN,NaN,1.923458057717653e-06,100.0,1.0000019073486328,mlp,embedding
7412,74130,NaN,NaN,NaN,NaN,1.962702754099155e-06,100.0,1.0000019073486328,mlp,embedding
7413,74140,NaN,NaN,NaN,NaN,1.8988630472449586e-06,100.0,1.0000019073486328,mlp,embedding
7414,74150,NaN,NaN,NaN,NaN,2.000740096264053e-06,100.0,1.0000020265579224,mlp,embedding
7415,74160,NaN,NaN,NaN,NaN,1.9690385215653805e-06,100.0,1.0000020265579224,mlp,embedding
7416,74170,NaN,NaN,NaN,NaN,2.1145008304301882e-06,100.0,1.000002145767212,mlp,embedding
7417,74180,NaN,NaN,NaN,NaN,3.060808467125753e-06,100.0,1.0000030994415283,mlp,embedding
7418,74190,NaN,NaN,NaN,NaN,1.133158564567566,74.36769104003906,3.105449676513672,mlp,embedding
7419,74200,NaN,NaN,NaN,NaN,0.31320250034332275,91.56216430664062,1.3677984476089478,mlp,embedding
7420,74210,NaN,NaN,NaN,NaN,0.029115481302142143,99.12858581542969,1.0295435190200806,mlp,embedding
7421,74220,NaN,NaN,NaN,NaN,0.016577396541833878,99.55366516113281,1.0167155265808105,mlp,embedding
7422,74230,NaN,NaN,NaN,NaN,0.0100235715508461,99.68119049072266,1.0100740194320679,mlp,embedding
7423,74240,NaN,NaN,NaN,NaN,0.005270072259008884,99.89373016357422,1.0052839517593384,mlp,embedding
7424,74250,NaN,NaN,NaN,NaN,0.0032245537731796503,99.93623352050781,1.0032297372817993,mlp,embedding
7425,74260,NaN,NaN,NaN,NaN,0.0023734462447464466,99.93623352050781,1.0023763179779053,mlp,embedding
7426,74270,NaN,NaN,NaN,NaN,0.00199711206369102,99.95748901367188,1.0019991397857666,mlp,embedding
7427,74280,NaN,NaN,NaN,NaN,0.0017805389361456037,99.95748901367188,1.0017821788787842,mlp,embedding
7428,74290,NaN,NaN,NaN,NaN,0.0016207467997446656,99.97874450683594,1.0016220808029175,mlp,embedding
7429,74300,NaN,NaN,NaN,NaN,0.0014996370300650597,99.97874450683594,1.0015007257461548,mlp,embedding
7430,74310,NaN,NaN,NaN,NaN,0.001391915837302804,99.97874450683594,1.0013928413391113,mlp,embedding
7431,74320,NaN,NaN,NaN,NaN,0.0013046925887465477,99.97874450683594,1.0013055801391602,mlp,embedding
7432,74330,NaN,NaN,NaN,NaN,0.0012178370961919427,99.97874450683594,1.001218557357788,mlp,embedding
7433,74340,NaN,NaN,NaN,NaN,0.0011342456564307213,99.97874450683594,1.0011348724365234,mlp,embedding
7434,74350,NaN,NaN,NaN,NaN,0.001055629225447774,99.97874450683594,1.00105619430542,mlp,embedding
7435,74360,NaN,NaN,NaN,NaN,0.000986572471447289,99.97874450683594,1.0009870529174805,mlp,embedding
7436,74370,NaN,NaN,NaN,NaN,0.0009230707073584199,99.97874450683594,1.00092351436615,mlp,embedding
7437,74380,NaN,NaN,NaN,NaN,0.0008657434373162687,99.97874450683594,1.000866174697876,mlp,embedding
7438,74390,NaN,NaN,NaN,NaN,0.0008059223764576018,99.97874450683594,1.000806212425232,mlp,embedding
7439,74400,NaN,NaN,NaN,NaN,0.000748915656004101,99.97874450683594,1.0007492303848267,mlp,embedding
7440,74410,NaN,NaN,NaN,NaN,0.0006996295996941626,99.97874450683594,1.0006998777389526,mlp,embedding
7441,74420,NaN,NaN,NaN,NaN,0.0006555432337336242,99.97874450683594,1.0006557703018188,mlp,embedding
7442,74430,NaN,NaN,NaN,NaN,0.0006131043774075806,100.0,1.0006133317947388,mlp,embedding
7443,74440,NaN,NaN,NaN,NaN,0.0005752869765274227,100.0,1.0005754232406616,mlp,embedding
7444,74450,NaN,NaN,NaN,NaN,0.0005367331323213875,100.0,1.0005369186401367,mlp,embedding
7445,74460,NaN,NaN,NaN,NaN,0.000500194204505533,100.0,1.0005003213882446,mlp,embedding
7446,74470,NaN,NaN,NaN,NaN,0.00046472164103761315,100.0,1.0004647970199585,mlp,embedding
7447,74480,NaN,NaN,NaN,NaN,0.00043180969078093767,100.0,1.0004318952560425,mlp,embedding
7448,74490,NaN,NaN,NaN,NaN,0.000401412311475724,100.0,1.000401496887207,mlp,embedding
7449,74500,NaN,NaN,NaN,NaN,0.0003728821757249534,100.0,1.0003730058670044,mlp,embedding
7450,74510,NaN,NaN,NaN,NaN,0.0003451197990216315,100.0,1.000345230102539,mlp,embedding
7451,74520,NaN,NaN,NaN,NaN,0.0003221303049940616,100.0,1.0003222227096558,mlp,embedding
7452,74530,NaN,NaN,NaN,NaN,0.00029841094510629773,100.0,1.0002985000610352,mlp,embedding
7453,74540,NaN,NaN,NaN,NaN,0.0002778007183223963,100.0,1.0002778768539429,mlp,embedding
7454,74550,NaN,NaN,NaN,NaN,0.00025867740623652935,100.0,1.0002586841583252,mlp,embedding
7455,74560,NaN,NaN,NaN,NaN,0.00023835505999159068,100.0,1.0002384185791016,mlp,embedding
7456,74570,NaN,NaN,NaN,NaN,0.000218855231651105,100.0,1.0002188682556152,mlp,embedding
7457,74580,NaN,NaN,NaN,NaN,0.00020176355610601604,100.0,1.0002018213272095,mlp,embedding
7458,74590,NaN,NaN,NaN,NaN,0.0001854791189543903,100.0,1.000185489654541,mlp,embedding
7459,74600,NaN,NaN,NaN,NaN,0.00017110633780248463,100.0,1.0001710653305054,mlp,embedding
7460,74610,NaN,NaN,NaN,NaN,0.00015887172776274383,100.0,1.0001589059829712,mlp,embedding
7461,74620,NaN,NaN,NaN,NaN,0.00014681460743304342,100.0,1.0001468658447266,mlp,embedding
7462,74630,NaN,NaN,NaN,NaN,0.00013623431732412428,100.0,1.0001362562179565,mlp,embedding
7463,74640,NaN,NaN,NaN,NaN,0.00012665078975260258,100.0,1.000126600265503,mlp,embedding
7464,74650,NaN,NaN,NaN,NaN,0.0001173373602796346,100.0,1.000117301940918,mlp,embedding
7465,74660,NaN,NaN,NaN,NaN,0.00010837252193596214,100.0,1.0001083612442017,mlp,embedding
7466,74670,NaN,NaN,NaN,NaN,0.00010010646656155586,100.0,1.0001001358032227,mlp,embedding
7467,74680,NaN,NaN,NaN,NaN,9.282492828788236e-05,100.0,1.00009286403656,mlp,embedding
7468,74690,NaN,NaN,NaN,NaN,8.623293251730502e-05,100.0,1.0000861883163452,mlp,embedding
7469,74700,NaN,NaN,NaN,NaN,7.993526378413662e-05,100.0,1.0000799894332886,mlp,embedding
7470,74710,NaN,NaN,NaN,NaN,7.423968781949952e-05,100.0,1.0000742673873901,mlp,embedding
7471,74720,NaN,NaN,NaN,NaN,6.908045179443434e-05,100.0,1.0000691413879395,mlp,embedding
7472,74730,NaN,NaN,NaN,NaN,6.424551975214854e-05,100.0,1.0000642538070679,mlp,embedding
7473,74740,NaN,NaN,NaN,NaN,5.95018791500479e-05,100.0,1.0000594854354858,mlp,embedding
7474,74750,NaN,NaN,NaN,NaN,5.5239350331248716e-05,100.0,1.000055193901062,mlp,embedding
7475,74760,NaN,NaN,NaN,NaN,5.1270631956867874e-05,100.0,1.0000512599945068,mlp,embedding
7476,74770,NaN,NaN,NaN,NaN,4.767416248796508e-05,100.0,1.0000476837158203,mlp,embedding
7477,74780,NaN,NaN,NaN,NaN,4.440468910615891e-05,100.0,1.0000444650650024,mlp,embedding
7478,74790,NaN,NaN,NaN,NaN,4.141915633226745e-05,100.0,1.0000413656234741,mlp,embedding
7479,74800,NaN,NaN,NaN,NaN,3.854900933220051e-05,100.0,1.000038504600525,mlp,embedding
7480,74810,NaN,NaN,NaN,NaN,3.588954496080987e-05,100.0,1.0000358819961548,mlp,embedding
7481,74820,NaN,NaN,NaN,NaN,3.3487074688309804e-05,100.0,1.0000334978103638,mlp,embedding
7482,74830,NaN,NaN,NaN,NaN,3.1244693673215806e-05,100.0,1.0000312328338623,mlp,embedding
7483,74840,NaN,NaN,NaN,NaN,2.92837339657126e-05,100.0,1.0000293254852295,mlp,embedding
7484,74850,4.555826308205724e-06,100.0,1.000004529953003,0.001,2.757838592515327e-05,100.0,1.0000275373458862,mlp,embedding
7485,74860,NaN,NaN,NaN,NaN,2.5915413061738946e-05,100.0,1.0000258684158325,mlp,embedding
7486,74870,NaN,NaN,NaN,NaN,2.4180524633266032e-05,100.0,1.0000241994857788,mlp,embedding
7487,74880,NaN,NaN,NaN,NaN,2.2811242160969414e-05,100.0,1.0000227689743042,mlp,embedding
7488,74890,NaN,NaN,NaN,NaN,2.141232653229963e-05,100.0,1.0000214576721191,mlp,embedding
7489,74900,NaN,NaN,NaN,NaN,2.002124529099092e-05,100.0,1.0000200271606445,mlp,embedding
7490,74910,NaN,NaN,NaN,NaN,1.875682210084051e-05,100.0,1.0000187158584595,mlp,embedding
7491,74920,NaN,NaN,NaN,NaN,1.763599539117422e-05,100.0,1.0000176429748535,mlp,embedding
7492,74930,NaN,NaN,NaN,NaN,1.6458045138278976e-05,100.0,1.000016450881958,mlp,embedding
7493,74940,NaN,NaN,NaN,NaN,1.5457775589311495e-05,100.0,1.0000154972076416,mlp,embedding
7494,74950,NaN,NaN,NaN,NaN,1.4505361832561903e-05,100.0,1.0000145435333252,mlp,embedding
7495,74960,NaN,NaN,NaN,NaN,1.3570022019848693e-05,100.0,1.0000135898590088,mlp,embedding
7496,74970,NaN,NaN,NaN,NaN,1.2750678251904901e-05,100.0,1.000012755393982,mlp,embedding
7497,74980,NaN,NaN,NaN,NaN,1.1914991773664951e-05,100.0,1.000011920928955,mlp,embedding
7498,74990,NaN,NaN,NaN,NaN,1.1169761819473933e-05,100.0,1.0000112056732178,mlp,embedding
7499,75000,NaN,NaN,NaN,NaN,1.0490793101780582e-05,100.0,1.0000104904174805,mlp,embedding
7500,75010,NaN,NaN,NaN,NaN,9.919945114233997e-06,100.0,1.0000098943710327,mlp,embedding
7501,75020,NaN,NaN,NaN,NaN,9.404082447872497e-06,100.0,1.0000094175338745,mlp,embedding
7502,75030,NaN,NaN,NaN,NaN,8.880060704541393e-06,100.0,1.0000088214874268,mlp,embedding
7503,75040,NaN,NaN,NaN,NaN,8.365081157535315e-06,100.0,1.0000083446502686,mlp,embedding
7504,75050,NaN,NaN,NaN,NaN,7.85530028224457e-06,100.0,1.0000078678131104,mlp,embedding
7505,75060,NaN,NaN,NaN,NaN,7.407857538055396e-06,100.0,1.0000073909759521,mlp,embedding
7506,75070,NaN,NaN,NaN,NaN,7.061152700771345e-06,100.0,1.0000070333480835,mlp,embedding
7507,75080,NaN,NaN,NaN,NaN,6.604081590921851e-06,100.0,1.0000065565109253,mlp,embedding
7508,75090,NaN,NaN,NaN,NaN,6.224793196452083e-06,100.0,1.0000061988830566,mlp,embedding
7509,75100,NaN,NaN,NaN,NaN,5.902126304135891e-06,100.0,1.0000059604644775,mlp,embedding
7510,75110,NaN,NaN,NaN,NaN,5.5435148169635795e-06,100.0,1.0000056028366089,mlp,embedding
7511,75120,NaN,NaN,NaN,NaN,5.177624188945629e-06,100.0,1.0000051259994507,mlp,embedding
7512,75130,NaN,NaN,NaN,NaN,4.911601990897907e-06,100.0,1.0000048875808716,mlp,embedding
7513,75140,NaN,NaN,NaN,NaN,4.6231807573349215e-06,100.0,1.0000046491622925,mlp,embedding
7514,75150,NaN,NaN,NaN,NaN,4.365515906101791e-06,100.0,1.0000044107437134,mlp,embedding
7515,75160,NaN,NaN,NaN,NaN,4.155531314609107e-06,100.0,1.0000041723251343,mlp,embedding
7516,75170,NaN,NaN,NaN,NaN,3.904503500962164e-06,100.0,1.0000039339065552,mlp,embedding
7517,75180,NaN,NaN,NaN,NaN,3.6633839499700116e-06,100.0,1.000003695487976,mlp,embedding
7518,75190,NaN,NaN,NaN,NaN,3.435410917518311e-06,100.0,1.000003457069397,mlp,embedding
7519,75200,NaN,NaN,NaN,NaN,3.24379311678058e-06,100.0,1.0000032186508179,mlp,embedding
7520,75210,NaN,NaN,NaN,NaN,3.0299329409899656e-06,100.0,1.0000029802322388,mlp,embedding
7521,75220,NaN,NaN,NaN,NaN,2.8566587388922926e-06,100.0,1.0000028610229492,mlp,embedding
7522,75230,NaN,NaN,NaN,NaN,2.681940713955555e-06,100.0,1.0000026226043701,mlp,embedding
7523,75240,NaN,NaN,NaN,NaN,2.513301751605468e-06,100.0,1.0000025033950806,mlp,embedding
7524,75250,NaN,NaN,NaN,NaN,2.371241407672642e-06,100.0,1.000002384185791,mlp,embedding
7525,75260,NaN,NaN,NaN,NaN,2.2057454316382064e-06,100.0,1.0000022649765015,mlp,embedding
7526,75270,NaN,NaN,NaN,NaN,2.055551476587425e-06,100.0,1.0000020265579224,mlp,embedding
7527,75280,NaN,NaN,NaN,NaN,1.940727770488593e-06,100.0,1.0000019073486328,mlp,embedding
7528,75290,NaN,NaN,NaN,NaN,1.846272311922803e-06,100.0,1.0000017881393433,mlp,embedding
7529,75300,NaN,NaN,NaN,NaN,1.6906578821362928e-06,100.0,1.0000016689300537,mlp,embedding
7530,75310,NaN,NaN,NaN,NaN,1.5960255268510082e-06,100.0,1.0000015497207642,mlp,embedding
7531,75320,NaN,NaN,NaN,NaN,1.525209427200025e-06,100.0,1.0000015497207642,mlp,embedding
7532,75330,NaN,NaN,NaN,NaN,1.4316170791062177e-06,100.0,1.0000014305114746,mlp,embedding
7533,75340,NaN,NaN,NaN,NaN,1.3355413557292195e-06,100.0,1.000001311302185,mlp,embedding
7534,75350,NaN,NaN,NaN,NaN,1.300094027101295e-06,100.0,1.000001311302185,mlp,embedding
7535,75360,NaN,NaN,NaN,NaN,1.2047548807458952e-06,100.0,1.0000011920928955,mlp,embedding
7536,75370,NaN,NaN,NaN,NaN,1.2137192015870824e-06,100.0,1.0000011920928955,mlp,embedding
7537,75380,NaN,NaN,NaN,NaN,1.1602368203966762e-06,100.0,1.0000011920928955,mlp,embedding
7538,75390,NaN,NaN,NaN,NaN,1.1460703035481856e-06,100.0,1.0000011920928955,mlp,embedding
7539,75400,NaN,NaN,NaN,NaN,1.1269167998761986e-06,100.0,1.000001072883606,mlp,embedding
7540,75410,NaN,NaN,NaN,NaN,1.0881782372962334e-06,100.0,1.000001072883606,mlp,embedding
7541,75420,NaN,NaN,NaN,NaN,1.175079546555935e-06,100.0,1.0000011920928955,mlp,embedding
7542,75430,NaN,NaN,NaN,NaN,1.1167077218487975e-06,100.0,1.000001072883606,mlp,embedding
7543,75440,NaN,NaN,NaN,NaN,1.3699774399356102e-06,100.0,1.000001311302185,mlp,embedding
7544,75450,NaN,NaN,NaN,NaN,13.558645248413086,23.2093505859375,773472.375,mlp,embedding
7545,75460,NaN,NaN,NaN,NaN,1.4491653442382812,75.45164489746094,4.259557723999023,mlp,embedding
7546,75470,NaN,NaN,NaN,NaN,0.03455984219908714,98.80977630615234,1.0351639986038208,mlp,embedding
7547,75480,NaN,NaN,NaN,NaN,0.05464964732527733,98.32093048095703,1.0561704635620117,mlp,embedding
7548,75490,NaN,NaN,NaN,NaN,0.01105613261461258,99.74494934082031,1.0111174583435059,mlp,embedding
7549,75500,NaN,NaN,NaN,NaN,0.004524667281657457,99.95748901367188,1.0045349597930908,mlp,embedding
7550,75510,NaN,NaN,NaN,NaN,0.0033233913127332926,99.97874450683594,1.0033289194107056,mlp,embedding
7551,75520,NaN,NaN,NaN,NaN,0.002644855063408613,100.0,1.0026483535766602,mlp,embedding
7552,75530,NaN,NaN,NaN,NaN,0.00221719010733068,100.0,1.0022196769714355,mlp,embedding
7553,75540,NaN,NaN,NaN,NaN,0.0019295243546366692,100.0,1.0019314289093018,mlp,embedding
7554,75550,NaN,NaN,NaN,NaN,0.001722412183880806,100.0,1.0017238855361938,mlp,embedding
7555,75560,NaN,NaN,NaN,NaN,0.0015589320100843906,100.0,1.001560091972351,mlp,embedding
7556,75570,NaN,NaN,NaN,NaN,0.0014272532425820827,100.0,1.001428246498108,mlp,embedding
7557,75580,NaN,NaN,NaN,NaN,0.0013092122972011566,100.0,1.001310110092163,mlp,embedding
7558,75590,0.00040661392267793417,100.0,1.0004067420959473,0.001,0.0012075434206053615,100.0,1.0012083053588867,mlp,embedding
7559,75600,NaN,NaN,NaN,NaN,0.0011165515752509236,100.0,1.00111722946167,mlp,embedding
7560,75610,NaN,NaN,NaN,NaN,0.0010324687464162707,100.0,1.0010329484939575,mlp,embedding
7561,75620,NaN,NaN,NaN,NaN,0.0009553709533065557,100.0,1.0009558200836182,mlp,embedding
7562,75630,NaN,NaN,NaN,NaN,0.0008848984725773335,100.0,1.000885248184204,mlp,embedding
7563,75640,NaN,NaN,NaN,NaN,0.0008220736053772271,100.0,1.0008224248886108,mlp,embedding
7564,75650,NaN,NaN,NaN,NaN,0.0007604153943248093,100.0,1.0007606744766235,mlp,embedding
7565,75660,NaN,NaN,NaN,NaN,0.0007080770446918905,100.0,1.0007083415985107,mlp,embedding
7566,75670,NaN,NaN,NaN,NaN,0.000657782657071948,100.0,1.0006580352783203,mlp,embedding
7567,75680,NaN,NaN,NaN,NaN,0.000609744165558368,100.0,1.0006098747253418,mlp,embedding
7568,75690,NaN,NaN,NaN,NaN,0.0005671433173120022,100.0,1.0005673170089722,mlp,embedding
7569,75700,NaN,NaN,NaN,NaN,0.0005288218962959945,100.0,1.0005289316177368,mlp,embedding
7570,75710,NaN,NaN,NaN,NaN,0.0004909737035632133,100.0,1.0004911422729492,mlp,embedding
7571,75720,NaN,NaN,NaN,NaN,0.0004540148365776986,100.0,1.000454068183899,mlp,embedding
7572,75730,NaN,NaN,NaN,NaN,0.00042222431511618197,100.0,1.0004223585128784,mlp,embedding
7573,75740,NaN,NaN,NaN,NaN,0.00039297554758377373,100.0,1.000393033027649,mlp,embedding
7574,75750,NaN,NaN,NaN,NaN,0.00036568957148119807,100.0,1.0003657341003418,mlp,embedding
7575,75760,NaN,NaN,NaN,NaN,0.00034118551411665976,100.0,1.0003412961959839,mlp,embedding
7576,75770,NaN,NaN,NaN,NaN,0.0003173809382133186,100.0,1.0003174543380737,mlp,embedding
7577,75780,NaN,NaN,NaN,NaN,0.0002948144101537764,100.0,1.000294804573059,mlp,embedding
7578,75790,NaN,NaN,NaN,NaN,0.0002744298835750669,100.0,1.000274419784546,mlp,embedding
7579,75800,NaN,NaN,NaN,NaN,0.0002549523487687111,100.0,1.0002549886703491,mlp,embedding
7580,75810,NaN,NaN,NaN,NaN,0.00023693904222454876,100.0,1.000236988067627,mlp,embedding
7581,75820,NaN,NaN,NaN,NaN,0.00022023449128028005,100.0,1.0002202987670898,mlp,embedding
7582,75830,NaN,NaN,NaN,NaN,0.00020431185839697719,100.0,1.00020432472229,mlp,embedding
7583,75840,NaN,NaN,NaN,NaN,0.00018937383720185608,100.0,1.0001894235610962,mlp,embedding
7584,75850,NaN,NaN,NaN,NaN,0.00017516825755592436,100.0,1.0001752376556396,mlp,embedding
7585,75860,NaN,NaN,NaN,NaN,0.00016230942856054753,100.0,1.0001623630523682,mlp,embedding
7586,75870,NaN,NaN,NaN,NaN,0.00015075695409905165,100.0,1.0001507997512817,mlp,embedding
7587,75880,NaN,NaN,NaN,NaN,0.00013974311877973378,100.0,1.0001397132873535,mlp,embedding
7588,75890,NaN,NaN,NaN,NaN,0.00012986936781089753,100.0,1.0001298189163208,mlp,embedding
7589,75900,NaN,NaN,NaN,NaN,0.0001207641398650594,100.0,1.000120759010315,mlp,embedding
7590,75910,NaN,NaN,NaN,NaN,0.0001119766166084446,100.0,1.0001119375228882,mlp,embedding
7591,75920,NaN,NaN,NaN,NaN,0.00010391208343207836,100.0,1.0001039505004883,mlp,embedding
7592,75930,NaN,NaN,NaN,NaN,9.649876301409677e-05,100.0,1.0000965595245361,mlp,embedding
7593,75940,NaN,NaN,NaN,NaN,8.981440623756498e-05,100.0,1.0000897645950317,mlp,embedding
7594,75950,NaN,NaN,NaN,NaN,8.366514521185309e-05,100.0,1.0000836849212646,mlp,embedding
7595,75960,NaN,NaN,NaN,NaN,7.781864405842498e-05,100.0,1.0000778436660767,mlp,embedding
7596,75970,NaN,NaN,NaN,NaN,7.251048373291269e-05,100.0,1.0000724792480469,mlp,embedding
7597,75980,NaN,NaN,NaN,NaN,6.754268542863429e-05,100.0,1.0000675916671753,mlp,embedding
7598,75990,NaN,NaN,NaN,NaN,6.307445437414572e-05,100.0,1.0000630617141724,mlp,embedding
7599,76000,NaN,NaN,NaN,NaN,5.8908830396831036e-05,100.0,1.000058889389038,mlp,embedding
7600,76010,NaN,NaN,NaN,NaN,5.5024847824824974e-05,100.0,1.0000550746917725,mlp,embedding
7601,76020,NaN,NaN,NaN,NaN,5.123149458086118e-05,100.0,1.0000512599945068,mlp,embedding
7602,76030,NaN,NaN,NaN,NaN,4.7644745791330934e-05,100.0,1.0000476837158203,mlp,embedding
7603,76040,NaN,NaN,NaN,NaN,4.43749304395169e-05,100.0,1.000044345855713,mlp,embedding
7604,76050,NaN,NaN,NaN,NaN,4.1492588934488595e-05,100.0,1.0000414848327637,mlp,embedding
7605,76060,NaN,NaN,NaN,NaN,3.887245838996023e-05,100.0,1.0000388622283936,mlp,embedding
7606,76070,NaN,NaN,NaN,NaN,3.649124482763e-05,100.0,1.0000364780426025,mlp,embedding
7607,76080,NaN,NaN,NaN,NaN,3.423453017603606e-05,100.0,1.000034213066101,mlp,embedding
7608,76090,NaN,NaN,NaN,NaN,3.199330240022391e-05,100.0,1.0000319480895996,mlp,embedding
7609,76100,NaN,NaN,NaN,NaN,2.990864777530078e-05,100.0,1.0000299215316772,mlp,embedding
7610,76110,NaN,NaN,NaN,NaN,2.804462747008074e-05,100.0,1.0000280141830444,mlp,embedding
7611,76120,NaN,NaN,NaN,NaN,2.6305509891244583e-05,100.0,1.0000263452529907,mlp,embedding
7612,76130,NaN,NaN,NaN,NaN,2.4648630642332137e-05,100.0,1.000024676322937,mlp,embedding
7613,76140,NaN,NaN,NaN,NaN,2.3117016098694876e-05,100.0,1.0000231266021729,mlp,embedding
7614,76150,NaN,NaN,NaN,NaN,2.1684538296540268e-05,100.0,1.0000216960906982,mlp,embedding
7615,76160,NaN,NaN,NaN,NaN,2.0409575881785713e-05,100.0,1.0000203847885132,mlp,embedding
7616,76170,NaN,NaN,NaN,NaN,1.9095296011073515e-05,100.0,1.0000190734863281,mlp,embedding
7617,76180,NaN,NaN,NaN,NaN,1.7928899978869595e-05,100.0,1.0000178813934326,mlp,embedding
7618,76190,NaN,NaN,NaN,NaN,1.681667345110327e-05,100.0,1.0000168085098267,mlp,embedding
7619,76200,NaN,NaN,NaN,NaN,1.58096900122473e-05,100.0,1.0000158548355103,mlp,embedding
7620,76210,NaN,NaN,NaN,NaN,1.4889742487866897e-05,100.0,1.0000149011611938,mlp,embedding
7621,76220,NaN,NaN,NaN,NaN,1.3988968021294568e-05,100.0,1.0000139474868774,mlp,embedding
7622,76230,NaN,NaN,NaN,NaN,1.3223474525148049e-05,100.0,1.0000132322311401,mlp,embedding
7623,76240,NaN,NaN,NaN,NaN,1.2471625268517528e-05,100.0,1.0000125169754028,mlp,embedding
7624,76250,NaN,NaN,NaN,NaN,1.1767213436542079e-05,100.0,1.0000118017196655,mlp,embedding
7625,76260,NaN,NaN,NaN,NaN,1.1023481420124881e-05,100.0,1.0000109672546387,mlp,embedding
7626,76270,NaN,NaN,NaN,NaN,1.0379651939729229e-05,100.0,1.000010371208191,mlp,embedding
7627,76280,NaN,NaN,NaN,NaN,9.837985089689028e-06,100.0,1.0000098943710327,mlp,embedding
7628,76290,NaN,NaN,NaN,NaN,9.240595318260603e-06,100.0,1.000009298324585,mlp,embedding
7629,76300,NaN,NaN,NaN,NaN,8.756876923143864e-06,100.0,1.0000087022781372,mlp,embedding
7630,76310,NaN,NaN,NaN,NaN,8.269095815194305e-06,100.0,1.000008225440979,mlp,embedding
7631,76320,NaN,NaN,NaN,NaN,7.763189387333114e-06,100.0,1.0000077486038208,mlp,embedding
7632,76330,NaN,NaN,NaN,NaN,7.353030923695769e-06,100.0,1.0000073909759521,mlp,embedding
7633,76340,1.4552190350514138e-06,100.0,1.0000014305114746,0.001,6.896161721670069e-06,100.0,1.000006914138794,mlp,embedding
7634,76350,NaN,NaN,NaN,NaN,6.470253083534772e-06,100.0,1.0000064373016357,mlp,embedding
7635,76360,NaN,NaN,NaN,NaN,6.118143573985435e-06,100.0,1.000006079673767,mlp,embedding
7636,76370,NaN,NaN,NaN,NaN,5.751969183620531e-06,100.0,1.0000057220458984,mlp,embedding
7637,76380,NaN,NaN,NaN,NaN,5.3998801377019845e-06,100.0,1.0000053644180298,mlp,embedding
7638,76390,NaN,NaN,NaN,NaN,5.084526947030099e-06,100.0,1.0000051259994507,mlp,embedding
7639,76400,NaN,NaN,NaN,NaN,4.7691987674625125e-06,100.0,1.000004768371582,mlp,embedding
7640,76410,NaN,NaN,NaN,NaN,4.453694600670133e-06,100.0,1.0000044107437134,mlp,embedding
7641,76420,NaN,NaN,NaN,NaN,4.192481810605386e-06,100.0,1.0000041723251343,mlp,embedding
7642,76430,NaN,NaN,NaN,NaN,3.943655428884085e-06,100.0,1.0000039339065552,mlp,embedding
7643,76440,NaN,NaN,NaN,NaN,3.689259983730153e-06,100.0,1.000003695487976,mlp,embedding
7644,76450,NaN,NaN,NaN,NaN,3.448743882472627e-06,100.0,1.000003457069397,mlp,embedding
7645,76460,NaN,NaN,NaN,NaN,3.2649536478857044e-06,100.0,1.0000032186508179,mlp,embedding
7646,76470,NaN,NaN,NaN,NaN,3.0555002012988552e-06,100.0,1.0000030994415283,mlp,embedding
7647,76480,NaN,NaN,NaN,NaN,2.854356125681079e-06,100.0,1.0000028610229492,mlp,embedding
7648,76490,NaN,NaN,NaN,NaN,2.673886683624005e-06,100.0,1.0000026226043701,mlp,embedding
7649,76500,NaN,NaN,NaN,NaN,2.5056790491362335e-06,100.0,1.0000025033950806,mlp,embedding
7650,76510,NaN,NaN,NaN,NaN,2.3311883978749393e-06,100.0,1.000002384185791,mlp,embedding
7651,76520,NaN,NaN,NaN,NaN,2.2040494513930753e-06,100.0,1.000002145767212,mlp,embedding
7652,76530,NaN,NaN,NaN,NaN,2.0261891222617123e-06,100.0,1.0000020265579224,mlp,embedding
7653,76540,NaN,NaN,NaN,NaN,1.916658902700874e-06,100.0,1.0000019073486328,mlp,embedding
7654,76550,NaN,NaN,NaN,NaN,1.773813210093067e-06,100.0,1.0000017881393433,mlp,embedding
7655,76560,NaN,NaN,NaN,NaN,1.6757850289650378e-06,100.0,1.0000016689300537,mlp,embedding
7656,76570,NaN,NaN,NaN,NaN,1.5490276155105676e-06,100.0,1.0000015497207642,mlp,embedding
7657,76580,NaN,NaN,NaN,NaN,1.4547507589668385e-06,100.0,1.0000014305114746,mlp,embedding
7658,76590,NaN,NaN,NaN,NaN,1.347197212453466e-06,100.0,1.000001311302185,mlp,embedding
7659,76600,NaN,NaN,NaN,NaN,1.2638654425245477e-06,100.0,1.000001311302185,mlp,embedding
7660,76610,NaN,NaN,NaN,NaN,1.1792161558332737e-06,100.0,1.0000011920928955,mlp,embedding
7661,76620,NaN,NaN,NaN,NaN,1.1112888387287967e-06,100.0,1.000001072883606,mlp,embedding
7662,76630,NaN,NaN,NaN,NaN,1.0591462569209398e-06,100.0,1.000001072883606,mlp,embedding
7663,76640,NaN,NaN,NaN,NaN,1.0025443089034525e-06,100.0,1.0000009536743164,mlp,embedding
7664,76650,NaN,NaN,NaN,NaN,9.805253284866922e-07,100.0,1.0000009536743164,mlp,embedding
7665,76660,NaN,NaN,NaN,NaN,9.2222609282544e-07,100.0,1.0000009536743164,mlp,embedding
7666,76670,NaN,NaN,NaN,NaN,9.012733244162519e-07,100.0,1.0000009536743164,mlp,embedding
7667,76680,NaN,NaN,NaN,NaN,8.465977430205385e-07,100.0,1.0000008344650269,mlp,embedding
7668,76690,NaN,NaN,NaN,NaN,8.118104233290069e-07,100.0,1.0000008344650269,mlp,embedding
7669,76700,NaN,NaN,NaN,NaN,8.331182925758185e-07,100.0,1.0000008344650269,mlp,embedding
7670,76710,NaN,NaN,NaN,NaN,8.697774660504365e-07,100.0,1.0000008344650269,mlp,embedding
7671,76720,NaN,NaN,NaN,NaN,9.746944442667882e-07,100.0,1.0000009536743164,mlp,embedding
7672,76730,NaN,NaN,NaN,NaN,1.2074162896169582e-06,100.0,1.0000011920928955,mlp,embedding
7673,76740,NaN,NaN,NaN,NaN,0.43830543756484985,89.22422790527344,1.550078272819519,mlp,embedding
7674,76750,NaN,NaN,NaN,NaN,0.31333127617836,91.62593078613281,1.3679746389389038,mlp,embedding
7675,76760,NaN,NaN,NaN,NaN,0.053429875522851944,98.17215728759766,1.0548830032348633,mlp,embedding
7676,76770,NaN,NaN,NaN,NaN,0.009127162396907806,99.80870819091797,1.0091689825057983,mlp,embedding
7677,76780,NaN,NaN,NaN,NaN,0.002899962244555354,99.97874450683594,1.0029041767120361,mlp,embedding
7678,76790,NaN,NaN,NaN,NaN,0.0011831081937998533,100.0,1.0011838674545288,mlp,embedding
7679,76800,NaN,NaN,NaN,NaN,0.0007755002588964999,100.0,1.0007758140563965,mlp,embedding
7680,76810,NaN,NaN,NaN,NaN,0.0006012493395246565,100.0,1.0006014108657837,mlp,embedding
7681,76820,NaN,NaN,NaN,NaN,0.0005065812147222459,100.0,1.0005067586898804,mlp,embedding
7682,76830,NaN,NaN,NaN,NaN,0.0004437221505213529,100.0,1.0004438161849976,mlp,embedding
7683,76840,NaN,NaN,NaN,NaN,0.0004001128545496613,100.0,1.000400185585022,mlp,embedding
7684,76850,NaN,NaN,NaN,NaN,0.00036558040301315486,100.0,1.0003656148910522,mlp,embedding
7685,76860,NaN,NaN,NaN,NaN,0.0003375107189640403,100.0,1.0003376007080078,mlp,embedding
7686,76870,NaN,NaN,NaN,NaN,0.0003143705253023654,100.0,1.000314474105835,mlp,embedding
7687,76880,NaN,NaN,NaN,NaN,0.00029245205223560333,100.0,1.0002925395965576,mlp,embedding
7688,76890,NaN,NaN,NaN,NaN,0.0002726025995798409,100.0,1.0002726316452026,mlp,embedding
7689,76900,NaN,NaN,NaN,NaN,0.0002550646022427827,100.0,1.0002551078796387,mlp,embedding
7690,76910,NaN,NaN,NaN,NaN,0.00023706149659119546,100.0,1.0002371072769165,mlp,embedding
7691,76920,NaN,NaN,NaN,NaN,0.00022139528300613165,100.0,1.0002213716506958,mlp,embedding
7692,76930,NaN,NaN,NaN,NaN,0.00020774369477294385,100.0,1.000207781791687,mlp,embedding
7693,76940,NaN,NaN,NaN,NaN,0.00019471898849587888,100.0,1.000194787979126,mlp,embedding
7694,76950,NaN,NaN,NaN,NaN,0.0001829864049796015,100.0,1.0001829862594604,mlp,embedding
7695,76960,NaN,NaN,NaN,NaN,0.0001721861626720056,100.0,1.0001722574234009,mlp,embedding
7696,76970,NaN,NaN,NaN,NaN,0.00016231021436396986,100.0,1.0001623630523682,mlp,embedding
7697,76980,NaN,NaN,NaN,NaN,0.0001531243760837242,100.0,1.0001531839370728,mlp,embedding
7698,76990,NaN,NaN,NaN,NaN,0.00014425501285586506,100.0,1.0001442432403564,mlp,embedding
7699,77000,NaN,NaN,NaN,NaN,0.00013576292258221656,100.0,1.0001357793807983,mlp,embedding
7700,77010,NaN,NaN,NaN,NaN,0.0001275136019103229,100.0,1.0001275539398193,mlp,embedding
7701,77020,NaN,NaN,NaN,NaN,0.00011954120418522507,100.0,1.0001195669174194,mlp,embedding
7702,77030,NaN,NaN,NaN,NaN,0.00011192356032552198,100.0,1.0001119375228882,mlp,embedding
7703,77040,NaN,NaN,NaN,NaN,0.00010480687342351303,100.0,1.0001047849655151,mlp,embedding
7704,77050,NaN,NaN,NaN,NaN,9.807263995753601e-05,100.0,1.0000981092453003,mlp,embedding
7705,77060,NaN,NaN,NaN,NaN,9.16754434001632e-05,100.0,1.0000916719436646,mlp,embedding
7706,77070,NaN,NaN,NaN,NaN,8.546932076569647e-05,100.0,1.000085473060608,mlp,embedding
7707,77080,NaN,NaN,NaN,NaN,7.994387851795182e-05,100.0,1.0000799894332886,mlp,embedding
7708,77090,NaN,NaN,NaN,NaN,7.473446021322161e-05,100.0,1.0000747442245483,mlp,embedding
7709,77100,1.9640752725536004e-05,100.0,1.0000196695327759,0.001,6.986534572206438e-05,100.0,1.0000698566436768,mlp,embedding
7710,77110,NaN,NaN,NaN,NaN,6.525322532979771e-05,100.0,1.0000652074813843,mlp,embedding
7711,77120,NaN,NaN,NaN,NaN,6.091757313697599e-05,100.0,1.0000609159469604,mlp,embedding
7712,77130,NaN,NaN,NaN,NaN,5.669966776622459e-05,100.0,1.0000567436218262,mlp,embedding
7713,77140,NaN,NaN,NaN,NaN,5.285269071464427e-05,100.0,1.000052809715271,mlp,embedding
7714,77150,NaN,NaN,NaN,NaN,4.933433956466615e-05,100.0,1.000049352645874,mlp,embedding
7715,77160,NaN,NaN,NaN,NaN,4.60078808828257e-05,100.0,1.0000460147857666,mlp,embedding
7716,77170,NaN,NaN,NaN,NaN,4.2871706682490185e-05,100.0,1.0000429153442383,mlp,embedding
7717,77180,NaN,NaN,NaN,NaN,3.9947586628841236e-05,100.0,1.0000399351119995,mlp,embedding
7718,77190,NaN,NaN,NaN,NaN,3.7116285966476426e-05,100.0,1.0000370740890503,mlp,embedding
7719,77200,NaN,NaN,NaN,NaN,3.452964301686734e-05,100.0,1.0000345706939697,mlp,embedding
7720,77210,NaN,NaN,NaN,NaN,3.2029809517553076e-05,100.0,1.0000320672988892,mlp,embedding
7721,77220,NaN,NaN,NaN,NaN,2.981141187774483e-05,100.0,1.0000298023223877,mlp,embedding
7722,77230,NaN,NaN,NaN,NaN,2.7865606170962565e-05,100.0,1.0000278949737549,mlp,embedding
7723,77240,NaN,NaN,NaN,NaN,2.603016582725104e-05,100.0,1.000025987625122,mlp,embedding
7724,77250,NaN,NaN,NaN,NaN,2.4363936972804368e-05,100.0,1.0000243186950684,mlp,embedding
7725,77260,NaN,NaN,NaN,NaN,2.2719408661941998e-05,100.0,1.0000227689743042,mlp,embedding
7726,77270,NaN,NaN,NaN,NaN,2.1262141672195867e-05,100.0,1.00002121925354,mlp,embedding
7727,77280,NaN,NaN,NaN,NaN,1.9927028915844858e-05,100.0,1.000019907951355,mlp,embedding
7728,77290,NaN,NaN,NaN,NaN,1.8723896573646925e-05,100.0,1.0000187158584595,mlp,embedding
7729,77300,NaN,NaN,NaN,NaN,1.7533986465423368e-05,100.0,1.000017523765564,mlp,embedding
7730,77310,NaN,NaN,NaN,NaN,1.633371903153602e-05,100.0,1.0000163316726685,mlp,embedding
7731,77320,NaN,NaN,NaN,NaN,1.5246120710799005e-05,100.0,1.0000152587890625,mlp,embedding
7732,77330,NaN,NaN,NaN,NaN,1.4279419701779261e-05,100.0,1.000014305114746,mlp,embedding
7733,77340,NaN,NaN,NaN,NaN,1.3357049283513334e-05,100.0,1.0000133514404297,mlp,embedding
7734,77350,NaN,NaN,NaN,NaN,1.2586328921315726e-05,100.0,1.0000126361846924,mlp,embedding
7735,77360,NaN,NaN,NaN,NaN,1.1793973499152344e-05,100.0,1.0000118017196655,mlp,embedding
7736,77370,NaN,NaN,NaN,NaN,1.1102340977231506e-05,100.0,1.0000110864639282,mlp,embedding
7737,77380,NaN,NaN,NaN,NaN,1.0472207577549852e-05,100.0,1.0000104904174805,mlp,embedding
7738,77390,NaN,NaN,NaN,NaN,9.861629223451018e-06,100.0,1.0000098943710327,mlp,embedding
7739,77400,NaN,NaN,NaN,NaN,9.33167575567495e-06,100.0,1.000009298324585,mlp,embedding
7740,77410,NaN,NaN,NaN,NaN,8.791725122136995e-06,100.0,1.0000088214874268,mlp,embedding
7741,77420,NaN,NaN,NaN,NaN,8.317251740663778e-06,100.0,1.0000083446502686,mlp,embedding
7742,77430,NaN,NaN,NaN,NaN,7.890180313552264e-06,100.0,1.0000078678131104,mlp,embedding
7743,77440,NaN,NaN,NaN,NaN,7.453738817275735e-06,100.0,1.0000075101852417,mlp,embedding
7744,77450,NaN,NaN,NaN,NaN,7.0728656282881275e-06,100.0,1.0000070333480835,mlp,embedding
7745,77460,NaN,NaN,NaN,NaN,6.646964720857795e-06,100.0,1.0000066757202148,mlp,embedding
7746,77470,NaN,NaN,NaN,NaN,6.336755632219138e-06,100.0,1.0000063180923462,mlp,embedding
7747,77480,NaN,NaN,NaN,NaN,5.980209607514553e-06,100.0,1.0000059604644775,mlp,embedding
7748,77490,NaN,NaN,NaN,NaN,5.6793792282405775e-06,100.0,1.0000057220458984,mlp,embedding
7749,77500,NaN,NaN,NaN,NaN,5.376998160500079e-06,100.0,1.0000053644180298,mlp,embedding
7750,77510,NaN,NaN,NaN,NaN,5.1223232730990276e-06,100.0,1.0000051259994507,mlp,embedding
7751,77520,NaN,NaN,NaN,NaN,4.8946535571303684e-06,100.0,1.0000048875808716,mlp,embedding
7752,77530,NaN,NaN,NaN,NaN,4.627541784429923e-06,100.0,1.0000046491622925,mlp,embedding
7753,77540,NaN,NaN,NaN,NaN,4.407014785101637e-06,100.0,1.0000044107437134,mlp,embedding
7754,77550,NaN,NaN,NaN,NaN,4.19193975176313e-06,100.0,1.0000041723251343,mlp,embedding
7755,77560,NaN,NaN,NaN,NaN,3.97607891500229e-06,100.0,1.0000039339065552,mlp,embedding
7756,77570,NaN,NaN,NaN,NaN,3.764394023164641e-06,100.0,1.0000038146972656,mlp,embedding
7757,77580,NaN,NaN,NaN,NaN,3.5913476494897623e-06,100.0,1.0000035762786865,mlp,embedding
7758,77590,NaN,NaN,NaN,NaN,3.4247623261762783e-06,100.0,1.000003457069397,mlp,embedding
7759,77600,NaN,NaN,NaN,NaN,3.269857643317664e-06,100.0,1.0000032186508179,mlp,embedding
7760,77610,NaN,NaN,NaN,NaN,3.118448148597963e-06,100.0,1.0000030994415283,mlp,embedding
7761,77620,NaN,NaN,NaN,NaN,2.990018401760608e-06,100.0,1.0000029802322388,mlp,embedding
7762,77630,NaN,NaN,NaN,NaN,2.854695821952191e-06,100.0,1.0000028610229492,mlp,embedding
7763,77640,NaN,NaN,NaN,NaN,2.7196538212592714e-06,100.0,1.0000027418136597,mlp,embedding
7764,77650,NaN,NaN,NaN,NaN,2.5966962766688084e-06,100.0,1.0000026226043701,mlp,embedding
7765,77660,NaN,NaN,NaN,NaN,2.4668231617397396e-06,100.0,1.0000025033950806,mlp,embedding
7766,77670,NaN,NaN,NaN,NaN,2.368592504353728e-06,100.0,1.000002384185791,mlp,embedding
7767,77680,NaN,NaN,NaN,NaN,2.259594339193427e-06,100.0,1.0000022649765015,mlp,embedding
7768,77690,NaN,NaN,NaN,NaN,2.159642917831661e-06,100.0,1.000002145767212,mlp,embedding
7769,77700,NaN,NaN,NaN,NaN,2.070001301035518e-06,100.0,1.0000020265579224,mlp,embedding
7770,77710,NaN,NaN,NaN,NaN,1.945726353369537e-06,100.0,1.0000019073486328,mlp,embedding
7771,77720,NaN,NaN,NaN,NaN,1.9029317854801775e-06,100.0,1.0000019073486328,mlp,embedding
7772,77730,NaN,NaN,NaN,NaN,1.785243853191787e-06,100.0,1.0000017881393433,mlp,embedding
7773,77740,NaN,NaN,NaN,NaN,1.6858739400049672e-06,100.0,1.0000016689300537,mlp,embedding
7774,77750,NaN,NaN,NaN,NaN,1.6214175957429688e-06,100.0,1.0000016689300537,mlp,embedding
7775,77760,NaN,NaN,NaN,NaN,1.5389472309834673e-06,100.0,1.0000015497207642,mlp,embedding
7776,77770,NaN,NaN,NaN,NaN,1.5184484709607204e-06,100.0,1.0000015497207642,mlp,embedding
7777,77780,NaN,NaN,NaN,NaN,1.3989879334985744e-06,100.0,1.0000014305114746,mlp,embedding
7778,77790,NaN,NaN,NaN,NaN,1.3323270877663163e-06,100.0,1.000001311302185,mlp,embedding
7779,77800,NaN,NaN,NaN,NaN,1.3302226307132514e-06,100.0,1.000001311302185,mlp,embedding
7780,77810,NaN,NaN,NaN,NaN,1.3232538549345918e-06,100.0,1.000001311302185,mlp,embedding
7781,77820,NaN,NaN,NaN,NaN,1.2509937050708686e-06,100.0,1.0000011920928955,mlp,embedding
7782,77830,NaN,NaN,NaN,NaN,1.191376782117004e-06,100.0,1.0000011920928955,mlp,embedding
7783,77840,NaN,NaN,NaN,NaN,1.1425541970311315e-06,100.0,1.0000011920928955,mlp,embedding
7784,77850,NaN,NaN,NaN,NaN,1.097504991776077e-06,100.0,1.000001072883606,mlp,embedding
7785,77860,NaN,NaN,NaN,NaN,1.170978976006154e-06,100.0,1.0000011920928955,mlp,embedding
7786,77870,2.0038004322486813e-07,100.0,1.000000238418579,0.001,1.045309772962355e-06,100.0,1.000001072883606,mlp,embedding
7787,77880,NaN,NaN,NaN,NaN,1.155568270405638e-06,100.0,1.0000011920928955,mlp,embedding
7788,77890,NaN,NaN,NaN,NaN,1.0720633554228698e-06,100.0,1.000001072883606,mlp,embedding
7789,77900,NaN,NaN,NaN,NaN,1.4162179695631494e-06,100.0,1.0000014305114746,mlp,embedding
7790,77910,NaN,NaN,NaN,NaN,1.1948701512665139e-06,100.0,1.0000011920928955,mlp,embedding
7791,77920,NaN,NaN,NaN,NaN,1.1405885219573975,82.46546173095703,3.1286091804504395,mlp,embedding
7792,77930,NaN,NaN,NaN,NaN,0.1295088827610016,95.472900390625,1.1382691860198975,mlp,embedding
7793,77940,NaN,NaN,NaN,NaN,0.018418733030557632,99.48989868164062,1.0185893774032593,mlp,embedding
7794,77950,NaN,NaN,NaN,NaN,0.009938210248947144,99.6599349975586,1.009987711906433,mlp,embedding
7795,77960,NaN,NaN,NaN,NaN,0.003662089118734002,99.89373016357422,1.0036687850952148,mlp,embedding
7796,77970,NaN,NaN,NaN,NaN,0.0019986359402537346,99.95748901367188,1.0020006895065308,mlp,embedding
7797,77980,NaN,NaN,NaN,NaN,0.0012083137407898903,99.95748901367188,1.001209020614624,mlp,embedding
7798,77990,NaN,NaN,NaN,NaN,0.0008522982243448496,100.0,1.0008527040481567,mlp,embedding
7799,78000,NaN,NaN,NaN,NaN,0.0006575171137228608,100.0,1.0006576776504517,mlp,embedding
7800,78010,NaN,NaN,NaN,NaN,0.0005398229113779962,100.0,1.000540018081665,mlp,embedding
7801,78020,NaN,NaN,NaN,NaN,0.00046245360863395035,100.0,1.000462532043457,mlp,embedding
7802,78030,NaN,NaN,NaN,NaN,0.00040434711263515055,100.0,1.0004044771194458,mlp,embedding
7803,78040,NaN,NaN,NaN,NaN,0.00035977616789750755,100.0,1.0003598928451538,mlp,embedding
7804,78050,NaN,NaN,NaN,NaN,0.0003215815231669694,100.0,1.000321626663208,mlp,embedding
7805,78060,NaN,NaN,NaN,NaN,0.00028946087695658207,100.0,1.0002895593643188,mlp,embedding
7806,78070,NaN,NaN,NaN,NaN,0.000260327709838748,100.0,1.000260353088379,mlp,embedding
7807,78080,NaN,NaN,NaN,NaN,0.00023510232858825475,100.0,1.0002350807189941,mlp,embedding
7808,78090,NaN,NaN,NaN,NaN,0.00021468235354404896,100.0,1.000214695930481,mlp,embedding
7809,78100,NaN,NaN,NaN,NaN,0.0001952472230186686,100.0,1.0001952648162842,mlp,embedding
7810,78110,NaN,NaN,NaN,NaN,0.00017781283531803638,100.0,1.0001778602600098,mlp,embedding
7811,78120,NaN,NaN,NaN,NaN,0.00016260542906820774,100.0,1.0001626014709473,mlp,embedding
7812,78130,NaN,NaN,NaN,NaN,0.00014851240848656744,100.0,1.0001485347747803,mlp,embedding
7813,78140,NaN,NaN,NaN,NaN,0.00013600157399196178,100.0,1.0001360177993774,mlp,embedding
7814,78150,NaN,NaN,NaN,NaN,0.00012454674288164824,100.0,1.0001245737075806,mlp,embedding
7815,78160,NaN,NaN,NaN,NaN,0.00011434809857746586,100.0,1.0001143217086792,mlp,embedding
7816,78170,NaN,NaN,NaN,NaN,0.000105259932752233,100.0,1.0001052618026733,mlp,embedding
7817,78180,NaN,NaN,NaN,NaN,9.70819455687888e-05,100.0,1.0000970363616943,mlp,embedding
7818,78190,NaN,NaN,NaN,NaN,8.965940651251003e-05,100.0,1.0000896453857422,mlp,embedding
7819,78200,NaN,NaN,NaN,NaN,8.296486339531839e-05,100.0,1.0000829696655273,mlp,embedding
7820,78210,NaN,NaN,NaN,NaN,7.666245801374316e-05,100.0,1.0000766515731812,mlp,embedding
7821,78220,NaN,NaN,NaN,NaN,7.091157749528065e-05,100.0,1.0000709295272827,mlp,embedding
7822,78230,NaN,NaN,NaN,NaN,6.527626828756183e-05,100.0,1.0000653266906738,mlp,embedding
7823,78240,NaN,NaN,NaN,NaN,5.9922647778876126e-05,100.0,1.000059962272644,mlp,embedding
7824,78250,NaN,NaN,NaN,NaN,5.5364227591780946e-05,100.0,1.0000553131103516,mlp,embedding
7825,78260,NaN,NaN,NaN,NaN,5.1279112085467204e-05,100.0,1.0000512599945068,mlp,embedding
7826,78270,NaN,NaN,NaN,NaN,4.7508947318419814e-05,100.0,1.0000475645065308,mlp,embedding
7827,78280,NaN,NaN,NaN,NaN,4.3840129364980385e-05,100.0,1.0000438690185547,mlp,embedding
7828,78290,NaN,NaN,NaN,NaN,4.0616268961457536e-05,100.0,1.0000406503677368,mlp,embedding
7829,78300,NaN,NaN,NaN,NaN,3.764443317777477e-05,100.0,1.000037670135498,mlp,embedding
7830,78310,NaN,NaN,NaN,NaN,3.4968565159942955e-05,100.0,1.0000349283218384,mlp,embedding
7831,78320,NaN,NaN,NaN,NaN,3.259594086557627e-05,100.0,1.0000325441360474,mlp,embedding
7832,78330,NaN,NaN,NaN,NaN,3.0298386263893917e-05,100.0,1.000030279159546,mlp,embedding
7833,78340,NaN,NaN,NaN,NaN,2.821236012096051e-05,100.0,1.0000282526016235,mlp,embedding
7834,78350,NaN,NaN,NaN,NaN,2.6281455575372092e-05,100.0,1.0000262260437012,mlp,embedding
7835,78360,NaN,NaN,NaN,NaN,2.4541404854971915e-05,100.0,1.0000245571136475,mlp,embedding
7836,78370,NaN,NaN,NaN,NaN,2.2934495063964278e-05,100.0,1.0000228881835938,mlp,embedding
7837,78380,NaN,NaN,NaN,NaN,2.1364436179283075e-05,100.0,1.0000213384628296,mlp,embedding
7838,78390,NaN,NaN,NaN,NaN,1.9897766833310015e-05,100.0,1.000019907951355,mlp,embedding
7839,78400,NaN,NaN,NaN,NaN,1.8608900063554756e-05,100.0,1.00001859664917,mlp,embedding
7840,78410,NaN,NaN,NaN,NaN,1.7440108422306366e-05,100.0,1.0000174045562744,mlp,embedding
7841,78420,NaN,NaN,NaN,NaN,1.6377765859942883e-05,100.0,1.0000163316726685,mlp,embedding
7842,78430,NaN,NaN,NaN,NaN,1.5346353393397294e-05,100.0,1.000015377998352,mlp,embedding
7843,78440,NaN,NaN,NaN,NaN,1.441356562281726e-05,100.0,1.0000144243240356,mlp,embedding
7844,78450,NaN,NaN,NaN,NaN,1.3549080904340371e-05,100.0,1.0000135898590088,mlp,embedding
7845,78460,NaN,NaN,NaN,NaN,1.2779912140103988e-05,100.0,1.000012755393982,mlp,embedding
7846,78470,NaN,NaN,NaN,NaN,1.2057815183652565e-05,100.0,1.0000120401382446,mlp,embedding
7847,78480,NaN,NaN,NaN,NaN,1.1404007636883762e-05,100.0,1.0000114440917969,mlp,embedding
7848,78490,NaN,NaN,NaN,NaN,1.0784907317429315e-05,100.0,1.0000107288360596,mlp,embedding
7849,78500,NaN,NaN,NaN,NaN,1.0232804925180972e-05,100.0,1.0000102519989014,mlp,embedding
7850,78510,NaN,NaN,NaN,NaN,9.744206181494519e-06,100.0,1.0000097751617432,mlp,embedding
7851,78520,NaN,NaN,NaN,NaN,9.267097993870266e-06,100.0,1.000009298324585,mlp,embedding
7852,78530,NaN,NaN,NaN,NaN,8.850211997923907e-06,100.0,1.0000088214874268,mlp,embedding
7853,78540,NaN,NaN,NaN,NaN,8.469665772281587e-06,100.0,1.000008463859558,mlp,embedding
7854,78550,NaN,NaN,NaN,NaN,8.143602826748975e-06,100.0,1.0000081062316895,mlp,embedding
7855,78560,NaN,NaN,NaN,NaN,7.81234211899573e-06,100.0,1.0000078678131104,mlp,embedding
7856,78570,NaN,NaN,NaN,NaN,7.489619747502729e-06,100.0,1.0000075101852417,mlp,embedding
7857,78580,NaN,NaN,NaN,NaN,7.170539902290329e-06,100.0,1.000007152557373,mlp,embedding
7858,78590,NaN,NaN,NaN,NaN,6.874587597849313e-06,100.0,1.000006914138794,mlp,embedding
7859,78600,NaN,NaN,NaN,NaN,6.6126062847615685e-06,100.0,1.0000065565109253,mlp,embedding
7860,78610,NaN,NaN,NaN,NaN,6.372458301484585e-06,100.0,1.0000063180923462,mlp,embedding
7861,78620,NaN,NaN,NaN,NaN,6.161541477922583e-06,100.0,1.0000061988830566,mlp,embedding
7862,78630,NaN,NaN,NaN,NaN,5.940112259850139e-06,100.0,1.0000059604644775,mlp,embedding
7863,78640,1.7165705230581807e-06,100.0,1.0000016689300537,0.001,5.732997124141548e-06,100.0,1.0000057220458984,mlp,embedding
7864,78650,NaN,NaN,NaN,NaN,5.54518737772014e-06,100.0,1.0000056028366089,mlp,embedding
7865,78660,NaN,NaN,NaN,NaN,5.356465408112854e-06,100.0,1.0000053644180298,mlp,embedding
7866,78670,NaN,NaN,NaN,NaN,5.174175839783857e-06,100.0,1.0000051259994507,mlp,embedding
7867,78680,NaN,NaN,NaN,NaN,5.002399575460004e-06,100.0,1.0000050067901611,mlp,embedding
7868,78690,NaN,NaN,NaN,NaN,4.842227099288721e-06,100.0,1.0000048875808716,mlp,embedding
7869,78700,NaN,NaN,NaN,NaN,4.677594006352592e-06,100.0,1.0000046491622925,mlp,embedding
7870,78710,NaN,NaN,NaN,NaN,4.524564246821683e-06,100.0,1.000004529953003,mlp,embedding
7871,78720,NaN,NaN,NaN,NaN,4.368848294689087e-06,100.0,1.0000044107437134,mlp,embedding
7872,78730,NaN,NaN,NaN,NaN,4.2522760850260966e-06,100.0,1.0000042915344238,mlp,embedding
7873,78740,NaN,NaN,NaN,NaN,4.119669029023498e-06,100.0,1.0000041723251343,mlp,embedding
7874,78750,NaN,NaN,NaN,NaN,3.945356183976401e-06,100.0,1.0000039339065552,mlp,embedding
7875,78760,NaN,NaN,NaN,NaN,3.7984307255101157e-06,100.0,1.0000038146972656,mlp,embedding
7876,78770,NaN,NaN,NaN,NaN,3.6593851291399915e-06,100.0,1.000003695487976,mlp,embedding
7877,78780,NaN,NaN,NaN,NaN,3.5345526612218237e-06,100.0,1.0000035762786865,mlp,embedding
7878,78790,NaN,NaN,NaN,NaN,3.3891722068801755e-06,100.0,1.0000033378601074,mlp,embedding
7879,78800,NaN,NaN,NaN,NaN,3.266112344135763e-06,100.0,1.0000032186508179,mlp,embedding
7880,78810,NaN,NaN,NaN,NaN,3.1390511594509007e-06,100.0,1.0000030994415283,mlp,embedding
7881,78820,NaN,NaN,NaN,NaN,2.9882755825383356e-06,100.0,1.0000029802322388,mlp,embedding
7882,78830,NaN,NaN,NaN,NaN,2.874312031053705e-06,100.0,1.0000028610229492,mlp,embedding
7883,78840,NaN,NaN,NaN,NaN,2.7490229967952473e-06,100.0,1.0000027418136597,mlp,embedding
7884,78850,NaN,NaN,NaN,NaN,2.6172733669227455e-06,100.0,1.0000026226043701,mlp,embedding
7885,78860,NaN,NaN,NaN,NaN,2.520360567359603e-06,100.0,1.0000025033950806,mlp,embedding
7886,78870,NaN,NaN,NaN,NaN,2.3933746433613123e-06,100.0,1.000002384185791,mlp,embedding
7887,78880,NaN,NaN,NaN,NaN,2.292408680659719e-06,100.0,1.0000022649765015,mlp,embedding
7888,78890,NaN,NaN,NaN,NaN,2.1757839476777008e-06,100.0,1.000002145767212,mlp,embedding
7889,78900,NaN,NaN,NaN,NaN,2.0703078007500153e-06,100.0,1.0000020265579224,mlp,embedding
7890,78910,NaN,NaN,NaN,NaN,1.9628555492090527e-06,100.0,1.0000019073486328,mlp,embedding
7891,78920,NaN,NaN,NaN,NaN,1.8648280502020498e-06,100.0,1.0000019073486328,mlp,embedding
7892,78930,NaN,NaN,NaN,NaN,1.7644185845711036e-06,100.0,1.0000017881393433,mlp,embedding
7893,78940,NaN,NaN,NaN,NaN,1.6765262671469827e-06,100.0,1.0000016689300537,mlp,embedding
7894,78950,NaN,NaN,NaN,NaN,1.5760164160383283e-06,100.0,1.0000015497207642,mlp,embedding
7895,78960,NaN,NaN,NaN,NaN,1.4654223150500911e-06,100.0,1.0000014305114746,mlp,embedding
7896,78970,NaN,NaN,NaN,NaN,1.4006111541675637e-06,100.0,1.0000014305114746,mlp,embedding
7897,78980,NaN,NaN,NaN,NaN,1.3121610891175806e-06,100.0,1.000001311302185,mlp,embedding
7898,78990,NaN,NaN,NaN,NaN,1.2090665677533252e-06,100.0,1.0000011920928955,mlp,embedding
7899,79000,NaN,NaN,NaN,NaN,1.1486130233606673e-06,100.0,1.0000011920928955,mlp,embedding
7900,79010,NaN,NaN,NaN,NaN,1.091301328415284e-06,100.0,1.000001072883606,mlp,embedding
7901,79020,NaN,NaN,NaN,NaN,9.99633584797266e-07,100.0,1.0000009536743164,mlp,embedding
7902,79030,NaN,NaN,NaN,NaN,9.490108823229093e-07,100.0,1.0000009536743164,mlp,embedding
7903,79040,NaN,NaN,NaN,NaN,8.941821079133661e-07,100.0,1.0000009536743164,mlp,embedding
7904,79050,NaN,NaN,NaN,NaN,8.567597546971228e-07,100.0,1.0000008344650269,mlp,embedding
7905,79060,NaN,NaN,NaN,NaN,8.048199902077613e-07,100.0,1.0000008344650269,mlp,embedding
7906,79070,NaN,NaN,NaN,NaN,7.492566851396987e-07,100.0,1.0000007152557373,mlp,embedding
7907,79080,NaN,NaN,NaN,NaN,7.22222523563687e-07,100.0,1.0000007152557373,mlp,embedding
7908,79090,NaN,NaN,NaN,NaN,7.124927492441202e-07,100.0,1.0000007152557373,mlp,embedding
7909,79100,NaN,NaN,NaN,NaN,6.989628786868707e-07,100.0,1.0000007152557373,mlp,embedding
7910,79110,NaN,NaN,NaN,NaN,6.809732440160587e-07,100.0,1.0000007152557373,mlp,embedding
7911,79120,NaN,NaN,NaN,NaN,6.545733981511148e-07,100.0,1.0000005960464478,mlp,embedding
7912,79130,NaN,NaN,NaN,NaN,6.882964385113155e-07,100.0,1.0000007152557373,mlp,embedding
7913,79140,NaN,NaN,NaN,NaN,7.098063292687584e-07,100.0,1.0000007152557373,mlp,embedding
7914,79150,NaN,NaN,NaN,NaN,1.0027160897152498e-06,100.0,1.0000009536743164,mlp,embedding
7915,79160,NaN,NaN,NaN,NaN,2.6439878940582275,59.34112548828125,14.069198608398438,mlp,embedding
7916,79170,NaN,NaN,NaN,NaN,0.4784243106842041,91.54090881347656,1.613529920578003,mlp,embedding
7917,79180,NaN,NaN,NaN,NaN,0.09175524115562439,97.7045669555664,1.0960965156555176,mlp,embedding
7918,79190,NaN,NaN,NaN,NaN,0.019784100353717804,99.42613983154297,1.0199811458587646,mlp,embedding
7919,79200,NaN,NaN,NaN,NaN,0.005635702982544899,99.89373016357422,1.005651593208313,mlp,embedding
7920,79210,NaN,NaN,NaN,NaN,0.0022563717793673277,99.97874450683594,1.0022588968276978,mlp,embedding
7921,79220,NaN,NaN,NaN,NaN,0.0013510131975635886,99.97874450683594,1.0013519525527954,mlp,embedding
7922,79230,NaN,NaN,NaN,NaN,0.000991474254988134,100.0,1.000991940498352,mlp,embedding
7923,79240,NaN,NaN,NaN,NaN,0.000808845623396337,100.0,1.0008091926574707,mlp,embedding
7924,79250,NaN,NaN,NaN,NaN,0.0006958827725611627,100.0,1.0006961822509766,mlp,embedding
7925,79260,NaN,NaN,NaN,NaN,0.0006143917562440038,100.0,1.0006145238876343,mlp,embedding
7926,79270,NaN,NaN,NaN,NaN,0.0005536274402402341,100.0,1.0005537271499634,mlp,embedding
7927,79280,NaN,NaN,NaN,NaN,0.0005001069512218237,100.0,1.000500202178955,mlp,embedding
7928,79290,NaN,NaN,NaN,NaN,0.00045561918523162603,100.0,1.0004557371139526,mlp,embedding
7929,79300,NaN,NaN,NaN,NaN,0.00041645902092568576,100.0,1.0004165172576904,mlp,embedding
7930,79310,NaN,NaN,NaN,NaN,0.00038209446938708425,100.0,1.0003821849822998,mlp,embedding
7931,79320,NaN,NaN,NaN,NaN,0.0003511211834847927,100.0,1.0003511905670166,mlp,embedding
7932,79330,NaN,NaN,NaN,NaN,0.00032372790155932307,100.0,1.00032377243042,mlp,embedding
7933,79340,NaN,NaN,NaN,NaN,0.00029924785485491157,100.0,1.000299334526062,mlp,embedding
7934,79350,NaN,NaN,NaN,NaN,0.00027699771453626454,100.0,1.000277042388916,mlp,embedding
7935,79360,NaN,NaN,NaN,NaN,0.0002564337046351284,100.0,1.0002564191818237,mlp,embedding
7936,79370,NaN,NaN,NaN,NaN,0.0002364467945881188,100.0,1.0002365112304688,mlp,embedding
7937,79380,NaN,NaN,NaN,NaN,0.0002189671213272959,100.0,1.0002189874649048,mlp,embedding
7938,79390,NaN,NaN,NaN,NaN,0.00020181332365609705,100.0,1.0002018213272095,mlp,embedding
7939,79400,NaN,NaN,NaN,NaN,0.00018716241174843162,100.0,1.0001871585845947,mlp,embedding
7940,79410,NaN,NaN,NaN,NaN,0.00017388490960001945,100.0,1.0001739263534546,mlp,embedding
7941,79420,4.5346070692176e-05,100.0,1.0000452995300293,0.001,0.0001607477170182392,100.0,1.000160813331604,mlp,embedding
7942,79430,NaN,NaN,NaN,NaN,0.00014908502635080367,100.0,1.000149130821228,mlp,embedding
7943,79440,NaN,NaN,NaN,NaN,0.0001383214839734137,100.0,1.000138282775879,mlp,embedding
7944,79450,NaN,NaN,NaN,NaN,0.00012853482621721923,100.0,1.0001285076141357,mlp,embedding
7945,79460,NaN,NaN,NaN,NaN,0.00011939080286538228,100.0,1.0001194477081299,mlp,embedding
7946,79470,NaN,NaN,NaN,NaN,0.00011034883209504187,100.0,1.000110387802124,mlp,embedding
7947,79480,NaN,NaN,NaN,NaN,0.00010279216803610325,100.0,1.0001027584075928,mlp,embedding
7948,79490,NaN,NaN,NaN,NaN,9.595923620508984e-05,100.0,1.0000959634780884,mlp,embedding
7949,79500,NaN,NaN,NaN,NaN,8.934004290495068e-05,100.0,1.0000892877578735,mlp,embedding
7950,79510,NaN,NaN,NaN,NaN,8.291529957205057e-05,100.0,1.0000829696655273,mlp,embedding
7951,79520,NaN,NaN,NaN,NaN,7.733768143225461e-05,100.0,1.0000773668289185,mlp,embedding
7952,79530,NaN,NaN,NaN,NaN,7.210668991319835e-05,100.0,1.0000721216201782,mlp,embedding
7953,79540,NaN,NaN,NaN,NaN,6.71656962367706e-05,100.0,1.000067114830017,mlp,embedding
7954,79550,NaN,NaN,NaN,NaN,6.263951217988506e-05,100.0,1.0000625848770142,mlp,embedding
7955,79560,NaN,NaN,NaN,NaN,5.857045835000463e-05,100.0,1.0000585317611694,mlp,embedding
7956,79570,NaN,NaN,NaN,NaN,5.467421215143986e-05,100.0,1.0000547170639038,mlp,embedding
7957,79580,NaN,NaN,NaN,NaN,5.107194738229737e-05,100.0,1.0000510215759277,mlp,embedding
7958,79590,NaN,NaN,NaN,NaN,4.766885467688553e-05,100.0,1.0000476837158203,mlp,embedding
7959,79600,NaN,NaN,NaN,NaN,4.442973659024574e-05,100.0,1.0000444650650024,mlp,embedding
7960,79610,NaN,NaN,NaN,NaN,4.128299769945443e-05,100.0,1.0000412464141846,mlp,embedding
7961,79620,NaN,NaN,NaN,NaN,3.837035546894185e-05,100.0,1.0000383853912354,mlp,embedding
7962,79630,NaN,NaN,NaN,NaN,3.577448660507798e-05,100.0,1.0000357627868652,mlp,embedding
7963,79640,NaN,NaN,NaN,NaN,3.339473914820701e-05,100.0,1.0000333786010742,mlp,embedding
7964,79650,NaN,NaN,NaN,NaN,3.121902045677416e-05,100.0,1.0000312328338623,mlp,embedding
7965,79660,NaN,NaN,NaN,NaN,2.9311695470823906e-05,100.0,1.0000293254852295,mlp,embedding
7966,79670,NaN,NaN,NaN,NaN,2.7484566089697182e-05,100.0,1.0000275373458862,mlp,embedding
7967,79680,NaN,NaN,NaN,NaN,2.5706260203151032e-05,100.0,1.000025749206543,mlp,embedding
7968,79690,NaN,NaN,NaN,NaN,2.401519668637775e-05,100.0,1.0000239610671997,mlp,embedding
7969,79700,NaN,NaN,NaN,NaN,2.240633693872951e-05,100.0,1.0000224113464355,mlp,embedding
7970,79710,NaN,NaN,NaN,NaN,2.105086787196342e-05,100.0,1.0000211000442505,mlp,embedding
7971,79720,NaN,NaN,NaN,NaN,1.966494892258197e-05,100.0,1.0000196695327759,mlp,embedding
7972,79730,NaN,NaN,NaN,NaN,1.834587601479143e-05,100.0,1.0000183582305908,mlp,embedding
7973,79740,NaN,NaN,NaN,NaN,1.712841185508296e-05,100.0,1.0000171661376953,mlp,embedding
7974,79750,NaN,NaN,NaN,NaN,1.6136573322000913e-05,100.0,1.0000160932540894,mlp,embedding
7975,79760,NaN,NaN,NaN,NaN,1.5228416486934293e-05,100.0,1.0000152587890625,mlp,embedding
7976,79770,NaN,NaN,NaN,NaN,1.428564155503409e-05,100.0,1.000014305114746,mlp,embedding
7977,79780,NaN,NaN,NaN,NaN,1.3408666745817754e-05,100.0,1.0000133514404297,mlp,embedding
7978,79790,NaN,NaN,NaN,NaN,1.2683767636190169e-05,100.0,1.0000126361846924,mlp,embedding
7979,79800,NaN,NaN,NaN,NaN,1.1969479601248167e-05,100.0,1.000011920928955,mlp,embedding
7980,79810,NaN,NaN,NaN,NaN,1.1268602065683808e-05,100.0,1.0000113248825073,mlp,embedding
7981,79820,NaN,NaN,NaN,NaN,1.0635545550030656e-05,100.0,1.00001060962677,mlp,embedding
7982,79830,NaN,NaN,NaN,NaN,1.0077716069645248e-05,100.0,1.0000101327896118,mlp,embedding
7983,79840,NaN,NaN,NaN,NaN,9.549078640702646e-06,100.0,1.000009536743164,mlp,embedding
7984,79850,NaN,NaN,NaN,NaN,8.966155292000622e-06,100.0,1.0000089406967163,mlp,embedding
7985,79860,NaN,NaN,NaN,NaN,8.45368776936084e-06,100.0,1.000008463859558,mlp,embedding
7986,79870,NaN,NaN,NaN,NaN,8.005733434401918e-06,100.0,1.0000079870224,mlp,embedding
7987,79880,NaN,NaN,NaN,NaN,7.570235538878478e-06,100.0,1.0000076293945312,mlp,embedding
7988,79890,NaN,NaN,NaN,NaN,7.164730050135404e-06,100.0,1.000007152557373,mlp,embedding
7989,79900,NaN,NaN,NaN,NaN,6.8143740463710856e-06,100.0,1.0000067949295044,mlp,embedding
7990,79910,NaN,NaN,NaN,NaN,6.4766095420054626e-06,100.0,1.0000064373016357,mlp,embedding
7991,79920,NaN,NaN,NaN,NaN,6.139326615084428e-06,100.0,1.0000061988830566,mlp,embedding
7992,79930,NaN,NaN,NaN,NaN,5.839945060870377e-06,100.0,1.000005841255188,mlp,embedding
7993,79940,NaN,NaN,NaN,NaN,5.5299169616773725e-06,100.0,1.0000054836273193,mlp,embedding
7994,79950,NaN,NaN,NaN,NaN,5.258646979200421e-06,100.0,1.0000052452087402,mlp,embedding
7995,79960,NaN,NaN,NaN,NaN,5.004176728107268e-06,100.0,1.0000050067901611,mlp,embedding
7996,79970,NaN,NaN,NaN,NaN,4.7781545617908705e-06,100.0,1.000004768371582,mlp,embedding
7997,79980,NaN,NaN,NaN,NaN,4.548384822555818e-06,100.0,1.000004529953003,mlp,embedding
7998,79990,NaN,NaN,NaN,NaN,4.350255039753392e-06,100.0,1.0000042915344238,mlp,embedding
7999,80000,NaN,NaN,NaN,NaN,4.152506789978361e-06,100.0,1.0000041723251343,mlp,embedding
8000,80010,NaN,NaN,NaN,NaN,3.973886123276316e-06,100.0,1.0000039339065552,mlp,embedding
8001,80020,NaN,NaN,NaN,NaN,3.792960796999978e-06,100.0,1.0000038146972656,mlp,embedding
8002,80030,NaN,NaN,NaN,NaN,3.6114006434218027e-06,100.0,1.0000035762786865,mlp,embedding
8003,80040,NaN,NaN,NaN,NaN,3.455226533333189e-06,100.0,1.000003457069397,mlp,embedding
8004,80050,NaN,NaN,NaN,NaN,3.302905042801285e-06,100.0,1.0000033378601074,mlp,embedding
8005,80060,NaN,NaN,NaN,NaN,3.1404990750161232e-06,100.0,1.0000030994415283,mlp,embedding
8006,80070,NaN,NaN,NaN,NaN,2.990382199641317e-06,100.0,1.0000029802322388,mlp,embedding
8007,80080,NaN,NaN,NaN,NaN,2.8559204565681284e-06,100.0,1.0000028610229492,mlp,embedding
8008,80090,NaN,NaN,NaN,NaN,2.710793296500924e-06,100.0,1.0000027418136597,mlp,embedding
8009,80100,NaN,NaN,NaN,NaN,2.5780805117392447e-06,100.0,1.0000026226043701,mlp,embedding
8010,80110,NaN,NaN,NaN,NaN,2.4443797883577645e-06,100.0,1.0000025033950806,mlp,embedding
8011,80120,NaN,NaN,NaN,NaN,2.3142004010878736e-06,100.0,1.0000022649765015,mlp,embedding
8012,80130,NaN,NaN,NaN,NaN,2.2096110114944167e-06,100.0,1.0000022649765015,mlp,embedding
8013,80140,NaN,NaN,NaN,NaN,2.082294713545707e-06,100.0,1.0000020265579224,mlp,embedding
8014,80150,NaN,NaN,NaN,NaN,1.9756530491576996e-06,100.0,1.0000020265579224,mlp,embedding
8015,80160,NaN,NaN,NaN,NaN,1.8688332374949823e-06,100.0,1.0000019073486328,mlp,embedding
8016,80170,NaN,NaN,NaN,NaN,1.7572510842001066e-06,100.0,1.0000017881393433,mlp,embedding
8017,80180,NaN,NaN,NaN,NaN,1.6505082385265268e-06,100.0,1.0000016689300537,mlp,embedding
8018,80190,NaN,NaN,NaN,NaN,1.559980205456668e-06,100.0,1.0000015497207642,mlp,embedding
8019,80200,NaN,NaN,NaN,NaN,1.459165559936082e-06,100.0,1.0000014305114746,mlp,embedding
8020,80210,4.260261903255014e-07,100.0,1.0000004768371582,0.001,1.3663068330060923e-06,100.0,1.000001311302185,mlp,embedding
8021,80220,NaN,NaN,NaN,NaN,1.2988600701646646e-06,100.0,1.000001311302185,mlp,embedding
8022,80230,NaN,NaN,NaN,NaN,1.2064067504979903e-06,100.0,1.0000011920928955,mlp,embedding
8023,80240,NaN,NaN,NaN,NaN,1.1247467455177684e-06,100.0,1.000001072883606,mlp,embedding
8024,80250,NaN,NaN,NaN,NaN,1.0552988669587648e-06,100.0,1.000001072883606,mlp,embedding
8025,80260,NaN,NaN,NaN,NaN,9.914248266795767e-07,100.0,1.0000009536743164,mlp,embedding
8026,80270,NaN,NaN,NaN,NaN,9.163522349808773e-07,100.0,1.0000009536743164,mlp,embedding
8027,80280,NaN,NaN,NaN,NaN,8.662110531076905e-07,100.0,1.0000008344650269,mlp,embedding
8028,80290,NaN,NaN,NaN,NaN,8.075819550867891e-07,100.0,1.0000008344650269,mlp,embedding
8029,80300,NaN,NaN,NaN,NaN,7.495103204746556e-07,100.0,1.0000007152557373,mlp,embedding
8030,80310,NaN,NaN,NaN,NaN,7.113529250091233e-07,100.0,1.0000007152557373,mlp,embedding
8031,80320,NaN,NaN,NaN,NaN,6.591596388716425e-07,100.0,1.0000007152557373,mlp,embedding
8032,80330,NaN,NaN,NaN,NaN,6.111974357736472e-07,100.0,1.0000005960464478,mlp,embedding
8033,80340,NaN,NaN,NaN,NaN,5.836561740579782e-07,100.0,1.0000005960464478,mlp,embedding
8034,80350,NaN,NaN,NaN,NaN,5.681753805220069e-07,100.0,1.0000005960464478,mlp,embedding
8035,80360,NaN,NaN,NaN,NaN,5.489448540174635e-07,100.0,1.0000005960464478,mlp,embedding
8036,80370,NaN,NaN,NaN,NaN,5.392155344452476e-07,100.0,1.0000005960464478,mlp,embedding
8037,80380,NaN,NaN,NaN,NaN,5.449416562441911e-07,100.0,1.0000005960464478,mlp,embedding
8038,80390,NaN,NaN,NaN,NaN,5.131695957061311e-07,100.0,1.0000004768371582,mlp,embedding
8039,80400,NaN,NaN,NaN,NaN,5.528968358703423e-07,100.0,1.0000005960464478,mlp,embedding
8040,80410,NaN,NaN,NaN,NaN,5.319436695572222e-07,100.0,1.0000004768371582,mlp,embedding
8041,80420,NaN,NaN,NaN,NaN,5.780056540061196e-07,100.0,1.0000005960464478,mlp,embedding
8042,80430,NaN,NaN,NaN,NaN,6.994175123509194e-07,100.0,1.0000007152557373,mlp,embedding
8043,80440,NaN,NaN,NaN,NaN,2.867363691329956,67.03506469726562,17.5905818939209,mlp,embedding
8044,80450,NaN,NaN,NaN,NaN,0.4260379374027252,91.34962463378906,1.5311788320541382,mlp,embedding
8045,80460,NaN,NaN,NaN,NaN,0.11405953019857407,96.0042495727539,1.120818853378296,mlp,embedding
8046,80470,NaN,NaN,NaN,NaN,0.015942413359880447,99.61742401123047,1.0160701274871826,mlp,embedding
8047,80480,NaN,NaN,NaN,NaN,0.00632416270673275,99.76620483398438,1.006344199180603,mlp,embedding
8048,80490,NaN,NaN,NaN,NaN,0.003226450178772211,99.95748901367188,1.0032316446304321,mlp,embedding
8049,80500,NaN,NaN,NaN,NaN,0.0018242447404190898,99.97874450683594,1.0018259286880493,mlp,embedding
8050,80510,NaN,NaN,NaN,NaN,0.0013156081549823284,100.0,1.0013164281845093,mlp,embedding
8051,80520,NaN,NaN,NaN,NaN,0.0010642296401783824,100.0,1.0010647773742676,mlp,embedding
8052,80530,NaN,NaN,NaN,NaN,0.000911072245799005,100.0,1.0009114742279053,mlp,embedding
8053,80540,NaN,NaN,NaN,NaN,0.0008022113470360637,100.0,1.0008025169372559,mlp,embedding
8054,80550,NaN,NaN,NaN,NaN,0.0007244389271363616,100.0,1.0007246732711792,mlp,embedding
8055,80560,NaN,NaN,NaN,NaN,0.0006558899767696857,100.0,1.0006561279296875,mlp,embedding
8056,80570,NaN,NaN,NaN,NaN,0.0005998877459205687,100.0,1.0006000995635986,mlp,embedding
8057,80580,NaN,NaN,NaN,NaN,0.0005520732374861836,100.0,1.0005521774291992,mlp,embedding
8058,80590,NaN,NaN,NaN,NaN,0.0005118923145346344,100.0,1.0005120038986206,mlp,embedding
8059,80600,NaN,NaN,NaN,NaN,0.000473350053653121,100.0,1.0004734992980957,mlp,embedding
8060,80610,NaN,NaN,NaN,NaN,0.0004423050850164145,100.0,1.000442385673523,mlp,embedding
8061,80620,NaN,NaN,NaN,NaN,0.0004114389303140342,100.0,1.0004115104675293,mlp,embedding
8062,80630,NaN,NaN,NaN,NaN,0.000384336308343336,100.0,1.0003844499588013,mlp,embedding
8063,80640,NaN,NaN,NaN,NaN,0.00035757210571318865,100.0,1.0003576278686523,mlp,embedding
8064,80650,NaN,NaN,NaN,NaN,0.0003312727785669267,100.0,1.0003312826156616,mlp,embedding
8065,80660,NaN,NaN,NaN,NaN,0.0003080466703977436,100.0,1.0003080368041992,mlp,embedding
8066,80670,NaN,NaN,NaN,NaN,0.0002879065286833793,100.0,1.0002878904342651,mlp,embedding
8067,80680,NaN,NaN,NaN,NaN,0.00026386641548015177,100.0,1.0002639293670654,mlp,embedding
8068,80690,NaN,NaN,NaN,NaN,0.00024495733669027686,100.0,1.0002449750900269,mlp,embedding
8069,80700,NaN,NaN,NaN,NaN,0.00022860137687530369,100.0,1.0002286434173584,mlp,embedding
8070,80710,NaN,NaN,NaN,NaN,0.00021317542996257544,100.0,1.0002131462097168,mlp,embedding
8071,80720,NaN,NaN,NaN,NaN,0.0001993288897210732,100.0,1.000199317932129,mlp,embedding
8072,80730,NaN,NaN,NaN,NaN,0.00018573082343209535,100.0,1.0001857280731201,mlp,embedding
8073,80740,NaN,NaN,NaN,NaN,0.00017149990890175104,100.0,1.0001715421676636,mlp,embedding
8074,80750,NaN,NaN,NaN,NaN,0.00015875030658207834,100.0,1.0001587867736816,mlp,embedding
8075,80760,NaN,NaN,NaN,NaN,0.00014715161523781717,100.0,1.0001471042633057,mlp,embedding
8076,80770,NaN,NaN,NaN,NaN,0.00013679001131094992,100.0,1.0001368522644043,mlp,embedding
8077,80780,NaN,NaN,NaN,NaN,0.00012667395640164614,100.0,1.0001267194747925,mlp,embedding
8078,80790,NaN,NaN,NaN,NaN,0.00011786224058596417,100.0,1.0001178979873657,mlp,embedding
8079,80800,NaN,NaN,NaN,NaN,0.00010856894368771464,100.0,1.0001085996627808,mlp,embedding
8080,80810,NaN,NaN,NaN,NaN,9.938528091879562e-05,100.0,1.0000994205474854,mlp,embedding
8081,80820,NaN,NaN,NaN,NaN,9.159996261587366e-05,100.0,1.000091552734375,mlp,embedding
8082,80830,NaN,NaN,NaN,NaN,8.48185591166839e-05,100.0,1.0000848770141602,mlp,embedding
8083,80840,NaN,NaN,NaN,NaN,7.844000356271863e-05,100.0,1.0000784397125244,mlp,embedding
8084,80850,NaN,NaN,NaN,NaN,7.221657142508775e-05,100.0,1.0000722408294678,mlp,embedding
8085,80860,NaN,NaN,NaN,NaN,6.675784970866516e-05,100.0,1.0000667572021484,mlp,embedding
8086,80870,NaN,NaN,NaN,NaN,6.168141408124939e-05,100.0,1.0000616312026978,mlp,embedding
8087,80880,NaN,NaN,NaN,NaN,5.709348988602869e-05,100.0,1.0000571012496948,mlp,embedding
8088,80890,NaN,NaN,NaN,NaN,5.28459349879995e-05,100.0,1.000052809715271,mlp,embedding
8089,80900,NaN,NaN,NaN,NaN,4.907898619421758e-05,100.0,1.000049114227295,mlp,embedding
8090,80910,NaN,NaN,NaN,NaN,4.476163667277433e-05,100.0,1.0000447034835815,mlp,embedding
8091,80920,NaN,NaN,NaN,NaN,4.111985981580801e-05,100.0,1.000041127204895,mlp,embedding
8092,80930,NaN,NaN,NaN,NaN,3.776086668949574e-05,100.0,1.0000377893447876,mlp,embedding
8093,80940,NaN,NaN,NaN,NaN,3.469197326921858e-05,100.0,1.0000346899032593,mlp,embedding
8094,80950,NaN,NaN,NaN,NaN,3.2140251278178766e-05,100.0,1.0000321865081787,mlp,embedding
8095,80960,NaN,NaN,NaN,NaN,2.990564826177433e-05,100.0,1.0000299215316772,mlp,embedding
8096,80970,NaN,NaN,NaN,NaN,2.7730427973438054e-05,100.0,1.0000277757644653,mlp,embedding
8097,80980,NaN,NaN,NaN,NaN,2.5871053367154673e-05,100.0,1.0000258684158325,mlp,embedding
8098,80990,NaN,NaN,NaN,NaN,2.4069920982583426e-05,100.0,1.0000240802764893,mlp,embedding
8099,81000,NaN,NaN,NaN,NaN,2.226324431831017e-05,100.0,1.000022292137146,mlp,embedding
8100,81010,7.252673640323337e-06,100.0,1.0000072717666626,0.001,2.0635841792682186e-05,100.0,1.0000206232070923,mlp,embedding
8101,81020,NaN,NaN,NaN,NaN,1.9198892914573662e-05,100.0,1.0000191926956177,mlp,embedding
8102,81030,NaN,NaN,NaN,NaN,1.797361983335577e-05,100.0,1.0000180006027222,mlp,embedding
8103,81040,NaN,NaN,NaN,NaN,1.6752936062403023e-05,100.0,1.0000168085098267,mlp,embedding
8104,81050,NaN,NaN,NaN,NaN,1.559704469400458e-05,100.0,1.0000156164169312,mlp,embedding
8105,81060,NaN,NaN,NaN,NaN,1.4582128642359748e-05,100.0,1.0000145435333252,mlp,embedding
8106,81070,NaN,NaN,NaN,NaN,1.3607871551357675e-05,100.0,1.0000135898590088,mlp,embedding
8107,81080,NaN,NaN,NaN,NaN,1.2744887499138713e-05,100.0,1.000012755393982,mlp,embedding
8108,81090,NaN,NaN,NaN,NaN,1.1874566553160548e-05,100.0,1.000011920928955,mlp,embedding
8109,81100,NaN,NaN,NaN,NaN,1.111244910134701e-05,100.0,1.0000110864639282,mlp,embedding
8110,81110,NaN,NaN,NaN,NaN,1.037615402310621e-05,100.0,1.000010371208191,mlp,embedding
8111,81120,NaN,NaN,NaN,NaN,9.75200964603573e-06,100.0,1.0000097751617432,mlp,embedding
8112,81130,NaN,NaN,NaN,NaN,9.157655767921824e-06,100.0,1.0000091791152954,mlp,embedding
8113,81140,NaN,NaN,NaN,NaN,8.60038744576741e-06,100.0,1.0000085830688477,mlp,embedding
8114,81150,NaN,NaN,NaN,NaN,8.09630819276208e-06,100.0,1.0000081062316895,mlp,embedding
8115,81160,NaN,NaN,NaN,NaN,7.638784154551104e-06,100.0,1.0000076293945312,mlp,embedding
8116,81170,NaN,NaN,NaN,NaN,7.159236702136695e-06,100.0,1.000007152557373,mlp,embedding
8117,81180,NaN,NaN,NaN,NaN,6.7266178120917175e-06,100.0,1.0000066757202148,mlp,embedding
8118,81190,NaN,NaN,NaN,NaN,6.364194177876925e-06,100.0,1.0000063180923462,mlp,embedding
8119,81200,NaN,NaN,NaN,NaN,6.007850515743485e-06,100.0,1.0000059604644775,mlp,embedding
8120,81210,NaN,NaN,NaN,NaN,5.668151970894542e-06,100.0,1.0000057220458984,mlp,embedding
8121,81220,NaN,NaN,NaN,NaN,5.364730441215215e-06,100.0,1.0000053644180298,mlp,embedding
8122,81230,NaN,NaN,NaN,NaN,5.079397851659451e-06,100.0,1.0000051259994507,mlp,embedding
8123,81240,NaN,NaN,NaN,NaN,4.801286650035763e-06,100.0,1.000004768371582,mlp,embedding
8124,81250,NaN,NaN,NaN,NaN,4.550965513772098e-06,100.0,1.000004529953003,mlp,embedding
8125,81260,NaN,NaN,NaN,NaN,4.344678018242121e-06,100.0,1.0000042915344238,mlp,embedding
8126,81270,NaN,NaN,NaN,NaN,4.1182220229529776e-06,100.0,1.0000041723251343,mlp,embedding
8127,81280,NaN,NaN,NaN,NaN,3.897190708812559e-06,100.0,1.0000039339065552,mlp,embedding
8128,81290,NaN,NaN,NaN,NaN,3.724851694641984e-06,100.0,1.000003695487976,mlp,embedding
8129,81300,NaN,NaN,NaN,NaN,3.517322966217762e-06,100.0,1.0000035762786865,mlp,embedding
8130,81310,NaN,NaN,NaN,NaN,3.3311766856058966e-06,100.0,1.0000033378601074,mlp,embedding
8131,81320,NaN,NaN,NaN,NaN,3.1789811600901885e-06,100.0,1.0000032186508179,mlp,embedding
8132,81330,NaN,NaN,NaN,NaN,2.9985112632857636e-06,100.0,1.0000029802322388,mlp,embedding
8133,81340,NaN,NaN,NaN,NaN,2.857285835489165e-06,100.0,1.0000028610229492,mlp,embedding
8134,81350,NaN,NaN,NaN,NaN,2.706609393499093e-06,100.0,1.0000027418136597,mlp,embedding
8135,81360,NaN,NaN,NaN,NaN,2.581801481937873e-06,100.0,1.0000026226043701,mlp,embedding
8136,81370,NaN,NaN,NaN,NaN,2.4456946903228527e-06,100.0,1.0000025033950806,mlp,embedding
8137,81380,NaN,NaN,NaN,NaN,2.3260806756297825e-06,100.0,1.000002384185791,mlp,embedding
8138,81390,NaN,NaN,NaN,NaN,2.2107235508883605e-06,100.0,1.0000022649765015,mlp,embedding
8139,81400,NaN,NaN,NaN,NaN,2.1031694359407993e-06,100.0,1.000002145767212,mlp,embedding
8140,81410,NaN,NaN,NaN,NaN,1.9897634047083557e-06,100.0,1.0000020265579224,mlp,embedding
8141,81420,NaN,NaN,NaN,NaN,1.882589685919811e-06,100.0,1.0000019073486328,mlp,embedding
8142,81430,NaN,NaN,NaN,NaN,1.7918846424436197e-06,100.0,1.0000017881393433,mlp,embedding
8143,81440,NaN,NaN,NaN,NaN,1.6954531929513905e-06,100.0,1.0000016689300537,mlp,embedding
8144,81450,NaN,NaN,NaN,NaN,1.608928414498223e-06,100.0,1.0000015497207642,mlp,embedding
8145,81460,NaN,NaN,NaN,NaN,1.5211628578981617e-06,100.0,1.0000015497207642,mlp,embedding
8146,81470,NaN,NaN,NaN,NaN,1.4496370113192825e-06,100.0,1.0000014305114746,mlp,embedding
8147,81480,NaN,NaN,NaN,NaN,1.3799614180243225e-06,100.0,1.0000014305114746,mlp,embedding
8148,81490,NaN,NaN,NaN,NaN,1.3011393775741453e-06,100.0,1.000001311302185,mlp,embedding
8149,81500,NaN,NaN,NaN,NaN,1.222672267431335e-06,100.0,1.0000011920928955,mlp,embedding
8150,81510,NaN,NaN,NaN,NaN,1.1665509873637347e-06,100.0,1.0000011920928955,mlp,embedding
8151,81520,NaN,NaN,NaN,NaN,1.102829514820769e-06,100.0,1.000001072883606,mlp,embedding
8152,81530,NaN,NaN,NaN,NaN,1.0221832553725108e-06,100.0,1.000001072883606,mlp,embedding
8153,81540,NaN,NaN,NaN,NaN,9.833925105340313e-07,100.0,1.0000009536743164,mlp,embedding
8154,81550,NaN,NaN,NaN,NaN,9.307174764217052e-07,100.0,1.0000009536743164,mlp,embedding
8155,81560,NaN,NaN,NaN,NaN,8.846046171129274e-07,100.0,1.0000008344650269,mlp,embedding
8156,81570,NaN,NaN,NaN,NaN,8.33653075460461e-07,100.0,1.0000008344650269,mlp,embedding
8157,81580,NaN,NaN,NaN,NaN,8.207817927541328e-07,100.0,1.0000008344650269,mlp,embedding
8158,81590,NaN,NaN,NaN,NaN,7.707419626967749e-07,100.0,1.0000007152557373,mlp,embedding
8159,81600,NaN,NaN,NaN,NaN,7.404902930829849e-07,100.0,1.0000007152557373,mlp,embedding
8160,81610,NaN,NaN,NaN,NaN,6.958977110116393e-07,100.0,1.0000007152557373,mlp,embedding
8161,81620,NaN,NaN,NaN,NaN,6.955428943911102e-07,100.0,1.0000007152557373,mlp,embedding
8162,81630,NaN,NaN,NaN,NaN,6.461365273935371e-07,100.0,1.0000005960464478,mlp,embedding
8163,81640,NaN,NaN,NaN,NaN,6.448948965953605e-07,100.0,1.0000005960464478,mlp,embedding
8164,81650,NaN,NaN,NaN,NaN,6.223450554898591e-07,100.0,1.0000005960464478,mlp,embedding
8165,81660,NaN,NaN,NaN,NaN,6.303763484538649e-07,100.0,1.0000005960464478,mlp,embedding
8166,81670,NaN,NaN,NaN,NaN,6.274879069678718e-07,100.0,1.0000005960464478,mlp,embedding
8167,81680,NaN,NaN,NaN,NaN,6.001244514663995e-07,100.0,1.0000005960464478,mlp,embedding
8168,81690,NaN,NaN,NaN,NaN,6.037472530806554e-07,100.0,1.0000005960464478,mlp,embedding
8169,81700,NaN,NaN,NaN,NaN,6.548257260874379e-07,100.0,1.0000005960464478,mlp,embedding
8170,81710,NaN,NaN,NaN,NaN,3.8352103233337402,64.67587280273438,46.303165435791016,mlp,embedding
8171,81720,NaN,NaN,NaN,NaN,1.3378028869628906,78.36344146728516,3.810661792755127,mlp,embedding
8172,81730,NaN,NaN,NaN,NaN,0.08830539137125015,97.53453826904297,1.0923216342926025,mlp,embedding
8173,81740,NaN,NaN,NaN,NaN,0.020372364670038223,99.42613983154297,1.0205812454223633,mlp,embedding
8174,81750,NaN,NaN,NaN,NaN,0.00415166886523366,99.95748901367188,1.0041602849960327,mlp,embedding
8175,81760,NaN,NaN,NaN,NaN,0.002935027936473489,99.97874450683594,1.0029393434524536,mlp,embedding
8176,81770,NaN,NaN,NaN,NaN,0.0017216941341757774,99.97874450683594,1.0017231702804565,mlp,embedding
8177,81780,NaN,NaN,NaN,NaN,0.0011307629756629467,100.0,1.0011314153671265,mlp,embedding
8178,81790,NaN,NaN,NaN,NaN,0.0008896468789316714,100.0,1.0008900165557861,mlp,embedding
8179,81800,NaN,NaN,NaN,NaN,0.0007543616811744869,100.0,1.0007545948028564,mlp,embedding
8180,81810,NaN,NaN,NaN,NaN,0.0006611740682274103,100.0,1.0006613731384277,mlp,embedding
8181,81820,0.00015383140998892486,100.0,1.00015389919281,0.001,0.0005902815610170364,100.0,1.000590443611145,mlp,embedding
8182,81830,NaN,NaN,NaN,NaN,0.0005302378558553755,100.0,1.0005303621292114,mlp,embedding
8183,81840,NaN,NaN,NaN,NaN,0.0004807224904652685,100.0,1.0004808902740479,mlp,embedding
8184,81850,NaN,NaN,NaN,NaN,0.0004372512048576027,100.0,1.0004373788833618,mlp,embedding
8185,81860,NaN,NaN,NaN,NaN,0.00039490254130214453,100.0,1.0003949403762817,mlp,embedding
8186,81870,NaN,NaN,NaN,NaN,0.0003594417357817292,100.0,1.0003595352172852,mlp,embedding
8187,81880,NaN,NaN,NaN,NaN,0.0003290924651082605,100.0,1.0003291368484497,mlp,embedding
8188,81890,NaN,NaN,NaN,NaN,0.0003005764738190919,100.0,1.000300645828247,mlp,embedding
8189,81900,NaN,NaN,NaN,NaN,0.0002744442317634821,100.0,1.0002745389938354,mlp,embedding
8190,81910,NaN,NaN,NaN,NaN,0.0002508956822566688,100.0,1.0002509355545044,mlp,embedding
8191,81920,NaN,NaN,NaN,NaN,0.00022915400040801615,100.0,1.0002292394638062,mlp,embedding
8192,81930,NaN,NaN,NaN,NaN,0.00021039284183643758,100.0,1.0002104043960571,mlp,embedding
8193,81940,NaN,NaN,NaN,NaN,0.0001929011195898056,100.0,1.0001928806304932,mlp,embedding
8194,81950,NaN,NaN,NaN,NaN,0.00017747680249158293,100.0,1.0001775026321411,mlp,embedding
8195,81960,NaN,NaN,NaN,NaN,0.00016303978918585926,100.0,1.0001630783081055,mlp,embedding
8196,81970,NaN,NaN,NaN,NaN,0.0001490385620854795,100.0,1.0001490116119385,mlp,embedding
8197,81980,NaN,NaN,NaN,NaN,0.00013634741480927914,100.0,1.000136375427246,mlp,embedding
8198,81990,NaN,NaN,NaN,NaN,0.00012532972323242575,100.0,1.0001252889633179,mlp,embedding
8199,82000,NaN,NaN,NaN,NaN,0.0001151928081526421,100.0,1.000115156173706,mlp,embedding
8200,82010,NaN,NaN,NaN,NaN,0.00010574789484962821,100.0,1.0001057386398315,mlp,embedding
8201,82020,NaN,NaN,NaN,NaN,9.665395191404969e-05,100.0,1.0000966787338257,mlp,embedding
8202,82030,NaN,NaN,NaN,NaN,8.843174146022648e-05,100.0,1.0000884532928467,mlp,embedding
8203,82040,NaN,NaN,NaN,NaN,8.116051321849227e-05,100.0,1.000081181526184,mlp,embedding
8204,82050,NaN,NaN,NaN,NaN,7.447681855410337e-05,100.0,1.0000745058059692,mlp,embedding
8205,82060,NaN,NaN,NaN,NaN,6.835474050603807e-05,100.0,1.0000683069229126,mlp,embedding
8206,82070,NaN,NaN,NaN,NaN,6.274894258240238e-05,100.0,1.0000627040863037,mlp,embedding
8207,82080,NaN,NaN,NaN,NaN,5.760764906881377e-05,100.0,1.000057578086853,mlp,embedding
8208,82090,NaN,NaN,NaN,NaN,5.287844760459848e-05,100.0,1.0000529289245605,mlp,embedding
8209,82100,NaN,NaN,NaN,NaN,4.852591155213304e-05,100.0,1.0000485181808472,mlp,embedding
8210,82110,NaN,NaN,NaN,NaN,4.4541582610690966e-05,100.0,1.000044584274292,mlp,embedding
8211,82120,NaN,NaN,NaN,NaN,4.077517951373011e-05,100.0,1.0000407695770264,mlp,embedding
8212,82130,NaN,NaN,NaN,NaN,3.7474670534720644e-05,100.0,1.000037431716919,mlp,embedding
8213,82140,NaN,NaN,NaN,NaN,3.4408687497489154e-05,100.0,1.0000344514846802,mlp,embedding
8214,82150,NaN,NaN,NaN,NaN,3.1586852855980396e-05,100.0,1.000031590461731,mlp,embedding
8215,82160,NaN,NaN,NaN,NaN,2.908956230385229e-05,100.0,1.0000290870666504,mlp,embedding
8216,82170,NaN,NaN,NaN,NaN,2.6745050490717404e-05,100.0,1.0000267028808594,mlp,embedding
8217,82180,NaN,NaN,NaN,NaN,2.4590699467808008e-05,100.0,1.0000245571136475,mlp,embedding
8218,82190,NaN,NaN,NaN,NaN,2.2575020921067335e-05,100.0,1.000022530555725,mlp,embedding
8219,82200,NaN,NaN,NaN,NaN,2.0749899704242125e-05,100.0,1.0000207424163818,mlp,embedding
8220,82210,NaN,NaN,NaN,NaN,1.907491241581738e-05,100.0,1.0000190734863281,mlp,embedding
8221,82220,NaN,NaN,NaN,NaN,1.757667814672459e-05,100.0,1.000017523765564,mlp,embedding
8222,82230,NaN,NaN,NaN,NaN,1.621922456251923e-05,100.0,1.000016212463379,mlp,embedding
8223,82240,NaN,NaN,NaN,NaN,1.4998941878729966e-05,100.0,1.0000150203704834,mlp,embedding
8224,82250,NaN,NaN,NaN,NaN,1.3824867892253678e-05,100.0,1.000013828277588,mlp,embedding
8225,82260,NaN,NaN,NaN,NaN,1.2779773896909319e-05,100.0,1.000012755393982,mlp,embedding
8226,82270,NaN,NaN,NaN,NaN,1.1835140867333394e-05,100.0,1.0000118017196655,mlp,embedding
8227,82280,NaN,NaN,NaN,NaN,1.0931237738986965e-05,100.0,1.0000109672546387,mlp,embedding
8228,82290,NaN,NaN,NaN,NaN,1.0118020327354316e-05,100.0,1.0000101327896118,mlp,embedding
8229,82300,NaN,NaN,NaN,NaN,9.391307685291395e-06,100.0,1.0000094175338745,mlp,embedding
8230,82310,NaN,NaN,NaN,NaN,8.739444638194982e-06,100.0,1.0000087022781372,mlp,embedding
8231,82320,NaN,NaN,NaN,NaN,8.137835720845032e-06,100.0,1.0000081062316895,mlp,embedding
8232,82330,NaN,NaN,NaN,NaN,7.579007615277078e-06,100.0,1.0000076293945312,mlp,embedding
8233,82340,NaN,NaN,NaN,NaN,7.06595710653346e-06,100.0,1.0000070333480835,mlp,embedding
8234,82350,NaN,NaN,NaN,NaN,6.614411631744588e-06,100.0,1.0000065565109253,mlp,embedding
8235,82360,NaN,NaN,NaN,NaN,6.21558365310193e-06,100.0,1.0000061988830566,mlp,embedding
8236,82370,NaN,NaN,NaN,NaN,5.839935511176009e-06,100.0,1.000005841255188,mlp,embedding
8237,82380,NaN,NaN,NaN,NaN,5.485823294293368e-06,100.0,1.0000054836273193,mlp,embedding
8238,82390,NaN,NaN,NaN,NaN,5.173942099645501e-06,100.0,1.0000051259994507,mlp,embedding
8239,82400,NaN,NaN,NaN,NaN,4.879236257693265e-06,100.0,1.0000048875808716,mlp,embedding
8240,82410,NaN,NaN,NaN,NaN,4.619823357643327e-06,100.0,1.0000046491622925,mlp,embedding
8241,82420,NaN,NaN,NaN,NaN,4.387670742289629e-06,100.0,1.0000044107437134,mlp,embedding
8242,82430,NaN,NaN,NaN,NaN,4.177964456175687e-06,100.0,1.0000041723251343,mlp,embedding
8243,82440,NaN,NaN,NaN,NaN,3.984397153544705e-06,100.0,1.0000039339065552,mlp,embedding
8244,82450,NaN,NaN,NaN,NaN,3.819282028416637e-06,100.0,1.0000038146972656,mlp,embedding
8245,82460,NaN,NaN,NaN,NaN,3.655482032627333e-06,100.0,1.000003695487976,mlp,embedding
8246,82470,NaN,NaN,NaN,NaN,3.516208380460739e-06,100.0,1.000003457069397,mlp,embedding
8247,82480,NaN,NaN,NaN,NaN,3.392136477486929e-06,100.0,1.0000033378601074,mlp,embedding
8248,82490,NaN,NaN,NaN,NaN,3.2824816571519477e-06,100.0,1.0000033378601074,mlp,embedding
8249,82500,NaN,NaN,NaN,NaN,3.1744975785841234e-06,100.0,1.0000032186508179,mlp,embedding
8250,82510,NaN,NaN,NaN,NaN,3.0823496217635693e-06,100.0,1.0000030994415283,mlp,embedding
8251,82520,NaN,NaN,NaN,NaN,3.001602181029739e-06,100.0,1.0000029802322388,mlp,embedding
8252,82530,NaN,NaN,NaN,NaN,2.9207292300270637e-06,100.0,1.0000029802322388,mlp,embedding
8253,82540,NaN,NaN,NaN,NaN,2.8430977181415074e-06,100.0,1.0000028610229492,mlp,embedding
8254,82550,NaN,NaN,NaN,NaN,2.772256721073063e-06,100.0,1.0000027418136597,mlp,embedding
8255,82560,NaN,NaN,NaN,NaN,2.7054441034124466e-06,100.0,1.0000027418136597,mlp,embedding
8256,82570,NaN,NaN,NaN,NaN,2.639898639245075e-06,100.0,1.0000026226043701,mlp,embedding
8257,82580,NaN,NaN,NaN,NaN,2.5808653845160734e-06,100.0,1.0000026226043701,mlp,embedding
8258,82590,NaN,NaN,NaN,NaN,2.5204624307662016e-06,100.0,1.0000025033950806,mlp,embedding
8259,82600,NaN,NaN,NaN,NaN,2.4654318622197025e-06,100.0,1.0000025033950806,mlp,embedding
8260,82610,NaN,NaN,NaN,NaN,2.409134140179958e-06,100.0,1.000002384185791,mlp,embedding
8261,82620,NaN,NaN,NaN,NaN,2.342220568607445e-06,100.0,1.000002384185791,mlp,embedding
8262,82630,8.261019388555724e-07,100.0,1.0000008344650269,0.001,2.282350124005461e-06,100.0,1.0000022649765015,mlp,embedding
8263,82640,NaN,NaN,NaN,NaN,2.228256789749139e-06,100.0,1.0000022649765015,mlp,embedding
8264,82650,NaN,NaN,NaN,NaN,2.159138603019528e-06,100.0,1.000002145767212,mlp,embedding
8265,82660,NaN,NaN,NaN,NaN,2.0982299702154705e-06,100.0,1.000002145767212,mlp,embedding
8266,82670,NaN,NaN,NaN,NaN,2.0261727513570804e-06,100.0,1.0000020265579224,mlp,embedding
8267,82680,NaN,NaN,NaN,NaN,1.9637936929939315e-06,100.0,1.0000019073486328,mlp,embedding
8268,82690,NaN,NaN,NaN,NaN,1.9000724478246411e-06,100.0,1.0000019073486328,mlp,embedding
8269,82700,NaN,NaN,NaN,NaN,1.8418742229187046e-06,100.0,1.0000017881393433,mlp,embedding
8270,82710,NaN,NaN,NaN,NaN,1.7743014950610814e-06,100.0,1.0000017881393433,mlp,embedding
8271,82720,NaN,NaN,NaN,NaN,1.7021935718730674e-06,100.0,1.0000016689300537,mlp,embedding
8272,82730,NaN,NaN,NaN,NaN,1.6263863926724298e-06,100.0,1.0000016689300537,mlp,embedding
8273,82740,NaN,NaN,NaN,NaN,1.560890950713656e-06,100.0,1.0000015497207642,mlp,embedding
8274,82750,NaN,NaN,NaN,NaN,1.4842480595689267e-06,100.0,1.0000014305114746,mlp,embedding
8275,82760,NaN,NaN,NaN,NaN,1.4117343880570843e-06,100.0,1.0000014305114746,mlp,embedding
8276,82770,NaN,NaN,NaN,NaN,1.3502169622370275e-06,100.0,1.000001311302185,mlp,embedding
8277,82780,NaN,NaN,NaN,NaN,1.2809974805350066e-06,100.0,1.000001311302185,mlp,embedding
8278,82790,NaN,NaN,NaN,NaN,1.2044048389725504e-06,100.0,1.0000011920928955,mlp,embedding
8279,82800,NaN,NaN,NaN,NaN,1.1557582411114709e-06,100.0,1.0000011920928955,mlp,embedding
8280,82810,NaN,NaN,NaN,NaN,1.092619186238153e-06,100.0,1.000001072883606,mlp,embedding
8281,82820,NaN,NaN,NaN,NaN,1.022006358653016e-06,100.0,1.000001072883606,mlp,embedding
8282,82830,NaN,NaN,NaN,NaN,9.52887774019473e-07,100.0,1.0000009536743164,mlp,embedding
8283,82840,NaN,NaN,NaN,NaN,9.117919148593501e-07,100.0,1.0000009536743164,mlp,embedding
8284,82850,NaN,NaN,NaN,NaN,8.467271186418657e-07,100.0,1.0000008344650269,mlp,embedding
8285,82860,NaN,NaN,NaN,NaN,7.9248127349274e-07,100.0,1.0000008344650269,mlp,embedding
8286,82870,NaN,NaN,NaN,NaN,7.352205670940748e-07,100.0,1.0000007152557373,mlp,embedding
8287,82880,NaN,NaN,NaN,NaN,6.989130270085298e-07,100.0,1.0000007152557373,mlp,embedding
8288,82890,NaN,NaN,NaN,NaN,6.637707201662124e-07,100.0,1.0000007152557373,mlp,embedding
8289,82900,NaN,NaN,NaN,NaN,6.191024795043631e-07,100.0,1.0000005960464478,mlp,embedding
8290,82910,NaN,NaN,NaN,NaN,5.724574521082104e-07,100.0,1.0000005960464478,mlp,embedding
8291,82920,NaN,NaN,NaN,NaN,5.449925311040715e-07,100.0,1.0000005960464478,mlp,embedding
8292,82930,NaN,NaN,NaN,NaN,5.008307653042721e-07,100.0,1.0000004768371582,mlp,embedding
8293,82940,NaN,NaN,NaN,NaN,4.792692607225035e-07,100.0,1.0000004768371582,mlp,embedding
8294,82950,NaN,NaN,NaN,NaN,4.4607813265429286e-07,100.0,1.0000004768371582,mlp,embedding
8295,82960,NaN,NaN,NaN,NaN,4.332577532295545e-07,100.0,1.0000004768371582,mlp,embedding
8296,82970,NaN,NaN,NaN,NaN,4.393890833398473e-07,100.0,1.0000004768371582,mlp,embedding
8297,82980,NaN,NaN,NaN,NaN,3.8884246578163584e-07,100.0,1.0000003576278687,mlp,embedding
8298,82990,NaN,NaN,NaN,NaN,3.8922257772355806e-07,100.0,1.0000003576278687,mlp,embedding
8299,83000,NaN,NaN,NaN,NaN,3.9282033981180575e-07,100.0,1.0000003576278687,mlp,embedding
8300,83010,NaN,NaN,NaN,NaN,3.9492326209256134e-07,100.0,1.0000003576278687,mlp,embedding
8301,83020,NaN,NaN,NaN,NaN,4.132414801460982e-07,100.0,1.0000003576278687,mlp,embedding
8302,83030,NaN,NaN,NaN,NaN,4.945206342199526e-07,100.0,1.0000004768371582,mlp,embedding
8303,83040,NaN,NaN,NaN,NaN,1.4453601837158203,74.28267669677734,4.243380069732666,mlp,embedding
8304,83050,NaN,NaN,NaN,NaN,0.15433630347251892,95.79170989990234,1.1668832302093506,mlp,embedding
8305,83060,NaN,NaN,NaN,NaN,0.05145912244915962,98.3421859741211,1.0528061389923096,mlp,embedding
8306,83070,NaN,NaN,NaN,NaN,0.005371305160224438,99.95748901367188,1.0053857564926147,mlp,embedding
8307,83080,NaN,NaN,NaN,NaN,0.003139341017231345,99.97874450683594,1.0031442642211914,mlp,embedding
8308,83090,NaN,NaN,NaN,NaN,0.0018663083901628852,99.97874450683594,1.0018680095672607,mlp,embedding
8309,83100,NaN,NaN,NaN,NaN,0.001053182757459581,100.0,1.0010536909103394,mlp,embedding
8310,83110,NaN,NaN,NaN,NaN,0.000706732738763094,100.0,1.0007070302963257,mlp,embedding
8311,83120,NaN,NaN,NaN,NaN,0.0005376039771363139,100.0,1.0005377531051636,mlp,embedding
8312,83130,NaN,NaN,NaN,NaN,0.00044171823537908494,100.0,1.0004417896270752,mlp,embedding
8313,83140,NaN,NaN,NaN,NaN,0.0003777208039537072,100.0,1.0003777742385864,mlp,embedding
8314,83150,NaN,NaN,NaN,NaN,0.00033178782905451953,100.0,1.0003318786621094,mlp,embedding
8315,83160,NaN,NaN,NaN,NaN,0.00029609387274831533,100.0,1.0002961158752441,mlp,embedding
8316,83170,NaN,NaN,NaN,NaN,0.0002667836961336434,100.0,1.0002667903900146,mlp,embedding
8317,83180,NaN,NaN,NaN,NaN,0.0002423998375888914,100.0,1.0002424716949463,mlp,embedding
8318,83190,NaN,NaN,NaN,NaN,0.00022044102661311626,100.0,1.0002204179763794,mlp,embedding
8319,83200,NaN,NaN,NaN,NaN,0.00020078620582353324,100.0,1.0002007484436035,mlp,embedding
8320,83210,NaN,NaN,NaN,NaN,0.00018365320283919573,100.0,1.0001837015151978,mlp,embedding
8321,83220,NaN,NaN,NaN,NaN,0.00016856355068739504,100.0,1.0001685619354248,mlp,embedding
8322,83230,NaN,NaN,NaN,NaN,0.0001549075241200626,100.0,1.000154972076416,mlp,embedding
8323,83240,NaN,NaN,NaN,NaN,0.00014272665430326015,100.0,1.0001426935195923,mlp,embedding
8324,83250,NaN,NaN,NaN,NaN,0.0001316791313001886,100.0,1.0001317262649536,mlp,embedding
8325,83260,NaN,NaN,NaN,NaN,0.00012159859033999965,100.0,1.0001215934753418,mlp,embedding
8326,83270,NaN,NaN,NaN,NaN,0.0001124844275182113,100.0,1.000112533569336,mlp,embedding
8327,83280,NaN,NaN,NaN,NaN,0.00010418189776828513,100.0,1.0001041889190674,mlp,embedding
8328,83290,NaN,NaN,NaN,NaN,9.5836199761834e-05,100.0,1.0000958442687988,mlp,embedding
8329,83300,NaN,NaN,NaN,NaN,8.832506136968732e-05,100.0,1.0000883340835571,mlp,embedding
8330,83310,NaN,NaN,NaN,NaN,8.188530046027154e-05,100.0,1.0000818967819214,mlp,embedding
8331,83320,NaN,NaN,NaN,NaN,7.561301026726142e-05,100.0,1.0000755786895752,mlp,embedding
8332,83330,NaN,NaN,NaN,NaN,6.990842666709796e-05,100.0,1.0000698566436768,mlp,embedding
8333,83340,NaN,NaN,NaN,NaN,6.459558790083975e-05,100.0,1.0000646114349365,mlp,embedding
8334,83350,NaN,NaN,NaN,NaN,5.963965304545127e-05,100.0,1.0000596046447754,mlp,embedding
8335,83360,NaN,NaN,NaN,NaN,5.497115489561111e-05,100.0,1.000054955482483,mlp,embedding
8336,83370,NaN,NaN,NaN,NaN,5.078122194390744e-05,100.0,1.0000507831573486,mlp,embedding
8337,83380,NaN,NaN,NaN,NaN,4.6759054384892806e-05,100.0,1.000046730041504,mlp,embedding
8338,83390,NaN,NaN,NaN,NaN,4.312059536459856e-05,100.0,1.0000431537628174,mlp,embedding
8339,83400,NaN,NaN,NaN,NaN,3.986449519288726e-05,100.0,1.00003981590271,mlp,embedding
8340,83410,NaN,NaN,NaN,NaN,3.676807682495564e-05,100.0,1.0000367164611816,mlp,embedding
8341,83420,NaN,NaN,NaN,NaN,3.394855229998939e-05,100.0,1.000033974647522,mlp,embedding
8342,83430,NaN,NaN,NaN,NaN,3.138726606266573e-05,100.0,1.0000313520431519,mlp,embedding
8343,83440,NaN,NaN,NaN,NaN,2.912541094701737e-05,100.0,1.0000290870666504,mlp,embedding
8344,83450,9.620463970350102e-06,100.0,1.0000096559524536,0.001,2.7010160920326598e-05,100.0,1.000027060508728,mlp,embedding
8345,83460,NaN,NaN,NaN,NaN,2.506724740669597e-05,100.0,1.0000250339508057,mlp,embedding
8346,83470,NaN,NaN,NaN,NaN,2.3034943296806887e-05,100.0,1.0000230073928833,mlp,embedding
8347,83480,NaN,NaN,NaN,NaN,2.1330588424461894e-05,100.0,1.0000213384628296,mlp,embedding
8348,83490,NaN,NaN,NaN,NaN,1.973967664525844e-05,100.0,1.0000197887420654,mlp,embedding
8349,83500,NaN,NaN,NaN,NaN,1.8320115486858413e-05,100.0,1.0000183582305908,mlp,embedding
8350,83510,NaN,NaN,NaN,NaN,1.6993228200590238e-05,100.0,1.0000170469284058,mlp,embedding
8351,83520,NaN,NaN,NaN,NaN,1.5766267097205855e-05,100.0,1.0000157356262207,mlp,embedding
8352,83530,NaN,NaN,NaN,NaN,1.464225169911515e-05,100.0,1.0000146627426147,mlp,embedding
8353,83540,NaN,NaN,NaN,NaN,1.363801766274264e-05,100.0,1.0000135898590088,mlp,embedding
8354,83550,NaN,NaN,NaN,NaN,1.2691628398897592e-05,100.0,1.0000126361846924,mlp,embedding
8355,83560,NaN,NaN,NaN,NaN,1.1790803000621963e-05,100.0,1.0000118017196655,mlp,embedding
8356,83570,NaN,NaN,NaN,NaN,1.0980553270201199e-05,100.0,1.0000109672546387,mlp,embedding
8357,83580,NaN,NaN,NaN,NaN,1.0214564099442214e-05,100.0,1.0000102519989014,mlp,embedding
8358,83590,NaN,NaN,NaN,NaN,9.519390005152673e-06,100.0,1.000009536743164,mlp,embedding
8359,83600,NaN,NaN,NaN,NaN,8.873682418197859e-06,100.0,1.0000088214874268,mlp,embedding
8360,83610,NaN,NaN,NaN,NaN,8.293061000586022e-06,100.0,1.0000083446502686,mlp,embedding
8361,83620,NaN,NaN,NaN,NaN,7.744422873656731e-06,100.0,1.0000077486038208,mlp,embedding
8362,83630,NaN,NaN,NaN,NaN,7.248101155710174e-06,100.0,1.0000072717666626,mlp,embedding
8363,83640,NaN,NaN,NaN,NaN,6.790325187466806e-06,100.0,1.0000067949295044,mlp,embedding
8364,83650,NaN,NaN,NaN,NaN,6.3721709011588246e-06,100.0,1.0000063180923462,mlp,embedding
8365,83660,NaN,NaN,NaN,NaN,5.9764574871223886e-06,100.0,1.0000059604644775,mlp,embedding
8366,83670,NaN,NaN,NaN,NaN,5.623229753837222e-06,100.0,1.0000056028366089,mlp,embedding
8367,83680,NaN,NaN,NaN,NaN,5.276991487335181e-06,100.0,1.0000052452087402,mlp,embedding
8368,83690,NaN,NaN,NaN,NaN,4.9699374358169734e-06,100.0,1.0000050067901611,mlp,embedding
8369,83700,NaN,NaN,NaN,NaN,4.675041964219417e-06,100.0,1.0000046491622925,mlp,embedding
8370,83710,NaN,NaN,NaN,NaN,4.405200797918951e-06,100.0,1.0000044107437134,mlp,embedding
8371,83720,NaN,NaN,NaN,NaN,4.153397640038747e-06,100.0,1.0000041723251343,mlp,embedding
8372,83730,NaN,NaN,NaN,NaN,3.932350864488399e-06,100.0,1.0000039339065552,mlp,embedding
8373,83740,NaN,NaN,NaN,NaN,3.73645866602601e-06,100.0,1.000003695487976,mlp,embedding
8374,83750,NaN,NaN,NaN,NaN,3.5550310713006184e-06,100.0,1.0000035762786865,mlp,embedding
8375,83760,NaN,NaN,NaN,NaN,3.4116580991394585e-06,100.0,1.000003457069397,mlp,embedding
8376,83770,NaN,NaN,NaN,NaN,3.261369101892342e-06,100.0,1.0000032186508179,mlp,embedding
8377,83780,NaN,NaN,NaN,NaN,3.1127501642913558e-06,100.0,1.0000030994415283,mlp,embedding
8378,83790,NaN,NaN,NaN,NaN,2.982219484692905e-06,100.0,1.0000029802322388,mlp,embedding
8379,83800,NaN,NaN,NaN,NaN,2.8609133551071864e-06,100.0,1.0000028610229492,mlp,embedding
8380,83810,NaN,NaN,NaN,NaN,2.7536918878467986e-06,100.0,1.0000027418136597,mlp,embedding
8381,83820,NaN,NaN,NaN,NaN,2.6469026579434285e-06,100.0,1.0000026226043701,mlp,embedding
8382,83830,NaN,NaN,NaN,NaN,2.553185822762316e-06,100.0,1.0000025033950806,mlp,embedding
8383,83840,NaN,NaN,NaN,NaN,2.4720854980841978e-06,100.0,1.0000025033950806,mlp,embedding
8384,83850,NaN,NaN,NaN,NaN,2.3972179405973293e-06,100.0,1.000002384185791,mlp,embedding
8385,83860,NaN,NaN,NaN,NaN,2.333118118258426e-06,100.0,1.000002384185791,mlp,embedding
8386,83870,NaN,NaN,NaN,NaN,2.256958623547689e-06,100.0,1.0000022649765015,mlp,embedding
8387,83880,NaN,NaN,NaN,NaN,2.1856371859030332e-06,100.0,1.000002145767212,mlp,embedding
8388,83890,NaN,NaN,NaN,NaN,2.126958179360372e-06,100.0,1.000002145767212,mlp,embedding
8389,83900,NaN,NaN,NaN,NaN,2.072561301247333e-06,100.0,1.0000020265579224,mlp,embedding
8390,83910,NaN,NaN,NaN,NaN,2.0156053324171808e-06,100.0,1.0000020265579224,mlp,embedding
8391,83920,NaN,NaN,NaN,NaN,1.9532528767740587e-06,100.0,1.0000019073486328,mlp,embedding
8392,83930,NaN,NaN,NaN,NaN,1.9022755850528483e-06,100.0,1.0000019073486328,mlp,embedding
8393,83940,NaN,NaN,NaN,NaN,1.8497784139981377e-06,100.0,1.0000019073486328,mlp,embedding
8394,83950,NaN,NaN,NaN,NaN,1.7891742345454986e-06,100.0,1.0000017881393433,mlp,embedding
8395,83960,NaN,NaN,NaN,NaN,1.7378422398905968e-06,100.0,1.0000017881393433,mlp,embedding
8396,83970,NaN,NaN,NaN,NaN,1.6931230675254483e-06,100.0,1.0000016689300537,mlp,embedding
8397,83980,NaN,NaN,NaN,NaN,1.6315555058099562e-06,100.0,1.0000016689300537,mlp,embedding
8398,83990,NaN,NaN,NaN,NaN,1.572445285091817e-06,100.0,1.0000015497207642,mlp,embedding
8399,84000,NaN,NaN,NaN,NaN,1.5069246046550688e-06,100.0,1.0000015497207642,mlp,embedding
8400,84010,NaN,NaN,NaN,NaN,1.4588612202715012e-06,100.0,1.0000014305114746,mlp,embedding
8401,84020,NaN,NaN,NaN,NaN,1.398357539983408e-06,100.0,1.0000014305114746,mlp,embedding
8402,84030,NaN,NaN,NaN,NaN,1.3394751476880629e-06,100.0,1.000001311302185,mlp,embedding
8403,84040,NaN,NaN,NaN,NaN,1.2821637938031927e-06,100.0,1.000001311302185,mlp,embedding
8404,84050,NaN,NaN,NaN,NaN,1.2327571994319442e-06,100.0,1.0000011920928955,mlp,embedding
8405,84060,NaN,NaN,NaN,NaN,1.178030061055324e-06,100.0,1.0000011920928955,mlp,embedding
8406,84070,NaN,NaN,NaN,NaN,1.1204649581486592e-06,100.0,1.000001072883606,mlp,embedding
8407,84080,NaN,NaN,NaN,NaN,1.0662697604857385e-06,100.0,1.000001072883606,mlp,embedding
8408,84090,NaN,NaN,NaN,NaN,1.0198276640949189e-06,100.0,1.000001072883606,mlp,embedding
8409,84100,NaN,NaN,NaN,NaN,9.641122460379847e-07,100.0,1.0000009536743164,mlp,embedding
8410,84110,NaN,NaN,NaN,NaN,9.061420200850989e-07,100.0,1.0000009536743164,mlp,embedding
8411,84120,NaN,NaN,NaN,NaN,8.508573046128731e-07,100.0,1.0000008344650269,mlp,embedding
8412,84130,NaN,NaN,NaN,NaN,8.070248895819532e-07,100.0,1.0000008344650269,mlp,embedding
8413,84140,NaN,NaN,NaN,NaN,7.608360874655773e-07,100.0,1.0000007152557373,mlp,embedding
8414,84150,NaN,NaN,NaN,NaN,7.198160005827958e-07,100.0,1.0000007152557373,mlp,embedding
8415,84160,NaN,NaN,NaN,NaN,6.760341193512431e-07,100.0,1.0000007152557373,mlp,embedding
8416,84170,NaN,NaN,NaN,NaN,6.32835167380108e-07,100.0,1.0000005960464478,mlp,embedding
8417,84180,NaN,NaN,NaN,NaN,6.033684485373669e-07,100.0,1.0000005960464478,mlp,embedding
8418,84190,NaN,NaN,NaN,NaN,5.699240546164219e-07,100.0,1.0000005960464478,mlp,embedding
8419,84200,NaN,NaN,NaN,NaN,5.343259772416786e-07,100.0,1.0000004768371582,mlp,embedding
8420,84210,NaN,NaN,NaN,NaN,5.132711180522165e-07,100.0,1.0000004768371582,mlp,embedding
8421,84220,NaN,NaN,NaN,NaN,4.7093354282878863e-07,100.0,1.0000004768371582,mlp,embedding
8422,84230,NaN,NaN,NaN,NaN,4.444566741312883e-07,100.0,1.0000004768371582,mlp,embedding
8423,84240,NaN,NaN,NaN,NaN,4.2421257262503786e-07,100.0,1.0000004768371582,mlp,embedding
8424,84250,NaN,NaN,NaN,NaN,4.07059673079857e-07,100.0,1.0000003576278687,mlp,embedding
8425,84260,NaN,NaN,NaN,NaN,3.9010939190120553e-07,100.0,1.0000003576278687,mlp,embedding
8426,84270,NaN,NaN,NaN,NaN,3.7716230849582644e-07,100.0,1.0000003576278687,mlp,embedding
8427,84280,1.122655390872751e-07,100.0,1.0000001192092896,0.001,3.6951061588297307e-07,100.0,1.0000003576278687,mlp,embedding
8428,84290,NaN,NaN,NaN,NaN,3.576277265437966e-07,100.0,1.0000003576278687,mlp,embedding
8429,84300,NaN,NaN,NaN,NaN,3.703212314576376e-07,100.0,1.0000003576278687,mlp,embedding
8430,84310,NaN,NaN,NaN,NaN,3.9945797425389173e-07,100.0,1.0000003576278687,mlp,embedding
8431,84320,NaN,NaN,NaN,NaN,4.114934029075812e-07,100.0,1.0000003576278687,mlp,embedding
8432,84330,NaN,NaN,NaN,NaN,2.0778623365913518e-05,100.0,1.0000207424163818,mlp,embedding
8433,84340,NaN,NaN,NaN,NaN,1.4453470706939697,80.59510803222656,4.2433247566223145,mlp,embedding
8434,84350,NaN,NaN,NaN,NaN,0.10568298399448395,96.1955337524414,1.1114695072174072,mlp,embedding
8435,84360,NaN,NaN,NaN,NaN,0.01092394720762968,99.74494934082031,1.0109838247299194,mlp,embedding
8436,84370,NaN,NaN,NaN,NaN,0.004904814530164003,99.82996368408203,1.0049169063568115,mlp,embedding
8437,84380,NaN,NaN,NaN,NaN,0.0016822309698909521,99.95748901367188,1.0016835927963257,mlp,embedding
8438,84390,NaN,NaN,NaN,NaN,0.0008220996242016554,100.0,1.0008224248886108,mlp,embedding
8439,84400,NaN,NaN,NaN,NaN,0.00041187446913681924,100.0,1.0004119873046875,mlp,embedding
8440,84410,NaN,NaN,NaN,NaN,0.00028077579918317497,100.0,1.0002808570861816,mlp,embedding
8441,84420,NaN,NaN,NaN,NaN,0.0002224666823167354,100.0,1.0002224445343018,mlp,embedding
8442,84430,NaN,NaN,NaN,NaN,0.00018788692250382155,100.0,1.000187873840332,mlp,embedding
8443,84440,NaN,NaN,NaN,NaN,0.0001650020421948284,100.0,1.0001649856567383,mlp,embedding
8444,84450,NaN,NaN,NaN,NaN,0.00014863192336633801,100.0,1.0001486539840698,mlp,embedding
8445,84460,NaN,NaN,NaN,NaN,0.00013430937542580068,100.0,1.0001343488693237,mlp,embedding
8446,84470,NaN,NaN,NaN,NaN,0.00012045811308780685,100.0,1.0001205205917358,mlp,embedding
8447,84480,NaN,NaN,NaN,NaN,0.00011046258441638201,100.0,1.0001105070114136,mlp,embedding
8448,84490,NaN,NaN,NaN,NaN,0.00010140764788957313,100.0,1.0001014471054077,mlp,embedding
8449,84500,NaN,NaN,NaN,NaN,9.33688716031611e-05,100.0,1.0000933408737183,mlp,embedding
8450,84510,NaN,NaN,NaN,NaN,8.628558134660125e-05,100.0,1.0000863075256348,mlp,embedding
8451,84520,NaN,NaN,NaN,NaN,7.986854325281456e-05,100.0,1.000079870223999,mlp,embedding
8452,84530,NaN,NaN,NaN,NaN,7.421895861625671e-05,100.0,1.0000742673873901,mlp,embedding
8453,84540,NaN,NaN,NaN,NaN,6.883255991851911e-05,100.0,1.0000687837600708,mlp,embedding
8454,84550,NaN,NaN,NaN,NaN,6.362979183904827e-05,100.0,1.0000636577606201,mlp,embedding
8455,84560,NaN,NaN,NaN,NaN,5.8739009546115994e-05,100.0,1.0000587701797485,mlp,embedding
8456,84570,NaN,NaN,NaN,NaN,5.443263944471255e-05,100.0,1.0000544786453247,mlp,embedding
8457,84580,NaN,NaN,NaN,NaN,5.059754039393738e-05,100.0,1.0000505447387695,mlp,embedding
8458,84590,NaN,NaN,NaN,NaN,4.692333459388465e-05,100.0,1.000046968460083,mlp,embedding
8459,84600,NaN,NaN,NaN,NaN,4.3551506678340957e-05,100.0,1.000043511390686,mlp,embedding
8460,84610,NaN,NaN,NaN,NaN,4.043259104946628e-05,100.0,1.0000404119491577,mlp,embedding
8461,84620,NaN,NaN,NaN,NaN,3.750883479369804e-05,100.0,1.0000375509262085,mlp,embedding
8462,84630,NaN,NaN,NaN,NaN,3.483098407741636e-05,100.0,1.0000348091125488,mlp,embedding
8463,84640,NaN,NaN,NaN,NaN,3.2365664083044976e-05,100.0,1.0000324249267578,mlp,embedding
8464,84650,NaN,NaN,NaN,NaN,3.0032031645532697e-05,100.0,1.0000300407409668,mlp,embedding
8465,84660,NaN,NaN,NaN,NaN,2.78866064036265e-05,100.0,1.0000278949737549,mlp,embedding
8466,84670,NaN,NaN,NaN,NaN,2.59270855167415e-05,100.0,1.0000258684158325,mlp,embedding
8467,84680,NaN,NaN,NaN,NaN,2.4075845431070775e-05,100.0,1.0000240802764893,mlp,embedding
8468,84690,NaN,NaN,NaN,NaN,2.237797343696002e-05,100.0,1.0000224113464355,mlp,embedding
8469,84700,NaN,NaN,NaN,NaN,2.073495306831319e-05,100.0,1.0000207424163818,mlp,embedding
8470,84710,NaN,NaN,NaN,NaN,1.9255383449490182e-05,100.0,1.0000193119049072,mlp,embedding
8471,84720,NaN,NaN,NaN,NaN,1.7885125998873264e-05,100.0,1.0000178813934326,mlp,embedding
8472,84730,NaN,NaN,NaN,NaN,1.6598125512246042e-05,100.0,1.0000165700912476,mlp,embedding
8473,84740,NaN,NaN,NaN,NaN,1.5485009498661384e-05,100.0,1.0000154972076416,mlp,embedding
8474,84750,NaN,NaN,NaN,NaN,1.4407452908926643e-05,100.0,1.0000144243240356,mlp,embedding
8475,84760,NaN,NaN,NaN,NaN,1.3359241165744606e-05,100.0,1.0000133514404297,mlp,embedding
8476,84770,NaN,NaN,NaN,NaN,1.2374592188280076e-05,100.0,1.0000123977661133,mlp,embedding
8477,84780,NaN,NaN,NaN,NaN,1.1522821296239272e-05,100.0,1.0000115633010864,mlp,embedding
8478,84790,NaN,NaN,NaN,NaN,1.074556894309353e-05,100.0,1.0000107288360596,mlp,embedding
8479,84800,NaN,NaN,NaN,NaN,1.0002523595176172e-05,100.0,1.0000100135803223,mlp,embedding
8480,84810,NaN,NaN,NaN,NaN,9.34567015065113e-06,100.0,1.000009298324585,mlp,embedding
8481,84820,NaN,NaN,NaN,NaN,8.708805580681656e-06,100.0,1.0000087022781372,mlp,embedding
8482,84830,NaN,NaN,NaN,NaN,8.138979865179863e-06,100.0,1.0000081062316895,mlp,embedding
8483,84840,NaN,NaN,NaN,NaN,7.578579243272543e-06,100.0,1.0000076293945312,mlp,embedding
8484,84850,NaN,NaN,NaN,NaN,7.0684354795957915e-06,100.0,1.0000070333480835,mlp,embedding
8485,84860,NaN,NaN,NaN,NaN,6.585088158317376e-06,100.0,1.0000065565109253,mlp,embedding
8486,84870,NaN,NaN,NaN,NaN,6.168920208438067e-06,100.0,1.0000061988830566,mlp,embedding
8487,84880,NaN,NaN,NaN,NaN,5.7801571529125795e-06,100.0,1.0000057220458984,mlp,embedding
8488,84890,NaN,NaN,NaN,NaN,5.406270702223992e-06,100.0,1.0000053644180298,mlp,embedding
8489,84900,NaN,NaN,NaN,NaN,5.0601452130649704e-06,100.0,1.0000050067901611,mlp,embedding
8490,84910,NaN,NaN,NaN,NaN,4.754808742291061e-06,100.0,1.000004768371582,mlp,embedding
8491,84920,NaN,NaN,NaN,NaN,4.480174084164901e-06,100.0,1.000004529953003,mlp,embedding
8492,84930,NaN,NaN,NaN,NaN,4.2084020606125705e-06,100.0,1.0000041723251343,mlp,embedding
8493,84940,NaN,NaN,NaN,NaN,3.963281415053643e-06,100.0,1.0000039339065552,mlp,embedding
8494,84950,NaN,NaN,NaN,NaN,3.728217961906921e-06,100.0,1.000003695487976,mlp,embedding
8495,84960,NaN,NaN,NaN,NaN,3.523454779497115e-06,100.0,1.0000035762786865,mlp,embedding
8496,84970,NaN,NaN,NaN,NaN,3.3234541660931427e-06,100.0,1.0000033378601074,mlp,embedding
8497,84980,NaN,NaN,NaN,NaN,3.143190042464994e-06,100.0,1.0000030994415283,mlp,embedding
8498,84990,NaN,NaN,NaN,NaN,2.977062877107528e-06,100.0,1.0000029802322388,mlp,embedding
8499,85000,NaN,NaN,NaN,NaN,2.8319896046014037e-06,100.0,1.0000028610229492,mlp,embedding
8500,85010,NaN,NaN,NaN,NaN,2.6994821382686496e-06,100.0,1.0000027418136597,mlp,embedding
8501,85020,NaN,NaN,NaN,NaN,2.578223302407423e-06,100.0,1.0000026226043701,mlp,embedding
8502,85030,NaN,NaN,NaN,NaN,2.4718110580579378e-06,100.0,1.0000025033950806,mlp,embedding
8503,85040,NaN,NaN,NaN,NaN,2.375863004999701e-06,100.0,1.000002384185791,mlp,embedding
8504,85050,NaN,NaN,NaN,NaN,2.2952426661504433e-06,100.0,1.0000022649765015,mlp,embedding
8505,85060,NaN,NaN,NaN,NaN,2.219081352450303e-06,100.0,1.0000022649765015,mlp,embedding
8506,85070,NaN,NaN,NaN,NaN,2.147050963685615e-06,100.0,1.000002145767212,mlp,embedding
8507,85080,NaN,NaN,NaN,NaN,2.0862435121671297e-06,100.0,1.000002145767212,mlp,embedding
8508,85090,NaN,NaN,NaN,NaN,2.0358243091322947e-06,100.0,1.0000020265579224,mlp,embedding
8509,85100,NaN,NaN,NaN,NaN,1.983960601137369e-06,100.0,1.0000020265579224,mlp,embedding
8510,85110,NaN,NaN,NaN,NaN,1.943270262927399e-06,100.0,1.0000019073486328,mlp,embedding
8511,85120,7.602124014738365e-07,100.0,1.0000007152557373,0.001,1.9049620050282101e-06,100.0,1.0000019073486328,mlp,embedding
8512,85130,NaN,NaN,NaN,NaN,1.8654371842785622e-06,100.0,1.0000019073486328,mlp,embedding
8513,85140,NaN,NaN,NaN,NaN,1.8395429606243852e-06,100.0,1.0000017881393433,mlp,embedding
8514,85150,NaN,NaN,NaN,NaN,1.8133703179046279e-06,100.0,1.0000017881393433,mlp,embedding
8515,85160,NaN,NaN,NaN,NaN,1.7811678389989538e-06,100.0,1.0000017881393433,mlp,embedding
8516,85170,NaN,NaN,NaN,NaN,1.7500040030427044e-06,100.0,1.0000017881393433,mlp,embedding
8517,85180,NaN,NaN,NaN,NaN,1.717775944598543e-06,100.0,1.0000016689300537,mlp,embedding
8518,85190,NaN,NaN,NaN,NaN,1.6976330243778648e-06,100.0,1.0000016689300537,mlp,embedding
8519,85200,NaN,NaN,NaN,NaN,1.6653799548294046e-06,100.0,1.0000016689300537,mlp,embedding
8520,85210,NaN,NaN,NaN,NaN,1.6355587604266475e-06,100.0,1.0000016689300537,mlp,embedding
8521,85220,NaN,NaN,NaN,NaN,1.6038119383665617e-06,100.0,1.0000015497207642,mlp,embedding
8522,85230,NaN,NaN,NaN,NaN,1.5643885262761614e-06,100.0,1.0000015497207642,mlp,embedding
8523,85240,NaN,NaN,NaN,NaN,1.540166408631194e-06,100.0,1.0000015497207642,mlp,embedding
8524,85250,NaN,NaN,NaN,NaN,1.499805193816428e-06,100.0,1.0000015497207642,mlp,embedding
8525,85260,NaN,NaN,NaN,NaN,1.455947881368047e-06,100.0,1.0000014305114746,mlp,embedding
8526,85270,NaN,NaN,NaN,NaN,1.4275202602220816e-06,100.0,1.0000014305114746,mlp,embedding
8527,85280,NaN,NaN,NaN,NaN,1.3876656339562032e-06,100.0,1.0000014305114746,mlp,embedding
8528,85290,NaN,NaN,NaN,NaN,1.3382084489421686e-06,100.0,1.000001311302185,mlp,embedding
8529,85300,NaN,NaN,NaN,NaN,1.2922479299959377e-06,100.0,1.000001311302185,mlp,embedding
8530,85310,NaN,NaN,NaN,NaN,1.255332222172001e-06,100.0,1.000001311302185,mlp,embedding
8531,85320,NaN,NaN,NaN,NaN,1.2030878906443832e-06,100.0,1.0000011920928955,mlp,embedding
8532,85330,NaN,NaN,NaN,NaN,1.1586222399273538e-06,100.0,1.0000011920928955,mlp,embedding
8533,85340,NaN,NaN,NaN,NaN,1.106808781514701e-06,100.0,1.000001072883606,mlp,embedding
8534,85350,NaN,NaN,NaN,NaN,1.0525631068958319e-06,100.0,1.000001072883606,mlp,embedding
8535,85360,NaN,NaN,NaN,NaN,1.0119734952240833e-06,100.0,1.0000009536743164,mlp,embedding
8536,85370,NaN,NaN,NaN,NaN,9.582849997968879e-07,100.0,1.0000009536743164,mlp,embedding
8537,85380,NaN,NaN,NaN,NaN,9.112854968407191e-07,100.0,1.0000009536743164,mlp,embedding
8538,85390,NaN,NaN,NaN,NaN,8.644632885079773e-07,100.0,1.0000008344650269,mlp,embedding
8539,85400,NaN,NaN,NaN,NaN,8.243552542808175e-07,100.0,1.0000008344650269,mlp,embedding
8540,85410,NaN,NaN,NaN,NaN,7.729976800874283e-07,100.0,1.0000007152557373,mlp,embedding
8541,85420,NaN,NaN,NaN,NaN,7.29874784610729e-07,100.0,1.0000007152557373,mlp,embedding
8542,85430,NaN,NaN,NaN,NaN,6.76971808388771e-07,100.0,1.0000007152557373,mlp,embedding
8543,85440,NaN,NaN,NaN,NaN,6.344313874251384e-07,100.0,1.0000005960464478,mlp,embedding
8544,85450,NaN,NaN,NaN,NaN,6.090946840231481e-07,100.0,1.0000005960464478,mlp,embedding
8545,85460,NaN,NaN,NaN,NaN,5.620444198939367e-07,100.0,1.0000005960464478,mlp,embedding
8546,85470,NaN,NaN,NaN,NaN,5.459555723064113e-07,100.0,1.0000005960464478,mlp,embedding
8547,85480,NaN,NaN,NaN,NaN,4.942433520227496e-07,100.0,1.0000004768371582,mlp,embedding
8548,85490,NaN,NaN,NaN,NaN,4.742779537991737e-07,100.0,1.0000004768371582,mlp,embedding
8549,85500,NaN,NaN,NaN,NaN,4.359689285138302e-07,100.0,1.0000004768371582,mlp,embedding
8550,85510,NaN,NaN,NaN,NaN,4.1630758573774074e-07,100.0,1.0000003576278687,mlp,embedding
8551,85520,NaN,NaN,NaN,NaN,4.0310717963620846e-07,100.0,1.0000003576278687,mlp,embedding
8552,85530,NaN,NaN,NaN,NaN,3.8810782143627875e-07,100.0,1.0000003576278687,mlp,embedding
8553,85540,NaN,NaN,NaN,NaN,3.685732394842489e-07,100.0,1.0000003576278687,mlp,embedding
8554,85550,NaN,NaN,NaN,NaN,3.689785614824359e-07,100.0,1.0000003576278687,mlp,embedding
8555,85560,NaN,NaN,NaN,NaN,0.004865679889917374,99.72369384765625,1.0048775672912598,mlp,embedding
8556,85570,NaN,NaN,NaN,NaN,0.7329704761505127,88.20403289794922,2.08125376701355,mlp,embedding
8557,85580,NaN,NaN,NaN,NaN,0.059539295732975006,97.83209228515625,1.061347484588623,mlp,embedding
8558,85590,NaN,NaN,NaN,NaN,0.00916360691189766,99.89373016357422,1.00920569896698,mlp,embedding
8559,85600,NaN,NaN,NaN,NaN,0.0022349657956510782,100.0,1.0022374391555786,mlp,embedding
8560,85610,NaN,NaN,NaN,NaN,0.001240539364516735,100.0,1.0012413263320923,mlp,embedding
8561,85620,NaN,NaN,NaN,NaN,0.000871945871040225,100.0,1.0008723735809326,mlp,embedding
8562,85630,NaN,NaN,NaN,NaN,0.0006336261867545545,100.0,1.0006338357925415,mlp,embedding
8563,85640,NaN,NaN,NaN,NaN,0.0004974690964445472,100.0,1.000497579574585,mlp,embedding
8564,85650,NaN,NaN,NaN,NaN,0.0004100161313544959,100.0,1.0004100799560547,mlp,embedding
8565,85660,NaN,NaN,NaN,NaN,0.00035354006104171276,100.0,1.0003535747528076,mlp,embedding
8566,85670,NaN,NaN,NaN,NaN,0.0003111054247710854,100.0,1.0003111362457275,mlp,embedding
8567,85680,NaN,NaN,NaN,NaN,0.00027749486616812646,100.0,1.0002775192260742,mlp,embedding
8568,85690,NaN,NaN,NaN,NaN,0.00025162851670756936,100.0,1.0002516508102417,mlp,embedding
8569,85700,NaN,NaN,NaN,NaN,0.0002300018968526274,100.0,1.000230073928833,mlp,embedding
8570,85710,NaN,NaN,NaN,NaN,0.00021059010759927332,100.0,1.0002106428146362,mlp,embedding
8571,85720,NaN,NaN,NaN,NaN,0.00019340909784659743,100.0,1.000193476676941,mlp,embedding
8572,85730,NaN,NaN,NaN,NaN,0.00017824831593316048,100.0,1.0001782178878784,mlp,embedding
8573,85740,NaN,NaN,NaN,NaN,0.00016519709606654942,100.0,1.0001652240753174,mlp,embedding
8574,85750,NaN,NaN,NaN,NaN,0.00015261126100085676,100.0,1.000152587890625,mlp,embedding
8575,85760,NaN,NaN,NaN,NaN,0.00014140676648821682,100.0,1.0001413822174072,mlp,embedding
8576,85770,NaN,NaN,NaN,NaN,0.00013105609104968607,100.0,1.0001310110092163,mlp,embedding
8577,85780,NaN,NaN,NaN,NaN,0.00012165239604655653,100.0,1.0001217126846313,mlp,embedding
8578,85790,NaN,NaN,NaN,NaN,0.00011282235936960205,100.0,1.000112771987915,mlp,embedding
8579,85800,NaN,NaN,NaN,NaN,0.00010459092300152406,100.0,1.000104546546936,mlp,embedding
8580,85810,NaN,NaN,NaN,NaN,9.730117744766176e-05,100.0,1.0000972747802734,mlp,embedding
8581,85820,NaN,NaN,NaN,NaN,9.049964864971116e-05,100.0,1.000090479850769,mlp,embedding
8582,85830,NaN,NaN,NaN,NaN,8.399593934882432e-05,100.0,1.0000840425491333,mlp,embedding
8583,85840,NaN,NaN,NaN,NaN,7.801899482728913e-05,100.0,1.0000779628753662,mlp,embedding
8584,85850,NaN,NaN,NaN,NaN,7.249168993439525e-05,100.0,1.0000724792480469,mlp,embedding
8585,85860,NaN,NaN,NaN,NaN,6.74857001286e-05,100.0,1.0000674724578857,mlp,embedding
8586,85870,NaN,NaN,NaN,NaN,6.245327676879242e-05,100.0,1.0000624656677246,mlp,embedding
8587,85880,NaN,NaN,NaN,NaN,5.819569560117088e-05,100.0,1.0000581741333008,mlp,embedding
8588,85890,NaN,NaN,NaN,NaN,5.411952952272259e-05,100.0,1.000054121017456,mlp,embedding
8589,85900,NaN,NaN,NaN,NaN,5.0321857997914776e-05,100.0,1.0000503063201904,mlp,embedding
8590,85910,NaN,NaN,NaN,NaN,4.670547423302196e-05,100.0,1.000046730041504,mlp,embedding
8591,85920,NaN,NaN,NaN,NaN,4.3490439566085115e-05,100.0,1.000043511390686,mlp,embedding
8592,85930,NaN,NaN,NaN,NaN,4.050075585837476e-05,100.0,1.0000405311584473,mlp,embedding
8593,85940,NaN,NaN,NaN,NaN,3.773075877688825e-05,100.0,1.0000377893447876,mlp,embedding
8594,85950,NaN,NaN,NaN,NaN,3.5092103644274175e-05,100.0,1.000035047531128,mlp,embedding
8595,85960,NaN,NaN,NaN,NaN,3.245263360440731e-05,100.0,1.0000324249267578,mlp,embedding
8596,85970,1.244570012204349e-05,100.0,1.0000123977661133,0.001,3.0184402930899523e-05,100.0,1.0000301599502563,mlp,embedding
8597,85980,NaN,NaN,NaN,NaN,2.8113889129599556e-05,100.0,1.000028133392334,mlp,embedding
8598,85990,NaN,NaN,NaN,NaN,2.6236652047373354e-05,100.0,1.0000262260437012,mlp,embedding
8599,86000,NaN,NaN,NaN,NaN,2.4472703444189392e-05,100.0,1.000024437904358,mlp,embedding
8600,86010,NaN,NaN,NaN,NaN,2.2752914446755312e-05,100.0,1.0000227689743042,mlp,embedding
8601,86020,NaN,NaN,NaN,NaN,2.1231448045000434e-05,100.0,1.00002121925354,mlp,embedding
8602,86030,NaN,NaN,NaN,NaN,1.9784845790127292e-05,100.0,1.0000197887420654,mlp,embedding
8603,86040,NaN,NaN,NaN,NaN,1.8439144696458243e-05,100.0,1.0000184774398804,mlp,embedding
8604,86050,NaN,NaN,NaN,NaN,1.720028194540646e-05,100.0,1.0000171661376953,mlp,embedding
8605,86060,NaN,NaN,NaN,NaN,1.6068408513092436e-05,100.0,1.0000160932540894,mlp,embedding
8606,86070,NaN,NaN,NaN,NaN,1.5045268810354173e-05,100.0,1.0000150203704834,mlp,embedding
8607,86080,NaN,NaN,NaN,NaN,1.4044299859961029e-05,100.0,1.000014066696167,mlp,embedding
8608,86090,NaN,NaN,NaN,NaN,1.31233136926312e-05,100.0,1.0000131130218506,mlp,embedding
8609,86100,NaN,NaN,NaN,NaN,1.2325925126788206e-05,100.0,1.0000122785568237,mlp,embedding
8610,86110,NaN,NaN,NaN,NaN,1.1578031262615696e-05,100.0,1.0000115633010864,mlp,embedding
8611,86120,NaN,NaN,NaN,NaN,1.0882009519264102e-05,100.0,1.0000108480453491,mlp,embedding
8612,86130,NaN,NaN,NaN,NaN,1.023532786348369e-05,100.0,1.0000102519989014,mlp,embedding
8613,86140,NaN,NaN,NaN,NaN,9.627554391045123e-06,100.0,1.0000096559524536,mlp,embedding
8614,86150,NaN,NaN,NaN,NaN,9.053059329744428e-06,100.0,1.0000090599060059,mlp,embedding
8615,86160,NaN,NaN,NaN,NaN,8.534571861673612e-06,100.0,1.0000085830688477,mlp,embedding
8616,86170,NaN,NaN,NaN,NaN,8.07409560366068e-06,100.0,1.0000081062316895,mlp,embedding
8617,86180,NaN,NaN,NaN,NaN,7.610577085870318e-06,100.0,1.0000076293945312,mlp,embedding
8618,86190,NaN,NaN,NaN,NaN,7.197191280283732e-06,100.0,1.000007152557373,mlp,embedding
8619,86200,NaN,NaN,NaN,NaN,6.817370831413427e-06,100.0,1.0000067949295044,mlp,embedding
8620,86210,NaN,NaN,NaN,NaN,6.4951827880577184e-06,100.0,1.0000064373016357,mlp,embedding
8621,86220,NaN,NaN,NaN,NaN,6.184267931530485e-06,100.0,1.0000061988830566,mlp,embedding
8622,86230,NaN,NaN,NaN,NaN,5.885082373424666e-06,100.0,1.000005841255188,mlp,embedding
8623,86240,NaN,NaN,NaN,NaN,5.633271939586848e-06,100.0,1.0000056028366089,mlp,embedding
8624,86250,NaN,NaN,NaN,NaN,5.36618472324335e-06,100.0,1.0000053644180298,mlp,embedding
8625,86260,NaN,NaN,NaN,NaN,5.136896106705535e-06,100.0,1.0000051259994507,mlp,embedding
8626,86270,NaN,NaN,NaN,NaN,4.938944584864657e-06,100.0,1.0000048875808716,mlp,embedding
8627,86280,NaN,NaN,NaN,NaN,4.74940634376253e-06,100.0,1.000004768371582,mlp,embedding
8628,86290,NaN,NaN,NaN,NaN,4.558169621304842e-06,100.0,1.000004529953003,mlp,embedding
8629,86300,NaN,NaN,NaN,NaN,4.372761395643465e-06,100.0,1.0000044107437134,mlp,embedding
8630,86310,NaN,NaN,NaN,NaN,4.2099518395843916e-06,100.0,1.0000041723251343,mlp,embedding
8631,86320,NaN,NaN,NaN,NaN,4.0519303183828015e-06,100.0,1.0000040531158447,mlp,embedding
8632,86330,NaN,NaN,NaN,NaN,3.897429905919125e-06,100.0,1.0000039339065552,mlp,embedding
8633,86340,NaN,NaN,NaN,NaN,3.7608654110954376e-06,100.0,1.0000038146972656,mlp,embedding
8634,86350,NaN,NaN,NaN,NaN,3.6246563013264677e-06,100.0,1.0000035762786865,mlp,embedding
8635,86360,NaN,NaN,NaN,NaN,3.4888789741671644e-06,100.0,1.000003457069397,mlp,embedding
8636,86370,NaN,NaN,NaN,NaN,3.3623243780311896e-06,100.0,1.0000033378601074,mlp,embedding
8637,86380,NaN,NaN,NaN,NaN,3.236933935113484e-06,100.0,1.0000032186508179,mlp,embedding
8638,86390,NaN,NaN,NaN,NaN,3.1215770377457375e-06,100.0,1.0000030994415283,mlp,embedding
8639,86400,NaN,NaN,NaN,NaN,3.0129092465358553e-06,100.0,1.0000029802322388,mlp,embedding
8640,86410,NaN,NaN,NaN,NaN,2.901656444009859e-06,100.0,1.0000028610229492,mlp,embedding
8641,86420,NaN,NaN,NaN,NaN,2.7837149900733493e-06,100.0,1.0000027418136597,mlp,embedding
8642,86430,NaN,NaN,NaN,NaN,2.673780045370222e-06,100.0,1.0000026226043701,mlp,embedding
8643,86440,NaN,NaN,NaN,NaN,2.5688609639473725e-06,100.0,1.0000026226043701,mlp,embedding
8644,86450,NaN,NaN,NaN,NaN,2.4609523734397953e-06,100.0,1.0000025033950806,mlp,embedding
8645,86460,NaN,NaN,NaN,NaN,2.3587190298712812e-06,100.0,1.000002384185791,mlp,embedding
8646,86470,NaN,NaN,NaN,NaN,2.251215619253344e-06,100.0,1.0000022649765015,mlp,embedding
8647,86480,NaN,NaN,NaN,NaN,2.149843794541084e-06,100.0,1.000002145767212,mlp,embedding
8648,86490,NaN,NaN,NaN,NaN,2.048193209702731e-06,100.0,1.0000020265579224,mlp,embedding
8649,86500,NaN,NaN,NaN,NaN,1.9460103430901654e-06,100.0,1.0000019073486328,mlp,embedding
8650,86510,NaN,NaN,NaN,NaN,1.8629565374794765e-06,100.0,1.0000019073486328,mlp,embedding
8651,86520,NaN,NaN,NaN,NaN,1.7651826738074305e-06,100.0,1.0000017881393433,mlp,embedding
8652,86530,NaN,NaN,NaN,NaN,1.673514361755224e-06,100.0,1.0000016689300537,mlp,embedding
8653,86540,NaN,NaN,NaN,NaN,1.5735865872557042e-06,100.0,1.0000015497207642,mlp,embedding
8654,86550,NaN,NaN,NaN,NaN,1.4924586366760195e-06,100.0,1.0000015497207642,mlp,embedding
8655,86560,NaN,NaN,NaN,NaN,1.4057058024263824e-06,100.0,1.0000014305114746,mlp,embedding
8656,86570,NaN,NaN,NaN,NaN,1.3174835657991935e-06,100.0,1.000001311302185,mlp,embedding
8657,86580,NaN,NaN,NaN,NaN,1.236304910889885e-06,100.0,1.0000011920928955,mlp,embedding
8658,86590,NaN,NaN,NaN,NaN,1.1559874337763176e-06,100.0,1.0000011920928955,mlp,embedding
8659,86600,NaN,NaN,NaN,NaN,1.0849433920157026e-06,100.0,1.000001072883606,mlp,embedding
8660,86610,NaN,NaN,NaN,NaN,1.0129110705747735e-06,100.0,1.0000009536743164,mlp,embedding
8661,86620,NaN,NaN,NaN,NaN,9.456928751205851e-07,100.0,1.0000009536743164,mlp,embedding
8662,86630,NaN,NaN,NaN,NaN,8.744206638766627e-07,100.0,1.0000008344650269,mlp,embedding
8663,86640,NaN,NaN,NaN,NaN,8.153861017490271e-07,100.0,1.0000008344650269,mlp,embedding
8664,86650,NaN,NaN,NaN,NaN,7.585052230751899e-07,100.0,1.0000007152557373,mlp,embedding
8665,86660,NaN,NaN,NaN,NaN,7.005855309216713e-07,100.0,1.0000007152557373,mlp,embedding
8666,86670,NaN,NaN,NaN,NaN,6.527245091092482e-07,100.0,1.0000005960464478,mlp,embedding
8667,86680,NaN,NaN,NaN,NaN,6.044580231900909e-07,100.0,1.0000005960464478,mlp,embedding
8668,86690,NaN,NaN,NaN,NaN,5.602454393738299e-07,100.0,1.0000005960464478,mlp,embedding
8669,86700,NaN,NaN,NaN,NaN,5.145888053448289e-07,100.0,1.0000004768371582,mlp,embedding
8670,86710,NaN,NaN,NaN,NaN,4.834498668060405e-07,100.0,1.0000004768371582,mlp,embedding
8671,86720,NaN,NaN,NaN,NaN,4.461289506707544e-07,100.0,1.0000004768371582,mlp,embedding
8672,86730,NaN,NaN,NaN,NaN,4.184105648619152e-07,100.0,1.0000004768371582,mlp,embedding
8673,86740,NaN,NaN,NaN,NaN,3.9084417835510976e-07,100.0,1.0000003576278687,mlp,embedding
8674,86750,NaN,NaN,NaN,NaN,3.616563333252998e-07,100.0,1.0000003576278687,mlp,embedding
8675,86760,NaN,NaN,NaN,NaN,3.373837671460933e-07,100.0,1.0000003576278687,mlp,embedding
8676,86770,NaN,NaN,NaN,NaN,3.1878659001449705e-07,100.0,1.0000003576278687,mlp,embedding
8677,86780,NaN,NaN,NaN,NaN,3.0994411304163805e-07,100.0,1.0000003576278687,mlp,embedding
8678,86790,NaN,NaN,NaN,NaN,2.9970803439027804e-07,100.0,1.0000003576278687,mlp,embedding
8679,86800,NaN,NaN,NaN,NaN,2.8346718750071886e-07,100.0,1.000000238418579,mlp,embedding
8680,86810,NaN,NaN,NaN,NaN,2.8574751809173904e-07,100.0,1.000000238418579,mlp,embedding
8681,86820,9.713630078067581e-08,100.0,1.0000001192092896,0.001,3.0753699320484884e-07,100.0,1.0000003576278687,mlp,embedding
8682,86830,NaN,NaN,NaN,NaN,3.6013582871419203e-07,100.0,1.0000003576278687,mlp,embedding
8683,86840,NaN,NaN,NaN,NaN,6.259158908505924e-06,100.0,1.0000063180923462,mlp,embedding
8684,86850,NaN,NaN,NaN,NaN,0.8104331493377686,80.85015869140625,2.2488818168640137,mlp,embedding
8685,86860,NaN,NaN,NaN,NaN,0.054749954491853714,97.93836212158203,1.0562764406204224,mlp,embedding
8686,86870,NaN,NaN,NaN,NaN,0.00698087178170681,99.87247467041016,1.0070053339004517,mlp,embedding
8687,86880,NaN,NaN,NaN,NaN,0.003965022042393684,99.95748901367188,1.0039728879928589,mlp,embedding
8688,86890,NaN,NaN,NaN,NaN,0.0026582875289022923,99.95748901367188,1.0026618242263794,mlp,embedding
8689,86900,NaN,NaN,NaN,NaN,0.0016294614179059863,99.97874450683594,1.0016307830810547,mlp,embedding
8690,86910,NaN,NaN,NaN,NaN,0.0010314423125237226,99.97874450683594,1.0010319948196411,mlp,embedding
8691,86920,NaN,NaN,NaN,NaN,0.0007567170541733503,99.97874450683594,1.0007569789886475,mlp,embedding
8692,86930,NaN,NaN,NaN,NaN,0.000615440949331969,99.97874450683594,1.0006155967712402,mlp,embedding
8693,86940,NaN,NaN,NaN,NaN,0.000525865878444165,99.97874450683594,1.000525951385498,mlp,embedding
8694,86950,NaN,NaN,NaN,NaN,0.00045978534035384655,99.97874450683594,1.000459909439087,mlp,embedding
8695,86960,NaN,NaN,NaN,NaN,0.0004168945597484708,99.97874450683594,1.0004169940948486,mlp,embedding
8696,86970,NaN,NaN,NaN,NaN,0.0003612601722124964,99.97874450683594,1.0003613233566284,mlp,embedding
8697,86980,NaN,NaN,NaN,NaN,0.00032792097772471607,99.97874450683594,1.0003279447555542,mlp,embedding
8698,86990,NaN,NaN,NaN,NaN,0.0003045768244192004,100.0,1.0003045797348022,mlp,embedding
8699,87000,NaN,NaN,NaN,NaN,0.00028350463253445923,100.0,1.0002835988998413,mlp,embedding
8700,87010,NaN,NaN,NaN,NaN,0.00026348736719228327,100.0,1.0002635717391968,mlp,embedding
8701,87020,NaN,NaN,NaN,NaN,0.00024278384807985276,100.0,1.000242829322815,mlp,embedding
8702,87030,NaN,NaN,NaN,NaN,0.00022216496290639043,100.0,1.0002222061157227,mlp,embedding
8703,87040,NaN,NaN,NaN,NaN,0.00020075113570783287,100.0,1.0002007484436035,mlp,embedding
8704,87050,NaN,NaN,NaN,NaN,0.00017919328820426017,100.0,1.0001791715621948,mlp,embedding
8705,87060,NaN,NaN,NaN,NaN,0.00016014420543797314,100.0,1.0001600980758667,mlp,embedding
8706,87070,NaN,NaN,NaN,NaN,0.0001441479689674452,100.0,1.000144124031067,mlp,embedding
8707,87080,NaN,NaN,NaN,NaN,0.00013199633394833654,100.0,1.0001319646835327,mlp,embedding
8708,87090,NaN,NaN,NaN,NaN,0.00011936675582546741,100.0,1.0001193284988403,mlp,embedding
8709,87100,NaN,NaN,NaN,NaN,0.00010808816296048462,100.0,1.0001081228256226,mlp,embedding
8710,87110,NaN,NaN,NaN,NaN,9.891141235129908e-05,100.0,1.0000989437103271,mlp,embedding
8711,87120,NaN,NaN,NaN,NaN,8.999925921671093e-05,100.0,1.0000900030136108,mlp,embedding
8712,87130,NaN,NaN,NaN,NaN,8.211374370148405e-05,100.0,1.0000821352005005,mlp,embedding
8713,87140,NaN,NaN,NaN,NaN,7.488606934202835e-05,100.0,1.000074863433838,mlp,embedding
8714,87150,NaN,NaN,NaN,NaN,6.843751907581463e-05,100.0,1.0000684261322021,mlp,embedding
8715,87160,NaN,NaN,NaN,NaN,6.168422260088846e-05,100.0,1.0000616312026978,mlp,embedding
8716,87170,NaN,NaN,NaN,NaN,5.605343176284805e-05,100.0,1.0000560283660889,mlp,embedding
8717,87180,NaN,NaN,NaN,NaN,5.086494275019504e-05,100.0,1.0000509023666382,mlp,embedding
8718,87190,NaN,NaN,NaN,NaN,4.6208573621697724e-05,100.0,1.0000462532043457,mlp,embedding
8719,87200,NaN,NaN,NaN,NaN,4.207767779007554e-05,100.0,1.0000420808792114,mlp,embedding
8720,87210,NaN,NaN,NaN,NaN,3.805256346822716e-05,100.0,1.0000380277633667,mlp,embedding
8721,87220,NaN,NaN,NaN,NaN,3.4234675695188344e-05,100.0,1.000034213066101,mlp,embedding
8722,87230,NaN,NaN,NaN,NaN,3.1210143788484856e-05,100.0,1.0000312328338623,mlp,embedding
8723,87240,NaN,NaN,NaN,NaN,2.851443423423916e-05,100.0,1.0000284910202026,mlp,embedding
8724,87250,NaN,NaN,NaN,NaN,2.571499499026686e-05,100.0,1.000025749206543,mlp,embedding
8725,87260,NaN,NaN,NaN,NaN,2.31582216656534e-05,100.0,1.0000231266021729,mlp,embedding
8726,87270,NaN,NaN,NaN,NaN,2.0975227016606368e-05,100.0,1.000020980834961,mlp,embedding
8727,87280,NaN,NaN,NaN,NaN,1.894268461910542e-05,100.0,1.0000189542770386,mlp,embedding
8728,87290,NaN,NaN,NaN,NaN,1.73086464201333e-05,100.0,1.0000172853469849,mlp,embedding
8729,87300,NaN,NaN,NaN,NaN,1.577591865498107e-05,100.0,1.0000157356262207,mlp,embedding
8730,87310,NaN,NaN,NaN,NaN,1.4497981283057015e-05,100.0,1.0000145435333252,mlp,embedding
8731,87320,NaN,NaN,NaN,NaN,1.3329907233128324e-05,100.0,1.0000133514404297,mlp,embedding
8732,87330,NaN,NaN,NaN,NaN,1.2271015293663368e-05,100.0,1.0000122785568237,mlp,embedding
8733,87340,NaN,NaN,NaN,NaN,1.12827046905295e-05,100.0,1.0000113248825073,mlp,embedding
8734,87350,NaN,NaN,NaN,NaN,1.0399819075246342e-05,100.0,1.000010371208191,mlp,embedding
8735,87360,NaN,NaN,NaN,NaN,9.583419341652188e-06,100.0,1.000009536743164,mlp,embedding
8736,87370,NaN,NaN,NaN,NaN,8.814527063805144e-06,100.0,1.0000088214874268,mlp,embedding
8737,87380,NaN,NaN,NaN,NaN,8.106038876576349e-06,100.0,1.0000081062316895,mlp,embedding
8738,87390,NaN,NaN,NaN,NaN,7.491319593100343e-06,100.0,1.0000075101852417,mlp,embedding
8739,87400,NaN,NaN,NaN,NaN,6.92691628501052e-06,100.0,1.000006914138794,mlp,embedding
8740,87410,NaN,NaN,NaN,NaN,6.421921625587856e-06,100.0,1.0000064373016357,mlp,embedding
8741,87420,NaN,NaN,NaN,NaN,6.004369424772449e-06,100.0,1.0000059604644775,mlp,embedding
8742,87430,NaN,NaN,NaN,NaN,5.6128710639313795e-06,100.0,1.0000056028366089,mlp,embedding
8743,87440,NaN,NaN,NaN,NaN,5.242228326096665e-06,100.0,1.0000052452087402,mlp,embedding
8744,87450,NaN,NaN,NaN,NaN,4.919957063975744e-06,100.0,1.0000048875808716,mlp,embedding
8745,87460,NaN,NaN,NaN,NaN,4.6238696995715145e-06,100.0,1.0000046491622925,mlp,embedding
8746,87470,NaN,NaN,NaN,NaN,4.345930392446462e-06,100.0,1.0000042915344238,mlp,embedding
8747,87480,NaN,NaN,NaN,NaN,4.0988124965224415e-06,100.0,1.0000040531158447,mlp,embedding
8748,87490,NaN,NaN,NaN,NaN,3.880593339999905e-06,100.0,1.0000039339065552,mlp,embedding
8749,87500,NaN,NaN,NaN,NaN,3.678075700008776e-06,100.0,1.000003695487976,mlp,embedding
8750,87510,NaN,NaN,NaN,NaN,3.5001510241272626e-06,100.0,1.000003457069397,mlp,embedding
8751,87520,NaN,NaN,NaN,NaN,3.3341325433866587e-06,100.0,1.0000033378601074,mlp,embedding
8752,87530,NaN,NaN,NaN,NaN,3.1808556286705425e-06,100.0,1.0000032186508179,mlp,embedding
8753,87540,NaN,NaN,NaN,NaN,3.0319854431581916e-06,100.0,1.0000029802322388,mlp,embedding
8754,87550,NaN,NaN,NaN,NaN,2.9054851893306477e-06,100.0,1.0000028610229492,mlp,embedding
8755,87560,NaN,NaN,NaN,NaN,2.790207645375631e-06,100.0,1.0000027418136597,mlp,embedding
8756,87570,NaN,NaN,NaN,NaN,2.6824804990610573e-06,100.0,1.0000027418136597,mlp,embedding
8757,87580,NaN,NaN,NaN,NaN,2.5788315269892337e-06,100.0,1.0000026226043701,mlp,embedding
8758,87590,NaN,NaN,NaN,NaN,2.4880782802938484e-06,100.0,1.0000025033950806,mlp,embedding
8759,87600,NaN,NaN,NaN,NaN,2.4057362679741345e-06,100.0,1.000002384185791,mlp,embedding
8760,87610,NaN,NaN,NaN,NaN,2.3286129362531938e-06,100.0,1.000002384185791,mlp,embedding
8761,87620,NaN,NaN,NaN,NaN,2.2541496491612634e-06,100.0,1.0000022649765015,mlp,embedding
8762,87630,NaN,NaN,NaN,NaN,2.186932306358358e-06,100.0,1.000002145767212,mlp,embedding
8763,87640,NaN,NaN,NaN,NaN,2.121843181157601e-06,100.0,1.000002145767212,mlp,embedding
8764,87650,NaN,NaN,NaN,NaN,2.063062765955692e-06,100.0,1.0000020265579224,mlp,embedding
8765,87660,NaN,NaN,NaN,NaN,2.0053721527801827e-06,100.0,1.0000020265579224,mlp,embedding
8766,87670,NaN,NaN,NaN,NaN,1.9462618183752056e-06,100.0,1.0000019073486328,mlp,embedding
8767,87680,8.331217031809501e-07,100.0,1.0000008344650269,0.001,1.8891535091825062e-06,100.0,1.0000019073486328,mlp,embedding
8768,87690,NaN,NaN,NaN,NaN,1.8251278106617974e-06,100.0,1.0000017881393433,mlp,embedding
8769,87700,NaN,NaN,NaN,NaN,1.7707807273836806e-06,100.0,1.0000017881393433,mlp,embedding
8770,87710,NaN,NaN,NaN,NaN,1.7154205806946266e-06,100.0,1.0000016689300537,mlp,embedding
8771,87720,NaN,NaN,NaN,NaN,1.6514708249815158e-06,100.0,1.0000016689300537,mlp,embedding
8772,87730,NaN,NaN,NaN,NaN,1.595806338627881e-06,100.0,1.0000015497207642,mlp,embedding
8773,87740,NaN,NaN,NaN,NaN,1.5396349226648454e-06,100.0,1.0000015497207642,mlp,embedding
8774,87750,NaN,NaN,NaN,NaN,1.4780671335756779e-06,100.0,1.0000014305114746,mlp,embedding
8775,87760,NaN,NaN,NaN,NaN,1.417917815160763e-06,100.0,1.0000014305114746,mlp,embedding
8776,87770,NaN,NaN,NaN,NaN,1.3656990631716326e-06,100.0,1.000001311302185,mlp,embedding
8777,87780,NaN,NaN,NaN,NaN,1.3190034451326937e-06,100.0,1.000001311302185,mlp,embedding
8778,87790,NaN,NaN,NaN,NaN,1.251937305823958e-06,100.0,1.000001311302185,mlp,embedding
8779,87800,NaN,NaN,NaN,NaN,1.1995410886811442e-06,100.0,1.0000011920928955,mlp,embedding
8780,87810,NaN,NaN,NaN,NaN,1.145599298979505e-06,100.0,1.0000011920928955,mlp,embedding
8781,87820,NaN,NaN,NaN,NaN,1.0857794450203073e-06,100.0,1.000001072883606,mlp,embedding
8782,87830,NaN,NaN,NaN,NaN,1.0356633310948382e-06,100.0,1.000001072883606,mlp,embedding
8783,87840,NaN,NaN,NaN,NaN,9.80657318905287e-07,100.0,1.0000009536743164,mlp,embedding
8784,87850,NaN,NaN,NaN,NaN,9.264875870940159e-07,100.0,1.0000009536743164,mlp,embedding
8785,87860,NaN,NaN,NaN,NaN,8.758646572459838e-07,100.0,1.0000008344650269,mlp,embedding
8786,87870,NaN,NaN,NaN,NaN,8.178438406503119e-07,100.0,1.0000008344650269,mlp,embedding
8787,87880,NaN,NaN,NaN,NaN,7.80421373747231e-07,100.0,1.0000008344650269,mlp,embedding
8788,87890,NaN,NaN,NaN,NaN,7.225270906019432e-07,100.0,1.0000007152557373,mlp,embedding
8789,87900,NaN,NaN,NaN,NaN,6.820390581196989e-07,100.0,1.0000007152557373,mlp,embedding
8790,87910,NaN,NaN,NaN,NaN,6.384345283549919e-07,100.0,1.0000005960464478,mlp,embedding
8791,87920,NaN,NaN,NaN,NaN,6.025577476975741e-07,100.0,1.0000005960464478,mlp,embedding
8792,87930,NaN,NaN,NaN,NaN,5.52796507236053e-07,100.0,1.0000005960464478,mlp,embedding
8793,87940,NaN,NaN,NaN,NaN,5.198080543777905e-07,100.0,1.0000004768371582,mlp,embedding
8794,87950,NaN,NaN,NaN,NaN,4.816763521375833e-07,100.0,1.0000004768371582,mlp,embedding
8795,87960,NaN,NaN,NaN,NaN,4.5340053134168556e-07,100.0,1.0000004768371582,mlp,embedding
8796,87970,NaN,NaN,NaN,NaN,4.3194037857574585e-07,100.0,1.0000004768371582,mlp,embedding
8797,87980,NaN,NaN,NaN,NaN,4.028538000966364e-07,100.0,1.0000003576278687,mlp,embedding
8798,87990,NaN,NaN,NaN,NaN,3.7282981679709337e-07,100.0,1.0000003576278687,mlp,embedding
8799,88000,NaN,NaN,NaN,NaN,3.452128112257924e-07,100.0,1.0000003576278687,mlp,embedding
8800,88010,NaN,NaN,NaN,NaN,3.3383662412234116e-07,100.0,1.0000003576278687,mlp,embedding
8801,88020,NaN,NaN,NaN,NaN,3.1204706374410307e-07,100.0,1.0000003576278687,mlp,embedding
8802,88030,NaN,NaN,NaN,NaN,3.045980179194885e-07,100.0,1.0000003576278687,mlp,embedding
8803,88040,NaN,NaN,NaN,NaN,2.9509675414374215e-07,100.0,1.000000238418579,mlp,embedding
8804,88050,NaN,NaN,NaN,NaN,3.375609765043919e-07,100.0,1.0000003576278687,mlp,embedding
8805,88060,NaN,NaN,NaN,NaN,3.6558330407387984e-07,100.0,1.0000003576278687,mlp,embedding
8806,88070,NaN,NaN,NaN,NaN,4.214322871121112e-06,100.0,1.0000041723251343,mlp,embedding
8807,88080,NaN,NaN,NaN,NaN,2.0554885864257812,79.04357147216797,7.810653209686279,mlp,embedding
8808,88090,NaN,NaN,NaN,NaN,0.21588949859142303,93.8150863647461,1.2409652471542358,mlp,embedding
8809,88100,NaN,NaN,NaN,NaN,0.038277413696050644,98.66099548339844,1.0390194654464722,mlp,embedding
8810,88110,NaN,NaN,NaN,NaN,0.005876917392015457,99.89373016357422,1.0058941841125488,mlp,embedding
8811,88120,NaN,NaN,NaN,NaN,0.0021515756379812956,99.95748901367188,1.0021538734436035,mlp,embedding
8812,88130,NaN,NaN,NaN,NaN,0.0012568507809191942,100.0,1.0012576580047607,mlp,embedding
8813,88140,NaN,NaN,NaN,NaN,0.0007350028608925641,100.0,1.0007352828979492,mlp,embedding
8814,88150,NaN,NaN,NaN,NaN,0.0005556907854042947,100.0,1.0005558729171753,mlp,embedding
8815,88160,NaN,NaN,NaN,NaN,0.0004687136097345501,100.0,1.0004688501358032,mlp,embedding
8816,88170,NaN,NaN,NaN,NaN,0.00041164655704051256,100.0,1.0004117488861084,mlp,embedding
8817,88180,NaN,NaN,NaN,NaN,0.00037288368912413716,100.0,1.0003730058670044,mlp,embedding
8818,88190,NaN,NaN,NaN,NaN,0.0003419049608055502,100.0,1.0003420114517212,mlp,embedding
8819,88200,NaN,NaN,NaN,NaN,0.00031833405955694616,100.0,1.0003184080123901,mlp,embedding
8820,88210,NaN,NaN,NaN,NaN,0.0002977782569359988,100.0,1.0002977848052979,mlp,embedding
8821,88220,NaN,NaN,NaN,NaN,0.00027956615667790174,100.0,1.0002795457839966,mlp,embedding
8822,88230,NaN,NaN,NaN,NaN,0.00026286591310054064,100.0,1.0002628564834595,mlp,embedding
8823,88240,NaN,NaN,NaN,NaN,0.00024622035562060773,100.0,1.000246286392212,mlp,embedding
8824,88250,NaN,NaN,NaN,NaN,0.00023179416893981397,100.0,1.0002318620681763,mlp,embedding
8825,88260,NaN,NaN,NaN,NaN,0.00021686148829758167,100.0,1.0002168416976929,mlp,embedding
8826,88270,NaN,NaN,NaN,NaN,0.00020374770974740386,100.0,1.0002037286758423,mlp,embedding
8827,88280,NaN,NaN,NaN,NaN,0.00019059935584664345,100.0,1.0001906156539917,mlp,embedding
8828,88290,NaN,NaN,NaN,NaN,0.00017804428352974355,100.0,1.0001780986785889,mlp,embedding
8829,88300,NaN,NaN,NaN,NaN,0.00016745350148994476,100.0,1.0001674890518188,mlp,embedding
8830,88310,NaN,NaN,NaN,NaN,0.00015750758757349104,100.0,1.0001574754714966,mlp,embedding
8831,88320,NaN,NaN,NaN,NaN,0.00014773699513170868,100.0,1.0001477003097534,mlp,embedding
8832,88330,NaN,NaN,NaN,NaN,0.00013866444351151586,100.0,1.0001386404037476,mlp,embedding
8833,88340,NaN,NaN,NaN,NaN,0.00012995934230275452,100.0,1.0001299381256104,mlp,embedding
8834,88350,NaN,NaN,NaN,NaN,0.00012129362585255876,100.0,1.0001213550567627,mlp,embedding
8835,88360,NaN,NaN,NaN,NaN,0.00011339933553244919,100.0,1.0001133680343628,mlp,embedding
8836,88370,NaN,NaN,NaN,NaN,0.00010616553481668234,100.0,1.0001062154769897,mlp,embedding
8837,88380,NaN,NaN,NaN,NaN,9.921986929839477e-05,100.0,1.0000991821289062,mlp,embedding
8838,88390,NaN,NaN,NaN,NaN,9.259838407160714e-05,100.0,1.000092625617981,mlp,embedding
8839,88400,NaN,NaN,NaN,NaN,8.593586244387552e-05,100.0,1.0000859498977661,mlp,embedding
8840,88410,NaN,NaN,NaN,NaN,7.970011211000383e-05,100.0,1.0000797510147095,mlp,embedding
8841,88420,NaN,NaN,NaN,NaN,7.384871423710138e-05,100.0,1.0000739097595215,mlp,embedding
8842,88430,NaN,NaN,NaN,NaN,6.855818355688825e-05,100.0,1.0000685453414917,mlp,embedding
8843,88440,NaN,NaN,NaN,NaN,6.319543899735436e-05,100.0,1.000063180923462,mlp,embedding
8844,88450,NaN,NaN,NaN,NaN,5.8316392824053764e-05,100.0,1.0000582933425903,mlp,embedding
8845,88460,NaN,NaN,NaN,NaN,5.394899926614016e-05,100.0,1.0000540018081665,mlp,embedding
8846,88470,NaN,NaN,NaN,NaN,4.985166742699221e-05,100.0,1.0000498294830322,mlp,embedding
8847,88480,NaN,NaN,NaN,NaN,4.6230226871557534e-05,100.0,1.0000462532043457,mlp,embedding
8848,88490,NaN,NaN,NaN,NaN,4.2863601265707985e-05,100.0,1.0000429153442383,mlp,embedding
8849,88500,NaN,NaN,NaN,NaN,3.97910553147085e-05,100.0,1.00003981590271,mlp,embedding
8850,88510,NaN,NaN,NaN,NaN,3.668361023301259e-05,100.0,1.0000367164611816,mlp,embedding
8851,88520,NaN,NaN,NaN,NaN,3.3986532798735425e-05,100.0,1.000033974647522,mlp,embedding
8852,88530,NaN,NaN,NaN,NaN,3.1587340345140547e-05,100.0,1.000031590461731,mlp,embedding
8853,88540,NaN,NaN,NaN,NaN,2.9302716939128004e-05,100.0,1.0000293254852295,mlp,embedding
8854,88550,1.1305623957014177e-05,100.0,1.0000113248825073,0.001,2.7226584279560484e-05,100.0,1.0000271797180176,mlp,embedding
8855,88560,NaN,NaN,NaN,NaN,2.5320876375189982e-05,100.0,1.0000252723693848,mlp,embedding
8856,88570,NaN,NaN,NaN,NaN,2.3527863959316164e-05,100.0,1.0000234842300415,mlp,embedding
8857,88580,NaN,NaN,NaN,NaN,2.187463906011544e-05,100.0,1.0000218152999878,mlp,embedding
8858,88590,NaN,NaN,NaN,NaN,2.0301606127759442e-05,100.0,1.0000202655792236,mlp,embedding
8859,88600,NaN,NaN,NaN,NaN,1.896204412332736e-05,100.0,1.0000189542770386,mlp,embedding
8860,88610,NaN,NaN,NaN,NaN,1.7710957763483748e-05,100.0,1.000017762184143,mlp,embedding
8861,88620,NaN,NaN,NaN,NaN,1.646107921260409e-05,100.0,1.000016450881958,mlp,embedding
8862,88630,NaN,NaN,NaN,NaN,1.5400248230434954e-05,100.0,1.000015377998352,mlp,embedding
8863,88640,NaN,NaN,NaN,NaN,1.4433195246965624e-05,100.0,1.0000144243240356,mlp,embedding
8864,88650,NaN,NaN,NaN,NaN,1.3544536159315612e-05,100.0,1.0000135898590088,mlp,embedding
8865,88660,NaN,NaN,NaN,NaN,1.2705739209195599e-05,100.0,1.000012755393982,mlp,embedding
8866,88670,NaN,NaN,NaN,NaN,1.1933379028050695e-05,100.0,1.000011920928955,mlp,embedding
8867,88680,NaN,NaN,NaN,NaN,1.118994077842217e-05,100.0,1.0000112056732178,mlp,embedding
8868,88690,NaN,NaN,NaN,NaN,1.0543035386945121e-05,100.0,1.0000104904174805,mlp,embedding
8869,88700,NaN,NaN,NaN,NaN,9.968169251806103e-06,100.0,1.0000100135803223,mlp,embedding
8870,88710,NaN,NaN,NaN,NaN,9.417969522473868e-06,100.0,1.0000094175338745,mlp,embedding
8871,88720,NaN,NaN,NaN,NaN,8.880306268110871e-06,100.0,1.0000088214874268,mlp,embedding
8872,88730,NaN,NaN,NaN,NaN,8.412298484472558e-06,100.0,1.000008463859558,mlp,embedding
8873,88740,NaN,NaN,NaN,NaN,7.981605449458584e-06,100.0,1.0000079870224,mlp,embedding
8874,88750,NaN,NaN,NaN,NaN,7.574806659249589e-06,100.0,1.0000076293945312,mlp,embedding
8875,88760,NaN,NaN,NaN,NaN,7.1750491770217195e-06,100.0,1.000007152557373,mlp,embedding
8876,88770,NaN,NaN,NaN,NaN,6.799229595344514e-06,100.0,1.0000067949295044,mlp,embedding
8877,88780,NaN,NaN,NaN,NaN,6.457325980591122e-06,100.0,1.0000064373016357,mlp,embedding
8878,88790,NaN,NaN,NaN,NaN,6.153069989522919e-06,100.0,1.0000061988830566,mlp,embedding
8879,88800,NaN,NaN,NaN,NaN,5.831131147715496e-06,100.0,1.000005841255188,mlp,embedding
8880,88810,NaN,NaN,NaN,NaN,5.545877229451435e-06,100.0,1.0000056028366089,mlp,embedding
8881,88820,NaN,NaN,NaN,NaN,5.3053868214192335e-06,100.0,1.0000053644180298,mlp,embedding
8882,88830,NaN,NaN,NaN,NaN,5.062743639427936e-06,100.0,1.0000050067901611,mlp,embedding
8883,88840,NaN,NaN,NaN,NaN,4.8153879106394015e-06,100.0,1.000004768371582,mlp,embedding
8884,88850,NaN,NaN,NaN,NaN,4.59638158645248e-06,100.0,1.0000046491622925,mlp,embedding
8885,88860,NaN,NaN,NaN,NaN,4.3987588469462935e-06,100.0,1.0000044107437134,mlp,embedding
8886,88870,NaN,NaN,NaN,NaN,4.18778472521808e-06,100.0,1.0000041723251343,mlp,embedding
8887,88880,NaN,NaN,NaN,NaN,3.98446127292118e-06,100.0,1.0000039339065552,mlp,embedding
8888,88890,NaN,NaN,NaN,NaN,3.7993277146597393e-06,100.0,1.0000038146972656,mlp,embedding
8889,88900,NaN,NaN,NaN,NaN,3.6265332710172515e-06,100.0,1.0000035762786865,mlp,embedding
8890,88910,NaN,NaN,NaN,NaN,3.4532831705291755e-06,100.0,1.000003457069397,mlp,embedding
8891,88920,NaN,NaN,NaN,NaN,3.312107537567499e-06,100.0,1.0000033378601074,mlp,embedding
8892,88930,NaN,NaN,NaN,NaN,3.1545141609967686e-06,100.0,1.0000030994415283,mlp,embedding
8893,88940,NaN,NaN,NaN,NaN,3.0003668598510558e-06,100.0,1.0000029802322388,mlp,embedding
8894,88950,NaN,NaN,NaN,NaN,2.869732043109252e-06,100.0,1.0000028610229492,mlp,embedding
8895,88960,NaN,NaN,NaN,NaN,2.720296834013425e-06,100.0,1.0000027418136597,mlp,embedding
8896,88970,NaN,NaN,NaN,NaN,2.5878630367515143e-06,100.0,1.0000026226043701,mlp,embedding
8897,88980,NaN,NaN,NaN,NaN,2.4615853817522293e-06,100.0,1.0000025033950806,mlp,embedding
8898,88990,NaN,NaN,NaN,NaN,2.3272250473382883e-06,100.0,1.000002384185791,mlp,embedding
8899,89000,NaN,NaN,NaN,NaN,2.198109996243147e-06,100.0,1.000002145767212,mlp,embedding
8900,89010,NaN,NaN,NaN,NaN,2.0862737528659636e-06,100.0,1.000002145767212,mlp,embedding
8901,89020,NaN,NaN,NaN,NaN,1.96600126400881e-06,100.0,1.0000019073486328,mlp,embedding
8902,89030,NaN,NaN,NaN,NaN,1.8525690848036902e-06,100.0,1.0000019073486328,mlp,embedding
8903,89040,NaN,NaN,NaN,NaN,1.7499299929113477e-06,100.0,1.0000017881393433,mlp,embedding
8904,89050,NaN,NaN,NaN,NaN,1.6592248357483186e-06,100.0,1.0000016689300537,mlp,embedding
8905,89060,NaN,NaN,NaN,NaN,1.5637053820682922e-06,100.0,1.0000015497207642,mlp,embedding
8906,89070,NaN,NaN,NaN,NaN,1.4672993984277127e-06,100.0,1.0000014305114746,mlp,embedding
8907,89080,NaN,NaN,NaN,NaN,1.380343860546418e-06,100.0,1.0000014305114746,mlp,embedding
8908,89090,NaN,NaN,NaN,NaN,1.2905760513604037e-06,100.0,1.000001311302185,mlp,embedding
8909,89100,NaN,NaN,NaN,NaN,1.2116015568608418e-06,100.0,1.0000011920928955,mlp,embedding
8910,89110,NaN,NaN,NaN,NaN,1.1216310440431698e-06,100.0,1.000001072883606,mlp,embedding
8911,89120,NaN,NaN,NaN,NaN,1.0614562597766053e-06,100.0,1.000001072883606,mlp,embedding
8912,89130,NaN,NaN,NaN,NaN,9.913496796798427e-07,100.0,1.0000009536743164,mlp,embedding
8913,89140,NaN,NaN,NaN,NaN,9.171891406367649e-07,100.0,1.0000009536743164,mlp,embedding
8914,89150,NaN,NaN,NaN,NaN,8.556462489650585e-07,100.0,1.0000008344650269,mlp,embedding
8915,89160,NaN,NaN,NaN,NaN,7.973970923558227e-07,100.0,1.0000008344650269,mlp,embedding
8916,89170,NaN,NaN,NaN,NaN,7.343087418121286e-07,100.0,1.0000007152557373,mlp,embedding
8917,89180,NaN,NaN,NaN,NaN,6.815577648922044e-07,100.0,1.0000007152557373,mlp,embedding
8918,89190,NaN,NaN,NaN,NaN,6.35191554465564e-07,100.0,1.0000005960464478,mlp,embedding
8919,89200,NaN,NaN,NaN,NaN,5.895093977414945e-07,100.0,1.0000005960464478,mlp,embedding
8920,89210,NaN,NaN,NaN,NaN,5.433712999547424e-07,100.0,1.0000005960464478,mlp,embedding
8921,89220,NaN,NaN,NaN,NaN,5.038460244577436e-07,100.0,1.0000004768371582,mlp,embedding
8922,89230,NaN,NaN,NaN,NaN,4.6011481913410535e-07,100.0,1.0000004768371582,mlp,embedding
8923,89240,NaN,NaN,NaN,NaN,4.2791185705937096e-07,100.0,1.0000004768371582,mlp,embedding
8924,89250,NaN,NaN,NaN,NaN,3.985972796272108e-07,100.0,1.0000003576278687,mlp,embedding
8925,89260,NaN,NaN,NaN,NaN,3.6933337810296507e-07,100.0,1.0000003576278687,mlp,embedding
8926,89270,NaN,NaN,NaN,NaN,3.486332786906132e-07,100.0,1.0000003576278687,mlp,embedding
8927,89280,NaN,NaN,NaN,NaN,3.185586194831558e-07,100.0,1.0000003576278687,mlp,embedding
8928,89290,NaN,NaN,NaN,NaN,3.096907619237754e-07,100.0,1.0000003576278687,mlp,embedding
8929,89300,NaN,NaN,NaN,NaN,2.918790187322884e-07,100.0,1.000000238418579,mlp,embedding
8930,89310,NaN,NaN,NaN,NaN,2.84227326119435e-07,100.0,1.000000238418579,mlp,embedding
8931,89320,NaN,NaN,NaN,NaN,2.6659299123821256e-07,100.0,1.000000238418579,mlp,embedding
8932,89330,NaN,NaN,NaN,NaN,2.688479696644208e-07,100.0,1.000000238418579,mlp,embedding
8933,89340,NaN,NaN,NaN,NaN,2.72420408009566e-07,100.0,1.000000238418579,mlp,embedding
8934,89350,NaN,NaN,NaN,NaN,2.8458202905312646e-07,100.0,1.000000238418579,mlp,embedding
8935,89360,NaN,NaN,NaN,NaN,3.234991652334429e-07,100.0,1.0000003576278687,mlp,embedding
8936,89370,NaN,NaN,NaN,NaN,1.5892531871795654,68.41658020019531,4.900088310241699,mlp,embedding
8937,89380,NaN,NaN,NaN,NaN,0.6501826643943787,83.08182525634766,1.9158908128738403,mlp,embedding
8938,89390,NaN,NaN,NaN,NaN,0.1308642476797104,95.06907653808594,1.1398130655288696,mlp,embedding
8939,89400,NaN,NaN,NaN,NaN,0.004005603026598692,99.93623352050781,1.0040136575698853,mlp,embedding
8940,89410,NaN,NaN,NaN,NaN,0.0028257209341973066,100.0,1.002829670906067,mlp,embedding
8941,89420,NaN,NaN,NaN,NaN,0.0014821999939158559,100.0,1.0014833211898804,mlp,embedding
8942,89430,0.0005973820807412267,100.0,1.000597596168518,0.001,0.0008365153335034847,100.0,1.0008368492126465,mlp,embedding
8943,89440,NaN,NaN,NaN,NaN,0.0005611692904494703,100.0,1.0005613565444946,mlp,embedding
8944,89450,NaN,NaN,NaN,NaN,0.0004335285921115428,100.0,1.0004335641860962,mlp,embedding
8945,89460,NaN,NaN,NaN,NaN,0.00035980131360702217,100.0,1.0003598928451538,mlp,embedding
8946,89470,NaN,NaN,NaN,NaN,0.00031400620355270803,100.0,1.0003139972686768,mlp,embedding
8947,89480,NaN,NaN,NaN,NaN,0.00028123013908043504,100.0,1.0002812147140503,mlp,embedding
8948,89490,NaN,NaN,NaN,NaN,0.00025572683080099523,100.0,1.0002557039260864,mlp,embedding
8949,89500,NaN,NaN,NaN,NaN,0.00023519794922322035,100.0,1.0002351999282837,mlp,embedding
8950,89510,NaN,NaN,NaN,NaN,0.0002168236387660727,100.0,1.0002168416976929,mlp,embedding
8951,89520,NaN,NaN,NaN,NaN,0.00020109504112042487,100.0,1.0002011060714722,mlp,embedding
8952,89530,NaN,NaN,NaN,NaN,0.00018672767328098416,100.0,1.000186800956726,mlp,embedding
8953,89540,NaN,NaN,NaN,NaN,0.00017383493832312524,100.0,1.000173807144165,mlp,embedding
8954,89550,NaN,NaN,NaN,NaN,0.00016129275900311768,100.0,1.0001612901687622,mlp,embedding
8955,89560,NaN,NaN,NaN,NaN,0.00014995333913248032,100.0,1.0001499652862549,mlp,embedding
8956,89570,NaN,NaN,NaN,NaN,0.00014006157289259136,100.0,1.0001400709152222,mlp,embedding
8957,89580,NaN,NaN,NaN,NaN,0.0001310139923589304,100.0,1.0001310110092163,mlp,embedding
8958,89590,NaN,NaN,NaN,NaN,0.0001221360289491713,100.0,1.0001221895217896,mlp,embedding
8959,89600,NaN,NaN,NaN,NaN,0.00011401004303479567,100.0,1.0001139640808105,mlp,embedding
8960,89610,NaN,NaN,NaN,NaN,0.0001067224147845991,100.0,1.000106692314148,mlp,embedding
8961,89620,NaN,NaN,NaN,NaN,9.96746530290693e-05,100.0,1.0000996589660645,mlp,embedding
8962,89630,NaN,NaN,NaN,NaN,9.296120697399601e-05,100.0,1.0000929832458496,mlp,embedding
8963,89640,NaN,NaN,NaN,NaN,8.662445179652423e-05,100.0,1.0000866651535034,mlp,embedding
8964,89650,NaN,NaN,NaN,NaN,8.092838834272698e-05,100.0,1.000080943107605,mlp,embedding
8965,89660,NaN,NaN,NaN,NaN,7.544606341980398e-05,100.0,1.0000754594802856,mlp,embedding
8966,89670,NaN,NaN,NaN,NaN,7.022221689112484e-05,100.0,1.0000702142715454,mlp,embedding
8967,89680,NaN,NaN,NaN,NaN,6.528027006424963e-05,100.0,1.0000653266906738,mlp,embedding
8968,89690,NaN,NaN,NaN,NaN,6.0715330619132146e-05,100.0,1.0000606775283813,mlp,embedding
8969,89700,NaN,NaN,NaN,NaN,5.6461230997228995e-05,100.0,1.000056505203247,mlp,embedding
8970,89710,NaN,NaN,NaN,NaN,5.266003790893592e-05,100.0,1.0000526905059814,mlp,embedding
8971,89720,NaN,NaN,NaN,NaN,4.89905069116503e-05,100.0,1.0000489950180054,mlp,embedding
8972,89730,NaN,NaN,NaN,NaN,4.5546956243924797e-05,100.0,1.0000455379486084,mlp,embedding
8973,89740,NaN,NaN,NaN,NaN,4.2420968384249136e-05,100.0,1.00004243850708,mlp,embedding
8974,89750,NaN,NaN,NaN,NaN,3.951466715079732e-05,100.0,1.0000394582748413,mlp,embedding
8975,89760,NaN,NaN,NaN,NaN,3.6774788895854726e-05,100.0,1.0000367164611816,mlp,embedding
8976,89770,NaN,NaN,NaN,NaN,3.4248707379447296e-05,100.0,1.000034213066101,mlp,embedding
8977,89780,NaN,NaN,NaN,NaN,3.188483606209047e-05,100.0,1.00003182888031,mlp,embedding
8978,89790,NaN,NaN,NaN,NaN,2.9631255529238842e-05,100.0,1.0000296831130981,mlp,embedding
8979,89800,NaN,NaN,NaN,NaN,2.750905514403712e-05,100.0,1.0000275373458862,mlp,embedding
8980,89810,NaN,NaN,NaN,NaN,2.5614821424824186e-05,100.0,1.0000256299972534,mlp,embedding
8981,89820,NaN,NaN,NaN,NaN,2.3839889763621613e-05,100.0,1.0000238418579102,mlp,embedding
8982,89830,NaN,NaN,NaN,NaN,2.2177398932399228e-05,100.0,1.0000221729278564,mlp,embedding
8983,89840,NaN,NaN,NaN,NaN,2.0679450244642794e-05,100.0,1.0000206232070923,mlp,embedding
8984,89850,NaN,NaN,NaN,NaN,1.9279563275631517e-05,100.0,1.0000193119049072,mlp,embedding
8985,89860,NaN,NaN,NaN,NaN,1.7918018784257583e-05,100.0,1.0000178813934326,mlp,embedding
8986,89870,NaN,NaN,NaN,NaN,1.6630712707410567e-05,100.0,1.000016689300537,mlp,embedding
8987,89880,NaN,NaN,NaN,NaN,1.5488807548535988e-05,100.0,1.0000154972076416,mlp,embedding
8988,89890,NaN,NaN,NaN,NaN,1.4409158211492468e-05,100.0,1.0000144243240356,mlp,embedding
8989,89900,NaN,NaN,NaN,NaN,1.342475661658682e-05,100.0,1.0000134706497192,mlp,embedding
8990,89910,NaN,NaN,NaN,NaN,1.2502605386544019e-05,100.0,1.0000125169754028,mlp,embedding
8991,89920,NaN,NaN,NaN,NaN,1.1645914128166623e-05,100.0,1.000011682510376,mlp,embedding
8992,89930,NaN,NaN,NaN,NaN,1.0826387551787775e-05,100.0,1.0000108480453491,mlp,embedding
8993,89940,NaN,NaN,NaN,NaN,1.0115295481227804e-05,100.0,1.0000101327896118,mlp,embedding
8994,89950,NaN,NaN,NaN,NaN,9.4458409876097e-06,100.0,1.0000094175338745,mlp,embedding
8995,89960,NaN,NaN,NaN,NaN,8.8284577941522e-06,100.0,1.0000088214874268,mlp,embedding
8996,89970,NaN,NaN,NaN,NaN,8.255810826085508e-06,100.0,1.000008225440979,mlp,embedding
8997,89980,NaN,NaN,NaN,NaN,7.717155313002877e-06,100.0,1.0000077486038208,mlp,embedding
8998,89990,NaN,NaN,NaN,NaN,7.2083371378539596e-06,100.0,1.000007152557373,mlp,embedding
8999,90000,NaN,NaN,NaN,NaN,6.761302756785881e-06,100.0,1.0000067949295044,mlp,embedding
9000,90010,NaN,NaN,NaN,NaN,6.360962288454175e-06,100.0,1.0000063180923462,mlp,embedding
9001,90020,NaN,NaN,NaN,NaN,5.976274678687332e-06,100.0,1.0000059604644775,mlp,embedding
9002,90030,NaN,NaN,NaN,NaN,5.640556082653347e-06,100.0,1.0000056028366089,mlp,embedding
9003,90040,NaN,NaN,NaN,NaN,5.3091434892849065e-06,100.0,1.0000053644180298,mlp,embedding
9004,90050,NaN,NaN,NaN,NaN,5.00965143146459e-06,100.0,1.0000050067901611,mlp,embedding
9005,90060,NaN,NaN,NaN,NaN,4.730326509161387e-06,100.0,1.000004768371582,mlp,embedding
9006,90070,NaN,NaN,NaN,NaN,4.460095624381211e-06,100.0,1.0000044107437134,mlp,embedding
9007,90080,NaN,NaN,NaN,NaN,4.2079295781149995e-06,100.0,1.0000041723251343,mlp,embedding
9008,90090,NaN,NaN,NaN,NaN,3.975193521910114e-06,100.0,1.0000039339065552,mlp,embedding
9009,90100,NaN,NaN,NaN,NaN,3.771162937482586e-06,100.0,1.0000038146972656,mlp,embedding
9010,90110,NaN,NaN,NaN,NaN,3.580483507903409e-06,100.0,1.0000035762786865,mlp,embedding
9011,90120,NaN,NaN,NaN,NaN,3.3987221286224667e-06,100.0,1.000003457069397,mlp,embedding
9012,90130,NaN,NaN,NaN,NaN,3.238800218241522e-06,100.0,1.0000032186508179,mlp,embedding
9013,90140,NaN,NaN,NaN,NaN,3.0783448892179877e-06,100.0,1.0000030994415283,mlp,embedding
9014,90150,NaN,NaN,NaN,NaN,2.9298741992533905e-06,100.0,1.0000029802322388,mlp,embedding
9015,90160,NaN,NaN,NaN,NaN,2.7887767828360666e-06,100.0,1.0000027418136597,mlp,embedding
9016,90170,NaN,NaN,NaN,NaN,2.6635896119842073e-06,100.0,1.0000026226043701,mlp,embedding
9017,90180,NaN,NaN,NaN,NaN,2.545978304624441e-06,100.0,1.0000025033950806,mlp,embedding
9018,90190,NaN,NaN,NaN,NaN,2.4331047825398855e-06,100.0,1.000002384185791,mlp,embedding
9019,90200,NaN,NaN,NaN,NaN,2.3268435143108945e-06,100.0,1.000002384185791,mlp,embedding
9020,90210,NaN,NaN,NaN,NaN,2.2199737941264175e-06,100.0,1.0000022649765015,mlp,embedding
9021,90220,NaN,NaN,NaN,NaN,2.1247844870231347e-06,100.0,1.000002145767212,mlp,embedding
9022,90230,NaN,NaN,NaN,NaN,2.026529500653851e-06,100.0,1.0000020265579224,mlp,embedding
9023,90240,NaN,NaN,NaN,NaN,1.9363060346222483e-06,100.0,1.0000019073486328,mlp,embedding
9024,90250,NaN,NaN,NaN,NaN,1.84937562153209e-06,100.0,1.0000019073486328,mlp,embedding
9025,90260,NaN,NaN,NaN,NaN,1.7650555719228578e-06,100.0,1.0000017881393433,mlp,embedding
9026,90270,NaN,NaN,NaN,NaN,1.6862079519341933e-06,100.0,1.0000016689300537,mlp,embedding
9027,90280,NaN,NaN,NaN,NaN,1.6087792573671322e-06,100.0,1.0000015497207642,mlp,embedding
9028,90290,NaN,NaN,NaN,NaN,1.5376339206341072e-06,100.0,1.0000015497207642,mlp,embedding
9029,90300,NaN,NaN,NaN,NaN,1.4705425428473973e-06,100.0,1.0000014305114746,mlp,embedding
9030,90310,NaN,NaN,NaN,NaN,1.400385144734173e-06,100.0,1.0000014305114746,mlp,embedding
9031,90320,6.273945700741024e-07,100.0,1.0000005960464478,0.001,1.3281501196615864e-06,100.0,1.000001311302185,mlp,embedding
9032,90330,NaN,NaN,NaN,NaN,1.2635670145755284e-06,100.0,1.000001311302185,mlp,embedding
9033,90340,NaN,NaN,NaN,NaN,1.1948793599003693e-06,100.0,1.0000011920928955,mlp,embedding
9034,90350,NaN,NaN,NaN,NaN,1.1302199709462002e-06,100.0,1.000001072883606,mlp,embedding
9035,90360,NaN,NaN,NaN,NaN,1.0699187669160892e-06,100.0,1.000001072883606,mlp,embedding
9036,90370,NaN,NaN,NaN,NaN,1.012683014778304e-06,100.0,1.0000009536743164,mlp,embedding
9037,90380,NaN,NaN,NaN,NaN,9.560809530739789e-07,100.0,1.0000009536743164,mlp,embedding
9038,90390,NaN,NaN,NaN,NaN,9.033807373270974e-07,100.0,1.0000009536743164,mlp,embedding
9039,90400,NaN,NaN,NaN,NaN,8.509335884809843e-07,100.0,1.0000008344650269,mlp,embedding
9040,90410,NaN,NaN,NaN,NaN,7.959782806210569e-07,100.0,1.0000008344650269,mlp,embedding
9041,90420,NaN,NaN,NaN,NaN,7.479398504983692e-07,100.0,1.0000007152557373,mlp,embedding
9042,90430,NaN,NaN,NaN,NaN,6.983560183471127e-07,100.0,1.0000007152557373,mlp,embedding
9043,90440,NaN,NaN,NaN,NaN,6.530793257297773e-07,100.0,1.0000005960464478,mlp,embedding
9044,90450,NaN,NaN,NaN,NaN,6.088160375838925e-07,100.0,1.0000005960464478,mlp,embedding
9045,90460,NaN,NaN,NaN,NaN,5.689614113180141e-07,100.0,1.0000005960464478,mlp,embedding
9046,90470,NaN,NaN,NaN,NaN,5.340220354810299e-07,100.0,1.0000004768371582,mlp,embedding
9047,90480,NaN,NaN,NaN,NaN,5.023004518989183e-07,100.0,1.0000004768371582,mlp,embedding
9048,90490,NaN,NaN,NaN,NaN,4.634339916265162e-07,100.0,1.0000004768371582,mlp,embedding
9049,90500,NaN,NaN,NaN,NaN,4.2948278178300825e-07,100.0,1.0000004768371582,mlp,embedding
9050,90510,NaN,NaN,NaN,NaN,3.996867690148065e-07,100.0,1.0000003576278687,mlp,embedding
9051,90520,NaN,NaN,NaN,NaN,3.800761589900503e-07,100.0,1.0000003576278687,mlp,embedding
9052,90530,NaN,NaN,NaN,NaN,3.496721205920039e-07,100.0,1.0000003576278687,mlp,embedding
9053,90540,NaN,NaN,NaN,NaN,3.324684882954898e-07,100.0,1.0000003576278687,mlp,embedding
9054,90550,NaN,NaN,NaN,NaN,3.056622119856911e-07,100.0,1.0000003576278687,mlp,embedding
9055,90560,NaN,NaN,NaN,NaN,2.897254205436184e-07,100.0,1.000000238418579,mlp,embedding
9056,90570,NaN,NaN,NaN,NaN,2.8622895342778065e-07,100.0,1.000000238418579,mlp,embedding
9057,90580,NaN,NaN,NaN,NaN,2.7860255613632035e-07,100.0,1.000000238418579,mlp,embedding
9058,90590,NaN,NaN,NaN,NaN,2.6671963837543444e-07,100.0,1.000000238418579,mlp,embedding
9059,90600,NaN,NaN,NaN,NaN,2.6010675924226234e-07,100.0,1.000000238418579,mlp,embedding
9060,90610,NaN,NaN,NaN,NaN,2.656808248957532e-07,100.0,1.000000238418579,mlp,embedding
9061,90620,NaN,NaN,NaN,NaN,2.749034138105344e-07,100.0,1.000000238418579,mlp,embedding
9062,90630,NaN,NaN,NaN,NaN,2.917522863299382e-07,100.0,1.000000238418579,mlp,embedding
9063,90640,NaN,NaN,NaN,NaN,0.8473699688911438,83.31562042236328,2.3335015773773193,mlp,embedding
9064,90650,NaN,NaN,NaN,NaN,0.373089998960495,90.92454528808594,1.4522150754928589,mlp,embedding
9065,90660,NaN,NaN,NaN,NaN,0.032405171543359756,98.85227966308594,1.0329359769821167,mlp,embedding
9066,90670,NaN,NaN,NaN,NaN,0.009408701211214066,99.74494934082031,1.0094530582427979,mlp,embedding
9067,90680,NaN,NaN,NaN,NaN,0.0020530056208372116,99.97874450683594,1.0020551681518555,mlp,embedding
9068,90690,NaN,NaN,NaN,NaN,0.00104594009462744,100.0,1.0010465383529663,mlp,embedding
9069,90700,NaN,NaN,NaN,NaN,0.0006611254066228867,100.0,1.0006613731384277,mlp,embedding
9070,90710,NaN,NaN,NaN,NaN,0.00047653153887949884,100.0,1.000476598739624,mlp,embedding
9071,90720,NaN,NaN,NaN,NaN,0.00037076359149068594,100.0,1.0003708600997925,mlp,embedding
9072,90730,NaN,NaN,NaN,NaN,0.00030842600972391665,100.0,1.0003085136413574,mlp,embedding
9073,90740,NaN,NaN,NaN,NaN,0.0002667121880222112,100.0,1.0002667903900146,mlp,embedding
9074,90750,NaN,NaN,NaN,NaN,0.0002351478615310043,100.0,1.0002351999282837,mlp,embedding
9075,90760,NaN,NaN,NaN,NaN,0.00021008687326684594,100.0,1.000210165977478,mlp,embedding
9076,90770,NaN,NaN,NaN,NaN,0.00018943590112030506,100.0,1.0001894235610962,mlp,embedding
9077,90780,NaN,NaN,NaN,NaN,0.00017223827308043838,100.0,1.0001722574234009,mlp,embedding
9078,90790,NaN,NaN,NaN,NaN,0.00015739226364530623,100.0,1.000157356262207,mlp,embedding
9079,90800,NaN,NaN,NaN,NaN,0.00014401585212908685,100.0,1.0001440048217773,mlp,embedding
9080,90810,NaN,NaN,NaN,NaN,0.00013182254042476416,100.0,1.0001318454742432,mlp,embedding
9081,90820,NaN,NaN,NaN,NaN,0.00012129748211009428,100.0,1.0001213550567627,mlp,embedding
9082,90830,NaN,NaN,NaN,NaN,0.00011152217484777793,100.0,1.0001115798950195,mlp,embedding
9083,90840,NaN,NaN,NaN,NaN,0.0001021462885546498,100.0,1.000102162361145,mlp,embedding
9084,90850,NaN,NaN,NaN,NaN,9.419930574949831e-05,100.0,1.0000941753387451,mlp,embedding
9085,90860,NaN,NaN,NaN,NaN,8.711047848919407e-05,100.0,1.0000871419906616,mlp,embedding
9086,90870,NaN,NaN,NaN,NaN,8.091291238088161e-05,100.0,1.000080943107605,mlp,embedding
9087,90880,NaN,NaN,NaN,NaN,7.474247104255483e-05,100.0,1.0000747442245483,mlp,embedding
9088,90890,NaN,NaN,NaN,NaN,6.923302134964615e-05,100.0,1.000069260597229,mlp,embedding
9089,90900,NaN,NaN,NaN,NaN,6.419882265618071e-05,100.0,1.0000642538070679,mlp,embedding
9090,90910,NaN,NaN,NaN,NaN,5.9549118304857984e-05,100.0,1.0000596046447754,mlp,embedding
9091,90920,NaN,NaN,NaN,NaN,5.506469096872024e-05,100.0,1.0000550746917725,mlp,embedding
9092,90930,NaN,NaN,NaN,NaN,5.097627217764966e-05,100.0,1.0000510215759277,mlp,embedding
9093,90940,NaN,NaN,NaN,NaN,4.7445362724829465e-05,100.0,1.0000474452972412,mlp,embedding
9094,90950,NaN,NaN,NaN,NaN,4.414441355038434e-05,100.0,1.0000441074371338,mlp,embedding
9095,90960,NaN,NaN,NaN,NaN,4.090913353138603e-05,100.0,1.000040888786316,mlp,embedding
9096,90970,NaN,NaN,NaN,NaN,3.808027759077959e-05,100.0,1.0000380277633667,mlp,embedding
9097,90980,NaN,NaN,NaN,NaN,3.5341847251402214e-05,100.0,1.000035285949707,mlp,embedding
9098,90990,NaN,NaN,NaN,NaN,3.2828873372636735e-05,100.0,1.0000327825546265,mlp,embedding
9099,91000,NaN,NaN,NaN,NaN,3.0507684641634114e-05,100.0,1.000030517578125,mlp,embedding
9100,91010,NaN,NaN,NaN,NaN,2.830034827638883e-05,100.0,1.0000282526016235,mlp,embedding
9101,91020,NaN,NaN,NaN,NaN,2.6268407964380458e-05,100.0,1.0000262260437012,mlp,embedding
9102,91030,NaN,NaN,NaN,NaN,2.436229078739416e-05,100.0,1.0000243186950684,mlp,embedding
9103,91040,NaN,NaN,NaN,NaN,2.2507150788442232e-05,100.0,1.000022530555725,mlp,embedding
9104,91050,NaN,NaN,NaN,NaN,2.082182254525833e-05,100.0,1.0000208616256714,mlp,embedding
9105,91060,NaN,NaN,NaN,NaN,1.9297993276268244e-05,100.0,1.0000193119049072,mlp,embedding
9106,91070,NaN,NaN,NaN,NaN,1.7904671040014364e-05,100.0,1.0000178813934326,mlp,embedding
9107,91080,NaN,NaN,NaN,NaN,1.666871685301885e-05,100.0,1.000016689300537,mlp,embedding
9108,91090,NaN,NaN,NaN,NaN,1.5530984455836006e-05,100.0,1.0000154972076416,mlp,embedding
9109,91100,NaN,NaN,NaN,NaN,1.4443675354414154e-05,100.0,1.0000144243240356,mlp,embedding
9110,91110,NaN,NaN,NaN,NaN,1.3487492651620414e-05,100.0,1.0000134706497192,mlp,embedding
9111,91120,NaN,NaN,NaN,NaN,1.25499955174746e-05,100.0,1.0000125169754028,mlp,embedding
9112,91130,NaN,NaN,NaN,NaN,1.1693247870425694e-05,100.0,1.000011682510376,mlp,embedding
9113,91140,NaN,NaN,NaN,NaN,1.0928653864539228e-05,100.0,1.0000109672546387,mlp,embedding
9114,91150,NaN,NaN,NaN,NaN,1.025551955535775e-05,100.0,1.0000102519989014,mlp,embedding
9115,91160,NaN,NaN,NaN,NaN,9.63123056862969e-06,100.0,1.0000096559524536,mlp,embedding
9116,91170,NaN,NaN,NaN,NaN,9.046105333254673e-06,100.0,1.0000090599060059,mlp,embedding
9117,91180,NaN,NaN,NaN,NaN,8.487053491990082e-06,100.0,1.000008463859558,mlp,embedding
9118,91190,NaN,NaN,NaN,NaN,7.970782462507486e-06,100.0,1.0000079870224,mlp,embedding
9119,91200,NaN,NaN,NaN,NaN,7.496511443605414e-06,100.0,1.0000075101852417,mlp,embedding
9120,91210,NaN,NaN,NaN,NaN,7.056738013488939e-06,100.0,1.0000070333480835,mlp,embedding
9121,91220,3.1019633297546534e-06,100.0,1.0000030994415283,0.001,6.653162472503027e-06,100.0,1.0000066757202148,mlp,embedding
9122,91230,NaN,NaN,NaN,NaN,6.276236945268465e-06,100.0,1.0000063180923462,mlp,embedding
9123,91240,NaN,NaN,NaN,NaN,5.934899945714278e-06,100.0,1.0000059604644775,mlp,embedding
9124,91250,NaN,NaN,NaN,NaN,5.606304512184579e-06,100.0,1.0000056028366089,mlp,embedding
9125,91260,NaN,NaN,NaN,NaN,5.311986569722649e-06,100.0,1.0000053644180298,mlp,embedding
9126,91270,NaN,NaN,NaN,NaN,5.015538590669166e-06,100.0,1.0000050067901611,mlp,embedding
9127,91280,NaN,NaN,NaN,NaN,4.758078375743935e-06,100.0,1.000004768371582,mlp,embedding
9128,91290,NaN,NaN,NaN,NaN,4.518072728387779e-06,100.0,1.000004529953003,mlp,embedding
9129,91300,NaN,NaN,NaN,NaN,4.298030489735538e-06,100.0,1.0000042915344238,mlp,embedding
9130,91310,NaN,NaN,NaN,NaN,4.086070021003252e-06,100.0,1.0000040531158447,mlp,embedding
9131,91320,NaN,NaN,NaN,NaN,3.886220383719774e-06,100.0,1.0000039339065552,mlp,embedding
9132,91330,NaN,NaN,NaN,NaN,3.708209760588943e-06,100.0,1.000003695487976,mlp,embedding
9133,91340,NaN,NaN,NaN,NaN,3.533390326992958e-06,100.0,1.0000035762786865,mlp,embedding
9134,91350,NaN,NaN,NaN,NaN,3.371060756762745e-06,100.0,1.0000033378601074,mlp,embedding
9135,91360,NaN,NaN,NaN,NaN,3.2258069495583186e-06,100.0,1.0000032186508179,mlp,embedding
9136,91370,NaN,NaN,NaN,NaN,3.0802750643488253e-06,100.0,1.0000030994415283,mlp,embedding
9137,91380,NaN,NaN,NaN,NaN,2.948449719042401e-06,100.0,1.0000029802322388,mlp,embedding
9138,91390,NaN,NaN,NaN,NaN,2.823313479893841e-06,100.0,1.0000028610229492,mlp,embedding
9139,91400,NaN,NaN,NaN,NaN,2.703294285311131e-06,100.0,1.0000027418136597,mlp,embedding
9140,91410,NaN,NaN,NaN,NaN,2.5888496111292625e-06,100.0,1.0000026226043701,mlp,embedding
9141,91420,NaN,NaN,NaN,NaN,2.4775968086032663e-06,100.0,1.0000025033950806,mlp,embedding
9142,91430,NaN,NaN,NaN,NaN,2.371284608670976e-06,100.0,1.000002384185791,mlp,embedding
9143,91440,NaN,NaN,NaN,NaN,2.2790852653997717e-06,100.0,1.0000022649765015,mlp,embedding
9144,91450,NaN,NaN,NaN,NaN,2.184731556553743e-06,100.0,1.000002145767212,mlp,embedding
9145,91460,NaN,NaN,NaN,NaN,2.094609044434037e-06,100.0,1.000002145767212,mlp,embedding
9146,91470,NaN,NaN,NaN,NaN,2.0099339508306002e-06,100.0,1.0000020265579224,mlp,embedding
9147,91480,NaN,NaN,NaN,NaN,1.9308329228806542e-06,100.0,1.0000019073486328,mlp,embedding
9148,91490,NaN,NaN,NaN,NaN,1.8444858369548456e-06,100.0,1.0000017881393433,mlp,embedding
9149,91500,NaN,NaN,NaN,NaN,1.7711364534989116e-06,100.0,1.0000017881393433,mlp,embedding
9150,91510,NaN,NaN,NaN,NaN,1.7074396509997314e-06,100.0,1.0000016689300537,mlp,embedding
9151,91520,NaN,NaN,NaN,NaN,1.6261346900137141e-06,100.0,1.0000016689300537,mlp,embedding
9152,91530,NaN,NaN,NaN,NaN,1.559296606501448e-06,100.0,1.0000015497207642,mlp,embedding
9153,91540,NaN,NaN,NaN,NaN,1.4855414747216855e-06,100.0,1.0000014305114746,mlp,embedding
9154,91550,NaN,NaN,NaN,NaN,1.4169297628541244e-06,100.0,1.0000014305114746,mlp,embedding
9155,91560,NaN,NaN,NaN,NaN,1.3616956948681036e-06,100.0,1.000001311302185,mlp,embedding
9156,91570,NaN,NaN,NaN,NaN,1.289967826778593e-06,100.0,1.000001311302185,mlp,embedding
9157,91580,NaN,NaN,NaN,NaN,1.2208240605104947e-06,100.0,1.0000011920928955,mlp,embedding
9158,91590,NaN,NaN,NaN,NaN,1.1586475920921657e-06,100.0,1.0000011920928955,mlp,embedding
9159,91600,NaN,NaN,NaN,NaN,1.1011586593667744e-06,100.0,1.000001072883606,mlp,embedding
9160,91610,NaN,NaN,NaN,NaN,1.039387825585436e-06,100.0,1.000001072883606,mlp,embedding
9161,91620,NaN,NaN,NaN,NaN,9.810630672291154e-07,100.0,1.0000009536743164,mlp,embedding
9162,91630,NaN,NaN,NaN,NaN,9.299586736233323e-07,100.0,1.0000009536743164,mlp,embedding
9163,91640,NaN,NaN,NaN,NaN,8.671490832057316e-07,100.0,1.0000008344650269,mlp,embedding
9164,91650,NaN,NaN,NaN,NaN,8.194653560167353e-07,100.0,1.0000008344650269,mlp,embedding
9165,91660,NaN,NaN,NaN,NaN,7.734285532023932e-07,100.0,1.0000007152557373,mlp,embedding
9166,91670,NaN,NaN,NaN,NaN,7.206269287962641e-07,100.0,1.0000007152557373,mlp,embedding
9167,91680,NaN,NaN,NaN,NaN,6.745900691385032e-07,100.0,1.0000007152557373,mlp,embedding
9168,91690,NaN,NaN,NaN,NaN,6.32277760814759e-07,100.0,1.0000005960464478,mlp,embedding
9169,91700,NaN,NaN,NaN,NaN,5.925751906943333e-07,100.0,1.0000005960464478,mlp,embedding
9170,91710,NaN,NaN,NaN,NaN,5.522644528355158e-07,100.0,1.0000005960464478,mlp,embedding
9171,91720,NaN,NaN,NaN,NaN,5.139806376064371e-07,100.0,1.0000004768371582,mlp,embedding
9172,91730,NaN,NaN,NaN,NaN,4.866676590609131e-07,100.0,1.0000004768371582,mlp,embedding
9173,91740,NaN,NaN,NaN,NaN,4.419737251737388e-07,100.0,1.0000004768371582,mlp,embedding
9174,91750,NaN,NaN,NaN,NaN,4.164849940480053e-07,100.0,1.0000003576278687,mlp,embedding
9175,91760,NaN,NaN,NaN,NaN,3.841300042495277e-07,100.0,1.0000003576278687,mlp,embedding
9176,91770,NaN,NaN,NaN,NaN,3.625684428243403e-07,100.0,1.0000003576278687,mlp,embedding
9177,91780,NaN,NaN,NaN,NaN,3.5164833889211877e-07,100.0,1.0000003576278687,mlp,embedding
9178,91790,NaN,NaN,NaN,NaN,3.203321625733224e-07,100.0,1.0000003576278687,mlp,embedding
9179,91800,NaN,NaN,NaN,NaN,3.0208974521883647e-07,100.0,1.0000003576278687,mlp,embedding
9180,91810,NaN,NaN,NaN,NaN,2.9451402383529057e-07,100.0,1.000000238418579,mlp,embedding
9181,91820,NaN,NaN,NaN,NaN,2.8379659511301725e-07,100.0,1.000000238418579,mlp,embedding
9182,91830,NaN,NaN,NaN,NaN,2.716349740694568e-07,100.0,1.000000238418579,mlp,embedding
9183,91840,NaN,NaN,NaN,NaN,2.787799360248755e-07,100.0,1.000000238418579,mlp,embedding
9184,91850,NaN,NaN,NaN,NaN,4.194145276414929e-06,100.0,1.0000041723251343,mlp,embedding
9185,91860,NaN,NaN,NaN,NaN,0.6939798593521118,83.7406997680664,2.0016660690307617,mlp,embedding
9186,91870,NaN,NaN,NaN,NaN,0.07643894106149673,97.40701293945312,1.0794363021850586,mlp,embedding
9187,91880,NaN,NaN,NaN,NaN,0.005336645990610123,99.89373016357422,1.005350947380066,mlp,embedding
9188,91890,NaN,NaN,NaN,NaN,0.00920815858989954,99.70243835449219,1.0092506408691406,mlp,embedding
9189,91900,NaN,NaN,NaN,NaN,0.003332070540636778,99.93623352050781,1.0033376216888428,mlp,embedding
9190,91910,NaN,NaN,NaN,NaN,0.0013393780682235956,99.97874450683594,1.0013402700424194,mlp,embedding
9191,91920,NaN,NaN,NaN,NaN,0.0007469783304259181,100.0,1.0007472038269043,mlp,embedding
9192,91930,NaN,NaN,NaN,NaN,0.0005467825103551149,100.0,1.000546932220459,mlp,embedding
9193,91940,NaN,NaN,NaN,NaN,0.00045131618389859796,100.0,1.0004514455795288,mlp,embedding
9194,91950,NaN,NaN,NaN,NaN,0.0003879453579429537,100.0,1.0003880262374878,mlp,embedding
9195,91960,NaN,NaN,NaN,NaN,0.0003458558057900518,100.0,1.0003459453582764,mlp,embedding
9196,91970,NaN,NaN,NaN,NaN,0.0003117253363598138,100.0,1.0003117322921753,mlp,embedding
9197,91980,NaN,NaN,NaN,NaN,0.00028350192587822676,100.0,1.0002835988998413,mlp,embedding
9198,91990,NaN,NaN,NaN,NaN,0.00025776540860533714,100.0,1.0002578496932983,mlp,embedding
9199,92000,NaN,NaN,NaN,NaN,0.00023595544917043298,100.0,1.0002360343933105,mlp,embedding
9200,92010,NaN,NaN,NaN,NaN,0.00021686161926481873,100.0,1.0002168416976929,mlp,embedding
9201,92020,NaN,NaN,NaN,NaN,0.00019915372831746936,100.0,1.0001991987228394,mlp,embedding
9202,92030,NaN,NaN,NaN,NaN,0.0001825428189476952,100.0,1.0001825094223022,mlp,embedding
9203,92040,NaN,NaN,NaN,NaN,0.00016664313443470746,100.0,1.000166654586792,mlp,embedding
9204,92050,NaN,NaN,NaN,NaN,0.0001528130378574133,100.0,1.000152826309204,mlp,embedding
9205,92060,NaN,NaN,NaN,NaN,0.00014007653226144612,100.0,1.0001400709152222,mlp,embedding
9206,92070,NaN,NaN,NaN,NaN,0.00012883283488918096,100.0,1.0001288652420044,mlp,embedding
9207,92080,NaN,NaN,NaN,NaN,0.00011838854697998613,100.0,1.000118374824524,mlp,embedding
9208,92090,NaN,NaN,NaN,NaN,0.00010893431317526847,100.0,1.0001089572906494,mlp,embedding
9209,92100,NaN,NaN,NaN,NaN,0.00010018811008194461,100.0,1.0001001358032227,mlp,embedding
9210,92110,NaN,NaN,NaN,NaN,9.214044257532805e-05,100.0,1.0000921487808228,mlp,embedding
9211,92120,NaN,NaN,NaN,NaN,8.478504605591297e-05,100.0,1.0000847578048706,mlp,embedding
9212,92130,3.146938615827821e-05,100.0,1.0000314712524414,0.001,7.813327829353511e-05,100.0,1.0000780820846558,mlp,embedding
9213,92140,NaN,NaN,NaN,NaN,7.183271372923627e-05,100.0,1.0000718832015991,mlp,embedding
9214,92150,NaN,NaN,NaN,NaN,6.64147300994955e-05,100.0,1.0000663995742798,mlp,embedding
9215,92160,NaN,NaN,NaN,NaN,6.130756082711741e-05,100.0,1.000061273574829,mlp,embedding
9216,92170,NaN,NaN,NaN,NaN,5.652854451909661e-05,100.0,1.000056505203247,mlp,embedding
9217,92180,NaN,NaN,NaN,NaN,5.237525328993797e-05,100.0,1.0000523328781128,mlp,embedding
9218,92190,NaN,NaN,NaN,NaN,4.8597430577501655e-05,100.0,1.0000486373901367,mlp,embedding
9219,92200,NaN,NaN,NaN,NaN,4.523528696154244e-05,100.0,1.0000451803207397,mlp,embedding
9220,92210,NaN,NaN,NaN,NaN,4.2204163037240505e-05,100.0,1.000042200088501,mlp,embedding
9221,92220,NaN,NaN,NaN,NaN,3.938509325962514e-05,100.0,1.0000393390655518,mlp,embedding
9222,92230,NaN,NaN,NaN,NaN,3.676347478176467e-05,100.0,1.0000367164611816,mlp,embedding
9223,92240,NaN,NaN,NaN,NaN,3.427899719099514e-05,100.0,1.0000343322753906,mlp,embedding
9224,92250,NaN,NaN,NaN,NaN,3.1924446375342086e-05,100.0,1.0000319480895996,mlp,embedding
9225,92260,NaN,NaN,NaN,NaN,2.9843051379430108e-05,100.0,1.0000298023223877,mlp,embedding
9226,92270,NaN,NaN,NaN,NaN,2.7883505026693456e-05,100.0,1.0000278949737549,mlp,embedding
9227,92280,NaN,NaN,NaN,NaN,2.6112231353181414e-05,100.0,1.0000261068344116,mlp,embedding
9228,92290,NaN,NaN,NaN,NaN,2.4404764189966954e-05,100.0,1.000024437904358,mlp,embedding
9229,92300,NaN,NaN,NaN,NaN,2.2893629648024216e-05,100.0,1.0000228881835938,mlp,embedding
9230,92310,NaN,NaN,NaN,NaN,2.1447232938953675e-05,100.0,1.0000214576721191,mlp,embedding
9231,92320,NaN,NaN,NaN,NaN,2.0130997654632665e-05,100.0,1.000020146369934,mlp,embedding
9232,92330,NaN,NaN,NaN,NaN,1.8866765458369628e-05,100.0,1.000018835067749,mlp,embedding
9233,92340,NaN,NaN,NaN,NaN,1.7673564798315056e-05,100.0,1.0000176429748535,mlp,embedding
9234,92350,NaN,NaN,NaN,NaN,1.657530629017856e-05,100.0,1.0000165700912476,mlp,embedding
9235,92360,NaN,NaN,NaN,NaN,1.5574900317005813e-05,100.0,1.0000156164169312,mlp,embedding
9236,92370,NaN,NaN,NaN,NaN,1.4670367818325758e-05,100.0,1.0000146627426147,mlp,embedding
9237,92380,NaN,NaN,NaN,NaN,1.382295522489585e-05,100.0,1.000013828277588,mlp,embedding
9238,92390,NaN,NaN,NaN,NaN,1.3026157830609009e-05,100.0,1.000012993812561,mlp,embedding
9239,92400,NaN,NaN,NaN,NaN,1.2251678526808973e-05,100.0,1.0000122785568237,mlp,embedding
9240,92410,NaN,NaN,NaN,NaN,1.1575959433685057e-05,100.0,1.0000115633010864,mlp,embedding
9241,92420,NaN,NaN,NaN,NaN,1.0937008482869714e-05,100.0,1.0000109672546387,mlp,embedding
9242,92430,NaN,NaN,NaN,NaN,1.0355343874834944e-05,100.0,1.000010371208191,mlp,embedding
9243,92440,NaN,NaN,NaN,NaN,9.768355994310696e-06,100.0,1.0000097751617432,mlp,embedding
9244,92450,NaN,NaN,NaN,NaN,9.25373205973301e-06,100.0,1.000009298324585,mlp,embedding
9245,92460,NaN,NaN,NaN,NaN,8.741114470467437e-06,100.0,1.0000087022781372,mlp,embedding
9246,92470,NaN,NaN,NaN,NaN,8.285152944154106e-06,100.0,1.0000083446502686,mlp,embedding
9247,92480,NaN,NaN,NaN,NaN,7.865314728405792e-06,100.0,1.0000078678131104,mlp,embedding
9248,92490,NaN,NaN,NaN,NaN,7.47058311389992e-06,100.0,1.0000075101852417,mlp,embedding
9249,92500,NaN,NaN,NaN,NaN,7.0495825639227405e-06,100.0,1.0000070333480835,mlp,embedding
9250,92510,NaN,NaN,NaN,NaN,6.7020610003964975e-06,100.0,1.0000066757202148,mlp,embedding
9251,92520,NaN,NaN,NaN,NaN,6.355581717798486e-06,100.0,1.0000063180923462,mlp,embedding
9252,92530,NaN,NaN,NaN,NaN,6.023794867360266e-06,100.0,1.000006079673767,mlp,embedding
9253,92540,NaN,NaN,NaN,NaN,5.720556146115996e-06,100.0,1.0000057220458984,mlp,embedding
9254,92550,NaN,NaN,NaN,NaN,5.450553999253316e-06,100.0,1.0000054836273193,mlp,embedding
9255,92560,NaN,NaN,NaN,NaN,5.161807166587096e-06,100.0,1.0000051259994507,mlp,embedding
9256,92570,NaN,NaN,NaN,NaN,4.9037375902116764e-06,100.0,1.0000048875808716,mlp,embedding
9257,92580,NaN,NaN,NaN,NaN,4.669328973250231e-06,100.0,1.0000046491622925,mlp,embedding
9258,92590,NaN,NaN,NaN,NaN,4.434162747202208e-06,100.0,1.0000044107437134,mlp,embedding
9259,92600,NaN,NaN,NaN,NaN,4.229523710819194e-06,100.0,1.0000041723251343,mlp,embedding
9260,92610,NaN,NaN,NaN,NaN,4.026986516691977e-06,100.0,1.0000040531158447,mlp,embedding
9261,92620,NaN,NaN,NaN,NaN,3.8254374885582365e-06,100.0,1.0000038146972656,mlp,embedding
9262,92630,NaN,NaN,NaN,NaN,3.635367193055572e-06,100.0,1.0000035762786865,mlp,embedding
9263,92640,NaN,NaN,NaN,NaN,3.452589908192749e-06,100.0,1.000003457069397,mlp,embedding
9264,92650,NaN,NaN,NaN,NaN,3.2836480841069715e-06,100.0,1.0000033378601074,mlp,embedding
9265,92660,NaN,NaN,NaN,NaN,3.107029442617204e-06,100.0,1.0000030994415283,mlp,embedding
9266,92670,NaN,NaN,NaN,NaN,2.9511345474020345e-06,100.0,1.0000029802322388,mlp,embedding
9267,92680,NaN,NaN,NaN,NaN,2.798482228172361e-06,100.0,1.0000027418136597,mlp,embedding
9268,92690,NaN,NaN,NaN,NaN,2.6616655759426067e-06,100.0,1.0000026226043701,mlp,embedding
9269,92700,NaN,NaN,NaN,NaN,2.531207655920298e-06,100.0,1.0000025033950806,mlp,embedding
9270,92710,NaN,NaN,NaN,NaN,2.4001928977668285e-06,100.0,1.000002384185791,mlp,embedding
9271,92720,NaN,NaN,NaN,NaN,2.2826056920166593e-06,100.0,1.0000022649765015,mlp,embedding
9272,92730,NaN,NaN,NaN,NaN,2.1586088223557454e-06,100.0,1.000002145767212,mlp,embedding
9273,92740,NaN,NaN,NaN,NaN,2.0463173768803244e-06,100.0,1.0000020265579224,mlp,embedding
9274,92750,NaN,NaN,NaN,NaN,1.945984422491165e-06,100.0,1.0000019073486328,mlp,embedding
9275,92760,NaN,NaN,NaN,NaN,1.8461578292772174e-06,100.0,1.0000017881393433,mlp,embedding
9276,92770,NaN,NaN,NaN,NaN,1.7490932577857166e-06,100.0,1.0000017881393433,mlp,embedding
9277,92780,NaN,NaN,NaN,NaN,1.6604658412688877e-06,100.0,1.0000016689300537,mlp,embedding
9278,92790,NaN,NaN,NaN,NaN,1.5718383110652212e-06,100.0,1.0000015497207642,mlp,embedding
9279,92800,NaN,NaN,NaN,NaN,1.483615733377519e-06,100.0,1.0000014305114746,mlp,embedding
9280,92810,NaN,NaN,NaN,NaN,1.392150579704321e-06,100.0,1.0000014305114746,mlp,embedding
9281,92820,NaN,NaN,NaN,NaN,1.3162166396796238e-06,100.0,1.000001311302185,mlp,embedding
9282,92830,NaN,NaN,NaN,NaN,1.243981614607037e-06,100.0,1.0000011920928955,mlp,embedding
9283,92840,NaN,NaN,NaN,NaN,1.1670596222757013e-06,100.0,1.0000011920928955,mlp,embedding
9284,92850,NaN,NaN,NaN,NaN,1.101184125218424e-06,100.0,1.000001072883606,mlp,embedding
9285,92860,NaN,NaN,NaN,NaN,1.0309507842976018e-06,100.0,1.000001072883606,mlp,embedding
9286,92870,NaN,NaN,NaN,NaN,9.635805326979607e-07,100.0,1.0000009536743164,mlp,embedding
9287,92880,NaN,NaN,NaN,NaN,9.059395438271167e-07,100.0,1.0000009536743164,mlp,embedding
9288,92890,NaN,NaN,NaN,NaN,8.516935849911533e-07,100.0,1.0000008344650269,mlp,embedding
9289,92900,NaN,NaN,NaN,NaN,7.927097840365604e-07,100.0,1.0000008344650269,mlp,embedding
9290,92910,NaN,NaN,NaN,NaN,7.425685453199549e-07,100.0,1.0000007152557373,mlp,embedding
9291,92920,NaN,NaN,NaN,NaN,6.935673582120216e-07,100.0,1.0000007152557373,mlp,embedding
9292,92930,NaN,NaN,NaN,NaN,6.37573236872413e-07,100.0,1.0000005960464478,mlp,embedding
9293,92940,NaN,NaN,NaN,NaN,5.948301691205415e-07,100.0,1.0000005960464478,mlp,embedding
9294,92950,NaN,NaN,NaN,NaN,5.581172786151001e-07,100.0,1.0000005960464478,mlp,embedding
9295,92960,NaN,NaN,NaN,NaN,5.243940677246428e-07,100.0,1.0000004768371582,mlp,embedding
9296,92970,NaN,NaN,NaN,NaN,4.81828408283036e-07,100.0,1.0000004768371582,mlp,embedding
9297,92980,NaN,NaN,NaN,NaN,4.5051226038594905e-07,100.0,1.0000004768371582,mlp,embedding
9298,92990,NaN,NaN,NaN,NaN,4.1623167135185213e-07,100.0,1.0000003576278687,mlp,embedding
9299,93000,NaN,NaN,NaN,NaN,3.872717968533834e-07,100.0,1.0000003576278687,mlp,embedding
9300,93010,NaN,NaN,NaN,NaN,3.5914803220293834e-07,100.0,1.0000003576278687,mlp,embedding
9301,93020,NaN,NaN,NaN,NaN,3.352048452143208e-07,100.0,1.0000003576278687,mlp,embedding
9302,93030,NaN,NaN,NaN,NaN,3.1736774985802185e-07,100.0,1.0000003576278687,mlp,embedding
9303,93040,NaN,NaN,NaN,NaN,2.946154040728288e-07,100.0,1.000000238418579,mlp,embedding
9304,93050,1.186010649689706e-07,100.0,1.0000001192092896,0.001,2.821497275817819e-07,100.0,1.000000238418579,mlp,embedding
9305,93060,NaN,NaN,NaN,NaN,2.6573155764708645e-07,100.0,1.000000238418579,mlp,embedding
9306,93070,NaN,NaN,NaN,NaN,2.610948968140292e-07,100.0,1.000000238418579,mlp,embedding
9307,93080,NaN,NaN,NaN,NaN,2.5471007347732666e-07,100.0,1.000000238418579,mlp,embedding
9308,93090,NaN,NaN,NaN,NaN,2.6601023250805156e-07,100.0,1.000000238418579,mlp,embedding
9309,93100,NaN,NaN,NaN,NaN,3.222555733373156e-07,100.0,1.0000003576278687,mlp,embedding
9310,93110,NaN,NaN,NaN,NaN,3.0898115710442653e-07,100.0,1.0000003576278687,mlp,embedding
9311,93120,NaN,NaN,NaN,NaN,0.28963175415992737,92.77364349365234,1.3359354734420776,mlp,embedding
9312,93130,NaN,NaN,NaN,NaN,0.04162593558430672,98.66099548339844,1.0425044298171997,mlp,embedding
9313,93140,NaN,NaN,NaN,NaN,0.017571449279785156,99.53240966796875,1.0177267789840698,mlp,embedding
9314,93150,NaN,NaN,NaN,NaN,0.009298687800765038,99.68119049072266,1.009342074394226,mlp,embedding
9315,93160,NaN,NaN,NaN,NaN,0.003277793060988188,99.91497802734375,1.003283143043518,mlp,embedding
9316,93170,NaN,NaN,NaN,NaN,0.0013667104067280889,99.95748901367188,1.0013676881790161,mlp,embedding
9317,93180,NaN,NaN,NaN,NaN,0.0007588071748614311,100.0,1.0007591247558594,mlp,embedding
9318,93190,NaN,NaN,NaN,NaN,0.000540207780431956,100.0,1.0005403757095337,mlp,embedding
9319,93200,NaN,NaN,NaN,NaN,0.00043977785389870405,100.0,1.0004398822784424,mlp,embedding
9320,93210,NaN,NaN,NaN,NaN,0.0003806485328823328,100.0,1.0003807544708252,mlp,embedding
9321,93220,NaN,NaN,NaN,NaN,0.0003405422903597355,100.0,1.0003405809402466,mlp,embedding
9322,93230,NaN,NaN,NaN,NaN,0.0003101226466242224,100.0,1.0003101825714111,mlp,embedding
9323,93240,NaN,NaN,NaN,NaN,0.0002856202481780201,100.0,1.0002856254577637,mlp,embedding
9324,93250,NaN,NaN,NaN,NaN,0.00026243028696626425,100.0,1.0002624988555908,mlp,embedding
9325,93260,NaN,NaN,NaN,NaN,0.00024186703376471996,100.0,1.0002418756484985,mlp,embedding
9326,93270,NaN,NaN,NaN,NaN,0.0002223117626272142,100.0,1.0002223253250122,mlp,embedding
9327,93280,NaN,NaN,NaN,NaN,0.0002046444860752672,100.0,1.0002046823501587,mlp,embedding
9328,93290,NaN,NaN,NaN,NaN,0.00018884932796936482,100.0,1.0001888275146484,mlp,embedding
9329,93300,NaN,NaN,NaN,NaN,0.00017436128109693527,100.0,1.0001744031906128,mlp,embedding
9330,93310,NaN,NaN,NaN,NaN,0.00016016350127756596,100.0,1.0001602172851562,mlp,embedding
9331,93320,NaN,NaN,NaN,NaN,0.0001469731651013717,100.0,1.0001469850540161,mlp,embedding
9332,93330,NaN,NaN,NaN,NaN,0.00013578437210526317,100.0,1.0001357793807983,mlp,embedding
9333,93340,NaN,NaN,NaN,NaN,0.00012548448285087943,100.0,1.000125527381897,mlp,embedding
9334,93350,NaN,NaN,NaN,NaN,0.00011597323464229703,100.0,1.000115990638733,mlp,embedding
9335,93360,NaN,NaN,NaN,NaN,0.00010721725266193971,100.0,1.0001071691513062,mlp,embedding
9336,93370,NaN,NaN,NaN,NaN,9.903931641019881e-05,100.0,1.0000990629196167,mlp,embedding
9337,93380,NaN,NaN,NaN,NaN,9.033867536345497e-05,100.0,1.0000903606414795,mlp,embedding
9338,93390,NaN,NaN,NaN,NaN,8.330270065926015e-05,100.0,1.000083327293396,mlp,embedding
9339,93400,NaN,NaN,NaN,NaN,7.694317173445597e-05,100.0,1.0000768899917603,mlp,embedding
9340,93410,NaN,NaN,NaN,NaN,7.115523476386443e-05,100.0,1.0000711679458618,mlp,embedding
9341,93420,NaN,NaN,NaN,NaN,6.546160875586793e-05,100.0,1.0000654458999634,mlp,embedding
9342,93430,NaN,NaN,NaN,NaN,6.035136175341904e-05,100.0,1.0000603199005127,mlp,embedding
9343,93440,NaN,NaN,NaN,NaN,5.5424134188797325e-05,100.0,1.0000554323196411,mlp,embedding
9344,93450,NaN,NaN,NaN,NaN,5.0996208301512524e-05,100.0,1.0000510215759277,mlp,embedding
9345,93460,NaN,NaN,NaN,NaN,4.722256198874675e-05,100.0,1.000047206878662,mlp,embedding
9346,93470,NaN,NaN,NaN,NaN,4.359689410193823e-05,100.0,1.0000436305999756,mlp,embedding
9347,93480,NaN,NaN,NaN,NaN,4.052842268720269e-05,100.0,1.0000405311584473,mlp,embedding
9348,93490,NaN,NaN,NaN,NaN,3.752940028789453e-05,100.0,1.0000375509262085,mlp,embedding
9349,93500,NaN,NaN,NaN,NaN,3.477161590126343e-05,100.0,1.0000348091125488,mlp,embedding
9350,93510,NaN,NaN,NaN,NaN,3.2093455956783146e-05,100.0,1.0000320672988892,mlp,embedding
9351,93520,NaN,NaN,NaN,NaN,2.9598728360724635e-05,100.0,1.0000295639038086,mlp,embedding
9352,93530,NaN,NaN,NaN,NaN,2.7463507649372332e-05,100.0,1.0000274181365967,mlp,embedding
9353,93540,NaN,NaN,NaN,NaN,2.538124863349367e-05,100.0,1.0000253915786743,mlp,embedding
9354,93550,NaN,NaN,NaN,NaN,2.355416290811263e-05,100.0,1.000023603439331,mlp,embedding
9355,93560,NaN,NaN,NaN,NaN,2.1865971575607546e-05,100.0,1.0000218152999878,mlp,embedding
9356,93570,NaN,NaN,NaN,NaN,2.020929241552949e-05,100.0,1.0000202655792236,mlp,embedding
9357,93580,NaN,NaN,NaN,NaN,1.8743476175586693e-05,100.0,1.0000187158584595,mlp,embedding
9358,93590,NaN,NaN,NaN,NaN,1.7388894775649533e-05,100.0,1.0000174045562744,mlp,embedding
9359,93600,NaN,NaN,NaN,NaN,1.614422581042163e-05,100.0,1.0000160932540894,mlp,embedding
9360,93610,NaN,NaN,NaN,NaN,1.5071496818563901e-05,100.0,1.0000150203704834,mlp,embedding
9361,93620,NaN,NaN,NaN,NaN,1.4036081665835809e-05,100.0,1.000014066696167,mlp,embedding
9362,93630,NaN,NaN,NaN,NaN,1.3123129974701442e-05,100.0,1.0000131130218506,mlp,embedding
9363,93640,NaN,NaN,NaN,NaN,1.2263441931281704e-05,100.0,1.0000122785568237,mlp,embedding
9364,93650,NaN,NaN,NaN,NaN,1.1488387826830149e-05,100.0,1.0000114440917969,mlp,embedding
9365,93660,NaN,NaN,NaN,NaN,1.0750055480457377e-05,100.0,1.0000107288360596,mlp,embedding
9366,93670,NaN,NaN,NaN,NaN,1.0005885997088626e-05,100.0,1.0000100135803223,mlp,embedding
9367,93680,NaN,NaN,NaN,NaN,9.328411579190288e-06,100.0,1.000009298324585,mlp,embedding
9368,93690,NaN,NaN,NaN,NaN,8.731900379643776e-06,100.0,1.0000087022781372,mlp,embedding
9369,93700,NaN,NaN,NaN,NaN,8.207800419768319e-06,100.0,1.000008225440979,mlp,embedding
9370,93710,NaN,NaN,NaN,NaN,7.722698683210183e-06,100.0,1.0000077486038208,mlp,embedding
9371,93720,NaN,NaN,NaN,NaN,7.240440936584491e-06,100.0,1.0000072717666626,mlp,embedding
9372,93730,NaN,NaN,NaN,NaN,6.792222393414704e-06,100.0,1.0000067949295044,mlp,embedding
9373,93740,NaN,NaN,NaN,NaN,6.377163117576856e-06,100.0,1.0000063180923462,mlp,embedding
9374,93750,NaN,NaN,NaN,NaN,6.012842732161516e-06,100.0,1.0000059604644775,mlp,embedding
9375,93760,NaN,NaN,NaN,NaN,5.686446002073353e-06,100.0,1.0000057220458984,mlp,embedding
9376,93770,NaN,NaN,NaN,NaN,5.380873062676983e-06,100.0,1.0000053644180298,mlp,embedding
9377,93780,NaN,NaN,NaN,NaN,5.068005066277692e-06,100.0,1.0000051259994507,mlp,embedding
9378,93790,NaN,NaN,NaN,NaN,4.795212589669973e-06,100.0,1.000004768371582,mlp,embedding
9379,93800,NaN,NaN,NaN,NaN,4.552898190013366e-06,100.0,1.000004529953003,mlp,embedding
9380,93810,NaN,NaN,NaN,NaN,4.305947186367121e-06,100.0,1.0000042915344238,mlp,embedding
9381,93820,NaN,NaN,NaN,NaN,4.072829142387491e-06,100.0,1.0000040531158447,mlp,embedding
9382,93830,NaN,NaN,NaN,NaN,3.8500220398418605e-06,100.0,1.0000038146972656,mlp,embedding
9383,93840,NaN,NaN,NaN,NaN,3.644267053459771e-06,100.0,1.000003695487976,mlp,embedding
9384,93850,NaN,NaN,NaN,NaN,3.461008418526035e-06,100.0,1.000003457069397,mlp,embedding
9385,93860,NaN,NaN,NaN,NaN,3.283983232904575e-06,100.0,1.0000033378601074,mlp,embedding
9386,93870,NaN,NaN,NaN,NaN,3.106983285761089e-06,100.0,1.0000030994415283,mlp,embedding
9387,93880,NaN,NaN,NaN,NaN,2.96593452731031e-06,100.0,1.0000029802322388,mlp,embedding
9388,93890,NaN,NaN,NaN,NaN,2.8348683827061905e-06,100.0,1.0000028610229492,mlp,embedding
9389,93900,NaN,NaN,NaN,NaN,2.677883912838297e-06,100.0,1.0000026226043701,mlp,embedding
9390,93910,NaN,NaN,NaN,NaN,2.55396253123763e-06,100.0,1.0000025033950806,mlp,embedding
9391,93920,NaN,NaN,NaN,NaN,2.4376679448323557e-06,100.0,1.000002384185791,mlp,embedding
9392,93930,NaN,NaN,NaN,NaN,2.3151401364884805e-06,100.0,1.0000022649765015,mlp,embedding
9393,93940,NaN,NaN,NaN,NaN,2.2070792056183564e-06,100.0,1.0000022649765015,mlp,embedding
9394,93950,NaN,NaN,NaN,NaN,2.1117630240041763e-06,100.0,1.000002145767212,mlp,embedding
9395,93960,NaN,NaN,NaN,NaN,2.0089214558538515e-06,100.0,1.0000020265579224,mlp,embedding
9396,93970,NaN,NaN,NaN,NaN,1.9082588096352993e-06,100.0,1.0000019073486328,mlp,embedding
9397,93980,9.353771019959822e-07,100.0,1.0000009536743164,0.001,1.8231276044389233e-06,100.0,1.0000017881393433,mlp,embedding
9398,93990,NaN,NaN,NaN,NaN,1.7318399159194087e-06,100.0,1.0000017881393433,mlp,embedding
9399,94000,NaN,NaN,NaN,NaN,1.6430095683972468e-06,100.0,1.0000016689300537,mlp,embedding
9400,94010,NaN,NaN,NaN,NaN,1.5588663018206717e-06,100.0,1.0000015497207642,mlp,embedding
9401,94020,NaN,NaN,NaN,NaN,1.4817668443356524e-06,100.0,1.0000014305114746,mlp,embedding
9402,94030,NaN,NaN,NaN,NaN,1.3976745094623766e-06,100.0,1.0000014305114746,mlp,embedding
9403,94040,NaN,NaN,NaN,NaN,1.3304814956427435e-06,100.0,1.000001311302185,mlp,embedding
9404,94050,NaN,NaN,NaN,NaN,1.2535339237729204e-06,100.0,1.000001311302185,mlp,embedding
9405,94060,NaN,NaN,NaN,NaN,1.181425773211231e-06,100.0,1.0000011920928955,mlp,embedding
9406,94070,NaN,NaN,NaN,NaN,1.1155757420056034e-06,100.0,1.000001072883606,mlp,embedding
9407,94080,NaN,NaN,NaN,NaN,1.046533270709915e-06,100.0,1.000001072883606,mlp,embedding
9408,94090,NaN,NaN,NaN,NaN,9.870173016679473e-07,100.0,1.0000009536743164,mlp,embedding
9409,94100,NaN,NaN,NaN,NaN,9.32239174744609e-07,100.0,1.0000009536743164,mlp,embedding
9410,94110,NaN,NaN,NaN,NaN,8.712537464816705e-07,100.0,1.0000008344650269,mlp,embedding
9411,94120,NaN,NaN,NaN,NaN,8.226832051150268e-07,100.0,1.0000008344650269,mlp,embedding
9412,94130,NaN,NaN,NaN,NaN,7.633700533915544e-07,100.0,1.0000007152557373,mlp,embedding
9413,94140,NaN,NaN,NaN,NaN,7.173078984124004e-07,100.0,1.0000007152557373,mlp,embedding
9414,94150,NaN,NaN,NaN,NaN,6.665583782705653e-07,100.0,1.0000007152557373,mlp,embedding
9415,94160,NaN,NaN,NaN,NaN,6.178612466101185e-07,100.0,1.0000005960464478,mlp,embedding
9416,94170,NaN,NaN,NaN,NaN,5.748902367486153e-07,100.0,1.0000005960464478,mlp,embedding
9417,94180,NaN,NaN,NaN,NaN,5.389881039263855e-07,100.0,1.0000005960464478,mlp,embedding
9418,94190,NaN,NaN,NaN,NaN,4.991334208170883e-07,100.0,1.0000004768371582,mlp,embedding
9419,94200,NaN,NaN,NaN,NaN,4.627498810805264e-07,100.0,1.0000004768371582,mlp,embedding
9420,94210,NaN,NaN,NaN,NaN,4.3077494638055214e-07,100.0,1.0000004768371582,mlp,embedding
9421,94220,NaN,NaN,NaN,NaN,3.9945874164004636e-07,100.0,1.0000003576278687,mlp,embedding
9422,94230,NaN,NaN,NaN,NaN,3.7445141742864507e-07,100.0,1.0000003576278687,mlp,embedding
9423,94240,NaN,NaN,NaN,NaN,3.468344118573441e-07,100.0,1.0000003576278687,mlp,embedding
9424,94250,NaN,NaN,NaN,NaN,3.3168302593367116e-07,100.0,1.0000003576278687,mlp,embedding
9425,94260,NaN,NaN,NaN,NaN,3.089306517267687e-07,100.0,1.0000003576278687,mlp,embedding
9426,94270,NaN,NaN,NaN,NaN,2.9464075623764074e-07,100.0,1.000000238418579,mlp,embedding
9427,94280,NaN,NaN,NaN,NaN,2.8430335419216135e-07,100.0,1.000000238418579,mlp,embedding
9428,94290,NaN,NaN,NaN,NaN,2.6791050800056837e-07,100.0,1.000000238418579,mlp,embedding
9429,94300,NaN,NaN,NaN,NaN,2.6345122705606627e-07,100.0,1.000000238418579,mlp,embedding
9430,94310,NaN,NaN,NaN,NaN,2.5529280378577823e-07,100.0,1.000000238418579,mlp,embedding
9431,94320,NaN,NaN,NaN,NaN,4.13063503401645e-07,100.0,1.0000003576278687,mlp,embedding
9432,94330,NaN,NaN,NaN,NaN,0.2746375799179077,90.28692626953125,1.3160536289215088,mlp,embedding
9433,94340,NaN,NaN,NaN,NaN,0.09671798348426819,96.40807342529297,1.1015496253967285,mlp,embedding
9434,94350,NaN,NaN,NaN,NaN,0.020305918529629707,99.4686508178711,1.0205135345458984,mlp,embedding
9435,94360,NaN,NaN,NaN,NaN,0.009634015150368214,99.72369384765625,1.0096806287765503,mlp,embedding
9436,94370,NaN,NaN,NaN,NaN,0.003343688091263175,99.87247467041016,1.0033493041992188,mlp,embedding
9437,94380,NaN,NaN,NaN,NaN,0.0017801087815314531,99.97874450683594,1.001781702041626,mlp,embedding
9438,94390,NaN,NaN,NaN,NaN,0.0012173159047961235,99.97874450683594,1.0012180805206299,mlp,embedding
9439,94400,NaN,NaN,NaN,NaN,0.0009316308423876762,99.97874450683594,1.0009320974349976,mlp,embedding
9440,94410,NaN,NaN,NaN,NaN,0.0007608765736222267,100.0,1.0007611513137817,mlp,embedding
9441,94420,NaN,NaN,NaN,NaN,0.0006561701302416623,100.0,1.0006563663482666,mlp,embedding
9442,94430,NaN,NaN,NaN,NaN,0.0005828221328556538,100.0,1.0005829334259033,mlp,embedding
9443,94440,NaN,NaN,NaN,NaN,0.0005290730623528361,100.0,1.000529170036316,mlp,embedding
9444,94450,NaN,NaN,NaN,NaN,0.0004854807921219617,100.0,1.0004855394363403,mlp,embedding
9445,94460,NaN,NaN,NaN,NaN,0.0004476246249396354,100.0,1.0004477500915527,mlp,embedding
9446,94470,NaN,NaN,NaN,NaN,0.0004141713725402951,100.0,1.000414252281189,mlp,embedding
9447,94480,NaN,NaN,NaN,NaN,0.0003800567355938256,100.0,1.0003801584243774,mlp,embedding
9448,94490,NaN,NaN,NaN,NaN,0.0003487151116132736,100.0,1.0003488063812256,mlp,embedding
9449,94500,NaN,NaN,NaN,NaN,0.0003202740044798702,100.0,1.000320315361023,mlp,embedding
9450,94510,NaN,NaN,NaN,NaN,0.0002933764480985701,100.0,1.0002933740615845,mlp,embedding
9451,94520,NaN,NaN,NaN,NaN,0.00026813457952812314,100.0,1.0002682209014893,mlp,embedding
9452,94530,NaN,NaN,NaN,NaN,0.0002456821675878018,100.0,1.0002456903457642,mlp,embedding
9453,94540,NaN,NaN,NaN,NaN,0.00022628679289482534,100.0,1.0002262592315674,mlp,embedding
9454,94550,NaN,NaN,NaN,NaN,0.00020818872144445777,100.0,1.0002082586288452,mlp,embedding
9455,94560,NaN,NaN,NaN,NaN,0.00019122559751849622,100.0,1.0001912117004395,mlp,embedding
9456,94570,NaN,NaN,NaN,NaN,0.0001756992714945227,100.0,1.0001757144927979,mlp,embedding
9457,94580,NaN,NaN,NaN,NaN,0.00016007505473680794,100.0,1.0001600980758667,mlp,embedding
9458,94590,NaN,NaN,NaN,NaN,0.00014689152885694057,100.0,1.0001468658447266,mlp,embedding
9459,94600,NaN,NaN,NaN,NaN,0.00013530318392440677,100.0,1.0001353025436401,mlp,embedding
9460,94610,NaN,NaN,NaN,NaN,0.0001237274700542912,100.0,1.0001237392425537,mlp,embedding
9461,94620,NaN,NaN,NaN,NaN,0.00011344399536028504,100.0,1.0001134872436523,mlp,embedding
9462,94630,NaN,NaN,NaN,NaN,0.00010442142956890166,100.0,1.0001044273376465,mlp,embedding
9463,94640,NaN,NaN,NaN,NaN,9.543092164676636e-05,100.0,1.0000954866409302,mlp,embedding
9464,94650,NaN,NaN,NaN,NaN,8.765757229411975e-05,100.0,1.0000876188278198,mlp,embedding
9465,94660,NaN,NaN,NaN,NaN,8.040884858928621e-05,100.0,1.0000804662704468,mlp,embedding
9466,94670,NaN,NaN,NaN,NaN,7.399763126159087e-05,100.0,1.000074028968811,mlp,embedding
9467,94680,NaN,NaN,NaN,NaN,6.825507443863899e-05,100.0,1.0000683069229126,mlp,embedding
9468,94690,NaN,NaN,NaN,NaN,6.250934529816732e-05,100.0,1.0000624656677246,mlp,embedding
9469,94700,NaN,NaN,NaN,NaN,5.75378981011454e-05,100.0,1.000057578086853,mlp,embedding
9470,94710,NaN,NaN,NaN,NaN,5.309726111590862e-05,100.0,1.00005304813385,mlp,embedding
9471,94720,NaN,NaN,NaN,NaN,4.893580262432806e-05,100.0,1.0000489950180054,mlp,embedding
9472,94730,NaN,NaN,NaN,NaN,4.479660128708929e-05,100.0,1.000044822692871,mlp,embedding
9473,94740,NaN,NaN,NaN,NaN,4.1457024053670466e-05,100.0,1.0000414848327637,mlp,embedding
9474,94750,NaN,NaN,NaN,NaN,3.831733192782849e-05,100.0,1.0000382661819458,mlp,embedding
9475,94760,NaN,NaN,NaN,NaN,3.543778802850284e-05,100.0,1.0000354051589966,mlp,embedding
9476,94770,NaN,NaN,NaN,NaN,3.270783054176718e-05,100.0,1.000032663345337,mlp,embedding
9477,94780,NaN,NaN,NaN,NaN,3.0160805181367323e-05,100.0,1.0000301599502563,mlp,embedding
9478,94790,NaN,NaN,NaN,NaN,2.7756939743994735e-05,100.0,1.0000277757644653,mlp,embedding
9479,94800,NaN,NaN,NaN,NaN,2.5602415917092003e-05,100.0,1.0000256299972534,mlp,embedding
9480,94810,NaN,NaN,NaN,NaN,2.374664654780645e-05,100.0,1.0000237226486206,mlp,embedding
9481,94820,NaN,NaN,NaN,NaN,2.18398363358574e-05,100.0,1.0000218152999878,mlp,embedding
9482,94830,NaN,NaN,NaN,NaN,2.0180752471787855e-05,100.0,1.000020146369934,mlp,embedding
9483,94840,NaN,NaN,NaN,NaN,1.8551530956756324e-05,100.0,1.00001859664917,mlp,embedding
9484,94850,NaN,NaN,NaN,NaN,1.723008244880475e-05,100.0,1.0000172853469849,mlp,embedding
9485,94860,NaN,NaN,NaN,NaN,1.5970666936482303e-05,100.0,1.0000159740447998,mlp,embedding
9486,94870,NaN,NaN,NaN,NaN,1.4785806342842989e-05,100.0,1.0000147819519043,mlp,embedding
9487,94880,NaN,NaN,NaN,NaN,1.3679417861567345e-05,100.0,1.0000137090682983,mlp,embedding
9488,94890,NaN,NaN,NaN,NaN,1.2748607332468964e-05,100.0,1.000012755393982,mlp,embedding
9489,94900,NaN,NaN,NaN,NaN,1.184117718366906e-05,100.0,1.0000118017196655,mlp,embedding
9490,94910,5.852371486980701e-06,100.0,1.000005841255188,0.001,1.096784217224922e-05,100.0,1.0000109672546387,mlp,embedding
9491,94920,NaN,NaN,NaN,NaN,1.0207643754256424e-05,100.0,1.0000102519989014,mlp,embedding
9492,94930,NaN,NaN,NaN,NaN,9.448814125789795e-06,100.0,1.0000094175338745,mlp,embedding
9493,94940,NaN,NaN,NaN,NaN,8.791786058282014e-06,100.0,1.0000088214874268,mlp,embedding
9494,94950,NaN,NaN,NaN,NaN,8.210530722863041e-06,100.0,1.000008225440979,mlp,embedding
9495,94960,NaN,NaN,NaN,NaN,7.663824362680316e-06,100.0,1.0000076293945312,mlp,embedding
9496,94970,NaN,NaN,NaN,NaN,7.140627076296369e-06,100.0,1.000007152557373,mlp,embedding
9497,94980,NaN,NaN,NaN,NaN,6.662925898126559e-06,100.0,1.0000066757202148,mlp,embedding
9498,94990,NaN,NaN,NaN,NaN,6.2404719756159466e-06,100.0,1.0000061988830566,mlp,embedding
9499,95000,NaN,NaN,NaN,NaN,5.843382496095728e-06,100.0,1.000005841255188,mlp,embedding
9500,95010,NaN,NaN,NaN,NaN,5.46398086953559e-06,100.0,1.0000054836273193,mlp,embedding
9501,95020,NaN,NaN,NaN,NaN,5.105959644424729e-06,100.0,1.0000051259994507,mlp,embedding
9502,95030,NaN,NaN,NaN,NaN,4.785610599356005e-06,100.0,1.000004768371582,mlp,embedding
9503,95040,NaN,NaN,NaN,NaN,4.480943516682601e-06,100.0,1.000004529953003,mlp,embedding
9504,95050,NaN,NaN,NaN,NaN,4.195429937681183e-06,100.0,1.0000041723251343,mlp,embedding
9505,95060,NaN,NaN,NaN,NaN,3.9306651160586625e-06,100.0,1.0000039339065552,mlp,embedding
9506,95070,NaN,NaN,NaN,NaN,3.687790695039439e-06,100.0,1.000003695487976,mlp,embedding
9507,95080,NaN,NaN,NaN,NaN,3.472583102848148e-06,100.0,1.000003457069397,mlp,embedding
9508,95090,NaN,NaN,NaN,NaN,3.2587679470452713e-06,100.0,1.0000032186508179,mlp,embedding
9509,95100,NaN,NaN,NaN,NaN,3.0664643873024033e-06,100.0,1.0000030994415283,mlp,embedding
9510,95110,NaN,NaN,NaN,NaN,2.8923022910021245e-06,100.0,1.0000028610229492,mlp,embedding
9511,95120,NaN,NaN,NaN,NaN,2.7080311610916397e-06,100.0,1.0000027418136597,mlp,embedding
9512,95130,NaN,NaN,NaN,NaN,2.549651753724902e-06,100.0,1.0000025033950806,mlp,embedding
9513,95140,NaN,NaN,NaN,NaN,2.392692294961307e-06,100.0,1.000002384185791,mlp,embedding
9514,95150,NaN,NaN,NaN,NaN,2.25574854084698e-06,100.0,1.0000022649765015,mlp,embedding
9515,95160,NaN,NaN,NaN,NaN,2.120425733664888e-06,100.0,1.000002145767212,mlp,embedding
9516,95170,NaN,NaN,NaN,NaN,1.994123067561304e-06,100.0,1.0000020265579224,mlp,embedding
9517,95180,NaN,NaN,NaN,NaN,1.872330358310137e-06,100.0,1.0000019073486328,mlp,embedding
9518,95190,NaN,NaN,NaN,NaN,1.7656880118011031e-06,100.0,1.0000017881393433,mlp,embedding
9519,95200,NaN,NaN,NaN,NaN,1.6601860579612548e-06,100.0,1.0000016689300537,mlp,embedding
9520,95210,NaN,NaN,NaN,NaN,1.557496830173477e-06,100.0,1.0000015497207642,mlp,embedding
9521,95220,NaN,NaN,NaN,NaN,1.4600016129406868e-06,100.0,1.0000014305114746,mlp,embedding
9522,95230,NaN,NaN,NaN,NaN,1.3653944961333764e-06,100.0,1.000001311302185,mlp,embedding
9523,95240,NaN,NaN,NaN,NaN,1.2829997331209597e-06,100.0,1.000001311302185,mlp,embedding
9524,95250,NaN,NaN,NaN,NaN,1.1996675084446906e-06,100.0,1.0000011920928955,mlp,embedding
9525,95260,NaN,NaN,NaN,NaN,1.1170448033226421e-06,100.0,1.000001072883606,mlp,embedding
9526,95270,NaN,NaN,NaN,NaN,1.0396412335467176e-06,100.0,1.000001072883606,mlp,embedding
9527,95280,NaN,NaN,NaN,NaN,9.712321116239764e-07,100.0,1.0000009536743164,mlp,embedding
9528,95290,NaN,NaN,NaN,NaN,9.081689427148376e-07,100.0,1.0000009536743164,mlp,embedding
9529,95300,NaN,NaN,NaN,NaN,8.455113515992707e-07,100.0,1.0000008344650269,mlp,embedding
9530,95310,NaN,NaN,NaN,NaN,7.861982567192172e-07,100.0,1.0000008344650269,mlp,embedding
9531,95320,NaN,NaN,NaN,NaN,7.306855422939407e-07,100.0,1.0000007152557373,mlp,embedding
9532,95330,NaN,NaN,NaN,NaN,6.799614880037552e-07,100.0,1.0000007152557373,mlp,embedding
9533,95340,NaN,NaN,NaN,NaN,6.354448487400077e-07,100.0,1.0000005960464478,mlp,embedding
9534,95350,NaN,NaN,NaN,NaN,5.905735633859877e-07,100.0,1.0000005960464478,mlp,embedding
9535,95360,NaN,NaN,NaN,NaN,5.450941671369947e-07,100.0,1.0000005960464478,mlp,embedding
9536,95370,NaN,NaN,NaN,NaN,5.050367803960398e-07,100.0,1.0000004768371582,mlp,embedding
9537,95380,NaN,NaN,NaN,NaN,4.7182038542814553e-07,100.0,1.0000004768371582,mlp,embedding
9538,95390,NaN,NaN,NaN,NaN,4.3333389498911856e-07,100.0,1.0000004768371582,mlp,embedding
9539,95400,NaN,NaN,NaN,NaN,4.056915656747151e-07,100.0,1.0000003576278687,mlp,embedding
9540,95410,NaN,NaN,NaN,NaN,3.768837188999896e-07,100.0,1.0000003576278687,mlp,embedding
9541,95420,NaN,NaN,NaN,NaN,3.503815264593868e-07,100.0,1.0000003576278687,mlp,embedding
9542,95430,NaN,NaN,NaN,NaN,3.3044150882233225e-07,100.0,1.0000003576278687,mlp,embedding
9543,95440,NaN,NaN,NaN,NaN,3.072077277010976e-07,100.0,1.0000003576278687,mlp,embedding
9544,95450,NaN,NaN,NaN,NaN,2.892693373723887e-07,100.0,1.000000238418579,mlp,embedding
9545,95460,NaN,NaN,NaN,NaN,2.739659805683914e-07,100.0,1.000000238418579,mlp,embedding
9546,95470,NaN,NaN,NaN,NaN,2.631218478654773e-07,100.0,1.000000238418579,mlp,embedding
9547,95480,NaN,NaN,NaN,NaN,2.617536551952071e-07,100.0,1.000000238418579,mlp,embedding
9548,95490,NaN,NaN,NaN,NaN,2.468556488111062e-07,100.0,1.000000238418579,mlp,embedding
9549,95500,NaN,NaN,NaN,NaN,2.4632359441056906e-07,100.0,1.000000238418579,mlp,embedding
9550,95510,NaN,NaN,NaN,NaN,2.499467370853381e-07,100.0,1.000000238418579,mlp,embedding
9551,95520,NaN,NaN,NaN,NaN,2.680370982943714e-07,100.0,1.000000238418579,mlp,embedding
9552,95530,NaN,NaN,NaN,NaN,3.803894742304692e-06,100.0,1.0000038146972656,mlp,embedding
9553,95540,NaN,NaN,NaN,NaN,0.8698891997337341,86.18490600585938,2.3866465091705322,mlp,embedding
9554,95550,NaN,NaN,NaN,NaN,0.046733323484659195,98.29967498779297,1.0478425025939941,mlp,embedding
9555,95560,NaN,NaN,NaN,NaN,0.017702780663967133,99.44739532470703,1.0178604125976562,mlp,embedding
9556,95570,NaN,NaN,NaN,NaN,0.0081267599016428,99.82996368408203,1.008159875869751,mlp,embedding
9557,95580,NaN,NaN,NaN,NaN,0.003243360435590148,99.93623352050781,1.0032485723495483,mlp,embedding
9558,95590,NaN,NaN,NaN,NaN,0.002053468255326152,99.95748901367188,1.0020555257797241,mlp,embedding
9559,95600,NaN,NaN,NaN,NaN,0.001543997903354466,99.95748901367188,1.0015451908111572,mlp,embedding
9560,95610,NaN,NaN,NaN,NaN,0.001226455788128078,100.0,1.0012272596359253,mlp,embedding
9561,95620,NaN,NaN,NaN,NaN,0.0010237389942631125,100.0,1.0010242462158203,mlp,embedding
9562,95630,NaN,NaN,NaN,NaN,0.0008871755562722683,100.0,1.0008875131607056,mlp,embedding
9563,95640,NaN,NaN,NaN,NaN,0.0007833191775716841,100.0,1.0007836818695068,mlp,embedding
9564,95650,NaN,NaN,NaN,NaN,0.0006982971681281924,100.0,1.0006985664367676,mlp,embedding
9565,95660,NaN,NaN,NaN,NaN,0.0006291879108175635,100.0,1.0006294250488281,mlp,embedding
9566,95670,NaN,NaN,NaN,NaN,0.0005665046046487987,100.0,1.0005667209625244,mlp,embedding
9567,95680,NaN,NaN,NaN,NaN,0.0005159369320608675,100.0,1.0005160570144653,mlp,embedding
9568,95690,NaN,NaN,NaN,NaN,0.00047158668166957796,100.0,1.0004717111587524,mlp,embedding
9569,95700,NaN,NaN,NaN,NaN,0.0004337131977081299,100.0,1.0004338026046753,mlp,embedding
9570,95710,NaN,NaN,NaN,NaN,0.0003978403692599386,100.0,1.0003979206085205,mlp,embedding
9571,95720,NaN,NaN,NaN,NaN,0.0003648750716820359,100.0,1.000364899635315,mlp,embedding
9572,95730,NaN,NaN,NaN,NaN,0.00033585235360078514,100.0,1.000335931777954,mlp,embedding
9573,95740,NaN,NaN,NaN,NaN,0.00030961056472733617,100.0,1.000309705734253,mlp,embedding
9574,95750,NaN,NaN,NaN,NaN,0.0002843192487489432,100.0,1.0002843141555786,mlp,embedding
9575,95760,NaN,NaN,NaN,NaN,0.00026200266438536346,100.0,1.0002620220184326,mlp,embedding
9576,95770,NaN,NaN,NaN,NaN,0.00024164006754290313,100.0,1.0002416372299194,mlp,embedding
9577,95780,NaN,NaN,NaN,NaN,0.00022280642588157207,100.0,1.0002228021621704,mlp,embedding
9578,95790,NaN,NaN,NaN,NaN,0.00020537171803880483,100.0,1.000205397605896,mlp,embedding
9579,95800,NaN,NaN,NaN,NaN,0.00018968957010656595,100.0,1.0001896619796753,mlp,embedding
9580,95810,NaN,NaN,NaN,NaN,0.00017496394866611809,100.0,1.0001749992370605,mlp,embedding
9581,95820,NaN,NaN,NaN,NaN,0.00016151943418662995,100.0,1.0001615285873413,mlp,embedding
9582,95830,NaN,NaN,NaN,NaN,0.00014921680849511176,100.0,1.0001492500305176,mlp,embedding
9583,95840,NaN,NaN,NaN,NaN,0.00013806844071950763,100.0,1.0001380443572998,mlp,embedding
9584,95850,5.923553180764429e-05,100.0,1.0000592470169067,0.001,0.00012768282613251358,100.0,1.0001276731491089,mlp,embedding
9585,95860,NaN,NaN,NaN,NaN,0.00011774191079894081,100.0,1.0001177787780762,mlp,embedding
9586,95870,NaN,NaN,NaN,NaN,0.00010869634570553899,100.0,1.0001087188720703,mlp,embedding
9587,95880,NaN,NaN,NaN,NaN,0.00010017096064984798,100.0,1.0001001358032227,mlp,embedding
9588,95890,NaN,NaN,NaN,NaN,9.22436811379157e-05,100.0,1.0000922679901123,mlp,embedding
9589,95900,NaN,NaN,NaN,NaN,8.510566840413958e-05,100.0,1.0000851154327393,mlp,embedding
9590,95910,NaN,NaN,NaN,NaN,7.841795013519004e-05,100.0,1.0000784397125244,mlp,embedding
9591,95920,NaN,NaN,NaN,NaN,7.246014138218015e-05,100.0,1.0000724792480469,mlp,embedding
9592,95930,NaN,NaN,NaN,NaN,6.686701090075076e-05,100.0,1.000066876411438,mlp,embedding
9593,95940,NaN,NaN,NaN,NaN,6.164747901493683e-05,100.0,1.0000616312026978,mlp,embedding
9594,95950,NaN,NaN,NaN,NaN,5.6856591982068494e-05,100.0,1.0000568628311157,mlp,embedding
9595,95960,NaN,NaN,NaN,NaN,5.2237064664950594e-05,100.0,1.0000522136688232,mlp,embedding
9596,95970,NaN,NaN,NaN,NaN,4.817375884158537e-05,100.0,1.0000481605529785,mlp,embedding
9597,95980,NaN,NaN,NaN,NaN,4.437833558768034e-05,100.0,1.000044345855713,mlp,embedding
9598,95990,NaN,NaN,NaN,NaN,4.093199095223099e-05,100.0,1.000040888786316,mlp,embedding
9599,96000,NaN,NaN,NaN,NaN,3.78036784240976e-05,100.0,1.0000377893447876,mlp,embedding
9600,96010,NaN,NaN,NaN,NaN,3.491100142127834e-05,100.0,1.0000349283218384,mlp,embedding
9601,96020,NaN,NaN,NaN,NaN,3.2181720598600805e-05,100.0,1.0000321865081787,mlp,embedding
9602,96030,NaN,NaN,NaN,NaN,2.964974191854708e-05,100.0,1.0000296831130981,mlp,embedding
9603,96040,NaN,NaN,NaN,NaN,2.7352245524525642e-05,100.0,1.0000272989273071,mlp,embedding
9604,96050,NaN,NaN,NaN,NaN,2.5267301680287346e-05,100.0,1.0000252723693848,mlp,embedding
9605,96060,NaN,NaN,NaN,NaN,2.3384343876386993e-05,100.0,1.000023365020752,mlp,embedding
9606,96070,NaN,NaN,NaN,NaN,2.1604624635074288e-05,100.0,1.0000215768814087,mlp,embedding
9607,96080,NaN,NaN,NaN,NaN,1.9986096958746202e-05,100.0,1.0000200271606445,mlp,embedding
9608,96090,NaN,NaN,NaN,NaN,1.8484226529835723e-05,100.0,1.0000184774398804,mlp,embedding
9609,96100,NaN,NaN,NaN,NaN,1.7123373254435137e-05,100.0,1.0000171661376953,mlp,embedding
9610,96110,NaN,NaN,NaN,NaN,1.5822541172383353e-05,100.0,1.0000158548355103,mlp,embedding
9611,96120,NaN,NaN,NaN,NaN,1.4682632354379166e-05,100.0,1.0000146627426147,mlp,embedding
9612,96130,NaN,NaN,NaN,NaN,1.3632160516863223e-05,100.0,1.0000135898590088,mlp,embedding
9613,96140,NaN,NaN,NaN,NaN,1.2669162970269099e-05,100.0,1.0000126361846924,mlp,embedding
9614,96150,NaN,NaN,NaN,NaN,1.177663762064185e-05,100.0,1.0000118017196655,mlp,embedding
9615,96160,NaN,NaN,NaN,NaN,1.0941143955278676e-05,100.0,1.0000109672546387,mlp,embedding
9616,96170,NaN,NaN,NaN,NaN,1.0161907994188368e-05,100.0,1.0000101327896118,mlp,embedding
9617,96180,NaN,NaN,NaN,NaN,9.438415872864425e-06,100.0,1.0000094175338745,mlp,embedding
9618,96190,NaN,NaN,NaN,NaN,8.786645594227593e-06,100.0,1.0000088214874268,mlp,embedding
9619,96200,NaN,NaN,NaN,NaN,8.170893124770373e-06,100.0,1.000008225440979,mlp,embedding
9620,96210,NaN,NaN,NaN,NaN,7.612574790982762e-06,100.0,1.0000076293945312,mlp,embedding
9621,96220,NaN,NaN,NaN,NaN,7.08796915205312e-06,100.0,1.0000070333480835,mlp,embedding
9622,96230,NaN,NaN,NaN,NaN,6.617052804358536e-06,100.0,1.0000066757202148,mlp,embedding
9623,96240,NaN,NaN,NaN,NaN,6.178841886139708e-06,100.0,1.0000061988830566,mlp,embedding
9624,96250,NaN,NaN,NaN,NaN,5.7788593039731495e-06,100.0,1.0000057220458984,mlp,embedding
9625,96260,NaN,NaN,NaN,NaN,5.413534836407052e-06,100.0,1.0000053644180298,mlp,embedding
9626,96270,NaN,NaN,NaN,NaN,5.0769713197951205e-06,100.0,1.0000051259994507,mlp,embedding
9627,96280,NaN,NaN,NaN,NaN,4.7482826630584896e-06,100.0,1.000004768371582,mlp,embedding
9628,96290,NaN,NaN,NaN,NaN,4.444143542059464e-06,100.0,1.0000044107437134,mlp,embedding
9629,96300,NaN,NaN,NaN,NaN,4.161389369983226e-06,100.0,1.0000041723251343,mlp,embedding
9630,96310,NaN,NaN,NaN,NaN,3.899081093550194e-06,100.0,1.0000039339065552,mlp,embedding
9631,96320,NaN,NaN,NaN,NaN,3.6612461826734943e-06,100.0,1.000003695487976,mlp,embedding
9632,96330,NaN,NaN,NaN,NaN,3.431545337662101e-06,100.0,1.000003457069397,mlp,embedding
9633,96340,NaN,NaN,NaN,NaN,3.214031494280789e-06,100.0,1.0000032186508179,mlp,embedding
9634,96350,NaN,NaN,NaN,NaN,3.0205103485059226e-06,100.0,1.0000029802322388,mlp,embedding
9635,96360,NaN,NaN,NaN,NaN,2.8344645670586033e-06,100.0,1.0000028610229492,mlp,embedding
9636,96370,NaN,NaN,NaN,NaN,2.654600393725559e-06,100.0,1.0000026226043701,mlp,embedding
9637,96380,NaN,NaN,NaN,NaN,2.4973871859401697e-06,100.0,1.0000025033950806,mlp,embedding
9638,96390,NaN,NaN,NaN,NaN,2.3500795123254647e-06,100.0,1.000002384185791,mlp,embedding
9639,96400,NaN,NaN,NaN,NaN,2.209055537605309e-06,100.0,1.0000022649765015,mlp,embedding
9640,96410,NaN,NaN,NaN,NaN,2.082043238260667e-06,100.0,1.0000020265579224,mlp,embedding
9641,96420,NaN,NaN,NaN,NaN,1.9456051632005256e-06,100.0,1.0000019073486328,mlp,embedding
9642,96430,NaN,NaN,NaN,NaN,1.8240904182675877e-06,100.0,1.0000017881393433,mlp,embedding
9643,96440,NaN,NaN,NaN,NaN,1.7104555354308104e-06,100.0,1.0000016689300537,mlp,embedding
9644,96450,NaN,NaN,NaN,NaN,1.6124025705721579e-06,100.0,1.0000016689300537,mlp,embedding
9645,96460,NaN,NaN,NaN,NaN,1.5210131323328824e-06,100.0,1.0000015497207642,mlp,embedding
9646,96470,NaN,NaN,NaN,NaN,1.4190836736815982e-06,100.0,1.0000014305114746,mlp,embedding
9647,96480,NaN,NaN,NaN,NaN,1.325971538790327e-06,100.0,1.000001311302185,mlp,embedding
9648,96490,NaN,NaN,NaN,NaN,1.2470476349335513e-06,100.0,1.0000011920928955,mlp,embedding
9649,96500,NaN,NaN,NaN,NaN,1.1707336398103507e-06,100.0,1.0000011920928955,mlp,embedding
9650,96510,NaN,NaN,NaN,NaN,1.0868184290302452e-06,100.0,1.000001072883606,mlp,embedding
9651,96520,NaN,NaN,NaN,NaN,1.01483681191894e-06,100.0,1.000001072883606,mlp,embedding
9652,96530,NaN,NaN,NaN,NaN,9.460983392273192e-07,100.0,1.0000009536743164,mlp,embedding
9653,96540,NaN,NaN,NaN,NaN,8.846820946928347e-07,100.0,1.0000008344650269,mlp,embedding
9654,96550,NaN,NaN,NaN,NaN,8.308415999636054e-07,100.0,1.0000008344650269,mlp,embedding
9655,96560,NaN,NaN,NaN,NaN,7.70945689509972e-07,100.0,1.0000007152557373,mlp,embedding
9656,96570,NaN,NaN,NaN,NaN,7.233126666505996e-07,100.0,1.0000007152557373,mlp,embedding
9657,96580,NaN,NaN,NaN,NaN,6.702068731101463e-07,100.0,1.0000007152557373,mlp,embedding
9658,96590,NaN,NaN,NaN,NaN,6.251328841244685e-07,100.0,1.0000005960464478,mlp,embedding
9659,96600,NaN,NaN,NaN,NaN,5.838593892804056e-07,100.0,1.0000005960464478,mlp,embedding
9660,96610,NaN,NaN,NaN,NaN,5.466650918606319e-07,100.0,1.0000005960464478,mlp,embedding
9661,96620,NaN,NaN,NaN,NaN,5.010336394661863e-07,100.0,1.0000004768371582,mlp,embedding
9662,96630,NaN,NaN,NaN,NaN,4.7214982146215334e-07,100.0,1.0000004768371582,mlp,embedding
9663,96640,NaN,NaN,NaN,NaN,4.4161905066175677e-07,100.0,1.0000004768371582,mlp,embedding
9664,96650,NaN,NaN,NaN,NaN,4.0733846162765985e-07,100.0,1.0000003576278687,mlp,embedding
9665,96660,NaN,NaN,NaN,NaN,3.7771982874801324e-07,100.0,1.0000003576278687,mlp,embedding
9666,96670,NaN,NaN,NaN,NaN,3.5342191040399484e-07,100.0,1.0000003576278687,mlp,embedding
9667,96680,NaN,NaN,NaN,NaN,3.2638766356285487e-07,100.0,1.0000003576278687,mlp,embedding
9668,96690,NaN,NaN,NaN,NaN,3.0606759082729695e-07,100.0,1.0000003576278687,mlp,embedding
9669,96700,NaN,NaN,NaN,NaN,2.901561231283267e-07,100.0,1.000000238418579,mlp,embedding
9670,96710,NaN,NaN,NaN,NaN,2.6575688139018894e-07,100.0,1.000000238418579,mlp,embedding
9671,96720,NaN,NaN,NaN,NaN,2.543553421219258e-07,100.0,1.000000238418579,mlp,embedding
9672,96730,NaN,NaN,NaN,NaN,2.414336108813586e-07,100.0,1.000000238418579,mlp,embedding
9673,96740,NaN,NaN,NaN,NaN,2.3028546536352223e-07,100.0,1.000000238418579,mlp,embedding
9674,96750,NaN,NaN,NaN,NaN,2.3096956169865734e-07,100.0,1.000000238418579,mlp,embedding
9675,96760,NaN,NaN,NaN,NaN,2.2468604754521948e-07,100.0,1.000000238418579,mlp,embedding
9676,96770,NaN,NaN,NaN,NaN,2.4926268338276714e-07,100.0,1.000000238418579,mlp,embedding
9677,96780,NaN,NaN,NaN,NaN,0.2535267174243927,95.2816162109375,1.2885618209838867,mlp,embedding
9678,96790,NaN,NaN,NaN,NaN,0.11730311065912247,95.68544006347656,1.124460220336914,mlp,embedding
9679,96800,0.04193046689033508,98.25679779052734,1.042822003364563,0.001,0.011145872995257378,99.70243835449219,1.011208176612854,mlp,embedding
9680,96810,NaN,NaN,NaN,NaN,0.0032294909469783306,99.97874450683594,1.0032347440719604,mlp,embedding
9681,96820,NaN,NaN,NaN,NaN,0.001250569592230022,100.0,1.0012513399124146,mlp,embedding
9682,96830,NaN,NaN,NaN,NaN,0.0006460922304540873,100.0,1.0006463527679443,mlp,embedding
9683,96840,NaN,NaN,NaN,NaN,0.00042963033774867654,100.0,1.0004297494888306,mlp,embedding
9684,96850,NaN,NaN,NaN,NaN,0.000321811530739069,100.0,1.000321865081787,mlp,embedding
9685,96860,NaN,NaN,NaN,NaN,0.00026409479323774576,100.0,1.0002641677856445,mlp,embedding
9686,96870,NaN,NaN,NaN,NaN,0.00022742045985069126,100.0,1.000227451324463,mlp,embedding
9687,96880,NaN,NaN,NaN,NaN,0.00020089579629711807,100.0,1.000200867652893,mlp,embedding
9688,96890,NaN,NaN,NaN,NaN,0.00018082369933836162,100.0,1.0001808404922485,mlp,embedding
9689,96900,NaN,NaN,NaN,NaN,0.00016501627396792173,100.0,1.0001649856567383,mlp,embedding
9690,96910,NaN,NaN,NaN,NaN,0.0001516301417723298,100.0,1.0001516342163086,mlp,embedding
9691,96920,NaN,NaN,NaN,NaN,0.000140741205541417,100.0,1.0001407861709595,mlp,embedding
9692,96930,NaN,NaN,NaN,NaN,0.0001307581551373005,100.0,1.0001307725906372,mlp,embedding
9693,96940,NaN,NaN,NaN,NaN,0.00012212673027534038,100.0,1.0001221895217896,mlp,embedding
9694,96950,NaN,NaN,NaN,NaN,0.00011407841520849615,100.0,1.0001140832901,mlp,embedding
9695,96960,NaN,NaN,NaN,NaN,0.00010647852468537167,100.0,1.0001064538955688,mlp,embedding
9696,96970,NaN,NaN,NaN,NaN,9.949346713256091e-05,100.0,1.000099539756775,mlp,embedding
9697,96980,NaN,NaN,NaN,NaN,9.313282498624176e-05,100.0,1.0000931024551392,mlp,embedding
9698,96990,NaN,NaN,NaN,NaN,8.734981383895501e-05,100.0,1.0000873804092407,mlp,embedding
9699,97000,NaN,NaN,NaN,NaN,8.155596879078075e-05,100.0,1.0000815391540527,mlp,embedding
9700,97010,NaN,NaN,NaN,NaN,7.618634845130146e-05,100.0,1.000076174736023,mlp,embedding
9701,97020,NaN,NaN,NaN,NaN,7.135914347600192e-05,100.0,1.000071406364441,mlp,embedding
9702,97030,NaN,NaN,NaN,NaN,6.677400233456865e-05,100.0,1.0000667572021484,mlp,embedding
9703,97040,NaN,NaN,NaN,NaN,6.235680484678596e-05,100.0,1.000062346458435,mlp,embedding
9704,97050,NaN,NaN,NaN,NaN,5.866321953362785e-05,100.0,1.000058650970459,mlp,embedding
9705,97060,NaN,NaN,NaN,NaN,5.487599628395401e-05,100.0,1.0000548362731934,mlp,embedding
9706,97070,NaN,NaN,NaN,NaN,5.156137922313064e-05,100.0,1.0000516176223755,mlp,embedding
9707,97080,NaN,NaN,NaN,NaN,4.818930756300688e-05,100.0,1.0000481605529785,mlp,embedding
9708,97090,NaN,NaN,NaN,NaN,4.472086584428325e-05,100.0,1.0000447034835815,mlp,embedding
9709,97100,NaN,NaN,NaN,NaN,4.1488223359920084e-05,100.0,1.0000414848327637,mlp,embedding
9710,97110,NaN,NaN,NaN,NaN,3.842411388177425e-05,100.0,1.0000383853912354,mlp,embedding
9711,97120,NaN,NaN,NaN,NaN,3.57649041689001e-05,100.0,1.0000357627868652,mlp,embedding
9712,97130,NaN,NaN,NaN,NaN,3.331071638967842e-05,100.0,1.0000332593917847,mlp,embedding
9713,97140,NaN,NaN,NaN,NaN,3.108298915321939e-05,100.0,1.0000311136245728,mlp,embedding
9714,97150,NaN,NaN,NaN,NaN,2.8790800570277497e-05,100.0,1.0000288486480713,mlp,embedding
9715,97160,NaN,NaN,NaN,NaN,2.684070568648167e-05,100.0,1.000026822090149,mlp,embedding
9716,97170,NaN,NaN,NaN,NaN,2.493847750884015e-05,100.0,1.0000249147415161,mlp,embedding
9717,97180,NaN,NaN,NaN,NaN,2.3138398319133557e-05,100.0,1.0000231266021729,mlp,embedding
9718,97190,NaN,NaN,NaN,NaN,2.148393468814902e-05,100.0,1.0000214576721191,mlp,embedding
9719,97200,NaN,NaN,NaN,NaN,1.9861863620462827e-05,100.0,1.000019907951355,mlp,embedding
9720,97210,NaN,NaN,NaN,NaN,1.8396593077341095e-05,100.0,1.0000183582305908,mlp,embedding
9721,97220,NaN,NaN,NaN,NaN,1.6962996596703306e-05,100.0,1.0000169277191162,mlp,embedding
9722,97230,NaN,NaN,NaN,NaN,1.5773470295243897e-05,100.0,1.0000157356262207,mlp,embedding
9723,97240,NaN,NaN,NaN,NaN,1.4544535588356666e-05,100.0,1.0000145435333252,mlp,embedding
9724,97250,NaN,NaN,NaN,NaN,1.3469523764797486e-05,100.0,1.0000134706497192,mlp,embedding
9725,97260,NaN,NaN,NaN,NaN,1.2444173080439214e-05,100.0,1.0000123977661133,mlp,embedding
9726,97270,NaN,NaN,NaN,NaN,1.1527564311109018e-05,100.0,1.0000115633010864,mlp,embedding
9727,97280,NaN,NaN,NaN,NaN,1.067637640517205e-05,100.0,1.0000107288360596,mlp,embedding
9728,97290,NaN,NaN,NaN,NaN,9.920781849359628e-06,100.0,1.0000098943710327,mlp,embedding
9729,97300,NaN,NaN,NaN,NaN,9.182366738968994e-06,100.0,1.0000091791152954,mlp,embedding
9730,97310,NaN,NaN,NaN,NaN,8.473527486785315e-06,100.0,1.000008463859558,mlp,embedding
9731,97320,NaN,NaN,NaN,NaN,7.872414244047832e-06,100.0,1.0000078678131104,mlp,embedding
9732,97330,NaN,NaN,NaN,NaN,7.306222414626973e-06,100.0,1.0000072717666626,mlp,embedding
9733,97340,NaN,NaN,NaN,NaN,6.750131888111355e-06,100.0,1.0000067949295044,mlp,embedding
9734,97350,NaN,NaN,NaN,NaN,6.256279903027462e-06,100.0,1.0000061988830566,mlp,embedding
9735,97360,NaN,NaN,NaN,NaN,5.774588316853624e-06,100.0,1.0000057220458984,mlp,embedding
9736,97370,NaN,NaN,NaN,NaN,5.391259037423879e-06,100.0,1.0000053644180298,mlp,embedding
9737,97380,NaN,NaN,NaN,NaN,5.018451247451594e-06,100.0,1.0000050067901611,mlp,embedding
9738,97390,NaN,NaN,NaN,NaN,4.660836566472426e-06,100.0,1.0000046491622925,mlp,embedding
9739,97400,NaN,NaN,NaN,NaN,4.3218406062806025e-06,100.0,1.0000042915344238,mlp,embedding
9740,97410,NaN,NaN,NaN,NaN,4.029071078548441e-06,100.0,1.0000040531158447,mlp,embedding
9741,97420,NaN,NaN,NaN,NaN,3.7501793030969566e-06,100.0,1.000003695487976,mlp,embedding
9742,97430,NaN,NaN,NaN,NaN,3.5134680729242973e-06,100.0,1.000003457069397,mlp,embedding
9743,97440,NaN,NaN,NaN,NaN,3.262793143221643e-06,100.0,1.0000032186508179,mlp,embedding
9744,97450,NaN,NaN,NaN,NaN,3.0525029615091626e-06,100.0,1.0000030994415283,mlp,embedding
9745,97460,NaN,NaN,NaN,NaN,2.8698789265035884e-06,100.0,1.0000028610229492,mlp,embedding
9746,97470,NaN,NaN,NaN,NaN,2.6722811981017003e-06,100.0,1.0000026226043701,mlp,embedding
9747,97480,NaN,NaN,NaN,NaN,2.5012602691276697e-06,100.0,1.0000025033950806,mlp,embedding
9748,97490,NaN,NaN,NaN,NaN,2.3482023152610054e-06,100.0,1.000002384185791,mlp,embedding
9749,97500,NaN,NaN,NaN,NaN,2.201808001700556e-06,100.0,1.000002145767212,mlp,embedding
9750,97510,NaN,NaN,NaN,NaN,2.0608356408047257e-06,100.0,1.0000020265579224,mlp,embedding
9751,97520,NaN,NaN,NaN,NaN,1.931111910380423e-06,100.0,1.0000019073486328,mlp,embedding
9752,97530,NaN,NaN,NaN,NaN,1.808558749871736e-06,100.0,1.0000017881393433,mlp,embedding
9753,97540,NaN,NaN,NaN,NaN,1.701359451544704e-06,100.0,1.0000016689300537,mlp,embedding
9754,97550,NaN,NaN,NaN,NaN,1.5974285361153306e-06,100.0,1.0000015497207642,mlp,embedding
9755,97560,NaN,NaN,NaN,NaN,1.4916985264790128e-06,100.0,1.0000015497207642,mlp,embedding
9756,97570,NaN,NaN,NaN,NaN,1.3995744438943802e-06,100.0,1.0000014305114746,mlp,embedding
9757,97580,NaN,NaN,NaN,NaN,1.3119602044753265e-06,100.0,1.000001311302185,mlp,embedding
9758,97590,NaN,NaN,NaN,NaN,1.2312375474721193e-06,100.0,1.0000011920928955,mlp,embedding
9759,97600,NaN,NaN,NaN,NaN,1.1582931165321497e-06,100.0,1.0000011920928955,mlp,embedding
9760,97610,NaN,NaN,NaN,NaN,1.0854247420866159e-06,100.0,1.000001072883606,mlp,embedding
9761,97620,NaN,NaN,NaN,NaN,1.0151660490009817e-06,100.0,1.000001072883606,mlp,embedding
9762,97630,NaN,NaN,NaN,NaN,9.487333727520308e-07,100.0,1.0000009536743164,mlp,embedding
9763,97640,NaN,NaN,NaN,NaN,8.888121101335855e-07,100.0,1.0000008344650269,mlp,embedding
9764,97650,NaN,NaN,NaN,NaN,8.296508440253092e-07,100.0,1.0000008344650269,mlp,embedding
9765,97660,NaN,NaN,NaN,NaN,7.744675372123311e-07,100.0,1.0000007152557373,mlp,embedding
9766,97670,NaN,NaN,NaN,NaN,7.215897994683473e-07,100.0,1.0000007152557373,mlp,embedding
9767,97680,NaN,NaN,NaN,NaN,6.777572707505897e-07,100.0,1.0000007152557373,mlp,embedding
9768,97690,NaN,NaN,NaN,NaN,6.319738190541102e-07,100.0,1.0000005960464478,mlp,embedding
9769,97700,NaN,NaN,NaN,NaN,5.909790274927218e-07,100.0,1.0000005960464478,mlp,embedding
9770,97710,NaN,NaN,NaN,NaN,5.470451469591353e-07,100.0,1.0000005960464478,mlp,embedding
9771,97720,NaN,NaN,NaN,NaN,5.138540473126341e-07,100.0,1.0000004768371582,mlp,embedding
9772,97730,NaN,NaN,NaN,NaN,4.7410074444087513e-07,100.0,1.0000004768371582,mlp,embedding
9773,97740,NaN,NaN,NaN,NaN,4.3954145212410367e-07,100.0,1.0000004768371582,mlp,embedding
9774,97750,NaN,NaN,NaN,NaN,4.1042957832360116e-07,100.0,1.0000003576278687,mlp,embedding
9775,97760,1.8986307281920745e-07,100.0,1.000000238418579,0.001,3.8146970382513246e-07,100.0,1.0000003576278687,mlp,embedding
9776,97770,NaN,NaN,NaN,NaN,3.554235377123405e-07,100.0,1.0000003576278687,mlp,embedding
9777,97780,NaN,NaN,NaN,NaN,3.3264583976233553e-07,100.0,1.0000003576278687,mlp,embedding
9778,97790,NaN,NaN,NaN,NaN,3.0596626743317756e-07,100.0,1.0000003576278687,mlp,embedding
9779,97800,NaN,NaN,NaN,NaN,2.898520961025497e-07,100.0,1.000000238418579,mlp,embedding
9780,97810,NaN,NaN,NaN,NaN,2.6841723865800304e-07,100.0,1.000000238418579,mlp,embedding
9781,97820,NaN,NaN,NaN,NaN,2.525057709590328e-07,100.0,1.000000238418579,mlp,embedding
9782,97830,NaN,NaN,NaN,NaN,2.4156031486199936e-07,100.0,1.000000238418579,mlp,embedding
9783,97840,NaN,NaN,NaN,NaN,2.2519277820265415e-07,100.0,1.000000238418579,mlp,embedding
9784,97850,NaN,NaN,NaN,NaN,2.2732106685907638e-07,100.0,1.000000238418579,mlp,embedding
9785,97860,NaN,NaN,NaN,NaN,2.1675565164969157e-07,100.0,1.000000238418579,mlp,embedding
9786,97870,NaN,NaN,NaN,NaN,2.1348721190861397e-07,100.0,1.000000238418579,mlp,embedding
9787,97880,NaN,NaN,NaN,NaN,2.1817450601702149e-07,100.0,1.000000238418579,mlp,embedding
9788,97890,NaN,NaN,NaN,NaN,2.754100592028408e-07,100.0,1.000000238418579,mlp,embedding
9789,97900,NaN,NaN,NaN,NaN,1.1456833135525812e-06,100.0,1.0000011920928955,mlp,embedding
9790,97910,NaN,NaN,NaN,NaN,0.9233185648918152,77.25823211669922,2.5176315307617188,mlp,embedding
9791,97920,NaN,NaN,NaN,NaN,0.015416501089930534,99.61742401123047,1.0155359506607056,mlp,embedding
9792,97930,NaN,NaN,NaN,NaN,0.005153567995876074,99.95748901367188,1.0051668882369995,mlp,embedding
9793,97940,NaN,NaN,NaN,NaN,0.0028076828457415104,99.95748901367188,1.0028116703033447,mlp,embedding
9794,97950,NaN,NaN,NaN,NaN,0.0012701876694336534,100.0,1.0012710094451904,mlp,embedding
9795,97960,NaN,NaN,NaN,NaN,0.0006920188898220658,100.0,1.0006922483444214,mlp,embedding
9796,97970,NaN,NaN,NaN,NaN,0.0004736084083560854,100.0,1.0004737377166748,mlp,embedding
9797,97980,NaN,NaN,NaN,NaN,0.00036921529681421816,100.0,1.0003693103790283,mlp,embedding
9798,97990,NaN,NaN,NaN,NaN,0.00030905447783879936,100.0,1.0003091096878052,mlp,embedding
9799,98000,NaN,NaN,NaN,NaN,0.0002717890019994229,100.0,1.0002717971801758,mlp,embedding
9800,98010,NaN,NaN,NaN,NaN,0.00024330370069947094,100.0,1.0002433061599731,mlp,embedding
9801,98020,NaN,NaN,NaN,NaN,0.00022089628328103572,100.0,1.0002208948135376,mlp,embedding
9802,98030,NaN,NaN,NaN,NaN,0.0002021546388277784,100.0,1.0002021789550781,mlp,embedding
9803,98040,NaN,NaN,NaN,NaN,0.00018585690122563392,100.0,1.0001858472824097,mlp,embedding
9804,98050,NaN,NaN,NaN,NaN,0.0001711866061668843,100.0,1.000171184539795,mlp,embedding
9805,98060,NaN,NaN,NaN,NaN,0.0001579562231199816,100.0,1.0001579523086548,mlp,embedding
9806,98070,NaN,NaN,NaN,NaN,0.00014603111776523292,100.0,1.0001460313796997,mlp,embedding
9807,98080,NaN,NaN,NaN,NaN,0.00013505233800970018,100.0,1.000135064125061,mlp,embedding
9808,98090,NaN,NaN,NaN,NaN,0.0001251288049388677,100.0,1.0001251697540283,mlp,embedding
9809,98100,NaN,NaN,NaN,NaN,0.0001159875828307122,100.0,1.000115990638733,mlp,embedding
9810,98110,NaN,NaN,NaN,NaN,0.00010746862972155213,100.0,1.0001075267791748,mlp,embedding
9811,98120,NaN,NaN,NaN,NaN,9.96048838715069e-05,100.0,1.0000996589660645,mlp,embedding
9812,98130,NaN,NaN,NaN,NaN,9.267088898923248e-05,100.0,1.000092625617981,mlp,embedding
9813,98140,NaN,NaN,NaN,NaN,8.603395690442994e-05,100.0,1.0000860691070557,mlp,embedding
9814,98150,NaN,NaN,NaN,NaN,7.987864955794066e-05,100.0,1.000079870223999,mlp,embedding
9815,98160,NaN,NaN,NaN,NaN,7.425602234434336e-05,100.0,1.0000742673873901,mlp,embedding
9816,98170,NaN,NaN,NaN,NaN,6.892425881233066e-05,100.0,1.0000689029693604,mlp,embedding
9817,98180,NaN,NaN,NaN,NaN,6.42324666841887e-05,100.0,1.0000642538070679,mlp,embedding
9818,98190,NaN,NaN,NaN,NaN,5.988662815070711e-05,100.0,1.0000598430633545,mlp,embedding
9819,98200,NaN,NaN,NaN,NaN,5.582128869718872e-05,100.0,1.0000557899475098,mlp,embedding
9820,98210,NaN,NaN,NaN,NaN,5.1890550821553916e-05,100.0,1.0000518560409546,mlp,embedding
9821,98220,NaN,NaN,NaN,NaN,4.839352914132178e-05,100.0,1.0000483989715576,mlp,embedding
9822,98230,NaN,NaN,NaN,NaN,4.508659549173899e-05,100.0,1.0000450611114502,mlp,embedding
9823,98240,NaN,NaN,NaN,NaN,4.199750401312485e-05,100.0,1.0000419616699219,mlp,embedding
9824,98250,NaN,NaN,NaN,NaN,3.9137230487540364e-05,100.0,1.0000391006469727,mlp,embedding
9825,98260,NaN,NaN,NaN,NaN,3.648433994385414e-05,100.0,1.0000364780426025,mlp,embedding
9826,98270,NaN,NaN,NaN,NaN,3.416137769818306e-05,100.0,1.000034213066101,mlp,embedding
9827,98280,NaN,NaN,NaN,NaN,3.190354254911654e-05,100.0,1.0000319480895996,mlp,embedding
9828,98290,NaN,NaN,NaN,NaN,2.9755306968581863e-05,100.0,1.0000298023223877,mlp,embedding
9829,98300,NaN,NaN,NaN,NaN,2.7788088118541054e-05,100.0,1.0000277757644653,mlp,embedding
9830,98310,NaN,NaN,NaN,NaN,2.5942339561879635e-05,100.0,1.000025987625122,mlp,embedding
9831,98320,NaN,NaN,NaN,NaN,2.4230153940152377e-05,100.0,1.0000241994857788,mlp,embedding
9832,98330,NaN,NaN,NaN,NaN,2.2622036340180784e-05,100.0,1.0000226497650146,mlp,embedding
9833,98340,NaN,NaN,NaN,NaN,2.106826832459774e-05,100.0,1.0000211000442505,mlp,embedding
9834,98350,NaN,NaN,NaN,NaN,1.96607579709962e-05,100.0,1.0000196695327759,mlp,embedding
9835,98360,NaN,NaN,NaN,NaN,1.8317032299819402e-05,100.0,1.0000183582305908,mlp,embedding
9836,98370,NaN,NaN,NaN,NaN,1.7089130778913386e-05,100.0,1.0000170469284058,mlp,embedding
9837,98380,NaN,NaN,NaN,NaN,1.596990114194341e-05,100.0,1.0000159740447998,mlp,embedding
9838,98390,NaN,NaN,NaN,NaN,1.4918076885805931e-05,100.0,1.0000149011611938,mlp,embedding
9839,98400,NaN,NaN,NaN,NaN,1.3947331353847403e-05,100.0,1.0000139474868774,mlp,embedding
9840,98410,NaN,NaN,NaN,NaN,1.3021898666920606e-05,100.0,1.000012993812561,mlp,embedding
9841,98420,NaN,NaN,NaN,NaN,1.2183011676825117e-05,100.0,1.0000121593475342,mlp,embedding
9842,98430,NaN,NaN,NaN,NaN,1.139825599238975e-05,100.0,1.0000114440917969,mlp,embedding
9843,98440,NaN,NaN,NaN,NaN,1.0657555321813561e-05,100.0,1.00001060962677,mlp,embedding
9844,98450,NaN,NaN,NaN,NaN,9.964466698875185e-06,100.0,1.0000100135803223,mlp,embedding
9845,98460,NaN,NaN,NaN,NaN,9.3207745521795e-06,100.0,1.000009298324585,mlp,embedding
9846,98470,NaN,NaN,NaN,NaN,8.725701263756491e-06,100.0,1.0000087022781372,mlp,embedding
9847,98480,NaN,NaN,NaN,NaN,8.166348379745614e-06,100.0,1.000008225440979,mlp,embedding
9848,98490,NaN,NaN,NaN,NaN,7.64146989240544e-06,100.0,1.0000076293945312,mlp,embedding
9849,98500,NaN,NaN,NaN,NaN,7.143248694774229e-06,100.0,1.000007152557373,mlp,embedding
9850,98510,NaN,NaN,NaN,NaN,6.685380412818631e-06,100.0,1.0000066757202148,mlp,embedding
9851,98520,NaN,NaN,NaN,NaN,6.263335762923816e-06,100.0,1.0000063180923462,mlp,embedding
9852,98530,NaN,NaN,NaN,NaN,5.864547802048037e-06,100.0,1.000005841255188,mlp,embedding
9853,98540,NaN,NaN,NaN,NaN,5.4955789892119355e-06,100.0,1.0000054836273193,mlp,embedding
9854,98550,NaN,NaN,NaN,NaN,5.151844561623875e-06,100.0,1.0000051259994507,mlp,embedding
9855,98560,NaN,NaN,NaN,NaN,4.810696736967657e-06,100.0,1.000004768371582,mlp,embedding
9856,98570,NaN,NaN,NaN,NaN,4.50091374659678e-06,100.0,1.000004529953003,mlp,embedding
9857,98580,NaN,NaN,NaN,NaN,4.222568350087386e-06,100.0,1.0000041723251343,mlp,embedding
9858,98590,NaN,NaN,NaN,NaN,3.961628863180522e-06,100.0,1.0000039339065552,mlp,embedding
9859,98600,NaN,NaN,NaN,NaN,3.7189320210018195e-06,100.0,1.000003695487976,mlp,embedding
9860,98610,NaN,NaN,NaN,NaN,3.4916636195703177e-06,100.0,1.000003457069397,mlp,embedding
9861,98620,NaN,NaN,NaN,NaN,3.2738469144533155e-06,100.0,1.0000032186508179,mlp,embedding
9862,98630,NaN,NaN,NaN,NaN,3.0682419946970185e-06,100.0,1.0000030994415283,mlp,embedding
9863,98640,NaN,NaN,NaN,NaN,2.8699842005153187e-06,100.0,1.0000028610229492,mlp,embedding
9864,98650,NaN,NaN,NaN,NaN,2.6964794415107463e-06,100.0,1.0000027418136597,mlp,embedding
9865,98660,NaN,NaN,NaN,NaN,2.5382014428032562e-06,100.0,1.0000025033950806,mlp,embedding
9866,98670,NaN,NaN,NaN,NaN,2.3853715447330615e-06,100.0,1.000002384185791,mlp,embedding
9867,98680,NaN,NaN,NaN,NaN,2.2443489342549583e-06,100.0,1.0000022649765015,mlp,embedding
9868,98690,NaN,NaN,NaN,NaN,2.106010697389138e-06,100.0,1.000002145767212,mlp,embedding
9869,98700,NaN,NaN,NaN,NaN,1.982215962925693e-06,100.0,1.0000020265579224,mlp,embedding
9870,98710,NaN,NaN,NaN,NaN,1.859865278674988e-06,100.0,1.0000019073486328,mlp,embedding
9871,98720,NaN,NaN,NaN,NaN,1.7466106783103896e-06,100.0,1.0000017881393433,mlp,embedding
9872,98730,9.353517498311703e-07,100.0,1.0000009536743164,0.001,1.635813760003657e-06,100.0,1.0000016689300537,mlp,embedding
9873,98740,NaN,NaN,NaN,NaN,1.5367726291515282e-06,100.0,1.0000015497207642,mlp,embedding
9874,98750,NaN,NaN,NaN,NaN,1.4449777836489375e-06,100.0,1.0000014305114746,mlp,embedding
9875,98760,NaN,NaN,NaN,NaN,1.3530817568607745e-06,100.0,1.000001311302185,mlp,embedding
9876,98770,NaN,NaN,NaN,NaN,1.2620471352420282e-06,100.0,1.000001311302185,mlp,embedding
9877,98780,NaN,NaN,NaN,NaN,1.1819071232821443e-06,100.0,1.0000011920928955,mlp,embedding
9878,98790,NaN,NaN,NaN,NaN,1.1088867495345767e-06,100.0,1.000001072883606,mlp,embedding
9879,98800,NaN,NaN,NaN,NaN,1.0402749239801778e-06,100.0,1.000001072883606,mlp,embedding
9880,98810,NaN,NaN,NaN,NaN,9.738674862092012e-07,100.0,1.0000009536743164,mlp,embedding
9881,98820,NaN,NaN,NaN,NaN,9.07105345504533e-07,100.0,1.0000009536743164,mlp,embedding
9882,98830,NaN,NaN,NaN,NaN,8.487040759064257e-07,100.0,1.0000008344650269,mlp,embedding
9883,98840,NaN,NaN,NaN,NaN,7.868318903092586e-07,100.0,1.0000008344650269,mlp,embedding
9884,98850,NaN,NaN,NaN,NaN,7.382614057860337e-07,100.0,1.0000007152557373,mlp,embedding
9885,98860,NaN,NaN,NaN,NaN,6.846742053312482e-07,100.0,1.0000007152557373,mlp,embedding
9886,98870,NaN,NaN,NaN,NaN,6.348875558614964e-07,100.0,1.0000005960464478,mlp,embedding
9887,98880,NaN,NaN,NaN,NaN,5.905229727432015e-07,100.0,1.0000005960464478,mlp,embedding
9888,98890,NaN,NaN,NaN,NaN,5.490467742674809e-07,100.0,1.0000005960464478,mlp,embedding
9889,98900,NaN,NaN,NaN,NaN,5.094201469546533e-07,100.0,1.0000004768371582,mlp,embedding
9890,98910,NaN,NaN,NaN,NaN,4.71187007633489e-07,100.0,1.0000004768371582,mlp,embedding
9891,98920,NaN,NaN,NaN,NaN,4.3827461126966227e-07,100.0,1.0000004768371582,mlp,embedding
9892,98930,NaN,NaN,NaN,NaN,4.060716491949279e-07,100.0,1.0000003576278687,mlp,embedding
9893,98940,NaN,NaN,NaN,NaN,3.764023688290763e-07,100.0,1.0000003576278687,mlp,embedding
9894,98950,NaN,NaN,NaN,NaN,3.5240847751083493e-07,100.0,1.0000003576278687,mlp,embedding
9895,98960,NaN,NaN,NaN,NaN,3.2436071251140675e-07,100.0,1.0000003576278687,mlp,embedding
9896,98970,NaN,NaN,NaN,NaN,3.041926959213015e-07,100.0,1.0000003576278687,mlp,embedding
9897,98980,NaN,NaN,NaN,NaN,2.8220040348969633e-07,100.0,1.000000238418579,mlp,embedding
9898,98990,NaN,NaN,NaN,NaN,2.6443936462783313e-07,100.0,1.000000238418579,mlp,embedding
9899,99000,NaN,NaN,NaN,NaN,2.4819851773827395e-07,100.0,1.000000238418579,mlp,embedding
9900,99010,NaN,NaN,NaN,NaN,2.340859737159917e-07,100.0,1.000000238418579,mlp,embedding
9901,99020,NaN,NaN,NaN,NaN,2.2785313547046826e-07,100.0,1.000000238418579,mlp,embedding
9902,99030,NaN,NaN,NaN,NaN,2.175410998006555e-07,100.0,1.000000238418579,mlp,embedding
9903,99040,NaN,NaN,NaN,NaN,2.156408385189934e-07,100.0,1.000000238418579,mlp,embedding
9904,99050,NaN,NaN,NaN,NaN,2.1384192905316013e-07,100.0,1.000000238418579,mlp,embedding
9905,99060,NaN,NaN,NaN,NaN,2.228364621714718e-07,100.0,1.000000238418579,mlp,embedding
9906,99070,NaN,NaN,NaN,NaN,2.3699969631252316e-07,100.0,1.000000238418579,mlp,embedding
9907,99080,NaN,NaN,NaN,NaN,2.4277647980852635e-07,100.0,1.000000238418579,mlp,embedding
9908,99090,NaN,NaN,NaN,NaN,3.072075287491316e-07,100.0,1.0000003576278687,mlp,embedding
9909,99100,NaN,NaN,NaN,NaN,0.7629538774490356,82.6142349243164,2.144601821899414,mlp,embedding
9910,99110,NaN,NaN,NaN,NaN,0.13243713974952698,94.92029571533203,1.1416072845458984,mlp,embedding
9911,99120,NaN,NaN,NaN,NaN,0.03818386793136597,98.61849212646484,1.0389221906661987,mlp,embedding
9912,99130,NaN,NaN,NaN,NaN,0.005469951778650284,99.91497802734375,1.005484938621521,mlp,embedding
9913,99140,NaN,NaN,NaN,NaN,0.002871796255931258,99.97874450683594,1.0028759241104126,mlp,embedding
9914,99150,NaN,NaN,NaN,NaN,0.0014683061745017767,100.0,1.001469373703003,mlp,embedding
9915,99160,NaN,NaN,NaN,NaN,0.0009491022792644799,100.0,1.000949501991272,mlp,embedding
9916,99170,NaN,NaN,NaN,NaN,0.000714845780748874,100.0,1.0007151365280151,mlp,embedding
9917,99180,NaN,NaN,NaN,NaN,0.0005853918264620006,100.0,1.0005855560302734,mlp,embedding
9918,99190,NaN,NaN,NaN,NaN,0.000497524393722415,100.0,1.0004976987838745,mlp,embedding
9919,99200,NaN,NaN,NaN,NaN,0.00043453340185806155,100.0,1.0004346370697021,mlp,embedding
9920,99210,NaN,NaN,NaN,NaN,0.0003862269513774663,100.0,1.000386357307434,mlp,embedding
9921,99220,NaN,NaN,NaN,NaN,0.00034646043786779046,100.0,1.0003465414047241,mlp,embedding
9922,99230,NaN,NaN,NaN,NaN,0.0003146797535009682,100.0,1.000314712524414,mlp,embedding
9923,99240,NaN,NaN,NaN,NaN,0.00028696548542939126,100.0,1.0002870559692383,mlp,embedding
9924,99250,NaN,NaN,NaN,NaN,0.0002626400673761964,100.0,1.0002626180648804,mlp,embedding
9925,99260,NaN,NaN,NaN,NaN,0.0002412670582998544,100.0,1.0002412796020508,mlp,embedding
9926,99270,NaN,NaN,NaN,NaN,0.00022229533351492137,100.0,1.0002223253250122,mlp,embedding
9927,99280,NaN,NaN,NaN,NaN,0.00020410695287864655,100.0,1.000204086303711,mlp,embedding
9928,99290,NaN,NaN,NaN,NaN,0.00018820444529410452,100.0,1.0001882314682007,mlp,embedding
9929,99300,NaN,NaN,NaN,NaN,0.00017353626026306301,100.0,1.000173568725586,mlp,embedding
9930,99310,NaN,NaN,NaN,NaN,0.00015971077664289623,100.0,1.000159740447998,mlp,embedding
9931,99320,NaN,NaN,NaN,NaN,0.00014807037950959057,100.0,1.000148057937622,mlp,embedding
9932,99330,NaN,NaN,NaN,NaN,0.00013715178647544235,100.0,1.000137209892273,mlp,embedding
9933,99340,NaN,NaN,NaN,NaN,0.00012707312998827547,100.0,1.0001270771026611,mlp,embedding
9934,99350,NaN,NaN,NaN,NaN,0.00011747591634048149,100.0,1.000117540359497,mlp,embedding
9935,99360,NaN,NaN,NaN,NaN,0.00010910986748058349,100.0,1.000109076499939,mlp,embedding
9936,99370,NaN,NaN,NaN,NaN,0.00010120111255673692,100.0,1.0001012086868286,mlp,embedding
9937,99380,NaN,NaN,NaN,NaN,9.394933294970542e-05,100.0,1.000093936920166,mlp,embedding
9938,99390,NaN,NaN,NaN,NaN,8.718908065930009e-05,100.0,1.0000871419906616,mlp,embedding
9939,99400,NaN,NaN,NaN,NaN,8.081784471869469e-05,100.0,1.0000808238983154,mlp,embedding
9940,99410,NaN,NaN,NaN,NaN,7.494745659641922e-05,100.0,1.0000749826431274,mlp,embedding
9941,99420,NaN,NaN,NaN,NaN,6.961470353417099e-05,100.0,1.0000696182250977,mlp,embedding
9942,99430,NaN,NaN,NaN,NaN,6.478025898104534e-05,100.0,1.000064730644226,mlp,embedding
9943,99440,NaN,NaN,NaN,NaN,6.020359069225378e-05,100.0,1.0000602006912231,mlp,embedding
9944,99450,NaN,NaN,NaN,NaN,5.5905395129229873e-05,100.0,1.0000559091567993,mlp,embedding
9945,99460,NaN,NaN,NaN,NaN,5.1849696319550276e-05,100.0,1.0000518560409546,mlp,embedding
9946,99470,NaN,NaN,NaN,NaN,4.817157605430111e-05,100.0,1.0000481605529785,mlp,embedding
9947,99480,NaN,NaN,NaN,NaN,4.473864464671351e-05,100.0,1.0000447034835815,mlp,embedding
9948,99490,NaN,NaN,NaN,NaN,4.1674418753245845e-05,100.0,1.0000417232513428,mlp,embedding
9949,99500,NaN,NaN,NaN,NaN,3.8832971767988056e-05,100.0,1.0000388622283936,mlp,embedding
9950,99510,NaN,NaN,NaN,NaN,3.615911919041537e-05,100.0,1.0000361204147339,mlp,embedding
9951,99520,NaN,NaN,NaN,NaN,3.3614578569540754e-05,100.0,1.0000336170196533,mlp,embedding
9952,99530,NaN,NaN,NaN,NaN,3.118823951808736e-05,100.0,1.0000312328338623,mlp,embedding
9953,99540,NaN,NaN,NaN,NaN,2.899463834182825e-05,100.0,1.0000289678573608,mlp,embedding
9954,99550,NaN,NaN,NaN,NaN,2.6967269150190987e-05,100.0,1.0000269412994385,mlp,embedding
9955,99560,NaN,NaN,NaN,NaN,2.510432204871904e-05,100.0,1.0000251531600952,mlp,embedding
9956,99570,NaN,NaN,NaN,NaN,2.3383990992442705e-05,100.0,1.000023365020752,mlp,embedding
9957,99580,NaN,NaN,NaN,NaN,2.1843810827704147e-05,100.0,1.0000218152999878,mlp,embedding
9958,99590,NaN,NaN,NaN,NaN,2.0416224288055673e-05,100.0,1.0000203847885132,mlp,embedding
9959,99600,NaN,NaN,NaN,NaN,1.9027382222702727e-05,100.0,1.0000190734863281,mlp,embedding
9960,99610,NaN,NaN,NaN,NaN,1.7735466826707125e-05,100.0,1.000017762184143,mlp,embedding
9961,99620,NaN,NaN,NaN,NaN,1.6547744962736033e-05,100.0,1.0000165700912476,mlp,embedding
9962,99630,NaN,NaN,NaN,NaN,1.5483656170545146e-05,100.0,1.0000154972076416,mlp,embedding
9963,99640,NaN,NaN,NaN,NaN,1.4478028788289521e-05,100.0,1.0000144243240356,mlp,embedding
9964,99650,NaN,NaN,NaN,NaN,1.3542369742935989e-05,100.0,1.0000135898590088,mlp,embedding
9965,99660,NaN,NaN,NaN,NaN,1.2656840226554777e-05,100.0,1.0000126361846924,mlp,embedding
9966,99670,NaN,NaN,NaN,NaN,1.1822184205811936e-05,100.0,1.0000118017196655,mlp,embedding
9967,99680,NaN,NaN,NaN,NaN,1.1067962986999191e-05,100.0,1.0000110864639282,mlp,embedding
9968,99690,NaN,NaN,NaN,NaN,1.0360977285017725e-05,100.0,1.000010371208191,mlp,embedding
9969,99700,NaN,NaN,NaN,NaN,9.716211025079247e-06,100.0,1.0000097751617432,mlp,embedding
9970,99710,5.455999598780181e-06,100.0,1.0000054836273193,0.001,9.101700925384648e-06,100.0,1.0000090599060059,mlp,embedding
9971,99720,NaN,NaN,NaN,NaN,8.533391337550711e-06,100.0,1.0000085830688477,mlp,embedding
9972,99730,NaN,NaN,NaN,NaN,8.015655112103559e-06,100.0,1.0000079870224,mlp,embedding
9973,99740,NaN,NaN,NaN,NaN,7.529357844759943e-06,100.0,1.0000075101852417,mlp,embedding
9974,99750,NaN,NaN,NaN,NaN,7.068242211971665e-06,100.0,1.0000070333480835,mlp,embedding
9975,99760,NaN,NaN,NaN,NaN,6.653594027739018e-06,100.0,1.0000066757202148,mlp,embedding
9976,99770,NaN,NaN,NaN,NaN,6.25768961981521e-06,100.0,1.0000061988830566,mlp,embedding
9977,99780,NaN,NaN,NaN,NaN,5.877875537407817e-06,100.0,1.000005841255188,mlp,embedding
9978,99790,NaN,NaN,NaN,NaN,5.523192612599814e-06,100.0,1.0000054836273193,mlp,embedding
9979,99800,NaN,NaN,NaN,NaN,5.193314791540615e-06,100.0,1.0000052452087402,mlp,embedding
9980,99810,NaN,NaN,NaN,NaN,4.88390742248157e-06,100.0,1.0000048875808716,mlp,embedding
9981,99820,NaN,NaN,NaN,NaN,4.593654921336565e-06,100.0,1.0000046491622925,mlp,embedding
9982,99830,NaN,NaN,NaN,NaN,4.323213488532929e-06,100.0,1.0000042915344238,mlp,embedding
9983,99840,NaN,NaN,NaN,NaN,4.071293915330898e-06,100.0,1.0000040531158447,mlp,embedding
9984,99850,NaN,NaN,NaN,NaN,3.834853032458341e-06,100.0,1.0000038146972656,mlp,embedding
9985,99860,NaN,NaN,NaN,NaN,3.6077112781640608e-06,100.0,1.0000035762786865,mlp,embedding
9986,99870,NaN,NaN,NaN,NaN,3.3978740248130634e-06,100.0,1.000003457069397,mlp,embedding
9987,99880,NaN,NaN,NaN,NaN,3.198856120434357e-06,100.0,1.0000032186508179,mlp,embedding
9988,99890,NaN,NaN,NaN,NaN,3.021524662472075e-06,100.0,1.0000029802322388,mlp,embedding
9989,99900,NaN,NaN,NaN,NaN,2.8539229788293596e-06,100.0,1.0000028610229492,mlp,embedding
9990,99910,NaN,NaN,NaN,NaN,2.68801954916853e-06,100.0,1.0000027418136597,mlp,embedding
9991,99920,NaN,NaN,NaN,NaN,2.530121719246381e-06,100.0,1.0000025033950806,mlp,embedding
9992,99930,NaN,NaN,NaN,NaN,2.388844677625457e-06,100.0,1.000002384185791,mlp,embedding
9993,99940,NaN,NaN,NaN,NaN,2.2592730601900257e-06,100.0,1.0000022649765015,mlp,embedding
9994,99950,NaN,NaN,NaN,NaN,2.1282824036461534e-06,100.0,1.000002145767212,mlp,embedding
9995,99960,NaN,NaN,NaN,NaN,2.0089721601834754e-06,100.0,1.0000020265579224,mlp,embedding
9996,99970,NaN,NaN,NaN,NaN,1.894222464216e-06,100.0,1.0000019073486328,mlp,embedding
9997,99980,NaN,NaN,NaN,NaN,1.7841347244029748e-06,100.0,1.0000017881393433,mlp,embedding
9998,99990,NaN,NaN,NaN,NaN,1.6801782294351142e-06,100.0,1.0000016689300537,mlp,embedding
9999,100000,NaN,NaN,NaN,NaN,1.5840256537558162e-06,100.0,1.0000015497207642,mlp,embedding
10000,100010,NaN,NaN,NaN,NaN,1.4935736771803931e-06,100.0,1.0000015497207642,mlp,embedding
10001,100020,NaN,NaN,NaN,NaN,1.3996506140756537e-06,100.0,1.0000014305114746,mlp,embedding
10002,100030,NaN,NaN,NaN,NaN,1.3184212548367213e-06,100.0,1.000001311302185,mlp,embedding
10003,100040,NaN,NaN,NaN,NaN,1.2411696843628306e-06,100.0,1.0000011920928955,mlp,embedding
10004,100050,NaN,NaN,NaN,NaN,1.1641967603281955e-06,100.0,1.0000011920928955,mlp,embedding
10005,100060,NaN,NaN,NaN,NaN,1.0937607157757157e-06,100.0,1.000001072883606,mlp,embedding
10006,100070,NaN,NaN,NaN,NaN,1.0234259661956457e-06,100.0,1.000001072883606,mlp,embedding
10007,100080,NaN,NaN,NaN,NaN,9.589695082468097e-07,100.0,1.0000009536743164,mlp,embedding
10008,100090,NaN,NaN,NaN,NaN,8.979840231404523e-07,100.0,1.0000009536743164,mlp,embedding
10009,100100,NaN,NaN,NaN,NaN,8.433326570411737e-07,100.0,1.0000008344650269,mlp,embedding
10010,100110,NaN,NaN,NaN,NaN,7.850329097891517e-07,100.0,1.0000008344650269,mlp,embedding
10011,100120,NaN,NaN,NaN,NaN,7.337260967688053e-07,100.0,1.0000007152557373,mlp,embedding
10012,100130,NaN,NaN,NaN,NaN,6.825965783718857e-07,100.0,1.0000007152557373,mlp,embedding
10013,100140,NaN,NaN,NaN,NaN,6.383586992342316e-07,100.0,1.0000005960464478,mlp,embedding
10014,100150,NaN,NaN,NaN,NaN,5.958183351140178e-07,100.0,1.0000005960464478,mlp,embedding
10015,100160,NaN,NaN,NaN,NaN,5.510484015758266e-07,100.0,1.0000005960464478,mlp,embedding
10016,100170,NaN,NaN,NaN,NaN,5.132206410962681e-07,100.0,1.0000004768371582,mlp,embedding
10017,100180,NaN,NaN,NaN,NaN,4.758236400448368e-07,100.0,1.0000004768371582,mlp,embedding
10018,100190,NaN,NaN,NaN,NaN,4.4136569954389415e-07,100.0,1.0000004768371582,mlp,embedding
10019,100200,NaN,NaN,NaN,NaN,4.0989749550135457e-07,100.0,1.0000003576278687,mlp,embedding
10020,100210,NaN,NaN,NaN,NaN,3.817737308509095e-07,100.0,1.0000003576278687,mlp,embedding
10021,100220,NaN,NaN,NaN,NaN,3.5195242276131466e-07,100.0,1.0000003576278687,mlp,embedding
10022,100230,NaN,NaN,NaN,NaN,3.253235263400711e-07,100.0,1.0000003576278687,mlp,embedding
10023,100240,NaN,NaN,NaN,NaN,3.0381264082279813e-07,100.0,1.0000003576278687,mlp,embedding
10024,100250,NaN,NaN,NaN,NaN,2.8301118959461746e-07,100.0,1.000000238418579,mlp,embedding
10025,100260,NaN,NaN,NaN,NaN,2.6991210688720457e-07,100.0,1.000000238418579,mlp,embedding
10026,100270,NaN,NaN,NaN,NaN,2.4885727611945185e-07,100.0,1.000000238418579,mlp,embedding
10027,100280,NaN,NaN,NaN,NaN,2.3373125657144556e-07,100.0,1.000000238418579,mlp,embedding
10028,100290,NaN,NaN,NaN,NaN,2.2326719317788957e-07,100.0,1.000000238418579,mlp,embedding
10029,100300,NaN,NaN,NaN,NaN,2.1541281114423327e-07,100.0,1.000000238418579,mlp,embedding
10030,100310,NaN,NaN,NaN,NaN,2.0920531085266703e-07,100.0,1.000000238418579,mlp,embedding
10031,100320,NaN,NaN,NaN,NaN,2.0885059370812087e-07,100.0,1.000000238418579,mlp,embedding
10032,100330,NaN,NaN,NaN,NaN,2.1868125088531087e-07,100.0,1.000000238418579,mlp,embedding
10033,100340,NaN,NaN,NaN,NaN,2.594225634311442e-07,100.0,1.000000238418579,mlp,embedding
10034,100350,NaN,NaN,NaN,NaN,3.0239351644922863e-07,100.0,1.0000003576278687,mlp,embedding
10035,100360,NaN,NaN,NaN,NaN,3.6642143726348877,64.80339813232422,39.02546310424805,mlp,embedding
10036,100370,NaN,NaN,NaN,NaN,0.18028587102890015,96.47183227539062,1.1975597143173218,mlp,embedding
10037,100380,NaN,NaN,NaN,NaN,0.03780961409211159,98.87353515625,1.0385334491729736,mlp,embedding
10038,100390,NaN,NaN,NaN,NaN,0.013061526231467724,99.70243835449219,1.013147234916687,mlp,embedding
10039,100400,NaN,NaN,NaN,NaN,0.005468345247209072,99.97874450683594,1.0054832696914673,mlp,embedding
10040,100410,NaN,NaN,NaN,NaN,0.003258676268160343,100.0,1.0032639503479004,mlp,embedding
10041,100420,NaN,NaN,NaN,NaN,0.0022742212750017643,100.0,1.0022767782211304,mlp,embedding
10042,100430,NaN,NaN,NaN,NaN,0.0017625121399760246,100.0,1.0017640590667725,mlp,embedding
10043,100440,NaN,NaN,NaN,NaN,0.0014263191260397434,100.0,1.0014272928237915,mlp,embedding
10044,100450,NaN,NaN,NaN,NaN,0.001206893241032958,100.0,1.0012075901031494,mlp,embedding
10045,100460,NaN,NaN,NaN,NaN,0.0010496173053979874,100.0,1.0010501146316528,mlp,embedding
10046,100470,NaN,NaN,NaN,NaN,0.0009289692970924079,100.0,1.000929355621338,mlp,embedding
10047,100480,NaN,NaN,NaN,NaN,0.0008278346504084766,100.0,1.0008281469345093,mlp,embedding
10048,100490,NaN,NaN,NaN,NaN,0.00074364262400195,100.0,1.0007438659667969,mlp,embedding
10049,100500,NaN,NaN,NaN,NaN,0.0006778498645871878,100.0,1.0006780624389648,mlp,embedding
10050,100510,NaN,NaN,NaN,NaN,0.0006129913381300867,100.0,1.0006132125854492,mlp,embedding
10051,100520,NaN,NaN,NaN,NaN,0.0005526253371499479,100.0,1.000552773475647,mlp,embedding
10052,100530,NaN,NaN,NaN,NaN,0.0005022051627747715,100.0,1.000502347946167,mlp,embedding
10053,100540,NaN,NaN,NaN,NaN,0.00045623519690707326,100.0,1.0004563331604004,mlp,embedding
10054,100550,NaN,NaN,NaN,NaN,0.00041649621562100947,100.0,1.00041663646698,mlp,embedding
10055,100560,NaN,NaN,NaN,NaN,0.00038231525104492903,100.0,1.000382423400879,mlp,embedding
10056,100570,NaN,NaN,NaN,NaN,0.00035171586205251515,100.0,1.0003517866134644,mlp,embedding
10057,100580,NaN,NaN,NaN,NaN,0.00032425238168798387,100.0,1.0003242492675781,mlp,embedding
10058,100590,NaN,NaN,NaN,NaN,0.0002985687751788646,100.0,1.0002986192703247,mlp,embedding
10059,100600,NaN,NaN,NaN,NaN,0.0002747724938672036,100.0,1.0002747774124146,mlp,embedding
10060,100610,NaN,NaN,NaN,NaN,0.0002528987533878535,100.0,1.0002529621124268,mlp,embedding
10061,100620,NaN,NaN,NaN,NaN,0.00023321043408941478,100.0,1.0002332925796509,mlp,embedding
10062,100630,NaN,NaN,NaN,NaN,0.0002131803339580074,100.0,1.0002131462097168,mlp,embedding
10063,100640,NaN,NaN,NaN,NaN,0.00019503159273881465,100.0,1.000195026397705,mlp,embedding
10064,100650,NaN,NaN,NaN,NaN,0.00017880380619317293,100.0,1.0001788139343262,mlp,embedding
10065,100660,NaN,NaN,NaN,NaN,0.0001644036383368075,100.0,1.0001643896102905,mlp,embedding
10066,100670,NaN,NaN,NaN,NaN,0.0001512594462838024,100.0,1.00015127658844,mlp,embedding
10067,100680,NaN,NaN,NaN,NaN,0.00013899638724979013,100.0,1.0001389980316162,mlp,embedding
10068,100690,NaN,NaN,NaN,NaN,0.0001283185265492648,100.0,1.0001282691955566,mlp,embedding
10069,100700,6.142164784250781e-05,100.0,1.0000613927841187,0.001,0.00011782822548411787,100.0,1.0001177787780762,mlp,embedding
10070,100710,NaN,NaN,NaN,NaN,0.00010856675362447277,100.0,1.0001085996627808,mlp,embedding
10071,100720,NaN,NaN,NaN,NaN,0.00010005087096942589,100.0,1.000100016593933,mlp,embedding
10072,100730,NaN,NaN,NaN,NaN,9.185131784761325e-05,100.0,1.0000919103622437,mlp,embedding
10073,100740,NaN,NaN,NaN,NaN,8.448820153716952e-05,100.0,1.0000845193862915,mlp,embedding
10074,100750,NaN,NaN,NaN,NaN,7.777775317663327e-05,100.0,1.000077724456787,mlp,embedding
10075,100760,NaN,NaN,NaN,NaN,7.15469432179816e-05,100.0,1.0000715255737305,mlp,embedding
10076,100770,NaN,NaN,NaN,NaN,6.592213321710005e-05,100.0,1.0000659227371216,mlp,embedding
10077,100780,NaN,NaN,NaN,NaN,6.069702430977486e-05,100.0,1.0000606775283813,mlp,embedding
10078,100790,NaN,NaN,NaN,NaN,5.5729393352521583e-05,100.0,1.0000557899475098,mlp,embedding
10079,100800,NaN,NaN,NaN,NaN,5.138389678904787e-05,100.0,1.0000513792037964,mlp,embedding
10080,100810,NaN,NaN,NaN,NaN,4.7439432819373906e-05,100.0,1.0000474452972412,mlp,embedding
10081,100820,NaN,NaN,NaN,NaN,4.388408342492767e-05,100.0,1.0000438690185547,mlp,embedding
10082,100830,NaN,NaN,NaN,NaN,4.052659642184153e-05,100.0,1.0000405311584473,mlp,embedding
10083,100840,NaN,NaN,NaN,NaN,3.7474608689080924e-05,100.0,1.000037431716919,mlp,embedding
10084,100850,NaN,NaN,NaN,NaN,3.458530773059465e-05,100.0,1.0000345706939697,mlp,embedding
10085,100860,NaN,NaN,NaN,NaN,3.198236663592979e-05,100.0,1.0000319480895996,mlp,embedding
10086,100870,NaN,NaN,NaN,NaN,2.9496324714273214e-05,100.0,1.000029444694519,mlp,embedding
10087,100880,NaN,NaN,NaN,NaN,2.733270412136335e-05,100.0,1.0000272989273071,mlp,embedding
10088,100890,NaN,NaN,NaN,NaN,2.5303501388407312e-05,100.0,1.0000252723693848,mlp,embedding
10089,100900,NaN,NaN,NaN,NaN,2.3473785404348746e-05,100.0,1.0000234842300415,mlp,embedding
10090,100910,NaN,NaN,NaN,NaN,2.174803194066044e-05,100.0,1.0000216960906982,mlp,embedding
10091,100920,NaN,NaN,NaN,NaN,2.0189807401038706e-05,100.0,1.000020146369934,mlp,embedding
10092,100930,NaN,NaN,NaN,NaN,1.8786946384352632e-05,100.0,1.000018835067749,mlp,embedding
10093,100940,NaN,NaN,NaN,NaN,1.7457010471844114e-05,100.0,1.0000174045562744,mlp,embedding
10094,100950,NaN,NaN,NaN,NaN,1.6264661098830402e-05,100.0,1.000016212463379,mlp,embedding
10095,100960,NaN,NaN,NaN,NaN,1.512977723905351e-05,100.0,1.000015139579773,mlp,embedding
10096,100970,NaN,NaN,NaN,NaN,1.4044461750017945e-05,100.0,1.000014066696167,mlp,embedding
10097,100980,NaN,NaN,NaN,NaN,1.3086750186630525e-05,100.0,1.0000131130218506,mlp,embedding
10098,100990,NaN,NaN,NaN,NaN,1.2180799785710406e-05,100.0,1.0000121593475342,mlp,embedding
10099,101000,NaN,NaN,NaN,NaN,1.1388494385755621e-05,100.0,1.0000114440917969,mlp,embedding
10100,101010,NaN,NaN,NaN,NaN,1.0608227057673503e-05,100.0,1.00001060962677,mlp,embedding
10101,101020,NaN,NaN,NaN,NaN,9.909981599776074e-06,100.0,1.0000098943710327,mlp,embedding
10102,101030,NaN,NaN,NaN,NaN,9.240082363248803e-06,100.0,1.000009298324585,mlp,embedding
10103,101040,NaN,NaN,NaN,NaN,8.616869308752939e-06,100.0,1.0000085830688477,mlp,embedding
10104,101050,NaN,NaN,NaN,NaN,8.046068614930846e-06,100.0,1.0000079870224,mlp,embedding
10105,101060,NaN,NaN,NaN,NaN,7.512002412113361e-06,100.0,1.0000075101852417,mlp,embedding
10106,101070,NaN,NaN,NaN,NaN,6.998202934482833e-06,100.0,1.0000070333480835,mlp,embedding
10107,101080,NaN,NaN,NaN,NaN,6.5246335907431785e-06,100.0,1.0000065565109253,mlp,embedding
10108,101090,NaN,NaN,NaN,NaN,6.087037945690099e-06,100.0,1.000006079673767,mlp,embedding
10109,101100,NaN,NaN,NaN,NaN,5.683213657903252e-06,100.0,1.0000057220458984,mlp,embedding
10110,101110,NaN,NaN,NaN,NaN,5.314273039402906e-06,100.0,1.0000053644180298,mlp,embedding
10111,101120,NaN,NaN,NaN,NaN,4.9396330723538995e-06,100.0,1.0000048875808716,mlp,embedding
10112,101130,NaN,NaN,NaN,NaN,4.614039880834753e-06,100.0,1.0000046491622925,mlp,embedding
10113,101140,NaN,NaN,NaN,NaN,4.308487405069172e-06,100.0,1.0000042915344238,mlp,embedding
10114,101150,NaN,NaN,NaN,NaN,4.024496320198523e-06,100.0,1.0000040531158447,mlp,embedding
10115,101160,NaN,NaN,NaN,NaN,3.7530458030232694e-06,100.0,1.000003695487976,mlp,embedding
10116,101170,NaN,NaN,NaN,NaN,3.507361270749243e-06,100.0,1.000003457069397,mlp,embedding
10117,101180,NaN,NaN,NaN,NaN,3.2751038361311657e-06,100.0,1.0000032186508179,mlp,embedding
10118,101190,NaN,NaN,NaN,NaN,3.0678017992613604e-06,100.0,1.0000030994415283,mlp,embedding
10119,101200,NaN,NaN,NaN,NaN,2.8537863272504183e-06,100.0,1.0000028610229492,mlp,embedding
10120,101210,NaN,NaN,NaN,NaN,2.6603183869156055e-06,100.0,1.0000026226043701,mlp,embedding
10121,101220,NaN,NaN,NaN,NaN,2.4816711174935335e-06,100.0,1.0000025033950806,mlp,embedding
10122,101230,NaN,NaN,NaN,NaN,2.315312258360791e-06,100.0,1.0000022649765015,mlp,embedding
10123,101240,NaN,NaN,NaN,NaN,2.162254531867802e-06,100.0,1.000002145767212,mlp,embedding
10124,101250,NaN,NaN,NaN,NaN,2.012972345255548e-06,100.0,1.0000020265579224,mlp,embedding
10125,101260,NaN,NaN,NaN,NaN,1.8710878748606774e-06,100.0,1.0000019073486328,mlp,embedding
10126,101270,NaN,NaN,NaN,NaN,1.7504096376796952e-06,100.0,1.0000017881393433,mlp,embedding
10127,101280,NaN,NaN,NaN,NaN,1.6299342178172083e-06,100.0,1.0000016689300537,mlp,embedding
10128,101290,NaN,NaN,NaN,NaN,1.5116630720513058e-06,100.0,1.0000015497207642,mlp,embedding
10129,101300,NaN,NaN,NaN,NaN,1.408188154528034e-06,100.0,1.0000014305114746,mlp,embedding
10130,101310,NaN,NaN,NaN,NaN,1.313733150709595e-06,100.0,1.000001311302185,mlp,embedding
10131,101320,NaN,NaN,NaN,NaN,1.2215331253173645e-06,100.0,1.0000011920928955,mlp,embedding
10132,101330,NaN,NaN,NaN,NaN,1.1383273204046418e-06,100.0,1.0000011920928955,mlp,embedding
10133,101340,NaN,NaN,NaN,NaN,1.0592010539767216e-06,100.0,1.000001072883606,mlp,embedding
10134,101350,NaN,NaN,NaN,NaN,9.87168959909468e-07,100.0,1.0000009536743164,mlp,embedding
10135,101360,NaN,NaN,NaN,NaN,9.190891887556063e-07,100.0,1.0000009536743164,mlp,embedding
10136,101370,NaN,NaN,NaN,NaN,8.517189371559652e-07,100.0,1.0000008344650269,mlp,embedding
10137,101380,NaN,NaN,NaN,NaN,7.866290161473444e-07,100.0,1.0000008344650269,mlp,embedding
10138,101390,NaN,NaN,NaN,NaN,7.285066203621682e-07,100.0,1.0000007152557373,mlp,embedding
10139,101400,NaN,NaN,NaN,NaN,6.770731602045998e-07,100.0,1.0000007152557373,mlp,embedding
10140,101410,NaN,NaN,NaN,NaN,6.317457632576406e-07,100.0,1.0000005960464478,mlp,embedding
10141,101420,NaN,NaN,NaN,NaN,5.81883057293453e-07,100.0,1.0000005960464478,mlp,embedding
10142,101430,NaN,NaN,NaN,NaN,5.398495090958022e-07,100.0,1.0000005960464478,mlp,embedding
10143,101440,NaN,NaN,NaN,NaN,4.997161227038305e-07,100.0,1.0000004768371582,mlp,embedding
10144,101450,NaN,NaN,NaN,NaN,4.5932938519399613e-07,100.0,1.0000004768371582,mlp,embedding
10145,101460,NaN,NaN,NaN,NaN,4.2745577388814127e-07,100.0,1.0000004768371582,mlp,embedding
10146,101470,NaN,NaN,NaN,NaN,3.959115986162942e-07,100.0,1.0000003576278687,mlp,embedding
10147,101480,NaN,NaN,NaN,NaN,3.6517815260594944e-07,100.0,1.0000003576278687,mlp,embedding
10148,101490,NaN,NaN,NaN,NaN,3.3751047112673405e-07,100.0,1.0000003576278687,mlp,embedding
10149,101500,NaN,NaN,NaN,NaN,3.1060287142281595e-07,100.0,1.0000003576278687,mlp,embedding
10150,101510,NaN,NaN,NaN,NaN,2.908402052526071e-07,100.0,1.000000238418579,mlp,embedding
10151,101520,NaN,NaN,NaN,NaN,2.7095092036688584e-07,100.0,1.000000238418579,mlp,embedding
10152,101530,NaN,NaN,NaN,NaN,2.4946535859271535e-07,100.0,1.000000238418579,mlp,embedding
10153,101540,NaN,NaN,NaN,NaN,2.3439001495262346e-07,100.0,1.000000238418579,mlp,embedding
10154,101550,NaN,NaN,NaN,NaN,2.195680366412489e-07,100.0,1.000000238418579,mlp,embedding
10155,101560,NaN,NaN,NaN,NaN,2.042900035803541e-07,100.0,1.000000238418579,mlp,embedding
10156,101570,NaN,NaN,NaN,NaN,2.0325119010067283e-07,100.0,1.000000238418579,mlp,embedding
10157,101580,NaN,NaN,NaN,NaN,1.9894395109076868e-07,100.0,1.000000238418579,mlp,embedding
10158,101590,NaN,NaN,NaN,NaN,1.91925678905136e-07,100.0,1.000000238418579,mlp,embedding
10159,101600,NaN,NaN,NaN,NaN,1.8878392893384444e-07,100.0,1.000000238418579,mlp,embedding
10160,101610,NaN,NaN,NaN,NaN,2.1242304626412079e-07,100.0,1.000000238418579,mlp,embedding
10161,101620,NaN,NaN,NaN,NaN,5.99329098349699e-07,100.0,1.0000005960464478,mlp,embedding
10162,101630,NaN,NaN,NaN,NaN,0.36846062541007996,92.36981964111328,1.4455077648162842,mlp,embedding
10163,101640,NaN,NaN,NaN,NaN,0.031151559203863144,99.2136001586914,1.0316418409347534,mlp,embedding
10164,101650,NaN,NaN,NaN,NaN,0.012048546224832535,99.78746032714844,1.0121214389801025,mlp,embedding
10165,101660,NaN,NaN,NaN,NaN,0.006636149249970913,99.89373016357422,1.0066581964492798,mlp,embedding
10166,101670,NaN,NaN,NaN,NaN,0.0025266739539802074,99.95748901367188,1.0025298595428467,mlp,embedding
10167,101680,NaN,NaN,NaN,NaN,0.0016668819589540362,99.95748901367188,1.0016682147979736,mlp,embedding
10168,101690,NaN,NaN,NaN,NaN,0.00117593037430197,99.97874450683594,1.0011765956878662,mlp,embedding
10169,101700,0.0004293262609280646,100.0,1.000429391860962,0.001,0.0008956132805906236,100.0,1.0008959770202637,mlp,embedding
10170,101710,NaN,NaN,NaN,NaN,0.0007310999208129942,100.0,1.000731348991394,mlp,embedding
10171,101720,NaN,NaN,NaN,NaN,0.0006191989523358643,100.0,1.0006194114685059,mlp,embedding
10172,101730,NaN,NaN,NaN,NaN,0.0005424910341389477,100.0,1.0005426406860352,mlp,embedding
10173,101740,NaN,NaN,NaN,NaN,0.00047738701687194407,100.0,1.0004775524139404,mlp,embedding
10174,101750,NaN,NaN,NaN,NaN,0.0004282095469534397,100.0,1.000428318977356,mlp,embedding
10175,101760,NaN,NaN,NaN,NaN,0.00038579179090447724,100.0,1.0003858804702759,mlp,embedding
10176,101770,NaN,NaN,NaN,NaN,0.0003495285054668784,100.0,1.0003496408462524,mlp,embedding
