epoch,global_step,train_loss,train_accuracy,train_perplexity,learning_rate,val_loss,val_accuracy,val_perplexity,model_type,encoding,k_value
0,1,5.558629989624023,0.0,259.4671325683594,0.0001,5.56477165222168,0.0,261.0655822753906,transformer,embedding,2
1,2,5.5586347579956055,0.0,259.4683532714844,0.0002,5.431762218475342,0.0,228.55165100097656,transformer,embedding,2
2,3,5.425602436065674,0.0,227.1481475830078,0.0003,5.170875072479248,0.0,176.06884765625,transformer,embedding,2
3,4,5.164687156677246,0.0,174.9827117919922,0.0004,4.799599647521973,0.0,121.46177673339844,transformer,embedding,2
4,5,4.793400287628174,0.0,120.71112060546875,0.0005,4.357858657836914,0.0,78.08973693847656,transformer,embedding,2
5,6,4.351705551147461,0.0,77.6107177734375,0.0006,3.9112462997436523,0.0,49.961181640625,transformer,embedding,2
6,7,3.904940605163574,0.0,49.647132873535156,0.0007,3.5386483669281006,0.0,34.42036437988281,transformer,embedding,2
7,8,3.532102584838867,0.0,34.19579315185547,0.0008,3.296480655670166,0.0,27.01738739013672,transformer,embedding,2
8,9,3.289480209350586,0.0,26.828914642333984,0.0009000000000000001,3.1728599071502686,0.0,23.875669479370117,transformer,embedding,2
9,10,3.165234088897705,0.0,23.694290161132812,0.001,3.103455066680908,0.0,22.2747802734375,transformer,embedding,2
10,11,3.094974994659424,0.0,22.086687088012695,0.001,3.0307507514953613,0.0,20.71277618408203,transformer,embedding,2
11,12,3.0210914611816406,0.0,20.513669967651367,0.001,2.938826322555542,0.0,18.893657684326172,transformer,embedding,2
12,13,2.927825689315796,0.0,18.686954498291016,0.001,2.839963674545288,0.0,17.115144729614258,transformer,embedding,2
13,14,2.827648878097534,0.0,16.90566635131836,0.001,2.7591350078582764,0.0,15.786182403564453,transformer,embedding,2
14,15,2.7456045150756836,0.0,15.574026107788086,0.001,2.703582286834717,0.0,14.933131217956543,transformer,embedding,2
15,16,2.6888701915740967,0.0,14.715041160583496,0.001,2.659766435623169,0.0,14.292950630187988,transformer,embedding,2
16,17,2.6439151763916016,0.0,14.068175315856934,0.001,2.6121630668640137,0.0,13.628498077392578,transformer,embedding,2
17,18,2.595231533050537,0.0,13.399689674377441,0.001,2.561149835586548,0.0,12.950699806213379,transformer,embedding,2
18,19,2.5431699752807617,0.0,12.719928741455078,0.001,2.5154130458831787,0.05314202234148979,12.37171745300293,transformer,embedding,2
19,20,2.4963202476501465,0.05313496291637421,12.137747764587402,0.001,2.479957103729248,0.8502723574638367,11.940752029418945,transformer,embedding,2
20,21,2.4596188068389893,1.1158342361450195,11.700350761413574,0.001,2.45401668548584,0.9565564393997192,11.634986877441406,transformer,embedding,2
21,22,2.432332992553711,1.5409139394760132,11.38541316986084,0.001,2.434814929962158,0.9565564393997192,11.413705825805664,transformer,embedding,2
22,23,2.4117109775543213,1.6471837759017944,11.153027534484863,0.001,2.4200522899627686,0.8502723574638367,11.246447563171387,transformer,embedding,2
23,24,2.3954594135284424,1.7534537315368652,10.973237991333008,0.001,2.408280372619629,0.8502723574638367,11.11483097076416,transformer,embedding,2
24,25,2.382211923599243,1.7534537315368652,10.828828811645508,0.001,2.398702621459961,0.8502723574638367,11.00888442993164,transformer,embedding,2
25,26,2.3711812496185303,1.7534537315368652,10.710036277770996,0.001,2.3907463550567627,0.8502723574638367,10.921642303466797,transformer,embedding,2
26,27,2.3618664741516113,1.7534537315368652,10.610737800598145,0.001,2.383939266204834,0.8502723574638367,10.847550392150879,transformer,embedding,2
27,28,2.3538661003112793,1.7534537315368652,10.5261869430542,0.001,2.3778576850891113,0.8502723574638367,10.781780242919922,transformer,embedding,2
28,29,2.3467936515808105,1.7534537315368652,10.452003479003906,0.001,2.372176170349121,0.8502723574638367,10.720697402954102,transformer,embedding,2
29,30,2.3403751850128174,1.7534537315368652,10.3851318359375,0.001,2.366750478744507,0.8502723574638367,10.662687301635742,transformer,embedding,2
30,31,2.3344790935516357,1.7534537315368652,10.324080467224121,0.001,2.361600875854492,0.8502723574638367,10.607919692993164,transformer,embedding,2
31,32,2.329113483428955,1.7534537315368652,10.268834114074707,0.001,2.3568601608276367,0.8502723574638367,10.55774974822998,transformer,embedding,2
32,33,2.3243541717529297,1.7003188133239746,10.220077514648438,0.001,2.3525846004486084,0.8237013816833496,10.51270580291748,transformer,embedding,2
33,34,2.3202033042907715,1.7003188133239746,10.177742958068848,0.001,2.3487930297851562,0.8635578751564026,10.472921371459961,transformer,embedding,2
34,35,2.316588878631592,1.6471837759017944,10.141022682189941,0.001,2.3454458713531494,0.9034143686294556,10.437925338745117,transformer,embedding,2
35,36,2.31341290473938,1.7534537315368652,10.108866691589355,0.001,2.3424646854400635,0.8237013816833496,10.406854629516602,transformer,embedding,2
36,37,2.310553789138794,2.0191285610198975,10.080005645751953,0.001,2.3398046493530273,0.8104158639907837,10.3792085647583,transformer,embedding,2
37,38,2.3079113960266113,1.9659936428070068,10.053404808044434,0.001,2.3374106884002686,0.7838448286056519,10.354391098022461,transformer,embedding,2
38,39,2.305431842803955,2.072263479232788,10.028508186340332,0.001,2.335291624069214,0.7572738528251648,10.332472801208496,transformer,embedding,2
39,40,2.303100347518921,2.1253983974456787,10.00515365600586,0.001,2.3334295749664307,0.7971303462982178,10.313251495361328,transformer,embedding,2
40,41,2.300917625427246,1.859723687171936,9.983339309692383,0.001,2.3318378925323486,0.8237013816833496,10.29684829711914,transformer,embedding,2
41,42,2.2988967895507812,1.7534537315368652,9.96318531036377,0.001,2.330488920211792,0.8502723574638367,10.282967567443848,transformer,embedding,2
42,43,2.2970385551452637,1.7534537315368652,9.944687843322754,0.001,2.3293533325195312,0.8502723574638367,10.271297454833984,transformer,embedding,2
43,44,2.2953379154205322,1.7534537315368652,9.927790641784668,0.001,2.328357458114624,0.8502723574638367,10.261073112487793,transformer,embedding,2
44,45,2.29376220703125,1.7534537315368652,9.912158966064453,0.001,2.327451467514038,0.8502723574638367,10.251781463623047,transformer,embedding,2
45,46,2.292285919189453,1.7534537315368652,9.897537231445312,0.001,2.3265793323516846,0.8502723574638367,10.242844581604004,transformer,embedding,2
46,47,2.290870189666748,1.7534537315368652,9.88353443145752,0.001,2.3257009983062744,0.8502723574638367,10.233851432800293,transformer,embedding,2
47,48,2.289492130279541,1.7534537315368652,9.86992359161377,0.001,2.324798583984375,0.8502723574638367,10.224620819091797,transformer,embedding,2
48,49,2.2881393432617188,1.7003188133239746,9.85658073425293,0.001,2.323904275894165,0.8502723574638367,10.21548080444336,transformer,embedding,2
49,50,2.2868144512176514,1.7534537315368652,9.843530654907227,0.001,2.3230338096618652,0.8502723574638367,10.206592559814453,transformer,embedding,2
50,51,2.285526990890503,1.7534537315368652,9.830865859985352,0.001,2.322240114212036,0.8369868397712708,10.198494911193848,transformer,embedding,2
51,52,2.2842776775360107,1.8065887689590454,9.818591117858887,0.001,2.3215525150299072,0.7838448286056519,10.191484451293945,transformer,embedding,2
52,53,2.283052682876587,1.8065887689590454,9.806571006774902,0.001,2.3209707736968994,0.7705593109130859,10.18555736541748,transformer,embedding,2
53,54,2.2818284034729004,1.859723687171936,9.794572830200195,0.001,2.3205387592315674,0.7439883351325989,10.181158065795898,transformer,embedding,2
54,55,2.280576229095459,1.859723687171936,9.782315254211426,0.001,2.3202285766601562,0.7439883351325989,10.178000450134277,transformer,embedding,2
55,56,2.2792773246765137,1.9128586053848267,9.769618034362793,0.001,2.3200533390045166,0.7439883351325989,10.176217079162598,transformer,embedding,2
56,57,2.277907609939575,1.859723687171936,9.756245613098145,0.001,2.3199870586395264,0.7572738528251648,10.175542831420898,transformer,embedding,2
57,58,2.2764644622802734,1.9128586053848267,9.742176055908203,0.001,2.3200087547302246,0.7705593109130859,10.175763130187988,transformer,embedding,2
58,59,2.274942636489868,1.9128586053848267,9.727360725402832,0.001,2.3200979232788086,0.7572738528251648,10.176671028137207,transformer,embedding,2
59,60,2.2733306884765625,1.9659936428070068,9.71169376373291,0.001,2.32023024559021,0.7705593109130859,10.178017616271973,transformer,embedding,2
60,61,2.2716054916381836,1.9659936428070068,9.694953918457031,0.001,2.320411205291748,0.7572738528251648,10.179859161376953,transformer,embedding,2
61,62,2.269747018814087,1.9659936428070068,9.676952362060547,0.001,2.3206441402435303,0.7572738528251648,10.182230949401855,transformer,embedding,2
62,63,2.2677221298217773,1.9659936428070068,9.657377243041992,0.001,2.3209800720214844,0.7705593109130859,10.185651779174805,transformer,embedding,2
63,64,2.265500545501709,1.9659936428070068,9.635946273803711,0.001,2.3214893341064453,0.7439883351325989,10.190840721130371,transformer,embedding,2
64,65,2.263016939163208,2.1253983974456787,9.612044334411621,0.001,2.3222224712371826,0.7439883351325989,10.198314666748047,transformer,embedding,2
65,66,2.2602312564849854,2.1253983974456787,9.585305213928223,0.001,2.3231890201568604,0.7705593109130859,10.208176612854004,transformer,embedding,2
66,67,2.2570831775665283,2.1785335540771484,9.555177688598633,0.001,2.324326753616333,0.730702817440033,10.219797134399414,transformer,embedding,2
67,68,2.253498077392578,2.3379383087158203,9.52098274230957,0.001,2.3255603313446045,0.69084632396698,10.232412338256836,transformer,embedding,2
68,69,2.2493574619293213,2.550478219985962,9.48164176940918,0.001,2.3271663188934326,0.6775608062744141,10.248858451843262,transformer,embedding,2
69,70,2.2445788383483887,2.7630181312561035,9.436440467834473,0.001,2.3295373916625977,0.5978477597236633,10.273187637329102,transformer,embedding,2
70,71,2.239044189453125,2.816153049468994,9.384357452392578,0.001,2.3327648639678955,0.6377042531967163,10.306398391723633,transformer,embedding,2
71,72,2.232584238052368,3.134962797164917,9.323929786682129,0.001,2.3366427421569824,0.6509897708892822,10.346442222595215,transformer,embedding,2
72,73,2.224987506866455,3.45377254486084,9.25336742401123,0.001,2.3416318893432617,0.6775608062744141,10.398191452026367,transformer,embedding,2
73,74,2.216069221496582,3.9319872856140137,9.171210289001465,0.001,2.349048376083374,0.6509897708892822,10.47559642791748,transformer,embedding,2
74,75,2.205592632293701,4.250796794891357,9.075628280639648,0.001,2.3579485416412354,0.7041317820549011,10.569247245788574,transformer,embedding,2
75,76,2.193350076675415,4.62274169921875,8.96519660949707,0.001,2.3711585998535156,0.7838448286056519,10.709793090820312,transformer,embedding,2
76,77,2.179328680038452,4.782146453857422,8.84036922454834,0.001,2.385462999343872,0.7439883351325989,10.864091873168945,transformer,embedding,2
77,78,2.163632392883301,5.419765949249268,8.702692031860352,0.001,2.413632869720459,0.7041317820549011,11.174483299255371,transformer,embedding,2
78,79,2.148261308670044,5.79171085357666,8.569945335388184,0.001,2.4164905548095703,0.7838448286056519,11.206461906433105,transformer,embedding,2
79,80,2.146840810775757,5.313496112823486,8.557780265808105,0.001,2.4481353759765625,0.7439883351325989,11.56675910949707,transformer,embedding,2
80,81,2.1163153648376465,7.066949844360352,8.300497055053711,0.001,2.496969699859619,0.6509897708892822,12.145633697509766,transformer,embedding,2
81,82,2.1250717639923096,5.685441017150879,8.37349796295166,0.001,2.4493627548217773,0.730702817440033,11.580964088439941,transformer,embedding,2
82,83,2.1323299407958984,6.110520839691162,8.43449592590332,0.001,2.442793369293213,0.730702817440033,11.505133628845215,transformer,embedding,2
83,84,2.1403799057006836,6.535600185394287,8.502667427062988,0.001,2.4356837272644043,0.7572738528251648,11.423626899719238,transformer,embedding,2
84,85,2.1074941158294678,6.801275253295898,8.227598190307617,0.001,2.4518849849700928,0.7705593109130859,11.610211372375488,transformer,embedding,2
85,86,2.079636335372925,7.3857598304748535,8.001558303833008,0.001,2.4861772060394287,0.8369868397712708,12.01525592803955,transformer,embedding,2
86,87,2.0735585689544678,7.226355075836182,7.9530744552612305,0.001,2.5032706260681152,0.7439883351325989,12.222403526306152,transformer,embedding,2
87,88,2.0566537380218506,8.235918998718262,7.819758892059326,0.001,2.506347179412842,0.6775608062744141,12.260064125061035,transformer,embedding,2
88,89,2.0305871963500977,9.564292907714844,7.618558883666992,0.001,2.5123562812805176,0.730702817440033,12.33395767211914,transformer,embedding,2
89,90,2.018695116043091,10.41445255279541,7.528494834899902,0.001,2.517085075378418,0.730702817440033,12.392420768737793,transformer,embedding,2
90,91,2.007416009902954,10.786396980285645,7.444056987762451,0.001,2.520744800567627,0.717417299747467,12.437856674194336,transformer,embedding,2
91,92,1.9887081384658813,10.626992225646973,7.306089401245117,0.001,2.5304479598999023,0.7572738528251648,12.559130668640137,transformer,embedding,2
92,93,1.9699267148971558,11.105207443237305,7.170151233673096,0.001,2.545788288116455,0.7439883351325989,12.753277778625488,transformer,embedding,2
93,94,1.9539873600006104,12.008501052856445,7.056769371032715,0.001,2.559885263442993,0.6377042531967163,12.934332847595215,transformer,embedding,2
94,95,1.9379961490631104,12.964930534362793,6.944820880889893,0.001,2.5665090084075928,0.69084632396698,13.020291328430176,transformer,embedding,2
95,96,1.9207921028137207,13.549415588378906,6.826363563537598,0.001,2.5678863525390625,0.7838448286056519,13.038236618041992,transformer,embedding,2
96,97,1.9031469821929932,14.293304443359375,6.706967830657959,0.001,2.573521614074707,0.7572738528251648,13.111918449401855,transformer,embedding,2
97,98,1.8855897188186646,14.665249824523926,6.590239524841309,0.001,2.587794303894043,0.7572738528251648,13.300402641296387,transformer,embedding,2
98,99,1.8682516813278198,15.356003761291504,6.476962566375732,0.001,2.6061275005340576,0.7838448286056519,13.546490669250488,transformer,embedding,2
99,100,1.851540207862854,15.940488815307617,6.369622707366943,0.001,2.6203649044036865,0.8104158639907837,13.740736961364746,transformer,embedding,2
100,101,1.8338680267333984,16.524972915649414,6.2580461502075195,0.001,2.629760265350342,0.8369868397712708,13.870444297790527,transformer,embedding,2
101,102,1.8153164386749268,18.331562042236328,6.143019676208496,0.001,2.635589838027954,0.7971303462982178,13.951539039611816,transformer,embedding,2
102,103,1.7974977493286133,18.969181060791016,6.034528732299805,0.001,NaN,NaN,NaN,transformer,embedding,2
103,104,1.7798280715942383,19.44739532470703,5.928836822509766,0.001,2.643289089202881,0.8901289105415344,14.059370040893555,transformer,embedding,2
104,105,1.760425329208374,20.138151168823242,5.814909934997559,0.001,NaN,NaN,NaN,transformer,embedding,2
105,106,1.7411930561065674,20.616365432739258,5.7041449546813965,0.001,2.671266555786133,0.9565564393997192,14.458270072937012,transformer,embedding,2
106,107,1.7225513458251953,21.413389205932617,5.598794937133789,0.001,NaN,NaN,NaN,transformer,embedding,2
107,108,1.7031558752059937,22.422954559326172,5.4912495613098145,0.001,2.6890738010406494,0.9964129328727722,14.718037605285645,transformer,embedding,2
108,109,1.6835335493087769,23.11370849609375,5.384549140930176,0.001,NaN,NaN,NaN,transformer,embedding,2
109,110,1.6637334823608398,24.49521827697754,5.278983116149902,0.001,2.7068140506744385,1.129267930984497,14.98146915435791,transformer,embedding,2
110,111,1.644219160079956,24.814027786254883,5.176965713500977,0.001,NaN,NaN,NaN,transformer,embedding,2
111,112,1.6240284442901611,25.823591232299805,5.073487281799316,0.001,2.730306386947632,1.1824100017547607,15.33758544921875,transformer,embedding,2
112,113,1.603244662284851,26.514347076416016,4.96912956237793,0.001,NaN,NaN,NaN,transformer,embedding,2
113,114,1.5824648141860962,27.258235931396484,4.866937160491943,0.001,2.750584363937378,1.2886940240859985,15.651775360107422,transformer,embedding,2
114,115,1.5613495111465454,28.58660888671875,4.765247821807861,0.001,NaN,NaN,NaN,transformer,embedding,2
115,116,1.539954423904419,29.755578994750977,4.664377689361572,0.001,2.7752645015716553,1.4082635641098022,16.042869567871094,transformer,embedding,2
116,117,1.5183457136154175,30.605737686157227,4.564667701721191,0.001,NaN,NaN,NaN,transformer,embedding,2
117,118,1.4959756135940552,32.25292205810547,4.46368932723999,0.001,2.798842191696167,1.4481201171875,16.425617218017578,transformer,embedding,2
118,119,1.4742916822433472,33.26248550415039,4.367940902709961,0.001,NaN,NaN,NaN,transformer,embedding,2
119,120,1.453614354133606,34.05950927734375,4.278550624847412,0.001,2.8325860500335693,1.5012621879577637,16.98933982849121,transformer,embedding,2
120,121,1.4474836587905884,34.27204895019531,4.2524003982543945,0.001,NaN,NaN,NaN,transformer,embedding,2
121,122,1.4723984003067017,33.04994583129883,4.359678745269775,0.001,2.830883026123047,1.5411186218261719,16.960430145263672,transformer,embedding,2
122,123,1.399174451828003,36.82252883911133,4.051853656768799,0.001,NaN,NaN,NaN,transformer,embedding,2
123,124,1.3971588611602783,36.02550506591797,4.043694972991943,0.001,2.85321044921875,1.5942606925964355,17.343372344970703,transformer,embedding,2
124,125,1.3717163801193237,38.257171630859375,3.942111015319824,0.001,NaN,NaN,NaN,transformer,embedding,2
125,126,1.3401159048080444,39.479278564453125,3.819486141204834,0.001,2.8854169845581055,1.8865418434143066,17.911035537719727,transformer,embedding,2
126,127,1.3246811628341675,39.532413482666016,3.760986089706421,0.001,NaN,NaN,NaN,transformer,embedding,2
127,128,1.2938615083694458,41.81721496582031,3.6468417644500732,0.001,2.8961563110351562,1.7935432195663452,18.10442352294922,transformer,embedding,2
128,129,1.276275634765625,42.136024475097656,3.5832693576812744,0.001,NaN,NaN,NaN,transformer,embedding,2
129,130,1.2528108358383179,44.048885345458984,3.5001676082611084,0.001,2.9251697063446045,2.1123955249786377,18.637388229370117,transformer,embedding,2
130,131,1.2255971431732178,46.652496337890625,3.4061994552612305,0.001,NaN,NaN,NaN,transformer,embedding,2
131,132,1.2084109783172607,47.07757568359375,3.3481600284576416,0.001,2.9430394172668457,2.059253454208374,18.973426818847656,transformer,embedding,2
132,133,1.1787680387496948,48.51222229003906,3.2503674030303955,0.001,NaN,NaN,NaN,transformer,embedding,2
133,134,1.1624691486358643,48.831031799316406,3.197819471359253,0.001,2.959965229034424,2.351534605026245,19.297300338745117,transformer,embedding,2
134,135,1.1313505172729492,51.275238037109375,3.0998401641845703,0.001,NaN,NaN,NaN,transformer,embedding,2
135,136,1.1135079860687256,53.02869415283203,3.0450215339660645,0.001,2.989611864089966,2.378105401992798,19.877965927124023,transformer,embedding,2
136,137,1.08441960811615,54.83528137207031,2.9577226638793945,0.001,NaN,NaN,NaN,transformer,embedding,2
137,138,1.0635648965835571,56.48246383666992,2.896678924560547,0.001,3.003751516342163,2.5242459774017334,20.161029815673828,transformer,embedding,2
138,139,1.0368461608886719,58.23591995239258,2.820308208465576,0.001,NaN,NaN,NaN,transformer,embedding,2
139,140,1.0141911506652832,59.19234848022461,2.7571322917938232,0.001,3.034095287322998,2.7235286235809326,20.782167434692383,transformer,embedding,2
140,141,0.9915146231651306,60.20191192626953,2.6953136920928955,0.001,NaN,NaN,NaN,transformer,embedding,2
141,142,0.9772115349769592,61.424015045166016,2.657036781311035,0.001,3.0574467182159424,2.6571011543273926,21.273170471191406,transformer,embedding,2
142,143,0.9713695645332336,59.8299674987793,2.6415598392486572,0.001,NaN,NaN,NaN,transformer,embedding,2
143,144,0.9398353695869446,63.23060607910156,2.5595600605010986,0.001,3.0762734413146973,2.7500996589660645,21.67746925354004,transformer,embedding,2
144,145,0.902157187461853,66.68437957763672,2.464914560317993,0.001,NaN,NaN,NaN,transformer,embedding,2
145,146,0.8956137299537659,65.72795104980469,2.448838233947754,0.001,3.097193956375122,3.0158097743988037,22.13574981689453,transformer,embedding,2
146,147,0.8594791293144226,69.55366516113281,2.3619301319122314,0.001,NaN,NaN,NaN,transformer,embedding,2
147,148,0.8268401622772217,71.46652221679688,2.286083698272705,0.001,3.124352216720581,3.122093915939331,22.74515724182129,transformer,embedding,2
148,149,0.8176974058151245,71.20085144042969,2.265277862548828,0.001,NaN,NaN,NaN,transformer,embedding,2
149,150,0.7820600867271423,74.8671646118164,2.1859710216522217,0.001,3.144102096557617,3.254948854446411,23.198835372924805,transformer,embedding,2
150,151,0.7656838893890381,75.55791473388672,2.1504645347595215,0.001,NaN,NaN,NaN,transformer,embedding,2
151,152,0.7362405061721802,76.72688293457031,2.0880706310272217,0.001,3.168595314025879,3.281519889831543,23.774065017700195,transformer,embedding,2
152,153,0.713996171951294,78.58660888671875,2.042135715484619,0.001,NaN,NaN,NaN,transformer,embedding,2
153,154,0.6945983171463013,80.49946594238281,2.0029044151306152,0.001,NaN,NaN,NaN,transformer,embedding,2
154,155,0.6669604182243347,82.0403823852539,1.9483063220977783,0.001,3.2047276496887207,3.507373571395874,24.648786544799805,transformer,embedding,2
155,156,0.6469734907150269,83.0499496459961,1.9097522497177124,0.001,NaN,NaN,NaN,transformer,embedding,2
156,157,0.6210421323776245,85.01593780517578,1.8608663082122803,0.001,NaN,NaN,NaN,transformer,embedding,2
157,158,0.6001625657081604,86.29117584228516,1.8224149942398071,0.001,3.2373850345611572,3.6933705806732178,25.467039108276367,transformer,embedding,2
158,159,0.5765171647071838,87.5132827758789,1.7798287868499756,0.001,NaN,NaN,NaN,transformer,embedding,2
159,160,0.5556392669677734,88.5228500366211,1.7430548667907715,0.001,NaN,NaN,NaN,transformer,embedding,2
160,161,0.5431914329528809,88.89479064941406,1.7214921712875366,0.001,3.2905914783477783,4.038793563842773,26.858745574951172,transformer,embedding,2
161,162,0.5320606827735901,88.36344146728516,1.702436923980713,0.001,NaN,NaN,NaN,transformer,embedding,2
162,163,0.5345779657363892,88.31031036376953,1.7067277431488037,0.001,NaN,NaN,NaN,transformer,embedding,2
163,164,0.4893965721130371,91.12645721435547,1.6313315629959106,0.001,3.3182032108306885,4.158363342285156,27.610694885253906,transformer,embedding,2
164,165,0.4605138897895813,91.39213562011719,1.584888219833374,0.001,NaN,NaN,NaN,transformer,embedding,2
165,166,0.45641976594924927,92.61424255371094,1.5784127712249756,0.001,NaN,NaN,NaN,transformer,embedding,2
166,167,0.4264720678329468,93.57067108154297,1.5318437814712524,0.001,3.35978627204895,4.450644493103027,28.783039093017578,transformer,embedding,2
167,168,0.40446388721466064,94.10202026367188,1.4984989166259766,0.001,NaN,NaN,NaN,transformer,embedding,2
168,169,0.39375707507133484,95.3241195678711,1.4825403690338135,0.001,NaN,NaN,NaN,transformer,embedding,2
169,170,0.36836424469947815,96.01487731933594,1.4453684091567993,0.001,3.397235870361328,4.610070705413818,29.881389617919922,transformer,embedding,2
170,171,0.3537757098674774,95.58979797363281,1.4244356155395508,0.001,NaN,NaN,NaN,transformer,embedding,2
171,172,0.34034955501556396,96.7587661743164,1.405438780784607,0.001,NaN,NaN,NaN,transformer,embedding,2
172,173,0.31613975763320923,97.87460327148438,1.3718219995498657,0.001,3.4358792304992676,4.610070705413818,31.05870819091797,transformer,embedding,2
173,174,0.3087005317211151,97.927734375,1.36165452003479,0.001,NaN,NaN,NaN,transformer,embedding,2
174,175,0.28480589389801025,98.35281372070312,1.3295038938522339,0.001,NaN,NaN,NaN,transformer,embedding,2
175,176,0.27584242820739746,98.61849212646484,1.3176401853561401,0.001,3.4740853309631348,4.782782077789307,32.2682991027832,transformer,embedding,2
176,177,0.2579747438430786,99.20297241210938,1.2943061590194702,0.001,NaN,NaN,NaN,transformer,embedding,2
177,178,0.2468159794807434,99.36238098144531,1.279943585395813,0.001,NaN,NaN,NaN,transformer,embedding,2
178,179,0.23234407603740692,99.41551208496094,1.2615537643432617,0.001,3.5118234157562256,4.742925643920898,33.50931167602539,transformer,embedding,2
179,180,0.22046466171741486,99.73432159423828,1.246655821800232,0.001,NaN,NaN,NaN,transformer,embedding,2
180,181,0.20830589532852173,99.78746032714844,1.2315897941589355,0.001,NaN,NaN,NaN,transformer,embedding,2
181,182,0.196599081158638,99.89373016357422,1.21725594997406,0.001,3.5466806888580322,4.822638511657715,34.69795227050781,transformer,embedding,2
182,183,0.18646079301834106,99.89373016357422,1.2049773931503296,0.001,NaN,NaN,NaN,transformer,embedding,2
183,184,0.17530874907970428,99.94686126708984,1.191614031791687,0.001,NaN,NaN,NaN,transformer,embedding,2
184,185,0.16684454679489136,99.89373016357422,1.1815705299377441,0.001,3.582716703414917,5.008635520935059,35.97113037109375,transformer,embedding,2
185,186,0.15610796213150024,99.94686126708984,1.1689523458480835,0.001,NaN,NaN,NaN,transformer,embedding,2
186,187,0.14878787100315094,99.89373016357422,1.1604268550872803,0.001,NaN,NaN,NaN,transformer,embedding,2
187,188,0.1390720158815384,99.94686126708984,1.1492068767547607,0.001,3.620821237564087,5.141490936279297,37.36824417114258,transformer,embedding,2
188,189,0.13256821036338806,99.94686126708984,1.1417568922042847,0.001,NaN,NaN,NaN,transformer,embedding,2
189,190,0.12411119043827057,99.94686126708984,1.1321417093276978,0.001,NaN,NaN,NaN,transformer,embedding,2
190,191,0.118228018283844,99.94686126708984,1.1255006790161133,0.001,3.653571128845215,5.340773105621338,38.612308502197266,transformer,embedding,2
191,192,0.11097893863916397,99.94686126708984,1.1173713207244873,0.001,NaN,NaN,NaN,transformer,embedding,2
192,193,0.10548821091651917,99.94686126708984,1.111253023147583,0.001,NaN,NaN,NaN,transformer,embedding,2
193,194,0.09920907020568848,99.94686126708984,1.104297161102295,0.001,3.6901297569274902,5.43377161026001,40.050045013427734,transformer,embedding,2
194,195,0.09439803659915924,100.0,1.0989971160888672,0.001,NaN,NaN,NaN,transformer,embedding,2
195,196,0.08898214995861053,100.0,1.093061089515686,0.001,NaN,NaN,NaN,transformer,embedding,2
196,197,0.08453883975744247,100.0,1.0882151126861572,0.001,3.7206296920776367,5.553341388702393,41.29038619995117,transformer,embedding,2
197,198,0.08000431209802628,99.94686126708984,1.08329176902771,0.001,NaN,NaN,NaN,transformer,embedding,2
198,199,0.07589438557624817,100.0,1.0788486003875732,0.001,NaN,NaN,NaN,transformer,embedding,2
199,200,0.07214457541704178,100.0,1.0748107433319092,0.001,3.751678228378296,5.513484954833984,42.59250259399414,transformer,embedding,2
200,201,0.06836464256048203,100.0,1.0707557201385498,0.001,NaN,NaN,NaN,transformer,embedding,2
202,203,0.06185891479253769,100.0,1.063812255859375,0.001,3.7807230949401855,5.672911167144775,43.84773635864258,transformer,embedding,2
204,205,0.05613413825631142,100.0,1.0577396154403687,0.001,NaN,NaN,NaN,transformer,embedding,2
206,207,0.05109803378582001,100.0,1.0524260997772217,0.001,3.816250801086426,5.712767601013184,45.43354797363281,transformer,embedding,2
208,209,0.04666532576084137,100.0,1.0477713346481323,0.001,NaN,NaN,NaN,transformer,embedding,2
210,211,0.04273197054862976,100.0,1.0436581373214722,0.001,3.8502140045166016,5.65962553024292,47.00312042236328,transformer,embedding,2
212,213,0.03925760090351105,100.0,1.0400383472442627,0.001,NaN,NaN,NaN,transformer,embedding,2
214,215,0.036199603229761124,100.0,1.0368627309799194,0.001,3.881237506866455,5.686196327209473,48.48417663574219,transformer,embedding,2
216,217,0.0334700383245945,100.0,1.0340365171432495,0.001,NaN,NaN,NaN,transformer,embedding,2
218,219,0.031033039093017578,100.0,1.0315195322036743,0.001,3.908778429031372,5.739338397979736,49.838035583496094,transformer,embedding,2
220,221,0.028870556503534317,100.0,1.0292913913726807,0.001,NaN,NaN,NaN,transformer,embedding,2
222,223,0.026927165687084198,100.0,1.0272929668426514,0.001,3.9333465099334717,5.752624034881592,51.0776252746582,transformer,embedding,2
224,225,0.025168517604470253,100.0,1.0254878997802734,0.001,NaN,NaN,NaN,transformer,embedding,2
226,227,0.023587025701999664,100.0,1.0238673686981201,0.001,3.956481695175171,5.8057661056518555,52.27309036254883,transformer,embedding,2
228,229,0.022161729633808136,100.0,1.0224090814590454,0.001,NaN,NaN,NaN,transformer,embedding,2
230,231,0.0208640955388546,100.0,1.0210832357406616,0.001,3.978243827819824,5.832336902618408,53.42313003540039,transformer,embedding,2
232,233,0.019675062969326973,100.0,1.0198699235916138,0.001,NaN,NaN,NaN,transformer,embedding,2
234,235,0.018594443798065186,100.0,1.0187684297561646,0.001,3.9979658126831055,5.832336902618408,54.48720169067383,transformer,embedding,2
236,237,0.01760445348918438,100.0,1.0177602767944336,0.001,NaN,NaN,NaN,transformer,embedding,2
238,239,0.016690533608198166,100.0,1.016830563545227,0.001,4.016014575958252,5.8057661056518555,55.479557037353516,transformer,embedding,2
240,241,0.01584974303841591,100.0,1.015976071357727,0.001,NaN,NaN,NaN,transformer,embedding,2
242,243,0.015074225142598152,100.0,1.015188455581665,0.001,4.033304691314697,5.8057661056518555,56.4471435546875,transformer,embedding,2
244,245,0.014353768900036812,100.0,1.0144572257995605,0.001,NaN,NaN,NaN,transformer,embedding,2
246,247,0.013684775680303574,100.0,1.013778805732727,0.001,4.049648284912109,5.8057661056518555,57.37727355957031,transformer,embedding,2
248,249,0.013062157668173313,100.0,1.0131478309631348,0.001,NaN,NaN,NaN,transformer,embedding,2
250,251,0.012481425888836384,100.0,1.0125596523284912,0.001,4.06528902053833,5.819051265716553,58.2817497253418,transformer,embedding,2
252,253,0.011938338167965412,100.0,1.012009859085083,0.001,NaN,NaN,NaN,transformer,embedding,2
254,255,0.011429352685809135,100.0,1.0114948749542236,0.001,4.079904556274414,5.912050247192383,59.13982391357422,transformer,embedding,2
256,257,0.010951499454677105,100.0,1.0110117197036743,0.001,NaN,NaN,NaN,transformer,embedding,2
258,259,0.01050254050642252,100.0,1.0105578899383545,0.001,NaN,NaN,NaN,transformer,embedding,2
259,260,NaN,NaN,NaN,NaN,4.097172737121582,5.951906681060791,60.16992950439453,transformer,embedding,2
260,261,0.010079678148031235,100.0,1.0101306438446045,0.001,NaN,NaN,NaN,transformer,embedding,2
262,263,0.009680666960775852,100.0,1.0097277164459229,0.001,NaN,NaN,NaN,transformer,embedding,2
264,265,0.0093038035556674,100.0,1.0093472003936768,0.001,4.113685131072998,5.978477478027344,61.171730041503906,transformer,embedding,2
266,267,0.008947381749749184,100.0,1.008987545967102,0.001,NaN,NaN,NaN,transformer,embedding,2
268,269,0.008609826676547527,100.0,1.0086469650268555,0.001,NaN,NaN,NaN,transformer,embedding,2
269,270,NaN,NaN,NaN,NaN,4.129523277282715,5.991763114929199,62.14828872680664,transformer,embedding,2
270,271,0.00828955415636301,100.0,1.0083240270614624,0.001,NaN,NaN,NaN,transformer,embedding,2
272,273,0.007985452190041542,100.0,1.0080174207687378,0.001,NaN,NaN,NaN,transformer,embedding,2
274,275,0.007696368265897036,100.0,1.0077260732650757,0.001,4.144912242889404,5.991763114929199,63.112083435058594,transformer,embedding,2
276,277,0.007421314716339111,100.0,1.0074489116668701,0.001,NaN,NaN,NaN,transformer,embedding,2
278,279,0.007159280125051737,100.0,1.0071849822998047,0.001,NaN,NaN,NaN,transformer,embedding,2
279,280,NaN,NaN,NaN,NaN,4.159560680389404,6.044905185699463,64.04338073730469,transformer,embedding,2
280,281,0.006909437011927366,100.0,1.006933331489563,0.001,NaN,NaN,NaN,transformer,embedding,2
282,283,0.006670936942100525,100.0,1.0066932439804077,0.001,NaN,NaN,NaN,transformer,embedding,2
284,285,0.006443108431994915,100.0,1.006463885307312,0.001,4.173795223236084,6.084761619567871,64.9615249633789,transformer,embedding,2
286,287,0.00622533680871129,100.0,1.0062447786331177,0.001,NaN,NaN,NaN,transformer,embedding,2
288,289,0.006017100065946579,100.0,1.0060352087020874,0.001,NaN,NaN,NaN,transformer,embedding,2
289,290,NaN,NaN,NaN,NaN,4.187567234039307,6.124618053436279,65.86236572265625,transformer,embedding,2
290,291,0.005817784462124109,100.0,1.005834698677063,0.001,NaN,NaN,NaN,transformer,embedding,2
292,293,0.005626944359391928,100.0,1.0056427717208862,0.001,NaN,NaN,NaN,transformer,embedding,2
294,295,0.005444069392979145,100.0,1.005458950996399,0.001,4.201106548309326,6.1644744873046875,66.76016235351562,transformer,embedding,2
296,297,0.005268649198114872,100.0,1.0052825212478638,0.001,NaN,NaN,NaN,transformer,embedding,2
298,299,0.005100277718156576,100.0,1.0051133632659912,0.001,NaN,NaN,NaN,transformer,embedding,2
299,300,NaN,NaN,NaN,NaN,4.214245319366455,6.1644744873046875,67.64309692382812,transformer,embedding,2
300,301,0.004938650876283646,100.0,1.0049508810043335,0.001,NaN,NaN,NaN,transformer,embedding,2
303,304,0.004708029795438051,100.0,1.0047191381454468,0.001,NaN,NaN,NaN,transformer,embedding,2
304,305,NaN,NaN,NaN,NaN,4.227060317993164,6.177760124206543,68.5155258178711,transformer,embedding,2
306,307,0.004490759689360857,100.0,1.0045008659362793,0.001,NaN,NaN,NaN,transformer,embedding,2
309,310,0.004285776522010565,100.0,1.004294991493225,0.001,NaN,NaN,NaN,transformer,embedding,2
310,311,NaN,NaN,NaN,NaN,4.242031574249268,6.177760124206543,69.54900360107422,transformer,embedding,2
312,313,0.004092080052942038,100.0,1.0041004419326782,0.001,NaN,NaN,NaN,transformer,embedding,2
315,316,0.0039090244099497795,100.0,1.003916621208191,0.001,NaN,NaN,NaN,transformer,embedding,2
316,317,NaN,NaN,NaN,NaN,4.256731033325195,6.230902194976807,70.57888793945312,transformer,embedding,2
318,319,0.00373575696721673,100.0,1.0037426948547363,0.001,NaN,NaN,NaN,transformer,embedding,2
321,322,0.003571520559489727,100.0,1.0035779476165771,0.001,NaN,NaN,NaN,transformer,embedding,2
322,323,NaN,NaN,NaN,NaN,4.271115779876709,6.257472991943359,71.60148620605469,transformer,embedding,2
324,325,0.003415854414924979,100.0,1.003421664237976,0.001,NaN,NaN,NaN,transformer,embedding,2
327,328,0.003268160857260227,100.0,1.0032734870910645,0.001,NaN,NaN,NaN,transformer,embedding,2
328,329,NaN,NaN,NaN,NaN,4.2851762771606445,6.297329902648926,72.61534881591797,transformer,embedding,2
330,331,0.003127917181700468,100.0,1.0031328201293945,0.001,NaN,NaN,NaN,transformer,embedding,2
333,334,0.002994745736941695,100.0,1.002999186515808,0.001,NaN,NaN,NaN,transformer,embedding,2
334,335,NaN,NaN,NaN,NaN,4.298970699310303,6.297329902648926,73.62397003173828,transformer,embedding,2
336,337,0.002868191571906209,100.0,1.002872347831726,0.001,NaN,NaN,NaN,transformer,embedding,2
339,340,0.002747842576354742,100.0,1.0027515888214111,0.001,NaN,NaN,NaN,transformer,embedding,2
340,341,NaN,NaN,NaN,NaN,4.312478065490723,6.310615062713623,74.62518310546875,transformer,embedding,2
342,343,0.002633411670103669,100.0,1.0026369094848633,0.001,NaN,NaN,NaN,transformer,embedding,2
345,346,0.002524435054510832,100.0,1.0025275945663452,0.001,NaN,NaN,NaN,transformer,embedding,2
346,347,NaN,NaN,NaN,NaN,4.325863838195801,6.310615062713623,75.63082122802734,transformer,embedding,2
348,349,0.002420684089884162,100.0,1.002423644065857,0.001,NaN,NaN,NaN,transformer,embedding,2
351,352,0.002321771113201976,100.0,1.0023244619369507,0.001,NaN,NaN,NaN,transformer,embedding,2
352,353,NaN,NaN,NaN,NaN,4.338938236236572,6.297329902648926,76.62613677978516,transformer,embedding,2
354,355,0.0022275212686508894,100.0,1.0022300481796265,0.001,NaN,NaN,NaN,transformer,embedding,2
357,358,0.002137675415724516,100.0,1.002139925956726,0.001,NaN,NaN,NaN,transformer,embedding,2
359,360,NaN,NaN,NaN,NaN,4.354203701019287,6.310615062713623,77.80484771728516,transformer,embedding,2
360,361,0.0020518952514976263,100.0,1.00205397605896,0.001,NaN,NaN,NaN,transformer,embedding,2
363,364,0.001970028504729271,100.0,1.001971960067749,0.001,NaN,NaN,NaN,transformer,embedding,2
366,367,0.0018918400164693594,100.0,1.0018936395645142,0.001,4.36907958984375,6.337186336517334,78.97090911865234,transformer,embedding,2
369,370,0.001817113603465259,100.0,1.0018187761306763,0.001,NaN,NaN,NaN,transformer,embedding,2
372,373,0.0017457797657698393,100.0,1.0017472505569458,0.001,NaN,NaN,NaN,transformer,embedding,2
373,374,NaN,NaN,NaN,NaN,4.383835315704346,6.363757133483887,80.14482879638672,transformer,embedding,2
375,376,0.001677537220530212,100.0,1.0016789436340332,0.001,NaN,NaN,NaN,transformer,embedding,2
378,379,0.001612180727533996,100.0,1.0016134977340698,0.001,NaN,NaN,NaN,transformer,embedding,2
380,381,NaN,NaN,NaN,NaN,4.398444175720215,6.377042770385742,81.3242416381836,transformer,embedding,2
381,382,0.00154976942576468,100.0,1.0015509128570557,0.001,NaN,NaN,NaN,transformer,embedding,2
384,385,0.0014899842208251357,100.0,1.0014910697937012,0.001,NaN,NaN,NaN,transformer,embedding,2
387,388,0.0014327754033729434,100.0,1.0014338493347168,0.001,4.412887096405029,6.403613567352295,82.50732421875,transformer,embedding,2
390,391,0.0013779851142317057,100.0,1.0013788938522339,0.001,NaN,NaN,NaN,transformer,embedding,2
393,394,0.0013255301164463162,100.0,1.0013264417648315,0.001,NaN,NaN,NaN,transformer,embedding,2
394,395,NaN,NaN,NaN,NaN,4.42726993560791,6.430184841156006,83.70259094238281,transformer,embedding,2
396,397,0.0012753155315294862,100.0,1.0012761354446411,0.001,NaN,NaN,NaN,transformer,embedding,2
399,400,0.0012271536979824305,100.0,1.001227855682373,0.001,NaN,NaN,NaN,transformer,embedding,2
401,402,NaN,NaN,NaN,NaN,4.441558837890625,6.456755638122559,84.90719604492188,transformer,embedding,2
402,403,0.0011810093419626355,100.0,1.001181721687317,0.001,NaN,NaN,NaN,transformer,embedding,2
406,407,0.0011225275229662657,100.0,1.0011231899261475,0.001,NaN,NaN,NaN,transformer,embedding,2
409,410,NaN,NaN,NaN,NaN,4.4575347900390625,6.4833269119262695,86.2745590209961,transformer,embedding,2
410,411,0.0010670899646356702,100.0,1.0010676383972168,0.001,NaN,NaN,NaN,transformer,embedding,2
414,415,0.0010147476568818092,100.0,1.001015305519104,0.001,NaN,NaN,NaN,transformer,embedding,2
417,418,NaN,NaN,NaN,NaN,4.473550319671631,6.470041275024414,87.66741943359375,transformer,embedding,2
418,419,0.000965143961366266,100.0,1.0009655952453613,0.001,NaN,NaN,NaN,transformer,embedding,2
422,423,0.0009181697387248278,100.0,1.0009186267852783,0.001,NaN,NaN,NaN,transformer,embedding,2
425,426,NaN,NaN,NaN,NaN,4.489116191864014,6.470041275024414,89.04271697998047,transformer,embedding,2
426,427,0.000873696175403893,100.0,1.0008740425109863,0.001,NaN,NaN,NaN,transformer,embedding,2
430,431,0.0008315435261465609,100.0,1.0008318424224854,0.001,NaN,NaN,NaN,transformer,embedding,2
433,434,NaN,NaN,NaN,NaN,4.504712104797363,6.4833269119262695,90.44229888916016,transformer,embedding,2
434,435,0.0007915565511211753,100.0,1.0007919073104858,0.001,NaN,NaN,NaN,transformer,embedding,2
438,439,0.0007535868790000677,100.0,1.0007538795471191,0.001,NaN,NaN,NaN,transformer,embedding,2
441,442,NaN,NaN,NaN,NaN,4.52005672454834,6.4833269119262695,91.84080505371094,transformer,embedding,2
442,443,0.0007176098879426718,100.0,1.0007178783416748,0.001,NaN,NaN,NaN,transformer,embedding,2
446,447,0.0006834145169705153,100.0,1.0006836652755737,0.001,NaN,NaN,NaN,transformer,embedding,2
449,450,NaN,NaN,NaN,NaN,4.535296440124512,6.509897708892822,93.25115203857422,transformer,embedding,2
450,451,0.0006509732338599861,100.0,1.000651240348816,0.001,NaN,NaN,NaN,transformer,embedding,2
454,455,0.0006201430805958807,100.0,1.0006203651428223,0.001,NaN,NaN,NaN,transformer,embedding,2
457,458,NaN,NaN,NaN,NaN,4.550594329833984,6.509897708892822,94.68866729736328,transformer,embedding,2
458,459,0.0005909036844968796,100.0,1.0005910396575928,0.001,NaN,NaN,NaN,transformer,embedding,2
462,463,0.0005631623207591474,100.0,1.0005632638931274,0.001,NaN,NaN,NaN,transformer,embedding,2
466,467,0.0005367122939787805,100.0,1.0005367994308472,0.001,4.567681789398193,6.523183345794678,96.320556640625,transformer,embedding,2
470,471,0.000511624850332737,100.0,1.0005117654800415,0.001,NaN,NaN,NaN,transformer,embedding,2
474,475,0.0004877703031525016,100.0,1.0004879236221313,0.001,NaN,NaN,NaN,transformer,embedding,2
475,476,NaN,NaN,NaN,NaN,4.584562301635742,6.563039779663086,97.9603042602539,transformer,embedding,2
478,479,0.00046510520041920245,100.0,1.0004651546478271,0.001,NaN,NaN,NaN,transformer,embedding,2
482,483,0.0004435314913280308,100.0,1.0004435777664185,0.001,NaN,NaN,NaN,transformer,embedding,2
484,485,NaN,NaN,NaN,NaN,4.601222038269043,6.61618185043335,99.60596466064453,transformer,embedding,2
486,487,0.00042301209759898484,100.0,1.0004230737686157,0.001,NaN,NaN,NaN,transformer,embedding,2
490,491,0.0004034930607303977,100.0,1.0004035234451294,0.001,NaN,NaN,NaN,transformer,embedding,2
493,494,NaN,NaN,NaN,NaN,4.617915630340576,6.629467487335205,101.28269958496094,transformer,embedding,2
494,495,0.0003849151835311204,100.0,1.000385046005249,0.001,NaN,NaN,NaN,transformer,embedding,2
498,499,0.00036722273216582835,100.0,1.000367283821106,0.001,NaN,NaN,NaN,transformer,embedding,2
502,503,0.0003503928892314434,100.0,1.0003504753112793,0.001,4.634608745574951,6.642752647399902,102.98761749267578,transformer,embedding,2
507,508,0.00033046689350157976,100.0,1.0003305673599243,0.001,NaN,NaN,NaN,transformer,embedding,2
512,513,0.00031169698922894895,100.0,1.0003117322921753,0.001,4.652738094329834,6.629467487335205,104.87174224853516,transformer,embedding,2
517,518,0.0002940635022241622,100.0,1.0002940893173218,0.001,NaN,NaN,NaN,transformer,embedding,2
522,523,0.00027744926046580076,100.0,1.0002775192260742,0.001,4.671258926391602,6.629467487335205,106.8321533203125,transformer,embedding,2
527,528,0.000261824723565951,100.0,1.000261902809143,0.001,NaN,NaN,NaN,transformer,embedding,2
532,533,0.00024710563593544066,100.0,1.0002471208572388,0.001,4.689452648162842,6.642752647399902,108.79361724853516,transformer,embedding,2
537,538,0.00023325547226704657,100.0,1.0002332925796509,0.001,NaN,NaN,NaN,transformer,embedding,2
542,543,0.0002201971219619736,100.0,1.0002201795578003,0.001,4.707605361938477,6.642752647399902,110.78654479980469,transformer,embedding,2
547,548,0.00020790148118976504,100.0,1.0002079010009766,0.001,NaN,NaN,NaN,transformer,embedding,2
552,553,0.0001963204995263368,100.0,1.0001963376998901,0.001,4.725925445556641,6.656038284301758,112.83486938476562,transformer,embedding,2
557,558,0.00018538949370849878,100.0,1.0001853704452515,0.001,NaN,NaN,NaN,transformer,embedding,2
562,563,0.00017510724137537181,100.0,1.00017511844635,0.001,NaN,NaN,NaN,transformer,embedding,2
563,564,NaN,NaN,NaN,NaN,4.745810508728027,6.642752647399902,115.10105895996094,transformer,embedding,2
567,568,0.00016539865464437753,100.0,1.0001654624938965,0.001,NaN,NaN,NaN,transformer,embedding,2
572,573,0.00015625190280843526,100.0,1.000156283378601,0.001,NaN,NaN,NaN,transformer,embedding,2
574,575,NaN,NaN,NaN,NaN,4.765570640563965,6.682609558105469,117.39808654785156,transformer,embedding,2
577,578,0.00014763546641916037,100.0,1.0001477003097534,0.001,NaN,NaN,NaN,transformer,embedding,2
582,583,0.00013951554137747735,100.0,1.0001394748687744,0.001,NaN,NaN,NaN,transformer,embedding,2
585,586,NaN,NaN,NaN,NaN,4.785268306732178,6.682609558105469,119.73348236083984,transformer,embedding,2
587,588,0.00013183701958041638,100.0,1.0001318454742432,0.001,NaN,NaN,NaN,transformer,embedding,2
592,593,0.00012458830315154046,100.0,1.0001245737075806,0.001,NaN,NaN,NaN,transformer,embedding,2
596,597,NaN,NaN,NaN,NaN,4.805286884307861,6.7091803550720215,122.15453338623047,transformer,embedding,2
597,598,0.0001177540616481565,100.0,1.0001177787780762,0.001,NaN,NaN,NaN,transformer,embedding,2
602,603,0.00011129540507681668,100.0,1.0001113414764404,0.001,NaN,NaN,NaN,transformer,embedding,2
607,608,NaN,NaN,NaN,NaN,4.825045108795166,6.828750133514404,124.59208679199219,transformer,embedding,2
608,609,0.0001040290153468959,100.0,1.0001040697097778,0.001,NaN,NaN,NaN,transformer,embedding,2
614,615,9.724424307933077e-05,100.0,1.0000972747802734,0.001,NaN,NaN,NaN,transformer,embedding,2
619,620,NaN,NaN,NaN,NaN,4.846636772155762,6.815464496612549,127.31149291992188,transformer,embedding,2
620,621,9.090526873478666e-05,100.0,1.0000909566879272,0.001,NaN,NaN,NaN,transformer,embedding,2
626,627,8.499179239152e-05,100.0,1.0000849962234497,0.001,NaN,NaN,NaN,transformer,embedding,2
631,632,NaN,NaN,NaN,NaN,4.868175506591797,6.802178859710693,130.08335876464844,transformer,embedding,2
632,633,7.94804873294197e-05,100.0,1.0000795125961304,0.001,NaN,NaN,NaN,transformer,embedding,2
638,639,7.434151484631002e-05,100.0,1.0000743865966797,0.001,NaN,NaN,NaN,transformer,embedding,2
643,644,NaN,NaN,NaN,NaN,4.8893046379089355,6.828750133514404,132.8611602783203,transformer,embedding,2
644,645,6.953172851353884e-05,100.0,1.000069499015808,0.001,NaN,NaN,NaN,transformer,embedding,2
650,651,6.503672193503007e-05,100.0,1.0000650882720947,0.001,NaN,NaN,NaN,transformer,embedding,2
655,656,NaN,NaN,NaN,NaN,4.9109954833984375,6.842035293579102,135.77450561523438,transformer,embedding,2
656,657,6.0849055444123223e-05,100.0,1.000060796737671,0.001,NaN,NaN,NaN,transformer,embedding,2
662,663,5.6932683946797624e-05,100.0,1.0000569820404053,0.001,NaN,NaN,NaN,transformer,embedding,2
668,669,5.326321115717292e-05,100.0,1.0000532865524292,0.001,4.933971405029297,6.855320930480957,138.93016052246094,transformer,embedding,2
674,675,4.983416511095129e-05,100.0,1.0000498294830322,0.001,NaN,NaN,NaN,transformer,embedding,2
680,681,4.663632353185676e-05,100.0,1.0000466108322144,0.001,NaN,NaN,NaN,transformer,embedding,2
681,682,NaN,NaN,NaN,NaN,4.957508087158203,6.895177364349365,142.23890686035156,transformer,embedding,2
686,687,4.365541826700792e-05,100.0,1.0000436305999756,0.001,NaN,NaN,NaN,transformer,embedding,2
692,693,4.0862742025638e-05,100.0,1.000040888786316,0.001,NaN,NaN,NaN,transformer,embedding,2
694,695,NaN,NaN,NaN,NaN,4.9810662269592285,6.935033798217773,145.62957763671875,transformer,embedding,2
698,699,3.8249003409873694e-05,100.0,1.0000382661819458,0.001,NaN,NaN,NaN,transformer,embedding,2
704,705,3.579680196708068e-05,100.0,1.0000357627868652,0.001,NaN,NaN,NaN,transformer,embedding,2
707,708,NaN,NaN,NaN,NaN,5.004217147827148,6.97489070892334,149.0403594970703,transformer,embedding,2
711,712,3.3143114706035703e-05,100.0,1.0000331401824951,0.001,NaN,NaN,NaN,transformer,embedding,2
718,719,3.06866095343139e-05,100.0,1.0000306367874146,0.001,NaN,NaN,NaN,transformer,embedding,2
721,722,NaN,NaN,NaN,NaN,5.029598236083984,7.014747142791748,152.87158203125,transformer,embedding,2
725,726,2.841681634890847e-05,100.0,1.000028371810913,0.001,NaN,NaN,NaN,transformer,embedding,2
732,733,2.6328458261559717e-05,100.0,1.0000263452529907,0.001,NaN,NaN,NaN,transformer,embedding,2
735,736,NaN,NaN,NaN,NaN,5.054757595062256,7.014747142791748,156.7665252685547,transformer,embedding,2
739,740,2.439215313643217e-05,100.0,1.000024437904358,0.001,NaN,NaN,NaN,transformer,embedding,2
746,747,2.259776920254808e-05,100.0,1.0000226497650146,0.001,NaN,NaN,NaN,transformer,embedding,2
749,750,NaN,NaN,NaN,NaN,5.08042573928833,6.97489070892334,160.84251403808594,transformer,embedding,2
753,754,2.0931121980538592e-05,100.0,1.000020980834961,0.001,NaN,NaN,NaN,transformer,embedding,2
760,761,1.938592322403565e-05,100.0,1.0000194311141968,0.001,NaN,NaN,NaN,transformer,embedding,2
763,764,NaN,NaN,NaN,NaN,5.1057329177856445,6.921748638153076,164.96493530273438,transformer,embedding,2
767,768,1.796034302969929e-05,100.0,1.0000180006027222,0.001,NaN,NaN,NaN,transformer,embedding,2
774,775,1.6652202248224057e-05,100.0,1.000016689300537,0.001,NaN,NaN,NaN,transformer,embedding,2
778,779,NaN,NaN,NaN,NaN,5.132513046264648,6.961605072021484,169.44239807128906,transformer,embedding,2
781,782,1.5439887647517025e-05,100.0,1.0000154972076416,0.001,NaN,NaN,NaN,transformer,embedding,2
788,789,1.4323816685646307e-05,100.0,1.000014305114746,0.001,NaN,NaN,NaN,transformer,embedding,2
793,794,NaN,NaN,NaN,NaN,5.159764289855957,6.961605072021484,174.1234130859375,transformer,embedding,2
795,796,1.3274916454975028e-05,100.0,1.0000132322311401,0.001,NaN,NaN,NaN,transformer,embedding,2
802,803,1.2307919860177208e-05,100.0,1.0000122785568237,0.001,NaN,NaN,NaN,transformer,embedding,2
808,809,NaN,NaN,NaN,NaN,5.187188625335693,6.948319435119629,178.96470642089844,transformer,embedding,2
810,811,1.1294832802377641e-05,100.0,1.0000113248825073,0.001,NaN,NaN,NaN,transformer,embedding,2
818,819,1.035893274092814e-05,100.0,1.000010371208191,0.001,NaN,NaN,NaN,transformer,embedding,2
824,825,NaN,NaN,NaN,NaN,5.215875625610352,6.921748638153076,184.1730194091797,transformer,embedding,2
826,827,9.518677870801184e-06,100.0,1.000009536743164,0.001,NaN,NaN,NaN,transformer,embedding,2
834,835,8.73289263836341e-06,100.0,1.0000087022781372,0.001,NaN,NaN,NaN,transformer,embedding,2
840,841,NaN,NaN,NaN,NaN,5.245431900024414,6.921748638153076,189.69772338867188,transformer,embedding,2
842,843,7.992873179318849e-06,100.0,1.0000079870224,0.001,NaN,NaN,NaN,transformer,embedding,2
850,851,7.318253210542025e-06,100.0,1.0000072717666626,0.001,NaN,NaN,NaN,transformer,embedding,2
856,857,NaN,NaN,NaN,NaN,5.274403095245361,6.948319435119629,195.2738800048828,transformer,embedding,2
858,859,6.71853422318236e-06,100.0,1.0000066757202148,0.001,NaN,NaN,NaN,transformer,embedding,2
866,867,6.138546723377658e-06,100.0,1.000006079673767,0.001,NaN,NaN,NaN,transformer,embedding,2
873,874,NaN,NaN,NaN,NaN,5.30571985244751,6.97489070892334,201.48599243164062,transformer,embedding,2
874,875,5.623388005915331e-06,100.0,1.0000056028366089,0.001,NaN,NaN,NaN,transformer,embedding,2
882,883,5.171697921468876e-06,100.0,1.0000051259994507,0.001,NaN,NaN,NaN,transformer,embedding,2
890,891,4.7448065743083134e-06,100.0,1.000004768371582,0.001,5.336671829223633,7.014747142791748,207.8199005126953,transformer,embedding,2
898,899,4.371343493403401e-06,100.0,1.0000044107437134,0.001,NaN,NaN,NaN,transformer,embedding,2
906,907,4.0393697418039665e-06,100.0,1.0000040531158447,0.001,NaN,NaN,NaN,transformer,embedding,2
907,908,NaN,NaN,NaN,NaN,5.36796236038208,6.988175868988037,214.42550659179688,transformer,embedding,2
915,916,3.684845523821423e-06,100.0,1.000003695487976,0.001,NaN,NaN,NaN,transformer,embedding,2
924,925,3.3128710583696375e-06,100.0,1.0000033378601074,0.001,NaN,NaN,NaN,transformer,embedding,2
925,926,NaN,NaN,NaN,NaN,5.4006147384643555,7.014747142791748,221.54257202148438,transformer,embedding,2
933,934,3.0072787922108546e-06,100.0,1.0000029802322388,0.001,NaN,NaN,NaN,transformer,embedding,2
942,943,2.74577200798376e-06,100.0,1.0000027418136597,0.001,NaN,NaN,NaN,transformer,embedding,2
943,944,NaN,NaN,NaN,NaN,5.433663368225098,6.988175868988037,228.986572265625,transformer,embedding,2
951,952,2.500164100638358e-06,100.0,1.0000025033950806,0.001,NaN,NaN,NaN,transformer,embedding,2
960,961,2.2743190584151307e-06,100.0,1.0000022649765015,0.001,NaN,NaN,NaN,transformer,embedding,2
961,962,NaN,NaN,NaN,NaN,5.465789794921875,7.014747142791748,236.46253967285156,transformer,embedding,2
969,970,2.060033921225113e-06,100.0,1.0000020265579224,0.001,NaN,NaN,NaN,transformer,embedding,2
978,979,1.8562000150268432e-06,100.0,1.0000019073486328,0.001,NaN,NaN,NaN,transformer,embedding,2
980,981,NaN,NaN,NaN,NaN,5.5005998611450195,7.001461505889893,244.83876037597656,transformer,embedding,2
987,988,1.6932848438955261e-06,100.0,1.0000016689300537,0.001,NaN,NaN,NaN,transformer,embedding,2
996,997,1.5513359130636672e-06,100.0,1.0000015497207642,0.001,NaN,NaN,NaN,transformer,embedding,2
999,1000,NaN,NaN,NaN,NaN,5.534582138061523,7.041317939758301,253.3019256591797,transformer,embedding,2
1005,1006,1.4236387642085901e-06,100.0,1.0000014305114746,0.001,NaN,NaN,NaN,transformer,embedding,2
1015,1016,1.2951181815878954e-06,100.0,1.000001311302185,0.001,NaN,NaN,NaN,transformer,embedding,2
1018,1019,NaN,NaN,NaN,NaN,5.568685531616211,7.081174373626709,262.08935546875,transformer,embedding,2
1025,1026,1.1714749916791334e-06,100.0,1.0000011920928955,0.001,NaN,NaN,NaN,transformer,embedding,2
1035,1036,1.033801595440309e-06,100.0,1.000001072883606,0.001,NaN,NaN,NaN,transformer,embedding,2
1038,1039,NaN,NaN,NaN,NaN,5.605990886688232,7.081174373626709,272.0513610839844,transformer,embedding,2
1045,1046,9.260572255698207e-07,100.0,1.0000009536743164,0.001,NaN,NaN,NaN,transformer,embedding,2
1055,1056,8.386771810364735e-07,100.0,1.0000008344650269,0.001,NaN,NaN,NaN,transformer,embedding,2
1058,1059,NaN,NaN,NaN,NaN,5.642686367034912,7.067889213562012,282.2198486328125,transformer,embedding,2
1065,1066,7.63807179282594e-07,100.0,1.0000007152557373,0.001,NaN,NaN,NaN,transformer,embedding,2
1075,1076,6.939094987501448e-07,100.0,1.0000007152557373,0.001,NaN,NaN,NaN,transformer,embedding,2
1079,1080,NaN,NaN,NaN,NaN,5.680266857147217,7.054603576660156,293.0276184082031,transformer,embedding,2
1085,1086,6.152072842269263e-07,100.0,1.0000005960464478,0.001,NaN,NaN,NaN,transformer,embedding,2
1095,1096,5.273838610264647e-07,100.0,1.0000004768371582,0.001,NaN,NaN,NaN,transformer,embedding,2
1100,1101,NaN,NaN,NaN,NaN,5.717570781707764,7.121031284332275,304.1651306152344,transformer,embedding,2
1105,1106,4.7116802193158946e-07,100.0,1.0000004768371582,0.001,NaN,NaN,NaN,transformer,embedding,2
1116,1117,4.204629249215941e-07,100.0,1.0000004768371582,0.001,NaN,NaN,NaN,transformer,embedding,2
1121,1122,NaN,NaN,NaN,NaN,5.75505256652832,7.147602081298828,315.7821350097656,transformer,embedding,2
1127,1128,3.761553273307072e-07,100.0,1.0000003576278687,0.001,NaN,NaN,NaN,transformer,embedding,2
1138,1139,3.35996617195633e-07,100.0,1.0000003576278687,0.001,NaN,NaN,NaN,transformer,embedding,2
1143,1144,NaN,NaN,NaN,NaN,5.792978763580322,7.187458515167236,327.98858642578125,transformer,embedding,2
1149,1150,3.005568771641265e-07,100.0,1.0000003576278687,0.001,NaN,NaN,NaN,transformer,embedding,2
1160,1161,2.6980441703017277e-07,100.0,1.000000238418579,0.001,NaN,NaN,NaN,transformer,embedding,2
1165,1166,NaN,NaN,NaN,NaN,5.829497337341309,7.187458515167236,340.1876220703125,transformer,embedding,2
1171,1172,2.4101558437905624e-07,100.0,1.000000238418579,0.001,NaN,NaN,NaN,transformer,embedding,2
1182,1183,2.1476039080425835e-07,100.0,1.000000238418579,0.001,NaN,NaN,NaN,transformer,embedding,2
1188,1189,NaN,NaN,NaN,NaN,5.8630475997924805,7.134316444396973,351.7946472167969,transformer,embedding,2
1193,1194,1.9471271173188143e-07,100.0,1.000000238418579,0.001,NaN,NaN,NaN,transformer,embedding,2
1204,1205,1.7504508775800787e-07,100.0,1.0000001192092896,0.001,NaN,NaN,NaN,transformer,embedding,2
1211,1212,NaN,NaN,NaN,NaN,5.89313268661499,7.121031284332275,362.5392150878906,transformer,embedding,2
1216,1217,1.5591585622587445e-07,100.0,1.0000001192092896,0.001,NaN,NaN,NaN,transformer,embedding,2
1228,1229,1.3970034729027248e-07,100.0,1.0000001192092896,0.001,NaN,NaN,NaN,transformer,embedding,2
1235,1236,NaN,NaN,NaN,NaN,5.920406341552734,7.160887718200684,372.5630798339844,transformer,embedding,2
1240,1241,1.246250036501806e-07,100.0,1.0000001192092896,0.001,NaN,NaN,NaN,transformer,embedding,2
1252,1253,1.1198831373349094e-07,100.0,1.0000001192092896,0.001,NaN,NaN,NaN,transformer,embedding,2
1259,1260,NaN,NaN,NaN,NaN,5.945333480834961,7.200744152069092,381.9667053222656,transformer,embedding,2
1264,1265,1.00365092237098e-07,100.0,1.0000001192092896,0.001,NaN,NaN,NaN,transformer,embedding,2
1276,1277,9.080047647103129e-08,100.0,1.0000001192092896,0.001,NaN,NaN,NaN,transformer,embedding,2
1284,1285,NaN,NaN,NaN,NaN,5.965603351593018,7.200744152069092,389.78814697265625,transformer,embedding,2
1288,1289,8.259771533403182e-08,100.0,1.0000001192092896,0.001,NaN,NaN,NaN,transformer,embedding,2
1300,1301,7.493335374419985e-08,100.0,1.0000001192092896,0.001,NaN,NaN,NaN,transformer,embedding,2
1309,1310,NaN,NaN,NaN,NaN,5.980655670166016,7.200744152069092,395.6997375488281,transformer,embedding,2
1313,1314,6.821912279519893e-08,100.0,1.0000001192092896,0.001,NaN,NaN,NaN,transformer,embedding,2
1326,1327,6.226499493777737e-08,100.0,1.0000001192092896,0.001,NaN,NaN,NaN,transformer,embedding,2
1335,1336,NaN,NaN,NaN,NaN,5.995255470275879,7.174172878265381,401.5192565917969,transformer,embedding,2
1339,1340,5.7102639061668015e-08,100.0,1.0,0.001,NaN,NaN,NaN,transformer,embedding,2
1352,1353,5.219364851427599e-08,100.0,1.0,0.001,NaN,NaN,NaN,transformer,embedding,2
1361,1362,NaN,NaN,NaN,NaN,6.011825084686279,7.160887718200684,408.2276916503906,transformer,embedding,2
1365,1366,4.931159480747738e-08,100.0,1.0,0.001,NaN,NaN,NaN,transformer,embedding,2
1378,1379,4.421258026354735e-08,100.0,1.0,0.001,NaN,NaN,NaN,transformer,embedding,2
1388,1389,NaN,NaN,NaN,NaN,6.025805473327637,7.147602081298828,413.9749450683594,transformer,embedding,2
1391,1392,4.174225054498493e-08,100.0,1.0,0.001,NaN,NaN,NaN,transformer,embedding,2
1404,1405,4.12671852245694e-08,100.0,1.0,0.001,NaN,NaN,NaN,transformer,embedding,2
1415,1416,NaN,NaN,NaN,NaN,6.039202690124512,7.200744152069092,419.5583801269531,transformer,embedding,2
1418,1419,3.436293027903048e-08,100.0,1.0,0.001,NaN,NaN,NaN,transformer,embedding,2
1432,1433,3.445794050094264e-08,100.0,1.0,0.001,NaN,NaN,NaN,transformer,embedding,2
1443,1444,NaN,NaN,NaN,NaN,6.04242467880249,7.147602081298828,420.9123840332031,transformer,embedding,2
1446,1447,3.046740815193516e-08,100.0,1.0,0.001,NaN,NaN,NaN,transformer,embedding,2
1460,1461,2.869383841641593e-08,100.0,1.0,0.001,NaN,NaN,NaN,transformer,embedding,2
1471,1472,NaN,NaN,NaN,NaN,6.0482707023620605,7.187458515167236,423.3802490234375,transformer,embedding,2
1474,1475,4.000035147555536e-08,100.0,1.0,0.001,NaN,NaN,NaN,transformer,embedding,2
1488,1489,3.825844885341212e-08,100.0,1.0,0.001,NaN,NaN,NaN,transformer,embedding,2
1500,1501,NaN,NaN,NaN,NaN,6.066395282745361,7.147602081298828,431.1238098144531,transformer,embedding,2
1502,1503,1.827411111321453e-08,100.0,1.0,0.001,NaN,NaN,NaN,transformer,embedding,2
1517,1518,4.215397098050744e-08,100.0,1.0,0.001,NaN,NaN,NaN,transformer,embedding,2
1529,1530,NaN,NaN,NaN,NaN,6.051205158233643,7.187458515167236,424.62445068359375,transformer,embedding,2
1532,1533,7.125953160880272e-09,100.0,1.0,0.001,NaN,NaN,NaN,transformer,embedding,2
1547,1548,2.44816078520671e-08,100.0,1.0,0.001,NaN,NaN,NaN,transformer,embedding,2
1559,1560,NaN,NaN,NaN,NaN,6.05936861038208,7.214029788970947,428.10504150390625,transformer,embedding,2
1562,1563,2.1187833709745973e-08,100.0,1.0,0.001,NaN,NaN,NaN,transformer,embedding,2
1577,1578,2.343646876568073e-08,100.0,1.0,0.001,NaN,NaN,NaN,transformer,embedding,2
1590,1591,NaN,NaN,NaN,NaN,6.0348639488220215,7.320313453674316,417.7419738769531,transformer,embedding,2
1592,1593,1.4853654306534736e-08,100.0,1.0,0.001,NaN,NaN,NaN,transformer,embedding,2
1607,1608,2.7775381994388226e-08,100.0,1.0,0.001,NaN,NaN,NaN,transformer,embedding,2
1621,1622,NaN,NaN,NaN,NaN,6.121364116668701,7.067889213562012,455.485595703125,transformer,embedding,2
1623,1624,2.9073889962205612e-08,100.0,1.0,0.001,NaN,NaN,NaN,transformer,embedding,2
1639,1640,0.6564770936965942,74.4952163696289,1.9279882907867432,0.001,NaN,NaN,NaN,transformer,embedding,2
1653,1654,NaN,NaN,NaN,NaN,5.078305244445801,4.07865047454834,160.50181579589844,transformer,embedding,2
1655,1656,0.04712751507759094,98.61849212646484,1.0482556819915771,0.001,NaN,NaN,NaN,transformer,embedding,2
1671,1672,0.003818502416834235,100.0,1.0038257837295532,0.001,NaN,NaN,NaN,transformer,embedding,2
1686,1687,NaN,NaN,NaN,NaN,6.169411659240723,4.942208290100098,477.90484619140625,transformer,embedding,2
1687,1688,0.0011518888641148806,100.0,1.001152515411377,0.001,NaN,NaN,NaN,transformer,embedding,2
1703,1704,0.0006037191487848759,100.0,1.0006039142608643,0.001,NaN,NaN,NaN,transformer,embedding,2
1719,1720,NaN,NaN,NaN,NaN,6.334228992462158,5.128205299377441,563.5347290039062,transformer,embedding,2
1720,1721,0.00042417956865392625,100.0,1.0004242658615112,0.001,NaN,NaN,NaN,transformer,embedding,2
1737,1738,0.000338139187078923,100.0,1.0003381967544556,0.001,NaN,NaN,NaN,transformer,embedding,2
1753,1754,NaN,NaN,NaN,NaN,6.375594139099121,5.181347370147705,587.3342895507812,transformer,embedding,2
1754,1755,0.0002832910977303982,100.0,1.0002833604812622,0.001,NaN,NaN,NaN,transformer,embedding,2
1771,1772,0.00024227162066381425,100.0,1.0002423524856567,0.001,NaN,NaN,NaN,transformer,embedding,2
1788,1789,0.00020888909057248384,100.0,1.000208854675293,0.001,6.3946709632873535,5.207918167114258,598.6463012695312,transformer,embedding,2
1805,1806,0.0001799318561097607,100.0,1.0001800060272217,0.001,NaN,NaN,NaN,transformer,embedding,2
1823,1824,0.00015388615429401398,100.0,1.00015389919281,0.001,6.410608291625977,5.274345874786377,608.2635498046875,transformer,embedding,2
1841,1842,0.00013185336138121784,100.0,1.0001318454742432,0.001,NaN,NaN,NaN,transformer,embedding,2
1859,1860,0.00011330591223668307,100.0,1.0001133680343628,0.001,6.426924228668213,5.314202308654785,618.2693481445312,transformer,embedding,2
1877,1878,9.748191951075569e-05,100.0,1.0000975131988525,0.001,NaN,NaN,NaN,transformer,embedding,2
1895,1896,8.400045771850273e-05,100.0,1.0000840425491333,0.001,NaN,NaN,NaN,transformer,embedding,2
1896,1897,NaN,NaN,NaN,NaN,6.443766117095947,5.393915176391602,628.7703857421875,transformer,embedding,2
1913,1914,7.247108442243189e-05,100.0,1.0000724792480469,0.001,NaN,NaN,NaN,transformer,embedding,2
1932,1933,6.186944665387273e-05,100.0,1.0000618696212769,0.001,NaN,NaN,NaN,transformer,embedding,2
1933,1934,NaN,NaN,NaN,NaN,6.459838390350342,5.4204864501953125,638.957763671875,transformer,embedding,2
1951,1952,5.2935240091755986e-05,100.0,1.0000529289245605,0.001,NaN,NaN,NaN,transformer,embedding,2
1970,1971,4.52749700343702e-05,100.0,1.0000452995300293,0.001,NaN,NaN,NaN,transformer,embedding,2
1971,1972,NaN,NaN,NaN,NaN,6.475677013397217,5.513484954833984,649.1585693359375,transformer,embedding,2
1989,1990,3.871969602187164e-05,100.0,1.000038743019104,0.001,NaN,NaN,NaN,transformer,embedding,2
2008,2009,3.308988380013034e-05,100.0,1.0000331401824951,0.001,NaN,NaN,NaN,transformer,embedding,2
2010,2011,NaN,NaN,NaN,NaN,6.490345001220703,5.686196327209473,658.7506103515625,transformer,embedding,2
2028,2029,2.805781150527764e-05,100.0,1.0000280141830444,0.001,NaN,NaN,NaN,transformer,embedding,2
2048,2049,2.3754204448778182e-05,100.0,1.0000237226486206,0.001,NaN,NaN,NaN,transformer,embedding,2
2050,2051,NaN,NaN,NaN,NaN,6.505349159240723,5.7791948318481445,668.7091064453125,transformer,embedding,2
2068,2069,2.0105277144466527e-05,100.0,1.000020146369934,0.001,NaN,NaN,NaN,transformer,embedding,2
2088,2089,1.699062886473257e-05,100.0,1.0000170469284058,0.001,NaN,NaN,NaN,transformer,embedding,2
2090,2091,NaN,NaN,NaN,NaN,6.519338607788086,5.832336902618408,678.1296997070312,transformer,embedding,2
2108,2109,1.4340170309878886e-05,100.0,1.000014305114746,0.001,NaN,NaN,NaN,transformer,embedding,2
2129,2130,1.1981429452134762e-05,100.0,1.0000120401382446,0.001,NaN,NaN,NaN,transformer,embedding,2
2131,2132,NaN,NaN,NaN,NaN,6.533968925476074,5.9386210441589355,688.1239013671875,transformer,embedding,2
2150,2151,9.999524991144426e-06,100.0,1.0000100135803223,0.001,NaN,NaN,NaN,transformer,embedding,2
2171,2172,8.337152394233271e-06,100.0,1.0000083446502686,0.001,NaN,NaN,NaN,transformer,embedding,2
2173,2174,NaN,NaN,NaN,NaN,6.549042224884033,5.965191841125488,698.5747680664062,transformer,embedding,2
2192,2193,6.9476150201808196e-06,100.0,1.000006914138794,0.001,NaN,NaN,NaN,transformer,embedding,2
2213,2214,5.78637991566211e-06,100.0,1.000005841255188,0.001,NaN,NaN,NaN,transformer,embedding,2
2216,2217,NaN,NaN,NaN,NaN,6.564863681793213,6.044905185699463,709.7151489257812,transformer,embedding,2
2235,2236,4.776626610691892e-06,100.0,1.000004768371582,0.001,NaN,NaN,NaN,transformer,embedding,2
2257,2258,3.935990207537543e-06,100.0,1.0000039339065552,0.001,NaN,NaN,NaN,transformer,embedding,2
2260,2261,NaN,NaN,NaN,NaN,6.582650661468506,6.230902194976807,722.4517822265625,transformer,embedding,2
2279,2280,3.2374598504247842e-06,100.0,1.0000032186508179,0.001,NaN,NaN,NaN,transformer,embedding,2
2301,2302,2.66317283603712e-06,100.0,1.0000026226043701,0.001,NaN,NaN,NaN,transformer,embedding,2
2305,2306,NaN,NaN,NaN,NaN,6.602206707000732,6.390328407287598,736.7191162109375,transformer,embedding,2
2324,2325,2.1707862742914585e-06,100.0,1.000002145767212,0.001,NaN,NaN,NaN,transformer,embedding,2
2347,2348,1.7734118955559097e-06,100.0,1.0000017881393433,0.001,NaN,NaN,NaN,transformer,embedding,2
2351,2352,NaN,NaN,NaN,NaN,6.622859477996826,6.509897708892822,752.0925903320312,transformer,embedding,2
2370,2371,1.451033881494368e-06,100.0,1.0000014305114746,0.001,NaN,NaN,NaN,transformer,embedding,2
2393,2394,1.1886721722476068e-06,100.0,1.0000011920928955,0.001,NaN,NaN,NaN,transformer,embedding,2
2398,2399,NaN,NaN,NaN,NaN,6.644130706787109,6.589611053466797,768.2619018554688,transformer,embedding,2
2416,2417,9.758438181961537e-07,100.0,1.0000009536743164,0.001,NaN,NaN,NaN,transformer,embedding,2
2440,2441,7.935778398859838e-07,100.0,1.0000008344650269,0.001,NaN,NaN,NaN,transformer,embedding,2
2445,2446,NaN,NaN,NaN,NaN,6.66593599319458,6.5497541427612305,785.1980590820312,transformer,embedding,2
2464,2465,6.465614887929405e-07,100.0,1.0000005960464478,0.001,NaN,NaN,NaN,transformer,embedding,2
2488,2489,5.277322543406626e-07,100.0,1.0000004768371582,0.001,NaN,NaN,NaN,transformer,embedding,2
2493,2494,NaN,NaN,NaN,NaN,6.690008163452148,6.589611053466797,804.3287963867188,transformer,embedding,2
2512,2513,4.297424993637833e-07,100.0,1.0000004768371582,0.001,NaN,NaN,NaN,transformer,embedding,2
2537,2538,3.4860161690630775e-07,100.0,1.0000003576278687,0.001,NaN,NaN,NaN,transformer,embedding,2
2542,2543,NaN,NaN,NaN,NaN,6.715096473693848,6.61618185043335,824.7633056640625,transformer,embedding,2
2562,2563,2.818393625148019e-07,100.0,1.000000238418579,0.001,NaN,NaN,NaN,transformer,embedding,2
2587,2588,2.2768212204482552e-07,100.0,1.000000238418579,0.001,NaN,NaN,NaN,transformer,embedding,2
2592,2593,NaN,NaN,NaN,NaN,6.740175247192383,6.722465991973877,845.7089233398438,transformer,embedding,2
2612,2613,1.845780275289144e-07,100.0,1.000000238418579,0.001,NaN,NaN,NaN,transformer,embedding,2
2638,2639,1.4774475687318045e-07,100.0,1.0000001192092896,0.001,NaN,NaN,NaN,transformer,embedding,2
2643,2644,NaN,NaN,NaN,NaN,6.760555267333984,6.762322425842285,863.121337890625,transformer,embedding,2
2664,2665,1.197476819925214e-07,100.0,1.0000001192092896,0.001,NaN,NaN,NaN,transformer,embedding,2
2690,2691,9.71346594269562e-08,100.0,1.0000001192092896,0.001,NaN,NaN,NaN,transformer,embedding,2
2695,2696,NaN,NaN,NaN,NaN,6.7680768966674805,6.762322425842285,869.6378784179688,transformer,embedding,2
2716,2717,7.981067540185904e-08,100.0,1.0000001192092896,0.001,NaN,NaN,NaN,transformer,embedding,2
2743,2744,6.555876552738482e-08,100.0,1.0000001192092896,0.001,NaN,NaN,NaN,transformer,embedding,2
2748,2749,NaN,NaN,NaN,NaN,6.755297660827637,6.828750133514404,858.5952758789062,transformer,embedding,2
2770,2771,5.4473954236300415e-08,100.0,1.0,0.001,NaN,NaN,NaN,transformer,embedding,2
2797,2798,4.642954465339244e-08,100.0,1.0,0.001,NaN,NaN,NaN,transformer,embedding,2
2802,2803,NaN,NaN,NaN,NaN,6.724869728088379,6.855320930480957,832.8634643554688,transformer,embedding,2
2824,2825,4.0823792346600385e-08,100.0,1.0,0.001,NaN,NaN,NaN,transformer,embedding,2
2852,2853,3.616817068063938e-08,100.0,1.0,0.001,NaN,NaN,NaN,transformer,embedding,2
2858,2859,NaN,NaN,NaN,NaN,6.670359134674072,6.908463001251221,788.6787719726562,transformer,embedding,2
2880,2881,3.132252501814037e-08,100.0,1.0,0.001,NaN,NaN,NaN,transformer,embedding,2
2908,2909,2.207461946568401e-08,100.0,1.0,0.001,NaN,NaN,NaN,transformer,embedding,2
2915,2916,NaN,NaN,NaN,NaN,6.607600212097168,6.948319435119629,740.703369140625,transformer,embedding,2
2937,2938,4.0063692807734697e-08,100.0,1.0,0.001,NaN,NaN,NaN,transformer,embedding,2
2966,2967,1.2858387243852576e-08,100.0,1.0,0.001,NaN,NaN,NaN,transformer,embedding,2
2973,2974,NaN,NaN,NaN,NaN,6.542535781860352,7.014747142791748,694.0443115234375,transformer,embedding,2
2995,2996,1.2256639259078383e-08,100.0,1.0,0.001,NaN,NaN,NaN,transformer,embedding,2
3024,3025,1.1433195723498102e-08,100.0,1.0,0.001,NaN,NaN,NaN,transformer,embedding,2
3032,3033,NaN,NaN,NaN,NaN,6.47061014175415,7.147602081298828,645.877685546875,transformer,embedding,2
3054,3055,6.460864288015955e-09,100.0,1.0,0.001,NaN,NaN,NaN,transformer,embedding,2
3084,3085,2.647687580292768e-08,100.0,1.0,0.001,NaN,NaN,NaN,transformer,embedding,2
3092,3093,NaN,NaN,NaN,NaN,6.419956684112549,7.081174373626709,613.9765014648438,transformer,embedding,2
3114,3115,2.2137960797863343e-08,100.0,1.0,0.001,NaN,NaN,NaN,transformer,embedding,2
3145,3146,1.691226181321781e-08,100.0,1.0,0.001,NaN,NaN,NaN,transformer,embedding,2
3153,3154,NaN,NaN,NaN,NaN,6.327559471130371,7.2273149490356445,559.7887573242188,transformer,embedding,2
3176,3177,8.551143793056326e-09,100.0,1.0,0.001,NaN,NaN,NaN,transformer,embedding,2
3207,3208,1.7355654691186828e-08,100.0,1.0,0.001,NaN,NaN,NaN,transformer,embedding,2
3216,3217,NaN,NaN,NaN,NaN,6.231945037841797,7.214029788970947,508.7440490722656,transformer,embedding,2
3239,3240,2.470330429105161e-08,100.0,1.0,0.001,NaN,NaN,NaN,transformer,embedding,2
3271,3272,2.856715575205726e-08,100.0,1.0,0.001,NaN,NaN,NaN,transformer,embedding,2
3280,3281,NaN,NaN,NaN,NaN,6.2487568855285645,7.10774564743042,517.3692626953125,transformer,embedding,2
3303,3304,2.19479350249685e-08,100.0,1.0,0.001,NaN,NaN,NaN,transformer,embedding,2
3336,3337,2.3151430994516886e-08,100.0,1.0,0.001,NaN,NaN,NaN,transformer,embedding,2
3345,3346,NaN,NaN,NaN,NaN,6.1817779541015625,7.134316444396973,483.8514709472656,transformer,embedding,2
3369,3370,5.871785546673891e-08,100.0,1.0,0.001,NaN,NaN,NaN,transformer,embedding,2
3402,3403,2.090279593858213e-08,100.0,1.0,0.001,NaN,NaN,NaN,transformer,embedding,2
3411,3412,NaN,NaN,NaN,NaN,6.145354270935059,7.174172878265381,466.5448913574219,transformer,embedding,2
3436,3437,1.6943932479307477e-08,100.0,1.0,0.001,NaN,NaN,NaN,transformer,embedding,2
3470,3471,7.759371811744131e-09,100.0,1.0,0.001,NaN,NaN,NaN,transformer,embedding,2
3479,3480,NaN,NaN,NaN,NaN,6.181654930114746,7.200744152069092,483.79193115234375,transformer,embedding,2
3504,3505,0.06528199464082718,96.65249633789062,1.0674599409103394,0.001,NaN,NaN,NaN,transformer,embedding,2
3539,3540,0.0005340700154192746,100.0,1.000534176826477,0.001,NaN,NaN,NaN,transformer,embedding,2
3548,3549,NaN,NaN,NaN,NaN,6.94597053527832,4.822638511657715,1038.954833984375,transformer,embedding,2
3574,3575,0.0001469025737605989,100.0,1.0001468658447266,0.001,NaN,NaN,NaN,transformer,embedding,2
3609,3610,6.76140989526175e-05,100.0,1.0000675916671753,0.001,NaN,NaN,NaN,transformer,embedding,2
3618,3619,NaN,NaN,NaN,NaN,7.431318759918213,5.234489440917969,1688.0322265625,transformer,embedding,2
3645,3646,2.8531267162179574e-05,100.0,1.0000284910202026,0.001,NaN,NaN,NaN,transformer,embedding,2
3681,3682,1.7738011592882685e-05,100.0,1.000017762184143,0.001,NaN,NaN,NaN,transformer,embedding,2
3690,3691,NaN,NaN,NaN,NaN,7.866993427276611,5.274345874786377,2609.70751953125,transformer,embedding,2
3717,3718,1.3118319657223765e-05,100.0,1.0000131130218506,0.001,NaN,NaN,NaN,transformer,embedding,2
3754,3755,9.97855568130035e-06,100.0,1.0000100135803223,0.001,NaN,NaN,NaN,transformer,embedding,2
3763,3764,NaN,NaN,NaN,NaN,7.903412342071533,5.407200813293457,2706.502197265625,transformer,embedding,2
3791,3792,7.650879524589982e-06,100.0,1.0000076293945312,0.001,NaN,NaN,NaN,transformer,embedding,2
3828,3829,5.861451882083202e-06,100.0,1.000005841255188,0.001,NaN,NaN,NaN,transformer,embedding,2
3838,3839,NaN,NaN,NaN,NaN,7.923271656036377,5.540055751800537,2760.78857421875,transformer,embedding,2
3866,3867,4.449092102731811e-06,100.0,1.0000044107437134,0.001,NaN,NaN,NaN,transformer,embedding,2
3904,3905,3.389053972568945e-06,100.0,1.0000033378601074,0.001,NaN,NaN,NaN,transformer,embedding,2
3914,3915,NaN,NaN,NaN,NaN,7.935215950012207,5.7791948318481445,2793.9619140625,transformer,embedding,2
3943,3944,2.559540234869928e-06,100.0,1.0000025033950806,0.001,NaN,NaN,NaN,transformer,embedding,2
3982,3983,1.9183351014362415e-06,100.0,1.0000019073486328,0.001,NaN,NaN,NaN,transformer,embedding,2
3992,3993,NaN,NaN,NaN,NaN,7.945087432861328,5.872193336486816,2821.67919921875,transformer,embedding,2
4021,4022,1.4320304444481735e-06,100.0,1.0000014305114746,0.001,NaN,NaN,NaN,transformer,embedding,2
4061,4062,1.0606580644889618e-06,100.0,1.000001072883606,0.001,NaN,NaN,NaN,transformer,embedding,2
4071,4072,NaN,NaN,NaN,NaN,7.955099105834961,5.898764610290527,2850.07080078125,transformer,embedding,2
4101,4102,7.822395673429128e-07,100.0,1.0000008344650269,0.001,NaN,NaN,NaN,transformer,embedding,2
4142,4143,5.693794946637354e-07,100.0,1.0000005960464478,0.001,NaN,NaN,NaN,transformer,embedding,2
4152,4153,NaN,NaN,NaN,NaN,7.964669227600098,5.965191841125488,2877.477294921875,transformer,embedding,2
4183,4184,4.1238683934352593e-07,100.0,1.0000003576278687,0.001,NaN,NaN,NaN,transformer,embedding,2
4224,4225,2.9887831942687626e-07,100.0,1.0000003576278687,0.001,NaN,NaN,NaN,transformer,embedding,2
4235,4236,NaN,NaN,NaN,NaN,7.972525596618652,6.111332416534424,2900.1728515625,transformer,embedding,2
4266,4267,2.1270179217935947e-07,100.0,1.000000238418579,0.001,NaN,NaN,NaN,transformer,embedding,2
4308,4309,1.5217868565287063e-07,100.0,1.0000001192092896,0.001,NaN,NaN,NaN,transformer,embedding,2
4319,4320,NaN,NaN,NaN,NaN,7.960864543914795,6.230902194976807,2866.550048828125,transformer,embedding,2
4351,4352,1.111015279775529e-07,100.0,1.0000001192092896,0.001,NaN,NaN,NaN,transformer,embedding,2
4394,4395,8.335781842561119e-08,100.0,1.0000001192092896,0.001,NaN,NaN,NaN,transformer,embedding,2
4405,4406,NaN,NaN,NaN,NaN,7.871612548828125,6.3239006996154785,2621.7900390625,transformer,embedding,2
4437,4438,6.616051706487269e-08,100.0,1.0000001192092896,0.001,NaN,NaN,NaN,transformer,embedding,2
4481,4482,5.4157244022690065e-08,100.0,1.0,0.001,NaN,NaN,NaN,transformer,embedding,2
4493,4494,NaN,NaN,NaN,NaN,7.666199207305908,6.443470478057861,2134.951416015625,transformer,embedding,2
4525,4526,4.582779666861825e-08,100.0,1.0,0.001,NaN,NaN,NaN,transformer,embedding,2
4570,4571,3.9240248383975995e-08,100.0,1.0,0.001,NaN,NaN,NaN,transformer,embedding,2
4582,4583,NaN,NaN,NaN,NaN,7.359792709350586,6.629467487335205,1571.5107421875,transformer,embedding,2
4615,4616,3.60098155738342e-08,100.0,1.0,0.001,NaN,NaN,NaN,transformer,embedding,2
4661,4662,3.0087360158859155e-08,100.0,1.0,0.001,NaN,NaN,NaN,transformer,embedding,2
4673,4674,NaN,NaN,NaN,NaN,6.976377964019775,6.828750133514404,1071.031982421875,transformer,embedding,2
4707,4708,2.9802320611338473e-08,100.0,1.0,0.001,NaN,NaN,NaN,transformer,embedding,2
4754,4755,2.5811786485974153e-08,100.0,1.0,0.001,NaN,NaN,NaN,transformer,embedding,2
4766,4767,NaN,NaN,NaN,NaN,6.626104354858398,6.961605072021484,754.5370483398438,transformer,embedding,2
4801,4802,1.1369854391318768e-08,100.0,1.0,0.001,NaN,NaN,NaN,transformer,embedding,2
4849,4850,5.26053689497985e-08,100.0,1.0,0.001,NaN,NaN,NaN,transformer,embedding,2
4861,4862,NaN,NaN,NaN,NaN,6.385886192321777,7.10774564743042,593.410400390625,transformer,embedding,2
4897,4898,4.1457212773821084e-08,100.0,1.0,0.001,NaN,NaN,NaN,transformer,embedding,2
4945,4946,5.982633410894778e-08,100.0,1.0000001192092896,0.001,NaN,NaN,NaN,transformer,embedding,2
4958,4959,NaN,NaN,NaN,NaN,6.22596549987793,7.37345552444458,505.7110595703125,transformer,embedding,2
4994,4995,6.239167849031446e-09,100.0,1.0,0.001,NaN,NaN,NaN,transformer,embedding,2
5043,5044,5.390387869397273e-08,100.0,1.0,0.001,NaN,NaN,NaN,transformer,embedding,2
5057,5058,NaN,NaN,NaN,NaN,6.120553493499756,7.439883232116699,455.11651611328125,transformer,embedding,2
5093,5094,5.108516631935345e-08,100.0,1.0,0.001,NaN,NaN,NaN,transformer,embedding,2
5143,5144,3.011902904859198e-08,100.0,1.0,0.001,NaN,NaN,NaN,transformer,embedding,2
5158,5159,NaN,NaN,NaN,NaN,6.036799430847168,7.360170364379883,418.5513000488281,transformer,embedding,2
5194,5195,2.6856925572360524e-08,100.0,1.0,0.001,NaN,NaN,NaN,transformer,embedding,2
5245,5246,5.66909186261455e-09,100.0,1.0,0.001,NaN,NaN,NaN,transformer,embedding,2
5261,5262,NaN,NaN,NaN,NaN,6.010209560394287,7.37345552444458,407.5687255859375,transformer,embedding,2
5297,5298,1.323843790146384e-08,100.0,1.0,0.001,NaN,NaN,NaN,transformer,embedding,2
5349,5350,9.722967320158205e-09,100.0,1.0,0.001,NaN,NaN,NaN,transformer,embedding,2
5366,5367,NaN,NaN,NaN,NaN,5.949833393096924,7.360170364379883,383.6894226074219,transformer,embedding,2
5402,5403,6.175826072762902e-09,100.0,1.0,0.001,NaN,NaN,NaN,transformer,embedding,2
5456,5457,2.8978876187579772e-08,100.0,1.0,0.001,NaN,NaN,NaN,transformer,embedding,2
5473,5474,NaN,NaN,NaN,NaN,5.914205551147461,7.413311958312988,370.2600402832031,transformer,embedding,2
5510,5511,3.0404066819755826e-08,100.0,1.0,0.001,NaN,NaN,NaN,transformer,embedding,2
5565,5566,2.5906798484243154e-08,100.0,1.0,0.001,NaN,NaN,NaN,transformer,embedding,2
5582,5583,NaN,NaN,NaN,NaN,5.865237236022949,7.360170364379883,352.5657958984375,transformer,embedding,2
5620,5621,7.727700257476044e-09,100.0,1.0,0.001,NaN,NaN,NaN,transformer,embedding,2
5676,5677,2.2834720780906537e-08,100.0,1.0,0.001,NaN,NaN,NaN,transformer,embedding,2
5693,5694,NaN,NaN,NaN,NaN,5.83533239364624,7.346884727478027,342.178466796875,transformer,embedding,2
5732,5733,1.2478335698062892e-08,100.0,1.0,0.001,NaN,NaN,NaN,transformer,embedding,2
5789,5790,3.74350079823671e-08,100.0,1.0,0.001,NaN,NaN,NaN,transformer,embedding,2
5806,5807,NaN,NaN,NaN,NaN,5.816137790679932,7.333599090576172,335.673095703125,transformer,embedding,2
5846,5847,1.2636690804868067e-08,100.0,1.0,0.001,NaN,NaN,NaN,transformer,embedding,2
5904,5905,5.045174944484643e-08,100.0,1.0,0.001,NaN,NaN,NaN,transformer,embedding,2
5922,5923,NaN,NaN,NaN,NaN,5.826254367828369,7.320313453674316,339.0862121582031,transformer,embedding,2
5963,5964,4.655622554139427e-09,100.0,1.0,0.001,NaN,NaN,NaN,transformer,embedding,2
6022,6023,3.9335262158601836e-08,100.0,1.0,0.001,NaN,NaN,NaN,transformer,embedding,2
6040,6041,NaN,NaN,NaN,NaN,5.794780254364014,7.267171382904053,328.5799865722656,transformer,embedding,2
6082,6083,2.7775381994388226e-08,100.0,1.0,0.001,NaN,NaN,NaN,transformer,embedding,2
6142,6143,1.1781575715019699e-08,100.0,1.0,0.001,NaN,NaN,NaN,transformer,embedding,2
6160,6161,NaN,NaN,NaN,NaN,5.773231506347656,7.2273149490356445,321.5752258300781,transformer,embedding,2
6203,6204,2.6730242908001856e-08,100.0,1.0,0.001,NaN,NaN,NaN,transformer,embedding,2
6265,6266,2.9707308613069472e-08,100.0,1.0,0.001,NaN,NaN,NaN,transformer,embedding,2
6283,6284,NaN,NaN,NaN,NaN,5.741236209869385,7.2406005859375,311.4491882324219,transformer,embedding,2
6327,6328,2.1377859482640815e-08,100.0,1.0,0.001,NaN,NaN,NaN,transformer,embedding,2
6390,6391,2.3056417219891046e-08,100.0,1.0,0.001,NaN,NaN,NaN,transformer,embedding,2
6408,6409,NaN,NaN,NaN,NaN,5.76054048538208,7.160887718200684,317.5198974609375,transformer,embedding,2
6453,6454,1.0261372196396223e-08,100.0,1.0,0.001,NaN,NaN,NaN,transformer,embedding,2
6517,6518,4.278739140772814e-08,100.0,1.0,0.001,NaN,NaN,NaN,transformer,embedding,2
6536,6537,NaN,NaN,NaN,NaN,5.724047660827637,7.134316444396973,306.1415710449219,transformer,embedding,2
6582,6583,1.7070616920022985e-08,100.0,1.0,0.001,NaN,NaN,NaN,transformer,embedding,2
6647,6648,3.372950985180978e-08,100.0,1.0,0.001,NaN,NaN,NaN,transformer,embedding,2
6666,6667,NaN,NaN,NaN,NaN,5.718900203704834,7.134316444396973,304.56976318359375,transformer,embedding,2
6713,6714,2.0997807936851132e-08,100.0,1.0,0.001,NaN,NaN,NaN,transformer,embedding,2
6780,6781,1.7102287586112652e-08,100.0,1.0,0.001,NaN,NaN,NaN,transformer,embedding,2
6799,6800,NaN,NaN,NaN,NaN,5.698572158813477,7.121031284332275,298.44097900390625,transformer,embedding,2
6847,6848,1.8749174657273215e-08,100.0,1.0,0.001,NaN,NaN,NaN,transformer,embedding,2
6915,6916,1.3776842777701859e-08,100.0,1.0,0.001,NaN,NaN,NaN,transformer,embedding,2
6934,6935,NaN,NaN,NaN,NaN,5.681451797485352,7.160887718200684,293.3750305175781,transformer,embedding,2
6984,6985,1.1908259267556787e-08,100.0,1.0,0.001,NaN,NaN,NaN,transformer,embedding,2
7053,7054,1.292172857603191e-08,100.0,1.0,0.001,NaN,NaN,NaN,transformer,embedding,2
7072,7073,NaN,NaN,NaN,NaN,5.688846588134766,7.054603576660156,295.5525207519531,transformer,embedding,2
7123,7124,2.416489941481359e-08,100.0,1.0,0.001,NaN,NaN,NaN,transformer,embedding,2
7194,7195,3.616817068063938e-08,100.0,1.0,0.001,NaN,NaN,NaN,transformer,embedding,2
7213,7214,NaN,NaN,NaN,NaN,5.669765472412109,7.134316444396973,289.9665222167969,transformer,embedding,2
7265,7266,2.489333006394645e-08,100.0,1.0,0.001,NaN,NaN,NaN,transformer,embedding,2
7337,7338,4.687293753136146e-08,100.0,1.0,0.001,NaN,NaN,NaN,transformer,embedding,2
7357,7358,NaN,NaN,NaN,NaN,5.646714687347412,7.160887718200684,283.3590087890625,transformer,embedding,2
7410,7411,2.7553685555403717e-08,100.0,1.0,0.001,NaN,NaN,NaN,transformer,embedding,2
7484,7485,1.1623221496392944e-08,100.0,1.0,0.001,NaN,NaN,NaN,transformer,embedding,2
7504,7505,NaN,NaN,NaN,NaN,5.639086723327637,7.134316444396973,281.2057800292969,transformer,embedding,2
7558,7559,2.2327986570758185e-08,100.0,1.0,0.001,NaN,NaN,NaN,transformer,embedding,2
7633,7634,3.141753524005253e-08,100.0,1.0,0.001,NaN,NaN,NaN,transformer,embedding,2
7654,7655,NaN,NaN,NaN,NaN,5.648306369781494,7.0944600105285645,283.8103942871094,transformer,embedding,2
7709,7710,1.3301779233643174e-08,100.0,1.0,0.001,NaN,NaN,NaN,transformer,embedding,2
7786,7787,1.618383116408495e-08,100.0,1.0,0.001,NaN,NaN,NaN,transformer,embedding,2
7807,7808,NaN,NaN,NaN,NaN,5.611684322357178,7.214029788970947,273.60467529296875,transformer,embedding,2
7863,7864,3.7466676872099924e-08,100.0,1.0,0.001,NaN,NaN,NaN,transformer,embedding,2
7941,7942,1.0103017977769468e-08,100.0,1.0,0.001,NaN,NaN,NaN,transformer,embedding,2
7963,7964,NaN,NaN,NaN,NaN,5.602884292602539,7.160887718200684,271.20751953125,transformer,embedding,2
8020,8021,2.0047680848733762e-08,100.0,1.0,0.001,NaN,NaN,NaN,transformer,embedding,2
8100,8101,2.0966137270761465e-08,100.0,1.0,0.001,NaN,NaN,NaN,transformer,embedding,2
8122,8123,NaN,NaN,NaN,NaN,5.5853729248046875,7.121031284332275,266.4996337890625,transformer,embedding,2
8181,8182,4.2090629648328104e-08,100.0,1.0,0.001,NaN,NaN,NaN,transformer,embedding,2
8262,8263,1.8464136886109372e-08,100.0,1.0,0.001,NaN,NaN,NaN,transformer,embedding,2
8284,8285,NaN,NaN,NaN,NaN,5.581832408905029,7.134316444396973,265.5577697753906,transformer,embedding,2
8344,8345,2.9073889962205612e-08,100.0,1.0,0.001,NaN,NaN,NaN,transformer,embedding,2
8427,8428,2.9992346384233315e-08,100.0,1.0,0.001,NaN,NaN,NaN,transformer,embedding,2
8449,8450,NaN,NaN,NaN,NaN,5.5618815422058105,7.214029788970947,260.3121643066406,transformer,embedding,2
8511,8512,1.3618488559075104e-08,100.0,1.0,0.001,NaN,NaN,NaN,transformer,embedding,2
8596,8597,2.2613024341922028e-08,100.0,1.0,0.001,NaN,NaN,NaN,transformer,embedding,2
8617,8618,NaN,NaN,NaN,NaN,5.5768537521362305,7.200744152069092,264.2389221191406,transformer,embedding,2
8681,8682,1.9509275972495743e-08,100.0,1.0,0.001,NaN,NaN,NaN,transformer,embedding,2
8767,8768,3.439459916876331e-08,100.0,1.0,0.001,NaN,NaN,NaN,transformer,embedding,2
8789,8790,NaN,NaN,NaN,NaN,5.564207077026367,7.0944600105285645,260.9182434082031,transformer,embedding,2
8854,8855,2.289806211308587e-08,100.0,1.0,0.001,NaN,NaN,NaN,transformer,embedding,2
8942,8943,1.5170362743788246e-08,100.0,1.0,0.001,NaN,NaN,NaN,transformer,embedding,2
8964,8965,NaN,NaN,NaN,NaN,5.558365345001221,7.10774564743042,259.3984680175781,transformer,embedding,2
9031,9032,1.9730972411480252e-08,100.0,1.0,0.001,NaN,NaN,NaN,transformer,embedding,2
9121,9122,2.0839454606402796e-08,100.0,1.0,0.001,NaN,NaN,NaN,transformer,embedding,2
9143,9144,NaN,NaN,NaN,NaN,5.5582075119018555,7.0944600105285645,259.3575134277344,transformer,embedding,2
9212,9213,1.418856498958121e-08,100.0,1.0,0.001,NaN,NaN,NaN,transformer,embedding,2
9304,9305,1.8369123111483532e-08,100.0,1.0,0.001,NaN,NaN,NaN,transformer,embedding,2
9325,9326,NaN,NaN,NaN,NaN,5.544902324676514,7.001461505889893,255.92958068847656,transformer,embedding,2
9397,9398,2.8408800645252086e-08,100.0,1.0,0.001,NaN,NaN,NaN,transformer,embedding,2
9490,9491,3.667490489078773e-08,100.0,1.0,0.001,NaN,NaN,NaN,transformer,embedding,2
9511,9512,NaN,NaN,NaN,NaN,5.563686370849609,7.028032302856445,260.78240966796875,transformer,embedding,2
9584,9585,1.8115756006409356e-08,100.0,1.0,0.001,NaN,NaN,NaN,transformer,embedding,2
9679,9680,2.4101558082634256e-08,100.0,1.0,0.001,NaN,NaN,NaN,transformer,embedding,2
9701,9702,NaN,NaN,NaN,NaN,5.542499542236328,6.921748638153076,255.31536865234375,transformer,embedding,2
9775,9776,1.9667631079300918e-08,100.0,1.0,0.001,NaN,NaN,NaN,transformer,embedding,2
9872,9873,1.903421242843706e-08,100.0,1.0,0.001,NaN,NaN,NaN,transformer,embedding,2
9895,9896,NaN,NaN,NaN,NaN,5.531771659851074,6.935033798217773,252.5910186767578,transformer,embedding,2
9970,9971,2.2137960797863343e-08,100.0,1.0,0.001,NaN,NaN,NaN,transformer,embedding,2
10069,10070,9.944663759142713e-09,100.0,1.0,0.001,NaN,NaN,NaN,transformer,embedding,2
10092,10093,NaN,NaN,NaN,NaN,5.541073799133301,6.8686065673828125,254.9516143798828,transformer,embedding,2
10169,10170,2.058608750132862e-08,100.0,1.0,0.001,NaN,NaN,NaN,transformer,embedding,2
10270,10271,2.53050522758258e-08,100.0,1.0,0.001,NaN,NaN,NaN,transformer,embedding,2
10293,10294,NaN,NaN,NaN,NaN,5.517075538635254,6.988175868988037,248.9060516357422,transformer,embedding,2
10372,10373,2.1916264358878834e-08,100.0,1.0,0.001,NaN,NaN,NaN,transformer,embedding,2
10475,10476,2.0871125272492463e-08,100.0,1.0,0.001,NaN,NaN,NaN,transformer,embedding,2
10498,10499,NaN,NaN,NaN,NaN,5.510974884033203,6.935033798217773,247.39218139648438,transformer,embedding,2
10579,10580,2.1599555921625324e-08,100.0,1.0,0.001,NaN,NaN,NaN,transformer,embedding,2
10684,10685,2.8440471311341753e-08,100.0,1.0,0.001,NaN,NaN,NaN,transformer,embedding,2
10707,10708,NaN,NaN,NaN,NaN,5.544152736663818,7.067889213562012,255.73780822753906,transformer,embedding,2
10790,10791,1.501200763698307e-08,100.0,1.0,0.001,NaN,NaN,NaN,transformer,embedding,2
10897,10898,2.996067394178681e-08,100.0,1.0,0.001,NaN,NaN,NaN,transformer,embedding,2
10921,10922,NaN,NaN,NaN,NaN,5.5107011795043945,6.961605072021484,247.32447814941406,transformer,embedding,2
11005,11006,3.186092811802155e-08,100.0,1.0,0.001,NaN,NaN,NaN,transformer,embedding,2
11115,11116,2.5811786485974153e-08,100.0,1.0,0.001,NaN,NaN,NaN,transformer,embedding,2
11139,11140,NaN,NaN,NaN,NaN,5.528883457183838,6.935033798217773,251.86253356933594,transformer,embedding,2
11226,11227,2.2866391446996204e-08,100.0,1.0,0.001,NaN,NaN,NaN,transformer,embedding,2
11338,11339,2.9865663719874647e-08,100.0,1.0,0.001,NaN,NaN,NaN,transformer,embedding,2
11361,11362,NaN,NaN,NaN,NaN,5.496737480163574,7.014747142791748,243.89492797851562,transformer,embedding,2
11451,11452,1.985765685219576e-08,100.0,1.0,0.001,NaN,NaN,NaN,transformer,embedding,2
11565,11566,1.8115756006409356e-08,100.0,1.0,0.001,NaN,NaN,NaN,transformer,embedding,2
11588,11589,NaN,NaN,NaN,NaN,5.52811861038208,7.028032302856445,251.66998291015625,transformer,embedding,2
11680,11681,1.5265376518414087e-08,100.0,1.0,0.001,NaN,NaN,NaN,transformer,embedding,2
11796,11797,2.78387251029244e-08,100.0,1.0,0.001,NaN,NaN,NaN,transformer,embedding,2
11819,11820,NaN,NaN,NaN,NaN,5.513115882873535,6.908463001251221,247.92242431640625,transformer,embedding,2
11913,11914,1.8749174657273215e-08,100.0,1.0,0.001,NaN,NaN,NaN,transformer,embedding,2
12032,12033,1.808408534031969e-08,100.0,1.0,0.001,NaN,NaN,NaN,transformer,embedding,2
12055,12056,NaN,NaN,NaN,NaN,5.486807823181152,7.041317939758301,241.485107421875,transformer,embedding,2
12152,12153,2.3246442992785887e-08,100.0,1.0,0.001,NaN,NaN,NaN,transformer,embedding,2
12273,12274,2.7648699330029558e-08,100.0,1.0,0.001,NaN,NaN,NaN,transformer,embedding,2
12296,12297,NaN,NaN,NaN,NaN,5.470231533050537,6.961605072021484,237.5151824951172,transformer,embedding,2
12395,12396,2.0427732394523446e-08,100.0,1.0,0.001,NaN,NaN,NaN,transformer,embedding,2
12518,12519,1.501200763698307e-08,100.0,1.0,0.001,NaN,NaN,NaN,transformer,embedding,2
12541,12542,NaN,NaN,NaN,NaN,5.473492622375488,7.028032302856445,238.29100036621094,transformer,embedding,2
12643,12644,1.7609021796261004e-08,100.0,1.0,0.001,NaN,NaN,NaN,transformer,embedding,2
12769,12770,2.058608750132862e-08,100.0,1.0,0.001,NaN,NaN,NaN,transformer,embedding,2
12791,12792,NaN,NaN,NaN,NaN,5.471717357635498,6.908463001251221,237.86834716796875,transformer,embedding,2
12896,12897,1.8622490216557708e-08,100.0,1.0,0.001,NaN,NaN,NaN,transformer,embedding,2
13024,13025,2.2644695008011695e-08,100.0,1.0,0.001,NaN,NaN,NaN,transformer,embedding,2
13046,13047,NaN,NaN,NaN,NaN,5.469465255737305,6.88189172744751,237.333251953125,transformer,embedding,2
13154,13155,2.036439106234411e-08,100.0,1.0,0.001,NaN,NaN,NaN,transformer,embedding,2
13285,13286,2.4956671396125785e-08,100.0,1.0,0.001,NaN,NaN,NaN,transformer,embedding,2
13306,13307,NaN,NaN,NaN,NaN,5.480751037597656,6.921748638153076,240.02691650390625,transformer,embedding,2
13417,13418,2.7775381994388226e-08,100.0,1.0,0.001,NaN,NaN,NaN,transformer,embedding,2
13551,13552,1.7925730233514514e-08,100.0,1.0,0.001,NaN,NaN,NaN,transformer,embedding,2
13572,13573,NaN,NaN,NaN,NaN,5.460459232330322,6.921748638153076,235.20541381835938,transformer,embedding,2
13686,13687,2.2613024341922028e-08,100.0,1.0,0.001,NaN,NaN,NaN,transformer,embedding,2
13822,13823,2.9073889962205612e-08,100.0,1.0,0.001,NaN,NaN,NaN,transformer,embedding,2
13843,13844,NaN,NaN,NaN,NaN,5.451830863952637,6.935033798217773,233.18470764160156,transformer,embedding,2
13960,13961,9.279574442189187e-09,100.0,1.0,0.001,NaN,NaN,NaN,transformer,embedding,2
14099,14100,1.9477605306406076e-08,100.0,1.0,0.001,NaN,NaN,NaN,transformer,embedding,2
14119,14120,NaN,NaN,NaN,NaN,5.461368560791016,6.88189172744751,235.4193878173828,transformer,embedding,2
14239,14240,2.343646876568073e-08,100.0,1.0,0.001,NaN,NaN,NaN,transformer,embedding,2
14381,14382,2.353148076394973e-08,100.0,1.0,0.001,NaN,NaN,NaN,transformer,embedding,2
14401,14402,NaN,NaN,NaN,NaN,5.446302890777588,6.855320930480957,231.8992156982422,transformer,embedding,2
14524,14525,2.4323254521618765e-08,100.0,1.0,0.001,NaN,NaN,NaN,transformer,embedding,2
14669,14670,1.523370407596758e-08,100.0,1.0,0.001,NaN,NaN,NaN,transformer,embedding,2
14689,14690,NaN,NaN,NaN,NaN,5.45438289642334,6.88189172744751,233.7805633544922,transformer,embedding,2
14815,14816,2.4925000730036118e-08,100.0,1.0,0.001,NaN,NaN,NaN,transformer,embedding,2
14963,14964,2.2518012343653027e-08,100.0,1.0,0.001,NaN,NaN,NaN,transformer,embedding,2
14982,14983,NaN,NaN,NaN,NaN,5.447930335998535,6.842035293579102,232.2769317626953,transformer,embedding,2
15112,15113,2.2106290131773676e-08,100.0,1.0,0.001,NaN,NaN,NaN,transformer,embedding,2
15263,15264,2.1282847484371814e-08,100.0,1.0,0.001,NaN,NaN,NaN,transformer,embedding,2
15281,15282,NaN,NaN,NaN,NaN,5.444336891174316,6.682609558105469,231.44375610351562,transformer,embedding,2
15415,15416,2.2296315904668518e-08,100.0,1.0,0.001,NaN,NaN,NaN,transformer,embedding,2
15569,15570,1.6215503606531456e-08,100.0,1.0,0.001,NaN,NaN,NaN,transformer,embedding,2
15586,15587,NaN,NaN,NaN,NaN,5.436548233032227,6.788893222808838,229.6481170654297,transformer,embedding,2
15724,15725,2.2106290131773676e-08,100.0,1.0,0.001,NaN,NaN,NaN,transformer,embedding,2
15881,15882,2.311975855207038e-08,100.0,1.0,0.001,NaN,NaN,NaN,transformer,embedding,2
15897,15898,NaN,NaN,NaN,NaN,5.426052093505859,6.74903678894043,227.25030517578125,transformer,embedding,2
16039,16040,1.9192567535242233e-08,100.0,1.0,0.001,NaN,NaN,NaN,transformer,embedding,2
16199,16200,2.1916264358878834e-08,100.0,1.0,0.001,NaN,NaN,NaN,transformer,embedding,2
16214,16215,NaN,NaN,NaN,NaN,5.436883449554443,6.7091803550720215,229.72511291503906,transformer,embedding,2
16360,16361,2.0871125272492463e-08,100.0,1.0,0.001,NaN,NaN,NaN,transformer,embedding,2
16523,16524,2.131451815046148e-08,100.0,1.0,0.001,NaN,NaN,NaN,transformer,embedding,2
16538,16539,NaN,NaN,NaN,NaN,5.435162544250488,6.669323921203613,229.3301239013672,transformer,embedding,2
16688,16689,1.9572617304675077e-08,100.0,1.0,0.001,NaN,NaN,NaN,transformer,embedding,2
16854,16855,2.1694567919894325e-08,100.0,1.0,0.001,NaN,NaN,NaN,transformer,embedding,2
16868,16869,NaN,NaN,NaN,NaN,5.440596103668213,6.656038284301758,230.57958984375,transformer,embedding,2
17022,17023,1.92242382013319e-08,100.0,1.0,0.001,NaN,NaN,NaN,transformer,embedding,2
17192,17193,1.1021474399797171e-08,100.0,1.0,0.001,NaN,NaN,NaN,transformer,embedding,2
17205,17206,NaN,NaN,NaN,NaN,5.422016620635986,6.7091803550720215,226.33509826660156,transformer,embedding,2
17363,17364,1.9730972411480252e-08,100.0,1.0,0.001,NaN,NaN,NaN,transformer,embedding,2
17536,17537,1.8052414674230022e-08,100.0,1.0,0.001,NaN,NaN,NaN,transformer,embedding,2
17549,17550,NaN,NaN,NaN,NaN,5.4259748458862305,6.762322425842285,227.23275756835938,transformer,embedding,2
17711,17712,2.6286850030032838e-08,100.0,1.0,0.001,NaN,NaN,NaN,transformer,embedding,2
17888,17889,2.207461946568401e-08,100.0,1.0,0.001,NaN,NaN,NaN,transformer,embedding,2
17899,17900,NaN,NaN,NaN,NaN,5.427470684051514,6.656038284301758,227.57290649414062,transformer,embedding,2
18066,18067,2.0839454606402796e-08,100.0,1.0,0.001,NaN,NaN,NaN,transformer,embedding,2
18246,18247,1.2256639259078383e-08,100.0,1.0,0.001,NaN,NaN,NaN,transformer,embedding,2
18256,18257,NaN,NaN,NaN,NaN,5.427009105682373,6.61618185043335,227.4678955078125,transformer,embedding,2
18428,18429,2.0427732394523446e-08,100.0,1.0,0.001,NaN,NaN,NaN,transformer,embedding,2
18612,18613,1.2066614374361961e-08,100.0,1.0,0.001,NaN,NaN,NaN,transformer,embedding,2
18621,18622,NaN,NaN,NaN,NaN,5.415226936340332,6.735751628875732,224.80355834960938,transformer,embedding,2
18798,18799,2.44816078520671e-08,100.0,1.0,0.001,NaN,NaN,NaN,transformer,embedding,2
18985,18986,1.3618488559075104e-08,100.0,1.0,0.001,NaN,NaN,NaN,transformer,embedding,2
18993,18994,NaN,NaN,NaN,NaN,5.412899017333984,6.735751628875732,224.2808380126953,transformer,embedding,2
19174,19175,1.890752798772155e-08,100.0,1.0,0.001,NaN,NaN,NaN,transformer,embedding,2
19365,19366,2.4988342062215452e-08,100.0,1.0,0.001,NaN,NaN,NaN,transformer,embedding,2
19372,19373,NaN,NaN,NaN,NaN,5.41679573059082,6.589611053466797,225.15650939941406,transformer,embedding,2
19558,19559,1.4220235655670876e-08,100.0,1.0,0.001,NaN,NaN,NaN,transformer,embedding,2
19753,19754,1.523370407596758e-08,100.0,1.0,0.001,NaN,NaN,NaN,transformer,embedding,2
19759,19760,NaN,NaN,NaN,NaN,5.41597318649292,6.61618185043335,224.97137451171875,transformer,embedding,2
19950,19951,1.8020744008140355e-08,100.0,1.0,0.001,NaN,NaN,NaN,transformer,embedding,2
20149,20150,1.4726969865819228e-08,100.0,1.0,0.001,NaN,NaN,NaN,transformer,embedding,2
20154,20155,NaN,NaN,NaN,NaN,5.405903339385986,6.602896213531494,222.71731567382812,transformer,embedding,2
20350,20351,1.764069246235067e-08,100.0,1.0,0.001,NaN,NaN,NaN,transformer,embedding,2
20553,20554,2.543173494018447e-08,100.0,1.0,0.001,NaN,NaN,NaN,transformer,embedding,2
20557,20558,NaN,NaN,NaN,NaN,5.4046220779418945,6.682609558105469,222.43214416503906,transformer,embedding,2
20758,20759,1.2668361470957734e-08,100.0,1.0,0.001,NaN,NaN,NaN,transformer,embedding,2
20965,20966,2.049107372670278e-08,100.0,1.0,0.001,NaN,NaN,NaN,transformer,embedding,2
20968,20969,NaN,NaN,NaN,NaN,5.402572154998779,6.629467487335205,221.9766387939453,transformer,embedding,2
21174,21175,1.65955533759643e-08,100.0,1.0,0.001,NaN,NaN,NaN,transformer,embedding,2
21385,21386,1.5993807167546947e-08,100.0,1.0,0.001,NaN,NaN,NaN,transformer,embedding,2
21387,21388,NaN,NaN,NaN,NaN,5.399701118469238,6.602896213531494,221.3402557373047,transformer,embedding,2
21598,21599,2.1282847484371814e-08,100.0,1.0,0.001,NaN,NaN,NaN,transformer,embedding,2
21813,21814,2.0776111497866623e-08,100.0,1.0,0.001,NaN,NaN,NaN,transformer,embedding,2
21814,21815,NaN,NaN,NaN,NaN,5.402950286865234,6.669323921203613,222.0605926513672,transformer,embedding,2
22031,22032,2.0332720396254444e-08,100.0,1.0,0.001,NaN,NaN,NaN,transformer,embedding,2
22250,22251,NaN,NaN,NaN,NaN,16.068931579589844,4.83592414855957,9520249.0,transformer,embedding,2
22251,22252,7.486622166652523e-07,100.0,1.0000007152557373,0.001,NaN,NaN,NaN,transformer,embedding,2
22473,22474,1.14395291461733e-07,100.0,1.0000001192092896,0.001,NaN,NaN,NaN,transformer,embedding,2
22694,22695,NaN,NaN,NaN,NaN,16.048912048339844,4.955493450164795,9331553.0,transformer,embedding,2
22697,22698,1.66905653742333e-08,100.0,1.0,0.001,NaN,NaN,NaN,transformer,embedding,2
22923,22924,4.972331879571357e-09,100.0,1.0,0.001,NaN,NaN,NaN,transformer,embedding,2
23147,23148,NaN,NaN,NaN,NaN,9.451976776123047,5.553341388702393,12733.3115234375,transformer,embedding,2
23152,23153,1.029304375066431e-08,100.0,1.0,0.001,NaN,NaN,NaN,transformer,embedding,2
23383,23384,2.1282847484371814e-08,100.0,1.0,0.001,NaN,NaN,NaN,transformer,embedding,2
23609,23610,NaN,NaN,NaN,NaN,5.477040767669678,6.895177364349365,239.13800048828125,transformer,embedding,2
23616,23617,1.6658894708143634e-08,100.0,1.0,0.001,NaN,NaN,NaN,transformer,embedding,2
23852,23853,1.5518743623488263e-08,100.0,1.0,0.001,NaN,NaN,NaN,transformer,embedding,2
24081,24082,NaN,NaN,NaN,NaN,5.35283899307251,6.842035293579102,211.20706176757812,transformer,embedding,2
24090,24091,1.5423729848862422e-08,100.0,1.0,0.001,NaN,NaN,NaN,transformer,embedding,2
24330,24331,1.5993807167546947e-08,100.0,1.0,0.001,NaN,NaN,NaN,transformer,embedding,2
24562,24563,NaN,NaN,NaN,NaN,5.3264079093933105,6.802178859710693,205.69775390625,transformer,embedding,2
24573,24574,2.4861659397856783e-08,100.0,1.0,0.001,NaN,NaN,NaN,transformer,embedding,2
24818,24819,1.8844186655542217e-08,100.0,1.0,0.001,NaN,NaN,NaN,transformer,embedding,2
25053,25054,NaN,NaN,NaN,NaN,5.354501247406006,6.828750133514404,211.55844116210938,transformer,embedding,2
25066,25067,1.5360388516683088e-08,100.0,1.0,0.001,NaN,NaN,NaN,transformer,embedding,2
25316,25317,1.9255908867421567e-08,100.0,1.0,0.001,NaN,NaN,NaN,transformer,embedding,2
25554,25555,NaN,NaN,NaN,NaN,5.333327293395996,6.7091803550720215,207.12599182128906,transformer,embedding,2
25569,25570,8.709498011683081e-09,100.0,1.0,0.001,NaN,NaN,NaN,transformer,embedding,2
25824,25825,2.0237706621628604e-08,100.0,1.0,0.001,NaN,NaN,NaN,transformer,embedding,2
26065,26066,NaN,NaN,NaN,NaN,5.318157196044922,6.722465991973877,204.00758361816406,transformer,embedding,2
26082,26083,1.9920998184375094e-08,100.0,1.0,0.001,NaN,NaN,NaN,transformer,embedding,2
26342,26343,1.849580755219904e-08,100.0,1.0,0.001,NaN,NaN,NaN,transformer,embedding,2
26586,26587,NaN,NaN,NaN,NaN,5.329054355621338,6.722465991973877,206.2428436279297,transformer,embedding,2
26605,26606,1.8939200430168057e-08,100.0,1.0,0.001,NaN,NaN,NaN,transformer,embedding,2
26871,26872,1.9604287970764744e-08,100.0,1.0,0.001,NaN,NaN,NaN,transformer,embedding,2
27117,27118,NaN,NaN,NaN,NaN,5.306323051452637,6.695894718170166,201.60755920410156,transformer,embedding,2
27139,27140,1.4853654306534736e-08,100.0,1.0,0.001,NaN,NaN,NaN,transformer,embedding,2
27410,27411,1.8432464443662866e-08,100.0,1.0,0.001,NaN,NaN,NaN,transformer,embedding,2
27659,27660,NaN,NaN,NaN,NaN,5.293525695800781,6.695894718170166,199.04396057128906,transformer,embedding,2
27684,27685,1.7577351130171337e-08,100.0,1.0,0.001,NaN,NaN,NaN,transformer,embedding,2
27960,27961,7.410991376133325e-09,100.0,1.0,0.001,NaN,NaN,NaN,transformer,embedding,2
28212,28213,NaN,NaN,NaN,NaN,24.344236373901367,4.145077705383301,37373820928.0,transformer,embedding,2
28239,28240,3.5535840652300976e-06,100.0,1.0000035762786865,0.001,NaN,NaN,NaN,transformer,embedding,2
28521,28522,1.9493417369176314e-07,100.0,1.000000238418579,0.001,NaN,NaN,NaN,transformer,embedding,2
28776,28777,NaN,NaN,NaN,NaN,24.429832458496094,4.264647483825684,40713781248.0,transformer,embedding,2
28806,28807,1.555041428957793e-08,100.0,1.0,0.001,NaN,NaN,NaN,transformer,embedding,2
29094,29095,4.085546567722531e-09,100.0,1.0,0.001,NaN,NaN,NaN,transformer,embedding,2
29351,29352,NaN,NaN,NaN,NaN,11.42726993560791,4.7163543701171875,91791.0390625,transformer,embedding,2
29384,29385,1.1401525057408435e-08,100.0,1.0,0.001,NaN,NaN,NaN,transformer,embedding,2
29677,29678,1.3935197884507033e-08,100.0,1.0,0.001,NaN,NaN,NaN,transformer,embedding,2
29938,29939,NaN,NaN,NaN,NaN,5.427505016326904,6.629467487335205,227.58071899414062,transformer,embedding,2
29973,29974,2.3183101660606553e-08,100.0,1.0,0.001,NaN,NaN,NaN,transformer,embedding,2
30272,30273,1.1533437600519392e-06,100.0,1.0000011920928955,0.001,NaN,NaN,NaN,transformer,embedding,2
30536,30537,NaN,NaN,NaN,NaN,21.36966896057129,4.091935634613037,1908663296.0,transformer,embedding,2
30574,30575,8.085580560646122e-08,100.0,1.0000001192092896,0.001,NaN,NaN,NaN,transformer,embedding,2
30879,30880,5.795775415151638e-09,100.0,1.0,0.001,NaN,NaN,NaN,transformer,embedding,2
31146,31147,NaN,NaN,NaN,NaN,15.549368858337402,4.317789554595947,5662459.5,transformer,embedding,2
31187,31188,6.175826072762902e-09,100.0,1.0,0.001,NaN,NaN,NaN,transformer,embedding,2
31498,31499,2.0776111497866623e-08,100.0,1.0,0.001,NaN,NaN,NaN,transformer,embedding,2
31768,31769,NaN,NaN,NaN,NaN,5.569310665130615,6.762322425842285,262.2532653808594,transformer,embedding,2
31812,31813,1.786238890133518e-08,100.0,1.0,0.001,NaN,NaN,NaN,transformer,embedding,2
32130,32131,1.995266840637555e-09,100.0,1.0,0.001,NaN,NaN,NaN,transformer,embedding,2
32403,32404,NaN,NaN,NaN,NaN,20.85721778869629,4.596785068511963,1143337856.0,transformer,embedding,2
32451,32452,3.6645503769250354e-06,100.0,1.000003695487976,0.001,NaN,NaN,NaN,transformer,embedding,2
32775,32776,5.6690911520718146e-08,100.0,1.0,0.001,NaN,NaN,NaN,transformer,embedding,2
33051,33052,NaN,NaN,NaN,NaN,21.847148895263672,4.689783573150635,3076778240.0,transformer,embedding,2
33102,33103,2.6920268236807487e-09,100.0,1.0,0.001,NaN,NaN,NaN,transformer,embedding,2
33433,33434,3.927191905006566e-09,100.0,1.0,0.001,NaN,NaN,NaN,transformer,embedding,2
33712,33713,NaN,NaN,NaN,NaN,5.927069664001465,6.642752647399902,375.0538635253906,transformer,embedding,2
33767,33768,1.976264307756992e-08,100.0,1.0,0.001,NaN,NaN,NaN,transformer,embedding,2
34104,34105,1.8251900257837406e-07,100.0,1.000000238418579,0.001,NaN,NaN,NaN,transformer,embedding,2
34386,34387,NaN,NaN,NaN,NaN,23.02464485168457,4.291218280792236,9987946496.0,transformer,embedding,2
34445,34446,8.867852230309836e-09,100.0,1.0,0.001,NaN,NaN,NaN,transformer,embedding,2
34789,34790,1.963595952503283e-09,100.0,1.0,0.001,NaN,NaN,NaN,transformer,embedding,2
35073,35074,NaN,NaN,NaN,NaN,8.047737121582031,5.898764610290527,3126.711669921875,transformer,embedding,2
35136,35137,1.795740089960418e-08,100.0,1.0,0.001,NaN,NaN,NaN,transformer,embedding,2
35487,35488,1.900254259501466e-10,100.0,1.0,0.001,NaN,NaN,NaN,transformer,embedding,2
35774,35775,NaN,NaN,NaN,NaN,21.65818977355957,4.769496440887451,2547019776.0,transformer,embedding,2
35841,35842,1.326058765016569e-07,100.0,1.0000001192092896,0.001,NaN,NaN,NaN,transformer,embedding,2
36199,36200,5.6374207524356734e-09,100.0,1.0,0.001,NaN,NaN,NaN,transformer,embedding,2
36489,36490,NaN,NaN,NaN,NaN,17.519224166870117,5.048491954803467,40597788.0,transformer,embedding,2
36560,36561,2.597013937233328e-09,100.0,1.0,0.001,NaN,NaN,NaN,transformer,embedding,2
36925,36926,1.7925730233514514e-08,100.0,1.0,0.001,NaN,NaN,NaN,transformer,embedding,2
37218,37219,NaN,NaN,NaN,NaN,5.52083158493042,7.054603576660156,249.84271240234375,transformer,embedding,2
37294,37295,1.8497702285458217e-06,100.0,1.0000019073486328,0.001,NaN,NaN,NaN,transformer,embedding,2
37666,37667,2.3278113658875554e-08,100.0,1.0,0.001,NaN,NaN,NaN,transformer,embedding,2
37962,37963,NaN,NaN,NaN,NaN,20.974443435668945,4.610070705413818,1285538432.0,transformer,embedding,2
38042,38043,2.31197594402488e-09,100.0,1.0,0.001,NaN,NaN,NaN,transformer,embedding,2
38422,38423,1.3143425015016419e-08,100.0,1.0,0.001,NaN,NaN,NaN,transformer,embedding,2
38721,38722,NaN,NaN,NaN,NaN,40.217342376708984,4.450644493103027,2.9252963841500774e+17,transformer,embedding,2
38806,38807,8.110614544420969e-06,100.0,1.0000081062316895,0.001,NaN,NaN,NaN,transformer,embedding,2
39194,39195,7.727700257476044e-09,100.0,1.0,0.001,NaN,NaN,NaN,transformer,embedding,2
39495,39496,NaN,NaN,NaN,NaN,35.0003662109375,4.410788059234619,1586594339356672.0,transformer,embedding,2
39585,39586,1.995266840637555e-09,100.0,1.0,0.001,NaN,NaN,NaN,transformer,embedding,2
39980,39981,1.713395825220232e-08,100.0,1.0,0.001,NaN,NaN,NaN,transformer,embedding,2
40284,40285,NaN,NaN,NaN,NaN,5.659306049346924,6.363757133483887,286.9494323730469,transformer,embedding,2
40379,40380,0.45726847648620605,97.98087310791016,1.5797529220581055,0.001,NaN,NaN,NaN,transformer,embedding,2
40782,40783,1.817909733858869e-08,100.0,1.0,0.001,NaN,NaN,NaN,transformer,embedding,2
41089,41090,NaN,NaN,NaN,NaN,26.49622344970703,4.450644493103027,321487175680.0,transformer,embedding,2
41189,41190,1.7418997355633792e-09,100.0,1.0,0.001,NaN,NaN,NaN,transformer,embedding,2
41600,41601,1.574044006247277e-08,100.0,1.0,0.001,NaN,NaN,NaN,transformer,embedding,2
41910,41911,NaN,NaN,NaN,NaN,27.596532821655273,3.8129401206970215,966099664896.0,transformer,embedding,2
42016,42017,1.9328700773257879e-07,100.0,1.000000238418579,0.001,NaN,NaN,NaN,transformer,embedding,2
42436,42437,4.212230120259619e-09,100.0,1.0,0.001,NaN,NaN,NaN,transformer,embedding,2
42748,42749,NaN,NaN,NaN,NaN,18.99791717529297,4.21150541305542,178110944.0,transformer,embedding,2
42860,42861,8.044409582907974e-09,100.0,1.0,0.001,NaN,NaN,NaN,transformer,embedding,2
43288,43289,2.7413869929659995e-07,100.0,1.000000238418579,0.001,NaN,NaN,NaN,transformer,embedding,2
43602,43603,NaN,NaN,NaN,NaN,34.59724044799805,4.463930130004883,1060206905655296.0,transformer,embedding,2
43720,43721,3.2304321440079775e-09,100.0,1.0,0.001,NaN,NaN,NaN,transformer,embedding,2
44157,44158,2.248634167756336e-09,100.0,1.0,0.001,NaN,NaN,NaN,transformer,embedding,2
44474,44475,NaN,NaN,NaN,NaN,6.601099014282227,6.111332416534424,735.9035034179688,transformer,embedding,2
44598,44599,2.8187104206267577e-08,100.0,1.0,0.001,NaN,NaN,NaN,transformer,embedding,2
45043,45044,5.225692589760911e-08,100.0,1.0,0.001,NaN,NaN,NaN,transformer,embedding,2
45363,45364,NaN,NaN,NaN,NaN,36.24283981323242,4.3310747146606445,5496235825823744.0,transformer,embedding,2
45493,45494,1.4251906321760544e-09,100.0,1.0,0.001,NaN,NaN,NaN,transformer,embedding,2
45947,45948,1.1844917935377453e-08,100.0,1.0,0.001,NaN,NaN,NaN,transformer,embedding,2
46270,46271,NaN,NaN,NaN,NaN,52.087066650390625,3.9723660945892334,4.179512491705586e+22,transformer,embedding,2
46406,46407,2.3974855878350354e-08,100.0,1.0,0.001,NaN,NaN,NaN,transformer,embedding,2
46870,46871,1.3935197440417824e-09,100.0,1.0,0.001,NaN,NaN,NaN,transformer,embedding,2
47195,47196,NaN,NaN,NaN,NaN,18.552000045776367,4.224791049957275,114033184.0,transformer,embedding,2
47338,47339,1.5613755621757264e-08,100.0,1.0,0.001,NaN,NaN,NaN,transformer,embedding,2
47811,47812,2.6065114511197862e-08,100.0,1.0,0.001,NaN,NaN,NaN,transformer,embedding,2
48138,48139,NaN,NaN,NaN,NaN,56.42857360839844,4.663212299346924,3.2108362382446184e+24,transformer,embedding,2
48289,48290,4.117217400345652e-10,100.0,1.0,0.001,NaN,NaN,NaN,transformer,embedding,2
48771,48772,6.840915389716429e-09,100.0,1.0,0.001,NaN,NaN,NaN,transformer,embedding,2
49100,49101,NaN,NaN,NaN,NaN,5.956284999847412,6.297329902648926,386.1728210449219,transformer,embedding,2
49258,49259,2.2644695008011695e-08,100.0,1.0,0.001,NaN,NaN,NaN,transformer,embedding,2
49750,49751,0.0,100.0,1.0,0.001,NaN,NaN,NaN,transformer,embedding,2
50081,50082,NaN,NaN,NaN,NaN,8.750446319580078,6.669323921203613,6313.50537109375,transformer,embedding,2
50247,50248,1.58354510060299e-10,100.0,1.0,0.001,NaN,NaN,NaN,transformer,embedding,2
50749,50750,1.2387766901156283e-06,100.0,1.0000011920928955,0.001,NaN,NaN,NaN,transformer,embedding,2
51082,51083,NaN,NaN,NaN,NaN,52.14388656616211,4.397502422332764,4.4238683499274915e+22,transformer,embedding,2
51256,51257,9.501270881173696e-10,100.0,1.0,0.001,NaN,NaN,NaN,transformer,embedding,2
51768,51769,3.4837994711267584e-09,100.0,1.0,0.001,NaN,NaN,NaN,transformer,embedding,2
52103,52104,NaN,NaN,NaN,NaN,5.973761558532715,6.523183345794678,392.9811096191406,transformer,embedding,2
52285,52286,5.859117191420182e-09,100.0,1.0,0.001,NaN,NaN,NaN,transformer,embedding,2
52807,52808,0.014004281722009182,99.57492065429688,1.014102816581726,0.001,NaN,NaN,NaN,transformer,embedding,2
53145,53146,NaN,NaN,NaN,NaN,83.96341705322266,3.9989371299743652,2.916410846035574e+36,transformer,embedding,2
53335,53336,1.7560850551490148e-07,100.0,1.0000001192092896,0.001,NaN,NaN,NaN,transformer,embedding,2
53868,53869,4.433926559244128e-10,100.0,1.0,0.001,NaN,NaN,NaN,transformer,embedding,2
54207,54208,NaN,NaN,NaN,NaN,53.455204010009766,3.6800851821899414,1.641724013619146e+23,transformer,embedding,2
54406,54407,1.2510007252330979e-08,100.0,1.0,0.001,NaN,NaN,NaN,transformer,embedding,2
54950,54951,6.3025087371215704e-09,100.0,1.0,0.001,NaN,NaN,NaN,transformer,embedding,2
55291,55292,NaN,NaN,NaN,NaN,78.55538940429688,3.9059386253356934,1.306688667985082e+34,transformer,embedding,2
55499,55500,1.7735706236976512e-09,100.0,1.0,0.001,NaN,NaN,NaN,transformer,embedding,2
56053,56054,8.890022229479655e-08,100.0,1.0000001192092896,0.001,NaN,NaN,NaN,transformer,embedding,2
56396,56397,NaN,NaN,NaN,NaN,58.01057815551758,4.503786563873291,1.561974710968993e+25,transformer,embedding,2
56613,56614,1.5008315301656694e-07,100.0,1.0000001192092896,0.001,NaN,NaN,NaN,transformer,embedding,2
57179,57180,7.284307601551632e-10,100.0,1.0,0.001,NaN,NaN,NaN,transformer,embedding,2
57523,57524,NaN,NaN,NaN,NaN,27.246726989746094,4.012222766876221,680931098624.0,transformer,embedding,2
57750,57751,1.640552760306946e-08,100.0,1.0,0.001,NaN,NaN,NaN,transformer,embedding,2
58327,58328,2.869383841641593e-08,100.0,1.0,0.001,NaN,NaN,NaN,transformer,embedding,2
58673,58674,NaN,NaN,NaN,NaN,94.38763427734375,4.145077705383301,inf,transformer,embedding,2
58910,58911,0.0005667668883688748,99.94686126708984,1.0005669593811035,0.001,NaN,NaN,NaN,transformer,embedding,2
59499,59500,7.157615389274952e-09,100.0,1.0,0.001,NaN,NaN,NaN,transformer,embedding,2
59846,59847,NaN,NaN,NaN,NaN,123.2575454711914,3.932509660720825,inf,transformer,embedding,2
60093,60094,3.16709020120598e-10,100.0,1.0,0.001,NaN,NaN,NaN,transformer,embedding,2
60693,60694,1.2763374357405155e-08,100.0,1.0,0.001,NaN,NaN,NaN,transformer,embedding,2
61042,61043,NaN,NaN,NaN,NaN,7.106480121612549,5.513484954833984,1219.8463134765625,transformer,embedding,2
61299,61300,0.0,100.0,1.0,0.001,NaN,NaN,NaN,transformer,embedding,2
61911,61912,2.311973279489621e-09,100.0,1.0,0.001,NaN,NaN,NaN,transformer,embedding,2
62262,62263,NaN,NaN,NaN,NaN,118.17484283447266,3.8527965545654297,inf,transformer,embedding,2
62530,62531,6.33418109630135e-11,100.0,1.0,0.001,NaN,NaN,NaN,transformer,embedding,2
63155,63156,2.3278113658875554e-08,100.0,1.0,0.001,NaN,NaN,NaN,transformer,embedding,2
63507,63508,NaN,NaN,NaN,NaN,6.186308860778809,5.845622539520264,486.0487060546875,transformer,embedding,2
63786,63787,0.008078803308308125,99.68119049072266,1.0081114768981934,0.001,NaN,NaN,NaN,transformer,embedding,2
64423,64424,1.26683621926027e-10,100.0,1.0,0.001,NaN,NaN,NaN,transformer,embedding,2
64777,64778,NaN,NaN,NaN,NaN,99.22582244873047,4.052079200744629,inf,transformer,embedding,2
65067,65068,1.5265376518414087e-08,100.0,1.0,0.001,NaN,NaN,NaN,transformer,embedding,2
65717,65718,0.00496862456202507,99.78746032714844,1.0049810409545898,0.001,NaN,NaN,NaN,transformer,embedding,2
66072,66073,NaN,NaN,NaN,NaN,141.7163848876953,4.091935634613037,inf,transformer,embedding,2
66374,66375,1.23516519234812e-09,100.0,1.0,0.001,NaN,NaN,NaN,transformer,embedding,2
67037,67038,3.0404068152023456e-09,100.0,1.0,0.001,NaN,NaN,NaN,transformer,embedding,2
67393,67394,NaN,NaN,NaN,NaN,8.425228118896484,4.955493450164795,4560.68505859375,transformer,embedding,2
67707,67708,0.0,100.0,1.0,0.001,NaN,NaN,NaN,transformer,embedding,2
68384,68385,3.167090548150675e-11,100.0,1.0,0.001,NaN,NaN,NaN,transformer,embedding,2
68740,68741,NaN,NaN,NaN,NaN,133.46835327148438,4.251361846923828,inf,transformer,embedding,2
69067,69068,3.800508519002932e-10,100.0,1.0,0.001,NaN,NaN,NaN,transformer,embedding,2
69757,69758,4.655622554139427e-09,100.0,1.0,0.001,NaN,NaN,NaN,transformer,embedding,2
70114,70115,NaN,NaN,NaN,NaN,143.94540405273438,4.07865047454834,inf,transformer,embedding,2
70454,70455,2.53367243852054e-10,100.0,1.0,0.001,NaN,NaN,NaN,transformer,embedding,2
71158,71159,3.958863015185443e-09,100.0,1.0,0.001,NaN,NaN,NaN,transformer,embedding,2
71516,71517,NaN,NaN,NaN,NaN,6.733274459838867,5.367344379425049,839.8929443359375,transformer,embedding,2
71869,71870,0.0,100.0,1.0,0.001,NaN,NaN,NaN,transformer,embedding,2
72587,72588,9.50127129750733e-11,100.0,1.0,0.001,NaN,NaN,NaN,transformer,embedding,2
72946,72947,NaN,NaN,NaN,NaN,148.7812042236328,3.6800851821899414,inf,transformer,embedding,2
73312,73313,4.433926559244128e-10,100.0,1.0,0.001,NaN,NaN,NaN,transformer,embedding,2
74045,74046,1.6785577372502303e-08,100.0,1.0,0.001,NaN,NaN,NaN,transformer,embedding,2
74404,74405,NaN,NaN,NaN,NaN,7.183084964752197,4.942208290100098,1316.96484375,transformer,embedding,2
74785,74786,0.0033289010170847178,99.94686126708984,1.003334403038025,0.001,NaN,NaN,NaN,transformer,embedding,2
75532,75533,4.433926559244128e-10,100.0,1.0,0.001,NaN,NaN,NaN,transformer,embedding,2
75892,75893,NaN,NaN,NaN,NaN,151.33999633789062,3.932509660720825,inf,transformer,embedding,2
76287,76288,1.5170362743788246e-08,100.0,1.0,0.001,NaN,NaN,NaN,transformer,embedding,2
77049,77050,0.0,100.0,1.0,0.001,NaN,NaN,NaN,transformer,embedding,2
77409,77410,NaN,NaN,NaN,NaN,158.0728759765625,3.932509660720825,inf,transformer,embedding,2
77819,77820,0.0017240885645151138,99.94686126708984,1.0017255544662476,0.001,NaN,NaN,NaN,transformer,embedding,2
78597,78598,1.26683621926027e-10,100.0,1.0,0.001,NaN,NaN,NaN,transformer,embedding,2
78957,78958,NaN,NaN,NaN,NaN,28.364694595336914,3.866082191467285,2082717433856.0,transformer,embedding,2
79382,79383,0.0007858930621296167,99.94686126708984,1.0007861852645874,0.001,NaN,NaN,NaN,transformer,embedding,2
80175,80176,2.216963279622064e-10,100.0,1.0,0.001,NaN,NaN,NaN,transformer,embedding,2
80536,80537,NaN,NaN,NaN,NaN,28.08246421813965,3.706655979156494,1570577055744.0,transformer,embedding,2
80976,80977,1.7925730233514514e-08,100.0,1.0,0.001,NaN,NaN,NaN,transformer,embedding,2
81785,81786,5.06734487704108e-10,100.0,1.0,0.001,NaN,NaN,NaN,transformer,embedding,2
82146,82147,NaN,NaN,NaN,NaN,200.3536376953125,3.892653226852417,inf,transformer,embedding,2
82602,82603,3.958863015185443e-09,100.0,1.0,0.001,NaN,NaN,NaN,transformer,embedding,2
83428,83429,3.3571130320098064e-09,100.0,1.0,0.001,NaN,NaN,NaN,transformer,embedding,2
83788,83789,NaN,NaN,NaN,NaN,210.73435974121094,3.8527965545654297,inf,transformer,embedding,2
84262,84263,1.8052415118319232e-09,100.0,1.0,0.001,NaN,NaN,NaN,transformer,embedding,2
85104,85105,5.384053203272288e-10,100.0,1.0,0.001,NaN,NaN,NaN,transformer,embedding,2
85463,85464,NaN,NaN,NaN,NaN,195.21405029296875,3.4010894298553467,inf,transformer,embedding,2
85955,85956,0.00030590035021305084,99.94686126708984,1.0003058910369873,0.001,NaN,NaN,NaN,transformer,embedding,2
86814,86815,3.4583926833420264e-08,100.0,1.0,0.001,NaN,NaN,NaN,transformer,embedding,2
87172,87173,NaN,NaN,NaN,NaN,227.43617248535156,3.5206589698791504,inf,transformer,embedding,2
87682,87683,1.140152527945304e-09,100.0,1.0,0.001,NaN,NaN,NaN,transformer,embedding,2
88558,88559,2.850381042307504e-10,100.0,1.0,0.001,NaN,NaN,NaN,transformer,embedding,2
88915,88916,NaN,NaN,NaN,NaN,205.30052185058594,3.308090925216675,inf,transformer,embedding,2
89443,89444,3.4266918191860896e-06,100.0,1.000003457069397,0.001,NaN,NaN,NaN,transformer,embedding,2
90337,90338,4.607387381838635e-06,100.0,1.0000046491622925,0.001,NaN,NaN,NaN,transformer,embedding,2
90693,90694,NaN,NaN,NaN,NaN,237.3289337158203,3.7863690853118896,inf,transformer,embedding,2
91240,91241,1.58354510060299e-10,100.0,1.0,0.001,NaN,NaN,NaN,transformer,embedding,2
92152,92153,2.85038131986326e-10,100.0,1.0,0.001,NaN,NaN,NaN,transformer,embedding,2
92506,92507,NaN,NaN,NaN,NaN,187.0015869140625,3.4542315006256104,inf,transformer,embedding,2
93073,93074,1.6342186270890124e-08,100.0,1.0,0.001,NaN,NaN,NaN,transformer,embedding,2
94003,94004,7.601014817559815e-10,100.0,1.0,0.001,NaN,NaN,NaN,transformer,embedding,2
94356,94357,NaN,NaN,NaN,NaN,230.5928192138672,3.188521385192871,inf,transformer,embedding,2
94943,94944,2.12510169461666e-08,100.0,1.0,0.001,NaN,NaN,NaN,transformer,embedding,2
95892,95893,1.6785577372502303e-09,100.0,1.0,0.001,NaN,NaN,NaN,transformer,embedding,2
96243,96244,NaN,NaN,NaN,NaN,12.124826431274414,4.224791049957275,184393.328125,transformer,embedding,2
96850,96851,2.216963140844186e-10,100.0,1.0,0.001,NaN,NaN,NaN,transformer,embedding,2
97818,97819,5.700760974391983e-10,100.0,1.0,0.001,NaN,NaN,NaN,transformer,embedding,2
98167,98168,NaN,NaN,NaN,NaN,247.3960723876953,3.7199416160583496,inf,transformer,embedding,2
98796,98797,3.5788121355295743e-09,100.0,1.0,0.001,NaN,NaN,NaN,transformer,embedding,2
99783,99784,1.8527478218288707e-08,100.0,1.0,0.001,NaN,NaN,NaN,transformer,embedding,2
