epoch,global_step,train_loss,train_accuracy,train_perplexity,learning_rate,val_loss,val_accuracy,val_perplexity,model_type,encoding,k_value
0,1,4.882913589477539,0.0,132.01473999023438,0.0001,4.872254371643066,0.0,130.6150360107422,transformer,embedding,2
1,2,4.882918357849121,0.0,132.01536560058594,0.0002,4.747076511383057,0.0,115.24687194824219,transformer,embedding,2
2,3,4.757657527923584,0.0,116.47277069091797,0.0003,4.499960422515869,0.0,90.0135726928711,transformer,embedding,2
3,4,4.510362148284912,0.0,90.95475006103516,0.0004,4.145437717437744,0.0,63.14525604248047,transformer,embedding,2
4,5,4.15540075302124,0.013285505585372448,63.77751922607422,0.0005,3.724860429763794,0.0,41.46544647216797,transformer,embedding,2
5,6,3.733997106552124,0.0,41.846038818359375,0.0006,3.3221514225006104,0.0,27.71992301940918,transformer,embedding,2
6,7,3.329680919647217,0.0,27.929428100585938,0.0007,3.0417540073394775,0.0,20.941944122314453,transformer,embedding,2
7,8,3.046881675720215,0.0,21.049602508544922,0.0008,2.9148271083831787,0.0,18.44562339782715,transformer,embedding,2
8,9,2.9174628257751465,0.0,18.494304656982422,0.0009000000000000001,2.8671884536743164,0.0,17.587499618530273,transformer,embedding,2
9,10,2.867828845977783,0.0,17.598766326904297,0.001,2.817159652709961,0.0,16.729267120361328,transformer,embedding,2
10,11,2.8164453506469727,0.0,16.717321395874023,0.001,2.7339885234832764,0.0,15.3941650390625,transformer,embedding,2
11,12,2.732042074203491,0.0,15.364230155944824,0.001,2.6421048641204834,0.0,14.042730331420898,transformer,embedding,2
12,13,2.639158248901367,0.0,14.001413345336914,0.001,2.5742650032043457,0.0,13.121668815612793,transformer,embedding,2
13,14,2.5703494548797607,0.0,13.070390701293945,0.001,2.5383055210113525,0.0,12.658204078674316,transformer,embedding,2
14,15,2.5335988998413086,0.0,12.598766326904297,0.001,2.5152196884155273,0.0,12.369325637817383,transformer,embedding,2
15,16,2.509831190109253,0.0,12.302852630615234,0.001,2.4857161045074463,0.0,12.009716987609863,transformer,embedding,2
16,17,2.4797279834747314,0.0,11.938016891479492,0.001,2.448180913925171,0.0,11.567285537719727,transformer,embedding,2
17,18,2.441678285598755,0.0,11.49231243133545,0.001,2.4124040603637695,0.0,11.160759925842285,transformer,embedding,2
18,19,2.4053964614868164,0.0,11.082823753356934,0.001,2.385258197784424,0.5313495993614197,10.86186695098877,transformer,embedding,2
19,20,2.377736806869507,0.38527965545654297,10.780476570129395,0.001,2.3668901920318604,0.37194472551345825,10.664176940917969,transformer,embedding,2
20,21,2.358879327774048,0.8502723574638367,10.579089164733887,0.001,2.354670286178589,0.37194472551345825,10.53465461730957,transformer,embedding,2
21,22,2.3461952209472656,1.1026970148086548,10.44575023651123,0.001,2.346099376678467,0.47821465134620667,10.444748878479004,transformer,embedding,2
22,23,2.337228775024414,1.2355520725250244,10.352507591247559,0.001,2.3396739959716797,0.47821465134620667,10.377852439880371,transformer,embedding,2
23,24,2.3304977416992188,1.2355520725250244,10.283058166503906,0.001,2.3345906734466553,0.47821465134620667,10.32523250579834,transformer,embedding,2
24,25,2.3251872062683105,1.129267930984497,10.228594779968262,0.001,2.3303871154785156,0.47821465134620667,10.28192138671875,transformer,embedding,2
25,26,2.320849895477295,1.076125979423523,10.184326171875,0.001,2.3267760276794434,0.6376195549964905,10.244858741760254,transformer,embedding,2
26,27,2.317199230194092,1.0229839086532593,10.147214889526367,0.001,2.3236005306243896,0.6907545328140259,10.21237850189209,transformer,embedding,2
27,28,2.314081907272339,1.0096983909606934,10.115631103515625,0.001,2.3207783699035645,0.6376195549964905,10.183597564697266,transformer,embedding,2
28,29,2.311368465423584,1.076125979423523,10.088220596313477,0.001,2.3182473182678223,0.6376195549964905,10.157855033874512,transformer,embedding,2
29,30,2.309011697769165,1.155838966369629,10.064473152160645,0.001,2.3159799575805664,0.6376195549964905,10.134849548339844,transformer,embedding,2
30,31,2.306976318359375,1.062840461730957,10.0440092086792,0.001,2.3139500617980957,0.7438894510269165,10.114297866821289,transformer,embedding,2
31,32,2.3052051067352295,1.1159825325012207,10.02623462677002,0.001,2.312150001525879,0.8501594066619873,10.096108436584473,transformer,embedding,2
32,33,2.3036866188049316,1.1026970148086548,10.011021614074707,0.001,2.310575246810913,0.9564293026924133,10.080221176147461,transformer,embedding,2
33,34,2.3023788928985596,0.9565564393997192,9.99793815612793,0.001,2.309185743331909,1.1689691543579102,10.066225051879883,transformer,embedding,2
34,35,2.3012356758117676,0.9831274151802063,9.986515045166016,0.001,2.3079700469970703,1.2221040725708008,10.053995132446289,transformer,embedding,2
35,36,2.300218343734741,1.0096983909606934,9.976360321044922,0.001,2.3068952560424805,1.0095642805099487,10.043194770812988,transformer,embedding,2
36,37,2.299290180206299,1.0096983909606934,9.9671049118042,0.001,2.305952310562134,0.9564293026924133,10.03372859954834,transformer,embedding,2
37,38,2.298452854156494,1.076125979423523,9.958763122558594,0.001,2.3051486015319824,0.6907545328140259,10.025668144226074,transformer,embedding,2
38,39,2.2976746559143066,1.1026970148086548,9.951016426086426,0.001,2.3044755458831787,0.7970244288444519,10.018922805786133,transformer,embedding,2
39,40,2.2969706058502197,1.0495549440383911,9.944012641906738,0.001,2.3039162158966064,0.9032943844795227,10.013319969177246,transformer,embedding,2
40,41,2.296314001083374,1.155838966369629,9.937485694885254,0.001,2.3034677505493164,0.8501594066619873,10.008830070495605,transformer,embedding,2
41,42,2.295712471008301,1.142553448677063,9.931509017944336,0.001,2.3031086921691895,0.7438894510269165,10.005237579345703,transformer,embedding,2
42,43,2.2951653003692627,1.1956955194473267,9.926076889038086,0.001,2.302825927734375,0.7438894510269165,10.002408981323242,transformer,embedding,2
43,44,2.294654130935669,1.1956955194473267,9.921004295349121,0.001,2.302600145339966,0.6376195549964905,10.000150680541992,transformer,embedding,2
44,45,2.294172525405884,1.1691244840621948,9.916227340698242,0.001,2.302414894104004,0.5313495993614197,9.998297691345215,transformer,embedding,2
45,46,2.293728828430176,1.129267930984497,9.91182804107666,0.001,2.302260398864746,0.47821465134620667,9.996753692626953,transformer,embedding,2
46,47,2.293318510055542,1.2355520725250244,9.90776252746582,0.001,2.302129030227661,0.5313495993614197,9.995440483093262,transformer,embedding,2
47,48,2.292933702468872,1.2089810371398926,9.903950691223145,0.001,2.302008867263794,0.5313495993614197,9.994239807128906,transformer,embedding,2
48,49,2.2925703525543213,1.129267930984497,9.900352478027344,0.001,2.301894187927246,0.37194472551345825,9.993093490600586,transformer,embedding,2
49,50,2.2922327518463135,1.1026970148086548,9.897010803222656,0.001,2.3017654418945312,0.42507970333099365,9.991806983947754,transformer,embedding,2
50,51,2.291912078857422,1.1159825325012207,9.893836975097656,0.001,2.3016276359558105,0.47821465134620667,9.990429878234863,transformer,embedding,2
51,52,2.2916038036346436,1.062840461730957,9.890788078308105,0.001,2.301478147506714,0.42507970333099365,9.988936424255371,transformer,embedding,2
52,53,2.29131817817688,1.0894114971160889,9.88796329498291,0.001,2.301323175430298,0.31880977749824524,9.987388610839844,transformer,embedding,2
53,54,2.2910499572753906,1.0229839086532593,9.885311126708984,0.001,2.301166296005249,0.47821465134620667,9.985821723937988,transformer,embedding,2
54,55,2.290804624557495,0.9698418974876404,9.88288688659668,0.001,2.3010149002075195,0.5313495993614197,9.984310150146484,transformer,embedding,2
55,56,2.290581464767456,1.129267930984497,9.880681037902832,0.001,2.3008692264556885,0.5313495993614197,9.982855796813965,transformer,embedding,2
56,57,2.290379285812378,1.2886940240859985,9.878684043884277,0.001,2.3007290363311768,0.6907545328140259,9.981456756591797,transformer,embedding,2
57,58,2.2901926040649414,1.2222665548324585,9.876839637756348,0.001,2.3005905151367188,0.6376195549964905,9.980073928833008,transformer,embedding,2
58,59,2.2900023460388184,1.142553448677063,9.874960899353027,0.001,2.3004558086395264,0.6376195549964905,9.978730201721191,transformer,embedding,2
59,60,2.2898101806640625,1.1026970148086548,9.873063087463379,0.001,2.300325632095337,0.5313495993614197,9.977431297302246,transformer,embedding,2
60,61,2.2896175384521484,1.0495549440383911,9.871161460876465,0.001,2.30021333694458,0.37194472551345825,9.976310729980469,transformer,embedding,2
61,62,2.2894198894500732,1.0362694263458252,9.869211196899414,0.001,2.3001246452331543,0.47821465134620667,9.975425720214844,transformer,embedding,2
62,63,2.289224147796631,1.1026970148086548,9.867279052734375,0.001,2.3000669479370117,0.5844845771789551,9.97485065460205,transformer,embedding,2
63,64,2.2890472412109375,1.0362694263458252,9.865533828735352,0.001,2.300053119659424,0.5844845771789551,9.974712371826172,transformer,embedding,2
64,65,2.2888600826263428,1.076125979423523,9.863687515258789,0.001,2.3000779151916504,0.5844845771789551,9.974959373474121,transformer,embedding,2
65,66,2.2886898517608643,1.0894114971160889,9.862008094787598,0.001,2.3001341819763184,0.5844845771789551,9.975521087646484,transformer,embedding,2
66,67,2.2885305881500244,1.1026970148086548,9.860438346862793,0.001,2.30021071434021,0.42507970333099365,9.97628402709961,transformer,embedding,2
67,68,2.2883715629577637,1.2222665548324585,9.858870506286621,0.001,2.3003110885620117,0.42507970333099365,9.977285385131836,transformer,embedding,2
68,69,2.288220167160034,1.2355520725250244,9.857378005981445,0.001,2.300414800643921,0.42507970333099365,9.978321075439453,transformer,embedding,2
69,70,2.288057565689087,1.2488375902175903,9.855774879455566,0.001,2.3005142211914062,0.47821465134620667,9.979312896728516,transformer,embedding,2
70,71,2.2878963947296143,1.3152650594711304,9.85418701171875,0.001,2.3006088733673096,0.42507970333099365,9.980257034301758,transformer,embedding,2
71,72,2.287726879119873,1.3019795417785645,9.852516174316406,0.001,2.300699472427368,0.42507970333099365,9.981161117553711,transformer,embedding,2
72,73,2.287567615509033,1.2222665548324585,9.850947380065918,0.001,2.300783395767212,0.31880977749824524,9.981999397277832,transformer,embedding,2
73,74,2.2873973846435547,1.1956955194473267,9.849270820617676,0.001,2.300863265991211,0.42507970333099365,9.982796669006348,transformer,embedding,2
74,75,2.2872257232666016,1.2355520725250244,9.847579956054688,0.001,2.3009402751922607,0.47821465134620667,9.983565330505371,transformer,embedding,2
75,76,2.2870585918426514,1.2355520725250244,9.84593391418457,0.001,2.301023483276367,0.42507970333099365,9.984395980834961,transformer,embedding,2
76,77,2.2868809700012207,1.2621229887008667,9.844185829162598,0.001,2.301116466522217,0.47821465134620667,9.98532485961914,transformer,embedding,2
77,78,2.286698818206787,1.2886940240859985,9.842392921447754,0.001,2.30122709274292,0.47821465134620667,9.986429214477539,transformer,embedding,2
78,79,2.2865140438079834,1.2222665548324585,9.840574264526367,0.001,2.3013596534729004,0.5313495993614197,9.987752914428711,transformer,embedding,2
79,80,2.2863214015960693,1.2089810371398926,9.838678359985352,0.001,2.3015105724334717,0.5313495993614197,9.98926067352295,transformer,embedding,2
80,81,2.286130905151367,1.1956955194473267,9.836804389953613,0.001,2.3016927242279053,0.5313495993614197,9.991080284118652,transformer,embedding,2
81,82,2.28592586517334,1.2355520725250244,9.834787368774414,0.001,2.3018958568573,0.5313495993614197,9.993109703063965,transformer,embedding,2
82,83,2.2857143878936768,1.2886940240859985,9.832708358764648,0.001,2.302125930786133,0.5844845771789551,9.99540901184082,transformer,embedding,2
83,84,2.285490036010742,1.3152650594711304,9.8305025100708,0.001,2.3023781776428223,0.6376195549964905,9.997931480407715,transformer,embedding,2
84,85,2.285257339477539,1.3551216125488281,9.828214645385742,0.001,2.302651882171631,0.5313495993614197,10.000667572021484,transformer,embedding,2
85,86,2.2850136756896973,1.368407130241394,9.825820922851562,0.001,2.302948236465454,0.5313495993614197,10.003632545471191,transformer,embedding,2
86,87,2.2847647666931152,1.4215490818023682,9.82337474822998,0.001,2.303272247314453,0.5313495993614197,10.006874084472656,transformer,embedding,2
87,88,2.2844953536987305,1.4481201171875,9.82072925567627,0.001,2.303633213043213,0.47821465134620667,10.010486602783203,transformer,embedding,2
88,89,2.2842133045196533,1.5012621879577637,9.817959785461426,0.001,2.3040120601654053,0.5313495993614197,10.014280319213867,transformer,embedding,2
89,90,2.283923864364624,1.461405634880066,9.815117835998535,0.001,2.3044254779815674,0.47821465134620667,10.018421173095703,transformer,embedding,2
90,91,2.2836050987243652,1.461405634880066,9.811989784240723,0.001,2.304884195327759,0.47821465134620667,10.023017883300781,transformer,embedding,2
91,92,2.2832775115966797,1.527833104133606,9.808775901794434,0.001,2.3053839206695557,0.47821465134620667,10.028027534484863,transformer,embedding,2
92,93,2.2829246520996094,1.5942606925964355,9.805315971374512,0.001,2.305924892425537,0.42507970333099365,10.033453941345215,transformer,embedding,2
93,94,2.2825403213500977,1.5544041395187378,9.80154800415039,0.001,2.3065035343170166,0.42507970333099365,10.039260864257812,transformer,embedding,2
94,95,2.2821362018585205,1.5809751749038696,9.797587394714355,0.001,2.30712890625,0.42507970333099365,10.045541763305664,transformer,embedding,2
95,96,2.281686544418335,1.6208317279815674,9.793183326721191,0.001,2.307804822921753,0.42507970333099365,10.05233383178711,transformer,embedding,2
96,97,2.2812201976776123,1.5942606925964355,9.788617134094238,0.001,2.308525323867798,0.42507970333099365,10.059578895568848,transformer,embedding,2
97,98,2.280712604522705,1.6075462102890015,9.783649444580078,0.001,2.309312105178833,0.42507970333099365,10.067497253417969,transformer,embedding,2
98,99,2.2801592350006104,1.6474027633666992,9.778237342834473,0.001,2.310169219970703,0.42507970333099365,10.076129913330078,transformer,embedding,2
99,100,2.279557466506958,1.6474027633666992,9.772355079650879,0.001,2.3111209869384766,0.42507970333099365,10.085723876953125,transformer,embedding,2
100,101,2.2788937091827393,1.6474027633666992,9.765870094299316,0.001,2.312168836593628,0.42507970333099365,10.096298217773438,transformer,embedding,2
101,102,2.2781827449798584,1.6474027633666992,9.758930206298828,0.001,2.3133227825164795,0.42507970333099365,10.107954978942871,transformer,embedding,2
102,103,2.277397871017456,1.7138302326202393,9.751273155212402,0.001,NaN,NaN,NaN,transformer,embedding,2
103,104,2.27655291557312,1.7271157503128052,9.743037223815918,0.001,2.316089630126953,0.37194472551345825,10.135961532592773,transformer,embedding,2
104,105,2.2756175994873047,1.766972303390503,9.733928680419922,0.001,NaN,NaN,NaN,transformer,embedding,2
105,106,2.2746026515960693,1.820114254951477,9.724054336547852,0.001,2.3196496963500977,0.37194472551345825,10.172110557556152,transformer,embedding,2
106,107,2.273474931716919,1.7802578210830688,9.713094711303711,0.001,NaN,NaN,NaN,transformer,embedding,2
107,108,2.272239923477173,1.766972303390503,9.701106071472168,0.001,2.324282646179199,0.26567479968070984,10.21934700012207,transformer,embedding,2
108,109,2.2708842754364014,1.8466852903366089,9.687963485717773,0.001,NaN,NaN,NaN,transformer,embedding,2
109,110,2.269383192062378,1.8732563257217407,9.673432350158691,0.001,2.3302674293518066,0.31880977749824524,10.28069019317627,transformer,embedding,2
110,111,2.26773738861084,1.8599708080291748,9.657525062561035,0.001,NaN,NaN,NaN,transformer,embedding,2
111,112,2.2659242153167725,1.9928258657455444,9.640029907226562,0.001,2.3381359577178955,0.31880977749824524,10.361903190612793,transformer,embedding,2
112,113,2.2639384269714355,1.9928258657455444,9.620905876159668,0.001,NaN,NaN,NaN,transformer,embedding,2
113,114,2.2617580890655518,2.0061113834381104,9.59995174407959,0.001,2.348680257797241,0.31880977749824524,10.47174072265625,transformer,embedding,2
114,115,2.259370803833008,2.0991098880767822,9.577061653137207,0.001,NaN,NaN,NaN,transformer,embedding,2
115,116,2.256779909133911,2.1389663219451904,9.55228042602539,0.001,2.362657308578491,0.26567479968070984,10.619132041931152,transformer,embedding,2
116,117,2.253997325897217,2.218679428100586,9.525737762451172,0.001,NaN,NaN,NaN,transformer,embedding,2
117,118,2.2510337829589844,2.3648200035095215,9.497549057006836,0.001,2.3804829120635986,0.21253985166549683,10.810121536254883,transformer,embedding,2
118,119,2.247885227203369,2.3648200035095215,9.467692375183105,0.001,NaN,NaN,NaN,transformer,embedding,2
119,120,2.24453067779541,2.5508170127868652,9.435985565185547,0.001,2.4006197452545166,0.21253985166549683,11.030010223388672,transformer,embedding,2
120,121,2.2409884929656982,2.6571011543273926,9.402621269226074,0.001,NaN,NaN,NaN,transformer,embedding,2
121,122,2.2371997833251953,2.8165271282196045,9.367064476013184,0.001,2.419219493865967,0.15940488874912262,11.237085342407227,transformer,embedding,2
122,123,2.233164072036743,2.82981276512146,9.329338073730469,0.001,NaN,NaN,NaN,transformer,embedding,2
123,124,2.2288169860839844,2.82981276512146,9.288870811462402,0.001,2.4315991401672363,0.15940488874912262,11.377060890197754,transformer,embedding,2
124,125,2.2241945266723633,2.96266770362854,9.24603271484375,0.001,NaN,NaN,NaN,transformer,embedding,2
125,126,2.219351291656494,3.029095411300659,9.201359748840332,0.001,2.438695192337036,0.10626992583274841,11.458080291748047,transformer,embedding,2
126,127,2.2145931720733643,3.2948055267333984,9.157682418823242,0.001,NaN,NaN,NaN,transformer,embedding,2
127,128,2.211479902267456,2.9493823051452637,9.129217147827148,0.001,2.4282073974609375,0.15940488874912262,11.33853816986084,transformer,embedding,2
128,129,2.2142174243927,3.2283778190612793,9.154242515563965,0.001,NaN,NaN,NaN,transformer,embedding,2
129,130,2.2052135467529297,3.440945863723755,9.072188377380371,0.001,2.455841302871704,0.10626992583274841,11.656235694885254,transformer,embedding,2
130,131,2.20116925239563,3.4010894298553467,9.035572052001953,0.001,NaN,NaN,NaN,transformer,embedding,2
131,132,2.193035840988159,3.7199416160583496,8.962380409240723,0.001,2.4665303230285645,0.15940488874912262,11.781497955322266,transformer,embedding,2
132,133,2.1889522075653076,3.6933705806732178,8.92585563659668,0.001,NaN,NaN,NaN,transformer,embedding,2
133,134,2.1821508407592773,3.6269431114196777,8.86535358428955,0.001,2.497295618057251,0.21253985166549683,12.149592399597168,transformer,embedding,2
134,135,2.181674003601074,3.1752357482910156,8.861127853393555,0.001,NaN,NaN,NaN,transformer,embedding,2
135,136,2.178353786468506,3.7465126514434814,8.831755638122559,0.001,2.444575071334839,0.05313496291637421,11.525650978088379,transformer,embedding,2
136,137,2.178467035293579,3.892653226852417,8.832756042480469,0.001,NaN,NaN,NaN,transformer,embedding,2
137,138,2.171358346939087,4.21150541305542,8.77018928527832,0.001,2.4670329093933105,0.21253985166549683,11.787420272827148,transformer,embedding,2
138,139,2.1648340225219727,4.370931148529053,8.713155746459961,0.001,NaN,NaN,NaN,transformer,embedding,2
139,140,2.155534505844116,4.47721529006958,8.632503509521484,0.001,2.5100297927856445,0.21253985166549683,12.305296897888184,transformer,embedding,2
140,141,2.1471259593963623,4.649927139282227,8.560220718383789,0.001,NaN,NaN,NaN,transformer,embedding,2
141,142,2.1415932178497314,4.782782077789307,8.51298999786377,0.001,2.5192275047302246,0.21253985166549683,12.418999671936035,transformer,embedding,2
142,143,2.1360881328582764,4.796067714691162,8.466254234313965,0.001,NaN,NaN,NaN,transformer,embedding,2
143,144,2.129167079925537,5.221203804016113,8.40786075592041,0.001,2.5098533630371094,0.21253985166549683,12.303125381469727,transformer,embedding,2
144,145,2.122098684310913,5.579912185668945,8.348640441894531,0.001,NaN,NaN,NaN,transformer,embedding,2
145,146,2.1147284507751465,5.885478973388672,8.287335395812988,0.001,2.514467716217041,0.21253985166549683,12.360028266906738,transformer,embedding,2
146,147,2.107245922088623,6.111332416534424,8.225556373596191,0.001,NaN,NaN,NaN,transformer,embedding,2
147,148,2.099360704421997,6.3239006996154785,8.160950660705566,0.001,2.523479461669922,0.21253985166549683,12.471917152404785,transformer,embedding,2
148,149,2.0925188064575195,6.377042770385742,8.105304718017578,0.001,NaN,NaN,NaN,transformer,embedding,2
149,150,2.0845401287078857,6.828750133514404,8.040892601013184,0.001,2.5253453254699707,0.26567479968070984,12.495209693908691,transformer,embedding,2
150,151,2.075709581375122,7.267171382904053,7.970200061798096,0.001,NaN,NaN,NaN,transformer,embedding,2
151,152,2.067523956298828,7.665736675262451,7.9052252769470215,0.001,2.5268402099609375,0.26567479968070984,12.51390266418457,transformer,embedding,2
152,153,2.0595741271972656,8.011159896850586,7.8426289558410645,0.001,NaN,NaN,NaN,transformer,embedding,2
153,154,2.0506274700164795,8.104158401489258,7.7727766036987305,0.001,NaN,NaN,NaN,transformer,embedding,2
154,155,2.040849447250366,8.330012321472168,7.697144508361816,0.001,2.5319979190826416,0.21253985166549683,12.578612327575684,transformer,embedding,2
155,156,2.031834840774536,8.702006340026855,7.628069877624512,0.001,NaN,NaN,NaN,transformer,embedding,2
156,157,2.0225093364715576,9.127141952514648,7.557264804840088,0.001,NaN,NaN,NaN,transformer,embedding,2
157,158,2.014625310897827,9.246711730957031,7.497917652130127,0.001,2.529346227645874,0.37194472551345825,12.54530143737793,transformer,embedding,2
158,159,2.019613265991211,8.95443058013916,7.535410404205322,0.001,NaN,NaN,NaN,transformer,embedding,2
159,160,2.019836187362671,8.861432075500488,7.537090301513672,0.001,NaN,NaN,NaN,transformer,embedding,2
160,161,1.98837411403656,10.150126457214355,7.303649425506592,0.001,2.5317351818084717,0.21253985166549683,12.575307846069336,transformer,embedding,2
161,162,1.9860421419143677,10.375980377197266,7.286637306213379,0.001,NaN,NaN,NaN,transformer,embedding,2
162,163,1.9736626148223877,10.761260032653809,7.196988105773926,0.001,NaN,NaN,NaN,transformer,embedding,2
163,164,1.9588007926940918,11.452105522155762,7.090818405151367,0.001,2.5344648361206055,0.21253985166549683,12.609681129455566,transformer,embedding,2
164,165,1.9537533521652222,11.505248069763184,7.055118083953857,0.001,NaN,NaN,NaN,transformer,embedding,2
165,166,1.9368113279342651,12.754085540771484,6.9365973472595215,0.001,NaN,NaN,NaN,transformer,embedding,2
166,167,1.932338833808899,12.448518753051758,6.905642509460449,0.001,2.5350730419158936,0.26567479968070984,12.617352485656738,transformer,embedding,2
167,168,1.9161885976791382,13.351933479309082,6.795010566711426,0.001,NaN,NaN,NaN,transformer,embedding,2
168,169,1.9109710454940796,13.710641860961914,6.759649753570557,0.001,NaN,NaN,NaN,transformer,embedding,2
169,170,1.9004517793655396,13.644214630126953,6.688915729522705,0.001,2.5478310585021973,0.31880977749824524,12.779356002807617,transformer,embedding,2
170,171,1.9085112810134888,12.913511276245117,6.743042945861816,0.001,NaN,NaN,NaN,transformer,embedding,2
171,172,1.8817381858825684,14.374917030334473,6.564906120300293,0.001,NaN,NaN,NaN,transformer,embedding,2
172,173,1.8648420572280884,15.46432876586914,6.454916477203369,0.001,2.5363845825195312,0.31880977749824524,12.6339111328125,transformer,embedding,2
173,174,1.8574671745300293,15.862894058227539,6.407487392425537,0.001,NaN,NaN,NaN,transformer,embedding,2
174,175,1.8443584442138672,15.823037147521973,6.324041366577148,0.001,NaN,NaN,NaN,transformer,embedding,2
175,176,1.8266212940216064,17.231300354003906,6.212859630584717,0.001,2.5340652465820312,0.31880977749824524,12.604642868041992,transformer,embedding,2
176,177,1.8204774856567383,17.616580963134766,6.174806118011475,0.001,NaN,NaN,NaN,transformer,embedding,2
177,178,1.8045294284820557,17.988574981689453,6.07711124420166,0.001,NaN,NaN,NaN,transformer,embedding,2
178,179,1.7911672592163086,18.29414176940918,5.996447563171387,0.001,2.531744956970215,0.8501594066619873,12.575430870056152,transformer,embedding,2
179,180,1.7805914878845215,19.410123825073242,5.9333648681640625,0.001,NaN,NaN,NaN,transformer,embedding,2
180,181,1.7649388313293457,19.968114852905273,5.841215133666992,0.001,NaN,NaN,NaN,transformer,embedding,2
181,182,1.7516849040985107,20.393251419067383,5.764307022094727,0.001,2.529393434524536,1.0095642805099487,12.545893669128418,transformer,embedding,2
182,183,1.7383620738983154,21.389663696289062,5.688019275665283,0.001,NaN,NaN,NaN,transformer,embedding,2
183,184,1.7258226871490479,21.894514083862305,5.617140293121338,0.001,NaN,NaN,NaN,transformer,embedding,2
184,185,1.7136327028274536,21.841371536254883,5.549083232879639,0.001,2.52895188331604,1.0095642805099487,12.540355682373047,transformer,embedding,2
185,186,1.7071948051452637,22.399362564086914,5.5134735107421875,0.001,NaN,NaN,NaN,transformer,embedding,2
186,187,1.6953712701797485,22.040653228759766,5.448668479919434,0.001,NaN,NaN,NaN,transformer,embedding,2
187,188,1.6787112951278687,24.1397647857666,5.358645915985107,0.001,2.5201892852783203,1.0095642805099487,12.430949211120605,transformer,embedding,2
188,189,1.6552577018737793,25.029891967773438,5.234428882598877,0.001,NaN,NaN,NaN,transformer,embedding,2
189,190,1.6480690240859985,24.777467727661133,5.196935176849365,0.001,NaN,NaN,NaN,transformer,embedding,2
190,191,1.6390780210494995,25.694168090820312,5.150418758392334,0.001,2.5181515216827393,1.1158342361450195,12.405643463134766,transformer,embedding,2
191,192,1.6174423694610596,26.690580368041992,5.040183067321777,0.001,NaN,NaN,NaN,transformer,embedding,2
192,193,1.617119550704956,26.05287742614746,5.038556098937988,0.001,NaN,NaN,NaN,transformer,embedding,2
193,194,1.6118435859680176,26.278730392456055,5.012042999267578,0.001,2.5235424041748047,1.5409139394760132,12.472702026367188,transformer,embedding,2
194,195,1.6030744314193726,26.252159118652344,4.968283653259277,0.001,NaN,NaN,NaN,transformer,embedding,2
195,196,1.6005336046218872,26.57101058959961,4.955676078796387,0.001,NaN,NaN,NaN,transformer,embedding,2
196,197,1.5640692710876465,28.284841537475586,4.778225421905518,0.001,2.5134098529815674,1.487778902053833,12.346960067749023,transformer,embedding,2
197,198,1.564648151397705,28.205127716064453,4.78099250793457,0.001,NaN,NaN,NaN,transformer,embedding,2
198,199,1.5283714532852173,30.955228805541992,4.61066198348999,0.001,NaN,NaN,NaN,transformer,embedding,2
199,200,1.5342047214508057,29.97210121154785,4.637635707855225,0.001,2.5041322708129883,1.3815090656280518,12.232939720153809,transformer,embedding,2
200,201,1.5009390115737915,33.01448059082031,4.485899448394775,0.001,NaN,NaN,NaN,transformer,embedding,2
202,203,1.475061058998108,33.13405227661133,4.371302604675293,0.001,2.5039560794830322,1.7534537315368652,12.23078441619873,transformer,embedding,2
204,205,1.445780634880066,35.59186935424805,4.24516487121582,0.001,NaN,NaN,NaN,transformer,embedding,2
206,207,1.4137002229690552,37.372127532958984,4.111139297485352,0.001,2.489453077316284,1.859723687171936,12.054681777954102,transformer,embedding,2
208,209,1.3822280168533325,38.953102111816406,3.9837677478790283,0.001,NaN,NaN,NaN,transformer,embedding,2
210,211,1.3524383306503296,40.64036178588867,3.866842746734619,0.001,2.480863094329834,2.072263479232788,11.95157527923584,transformer,embedding,2
212,213,1.3316863775253296,41.3444938659668,3.7874250411987305,0.001,NaN,NaN,NaN,transformer,embedding,2
214,215,1.3111097812652588,42.39405059814453,3.7102890014648438,0.001,2.46993350982666,2.975557804107666,11.821660995483398,transformer,embedding,2
216,217,1.2643020153045654,44.98472213745117,3.5406205654144287,0.001,NaN,NaN,NaN,transformer,embedding,2
218,219,1.2313380241394043,47.37611389160156,3.4258103370666504,0.001,2.453422784805298,3.3475027084350586,11.628079414367676,transformer,embedding,2
220,221,1.2119243144989014,48.13338851928711,3.3599441051483154,0.001,NaN,NaN,NaN,transformer,embedding,2
222,223,1.197989583015442,47.66839599609375,3.313448905944824,0.001,2.446885108947754,3.5069074630737305,11.552306175231934,transformer,embedding,2
224,225,1.1467506885528564,52.77002716064453,3.1479475498199463,0.001,NaN,NaN,NaN,transformer,embedding,2
226,227,1.125401496887207,53.381160736083984,3.081453800201416,0.001,2.41848087310791,4.516471862792969,11.228788375854492,transformer,embedding,2
228,229,1.0819591283798218,55.83898162841797,2.9504542350769043,0.001,NaN,NaN,NaN,transformer,embedding,2
230,231,1.053078532218933,57.53952407836914,2.866461992263794,0.001,2.399416446685791,5.047821521759033,11.016745567321777,transformer,embedding,2
232,233,1.029802918434143,59.014217376708984,2.800513744354248,0.001,NaN,NaN,NaN,transformer,embedding,2
234,235,1.0002890825271606,60.60847854614258,2.7190678119659424,0.001,2.3883490562438965,5.313496112823486,10.895491600036621,transformer,embedding,2
236,237,0.9623351097106934,62.893585205078125,2.617802143096924,0.001,NaN,NaN,NaN,transformer,embedding,2
238,239,0.9380420446395874,63.96971130371094,2.55497407913208,0.001,2.3630049228668213,6.110520839691162,10.622824668884277,transformer,embedding,2
240,241,0.9023433327674866,66.5205307006836,2.4653735160827637,0.001,NaN,NaN,NaN,transformer,embedding,2
242,243,0.877620279788971,66.94566345214844,2.4051692485809326,0.001,2.331113815307617,7.438894748687744,10.289395332336426,transformer,embedding,2
244,245,0.849738597869873,68.79235076904297,2.3390352725982666,0.001,NaN,NaN,NaN,transformer,embedding,2
246,247,0.8183777928352356,69.4964828491211,2.266819715499878,0.001,2.2988643646240234,8.501593589782715,9.962862014770508,transformer,embedding,2
248,249,0.7844663262367249,72.07386779785156,2.191237211227417,0.001,NaN,NaN,NaN,transformer,embedding,2
250,251,0.7555500864982605,73.3891372680664,2.128782272338867,0.001,2.2586281299591064,9.776832580566406,9.569951057434082,transformer,embedding,2
252,253,0.7218469977378845,75.03653717041016,2.0582313537597656,0.001,NaN,NaN,NaN,transformer,embedding,2
254,255,0.6883493065834045,76.32523345947266,1.9904272556304932,0.001,2.2287867069244385,11.689691543579102,9.288589477539062,transformer,embedding,2
256,257,0.6669212579727173,77.32164001464844,1.9482300281524658,0.001,NaN,NaN,NaN,transformer,embedding,2
258,259,0.6412504315376282,78.41105651855469,1.8988537788391113,0.001,NaN,NaN,NaN,transformer,embedding,2
259,260,NaN,NaN,NaN,NaN,2.180540084838867,13.602550506591797,8.851085662841797,transformer,embedding,2
260,261,0.6130614876747131,80.09831237792969,1.8460744619369507,0.001,NaN,NaN,NaN,transformer,embedding,2
262,263,0.586633026599884,80.68287658691406,1.7979246377944946,0.001,NaN,NaN,NaN,transformer,embedding,2
264,265,0.5770426988601685,81.34715270996094,1.7807643413543701,0.001,2.1416049003601074,14.346439361572266,8.513089179992676,transformer,embedding,2
266,267,0.5436251759529114,82.3169937133789,1.7222390174865723,0.001,NaN,NaN,NaN,transformer,embedding,2
268,269,0.5273709893226624,83.03440856933594,1.6944717168807983,0.001,NaN,NaN,NaN,transformer,embedding,2
269,270,NaN,NaN,NaN,NaN,2.0781354904174805,17.375133514404297,7.989558219909668,transformer,embedding,2
270,271,0.4935920834541321,84.26996612548828,1.6381901502609253,0.001,NaN,NaN,NaN,transformer,embedding,2
272,273,0.46422046422958374,86.09008026123047,1.590773582458496,0.001,NaN,NaN,NaN,transformer,embedding,2
274,275,0.4414110481739044,87.0333480834961,1.5548996925354004,0.001,2.0185418128967285,20.297555923461914,7.527340888977051,transformer,embedding,2
276,277,0.41572171449661255,88.38846588134766,1.5154640674591064,0.001,NaN,NaN,NaN,transformer,embedding,2
278,279,0.39230313897132874,89.30516815185547,1.4803863763809204,0.001,NaN,NaN,NaN,transformer,embedding,2
279,280,NaN,NaN,NaN,NaN,1.9506030082702637,22.954303741455078,7.0329270362854,transformer,embedding,2
280,281,0.3727911114692688,90.38129425048828,1.4517810344696045,0.001,NaN,NaN,NaN,transformer,embedding,2
282,283,0.3558582067489624,90.47429656982422,1.4274051189422607,0.001,NaN,NaN,NaN,transformer,embedding,2
284,285,0.3431956470012665,91.04557037353516,1.4094444513320923,0.001,1.9005430936813354,26.620616912841797,6.689526557922363,transformer,embedding,2
286,287,0.32792791724205017,91.35113525390625,1.3880889415740967,0.001,NaN,NaN,NaN,transformer,embedding,2
288,289,0.3002674877643585,92.77268981933594,1.350219964981079,0.001,NaN,NaN,NaN,transformer,embedding,2
289,290,NaN,NaN,NaN,NaN,1.838233232498169,29.755578994750977,6.285423755645752,transformer,embedding,2
290,291,0.28357797861099243,93.15796661376953,1.327872395515442,0.001,NaN,NaN,NaN,transformer,embedding,2
292,293,0.2631572484970093,93.99494934082031,1.301031231880188,0.001,NaN,NaN,NaN,transformer,embedding,2
294,295,0.2453237771987915,94.92494201660156,1.278035044670105,0.001,1.7790471315383911,33.10308074951172,5.924208641052246,transformer,embedding,2
296,297,0.23110930621623993,95.69549560546875,1.259997010231018,0.001,NaN,NaN,NaN,transformer,embedding,2
298,299,0.21385985612869263,96.16049194335938,1.2384490966796875,0.001,NaN,NaN,NaN,transformer,embedding,2
299,300,NaN,NaN,NaN,NaN,1.7227262258529663,36.82252883911133,5.59977388381958,transformer,embedding,2
300,301,0.20135876536369324,96.66533660888672,1.2230634689331055,0.001,NaN,NaN,NaN,transformer,embedding,2
303,304,0.18120720982551575,97.52890014648438,1.1986634731292725,0.001,NaN,NaN,NaN,transformer,embedding,2
304,305,NaN,NaN,NaN,NaN,1.6699986457824707,39.85122299194336,5.312160491943359,transformer,embedding,2
306,307,0.16309542953968048,97.99388885498047,1.1771490573883057,0.001,NaN,NaN,NaN,transformer,embedding,2
309,310,0.14770817756652832,98.3260269165039,1.1591745615005493,0.001,NaN,NaN,NaN,transformer,embedding,2
310,311,NaN,NaN,NaN,NaN,1.621733546257019,43.623802185058594,5.0618577003479,transformer,embedding,2
312,313,0.13216379284858704,98.56517028808594,1.1412951946258545,0.001,NaN,NaN,NaN,transformer,embedding,2
315,316,0.1172609031200409,99.00358581542969,1.1244127750396729,0.001,NaN,NaN,NaN,transformer,embedding,2
316,317,NaN,NaN,NaN,NaN,1.5769041776657104,47.18384552001953,4.839949131011963,transformer,embedding,2
318,319,0.10498915612697601,99.29586791992188,1.1106985807418823,0.001,NaN,NaN,NaN,transformer,embedding,2
321,322,0.09424524754285812,99.4552993774414,1.0988291501998901,0.001,NaN,NaN,NaN,transformer,embedding,2
322,323,NaN,NaN,NaN,NaN,1.5428740978240967,49.94686508178711,4.678016185760498,transformer,embedding,2
324,325,0.08382929861545563,99.6944351196289,1.087443232536316,0.001,NaN,NaN,NaN,transformer,embedding,2
327,328,0.07550261169672012,99.72100830078125,1.0784260034561157,0.001,NaN,NaN,NaN,transformer,embedding,2
328,329,NaN,NaN,NaN,NaN,1.516709566116333,52.178531646728516,4.5572052001953125,transformer,embedding,2
330,331,0.06779737770557404,99.7608642578125,1.0701484680175781,0.001,NaN,NaN,NaN,transformer,embedding,2
333,334,0.06100437045097351,99.80072021484375,1.0629035234451294,0.001,NaN,NaN,NaN,transformer,embedding,2
334,335,NaN,NaN,NaN,NaN,1.4951292276382446,54.03825759887695,4.4599127769470215,transformer,embedding,2
336,337,0.05527938902378082,99.8538589477539,1.0568358898162842,0.001,NaN,NaN,NaN,transformer,embedding,2
339,340,0.04996107146143913,99.86714935302734,1.0512301921844482,0.001,NaN,NaN,NaN,transformer,embedding,2
340,341,NaN,NaN,NaN,NaN,1.4774672985076904,55.57917022705078,4.381833553314209,transformer,embedding,2
342,343,0.045394692569971085,99.9202880859375,1.046440839767456,0.001,NaN,NaN,NaN,transformer,embedding,2
345,346,0.041309043765068054,99.94686126708984,1.0421741008758545,0.001,NaN,NaN,NaN,transformer,embedding,2
346,347,NaN,NaN,NaN,NaN,1.4639229774475098,56.5887336730957,4.322885036468506,transformer,embedding,2
348,349,0.03776179626584053,99.96014404296875,1.0384838581085205,0.001,NaN,NaN,NaN,transformer,embedding,2
351,352,0.034663740545511246,99.97342681884766,1.0352715253829956,0.001,NaN,NaN,NaN,transformer,embedding,2
352,353,NaN,NaN,NaN,NaN,1.4520107507705688,57.1732177734375,4.271695137023926,transformer,embedding,2
354,355,0.031770866364240646,99.97342681884766,1.0322809219360352,0.001,NaN,NaN,NaN,transformer,embedding,2
357,358,0.029146039858460426,99.9867172241211,1.029574990272522,0.001,NaN,NaN,NaN,transformer,embedding,2
359,360,NaN,NaN,NaN,NaN,1.4404104948043823,58.28905487060547,4.222428798675537,transformer,embedding,2
360,361,0.027111800387501717,99.96014404296875,1.0274826288223267,0.001,NaN,NaN,NaN,transformer,embedding,2
363,364,0.025073084980249405,99.9867172241211,1.0253900289535522,0.001,NaN,NaN,NaN,transformer,embedding,2
366,367,0.02393602393567562,99.96014404296875,1.0242247581481934,0.001,1.4323766231536865,58.873538970947266,4.1886420249938965,transformer,embedding,2
369,370,0.021909305825829506,99.97342681884766,1.0221511125564575,0.001,NaN,NaN,NaN,transformer,embedding,2
372,373,0.020211530849337578,99.9867172241211,1.0204172134399414,0.001,NaN,NaN,NaN,transformer,embedding,2
373,374,NaN,NaN,NaN,NaN,1.4247459173202515,59.51115798950195,4.156801700592041,transformer,embedding,2
375,376,0.019025063142180443,99.9867172241211,1.019207239151001,0.001,NaN,NaN,NaN,transformer,embedding,2
378,379,0.017895730212330818,99.9867172241211,1.018056869506836,0.001,NaN,NaN,NaN,transformer,embedding,2
380,381,NaN,NaN,NaN,NaN,1.4181081056594849,60.520721435546875,4.129301071166992,transformer,embedding,2
381,382,0.016698354855179787,99.97342681884766,1.016838550567627,0.001,NaN,NaN,NaN,transformer,embedding,2
384,385,0.015389795415103436,100.0,1.015508770942688,0.001,NaN,NaN,NaN,transformer,embedding,2
387,388,0.01442999579012394,100.0,1.014534592628479,0.001,1.4118391275405884,60.89266586303711,4.103495121002197,transformer,embedding,2
390,391,0.01359819807112217,100.0,1.0136910676956177,0.001,NaN,NaN,NaN,transformer,embedding,2
393,394,0.012774608097970486,100.0,1.0128566026687622,0.001,NaN,NaN,NaN,transformer,embedding,2
394,395,NaN,NaN,NaN,NaN,1.4094489812850952,61.5302848815918,4.093698978424072,transformer,embedding,2
396,397,0.012120318599045277,100.0,1.012194037437439,0.001,NaN,NaN,NaN,transformer,embedding,2
399,400,0.011510929092764854,99.9867172241211,1.0115774869918823,0.001,NaN,NaN,NaN,transformer,embedding,2
401,402,NaN,NaN,NaN,NaN,1.4040554761886597,61.58341979980469,4.07167911529541,transformer,embedding,2
402,403,0.010867245495319366,100.0,1.0109264850616455,0.001,NaN,NaN,NaN,transformer,embedding,2
406,407,0.0100893909111619,100.0,1.0101404190063477,0.001,NaN,NaN,NaN,transformer,embedding,2
409,410,NaN,NaN,NaN,NaN,1.400612711906433,62.167903900146484,4.057685375213623,transformer,embedding,2
410,411,0.009273909032344818,100.0,1.0093170404434204,0.001,NaN,NaN,NaN,transformer,embedding,2
414,415,0.008640666492283344,100.0,1.0086780786514282,0.001,NaN,NaN,NaN,transformer,embedding,2
417,418,NaN,NaN,NaN,NaN,1.3980063199996948,62.80552673339844,4.047123432159424,transformer,embedding,2
418,419,0.008070594631135464,100.0,1.0081032514572144,0.001,NaN,NaN,NaN,transformer,embedding,2
422,423,0.00753425620496273,100.0,1.0075627565383911,0.001,NaN,NaN,NaN,transformer,embedding,2
425,426,NaN,NaN,NaN,NaN,1.39552903175354,62.91179656982422,4.037109851837158,transformer,embedding,2
426,427,0.007047851104289293,100.0,1.0070726871490479,0.001,NaN,NaN,NaN,transformer,embedding,2
430,431,0.006606443785130978,100.0,1.0066282749176025,0.001,NaN,NaN,NaN,transformer,embedding,2
433,434,NaN,NaN,NaN,NaN,1.3947932720184326,63.443145751953125,4.034140586853027,transformer,embedding,2
434,435,0.006194151472300291,100.0,1.0062134265899658,0.001,NaN,NaN,NaN,transformer,embedding,2
438,439,0.00581800052896142,100.0,1.005834937095642,0.001,NaN,NaN,NaN,transformer,embedding,2
441,442,NaN,NaN,NaN,NaN,1.3935757875442505,63.92136001586914,4.029232025146484,transformer,embedding,2
442,443,0.005468390416353941,100.0,1.0054833889007568,0.001,NaN,NaN,NaN,transformer,embedding,2
446,447,0.005146265961229801,100.0,1.0051594972610474,0.001,NaN,NaN,NaN,transformer,embedding,2
449,450,NaN,NaN,NaN,NaN,1.393022894859314,64.29330444335938,4.027004718780518,transformer,embedding,2
450,451,0.004846496507525444,100.0,1.0048582553863525,0.001,NaN,NaN,NaN,transformer,embedding,2
454,455,0.004567710682749748,100.0,1.0045781135559082,0.001,NaN,NaN,NaN,transformer,embedding,2
457,458,NaN,NaN,NaN,NaN,1.3925896883010864,64.5589828491211,4.025260925292969,transformer,embedding,2
458,459,0.004308681935071945,100.0,1.0043179988861084,0.001,NaN,NaN,NaN,transformer,embedding,2
462,463,0.00406676298007369,100.0,1.004075050354004,0.001,NaN,NaN,NaN,transformer,embedding,2
466,467,0.0038412660360336304,100.0,1.003848671913147,0.001,1.3926843404769897,64.93092346191406,4.025641918182373,transformer,embedding,2
470,471,0.003630427410826087,100.0,1.0036370754241943,0.001,NaN,NaN,NaN,transformer,embedding,2
474,475,0.00343289109878242,100.0,1.0034388303756714,0.001,NaN,NaN,NaN,transformer,embedding,2
475,476,NaN,NaN,NaN,NaN,1.393079161643982,65.35600280761719,4.027231693267822,transformer,embedding,2
478,479,0.003247408429160714,100.0,1.0032527446746826,0.001,NaN,NaN,NaN,transformer,embedding,2
482,483,0.0030742816161364317,100.0,1.0030790567398071,0.001,NaN,NaN,NaN,transformer,embedding,2
484,485,NaN,NaN,NaN,NaN,1.3936209678649902,65.56854248046875,4.029414176940918,transformer,embedding,2
486,487,0.0029108200687915087,100.0,1.0029150247573853,0.001,NaN,NaN,NaN,transformer,embedding,2
490,491,0.0027574908453971148,100.0,1.0027612447738647,0.001,NaN,NaN,NaN,transformer,embedding,2
493,494,NaN,NaN,NaN,NaN,1.394242763519287,65.8873519897461,4.031920433044434,transformer,embedding,2
494,495,0.002613537246361375,100.0,1.0026170015335083,0.001,NaN,NaN,NaN,transformer,embedding,2
498,499,0.0024776533246040344,100.0,1.0024807453155518,0.001,NaN,NaN,NaN,transformer,embedding,2
502,503,0.0023501471150666475,100.0,1.0023529529571533,0.001,1.3953180313110352,66.15303039550781,4.036258220672607,transformer,embedding,2
507,508,0.002200482180342078,100.0,1.0022028684616089,0.001,NaN,NaN,NaN,transformer,embedding,2
512,513,0.002061485080048442,100.0,1.0020636320114136,0.001,1.396386742591858,66.36557006835938,4.040574073791504,transformer,embedding,2
517,518,0.00193223194219172,100.0,1.0019340515136719,0.001,NaN,NaN,NaN,transformer,embedding,2
522,523,0.0018119794549420476,100.0,1.0018136501312256,0.001,1.3975892066955566,66.418701171875,4.045435428619385,transformer,embedding,2
527,528,0.0016998345963656902,100.0,1.0017012357711792,0.001,NaN,NaN,NaN,transformer,embedding,2
532,533,0.0015951659297570586,100.0,1.001596450805664,0.001,1.399152398109436,66.73751068115234,4.051764011383057,transformer,embedding,2
537,538,0.0014975888188928366,100.0,1.0014986991882324,0.001,NaN,NaN,NaN,transformer,embedding,2
542,543,0.001406553783454001,100.0,1.001407504081726,0.001,1.4007664918899536,66.84378051757812,4.058309555053711,transformer,embedding,2
547,548,0.0013216400984674692,100.0,1.0013225078582764,0.001,NaN,NaN,NaN,transformer,embedding,2
552,553,0.0012421987485140562,100.0,1.001242995262146,0.001,1.4028347730636597,67.05632019042969,4.066711902618408,transformer,embedding,2
557,558,0.0011678771115839481,100.0,1.0011686086654663,0.001,NaN,NaN,NaN,transformer,embedding,2
562,563,0.0010980486404150724,100.0,1.0010986328125,0.001,NaN,NaN,NaN,transformer,embedding,2
563,564,NaN,NaN,NaN,NaN,1.4052058458328247,67.21572875976562,4.076365947723389,transformer,embedding,2
567,568,0.0010328255593776703,100.0,1.0010333061218262,0.001,NaN,NaN,NaN,transformer,embedding,2
572,573,0.0009717877255752683,100.0,1.0009722709655762,0.001,NaN,NaN,NaN,transformer,embedding,2
574,575,NaN,NaN,NaN,NaN,1.407458782196045,67.42826843261719,4.085559844970703,transformer,embedding,2
577,578,0.0009147330420091748,100.0,1.0009151697158813,0.001,NaN,NaN,NaN,transformer,embedding,2
582,583,0.0008609553333371878,100.0,1.0008612871170044,0.001,NaN,NaN,NaN,transformer,embedding,2
585,586,NaN,NaN,NaN,NaN,1.4099410772323608,67.5876693725586,4.095714092254639,transformer,embedding,2
587,588,0.0008104727603495121,100.0,1.0008107423782349,0.001,NaN,NaN,NaN,transformer,embedding,2
592,593,0.0007632133201695979,100.0,1.0007635354995728,0.001,NaN,NaN,NaN,transformer,embedding,2
596,597,NaN,NaN,NaN,NaN,1.4124552011489868,67.5876693725586,4.106024265289307,transformer,embedding,2
597,598,0.0007188807358033955,100.0,1.0007191896438599,0.001,NaN,NaN,NaN,transformer,embedding,2
602,603,0.0006773581262677908,100.0,1.0006775856018066,0.001,NaN,NaN,NaN,transformer,embedding,2
607,608,NaN,NaN,NaN,NaN,1.415079951286316,67.74707794189453,4.116815567016602,transformer,embedding,2
608,609,0.0006305487477220595,100.0,1.0006307363510132,0.001,NaN,NaN,NaN,transformer,embedding,2
614,615,0.0005872776382602751,100.0,1.0005874633789062,0.001,NaN,NaN,NaN,transformer,embedding,2
619,620,NaN,NaN,NaN,NaN,1.4182603359222412,67.90647888183594,4.129929542541504,transformer,embedding,2
620,621,0.0005471149343065917,100.0,1.0005472898483276,0.001,NaN,NaN,NaN,transformer,embedding,2
626,627,0.000509896781295538,100.0,1.0005099773406982,0.001,NaN,NaN,NaN,transformer,embedding,2
631,632,NaN,NaN,NaN,NaN,1.4213253259658813,68.17215728759766,4.14260721206665,transformer,embedding,2
632,633,0.00047522957902401686,100.0,1.000475287437439,0.001,NaN,NaN,NaN,transformer,embedding,2
638,639,0.00044300209265202284,100.0,1.0004431009292603,0.001,NaN,NaN,NaN,transformer,embedding,2
643,644,NaN,NaN,NaN,NaN,1.4247210025787354,68.27842712402344,4.156697750091553,transformer,embedding,2
644,645,0.00041298105497844517,100.0,1.0004130601882935,0.001,NaN,NaN,NaN,transformer,embedding,2
650,651,0.00038501067319884896,100.0,1.000385046005249,0.001,NaN,NaN,NaN,transformer,embedding,2
655,656,NaN,NaN,NaN,NaN,1.4281809329986572,68.38469696044922,4.171104907989502,transformer,embedding,2
656,657,0.0003590350388549268,100.0,1.000359058380127,0.001,NaN,NaN,NaN,transformer,embedding,2
662,663,0.00033489931956864893,100.0,1.0003349781036377,0.001,NaN,NaN,NaN,transformer,embedding,2
668,669,0.0003124452487099916,100.0,1.0003124475479126,0.001,1.432042121887207,68.59723663330078,4.187241554260254,transformer,embedding,2
674,675,0.0002915527147706598,100.0,1.0002915859222412,0.001,NaN,NaN,NaN,transformer,embedding,2
680,681,0.000272071803919971,100.0,1.0002721548080444,0.001,NaN,NaN,NaN,transformer,embedding,2
681,682,NaN,NaN,NaN,NaN,1.4361841678619385,68.86290740966797,4.204620838165283,transformer,embedding,2
686,687,0.00025403150357306004,100.0,1.0002540349960327,0.001,NaN,NaN,NaN,transformer,embedding,2
692,693,0.00023711103131063282,100.0,1.0002371072769165,0.001,NaN,NaN,NaN,transformer,embedding,2
694,695,NaN,NaN,NaN,NaN,1.4405632019042969,68.86290740966797,4.223073482513428,transformer,embedding,2
698,699,0.00022139339125715196,100.0,1.0002213716506958,0.001,NaN,NaN,NaN,transformer,embedding,2
704,705,0.00020678403961937875,100.0,1.0002068281173706,0.001,NaN,NaN,NaN,transformer,embedding,2
707,708,NaN,NaN,NaN,NaN,1.4447489976882935,68.91604614257812,4.240787506103516,transformer,embedding,2
711,712,0.00019087849068455398,100.0,1.0001908540725708,0.001,NaN,NaN,NaN,transformer,embedding,2
718,719,0.00017622235463932157,100.0,1.000176191329956,0.001,NaN,NaN,NaN,transformer,embedding,2
721,722,NaN,NaN,NaN,NaN,1.4491708278656006,68.96917724609375,4.259581089019775,transformer,embedding,2
725,726,0.00016274824156425893,100.0,1.0001627206802368,0.001,NaN,NaN,NaN,transformer,embedding,2
732,733,0.0001503375096945092,100.0,1.0001503229141235,0.001,NaN,NaN,NaN,transformer,embedding,2
735,736,NaN,NaN,NaN,NaN,1.454093098640442,69.07544708251953,4.280599594116211,transformer,embedding,2
739,740,0.00013889434922020882,100.0,1.0001388788223267,0.001,NaN,NaN,NaN,transformer,embedding,2
746,747,0.00012834130029659718,100.0,1.0001283884048462,0.001,NaN,NaN,NaN,transformer,embedding,2
749,750,NaN,NaN,NaN,NaN,1.4590016603469849,69.3942642211914,4.301662921905518,transformer,embedding,2
753,754,0.0001186182489618659,100.0,1.000118613243103,0.001,NaN,NaN,NaN,transformer,embedding,2
760,761,0.00010964425018755719,100.0,1.0001096725463867,0.001,NaN,NaN,NaN,transformer,embedding,2
763,764,NaN,NaN,NaN,NaN,1.4640942811965942,69.6599349975586,4.323625564575195,transformer,embedding,2
767,768,0.00010134901822311804,100.0,1.0001013278961182,0.001,NaN,NaN,NaN,transformer,embedding,2
774,775,9.370196494273841e-05,100.0,1.000093698501587,0.001,NaN,NaN,NaN,transformer,embedding,2
778,779,NaN,NaN,NaN,NaN,1.4694181680679321,69.50053405761719,4.346705436706543,transformer,embedding,2
781,782,8.66374175529927e-05,100.0,1.0000866651535034,0.001,NaN,NaN,NaN,transformer,embedding,2
788,789,8.012658508960158e-05,100.0,1.0000801086425781,0.001,NaN,NaN,NaN,transformer,embedding,2
793,794,NaN,NaN,NaN,NaN,1.4748845100402832,69.60680389404297,4.37053108215332,transformer,embedding,2
795,796,7.406948134303093e-05,100.0,1.000074028968811,0.001,NaN,NaN,NaN,transformer,embedding,2
802,803,6.848893826827407e-05,100.0,1.0000685453414917,0.001,NaN,NaN,NaN,transformer,embedding,2
808,809,NaN,NaN,NaN,NaN,1.4802005290985107,69.71307373046875,4.393826484680176,transformer,embedding,2
810,811,6.262189708650112e-05,100.0,1.0000625848770142,0.001,NaN,NaN,NaN,transformer,embedding,2
818,819,5.727608731831424e-05,100.0,1.0000572204589844,0.001,NaN,NaN,NaN,transformer,embedding,2
824,825,NaN,NaN,NaN,NaN,1.4861598014831543,70.13815307617188,4.420088768005371,transformer,embedding,2
826,827,5.23922462889459e-05,100.0,1.0000524520874023,0.001,NaN,NaN,NaN,transformer,embedding,2
834,835,4.7933390305843204e-05,100.0,1.0000479221343994,0.001,NaN,NaN,NaN,transformer,embedding,2
840,841,NaN,NaN,NaN,NaN,1.4923596382141113,70.1912841796875,4.447577953338623,transformer,embedding,2
842,843,4.386970613268204e-05,100.0,1.0000438690185547,0.001,NaN,NaN,NaN,transformer,embedding,2
850,851,4.0163082303479314e-05,100.0,1.0000401735305786,0.001,NaN,NaN,NaN,transformer,embedding,2
856,857,NaN,NaN,NaN,NaN,1.4984959363937378,70.29755401611328,4.4749531745910645,transformer,embedding,2
858,859,3.67508182534948e-05,100.0,1.0000367164611816,0.001,NaN,NaN,NaN,transformer,embedding,2
866,867,3.363874930073507e-05,100.0,1.0000336170196533,0.001,NaN,NaN,NaN,transformer,embedding,2
873,874,NaN,NaN,NaN,NaN,1.504835844039917,70.40382385253906,4.503414154052734,transformer,embedding,2
874,875,3.0796232749708e-05,100.0,1.000030755996704,0.001,NaN,NaN,NaN,transformer,embedding,2
882,883,2.8193939215270802e-05,100.0,1.0000282526016235,0.001,NaN,NaN,NaN,transformer,embedding,2
890,891,2.5818417270784266e-05,100.0,1.0000258684158325,0.001,1.511352777481079,70.40382385253906,4.532858371734619,transformer,embedding,2
898,899,2.364559259149246e-05,100.0,1.000023603439331,0.001,NaN,NaN,NaN,transformer,embedding,2
906,907,2.1650073904311284e-05,100.0,1.0000216960906982,0.001,NaN,NaN,NaN,transformer,embedding,2
907,908,NaN,NaN,NaN,NaN,1.5179848670959473,70.45696258544922,4.563020706176758,transformer,embedding,2
915,916,1.9606115529313684e-05,100.0,1.0000195503234863,0.001,NaN,NaN,NaN,transformer,embedding,2
924,925,1.7764283256838098e-05,100.0,1.000017762184143,0.001,NaN,NaN,NaN,transformer,embedding,2
925,926,NaN,NaN,NaN,NaN,1.524896264076233,70.51009368896484,4.594666957855225,transformer,embedding,2
933,934,1.609817991266027e-05,100.0,1.0000160932540894,0.001,NaN,NaN,NaN,transformer,embedding,2
942,943,1.4585133612854406e-05,100.0,1.0000145435333252,0.001,NaN,NaN,NaN,transformer,embedding,2
943,944,NaN,NaN,NaN,NaN,1.5319466590881348,70.563232421875,4.627175807952881,transformer,embedding,2
951,952,1.3212017620389815e-05,100.0,1.0000132322311401,0.001,NaN,NaN,NaN,transformer,embedding,2
960,961,1.1977243048022501e-05,100.0,1.000011920928955,0.001,NaN,NaN,NaN,transformer,embedding,2
961,962,NaN,NaN,NaN,NaN,1.539009690284729,70.82890319824219,4.65997314453125,transformer,embedding,2
969,970,1.0867976925510447e-05,100.0,1.0000108480453491,0.001,NaN,NaN,NaN,transformer,embedding,2
978,979,9.86429222393781e-06,100.0,1.0000098943710327,0.001,NaN,NaN,NaN,transformer,embedding,2
980,981,NaN,NaN,NaN,NaN,1.5461127758026123,70.88204193115234,4.693191051483154,transformer,embedding,2
987,988,8.956319106800947e-06,100.0,1.0000089406967163,0.001,NaN,NaN,NaN,transformer,embedding,2
996,997,8.130845344567206e-06,100.0,1.0000081062316895,0.001,NaN,NaN,NaN,transformer,embedding,2
999,1000,NaN,NaN,NaN,NaN,1.5534377098083496,70.88204193115234,4.727694511413574,transformer,embedding,2
1005,1006,7.385958724626107e-06,100.0,1.0000073909759521,0.001,NaN,NaN,NaN,transformer,embedding,2
1015,1016,6.630999450862873e-06,100.0,1.0000066757202148,0.001,NaN,NaN,NaN,transformer,embedding,2
1018,1019,NaN,NaN,NaN,NaN,1.560633897781372,70.88204193115234,4.761838912963867,transformer,embedding,2
1025,1026,5.947277259110706e-06,100.0,1.0000059604644775,0.001,NaN,NaN,NaN,transformer,embedding,2
1035,1036,5.3264143389242236e-06,100.0,1.0000053644180298,0.001,NaN,NaN,NaN,transformer,embedding,2
1038,1039,NaN,NaN,NaN,NaN,1.5685760974884033,70.98831176757812,4.799808979034424,transformer,embedding,2
1045,1046,4.775433808390517e-06,100.0,1.000004768371582,0.001,NaN,NaN,NaN,transformer,embedding,2
1055,1056,4.274975253792945e-06,100.0,1.0000042915344238,0.001,NaN,NaN,NaN,transformer,embedding,2
1058,1059,NaN,NaN,NaN,NaN,1.5759621858596802,71.04144287109375,4.835391998291016,transformer,embedding,2
1065,1066,3.831104095297633e-06,100.0,1.0000038146972656,0.001,NaN,NaN,NaN,transformer,embedding,2
1075,1076,3.435672397245071e-06,100.0,1.000003457069397,0.001,NaN,NaN,NaN,transformer,embedding,2
1079,1080,NaN,NaN,NaN,NaN,1.5842182636260986,71.0945816040039,4.875478744506836,transformer,embedding,2
1085,1086,3.087681534452713e-06,100.0,1.0000030994415283,0.001,NaN,NaN,NaN,transformer,embedding,2
1095,1096,2.777075678750407e-06,100.0,1.0000027418136597,0.001,NaN,NaN,NaN,transformer,embedding,2
1100,1101,NaN,NaN,NaN,NaN,1.5925045013427734,71.25398254394531,4.916045665740967,transformer,embedding,2
1105,1106,2.4982318791444413e-06,100.0,1.0000025033950806,0.001,NaN,NaN,NaN,transformer,embedding,2
1116,1117,2.2231729417399038e-06,100.0,1.0000022649765015,0.001,NaN,NaN,NaN,transformer,embedding,2
1121,1122,NaN,NaN,NaN,NaN,1.6009224653244019,71.46652221679688,4.957603454589844,transformer,embedding,2
1127,1128,1.9832182260870468e-06,100.0,1.0000020265579224,0.001,NaN,NaN,NaN,transformer,embedding,2
1138,1139,1.7658558135735802e-06,100.0,1.0000017881393433,0.001,NaN,NaN,NaN,transformer,embedding,2
1143,1144,NaN,NaN,NaN,NaN,1.6100690364837646,71.51966094970703,5.003156661987305,transformer,embedding,2
1149,1150,1.574403427184734e-06,100.0,1.0000015497207642,0.001,NaN,NaN,NaN,transformer,embedding,2
1160,1161,1.4042764178157086e-06,100.0,1.0000014305114746,0.001,NaN,NaN,NaN,transformer,embedding,2
1165,1166,NaN,NaN,NaN,NaN,1.6189827919006348,71.67906188964844,5.047952651977539,transformer,embedding,2
1171,1172,1.2533128028735518e-06,100.0,1.000001311302185,0.001,NaN,NaN,NaN,transformer,embedding,2
1182,1183,1.1174345218023518e-06,100.0,1.000001072883606,0.001,NaN,NaN,NaN,transformer,embedding,2
1188,1189,NaN,NaN,NaN,NaN,1.6285290718078613,71.67906188964844,5.096372604370117,transformer,embedding,2
1193,1194,9.9744136150548e-07,100.0,1.0000009536743164,0.001,NaN,NaN,NaN,transformer,embedding,2
1204,1205,8.913613669392362e-07,100.0,1.0000008344650269,0.001,NaN,NaN,NaN,transformer,embedding,2
1211,1212,NaN,NaN,NaN,NaN,1.637800931930542,71.7322006225586,5.143845558166504,transformer,embedding,2
1216,1217,7.889873927524604e-07,100.0,1.0000008344650269,0.001,NaN,NaN,NaN,transformer,embedding,2
1228,1229,6.97937309723784e-07,100.0,1.0000007152557373,0.001,NaN,NaN,NaN,transformer,embedding,2
1235,1236,NaN,NaN,NaN,NaN,1.647607684135437,71.7322006225586,5.194538116455078,transformer,embedding,2
1240,1241,6.192088335410517e-07,100.0,1.0000005960464478,0.001,NaN,NaN,NaN,transformer,embedding,2
1252,1253,5.486128884513164e-07,100.0,1.0000005960464478,0.001,NaN,NaN,NaN,transformer,embedding,2
1259,1260,NaN,NaN,NaN,NaN,1.6572588682174683,71.67906188964844,5.2449140548706055,transformer,embedding,2
1264,1265,4.862525315729727e-07,100.0,1.0000004768371582,0.001,NaN,NaN,NaN,transformer,embedding,2
1276,1277,4.3116952497257444e-07,100.0,1.0000004768371582,0.001,NaN,NaN,NaN,transformer,embedding,2
1284,1285,NaN,NaN,NaN,NaN,1.6672452688217163,71.83847045898438,5.2975544929504395,transformer,embedding,2
1288,1289,3.8295209492389404e-07,100.0,1.0000003576278687,0.001,NaN,NaN,NaN,transformer,embedding,2
1300,1301,3.3977099178628123e-07,100.0,1.0000003576278687,0.001,NaN,NaN,NaN,transformer,embedding,2
1309,1310,NaN,NaN,NaN,NaN,1.6772010326385498,71.8916015625,5.350558757781982,transformer,embedding,2
1313,1314,2.9940898116365133e-07,100.0,1.0000003576278687,0.001,NaN,NaN,NaN,transformer,embedding,2
1326,1327,2.6314890533285507e-07,100.0,1.000000238418579,0.001,NaN,NaN,NaN,transformer,embedding,2
1335,1336,NaN,NaN,NaN,NaN,1.6860181093215942,71.94474029541016,5.39794397354126,transformer,embedding,2
1339,1340,2.3342181521002203e-07,100.0,1.000000238418579,0.001,NaN,NaN,NaN,transformer,embedding,2
1352,1353,2.0611786055724224e-07,100.0,1.000000238418579,0.001,NaN,NaN,NaN,transformer,embedding,2
1361,1362,NaN,NaN,NaN,NaN,1.695137858390808,71.99787139892578,5.447396755218506,transformer,embedding,2
1365,1366,1.8396904977180384e-07,100.0,1.000000238418579,0.001,NaN,NaN,NaN,transformer,embedding,2
1378,1379,1.6242205447269953e-07,100.0,1.0000001192092896,0.001,NaN,NaN,NaN,transformer,embedding,2
1388,1389,NaN,NaN,NaN,NaN,1.7030714750289917,71.94474029541016,5.490786552429199,transformer,embedding,2
1391,1392,1.4541251402988564e-07,100.0,1.0000001192092896,0.001,NaN,NaN,NaN,transformer,embedding,2
1404,1405,1.2922653525038186e-07,100.0,1.0000001192092896,0.001,NaN,NaN,NaN,transformer,embedding,2
1415,1416,NaN,NaN,NaN,NaN,1.7105474472045898,71.94474029541016,5.531989097595215,transformer,embedding,2
1418,1419,1.1546369904635867e-07,100.0,1.0000001192092896,0.001,NaN,NaN,NaN,transformer,embedding,2
1432,1433,1.0206512968125026e-07,100.0,1.0000001192092896,0.001,NaN,NaN,NaN,transformer,embedding,2
1443,1444,NaN,NaN,NaN,NaN,1.716613531112671,71.99787139892578,5.565648555755615,transformer,embedding,2
1446,1447,9.188949690042136e-08,100.0,1.0000001192092896,0.001,NaN,NaN,NaN,transformer,embedding,2
1460,1461,8.557822894772471e-08,100.0,1.0000001192092896,0.001,NaN,NaN,NaN,transformer,embedding,2
1471,1472,NaN,NaN,NaN,NaN,1.72065007686615,71.99787139892578,5.588160037994385,transformer,embedding,2
1474,1475,7.471366814115754e-08,100.0,1.0000001192092896,0.001,NaN,NaN,NaN,transformer,embedding,2
1488,1489,6.833904819814052e-08,100.0,1.0000001192092896,0.001,NaN,NaN,NaN,transformer,embedding,2
1500,1501,NaN,NaN,NaN,NaN,1.732764482498169,71.94474029541016,5.656269073486328,transformer,embedding,2
1502,1503,2.482912302017212,35.08702087402344,11.976091384887695,0.001,NaN,NaN,NaN,transformer,embedding,2
1517,1518,0.26279228925704956,88.86674499511719,1.3005565404891968,0.001,NaN,NaN,NaN,transformer,embedding,2
1529,1530,NaN,NaN,NaN,NaN,1.677648663520813,58.873538970947266,5.352954387664795,transformer,embedding,2
1532,1533,0.01935594715178013,99.41543579101562,1.0195444822311401,0.001,NaN,NaN,NaN,transformer,embedding,2
1547,1548,0.002867987146601081,100.0,1.002872109413147,0.001,NaN,NaN,NaN,transformer,embedding,2
1559,1560,NaN,NaN,NaN,NaN,1.693063497543335,66.57810974121094,5.436108589172363,transformer,embedding,2
1562,1563,0.0009503960609436035,100.0,1.000950813293457,0.001,NaN,NaN,NaN,transformer,embedding,2
1577,1578,0.0005166282062418759,100.0,1.0005167722702026,0.001,NaN,NaN,NaN,transformer,embedding,2
1590,1591,NaN,NaN,NaN,NaN,1.6961584091186523,67.69393920898438,5.452959060668945,transformer,embedding,2
1592,1593,0.0003459938452579081,100.0,1.000346064567566,0.001,NaN,NaN,NaN,transformer,embedding,2
1607,1608,0.00024356199719477445,100.0,1.0002435445785522,0.001,NaN,NaN,NaN,transformer,embedding,2
1621,1622,NaN,NaN,NaN,NaN,1.7503832578659058,68.59723663330078,5.756808757781982,transformer,embedding,2
1623,1624,0.00016421182954218239,100.0,1.000164270401001,0.001,NaN,NaN,NaN,transformer,embedding,2
1639,1640,0.00011807963164756075,100.0,1.0001181364059448,0.001,NaN,NaN,NaN,transformer,embedding,2
1653,1654,NaN,NaN,NaN,NaN,1.799445390701294,69.55366516113281,6.046293258666992,transformer,embedding,2
1655,1656,9.640440111979842e-05,100.0,1.0000964403152466,0.001,NaN,NaN,NaN,transformer,embedding,2
1671,1672,8.34728853078559e-05,100.0,1.0000834465026855,0.001,NaN,NaN,NaN,transformer,embedding,2
1686,1687,NaN,NaN,NaN,NaN,1.8000677824020386,69.71307373046875,6.050057411193848,transformer,embedding,2
1687,1688,7.36539441277273e-05,100.0,1.0000736713409424,0.001,NaN,NaN,NaN,transformer,embedding,2
1703,1704,6.543305062223226e-05,100.0,1.0000654458999634,0.001,NaN,NaN,NaN,transformer,embedding,2
1719,1720,NaN,NaN,NaN,NaN,1.7955496311187744,69.97874450683594,6.022784233093262,transformer,embedding,2
1720,1721,5.788682756246999e-05,100.0,1.0000579357147217,0.001,NaN,NaN,NaN,transformer,embedding,2
1737,1738,5.12644910486415e-05,100.0,1.0000512599945068,0.001,NaN,NaN,NaN,transformer,embedding,2
1753,1754,NaN,NaN,NaN,NaN,1.7920244932174683,70.13815307617188,6.001590251922607,transformer,embedding,2
1754,1755,4.538825305644423e-05,100.0,1.0000454187393188,0.001,NaN,NaN,NaN,transformer,embedding,2
1771,1772,4.021469794679433e-05,100.0,1.0000401735305786,0.001,NaN,NaN,NaN,transformer,embedding,2
1788,1789,3.5662713344208896e-05,100.0,1.0000356435775757,0.001,1.7886184453964233,70.29755401611328,5.9811835289001465,transformer,embedding,2
1805,1806,3.1671053875470534e-05,100.0,1.0000317096710205,0.001,NaN,NaN,NaN,transformer,embedding,2
1823,1824,2.7939257051912136e-05,100.0,1.0000278949737549,0.001,1.7840585708618164,70.51009368896484,5.953971862792969,transformer,embedding,2
1841,1842,2.4649234546814114e-05,100.0,1.000024676322937,0.001,NaN,NaN,NaN,transformer,embedding,2
1859,1860,2.1743775505456142e-05,100.0,1.0000216960906982,0.001,1.7795028686523438,70.51009368896484,5.926909446716309,transformer,embedding,2
1877,1878,1.917184636113234e-05,100.0,1.0000191926956177,0.001,NaN,NaN,NaN,transformer,embedding,2
1895,1896,1.6889074686332606e-05,100.0,1.0000169277191162,0.001,NaN,NaN,NaN,transformer,embedding,2
1896,1897,NaN,NaN,NaN,NaN,1.7741698026657104,70.51009368896484,5.895384788513184,transformer,embedding,2
1913,1914,1.4871608982502948e-05,100.0,1.0000149011611938,0.001,NaN,NaN,NaN,transformer,embedding,2
1932,1933,1.2996452824154403e-05,100.0,1.000012993812561,0.001,NaN,NaN,NaN,transformer,embedding,2
1933,1934,NaN,NaN,NaN,NaN,1.7690773010253906,70.88204193115234,5.865438938140869,transformer,embedding,2
1951,1952,1.1345568054821342e-05,100.0,1.0000113248825073,0.001,NaN,NaN,NaN,transformer,embedding,2
1970,1971,9.891957233776338e-06,100.0,1.0000098943710327,0.001,NaN,NaN,NaN,transformer,embedding,2
1971,1972,NaN,NaN,NaN,NaN,1.7638834714889526,70.88204193115234,5.83505392074585,transformer,embedding,2
1989,1990,8.615272236056626e-06,100.0,1.0000085830688477,0.001,NaN,NaN,NaN,transformer,embedding,2
2008,2009,7.497105798393022e-06,100.0,1.0000075101852417,0.001,NaN,NaN,NaN,transformer,embedding,2
2010,2011,NaN,NaN,NaN,NaN,1.758902907371521,70.82890319824219,5.806064128875732,transformer,embedding,2
2028,2029,6.469773779826937e-06,100.0,1.0000064373016357,0.001,NaN,NaN,NaN,transformer,embedding,2
2048,2049,5.577429874392692e-06,100.0,1.0000056028366089,0.001,NaN,NaN,NaN,transformer,embedding,2
2050,2051,NaN,NaN,NaN,NaN,1.7549234628677368,70.93517303466797,5.783005237579346,transformer,embedding,2
2068,2069,4.8034398787422106e-06,100.0,1.000004768371582,0.001,NaN,NaN,NaN,transformer,embedding,2
2088,2089,4.132098638365278e-06,100.0,1.0000041723251343,0.001,NaN,NaN,NaN,transformer,embedding,2
2090,2091,NaN,NaN,NaN,NaN,1.7518943548202515,71.04144287109375,5.765514373779297,transformer,embedding,2
2108,2109,3.553833494152059e-06,100.0,1.0000035762786865,0.001,NaN,NaN,NaN,transformer,embedding,2
2129,2130,3.0339824661496095e-06,100.0,1.0000029802322388,0.001,NaN,NaN,NaN,transformer,embedding,2
2131,2132,NaN,NaN,NaN,NaN,1.7494803667068481,71.14771270751953,5.751613140106201,transformer,embedding,2
2150,2151,2.5881802230287576e-06,100.0,1.0000026226043701,0.001,NaN,NaN,NaN,transformer,embedding,2
2171,2172,2.2070578324928647e-06,100.0,1.0000022649765015,0.001,NaN,NaN,NaN,transformer,embedding,2
2173,2174,NaN,NaN,NaN,NaN,1.7475405931472778,71.20085144042969,5.740467071533203,transformer,embedding,2
2192,2193,1.8815408111549914e-06,100.0,1.0000019073486328,0.001,NaN,NaN,NaN,transformer,embedding,2
2213,2214,1.6050013300628052e-06,100.0,1.0000015497207642,0.001,NaN,NaN,NaN,transformer,embedding,2
2216,2217,NaN,NaN,NaN,NaN,1.7461780309677124,71.51966094970703,5.7326507568359375,transformer,embedding,2
2235,2236,1.3591946981250658e-06,100.0,1.000001311302185,0.001,NaN,NaN,NaN,transformer,embedding,2
2257,2258,1.151081391981279e-06,100.0,1.0000011920928955,0.001,NaN,NaN,NaN,transformer,embedding,2
2260,2261,NaN,NaN,NaN,NaN,1.7451837062835693,71.78533172607422,5.726953506469727,transformer,embedding,2
2279,2280,9.761952242115512e-07,100.0,1.0000009536743164,0.001,NaN,NaN,NaN,transformer,embedding,2
2301,2302,8.27369717626425e-07,100.0,1.0000008344650269,0.001,NaN,NaN,NaN,transformer,embedding,2
2305,2306,NaN,NaN,NaN,NaN,1.7443960905075073,71.94474029541016,5.722444534301758,transformer,embedding,2
2324,2325,6.957913001315319e-07,100.0,1.0000007152557373,0.001,NaN,NaN,NaN,transformer,embedding,2
2347,2348,5.866230594619992e-07,100.0,1.0000005960464478,0.001,NaN,NaN,NaN,transformer,embedding,2
2351,2352,NaN,NaN,NaN,NaN,1.7451672554016113,71.83847045898438,5.726859092712402,transformer,embedding,2
2370,2371,4.939258246849931e-07,100.0,1.0000004768371582,0.001,NaN,NaN,NaN,transformer,embedding,2
2393,2394,4.1670983819130925e-07,100.0,1.0000003576278687,0.001,NaN,NaN,NaN,transformer,embedding,2
2398,2399,NaN,NaN,NaN,NaN,1.7475996017456055,71.83847045898438,5.7408061027526855,transformer,embedding,2
2416,2417,3.5167292367077607e-07,100.0,1.0000003576278687,0.001,NaN,NaN,NaN,transformer,embedding,2
2440,2441,2.945626818018354e-07,100.0,1.000000238418579,0.001,NaN,NaN,NaN,transformer,embedding,2
2445,2446,NaN,NaN,NaN,NaN,1.750975251197815,71.8916015625,5.760217666625977,transformer,embedding,2
2464,2465,2.463848431943916e-07,100.0,1.000000238418579,0.001,NaN,NaN,NaN,transformer,embedding,2
2488,2489,2.0691766167146852e-07,100.0,1.000000238418579,0.001,NaN,NaN,NaN,transformer,embedding,2
2493,2494,NaN,NaN,NaN,NaN,1.7551896572113037,72.05101013183594,5.784544944763184,transformer,embedding,2
2512,2513,1.732707772816866e-07,100.0,1.0000001192092896,0.001,NaN,NaN,NaN,transformer,embedding,2
2537,2538,1.4429596717491222e-07,100.0,1.0000001192092896,0.001,NaN,NaN,NaN,transformer,embedding,2
2542,2543,NaN,NaN,NaN,NaN,1.7590203285217285,72.21041107177734,5.806746006011963,transformer,embedding,2
2562,2563,1.2046837127854815e-07,100.0,1.0000001192092896,0.001,NaN,NaN,NaN,transformer,embedding,2
2587,2588,1.0071893541407917e-07,100.0,1.0000001192092896,0.001,NaN,NaN,NaN,transformer,embedding,2
2592,2593,NaN,NaN,NaN,NaN,1.7629804611206055,72.31668090820312,5.829786777496338,transformer,embedding,2
2612,2613,8.4295386670874e-08,100.0,1.0000001192092896,0.001,NaN,NaN,NaN,transformer,embedding,2
2638,2639,7.029498760857678e-08,100.0,1.0000001192092896,0.001,NaN,NaN,NaN,transformer,embedding,2
2643,2644,NaN,NaN,NaN,NaN,1.765597939491272,72.21041107177734,5.845066547393799,transformer,embedding,2
2664,2665,5.977885564334429e-08,100.0,1.0000001192092896,0.001,NaN,NaN,NaN,transformer,embedding,2
2690,2691,5.102068456608322e-08,100.0,1.0,0.001,NaN,NaN,NaN,transformer,embedding,2
2695,2696,NaN,NaN,NaN,NaN,1.7653871774673462,72.2635498046875,5.843834400177002,transformer,embedding,2
2716,2717,4.4400586318715796e-08,100.0,1.0,0.001,NaN,NaN,NaN,transformer,embedding,2
2743,2744,3.941175563682009e-08,100.0,1.0,0.001,NaN,NaN,NaN,transformer,embedding,2
2748,2749,NaN,NaN,NaN,NaN,1.7605931758880615,72.47608947753906,5.8158860206604,transformer,embedding,2
2770,2771,3.549988036866125e-08,100.0,1.0,0.001,NaN,NaN,NaN,transformer,embedding,2
2797,2798,3.243531310204162e-08,100.0,1.0,0.001,NaN,NaN,NaN,transformer,embedding,2
2802,2803,NaN,NaN,NaN,NaN,1.7529537677764893,72.58235931396484,5.771625518798828,transformer,embedding,2
2824,2825,2.9988409977477204e-08,100.0,1.0,0.001,NaN,NaN,NaN,transformer,embedding,2
2852,2853,2.8792676687316998e-08,100.0,1.0,0.001,NaN,NaN,NaN,transformer,embedding,2
2858,2859,NaN,NaN,NaN,NaN,1.7440050840377808,72.63549041748047,5.720207691192627,transformer,embedding,2
2880,2881,2.5395520353299617e-08,100.0,1.0,0.001,NaN,NaN,NaN,transformer,embedding,2
2908,2909,2.468283000212068e-08,100.0,1.0,0.001,NaN,NaN,NaN,transformer,embedding,2
2915,2916,NaN,NaN,NaN,NaN,1.7332096099853516,72.84803009033203,5.658787250518799,transformer,embedding,2
2937,2938,2.279816158079484e-08,100.0,1.0,0.001,NaN,NaN,NaN,transformer,embedding,2
2966,2967,2.4255216501956056e-08,100.0,1.0,0.001,NaN,NaN,NaN,transformer,embedding,2
2973,2974,NaN,NaN,NaN,NaN,1.7213407754898071,73.0605697631836,5.5920209884643555,transformer,embedding,2
2995,2996,1.9472274459531036e-08,100.0,1.0,0.001,NaN,NaN,NaN,transformer,embedding,2
3024,3025,1.8023136760803027e-08,100.0,1.0,0.001,NaN,NaN,NaN,transformer,embedding,2
3032,3033,NaN,NaN,NaN,NaN,1.7066811323165894,73.0605697631836,5.510642051696777,transformer,embedding,2
3054,3055,1.814983896508693e-08,100.0,1.0,0.001,NaN,NaN,NaN,transformer,embedding,2
3084,3085,2.088973616309886e-08,100.0,1.0,0.001,NaN,NaN,NaN,transformer,embedding,2
3092,3093,NaN,NaN,NaN,NaN,1.7019331455230713,72.84803009033203,5.48453950881958,transformer,embedding,2
3114,3115,0.07947388291358948,95.98777770996094,1.0827172994613647,0.001,NaN,NaN,NaN,transformer,embedding,2
3145,3146,0.0008839179063215852,100.0,1.0008842945098877,0.001,NaN,NaN,NaN,transformer,embedding,2
3153,3154,NaN,NaN,NaN,NaN,1.6906191110610962,67.48139953613281,5.422836780548096,transformer,embedding,2
3176,3177,0.0002066437155008316,100.0,1.000206708908081,0.001,NaN,NaN,NaN,transformer,embedding,2
3207,3208,0.0001216289892909117,100.0,1.0001215934753418,0.001,NaN,NaN,NaN,transformer,embedding,2
3216,3217,NaN,NaN,NaN,NaN,1.6748521327972412,69.81934356689453,5.338005542755127,transformer,embedding,2
3239,3240,8.49481948534958e-05,100.0,1.0000849962234497,0.001,NaN,NaN,NaN,transformer,embedding,2
3271,3272,6.21957442490384e-05,100.0,1.0000622272491455,0.001,NaN,NaN,NaN,transformer,embedding,2
3280,3281,NaN,NaN,NaN,NaN,1.680260419845581,70.61636352539062,5.366953372955322,transformer,embedding,2
3303,3304,4.636401354218833e-05,100.0,1.0000463724136353,0.001,NaN,NaN,NaN,transformer,embedding,2
3336,3337,3.461018422967754e-05,100.0,1.0000345706939697,0.001,NaN,NaN,NaN,transformer,embedding,2
3345,3346,NaN,NaN,NaN,NaN,1.691345453262329,71.20085144042969,5.426777362823486,transformer,embedding,2
3369,3370,2.5979536076192744e-05,100.0,1.000025987625122,0.001,NaN,NaN,NaN,transformer,embedding,2
3402,3403,1.9566447008401155e-05,100.0,1.0000195503234863,0.001,NaN,NaN,NaN,transformer,embedding,2
3411,3412,NaN,NaN,NaN,NaN,1.705649733543396,71.57279205322266,5.5049614906311035,transformer,embedding,2
3436,3437,1.4615490727010183e-05,100.0,1.0000146627426147,0.001,NaN,NaN,NaN,transformer,embedding,2
3470,3471,1.0937040315184277e-05,100.0,1.0000109672546387,0.001,NaN,NaN,NaN,transformer,embedding,2
3479,3480,NaN,NaN,NaN,NaN,1.7221306562423706,71.78533172607422,5.596439838409424,transformer,embedding,2
3504,3505,8.178908501577098e-06,100.0,1.000008225440979,0.001,NaN,NaN,NaN,transformer,embedding,2
3539,3540,6.0731622397725005e-06,100.0,1.000006079673767,0.001,NaN,NaN,NaN,transformer,embedding,2
3548,3549,NaN,NaN,NaN,NaN,1.7388367652893066,71.78533172607422,5.690720081329346,transformer,embedding,2
3574,3575,4.520487436820986e-06,100.0,1.000004529953003,0.001,NaN,NaN,NaN,transformer,embedding,2
3609,3610,3.375545929884538e-06,100.0,1.0000033378601074,0.001,NaN,NaN,NaN,transformer,embedding,2
3618,3619,NaN,NaN,NaN,NaN,1.7542623281478882,72.10414123535156,5.7791829109191895,transformer,embedding,2
3645,3646,2.5071374238905264e-06,100.0,1.0000025033950806,0.001,NaN,NaN,NaN,transformer,embedding,2
3681,3682,1.8687513829718227e-06,100.0,1.0000019073486328,0.001,NaN,NaN,NaN,transformer,embedding,2
3690,3691,NaN,NaN,NaN,NaN,1.7669535875320435,72.36981964111328,5.8529953956604,transformer,embedding,2
3717,3718,1.3972521628602408e-06,100.0,1.0000014305114746,0.001,NaN,NaN,NaN,transformer,embedding,2
3754,3755,1.0388722557763685e-06,100.0,1.000001072883606,0.001,NaN,NaN,NaN,transformer,embedding,2
3763,3764,NaN,NaN,NaN,NaN,1.7769572734832764,72.68862915039062,5.911840915679932,transformer,embedding,2
3791,3792,7.74337706843653e-07,100.0,1.0000007152557373,0.001,NaN,NaN,NaN,transformer,embedding,2
3828,3829,5.783241476819967e-07,100.0,1.0000005960464478,0.001,NaN,NaN,NaN,transformer,embedding,2
3838,3839,NaN,NaN,NaN,NaN,1.7842332124710083,72.90116882324219,5.95501184463501,transformer,embedding,2
3866,3867,4.288572483801545e-07,100.0,1.0000004768371582,0.001,NaN,NaN,NaN,transformer,embedding,2
3904,3905,3.1762218100084283e-07,100.0,1.0000003576278687,0.001,NaN,NaN,NaN,transformer,embedding,2
3914,3915,NaN,NaN,NaN,NaN,1.789904236793518,72.95429992675781,5.9888787269592285,transformer,embedding,2
3943,3944,2.3321592834690819e-07,100.0,1.000000238418579,0.001,NaN,NaN,NaN,transformer,embedding,2
3982,3983,1.711326973463656e-07,100.0,1.0000001192092896,0.001,NaN,NaN,NaN,transformer,embedding,2
3992,3993,NaN,NaN,NaN,NaN,1.7948191165924072,73.32624816894531,6.018385887145996,transformer,embedding,2
4021,4022,1.242852221139401e-07,100.0,1.0000001192092896,0.001,NaN,NaN,NaN,transformer,embedding,2
4061,4062,8.998107148272538e-08,100.0,1.0000001192092896,0.001,NaN,NaN,NaN,transformer,embedding,2
4071,4072,NaN,NaN,NaN,NaN,1.7984312772750854,73.53878784179688,6.040164470672607,transformer,embedding,2
4101,4102,6.572584965169881e-08,100.0,1.0000001192092896,0.001,NaN,NaN,NaN,transformer,embedding,2
4142,4143,4.8874696290113206e-08,100.0,1.0,0.001,NaN,NaN,NaN,transformer,embedding,2
4152,4153,NaN,NaN,NaN,NaN,1.791021466255188,73.64505767822266,5.9955735206604,transformer,embedding,2
4183,4184,3.978393792181123e-08,100.0,1.0,0.001,NaN,NaN,NaN,transformer,embedding,2
4224,4225,3.502475109939951e-08,100.0,1.0,0.001,NaN,NaN,NaN,transformer,embedding,2
4235,4236,NaN,NaN,NaN,NaN,1.7614645957946777,73.64505767822266,5.820956707000732,transformer,embedding,2
4266,4267,3.1215822815511274e-08,100.0,1.0,0.001,NaN,NaN,NaN,transformer,embedding,2
4308,4309,2.839673740595572e-08,100.0,1.0,0.001,NaN,NaN,NaN,transformer,embedding,2
4319,4320,NaN,NaN,NaN,NaN,1.730900764465332,73.75132751464844,5.645737171173096,transformer,embedding,2
4351,4352,2.6060698488095113e-08,100.0,1.0,0.001,NaN,NaN,NaN,transformer,embedding,2
4394,4395,2.556181399882007e-08,100.0,1.0,0.001,NaN,NaN,NaN,transformer,embedding,2
4405,4406,NaN,NaN,NaN,NaN,1.69740629196167,74.28267669677734,5.459767818450928,transformer,embedding,2
4437,4438,2.507876928348196e-08,100.0,1.0,0.001,NaN,NaN,NaN,transformer,embedding,2
4481,4482,2.584689084983438e-08,100.0,1.0,0.001,NaN,NaN,NaN,transformer,embedding,2
4493,4494,NaN,NaN,NaN,NaN,1.665849208831787,74.17640686035156,5.290163993835449,transformer,embedding,2
4525,4526,2.516587649381563e-08,100.0,1.0,0.001,NaN,NaN,NaN,transformer,embedding,2
4570,4571,2.279816158079484e-08,100.0,1.0,0.001,NaN,NaN,NaN,transformer,embedding,2
4582,4583,NaN,NaN,NaN,NaN,1.6400853395462036,74.22954559326172,5.155609607696533,transformer,embedding,2
4615,4616,3.252241853601845e-08,100.0,1.0,0.001,NaN,NaN,NaN,transformer,embedding,2
4661,4662,2.3162424866995934e-08,100.0,1.0,0.001,NaN,NaN,NaN,transformer,embedding,2
4673,4674,NaN,NaN,NaN,NaN,1.6152913570404053,74.4952163696289,5.029353141784668,transformer,embedding,2
4707,4708,2.573602841948741e-08,100.0,1.0,0.001,NaN,NaN,NaN,transformer,embedding,2
4754,4755,2.7438565197712705e-08,100.0,1.0,0.001,NaN,NaN,NaN,transformer,embedding,2
4766,4767,NaN,NaN,NaN,NaN,1.5902998447418213,74.38894653320312,4.905219554901123,transformer,embedding,2
4801,4802,2.973501089797992e-08,100.0,1.0,0.001,NaN,NaN,NaN,transformer,embedding,2
4849,4850,2.543511357089301e-08,100.0,1.0,0.001,NaN,NaN,NaN,transformer,embedding,2
4861,4862,NaN,NaN,NaN,NaN,1.5652574300765991,74.44208526611328,4.78390645980835,transformer,embedding,2
4897,4898,2.4176028290412432e-08,100.0,1.0,0.001,NaN,NaN,NaN,transformer,embedding,2
4945,4946,2.8333387191992188e-08,100.0,1.0,0.001,NaN,NaN,NaN,transformer,embedding,2
4958,4959,NaN,NaN,NaN,NaN,1.550756573677063,74.4952163696289,4.715035915374756,transformer,embedding,2
4994,4995,2.874516269457672e-08,100.0,1.0,0.001,NaN,NaN,NaN,transformer,embedding,2
5043,5044,3.9047492350618995e-08,100.0,1.0,0.001,NaN,NaN,NaN,transformer,embedding,2
5057,5058,NaN,NaN,NaN,NaN,1.5266474485397339,74.4952163696289,4.602720260620117,transformer,embedding,2
5093,5094,2.630618034515919e-08,100.0,1.0,0.001,NaN,NaN,NaN,transformer,embedding,2
5143,5144,3.3543940958224994e-08,100.0,1.0,0.001,NaN,NaN,NaN,transformer,embedding,2
5158,5159,NaN,NaN,NaN,NaN,1.526448369026184,74.60148620605469,4.601803779602051,transformer,embedding,2
5194,5195,3.0463539246738947e-08,100.0,1.0,0.001,NaN,NaN,NaN,transformer,embedding,2
5245,5246,3.058232067587596e-08,100.0,1.0,0.001,NaN,NaN,NaN,transformer,embedding,2
5261,5262,NaN,NaN,NaN,NaN,1.5097745656967163,74.92029571533203,4.525710582733154,transformer,embedding,2
5297,5298,4.186657776017455e-08,100.0,1.0,0.001,NaN,NaN,NaN,transformer,embedding,2
5349,5350,4.4052161030094794e-08,100.0,1.0,0.001,NaN,NaN,NaN,transformer,embedding,2
5366,5367,NaN,NaN,NaN,NaN,1.4752650260925293,74.81402587890625,4.372194290161133,transformer,embedding,2
5402,5403,3.829520878184667e-08,100.0,1.0,0.001,NaN,NaN,NaN,transformer,embedding,2
5456,5457,4.5144950888698077e-08,100.0,1.0,0.001,NaN,NaN,NaN,transformer,embedding,2
5473,5474,NaN,NaN,NaN,NaN,1.4564712047576904,74.8671646118164,4.2907915115356445,transformer,embedding,2
5510,5511,3.668769466003141e-08,100.0,1.0,0.001,NaN,NaN,NaN,transformer,embedding,2
5565,5566,2.3510850155616936e-08,100.0,1.0,0.001,NaN,NaN,NaN,transformer,embedding,2
5582,5583,NaN,NaN,NaN,NaN,1.4423950910568237,74.92029571533203,4.230816841125488,transformer,embedding,2
5620,5621,3.78675935053252e-08,100.0,1.0,0.001,NaN,NaN,NaN,transformer,embedding,2
5676,5677,3.232445067169465e-08,100.0,1.0,0.001,NaN,NaN,NaN,transformer,embedding,2
5693,5694,NaN,NaN,NaN,NaN,1.4235292673110962,74.97343444824219,4.151747226715088,transformer,embedding,2
5732,5733,3.142170967862512e-08,100.0,1.0,0.001,NaN,NaN,NaN,transformer,embedding,2
5789,5790,4.487571203526386e-08,100.0,1.0,0.001,NaN,NaN,NaN,transformer,embedding,2
5806,5807,NaN,NaN,NaN,NaN,1.4150018692016602,75.07970428466797,4.116494178771973,transformer,embedding,2
5846,5847,3.5404855935894375e-08,100.0,1.0,0.001,NaN,NaN,NaN,transformer,embedding,2
5904,5905,3.1825567958776446e-08,100.0,1.0,0.001,NaN,NaN,NaN,transformer,embedding,2
5922,5923,NaN,NaN,NaN,NaN,1.4051799774169922,75.02656555175781,4.076260089874268,transformer,embedding,2
5963,5964,2.637744955791277e-08,100.0,1.0,0.001,NaN,NaN,NaN,transformer,embedding,2
6022,6023,3.725784836206003e-08,100.0,1.0,0.001,NaN,NaN,NaN,transformer,embedding,2
6040,6041,NaN,NaN,NaN,NaN,1.391547679901123,75.07970428466797,4.021068572998047,transformer,embedding,2
6082,6083,4.5390432745762155e-08,100.0,1.0,0.001,NaN,NaN,NaN,transformer,embedding,2
6142,6143,3.164343809203274e-08,100.0,1.0,0.001,NaN,NaN,NaN,transformer,embedding,2
6160,6161,NaN,NaN,NaN,NaN,1.3850218057632446,75.18597412109375,3.994913101196289,transformer,embedding,2
6203,6204,5.0917741134526295e-08,100.0,1.0,0.001,NaN,NaN,NaN,transformer,embedding,2
6265,6266,2.4944149856764852e-08,100.0,1.0,0.001,NaN,NaN,NaN,transformer,embedding,2
6283,6284,NaN,NaN,NaN,NaN,1.3748862743377686,75.34537506103516,3.95462703704834,transformer,embedding,2
6327,6328,6.067367763762377e-08,100.0,1.0000001192092896,0.001,NaN,NaN,NaN,transformer,embedding,2
6390,6391,3.662434622242472e-08,100.0,1.0,0.001,NaN,NaN,NaN,transformer,embedding,2
6408,6409,NaN,NaN,NaN,NaN,1.3645927906036377,75.45164489746094,3.9141287803649902,transformer,embedding,2
6453,6454,3.072485910138312e-08,100.0,1.0,0.001,NaN,NaN,NaN,transformer,embedding,2
6517,6518,2.040668967140391e-08,100.0,1.0,0.001,NaN,NaN,NaN,transformer,embedding,2
6536,6537,NaN,NaN,NaN,NaN,1.3457460403442383,75.55791473388672,3.8410511016845703,transformer,embedding,2
6582,6583,2.626658535120896e-08,100.0,1.0,0.001,NaN,NaN,NaN,transformer,embedding,2
6647,6648,4.2143735612398814e-08,100.0,1.0,0.001,NaN,NaN,NaN,transformer,embedding,2
6666,6667,NaN,NaN,NaN,NaN,1.3132586479187012,75.77045440673828,3.7182705402374268,transformer,embedding,2
6713,6714,4.409175247133135e-08,100.0,1.0,0.001,NaN,NaN,NaN,transformer,embedding,2
6780,6781,6.921803219483991e-08,100.0,1.0000001192092896,0.001,NaN,NaN,NaN,transformer,embedding,2
6799,6800,NaN,NaN,NaN,NaN,1.3217566013336182,75.5047836303711,3.750002861022949,transformer,embedding,2
6847,6848,1.852202125007807e-08,100.0,1.0,0.001,NaN,NaN,NaN,transformer,embedding,2
6915,6916,5.129784241830748e-08,100.0,1.0,0.001,NaN,NaN,NaN,transformer,embedding,2
6934,6935,NaN,NaN,NaN,NaN,1.3051027059555054,75.6641845703125,3.68806791305542,transformer,embedding,2
6984,6985,4.673662701293324e-08,100.0,1.0,0.001,NaN,NaN,NaN,transformer,embedding,2
7053,7054,4.017195820438246e-08,100.0,1.0,0.001,NaN,NaN,NaN,transformer,embedding,2
7072,7073,NaN,NaN,NaN,NaN,1.3101965188980103,75.82359313964844,3.706902027130127,transformer,embedding,2
7123,7124,4.304647660546834e-08,100.0,1.0,0.001,NaN,NaN,NaN,transformer,embedding,2
7194,7195,4.044119705781668e-08,100.0,1.0,0.001,NaN,NaN,NaN,transformer,embedding,2
7213,7214,NaN,NaN,NaN,NaN,1.2887420654296875,75.98299407958984,3.6282196044921875,transformer,embedding,2
7265,7266,6.350860104475942e-08,100.0,1.0000001192092896,0.001,NaN,NaN,NaN,transformer,embedding,2
7337,7338,2.6314099343949238e-08,100.0,1.0,0.001,NaN,NaN,NaN,transformer,embedding,2
7357,7358,NaN,NaN,NaN,NaN,1.2719266414642334,75.92986297607422,3.5677196979522705,transformer,embedding,2
7410,7411,3.005968096658762e-08,100.0,1.0,0.001,NaN,NaN,NaN,transformer,embedding,2
7484,7485,2.4777856211244398e-08,100.0,1.0,0.001,NaN,NaN,NaN,transformer,embedding,2
7504,7505,NaN,NaN,NaN,NaN,1.2721327543258667,75.87672424316406,3.5684549808502197,transformer,embedding,2
7558,7559,3.8429828208563777e-08,100.0,1.0,0.001,NaN,NaN,NaN,transformer,embedding,2
7633,7634,5.768037780740087e-08,100.0,1.0,0.001,NaN,NaN,NaN,transformer,embedding,2
7654,7655,NaN,NaN,NaN,NaN,1.262557029724121,76.08926391601562,3.53444766998291,transformer,embedding,2
7709,7710,5.047428786042474e-08,100.0,1.0,0.001,NaN,NaN,NaN,transformer,embedding,2
7786,7787,2.9156939973518092e-08,100.0,1.0,0.001,NaN,NaN,NaN,transformer,embedding,2
7807,7808,NaN,NaN,NaN,NaN,1.2522584199905396,76.14240264892578,3.498234510421753,transformer,embedding,2
7863,7864,6.629600335372743e-08,100.0,1.0000001192092896,0.001,NaN,NaN,NaN,transformer,embedding,2
7941,7942,4.476484960491689e-08,100.0,1.0,0.001,NaN,NaN,NaN,transformer,embedding,2
7963,7964,NaN,NaN,NaN,NaN,1.2440974712371826,76.08926391601562,3.469801902770996,transformer,embedding,2
8020,8021,4.8439162014801695e-08,100.0,1.0,0.001,NaN,NaN,NaN,transformer,embedding,2
8100,8101,2.6599174418606708e-08,100.0,1.0,0.001,NaN,NaN,NaN,transformer,embedding,2
8122,8123,NaN,NaN,NaN,NaN,1.2365854978561401,76.0361328125,3.4438343048095703,transformer,embedding,2
8181,8182,3.1960187385493555e-08,100.0,1.0,0.001,NaN,NaN,NaN,transformer,embedding,2
8262,8263,4.719591473190121e-08,100.0,1.0,0.001,NaN,NaN,NaN,transformer,embedding,2
8284,8285,NaN,NaN,NaN,NaN,1.2364223003387451,76.0361328125,3.443272352218628,transformer,embedding,2
8344,8345,3.368647938373215e-08,100.0,1.0,0.001,NaN,NaN,NaN,transformer,embedding,2
8427,8428,7.725559214577515e-08,100.0,1.0000001192092896,0.001,NaN,NaN,NaN,transformer,embedding,2
8449,8450,NaN,NaN,NaN,NaN,1.2086166143417358,76.14240264892578,3.348848819732666,transformer,embedding,2
8511,8512,6.116464135175192e-08,100.0,1.0000001192092896,0.001,NaN,NaN,NaN,transformer,embedding,2
8596,8597,2.0042426385202816e-08,100.0,1.0,0.001,NaN,NaN,NaN,transformer,embedding,2
8617,8618,NaN,NaN,NaN,NaN,1.2173941135406494,76.0361328125,3.3783726692199707,transformer,embedding,2
8681,8682,5.1511648280211375e-08,100.0,1.0,0.001,NaN,NaN,NaN,transformer,embedding,2
8767,8768,2.1539074523957424e-08,100.0,1.0,0.001,NaN,NaN,NaN,transformer,embedding,2
8789,8790,NaN,NaN,NaN,NaN,1.215806245803833,76.14240264892578,3.3730125427246094,transformer,embedding,2
8854,8855,6.256626505773966e-08,100.0,1.0000001192092896,0.001,NaN,NaN,NaN,transformer,embedding,2
8942,8943,5.042677742039814e-08,100.0,1.0,0.001,NaN,NaN,NaN,transformer,embedding,2
8964,8965,NaN,NaN,NaN,NaN,1.2068169116973877,76.14240264892578,3.342827081680298,transformer,embedding,2
9031,9032,2.7129733126685096e-08,100.0,1.0,0.001,NaN,NaN,NaN,transformer,embedding,2
9121,9122,2.3780089009051153e-08,100.0,1.0,0.001,NaN,NaN,NaN,transformer,embedding,2
9143,9144,NaN,NaN,NaN,NaN,1.1991169452667236,76.14240264892578,3.3171863555908203,transformer,embedding,2
9212,9213,2.808790533492811e-08,100.0,1.0,0.001,NaN,NaN,NaN,transformer,embedding,2
9304,9305,3.693318006980917e-08,100.0,1.0,0.001,NaN,NaN,NaN,transformer,embedding,2
9325,9326,NaN,NaN,NaN,NaN,1.1969584226608276,76.08926391601562,3.3100337982177734,transformer,embedding,2
9397,9398,4.4931145026794184e-08,100.0,1.0,0.001,NaN,NaN,NaN,transformer,embedding,2
9490,9491,2.0501715880527627e-08,100.0,1.0,0.001,NaN,NaN,NaN,transformer,embedding,2
9511,9512,NaN,NaN,NaN,NaN,1.1871752738952637,76.1955337524414,3.2778091430664062,transformer,embedding,2
9584,9585,2.916485897230814e-08,100.0,1.0,0.001,NaN,NaN,NaN,transformer,embedding,2
9679,9680,6.072910707644041e-08,100.0,1.0000001192092896,0.001,NaN,NaN,NaN,transformer,embedding,2
9701,9702,NaN,NaN,NaN,NaN,1.182807207107544,76.1955337524414,3.2635228633880615,transformer,embedding,2
9775,9776,3.014678640056445e-08,100.0,1.0,0.001,NaN,NaN,NaN,transformer,embedding,2
9872,9873,3.29817098077001e-08,100.0,1.0,0.001,NaN,NaN,NaN,transformer,embedding,2
9895,9896,NaN,NaN,NaN,NaN,1.178231120109558,76.1955337524414,3.2486226558685303,transformer,embedding,2
9970,9971,2.5965672278971397e-08,100.0,1.0,0.001,NaN,NaN,NaN,transformer,embedding,2
10069,10070,4.1003431761055253e-08,100.0,1.0,0.001,NaN,NaN,NaN,transformer,embedding,2
10092,10093,NaN,NaN,NaN,NaN,1.170395016670227,76.40807342529297,3.2232656478881836,transformer,embedding,2
10169,10170,4.6815813448120025e-08,100.0,1.0,0.001,NaN,NaN,NaN,transformer,embedding,2
10270,10271,2.1903339586515358e-08,100.0,1.0,0.001,NaN,NaN,NaN,transformer,embedding,2
10293,10294,NaN,NaN,NaN,NaN,1.1625808477401733,76.40807342529297,3.198176622390747,transformer,embedding,2
10372,10373,2.3811765004211338e-08,100.0,1.0,0.001,NaN,NaN,NaN,transformer,embedding,2
10475,10476,3.221358824134768e-08,100.0,1.0,0.001,NaN,NaN,NaN,transformer,embedding,2
10498,10499,NaN,NaN,NaN,NaN,1.1661397218704224,76.46121215820312,3.2095787525177,transformer,embedding,2
10579,10580,2.766820905719669e-08,100.0,1.0,0.001,NaN,NaN,NaN,transformer,embedding,2
10684,10685,1.6629432053605342e-08,100.0,1.0,0.001,NaN,NaN,NaN,transformer,embedding,2
10707,10708,NaN,NaN,NaN,NaN,1.1670823097229004,76.30180358886719,3.2126054763793945,transformer,embedding,2
10790,10791,3.489013522539608e-08,100.0,1.0,0.001,NaN,NaN,NaN,transformer,embedding,2
10897,10898,2.045420188778735e-08,100.0,1.0,0.001,NaN,NaN,NaN,transformer,embedding,2
10921,10922,NaN,NaN,NaN,NaN,1.1601580381393433,76.46121215820312,3.1904375553131104,transformer,embedding,2
11005,11006,4.6047691881767605e-08,100.0,1.0,0.001,NaN,NaN,NaN,transformer,embedding,2
11115,11116,3.268871395789574e-08,100.0,1.0,0.001,NaN,NaN,NaN,transformer,embedding,2
11139,11140,NaN,NaN,NaN,NaN,1.158672571182251,76.5674819946289,3.185701608657837,transformer,embedding,2
11226,11227,2.898272732920759e-08,100.0,1.0,0.001,NaN,NaN,NaN,transformer,embedding,2
11338,11339,3.6307593376250225e-08,100.0,1.0,0.001,NaN,NaN,NaN,transformer,embedding,2
11361,11362,NaN,NaN,NaN,NaN,1.1576515436172485,76.51434326171875,3.182450532913208,transformer,embedding,2
11451,11452,2.4516536356600227e-08,100.0,1.0,0.001,NaN,NaN,NaN,transformer,embedding,2
11565,11566,3.366272238736201e-08,100.0,1.0,0.001,NaN,NaN,NaN,transformer,embedding,2
11588,11589,NaN,NaN,NaN,NaN,1.1454668045043945,76.5674819946289,3.1439085006713867,transformer,embedding,2
11680,11681,2.560932799156035e-08,100.0,1.0,0.001,NaN,NaN,NaN,transformer,embedding,2
11796,11797,4.5604242160379727e-08,100.0,1.0,0.001,NaN,NaN,NaN,transformer,embedding,2
11819,11820,NaN,NaN,NaN,NaN,1.1537514925003052,76.67375183105469,3.170063018798828,transformer,embedding,2
11913,11914,2.2924862008721902e-08,100.0,1.0,0.001,NaN,NaN,NaN,transformer,embedding,2
12032,12033,4.230210848277238e-08,100.0,1.0,0.001,NaN,NaN,NaN,transformer,embedding,2
12055,12056,NaN,NaN,NaN,NaN,1.1570030450820923,76.5674819946289,3.180387496948242,transformer,embedding,2
12152,12153,3.660058922605458e-08,100.0,1.0,0.001,NaN,NaN,NaN,transformer,embedding,2
12273,12274,3.169094853205934e-08,100.0,1.0,0.001,NaN,NaN,NaN,transformer,embedding,2
12296,12297,NaN,NaN,NaN,NaN,1.150700569152832,76.51434326171875,3.1604061126708984,transformer,embedding,2
12395,12396,3.2245264236507865e-08,100.0,1.0,0.001,NaN,NaN,NaN,transformer,embedding,2
12518,12519,2.2497246732200438e-08,100.0,1.0,0.001,NaN,NaN,NaN,transformer,embedding,2
12541,12542,NaN,NaN,NaN,NaN,1.1462364196777344,76.72688293457031,3.146329164505005,transformer,embedding,2
12643,12644,2.609237270689846e-08,100.0,1.0,0.001,NaN,NaN,NaN,transformer,embedding,2
12769,12770,3.9292974207683073e-08,100.0,1.0,0.001,NaN,NaN,NaN,transformer,embedding,2
12791,12792,NaN,NaN,NaN,NaN,1.1321591138839722,76.8331527709961,3.1023476123809814,transformer,embedding,2
12896,12897,3.267287596031565e-08,100.0,1.0,0.001,NaN,NaN,NaN,transformer,embedding,2
13024,13025,4.563591460282623e-08,100.0,1.0,0.001,NaN,NaN,NaN,transformer,embedding,2
13046,13047,NaN,NaN,NaN,NaN,1.146048903465271,76.72688293457031,3.1457393169403076,transformer,embedding,2
13154,13155,2.8277955976818703e-08,100.0,1.0,0.001,NaN,NaN,NaN,transformer,embedding,2
13285,13286,4.676829945537975e-08,100.0,1.0,0.001,NaN,NaN,NaN,transformer,embedding,2
13306,13307,NaN,NaN,NaN,NaN,1.1400864124298096,76.78002166748047,3.1270384788513184,transformer,embedding,2
13417,13418,5.2129312422266594e-08,100.0,1.0,0.001,NaN,NaN,NaN,transformer,embedding,2
13551,13552,2.4785775210034444e-08,100.0,1.0,0.001,NaN,NaN,NaN,transformer,embedding,2
13572,13573,NaN,NaN,NaN,NaN,1.1390380859375,76.72688293457031,3.1237621307373047,transformer,embedding,2
13686,13687,3.3868612803189535e-08,100.0,1.0,0.001,NaN,NaN,NaN,transformer,embedding,2
13822,13823,4.092424177315479e-08,100.0,1.0,0.001,NaN,NaN,NaN,transformer,embedding,2
13843,13844,NaN,NaN,NaN,NaN,1.12631356716156,76.67375183105469,3.0842654705047607,transformer,embedding,2
13960,13961,3.632343137383032e-08,100.0,1.0,0.001,NaN,NaN,NaN,transformer,embedding,2
14099,14100,4.020363419954265e-08,100.0,1.0,0.001,NaN,NaN,NaN,transformer,embedding,2
14119,14120,NaN,NaN,NaN,NaN,1.1373718976974487,76.72688293457031,3.1185617446899414,transformer,embedding,2
14239,14240,3.214232080495094e-08,100.0,1.0,0.001,NaN,NaN,NaN,transformer,embedding,2
14381,14382,2.7280188774625458e-08,100.0,1.0,0.001,NaN,NaN,NaN,transformer,embedding,2
14401,14402,NaN,NaN,NaN,NaN,1.1274088621139526,76.67375183105469,3.0876455307006836,transformer,embedding,2
14524,14525,4.006901477282554e-08,100.0,1.0,0.001,NaN,NaN,NaN,transformer,embedding,2
14669,14670,2.429480971954945e-08,100.0,1.0,0.001,NaN,NaN,NaN,transformer,embedding,2
14689,14690,NaN,NaN,NaN,NaN,1.1334788799285889,76.67375183105469,3.1064445972442627,transformer,embedding,2
14815,14816,2.334455651009648e-08,100.0,1.0,0.001,NaN,NaN,NaN,transformer,embedding,2
14963,14964,1.8815015323525586e-08,100.0,1.0,0.001,NaN,NaN,NaN,transformer,embedding,2
14982,14983,NaN,NaN,NaN,NaN,1.1308623552322388,76.72688293457031,3.098327159881592,transformer,embedding,2
15112,15113,4.47490116073368e-08,100.0,1.0,0.001,NaN,NaN,NaN,transformer,embedding,2
15263,15264,2.3835520224224638e-08,100.0,1.0,0.001,NaN,NaN,NaN,transformer,embedding,2
15281,15282,NaN,NaN,NaN,NaN,1.1188244819641113,76.72688293457031,3.061253547668457,transformer,embedding,2
15415,15416,2.6686281628940378e-08,100.0,1.0,0.001,NaN,NaN,NaN,transformer,embedding,2
15569,15570,2.9727091899189872e-08,100.0,1.0,0.001,NaN,NaN,NaN,transformer,embedding,2
15586,15587,NaN,NaN,NaN,NaN,1.1366829872131348,76.67375183105469,3.1164140701293945,transformer,embedding,2
15724,15725,1.9630649106261444e-08,100.0,1.0,0.001,NaN,NaN,NaN,transformer,embedding,2
15881,15882,3.6814395087958474e-08,100.0,1.0,0.001,NaN,NaN,NaN,transformer,embedding,2
15897,15898,NaN,NaN,NaN,NaN,1.1327261924743652,76.62061309814453,3.10410737991333,transformer,embedding,2
16039,16040,1.3461922243607205e-08,100.0,1.0,0.001,NaN,NaN,NaN,transformer,embedding,2
16199,16200,3.1785972964826215e-08,100.0,1.0,0.001,NaN,NaN,NaN,transformer,embedding,2
16214,16215,NaN,NaN,NaN,NaN,1.1306545734405518,76.78002166748047,3.0976834297180176,transformer,embedding,2
16360,16361,2.894313233525736e-08,100.0,1.0,0.001,NaN,NaN,NaN,transformer,embedding,2
16523,16524,2.1531157301524217e-08,100.0,1.0,0.001,NaN,NaN,NaN,transformer,embedding,2
16538,16539,NaN,NaN,NaN,NaN,1.129158616065979,76.72688293457031,3.093052864074707,transformer,embedding,2
16688,16689,3.4066580667513335e-08,100.0,1.0,0.001,NaN,NaN,NaN,transformer,embedding,2
16854,16855,3.2926276816169775e-08,100.0,1.0,0.001,NaN,NaN,NaN,transformer,embedding,2
16868,16869,NaN,NaN,NaN,NaN,1.132311224937439,76.62061309814453,3.1028194427490234,transformer,embedding,2
17022,17023,2.4484860361440042e-08,100.0,1.0,0.001,NaN,NaN,NaN,transformer,embedding,2
17192,17193,3.205521181826043e-08,100.0,1.0,0.001,NaN,NaN,NaN,transformer,embedding,2
17205,17206,NaN,NaN,NaN,NaN,1.1291608810424805,76.62061309814453,3.09306001663208,transformer,embedding,2
17363,17364,2.857095005026622e-08,100.0,1.0,0.001,NaN,NaN,NaN,transformer,embedding,2
17536,17537,2.6116129703268598e-08,100.0,1.0,0.001,NaN,NaN,NaN,transformer,embedding,2
17549,17550,NaN,NaN,NaN,NaN,1.1368454694747925,76.67375183105469,3.1169204711914062,transformer,embedding,2
17711,17712,3.186516295272668e-08,100.0,1.0,0.001,NaN,NaN,NaN,transformer,embedding,2
17888,17889,2.240222229943356e-08,100.0,1.0,0.001,NaN,NaN,NaN,transformer,embedding,2
17899,17900,NaN,NaN,NaN,NaN,1.120937466621399,76.67375183105469,3.0677287578582764,transformer,embedding,2
18066,18067,2.690008749084427e-08,100.0,1.0,0.001,NaN,NaN,NaN,transformer,embedding,2
18246,18247,2.6931763486004456e-08,100.0,1.0,0.001,NaN,NaN,NaN,transformer,embedding,2
18256,18257,NaN,NaN,NaN,NaN,1.1247873306274414,76.72688293457031,3.079561948776245,transformer,embedding,2
18428,18429,3.279957638824271e-08,100.0,1.0,0.001,NaN,NaN,NaN,transformer,embedding,2
18612,18613,2.5712271423117272e-08,100.0,1.0,0.001,NaN,NaN,NaN,transformer,embedding,2
18621,18622,NaN,NaN,NaN,NaN,1.1270955801010132,76.62061309814453,3.0866785049438477,transformer,embedding,2
18798,18799,3.5626580796588314e-08,100.0,1.0,0.001,NaN,NaN,NaN,transformer,embedding,2
18985,18986,4.394921759853787e-08,100.0,1.0,0.001,NaN,NaN,NaN,transformer,embedding,2
18993,18994,NaN,NaN,NaN,NaN,1.1184382438659668,76.78002166748047,3.0600714683532715,transformer,embedding,2
19174,19175,2.1713288944624765e-08,100.0,1.0,0.001,NaN,NaN,NaN,transformer,embedding,2
19365,19366,2.0509634879317673e-08,100.0,1.0,0.001,NaN,NaN,NaN,transformer,embedding,2
19372,19373,NaN,NaN,NaN,NaN,1.1185696125030518,76.78002166748047,3.0604734420776367,transformer,embedding,2
19558,19559,3.6347188370200456e-08,100.0,1.0,0.001,NaN,NaN,NaN,transformer,embedding,2
19753,19754,4.0037338777665354e-08,100.0,1.0,0.001,NaN,NaN,NaN,transformer,embedding,2
19759,19760,NaN,NaN,NaN,NaN,1.1197651624679565,76.78002166748047,3.0641345977783203,transformer,embedding,2
19950,19951,1.7413391617537854e-08,100.0,1.0,0.001,NaN,NaN,NaN,transformer,embedding,2
20149,20150,1.141095840040407e-08,100.0,1.0,0.001,NaN,NaN,NaN,transformer,embedding,2
20154,20155,NaN,NaN,NaN,NaN,1.122422695159912,76.78002166748047,3.0722885131835938,transformer,embedding,2
20350,20351,2.014536981675974e-08,100.0,1.0,0.001,NaN,NaN,NaN,transformer,embedding,2
20553,20554,3.785967450653516e-08,100.0,1.0,0.001,NaN,NaN,NaN,transformer,embedding,2
20557,20558,NaN,NaN,NaN,NaN,1.1271629333496094,76.72688293457031,3.086886405944824,transformer,embedding,2
20758,20759,2.5751864640710664e-08,100.0,1.0,0.001,NaN,NaN,NaN,transformer,embedding,2
20965,20966,1.806273175475326e-08,100.0,1.0,0.001,NaN,NaN,NaN,transformer,embedding,2
20968,20969,NaN,NaN,NaN,NaN,1.114566445350647,76.99256134033203,3.048246383666992,transformer,embedding,2
21174,21175,3.549988036866125e-08,100.0,1.0,0.001,NaN,NaN,NaN,transformer,embedding,2
21385,21386,3.4312062524577414e-08,100.0,1.0,0.001,NaN,NaN,NaN,transformer,embedding,2
21387,21388,NaN,NaN,NaN,NaN,1.1206049919128418,76.72688293457031,3.066709041595459,transformer,embedding,2
21598,21599,3.580871066333202e-08,100.0,1.0,0.001,NaN,NaN,NaN,transformer,embedding,2
21813,21814,1.577420505327609e-08,100.0,1.0,0.001,NaN,NaN,NaN,transformer,embedding,2
21814,21815,NaN,NaN,NaN,NaN,1.1201627254486084,76.99256134033203,3.0653529167175293,transformer,embedding,2
22031,22032,1.3944967847123735e-08,100.0,1.0,0.001,NaN,NaN,NaN,transformer,embedding,2
22250,22251,NaN,NaN,NaN,NaN,1.1171828508377075,77.04569244384766,3.056232213973999,transformer,embedding,2
22251,22252,2.657541742223657e-08,100.0,1.0,0.001,NaN,NaN,NaN,transformer,embedding,2
22473,22474,2.7501915411676237e-08,100.0,1.0,0.001,NaN,NaN,NaN,transformer,embedding,2
22694,22695,NaN,NaN,NaN,NaN,1.118851900100708,76.99256134033203,3.061337471008301,transformer,embedding,2
22697,22698,3.339348353392779e-08,100.0,1.0,0.001,NaN,NaN,NaN,transformer,embedding,2
22923,22924,2.9283640401445155e-08,100.0,1.0,0.001,NaN,NaN,NaN,transformer,embedding,2
23147,23148,NaN,NaN,NaN,NaN,1.121587872505188,76.99256134033203,3.0697245597839355,transformer,embedding,2
23152,23153,1.8775422105932194e-08,100.0,1.0,0.001,NaN,NaN,NaN,transformer,embedding,2
23383,23384,1.777765490373895e-08,100.0,1.0,0.001,NaN,NaN,NaN,transformer,embedding,2
23609,23610,NaN,NaN,NaN,NaN,1.1100879907608032,76.88629150390625,3.034625291824341,transformer,embedding,2
23616,23617,2.0105776599166347e-08,100.0,1.0,0.001,NaN,NaN,NaN,transformer,embedding,2
23852,23853,2.523714393021237e-08,100.0,1.0,0.001,NaN,NaN,NaN,transformer,embedding,2
24081,24082,NaN,NaN,NaN,NaN,1.113299012184143,76.8331527709961,3.0443851947784424,transformer,embedding,2
24090,24091,1.7231259974437307e-08,100.0,1.0,0.001,NaN,NaN,NaN,transformer,embedding,2
24330,24331,2.4120597075238948e-08,100.0,1.0,0.001,NaN,NaN,NaN,transformer,embedding,2
24562,24563,NaN,NaN,NaN,NaN,1.1201434135437012,77.09883117675781,3.065293788909912,transformer,embedding,2
24573,24574,2.0636335307244735e-08,100.0,1.0,0.001,NaN,NaN,NaN,transformer,embedding,2
24818,24819,2.257643494374406e-08,100.0,1.0,0.001,NaN,NaN,NaN,transformer,embedding,2
25053,25054,NaN,NaN,NaN,NaN,1.1082301139831543,76.99256134033203,3.0289926528930664,transformer,embedding,2
25066,25067,3.0748616097753256e-08,100.0,1.0,0.001,NaN,NaN,NaN,transformer,embedding,2
25316,25317,2.5268819925372554e-08,100.0,1.0,0.001,NaN,NaN,NaN,transformer,embedding,2
25554,25555,NaN,NaN,NaN,NaN,1.1151353120803833,77.09883117675781,3.049980878829956,transformer,embedding,2
25569,25570,3.0796126537779855e-08,100.0,1.0,0.001,NaN,NaN,NaN,transformer,embedding,2
25824,25825,2.9568717252459464e-08,100.0,1.0,0.001,NaN,NaN,NaN,transformer,embedding,2
26065,26066,NaN,NaN,NaN,NaN,1.1223064661026,77.25823211669922,3.0719313621520996,transformer,embedding,2
26082,26083,2.251308472978053e-08,100.0,1.0,0.001,NaN,NaN,NaN,transformer,embedding,2
26342,26343,2.3890953215754962e-08,100.0,1.0,0.001,NaN,NaN,NaN,transformer,embedding,2
26586,26587,NaN,NaN,NaN,NaN,1.106885552406311,77.25823211669922,3.0249228477478027,transformer,embedding,2
26605,26606,1.7627199255798587e-08,100.0,1.0,0.001,NaN,NaN,NaN,transformer,embedding,2
26871,26872,2.4849125423997975e-08,100.0,1.0,0.001,NaN,NaN,NaN,transformer,embedding,2
27117,27118,NaN,NaN,NaN,NaN,1.1177663803100586,77.25823211669922,3.058016061782837,transformer,embedding,2
27139,27140,2.4263135500746102e-08,100.0,1.0,0.001,NaN,NaN,NaN,transformer,embedding,2
27410,27411,1.704912833133676e-08,100.0,1.0,0.001,NaN,NaN,NaN,transformer,embedding,2
27659,27660,NaN,NaN,NaN,NaN,1.1126244068145752,77.15196228027344,3.042332172393799,transformer,embedding,2
27684,27685,1.4673495307704343e-08,100.0,1.0,0.001,NaN,NaN,NaN,transformer,embedding,2
27960,27961,2.3487094935603636e-08,100.0,1.0,0.001,NaN,NaN,NaN,transformer,embedding,2
28212,28213,NaN,NaN,NaN,NaN,1.119579792022705,77.2051010131836,3.0635666847229004,transformer,embedding,2
28239,28240,1.6661108048765527e-08,100.0,1.0,0.001,NaN,NaN,NaN,transformer,embedding,2
28521,28522,2.205379523445572e-08,100.0,1.0,0.001,NaN,NaN,NaN,transformer,embedding,2
28776,28777,NaN,NaN,NaN,NaN,1.1123385429382324,77.2051010131836,3.0414626598358154,transformer,embedding,2
28806,28807,2.751775340925633e-08,100.0,1.0,0.001,NaN,NaN,NaN,transformer,embedding,2
29094,29095,2.670211785016363e-08,100.0,1.0,0.001,NaN,NaN,NaN,transformer,embedding,2
29351,29352,NaN,NaN,NaN,NaN,1.1143072843551636,77.25823211669922,3.0474565029144287,transformer,embedding,2
29384,29385,2.6013184495354835e-08,100.0,1.0,0.001,NaN,NaN,NaN,transformer,embedding,2
29677,29678,2.606861571052832e-08,100.0,1.0,0.001,NaN,NaN,NaN,transformer,embedding,2
29938,29939,NaN,NaN,NaN,NaN,1.1132094860076904,77.25823211669922,3.0441126823425293,transformer,embedding,2
29973,29974,2.9727091899189872e-08,100.0,1.0,0.001,NaN,NaN,NaN,transformer,embedding,2
30272,30273,2.5767702638290757e-08,100.0,1.0,0.001,NaN,NaN,NaN,transformer,embedding,2
30536,30537,NaN,NaN,NaN,NaN,1.1146906614303589,77.25823211669922,3.0486249923706055,transformer,embedding,2
30574,30575,0.017075855284929276,98.87073516845703,1.01722252368927,0.001,NaN,NaN,NaN,transformer,embedding,2
30879,30880,2.526083733300766e-07,100.0,1.000000238418579,0.001,NaN,NaN,NaN,transformer,embedding,2
31146,31147,NaN,NaN,NaN,NaN,5.274075508117676,70.51009368896484,195.20993041992188,transformer,embedding,2
31187,31188,1.5900905481203154e-08,100.0,1.0,0.001,NaN,NaN,NaN,transformer,embedding,2
31498,31499,5.004667347208169e-09,100.0,1.0,0.001,NaN,NaN,NaN,transformer,embedding,2
31768,31769,NaN,NaN,NaN,NaN,1.7738364934921265,75.92986297607422,5.893420219421387,transformer,embedding,2
31812,31813,1.1909842001500692e-08,100.0,1.0,0.001,NaN,NaN,NaN,transformer,embedding,2
32130,32131,1.9171359610936634e-08,100.0,1.0,0.001,NaN,NaN,NaN,transformer,embedding,2
32403,32404,NaN,NaN,NaN,NaN,1.0843459367752075,77.31137084960938,2.9575047492980957,transformer,embedding,2
32451,32452,1.2844257213373567e-08,100.0,1.0,0.001,NaN,NaN,NaN,transformer,embedding,2
32775,32776,1.8973391746612833e-08,100.0,1.0,0.001,NaN,NaN,NaN,transformer,embedding,2
33051,33052,NaN,NaN,NaN,NaN,1.0915818214416504,77.09883117675781,2.978982448577881,transformer,embedding,2
33102,33103,1.8862527539909024e-08,100.0,1.0,0.001,NaN,NaN,NaN,transformer,embedding,2
33433,33434,2.6314099343949238e-08,100.0,1.0,0.001,NaN,NaN,NaN,transformer,embedding,2
33712,33713,NaN,NaN,NaN,NaN,1.083972692489624,77.2051010131836,2.9564011096954346,transformer,embedding,2
33767,33768,1.8355725828200775e-08,100.0,1.0,0.001,NaN,NaN,NaN,transformer,embedding,2
34104,34105,1.6035524907920262e-08,100.0,1.0,0.001,NaN,NaN,NaN,transformer,embedding,2
34386,34387,NaN,NaN,NaN,NaN,1.083577036857605,77.25823211669922,2.9552316665649414,transformer,embedding,2
34445,34446,2.4920392860394713e-08,100.0,1.0,0.001,NaN,NaN,NaN,transformer,embedding,2
34789,34790,2.0002831391252585e-08,100.0,1.0,0.001,NaN,NaN,NaN,transformer,embedding,2
35073,35074,NaN,NaN,NaN,NaN,1.097498893737793,77.25823211669922,2.99666166305542,transformer,embedding,2
35136,35137,2.7137652125475142e-08,100.0,1.0,0.001,NaN,NaN,NaN,transformer,embedding,2
35487,35488,2.242597751944686e-08,100.0,1.0,0.001,NaN,NaN,NaN,transformer,embedding,2
35774,35775,NaN,NaN,NaN,NaN,1.0901997089385986,77.364501953125,2.974868059158325,transformer,embedding,2
35841,35842,2.4959987854344945e-08,100.0,1.0,0.001,NaN,NaN,NaN,transformer,embedding,2
36199,36200,1.681156369670589e-08,100.0,1.0,0.001,NaN,NaN,NaN,transformer,embedding,2
36489,36490,NaN,NaN,NaN,NaN,1.0916264057159424,77.2051010131836,2.9791154861450195,transformer,embedding,2
36560,36561,2.0248315024673502e-08,100.0,1.0,0.001,NaN,NaN,NaN,transformer,embedding,2
36925,36926,2.0390851673823818e-08,100.0,1.0,0.001,NaN,NaN,NaN,transformer,embedding,2
37218,37219,NaN,NaN,NaN,NaN,1.0977416038513184,77.31137084960938,2.997389078140259,transformer,embedding,2
37294,37295,1.968608032143493e-08,100.0,1.0,0.001,NaN,NaN,NaN,transformer,embedding,2
37666,37667,1.0294410657252229e-08,100.0,1.0,0.001,NaN,NaN,NaN,transformer,embedding,2
37962,37963,NaN,NaN,NaN,NaN,1.0952919721603394,77.2051010131836,2.990055561065674,transformer,embedding,2
38042,38043,2.1214404455349722e-08,100.0,1.0,0.001,NaN,NaN,NaN,transformer,embedding,2
38422,38423,2.014536981675974e-08,100.0,1.0,0.001,NaN,NaN,NaN,transformer,embedding,2
38721,38722,NaN,NaN,NaN,NaN,7.889915466308594,70.13815307617188,2670.21826171875,transformer,embedding,2
38806,38807,0.001561463694088161,99.88043212890625,1.0015627145767212,0.001,NaN,NaN,NaN,transformer,embedding,2
39194,39195,1.4871464060206563e-08,100.0,1.0,0.001,NaN,NaN,NaN,transformer,embedding,2
39495,39496,NaN,NaN,NaN,NaN,6.639585971832275,71.41339111328125,764.7782592773438,transformer,embedding,2
39585,39586,2.898272732920759e-09,100.0,1.0,0.001,NaN,NaN,NaN,transformer,embedding,2
39980,39981,1.713623376531359e-08,100.0,1.0,0.001,NaN,NaN,NaN,transformer,embedding,2
40284,40285,NaN,NaN,NaN,NaN,1.0462650060653687,77.94898986816406,2.8469977378845215,transformer,embedding,2
40379,40380,1.531491555795128e-08,100.0,1.0,0.001,NaN,NaN,NaN,transformer,embedding,2
40782,40783,2.6670443631360286e-08,100.0,1.0,0.001,NaN,NaN,NaN,transformer,embedding,2
41089,41090,NaN,NaN,NaN,NaN,1.0534800291061401,77.68331146240234,2.8676130771636963,transformer,embedding,2
41189,41190,2.5878565068637727e-08,100.0,1.0,0.001,NaN,NaN,NaN,transformer,embedding,2
41600,41601,1.5592073410175544e-08,100.0,1.0,0.001,NaN,NaN,NaN,transformer,embedding,2
41910,41911,NaN,NaN,NaN,NaN,1.062009572982788,77.68331146240234,2.892177104949951,transformer,embedding,2
42016,42017,2.097684159707569e-08,100.0,1.0,0.001,NaN,NaN,NaN,transformer,embedding,2
42436,42437,1.9757349534188506e-08,100.0,1.0,0.001,NaN,NaN,NaN,transformer,embedding,2
42748,42749,NaN,NaN,NaN,NaN,9.210867881774902,67.85334777832031,10005.2763671875,transformer,embedding,2
42860,42861,1.138401657385657e-07,100.0,1.0000001192092896,0.001,NaN,NaN,NaN,transformer,embedding,2
43288,43289,4.426596422746343e-09,100.0,1.0,0.001,NaN,NaN,NaN,transformer,embedding,2
43602,43603,NaN,NaN,NaN,NaN,5.271909236907959,71.20085144042969,194.78750610351562,transformer,embedding,2
43720,43721,6.327103285741487e-09,100.0,1.0,0.001,NaN,NaN,NaN,transformer,embedding,2
44157,44158,2.2639785157707593e-08,100.0,1.0,0.001,NaN,NaN,NaN,transformer,embedding,2
44474,44475,NaN,NaN,NaN,NaN,1.1053714752197266,77.8958511352539,3.020346164703369,transformer,embedding,2
44598,44599,2.2750647588054562e-08,100.0,1.0,0.001,NaN,NaN,NaN,transformer,embedding,2
45043,45044,1.970191831901502e-08,100.0,1.0,0.001,NaN,NaN,NaN,transformer,embedding,2
45363,45364,NaN,NaN,NaN,NaN,11.888944625854492,69.3942642211914,145647.5,transformer,embedding,2
45493,45494,6.112477279884843e-08,100.0,1.0000001192092896,0.001,NaN,NaN,NaN,transformer,embedding,2
45947,45948,1.385786041474546e-09,100.0,1.0,0.001,NaN,NaN,NaN,transformer,embedding,2
46270,46271,NaN,NaN,NaN,NaN,9.418097496032715,70.08501434326172,12309.1416015625,transformer,embedding,2
46406,46407,2.731978199221885e-09,100.0,1.0,0.001,NaN,NaN,NaN,transformer,embedding,2
46870,46871,2.047003988536744e-08,100.0,1.0,0.001,NaN,NaN,NaN,transformer,embedding,2
47195,47196,NaN,NaN,NaN,NaN,1.0634011030197144,77.364501953125,2.8962044715881348,transformer,embedding,2
47338,47339,1.764303547702184e-08,100.0,1.0,0.001,NaN,NaN,NaN,transformer,embedding,2
47811,47812,2.1562831520327563e-08,100.0,1.0,0.001,NaN,NaN,NaN,transformer,embedding,2
48138,48139,NaN,NaN,NaN,NaN,1.0615131855010986,77.7364501953125,2.8907418251037598,transformer,embedding,2
48289,48290,2.0279989243476848e-08,100.0,1.0,0.001,NaN,NaN,NaN,transformer,embedding,2
48771,48772,1.6106783462532803e-08,100.0,1.0,0.001,NaN,NaN,NaN,transformer,embedding,2
49100,49101,NaN,NaN,NaN,NaN,11.4465913772583,70.24442291259766,93581.8203125,transformer,embedding,2
49258,49259,8.156341158027658e-10,100.0,1.0,0.001,NaN,NaN,NaN,transformer,embedding,2
49750,49751,9.154106805908668e-09,100.0,1.0,0.001,NaN,NaN,NaN,transformer,embedding,2
50081,50082,NaN,NaN,NaN,NaN,1.0577468872070312,77.41764068603516,2.8798749446868896,transformer,embedding,2
50247,50248,1.5892986482413107e-08,100.0,1.0,0.001,NaN,NaN,NaN,transformer,embedding,2
50749,50750,1.783069592420361e-06,100.0,1.0000017881393433,0.001,NaN,NaN,NaN,transformer,embedding,2
51082,51083,NaN,NaN,NaN,NaN,11.349983215332031,68.91604614257812,84964.0234375,transformer,embedding,2
51256,51257,4.030658029563483e-09,100.0,1.0,0.001,NaN,NaN,NaN,transformer,embedding,2
51768,51769,3.056648267829587e-09,100.0,1.0,0.001,NaN,NaN,NaN,transformer,embedding,2
52103,52104,NaN,NaN,NaN,NaN,1.343708872795105,77.25823211669922,3.8332340717315674,transformer,embedding,2
52285,52286,1.7104559546510245e-08,100.0,1.0,0.001,NaN,NaN,NaN,transformer,embedding,2
52807,52808,1.988404996211557e-08,100.0,1.0,0.001,NaN,NaN,NaN,transformer,embedding,2
53145,53146,NaN,NaN,NaN,NaN,1.0429506301879883,77.63018035888672,2.8375773429870605,transformer,embedding,2
53335,53336,1.5058186363603454e-05,100.0,1.0000150203704834,0.001,NaN,NaN,NaN,transformer,embedding,2
53868,53869,1.5362429106602349e-09,100.0,1.0,0.001,NaN,NaN,NaN,transformer,embedding,2
54207,54208,NaN,NaN,NaN,NaN,9.182008743286133,70.563232421875,9720.6591796875,transformer,embedding,2
54406,54407,3.951470262109069e-09,100.0,1.0,0.001,NaN,NaN,NaN,transformer,embedding,2
54950,54951,9.118305570154916e-06,100.0,1.0000090599060059,0.001,NaN,NaN,NaN,transformer,embedding,2
55291,55292,NaN,NaN,NaN,NaN,13.859323501586914,69.71307373046875,1044786.875,transformer,embedding,2
55499,55500,1.5679180176420004e-09,100.0,1.0,0.001,NaN,NaN,NaN,transformer,embedding,2
56053,56054,2.7636533062036506e-09,100.0,1.0,0.001,NaN,NaN,NaN,transformer,embedding,2
56396,56397,NaN,NaN,NaN,NaN,1.205183744430542,77.7364501953125,3.337372303009033,transformer,embedding,2
56613,56614,2.1602424737920956e-08,100.0,1.0,0.001,NaN,NaN,NaN,transformer,embedding,2
57179,57180,2.9331152617828593e-08,100.0,1.0,0.001,NaN,NaN,NaN,transformer,embedding,2
57523,57524,NaN,NaN,NaN,NaN,10.511306762695312,71.30712127685547,36728.4453125,transformer,embedding,2
57750,57751,1.4808114734421451e-09,100.0,1.0,0.001,NaN,NaN,NaN,transformer,embedding,2
58327,58328,3.3892368911381254e-09,100.0,1.0,0.001,NaN,NaN,NaN,transformer,embedding,2
58673,58674,NaN,NaN,NaN,NaN,1.0460915565490723,77.47077178955078,2.846503973007202,transformer,embedding,2
58910,58911,2.0129531819179647e-08,100.0,1.0,0.001,NaN,NaN,NaN,transformer,embedding,2
59499,59500,9.948163892659068e-08,100.0,1.0000001192092896,0.001,NaN,NaN,NaN,transformer,embedding,2
59846,59847,NaN,NaN,NaN,NaN,13.520048141479492,71.62593078613281,744187.375,transformer,embedding,2
60093,60094,3.5634500905601385e-10,100.0,1.0,0.001,NaN,NaN,NaN,transformer,embedding,2
60693,60694,5.408525183270285e-09,100.0,1.0,0.001,NaN,NaN,NaN,transformer,embedding,2
61042,61043,NaN,NaN,NaN,NaN,1.022262454032898,77.63018035888672,2.7794761657714844,transformer,embedding,2
61299,61300,2.0414608670193957e-08,100.0,1.0,0.001,NaN,NaN,NaN,transformer,embedding,2
61911,61912,3.725774178064967e-08,100.0,1.0,0.001,NaN,NaN,NaN,transformer,embedding,2
62262,62263,NaN,NaN,NaN,NaN,13.410453796386719,71.14771270751953,666938.9375,transformer,embedding,2
62530,62531,4.3553277651042777e-10,100.0,1.0,0.001,NaN,NaN,NaN,transformer,embedding,2
63155,63156,1.4879383947175029e-08,100.0,1.0,0.001,NaN,NaN,NaN,transformer,embedding,2
63507,63508,NaN,NaN,NaN,NaN,0.9839368462562561,77.52391052246094,2.67496657371521,transformer,embedding,2
63786,63787,3.8279253544715175e-08,100.0,1.0,0.001,NaN,NaN,NaN,transformer,embedding,2
64423,64424,5.147205439648417e-10,100.0,1.0,0.001,NaN,NaN,NaN,transformer,embedding,2
64777,64778,NaN,NaN,NaN,NaN,5.3586745262146,72.7948989868164,212.44317626953125,transformer,embedding,2
65067,65068,1.656608183964181e-08,100.0,1.0,0.001,NaN,NaN,NaN,transformer,embedding,2
65717,65718,3.538098880540019e-08,100.0,1.0,0.001,NaN,NaN,NaN,transformer,embedding,2
66072,66073,NaN,NaN,NaN,NaN,8.97791862487793,73.27310943603516,7926.11767578125,transformer,embedding,2
66374,66375,8.473092227845314e-10,100.0,1.0,0.001,NaN,NaN,NaN,transformer,embedding,2
67037,67038,9.118385690953801e-08,100.0,1.0000001192092896,0.001,NaN,NaN,NaN,transformer,embedding,2
67393,67394,NaN,NaN,NaN,NaN,12.024059295654297,71.7322006225586,166718.046875,transformer,embedding,2
67707,67708,6.097458649101384e-10,100.0,1.0,0.001,NaN,NaN,NaN,transformer,embedding,2
68384,68385,1.8989227967836086e-08,100.0,1.0,0.001,NaN,NaN,NaN,transformer,embedding,2
68740,68741,NaN,NaN,NaN,NaN,0.9540435075759888,77.78958129882812,2.5961861610412598,transformer,embedding,2
69067,69068,1.3295624157194652e-08,100.0,1.0,0.001,NaN,NaN,NaN,transformer,embedding,2
69757,69758,1.2986794972746907e-09,100.0,1.0,0.001,NaN,NaN,NaN,transformer,embedding,2
70114,70115,NaN,NaN,NaN,NaN,1.4162263870239258,77.8958511352539,4.121538162231445,transformer,embedding,2
70454,70455,2.411395030321728e-07,100.0,1.000000238418579,0.001,NaN,NaN,NaN,transformer,embedding,2
71158,71159,2.929947673369071e-10,100.0,1.0,0.001,NaN,NaN,NaN,transformer,embedding,2
71516,71517,NaN,NaN,NaN,NaN,8.606671333312988,72.36981964111328,5468.01708984375,transformer,embedding,2
71869,71870,1.676405148032245e-08,100.0,1.0,0.001,NaN,NaN,NaN,transformer,embedding,2
72587,72588,7.546591795914992e-09,100.0,1.0,0.001,NaN,NaN,NaN,transformer,embedding,2
72946,72947,NaN,NaN,NaN,NaN,14.06468391418457,72.63549041748047,1282964.375,transformer,embedding,2
73312,73313,9.185782134935039e-10,100.0,1.0,0.001,NaN,NaN,NaN,transformer,embedding,2
74045,74046,2.7224693610605755e-08,100.0,1.0,0.001,NaN,NaN,NaN,transformer,embedding,2
74404,74405,NaN,NaN,NaN,NaN,14.193832397460938,72.36981964111328,1459832.75,transformer,embedding,2
74785,74786,4.5137033000131055e-10,100.0,1.0,0.001,NaN,NaN,NaN,transformer,embedding,2
75532,75533,1.7548011044254963e-08,100.0,1.0,0.001,NaN,NaN,NaN,transformer,embedding,2
75892,75893,NaN,NaN,NaN,NaN,9.594035148620605,73.48564910888672,14676.9736328125,transformer,embedding,2
76287,76288,3.880201160377794e-10,100.0,1.0,0.001,NaN,NaN,NaN,transformer,embedding,2
77049,77050,0.00016730751667637378,99.9867172241211,1.0001673698425293,0.001,NaN,NaN,NaN,transformer,embedding,2
77409,77410,NaN,NaN,NaN,NaN,13.075909614562988,73.21997833251953,477304.34375,transformer,embedding,2
77819,77820,2.2964455337337597e-10,100.0,1.0,0.001,NaN,NaN,NaN,transformer,embedding,2
78597,78598,2.6923013138002716e-05,100.0,1.0000269412994385,0.001,NaN,NaN,NaN,transformer,embedding,2
78957,78958,NaN,NaN,NaN,NaN,13.218376159667969,72.90116882324219,550386.5625,transformer,embedding,2
79382,79383,3.80101339292338e-10,100.0,1.0,0.001,NaN,NaN,NaN,transformer,embedding,2
80175,80176,2.2813997802018093e-08,100.0,1.0,0.001,NaN,NaN,NaN,transformer,embedding,2
80536,80537,NaN,NaN,NaN,NaN,12.726258277893066,73.4325180053711,336467.96875,transformer,embedding,2
80976,80977,4.751266602376347e-10,100.0,1.0,0.001,NaN,NaN,NaN,transformer,embedding,2
81785,81786,1.8395320822151007e-08,100.0,1.0,0.001,NaN,NaN,NaN,transformer,embedding,2
82146,82147,NaN,NaN,NaN,NaN,13.99035358428955,73.0605697631836,1191059.25,transformer,embedding,2
82602,82603,2.4548210686425875e-10,100.0,1.0,0.001,NaN,NaN,NaN,transformer,embedding,2
83428,83429,2.2901105012351763e-08,100.0,1.0,0.001,NaN,NaN,NaN,transformer,embedding,2
83788,83789,NaN,NaN,NaN,NaN,12.350975036621094,73.11370849609375,231185.34375,transformer,embedding,2
84262,84263,5.068017672194003e-10,100.0,1.0,0.001,NaN,NaN,NaN,transformer,embedding,2
85104,85105,2.0644252529677942e-08,100.0,1.0,0.001,NaN,NaN,NaN,transformer,embedding,2
85463,85464,NaN,NaN,NaN,NaN,14.267999649047852,73.69818878173828,1572220.75,transformer,embedding,2
85955,85956,2.058882231370518e-10,100.0,1.0,0.001,NaN,NaN,NaN,transformer,embedding,2
86814,86815,0.00011625713523244485,100.0,1.000116229057312,0.001,NaN,NaN,NaN,transformer,embedding,2
87172,87173,NaN,NaN,NaN,NaN,12.824782371520996,73.5919189453125,371306.21875,transformer,embedding,2
87682,87683,3.167510975732313e-10,100.0,1.0,0.001,NaN,NaN,NaN,transformer,embedding,2
88558,88559,1.7080779457501194e-08,100.0,1.0,0.001,NaN,NaN,NaN,transformer,embedding,2
88915,88916,NaN,NaN,NaN,NaN,11.979314804077148,73.85759735107422,159422.75,transformer,embedding,2
89443,89444,2.914110286411642e-09,100.0,1.0,0.001,NaN,NaN,NaN,transformer,embedding,2
90337,90338,2.573602664313057e-09,100.0,1.0,0.001,NaN,NaN,NaN,transformer,embedding,2
90693,90694,NaN,NaN,NaN,NaN,12.57258129119873,74.28267669677734,288537.78125,transformer,embedding,2
91240,91241,5.337255970516708e-09,100.0,1.0,0.001,NaN,NaN,NaN,transformer,embedding,2
92152,92153,3.6426378580145524e-10,100.0,1.0,0.001,NaN,NaN,NaN,transformer,embedding,2
92506,92507,NaN,NaN,NaN,NaN,10.494865417480469,74.54835510253906,36129.515625,transformer,embedding,2
93073,93074,0.0002608014037832618,99.9867172241211,1.000260829925537,0.001,NaN,NaN,NaN,transformer,embedding,2
94003,94004,4.276139997649864e-10,100.0,1.0,0.001,NaN,NaN,NaN,transformer,embedding,2
94356,94357,NaN,NaN,NaN,NaN,9.75426197052002,73.91073608398438,17227.49609375,transformer,embedding,2
94943,94944,1.24087113917426e-08,100.0,1.0,0.001,NaN,NaN,NaN,transformer,embedding,2
95892,95893,5.345174969306754e-09,100.0,1.0,0.001,NaN,NaN,NaN,transformer,embedding,2
96243,96244,NaN,NaN,NaN,NaN,9.073749542236328,76.35494232177734,8723.2705078125,transformer,embedding,2
96850,96851,6.255834184010212e-10,100.0,1.0,0.001,NaN,NaN,NaN,transformer,embedding,2
97818,97819,8.963595377053934e-08,100.0,1.0000001192092896,0.001,NaN,NaN,NaN,transformer,embedding,2
98167,98168,NaN,NaN,NaN,NaN,11.269742965698242,76.8331527709961,78412.8359375,transformer,embedding,2
98796,98797,2.8190849654663452e-09,100.0,1.0,0.001,NaN,NaN,NaN,transformer,embedding,2
99783,99784,3.4050742780955545e-10,100.0,1.0,0.001,NaN,NaN,NaN,transformer,embedding,2
