epoch,global_step,train_loss,train_accuracy,train_perplexity,learning_rate,val_loss,val_accuracy,val_perplexity,model_type,encoding,k_value
0,1,5.559886932373047,0.0,259.79345703125,0.0001,5.565105438232422,0.0,261.1527404785156,transformer,embedding,2
1,2,5.559885025024414,0.0,259.79296875,0.0002,5.431934833526611,0.0,228.5911102294922,transformer,embedding,2
2,3,5.426983833312988,0.0,227.46214294433594,0.0003,5.170746803283691,0.0,176.0462646484375,transformer,embedding,2
3,4,5.166318893432617,0.0,175.26846313476562,0.0004,4.799090385437012,0.0,121.39994049072266,transformer,embedding,2
4,5,4.795459747314453,0.0,120.9599838256836,0.0005,4.3569841384887695,0.0,78.02147674560547,transformer,embedding,2
5,6,4.354259014129639,0.0,77.80915069580078,0.0006,3.9099130630493164,0.0,49.894615173339844,transformer,embedding,2
6,7,3.907977342605591,0.0,49.798126220703125,0.0007,3.536675214767456,0.0,34.352516174316406,transformer,embedding,2
7,8,3.535296678543091,0.0,34.30519104003906,0.0008,3.293760061264038,0.0,26.943984985351562,transformer,embedding,2
8,9,3.2926290035247803,0.0,26.91352653503418,0.0009000000000000001,3.170090436935425,0.0,23.80963706970215,transformer,embedding,2
9,10,3.1690258979797363,0.0,23.784305572509766,0.001,3.101105213165283,0.0,22.222497940063477,transformer,embedding,2
10,11,3.099947690963745,0.0,22.19679069519043,0.001,3.0283727645874023,0.0,20.6635799407959,transformer,embedding,2
11,12,3.0270016193389893,0.0,20.63526725769043,0.001,2.9358808994293213,0.0,18.838090896606445,transformer,embedding,2
12,13,2.9342172145843506,0.0,18.80677604675293,0.001,2.8353934288024902,0.0,17.03710174560547,transformer,embedding,2
13,14,2.8334031105041504,0.0,17.00322723388672,0.001,2.7529759407043457,0.0,15.689252853393555,transformer,embedding,2
14,15,2.7506439685821533,0.0,15.652708053588867,0.001,2.697120428085327,0.0,14.836946487426758,transformer,embedding,2
15,16,2.6943037509918213,0.0,14.79521369934082,0.001,2.6531550884246826,0.0,14.198766708374023,transformer,embedding,2
16,17,2.649726152420044,0.0,14.150162696838379,0.001,2.6055078506469727,0.0,13.53809928894043,transformer,embedding,2
17,18,2.601284980773926,0.0,13.481049537658691,0.001,2.5543417930603027,0.0,12.86283016204834,transformer,embedding,2
18,19,2.5492281913757324,0.0,12.797223091125488,0.001,2.508387327194214,0.0,12.285101890563965,transformer,embedding,2
19,20,2.5022828578948975,0.0,12.210336685180664,0.001,2.4726927280426025,0.16702094674110413,11.854324340820312,transformer,embedding,2
20,21,2.465494155883789,0.3542330861091614,11.769296646118164,0.001,2.4466092586517334,0.8502885103225708,11.54911994934082,transformer,embedding,2
21,22,2.4382145404815674,1.204392433166504,11.452574729919434,0.001,2.4273343086242676,0.9869419932365417,11.328642845153809,transformer,embedding,2
22,23,2.4176666736602783,1.0626991987228394,11.219649314880371,0.001,2.412552833557129,0.8502885103225708,11.162420272827148,transformer,embedding,2
23,24,2.4015908241271973,1.3815090656280518,11.040726661682129,0.001,2.4008378982543945,0.8654721975326538,11.032416343688965,transformer,embedding,2
24,25,2.3885562419891357,1.4169323444366455,10.897748947143555,0.001,2.3913662433624268,0.8958396315574646,10.928414344787598,transformer,embedding,2
25,26,2.377772569656372,1.3815090656280518,10.780862808227539,0.001,2.3835184574127197,0.8958396315574646,10.842986106872559,transformer,embedding,2
26,27,2.368683099746704,1.3815090656280518,10.683314323425293,0.001,2.3767833709716797,0.8958396315574646,10.770203590393066,transformer,embedding,2
27,28,2.3608410358428955,1.3815090656280518,10.599862098693848,0.001,2.370734453201294,0.8958396315574646,10.705251693725586,transformer,embedding,2
28,29,2.3538663387298584,1.3815090656280518,10.526188850402832,0.001,2.3650639057159424,0.8958396315574646,10.644719123840332,transformer,embedding,2
29,30,2.347499132156372,1.3815090656280518,10.459379196166992,0.001,2.359656810760498,0.8958396315574646,10.58731746673584,transformer,embedding,2
30,31,2.3416318893432617,1.4169323444366455,10.398191452026367,0.001,2.354530096054077,0.8958396315574646,10.533178329467773,transformer,embedding,2
31,32,2.3362929821014404,1.3815090656280518,10.34282398223877,0.001,2.3497838973999023,0.8806559443473816,10.483304023742676,transformer,embedding,2
32,33,2.3315370082855225,1.4523556232452393,10.293750762939453,0.001,2.345503807067871,0.7895535826683044,10.438529968261719,transformer,embedding,2
33,34,2.327409267425537,1.3815090656280518,10.251348495483398,0.001,2.341691017150879,0.9110233783721924,10.39880657196045,transformer,embedding,2
34,35,2.323842763900757,1.487778902053833,10.214852333068848,0.001,2.3382675647735596,0.8654721975326538,10.363266944885254,transformer,embedding,2
35,36,2.320735454559326,1.3106623888015747,10.183160781860352,0.001,2.3351850509643555,0.9262071251869202,10.331371307373047,transformer,embedding,2
36,37,2.3179738521575928,1.2398158311843872,10.155077934265137,0.001,2.3323581218719482,0.971758246421814,10.302206993103027,transformer,embedding,2
37,38,2.3154542446136475,1.4523556232452393,10.129523277282715,0.001,2.329779863357544,0.835104763507843,10.275679588317871,transformer,embedding,2
38,39,2.3131275177001953,1.4169323444366455,10.105981826782227,0.001,2.3274312019348145,0.8047373294830322,10.25157356262207,transformer,embedding,2
39,40,2.3109679222106934,1.487778902053833,10.08418083190918,0.001,2.325326681137085,0.7288187146186829,10.230021476745605,transformer,embedding,2
40,41,2.3089680671691895,1.4169323444366455,10.064033508300781,0.001,2.3234760761260986,0.7288187146186829,10.21110725402832,transformer,embedding,2
41,42,2.307147741317749,1.2398158311843872,10.045730590820312,0.001,2.3218841552734375,0.971758246421814,10.194865226745605,transformer,embedding,2
42,43,2.30550217628479,1.3106623888015747,10.029213905334473,0.001,2.3205251693725586,0.8654721975326538,10.18101978302002,transformer,embedding,2
43,44,2.3040225505828857,1.487778902053833,10.014385223388672,0.001,2.31935977935791,0.8654721975326538,10.169161796569824,transformer,embedding,2
44,45,2.302689552307129,1.4523556232452393,10.001044273376465,0.001,2.318357229232788,0.8502885103225708,10.158971786499023,transformer,embedding,2
45,46,2.301462411880493,1.4169323444366455,9.988779067993164,0.001,2.317455530166626,0.8654721975326538,10.149815559387207,transformer,embedding,2
46,47,2.3003222942352295,1.4169323444366455,9.977397918701172,0.001,2.316626787185669,0.8958396315574646,10.141407012939453,transformer,embedding,2
47,48,2.2992429733276367,1.4523556232452393,9.966634750366211,0.001,2.3158514499664307,0.8654721975326538,10.13354778289795,transformer,embedding,2
48,49,2.2982234954833984,1.487778902053833,9.9564790725708,0.001,2.3151257038116455,0.9110233783721924,10.126195907592773,transformer,embedding,2
49,50,2.297260284423828,1.487778902053833,9.946893692016602,0.001,2.3144638538360596,0.8654721975326538,10.11949634552002,transformer,embedding,2
50,51,2.2963573932647705,1.487778902053833,9.93791675567627,0.001,2.313859224319458,0.8199210166931152,10.11337947845459,transformer,embedding,2
51,52,2.2955193519592285,1.55862557888031,9.929591178894043,0.001,2.3133225440979004,0.7440024018287659,10.107953071594238,transformer,embedding,2
52,53,2.294740915298462,1.7357420921325684,9.921865463256836,0.001,2.3128504753112793,0.8502885103225708,10.103182792663574,transformer,embedding,2
53,54,2.2940030097961426,1.9837052822113037,9.914546012878418,0.001,2.3124170303344727,0.7895535826683044,10.098804473876953,transformer,embedding,2
54,55,2.293286085128784,1.9128586053848267,9.907441139221191,0.001,2.3120243549346924,0.7895535826683044,10.094839096069336,transformer,embedding,2
55,56,2.2925708293914795,1.8065887689590454,9.900357246398926,0.001,2.311657428741455,0.8199210166931152,10.09113597869873,transformer,embedding,2
56,57,2.2918484210968018,1.487778902053833,9.893207550048828,0.001,2.3113224506378174,0.8199210166931152,10.087756156921387,transformer,embedding,2
57,58,2.291123151779175,1.4523556232452393,9.886034965515137,0.001,2.311023712158203,0.8199210166931152,10.08474349975586,transformer,embedding,2
58,59,2.2904064655303955,1.6294721364974976,9.878952026367188,0.001,2.31077241897583,0.835104763507843,10.082209587097168,transformer,embedding,2
59,60,2.289696216583252,1.6648955345153809,9.871938705444336,0.001,2.3105580806732178,0.835104763507843,10.080048561096191,transformer,embedding,2
60,61,2.2889978885650635,1.5940488576889038,9.865046501159668,0.001,2.310370683670044,0.8806559443473816,10.07815933227539,transformer,embedding,2
61,62,2.2883048057556152,1.8420120477676392,9.858211517333984,0.001,2.3102059364318848,0.9262071251869202,10.076499938964844,transformer,embedding,2
62,63,2.287604808807373,1.8065887689590454,9.851313591003418,0.001,2.310045003890991,0.9110233783721924,10.074877738952637,transformer,embedding,2
63,64,2.286884069442749,1.877435326576233,9.844216346740723,0.001,2.3098974227905273,0.8806559443473816,10.07339096069336,transformer,embedding,2
64,65,2.2861406803131104,1.9837052822113037,9.83690071105957,0.001,2.3097825050354004,0.8654721975326538,10.072234153747559,transformer,embedding,2
65,66,2.285367965698242,2.1253983974456787,9.829302787780762,0.001,2.309697151184082,0.8199210166931152,10.07137393951416,transformer,embedding,2
66,67,2.284557342529297,2.231668472290039,9.821337699890137,0.001,2.3096811771392822,0.8047373294830322,10.071212768554688,transformer,embedding,2
67,68,2.283715009689331,2.1962451934814453,9.813068389892578,0.001,2.309729814529419,0.8047373294830322,10.07170295715332,transformer,embedding,2
68,69,2.282837390899658,2.1253983974456787,9.804460525512695,0.001,2.3098533153533936,0.7895535826683044,10.072946548461914,transformer,embedding,2
69,70,2.2819066047668457,2.231668472290039,9.79533863067627,0.001,2.310049057006836,0.7743698954582214,10.074918746948242,transformer,embedding,2
70,71,2.28090500831604,2.231668472290039,9.785531997680664,0.001,2.3103222846984863,0.7743698954582214,10.077672004699707,transformer,embedding,2
71,72,2.279829263687134,2.231668472290039,9.77501106262207,0.001,2.3106675148010254,0.7743698954582214,10.081151962280273,transformer,embedding,2
72,73,2.278648853302002,2.1608219146728516,9.763479232788086,0.001,2.311065435409546,0.7440024018287659,10.085164070129395,transformer,embedding,2
73,74,2.277362585067749,2.267091751098633,9.75092887878418,0.001,2.3114848136901855,0.7591861486434937,10.089394569396973,transformer,embedding,2
74,75,2.2759647369384766,2.373361587524414,9.737308502197266,0.001,2.311936616897583,0.6984512805938721,10.093954086303711,transformer,embedding,2
75,76,2.27443265914917,2.373361587524414,9.72240161895752,0.001,2.3124256134033203,0.7288187146186829,10.098891258239746,transformer,embedding,2
76,77,2.2727344036102295,2.1253983974456787,9.705904006958008,0.001,2.3130061626434326,0.7288187146186829,10.104755401611328,transformer,embedding,2
77,78,2.2708494663238525,2.267091751098633,9.687626838684082,0.001,2.3137717247009277,0.7591861486434937,10.112494468688965,transformer,embedding,2
78,79,2.2687413692474365,2.4442081451416016,9.66722583770752,0.001,2.3148014545440674,0.7440024018287659,10.122912406921387,transformer,embedding,2
79,80,2.2663493156433105,2.4442081451416016,9.644128799438477,0.001,2.31607723236084,0.7136349678039551,10.135835647583008,transformer,embedding,2
80,81,2.2636284828186035,2.6213247776031494,9.617924690246582,0.001,2.3175876140594482,0.7743698954582214,10.151156425476074,transformer,embedding,2
81,82,2.260512590408325,2.5859014987945557,9.58800220489502,0.001,2.319472312927246,0.7743698954582214,10.170306205749512,transformer,embedding,2
82,83,2.2569234371185303,2.7984414100646973,9.553651809692383,0.001,2.3221137523651123,0.7895535826683044,10.197205543518066,transformer,embedding,2
83,84,2.2527472972869873,2.975557804107666,9.513836860656738,0.001,2.325711250305176,0.7440024018287659,10.233956336975098,transformer,embedding,2
84,85,2.247907876968384,3.4714841842651367,9.467906951904297,0.001,2.330087661743164,0.7136349678039551,10.27884292602539,transformer,embedding,2
85,86,2.2422759532928467,3.400637626647949,9.414734840393066,0.001,2.3356740474700928,0.7288187146186829,10.336424827575684,transformer,embedding,2
86,87,2.2357399463653564,3.542330741882324,9.353400230407715,0.001,2.343305826187134,0.7743698954582214,10.41561222076416,transformer,embedding,2
87,88,2.2282369136810303,3.577754020690918,9.28348445892334,0.001,2.3527605533599854,0.6832675337791443,10.514555931091309,transformer,embedding,2
88,89,2.219698429107666,3.577754020690918,9.204554557800293,0.001,2.364527940750122,0.6832675337791443,10.639015197753906,transformer,embedding,2
89,90,2.210081100463867,4.002833843231201,9.116456031799316,0.001,2.3808467388153076,0.6529000997543335,10.814055442810059,transformer,embedding,2
90,91,2.199573040008545,4.286220073699951,9.021161079406738,0.001,2.3962295055389404,0.6832675337791443,10.981691360473633,transformer,embedding,2
91,92,2.188814640045166,4.357067108154297,8.924628257751465,0.001,2.426414966583252,0.6377163529396057,11.318233489990234,transformer,embedding,2
92,93,2.1804604530334473,4.498760223388672,8.850380897521973,0.001,2.422271251678467,0.7288187146186829,11.271430969238281,transformer,embedding,2
93,94,2.1834213733673096,4.959263324737549,8.876625061035156,0.001,2.434229612350464,0.7136349678039551,11.407027244567871,transformer,embedding,2
94,95,2.162529945373535,5.809422492980957,8.693102836608887,0.001,2.4765517711639404,0.5921651721000671,11.900158882141113,transformer,embedding,2
95,96,2.169558048248291,4.392490386962891,8.754414558410645,0.001,2.441303253173828,0.7743698954582214,11.48800277709961,transformer,embedding,2
96,97,2.146768093109131,6.0573859214782715,8.557157516479492,0.001,2.4397714138031006,0.6832675337791443,11.470418930053711,transformer,embedding,2
97,98,2.149465560913086,5.915692329406738,8.58027172088623,0.001,2.444369316101074,0.7591861486434937,11.523280143737793,transformer,embedding,2
98,99,2.128941535949707,6.4824652671813965,8.405964851379395,0.001,2.4674885272979736,0.6225326657295227,11.792792320251465,transformer,embedding,2
99,100,2.1160635948181152,6.588735103607178,8.298407554626465,0.001,2.489567756652832,0.6680837869644165,12.056063652038574,transformer,embedding,2
100,101,2.1120612621307373,7.013814926147461,8.265260696411133,0.001,2.48744797706604,0.6073489189147949,12.030534744262695,transformer,embedding,2
101,102,2.0932679176330566,7.509741306304932,8.111379623413086,0.001,2.4846575260162354,0.6225326657295227,11.997011184692383,transformer,embedding,2
102,103,2.0839312076568604,8.253630638122559,8.035998344421387,0.001,NaN,NaN,NaN,transformer,embedding,2
103,104,2.0747110843658447,8.6787109375,7.962245941162109,0.001,2.49552845954895,0.6073489189147949,12.128141403198242,transformer,embedding,2
104,105,2.0602126121520996,8.820404052734375,7.847638130187988,0.001,NaN,NaN,NaN,transformer,embedding,2
105,106,2.0489392280578613,9.458023071289062,7.759665489196777,0.001,2.528536558151245,0.6377163529396057,12.535148620605469,transformer,embedding,2
106,107,2.03859281539917,10.024796485900879,7.679794788360596,0.001,NaN,NaN,NaN,transformer,embedding,2
107,108,2.0242273807525635,10.379029273986816,7.5702595710754395,0.001,2.5280542373657227,0.6225326657295227,12.52910327911377,transformer,embedding,2
108,109,2.0122158527374268,10.485299110412598,7.479873180389404,0.001,NaN,NaN,NaN,transformer,embedding,2
109,110,1.9996663331985474,11.547998428344727,7.386590957641602,0.001,2.5490338802337646,0.7288187146186829,12.794736862182617,transformer,embedding,2
110,111,1.9861465692520142,11.795961380004883,7.287398338317871,0.001,NaN,NaN,NaN,transformer,embedding,2
111,112,1.9730103015899658,12.539851188659668,7.192295074462891,0.001,2.5742111206054688,0.6529000997543335,13.120962142944336,transformer,embedding,2
112,113,1.9606406688690186,13.071200370788574,7.103877067565918,0.001,NaN,NaN,NaN,transformer,embedding,2
113,114,1.9459269046783447,13.956783294677734,7.000117301940918,0.001,2.5732548236846924,0.835104763507843,13.108420372009277,transformer,embedding,2
114,115,1.9325132369995117,14.771519660949707,6.90684700012207,0.001,NaN,NaN,NaN,transformer,embedding,2
115,116,1.9177443981170654,15.657102584838867,6.805590629577637,0.001,2.5985593795776367,0.7288187146186829,13.444355964660645,transformer,embedding,2
116,117,1.902994155883789,15.834218978881836,6.7059431076049805,0.001,NaN,NaN,NaN,transformer,embedding,2
117,118,1.8885467052459717,16.365568161010742,6.609755992889404,0.001,2.6062700748443604,0.7440024018287659,13.548421859741211,transformer,embedding,2
118,119,1.872959017753601,17.1803035736084,6.507524013519287,0.001,NaN,NaN,NaN,transformer,embedding,2
119,120,1.8580213785171509,17.995040893554688,6.411039352416992,0.001,2.6188173294067383,0.7895535826683044,13.719488143920898,transformer,embedding,2
120,121,1.84159517288208,18.66808319091797,6.306590557098389,0.001,NaN,NaN,NaN,transformer,embedding,2
121,122,1.8258405923843384,19.199432373046875,6.208011150360107,0.001,2.6353919506073,0.9869419932365417,13.948779106140137,transformer,embedding,2
122,123,1.8089818954467773,19.97874641418457,6.10422945022583,0.001,NaN,NaN,NaN,transformer,embedding,2
123,124,1.7925702333450317,21.360254287719727,6.004866600036621,0.001,2.6459202766418457,0.971758246421814,14.09641170501709,transformer,embedding,2
124,125,1.777095913887024,21.5019474029541,5.912660598754883,0.001,NaN,NaN,NaN,transformer,embedding,2
125,126,1.7693549394607544,21.78533363342285,5.867067337036133,0.001,2.6544299125671387,0.8654721975326538,14.216878890991211,transformer,embedding,2
126,127,1.7767342329025269,20.72263526916504,5.9105224609375,0.001,NaN,NaN,NaN,transformer,embedding,2
127,128,1.7388629913330078,23.025150299072266,5.690869331359863,0.001,2.6821749210357666,1.1691466569900513,14.616848945617676,transformer,embedding,2
128,129,1.7164486646652222,24.44208335876465,5.564731121063232,0.001,NaN,NaN,NaN,transformer,embedding,2
129,130,1.7156081199645996,23.62734603881836,5.560055732727051,0.001,2.6917262077331543,1.1691466569900513,14.75712776184082,transformer,embedding,2
130,131,1.6808507442474365,25.929861068725586,5.37012243270874,0.001,NaN,NaN,NaN,transformer,embedding,2
131,132,1.6755300760269165,25.50478172302246,5.341625690460205,0.001,2.701514720916748,1.1084117889404297,14.902287483215332,transformer,embedding,2
132,133,1.6509743928909302,27.06340789794922,5.2120561599731445,0.001,NaN,NaN,NaN,transformer,embedding,2
133,134,1.6364701986312866,27.27594757080078,5.137004852294922,0.001,2.7265775203704834,1.3665350675582886,15.280500411987305,transformer,embedding,2
134,135,1.6169627904891968,28.799150466918945,5.037766456604004,0.001,NaN,NaN,NaN,transformer,embedding,2
135,136,1.599923849105835,29.578462600708008,4.95265531539917,0.001,2.7265126705169678,1.5031886100769043,15.279509544372559,transformer,embedding,2
136,137,1.5807089805603027,30.64116096496582,4.858398914337158,0.001,NaN,NaN,NaN,transformer,embedding,2
137,138,1.5632548332214355,30.92454719543457,4.774335861206055,0.001,2.7528815269470215,1.5639234781265259,15.687771797180176,transformer,embedding,2
138,139,1.543102502822876,32.12894058227539,4.679084777832031,0.001,NaN,NaN,NaN,transformer,embedding,2
139,140,1.5258432626724243,32.554019927978516,4.599020004272461,0.001,2.7564239501953125,1.685393214225769,15.74344253540039,transformer,embedding,2
140,141,1.5064661502838135,34.04179763793945,4.5107622146606445,0.001,NaN,NaN,NaN,transformer,embedding,2
141,142,1.4889696836471558,34.39603042602539,4.432526111602783,0.001,2.7771835327148438,1.7613118886947632,16.073686599731445,transformer,embedding,2
142,143,1.4740151166915894,35.06907653808594,4.366733074188232,0.001,NaN,NaN,NaN,transformer,embedding,2
143,144,1.457158088684082,35.56500244140625,4.2937397956848145,0.001,2.7829089164733887,2.049802541732788,16.165977478027344,transformer,embedding,2
144,145,1.4401239156723022,36.76939392089844,4.221219062805176,0.001,NaN,NaN,NaN,transformer,embedding,2
145,146,1.4113856554031372,38.04463195800781,4.101634979248047,0.001,2.809192180633545,1.913149118423462,16.596506118774414,transformer,embedding,2
146,147,1.3904385566711426,38.46971130371094,4.016611099243164,0.001,NaN,NaN,NaN,transformer,embedding,2
147,148,1.3738120794296265,39.74495315551758,3.950381278991699,0.001,2.822540521621704,2.080170154571533,16.81952667236328,transformer,embedding,2
148,149,1.3581111431121826,39.39072036743164,3.888840913772583,0.001,NaN,NaN,NaN,transformer,embedding,2
149,150,1.3347688913345337,41.72865676879883,3.7991178035736084,0.001,2.832796096801758,2.3382933139801025,16.992908477783203,transformer,embedding,2
150,151,1.313184380531311,42.04746627807617,3.717994451522827,0.001,NaN,NaN,NaN,transformer,embedding,2
151,152,1.298311471939087,43.14558792114258,3.6631062030792236,0.001,2.848127841949463,2.550865411758423,17.255447387695312,transformer,embedding,2
152,153,1.2825747728347778,43.85405731201172,3.605912208557129,0.001,NaN,NaN,NaN,transformer,embedding,2
153,154,1.2549235820770264,45.87318420410156,3.507570266723633,0.001,NaN,NaN,NaN,transformer,embedding,2
154,155,1.2282365560531616,46.68791961669922,3.4152016639709473,0.001,2.8624765872955322,2.657151460647583,17.504825592041016,transformer,embedding,2
155,156,1.2121249437332153,48.069427490234375,3.3606181144714355,0.001,NaN,NaN,NaN,transformer,embedding,2
156,157,1.190783977508545,49.238399505615234,3.289659261703491,0.001,NaN,NaN,NaN,transformer,embedding,2
157,158,1.1675838232040405,50.478214263916016,3.214217185974121,0.001,2.8836865425109863,2.9911935329437256,17.880067825317383,transformer,embedding,2
158,159,1.1456948518753052,52.072261810302734,3.144625663757324,0.001,NaN,NaN,NaN,transformer,embedding,2
159,160,1.1430163383483887,50.5490608215332,3.136214017868042,0.001,NaN,NaN,NaN,transformer,embedding,2
160,161,1.1593579053878784,49.13212966918945,3.1878857612609863,0.001,2.92024302482605,3.249316692352295,18.545793533325195,transformer,embedding,2
161,162,1.1308344602584839,51.08041000366211,3.098240852355957,0.001,NaN,NaN,NaN,transformer,embedding,2
162,163,1.1003930568695068,52.78072738647461,3.0053470134735107,0.001,NaN,NaN,NaN,transformer,embedding,2
163,164,1.0881329774856567,53.064117431640625,2.96872615814209,0.001,2.9310054779052734,3.4618887901306152,18.746469497680664,transformer,embedding,2
164,165,1.0461556911468506,55.508323669433594,2.846686601638794,0.001,NaN,NaN,NaN,transformer,embedding,2
165,166,1.042461633682251,56.181365966796875,2.8361899852752686,0.001,NaN,NaN,NaN,transformer,embedding,2
166,167,1.0002986192703247,58.306766510009766,2.7190937995910645,0.001,2.9548943042755127,3.887032985687256,19.19969367980957,transformer,embedding,2
167,168,0.9945808053016663,58.44845962524414,2.7035908699035645,0.001,NaN,NaN,NaN,transformer,embedding,2
168,169,0.9584563970565796,61.24689865112305,2.607668161392212,0.001,NaN,NaN,NaN,transformer,embedding,2
169,170,0.9485192894935608,61.67197799682617,2.5818839073181152,0.001,2.976722240447998,3.947767972946167,19.623390197753906,transformer,embedding,2
170,171,0.9231838583946228,63.5848388671875,2.5172922611236572,0.001,NaN,NaN,NaN,transformer,embedding,2
171,172,0.9012771844863892,64.32872772216797,2.4627463817596436,0.001,NaN,NaN,NaN,transformer,embedding,2
172,173,0.8845652341842651,65.3205795288086,2.421931266784668,0.001,3.0071723461151123,4.631035327911377,20.23011589050293,transformer,embedding,2
173,174,0.8589507937431335,67.19801330566406,2.360682487487793,0.001,NaN,NaN,NaN,transformer,embedding,2
174,175,0.8437997102737427,68.18986511230469,2.3251852989196777,0.001,NaN,NaN,NaN,transformer,embedding,2
175,176,0.8190547227859497,69.53595733642578,2.268354654312134,0.001,3.0318455696105957,4.858791351318359,20.73546600341797,transformer,embedding,2
176,177,0.7995145320892334,71.20085144042969,2.2244608402252197,0.001,NaN,NaN,NaN,transformer,embedding,2
177,178,0.7775155901908875,71.98016357421875,2.1760592460632324,0.001,NaN,NaN,NaN,transformer,embedding,2
178,179,0.7614275813102722,73.46794128417969,2.1413309574127197,0.001,3.0534279346466064,5.147282123565674,21.187850952148438,transformer,embedding,2
179,180,0.743361234664917,74.31809997558594,2.102992296218872,0.001,NaN,NaN,NaN,transformer,embedding,2
180,181,0.7358580231666565,74.74317932128906,2.0872721672058105,0.001,NaN,NaN,NaN,transformer,embedding,2
181,182,0.730911374092102,73.9284439086914,2.076972723007202,0.001,3.0867316722869873,5.086547374725342,21.905366897583008,transformer,embedding,2
182,183,0.7103679776191711,75.87672424316406,2.0347399711608887,0.001,NaN,NaN,NaN,transformer,embedding,2
183,184,0.6674022674560547,78.60432434082031,1.9491673707962036,0.001,NaN,NaN,NaN,transformer,embedding,2
184,185,0.6479896903038025,79.48990631103516,1.911693811416626,0.001,3.1191344261169434,5.405405521392822,22.626785278320312,transformer,embedding,2
185,186,0.6488893032073975,79.06482696533203,1.913414478302002,0.001,NaN,NaN,NaN,transformer,embedding,2
186,187,0.6128950715065002,81.4736099243164,1.8457672595977783,0.001,NaN,NaN,NaN,transformer,embedding,2
187,188,0.593063473701477,83.70527648925781,1.809523344039917,0.001,3.1359827518463135,6.058305263519287,23.011240005493164,transformer,embedding,2
188,189,0.580139696598053,83.59900665283203,1.7862879037857056,0.001,NaN,NaN,NaN,transformer,embedding,2
189,190,0.5579478740692139,84.05950927734375,1.7470835447311401,0.001,NaN,NaN,NaN,transformer,embedding,2
190,191,0.541266918182373,86.0077896118164,1.7181823253631592,0.001,3.1660680770874023,6.149407863616943,23.714059829711914,transformer,embedding,2
191,192,0.5383173227310181,85.33474731445312,1.713121771812439,0.001,NaN,NaN,NaN,transformer,embedding,2
192,193,0.5126941204071045,87.9560775756836,1.6697837114334106,0.001,NaN,NaN,NaN,transformer,embedding,2
193,194,0.5135356187820435,86.22032928466797,1.6711894273757935,0.001,3.185760974884033,6.787124156951904,24.185686111450195,transformer,embedding,2
194,195,0.48057880997657776,88.73538970947266,1.6170101165771484,0.001,NaN,NaN,NaN,transformer,embedding,2
195,196,0.45473548769950867,90.68367004394531,1.575756549835205,0.001,NaN,NaN,NaN,transformer,embedding,2
196,197,0.45009538531303406,90.54197692871094,1.5684617757797241,0.001,3.2107577323913574,7.303370952606201,24.797868728637695,transformer,embedding,2
197,198,0.42494046688079834,91.99433135986328,1.5294994115829468,0.001,NaN,NaN,NaN,transformer,embedding,2
198,199,0.4123696982860565,92.56110382080078,1.510392665863037,0.001,NaN,NaN,NaN,transformer,embedding,2
199,200,0.3903127610683441,93.41126251220703,1.4774428606033325,0.001,3.2331883907318115,7.470391750335693,25.360387802124023,transformer,embedding,2
200,201,0.377252995967865,94.50938415527344,1.45827317237854,0.001,NaN,NaN,NaN,transformer,embedding,2
202,203,0.34818318486213684,95.43038940429688,1.4164917469024658,0.001,3.2625045776367188,7.71333122253418,26.1148624420166,transformer,embedding,2
204,205,0.31843888759613037,96.77648162841797,1.3749796152114868,0.001,NaN,NaN,NaN,transformer,embedding,2
206,207,0.2924135625362396,97.6974868774414,1.339656949043274,0.001,3.29819917678833,8.24476146697998,27.063858032226562,transformer,embedding,2
208,209,0.26653629541397095,98.05171966552734,1.3054349422454834,0.001,NaN,NaN,NaN,transformer,embedding,2
210,211,0.2427719086408615,98.40595245361328,1.2747777700424194,0.001,3.3344991207122803,8.593987464904785,28.06432342529297,transformer,embedding,2
212,213,0.2210199385881424,98.93730163574219,1.2473483085632324,0.001,NaN,NaN,NaN,transformer,embedding,2
214,215,0.20495586097240448,99.04357147216797,1.227470874786377,0.001,3.3772692680358887,8.806559562683105,29.29067611694336,transformer,embedding,2
216,217,0.19288350641727448,99.14984130859375,1.212741494178772,0.001,NaN,NaN,NaN,transformer,embedding,2
218,219,0.16917283833026886,99.29153442382812,1.184324860572815,0.001,3.4042019844055176,9.413908004760742,30.090272903442383,transformer,embedding,2
220,221,0.15306437015533447,99.36238098144531,1.1654000282287598,0.001,NaN,NaN,NaN,transformer,embedding,2
222,223,0.13490326702594757,99.53949737548828,1.1444261074066162,0.001,3.4422852993011475,9.56574535369873,31.258310317993164,transformer,embedding,2
224,225,0.12505050003528595,99.50407409667969,1.1332056522369385,0.001,NaN,NaN,NaN,transformer,embedding,2
226,227,0.11177954077720642,99.68119049072266,1.1182663440704346,0.001,3.471968173980713,9.960522651672363,32.20005416870117,transformer,embedding,2
228,229,0.100905641913414,99.71661376953125,1.1061722040176392,0.001,NaN,NaN,NaN,transformer,embedding,2
230,231,0.09213460981845856,99.71661376953125,1.0965124368667603,0.001,3.5032057762145996,10.309747695922852,33.22178268432617,transformer,embedding,2
232,233,0.0844007059931755,99.71661376953125,1.0880647897720337,0.001,NaN,NaN,NaN,transformer,embedding,2
234,235,0.07690524309873581,99.75203704833984,1.0799397230148315,0.001,3.5350406169891357,10.491952896118164,34.296409606933594,transformer,embedding,2
236,237,0.07009876519441605,99.85830688476562,1.072614073753357,0.001,NaN,NaN,NaN,transformer,embedding,2
238,239,0.0642319917678833,99.78746032714844,1.0663397312164307,0.001,3.5622382164001465,10.88672924041748,35.24198913574219,transformer,embedding,2
240,241,0.05904579535126686,99.78746032714844,1.0608237981796265,0.001,NaN,NaN,NaN,transformer,embedding,2
242,243,0.05447312444448471,99.82288360595703,1.0559841394424438,0.001,3.587103843688965,11.0993013381958,36.12928771972656,transformer,embedding,2
244,245,0.05040702223777771,99.78746032714844,1.0516990423202515,0.001,NaN,NaN,NaN,transformer,embedding,2
246,247,0.046744007617235184,99.82288360595703,1.047853708267212,0.001,3.611024856567383,11.251138687133789,37.00395584106445,transformer,embedding,2
248,249,0.04340792074799538,99.82288360595703,1.0443638563156128,0.001,NaN,NaN,NaN,transformer,embedding,2
250,251,0.04040662571787834,99.78746032714844,1.0412341356277466,0.001,3.633572578430176,11.342241287231445,37.8477897644043,transformer,embedding,2
252,253,0.037707190960645676,99.82288360595703,1.0384271144866943,0.001,NaN,NaN,NaN,transformer,embedding,2
254,255,0.0352545790374279,99.82288360595703,1.0358834266662598,0.001,3.653261661529541,11.539629936218262,38.60036087036133,transformer,embedding,2
256,257,0.033037371933460236,99.85830688476562,1.0335891246795654,0.001,NaN,NaN,NaN,transformer,embedding,2
258,259,0.031041119247674942,99.85830688476562,1.0315278768539429,0.001,NaN,NaN,NaN,transformer,embedding,2
259,260,NaN,NaN,NaN,NaN,3.6781468391418457,11.706650733947754,39.57299041748047,transformer,embedding,2
260,261,0.029214873909950256,99.89373016357422,1.0296458005905151,0.001,NaN,NaN,NaN,transformer,embedding,2
262,263,0.02753692865371704,99.92915344238281,1.0279195308685303,0.001,NaN,NaN,NaN,transformer,embedding,2
264,265,0.025994936004281044,99.89373016357422,1.0263357162475586,0.001,3.7004663944244385,11.964774131774902,40.46617126464844,transformer,embedding,2
266,267,0.02458433248102665,99.92915344238281,1.0248889923095703,0.001,NaN,NaN,NaN,transformer,embedding,2
268,269,0.023292696103453636,99.92915344238281,1.0235661268234253,0.001,NaN,NaN,NaN,transformer,embedding,2
269,270,NaN,NaN,NaN,NaN,3.7206664085388184,12.010324478149414,41.291900634765625,transformer,embedding,2
270,271,0.022106651216745377,99.9645767211914,1.0223528146743774,0.001,NaN,NaN,NaN,transformer,embedding,2
272,273,0.021009568125009537,99.89373016357422,1.021231770515442,0.001,NaN,NaN,NaN,transformer,embedding,2
274,275,0.019990839064121246,99.89373016357422,1.02019202709198,0.001,3.738814115524292,12.177346229553223,42.048095703125,transformer,embedding,2
276,277,0.019043829292058945,99.85830688476562,1.019226312637329,0.001,NaN,NaN,NaN,transformer,embedding,2
278,279,0.0181548073887825,99.9645767211914,1.0183205604553223,0.001,NaN,NaN,NaN,transformer,embedding,2
279,280,NaN,NaN,NaN,NaN,3.7559654712677,12.238080978393555,42.77549743652344,transformer,embedding,2
280,281,0.017318332567811012,99.9645767211914,1.0174691677093506,0.001,NaN,NaN,NaN,transformer,embedding,2
282,283,0.01652839593589306,99.9645767211914,1.0166656970977783,0.001,NaN,NaN,NaN,transformer,embedding,2
284,285,0.015775714069604874,99.9645767211914,1.0159008502960205,0.001,3.7728710174560547,12.42028522491455,43.50478744506836,transformer,embedding,2
286,287,0.015065012499690056,99.9645767211914,1.0151790380477905,0.001,NaN,NaN,NaN,transformer,embedding,2
288,289,0.014391263946890831,100.0,1.0144953727722168,0.001,NaN,NaN,NaN,transformer,embedding,2
289,290,NaN,NaN,NaN,NaN,3.7886574268341064,12.556939125061035,44.197021484375,transformer,embedding,2
290,291,0.01376049779355526,100.0,1.0138555765151978,0.001,NaN,NaN,NaN,transformer,embedding,2
292,293,0.013170415535569191,100.0,1.0132575035095215,0.001,NaN,NaN,NaN,transformer,embedding,2
294,295,0.012613610364496708,100.0,1.0126935243606567,0.001,3.803450345993042,12.648041725158691,44.85568618774414,transformer,embedding,2
296,297,0.01208285428583622,100.0,1.0121561288833618,0.001,NaN,NaN,NaN,transformer,embedding,2
298,299,0.011581609956920147,100.0,1.0116488933563232,0.001,NaN,NaN,NaN,transformer,embedding,2
299,300,NaN,NaN,NaN,NaN,3.8177359104156494,12.754327774047852,45.50107192993164,transformer,embedding,2
300,301,0.011104580946266651,100.0,1.0111664533615112,0.001,NaN,NaN,NaN,transformer,embedding,2
303,304,0.010427798144519329,100.0,1.0104823112487793,0.001,NaN,NaN,NaN,transformer,embedding,2
304,305,NaN,NaN,NaN,NaN,3.831240653991699,12.89098072052002,46.119720458984375,transformer,embedding,2
306,307,0.009802020154893398,100.0,1.009850263595581,0.001,NaN,NaN,NaN,transformer,embedding,2
309,310,0.009225260466337204,100.0,1.0092679262161255,0.001,NaN,NaN,NaN,transformer,embedding,2
310,311,NaN,NaN,NaN,NaN,3.8468172550201416,12.966899871826172,46.84373474121094,transformer,embedding,2
312,313,0.008694667369127274,100.0,1.008732557296753,0.001,NaN,NaN,NaN,transformer,embedding,2
315,316,0.008205074816942215,100.0,1.0082387924194336,0.001,NaN,NaN,NaN,transformer,embedding,2
316,317,NaN,NaN,NaN,NaN,3.862100601196289,13.027634620666504,47.565162658691406,transformer,embedding,2
318,319,0.00774991512298584,100.0,1.0077800750732422,0.001,NaN,NaN,NaN,transformer,embedding,2
321,322,0.007323343772441149,100.0,1.007350206375122,0.001,NaN,NaN,NaN,transformer,embedding,2
322,323,NaN,NaN,NaN,NaN,3.8768532276153564,13.118736267089844,48.27207565307617,transformer,embedding,2
324,325,0.006926867179572582,100.0,1.006950855255127,0.001,NaN,NaN,NaN,transformer,embedding,2
327,328,0.006562985945492983,100.0,1.0065845251083374,0.001,NaN,NaN,NaN,transformer,embedding,2
328,329,NaN,NaN,NaN,NaN,3.8911430835723877,13.270573616027832,48.966827392578125,transformer,embedding,2
330,331,0.006225723307579756,100.0,1.0062451362609863,0.001,NaN,NaN,NaN,transformer,embedding,2
333,334,0.005911427550017834,100.0,1.0059289932250977,0.001,NaN,NaN,NaN,transformer,embedding,2
334,335,NaN,NaN,NaN,NaN,3.9051976203918457,13.361676216125488,49.65989303588867,transformer,embedding,2
336,337,0.005618194118142128,100.0,1.0056339502334595,0.001,NaN,NaN,NaN,transformer,embedding,2
339,340,0.005344446748495102,100.0,1.0053586959838867,0.001,NaN,NaN,NaN,transformer,embedding,2
340,341,NaN,NaN,NaN,NaN,3.918765068054199,13.392044067382812,50.33824157714844,transformer,embedding,2
342,343,0.0050884694792330265,100.0,1.0051014423370361,0.001,NaN,NaN,NaN,transformer,embedding,2
345,346,0.004848359152674675,100.0,1.0048601627349854,0.001,NaN,NaN,NaN,transformer,embedding,2
346,347,NaN,NaN,NaN,NaN,3.9321160316467285,13.407227516174316,51.01481246948242,transformer,embedding,2
348,349,0.004622929729521275,100.0,1.0046336650848389,0.001,NaN,NaN,NaN,transformer,embedding,2
351,352,0.004410760011523962,100.0,1.004420518875122,0.001,NaN,NaN,NaN,transformer,embedding,2
352,353,NaN,NaN,NaN,NaN,3.9452013969421387,13.42241096496582,51.68674850463867,transformer,embedding,2
354,355,0.004210751038044691,100.0,1.004219651222229,0.001,NaN,NaN,NaN,transformer,embedding,2
357,358,0.004022110253572464,100.0,1.0040302276611328,0.001,NaN,NaN,NaN,transformer,embedding,2
359,360,NaN,NaN,NaN,NaN,3.959860324859619,13.52869701385498,52.45000076293945,transformer,embedding,2
360,361,0.0038438979536294937,100.0,1.003851294517517,0.001,NaN,NaN,NaN,transformer,embedding,2
363,364,0.003675369545817375,100.0,1.0036821365356445,0.001,NaN,NaN,NaN,transformer,embedding,2
366,367,0.003515880089253187,100.0,1.0035220384597778,0.001,3.97454571723938,13.589431762695312,53.22593307495117,transformer,embedding,2
369,370,0.003364662639796734,100.0,1.0033702850341797,0.001,NaN,NaN,NaN,transformer,embedding,2
372,373,0.0032212466467171907,100.0,1.003226399421692,0.001,NaN,NaN,NaN,transformer,embedding,2
373,374,NaN,NaN,NaN,NaN,3.9889075756073,13.665350914001465,53.995872497558594,transformer,embedding,2
375,376,0.0030850470066070557,100.0,1.0030897855758667,0.001,NaN,NaN,NaN,transformer,embedding,2
378,379,0.0029557046946138144,100.0,1.0029600858688354,0.001,NaN,NaN,NaN,transformer,embedding,2
380,381,NaN,NaN,NaN,NaN,4.002921104431152,13.695717811584473,54.757869720458984,transformer,embedding,2
381,382,0.002832717029377818,100.0,1.0028367042541504,0.001,NaN,NaN,NaN,transformer,embedding,2
384,385,0.0027156032156199217,100.0,1.0027192831039429,0.001,NaN,NaN,NaN,transformer,embedding,2
387,388,0.002604280598461628,100.0,1.0026077032089233,0.001,4.016643524169922,13.802003860473633,55.514461517333984,transformer,embedding,2
390,391,0.002498028567060828,100.0,1.002501130104065,0.001,NaN,NaN,NaN,transformer,embedding,2
393,394,0.0023968496825546026,100.0,1.0023996829986572,0.001,NaN,NaN,NaN,transformer,embedding,2
394,395,NaN,NaN,NaN,NaN,4.0302276611328125,13.817188262939453,56.273719787597656,transformer,embedding,2
396,397,0.002300357213243842,100.0,1.0023030042648315,0.001,NaN,NaN,NaN,transformer,embedding,2
399,400,0.0022082484792917967,100.0,1.0022107362747192,0.001,NaN,NaN,NaN,transformer,embedding,2
401,402,NaN,NaN,NaN,NaN,4.043493747711182,13.953841209411621,57.02522659301758,transformer,embedding,2
402,403,0.002120448974892497,100.0,1.0021226406097412,0.001,NaN,NaN,NaN,transformer,embedding,2
406,407,0.0020093994680792093,100.0,1.0020114183425903,0.001,NaN,NaN,NaN,transformer,embedding,2
409,410,NaN,NaN,NaN,NaN,4.058584690093994,14.044943809509277,57.89231872558594,transformer,embedding,2
410,411,0.0019050153205171227,100.0,1.0019068717956543,0.001,NaN,NaN,NaN,transformer,embedding,2
414,415,0.0018065948970615864,100.0,1.0018082857131958,0.001,NaN,NaN,NaN,transformer,embedding,2
417,418,NaN,NaN,NaN,NaN,4.073258876800537,14.10567855834961,58.748104095458984,transformer,embedding,2
418,419,0.0017138032708317041,100.0,1.0017153024673462,0.001,NaN,NaN,NaN,transformer,embedding,2
422,423,0.0016264766454696655,100.0,1.001627802848816,0.001,NaN,NaN,NaN,transformer,embedding,2
425,426,NaN,NaN,NaN,NaN,4.0876030921936035,14.166413307189941,59.59687042236328,transformer,embedding,2
426,427,0.0015438789268955588,100.0,1.0015450716018677,0.001,NaN,NaN,NaN,transformer,embedding,2
430,431,0.0014659320004284382,100.0,1.001466989517212,0.001,NaN,NaN,NaN,transformer,embedding,2
433,434,NaN,NaN,NaN,NaN,4.10206413269043,14.227148056030273,60.4649658203125,transformer,embedding,2
434,435,0.0013924133963882923,100.0,1.001393437385559,0.001,NaN,NaN,NaN,transformer,embedding,2
438,439,0.001322762225754559,100.0,1.0013235807418823,0.001,NaN,NaN,NaN,transformer,embedding,2
441,442,NaN,NaN,NaN,NaN,4.116160869598389,14.333434104919434,61.323360443115234,transformer,embedding,2
442,443,0.0012569752288982272,100.0,1.0012577772140503,0.001,NaN,NaN,NaN,transformer,embedding,2
446,447,0.0011947962921112776,100.0,1.0011955499649048,0.001,NaN,NaN,NaN,transformer,embedding,2
449,450,NaN,NaN,NaN,NaN,4.130283355712891,14.454904556274414,62.1955451965332,transformer,embedding,2
450,451,0.0011358339106664062,100.0,1.0011364221572876,0.001,NaN,NaN,NaN,transformer,embedding,2
454,455,0.001080101472325623,100.0,1.0010806322097778,0.001,NaN,NaN,NaN,transformer,embedding,2
457,458,NaN,NaN,NaN,NaN,4.144291877746582,14.53082275390625,63.07294464111328,transformer,embedding,2
458,459,0.001027297112159431,100.0,1.0010278224945068,0.001,NaN,NaN,NaN,transformer,embedding,2
462,463,0.000977350864559412,100.0,1.000977873802185,0.001,NaN,NaN,NaN,transformer,embedding,2
466,467,0.0009299940429627895,100.0,1.0009304285049438,0.001,4.159942626953125,14.561190605163574,64.0678482055664,transformer,embedding,2
470,471,0.00088514294475317,100.0,1.0008854866027832,0.001,NaN,NaN,NaN,transformer,embedding,2
474,475,0.0008425053674727678,100.0,1.000842809677124,0.001,NaN,NaN,NaN,transformer,embedding,2
475,476,NaN,NaN,NaN,NaN,4.175574779510498,14.606741905212402,65.07723236083984,transformer,embedding,2
478,479,0.0008021119865588844,100.0,1.0008023977279663,0.001,NaN,NaN,NaN,transformer,embedding,2
482,483,0.0007638148381374776,100.0,1.0007641315460205,0.001,NaN,NaN,NaN,transformer,embedding,2
484,485,NaN,NaN,NaN,NaN,4.190746307373047,14.667476654052734,66.07208251953125,transformer,embedding,2
486,487,0.00072740443283692,100.0,1.000727653503418,0.001,NaN,NaN,NaN,transformer,embedding,2
490,491,0.0006928532384335995,100.0,1.0006930828094482,0.001,NaN,NaN,NaN,transformer,embedding,2
493,494,NaN,NaN,NaN,NaN,4.205806255340576,14.682660102844238,67.07465362548828,transformer,embedding,2
494,495,0.0006601261557079852,100.0,1.0006603002548218,0.001,NaN,NaN,NaN,transformer,embedding,2
498,499,0.0006289280136115849,100.0,1.0006290674209595,0.001,NaN,NaN,NaN,transformer,embedding,2
502,503,0.0005993710365146399,100.0,1.0005995035171509,0.001,4.221004962921143,14.788946151733398,68.10189056396484,transformer,embedding,2
507,508,0.0005644355551339686,100.0,1.0005645751953125,0.001,NaN,NaN,NaN,transformer,embedding,2
512,513,0.0005317123723216355,100.0,1.0005319118499756,0.001,4.237578392028809,14.880048751831055,69.23997497558594,transformer,embedding,2
517,518,0.00050084397662431,100.0,1.0005009174346924,0.001,NaN,NaN,NaN,transformer,embedding,2
522,523,0.00047188278404064476,100.0,1.0004719495773315,0.001,4.254170894622803,14.895232200622559,70.39842224121094,transformer,embedding,2
527,528,0.00044473924208432436,100.0,1.0004448890686035,0.001,NaN,NaN,NaN,transformer,embedding,2
532,533,0.00041919227805919945,100.0,1.00041925907135,0.001,4.271005630493164,14.940783500671387,71.59359741210938,transformer,embedding,2
537,538,0.0003951527760364115,100.0,1.0003951787948608,0.001,NaN,NaN,NaN,transformer,embedding,2
542,543,0.000372604961739853,100.0,1.0003726482391357,0.001,4.287344932556152,14.971151351928711,72.77299499511719,transformer,embedding,2
547,548,0.00035141242551617324,100.0,1.0003514289855957,0.001,NaN,NaN,NaN,transformer,embedding,2
552,553,0.00033145633642561734,100.0,1.0003315210342407,0.001,4.303694248199463,15.016701698303223,73.97256469726562,transformer,embedding,2
557,558,0.00031266905716620386,100.0,1.0003126859664917,0.001,NaN,NaN,NaN,transformer,embedding,2
562,563,0.0002949960471596569,100.0,1.0002950429916382,0.001,NaN,NaN,NaN,transformer,embedding,2
563,564,NaN,NaN,NaN,NaN,4.321907997131348,15.138172149658203,75.33222198486328,transformer,embedding,2
567,568,0.00027838151436299086,100.0,1.0002784729003906,0.001,NaN,NaN,NaN,transformer,embedding,2
572,573,0.0002627260982990265,100.0,1.00026273727417,0.001,NaN,NaN,NaN,transformer,embedding,2
574,575,NaN,NaN,NaN,NaN,4.339804172515869,15.214090347290039,76.69252014160156,transformer,embedding,2
577,578,0.00024795698118396103,100.0,1.0002479553222656,0.001,NaN,NaN,NaN,transformer,embedding,2
582,583,0.00023404696548823267,100.0,1.0002341270446777,0.001,NaN,NaN,NaN,transformer,embedding,2
585,586,NaN,NaN,NaN,NaN,4.357863903045654,15.274825096130371,78.09014892578125,transformer,embedding,2
587,588,0.00022093825100455433,100.0,1.0002210140228271,0.001,NaN,NaN,NaN,transformer,embedding,2
592,593,0.00020860365475527942,100.0,1.0002086162567139,0.001,NaN,NaN,NaN,transformer,embedding,2
596,597,NaN,NaN,NaN,NaN,4.375654697418213,15.335559844970703,79.49186706542969,transformer,embedding,2
597,598,0.0001969982113223523,100.0,1.0001970529556274,0.001,NaN,NaN,NaN,transformer,embedding,2
602,603,0.00018603377975523472,100.0,1.0001860857009888,0.001,NaN,NaN,NaN,transformer,embedding,2
607,608,NaN,NaN,NaN,NaN,4.393337249755859,15.381111145019531,80.90998840332031,transformer,embedding,2
608,609,0.00017368125554639846,100.0,1.0001736879348755,0.001,NaN,NaN,NaN,transformer,embedding,2
614,615,0.0001621896808501333,100.0,1.0001622438430786,0.001,NaN,NaN,NaN,transformer,embedding,2
619,620,NaN,NaN,NaN,NaN,4.412928581237793,15.548131942749023,82.51074981689453,transformer,embedding,2
620,621,0.00015147980593610555,100.0,1.000151515007019,0.001,NaN,NaN,NaN,transformer,embedding,2
626,627,0.00014148598711472005,100.0,1.0001415014266968,0.001,NaN,NaN,NaN,transformer,embedding,2
631,632,NaN,NaN,NaN,NaN,4.432506084442139,15.654417991638184,84.14202117919922,transformer,embedding,2
632,633,0.00013217578816693276,100.0,1.0001322031021118,0.001,NaN,NaN,NaN,transformer,embedding,2
638,639,0.00012348803284112364,100.0,1.0001235008239746,0.001,NaN,NaN,NaN,transformer,embedding,2
643,644,NaN,NaN,NaN,NaN,4.451953887939453,15.669602394104004,85.7944107055664,transformer,embedding,2
644,645,0.00011538997932802886,100.0,1.0001153945922852,0.001,NaN,NaN,NaN,transformer,embedding,2
650,651,0.00010783133620861918,100.0,1.0001078844070435,0.001,NaN,NaN,NaN,transformer,embedding,2
655,656,NaN,NaN,NaN,NaN,4.471577167510986,15.669602394104004,87.4946060180664,transformer,embedding,2
656,657,0.00010076509352074936,100.0,1.0001007318496704,0.001,NaN,NaN,NaN,transformer,embedding,2
662,663,9.416922694072127e-05,100.0,1.0000941753387451,0.001,NaN,NaN,NaN,transformer,embedding,2
668,669,8.801568765193224e-05,100.0,1.0000879764556885,0.001,4.492664337158203,15.699969291687012,89.35921478271484,transformer,embedding,2
674,675,8.227051148423925e-05,100.0,1.00008225440979,0.001,NaN,NaN,NaN,transformer,embedding,2
680,681,7.691480277571827e-05,100.0,1.0000768899917603,0.001,NaN,NaN,NaN,transformer,embedding,2
681,682,NaN,NaN,NaN,NaN,4.5137619972229,15.760704040527344,91.26451110839844,transformer,embedding,2
686,687,7.192566408775747e-05,100.0,1.0000718832015991,0.001,NaN,NaN,NaN,transformer,embedding,2
692,693,6.726727588102221e-05,100.0,1.0000672340393066,0.001,NaN,NaN,NaN,transformer,embedding,2
694,695,NaN,NaN,NaN,NaN,4.535037517547607,15.851806640625,93.22701263427734,transformer,embedding,2
698,699,6.290058081503958e-05,100.0,1.0000629425048828,0.001,NaN,NaN,NaN,transformer,embedding,2
704,705,5.8812449424294755e-05,100.0,1.0000587701797485,0.001,NaN,NaN,NaN,transformer,embedding,2
707,708,NaN,NaN,NaN,NaN,4.555981636047363,15.836623191833496,95.20016479492188,transformer,embedding,2
711,712,5.4407653806265444e-05,100.0,1.0000543594360352,0.001,NaN,NaN,NaN,transformer,embedding,2
718,719,5.0327718781773e-05,100.0,1.0000503063201904,0.001,NaN,NaN,NaN,transformer,embedding,2
721,722,NaN,NaN,NaN,NaN,4.578990936279297,15.942909240722656,97.41604614257812,transformer,embedding,2
725,726,4.656342207454145e-05,100.0,1.0000466108322144,0.001,NaN,NaN,NaN,transformer,embedding,2
732,733,4.30855798185803e-05,100.0,1.0000430345535278,0.001,NaN,NaN,NaN,transformer,embedding,2
735,736,NaN,NaN,NaN,NaN,4.602017879486084,16.034011840820312,99.68526458740234,transformer,embedding,2
739,740,3.9873033529147506e-05,100.0,1.00003981590271,0.001,NaN,NaN,NaN,transformer,embedding,2
746,747,3.6892048228764907e-05,100.0,1.0000368356704712,0.001,NaN,NaN,NaN,transformer,embedding,2
749,750,NaN,NaN,NaN,NaN,4.625002861022949,16.0491943359375,102.00306701660156,transformer,embedding,2
753,754,3.41269260388799e-05,100.0,1.0000340938568115,0.001,NaN,NaN,NaN,transformer,embedding,2
760,761,3.159534026053734e-05,100.0,1.000031590461731,0.001,NaN,NaN,NaN,transformer,embedding,2
763,764,NaN,NaN,NaN,NaN,4.6478376388549805,16.094745635986328,104.35907745361328,transformer,embedding,2
767,768,2.9244727556942962e-05,100.0,1.00002920627594,0.001,NaN,NaN,NaN,transformer,embedding,2
774,775,2.70692071353551e-05,100.0,1.000027060508728,0.001,NaN,NaN,NaN,transformer,embedding,2
778,779,NaN,NaN,NaN,NaN,4.67236328125,16.12511444091797,106.9501953125,transformer,embedding,2
781,782,2.5065121008083224e-05,100.0,1.0000250339508057,0.001,NaN,NaN,NaN,transformer,embedding,2
788,789,2.3221002265927382e-05,100.0,1.0000232458114624,0.001,NaN,NaN,NaN,transformer,embedding,2
793,794,NaN,NaN,NaN,NaN,4.697126388549805,16.12511444091797,109.63168334960938,transformer,embedding,2
795,796,2.1506688426597975e-05,100.0,1.0000214576721191,0.001,NaN,NaN,NaN,transformer,embedding,2
802,803,1.992690704355482e-05,100.0,1.000019907951355,0.001,NaN,NaN,NaN,transformer,embedding,2
808,809,NaN,NaN,NaN,NaN,4.721817493438721,16.216217041015625,112.37229919433594,transformer,embedding,2
810,811,1.826364496082533e-05,100.0,1.0000182390213013,0.001,NaN,NaN,NaN,transformer,embedding,2
818,819,1.6745883840485476e-05,100.0,1.000016689300537,0.001,NaN,NaN,NaN,transformer,embedding,2
824,825,NaN,NaN,NaN,NaN,4.748195171356201,16.26176643371582,115.37586212158203,transformer,embedding,2
826,827,1.534619696030859e-05,100.0,1.000015377998352,0.001,NaN,NaN,NaN,transformer,embedding,2
834,835,1.407314084644895e-05,100.0,1.000014066696167,0.001,NaN,NaN,NaN,transformer,embedding,2
840,841,NaN,NaN,NaN,NaN,4.7744221687316895,16.231399536132812,118.44185638427734,transformer,embedding,2
842,843,1.2898432942165527e-05,100.0,1.0000128746032715,0.001,NaN,NaN,NaN,transformer,embedding,2
850,851,1.1818018720077816e-05,100.0,1.0000118017196655,0.001,NaN,NaN,NaN,transformer,embedding,2
856,857,NaN,NaN,NaN,NaN,4.8008341789245605,16.352869033813477,121.61182403564453,transformer,embedding,2
858,859,1.0810214007506147e-05,100.0,1.0000108480453491,0.001,NaN,NaN,NaN,transformer,embedding,2
866,867,9.890430192172062e-06,100.0,1.0000098943710327,0.001,NaN,NaN,NaN,transformer,embedding,2
873,874,NaN,NaN,NaN,NaN,4.828450679779053,16.352869033813477,125.01712036132812,transformer,embedding,2
874,875,9.061880518856924e-06,100.0,1.0000090599060059,0.001,NaN,NaN,NaN,transformer,embedding,2
882,883,8.2992055467912e-06,100.0,1.0000083446502686,0.001,NaN,NaN,NaN,transformer,embedding,2
890,891,7.614016794832423e-06,100.0,1.0000076293945312,0.001,4.856692790985107,16.398420333862305,128.5981903076172,transformer,embedding,2
898,899,7.0022638283262495e-06,100.0,1.0000070333480835,0.001,NaN,NaN,NaN,transformer,embedding,2
906,907,6.44276633465779e-06,100.0,1.0000064373016357,0.001,NaN,NaN,NaN,transformer,embedding,2
907,908,NaN,NaN,NaN,NaN,4.8845720291137695,16.413604736328125,132.23385620117188,transformer,embedding,2
915,916,5.8308005463914014e-06,100.0,1.000005841255188,0.001,NaN,NaN,NaN,transformer,embedding,2
924,925,5.276011961541371e-06,100.0,1.0000052452087402,0.001,NaN,NaN,NaN,transformer,embedding,2
925,926,NaN,NaN,NaN,NaN,4.914888858795166,16.459156036376953,136.3041534423828,transformer,embedding,2
933,934,4.80177232020651e-06,100.0,1.000004768371582,0.001,NaN,NaN,NaN,transformer,embedding,2
942,943,4.37750895798672e-06,100.0,1.0000044107437134,0.001,NaN,NaN,NaN,transformer,embedding,2
943,944,NaN,NaN,NaN,NaN,4.944235801696777,16.50470733642578,140.36354064941406,transformer,embedding,2
951,952,3.990427558164811e-06,100.0,1.0000039339065552,0.001,NaN,NaN,NaN,transformer,embedding,2
960,961,3.6248823107598582e-06,100.0,1.0000035762786865,0.001,NaN,NaN,NaN,transformer,embedding,2
961,962,NaN,NaN,NaN,NaN,4.973838806152344,16.55025863647461,144.58084106445312,transformer,embedding,2
969,970,3.262271548010176e-06,100.0,1.0000032186508179,0.001,NaN,NaN,NaN,transformer,embedding,2
978,979,2.9556974823208293e-06,100.0,1.0000029802322388,0.001,NaN,NaN,NaN,transformer,embedding,2
980,981,NaN,NaN,NaN,NaN,5.0050368309021,16.51988983154297,149.16258239746094,transformer,embedding,2
987,988,2.689070697670104e-06,100.0,1.0000027418136597,0.001,NaN,NaN,NaN,transformer,embedding,2
996,997,2.451897898936295e-06,100.0,1.0000025033950806,0.001,NaN,NaN,NaN,transformer,embedding,2
999,1000,NaN,NaN,NaN,NaN,5.036203861236572,16.55025863647461,153.88473510742188,transformer,embedding,2
1005,1006,2.2398085093300324e-06,100.0,1.0000022649765015,0.001,NaN,NaN,NaN,transformer,embedding,2
1015,1016,2.024045215875958e-06,100.0,1.0000020265579224,0.001,NaN,NaN,NaN,transformer,embedding,2
1018,1019,NaN,NaN,NaN,NaN,5.067393779754639,16.580625534057617,158.76002502441406,transformer,embedding,2
1025,1026,1.8104143464370281e-06,100.0,1.0000017881393433,0.001,NaN,NaN,NaN,transformer,embedding,2
1035,1036,1.6204311350520584e-06,100.0,1.0000016689300537,0.001,NaN,NaN,NaN,transformer,embedding,2
1038,1039,NaN,NaN,NaN,NaN,5.099876403808594,16.73246192932129,164.0016326904297,transformer,embedding,2
1045,1046,1.4566292065865127e-06,100.0,1.0000014305114746,0.001,NaN,NaN,NaN,transformer,embedding,2
1055,1056,1.3158415868019802e-06,100.0,1.000001311302185,0.001,NaN,NaN,NaN,transformer,embedding,2
1058,1059,NaN,NaN,NaN,NaN,5.131942272186279,16.76283073425293,169.34571838378906,transformer,embedding,2
1065,1066,1.1930218306588358e-06,100.0,1.0000011920928955,0.001,NaN,NaN,NaN,transformer,embedding,2
1075,1076,1.0770852441055467e-06,100.0,1.000001072883606,0.001,NaN,NaN,NaN,transformer,embedding,2
1079,1080,NaN,NaN,NaN,NaN,5.166280746459961,16.838748931884766,175.26177978515625,transformer,embedding,2
1085,1086,9.494725645708968e-07,100.0,1.0000009536743164,0.001,NaN,NaN,NaN,transformer,embedding,2
1095,1096,8.407146765421203e-07,100.0,1.0000008344650269,0.001,NaN,NaN,NaN,transformer,embedding,2
1100,1101,NaN,NaN,NaN,NaN,5.200616836547852,16.823564529418945,181.38409423828125,transformer,embedding,2
1105,1106,7.546542519776267e-07,100.0,1.0000007152557373,0.001,NaN,NaN,NaN,transformer,embedding,2
1116,1117,6.740623916812183e-07,100.0,1.0000007152557373,0.001,NaN,NaN,NaN,transformer,embedding,2
1121,1122,NaN,NaN,NaN,NaN,5.233623504638672,16.884300231933594,187.4708709716797,transformer,embedding,2
1127,1128,6.030351187291672e-07,100.0,1.0000005960464478,0.001,NaN,NaN,NaN,transformer,embedding,2
1138,1139,5.403900900091685e-07,100.0,1.0000005960464478,0.001,NaN,NaN,NaN,transformer,embedding,2
1143,1144,NaN,NaN,NaN,NaN,5.2679362297058105,16.97540283203125,194.01515197753906,transformer,embedding,2
1149,1150,4.847337322644307e-07,100.0,1.0000004768371582,0.001,NaN,NaN,NaN,transformer,embedding,2
1160,1161,4.333213041718409e-07,100.0,1.0000004768371582,0.001,NaN,NaN,NaN,transformer,embedding,2
1165,1166,NaN,NaN,NaN,NaN,5.301511287689209,16.990585327148438,200.63980102539062,transformer,embedding,2
1171,1172,3.869762110753072e-07,100.0,1.0000003576278687,0.001,NaN,NaN,NaN,transformer,embedding,2
1182,1183,3.4702861739788204e-07,100.0,1.0000003576278687,0.001,NaN,NaN,NaN,transformer,embedding,2
1188,1189,NaN,NaN,NaN,NaN,5.337221622467041,17.081687927246094,207.93418884277344,transformer,embedding,2
1193,1194,3.1100827868613123e-07,100.0,1.0000003576278687,0.001,NaN,NaN,NaN,transformer,embedding,2
1204,1205,2.779860892587749e-07,100.0,1.000000238418579,0.001,NaN,NaN,NaN,transformer,embedding,2
1211,1212,NaN,NaN,NaN,NaN,5.3714189529418945,17.112056732177734,215.16796875,transformer,embedding,2
1216,1217,2.4677967758179875e-07,100.0,1.000000238418579,0.001,NaN,NaN,NaN,transformer,embedding,2
1228,1229,2.1855034049167443e-07,100.0,1.000000238418579,0.001,NaN,NaN,NaN,transformer,embedding,2
1235,1236,NaN,NaN,NaN,NaN,5.403517723083496,17.2335262298584,222.18663024902344,transformer,embedding,2
1240,1241,1.9502941484006442e-07,100.0,1.000000238418579,0.001,NaN,NaN,NaN,transformer,embedding,2
1252,1253,1.7461223933423753e-07,100.0,1.0000001192092896,0.001,NaN,NaN,NaN,transformer,embedding,2
1259,1260,NaN,NaN,NaN,NaN,5.431241989135742,17.248708724975586,228.4327850341797,transformer,embedding,2
1264,1265,1.5550413934306562e-07,100.0,1.0000001192092896,0.001,NaN,NaN,NaN,transformer,embedding,2
1276,1277,1.3945754062660853e-07,100.0,1.0000001192092896,0.001,NaN,NaN,NaN,transformer,embedding,2
1284,1285,NaN,NaN,NaN,NaN,5.45513391494751,17.248708724975586,233.95619201660156,transformer,embedding,2
1288,1289,1.2545901029170636e-07,100.0,1.0000001192092896,0.001,NaN,NaN,NaN,transformer,embedding,2
1300,1301,1.1264284438539107e-07,100.0,1.0000001192092896,0.001,NaN,NaN,NaN,transformer,embedding,2
1309,1310,NaN,NaN,NaN,NaN,5.475484371185303,17.294260025024414,238.76609802246094,transformer,embedding,2
1313,1314,1.0143134687723432e-07,100.0,1.0000001192092896,0.001,NaN,NaN,NaN,transformer,embedding,2
1326,1327,9.138111067841237e-08,100.0,1.0000001192092896,0.001,NaN,NaN,NaN,transformer,embedding,2
1335,1336,NaN,NaN,NaN,NaN,5.492593765258789,17.354995727539062,242.88638305664062,transformer,embedding,2
1339,1340,8.242880511488693e-08,100.0,1.0000001192092896,0.001,NaN,NaN,NaN,transformer,embedding,2
1352,1353,7.315978933775114e-08,100.0,1.0000001192092896,0.001,NaN,NaN,NaN,transformer,embedding,2
1361,1362,NaN,NaN,NaN,NaN,5.504567623138428,17.415729522705078,245.81214904785156,transformer,embedding,2
1365,1366,6.688895126671923e-08,100.0,1.0000001192092896,0.001,NaN,NaN,NaN,transformer,embedding,2
1378,1379,6.319400824850163e-08,100.0,1.0000001192092896,0.001,NaN,NaN,NaN,transformer,embedding,2
1388,1389,NaN,NaN,NaN,NaN,5.517117977142334,17.461280822753906,248.9166259765625,transformer,embedding,2
1391,1392,5.761992838415608e-08,100.0,1.0,0.001,NaN,NaN,NaN,transformer,embedding,2
1404,1405,5.2848179166176124e-08,100.0,1.0,0.001,NaN,NaN,NaN,transformer,embedding,2
1415,1416,NaN,NaN,NaN,NaN,5.52692985534668,17.537200927734375,251.37098693847656,transformer,embedding,2
1418,1419,4.7590809515440924e-08,100.0,1.0,0.001,NaN,NaN,NaN,transformer,embedding,2
1432,1433,4.514159357427161e-08,100.0,1.0,0.001,NaN,NaN,NaN,transformer,embedding,2
1443,1444,NaN,NaN,NaN,NaN,5.539026260375977,17.506832122802734,254.4301300048828,transformer,embedding,2
1446,1447,4.144665766148137e-08,100.0,1.0,0.001,NaN,NaN,NaN,transformer,embedding,2
1460,1461,3.9314148381208724e-08,100.0,1.0,0.001,NaN,NaN,NaN,transformer,embedding,2
1471,1472,NaN,NaN,NaN,NaN,5.545595169067383,17.506832122802734,256.1069641113281,transformer,embedding,2
1474,1475,3.414123384004597e-08,100.0,1.0,0.001,NaN,NaN,NaN,transformer,embedding,2
1488,1489,0.0201184693723917,99.4332275390625,1.0203222036361694,0.001,NaN,NaN,NaN,transformer,embedding,2
1500,1501,NaN,NaN,NaN,NaN,4.290234088897705,7.789249897003174,72.98355102539062,transformer,embedding,2
1502,1503,0.3427065908908844,84.3074722290039,1.4087553024291992,0.001,NaN,NaN,NaN,transformer,embedding,2
1517,1518,0.02278190664947033,99.64576721191406,1.0230433940887451,0.001,NaN,NaN,NaN,transformer,embedding,2
1529,1530,NaN,NaN,NaN,NaN,5.1972808837890625,12.20771312713623,180.78001403808594,transformer,embedding,2
1532,1533,0.003075174055993557,100.0,1.003079891204834,0.001,NaN,NaN,NaN,transformer,embedding,2
1547,1548,0.001008575432933867,100.0,1.0010091066360474,0.001,NaN,NaN,NaN,transformer,embedding,2
1559,1560,NaN,NaN,NaN,NaN,5.508743762969971,13.073185920715332,246.84083557128906,transformer,embedding,2
1562,1563,0.0005313382716849446,100.0,1.0005314350128174,0.001,NaN,NaN,NaN,transformer,embedding,2
1577,1578,0.0003580734191928059,100.0,1.0003581047058105,0.001,NaN,NaN,NaN,transformer,embedding,2
1590,1591,NaN,NaN,NaN,NaN,5.630738735198975,13.240206718444824,278.8680419921875,transformer,embedding,2
1592,1593,0.00027080494328401983,100.0,1.0002708435058594,0.001,NaN,NaN,NaN,transformer,embedding,2
1607,1608,0.00021758419461548328,100.0,1.0002175569534302,0.001,NaN,NaN,NaN,transformer,embedding,2
1621,1622,NaN,NaN,NaN,NaN,5.697531223297119,13.361676216125488,298.1304626464844,transformer,embedding,2
1623,1624,0.00017994448717217892,100.0,1.0001800060272217,0.001,NaN,NaN,NaN,transformer,embedding,2
1639,1640,0.00015325275307986885,100.0,1.0001533031463623,0.001,NaN,NaN,NaN,transformer,embedding,2
1653,1654,NaN,NaN,NaN,NaN,5.7284040451049805,13.604616165161133,307.4781494140625,transformer,embedding,2
1655,1656,0.0001331373496213928,100.0,1.0001331567764282,0.001,NaN,NaN,NaN,transformer,embedding,2
1671,1672,0.00011707492376444861,100.0,1.0001170635223389,0.001,NaN,NaN,NaN,transformer,embedding,2
1686,1687,NaN,NaN,NaN,NaN,5.740309715270996,13.695717811584473,311.1607666015625,transformer,embedding,2
1687,1688,0.00010358585132053122,100.0,1.0001035928726196,0.001,NaN,NaN,NaN,transformer,embedding,2
1703,1704,9.193395817419514e-05,100.0,1.0000919103622437,0.001,NaN,NaN,NaN,transformer,embedding,2
1719,1720,NaN,NaN,NaN,NaN,5.747402667999268,13.832371711730957,313.37567138671875,transformer,embedding,2
1720,1721,8.108579640975222e-05,100.0,1.0000810623168945,0.001,NaN,NaN,NaN,transformer,embedding,2
1737,1738,7.151871977839619e-05,100.0,1.0000715255737305,0.001,NaN,NaN,NaN,transformer,embedding,2
1753,1754,NaN,NaN,NaN,NaN,5.753658771514893,14.120862007141113,315.3423156738281,transformer,embedding,2
1754,1755,6.303429836407304e-05,100.0,1.0000630617141724,0.001,NaN,NaN,NaN,transformer,embedding,2
1771,1772,5.548824992729351e-05,100.0,1.0000554323196411,0.001,NaN,NaN,NaN,transformer,embedding,2
1788,1789,4.8732952564023435e-05,100.0,1.0000487565994263,0.001,5.7602643966674805,14.272699356079102,317.4322509765625,transformer,embedding,2
1805,1806,4.272706792107783e-05,100.0,1.0000426769256592,0.001,NaN,NaN,NaN,transformer,embedding,2
1823,1824,3.712178659043275e-05,100.0,1.0000370740890503,0.001,5.767419338226318,14.42453670501709,319.71160888671875,transformer,embedding,2
1841,1842,3.219336940674111e-05,100.0,1.0000321865081787,0.001,NaN,NaN,NaN,transformer,embedding,2
1859,1860,2.786702498269733e-05,100.0,1.0000278949737549,0.001,5.775244235992432,14.576374053955078,322.2231140136719,transformer,embedding,2
1877,1878,2.409818443993572e-05,100.0,1.0000240802764893,0.001,NaN,NaN,NaN,transformer,embedding,2
1895,1896,2.0818091797991656e-05,100.0,1.0000208616256714,0.001,NaN,NaN,NaN,transformer,embedding,2
1896,1897,NaN,NaN,NaN,NaN,5.783942699432373,14.819314002990723,325.0382080078125,transformer,embedding,2
1913,1914,1.7966798623092473e-05,100.0,1.0000180006027222,0.001,NaN,NaN,NaN,transformer,embedding,2
1932,1933,1.535781120765023e-05,100.0,1.000015377998352,0.001,NaN,NaN,NaN,transformer,embedding,2
1933,1934,NaN,NaN,NaN,NaN,5.792779922485352,15.092620849609375,327.9233703613281,transformer,embedding,2
1951,1952,1.3096157999825664e-05,100.0,1.0000131130218506,0.001,NaN,NaN,NaN,transformer,embedding,2
1970,1971,1.1155111678817775e-05,100.0,1.0000112056732178,0.001,NaN,NaN,NaN,transformer,embedding,2
1971,1972,NaN,NaN,NaN,NaN,5.803401470184326,15.335559844970703,331.42498779296875,transformer,embedding,2
1989,1990,9.510583367955405e-06,100.0,1.000009536743164,0.001,NaN,NaN,NaN,transformer,embedding,2
2008,2009,8.119624908431433e-06,100.0,1.0000081062316895,0.001,NaN,NaN,NaN,transformer,embedding,2
2010,2011,NaN,NaN,NaN,NaN,5.814602375030518,15.441845893859863,335.1581115722656,transformer,embedding,2
2028,2029,6.889464657433564e-06,100.0,1.000006914138794,0.001,NaN,NaN,NaN,transformer,embedding,2
2048,2049,5.855486051586922e-06,100.0,1.000005841255188,0.001,NaN,NaN,NaN,transformer,embedding,2
2050,2051,NaN,NaN,NaN,NaN,5.824233531951904,15.548131942749023,338.40167236328125,transformer,embedding,2
2068,2069,4.979668574378593e-06,100.0,1.0000050067901611,0.001,NaN,NaN,NaN,transformer,embedding,2
2088,2089,4.23320989284548e-06,100.0,1.0000042915344238,0.001,NaN,NaN,NaN,transformer,embedding,2
2090,2091,NaN,NaN,NaN,NaN,5.83238410949707,15.715153694152832,341.1711120605469,transformer,embedding,2
2108,2109,3.6036381061421707e-06,100.0,1.0000035762786865,0.001,NaN,NaN,NaN,transformer,embedding,2
2129,2130,3.048280177608831e-06,100.0,1.0000030994415283,0.001,NaN,NaN,NaN,transformer,embedding,2
2131,2132,NaN,NaN,NaN,NaN,5.839993953704834,15.882174491882324,343.7772521972656,transformer,embedding,2
2150,2151,2.5775038920983206e-06,100.0,1.0000026226043701,0.001,NaN,NaN,NaN,transformer,embedding,2
2171,2172,2.184721779485699e-06,100.0,1.000002145767212,0.001,NaN,NaN,NaN,transformer,embedding,2
2173,2174,NaN,NaN,NaN,NaN,5.847280025482178,16.018827438354492,346.29119873046875,transformer,embedding,2
2192,2193,1.8525574887462426e-06,100.0,1.0000019073486328,0.001,NaN,NaN,NaN,transformer,embedding,2
2213,2214,1.569947585267073e-06,100.0,1.0000015497207642,0.001,NaN,NaN,NaN,transformer,embedding,2
2216,2217,NaN,NaN,NaN,NaN,5.855874538421631,16.06437873840332,349.28021240234375,transformer,embedding,2
2235,2236,1.3212467138146167e-06,100.0,1.000001311302185,0.001,NaN,NaN,NaN,transformer,embedding,2
2257,2258,1.1114586868643528e-06,100.0,1.000001072883606,0.001,NaN,NaN,NaN,transformer,embedding,2
2260,2261,NaN,NaN,NaN,NaN,5.865983486175537,16.29213523864746,352.8289794921875,transformer,embedding,2
2279,2280,9.373531497658405e-07,100.0,1.0000009536743164,0.001,NaN,NaN,NaN,transformer,embedding,2
2301,2302,7.874652965256246e-07,100.0,1.0000008344650269,0.001,NaN,NaN,NaN,transformer,embedding,2
2305,2306,NaN,NaN,NaN,NaN,5.877223968505859,16.47433853149414,356.81732177734375,transformer,embedding,2
2324,2325,6.580158355973253e-07,100.0,1.0000007152557373,0.001,NaN,NaN,NaN,transformer,embedding,2
2347,2348,5.500602355823503e-07,100.0,1.0000005960464478,0.001,NaN,NaN,NaN,transformer,embedding,2
2351,2352,NaN,NaN,NaN,NaN,5.889683723449707,16.626176834106445,361.2909851074219,transformer,embedding,2
2370,2371,4.5832018713554135e-07,100.0,1.0000004768371582,0.001,NaN,NaN,NaN,transformer,embedding,2
2393,2394,3.821411098670069e-07,100.0,1.0000003576278687,0.001,NaN,NaN,NaN,transformer,embedding,2
2398,2399,NaN,NaN,NaN,NaN,5.903021812438965,16.656543731689453,366.1422119140625,transformer,embedding,2
2416,2417,3.196649913661531e-07,100.0,1.0000003576278687,0.001,NaN,NaN,NaN,transformer,embedding,2
2440,2441,2.65191033577139e-07,100.0,1.000000238418579,0.001,NaN,NaN,NaN,transformer,embedding,2
2445,2446,NaN,NaN,NaN,NaN,5.91776704788208,16.884300231933594,371.5810546875,transformer,embedding,2
2464,2465,2.1831809249306389e-07,100.0,1.000000238418579,0.001,NaN,NaN,NaN,transformer,embedding,2
2488,2489,1.8012298141911742e-07,100.0,1.000000238418579,0.001,NaN,NaN,NaN,transformer,embedding,2
2493,2494,NaN,NaN,NaN,NaN,5.931747913360596,17.096872329711914,376.81256103515625,transformer,embedding,2
2512,2513,1.4984560436914762e-07,100.0,1.0000001192092896,0.001,NaN,NaN,NaN,transformer,embedding,2
2537,2538,1.2307313568271638e-07,100.0,1.0000001192092896,0.001,NaN,NaN,NaN,transformer,embedding,2
2542,2543,NaN,NaN,NaN,NaN,5.941407203674316,17.279077529907227,380.4699401855469,transformer,embedding,2
2562,2563,1.0208587752913445e-07,100.0,1.0000001192092896,0.001,NaN,NaN,NaN,transformer,embedding,2
2587,2588,8.485690727866313e-08,100.0,1.0000001192092896,0.001,NaN,NaN,NaN,transformer,embedding,2
2592,2593,NaN,NaN,NaN,NaN,5.9423956871032715,17.40054702758789,380.8462219238281,transformer,embedding,2
2612,2613,7.090059739311982e-08,100.0,1.0000001192092896,0.001,NaN,NaN,NaN,transformer,embedding,2
2638,2639,5.981577544389438e-08,100.0,1.0000001192092896,0.001,NaN,NaN,NaN,transformer,embedding,2
2643,2644,NaN,NaN,NaN,NaN,5.9264655113220215,17.506832122802734,374.8273620605469,transformer,embedding,2
2664,2665,5.134909031312418e-08,100.0,1.0,0.001,NaN,NaN,NaN,transformer,embedding,2
2690,2691,4.4107011376581795e-08,100.0,1.0,0.001,NaN,NaN,NaN,transformer,embedding,2
2695,2696,NaN,NaN,NaN,NaN,5.897788047790527,17.58275032043457,364.2309265136719,transformer,embedding,2
2716,2717,3.9335262158601836e-08,100.0,1.0,0.001,NaN,NaN,NaN,transformer,embedding,2
2743,2744,3.504913337337712e-08,100.0,1.0,0.001,NaN,NaN,NaN,transformer,embedding,2
2748,2749,NaN,NaN,NaN,NaN,5.860738754272461,17.689037322998047,350.98333740234375,transformer,embedding,2
2770,2771,3.1818700563235325e-08,100.0,1.0,0.001,NaN,NaN,NaN,transformer,embedding,2
2797,2798,2.698361001307603e-08,100.0,1.0,0.001,NaN,NaN,NaN,transformer,embedding,2
2802,2803,NaN,NaN,NaN,NaN,5.816961765289307,17.84087371826172,335.9497985839844,transformer,embedding,2
2824,2825,2.0163808400752714e-08,100.0,1.0,0.001,NaN,NaN,NaN,transformer,embedding,2
2852,2853,2.905277440845566e-08,100.0,1.0,0.001,NaN,NaN,NaN,transformer,embedding,2
2858,2859,NaN,NaN,NaN,NaN,5.766668796539307,17.901609420776367,319.47174072265625,transformer,embedding,2
2880,2881,2.5146697169020626e-08,100.0,1.0,0.001,NaN,NaN,NaN,transformer,embedding,2
2908,2909,1.5877679615527995e-08,100.0,1.0,0.001,NaN,NaN,NaN,transformer,embedding,2
2915,2916,NaN,NaN,NaN,NaN,5.713805675506592,17.81050682067871,303.0220947265625,transformer,embedding,2
2937,2938,4.42970353731198e-08,100.0,1.0,0.001,NaN,NaN,NaN,transformer,embedding,2
2966,2967,2.7680369996119225e-08,100.0,1.0,0.001,NaN,NaN,NaN,transformer,embedding,2
2973,2974,NaN,NaN,NaN,NaN,5.662095546722412,17.886425018310547,287.7510070800781,transformer,embedding,2
2995,2996,2.3267556770179e-08,100.0,1.0,0.001,NaN,NaN,NaN,transformer,embedding,2
3024,3025,3.6147056903246266e-08,100.0,1.0,0.001,NaN,NaN,NaN,transformer,embedding,2
3032,3033,NaN,NaN,NaN,NaN,5.6245598793029785,17.87124252319336,277.1502685546875,transformer,embedding,2
3054,3055,1.2309423702561162e-08,100.0,1.0,0.001,NaN,NaN,NaN,transformer,embedding,2
3084,3085,2.6096824257137996e-08,100.0,1.0,0.001,NaN,NaN,NaN,transformer,embedding,2
3092,3093,NaN,NaN,NaN,NaN,5.571384906768799,17.84087371826172,262.79779052734375,transformer,embedding,2
3114,3115,2.1937378136271946e-08,100.0,1.0,0.001,NaN,NaN,NaN,transformer,embedding,2
3145,3146,1.851692132959215e-08,100.0,1.0,0.001,NaN,NaN,NaN,transformer,embedding,2
3153,3154,NaN,NaN,NaN,NaN,5.5857038497924805,18.03826332092285,266.5878601074219,transformer,embedding,2
3176,3177,2.18529230266995e-08,100.0,1.0,0.001,NaN,NaN,NaN,transformer,embedding,2
3207,3208,3.114305613394208e-08,100.0,1.0,0.001,NaN,NaN,NaN,transformer,embedding,2
3216,3217,NaN,NaN,NaN,NaN,5.512681484222412,17.84087371826172,247.8147430419922,transformer,embedding,2
3239,3240,2.3394239434537667e-08,100.0,1.0,0.001,NaN,NaN,NaN,transformer,embedding,2
3271,3272,1.4653070756764919e-08,100.0,1.0,0.001,NaN,NaN,NaN,transformer,embedding,2
3280,3281,NaN,NaN,NaN,NaN,5.606225490570068,17.59793472290039,272.1152038574219,transformer,embedding,2
3303,3304,0.002424185862764716,100.0,1.002427101135254,0.001,NaN,NaN,NaN,transformer,embedding,2
3336,3337,0.00011288691166555509,100.0,1.0001128911972046,0.001,NaN,NaN,NaN,transformer,embedding,2
3345,3346,NaN,NaN,NaN,NaN,6.289037227630615,13.923474311828613,538.634521484375,transformer,embedding,2
3369,3370,4.1528415749780834e-05,100.0,1.0000414848327637,0.001,NaN,NaN,NaN,transformer,embedding,2
3402,3403,2.0987123207305558e-05,100.0,1.000020980834961,0.001,NaN,NaN,NaN,transformer,embedding,2
3411,3412,NaN,NaN,NaN,NaN,6.594655513763428,14.287883758544922,731.1769409179688,transformer,embedding,2
3436,3437,1.1569200978556182e-05,100.0,1.0000115633010864,0.001,NaN,NaN,NaN,transformer,embedding,2
3470,3471,8.67871040099999e-06,100.0,1.0000087022781372,0.001,NaN,NaN,NaN,transformer,embedding,2
3479,3480,NaN,NaN,NaN,NaN,6.706178188323975,14.591557502746582,817.4405517578125,transformer,embedding,2
3504,3505,6.798322374379495e-06,100.0,1.0000067949295044,0.001,NaN,NaN,NaN,transformer,embedding,2
3539,3540,5.300517386785941e-06,100.0,1.0000052452087402,0.001,NaN,NaN,NaN,transformer,embedding,2
3548,3549,NaN,NaN,NaN,NaN,6.714189529418945,14.95596694946289,824.0156860351562,transformer,embedding,2
3574,3575,4.113809609407326e-06,100.0,1.0000041723251343,0.001,NaN,NaN,NaN,transformer,embedding,2
3609,3610,3.180155090376502e-06,100.0,1.0000032186508179,0.001,NaN,NaN,NaN,transformer,embedding,2
3618,3619,NaN,NaN,NaN,NaN,6.718313694000244,15.183723449707031,827.4210205078125,transformer,embedding,2
3645,3646,2.42733085542568e-06,100.0,1.000002384185791,0.001,NaN,NaN,NaN,transformer,embedding,2
3681,3682,1.846091436163988e-06,100.0,1.0000017881393433,0.001,NaN,NaN,NaN,transformer,embedding,2
3690,3691,NaN,NaN,NaN,NaN,6.721051216125488,15.624051094055176,829.689208984375,transformer,embedding,2
3717,3718,1.397718847329088e-06,100.0,1.0000014305114746,0.001,NaN,NaN,NaN,transformer,embedding,2
3754,3755,1.046827719619614e-06,100.0,1.000001072883606,0.001,NaN,NaN,NaN,transformer,embedding,2
3763,3764,NaN,NaN,NaN,NaN,6.723803997039795,15.897357940673828,831.976318359375,transformer,embedding,2
3791,3792,7.822497423148889e-07,100.0,1.0000008344650269,0.001,NaN,NaN,NaN,transformer,embedding,2
3828,3829,5.833356340190221e-07,100.0,1.0000005960464478,0.001,NaN,NaN,NaN,transformer,embedding,2
3838,3839,NaN,NaN,NaN,NaN,6.725424289703369,16.140296936035156,833.3255004882812,transformer,embedding,2
3866,3867,4.2846505721172434e-07,100.0,1.0000004768371582,0.001,NaN,NaN,NaN,transformer,embedding,2
3904,3905,3.138586350814876e-07,100.0,1.0000003576278687,0.001,NaN,NaN,NaN,transformer,embedding,2
3914,3915,NaN,NaN,NaN,NaN,6.725175380706787,16.428789138793945,833.1181030273438,transformer,embedding,2
3943,3944,2.2819939715645887e-07,100.0,1.000000238418579,0.001,NaN,NaN,NaN,transformer,embedding,2
3982,3983,1.649209480092395e-07,100.0,1.0000001192092896,0.001,NaN,NaN,NaN,transformer,embedding,2
3992,3993,NaN,NaN,NaN,NaN,6.7197065353393555,16.70209503173828,828.5743408203125,transformer,embedding,2
4021,4022,1.195893304384299e-07,100.0,1.0000001192092896,0.001,NaN,NaN,NaN,transformer,embedding,2
4061,4062,8.92274911734603e-08,100.0,1.0000001192092896,0.001,NaN,NaN,NaN,transformer,embedding,2
4071,4072,NaN,NaN,NaN,NaN,6.67666482925415,16.96021842956543,793.6676635742188,transformer,embedding,2
4101,4102,6.726899925979524e-08,100.0,1.0000001192092896,0.001,NaN,NaN,NaN,transformer,embedding,2
4142,4143,5.329157204414514e-08,100.0,1.0,0.001,NaN,NaN,NaN,transformer,embedding,2
4152,4153,NaN,NaN,NaN,NaN,6.562376499176025,17.15760612487793,707.9521484375,transformer,embedding,2
4183,4184,4.4085894046475005e-08,100.0,1.0,0.001,NaN,NaN,NaN,transformer,embedding,2
4224,4225,3.817399729655335e-08,100.0,1.0,0.001,NaN,NaN,NaN,transformer,embedding,2
4235,4236,NaN,NaN,NaN,NaN,6.368070125579834,17.552383422851562,582.9317626953125,transformer,embedding,2
4266,4267,3.46057404954081e-08,100.0,1.0,0.001,NaN,NaN,NaN,transformer,embedding,2
4308,4309,3.2958855200604376e-08,100.0,1.0,0.001,NaN,NaN,NaN,transformer,embedding,2
4319,4320,NaN,NaN,NaN,NaN,6.11472749710083,17.84087371826172,452.47271728515625,transformer,embedding,2
4351,4352,3.1354193907873196e-08,100.0,1.0,0.001,NaN,NaN,NaN,transformer,embedding,2
4394,4395,3.042518059714894e-08,100.0,1.0,0.001,NaN,NaN,NaN,transformer,embedding,2
4405,4406,NaN,NaN,NaN,NaN,5.854991912841797,18.144548416137695,348.9720764160156,transformer,embedding,2
4437,4438,2.8778293525988374e-08,100.0,1.0,0.001,NaN,NaN,NaN,transformer,embedding,2
4481,4482,4.3790301162971446e-08,100.0,1.0,0.001,NaN,NaN,NaN,transformer,embedding,2
4493,4494,NaN,NaN,NaN,NaN,5.647768020629883,18.4937744140625,283.65765380859375,transformer,embedding,2
4525,4526,2.6772470462788078e-08,100.0,1.0,0.001,NaN,NaN,NaN,transformer,embedding,2
4570,4571,1.8875859097988723e-08,100.0,1.0,0.001,NaN,NaN,NaN,transformer,embedding,2
4582,4583,NaN,NaN,NaN,NaN,5.509403705596924,18.524141311645508,247.00379943847656,transformer,embedding,2
4615,4616,1.2837272578281045e-08,100.0,1.0,0.001,NaN,NaN,NaN,transformer,embedding,2
4661,4662,2.1008366601904527e-08,100.0,1.0,0.001,NaN,NaN,NaN,transformer,embedding,2
4673,4674,NaN,NaN,NaN,NaN,5.4297614097595215,18.630428314208984,228.09481811523438,transformer,embedding,2
4707,4708,3.507024715077023e-08,100.0,1.0,0.001,NaN,NaN,NaN,transformer,embedding,2
4754,4755,2.1620669699018435e-08,100.0,1.0,0.001,NaN,NaN,NaN,transformer,embedding,2
4766,4767,NaN,NaN,NaN,NaN,5.3577704429626465,18.736713409423828,212.25119018554688,transformer,embedding,2
4801,4802,5.4980688446448767e-08,100.0,1.0,0.001,NaN,NaN,NaN,transformer,embedding,2
4849,4850,3.975754125917774e-08,100.0,1.0,0.001,NaN,NaN,NaN,transformer,embedding,2
4861,4862,NaN,NaN,NaN,NaN,5.36684513092041,18.75189781188965,214.18606567382812,transformer,embedding,2
4897,4898,7.453219375008757e-09,100.0,1.0,0.001,NaN,NaN,NaN,transformer,embedding,2
4945,4946,3.859627639712926e-08,100.0,1.0,0.001,NaN,NaN,NaN,transformer,embedding,2
4958,4959,NaN,NaN,NaN,NaN,5.305182933807373,18.691162109375,201.37783813476562,transformer,embedding,2
4994,4995,5.029339433804125e-08,100.0,1.0,0.001,NaN,NaN,NaN,transformer,embedding,2
5043,5044,1.1127043286762728e-08,100.0,1.0,0.001,NaN,NaN,NaN,transformer,embedding,2
5057,5058,NaN,NaN,NaN,NaN,5.294158935546875,18.630428314208984,199.1700439453125,transformer,embedding,2
5093,5094,2.250745367859963e-08,100.0,1.0,0.001,NaN,NaN,NaN,transformer,embedding,2
5143,5144,4.275571896528163e-08,100.0,1.0,0.001,NaN,NaN,NaN,transformer,embedding,2
5158,5159,NaN,NaN,NaN,NaN,5.282230854034424,18.675979614257812,196.80844116210938,transformer,embedding,2
5194,5195,4.832979882962718e-08,100.0,1.0,0.001,NaN,NaN,NaN,transformer,embedding,2
5245,5246,3.0066242828752365e-08,100.0,1.0,0.001,NaN,NaN,NaN,transformer,embedding,2
5261,5262,NaN,NaN,NaN,NaN,5.242390155792236,18.75189781188965,189.12159729003906,transformer,embedding,2
5297,5298,3.015070149103849e-08,100.0,1.0,0.001,NaN,NaN,NaN,transformer,embedding,2
5349,5350,3.950417237774673e-08,100.0,1.0,0.001,NaN,NaN,NaN,transformer,embedding,2
5366,5367,NaN,NaN,NaN,NaN,5.243218898773193,18.75189781188965,189.2783966064453,transformer,embedding,2
5402,5403,2.7194747787007145e-08,100.0,1.0,0.001,NaN,NaN,NaN,transformer,embedding,2
5456,5457,4.638731354589254e-08,100.0,1.0,0.001,NaN,NaN,NaN,transformer,embedding,2
5473,5474,NaN,NaN,NaN,NaN,5.211282730102539,18.827816009521484,183.32907104492188,transformer,embedding,2
5510,5511,2.856715397570042e-08,100.0,1.0,0.001,NaN,NaN,NaN,transformer,embedding,2
5565,5566,2.3710949648148016e-08,100.0,1.0,0.001,NaN,NaN,NaN,transformer,embedding,2
5582,5583,NaN,NaN,NaN,NaN,5.196684837341309,18.75189781188965,180.6722869873047,transformer,embedding,2
5620,5621,4.100326478351235e-08,100.0,1.0,0.001,NaN,NaN,NaN,transformer,embedding,2
5676,5677,1.752456668668856e-08,100.0,1.0,0.001,NaN,NaN,NaN,transformer,embedding,2
5693,5694,NaN,NaN,NaN,NaN,5.1703386306762695,18.782264709472656,175.9744110107422,transformer,embedding,2
5732,5733,4.381141494036456e-08,100.0,1.0,0.001,NaN,NaN,NaN,transformer,embedding,2
5789,5790,4.305131540149887e-08,100.0,1.0,0.001,NaN,NaN,NaN,transformer,embedding,2
5806,5807,NaN,NaN,NaN,NaN,5.163824558258057,18.70634651184082,174.8318328857422,transformer,embedding,2
5846,5847,2.9390598399459122e-08,100.0,1.0,0.001,NaN,NaN,NaN,transformer,embedding,2
5904,5905,4.317799806585754e-08,100.0,1.0,0.001,NaN,NaN,NaN,transformer,embedding,2
5922,5923,NaN,NaN,NaN,NaN,5.134013652801514,18.75189781188965,169.6968536376953,transformer,embedding,2
5963,5964,2.0712771942044128e-08,100.0,1.0,0.001,NaN,NaN,NaN,transformer,embedding,2
6022,6023,1.323843701328542e-08,100.0,1.0,0.001,NaN,NaN,NaN,transformer,embedding,2
6040,6041,NaN,NaN,NaN,NaN,5.134702205657959,18.72153091430664,169.81373596191406,transformer,embedding,2
6082,6083,4.3431363394574873e-08,100.0,1.0,0.001,NaN,NaN,NaN,transformer,embedding,2
6142,6143,3.498579204119778e-08,100.0,1.0,0.001,NaN,NaN,NaN,transformer,embedding,2
6160,6161,NaN,NaN,NaN,NaN,5.11581563949585,18.72153091430664,166.6366424560547,transformer,embedding,2
6203,6204,1.8728060879880104e-08,100.0,1.0,0.001,NaN,NaN,NaN,transformer,embedding,2
6265,6266,2.2718593228887585e-08,100.0,1.0,0.001,NaN,NaN,NaN,transformer,embedding,2
6283,6284,NaN,NaN,NaN,NaN,5.072294235229492,18.72153091430664,159.53993225097656,transformer,embedding,2
6327,6328,2.645576024917773e-08,100.0,1.0,0.001,NaN,NaN,NaN,transformer,embedding,2
6390,6391,2.362649276221873e-08,100.0,1.0,0.001,NaN,NaN,NaN,transformer,embedding,2
6408,6409,NaN,NaN,NaN,NaN,5.047711372375488,18.660795211791992,155.66580200195312,transformer,embedding,2
6453,6454,3.6949387549611856e-08,100.0,1.0,0.001,NaN,NaN,NaN,transformer,embedding,2
6517,6518,3.5323616032201244e-08,100.0,1.0,0.001,NaN,NaN,NaN,transformer,embedding,2
6536,6537,NaN,NaN,NaN,NaN,5.055517673492432,18.812633514404297,156.88572692871094,transformer,embedding,2
6582,6583,1.9551505303638805e-08,100.0,1.0,0.001,NaN,NaN,NaN,transformer,embedding,2
6647,6648,2.949616728642468e-08,100.0,1.0,0.001,NaN,NaN,NaN,transformer,embedding,2
6666,6667,NaN,NaN,NaN,NaN,5.049450874328613,18.812633514404297,155.9368133544922,transformer,embedding,2
6713,6714,2.5759000266134535e-08,100.0,1.0,0.001,NaN,NaN,NaN,transformer,embedding,2
6780,6781,1.9973782627857872e-08,100.0,1.0,0.001,NaN,NaN,NaN,transformer,embedding,2
6799,6800,NaN,NaN,NaN,NaN,5.02768611907959,18.75189781188965,152.57955932617188,transformer,embedding,2
6847,6848,2.873606597120215e-08,100.0,1.0,0.001,NaN,NaN,NaN,transformer,embedding,2
6915,6916,2.0691656388294177e-08,100.0,1.0,0.001,NaN,NaN,NaN,transformer,embedding,2
6934,6935,NaN,NaN,NaN,NaN,5.014909744262695,18.93410301208496,150.64254760742188,transformer,embedding,2
6984,6985,1.8580262661771485e-08,100.0,1.0,0.001,NaN,NaN,NaN,transformer,embedding,2
7053,7054,2.9095003739598724e-08,100.0,1.0,0.001,NaN,NaN,NaN,transformer,embedding,2
7072,7073,NaN,NaN,NaN,NaN,4.992669582366943,18.736713409423828,147.32920837402344,transformer,embedding,2
7123,7124,3.0382953042362715e-08,100.0,1.0,0.001,NaN,NaN,NaN,transformer,embedding,2
7194,7195,2.744811666843816e-08,100.0,1.0,0.001,NaN,NaN,NaN,transformer,embedding,2
7213,7214,NaN,NaN,NaN,NaN,4.998754501342773,18.797449111938477,148.22842407226562,transformer,embedding,2
7265,7266,2.21485176865599e-08,100.0,1.0,0.001,NaN,NaN,NaN,transformer,embedding,2
7337,7338,4.4909338470233706e-08,100.0,1.0,0.001,NaN,NaN,NaN,transformer,embedding,2
7357,7358,NaN,NaN,NaN,NaN,4.983094692230225,18.843000411987305,145.92527770996094,transformer,embedding,2
7410,7411,1.6701122262929857e-08,100.0,1.0,0.001,NaN,NaN,NaN,transformer,embedding,2
7484,7485,3.097414236208351e-08,100.0,1.0,0.001,NaN,NaN,NaN,transformer,embedding,2
7504,7505,NaN,NaN,NaN,NaN,4.971729755401611,18.843000411987305,144.27622985839844,transformer,embedding,2
7558,7559,2.8503812643521087e-08,100.0,1.0,0.001,NaN,NaN,NaN,transformer,embedding,2
7633,7634,2.586457092945693e-08,100.0,1.0,0.001,NaN,NaN,NaN,transformer,embedding,2
7654,7655,NaN,NaN,NaN,NaN,4.956931114196777,18.97965431213379,142.1568603515625,transformer,embedding,2
7709,7710,1.6321072493497013e-08,100.0,1.0,0.001,NaN,NaN,NaN,transformer,embedding,2
7786,7787,1.7820161346548957e-08,100.0,1.0,0.001,NaN,NaN,NaN,transformer,embedding,2
7807,7808,NaN,NaN,NaN,NaN,4.9576897621154785,19.070756912231445,142.26475524902344,transformer,embedding,2
7863,7864,3.194538322759399e-08,100.0,1.0,0.001,NaN,NaN,NaN,transformer,embedding,2
7941,7942,1.881251598945255e-08,100.0,1.0,0.001,NaN,NaN,NaN,transformer,embedding,2
7963,7964,NaN,NaN,NaN,NaN,4.956692695617676,18.76708221435547,142.1229705810547,transformer,embedding,2
8020,8021,4.036984435629165e-08,100.0,1.0,0.001,NaN,NaN,NaN,transformer,embedding,2
8100,8101,2.119839237479937e-08,100.0,1.0,0.001,NaN,NaN,NaN,transformer,embedding,2
8122,8123,NaN,NaN,NaN,NaN,4.918271064758301,18.93410301208496,136.7659454345703,transformer,embedding,2
8181,8182,2.949616728642468e-08,100.0,1.0,0.001,NaN,NaN,NaN,transformer,embedding,2
8262,8263,1.5349831627986532e-08,100.0,1.0,0.001,NaN,NaN,NaN,transformer,embedding,2
8284,8285,NaN,NaN,NaN,NaN,4.9134321212768555,18.994836807250977,136.10574340820312,transformer,embedding,2
8344,8345,2.8165990428874466e-08,100.0,1.0,0.001,NaN,NaN,NaN,transformer,embedding,2
8427,8428,2.4133226972367083e-08,100.0,1.0,0.001,NaN,NaN,NaN,transformer,embedding,2
8449,8450,NaN,NaN,NaN,NaN,4.886927604675293,18.96446990966797,132.54571533203125,transformer,embedding,2
8511,8512,2.2866391446996204e-08,100.0,1.0,0.001,NaN,NaN,NaN,transformer,embedding,2
8596,8597,2.4618847405122324e-08,100.0,1.0,0.001,NaN,NaN,NaN,transformer,embedding,2
8617,8618,NaN,NaN,NaN,NaN,4.887617588043213,18.96446990966797,132.63720703125,transformer,embedding,2
8681,8682,1.228830992516805e-08,100.0,1.0,0.001,NaN,NaN,NaN,transformer,embedding,2
8767,8768,1.2942842353425021e-08,100.0,1.0,0.001,NaN,NaN,NaN,transformer,embedding,2
8789,8790,NaN,NaN,NaN,NaN,4.887274742126465,18.94928550720215,132.59173583984375,transformer,embedding,2
8854,8855,2.3689835870754905e-08,100.0,1.0,0.001,NaN,NaN,NaN,transformer,embedding,2
8942,8943,3.5978146684101375e-08,100.0,1.0,0.001,NaN,NaN,NaN,transformer,embedding,2
8964,8965,NaN,NaN,NaN,NaN,4.863702297210693,19.070756912231445,129.50277709960938,transformer,embedding,2
9031,9032,3.4352371613977084e-08,100.0,1.0,0.001,NaN,NaN,NaN,transformer,embedding,2
9121,9122,4.119328878005035e-08,100.0,1.0,0.001,NaN,NaN,NaN,transformer,embedding,2
9143,9144,NaN,NaN,NaN,NaN,4.859007358551025,19.13149070739746,128.8961944580078,transformer,embedding,2
9212,9213,3.105859747165596e-08,100.0,1.0,0.001,NaN,NaN,NaN,transformer,embedding,2
9304,9305,2.375317720293424e-08,100.0,1.0,0.001,NaN,NaN,NaN,transformer,embedding,2
9325,9326,NaN,NaN,NaN,NaN,4.860652923583984,19.14667510986328,129.1084747314453,transformer,embedding,2
9397,9398,2.1409531925087322e-08,100.0,1.0,0.001,NaN,NaN,NaN,transformer,embedding,2
9490,9491,1.6658894708143634e-08,100.0,1.0,0.001,NaN,NaN,NaN,transformer,embedding,2
9511,9512,NaN,NaN,NaN,NaN,4.859444618225098,19.13149070739746,128.9525604248047,transformer,embedding,2
9584,9585,2.3879859867292907e-08,100.0,1.0,0.001,NaN,NaN,NaN,transformer,embedding,2
9679,9680,2.5780114043527647e-08,100.0,1.0,0.001,NaN,NaN,NaN,transformer,embedding,2
9701,9702,NaN,NaN,NaN,NaN,4.851609230041504,19.419981002807617,127.94612121582031,transformer,embedding,2
9775,9776,1.0789221072116106e-08,100.0,1.0,0.001,NaN,NaN,NaN,transformer,embedding,2
9872,9873,3.0045129051359254e-08,100.0,1.0,0.001,NaN,NaN,NaN,transformer,embedding,2
9895,9896,NaN,NaN,NaN,NaN,4.839513301849365,19.313695907592773,126.4078140258789,transformer,embedding,2
9970,9971,1.896031420756117e-08,100.0,1.0,0.001,NaN,NaN,NaN,transformer,embedding,2
10069,10070,1.5075350745519245e-08,100.0,1.0,0.001,NaN,NaN,NaN,transformer,embedding,2
10092,10093,NaN,NaN,NaN,NaN,4.82755184173584,19.298511505126953,124.90480041503906,transformer,embedding,2
10169,10170,2.295084655656865e-08,100.0,1.0,0.001,NaN,NaN,NaN,transformer,embedding,2
10270,10271,3.080523214293862e-08,100.0,1.0,0.001,NaN,NaN,NaN,transformer,embedding,2
10293,10294,NaN,NaN,NaN,NaN,4.826112270355225,19.435165405273438,124.7251205444336,transformer,embedding,2
10372,10373,1.4758640531908895e-08,100.0,1.0,0.001,NaN,NaN,NaN,transformer,embedding,2
10475,10476,1.9086998648276676e-08,100.0,1.0,0.001,NaN,NaN,NaN,transformer,embedding,2
10498,10499,NaN,NaN,NaN,NaN,4.828570365905762,19.37442970275879,125.0320816040039,transformer,embedding,2
10579,10580,2.3246442992785887e-08,100.0,1.0,0.001,NaN,NaN,NaN,transformer,embedding,2
10684,10685,2.151510081205288e-08,100.0,1.0,0.001,NaN,NaN,NaN,transformer,embedding,2
10707,10708,NaN,NaN,NaN,NaN,4.815300464630127,19.3592472076416,123.38388061523438,transformer,embedding,2
10790,10791,3.046740815193516e-08,100.0,1.0,0.001,NaN,NaN,NaN,transformer,embedding,2
10897,10898,1.9825986186106093e-08,100.0,1.0,0.001,NaN,NaN,NaN,transformer,embedding,2
10921,10922,NaN,NaN,NaN,NaN,4.814427375793457,19.511083602905273,123.27619934082031,transformer,embedding,2
11005,11006,3.046740815193516e-08,100.0,1.0,0.001,NaN,NaN,NaN,transformer,embedding,2
11115,11116,1.9868213740892315e-08,100.0,1.0,0.001,NaN,NaN,NaN,transformer,embedding,2
11139,11140,NaN,NaN,NaN,NaN,4.810125827789307,19.495901107788086,122.74706268310547,transformer,embedding,2
11226,11227,1.68911480358247e-08,100.0,1.0,0.001,NaN,NaN,NaN,transformer,embedding,2
11338,11339,1.594102094770733e-08,100.0,1.0,0.001,NaN,NaN,NaN,transformer,embedding,2
11361,11362,NaN,NaN,NaN,NaN,4.808557987213135,19.450349807739258,122.55476379394531,transformer,embedding,2
11451,11452,2.618127936671044e-08,100.0,1.0,0.001,NaN,NaN,NaN,transformer,embedding,2
11565,11566,2.4154340749760195e-08,100.0,1.0,0.001,NaN,NaN,NaN,transformer,embedding,2
11588,11589,NaN,NaN,NaN,NaN,4.796757221221924,19.678104400634766,121.11702728271484,transformer,embedding,2
11680,11681,2.138841637133737e-08,100.0,1.0,0.001,NaN,NaN,NaN,transformer,embedding,2
11796,11797,2.392208742207913e-08,100.0,1.0,0.001,NaN,NaN,NaN,transformer,embedding,2
11819,11820,NaN,NaN,NaN,NaN,4.796396732330322,19.632553100585938,121.07337188720703,transformer,embedding,2
11913,11914,2.2232972796132344e-08,100.0,1.0,0.001,NaN,NaN,NaN,transformer,embedding,2
12032,12033,2.8461585088734864e-08,100.0,1.0,0.001,NaN,NaN,NaN,transformer,embedding,2
12055,12056,NaN,NaN,NaN,NaN,4.785810947418213,19.662921905517578,119.79847717285156,transformer,embedding,2
12152,12153,2.774371132829856e-08,100.0,1.0,0.001,NaN,NaN,NaN,transformer,embedding,2
12273,12274,3.716052532354297e-08,100.0,1.0,0.001,NaN,NaN,NaN,transformer,embedding,2
12296,12297,NaN,NaN,NaN,NaN,4.793137550354004,19.526268005371094,120.67941284179688,transformer,embedding,2
12395,12396,1.9108112425669788e-08,100.0,1.0,0.001,NaN,NaN,NaN,transformer,embedding,2
12518,12519,1.340734900878715e-08,100.0,1.0,0.001,NaN,NaN,NaN,transformer,embedding,2
12541,12542,NaN,NaN,NaN,NaN,4.765347957611084,19.647737503051758,117.3719482421875,transformer,embedding,2
12643,12644,2.7828166437871005e-08,100.0,1.0,0.001,NaN,NaN,NaN,transformer,embedding,2
12769,12770,2.1135049266263195e-08,100.0,1.0,0.001,NaN,NaN,NaN,transformer,embedding,2
12791,12792,NaN,NaN,NaN,NaN,4.767690181732178,19.708473205566406,117.64718627929688,transformer,embedding,2
12896,12897,2.360537898482562e-08,100.0,1.0,0.001,NaN,NaN,NaN,transformer,embedding,2
13024,13025,2.3858746089899796e-08,100.0,1.0,0.001,NaN,NaN,NaN,transformer,embedding,2
13046,13047,NaN,NaN,NaN,NaN,4.770423889160156,19.678104400634766,117.96923828125,transformer,embedding,2
13154,13155,2.9749534391498855e-08,100.0,1.0,0.001,NaN,NaN,NaN,transformer,embedding,2
13285,13286,1.4800868974873538e-08,100.0,1.0,0.001,NaN,NaN,NaN,transformer,embedding,2
13306,13307,NaN,NaN,NaN,NaN,4.751835346221924,19.632553100585938,115.79661560058594,transformer,embedding,2
13417,13418,2.1346188816551148e-08,100.0,1.0,0.001,NaN,NaN,NaN,transformer,embedding,2
13551,13552,2.6202393144103553e-08,100.0,1.0,0.001,NaN,NaN,NaN,transformer,embedding,2
13572,13573,NaN,NaN,NaN,NaN,4.7592926025390625,19.662921905517578,116.66336822509766,transformer,embedding,2
13686,13687,2.679358424018119e-08,100.0,1.0,0.001,NaN,NaN,NaN,transformer,embedding,2
13822,13823,2.4661076736265386e-08,100.0,1.0,0.001,NaN,NaN,NaN,transformer,embedding,2
13843,13844,NaN,NaN,NaN,NaN,4.759156703948975,19.708473205566406,116.64751434326172,transformer,embedding,2
13960,13961,2.231742968206163e-08,100.0,1.0,0.001,NaN,NaN,NaN,transformer,embedding,2
14099,14100,3.0868573475117955e-08,100.0,1.0,0.001,NaN,NaN,NaN,transformer,embedding,2
14119,14120,NaN,NaN,NaN,NaN,4.744614601135254,19.693288803100586,114.96349334716797,transformer,embedding,2
14239,14240,1.625773116131768e-08,100.0,1.0,0.001,NaN,NaN,NaN,transformer,embedding,2
14381,14382,2.4154340749760195e-08,100.0,1.0,0.001,NaN,NaN,NaN,transformer,embedding,2
14401,14402,NaN,NaN,NaN,NaN,4.748614311218262,19.647737503051758,115.42423248291016,transformer,embedding,2
14524,14525,2.9707306836712633e-08,100.0,1.0,0.001,NaN,NaN,NaN,transformer,embedding,2
14669,14670,2.075499949683035e-08,100.0,1.0,0.001,NaN,NaN,NaN,transformer,embedding,2
14689,14690,NaN,NaN,NaN,NaN,4.7395758628845215,19.60218620300293,114.38567352294922,transformer,embedding,2
14815,14816,1.784127512394207e-08,100.0,1.0,0.001,NaN,NaN,NaN,transformer,embedding,2
14963,14964,2.3330898102358333e-08,100.0,1.0,0.001,NaN,NaN,NaN,transformer,embedding,2
14982,14983,NaN,NaN,NaN,NaN,4.763521671295166,19.662921905517578,117.15779113769531,transformer,embedding,2
15112,15113,2.1113935488870084e-08,100.0,1.0,0.001,NaN,NaN,NaN,transformer,embedding,2
15263,15264,1.4378589874297631e-08,100.0,1.0,0.001,NaN,NaN,NaN,transformer,embedding,2
15281,15282,NaN,NaN,NaN,NaN,4.739283561706543,19.723655700683594,114.35224914550781,transformer,embedding,2
15415,15416,2.075499949683035e-08,100.0,1.0,0.001,NaN,NaN,NaN,transformer,embedding,2
15569,15570,2.7321432227722653e-08,100.0,1.0,0.001,NaN,NaN,NaN,transformer,embedding,2
15586,15587,NaN,NaN,NaN,NaN,4.743384838104248,19.708473205566406,114.82219696044922,transformer,embedding,2
15724,15725,2.537895049670169e-08,100.0,1.0,0.001,NaN,NaN,NaN,transformer,embedding,2
15881,15882,1.7461225354509224e-08,100.0,1.0,0.001,NaN,NaN,NaN,transformer,embedding,2
15897,15898,NaN,NaN,NaN,NaN,4.73655366897583,19.769207000732422,114.0405044555664,transformer,embedding,2
16039,16040,2.3732063425541128e-08,100.0,1.0,0.001,NaN,NaN,NaN,transformer,embedding,2
16199,16200,2.3964316753222192e-08,100.0,1.0,0.001,NaN,NaN,NaN,transformer,embedding,2
16214,16215,NaN,NaN,NaN,NaN,4.72541618347168,19.708473205566406,112.77742767333984,transformer,embedding,2
16360,16361,1.4631956979371807e-08,100.0,1.0,0.001,NaN,NaN,NaN,transformer,embedding,2
16523,16524,1.9530391526245694e-08,100.0,1.0,0.001,NaN,NaN,NaN,transformer,embedding,2
16538,16539,NaN,NaN,NaN,NaN,4.734869003295898,19.662921905517578,113.84854125976562,transformer,embedding,2
16688,16689,1.836912488784037e-08,100.0,1.0,0.001,NaN,NaN,NaN,transformer,embedding,2
16854,16855,1.9340365753350852e-08,100.0,1.0,0.001,NaN,NaN,NaN,transformer,embedding,2
16868,16869,NaN,NaN,NaN,NaN,4.725819110870361,19.58700180053711,112.8228759765625,transformer,embedding,2
17022,17023,2.5252266055986183e-08,100.0,1.0,0.001,NaN,NaN,NaN,transformer,embedding,2
17192,17193,1.9551505303638805e-08,100.0,1.0,0.001,NaN,NaN,NaN,transformer,embedding,2
17205,17206,NaN,NaN,NaN,NaN,4.72358512878418,19.647737503051758,112.57111358642578,transformer,embedding,2
17363,17364,2.6920266904539858e-08,100.0,1.0,0.001,NaN,NaN,NaN,transformer,embedding,2
17536,17537,1.7102287586112652e-08,100.0,1.0,0.001,NaN,NaN,NaN,transformer,embedding,2
17549,17550,NaN,NaN,NaN,NaN,4.727694034576416,19.647737503051758,113.03460693359375,transformer,embedding,2
17711,17712,1.7334540913793717e-08,100.0,1.0,0.001,NaN,NaN,NaN,transformer,embedding,2
17888,17889,2.2064062576987453e-08,100.0,1.0,0.001,NaN,NaN,NaN,transformer,embedding,2
17899,17900,NaN,NaN,NaN,NaN,4.7135491371154785,19.678104400634766,111.4469985961914,transformer,embedding,2
18066,18067,1.4927552527410626e-08,100.0,1.0,0.001,NaN,NaN,NaN,transformer,embedding,2
18246,18247,1.564542628784693e-08,100.0,1.0,0.001,NaN,NaN,NaN,transformer,embedding,2
18256,18257,NaN,NaN,NaN,NaN,4.729403972625732,19.82994270324707,113.22805786132812,transformer,embedding,2
18428,18429,1.788350267872829e-08,100.0,1.0,0.001,NaN,NaN,NaN,transformer,embedding,2
18612,18613,1.896031420756117e-08,100.0,1.0,0.001,NaN,NaN,NaN,transformer,embedding,2
18621,18622,NaN,NaN,NaN,NaN,4.723660469055176,19.708473205566406,112.57958984375,transformer,embedding,2
18798,18799,1.944593464031641e-08,100.0,1.0,0.001,NaN,NaN,NaN,transformer,embedding,2
18985,18986,2.1261733706978703e-08,100.0,1.0,0.001,NaN,NaN,NaN,transformer,embedding,2
18993,18994,NaN,NaN,NaN,NaN,4.7204413414001465,19.693288803100586,112.21776580810547,transformer,embedding,2
19174,19175,1.6468868935248793e-08,100.0,1.0,0.001,NaN,NaN,NaN,transformer,embedding,2
19365,19366,1.5560971178274485e-08,100.0,1.0,0.001,NaN,NaN,NaN,transformer,embedding,2
19372,19373,NaN,NaN,NaN,NaN,4.711748123168945,19.647737503051758,111.2464599609375,transformer,embedding,2
19558,19559,1.6996718699147095e-08,100.0,1.0,0.001,NaN,NaN,NaN,transformer,embedding,2
19753,19754,1.608881916581595e-08,100.0,1.0,0.001,NaN,NaN,NaN,transformer,embedding,2
19759,19760,NaN,NaN,NaN,NaN,4.715671062469482,19.693288803100586,111.68373107910156,transformer,embedding,2
19950,19951,1.6785579148859142e-08,100.0,1.0,0.001,NaN,NaN,NaN,transformer,embedding,2
20149,20150,1.211939881784474e-08,100.0,1.0,0.001,NaN,NaN,NaN,transformer,embedding,2
20154,20155,NaN,NaN,NaN,NaN,4.710829734802246,19.708473205566406,111.14434051513672,transformer,embedding,2
20350,20351,2.056497372393551e-08,100.0,1.0,0.001,NaN,NaN,NaN,transformer,embedding,2
20553,20554,1.5983248502493552e-08,100.0,1.0,0.001,NaN,NaN,NaN,transformer,embedding,2
20557,20558,NaN,NaN,NaN,NaN,4.707217216491699,19.662921905517578,110.7435531616211,transformer,embedding,2
20758,20759,1.4906438750017514e-08,100.0,1.0,0.001,NaN,NaN,NaN,transformer,embedding,2
20965,20966,1.596213472510044e-08,100.0,1.0,0.001,NaN,NaN,NaN,transformer,embedding,2
20968,20969,NaN,NaN,NaN,NaN,4.703941345214844,19.541452407836914,110.3813705444336,transformer,embedding,2
21174,21175,1.5687653842633154e-08,100.0,1.0,0.001,NaN,NaN,NaN,transformer,embedding,2
21385,21386,2.233854345945474e-08,100.0,1.0,0.001,NaN,NaN,NaN,transformer,embedding,2
21387,21388,NaN,NaN,NaN,NaN,4.698505878448486,19.678104400634766,109.78302001953125,transformer,embedding,2
21598,21599,1.5687653842633154e-08,100.0,1.0,0.001,NaN,NaN,NaN,transformer,embedding,2
21813,21814,1.625773116131768e-08,100.0,1.0,0.001,NaN,NaN,NaN,transformer,embedding,2
21814,21815,NaN,NaN,NaN,NaN,4.689886569976807,19.723655700683594,108.84083557128906,transformer,embedding,2
22031,22032,1.978375863131987e-08,100.0,1.0,0.001,NaN,NaN,NaN,transformer,embedding,2
22250,22251,NaN,NaN,NaN,NaN,4.707735538482666,19.738840103149414,110.80097198486328,transformer,embedding,2
22251,22252,1.2224968592988716e-08,100.0,1.0,0.001,NaN,NaN,NaN,transformer,embedding,2
22473,22474,2.1937378136271946e-08,100.0,1.0,0.001,NaN,NaN,NaN,transformer,embedding,2
22694,22695,NaN,NaN,NaN,NaN,4.708589553833008,19.754024505615234,110.89563751220703,transformer,embedding,2
22697,22698,2.725809089554332e-08,100.0,1.0,0.001,NaN,NaN,NaN,transformer,embedding,2
22923,22924,1.4800868974873538e-08,100.0,1.0,0.001,NaN,NaN,NaN,transformer,embedding,2
23147,23148,NaN,NaN,NaN,NaN,4.711512088775635,19.738840103149414,111.22020721435547,transformer,embedding,2
23152,23153,1.9699301745390585e-08,100.0,1.0,0.001,NaN,NaN,NaN,transformer,embedding,2
23383,23384,1.0831448626902329e-08,100.0,1.0,0.001,NaN,NaN,NaN,transformer,embedding,2
23609,23610,NaN,NaN,NaN,NaN,4.691883563995361,19.82994270324707,109.05840301513672,transformer,embedding,2
23616,23617,2.0374947951040667e-08,100.0,1.0,0.001,NaN,NaN,NaN,transformer,embedding,2
23852,23853,1.9340365753350852e-08,100.0,1.0,0.001,NaN,NaN,NaN,transformer,embedding,2
24081,24082,NaN,NaN,NaN,NaN,4.701943397521973,19.571819305419922,110.16104888916016,transformer,embedding,2
24090,24091,1.963596041321125e-08,100.0,1.0,0.001,NaN,NaN,NaN,transformer,embedding,2
24330,24331,1.7271199581614383e-08,100.0,1.0,0.001,NaN,NaN,NaN,transformer,embedding,2
24562,24563,NaN,NaN,NaN,NaN,4.6865034103393555,19.708473205566406,108.47322845458984,transformer,embedding,2
24573,24574,1.4610843201978696e-08,100.0,1.0,0.001,NaN,NaN,NaN,transformer,embedding,2
24818,24819,2.2845277669603092e-08,100.0,1.0,0.001,NaN,NaN,NaN,transformer,embedding,2
25053,25054,NaN,NaN,NaN,NaN,4.697787284851074,19.754024505615234,109.70416259765625,transformer,embedding,2
25066,25067,2.1958491913665057e-08,100.0,1.0,0.001,NaN,NaN,NaN,transformer,embedding,2
25316,25317,1.1591549942124857e-08,100.0,1.0,0.001,NaN,NaN,NaN,transformer,embedding,2
25554,25555,NaN,NaN,NaN,NaN,4.688121795654297,19.769207000732422,108.64892578125,transformer,embedding,2
25569,25570,1.8052414674230022e-08,100.0,1.0,0.001,NaN,NaN,NaN,transformer,embedding,2
25824,25825,1.3745172111612192e-08,100.0,1.0,0.001,NaN,NaN,NaN,transformer,embedding,2
26065,26066,NaN,NaN,NaN,NaN,4.70690393447876,19.723655700683594,110.70886993408203,transformer,embedding,2
26082,26083,7.81215625522691e-09,100.0,1.0,0.001,NaN,NaN,NaN,transformer,embedding,2
26342,26343,1.4695009440401918e-06,100.0,1.0000014305114746,0.001,NaN,NaN,NaN,transformer,embedding,2
26586,26587,NaN,NaN,NaN,NaN,20.151493072509766,11.311873435974121,564523776.0,transformer,embedding,2
26605,26606,1.306529924249844e-07,100.0,1.0000001192092896,0.001,NaN,NaN,NaN,transformer,embedding,2
26871,26872,1.1105929509369616e-08,100.0,1.0,0.001,NaN,NaN,NaN,transformer,embedding,2
27117,27118,NaN,NaN,NaN,NaN,17.428606033325195,12.20771312713623,37080656.0,transformer,embedding,2
27139,27140,3.4837992490821534e-09,100.0,1.0,0.001,NaN,NaN,NaN,transformer,embedding,2
27410,27411,9.41681577160125e-09,100.0,1.0,0.001,NaN,NaN,NaN,transformer,embedding,2
27659,27660,NaN,NaN,NaN,NaN,4.824877738952637,19.723655700683594,124.57123565673828,transformer,embedding,2
27684,27685,1.5223147187271024e-08,100.0,1.0,0.001,NaN,NaN,NaN,transformer,embedding,2
27960,27961,7.094282050701395e-09,100.0,1.0,0.001,NaN,NaN,NaN,transformer,embedding,2
28212,28213,NaN,NaN,NaN,NaN,20.357858657836914,11.46371078491211,693914048.0,transformer,embedding,2
28239,28240,6.266362788664992e-07,100.0,1.0000005960464478,0.001,NaN,NaN,NaN,transformer,embedding,2
28521,28522,4.898432948152731e-08,100.0,1.0,0.001,NaN,NaN,NaN,transformer,embedding,2
28776,28777,NaN,NaN,NaN,NaN,19.558929443359375,12.222896575927734,312129728.0,transformer,embedding,2
28806,28807,4.349470561493263e-09,100.0,1.0,0.001,NaN,NaN,NaN,transformer,embedding,2
29094,29095,3.800508352469478e-09,100.0,1.0,0.001,NaN,NaN,NaN,transformer,embedding,2
29351,29352,NaN,NaN,NaN,NaN,5.610877513885498,18.06863021850586,273.384033203125,transformer,embedding,2
29384,29385,1.6025477833636614e-08,100.0,1.0,0.001,NaN,NaN,NaN,transformer,embedding,2
29677,29678,1.9889327518285427e-08,100.0,1.0,0.001,NaN,NaN,NaN,transformer,embedding,2
29938,29939,NaN,NaN,NaN,NaN,4.6396636962890625,19.754024505615234,103.50952911376953,transformer,embedding,2
29973,29974,1.613104672060217e-08,100.0,1.0,0.001,NaN,NaN,NaN,transformer,embedding,2
30272,30273,5.151800319680433e-09,100.0,1.0,0.001,NaN,NaN,NaN,transformer,embedding,2
30536,30537,NaN,NaN,NaN,NaN,4.70195198059082,19.738840103149414,110.16199493408203,transformer,embedding,2
30574,30575,1.9530391526245694e-08,100.0,1.0,0.001,NaN,NaN,NaN,transformer,embedding,2
30879,30880,7.305120561795775e-07,100.0,1.0000007152557373,0.001,NaN,NaN,NaN,transformer,embedding,2
31146,31147,NaN,NaN,NaN,NaN,19.15266990661621,12.906164169311523,207921232.0,transformer,embedding,2
31187,31188,4.12777438896228e-08,100.0,1.0,0.001,NaN,NaN,NaN,transformer,embedding,2
31498,31499,3.800508352469478e-09,100.0,1.0,0.001,NaN,NaN,NaN,transformer,embedding,2
31768,31769,NaN,NaN,NaN,NaN,12.309062004089355,14.500455856323242,221695.921875,transformer,embedding,2
31812,31813,6.144154962584025e-09,100.0,1.0,0.001,NaN,NaN,NaN,transformer,embedding,2
32130,32131,1.4082995214437233e-08,100.0,1.0,0.001,NaN,NaN,NaN,transformer,embedding,2
32403,32404,NaN,NaN,NaN,NaN,18.429731369018555,11.645915985107422,100909168.0,transformer,embedding,2
32451,32452,7.71137649735465e-07,100.0,1.0000007152557373,0.001,NaN,NaN,NaN,transformer,embedding,2
32775,32776,4.0771009679474446e-08,100.0,1.0,0.001,NaN,NaN,NaN,transformer,embedding,2
33051,33052,NaN,NaN,NaN,NaN,17.59685707092285,12.177346229553223,43875080.0,transformer,embedding,2
33102,33103,5.658534529828785e-09,100.0,1.0,0.001,NaN,NaN,NaN,transformer,embedding,2
33433,33434,1.3301779233643174e-08,100.0,1.0,0.001,NaN,NaN,NaN,transformer,embedding,2
33712,33713,NaN,NaN,NaN,NaN,5.03781270980835,19.435165405273438,154.13250732421875,transformer,embedding,2
33767,33768,2.1958491913665057e-08,100.0,1.0,0.001,NaN,NaN,NaN,transformer,embedding,2
34104,34105,1.7283831255099358e-07,100.0,1.0000001192092896,0.001,NaN,NaN,NaN,transformer,embedding,2
34386,34387,NaN,NaN,NaN,NaN,19.206045150756836,13.194655418395996,219320608.0,transformer,embedding,2
34445,34446,8.149979358051951e-09,100.0,1.0,0.001,NaN,NaN,NaN,transformer,embedding,2
34789,34790,2.406988608427696e-09,100.0,1.0,0.001,NaN,NaN,NaN,transformer,embedding,2
35073,35074,NaN,NaN,NaN,NaN,6.573014736175537,17.886425018310547,715.523681640625,transformer,embedding,2
35136,35137,1.6363300048283236e-08,100.0,1.0,0.001,NaN,NaN,NaN,transformer,embedding,2
35487,35488,3.587257779713582e-08,100.0,1.0,0.001,NaN,NaN,NaN,transformer,embedding,2
35774,35775,NaN,NaN,NaN,NaN,4.600396633148193,20.543577194213867,99.5237808227539,transformer,embedding,2
35841,35842,3.369784096207695e-08,100.0,1.0,0.001,NaN,NaN,NaN,transformer,embedding,2
36199,36200,8.143643270841494e-08,100.0,1.0000001192092896,0.001,NaN,NaN,NaN,transformer,embedding,2
36489,36490,NaN,NaN,NaN,NaN,19.03519630432129,13.118736267089844,184876080.0,transformer,embedding,2
36560,36561,3.58936902422613e-09,100.0,1.0,0.001,NaN,NaN,NaN,transformer,embedding,2
36925,36926,5.236256317431298e-09,100.0,1.0,0.001,NaN,NaN,NaN,transformer,embedding,2
37218,37219,NaN,NaN,NaN,NaN,4.9262375831604,20.148799896240234,137.85984802246094,transformer,embedding,2
37294,37295,1.613104672060217e-08,100.0,1.0,0.001,NaN,NaN,NaN,transformer,embedding,2
37666,37667,1.6152160497995283e-08,100.0,1.0,0.001,NaN,NaN,NaN,transformer,embedding,2
37962,37963,NaN,NaN,NaN,NaN,5.150137901306152,19.82994270324707,172.4552764892578,transformer,embedding,2
38042,38043,1.6321072493497013e-08,100.0,1.0,0.001,NaN,NaN,NaN,transformer,embedding,2
38422,38423,2.618128158715649e-09,100.0,1.0,0.001,NaN,NaN,NaN,transformer,embedding,2
38721,38722,NaN,NaN,NaN,NaN,23.884593963623047,11.281506538391113,23601922048.0,transformer,embedding,2
38806,38807,2.2380682196398993e-07,100.0,1.000000238418579,0.001,NaN,NaN,NaN,transformer,embedding,2
39194,39195,7.854383810013132e-09,100.0,1.0,0.001,NaN,NaN,NaN,transformer,embedding,2
39495,39496,NaN,NaN,NaN,NaN,19.579614639282227,11.858488082885742,318653440.0,transformer,embedding,2
39585,39586,3.251545921401089e-09,100.0,1.0,0.001,NaN,NaN,NaN,transformer,embedding,2
39980,39981,1.5117578300305468e-08,100.0,1.0,0.001,NaN,NaN,NaN,transformer,embedding,2
40284,40285,NaN,NaN,NaN,NaN,5.298562526702881,20.04251480102539,200.04904174804688,transformer,embedding,2
40379,40380,6.509426242473637e-08,100.0,1.0000001192092896,0.001,NaN,NaN,NaN,transformer,embedding,2
40782,40783,8.010623986365317e-08,100.0,1.0000001192092896,0.001,NaN,NaN,NaN,transformer,embedding,2
41089,41090,NaN,NaN,NaN,NaN,24.595022201538086,11.706650733947754,48026664960.0,transformer,embedding,2
41189,41190,3.1037483694262846e-09,100.0,1.0,0.001,NaN,NaN,NaN,transformer,embedding,2
41600,41601,5.74299008349044e-09,100.0,1.0,0.001,NaN,NaN,NaN,transformer,embedding,2
41910,41911,NaN,NaN,NaN,NaN,4.976561546325684,19.678104400634766,144.97503662109375,transformer,embedding,2
42016,42017,2.406988608427696e-09,100.0,1.0,0.001,NaN,NaN,NaN,transformer,embedding,2
42436,42437,6.112482964226729e-08,100.0,1.0000001192092896,0.001,NaN,NaN,NaN,transformer,embedding,2
42748,42749,NaN,NaN,NaN,NaN,17.264835357666016,14.166413307189941,31479130.0,transformer,embedding,2
42860,42861,2.0691657276472597e-09,100.0,1.0,0.001,NaN,NaN,NaN,transformer,embedding,2
43288,43289,1.3259551678856951e-08,100.0,1.0,0.001,NaN,NaN,NaN,transformer,embedding,2
43602,43603,NaN,NaN,NaN,NaN,4.9309868812561035,20.331005096435547,138.51614379882812,transformer,embedding,2
43720,43721,6.161991450426285e-07,100.0,1.0000005960464478,0.001,NaN,NaN,NaN,transformer,embedding,2
44157,44158,8.361118908339904e-09,100.0,1.0,0.001,NaN,NaN,NaN,transformer,embedding,2
44474,44475,NaN,NaN,NaN,NaN,20.990604400634766,12.177346229553223,1306482688.0,transformer,embedding,2
44598,44599,3.4204574728136095e-09,100.0,1.0,0.001,NaN,NaN,NaN,transformer,embedding,2
45043,45044,1.1887145490163675e-08,100.0,1.0,0.001,NaN,NaN,NaN,transformer,embedding,2
45363,45364,NaN,NaN,NaN,NaN,19.37715721130371,12.10142707824707,260251024.0,transformer,embedding,2
45493,45494,1.210672451179562e-07,100.0,1.0000001192092896,0.001,NaN,NaN,NaN,transformer,embedding,2
45947,45948,3.5682550247884137e-09,100.0,1.0,0.001,NaN,NaN,NaN,transformer,embedding,2
46270,46271,NaN,NaN,NaN,NaN,9.41409683227539,15.077437400817871,12259.9951171875,transformer,embedding,2
46406,46407,1.3301779233643174e-08,100.0,1.0,0.001,NaN,NaN,NaN,transformer,embedding,2
46870,46871,1.0071320133420159e-07,100.0,1.0000001192092896,0.001,NaN,NaN,NaN,transformer,embedding,2
47195,47196,NaN,NaN,NaN,NaN,32.613922119140625,11.478894233703613,145897019146240.0,transformer,embedding,2
47338,47339,2.0058239513787157e-09,100.0,1.0,0.001,NaN,NaN,NaN,transformer,embedding,2
47811,47812,4.391698560368695e-09,100.0,1.0,0.001,NaN,NaN,NaN,transformer,embedding,2
48138,48139,NaN,NaN,NaN,NaN,5.128711223602295,19.19222640991211,168.7994384765625,transformer,embedding,2
48289,48290,4.0116476807128265e-10,100.0,1.0,0.001,NaN,NaN,NaN,transformer,embedding,2
48771,48772,5.920345458321208e-08,100.0,1.0,0.001,NaN,NaN,NaN,transformer,embedding,2
49100,49101,NaN,NaN,NaN,NaN,17.819517135620117,13.862739562988281,54817340.0,transformer,embedding,2
49258,49259,1.8369123999661952e-09,100.0,1.0,0.001,NaN,NaN,NaN,transformer,embedding,2
49750,49751,7.1365100495768274e-09,100.0,1.0,0.001,NaN,NaN,NaN,transformer,embedding,2
50081,50082,NaN,NaN,NaN,NaN,6.905454158782959,20.23990249633789,997.7015380859375,transformer,embedding,2
50247,50248,0.0005685312789864838,100.0,1.0005687475204468,0.001,NaN,NaN,NaN,transformer,embedding,2
50749,50750,4.053875457543654e-09,100.0,1.0,0.001,NaN,NaN,NaN,transformer,embedding,2
51082,51083,NaN,NaN,NaN,NaN,33.219810485839844,11.964774131774902,267411693502464.0,transformer,embedding,2
51256,51257,2.491444384133956e-09,100.0,1.0,0.001,NaN,NaN,NaN,transformer,embedding,2
51768,51769,1.7271199581614383e-08,100.0,1.0,0.001,NaN,NaN,NaN,transformer,embedding,2
52103,52104,NaN,NaN,NaN,NaN,7.311476230621338,14.621925354003906,1497.3861083984375,transformer,embedding,2
52285,52286,8.542675544731537e-08,100.0,1.0000001192092896,0.001,NaN,NaN,NaN,transformer,embedding,2
52807,52808,1.4568615203103263e-09,100.0,1.0,0.001,NaN,NaN,NaN,transformer,embedding,2
53145,53146,NaN,NaN,NaN,NaN,17.40696144104004,12.146978378295898,36286684.0,transformer,embedding,2
53335,53336,1.0451397969291065e-08,100.0,1.0,0.001,NaN,NaN,NaN,transformer,embedding,2
53868,53869,1.9530387973532015e-08,100.0,1.0,0.001,NaN,NaN,NaN,transformer,embedding,2
54207,54208,NaN,NaN,NaN,NaN,27.2177734375,11.934406280517578,661498429440.0,transformer,embedding,2
54406,54407,1.963595952503283e-09,100.0,1.0,0.001,NaN,NaN,NaN,transformer,embedding,2
54950,54951,8.677827345593414e-09,100.0,1.0,0.001,NaN,NaN,NaN,transformer,embedding,2
55291,55292,NaN,NaN,NaN,NaN,5.42758846282959,19.60218620300293,227.59971618652344,transformer,embedding,2
55499,55500,7.107084911694983e-07,100.0,1.0000007152557373,0.001,NaN,NaN,NaN,transformer,embedding,2
56053,56054,2.216963279622064e-09,100.0,1.0,0.001,NaN,NaN,NaN,transformer,embedding,2
56396,56397,NaN,NaN,NaN,NaN,16.15188980102539,13.437594413757324,10343717.0,transformer,embedding,2
56613,56614,1.2520563252849115e-08,100.0,1.0,0.001,NaN,NaN,NaN,transformer,embedding,2
57179,57180,0.000770041486248374,99.92915344238281,1.0007703304290771,0.001,NaN,NaN,NaN,transformer,embedding,2
57523,57524,NaN,NaN,NaN,NaN,27.117385864257812,12.78469467163086,598316613632.0,transformer,embedding,2
57750,57751,2.0058239513787157e-09,100.0,1.0,0.001,NaN,NaN,NaN,transformer,embedding,2
58327,58328,1.484309652965976e-08,100.0,1.0,0.001,NaN,NaN,NaN,transformer,embedding,2
58673,58674,NaN,NaN,NaN,NaN,6.628341197967529,19.495901107788086,756.2266845703125,transformer,embedding,2
58910,58911,4.222787050589538e-11,100.0,1.0,0.001,NaN,NaN,NaN,transformer,embedding,2
59499,59500,3.515465962777853e-08,100.0,1.0,0.001,NaN,NaN,NaN,transformer,embedding,2
59846,59847,NaN,NaN,NaN,NaN,34.467132568359375,12.465836524963379,930862354923520.0,transformer,embedding,2
60093,60094,1.0556967522390437e-09,100.0,1.0,0.001,NaN,NaN,NaN,transformer,embedding,2
60693,60694,2.111393525294769e-11,100.0,1.0,0.001,NaN,NaN,NaN,transformer,embedding,2
61042,61043,NaN,NaN,NaN,NaN,35.124664306640625,12.875797271728516,1796585491005440.0,transformer,embedding,2
61299,61300,5.447394979540832e-09,100.0,1.0,0.001,NaN,NaN,NaN,transformer,embedding,2
61911,61912,5.405167424754609e-09,100.0,1.0,0.001,NaN,NaN,NaN,transformer,embedding,2
62262,62263,NaN,NaN,NaN,NaN,5.202645301818848,19.34406280517578,181.7523956298828,transformer,embedding,2
62530,62531,3.743496534980295e-08,100.0,1.0,0.001,NaN,NaN,NaN,transformer,embedding,2
63155,63156,1.7524566242599349e-09,100.0,1.0,0.001,NaN,NaN,NaN,transformer,embedding,2
63507,63508,NaN,NaN,NaN,NaN,6.711757659912109,16.793197631835938,822.0142211914062,transformer,embedding,2
63786,63787,5.49415915429563e-07,100.0,1.0000005960464478,0.001,NaN,NaN,NaN,transformer,embedding,2
64423,64424,9.501270881173696e-10,100.0,1.0,0.001,NaN,NaN,NaN,transformer,embedding,2
64777,64778,NaN,NaN,NaN,NaN,13.34666919708252,13.270573616027832,625726.8125,transformer,embedding,2
65067,65068,3.1037483694262846e-09,100.0,1.0,0.001,NaN,NaN,NaN,transformer,embedding,2
65717,65718,1.1823804157984341e-09,100.0,1.0,0.001,NaN,NaN,NaN,transformer,embedding,2
66072,66073,NaN,NaN,NaN,NaN,25.52178955078125,13.179471969604492,121331163136.0,transformer,embedding,2
66374,66375,1.752456668668856e-08,100.0,1.0,0.001,NaN,NaN,NaN,transformer,embedding,2
67037,67038,0.0039583854377269745,99.82288360595703,1.003966212272644,0.001,NaN,NaN,NaN,transformer,embedding,2
67393,67394,NaN,NaN,NaN,NaN,42.910709381103516,12.025508880615234,4.323986156636078e+18,transformer,embedding,2
67707,67708,1.2246083036515643e-09,100.0,1.0,0.001,NaN,NaN,NaN,transformer,embedding,2
68384,68385,0.00145310303196311,99.92915344238281,1.0014541149139404,0.001,NaN,NaN,NaN,transformer,embedding,2
68740,68741,NaN,NaN,NaN,NaN,44.658355712890625,12.359550476074219,2.4824324931182395e+19,transformer,embedding,2
69067,69068,7.17873760436305e-10,100.0,1.0,0.001,NaN,NaN,NaN,transformer,embedding,2
69757,69758,6.545320396789123e-10,100.0,1.0,0.001,NaN,NaN,NaN,transformer,embedding,2
70114,70115,NaN,NaN,NaN,NaN,51.33723831176758,11.281506538391113,1.974600779640799e+22,transformer,embedding,2
70454,70455,1.731342735844521e-09,100.0,1.0,0.001,NaN,NaN,NaN,transformer,embedding,2
71158,71159,1.674335159407292e-08,100.0,1.0,0.001,NaN,NaN,NaN,transformer,embedding,2
71516,71517,NaN,NaN,NaN,NaN,54.362266540527344,11.661099433898926,4.066608510055303e+23,transformer,embedding,2
71869,71870,1.203494304213848e-09,100.0,1.0,0.001,NaN,NaN,NaN,transformer,embedding,2
72587,72588,0.0021073881071060896,99.89373016357422,1.0021096467971802,0.001,NaN,NaN,NaN,transformer,embedding,2
72946,72947,NaN,NaN,NaN,NaN,54.4583854675293,11.372608184814453,4.4768885978365765e+23,transformer,embedding,2
73312,73313,8.445574239956954e-10,100.0,1.0,0.001,NaN,NaN,NaN,transformer,embedding,2
74045,74046,3.621025967959213e-08,100.0,1.0,0.001,NaN,NaN,NaN,transformer,embedding,2
74404,74405,NaN,NaN,NaN,NaN,61.203941345214844,11.327057838439941,3.8065716014373495e+26,transformer,embedding,2
74785,74786,4.856204882663917e-10,100.0,1.0,0.001,NaN,NaN,NaN,transformer,embedding,2
75532,75533,7.377206401315561e-08,100.0,1.0000001192092896,0.001,NaN,NaN,NaN,transformer,embedding,2
75892,75893,NaN,NaN,NaN,NaN,57.90955352783203,11.661099433898926,1.4118857754091671e+25,transformer,embedding,2
76287,76288,4.0116476807128265e-10,100.0,1.0,0.001,NaN,NaN,NaN,transformer,embedding,2
77049,77050,2.5948974524681034e-08,100.0,1.0,0.001,NaN,NaN,NaN,transformer,embedding,2
77409,77410,NaN,NaN,NaN,NaN,56.2952995300293,12.116610527038574,2.8102046623050237e+24,transformer,embedding,2
77819,77820,2.723697489770416e-09,100.0,1.0,0.001,NaN,NaN,NaN,transformer,embedding,2
78597,78598,2.797591314163128e-08,100.0,1.0,0.001,NaN,NaN,NaN,transformer,embedding,2
78957,78958,NaN,NaN,NaN,NaN,61.65412521362305,12.253264427185059,5.97099043360066e+26,transformer,embedding,2
79382,79383,3.314887919714238e-09,100.0,1.0,0.001,NaN,NaN,NaN,transformer,embedding,2
80175,80176,1.192936682770096e-08,100.0,1.0,0.001,NaN,NaN,NaN,transformer,embedding,2
80536,80537,NaN,NaN,NaN,NaN,61.98822021484375,12.055875778198242,8.339537615269708e+26,transformer,embedding,2
80976,80977,4.30724300670704e-09,100.0,1.0,0.001,NaN,NaN,NaN,transformer,embedding,2
81785,81786,2.681469712939588e-09,100.0,1.0,0.001,NaN,NaN,NaN,transformer,embedding,2
82146,82147,NaN,NaN,NaN,NaN,66.30916595458984,12.20771312713623,6.2763168979824e+28,transformer,embedding,2
82602,82603,1.6025477833636614e-08,100.0,1.0,0.001,NaN,NaN,NaN,transformer,embedding,2
83428,83429,3.800508241447176e-10,100.0,1.0,0.001,NaN,NaN,NaN,transformer,embedding,2
83788,83789,NaN,NaN,NaN,NaN,57.49430465698242,12.344367027282715,9.320929948731598e+24,transformer,embedding,2
84262,84263,4.222787050589538e-11,100.0,1.0,0.001,NaN,NaN,NaN,transformer,embedding,2
85104,85105,5.067344321929568e-10,100.0,1.0,0.001,NaN,NaN,NaN,transformer,embedding,2
85463,85464,NaN,NaN,NaN,NaN,60.9593391418457,11.296689987182617,2.980606276218475e+26,transformer,embedding,2
85955,85956,0.004756337497383356,99.89373016357422,1.004767656326294,0.001,NaN,NaN,NaN,transformer,embedding,2
86814,86815,8.656713679222605e-10,100.0,1.0,0.001,NaN,NaN,NaN,transformer,embedding,2
87172,87173,NaN,NaN,NaN,NaN,9.252182960510254,13.862739562988281,10427.3037109375,transformer,embedding,2
87682,87683,9.311238891029916e-09,100.0,1.0,0.001,NaN,NaN,NaN,transformer,embedding,2
88558,88559,5.806332303848194e-09,100.0,1.0,0.001,NaN,NaN,NaN,transformer,embedding,2
88915,88916,NaN,NaN,NaN,NaN,82.20794677734375,11.600364685058594,5.040314662806152e+35,transformer,embedding,2
89443,89444,9.078992002642394e-10,100.0,1.0,0.001,NaN,NaN,NaN,transformer,embedding,2
90337,90338,1.4885324084445983e-08,100.0,1.0,0.001,NaN,NaN,NaN,transformer,embedding,2
90693,90694,NaN,NaN,NaN,NaN,88.45552062988281,10.932280540466309,2.6046207974070512e+38,transformer,embedding,2
91240,91241,2.533672160964784e-10,100.0,1.0,0.001,NaN,NaN,NaN,transformer,embedding,2
92152,92153,7.389869605134436e-09,100.0,1.0,0.001,NaN,NaN,NaN,transformer,embedding,2
92506,92507,NaN,NaN,NaN,NaN,89.5748291015625,11.433343887329102,inf,transformer,embedding,2
93073,93074,5.954129633778393e-09,100.0,1.0,0.001,NaN,NaN,NaN,transformer,embedding,2
94003,94004,5.700762084615008e-10,100.0,1.0,0.001,NaN,NaN,NaN,transformer,embedding,2
94356,94357,NaN,NaN,NaN,NaN,38.92092514038086,11.35742473602295,8.00097689361449e+16,transformer,embedding,2
94943,94944,1.1507080621697696e-08,100.0,1.0,0.001,NaN,NaN,NaN,transformer,embedding,2
95892,95893,9.10010644616932e-09,100.0,1.0,0.001,NaN,NaN,NaN,transformer,embedding,2
96243,96244,NaN,NaN,NaN,NaN,89.00524139404297,12.769511222839355,inf,transformer,embedding,2
96850,96851,1.0556967799946193e-10,100.0,1.0,0.001,NaN,NaN,NaN,transformer,embedding,2
97818,97819,1.1549296630164463e-08,100.0,1.0,0.001,NaN,NaN,NaN,transformer,embedding,2
98167,98168,NaN,NaN,NaN,NaN,98.68694305419922,10.734891891479492,inf,transformer,embedding,2
98796,98797,5.785218082365873e-09,100.0,1.0,0.001,NaN,NaN,NaN,transformer,embedding,2
99783,99784,1.4188524133373903e-08,100.0,1.0,0.001,NaN,NaN,NaN,transformer,embedding,2
