epoch,global_step,train_loss,train_accuracy,train_perplexity,learning_rate,val_loss,val_accuracy,val_perplexity,model_type,encoding
0,10,4.792212963104248,0.021258503198623657,120.56788635253906,0.001,3.185985565185547,0.0,24.191118240356445,transformer,embedding
1,20,2.9014573097229004,0.0,18.20064926147461,0.001,2.549743175506592,0.0,12.803814888000488,transformer,embedding
2,30,2.44047474861145,0.38265305757522583,11.47848892211914,0.001,2.382884979248047,0.9351752996444702,10.836119651794434,transformer,embedding
3,40,2.3534936904907227,0.9778911471366882,10.52226734161377,0.001,2.3395912647247314,0.8926673531532288,10.376994132995605,transformer,embedding
4,50,2.325180768966675,1.1904761791229248,10.22852897644043,0.001,2.3213186264038086,0.7438894510269165,10.189101219177246,transformer,embedding
5,60,2.3123409748077393,1.1692177057266235,10.09803581237793,0.001,2.316164970397949,0.9989372491836548,10.136725425720215,transformer,embedding
6,70,2.3069705963134766,0.9778911471366882,10.043951034545898,0.001,2.3135886192321777,0.8926673531532288,10.110642433166504,transformer,embedding
7,80,2.30460524559021,1.0416666269302368,10.020221710205078,0.001,2.3088488578796387,0.8076514005661011,10.062833786010742,transformer,embedding
8,90,2.3015434741973877,1.2542517185211182,9.98958969116211,0.001,2.3085854053497314,0.9564293026924133,10.06018352508545,transformer,embedding
9,100,2.300614595413208,0.9353741407394409,9.980314254760742,0.001,2.3058953285217285,0.8289054036140442,10.033157348632812,transformer,embedding
10,110,2.2993364334106445,1.2967686653137207,9.96756649017334,0.001,2.3087170124053955,0.8501594066619873,10.061507225036621,transformer,embedding
11,120,2.2956433296203613,0.9778911471366882,9.930822372436523,0.001,2.3063769340515137,0.8076514005661011,10.03799057006836,transformer,embedding
12,130,2.2945406436920166,1.1692177057266235,9.919878005981445,0.001,2.3091866970062256,0.5313495993614197,10.066234588623047,transformer,embedding
13,140,2.292407274246216,1.4243197441101074,9.898737907409668,0.001,2.3086752891540527,0.6376195549964905,10.061087608337402,transformer,embedding
14,150,2.288313627243042,1.4243197441101074,9.858299255371094,0.001,2.313201904296875,0.4888416528701782,10.106733322143555,transformer,embedding
15,160,2.2828211784362793,1.764455795288086,9.804301261901855,0.001,2.317934036254883,0.7226354479789734,10.15467357635498,transformer,embedding
16,170,2.2751059532165527,1.9345238208770752,9.728949546813965,0.001,2.3265929222106934,0.3613177239894867,10.2429838180542,transformer,embedding
17,180,2.258770227432251,2.4022109508514404,9.571310997009277,0.001,2.3507354259490967,0.3825717270374298,10.493284225463867,transformer,embedding
18,190,2.2351253032684326,3.125,9.34765338897705,0.001,2.3892855644226074,0.3613177239894867,10.905699729919434,transformer,embedding
19,200,2.20377779006958,4.102890968322754,9.059172630310059,0.001,2.4282755851745605,0.5100956559181213,11.339311599731445,transformer,embedding
20,210,2.169412851333618,5.187074661254883,8.753143310546875,0.001,2.457381248474121,0.21253985166549683,11.674200057983398,transformer,embedding
21,220,2.125856637954712,6.951530456542969,8.380073547363281,0.001,2.4869186878204346,0.25504782795906067,12.024168968200684,transformer,embedding
22,230,2.0742850303649902,9.311223983764648,7.9588541984558105,0.001,2.5114595890045166,0.4888416528701782,12.322903633117676,transformer,embedding
23,240,2.024509906768799,11.39455795288086,7.572398662567139,0.001,2.5326483249664307,0.6376195549964905,12.586795806884766,transformer,embedding
24,250,1.9748046398162842,14.200679779052734,7.205212116241455,0.001,2.5455613136291504,0.6801275014877319,12.750383377075195,transformer,embedding
25,260,1.9198945760726929,17.155611038208008,6.820239543914795,0.001,2.5609304904937744,0.7651434540748596,12.947859764099121,transformer,embedding
26,270,1.8560281991958618,20.153060913085938,6.398273468017578,0.001,2.562706708908081,1.0201913118362427,12.970878601074219,transformer,embedding
27,280,1.7929980754852295,22.682823181152344,6.007436275482178,0.001,2.583146333694458,0.8926673531532288,13.238726615905762,transformer,embedding
28,290,1.7206032276153564,26.78571319580078,5.587898254394531,0.001,2.60119891166687,1.3390010595321655,13.479889869689941,transformer,embedding
29,300,1.6519758701324463,29.953229904174805,5.217278480529785,0.001,2.5982351303100586,1.6790647506713867,13.439997673034668,transformer,embedding
30,310,1.58141028881073,33.92856979370117,4.861807346343994,0.001,2.617130994796753,2.0191285610198975,13.696372032165527,transformer,embedding
31,320,1.504758358001709,37.75510025024414,4.503065586090088,0.001,2.6057965755462646,2.507970094680786,13.542008399963379,transformer,embedding
32,330,1.424124836921692,41.11394500732422,4.1542205810546875,0.001,2.617514133453369,2.9117958545684814,13.701621055603027,transformer,embedding
33,340,1.34358549118042,44.70663070678711,3.832761287689209,0.001,2.618159532546997,3.5069074630737305,13.710466384887695,transformer,embedding
34,350,1.2600855827331543,49.0221061706543,3.5257232189178467,0.001,2.634441614151001,3.995748996734619,13.935528755187988,transformer,embedding
35,360,1.1815534830093384,52.168365478515625,3.2594337463378906,0.001,2.6281840801239014,4.272050857543945,13.848599433898926,transformer,embedding
36,370,1.103195071220398,56.18622589111328,3.013779878616333,0.001,2.630244016647339,5.164718151092529,13.877155303955078,transformer,embedding
37,380,1.0161198377609253,60.5016975402832,2.7624552249908447,0.001,2.633687973022461,5.632306098937988,13.925030708312988,transformer,embedding
38,390,0.9401828646659851,63.58418273925781,2.5604496002197266,0.001,2.639291286468506,6.673751354217529,14.003275871276855,transformer,embedding
39,400,0.8522555828094482,68.11224365234375,2.3449301719665527,0.001,2.641249895095825,6.90754508972168,14.030729293823242,transformer,embedding
40,410,0.7751086950302124,71.66241455078125,2.170828104019165,0.001,2.6314198970794678,7.821466445922852,13.89348316192627,transformer,embedding
41,420,0.7028000950813293,74.63860321044922,2.019399404525757,0.001,2.635938882827759,8.7778959274292,13.956409454345703,transformer,embedding
42,430,0.6176140308380127,79.18792724609375,1.854498028755188,0.001,2.6274499893188477,10.05313491821289,13.8384370803833,transformer,embedding
43,440,0.5520228743553162,82.61054229736328,1.7367627620697021,0.001,2.6253280639648438,10.43570613861084,13.809103965759277,transformer,embedding
44,450,0.49715274572372437,84.41751861572266,1.644033670425415,0.001,2.631460189819336,11.625929832458496,13.89404296875,transformer,embedding
45,460,0.42540162801742554,88.69047546386719,1.5302048921585083,0.001,2.6325948238372803,12.433581352233887,13.90981674194336,transformer,embedding
46,470,0.37455108761787415,90.81632232666016,1.4543384313583374,0.001,2.6201863288879395,13.963868141174316,13.738283157348633,transformer,embedding
47,480,0.3125518560409546,93.28231048583984,1.3669087886810303,0.001,2.6212072372436523,15.345376968383789,13.752315521240234,transformer,embedding
48,490,0.26889878511428833,95.11054229736328,1.3085227012634277,0.001,2.629582166671753,16.28055191040039,13.867974281311035,transformer,embedding
49,500,0.21972976624965668,96.59864044189453,1.2457400560379028,0.001,2.6282191276550293,17.343252182006836,13.849084854125977,transformer,embedding
50,510,0.18450205028057098,98.06547546386719,1.2026194334030151,0.001,2.632133960723877,18.448457717895508,13.90340805053711,transformer,embedding
51,520,0.1557886153459549,98.3205795288086,1.1685791015625,0.001,2.6444032192230225,19.2561092376709,14.075042724609375,transformer,embedding
52,530,0.13131840527057648,98.61819458007812,1.1403307914733887,0.001,2.6541361808776855,20.255046844482422,14.212703704833984,transformer,embedding
53,540,0.11181078851222992,98.95832824707031,1.118301272392273,0.001,2.6684787273406982,21.42401695251465,14.418018341064453,transformer,embedding
54,550,0.09146741777658463,99.17091369628906,1.0957810878753662,0.001,2.6724133491516113,21.360254287719727,14.474860191345215,transformer,embedding
55,560,0.08829315751791,98.91581726074219,1.0923082828521729,0.001,2.7045350074768066,21.721572875976562,14.947364807128906,transformer,embedding
56,570,0.07702718675136566,99.00084686279297,1.0800714492797852,0.001,2.7122738361358643,21.742826461791992,15.063488960266113,transformer,embedding
57,580,0.06307840347290039,99.34098815917969,1.0651103258132935,0.001,2.709536075592041,23.03931999206543,15.02230453491211,transformer,embedding
58,590,0.05246077477931976,99.42601776123047,1.0538612604141235,0.001,2.727525472640991,23.336875915527344,15.294992446899414,transformer,embedding
59,600,0.048064976930618286,99.46853637695312,1.0492388010025024,0.001,2.748319625854492,23.336875915527344,15.616368293762207,transformer,embedding
60,610,0.045537736266851425,99.53231048583984,1.0465904474258423,0.001,2.769414186477661,23.528160095214844,15.949288368225098,transformer,embedding
61,620,0.0369034968316555,99.5748291015625,1.037592887878418,0.001,2.7720375061035156,24.527097702026367,15.991183280944824,transformer,embedding
62,630,0.02991459146142006,99.76615905761719,1.0303665399551392,0.001,2.787266731262207,23.99574851989746,16.23657989501953,transformer,embedding
63,640,0.03700106590986252,99.38349914550781,1.0376940965652466,0.001,2.81056547164917,24.250797271728516,16.619314193725586,transformer,embedding
64,650,0.03838368132710457,99.29846954345703,1.0391298532485962,0.001,2.8160862922668457,24.420827865600586,16.711318969726562,transformer,embedding
65,660,0.058475151658058167,98.5544204711914,1.0602186918258667,0.001,2.9043490886688232,22.38044548034668,18.253358840942383,transformer,embedding
66,670,0.07168319821357727,97.95918273925781,1.0743149518966675,0.001,2.9001269340515137,22.48671531677246,18.17645263671875,transformer,embedding
67,680,0.06545756012201309,98.32057189941406,1.0676474571228027,0.001,2.90915584564209,23.14558982849121,18.34130859375,transformer,embedding
68,690,0.05925055965781212,98.51190185546875,1.0610411167144775,0.001,2.925018310546875,23.74070167541504,18.634567260742188,transformer,embedding
69,700,0.05519966781139374,98.63945007324219,1.0567516088485718,0.001,2.9284374713897705,23.698192596435547,18.69839096069336,transformer,embedding
70,710,0.03652747720479965,99.25595092773438,1.0372028350830078,0.001,2.949519395828247,25.185972213745117,19.096773147583008,transformer,embedding
71,720,0.026721371337771416,99.53231048583984,1.0270816087722778,0.001,2.9291272163391113,25.717321395874023,18.711292266845703,transformer,embedding
72,730,0.029225947335362434,99.38349914550781,1.029657244682312,0.001,2.969985246658325,25.27098846435547,19.49163246154785,transformer,embedding
73,740,0.03159619867801666,99.29846954345703,1.0321006774902344,0.001,2.9947190284729004,25.356002807617188,19.979745864868164,transformer,embedding
74,750,0.023018188774585724,99.5748291015625,1.023285150527954,0.001,3.007340908050537,25.39851188659668,20.2335262298584,transformer,embedding
75,760,0.020587658509612083,99.61734771728516,1.020801067352295,0.001,2.996877908706665,26.439956665039062,20.022926330566406,transformer,embedding
76,770,0.019837908446788788,99.48979187011719,1.020035982131958,0.001,3.0079140663146973,26.09989356994629,20.245126724243164,transformer,embedding
77,780,0.014651953242719173,99.80867004394531,1.0147597789764404,0.001,3.0423314571380615,26.737512588500977,20.95404052734375,transformer,embedding
78,790,0.010395452380180359,99.89370727539062,1.0104496479034424,0.001,3.032388210296631,27.01381492614746,20.746721267700195,transformer,embedding
79,800,0.008775693364441395,99.85118865966797,1.0088143348693848,0.001,3.043919801712036,27.65143394470215,20.987348556518555,transformer,embedding
80,810,0.006398418918251991,99.95748138427734,1.0064189434051514,0.001,3.049144744873047,27.88522720336914,21.097293853759766,transformer,embedding
81,820,0.004664003849029541,99.93622589111328,1.0046749114990234,0.001,3.044975757598877,28.182783126831055,21.009521484375,transformer,embedding
82,830,0.004199473652988672,99.93622589111328,1.0042083263397217,0.001,3.0637338161468506,28.246545791625977,21.407339096069336,transformer,embedding
83,840,0.00584134366363287,99.91496276855469,1.0058584213256836,0.001,3.066261053085327,27.82146644592285,21.461509704589844,transformer,embedding
84,850,0.006090375129133463,99.87245178222656,1.0061089992523193,0.001,3.079395294189453,28.097766876220703,21.745248794555664,transformer,embedding
85,860,0.004069958347827196,99.95748138427734,1.0040782690048218,0.001,3.079219341278076,28.012752532958984,21.741422653198242,transformer,embedding
86,870,0.003987838514149189,99.91496276855469,1.0039957761764526,0.001,3.0900168418884277,28.54410171508789,21.977447509765625,transformer,embedding
87,880,0.0033912677317857742,99.97874450683594,1.003396987915039,0.001,3.0941638946533203,28.629117965698242,22.06877899169922,transformer,embedding
88,890,0.0031295435037463903,99.93622589111328,1.0031344890594482,0.001,3.101057529449463,29.202974319458008,22.221439361572266,transformer,embedding
89,900,0.004016708116978407,99.87244415283203,1.0040247440338135,0.001,3.161928176879883,27.290115356445312,23.6160888671875,transformer,embedding
90,910,0.030033739283680916,98.87329864501953,1.0304893255233765,0.001,3.260056972503662,22.678001403808594,26.051021575927734,transformer,embedding
91,920,0.07307825237512589,96.7049331665039,1.0758147239685059,0.001,3.3247995376586914,21.211477279663086,27.793426513671875,transformer,embedding
92,930,0.07955839484930038,96.6198959350586,1.0828087329864502,0.001,3.3254146575927734,21.764080047607422,27.810527801513672,transformer,embedding
93,940,0.07397589832544327,97.02381134033203,1.0767807960510254,0.001,3.3418586254119873,22.46546173095703,28.271623611450195,transformer,embedding
94,950,0.041925203055143356,98.27806091308594,1.0428165197372437,0.001,3.288146734237671,23.86822509765625,26.793163299560547,transformer,embedding
95,960,0.031303804367780685,99.10713958740234,1.0317989587783813,0.001,3.3052430152893066,24.165781021118164,27.255165100097656,transformer,embedding
96,970,0.021908406168222427,99.44728088378906,1.0221501588821411,0.001,3.2923219203948975,25.887353897094727,26.905263900756836,transformer,embedding
97,980,0.013240862637758255,99.8299331665039,1.0133289098739624,0.001,3.2698519229888916,27.098831176757812,26.307443618774414,transformer,embedding
98,990,0.006575250066816807,99.95748138427734,1.0065969228744507,0.001,3.2560713291168213,27.77895736694336,25.947397232055664,transformer,embedding
99,1000,0.0037758599501103163,100.0,1.0037829875946045,0.001,3.249703884124756,29.096704483032227,25.782703399658203,transformer,embedding
100,1010,0.003554888302460313,99.97874450683594,1.00356125831604,0.001,3.2352030277252197,29.543039321899414,25.411531448364258,transformer,embedding
101,1020,0.003062905976548791,99.93622589111328,1.0030676126480103,0.001,3.235762596130371,29.98937225341797,25.42575454711914,transformer,embedding
102,1030,0.003617196809500456,99.93622589111328,1.0036237239837646,0.001,NaN,NaN,NaN,transformer,embedding
103,1040,0.0020772316493093967,99.9787368774414,1.0020793676376343,0.001,3.2323648929595947,30.83953094482422,25.33951187133789,transformer,embedding
104,1050,0.00589404720813036,99.8299331665039,1.0059114694595337,0.001,NaN,NaN,NaN,transformer,embedding
105,1060,0.006937156897038221,99.78741455078125,1.0069612264633179,0.001,3.3036417961120605,28.034006118774414,27.211557388305664,transformer,embedding
106,1070,0.005430324003100395,99.93622589111328,1.005445122718811,0.001,NaN,NaN,NaN,transformer,embedding
107,1080,0.0034560528583824635,99.95748138427734,1.0034620761871338,0.001,3.2895705699920654,29.458023071289062,26.83133888244629,transformer,embedding
108,1090,0.005268326960504055,99.85118865966797,1.0052822828292847,0.001,NaN,NaN,NaN,transformer,embedding
109,1100,0.007311502005904913,99.70237731933594,1.007338285446167,0.001,3.3152310848236084,28.161529541015625,27.52875518798828,transformer,embedding
110,1110,0.02021869458258152,99.19217681884766,1.020424485206604,0.001,NaN,NaN,NaN,transformer,embedding
111,1120,0.03426555171608925,98.85203552246094,1.0348594188690186,0.001,3.4240918159484863,24.548351287841797,30.69475555419922,transformer,embedding
112,1130,0.035305775701999664,98.59693908691406,1.0359364748001099,0.001,NaN,NaN,NaN,transformer,embedding
113,1140,0.026402026414871216,99.08588409423828,1.0267536640167236,0.001,3.4448392391204834,25.568544387817383,31.338245391845703,transformer,embedding
114,1150,0.020651046186685562,99.38350677490234,1.020865797996521,0.001,NaN,NaN,NaN,transformer,embedding
115,1160,0.018944093957543373,99.34098815917969,1.0191246271133423,0.001,3.446059226989746,26.482465744018555,31.376501083374023,transformer,embedding
116,1170,0.016933733597397804,99.65986633300781,1.017077922821045,0.001,NaN,NaN,NaN,transformer,embedding
117,1180,0.020571749657392502,99.42601776123047,1.020784854888916,0.001,3.4588630199432373,26.546226501464844,31.78082275390625,transformer,embedding
118,1190,0.016406960785388947,99.53231048583984,1.0165423154830933,0.001,NaN,NaN,NaN,transformer,embedding
119,1200,0.01220992673188448,99.65986633300781,1.012284755706787,0.001,3.4509060382843018,27.01381492614746,31.528945922851562,transformer,embedding
120,1210,0.010365785099565983,99.7448959350586,1.0104197263717651,0.001,NaN,NaN,NaN,transformer,embedding
121,1220,0.010756532661616802,99.59608459472656,1.0108145475387573,0.001,3.445283889770508,28.119022369384766,31.352182388305664,transformer,embedding
122,1230,0.010723265819251537,99.7448959350586,1.010780930519104,0.001,NaN,NaN,NaN,transformer,embedding
123,1240,0.025217870250344276,99.08588409423828,1.0255385637283325,0.001,3.5256409645080566,25.929861068725586,33.97554397583008,transformer,embedding
124,1250,0.020644402131438255,99.38349914550781,1.0208590030670166,0.001,NaN,NaN,NaN,transformer,embedding
125,1260,0.02558542788028717,99.149658203125,1.025915503501892,0.001,3.544323205947876,26.631242752075195,34.616249084472656,transformer,embedding
126,1270,0.018420984968543053,99.44728088378906,1.0185916423797607,0.001,NaN,NaN,NaN,transformer,embedding
127,1280,0.020238609984517097,99.34098052978516,1.0204447507858276,0.001,3.5642807483673096,26.588735580444336,35.31404495239258,transformer,embedding
128,1290,0.016109667718410492,99.51105499267578,1.016240119934082,0.001,NaN,NaN,NaN,transformer,embedding
129,1300,0.012152964249253273,99.5748291015625,1.0122270584106445,0.001,3.540894031524658,27.75770378112793,34.49774932861328,transformer,embedding
130,1310,0.00955859012901783,99.65986633300781,1.0096044540405273,0.001,NaN,NaN,NaN,transformer,embedding
131,1320,0.005567880347371101,99.87245178222656,1.00558340549469,0.001,3.5378620624542236,28.267799377441406,34.393310546875,transformer,embedding
132,1330,0.0053642867133021355,99.89370727539062,1.0053787231445312,0.001,NaN,NaN,NaN,transformer,embedding
133,1340,0.00493499543517828,99.8299331665039,1.0049471855163574,0.001,3.526743173599243,29.500530242919922,34.01301193237305,transformer,embedding
134,1350,0.008980965241789818,99.72364044189453,1.0090214014053345,0.001,NaN,NaN,NaN,transformer,embedding
135,1360,0.00830896571278572,99.72364044189453,1.0083435773849487,0.001,3.5506198406219482,28.6716251373291,34.834903717041016,transformer,embedding
136,1370,0.007222625892609358,99.8299331665039,1.0072487592697144,0.001,NaN,NaN,NaN,transformer,embedding
137,1380,0.007774136960506439,99.78741455078125,1.0078043937683105,0.001,3.560199022293091,28.331562042236328,35.170196533203125,transformer,embedding
138,1390,0.015310165472328663,99.3197250366211,1.0154279470443726,0.001,NaN,NaN,NaN,transformer,embedding
139,1400,0.017630785703659058,99.27720642089844,1.0177870988845825,0.001,3.6005637645721436,28.012752532958984,36.618873596191406,transformer,embedding
140,1410,0.020970361307263374,99.149658203125,1.0211918354034424,0.001,NaN,NaN,NaN,transformer,embedding
141,1420,0.018031250685453415,99.27720642089844,1.0181947946548462,0.001,3.6612226963043213,26.588735580444336,38.90888595581055,transformer,embedding
142,1430,0.018187448382377625,99.42601776123047,1.018353819847107,0.001,NaN,NaN,NaN,transformer,embedding
143,1440,0.021489907056093216,99.17091369628906,1.021722435951233,0.001,3.6734249591827393,26.567480087280273,39.386573791503906,transformer,embedding
144,1450,0.020358040928840637,99.17091369628906,1.020566701889038,0.001,NaN,NaN,NaN,transformer,embedding
145,1460,0.021735522896051407,98.95832824707031,1.0219734907150269,0.001,3.7006852626800537,26.780019760131836,40.47502899169922,transformer,embedding
146,1470,0.018986430019140244,99.10713958740234,1.0191677808761597,0.001,NaN,NaN,NaN,transformer,embedding
147,1480,0.01502637006342411,99.44728088378906,1.0151398181915283,0.001,3.6517465114593506,27.88522720336914,38.54191970825195,transformer,embedding
148,1490,0.009506857953965664,99.78741455078125,1.009552240371704,0.001,NaN,NaN,NaN,transformer,embedding
149,1500,0.01056821458041668,99.68112182617188,1.0106242895126343,0.001,3.638704776763916,28.947927474975586,38.04253005981445,transformer,embedding
150,1510,0.004648573696613312,99.87244415283203,1.0046594142913818,0.001,NaN,NaN,NaN,transformer,embedding
151,1520,0.00788744818419218,99.80867004394531,1.0079185962677002,0.001,3.6259214878082275,30.07438850402832,37.55931854248047,transformer,embedding
152,1530,0.007134805899113417,99.85118865966797,1.0071603059768677,0.001,NaN,NaN,NaN,transformer,embedding
153,1540,0.0042837816290557384,99.85118865966797,1.0042929649353027,0.001,NaN,NaN,NaN,transformer,embedding
154,1550,0.004646369721740484,99.80867004394531,1.0046571493148804,0.001,3.6409738063812256,30.7545166015625,38.12894821166992,transformer,embedding
155,1560,0.0023330540861934423,99.95748138427734,1.002335786819458,0.001,NaN,NaN,NaN,transformer,embedding
156,1570,0.0028412851970642805,99.87245178222656,1.002845287322998,0.001,NaN,NaN,NaN,transformer,embedding
157,1580,0.0020366727840155363,99.95748138427734,1.0020387172698975,0.001,3.6069843769073486,31.115833282470703,36.85474395751953,transformer,embedding
158,1590,0.0015398763353005052,99.97874450683594,1.001541018486023,0.001,NaN,NaN,NaN,transformer,embedding
159,1600,0.001577960210852325,99.89370727539062,1.0015791654586792,0.001,NaN,NaN,NaN,transformer,embedding
160,1610,0.0031930843833833933,99.89370727539062,1.0031981468200684,0.001,3.6279494762420654,30.499467849731445,37.63556671142578,transformer,embedding
161,1620,0.01302612666040659,99.42601776123047,1.0131113529205322,0.001,NaN,NaN,NaN,transformer,embedding
162,1630,0.017328031361103058,99.12840270996094,1.0174790620803833,0.001,NaN,NaN,NaN,transformer,embedding
163,1640,0.022868171334266663,98.7244873046875,1.0231316089630127,0.001,3.717796564102173,27.205101013183594,41.1735725402832,transformer,embedding
164,1650,0.03960033506155014,98.02295684814453,1.040394902229309,0.001,NaN,NaN,NaN,transformer,embedding
165,1660,0.027353893965482712,98.93707275390625,1.0277314186096191,0.001,NaN,NaN,NaN,transformer,embedding
166,1670,0.023865997791290283,98.80952453613281,1.0241531133651733,0.001,3.6757895946502686,28.352815628051758,39.47981643676758,transformer,embedding
167,1680,0.01741369068622589,99.10713958740234,1.017566204071045,0.001,NaN,NaN,NaN,transformer,embedding
168,1690,0.013871314004063606,99.59608459472656,1.0139679908752441,0.001,NaN,NaN,NaN,transformer,embedding
169,1700,0.015191512182354927,99.38349914550781,1.0153075456619263,0.001,3.6972084045410156,28.45908546447754,40.33454895019531,transformer,embedding
170,1710,0.009512485936284065,99.65985870361328,1.009557843208313,0.001,NaN,NaN,NaN,transformer,embedding
171,1720,0.008511137217283249,99.76615905761719,1.0085474252700806,0.001,NaN,NaN,NaN,transformer,embedding
172,1730,0.004204802680760622,99.89370727539062,1.0042136907577515,0.001,3.64328670501709,30.371944427490234,38.21723937988281,transformer,embedding
173,1740,0.0025973571464419365,99.93622589111328,1.0026007890701294,0.001,NaN,NaN,NaN,transformer,embedding
174,1750,0.00228120107203722,99.93622589111328,1.0022838115692139,0.001,NaN,NaN,NaN,transformer,embedding
175,1760,0.010531309992074966,99.59608459472656,1.0105869770050049,0.001,3.67958664894104,29.670562744140625,39.630008697509766,transformer,embedding
176,1770,0.008214278146624565,99.61734771728516,1.0082480907440186,0.001,NaN,NaN,NaN,transformer,embedding
177,1780,0.005756325554102659,99.80867004394531,1.0057729482650757,0.001,NaN,NaN,NaN,transformer,embedding
178,1790,0.006952258292585611,99.7448959350586,1.0069764852523804,0.001,3.689765214920044,29.691816329956055,40.03544616699219,transformer,embedding
179,1800,0.00557712884619832,99.8299331665039,1.005592703819275,0.001,NaN,NaN,NaN,transformer,embedding
180,1810,0.004856127314269543,99.85118865966797,1.0048679113388062,0.001,NaN,NaN,NaN,transformer,embedding
181,1820,0.004475473426282406,99.87245178222656,1.0044854879379272,0.001,3.6745076179504395,31.179595947265625,39.429237365722656,transformer,embedding
182,1830,0.005107729230076075,99.85118865966797,1.0051207542419434,0.001,NaN,NaN,NaN,transformer,embedding
183,1840,0.006163128186017275,99.7448959350586,1.0061821937561035,0.001,NaN,NaN,NaN,transformer,embedding
184,1850,0.01195704098790884,99.51105499267578,1.0120288133621216,0.001,3.7811546325683594,28.395322799682617,43.866661071777344,transformer,embedding
185,1860,0.019553292542696,99.25595092773438,1.0197457075119019,0.001,NaN,NaN,NaN,transformer,embedding
186,1870,0.026006020605564117,98.93707275390625,1.0263471603393555,0.001,NaN,NaN,NaN,transformer,embedding
187,1880,0.025891900062561035,98.70323181152344,1.026229977607727,0.001,3.770717144012451,28.289052963256836,43.41118621826172,transformer,embedding
188,1890,0.014949195086956024,99.48979187011719,1.0150614976882935,0.001,NaN,NaN,NaN,transformer,embedding
189,1900,0.010460445657372475,99.59608459472656,1.0105153322219849,0.001,NaN,NaN,NaN,transformer,embedding
190,1910,0.0055929007939994335,99.87245178222656,1.0056085586547852,0.001,3.7119927406311035,30.22316551208496,40.935298919677734,transformer,embedding
191,1920,0.004649805836379528,99.85118865966797,1.0046606063842773,0.001,NaN,NaN,NaN,transformer,embedding
192,1930,0.002693348564207554,99.91496276855469,1.0026969909667969,0.001,NaN,NaN,NaN,transformer,embedding
193,1940,0.005921986885368824,99.7448959350586,1.0059396028518677,0.001,3.7156827449798584,30.90329360961914,41.08662796020508,transformer,embedding
194,1950,0.003781180363148451,99.80867004394531,1.0037883520126343,0.001,NaN,NaN,NaN,transformer,embedding
195,1960,0.001820830861106515,99.95748138427734,1.0018224716186523,0.001,NaN,NaN,NaN,transformer,embedding
196,1970,0.001060020411387086,100.0,1.0010606050491333,0.001,3.6803860664367676,32.6248664855957,39.661705017089844,transformer,embedding
197,1980,0.000500252703204751,100.0,1.0005003213882446,0.001,NaN,NaN,NaN,transformer,embedding
198,1990,0.00035287419450469315,100.0,1.0003529787063599,0.001,NaN,NaN,NaN,transformer,embedding
199,2000,0.00026648430502973497,100.0,1.0002665519714355,0.001,3.6409173011779785,33.85759735107422,38.126792907714844,transformer,embedding
200,2010,0.00021861770073883235,100.0,1.0002186298370361,0.001,NaN,NaN,NaN,transformer,embedding
201,2020,NaN,NaN,NaN,NaN,NaN,NaN,NaN,transformer,embedding
202,2030,0.00017106464656535536,100.0,1.0001710653305054,0.001,3.626824378967285,34.98405838012695,37.59324645996094,transformer,embedding
203,2040,NaN,NaN,NaN,NaN,NaN,NaN,NaN,transformer,embedding
204,2050,0.00014372153964359313,100.0,1.0001437664031982,0.001,NaN,NaN,NaN,transformer,embedding
205,2060,NaN,NaN,NaN,NaN,NaN,NaN,NaN,transformer,embedding
206,2070,0.0001241307909367606,100.0,1.0001240968704224,0.001,3.6138715744018555,35.472900390625,37.10944747924805,transformer,embedding
207,2080,NaN,NaN,NaN,NaN,NaN,NaN,NaN,transformer,embedding
208,2090,0.00010832242696778849,100.0,1.0001083612442017,0.001,NaN,NaN,NaN,transformer,embedding
209,2100,NaN,NaN,NaN,NaN,NaN,NaN,NaN,transformer,embedding
210,2110,9.523303742753342e-05,100.0,1.000095248222351,0.001,3.6022636890411377,36.08926773071289,36.681175231933594,transformer,embedding
211,2120,NaN,NaN,NaN,NaN,NaN,NaN,NaN,transformer,embedding
212,2130,8.401894592680037e-05,100.0,1.0000840425491333,0.001,NaN,NaN,NaN,transformer,embedding
213,2140,NaN,NaN,NaN,NaN,NaN,NaN,NaN,transformer,embedding
214,2150,7.411343540297821e-05,100.0,1.0000741481781006,0.001,3.5934627056121826,36.6206169128418,36.35976028442383,transformer,embedding
215,2160,NaN,NaN,NaN,NaN,NaN,NaN,NaN,transformer,embedding
216,2170,6.543956988025457e-05,100.0,1.0000654458999634,0.001,NaN,NaN,NaN,transformer,embedding
217,2180,NaN,NaN,NaN,NaN,NaN,NaN,NaN,transformer,embedding
218,2190,5.762100772699341e-05,100.0,1.000057578086853,0.001,3.58662748336792,37.321998596191406,36.112083435058594,transformer,embedding
219,2200,NaN,NaN,NaN,NaN,NaN,NaN,NaN,transformer,embedding
220,2210,5.0640777772059664e-05,100.0,1.000050663948059,0.001,NaN,NaN,NaN,transformer,embedding
221,2220,NaN,NaN,NaN,NaN,NaN,NaN,NaN,transformer,embedding
222,2230,4.433087815414183e-05,100.0,1.000044345855713,0.001,3.5825612545013428,37.76832962036133,35.96554183959961,transformer,embedding
223,2240,NaN,NaN,NaN,NaN,NaN,NaN,NaN,transformer,embedding
224,2250,3.8745922211091965e-05,100.0,1.000038743019104,0.001,NaN,NaN,NaN,transformer,embedding
225,2260,NaN,NaN,NaN,NaN,NaN,NaN,NaN,transformer,embedding
226,2270,3.381416536285542e-05,100.0,1.0000338554382324,0.001,3.582824468612671,38.108394622802734,35.975006103515625,transformer,embedding
227,2280,NaN,NaN,NaN,NaN,NaN,NaN,NaN,transformer,embedding
228,2290,2.9383605578914285e-05,100.0,1.0000293254852295,0.001,NaN,NaN,NaN,transformer,embedding
229,2300,NaN,NaN,NaN,NaN,NaN,NaN,NaN,transformer,embedding
230,2310,2.5520086637698114e-05,100.0,1.0000255107879639,0.001,3.5881948471069336,38.363441467285156,36.16872787475586,transformer,embedding
231,2320,NaN,NaN,NaN,NaN,NaN,NaN,NaN,transformer,embedding
232,2330,2.21019745367812e-05,100.0,1.000022053718567,0.001,NaN,NaN,NaN,transformer,embedding
233,2340,NaN,NaN,NaN,NaN,NaN,NaN,NaN,transformer,embedding
234,2350,1.907404475787189e-05,100.0,1.0000190734863281,0.001,3.597823143005371,38.6822509765625,36.518653869628906,transformer,embedding
235,2360,NaN,NaN,NaN,NaN,NaN,NaN,NaN,transformer,embedding
236,2370,1.6403231711592525e-05,100.0,1.000016450881958,0.001,NaN,NaN,NaN,transformer,embedding
237,2380,NaN,NaN,NaN,NaN,NaN,NaN,NaN,transformer,embedding
238,2390,1.4071127225179225e-05,100.0,1.000014066696167,0.001,3.612549304962158,38.916046142578125,37.06040954589844,transformer,embedding
239,2400,NaN,NaN,NaN,NaN,NaN,NaN,NaN,transformer,embedding
240,2410,1.2016858818242326e-05,100.0,1.0000120401382446,0.001,NaN,NaN,NaN,transformer,embedding
241,2420,NaN,NaN,NaN,NaN,NaN,NaN,NaN,transformer,embedding
242,2430,1.0251505045744125e-05,100.0,1.0000102519989014,0.001,3.6307194232940674,39.23485565185547,37.739959716796875,transformer,embedding
243,2440,NaN,NaN,NaN,NaN,NaN,NaN,NaN,transformer,embedding
244,2450,8.70625808602199e-06,100.0,1.0000087022781372,0.001,NaN,NaN,NaN,transformer,embedding
245,2460,NaN,NaN,NaN,NaN,NaN,NaN,NaN,transformer,embedding
246,2470,7.3776741373876575e-06,100.0,1.0000073909759521,0.001,3.653027057647705,39.51115798950195,38.59130859375,transformer,embedding
247,2480,NaN,NaN,NaN,NaN,NaN,NaN,NaN,transformer,embedding
248,2490,6.252910679904744e-06,100.0,1.0000061988830566,0.001,NaN,NaN,NaN,transformer,embedding
249,2500,NaN,NaN,NaN,NaN,NaN,NaN,NaN,transformer,embedding
250,2510,5.253508334135404e-06,100.0,1.0000052452087402,0.001,3.6789751052856445,39.51115798950195,39.60578155517578,transformer,embedding
251,2520,NaN,NaN,NaN,NaN,NaN,NaN,NaN,transformer,embedding
252,2530,4.425843599165091e-06,100.0,1.0000044107437134,0.001,NaN,NaN,NaN,transformer,embedding
253,2540,NaN,NaN,NaN,NaN,NaN,NaN,NaN,transformer,embedding
254,2550,3.7167014852457214e-06,100.0,1.000003695487976,0.001,3.7058303356170654,39.617427825927734,40.683815002441406,transformer,embedding
255,2560,NaN,NaN,NaN,NaN,NaN,NaN,NaN,transformer,embedding
256,2570,3.113817228950211e-06,100.0,1.0000030994415283,0.001,NaN,NaN,NaN,transformer,embedding
257,2580,NaN,NaN,NaN,NaN,NaN,NaN,NaN,transformer,embedding
258,2590,2.6069265004480258e-06,100.0,1.0000026226043701,0.001,NaN,NaN,NaN,transformer,embedding
259,2600,NaN,NaN,NaN,NaN,3.7450876235961914,39.872474670410156,42.312713623046875,transformer,embedding
260,2610,2.1758207822131226e-06,100.0,1.000002145767212,0.001,NaN,NaN,NaN,transformer,embedding
261,2620,NaN,NaN,NaN,NaN,NaN,NaN,NaN,transformer,embedding
262,2630,1.8126564782505739e-06,100.0,1.0000017881393433,0.001,NaN,NaN,NaN,transformer,embedding
263,2640,NaN,NaN,NaN,NaN,NaN,NaN,NaN,transformer,embedding
264,2650,1.5087543943081982e-06,100.0,1.0000015497207642,0.001,3.789945363998413,40.0212516784668,44.25398254394531,transformer,embedding
265,2660,NaN,NaN,NaN,NaN,NaN,NaN,NaN,transformer,embedding
266,2670,1.2569809086926398e-06,100.0,1.000001311302185,0.001,NaN,NaN,NaN,transformer,embedding
267,2680,NaN,NaN,NaN,NaN,NaN,NaN,NaN,transformer,embedding
268,2690,1.0442087159390212e-06,100.0,1.000001072883606,0.001,NaN,NaN,NaN,transformer,embedding
269,2700,NaN,NaN,NaN,NaN,3.834200620651245,40.425079345703125,46.25643539428711,transformer,embedding
270,2710,8.622524774182239e-07,100.0,1.0000008344650269,0.001,NaN,NaN,NaN,transformer,embedding
271,2720,NaN,NaN,NaN,NaN,NaN,NaN,NaN,transformer,embedding
272,2730,7.159778760978952e-07,100.0,1.0000007152557373,0.001,NaN,NaN,NaN,transformer,embedding
273,2740,NaN,NaN,NaN,NaN,NaN,NaN,NaN,transformer,embedding
274,2750,5.923084245296195e-07,100.0,1.0000005960464478,0.001,3.884859085083008,40.531349182128906,48.66008377075195,transformer,embedding
275,2760,NaN,NaN,NaN,NaN,NaN,NaN,NaN,transformer,embedding
276,2770,4.942597797708004e-07,100.0,1.0000004768371582,0.001,NaN,NaN,NaN,transformer,embedding
277,2780,NaN,NaN,NaN,NaN,NaN,NaN,NaN,transformer,embedding
278,2790,0.0006219429196789861,99.97874450683594,1.0006221532821655,0.001,NaN,NaN,NaN,transformer,embedding
279,2800,NaN,NaN,NaN,NaN,4.27258825302124,28.5015926361084,71.70699310302734,transformer,embedding
280,2810,0.04343361780047417,97.57653045654297,1.0443906784057617,0.001,NaN,NaN,NaN,transformer,embedding
281,2820,NaN,NaN,NaN,NaN,NaN,NaN,NaN,transformer,embedding
282,2830,0.03885935619473457,97.78911590576172,1.0396242141723633,0.001,NaN,NaN,NaN,transformer,embedding
283,2840,NaN,NaN,NaN,NaN,NaN,NaN,NaN,transformer,embedding
284,2850,0.01854480616748333,98.9795913696289,1.018717885017395,0.001,4.154680252075195,29.117958068847656,63.73158264160156,transformer,embedding
285,2860,NaN,NaN,NaN,NaN,NaN,NaN,NaN,transformer,embedding
286,2870,0.013481964357197285,99.36224365234375,1.0135732889175415,0.001,NaN,NaN,NaN,transformer,embedding
287,2880,NaN,NaN,NaN,NaN,NaN,NaN,NaN,transformer,embedding
288,2890,0.009525083005428314,99.44728088378906,1.009570598602295,0.001,NaN,NaN,NaN,transformer,embedding
289,2900,NaN,NaN,NaN,NaN,4.0382890701293945,31.923484802246094,56.72919845581055,transformer,embedding
290,2910,0.00932389311492443,99.68112182617188,1.0093674659729004,0.001,NaN,NaN,NaN,transformer,embedding
291,2920,NaN,NaN,NaN,NaN,NaN,NaN,NaN,transformer,embedding
292,2930,0.0037802672013640404,99.8299331665039,1.0037873983383179,0.001,NaN,NaN,NaN,transformer,embedding
293,2940,NaN,NaN,NaN,NaN,NaN,NaN,NaN,transformer,embedding
294,2950,0.0011018250370398164,99.95748138427734,1.0011024475097656,0.001,3.9928698539733887,33.09245300292969,54.210243225097656,transformer,embedding
295,2960,NaN,NaN,NaN,NaN,NaN,NaN,NaN,transformer,embedding
296,2970,0.000503365823533386,99.97874450683594,1.0005035400390625,0.001,NaN,NaN,NaN,transformer,embedding
297,2980,NaN,NaN,NaN,NaN,NaN,NaN,NaN,transformer,embedding
298,2990,0.0005391392624005675,99.97874450683594,1.0005393028259277,0.001,NaN,NaN,NaN,transformer,embedding
299,3000,NaN,NaN,NaN,NaN,3.9592642784118652,33.7725830078125,52.41874694824219,transformer,embedding
300,3010,0.003137399209663272,99.91496276855469,1.0031423568725586,0.001,NaN,NaN,NaN,transformer,embedding
301,3020,NaN,NaN,NaN,NaN,NaN,NaN,NaN,transformer,embedding
302,3030,NaN,NaN,NaN,NaN,NaN,NaN,NaN,transformer,embedding
303,3040,0.0036146079655736685,99.85118865966797,1.0036211013793945,0.001,NaN,NaN,NaN,transformer,embedding
304,3050,NaN,NaN,NaN,NaN,4.074120998382568,30.286928176879883,58.79877471923828,transformer,embedding
305,3060,NaN,NaN,NaN,NaN,NaN,NaN,NaN,transformer,embedding
306,3070,0.023461585864424706,98.85203552246094,1.023738980293274,0.001,NaN,NaN,NaN,transformer,embedding
307,3080,NaN,NaN,NaN,NaN,NaN,NaN,NaN,transformer,embedding
308,3090,NaN,NaN,NaN,NaN,NaN,NaN,NaN,transformer,embedding
309,3100,0.01559150405228138,99.19217681884766,1.0157136917114258,0.001,NaN,NaN,NaN,transformer,embedding
310,3110,NaN,NaN,NaN,NaN,4.070840835571289,29.904356002807617,58.60622024536133,transformer,embedding
311,3120,NaN,NaN,NaN,NaN,NaN,NaN,NaN,transformer,embedding
312,3130,0.007777254097163677,99.5748291015625,1.0078076124191284,0.001,NaN,NaN,NaN,transformer,embedding
313,3140,NaN,NaN,NaN,NaN,NaN,NaN,NaN,transformer,embedding
314,3150,NaN,NaN,NaN,NaN,NaN,NaN,NaN,transformer,embedding
315,3160,0.007752365432679653,99.68112182617188,1.0077824592590332,0.001,NaN,NaN,NaN,transformer,embedding
316,3170,NaN,NaN,NaN,NaN,4.031313419342041,31.965991973876953,56.33485412597656,transformer,embedding
317,3180,NaN,NaN,NaN,NaN,NaN,NaN,NaN,transformer,embedding
318,3190,0.007269767578691244,99.61734771728516,1.0072962045669556,0.001,NaN,NaN,NaN,transformer,embedding
319,3200,NaN,NaN,NaN,NaN,NaN,NaN,NaN,transformer,embedding
320,3210,NaN,NaN,NaN,NaN,NaN,NaN,NaN,transformer,embedding
321,3220,0.005213169381022453,99.76615905761719,1.005226731300354,0.001,NaN,NaN,NaN,transformer,embedding
322,3230,NaN,NaN,NaN,NaN,4.025074005126953,31.64718246459961,55.98445129394531,transformer,embedding
323,3240,NaN,NaN,NaN,NaN,NaN,NaN,NaN,transformer,embedding
324,3250,0.0036453017964959145,99.85118865966797,1.0036519765853882,0.001,NaN,NaN,NaN,transformer,embedding
325,3260,NaN,NaN,NaN,NaN,NaN,NaN,NaN,transformer,embedding
326,3270,NaN,NaN,NaN,NaN,NaN,NaN,NaN,transformer,embedding
327,3280,0.00699076522141695,99.72364044189453,1.0070152282714844,0.001,NaN,NaN,NaN,transformer,embedding
328,3290,NaN,NaN,NaN,NaN,3.9976212978363037,31.49840545654297,54.46843338012695,transformer,embedding
329,3300,NaN,NaN,NaN,NaN,NaN,NaN,NaN,transformer,embedding
330,3310,0.0070416247472167015,99.68112182617188,1.0070664882659912,0.001,NaN,NaN,NaN,transformer,embedding
331,3320,NaN,NaN,NaN,NaN,NaN,NaN,NaN,transformer,embedding
332,3330,NaN,NaN,NaN,NaN,NaN,NaN,NaN,transformer,embedding
333,3340,0.010753163136541843,99.46853637695312,1.01081120967865,0.001,NaN,NaN,NaN,transformer,embedding
334,3350,NaN,NaN,NaN,NaN,4.031314849853516,30.393198013305664,56.33493423461914,transformer,embedding
335,3360,NaN,NaN,NaN,NaN,NaN,NaN,NaN,transformer,embedding
336,3370,0.0036666349042207003,99.87245178222656,1.0036733150482178,0.001,NaN,NaN,NaN,transformer,embedding
337,3380,NaN,NaN,NaN,NaN,NaN,NaN,NaN,transformer,embedding
338,3390,NaN,NaN,NaN,NaN,NaN,NaN,NaN,transformer,embedding
339,3400,0.008861133828759193,99.65986633300781,1.00890052318573,0.001,NaN,NaN,NaN,transformer,embedding
340,3410,NaN,NaN,NaN,NaN,3.9981751441955566,31.413389205932617,54.49860763549805,transformer,embedding
341,3420,NaN,NaN,NaN,NaN,NaN,NaN,NaN,transformer,embedding
342,3430,0.009284374304115772,99.48979187011719,1.0093276500701904,0.001,NaN,NaN,NaN,transformer,embedding
343,3440,NaN,NaN,NaN,NaN,NaN,NaN,NaN,transformer,embedding
344,3450,NaN,NaN,NaN,NaN,NaN,NaN,NaN,transformer,embedding
345,3460,0.005809249356389046,99.76615905761719,1.0058261156082153,0.001,NaN,NaN,NaN,transformer,embedding
346,3470,NaN,NaN,NaN,NaN,3.977644205093384,32.221038818359375,53.391109466552734,transformer,embedding
347,3480,NaN,NaN,NaN,NaN,NaN,NaN,NaN,transformer,embedding
348,3490,0.004503462929278612,99.80867004394531,1.0045136213302612,0.001,NaN,NaN,NaN,transformer,embedding
349,3500,NaN,NaN,NaN,NaN,NaN,NaN,NaN,transformer,embedding
350,3510,NaN,NaN,NaN,NaN,NaN,NaN,NaN,transformer,embedding
351,3520,0.003588883439078927,99.85118865966797,1.0035953521728516,0.001,NaN,NaN,NaN,transformer,embedding
352,3530,NaN,NaN,NaN,NaN,3.9201548099517822,32.41232681274414,50.40824890136719,transformer,embedding
353,3540,NaN,NaN,NaN,NaN,NaN,NaN,NaN,transformer,embedding
354,3550,0.005980109330266714,99.70237731933594,1.0059980154037476,0.001,NaN,NaN,NaN,transformer,embedding
355,3560,NaN,NaN,NaN,NaN,NaN,NaN,NaN,transformer,embedding
356,3570,NaN,NaN,NaN,NaN,NaN,NaN,NaN,transformer,embedding
357,3580,0.024663610383868217,98.95832824707031,1.024970293045044,0.001,NaN,NaN,NaN,transformer,embedding
358,3590,NaN,NaN,NaN,NaN,NaN,NaN,NaN,transformer,embedding
359,3600,NaN,NaN,NaN,NaN,3.9208459854125977,31.668437957763672,50.44309997558594,transformer,embedding
360,3610,0.00840639416128397,99.55357360839844,1.0084418058395386,0.001,NaN,NaN,NaN,transformer,embedding
361,3620,NaN,NaN,NaN,NaN,NaN,NaN,NaN,transformer,embedding
362,3630,NaN,NaN,NaN,NaN,NaN,NaN,NaN,transformer,embedding
363,3640,0.001818204647861421,99.95748138427734,1.0018198490142822,0.001,NaN,NaN,NaN,transformer,embedding
364,3650,NaN,NaN,NaN,NaN,NaN,NaN,NaN,transformer,embedding
365,3660,NaN,NaN,NaN,NaN,NaN,NaN,NaN,transformer,embedding
366,3670,0.00043612453737296164,100.0,1.0004361867904663,0.001,3.8159067630767822,35.17534637451172,45.41791915893555,transformer,embedding
367,3680,NaN,NaN,NaN,NaN,NaN,NaN,NaN,transformer,embedding
368,3690,NaN,NaN,NaN,NaN,NaN,NaN,NaN,transformer,embedding
369,3700,0.00012925481132697314,100.0,1.000129222869873,0.001,NaN,NaN,NaN,transformer,embedding
370,3710,NaN,NaN,NaN,NaN,NaN,NaN,NaN,transformer,embedding
371,3720,NaN,NaN,NaN,NaN,NaN,NaN,NaN,transformer,embedding
372,3730,8.510169573128223e-05,100.0,1.0000851154327393,0.001,NaN,NaN,NaN,transformer,embedding
373,3740,NaN,NaN,NaN,NaN,3.7673468589782715,37.258235931396484,43.2651252746582,transformer,embedding
374,3750,NaN,NaN,NaN,NaN,NaN,NaN,NaN,transformer,embedding
375,3760,6.680579826934263e-05,100.0,1.0000667572021484,0.001,NaN,NaN,NaN,transformer,embedding
376,3770,NaN,NaN,NaN,NaN,NaN,NaN,NaN,transformer,embedding
377,3780,NaN,NaN,NaN,NaN,NaN,NaN,NaN,transformer,embedding
378,3790,5.4346368415281177e-05,100.0,1.0000543594360352,0.001,NaN,NaN,NaN,transformer,embedding
379,3800,NaN,NaN,NaN,NaN,NaN,NaN,NaN,transformer,embedding
380,3810,NaN,NaN,NaN,NaN,3.73897123336792,38.023380279541016,42.05470275878906,transformer,embedding
381,3820,4.4737385906046256e-05,100.0,1.0000447034835815,0.001,NaN,NaN,NaN,transformer,embedding
382,3830,NaN,NaN,NaN,NaN,NaN,NaN,NaN,transformer,embedding
383,3840,NaN,NaN,NaN,NaN,NaN,NaN,NaN,transformer,embedding
384,3850,3.7046713259769604e-05,100.0,1.0000370740890503,0.001,NaN,NaN,NaN,transformer,embedding
385,3860,NaN,NaN,NaN,NaN,NaN,NaN,NaN,transformer,embedding
386,3870,NaN,NaN,NaN,NaN,NaN,NaN,NaN,transformer,embedding
387,3880,3.061630195588805e-05,100.0,1.0000306367874146,0.001,3.714778184890747,38.72475814819336,41.04948043823242,transformer,embedding
388,3890,NaN,NaN,NaN,NaN,NaN,NaN,NaN,transformer,embedding
389,3900,NaN,NaN,NaN,NaN,NaN,NaN,NaN,transformer,embedding
390,3910,2.5265824660891667e-05,100.0,1.0000252723693848,0.001,NaN,NaN,NaN,transformer,embedding
391,3920,NaN,NaN,NaN,NaN,NaN,NaN,NaN,transformer,embedding
392,3930,NaN,NaN,NaN,NaN,NaN,NaN,NaN,transformer,embedding
393,3940,2.076094096992165e-05,100.0,1.0000207424163818,0.001,NaN,NaN,NaN,transformer,embedding
394,3950,NaN,NaN,NaN,NaN,3.697324514389038,39.48990249633789,40.3392333984375,transformer,embedding
395,3960,NaN,NaN,NaN,NaN,NaN,NaN,NaN,transformer,embedding
396,3970,1.6968760974123143e-05,100.0,1.0000169277191162,0.001,NaN,NaN,NaN,transformer,embedding
397,3980,NaN,NaN,NaN,NaN,NaN,NaN,NaN,transformer,embedding
398,3990,NaN,NaN,NaN,NaN,NaN,NaN,NaN,transformer,embedding
399,4000,1.3836510333931074e-05,100.0,1.000013828277588,0.001,NaN,NaN,NaN,transformer,embedding
400,4010,NaN,NaN,NaN,NaN,NaN,NaN,NaN,transformer,embedding
401,4020,NaN,NaN,NaN,NaN,3.6875219345092773,40.06376266479492,39.945735931396484,transformer,embedding
402,4030,1.122197227232391e-05,100.0,1.0000112056732178,0.001,NaN,NaN,NaN,transformer,embedding
403,4040,NaN,NaN,NaN,NaN,NaN,NaN,NaN,transformer,embedding
404,4050,NaN,NaN,NaN,NaN,NaN,NaN,NaN,transformer,embedding
405,4060,NaN,NaN,NaN,NaN,NaN,NaN,NaN,transformer,embedding
406,4070,8.42705867398763e-06,100.0,1.000008463859558,0.001,NaN,NaN,NaN,transformer,embedding
407,4080,NaN,NaN,NaN,NaN,NaN,NaN,NaN,transformer,embedding
408,4090,NaN,NaN,NaN,NaN,NaN,NaN,NaN,transformer,embedding
409,4100,NaN,NaN,NaN,NaN,3.6845543384552,41.14771270751953,39.827369689941406,transformer,embedding
410,4110,6.2946601246949285e-06,100.0,1.0000063180923462,0.001,NaN,NaN,NaN,transformer,embedding
411,4120,NaN,NaN,NaN,NaN,NaN,NaN,NaN,transformer,embedding
412,4130,NaN,NaN,NaN,NaN,NaN,NaN,NaN,transformer,embedding
413,4140,NaN,NaN,NaN,NaN,NaN,NaN,NaN,transformer,embedding
414,4150,4.645551143767079e-06,100.0,1.0000046491622925,0.001,NaN,NaN,NaN,transformer,embedding
415,4160,NaN,NaN,NaN,NaN,NaN,NaN,NaN,transformer,embedding
416,4170,NaN,NaN,NaN,NaN,NaN,NaN,NaN,transformer,embedding
417,4180,NaN,NaN,NaN,NaN,3.6916744709014893,41.95536422729492,40.11195755004883,transformer,embedding
418,4190,3.4004056033154484e-06,100.0,1.000003457069397,0.001,NaN,NaN,NaN,transformer,embedding
419,4200,NaN,NaN,NaN,NaN,NaN,NaN,NaN,transformer,embedding
420,4210,NaN,NaN,NaN,NaN,NaN,NaN,NaN,transformer,embedding
421,4220,NaN,NaN,NaN,NaN,NaN,NaN,NaN,transformer,embedding
422,4230,2.477325779182138e-06,100.0,1.0000025033950806,0.001,NaN,NaN,NaN,transformer,embedding
423,4240,NaN,NaN,NaN,NaN,NaN,NaN,NaN,transformer,embedding
424,4250,NaN,NaN,NaN,NaN,NaN,NaN,NaN,transformer,embedding
425,4260,NaN,NaN,NaN,NaN,3.7109267711639404,42.55047607421875,40.891685485839844,transformer,embedding
426,4270,1.7878587641462218e-06,100.0,1.0000017881393433,0.001,NaN,NaN,NaN,transformer,embedding
427,4280,NaN,NaN,NaN,NaN,NaN,NaN,NaN,transformer,embedding
428,4290,NaN,NaN,NaN,NaN,NaN,NaN,NaN,transformer,embedding
429,4300,NaN,NaN,NaN,NaN,NaN,NaN,NaN,transformer,embedding
430,4310,1.2817018841815297e-06,100.0,1.000001311302185,0.001,NaN,NaN,NaN,transformer,embedding
431,4320,NaN,NaN,NaN,NaN,NaN,NaN,NaN,transformer,embedding
432,4330,NaN,NaN,NaN,NaN,NaN,NaN,NaN,transformer,embedding
433,4340,NaN,NaN,NaN,NaN,3.740290403366089,42.8480339050293,42.1102180480957,transformer,embedding
434,4350,9.15749581054115e-07,100.0,1.0000009536743164,0.001,NaN,NaN,NaN,transformer,embedding
435,4360,NaN,NaN,NaN,NaN,NaN,NaN,NaN,transformer,embedding
436,4370,NaN,NaN,NaN,NaN,NaN,NaN,NaN,transformer,embedding
437,4380,NaN,NaN,NaN,NaN,NaN,NaN,NaN,transformer,embedding
438,4390,6.500630433947663e-07,100.0,1.0000005960464478,0.001,NaN,NaN,NaN,transformer,embedding
439,4400,NaN,NaN,NaN,NaN,NaN,NaN,NaN,transformer,embedding
440,4410,NaN,NaN,NaN,NaN,NaN,NaN,NaN,transformer,embedding
441,4420,NaN,NaN,NaN,NaN,3.7785487174987793,43.18809509277344,43.752498626708984,transformer,embedding
442,4430,4.590469586673862e-07,100.0,1.0000004768371582,0.001,NaN,NaN,NaN,transformer,embedding
443,4440,NaN,NaN,NaN,NaN,NaN,NaN,NaN,transformer,embedding
444,4450,NaN,NaN,NaN,NaN,NaN,NaN,NaN,transformer,embedding
445,4460,NaN,NaN,NaN,NaN,NaN,NaN,NaN,transformer,embedding
446,4470,3.2478445177730464e-07,100.0,1.0000003576278687,0.001,NaN,NaN,NaN,transformer,embedding
447,4480,NaN,NaN,NaN,NaN,NaN,NaN,NaN,transformer,embedding
448,4490,NaN,NaN,NaN,NaN,NaN,NaN,NaN,transformer,embedding
449,4500,NaN,NaN,NaN,NaN,3.8239941596984863,43.46439743041992,45.78672409057617,transformer,embedding
450,4510,2.2805363641964504e-07,100.0,1.000000238418579,0.001,NaN,NaN,NaN,transformer,embedding
451,4520,NaN,NaN,NaN,NaN,NaN,NaN,NaN,transformer,embedding
452,4530,NaN,NaN,NaN,NaN,NaN,NaN,NaN,transformer,embedding
453,4540,NaN,NaN,NaN,NaN,NaN,NaN,NaN,transformer,embedding
454,4550,1.6130252333823591e-07,100.0,1.0000001192092896,0.001,NaN,NaN,NaN,transformer,embedding
455,4560,NaN,NaN,NaN,NaN,NaN,NaN,NaN,transformer,embedding
456,4570,NaN,NaN,NaN,NaN,NaN,NaN,NaN,transformer,embedding
457,4580,NaN,NaN,NaN,NaN,3.861575126647949,43.528160095214844,47.5401725769043,transformer,embedding
458,4590,1.1485043671655149e-07,100.0,1.0000001192092896,0.001,NaN,NaN,NaN,transformer,embedding
459,4600,NaN,NaN,NaN,NaN,NaN,NaN,NaN,transformer,embedding
460,4610,NaN,NaN,NaN,NaN,NaN,NaN,NaN,transformer,embedding
461,4620,NaN,NaN,NaN,NaN,NaN,NaN,NaN,transformer,embedding
462,4630,8.312211718930484e-08,100.0,1.0000001192092896,0.001,NaN,NaN,NaN,transformer,embedding
463,4640,NaN,NaN,NaN,NaN,NaN,NaN,NaN,transformer,embedding
464,4650,NaN,NaN,NaN,NaN,NaN,NaN,NaN,transformer,embedding
465,4660,NaN,NaN,NaN,NaN,NaN,NaN,NaN,transformer,embedding
466,4670,6.098578353430639e-08,100.0,1.0000001192092896,0.001,3.892352819442749,43.591922760009766,49.026100158691406,transformer,embedding
467,4680,NaN,NaN,NaN,NaN,NaN,NaN,NaN,transformer,embedding
468,4690,NaN,NaN,NaN,NaN,NaN,NaN,NaN,transformer,embedding
469,4700,NaN,NaN,NaN,NaN,NaN,NaN,NaN,transformer,embedding
470,4710,4.5146965277353956e-08,100.0,1.0,0.001,NaN,NaN,NaN,transformer,embedding
471,4720,NaN,NaN,NaN,NaN,NaN,NaN,NaN,transformer,embedding
472,4730,NaN,NaN,NaN,NaN,NaN,NaN,NaN,transformer,embedding
473,4740,NaN,NaN,NaN,NaN,NaN,NaN,NaN,transformer,embedding
474,4750,3.4984779517799325e-08,100.0,1.0,0.001,NaN,NaN,NaN,transformer,embedding
475,4760,NaN,NaN,NaN,NaN,3.8924813270568848,43.91073226928711,49.03240203857422,transformer,embedding
476,4770,NaN,NaN,NaN,NaN,NaN,NaN,NaN,transformer,embedding
477,4780,NaN,NaN,NaN,NaN,NaN,NaN,NaN,transformer,embedding
478,4790,2.863658288276838e-08,100.0,1.0,0.001,NaN,NaN,NaN,transformer,embedding
479,4800,NaN,NaN,NaN,NaN,NaN,NaN,NaN,transformer,embedding
480,4810,NaN,NaN,NaN,NaN,NaN,NaN,NaN,transformer,embedding
481,4820,NaN,NaN,NaN,NaN,NaN,NaN,NaN,transformer,embedding
482,4830,2.5380121115858856e-08,100.0,1.0,0.001,NaN,NaN,NaN,transformer,embedding
483,4840,NaN,NaN,NaN,NaN,NaN,NaN,NaN,transformer,embedding
484,4850,NaN,NaN,NaN,NaN,3.8655598163604736,43.88947677612305,47.729984283447266,transformer,embedding
485,4860,NaN,NaN,NaN,NaN,NaN,NaN,NaN,transformer,embedding
486,4870,2.4505819595788125e-08,100.0,1.0,0.001,NaN,NaN,NaN,transformer,embedding
487,4880,NaN,NaN,NaN,NaN,NaN,NaN,NaN,transformer,embedding
488,4890,NaN,NaN,NaN,NaN,NaN,NaN,NaN,transformer,embedding
489,4900,NaN,NaN,NaN,NaN,NaN,NaN,NaN,transformer,embedding
490,4910,2.2072976335607564e-08,100.0,1.0,0.001,NaN,NaN,NaN,transformer,embedding
491,4920,NaN,NaN,NaN,NaN,NaN,NaN,NaN,transformer,embedding
492,4930,NaN,NaN,NaN,NaN,NaN,NaN,NaN,transformer,embedding
493,4940,NaN,NaN,NaN,NaN,3.8286712169647217,43.99574661254883,46.001373291015625,transformer,embedding
494,4950,2.0603133421559505e-08,100.0,1.0,0.001,NaN,NaN,NaN,transformer,embedding
495,4960,NaN,NaN,NaN,NaN,NaN,NaN,NaN,transformer,embedding
496,4970,NaN,NaN,NaN,NaN,NaN,NaN,NaN,transformer,embedding
497,4980,NaN,NaN,NaN,NaN,NaN,NaN,NaN,transformer,embedding
498,4990,2.003293708696674e-08,100.0,1.0,0.001,NaN,NaN,NaN,transformer,embedding
499,5000,NaN,NaN,NaN,NaN,NaN,NaN,NaN,transformer,embedding
500,5010,NaN,NaN,NaN,NaN,NaN,NaN,NaN,transformer,embedding
501,5020,NaN,NaN,NaN,NaN,NaN,NaN,NaN,transformer,embedding
502,5030,2.009629085364395e-08,100.0,1.0,0.001,3.7861828804016113,44.08076477050781,44.087791442871094,transformer,embedding
503,5040,NaN,NaN,NaN,NaN,NaN,NaN,NaN,transformer,embedding
504,5050,NaN,NaN,NaN,NaN,NaN,NaN,NaN,transformer,embedding
505,5060,NaN,NaN,NaN,NaN,NaN,NaN,NaN,transformer,embedding
506,5070,NaN,NaN,NaN,NaN,NaN,NaN,NaN,transformer,embedding
507,5080,1.9931567507569525e-08,100.0,1.0,0.001,NaN,NaN,NaN,transformer,embedding
508,5090,NaN,NaN,NaN,NaN,NaN,NaN,NaN,transformer,embedding
509,5100,NaN,NaN,NaN,NaN,NaN,NaN,NaN,transformer,embedding
510,5110,NaN,NaN,NaN,NaN,NaN,NaN,NaN,transformer,embedding
511,5120,NaN,NaN,NaN,NaN,NaN,NaN,NaN,transformer,embedding
512,5130,1.9602120815420676e-08,100.0,1.0,0.001,3.7339768409729004,44.399574279785156,41.84518814086914,transformer,embedding
513,5140,NaN,NaN,NaN,NaN,NaN,NaN,NaN,transformer,embedding
514,5150,NaN,NaN,NaN,NaN,NaN,NaN,NaN,transformer,embedding
515,5160,NaN,NaN,NaN,NaN,NaN,NaN,NaN,transformer,embedding
516,5170,NaN,NaN,NaN,NaN,NaN,NaN,NaN,transformer,embedding
517,5180,1.9120619754176005e-08,100.0,1.0,0.001,NaN,NaN,NaN,transformer,embedding
518,5190,NaN,NaN,NaN,NaN,NaN,NaN,NaN,transformer,embedding
519,5200,NaN,NaN,NaN,NaN,NaN,NaN,NaN,transformer,embedding
520,5210,NaN,NaN,NaN,NaN,NaN,NaN,NaN,transformer,embedding
521,5220,NaN,NaN,NaN,NaN,NaN,NaN,NaN,transformer,embedding
522,5230,1.901925195113563e-08,100.0,1.0,0.001,3.6902177333831787,44.484588623046875,40.053565979003906,transformer,embedding
523,5240,NaN,NaN,NaN,NaN,NaN,NaN,NaN,transformer,embedding
524,5250,NaN,NaN,NaN,NaN,NaN,NaN,NaN,transformer,embedding
525,5260,NaN,NaN,NaN,NaN,NaN,NaN,NaN,transformer,embedding
526,5270,NaN,NaN,NaN,NaN,NaN,NaN,NaN,transformer,embedding
527,5280,2.0451080828820523e-08,100.0,1.0,0.001,NaN,NaN,NaN,transformer,embedding
528,5290,NaN,NaN,NaN,NaN,NaN,NaN,NaN,transformer,embedding
529,5300,NaN,NaN,NaN,NaN,NaN,NaN,NaN,transformer,embedding
530,5310,NaN,NaN,NaN,NaN,NaN,NaN,NaN,transformer,embedding
531,5320,NaN,NaN,NaN,NaN,NaN,NaN,NaN,transformer,embedding
532,5330,2.017231892637028e-08,100.0,1.0,0.001,3.6510727405548096,44.335811614990234,38.515960693359375,transformer,embedding
533,5340,NaN,NaN,NaN,NaN,NaN,NaN,NaN,transformer,embedding
534,5350,NaN,NaN,NaN,NaN,NaN,NaN,NaN,transformer,embedding
535,5360,NaN,NaN,NaN,NaN,NaN,NaN,NaN,transformer,embedding
536,5370,NaN,NaN,NaN,NaN,NaN,NaN,NaN,transformer,embedding
537,5380,2.0514436371854572e-08,100.0,1.0,0.001,NaN,NaN,NaN,transformer,embedding
538,5390,NaN,NaN,NaN,NaN,NaN,NaN,NaN,transformer,embedding
539,5400,NaN,NaN,NaN,NaN,NaN,NaN,NaN,transformer,embedding
540,5410,NaN,NaN,NaN,NaN,NaN,NaN,NaN,transformer,embedding
541,5420,NaN,NaN,NaN,NaN,NaN,NaN,NaN,transformer,embedding
542,5430,2.1401410421617584e-08,100.0,1.0,0.001,3.6233839988708496,44.442081451416016,37.46413040161133,transformer,embedding
543,5440,NaN,NaN,NaN,NaN,NaN,NaN,NaN,transformer,embedding
544,5450,NaN,NaN,NaN,NaN,NaN,NaN,NaN,transformer,embedding
545,5460,NaN,NaN,NaN,NaN,NaN,NaN,NaN,transformer,embedding
546,5470,NaN,NaN,NaN,NaN,NaN,NaN,NaN,transformer,embedding
547,5480,2.0210331186376607e-08,100.0,1.0,0.001,NaN,NaN,NaN,transformer,embedding
548,5490,NaN,NaN,NaN,NaN,NaN,NaN,NaN,transformer,embedding
549,5500,NaN,NaN,NaN,NaN,NaN,NaN,NaN,transformer,embedding
550,5510,NaN,NaN,NaN,NaN,NaN,NaN,NaN,transformer,embedding
551,5520,NaN,NaN,NaN,NaN,NaN,NaN,NaN,transformer,embedding
552,5530,2.070450300095672e-08,100.0,1.0,0.001,3.583186149597168,44.56960678100586,35.98802185058594,transformer,embedding
553,5540,NaN,NaN,NaN,NaN,NaN,NaN,NaN,transformer,embedding
554,5550,NaN,NaN,NaN,NaN,NaN,NaN,NaN,transformer,embedding
555,5560,NaN,NaN,NaN,NaN,NaN,NaN,NaN,transformer,embedding
556,5570,NaN,NaN,NaN,NaN,NaN,NaN,NaN,transformer,embedding
557,5580,1.909527824750512e-08,100.0,1.0,0.001,NaN,NaN,NaN,transformer,embedding
558,5590,NaN,NaN,NaN,NaN,NaN,NaN,NaN,transformer,embedding
559,5600,NaN,NaN,NaN,NaN,NaN,NaN,NaN,transformer,embedding
560,5610,NaN,NaN,NaN,NaN,NaN,NaN,NaN,transformer,embedding
561,5620,NaN,NaN,NaN,NaN,NaN,NaN,NaN,transformer,embedding
562,5630,2.1616818557390616e-08,100.0,1.0,0.001,NaN,NaN,NaN,transformer,embedding
563,5640,NaN,NaN,NaN,NaN,3.552015781402588,44.69712829589844,34.88356399536133,transformer,embedding
564,5650,NaN,NaN,NaN,NaN,NaN,NaN,NaN,transformer,embedding
565,5660,NaN,NaN,NaN,NaN,NaN,NaN,NaN,transformer,embedding
566,5670,NaN,NaN,NaN,NaN,NaN,NaN,NaN,transformer,embedding
567,5680,2.1071961953111895e-08,100.0,1.0,0.001,NaN,NaN,NaN,transformer,embedding
568,5690,NaN,NaN,NaN,NaN,NaN,NaN,NaN,transformer,embedding
569,5700,NaN,NaN,NaN,NaN,NaN,NaN,NaN,transformer,embedding
570,5710,NaN,NaN,NaN,NaN,NaN,NaN,NaN,transformer,embedding
571,5720,NaN,NaN,NaN,NaN,NaN,NaN,NaN,transformer,embedding
572,5730,2.212366112530617e-08,100.0,1.0,0.001,NaN,NaN,NaN,transformer,embedding
573,5740,NaN,NaN,NaN,NaN,NaN,NaN,NaN,transformer,embedding
574,5750,NaN,NaN,NaN,NaN,3.517836809158325,44.63336944580078,33.71142578125,transformer,embedding
575,5760,NaN,NaN,NaN,NaN,NaN,NaN,NaN,transformer,embedding
576,5770,NaN,NaN,NaN,NaN,NaN,NaN,NaN,transformer,embedding
577,5780,2.050176561851913e-08,100.0,1.0,0.001,NaN,NaN,NaN,transformer,embedding
578,5790,NaN,NaN,NaN,NaN,NaN,NaN,NaN,transformer,embedding
579,5800,NaN,NaN,NaN,NaN,NaN,NaN,NaN,transformer,embedding
580,5810,NaN,NaN,NaN,NaN,NaN,NaN,NaN,transformer,embedding
581,5820,NaN,NaN,NaN,NaN,NaN,NaN,NaN,transformer,embedding
582,5830,2.2693857459898936e-08,100.0,1.0,0.001,NaN,NaN,NaN,transformer,embedding
583,5840,NaN,NaN,NaN,NaN,NaN,NaN,NaN,transformer,embedding
584,5850,NaN,NaN,NaN,NaN,NaN,NaN,NaN,transformer,embedding
585,5860,NaN,NaN,NaN,NaN,3.484992742538452,44.78214645385742,32.622188568115234,transformer,embedding
586,5870,NaN,NaN,NaN,NaN,NaN,NaN,NaN,transformer,embedding
587,5880,2.1388739668282142e-08,100.0,1.0,0.001,NaN,NaN,NaN,transformer,embedding
588,5890,NaN,NaN,NaN,NaN,NaN,NaN,NaN,transformer,embedding
589,5900,NaN,NaN,NaN,NaN,NaN,NaN,NaN,transformer,embedding
590,5910,NaN,NaN,NaN,NaN,NaN,NaN,NaN,transformer,embedding
591,5920,NaN,NaN,NaN,NaN,NaN,NaN,NaN,transformer,embedding
592,5930,2.218701489198338e-08,100.0,1.0,0.001,NaN,NaN,NaN,transformer,embedding
593,5940,NaN,NaN,NaN,NaN,NaN,NaN,NaN,transformer,embedding
594,5950,NaN,NaN,NaN,NaN,NaN,NaN,NaN,transformer,embedding
595,5960,NaN,NaN,NaN,NaN,NaN,NaN,NaN,transformer,embedding
596,5970,NaN,NaN,NaN,NaN,3.4521448612213135,44.80339813232422,31.568029403686523,transformer,embedding
597,5980,2.366952855936688e-08,100.0,1.0,0.001,NaN,NaN,NaN,transformer,embedding
598,5990,NaN,NaN,NaN,NaN,NaN,NaN,NaN,transformer,embedding
599,6000,NaN,NaN,NaN,NaN,NaN,NaN,NaN,transformer,embedding
600,6010,NaN,NaN,NaN,NaN,NaN,NaN,NaN,transformer,embedding
601,6020,NaN,NaN,NaN,NaN,NaN,NaN,NaN,transformer,embedding
602,6030,2.2554477396852235e-08,100.0,1.0,0.001,NaN,NaN,NaN,transformer,embedding
603,6040,NaN,NaN,NaN,NaN,NaN,NaN,NaN,transformer,embedding
604,6050,NaN,NaN,NaN,NaN,NaN,NaN,NaN,transformer,embedding
605,6060,NaN,NaN,NaN,NaN,NaN,NaN,NaN,transformer,embedding
606,6070,NaN,NaN,NaN,NaN,NaN,NaN,NaN,transformer,embedding
607,6080,NaN,NaN,NaN,NaN,3.4273135662078857,44.80339813232422,30.793806076049805,transformer,embedding
608,6090,2.359350403935423e-08,100.0,1.0,0.001,NaN,NaN,NaN,transformer,embedding
609,6100,NaN,NaN,NaN,NaN,NaN,NaN,NaN,transformer,embedding
610,6110,NaN,NaN,NaN,NaN,NaN,NaN,NaN,transformer,embedding
611,6120,NaN,NaN,NaN,NaN,NaN,NaN,NaN,transformer,embedding
612,6130,NaN,NaN,NaN,NaN,NaN,NaN,NaN,transformer,embedding
613,6140,NaN,NaN,NaN,NaN,NaN,NaN,NaN,transformer,embedding
614,6150,2.3441449670258407e-08,100.0,1.0,0.001,NaN,NaN,NaN,transformer,embedding
615,6160,NaN,NaN,NaN,NaN,NaN,NaN,NaN,transformer,embedding
616,6170,NaN,NaN,NaN,NaN,NaN,NaN,NaN,transformer,embedding
617,6180,NaN,NaN,NaN,NaN,NaN,NaN,NaN,transformer,embedding
618,6190,NaN,NaN,NaN,NaN,NaN,NaN,NaN,transformer,embedding
619,6200,NaN,NaN,NaN,NaN,3.4086923599243164,45.037193298339844,30.22569465637207,transformer,embedding
620,6210,2.4619858152163943e-08,100.0,1.0,0.001,NaN,NaN,NaN,transformer,embedding
621,6220,NaN,NaN,NaN,NaN,NaN,NaN,NaN,transformer,embedding
622,6230,NaN,NaN,NaN,NaN,NaN,NaN,NaN,transformer,embedding
623,6240,NaN,NaN,NaN,NaN,NaN,NaN,NaN,transformer,embedding
624,6250,NaN,NaN,NaN,NaN,NaN,NaN,NaN,transformer,embedding
625,6260,NaN,NaN,NaN,NaN,NaN,NaN,NaN,transformer,embedding
626,6270,2.3808910398770422e-08,100.0,1.0,0.001,NaN,NaN,NaN,transformer,embedding
627,6280,NaN,NaN,NaN,NaN,NaN,NaN,NaN,transformer,embedding
628,6290,NaN,NaN,NaN,NaN,NaN,NaN,NaN,transformer,embedding
629,6300,NaN,NaN,NaN,NaN,NaN,NaN,NaN,transformer,embedding
630,6310,NaN,NaN,NaN,NaN,NaN,NaN,NaN,transformer,embedding
631,6320,NaN,NaN,NaN,NaN,3.37541127204895,44.97343063354492,29.236305236816406,transformer,embedding
632,6330,2.407500332424206e-08,100.0,1.0,0.001,NaN,NaN,NaN,transformer,embedding
633,6340,NaN,NaN,NaN,NaN,NaN,NaN,NaN,transformer,embedding
634,6350,NaN,NaN,NaN,NaN,NaN,NaN,NaN,transformer,embedding
635,6360,NaN,NaN,NaN,NaN,NaN,NaN,NaN,transformer,embedding
636,6370,NaN,NaN,NaN,NaN,NaN,NaN,NaN,transformer,embedding
637,6380,NaN,NaN,NaN,NaN,NaN,NaN,NaN,transformer,embedding
638,6390,2.6571200351099833e-08,100.0,1.0,0.001,NaN,NaN,NaN,transformer,embedding
639,6400,NaN,NaN,NaN,NaN,NaN,NaN,NaN,transformer,embedding
640,6410,NaN,NaN,NaN,NaN,NaN,NaN,NaN,transformer,embedding
641,6420,NaN,NaN,NaN,NaN,NaN,NaN,NaN,transformer,embedding
642,6430,NaN,NaN,NaN,NaN,NaN,NaN,NaN,transformer,embedding
643,6440,NaN,NaN,NaN,NaN,3.3698081970214844,44.8884162902832,29.07295036315918,transformer,embedding
644,6450,2.882664773551369e-08,100.0,1.0,0.001,NaN,NaN,NaN,transformer,embedding
645,6460,NaN,NaN,NaN,NaN,NaN,NaN,NaN,transformer,embedding
646,6470,NaN,NaN,NaN,NaN,NaN,NaN,NaN,transformer,embedding
647,6480,NaN,NaN,NaN,NaN,NaN,NaN,NaN,transformer,embedding
648,6490,NaN,NaN,NaN,NaN,NaN,NaN,NaN,transformer,embedding
649,6500,NaN,NaN,NaN,NaN,NaN,NaN,NaN,transformer,embedding
650,6510,2.7534200697232336e-08,100.0,1.0,0.001,NaN,NaN,NaN,transformer,embedding
651,6520,NaN,NaN,NaN,NaN,NaN,NaN,NaN,transformer,embedding
652,6530,NaN,NaN,NaN,NaN,NaN,NaN,NaN,transformer,embedding
653,6540,NaN,NaN,NaN,NaN,NaN,NaN,NaN,transformer,embedding
654,6550,NaN,NaN,NaN,NaN,NaN,NaN,NaN,transformer,embedding
655,6560,NaN,NaN,NaN,NaN,3.3560163974761963,45.058448791503906,28.674734115600586,transformer,embedding
656,6570,2.701468737598134e-08,100.0,1.0,0.001,NaN,NaN,NaN,transformer,embedding
657,6580,NaN,NaN,NaN,NaN,NaN,NaN,NaN,transformer,embedding
658,6590,NaN,NaN,NaN,NaN,NaN,NaN,NaN,transformer,embedding
659,6600,NaN,NaN,NaN,NaN,NaN,NaN,NaN,transformer,embedding
660,6610,NaN,NaN,NaN,NaN,NaN,NaN,NaN,transformer,embedding
661,6620,NaN,NaN,NaN,NaN,NaN,NaN,NaN,transformer,embedding
662,6630,2.7458174400862845e-08,100.0,1.0,0.001,NaN,NaN,NaN,transformer,embedding
663,6640,NaN,NaN,NaN,NaN,NaN,NaN,NaN,transformer,embedding
664,6650,NaN,NaN,NaN,NaN,NaN,NaN,NaN,transformer,embedding
665,6660,NaN,NaN,NaN,NaN,NaN,NaN,NaN,transformer,embedding
666,6670,NaN,NaN,NaN,NaN,NaN,NaN,NaN,transformer,embedding
667,6680,NaN,NaN,NaN,NaN,NaN,NaN,NaN,transformer,embedding
668,6690,3.125948566662373e-08,100.0,1.0,0.001,3.364814519882202,44.76089096069336,28.928131103515625,transformer,embedding
669,6700,NaN,NaN,NaN,NaN,NaN,NaN,NaN,transformer,embedding
670,6710,NaN,NaN,NaN,NaN,NaN,NaN,NaN,transformer,embedding
671,6720,NaN,NaN,NaN,NaN,NaN,NaN,NaN,transformer,embedding
672,6730,NaN,NaN,NaN,NaN,NaN,NaN,NaN,transformer,embedding
673,6740,NaN,NaN,NaN,NaN,NaN,NaN,NaN,transformer,embedding
674,6750,0.02840723656117916,98.44812774658203,1.0288145542144775,0.001,NaN,NaN,NaN,transformer,embedding
675,6760,NaN,NaN,NaN,NaN,NaN,NaN,NaN,transformer,embedding
676,6770,NaN,NaN,NaN,NaN,NaN,NaN,NaN,transformer,embedding
677,6780,NaN,NaN,NaN,NaN,NaN,NaN,NaN,transformer,embedding
678,6790,NaN,NaN,NaN,NaN,NaN,NaN,NaN,transformer,embedding
679,6800,NaN,NaN,NaN,NaN,NaN,NaN,NaN,transformer,embedding
680,6810,0.0004414647410158068,100.0,1.000441551208496,0.001,NaN,NaN,NaN,transformer,embedding
681,6820,NaN,NaN,NaN,NaN,3.7809436321258545,38.150901794433594,43.85740661621094,transformer,embedding
682,6830,NaN,NaN,NaN,NaN,NaN,NaN,NaN,transformer,embedding
683,6840,NaN,NaN,NaN,NaN,NaN,NaN,NaN,transformer,embedding
684,6850,NaN,NaN,NaN,NaN,NaN,NaN,NaN,transformer,embedding
685,6860,NaN,NaN,NaN,NaN,NaN,NaN,NaN,transformer,embedding
686,6870,4.822267510462552e-05,100.0,1.000048279762268,0.001,NaN,NaN,NaN,transformer,embedding
687,6880,NaN,NaN,NaN,NaN,NaN,NaN,NaN,transformer,embedding
688,6890,NaN,NaN,NaN,NaN,NaN,NaN,NaN,transformer,embedding
689,6900,NaN,NaN,NaN,NaN,NaN,NaN,NaN,transformer,embedding
690,6910,NaN,NaN,NaN,NaN,NaN,NaN,NaN,transformer,embedding
691,6920,NaN,NaN,NaN,NaN,NaN,NaN,NaN,transformer,embedding
692,6930,2.8935535738128237e-05,100.0,1.0000289678573608,0.001,NaN,NaN,NaN,transformer,embedding
693,6940,NaN,NaN,NaN,NaN,NaN,NaN,NaN,transformer,embedding
694,6950,NaN,NaN,NaN,NaN,3.7408292293548584,40.616363525390625,42.13291549682617,transformer,embedding
695,6960,NaN,NaN,NaN,NaN,NaN,NaN,NaN,transformer,embedding
696,6970,NaN,NaN,NaN,NaN,NaN,NaN,NaN,transformer,embedding
697,6980,NaN,NaN,NaN,NaN,NaN,NaN,NaN,transformer,embedding
698,6990,1.8922135495813563e-05,100.0,1.0000189542770386,0.001,NaN,NaN,NaN,transformer,embedding
699,7000,NaN,NaN,NaN,NaN,NaN,NaN,NaN,transformer,embedding
700,7010,NaN,NaN,NaN,NaN,NaN,NaN,NaN,transformer,embedding
701,7020,NaN,NaN,NaN,NaN,NaN,NaN,NaN,transformer,embedding
702,7030,NaN,NaN,NaN,NaN,NaN,NaN,NaN,transformer,embedding
703,7040,NaN,NaN,NaN,NaN,NaN,NaN,NaN,transformer,embedding
704,7050,1.2447479093680158e-05,100.0,1.0000123977661133,0.001,NaN,NaN,NaN,transformer,embedding
705,7060,NaN,NaN,NaN,NaN,NaN,NaN,NaN,transformer,embedding
706,7070,NaN,NaN,NaN,NaN,NaN,NaN,NaN,transformer,embedding
707,7080,NaN,NaN,NaN,NaN,3.708930730819702,41.466522216796875,40.81014633178711,transformer,embedding
708,7090,NaN,NaN,NaN,NaN,NaN,NaN,NaN,transformer,embedding
709,7100,NaN,NaN,NaN,NaN,NaN,NaN,NaN,transformer,embedding
710,7110,NaN,NaN,NaN,NaN,NaN,NaN,NaN,transformer,embedding
711,7120,7.603421181556769e-06,100.0,1.0000076293945312,0.001,NaN,NaN,NaN,transformer,embedding
712,7130,NaN,NaN,NaN,NaN,NaN,NaN,NaN,transformer,embedding
713,7140,NaN,NaN,NaN,NaN,NaN,NaN,NaN,transformer,embedding
714,7150,NaN,NaN,NaN,NaN,NaN,NaN,NaN,transformer,embedding
715,7160,NaN,NaN,NaN,NaN,NaN,NaN,NaN,transformer,embedding
716,7170,NaN,NaN,NaN,NaN,NaN,NaN,NaN,transformer,embedding
717,7180,NaN,NaN,NaN,NaN,NaN,NaN,NaN,transformer,embedding
718,7190,4.584734142554225e-06,100.0,1.000004529953003,0.001,NaN,NaN,NaN,transformer,embedding
719,7200,NaN,NaN,NaN,NaN,NaN,NaN,NaN,transformer,embedding
720,7210,NaN,NaN,NaN,NaN,NaN,NaN,NaN,transformer,embedding
721,7220,NaN,NaN,NaN,NaN,3.6800711154937744,42.699256896972656,39.64921188354492,transformer,embedding
722,7230,NaN,NaN,NaN,NaN,NaN,NaN,NaN,transformer,embedding
723,7240,NaN,NaN,NaN,NaN,NaN,NaN,NaN,transformer,embedding
724,7250,NaN,NaN,NaN,NaN,NaN,NaN,NaN,transformer,embedding
725,7260,2.75732190857525e-06,100.0,1.0000027418136597,0.001,NaN,NaN,NaN,transformer,embedding
726,7270,NaN,NaN,NaN,NaN,NaN,NaN,NaN,transformer,embedding
727,7280,NaN,NaN,NaN,NaN,NaN,NaN,NaN,transformer,embedding
728,7290,NaN,NaN,NaN,NaN,NaN,NaN,NaN,transformer,embedding
729,7300,NaN,NaN,NaN,NaN,NaN,NaN,NaN,transformer,embedding
730,7310,NaN,NaN,NaN,NaN,NaN,NaN,NaN,transformer,embedding
731,7320,NaN,NaN,NaN,NaN,NaN,NaN,NaN,transformer,embedding
732,7330,1.6454342812721734e-06,100.0,1.0000016689300537,0.001,NaN,NaN,NaN,transformer,embedding
733,7340,NaN,NaN,NaN,NaN,NaN,NaN,NaN,transformer,embedding
734,7350,NaN,NaN,NaN,NaN,NaN,NaN,NaN,transformer,embedding
735,7360,NaN,NaN,NaN,NaN,3.651916265487671,43.25185775756836,38.548465728759766,transformer,embedding
736,7370,NaN,NaN,NaN,NaN,NaN,NaN,NaN,transformer,embedding
737,7380,NaN,NaN,NaN,NaN,NaN,NaN,NaN,transformer,embedding
738,7390,NaN,NaN,NaN,NaN,NaN,NaN,NaN,transformer,embedding
739,7400,9.849202342593344e-07,100.0,1.0000009536743164,0.001,NaN,NaN,NaN,transformer,embedding
740,7410,NaN,NaN,NaN,NaN,NaN,NaN,NaN,transformer,embedding
741,7420,NaN,NaN,NaN,NaN,NaN,NaN,NaN,transformer,embedding
742,7430,NaN,NaN,NaN,NaN,NaN,NaN,NaN,transformer,embedding
743,7440,NaN,NaN,NaN,NaN,NaN,NaN,NaN,transformer,embedding
744,7450,NaN,NaN,NaN,NaN,NaN,NaN,NaN,transformer,embedding
745,7460,NaN,NaN,NaN,NaN,NaN,NaN,NaN,transformer,embedding
746,7470,5.850731099599216e-07,100.0,1.0000005960464478,0.001,NaN,NaN,NaN,transformer,embedding
747,7480,NaN,NaN,NaN,NaN,NaN,NaN,NaN,transformer,embedding
748,7490,NaN,NaN,NaN,NaN,NaN,NaN,NaN,transformer,embedding
749,7500,NaN,NaN,NaN,NaN,3.6306231021881104,43.783206939697266,37.736324310302734,transformer,embedding
750,7510,NaN,NaN,NaN,NaN,NaN,NaN,NaN,transformer,embedding
751,7520,NaN,NaN,NaN,NaN,NaN,NaN,NaN,transformer,embedding
752,7530,NaN,NaN,NaN,NaN,NaN,NaN,NaN,transformer,embedding
753,7540,3.4365166357019916e-07,100.0,1.0000003576278687,0.001,NaN,NaN,NaN,transformer,embedding
754,7550,NaN,NaN,NaN,NaN,NaN,NaN,NaN,transformer,embedding
755,7560,NaN,NaN,NaN,NaN,NaN,NaN,NaN,transformer,embedding
756,7570,NaN,NaN,NaN,NaN,NaN,NaN,NaN,transformer,embedding
757,7580,NaN,NaN,NaN,NaN,NaN,NaN,NaN,transformer,embedding
758,7590,NaN,NaN,NaN,NaN,NaN,NaN,NaN,transformer,embedding
759,7600,NaN,NaN,NaN,NaN,NaN,NaN,NaN,transformer,embedding
760,7610,1.9916362248295627e-07,100.0,1.000000238418579,0.001,NaN,NaN,NaN,transformer,embedding
761,7620,NaN,NaN,NaN,NaN,NaN,NaN,NaN,transformer,embedding
762,7630,NaN,NaN,NaN,NaN,NaN,NaN,NaN,transformer,embedding
763,7640,NaN,NaN,NaN,NaN,3.6172900199890137,44.61211395263672,37.23651885986328,transformer,embedding
764,7650,NaN,NaN,NaN,NaN,NaN,NaN,NaN,transformer,embedding
765,7660,NaN,NaN,NaN,NaN,NaN,NaN,NaN,transformer,embedding
766,7670,NaN,NaN,NaN,NaN,NaN,NaN,NaN,transformer,embedding
767,7680,1.1789148857133114e-07,100.0,1.0000001192092896,0.001,NaN,NaN,NaN,transformer,embedding
768,7690,NaN,NaN,NaN,NaN,NaN,NaN,NaN,transformer,embedding
769,7700,NaN,NaN,NaN,NaN,NaN,NaN,NaN,transformer,embedding
770,7710,NaN,NaN,NaN,NaN,NaN,NaN,NaN,transformer,embedding
771,7720,NaN,NaN,NaN,NaN,NaN,NaN,NaN,transformer,embedding
772,7730,NaN,NaN,NaN,NaN,NaN,NaN,NaN,transformer,embedding
773,7740,NaN,NaN,NaN,NaN,NaN,NaN,NaN,transformer,embedding
774,7750,7.555749448329152e-08,100.0,1.0000001192092896,0.001,NaN,NaN,NaN,transformer,embedding
775,7760,NaN,NaN,NaN,NaN,NaN,NaN,NaN,transformer,embedding
776,7770,NaN,NaN,NaN,NaN,NaN,NaN,NaN,transformer,embedding
777,7780,NaN,NaN,NaN,NaN,NaN,NaN,NaN,transformer,embedding
778,7790,NaN,NaN,NaN,NaN,3.5627365112304688,44.97343063354492,35.259552001953125,transformer,embedding
779,7800,NaN,NaN,NaN,NaN,NaN,NaN,NaN,transformer,embedding
780,7810,NaN,NaN,NaN,NaN,NaN,NaN,NaN,transformer,embedding
781,7820,5.470094066595266e-08,100.0,1.0,0.001,NaN,NaN,NaN,transformer,embedding
782,7830,NaN,NaN,NaN,NaN,NaN,NaN,NaN,transformer,embedding
783,7840,NaN,NaN,NaN,NaN,NaN,NaN,NaN,transformer,embedding
784,7850,NaN,NaN,NaN,NaN,NaN,NaN,NaN,transformer,embedding
785,7860,NaN,NaN,NaN,NaN,NaN,NaN,NaN,transformer,embedding
786,7870,NaN,NaN,NaN,NaN,NaN,NaN,NaN,transformer,embedding
787,7880,NaN,NaN,NaN,NaN,NaN,NaN,NaN,transformer,embedding
788,7890,4.381650597906628e-08,100.0,1.0,0.001,NaN,NaN,NaN,transformer,embedding
789,7900,NaN,NaN,NaN,NaN,NaN,NaN,NaN,transformer,embedding
790,7910,NaN,NaN,NaN,NaN,NaN,NaN,NaN,transformer,embedding
791,7920,NaN,NaN,NaN,NaN,NaN,NaN,NaN,transformer,embedding
792,7930,NaN,NaN,NaN,NaN,NaN,NaN,NaN,transformer,embedding
793,7940,NaN,NaN,NaN,NaN,3.441257953643799,45.44102096557617,31.226215362548828,transformer,embedding
794,7950,NaN,NaN,NaN,NaN,NaN,NaN,NaN,transformer,embedding
795,7960,4.059805647216308e-08,100.0,1.0,0.001,NaN,NaN,NaN,transformer,embedding
796,7970,NaN,NaN,NaN,NaN,NaN,NaN,NaN,transformer,embedding
797,7980,NaN,NaN,NaN,NaN,NaN,NaN,NaN,transformer,embedding
798,7990,NaN,NaN,NaN,NaN,NaN,NaN,NaN,transformer,embedding
799,8000,NaN,NaN,NaN,NaN,NaN,NaN,NaN,transformer,embedding
800,8010,NaN,NaN,NaN,NaN,NaN,NaN,NaN,transformer,embedding
801,8020,NaN,NaN,NaN,NaN,NaN,NaN,NaN,transformer,embedding
802,8030,3.8342609087749224e-08,100.0,1.0,0.001,NaN,NaN,NaN,transformer,embedding
803,8040,NaN,NaN,NaN,NaN,NaN,NaN,NaN,transformer,embedding
804,8050,NaN,NaN,NaN,NaN,NaN,NaN,NaN,transformer,embedding
805,8060,NaN,NaN,NaN,NaN,NaN,NaN,NaN,transformer,embedding
806,8070,NaN,NaN,NaN,NaN,NaN,NaN,NaN,transformer,embedding
807,8080,NaN,NaN,NaN,NaN,NaN,NaN,NaN,transformer,embedding
808,8090,NaN,NaN,NaN,NaN,3.3558034896850586,45.56854248046875,28.668630599975586,transformer,embedding
809,8100,NaN,NaN,NaN,NaN,NaN,NaN,NaN,transformer,embedding
810,8110,3.577038398816512e-08,100.0,1.0,0.001,NaN,NaN,NaN,transformer,embedding
811,8120,NaN,NaN,NaN,NaN,NaN,NaN,NaN,transformer,embedding
812,8130,NaN,NaN,NaN,NaN,NaN,NaN,NaN,transformer,embedding
813,8140,NaN,NaN,NaN,NaN,NaN,NaN,NaN,transformer,embedding
814,8150,NaN,NaN,NaN,NaN,NaN,NaN,NaN,transformer,embedding
815,8160,NaN,NaN,NaN,NaN,NaN,NaN,NaN,transformer,embedding
816,8170,NaN,NaN,NaN,NaN,NaN,NaN,NaN,transformer,embedding
817,8180,NaN,NaN,NaN,NaN,NaN,NaN,NaN,transformer,embedding
818,8190,3.609983423302765e-08,100.0,1.0,0.001,NaN,NaN,NaN,transformer,embedding
819,8200,NaN,NaN,NaN,NaN,NaN,NaN,NaN,transformer,embedding
820,8210,NaN,NaN,NaN,NaN,NaN,NaN,NaN,transformer,embedding
821,8220,NaN,NaN,NaN,NaN,NaN,NaN,NaN,transformer,embedding
822,8230,NaN,NaN,NaN,NaN,NaN,NaN,NaN,transformer,embedding
823,8240,NaN,NaN,NaN,NaN,NaN,NaN,NaN,transformer,embedding
824,8250,NaN,NaN,NaN,NaN,3.2634217739105225,45.844844818115234,26.138826370239258,transformer,embedding
825,8260,NaN,NaN,NaN,NaN,NaN,NaN,NaN,transformer,embedding
826,8270,3.549162030935804e-08,100.0,1.0,0.001,NaN,NaN,NaN,transformer,embedding
827,8280,NaN,NaN,NaN,NaN,NaN,NaN,NaN,transformer,embedding
828,8290,NaN,NaN,NaN,NaN,NaN,NaN,NaN,transformer,embedding
829,8300,NaN,NaN,NaN,NaN,NaN,NaN,NaN,transformer,embedding
830,8310,NaN,NaN,NaN,NaN,NaN,NaN,NaN,transformer,embedding
831,8320,NaN,NaN,NaN,NaN,NaN,NaN,NaN,transformer,embedding
832,8330,NaN,NaN,NaN,NaN,NaN,NaN,NaN,transformer,embedding
833,8340,NaN,NaN,NaN,NaN,NaN,NaN,NaN,transformer,embedding
834,8350,3.661934755427865e-08,100.0,1.0,0.001,NaN,NaN,NaN,transformer,embedding
835,8360,NaN,NaN,NaN,NaN,NaN,NaN,NaN,transformer,embedding
836,8370,NaN,NaN,NaN,NaN,NaN,NaN,NaN,transformer,embedding
837,8380,NaN,NaN,NaN,NaN,NaN,NaN,NaN,transformer,embedding
838,8390,NaN,NaN,NaN,NaN,NaN,NaN,NaN,transformer,embedding
839,8400,NaN,NaN,NaN,NaN,NaN,NaN,NaN,transformer,embedding
840,8410,NaN,NaN,NaN,NaN,3.2143585681915283,45.97237014770508,24.8873233795166,transformer,embedding
841,8420,NaN,NaN,NaN,NaN,NaN,NaN,NaN,transformer,embedding
842,8430,3.608716170333537e-08,100.0,1.0,0.001,NaN,NaN,NaN,transformer,embedding
843,8440,NaN,NaN,NaN,NaN,NaN,NaN,NaN,transformer,embedding
844,8450,NaN,NaN,NaN,NaN,NaN,NaN,NaN,transformer,embedding
845,8460,NaN,NaN,NaN,NaN,NaN,NaN,NaN,transformer,embedding
846,8470,NaN,NaN,NaN,NaN,NaN,NaN,NaN,transformer,embedding
847,8480,NaN,NaN,NaN,NaN,NaN,NaN,NaN,transformer,embedding
848,8490,NaN,NaN,NaN,NaN,NaN,NaN,NaN,transformer,embedding
849,8500,NaN,NaN,NaN,NaN,NaN,NaN,NaN,transformer,embedding
850,8510,3.426253059046758e-08,100.0,1.0,0.001,NaN,NaN,NaN,transformer,embedding
851,8520,NaN,NaN,NaN,NaN,NaN,NaN,NaN,transformer,embedding
852,8530,NaN,NaN,NaN,NaN,NaN,NaN,NaN,transformer,embedding
853,8540,NaN,NaN,NaN,NaN,NaN,NaN,NaN,transformer,embedding
854,8550,NaN,NaN,NaN,NaN,NaN,NaN,NaN,transformer,embedding
855,8560,NaN,NaN,NaN,NaN,NaN,NaN,NaN,transformer,embedding
856,8570,NaN,NaN,NaN,NaN,3.181058168411255,45.92985916137695,24.07221221923828,transformer,embedding
857,8580,NaN,NaN,NaN,NaN,NaN,NaN,NaN,transformer,embedding
858,8590,3.635325285245017e-08,100.0,1.0,0.001,NaN,NaN,NaN,transformer,embedding
859,8600,NaN,NaN,NaN,NaN,NaN,NaN,NaN,transformer,embedding
860,8610,NaN,NaN,NaN,NaN,NaN,NaN,NaN,transformer,embedding
861,8620,NaN,NaN,NaN,NaN,NaN,NaN,NaN,transformer,embedding
862,8630,NaN,NaN,NaN,NaN,NaN,NaN,NaN,transformer,embedding
863,8640,NaN,NaN,NaN,NaN,NaN,NaN,NaN,transformer,embedding
864,8650,NaN,NaN,NaN,NaN,NaN,NaN,NaN,transformer,embedding
865,8660,NaN,NaN,NaN,NaN,NaN,NaN,NaN,transformer,embedding
866,8670,3.60491476669722e-08,100.0,1.0,0.001,NaN,NaN,NaN,transformer,embedding
867,8680,NaN,NaN,NaN,NaN,NaN,NaN,NaN,transformer,embedding
868,8690,NaN,NaN,NaN,NaN,NaN,NaN,NaN,transformer,embedding
869,8700,NaN,NaN,NaN,NaN,NaN,NaN,NaN,transformer,embedding
870,8710,NaN,NaN,NaN,NaN,NaN,NaN,NaN,transformer,embedding
871,8720,NaN,NaN,NaN,NaN,NaN,NaN,NaN,transformer,embedding
872,8730,NaN,NaN,NaN,NaN,NaN,NaN,NaN,transformer,embedding
873,8740,NaN,NaN,NaN,NaN,3.156567335128784,46.12114715576172,23.489824295043945,transformer,embedding
874,8750,3.692345273975661e-08,100.0,1.0,0.001,NaN,NaN,NaN,transformer,embedding
875,8760,NaN,NaN,NaN,NaN,NaN,NaN,NaN,transformer,embedding
876,8770,NaN,NaN,NaN,NaN,NaN,NaN,NaN,transformer,embedding
877,8780,NaN,NaN,NaN,NaN,NaN,NaN,NaN,transformer,embedding
878,8790,NaN,NaN,NaN,NaN,NaN,NaN,NaN,transformer,embedding
879,8800,NaN,NaN,NaN,NaN,NaN,NaN,NaN,transformer,embedding
880,8810,NaN,NaN,NaN,NaN,NaN,NaN,NaN,transformer,embedding
881,8820,NaN,NaN,NaN,NaN,NaN,NaN,NaN,transformer,embedding
882,8830,3.803850390227126e-08,100.0,1.0,0.001,NaN,NaN,NaN,transformer,embedding
883,8840,NaN,NaN,NaN,NaN,NaN,NaN,NaN,transformer,embedding
884,8850,NaN,NaN,NaN,NaN,NaN,NaN,NaN,transformer,embedding
885,8860,NaN,NaN,NaN,NaN,NaN,NaN,NaN,transformer,embedding
886,8870,NaN,NaN,NaN,NaN,NaN,NaN,NaN,transformer,embedding
887,8880,NaN,NaN,NaN,NaN,NaN,NaN,NaN,transformer,embedding
888,8890,NaN,NaN,NaN,NaN,NaN,NaN,NaN,transformer,embedding
889,8900,NaN,NaN,NaN,NaN,NaN,NaN,NaN,transformer,embedding
890,8910,3.689810768037205e-08,100.0,1.0,0.001,3.1350932121276855,46.142398834228516,22.99077796936035,transformer,embedding
891,8920,NaN,NaN,NaN,NaN,NaN,NaN,NaN,transformer,embedding
892,8930,NaN,NaN,NaN,NaN,NaN,NaN,NaN,transformer,embedding
893,8940,NaN,NaN,NaN,NaN,NaN,NaN,NaN,transformer,embedding
894,8950,NaN,NaN,NaN,NaN,NaN,NaN,NaN,transformer,embedding
895,8960,NaN,NaN,NaN,NaN,NaN,NaN,NaN,transformer,embedding
896,8970,NaN,NaN,NaN,NaN,NaN,NaN,NaN,transformer,embedding
897,8980,NaN,NaN,NaN,NaN,NaN,NaN,NaN,transformer,embedding
898,8990,3.5250870666914125e-08,100.0,1.0,0.001,NaN,NaN,NaN,transformer,embedding
899,9000,NaN,NaN,NaN,NaN,NaN,NaN,NaN,transformer,embedding
900,9010,NaN,NaN,NaN,NaN,NaN,NaN,NaN,transformer,embedding
901,9020,NaN,NaN,NaN,NaN,NaN,NaN,NaN,transformer,embedding
902,9030,NaN,NaN,NaN,NaN,NaN,NaN,NaN,transformer,embedding
903,9040,NaN,NaN,NaN,NaN,NaN,NaN,NaN,transformer,embedding
904,9050,NaN,NaN,NaN,NaN,NaN,NaN,NaN,transformer,embedding
905,9060,NaN,NaN,NaN,NaN,NaN,NaN,NaN,transformer,embedding
906,9070,3.684742466703028e-08,100.0,1.0,0.001,NaN,NaN,NaN,transformer,embedding
907,9080,NaN,NaN,NaN,NaN,3.087970495223999,46.0573844909668,21.932519912719727,transformer,embedding
908,9090,NaN,NaN,NaN,NaN,NaN,NaN,NaN,transformer,embedding
909,9100,NaN,NaN,NaN,NaN,NaN,NaN,NaN,transformer,embedding
910,9110,NaN,NaN,NaN,NaN,NaN,NaN,NaN,transformer,embedding
911,9120,NaN,NaN,NaN,NaN,NaN,NaN,NaN,transformer,embedding
912,9130,NaN,NaN,NaN,NaN,NaN,NaN,NaN,transformer,embedding
913,9140,NaN,NaN,NaN,NaN,NaN,NaN,NaN,transformer,embedding
914,9150,NaN,NaN,NaN,NaN,NaN,NaN,NaN,transformer,embedding
915,9160,0.047330036759376526,97.53401184082031,1.048467993736267,0.001,NaN,NaN,NaN,transformer,embedding
916,9170,NaN,NaN,NaN,NaN,NaN,NaN,NaN,transformer,embedding
917,9180,NaN,NaN,NaN,NaN,NaN,NaN,NaN,transformer,embedding
918,9190,NaN,NaN,NaN,NaN,NaN,NaN,NaN,transformer,embedding
919,9200,NaN,NaN,NaN,NaN,NaN,NaN,NaN,transformer,embedding
920,9210,NaN,NaN,NaN,NaN,NaN,NaN,NaN,transformer,embedding
921,9220,NaN,NaN,NaN,NaN,NaN,NaN,NaN,transformer,embedding
922,9230,NaN,NaN,NaN,NaN,NaN,NaN,NaN,transformer,embedding
923,9240,NaN,NaN,NaN,NaN,NaN,NaN,NaN,transformer,embedding
924,9250,0.010951555334031582,99.42601776123047,1.0110117197036743,0.001,NaN,NaN,NaN,transformer,embedding
925,9260,NaN,NaN,NaN,NaN,4.127109527587891,36.748138427734375,61.99845886230469,transformer,embedding
926,9270,NaN,NaN,NaN,NaN,NaN,NaN,NaN,transformer,embedding
927,9280,NaN,NaN,NaN,NaN,NaN,NaN,NaN,transformer,embedding
928,9290,NaN,NaN,NaN,NaN,NaN,NaN,NaN,transformer,embedding
929,9300,NaN,NaN,NaN,NaN,NaN,NaN,NaN,transformer,embedding
930,9310,NaN,NaN,NaN,NaN,NaN,NaN,NaN,transformer,embedding
931,9320,NaN,NaN,NaN,NaN,NaN,NaN,NaN,transformer,embedding
932,9330,NaN,NaN,NaN,NaN,NaN,NaN,NaN,transformer,embedding
933,9340,0.008398431353271008,99.5748291015625,1.0084338188171387,0.001,NaN,NaN,NaN,transformer,embedding
934,9350,NaN,NaN,NaN,NaN,NaN,NaN,NaN,transformer,embedding
935,9360,NaN,NaN,NaN,NaN,NaN,NaN,NaN,transformer,embedding
936,9370,NaN,NaN,NaN,NaN,NaN,NaN,NaN,transformer,embedding
937,9380,NaN,NaN,NaN,NaN,NaN,NaN,NaN,transformer,embedding
938,9390,NaN,NaN,NaN,NaN,NaN,NaN,NaN,transformer,embedding
939,9400,NaN,NaN,NaN,NaN,NaN,NaN,NaN,transformer,embedding
940,9410,NaN,NaN,NaN,NaN,NaN,NaN,NaN,transformer,embedding
941,9420,NaN,NaN,NaN,NaN,NaN,NaN,NaN,transformer,embedding
942,9430,0.012058638036251068,99.27720642089844,1.012131690979004,0.001,NaN,NaN,NaN,transformer,embedding
943,9440,NaN,NaN,NaN,NaN,4.231422424316406,36.790645599365234,68.81504821777344,transformer,embedding
944,9450,NaN,NaN,NaN,NaN,NaN,NaN,NaN,transformer,embedding
945,9460,NaN,NaN,NaN,NaN,NaN,NaN,NaN,transformer,embedding
946,9470,NaN,NaN,NaN,NaN,NaN,NaN,NaN,transformer,embedding
947,9480,NaN,NaN,NaN,NaN,NaN,NaN,NaN,transformer,embedding
948,9490,NaN,NaN,NaN,NaN,NaN,NaN,NaN,transformer,embedding
949,9500,NaN,NaN,NaN,NaN,NaN,NaN,NaN,transformer,embedding
950,9510,NaN,NaN,NaN,NaN,NaN,NaN,NaN,transformer,embedding
951,9520,0.006186331156641245,99.72364044189453,1.0062055587768555,0.001,NaN,NaN,NaN,transformer,embedding
952,9530,NaN,NaN,NaN,NaN,NaN,NaN,NaN,transformer,embedding
953,9540,NaN,NaN,NaN,NaN,NaN,NaN,NaN,transformer,embedding
954,9550,NaN,NaN,NaN,NaN,NaN,NaN,NaN,transformer,embedding
955,9560,NaN,NaN,NaN,NaN,NaN,NaN,NaN,transformer,embedding
956,9570,NaN,NaN,NaN,NaN,NaN,NaN,NaN,transformer,embedding
957,9580,NaN,NaN,NaN,NaN,NaN,NaN,NaN,transformer,embedding
958,9590,NaN,NaN,NaN,NaN,NaN,NaN,NaN,transformer,embedding
959,9600,NaN,NaN,NaN,NaN,NaN,NaN,NaN,transformer,embedding
960,9610,0.019105052575469017,98.93707275390625,1.0192887783050537,0.001,NaN,NaN,NaN,transformer,embedding
961,9620,NaN,NaN,NaN,NaN,4.207344055175781,36.15302658081055,67.1778793334961,transformer,embedding
962,9630,NaN,NaN,NaN,NaN,NaN,NaN,NaN,transformer,embedding
963,9640,NaN,NaN,NaN,NaN,NaN,NaN,NaN,transformer,embedding
964,9650,NaN,NaN,NaN,NaN,NaN,NaN,NaN,transformer,embedding
965,9660,NaN,NaN,NaN,NaN,NaN,NaN,NaN,transformer,embedding
966,9670,NaN,NaN,NaN,NaN,NaN,NaN,NaN,transformer,embedding
967,9680,NaN,NaN,NaN,NaN,NaN,NaN,NaN,transformer,embedding
968,9690,NaN,NaN,NaN,NaN,NaN,NaN,NaN,transformer,embedding
969,9700,0.0006348376045934856,99.97874450683594,1.000635027885437,0.001,NaN,NaN,NaN,transformer,embedding
970,9710,NaN,NaN,NaN,NaN,NaN,NaN,NaN,transformer,embedding
971,9720,NaN,NaN,NaN,NaN,NaN,NaN,NaN,transformer,embedding
972,9730,NaN,NaN,NaN,NaN,NaN,NaN,NaN,transformer,embedding
973,9740,NaN,NaN,NaN,NaN,NaN,NaN,NaN,transformer,embedding
974,9750,NaN,NaN,NaN,NaN,NaN,NaN,NaN,transformer,embedding
975,9760,NaN,NaN,NaN,NaN,NaN,NaN,NaN,transformer,embedding
976,9770,NaN,NaN,NaN,NaN,NaN,NaN,NaN,transformer,embedding
977,9780,NaN,NaN,NaN,NaN,NaN,NaN,NaN,transformer,embedding
978,9790,0.01859952323138714,99.12840270996094,1.0187735557556152,0.001,NaN,NaN,NaN,transformer,embedding
979,9800,NaN,NaN,NaN,NaN,NaN,NaN,NaN,transformer,embedding
980,9810,NaN,NaN,NaN,NaN,4.059899806976318,36.896915435791016,57.968502044677734,transformer,embedding
981,9820,NaN,NaN,NaN,NaN,NaN,NaN,NaN,transformer,embedding
982,9830,NaN,NaN,NaN,NaN,NaN,NaN,NaN,transformer,embedding
983,9840,NaN,NaN,NaN,NaN,NaN,NaN,NaN,transformer,embedding
984,9850,NaN,NaN,NaN,NaN,NaN,NaN,NaN,transformer,embedding
985,9860,NaN,NaN,NaN,NaN,NaN,NaN,NaN,transformer,embedding
986,9870,NaN,NaN,NaN,NaN,NaN,NaN,NaN,transformer,embedding
987,9880,0.0030793407931923866,99.89370727539062,1.0030840635299683,0.001,NaN,NaN,NaN,transformer,embedding
988,9890,NaN,NaN,NaN,NaN,NaN,NaN,NaN,transformer,embedding
989,9900,NaN,NaN,NaN,NaN,NaN,NaN,NaN,transformer,embedding
990,9910,NaN,NaN,NaN,NaN,NaN,NaN,NaN,transformer,embedding
991,9920,NaN,NaN,NaN,NaN,NaN,NaN,NaN,transformer,embedding
992,9930,NaN,NaN,NaN,NaN,NaN,NaN,NaN,transformer,embedding
993,9940,NaN,NaN,NaN,NaN,NaN,NaN,NaN,transformer,embedding
994,9950,NaN,NaN,NaN,NaN,NaN,NaN,NaN,transformer,embedding
995,9960,NaN,NaN,NaN,NaN,NaN,NaN,NaN,transformer,embedding
996,9970,0.008390631526708603,99.42601776123047,1.0084259510040283,0.001,NaN,NaN,NaN,transformer,embedding
997,9980,NaN,NaN,NaN,NaN,NaN,NaN,NaN,transformer,embedding
998,9990,NaN,NaN,NaN,NaN,NaN,NaN,NaN,transformer,embedding
999,10000,NaN,NaN,NaN,NaN,3.9047741889953613,38.150901794433594,49.63887023925781,transformer,embedding
1000,10010,NaN,NaN,NaN,NaN,NaN,NaN,NaN,transformer,embedding
1001,10020,NaN,NaN,NaN,NaN,NaN,NaN,NaN,transformer,embedding
1002,10030,NaN,NaN,NaN,NaN,NaN,NaN,NaN,transformer,embedding
1003,10040,NaN,NaN,NaN,NaN,NaN,NaN,NaN,transformer,embedding
1004,10050,NaN,NaN,NaN,NaN,NaN,NaN,NaN,transformer,embedding
1005,10060,0.010654919780790806,99.3197250366211,1.010711908340454,0.001,NaN,NaN,NaN,transformer,embedding
1006,10070,NaN,NaN,NaN,NaN,NaN,NaN,NaN,transformer,embedding
1007,10080,NaN,NaN,NaN,NaN,NaN,NaN,NaN,transformer,embedding
1008,10090,NaN,NaN,NaN,NaN,NaN,NaN,NaN,transformer,embedding
1009,10100,NaN,NaN,NaN,NaN,NaN,NaN,NaN,transformer,embedding
1010,10110,NaN,NaN,NaN,NaN,NaN,NaN,NaN,transformer,embedding
1011,10120,NaN,NaN,NaN,NaN,NaN,NaN,NaN,transformer,embedding
1012,10130,NaN,NaN,NaN,NaN,NaN,NaN,NaN,transformer,embedding
1013,10140,NaN,NaN,NaN,NaN,NaN,NaN,NaN,transformer,embedding
1014,10150,NaN,NaN,NaN,NaN,NaN,NaN,NaN,transformer,embedding
1015,10160,0.0035791797563433647,99.80867004394531,1.0035855770111084,0.001,NaN,NaN,NaN,transformer,embedding
1016,10170,NaN,NaN,NaN,NaN,NaN,NaN,NaN,transformer,embedding
1017,10180,NaN,NaN,NaN,NaN,NaN,NaN,NaN,transformer,embedding
1018,10190,NaN,NaN,NaN,NaN,3.6795568466186523,40.25504684448242,39.62882995605469,transformer,embedding
1019,10200,NaN,NaN,NaN,NaN,NaN,NaN,NaN,transformer,embedding
1020,10210,NaN,NaN,NaN,NaN,NaN,NaN,NaN,transformer,embedding
1021,10220,NaN,NaN,NaN,NaN,NaN,NaN,NaN,transformer,embedding
1022,10230,NaN,NaN,NaN,NaN,NaN,NaN,NaN,transformer,embedding
1023,10240,NaN,NaN,NaN,NaN,NaN,NaN,NaN,transformer,embedding
1024,10250,NaN,NaN,NaN,NaN,NaN,NaN,NaN,transformer,embedding
1025,10260,0.01618213765323162,98.95832824707031,1.0163137912750244,0.001,NaN,NaN,NaN,transformer,embedding
1026,10270,NaN,NaN,NaN,NaN,NaN,NaN,NaN,transformer,embedding
1027,10280,NaN,NaN,NaN,NaN,NaN,NaN,NaN,transformer,embedding
1028,10290,NaN,NaN,NaN,NaN,NaN,NaN,NaN,transformer,embedding
1029,10300,NaN,NaN,NaN,NaN,NaN,NaN,NaN,transformer,embedding
1030,10310,NaN,NaN,NaN,NaN,NaN,NaN,NaN,transformer,embedding
1031,10320,NaN,NaN,NaN,NaN,NaN,NaN,NaN,transformer,embedding
1032,10330,NaN,NaN,NaN,NaN,NaN,NaN,NaN,transformer,embedding
1033,10340,NaN,NaN,NaN,NaN,NaN,NaN,NaN,transformer,embedding
1034,10350,NaN,NaN,NaN,NaN,NaN,NaN,NaN,transformer,embedding
1035,10360,0.004223079886287451,99.87245178222656,1.0042320489883423,0.001,NaN,NaN,NaN,transformer,embedding
1036,10370,NaN,NaN,NaN,NaN,NaN,NaN,NaN,transformer,embedding
1037,10380,NaN,NaN,NaN,NaN,NaN,NaN,NaN,transformer,embedding
1038,10390,NaN,NaN,NaN,NaN,3.5200791358947754,41.76408004760742,33.78710174560547,transformer,embedding
1039,10400,NaN,NaN,NaN,NaN,NaN,NaN,NaN,transformer,embedding
1040,10410,NaN,NaN,NaN,NaN,NaN,NaN,NaN,transformer,embedding
1041,10420,NaN,NaN,NaN,NaN,NaN,NaN,NaN,transformer,embedding
1042,10430,NaN,NaN,NaN,NaN,NaN,NaN,NaN,transformer,embedding
1043,10440,NaN,NaN,NaN,NaN,NaN,NaN,NaN,transformer,embedding
1044,10450,NaN,NaN,NaN,NaN,NaN,NaN,NaN,transformer,embedding
1045,10460,3.653321255114861e-05,100.0,1.0000364780426025,0.001,NaN,NaN,NaN,transformer,embedding
1046,10470,NaN,NaN,NaN,NaN,NaN,NaN,NaN,transformer,embedding
1047,10480,NaN,NaN,NaN,NaN,NaN,NaN,NaN,transformer,embedding
1048,10490,NaN,NaN,NaN,NaN,NaN,NaN,NaN,transformer,embedding
1049,10500,NaN,NaN,NaN,NaN,NaN,NaN,NaN,transformer,embedding
1050,10510,NaN,NaN,NaN,NaN,NaN,NaN,NaN,transformer,embedding
1051,10520,NaN,NaN,NaN,NaN,NaN,NaN,NaN,transformer,embedding
1052,10530,NaN,NaN,NaN,NaN,NaN,NaN,NaN,transformer,embedding
1053,10540,NaN,NaN,NaN,NaN,NaN,NaN,NaN,transformer,embedding
1054,10550,NaN,NaN,NaN,NaN,NaN,NaN,NaN,transformer,embedding
1055,10560,1.773188341758214e-05,100.0,1.000017762184143,0.001,NaN,NaN,NaN,transformer,embedding
1056,10570,NaN,NaN,NaN,NaN,NaN,NaN,NaN,transformer,embedding
1057,10580,NaN,NaN,NaN,NaN,NaN,NaN,NaN,transformer,embedding
1058,10590,NaN,NaN,NaN,NaN,3.3813893795013428,44.03825759887695,29.411605834960938,transformer,embedding
1059,10600,NaN,NaN,NaN,NaN,NaN,NaN,NaN,transformer,embedding
1060,10610,NaN,NaN,NaN,NaN,NaN,NaN,NaN,transformer,embedding
1061,10620,NaN,NaN,NaN,NaN,NaN,NaN,NaN,transformer,embedding
1062,10630,NaN,NaN,NaN,NaN,NaN,NaN,NaN,transformer,embedding
1063,10640,NaN,NaN,NaN,NaN,NaN,NaN,NaN,transformer,embedding
1064,10650,NaN,NaN,NaN,NaN,NaN,NaN,NaN,transformer,embedding
1065,10660,9.40796235227026e-06,100.0,1.0000094175338745,0.001,NaN,NaN,NaN,transformer,embedding
1066,10670,NaN,NaN,NaN,NaN,NaN,NaN,NaN,transformer,embedding
1067,10680,NaN,NaN,NaN,NaN,NaN,NaN,NaN,transformer,embedding
1068,10690,NaN,NaN,NaN,NaN,NaN,NaN,NaN,transformer,embedding
1069,10700,NaN,NaN,NaN,NaN,NaN,NaN,NaN,transformer,embedding
1070,10710,NaN,NaN,NaN,NaN,NaN,NaN,NaN,transformer,embedding
1071,10720,NaN,NaN,NaN,NaN,NaN,NaN,NaN,transformer,embedding
1072,10730,NaN,NaN,NaN,NaN,NaN,NaN,NaN,transformer,embedding
1073,10740,NaN,NaN,NaN,NaN,NaN,NaN,NaN,transformer,embedding
1074,10750,NaN,NaN,NaN,NaN,NaN,NaN,NaN,transformer,embedding
1075,10760,4.818269644601969e-06,100.0,1.000004768371582,0.001,NaN,NaN,NaN,transformer,embedding
1076,10770,NaN,NaN,NaN,NaN,NaN,NaN,NaN,transformer,embedding
1077,10780,NaN,NaN,NaN,NaN,NaN,NaN,NaN,transformer,embedding
1078,10790,NaN,NaN,NaN,NaN,NaN,NaN,NaN,transformer,embedding
1079,10800,NaN,NaN,NaN,NaN,3.3025975227355957,45.46227264404297,27.183156967163086,transformer,embedding
1080,10810,NaN,NaN,NaN,NaN,NaN,NaN,NaN,transformer,embedding
1081,10820,NaN,NaN,NaN,NaN,NaN,NaN,NaN,transformer,embedding
1082,10830,NaN,NaN,NaN,NaN,NaN,NaN,NaN,transformer,embedding
1083,10840,NaN,NaN,NaN,NaN,NaN,NaN,NaN,transformer,embedding
1084,10850,NaN,NaN,NaN,NaN,NaN,NaN,NaN,transformer,embedding
1085,10860,2.3598354346177075e-06,100.0,1.000002384185791,0.001,NaN,NaN,NaN,transformer,embedding
1086,10870,NaN,NaN,NaN,NaN,NaN,NaN,NaN,transformer,embedding
1087,10880,NaN,NaN,NaN,NaN,NaN,NaN,NaN,transformer,embedding
1088,10890,NaN,NaN,NaN,NaN,NaN,NaN,NaN,transformer,embedding
1089,10900,NaN,NaN,NaN,NaN,NaN,NaN,NaN,transformer,embedding
1090,10910,NaN,NaN,NaN,NaN,NaN,NaN,NaN,transformer,embedding
1091,10920,NaN,NaN,NaN,NaN,NaN,NaN,NaN,transformer,embedding
1092,10930,NaN,NaN,NaN,NaN,NaN,NaN,NaN,transformer,embedding
1093,10940,NaN,NaN,NaN,NaN,NaN,NaN,NaN,transformer,embedding
1094,10950,NaN,NaN,NaN,NaN,NaN,NaN,NaN,transformer,embedding
1095,10960,1.1148869134558481e-06,100.0,1.000001072883606,0.001,NaN,NaN,NaN,transformer,embedding
1096,10970,NaN,NaN,NaN,NaN,NaN,NaN,NaN,transformer,embedding
1097,10980,NaN,NaN,NaN,NaN,NaN,NaN,NaN,transformer,embedding
1098,10990,NaN,NaN,NaN,NaN,NaN,NaN,NaN,transformer,embedding
1099,11000,NaN,NaN,NaN,NaN,NaN,NaN,NaN,transformer,embedding
1100,11010,NaN,NaN,NaN,NaN,3.259836196899414,46.461212158203125,26.045270919799805,transformer,embedding
1101,11020,NaN,NaN,NaN,NaN,NaN,NaN,NaN,transformer,embedding
1102,11030,NaN,NaN,NaN,NaN,NaN,NaN,NaN,transformer,embedding
1103,11040,NaN,NaN,NaN,NaN,NaN,NaN,NaN,transformer,embedding
1104,11050,NaN,NaN,NaN,NaN,NaN,NaN,NaN,transformer,embedding
1105,11060,5.037630330662068e-07,100.0,1.0000004768371582,0.001,NaN,NaN,NaN,transformer,embedding
1106,11070,NaN,NaN,NaN,NaN,NaN,NaN,NaN,transformer,embedding
1107,11080,NaN,NaN,NaN,NaN,NaN,NaN,NaN,transformer,embedding
1108,11090,NaN,NaN,NaN,NaN,NaN,NaN,NaN,transformer,embedding
1109,11100,NaN,NaN,NaN,NaN,NaN,NaN,NaN,transformer,embedding
1110,11110,NaN,NaN,NaN,NaN,NaN,NaN,NaN,transformer,embedding
1111,11120,NaN,NaN,NaN,NaN,NaN,NaN,NaN,transformer,embedding
1112,11130,NaN,NaN,NaN,NaN,NaN,NaN,NaN,transformer,embedding
1113,11140,NaN,NaN,NaN,NaN,NaN,NaN,NaN,transformer,embedding
1114,11150,NaN,NaN,NaN,NaN,NaN,NaN,NaN,transformer,embedding
1115,11160,NaN,NaN,NaN,NaN,NaN,NaN,NaN,transformer,embedding
1116,11170,2.0429540370514587e-07,100.0,1.000000238418579,0.001,NaN,NaN,NaN,transformer,embedding
1117,11180,NaN,NaN,NaN,NaN,NaN,NaN,NaN,transformer,embedding
1118,11190,NaN,NaN,NaN,NaN,NaN,NaN,NaN,transformer,embedding
1119,11200,NaN,NaN,NaN,NaN,NaN,NaN,NaN,transformer,embedding
1120,11210,NaN,NaN,NaN,NaN,NaN,NaN,NaN,transformer,embedding
1121,11220,NaN,NaN,NaN,NaN,3.2496697902679443,46.950050354003906,25.78182601928711,transformer,embedding
1122,11230,NaN,NaN,NaN,NaN,NaN,NaN,NaN,transformer,embedding
1123,11240,NaN,NaN,NaN,NaN,NaN,NaN,NaN,transformer,embedding
1124,11250,NaN,NaN,NaN,NaN,NaN,NaN,NaN,transformer,embedding
1125,11260,NaN,NaN,NaN,NaN,NaN,NaN,NaN,transformer,embedding
1126,11270,NaN,NaN,NaN,NaN,NaN,NaN,NaN,transformer,embedding
1127,11280,9.878353779413374e-08,100.0,1.0000001192092896,0.001,NaN,NaN,NaN,transformer,embedding
1128,11290,NaN,NaN,NaN,NaN,NaN,NaN,NaN,transformer,embedding
1129,11300,NaN,NaN,NaN,NaN,NaN,NaN,NaN,transformer,embedding
1130,11310,NaN,NaN,NaN,NaN,NaN,NaN,NaN,transformer,embedding
1131,11320,NaN,NaN,NaN,NaN,NaN,NaN,NaN,transformer,embedding
1132,11330,NaN,NaN,NaN,NaN,NaN,NaN,NaN,transformer,embedding
1133,11340,NaN,NaN,NaN,NaN,NaN,NaN,NaN,transformer,embedding
1134,11350,NaN,NaN,NaN,NaN,NaN,NaN,NaN,transformer,embedding
1135,11360,NaN,NaN,NaN,NaN,NaN,NaN,NaN,transformer,embedding
1136,11370,NaN,NaN,NaN,NaN,NaN,NaN,NaN,transformer,embedding
1137,11380,NaN,NaN,NaN,NaN,NaN,NaN,NaN,transformer,embedding
1138,11390,6.838568111788845e-08,100.0,1.0000001192092896,0.001,NaN,NaN,NaN,transformer,embedding
1139,11400,NaN,NaN,NaN,NaN,NaN,NaN,NaN,transformer,embedding
1140,11410,NaN,NaN,NaN,NaN,NaN,NaN,NaN,transformer,embedding
1141,11420,NaN,NaN,NaN,NaN,NaN,NaN,NaN,transformer,embedding
1142,11430,NaN,NaN,NaN,NaN,NaN,NaN,NaN,transformer,embedding
1143,11440,NaN,NaN,NaN,NaN,3.024799346923828,47.460147857666016,20.589872360229492,transformer,embedding
1144,11450,NaN,NaN,NaN,NaN,NaN,NaN,NaN,transformer,embedding
1145,11460,NaN,NaN,NaN,NaN,NaN,NaN,NaN,transformer,embedding
1146,11470,NaN,NaN,NaN,NaN,NaN,NaN,NaN,transformer,embedding
1147,11480,NaN,NaN,NaN,NaN,NaN,NaN,NaN,transformer,embedding
1148,11490,NaN,NaN,NaN,NaN,NaN,NaN,NaN,transformer,embedding
1149,11500,5.808411174257344e-08,100.0,1.0,0.001,NaN,NaN,NaN,transformer,embedding
1150,11510,NaN,NaN,NaN,NaN,NaN,NaN,NaN,transformer,embedding
1151,11520,NaN,NaN,NaN,NaN,NaN,NaN,NaN,transformer,embedding
1152,11530,NaN,NaN,NaN,NaN,NaN,NaN,NaN,transformer,embedding
1153,11540,NaN,NaN,NaN,NaN,NaN,NaN,NaN,transformer,embedding
1154,11550,NaN,NaN,NaN,NaN,NaN,NaN,NaN,transformer,embedding
1155,11560,NaN,NaN,NaN,NaN,NaN,NaN,NaN,transformer,embedding
1156,11570,NaN,NaN,NaN,NaN,NaN,NaN,NaN,transformer,embedding
1157,11580,NaN,NaN,NaN,NaN,NaN,NaN,NaN,transformer,embedding
1158,11590,NaN,NaN,NaN,NaN,NaN,NaN,NaN,transformer,embedding
1159,11600,NaN,NaN,NaN,NaN,NaN,NaN,NaN,transformer,embedding
1160,11610,5.008867987044141e-08,100.0,1.0,0.001,NaN,NaN,NaN,transformer,embedding
1161,11620,NaN,NaN,NaN,NaN,NaN,NaN,NaN,transformer,embedding
1162,11630,NaN,NaN,NaN,NaN,NaN,NaN,NaN,transformer,embedding
1163,11640,NaN,NaN,NaN,NaN,NaN,NaN,NaN,transformer,embedding
1164,11650,NaN,NaN,NaN,NaN,NaN,NaN,NaN,transformer,embedding
1165,11660,NaN,NaN,NaN,NaN,2.779222249984741,47.71519470214844,16.106489181518555,transformer,embedding
1166,11670,NaN,NaN,NaN,NaN,NaN,NaN,NaN,transformer,embedding
1167,11680,NaN,NaN,NaN,NaN,NaN,NaN,NaN,transformer,embedding
1168,11690,NaN,NaN,NaN,NaN,NaN,NaN,NaN,transformer,embedding
1169,11700,NaN,NaN,NaN,NaN,NaN,NaN,NaN,transformer,embedding
1170,11710,NaN,NaN,NaN,NaN,NaN,NaN,NaN,transformer,embedding
1171,11720,4.685755783384593e-08,100.0,1.0,0.001,NaN,NaN,NaN,transformer,embedding
1172,11730,NaN,NaN,NaN,NaN,NaN,NaN,NaN,transformer,embedding
1173,11740,NaN,NaN,NaN,NaN,NaN,NaN,NaN,transformer,embedding
1174,11750,NaN,NaN,NaN,NaN,NaN,NaN,NaN,transformer,embedding
1175,11760,NaN,NaN,NaN,NaN,NaN,NaN,NaN,transformer,embedding
1176,11770,NaN,NaN,NaN,NaN,NaN,NaN,NaN,transformer,embedding
1177,11780,NaN,NaN,NaN,NaN,NaN,NaN,NaN,transformer,embedding
1178,11790,NaN,NaN,NaN,NaN,NaN,NaN,NaN,transformer,embedding
1179,11800,NaN,NaN,NaN,NaN,NaN,NaN,NaN,transformer,embedding
1180,11810,NaN,NaN,NaN,NaN,NaN,NaN,NaN,transformer,embedding
1181,11820,NaN,NaN,NaN,NaN,NaN,NaN,NaN,transformer,embedding
1182,11830,4.643941409199215e-08,100.0,1.0,0.001,NaN,NaN,NaN,transformer,embedding
1183,11840,NaN,NaN,NaN,NaN,NaN,NaN,NaN,transformer,embedding
1184,11850,NaN,NaN,NaN,NaN,NaN,NaN,NaN,transformer,embedding
1185,11860,NaN,NaN,NaN,NaN,NaN,NaN,NaN,transformer,embedding
1186,11870,NaN,NaN,NaN,NaN,NaN,NaN,NaN,transformer,embedding
1187,11880,NaN,NaN,NaN,NaN,NaN,NaN,NaN,transformer,embedding
1188,11890,NaN,NaN,NaN,NaN,2.6596968173980713,47.7577018737793,14.29195499420166,transformer,embedding
1189,11900,NaN,NaN,NaN,NaN,NaN,NaN,NaN,transformer,embedding
1190,11910,NaN,NaN,NaN,NaN,NaN,NaN,NaN,transformer,embedding
1191,11920,NaN,NaN,NaN,NaN,NaN,NaN,NaN,transformer,embedding
1192,11930,NaN,NaN,NaN,NaN,NaN,NaN,NaN,transformer,embedding
1193,11940,4.1776466730425454e-08,100.0,1.0,0.001,NaN,NaN,NaN,transformer,embedding
1194,11950,NaN,NaN,NaN,NaN,NaN,NaN,NaN,transformer,embedding
1195,11960,NaN,NaN,NaN,NaN,NaN,NaN,NaN,transformer,embedding
1196,11970,NaN,NaN,NaN,NaN,NaN,NaN,NaN,transformer,embedding
1197,11980,NaN,NaN,NaN,NaN,NaN,NaN,NaN,transformer,embedding
1198,11990,NaN,NaN,NaN,NaN,NaN,NaN,NaN,transformer,embedding
1199,12000,NaN,NaN,NaN,NaN,NaN,NaN,NaN,transformer,embedding
1200,12010,NaN,NaN,NaN,NaN,NaN,NaN,NaN,transformer,embedding
1201,12020,NaN,NaN,NaN,NaN,NaN,NaN,NaN,transformer,embedding
1202,12030,NaN,NaN,NaN,NaN,NaN,NaN,NaN,transformer,embedding
1203,12040,NaN,NaN,NaN,NaN,NaN,NaN,NaN,transformer,embedding
1204,12050,4.01799127303093e-08,100.0,1.0,0.001,NaN,NaN,NaN,transformer,embedding
1205,12060,NaN,NaN,NaN,NaN,NaN,NaN,NaN,transformer,embedding
1206,12070,NaN,NaN,NaN,NaN,NaN,NaN,NaN,transformer,embedding
1207,12080,NaN,NaN,NaN,NaN,NaN,NaN,NaN,transformer,embedding
1208,12090,NaN,NaN,NaN,NaN,NaN,NaN,NaN,transformer,embedding
1209,12100,NaN,NaN,NaN,NaN,NaN,NaN,NaN,transformer,embedding
1210,12110,NaN,NaN,NaN,NaN,NaN,NaN,NaN,transformer,embedding
1211,12120,NaN,NaN,NaN,NaN,2.5830562114715576,47.927734375,13.237533569335938,transformer,embedding
1212,12130,NaN,NaN,NaN,NaN,NaN,NaN,NaN,transformer,embedding
1213,12140,NaN,NaN,NaN,NaN,NaN,NaN,NaN,transformer,embedding
1214,12150,NaN,NaN,NaN,NaN,NaN,NaN,NaN,transformer,embedding
1215,12160,NaN,NaN,NaN,NaN,NaN,NaN,NaN,transformer,embedding
1216,12170,4.114291485279864e-08,100.0,1.0,0.001,NaN,NaN,NaN,transformer,embedding
1217,12180,NaN,NaN,NaN,NaN,NaN,NaN,NaN,transformer,embedding
1218,12190,NaN,NaN,NaN,NaN,NaN,NaN,NaN,transformer,embedding
1219,12200,NaN,NaN,NaN,NaN,NaN,NaN,NaN,transformer,embedding
1220,12210,NaN,NaN,NaN,NaN,NaN,NaN,NaN,transformer,embedding
1221,12220,NaN,NaN,NaN,NaN,NaN,NaN,NaN,transformer,embedding
1222,12230,NaN,NaN,NaN,NaN,NaN,NaN,NaN,transformer,embedding
1223,12240,NaN,NaN,NaN,NaN,NaN,NaN,NaN,transformer,embedding
1224,12250,NaN,NaN,NaN,NaN,NaN,NaN,NaN,transformer,embedding
1225,12260,NaN,NaN,NaN,NaN,NaN,NaN,NaN,transformer,embedding
1226,12270,NaN,NaN,NaN,NaN,NaN,NaN,NaN,transformer,embedding
1227,12280,NaN,NaN,NaN,NaN,NaN,NaN,NaN,transformer,embedding
1228,12290,3.9077530544773253e-08,100.0,1.0,0.001,NaN,NaN,NaN,transformer,embedding
1229,12300,NaN,NaN,NaN,NaN,NaN,NaN,NaN,transformer,embedding
1230,12310,NaN,NaN,NaN,NaN,NaN,NaN,NaN,transformer,embedding
1231,12320,NaN,NaN,NaN,NaN,NaN,NaN,NaN,transformer,embedding
1232,12330,NaN,NaN,NaN,NaN,NaN,NaN,NaN,transformer,embedding
1233,12340,NaN,NaN,NaN,NaN,NaN,NaN,NaN,transformer,embedding
1234,12350,NaN,NaN,NaN,NaN,NaN,NaN,NaN,transformer,embedding
1235,12360,NaN,NaN,NaN,NaN,2.552870273590088,47.77895736694336,12.843916893005371,transformer,embedding
1236,12370,NaN,NaN,NaN,NaN,NaN,NaN,NaN,transformer,embedding
1237,12380,NaN,NaN,NaN,NaN,NaN,NaN,NaN,transformer,embedding
1238,12390,NaN,NaN,NaN,NaN,NaN,NaN,NaN,transformer,embedding
1239,12400,NaN,NaN,NaN,NaN,NaN,NaN,NaN,transformer,embedding
1240,12410,3.8279253544715175e-08,100.0,1.0,0.001,NaN,NaN,NaN,transformer,embedding
1241,12420,NaN,NaN,NaN,NaN,NaN,NaN,NaN,transformer,embedding
1242,12430,NaN,NaN,NaN,NaN,NaN,NaN,NaN,transformer,embedding
1243,12440,NaN,NaN,NaN,NaN,NaN,NaN,NaN,transformer,embedding
1244,12450,NaN,NaN,NaN,NaN,NaN,NaN,NaN,transformer,embedding
1245,12460,NaN,NaN,NaN,NaN,NaN,NaN,NaN,transformer,embedding
1246,12470,NaN,NaN,NaN,NaN,NaN,NaN,NaN,transformer,embedding
1247,12480,NaN,NaN,NaN,NaN,NaN,NaN,NaN,transformer,embedding
1248,12490,NaN,NaN,NaN,NaN,NaN,NaN,NaN,transformer,embedding
1249,12500,NaN,NaN,NaN,NaN,NaN,NaN,NaN,transformer,embedding
1250,12510,NaN,NaN,NaN,NaN,NaN,NaN,NaN,transformer,embedding
1251,12520,NaN,NaN,NaN,NaN,NaN,NaN,NaN,transformer,embedding
1252,12530,3.831726758107834e-08,100.0,1.0,0.001,NaN,NaN,NaN,transformer,embedding
1253,12540,NaN,NaN,NaN,NaN,NaN,NaN,NaN,transformer,embedding
1254,12550,NaN,NaN,NaN,NaN,NaN,NaN,NaN,transformer,embedding
1255,12560,NaN,NaN,NaN,NaN,NaN,NaN,NaN,transformer,embedding
1256,12570,NaN,NaN,NaN,NaN,NaN,NaN,NaN,transformer,embedding
1257,12580,NaN,NaN,NaN,NaN,NaN,NaN,NaN,transformer,embedding
1258,12590,NaN,NaN,NaN,NaN,NaN,NaN,NaN,transformer,embedding
1259,12600,NaN,NaN,NaN,NaN,2.5104222297668457,47.9064826965332,12.310126304626465,transformer,embedding
1260,12610,NaN,NaN,NaN,NaN,NaN,NaN,NaN,transformer,embedding
1261,12620,NaN,NaN,NaN,NaN,NaN,NaN,NaN,transformer,embedding
1262,12630,NaN,NaN,NaN,NaN,NaN,NaN,NaN,transformer,embedding
1263,12640,NaN,NaN,NaN,NaN,NaN,NaN,NaN,transformer,embedding
1264,12650,3.819055649501024e-08,100.0,1.0,0.001,NaN,NaN,NaN,transformer,embedding
1265,12660,NaN,NaN,NaN,NaN,NaN,NaN,NaN,transformer,embedding
1266,12670,NaN,NaN,NaN,NaN,NaN,NaN,NaN,transformer,embedding
1267,12680,NaN,NaN,NaN,NaN,NaN,NaN,NaN,transformer,embedding
1268,12690,NaN,NaN,NaN,NaN,NaN,NaN,NaN,transformer,embedding
1269,12700,NaN,NaN,NaN,NaN,NaN,NaN,NaN,transformer,embedding
1270,12710,NaN,NaN,NaN,NaN,NaN,NaN,NaN,transformer,embedding
1271,12720,NaN,NaN,NaN,NaN,NaN,NaN,NaN,transformer,embedding
1272,12730,NaN,NaN,NaN,NaN,NaN,NaN,NaN,transformer,embedding
1273,12740,NaN,NaN,NaN,NaN,NaN,NaN,NaN,transformer,embedding
1274,12750,NaN,NaN,NaN,NaN,NaN,NaN,NaN,transformer,embedding
1275,12760,NaN,NaN,NaN,NaN,NaN,NaN,NaN,transformer,embedding
1276,12770,4.1649755644357356e-08,100.0,1.0,0.001,NaN,NaN,NaN,transformer,embedding
1277,12780,NaN,NaN,NaN,NaN,NaN,NaN,NaN,transformer,embedding
1278,12790,NaN,NaN,NaN,NaN,NaN,NaN,NaN,transformer,embedding
1279,12800,NaN,NaN,NaN,NaN,NaN,NaN,NaN,transformer,embedding
1280,12810,NaN,NaN,NaN,NaN,NaN,NaN,NaN,transformer,embedding
1281,12820,NaN,NaN,NaN,NaN,NaN,NaN,NaN,transformer,embedding
1282,12830,NaN,NaN,NaN,NaN,NaN,NaN,NaN,transformer,embedding
1283,12840,NaN,NaN,NaN,NaN,NaN,NaN,NaN,transformer,embedding
1284,12850,NaN,NaN,NaN,NaN,2.4817540645599365,48.012752532958984,11.962228775024414,transformer,embedding
1285,12860,NaN,NaN,NaN,NaN,NaN,NaN,NaN,transformer,embedding
1286,12870,NaN,NaN,NaN,NaN,NaN,NaN,NaN,transformer,embedding
1287,12880,NaN,NaN,NaN,NaN,NaN,NaN,NaN,transformer,embedding
1288,12890,4.021792676667246e-08,100.0,1.0,0.001,NaN,NaN,NaN,transformer,embedding
1289,12900,NaN,NaN,NaN,NaN,NaN,NaN,NaN,transformer,embedding
1290,12910,NaN,NaN,NaN,NaN,NaN,NaN,NaN,transformer,embedding
1291,12920,NaN,NaN,NaN,NaN,NaN,NaN,NaN,transformer,embedding
1292,12930,NaN,NaN,NaN,NaN,NaN,NaN,NaN,transformer,embedding
1293,12940,NaN,NaN,NaN,NaN,NaN,NaN,NaN,transformer,embedding
1294,12950,NaN,NaN,NaN,NaN,NaN,NaN,NaN,transformer,embedding
1295,12960,NaN,NaN,NaN,NaN,NaN,NaN,NaN,transformer,embedding
1296,12970,NaN,NaN,NaN,NaN,NaN,NaN,NaN,transformer,embedding
1297,12980,NaN,NaN,NaN,NaN,NaN,NaN,NaN,transformer,embedding
1298,12990,NaN,NaN,NaN,NaN,NaN,NaN,NaN,transformer,embedding
1299,13000,NaN,NaN,NaN,NaN,NaN,NaN,NaN,transformer,embedding
1300,13010,3.715152985250825e-08,100.0,1.0,0.001,NaN,NaN,NaN,transformer,embedding
1301,13020,NaN,NaN,NaN,NaN,NaN,NaN,NaN,transformer,embedding
1302,13030,NaN,NaN,NaN,NaN,NaN,NaN,NaN,transformer,embedding
1303,13040,NaN,NaN,NaN,NaN,NaN,NaN,NaN,transformer,embedding
1304,13050,NaN,NaN,NaN,NaN,NaN,NaN,NaN,transformer,embedding
1305,13060,NaN,NaN,NaN,NaN,NaN,NaN,NaN,transformer,embedding
1306,13070,NaN,NaN,NaN,NaN,NaN,NaN,NaN,transformer,embedding
1307,13080,NaN,NaN,NaN,NaN,NaN,NaN,NaN,transformer,embedding
1308,13090,NaN,NaN,NaN,NaN,NaN,NaN,NaN,transformer,embedding
1309,13100,NaN,NaN,NaN,NaN,2.46045184135437,48.0977668762207,11.710101127624512,transformer,embedding
1310,13110,NaN,NaN,NaN,NaN,NaN,NaN,NaN,transformer,embedding
1311,13120,NaN,NaN,NaN,NaN,NaN,NaN,NaN,transformer,embedding
1312,13130,NaN,NaN,NaN,NaN,NaN,NaN,NaN,transformer,embedding
1313,13140,3.64419499021551e-08,100.0,1.0,0.001,NaN,NaN,NaN,transformer,embedding
1314,13150,NaN,NaN,NaN,NaN,NaN,NaN,NaN,transformer,embedding
1315,13160,NaN,NaN,NaN,NaN,NaN,NaN,NaN,transformer,embedding
1316,13170,NaN,NaN,NaN,NaN,NaN,NaN,NaN,transformer,embedding
1317,13180,NaN,NaN,NaN,NaN,NaN,NaN,NaN,transformer,embedding
1318,13190,NaN,NaN,NaN,NaN,NaN,NaN,NaN,transformer,embedding
1319,13200,NaN,NaN,NaN,NaN,NaN,NaN,NaN,transformer,embedding
1320,13210,NaN,NaN,NaN,NaN,NaN,NaN,NaN,transformer,embedding
1321,13220,NaN,NaN,NaN,NaN,NaN,NaN,NaN,transformer,embedding
1322,13230,NaN,NaN,NaN,NaN,NaN,NaN,NaN,transformer,embedding
1323,13240,NaN,NaN,NaN,NaN,NaN,NaN,NaN,transformer,embedding
1324,13250,NaN,NaN,NaN,NaN,NaN,NaN,NaN,transformer,embedding
1325,13260,NaN,NaN,NaN,NaN,NaN,NaN,NaN,transformer,embedding
1326,13270,3.3514936603751266e-08,100.0,1.0,0.001,NaN,NaN,NaN,transformer,embedding
1327,13280,NaN,NaN,NaN,NaN,NaN,NaN,NaN,transformer,embedding
1328,13290,NaN,NaN,NaN,NaN,NaN,NaN,NaN,transformer,embedding
1329,13300,NaN,NaN,NaN,NaN,NaN,NaN,NaN,transformer,embedding
1330,13310,NaN,NaN,NaN,NaN,NaN,NaN,NaN,transformer,embedding
1331,13320,NaN,NaN,NaN,NaN,NaN,NaN,NaN,transformer,embedding
1332,13330,NaN,NaN,NaN,NaN,NaN,NaN,NaN,transformer,embedding
1333,13340,NaN,NaN,NaN,NaN,NaN,NaN,NaN,transformer,embedding
1334,13350,NaN,NaN,NaN,NaN,NaN,NaN,NaN,transformer,embedding
1335,13360,NaN,NaN,NaN,NaN,2.460312604904175,48.119022369384766,11.708471298217773,transformer,embedding
1336,13370,NaN,NaN,NaN,NaN,NaN,NaN,NaN,transformer,embedding
1337,13380,NaN,NaN,NaN,NaN,NaN,NaN,NaN,transformer,embedding
1338,13390,NaN,NaN,NaN,NaN,NaN,NaN,NaN,transformer,embedding
1339,13400,3.462999131897959e-08,100.0,1.0,0.001,NaN,NaN,NaN,transformer,embedding
1340,13410,NaN,NaN,NaN,NaN,NaN,NaN,NaN,transformer,embedding
1341,13420,NaN,NaN,NaN,NaN,NaN,NaN,NaN,transformer,embedding
1342,13430,NaN,NaN,NaN,NaN,NaN,NaN,NaN,transformer,embedding
1343,13440,NaN,NaN,NaN,NaN,NaN,NaN,NaN,transformer,embedding
1344,13450,NaN,NaN,NaN,NaN,NaN,NaN,NaN,transformer,embedding
1345,13460,NaN,NaN,NaN,NaN,NaN,NaN,NaN,transformer,embedding
1346,13470,NaN,NaN,NaN,NaN,NaN,NaN,NaN,transformer,embedding
1347,13480,NaN,NaN,NaN,NaN,NaN,NaN,NaN,transformer,embedding
1348,13490,NaN,NaN,NaN,NaN,NaN,NaN,NaN,transformer,embedding
1349,13500,NaN,NaN,NaN,NaN,NaN,NaN,NaN,transformer,embedding
1350,13510,NaN,NaN,NaN,NaN,NaN,NaN,NaN,transformer,embedding
1351,13520,NaN,NaN,NaN,NaN,NaN,NaN,NaN,transformer,embedding
1352,13530,3.903951650841009e-08,100.0,1.0,0.001,NaN,NaN,NaN,transformer,embedding
1353,13540,NaN,NaN,NaN,NaN,NaN,NaN,NaN,transformer,embedding
1354,13550,NaN,NaN,NaN,NaN,NaN,NaN,NaN,transformer,embedding
1355,13560,NaN,NaN,NaN,NaN,NaN,NaN,NaN,transformer,embedding
1356,13570,NaN,NaN,NaN,NaN,NaN,NaN,NaN,transformer,embedding
1357,13580,NaN,NaN,NaN,NaN,NaN,NaN,NaN,transformer,embedding
1358,13590,NaN,NaN,NaN,NaN,NaN,NaN,NaN,transformer,embedding
1359,13600,NaN,NaN,NaN,NaN,NaN,NaN,NaN,transformer,embedding
1360,13610,NaN,NaN,NaN,NaN,NaN,NaN,NaN,transformer,embedding
1361,13620,NaN,NaN,NaN,NaN,2.435638666152954,48.267799377441406,11.423111915588379,transformer,embedding
1362,13630,NaN,NaN,NaN,NaN,NaN,NaN,NaN,transformer,embedding
1363,13640,NaN,NaN,NaN,NaN,NaN,NaN,NaN,transformer,embedding
1364,13650,NaN,NaN,NaN,NaN,NaN,NaN,NaN,transformer,embedding
1365,13660,3.460464981230871e-08,100.0,1.0,0.001,NaN,NaN,NaN,transformer,embedding
1366,13670,NaN,NaN,NaN,NaN,NaN,NaN,NaN,transformer,embedding
1367,13680,NaN,NaN,NaN,NaN,NaN,NaN,NaN,transformer,embedding
1368,13690,NaN,NaN,NaN,NaN,NaN,NaN,NaN,transformer,embedding
1369,13700,NaN,NaN,NaN,NaN,NaN,NaN,NaN,transformer,embedding
1370,13710,NaN,NaN,NaN,NaN,NaN,NaN,NaN,transformer,embedding
1371,13720,NaN,NaN,NaN,NaN,NaN,NaN,NaN,transformer,embedding
1372,13730,NaN,NaN,NaN,NaN,NaN,NaN,NaN,transformer,embedding
1373,13740,NaN,NaN,NaN,NaN,NaN,NaN,NaN,transformer,embedding
1374,13750,NaN,NaN,NaN,NaN,NaN,NaN,NaN,transformer,embedding
1375,13760,NaN,NaN,NaN,NaN,NaN,NaN,NaN,transformer,embedding
1376,13770,NaN,NaN,NaN,NaN,NaN,NaN,NaN,transformer,embedding
1377,13780,NaN,NaN,NaN,NaN,NaN,NaN,NaN,transformer,embedding
1378,13790,3.442725216018516e-08,100.0,1.0,0.001,NaN,NaN,NaN,transformer,embedding
1379,13800,NaN,NaN,NaN,NaN,NaN,NaN,NaN,transformer,embedding
1380,13810,NaN,NaN,NaN,NaN,NaN,NaN,NaN,transformer,embedding
1381,13820,NaN,NaN,NaN,NaN,NaN,NaN,NaN,transformer,embedding
1382,13830,NaN,NaN,NaN,NaN,NaN,NaN,NaN,transformer,embedding
1383,13840,NaN,NaN,NaN,NaN,NaN,NaN,NaN,transformer,embedding
1384,13850,NaN,NaN,NaN,NaN,NaN,NaN,NaN,transformer,embedding
1385,13860,NaN,NaN,NaN,NaN,NaN,NaN,NaN,transformer,embedding
1386,13870,NaN,NaN,NaN,NaN,NaN,NaN,NaN,transformer,embedding
1387,13880,NaN,NaN,NaN,NaN,NaN,NaN,NaN,transformer,embedding
1388,13890,NaN,NaN,NaN,NaN,2.4485132694244385,48.18278121948242,11.571130752563477,transformer,embedding
1389,13900,NaN,NaN,NaN,NaN,NaN,NaN,NaN,transformer,embedding
1390,13910,NaN,NaN,NaN,NaN,NaN,NaN,NaN,transformer,embedding
1391,13920,3.584641206089145e-08,100.0,1.0,0.001,NaN,NaN,NaN,transformer,embedding
1392,13930,NaN,NaN,NaN,NaN,NaN,NaN,NaN,transformer,embedding
1393,13940,NaN,NaN,NaN,NaN,NaN,NaN,NaN,transformer,embedding
1394,13950,NaN,NaN,NaN,NaN,NaN,NaN,NaN,transformer,embedding
1395,13960,NaN,NaN,NaN,NaN,NaN,NaN,NaN,transformer,embedding
1396,13970,NaN,NaN,NaN,NaN,NaN,NaN,NaN,transformer,embedding
1397,13980,NaN,NaN,NaN,NaN,NaN,NaN,NaN,transformer,embedding
1398,13990,NaN,NaN,NaN,NaN,NaN,NaN,NaN,transformer,embedding
1399,14000,NaN,NaN,NaN,NaN,NaN,NaN,NaN,transformer,embedding
1400,14010,NaN,NaN,NaN,NaN,NaN,NaN,NaN,transformer,embedding
1401,14020,NaN,NaN,NaN,NaN,NaN,NaN,NaN,transformer,embedding
1402,14030,NaN,NaN,NaN,NaN,NaN,NaN,NaN,transformer,embedding
1403,14040,NaN,NaN,NaN,NaN,NaN,NaN,NaN,transformer,embedding
1404,14050,3.530155723296957e-08,100.0,1.0,0.001,NaN,NaN,NaN,transformer,embedding
1405,14060,NaN,NaN,NaN,NaN,NaN,NaN,NaN,transformer,embedding
1406,14070,NaN,NaN,NaN,NaN,NaN,NaN,NaN,transformer,embedding
1407,14080,NaN,NaN,NaN,NaN,NaN,NaN,NaN,transformer,embedding
1408,14090,NaN,NaN,NaN,NaN,NaN,NaN,NaN,transformer,embedding
1409,14100,NaN,NaN,NaN,NaN,NaN,NaN,NaN,transformer,embedding
1410,14110,NaN,NaN,NaN,NaN,NaN,NaN,NaN,transformer,embedding
1411,14120,NaN,NaN,NaN,NaN,NaN,NaN,NaN,transformer,embedding
1412,14130,NaN,NaN,NaN,NaN,NaN,NaN,NaN,transformer,embedding
1413,14140,NaN,NaN,NaN,NaN,NaN,NaN,NaN,transformer,embedding
1414,14150,NaN,NaN,NaN,NaN,NaN,NaN,NaN,transformer,embedding
1415,14160,NaN,NaN,NaN,NaN,2.401298999786377,48.33156204223633,11.037505149841309,transformer,embedding
1416,14170,NaN,NaN,NaN,NaN,NaN,NaN,NaN,transformer,embedding
1417,14180,NaN,NaN,NaN,NaN,NaN,NaN,NaN,transformer,embedding
1418,14190,3.5669017961481586e-08,100.0,1.0,0.001,NaN,NaN,NaN,transformer,embedding
1419,14200,NaN,NaN,NaN,NaN,NaN,NaN,NaN,transformer,embedding
1420,14210,NaN,NaN,NaN,NaN,NaN,NaN,NaN,transformer,embedding
1421,14220,NaN,NaN,NaN,NaN,NaN,NaN,NaN,transformer,embedding
1422,14230,NaN,NaN,NaN,NaN,NaN,NaN,NaN,transformer,embedding
1423,14240,NaN,NaN,NaN,NaN,NaN,NaN,NaN,transformer,embedding
1424,14250,NaN,NaN,NaN,NaN,NaN,NaN,NaN,transformer,embedding
1425,14260,NaN,NaN,NaN,NaN,NaN,NaN,NaN,transformer,embedding
1426,14270,NaN,NaN,NaN,NaN,NaN,NaN,NaN,transformer,embedding
1427,14280,NaN,NaN,NaN,NaN,NaN,NaN,NaN,transformer,embedding
1428,14290,NaN,NaN,NaN,NaN,NaN,NaN,NaN,transformer,embedding
1429,14300,NaN,NaN,NaN,NaN,NaN,NaN,NaN,transformer,embedding
1430,14310,NaN,NaN,NaN,NaN,NaN,NaN,NaN,transformer,embedding
1431,14320,NaN,NaN,NaN,NaN,NaN,NaN,NaN,transformer,embedding
1432,14330,3.621387278940347e-08,100.0,1.0,0.001,NaN,NaN,NaN,transformer,embedding
1433,14340,NaN,NaN,NaN,NaN,NaN,NaN,NaN,transformer,embedding
1434,14350,NaN,NaN,NaN,NaN,NaN,NaN,NaN,transformer,embedding
1435,14360,NaN,NaN,NaN,NaN,NaN,NaN,NaN,transformer,embedding
1436,14370,NaN,NaN,NaN,NaN,NaN,NaN,NaN,transformer,embedding
1437,14380,NaN,NaN,NaN,NaN,NaN,NaN,NaN,transformer,embedding
1438,14390,NaN,NaN,NaN,NaN,NaN,NaN,NaN,transformer,embedding
1439,14400,NaN,NaN,NaN,NaN,NaN,NaN,NaN,transformer,embedding
1440,14410,NaN,NaN,NaN,NaN,NaN,NaN,NaN,transformer,embedding
1441,14420,NaN,NaN,NaN,NaN,NaN,NaN,NaN,transformer,embedding
1442,14430,NaN,NaN,NaN,NaN,NaN,NaN,NaN,transformer,embedding
1443,14440,NaN,NaN,NaN,NaN,2.415393114089966,48.310306549072266,11.194169998168945,transformer,embedding
1444,14450,NaN,NaN,NaN,NaN,NaN,NaN,NaN,transformer,embedding
1445,14460,NaN,NaN,NaN,NaN,NaN,NaN,NaN,transformer,embedding
1446,14470,3.32108314182733e-08,100.0,1.0,0.001,NaN,NaN,NaN,transformer,embedding
1447,14480,NaN,NaN,NaN,NaN,NaN,NaN,NaN,transformer,embedding
1448,14490,NaN,NaN,NaN,NaN,NaN,NaN,NaN,transformer,embedding
1449,14500,NaN,NaN,NaN,NaN,NaN,NaN,NaN,transformer,embedding
1450,14510,NaN,NaN,NaN,NaN,NaN,NaN,NaN,transformer,embedding
1451,14520,NaN,NaN,NaN,NaN,NaN,NaN,NaN,transformer,embedding
1452,14530,NaN,NaN,NaN,NaN,NaN,NaN,NaN,transformer,embedding
1453,14540,NaN,NaN,NaN,NaN,NaN,NaN,NaN,transformer,embedding
1454,14550,NaN,NaN,NaN,NaN,NaN,NaN,NaN,transformer,embedding
1455,14560,NaN,NaN,NaN,NaN,NaN,NaN,NaN,transformer,embedding
1456,14570,NaN,NaN,NaN,NaN,NaN,NaN,NaN,transformer,embedding
1457,14580,NaN,NaN,NaN,NaN,NaN,NaN,NaN,transformer,embedding
1458,14590,NaN,NaN,NaN,NaN,NaN,NaN,NaN,transformer,embedding
1459,14600,NaN,NaN,NaN,NaN,NaN,NaN,NaN,transformer,embedding
1460,14610,3.3971094381968214e-08,100.0,1.0,0.001,NaN,NaN,NaN,transformer,embedding
1461,14620,NaN,NaN,NaN,NaN,NaN,NaN,NaN,transformer,embedding
1462,14630,NaN,NaN,NaN,NaN,NaN,NaN,NaN,transformer,embedding
1463,14640,NaN,NaN,NaN,NaN,NaN,NaN,NaN,transformer,embedding
1464,14650,NaN,NaN,NaN,NaN,NaN,NaN,NaN,transformer,embedding
1465,14660,NaN,NaN,NaN,NaN,NaN,NaN,NaN,transformer,embedding
1466,14670,NaN,NaN,NaN,NaN,NaN,NaN,NaN,transformer,embedding
1467,14680,NaN,NaN,NaN,NaN,NaN,NaN,NaN,transformer,embedding
1468,14690,NaN,NaN,NaN,NaN,NaN,NaN,NaN,transformer,embedding
1469,14700,NaN,NaN,NaN,NaN,NaN,NaN,NaN,transformer,embedding
1470,14710,NaN,NaN,NaN,NaN,NaN,NaN,NaN,transformer,embedding
1471,14720,NaN,NaN,NaN,NaN,2.4145524501800537,48.22529220581055,11.18476390838623,transformer,embedding
1472,14730,NaN,NaN,NaN,NaN,NaN,NaN,NaN,transformer,embedding
1473,14740,NaN,NaN,NaN,NaN,NaN,NaN,NaN,transformer,embedding
1474,14750,4.208057191590342e-08,100.0,1.0,0.001,NaN,NaN,NaN,transformer,embedding
1475,14760,NaN,NaN,NaN,NaN,NaN,NaN,NaN,transformer,embedding
1476,14770,NaN,NaN,NaN,NaN,NaN,NaN,NaN,transformer,embedding
1477,14780,NaN,NaN,NaN,NaN,NaN,NaN,NaN,transformer,embedding
1478,14790,NaN,NaN,NaN,NaN,NaN,NaN,NaN,transformer,embedding
1479,14800,NaN,NaN,NaN,NaN,NaN,NaN,NaN,transformer,embedding
1480,14810,NaN,NaN,NaN,NaN,NaN,NaN,NaN,transformer,embedding
1481,14820,NaN,NaN,NaN,NaN,NaN,NaN,NaN,transformer,embedding
1482,14830,NaN,NaN,NaN,NaN,NaN,NaN,NaN,transformer,embedding
1483,14840,NaN,NaN,NaN,NaN,NaN,NaN,NaN,transformer,embedding
1484,14850,NaN,NaN,NaN,NaN,NaN,NaN,NaN,transformer,embedding
1485,14860,NaN,NaN,NaN,NaN,NaN,NaN,NaN,transformer,embedding
1486,14870,NaN,NaN,NaN,NaN,NaN,NaN,NaN,transformer,embedding
1487,14880,NaN,NaN,NaN,NaN,NaN,NaN,NaN,transformer,embedding
1488,14890,3.322350394796558e-08,100.0,1.0,0.001,NaN,NaN,NaN,transformer,embedding
1489,14900,NaN,NaN,NaN,NaN,NaN,NaN,NaN,transformer,embedding
1490,14910,NaN,NaN,NaN,NaN,NaN,NaN,NaN,transformer,embedding
1491,14920,NaN,NaN,NaN,NaN,NaN,NaN,NaN,transformer,embedding
1492,14930,NaN,NaN,NaN,NaN,NaN,NaN,NaN,transformer,embedding
1493,14940,NaN,NaN,NaN,NaN,NaN,NaN,NaN,transformer,embedding
1494,14950,NaN,NaN,NaN,NaN,NaN,NaN,NaN,transformer,embedding
1495,14960,NaN,NaN,NaN,NaN,NaN,NaN,NaN,transformer,embedding
1496,14970,NaN,NaN,NaN,NaN,NaN,NaN,NaN,transformer,embedding
1497,14980,NaN,NaN,NaN,NaN,NaN,NaN,NaN,transformer,embedding
1498,14990,NaN,NaN,NaN,NaN,NaN,NaN,NaN,transformer,embedding
1499,15000,NaN,NaN,NaN,NaN,NaN,NaN,NaN,transformer,embedding
1500,15010,NaN,NaN,NaN,NaN,2.3934240341186523,48.119022369384766,10.950925827026367,transformer,embedding
1501,15020,NaN,NaN,NaN,NaN,NaN,NaN,NaN,transformer,embedding
1502,15030,3.890013644536339e-08,100.0,1.0,0.001,NaN,NaN,NaN,transformer,embedding
1503,15040,NaN,NaN,NaN,NaN,NaN,NaN,NaN,transformer,embedding
1504,15050,NaN,NaN,NaN,NaN,NaN,NaN,NaN,transformer,embedding
1505,15060,NaN,NaN,NaN,NaN,NaN,NaN,NaN,transformer,embedding
1506,15070,NaN,NaN,NaN,NaN,NaN,NaN,NaN,transformer,embedding
1507,15080,NaN,NaN,NaN,NaN,NaN,NaN,NaN,transformer,embedding
1508,15090,NaN,NaN,NaN,NaN,NaN,NaN,NaN,transformer,embedding
1509,15100,NaN,NaN,NaN,NaN,NaN,NaN,NaN,transformer,embedding
1510,15110,NaN,NaN,NaN,NaN,NaN,NaN,NaN,transformer,embedding
1511,15120,NaN,NaN,NaN,NaN,NaN,NaN,NaN,transformer,embedding
1512,15130,NaN,NaN,NaN,NaN,NaN,NaN,NaN,transformer,embedding
1513,15140,NaN,NaN,NaN,NaN,NaN,NaN,NaN,transformer,embedding
1514,15150,NaN,NaN,NaN,NaN,NaN,NaN,NaN,transformer,embedding
1515,15160,NaN,NaN,NaN,NaN,NaN,NaN,NaN,transformer,embedding
1516,15170,NaN,NaN,NaN,NaN,NaN,NaN,NaN,transformer,embedding
1517,15180,3.454129426927466e-08,100.0,1.0,0.001,NaN,NaN,NaN,transformer,embedding
1518,15190,NaN,NaN,NaN,NaN,NaN,NaN,NaN,transformer,embedding
1519,15200,NaN,NaN,NaN,NaN,NaN,NaN,NaN,transformer,embedding
1520,15210,NaN,NaN,NaN,NaN,NaN,NaN,NaN,transformer,embedding
1521,15220,NaN,NaN,NaN,NaN,NaN,NaN,NaN,transformer,embedding
1522,15230,NaN,NaN,NaN,NaN,NaN,NaN,NaN,transformer,embedding
1523,15240,NaN,NaN,NaN,NaN,NaN,NaN,NaN,transformer,embedding
1524,15250,NaN,NaN,NaN,NaN,NaN,NaN,NaN,transformer,embedding
1525,15260,NaN,NaN,NaN,NaN,NaN,NaN,NaN,transformer,embedding
1526,15270,NaN,NaN,NaN,NaN,NaN,NaN,NaN,transformer,embedding
1527,15280,NaN,NaN,NaN,NaN,NaN,NaN,NaN,transformer,embedding
1528,15290,NaN,NaN,NaN,NaN,NaN,NaN,NaN,transformer,embedding
1529,15300,NaN,NaN,NaN,NaN,2.405352830886841,48.310306549072266,11.082340240478516,transformer,embedding
1530,15310,NaN,NaN,NaN,NaN,NaN,NaN,NaN,transformer,embedding
1531,15320,NaN,NaN,NaN,NaN,NaN,NaN,NaN,transformer,embedding
1532,15330,3.409780546803631e-08,100.0,1.0,0.001,NaN,NaN,NaN,transformer,embedding
1533,15340,NaN,NaN,NaN,NaN,NaN,NaN,NaN,transformer,embedding
1534,15350,NaN,NaN,NaN,NaN,NaN,NaN,NaN,transformer,embedding
1535,15360,NaN,NaN,NaN,NaN,NaN,NaN,NaN,transformer,embedding
1536,15370,NaN,NaN,NaN,NaN,NaN,NaN,NaN,transformer,embedding
1537,15380,NaN,NaN,NaN,NaN,NaN,NaN,NaN,transformer,embedding
1538,15390,NaN,NaN,NaN,NaN,NaN,NaN,NaN,transformer,embedding
1539,15400,NaN,NaN,NaN,NaN,NaN,NaN,NaN,transformer,embedding
1540,15410,NaN,NaN,NaN,NaN,NaN,NaN,NaN,transformer,embedding
1541,15420,NaN,NaN,NaN,NaN,NaN,NaN,NaN,transformer,embedding
1542,15430,NaN,NaN,NaN,NaN,NaN,NaN,NaN,transformer,embedding
1543,15440,NaN,NaN,NaN,NaN,NaN,NaN,NaN,transformer,embedding
1544,15450,NaN,NaN,NaN,NaN,NaN,NaN,NaN,transformer,embedding
1545,15460,NaN,NaN,NaN,NaN,NaN,NaN,NaN,transformer,embedding
1546,15470,NaN,NaN,NaN,NaN,NaN,NaN,NaN,transformer,embedding
1547,15480,3.220981881213447e-08,100.0,1.0,0.001,NaN,NaN,NaN,transformer,embedding
1548,15490,NaN,NaN,NaN,NaN,NaN,NaN,NaN,transformer,embedding
1549,15500,NaN,NaN,NaN,NaN,NaN,NaN,NaN,transformer,embedding
1550,15510,NaN,NaN,NaN,NaN,NaN,NaN,NaN,transformer,embedding
1551,15520,NaN,NaN,NaN,NaN,NaN,NaN,NaN,transformer,embedding
1552,15530,NaN,NaN,NaN,NaN,NaN,NaN,NaN,transformer,embedding
1553,15540,NaN,NaN,NaN,NaN,NaN,NaN,NaN,transformer,embedding
1554,15550,NaN,NaN,NaN,NaN,NaN,NaN,NaN,transformer,embedding
1555,15560,NaN,NaN,NaN,NaN,NaN,NaN,NaN,transformer,embedding
1556,15570,NaN,NaN,NaN,NaN,NaN,NaN,NaN,transformer,embedding
1557,15580,NaN,NaN,NaN,NaN,NaN,NaN,NaN,transformer,embedding
1558,15590,NaN,NaN,NaN,NaN,NaN,NaN,NaN,transformer,embedding
1559,15600,NaN,NaN,NaN,NaN,2.3892595767974854,48.39532470703125,10.905416488647461,transformer,embedding
1560,15610,NaN,NaN,NaN,NaN,NaN,NaN,NaN,transformer,embedding
1561,15620,NaN,NaN,NaN,NaN,NaN,NaN,NaN,transformer,embedding
1562,15630,3.6327911345779285e-08,100.0,1.0,0.001,NaN,NaN,NaN,transformer,embedding
1563,15640,NaN,NaN,NaN,NaN,NaN,NaN,NaN,transformer,embedding
1564,15650,NaN,NaN,NaN,NaN,NaN,NaN,NaN,transformer,embedding
1565,15660,NaN,NaN,NaN,NaN,NaN,NaN,NaN,transformer,embedding
1566,15670,NaN,NaN,NaN,NaN,NaN,NaN,NaN,transformer,embedding
1567,15680,NaN,NaN,NaN,NaN,NaN,NaN,NaN,transformer,embedding
1568,15690,NaN,NaN,NaN,NaN,NaN,NaN,NaN,transformer,embedding
1569,15700,NaN,NaN,NaN,NaN,NaN,NaN,NaN,transformer,embedding
1570,15710,NaN,NaN,NaN,NaN,NaN,NaN,NaN,transformer,embedding
1571,15720,NaN,NaN,NaN,NaN,NaN,NaN,NaN,transformer,embedding
1572,15730,NaN,NaN,NaN,NaN,NaN,NaN,NaN,transformer,embedding
1573,15740,NaN,NaN,NaN,NaN,NaN,NaN,NaN,transformer,embedding
1574,15750,NaN,NaN,NaN,NaN,NaN,NaN,NaN,transformer,embedding
1575,15760,NaN,NaN,NaN,NaN,NaN,NaN,NaN,transformer,embedding
1576,15770,NaN,NaN,NaN,NaN,NaN,NaN,NaN,transformer,embedding
1577,15780,3.432588258078795e-08,100.0,1.0,0.001,NaN,NaN,NaN,transformer,embedding
1578,15790,NaN,NaN,NaN,NaN,NaN,NaN,NaN,transformer,embedding
1579,15800,NaN,NaN,NaN,NaN,NaN,NaN,NaN,transformer,embedding
1580,15810,NaN,NaN,NaN,NaN,NaN,NaN,NaN,transformer,embedding
1581,15820,NaN,NaN,NaN,NaN,NaN,NaN,NaN,transformer,embedding
1582,15830,NaN,NaN,NaN,NaN,NaN,NaN,NaN,transformer,embedding
1583,15840,NaN,NaN,NaN,NaN,NaN,NaN,NaN,transformer,embedding
1584,15850,NaN,NaN,NaN,NaN,NaN,NaN,NaN,transformer,embedding
1585,15860,NaN,NaN,NaN,NaN,NaN,NaN,NaN,transformer,embedding
1586,15870,NaN,NaN,NaN,NaN,NaN,NaN,NaN,transformer,embedding
1587,15880,NaN,NaN,NaN,NaN,NaN,NaN,NaN,transformer,embedding
1588,15890,NaN,NaN,NaN,NaN,NaN,NaN,NaN,transformer,embedding
1589,15900,NaN,NaN,NaN,NaN,NaN,NaN,NaN,transformer,embedding
1590,15910,NaN,NaN,NaN,NaN,2.3771047592163086,48.41657638549805,10.773665428161621,transformer,embedding
1591,15920,NaN,NaN,NaN,NaN,NaN,NaN,NaN,transformer,embedding
1592,15930,3.3502267626772664e-08,100.0,1.0,0.001,NaN,NaN,NaN,transformer,embedding
1593,15940,NaN,NaN,NaN,NaN,NaN,NaN,NaN,transformer,embedding
1594,15950,NaN,NaN,NaN,NaN,NaN,NaN,NaN,transformer,embedding
1595,15960,NaN,NaN,NaN,NaN,NaN,NaN,NaN,transformer,embedding
1596,15970,NaN,NaN,NaN,NaN,NaN,NaN,NaN,transformer,embedding
1597,15980,NaN,NaN,NaN,NaN,NaN,NaN,NaN,transformer,embedding
1598,15990,NaN,NaN,NaN,NaN,NaN,NaN,NaN,transformer,embedding
1599,16000,NaN,NaN,NaN,NaN,NaN,NaN,NaN,transformer,embedding
1600,16010,NaN,NaN,NaN,NaN,NaN,NaN,NaN,transformer,embedding
1601,16020,NaN,NaN,NaN,NaN,NaN,NaN,NaN,transformer,embedding
1602,16030,NaN,NaN,NaN,NaN,NaN,NaN,NaN,transformer,embedding
1603,16040,NaN,NaN,NaN,NaN,NaN,NaN,NaN,transformer,embedding
1604,16050,NaN,NaN,NaN,NaN,NaN,NaN,NaN,transformer,embedding
1605,16060,NaN,NaN,NaN,NaN,NaN,NaN,NaN,transformer,embedding
1606,16070,NaN,NaN,NaN,NaN,NaN,NaN,NaN,transformer,embedding
1607,16080,3.35909646764776e-08,100.0,1.0,0.001,NaN,NaN,NaN,transformer,embedding
1608,16090,NaN,NaN,NaN,NaN,NaN,NaN,NaN,transformer,embedding
1609,16100,NaN,NaN,NaN,NaN,NaN,NaN,NaN,transformer,embedding
1610,16110,NaN,NaN,NaN,NaN,NaN,NaN,NaN,transformer,embedding
1611,16120,NaN,NaN,NaN,NaN,NaN,NaN,NaN,transformer,embedding
1612,16130,NaN,NaN,NaN,NaN,NaN,NaN,NaN,transformer,embedding
1613,16140,NaN,NaN,NaN,NaN,NaN,NaN,NaN,transformer,embedding
1614,16150,NaN,NaN,NaN,NaN,NaN,NaN,NaN,transformer,embedding
1615,16160,NaN,NaN,NaN,NaN,NaN,NaN,NaN,transformer,embedding
1616,16170,NaN,NaN,NaN,NaN,NaN,NaN,NaN,transformer,embedding
1617,16180,NaN,NaN,NaN,NaN,NaN,NaN,NaN,transformer,embedding
1618,16190,NaN,NaN,NaN,NaN,NaN,NaN,NaN,transformer,embedding
1619,16200,NaN,NaN,NaN,NaN,NaN,NaN,NaN,transformer,embedding
1620,16210,NaN,NaN,NaN,NaN,NaN,NaN,NaN,transformer,embedding
1621,16220,NaN,NaN,NaN,NaN,2.3910651206970215,48.43783187866211,10.925124168395996,transformer,embedding
1622,16230,NaN,NaN,NaN,NaN,NaN,NaN,NaN,transformer,embedding
1623,16240,3.29447402691585e-08,100.0,1.0,0.001,NaN,NaN,NaN,transformer,embedding
1624,16250,NaN,NaN,NaN,NaN,NaN,NaN,NaN,transformer,embedding
1625,16260,NaN,NaN,NaN,NaN,NaN,NaN,NaN,transformer,embedding
1626,16270,NaN,NaN,NaN,NaN,NaN,NaN,NaN,transformer,embedding
1627,16280,NaN,NaN,NaN,NaN,NaN,NaN,NaN,transformer,embedding
1628,16290,NaN,NaN,NaN,NaN,NaN,NaN,NaN,transformer,embedding
1629,16300,NaN,NaN,NaN,NaN,NaN,NaN,NaN,transformer,embedding
1630,16310,NaN,NaN,NaN,NaN,NaN,NaN,NaN,transformer,embedding
1631,16320,NaN,NaN,NaN,NaN,NaN,NaN,NaN,transformer,embedding
1632,16330,NaN,NaN,NaN,NaN,NaN,NaN,NaN,transformer,embedding
1633,16340,NaN,NaN,NaN,NaN,NaN,NaN,NaN,transformer,embedding
1634,16350,NaN,NaN,NaN,NaN,NaN,NaN,NaN,transformer,embedding
1635,16360,NaN,NaN,NaN,NaN,NaN,NaN,NaN,transformer,embedding
1636,16370,NaN,NaN,NaN,NaN,NaN,NaN,NaN,transformer,embedding
1637,16380,NaN,NaN,NaN,NaN,NaN,NaN,NaN,transformer,embedding
1638,16390,NaN,NaN,NaN,NaN,NaN,NaN,NaN,transformer,embedding
1639,16400,0.03481094911694527,98.00170135498047,1.035423994064331,0.001,NaN,NaN,NaN,transformer,embedding
1640,16410,NaN,NaN,NaN,NaN,NaN,NaN,NaN,transformer,embedding
1641,16420,NaN,NaN,NaN,NaN,NaN,NaN,NaN,transformer,embedding
1642,16430,NaN,NaN,NaN,NaN,NaN,NaN,NaN,transformer,embedding
1643,16440,NaN,NaN,NaN,NaN,NaN,NaN,NaN,transformer,embedding
1644,16450,NaN,NaN,NaN,NaN,NaN,NaN,NaN,transformer,embedding
1645,16460,NaN,NaN,NaN,NaN,NaN,NaN,NaN,transformer,embedding
1646,16470,NaN,NaN,NaN,NaN,NaN,NaN,NaN,transformer,embedding
1647,16480,NaN,NaN,NaN,NaN,NaN,NaN,NaN,transformer,embedding
1648,16490,NaN,NaN,NaN,NaN,NaN,NaN,NaN,transformer,embedding
1649,16500,NaN,NaN,NaN,NaN,NaN,NaN,NaN,transformer,embedding
1650,16510,NaN,NaN,NaN,NaN,NaN,NaN,NaN,transformer,embedding
1651,16520,NaN,NaN,NaN,NaN,NaN,NaN,NaN,transformer,embedding
1652,16530,NaN,NaN,NaN,NaN,NaN,NaN,NaN,transformer,embedding
1653,16540,NaN,NaN,NaN,NaN,4.332692623138428,40.34006118774414,76.1490478515625,transformer,embedding
1654,16550,NaN,NaN,NaN,NaN,NaN,NaN,NaN,transformer,embedding
1655,16560,0.022793537005782127,98.70323181152344,1.0230553150177002,0.001,NaN,NaN,NaN,transformer,embedding
1656,16570,NaN,NaN,NaN,NaN,NaN,NaN,NaN,transformer,embedding
1657,16580,NaN,NaN,NaN,NaN,NaN,NaN,NaN,transformer,embedding
1658,16590,NaN,NaN,NaN,NaN,NaN,NaN,NaN,transformer,embedding
1659,16600,NaN,NaN,NaN,NaN,NaN,NaN,NaN,transformer,embedding
1660,16610,NaN,NaN,NaN,NaN,NaN,NaN,NaN,transformer,embedding
1661,16620,NaN,NaN,NaN,NaN,NaN,NaN,NaN,transformer,embedding
1662,16630,NaN,NaN,NaN,NaN,NaN,NaN,NaN,transformer,embedding
1663,16640,NaN,NaN,NaN,NaN,NaN,NaN,NaN,transformer,embedding
1664,16650,NaN,NaN,NaN,NaN,NaN,NaN,NaN,transformer,embedding
1665,16660,NaN,NaN,NaN,NaN,NaN,NaN,NaN,transformer,embedding
1666,16670,NaN,NaN,NaN,NaN,NaN,NaN,NaN,transformer,embedding
1667,16680,NaN,NaN,NaN,NaN,NaN,NaN,NaN,transformer,embedding
1668,16690,NaN,NaN,NaN,NaN,NaN,NaN,NaN,transformer,embedding
1669,16700,NaN,NaN,NaN,NaN,NaN,NaN,NaN,transformer,embedding
1670,16710,NaN,NaN,NaN,NaN,NaN,NaN,NaN,transformer,embedding
1671,16720,0.023934751749038696,98.80951690673828,1.0242234468460083,0.001,NaN,NaN,NaN,transformer,embedding
1672,16730,NaN,NaN,NaN,NaN,NaN,NaN,NaN,transformer,embedding
1673,16740,NaN,NaN,NaN,NaN,NaN,NaN,NaN,transformer,embedding
1674,16750,NaN,NaN,NaN,NaN,NaN,NaN,NaN,transformer,embedding
1675,16760,NaN,NaN,NaN,NaN,NaN,NaN,NaN,transformer,embedding
1676,16770,NaN,NaN,NaN,NaN,NaN,NaN,NaN,transformer,embedding
1677,16780,NaN,NaN,NaN,NaN,NaN,NaN,NaN,transformer,embedding
1678,16790,NaN,NaN,NaN,NaN,NaN,NaN,NaN,transformer,embedding
1679,16800,NaN,NaN,NaN,NaN,NaN,NaN,NaN,transformer,embedding
1680,16810,NaN,NaN,NaN,NaN,NaN,NaN,NaN,transformer,embedding
1681,16820,NaN,NaN,NaN,NaN,NaN,NaN,NaN,transformer,embedding
1682,16830,NaN,NaN,NaN,NaN,NaN,NaN,NaN,transformer,embedding
1683,16840,NaN,NaN,NaN,NaN,NaN,NaN,NaN,transformer,embedding
1684,16850,NaN,NaN,NaN,NaN,NaN,NaN,NaN,transformer,embedding
1685,16860,NaN,NaN,NaN,NaN,NaN,NaN,NaN,transformer,embedding
1686,16870,NaN,NaN,NaN,NaN,3.911980628967285,45.16471862792969,49.99788284301758,transformer,embedding
1687,16880,8.539231203030795e-06,100.0,1.0000085830688477,0.001,NaN,NaN,NaN,transformer,embedding
1688,16890,NaN,NaN,NaN,NaN,NaN,NaN,NaN,transformer,embedding
1689,16900,NaN,NaN,NaN,NaN,NaN,NaN,NaN,transformer,embedding
1690,16910,NaN,NaN,NaN,NaN,NaN,NaN,NaN,transformer,embedding
1691,16920,NaN,NaN,NaN,NaN,NaN,NaN,NaN,transformer,embedding
1692,16930,NaN,NaN,NaN,NaN,NaN,NaN,NaN,transformer,embedding
1693,16940,NaN,NaN,NaN,NaN,NaN,NaN,NaN,transformer,embedding
1694,16950,NaN,NaN,NaN,NaN,NaN,NaN,NaN,transformer,embedding
1695,16960,NaN,NaN,NaN,NaN,NaN,NaN,NaN,transformer,embedding
1696,16970,NaN,NaN,NaN,NaN,NaN,NaN,NaN,transformer,embedding
1697,16980,NaN,NaN,NaN,NaN,NaN,NaN,NaN,transformer,embedding
1698,16990,NaN,NaN,NaN,NaN,NaN,NaN,NaN,transformer,embedding
1699,17000,NaN,NaN,NaN,NaN,NaN,NaN,NaN,transformer,embedding
1700,17010,NaN,NaN,NaN,NaN,NaN,NaN,NaN,transformer,embedding
1701,17020,NaN,NaN,NaN,NaN,NaN,NaN,NaN,transformer,embedding
1702,17030,NaN,NaN,NaN,NaN,NaN,NaN,NaN,transformer,embedding
1703,17040,2.8128283702244516e-06,100.0,1.0000028610229492,0.001,NaN,NaN,NaN,transformer,embedding
1704,17050,NaN,NaN,NaN,NaN,NaN,NaN,NaN,transformer,embedding
1705,17060,NaN,NaN,NaN,NaN,NaN,NaN,NaN,transformer,embedding
1706,17070,NaN,NaN,NaN,NaN,NaN,NaN,NaN,transformer,embedding
1707,17080,NaN,NaN,NaN,NaN,NaN,NaN,NaN,transformer,embedding
1708,17090,NaN,NaN,NaN,NaN,NaN,NaN,NaN,transformer,embedding
1709,17100,NaN,NaN,NaN,NaN,NaN,NaN,NaN,transformer,embedding
1710,17110,NaN,NaN,NaN,NaN,NaN,NaN,NaN,transformer,embedding
1711,17120,NaN,NaN,NaN,NaN,NaN,NaN,NaN,transformer,embedding
1712,17130,NaN,NaN,NaN,NaN,NaN,NaN,NaN,transformer,embedding
1713,17140,NaN,NaN,NaN,NaN,NaN,NaN,NaN,transformer,embedding
1714,17150,NaN,NaN,NaN,NaN,NaN,NaN,NaN,transformer,embedding
1715,17160,NaN,NaN,NaN,NaN,NaN,NaN,NaN,transformer,embedding
1716,17170,NaN,NaN,NaN,NaN,NaN,NaN,NaN,transformer,embedding
1717,17180,NaN,NaN,NaN,NaN,NaN,NaN,NaN,transformer,embedding
1718,17190,NaN,NaN,NaN,NaN,NaN,NaN,NaN,transformer,embedding
1719,17200,NaN,NaN,NaN,NaN,3.842073678970337,46.3974494934082,46.62205505371094,transformer,embedding
1720,17210,7.640364856342785e-07,100.0,1.0000007152557373,0.001,NaN,NaN,NaN,transformer,embedding
1721,17220,NaN,NaN,NaN,NaN,NaN,NaN,NaN,transformer,embedding
1722,17230,NaN,NaN,NaN,NaN,NaN,NaN,NaN,transformer,embedding
1723,17240,NaN,NaN,NaN,NaN,NaN,NaN,NaN,transformer,embedding
1724,17250,NaN,NaN,NaN,NaN,NaN,NaN,NaN,transformer,embedding
1725,17260,NaN,NaN,NaN,NaN,NaN,NaN,NaN,transformer,embedding
1726,17270,NaN,NaN,NaN,NaN,NaN,NaN,NaN,transformer,embedding
1727,17280,NaN,NaN,NaN,NaN,NaN,NaN,NaN,transformer,embedding
1728,17290,NaN,NaN,NaN,NaN,NaN,NaN,NaN,transformer,embedding
1729,17300,NaN,NaN,NaN,NaN,NaN,NaN,NaN,transformer,embedding
1730,17310,NaN,NaN,NaN,NaN,NaN,NaN,NaN,transformer,embedding
1731,17320,NaN,NaN,NaN,NaN,NaN,NaN,NaN,transformer,embedding
1732,17330,NaN,NaN,NaN,NaN,NaN,NaN,NaN,transformer,embedding
1733,17340,NaN,NaN,NaN,NaN,NaN,NaN,NaN,transformer,embedding
1734,17350,NaN,NaN,NaN,NaN,NaN,NaN,NaN,transformer,embedding
1735,17360,NaN,NaN,NaN,NaN,NaN,NaN,NaN,transformer,embedding
1736,17370,NaN,NaN,NaN,NaN,NaN,NaN,NaN,transformer,embedding
1737,17380,1.8563088133305428e-07,100.0,1.000000238418579,0.001,NaN,NaN,NaN,transformer,embedding
1738,17390,NaN,NaN,NaN,NaN,NaN,NaN,NaN,transformer,embedding
1739,17400,NaN,NaN,NaN,NaN,NaN,NaN,NaN,transformer,embedding
1740,17410,NaN,NaN,NaN,NaN,NaN,NaN,NaN,transformer,embedding
1741,17420,NaN,NaN,NaN,NaN,NaN,NaN,NaN,transformer,embedding
1742,17430,NaN,NaN,NaN,NaN,NaN,NaN,NaN,transformer,embedding
1743,17440,NaN,NaN,NaN,NaN,NaN,NaN,NaN,transformer,embedding
1744,17450,NaN,NaN,NaN,NaN,NaN,NaN,NaN,transformer,embedding
1745,17460,NaN,NaN,NaN,NaN,NaN,NaN,NaN,transformer,embedding
1746,17470,NaN,NaN,NaN,NaN,NaN,NaN,NaN,transformer,embedding
1747,17480,NaN,NaN,NaN,NaN,NaN,NaN,NaN,transformer,embedding
1748,17490,NaN,NaN,NaN,NaN,NaN,NaN,NaN,transformer,embedding
1749,17500,NaN,NaN,NaN,NaN,NaN,NaN,NaN,transformer,embedding
1750,17510,NaN,NaN,NaN,NaN,NaN,NaN,NaN,transformer,embedding
1751,17520,NaN,NaN,NaN,NaN,NaN,NaN,NaN,transformer,embedding
1752,17530,NaN,NaN,NaN,NaN,NaN,NaN,NaN,transformer,embedding
1753,17540,NaN,NaN,NaN,NaN,3.7738659381866455,47.48140335083008,43.548095703125,transformer,embedding
1754,17550,4.993662372498875e-08,100.0,1.0,0.001,NaN,NaN,NaN,transformer,embedding
1755,17560,NaN,NaN,NaN,NaN,NaN,NaN,NaN,transformer,embedding
1756,17570,NaN,NaN,NaN,NaN,NaN,NaN,NaN,transformer,embedding
1757,17580,NaN,NaN,NaN,NaN,NaN,NaN,NaN,transformer,embedding
1758,17590,NaN,NaN,NaN,NaN,NaN,NaN,NaN,transformer,embedding
1759,17600,NaN,NaN,NaN,NaN,NaN,NaN,NaN,transformer,embedding
1760,17610,NaN,NaN,NaN,NaN,NaN,NaN,NaN,transformer,embedding
1761,17620,NaN,NaN,NaN,NaN,NaN,NaN,NaN,transformer,embedding
1762,17630,NaN,NaN,NaN,NaN,NaN,NaN,NaN,transformer,embedding
1763,17640,NaN,NaN,NaN,NaN,NaN,NaN,NaN,transformer,embedding
1764,17650,NaN,NaN,NaN,NaN,NaN,NaN,NaN,transformer,embedding
1765,17660,NaN,NaN,NaN,NaN,NaN,NaN,NaN,transformer,embedding
1766,17670,NaN,NaN,NaN,NaN,NaN,NaN,NaN,transformer,embedding
1767,17680,NaN,NaN,NaN,NaN,NaN,NaN,NaN,transformer,embedding
1768,17690,NaN,NaN,NaN,NaN,NaN,NaN,NaN,transformer,embedding
1769,17700,NaN,NaN,NaN,NaN,NaN,NaN,NaN,transformer,embedding
1770,17710,NaN,NaN,NaN,NaN,NaN,NaN,NaN,transformer,embedding
1771,17720,3.997717712422855e-08,100.0,1.0,0.001,NaN,NaN,NaN,transformer,embedding
1772,17730,NaN,NaN,NaN,NaN,NaN,NaN,NaN,transformer,embedding
1773,17740,NaN,NaN,NaN,NaN,NaN,NaN,NaN,transformer,embedding
1774,17750,NaN,NaN,NaN,NaN,NaN,NaN,NaN,transformer,embedding
1775,17760,NaN,NaN,NaN,NaN,NaN,NaN,NaN,transformer,embedding
1776,17770,NaN,NaN,NaN,NaN,NaN,NaN,NaN,transformer,embedding
1777,17780,NaN,NaN,NaN,NaN,NaN,NaN,NaN,transformer,embedding
1778,17790,NaN,NaN,NaN,NaN,NaN,NaN,NaN,transformer,embedding
1779,17800,NaN,NaN,NaN,NaN,NaN,NaN,NaN,transformer,embedding
1780,17810,NaN,NaN,NaN,NaN,NaN,NaN,NaN,transformer,embedding
1781,17820,NaN,NaN,NaN,NaN,NaN,NaN,NaN,transformer,embedding
1782,17830,NaN,NaN,NaN,NaN,NaN,NaN,NaN,transformer,embedding
1783,17840,NaN,NaN,NaN,NaN,NaN,NaN,NaN,transformer,embedding
1784,17850,NaN,NaN,NaN,NaN,NaN,NaN,NaN,transformer,embedding
1785,17860,NaN,NaN,NaN,NaN,NaN,NaN,NaN,transformer,embedding
1786,17870,NaN,NaN,NaN,NaN,NaN,NaN,NaN,transformer,embedding
1787,17880,NaN,NaN,NaN,NaN,NaN,NaN,NaN,transformer,embedding
1788,17890,4.717433554901618e-08,100.0,1.0,0.001,2.5943634510040283,49.0754508972168,13.388062477111816,transformer,embedding
1789,17900,NaN,NaN,NaN,NaN,NaN,NaN,NaN,transformer,embedding
1790,17910,NaN,NaN,NaN,NaN,NaN,NaN,NaN,transformer,embedding
1791,17920,NaN,NaN,NaN,NaN,NaN,NaN,NaN,transformer,embedding
1792,17930,NaN,NaN,NaN,NaN,NaN,NaN,NaN,transformer,embedding
1793,17940,NaN,NaN,NaN,NaN,NaN,NaN,NaN,transformer,embedding
1794,17950,NaN,NaN,NaN,NaN,NaN,NaN,NaN,transformer,embedding
1795,17960,NaN,NaN,NaN,NaN,NaN,NaN,NaN,transformer,embedding
1796,17970,NaN,NaN,NaN,NaN,NaN,NaN,NaN,transformer,embedding
1797,17980,NaN,NaN,NaN,NaN,NaN,NaN,NaN,transformer,embedding
1798,17990,NaN,NaN,NaN,NaN,NaN,NaN,NaN,transformer,embedding
1799,18000,NaN,NaN,NaN,NaN,NaN,NaN,NaN,transformer,embedding
1800,18010,NaN,NaN,NaN,NaN,NaN,NaN,NaN,transformer,embedding
1801,18020,NaN,NaN,NaN,NaN,NaN,NaN,NaN,transformer,embedding
1802,18030,NaN,NaN,NaN,NaN,NaN,NaN,NaN,transformer,embedding
1803,18040,NaN,NaN,NaN,NaN,NaN,NaN,NaN,transformer,embedding
1804,18050,NaN,NaN,NaN,NaN,NaN,NaN,NaN,transformer,embedding
1805,18060,4.7567137784199076e-08,100.0,1.0,0.001,NaN,NaN,NaN,transformer,embedding
1806,18070,NaN,NaN,NaN,NaN,NaN,NaN,NaN,transformer,embedding
1807,18080,NaN,NaN,NaN,NaN,NaN,NaN,NaN,transformer,embedding
1808,18090,NaN,NaN,NaN,NaN,NaN,NaN,NaN,transformer,embedding
1809,18100,NaN,NaN,NaN,NaN,NaN,NaN,NaN,transformer,embedding
1810,18110,NaN,NaN,NaN,NaN,NaN,NaN,NaN,transformer,embedding
1811,18120,NaN,NaN,NaN,NaN,NaN,NaN,NaN,transformer,embedding
1812,18130,NaN,NaN,NaN,NaN,NaN,NaN,NaN,transformer,embedding
1813,18140,NaN,NaN,NaN,NaN,NaN,NaN,NaN,transformer,embedding
1814,18150,NaN,NaN,NaN,NaN,NaN,NaN,NaN,transformer,embedding
1815,18160,NaN,NaN,NaN,NaN,NaN,NaN,NaN,transformer,embedding
1816,18170,NaN,NaN,NaN,NaN,NaN,NaN,NaN,transformer,embedding
1817,18180,NaN,NaN,NaN,NaN,NaN,NaN,NaN,transformer,embedding
1818,18190,NaN,NaN,NaN,NaN,NaN,NaN,NaN,transformer,embedding
1819,18200,NaN,NaN,NaN,NaN,NaN,NaN,NaN,transformer,embedding
1820,18210,NaN,NaN,NaN,NaN,NaN,NaN,NaN,transformer,embedding
1821,18220,NaN,NaN,NaN,NaN,NaN,NaN,NaN,transformer,embedding
1822,18230,NaN,NaN,NaN,NaN,NaN,NaN,NaN,transformer,embedding
1823,18240,4.148503052192609e-08,100.0,1.0,0.001,2.209547996520996,49.18172073364258,9.111597061157227,transformer,embedding
1824,18250,NaN,NaN,NaN,NaN,NaN,NaN,NaN,transformer,embedding
1825,18260,NaN,NaN,NaN,NaN,NaN,NaN,NaN,transformer,embedding
1826,18270,NaN,NaN,NaN,NaN,NaN,NaN,NaN,transformer,embedding
1827,18280,NaN,NaN,NaN,NaN,NaN,NaN,NaN,transformer,embedding
1828,18290,NaN,NaN,NaN,NaN,NaN,NaN,NaN,transformer,embedding
1829,18300,NaN,NaN,NaN,NaN,NaN,NaN,NaN,transformer,embedding
1830,18310,NaN,NaN,NaN,NaN,NaN,NaN,NaN,transformer,embedding
1831,18320,NaN,NaN,NaN,NaN,NaN,NaN,NaN,transformer,embedding
1832,18330,NaN,NaN,NaN,NaN,NaN,NaN,NaN,transformer,embedding
1833,18340,NaN,NaN,NaN,NaN,NaN,NaN,NaN,transformer,embedding
1834,18350,NaN,NaN,NaN,NaN,NaN,NaN,NaN,transformer,embedding
1835,18360,NaN,NaN,NaN,NaN,NaN,NaN,NaN,transformer,embedding
1836,18370,NaN,NaN,NaN,NaN,NaN,NaN,NaN,transformer,embedding
1837,18380,NaN,NaN,NaN,NaN,NaN,NaN,NaN,transformer,embedding
1838,18390,NaN,NaN,NaN,NaN,NaN,NaN,NaN,transformer,embedding
1839,18400,NaN,NaN,NaN,NaN,NaN,NaN,NaN,transformer,embedding
1840,18410,NaN,NaN,NaN,NaN,NaN,NaN,NaN,transformer,embedding
1841,18420,4.061072900185536e-08,100.0,1.0,0.001,NaN,NaN,NaN,transformer,embedding
1842,18430,NaN,NaN,NaN,NaN,NaN,NaN,NaN,transformer,embedding
1843,18440,NaN,NaN,NaN,NaN,NaN,NaN,NaN,transformer,embedding
1844,18450,NaN,NaN,NaN,NaN,NaN,NaN,NaN,transformer,embedding
1845,18460,NaN,NaN,NaN,NaN,NaN,NaN,NaN,transformer,embedding
1846,18470,NaN,NaN,NaN,NaN,NaN,NaN,NaN,transformer,embedding
1847,18480,NaN,NaN,NaN,NaN,NaN,NaN,NaN,transformer,embedding
1848,18490,NaN,NaN,NaN,NaN,NaN,NaN,NaN,transformer,embedding
1849,18500,NaN,NaN,NaN,NaN,NaN,NaN,NaN,transformer,embedding
1850,18510,NaN,NaN,NaN,NaN,NaN,NaN,NaN,transformer,embedding
1851,18520,NaN,NaN,NaN,NaN,NaN,NaN,NaN,transformer,embedding
1852,18530,NaN,NaN,NaN,NaN,NaN,NaN,NaN,transformer,embedding
1853,18540,NaN,NaN,NaN,NaN,NaN,NaN,NaN,transformer,embedding
1854,18550,NaN,NaN,NaN,NaN,NaN,NaN,NaN,transformer,embedding
1855,18560,NaN,NaN,NaN,NaN,NaN,NaN,NaN,transformer,embedding
1856,18570,NaN,NaN,NaN,NaN,NaN,NaN,NaN,transformer,embedding
1857,18580,NaN,NaN,NaN,NaN,NaN,NaN,NaN,transformer,embedding
1858,18590,NaN,NaN,NaN,NaN,NaN,NaN,NaN,transformer,embedding
1859,18600,0.019534902647137642,98.70323181152344,1.0197269916534424,0.001,3.779865264892578,43.10308074951172,43.81013870239258,transformer,embedding
1860,18610,NaN,NaN,NaN,NaN,NaN,NaN,NaN,transformer,embedding
1861,18620,NaN,NaN,NaN,NaN,NaN,NaN,NaN,transformer,embedding
1862,18630,NaN,NaN,NaN,NaN,NaN,NaN,NaN,transformer,embedding
1863,18640,NaN,NaN,NaN,NaN,NaN,NaN,NaN,transformer,embedding
1864,18650,NaN,NaN,NaN,NaN,NaN,NaN,NaN,transformer,embedding
1865,18660,NaN,NaN,NaN,NaN,NaN,NaN,NaN,transformer,embedding
1866,18670,NaN,NaN,NaN,NaN,NaN,NaN,NaN,transformer,embedding
1867,18680,NaN,NaN,NaN,NaN,NaN,NaN,NaN,transformer,embedding
1868,18690,NaN,NaN,NaN,NaN,NaN,NaN,NaN,transformer,embedding
1869,18700,NaN,NaN,NaN,NaN,NaN,NaN,NaN,transformer,embedding
1870,18710,NaN,NaN,NaN,NaN,NaN,NaN,NaN,transformer,embedding
1871,18720,NaN,NaN,NaN,NaN,NaN,NaN,NaN,transformer,embedding
1872,18730,NaN,NaN,NaN,NaN,NaN,NaN,NaN,transformer,embedding
1873,18740,NaN,NaN,NaN,NaN,NaN,NaN,NaN,transformer,embedding
1874,18750,NaN,NaN,NaN,NaN,NaN,NaN,NaN,transformer,embedding
1875,18760,NaN,NaN,NaN,NaN,NaN,NaN,NaN,transformer,embedding
1876,18770,NaN,NaN,NaN,NaN,NaN,NaN,NaN,transformer,embedding
1877,18780,0.006357468198984861,99.63860321044922,1.0063776969909668,0.001,NaN,NaN,NaN,transformer,embedding
1878,18790,NaN,NaN,NaN,NaN,NaN,NaN,NaN,transformer,embedding
1879,18800,NaN,NaN,NaN,NaN,NaN,NaN,NaN,transformer,embedding
1880,18810,NaN,NaN,NaN,NaN,NaN,NaN,NaN,transformer,embedding
1881,18820,NaN,NaN,NaN,NaN,NaN,NaN,NaN,transformer,embedding
1882,18830,NaN,NaN,NaN,NaN,NaN,NaN,NaN,transformer,embedding
1883,18840,NaN,NaN,NaN,NaN,NaN,NaN,NaN,transformer,embedding
1884,18850,NaN,NaN,NaN,NaN,NaN,NaN,NaN,transformer,embedding
1885,18860,NaN,NaN,NaN,NaN,NaN,NaN,NaN,transformer,embedding
1886,18870,NaN,NaN,NaN,NaN,NaN,NaN,NaN,transformer,embedding
1887,18880,NaN,NaN,NaN,NaN,NaN,NaN,NaN,transformer,embedding
1888,18890,NaN,NaN,NaN,NaN,NaN,NaN,NaN,transformer,embedding
1889,18900,NaN,NaN,NaN,NaN,NaN,NaN,NaN,transformer,embedding
1890,18910,NaN,NaN,NaN,NaN,NaN,NaN,NaN,transformer,embedding
1891,18920,NaN,NaN,NaN,NaN,NaN,NaN,NaN,transformer,embedding
1892,18930,NaN,NaN,NaN,NaN,NaN,NaN,NaN,transformer,embedding
1893,18940,NaN,NaN,NaN,NaN,NaN,NaN,NaN,transformer,embedding
1894,18950,NaN,NaN,NaN,NaN,NaN,NaN,NaN,transformer,embedding
1895,18960,0.004790858365595341,99.72364044189453,1.0048023462295532,0.001,NaN,NaN,NaN,transformer,embedding
1896,18970,NaN,NaN,NaN,NaN,3.6779937744140625,45.27098846435547,39.566932678222656,transformer,embedding
1897,18980,NaN,NaN,NaN,NaN,NaN,NaN,NaN,transformer,embedding
1898,18990,NaN,NaN,NaN,NaN,NaN,NaN,NaN,transformer,embedding
1899,19000,NaN,NaN,NaN,NaN,NaN,NaN,NaN,transformer,embedding
1900,19010,NaN,NaN,NaN,NaN,NaN,NaN,NaN,transformer,embedding
1901,19020,NaN,NaN,NaN,NaN,NaN,NaN,NaN,transformer,embedding
1902,19030,NaN,NaN,NaN,NaN,NaN,NaN,NaN,transformer,embedding
1903,19040,NaN,NaN,NaN,NaN,NaN,NaN,NaN,transformer,embedding
1904,19050,NaN,NaN,NaN,NaN,NaN,NaN,NaN,transformer,embedding
1905,19060,NaN,NaN,NaN,NaN,NaN,NaN,NaN,transformer,embedding
1906,19070,NaN,NaN,NaN,NaN,NaN,NaN,NaN,transformer,embedding
1907,19080,NaN,NaN,NaN,NaN,NaN,NaN,NaN,transformer,embedding
1908,19090,NaN,NaN,NaN,NaN,NaN,NaN,NaN,transformer,embedding
1909,19100,NaN,NaN,NaN,NaN,NaN,NaN,NaN,transformer,embedding
1910,19110,NaN,NaN,NaN,NaN,NaN,NaN,NaN,transformer,embedding
1911,19120,NaN,NaN,NaN,NaN,NaN,NaN,NaN,transformer,embedding
1912,19130,NaN,NaN,NaN,NaN,NaN,NaN,NaN,transformer,embedding
1913,19140,0.0017509672325104475,99.89370727539062,1.001752495765686,0.001,NaN,NaN,NaN,transformer,embedding
1914,19150,NaN,NaN,NaN,NaN,NaN,NaN,NaN,transformer,embedding
1915,19160,NaN,NaN,NaN,NaN,NaN,NaN,NaN,transformer,embedding
1916,19170,NaN,NaN,NaN,NaN,NaN,NaN,NaN,transformer,embedding
1917,19180,NaN,NaN,NaN,NaN,NaN,NaN,NaN,transformer,embedding
1918,19190,NaN,NaN,NaN,NaN,NaN,NaN,NaN,transformer,embedding
1919,19200,NaN,NaN,NaN,NaN,NaN,NaN,NaN,transformer,embedding
1920,19210,NaN,NaN,NaN,NaN,NaN,NaN,NaN,transformer,embedding
1921,19220,NaN,NaN,NaN,NaN,NaN,NaN,NaN,transformer,embedding
1922,19230,NaN,NaN,NaN,NaN,NaN,NaN,NaN,transformer,embedding
1923,19240,NaN,NaN,NaN,NaN,NaN,NaN,NaN,transformer,embedding
1924,19250,NaN,NaN,NaN,NaN,NaN,NaN,NaN,transformer,embedding
1925,19260,NaN,NaN,NaN,NaN,NaN,NaN,NaN,transformer,embedding
1926,19270,NaN,NaN,NaN,NaN,NaN,NaN,NaN,transformer,embedding
1927,19280,NaN,NaN,NaN,NaN,NaN,NaN,NaN,transformer,embedding
1928,19290,NaN,NaN,NaN,NaN,NaN,NaN,NaN,transformer,embedding
1929,19300,NaN,NaN,NaN,NaN,NaN,NaN,NaN,transformer,embedding
1930,19310,NaN,NaN,NaN,NaN,NaN,NaN,NaN,transformer,embedding
1931,19320,NaN,NaN,NaN,NaN,NaN,NaN,NaN,transformer,embedding
1932,19330,0.001488845911808312,99.93622589111328,1.0014899969100952,0.001,NaN,NaN,NaN,transformer,embedding
1933,19340,NaN,NaN,NaN,NaN,3.285672903060913,48.055259704589844,26.72696304321289,transformer,embedding
1934,19350,NaN,NaN,NaN,NaN,NaN,NaN,NaN,transformer,embedding
1935,19360,NaN,NaN,NaN,NaN,NaN,NaN,NaN,transformer,embedding
1936,19370,NaN,NaN,NaN,NaN,NaN,NaN,NaN,transformer,embedding
1937,19380,NaN,NaN,NaN,NaN,NaN,NaN,NaN,transformer,embedding
1938,19390,NaN,NaN,NaN,NaN,NaN,NaN,NaN,transformer,embedding
1939,19400,NaN,NaN,NaN,NaN,NaN,NaN,NaN,transformer,embedding
1940,19410,NaN,NaN,NaN,NaN,NaN,NaN,NaN,transformer,embedding
1941,19420,NaN,NaN,NaN,NaN,NaN,NaN,NaN,transformer,embedding
1942,19430,NaN,NaN,NaN,NaN,NaN,NaN,NaN,transformer,embedding
1943,19440,NaN,NaN,NaN,NaN,NaN,NaN,NaN,transformer,embedding
1944,19450,NaN,NaN,NaN,NaN,NaN,NaN,NaN,transformer,embedding
1945,19460,NaN,NaN,NaN,NaN,NaN,NaN,NaN,transformer,embedding
1946,19470,NaN,NaN,NaN,NaN,NaN,NaN,NaN,transformer,embedding
1947,19480,NaN,NaN,NaN,NaN,NaN,NaN,NaN,transformer,embedding
1948,19490,NaN,NaN,NaN,NaN,NaN,NaN,NaN,transformer,embedding
1949,19500,NaN,NaN,NaN,NaN,NaN,NaN,NaN,transformer,embedding
1950,19510,NaN,NaN,NaN,NaN,NaN,NaN,NaN,transformer,embedding
1951,19520,4.676553999161115e-06,100.0,1.0000046491622925,0.001,NaN,NaN,NaN,transformer,embedding
1952,19530,NaN,NaN,NaN,NaN,NaN,NaN,NaN,transformer,embedding
1953,19540,NaN,NaN,NaN,NaN,NaN,NaN,NaN,transformer,embedding
1954,19550,NaN,NaN,NaN,NaN,NaN,NaN,NaN,transformer,embedding
1955,19560,NaN,NaN,NaN,NaN,NaN,NaN,NaN,transformer,embedding
1956,19570,NaN,NaN,NaN,NaN,NaN,NaN,NaN,transformer,embedding
1957,19580,NaN,NaN,NaN,NaN,NaN,NaN,NaN,transformer,embedding
1958,19590,NaN,NaN,NaN,NaN,NaN,NaN,NaN,transformer,embedding
1959,19600,NaN,NaN,NaN,NaN,NaN,NaN,NaN,transformer,embedding
1960,19610,NaN,NaN,NaN,NaN,NaN,NaN,NaN,transformer,embedding
1961,19620,NaN,NaN,NaN,NaN,NaN,NaN,NaN,transformer,embedding
1962,19630,NaN,NaN,NaN,NaN,NaN,NaN,NaN,transformer,embedding
1963,19640,NaN,NaN,NaN,NaN,NaN,NaN,NaN,transformer,embedding
1964,19650,NaN,NaN,NaN,NaN,NaN,NaN,NaN,transformer,embedding
1965,19660,NaN,NaN,NaN,NaN,NaN,NaN,NaN,transformer,embedding
1966,19670,NaN,NaN,NaN,NaN,NaN,NaN,NaN,transformer,embedding
1967,19680,NaN,NaN,NaN,NaN,NaN,NaN,NaN,transformer,embedding
1968,19690,NaN,NaN,NaN,NaN,NaN,NaN,NaN,transformer,embedding
1969,19700,NaN,NaN,NaN,NaN,NaN,NaN,NaN,transformer,embedding
1970,19710,1.2407911071932176e-06,100.0,1.0000011920928955,0.001,NaN,NaN,NaN,transformer,embedding
1971,19720,NaN,NaN,NaN,NaN,3.1283833980560303,50.09564208984375,22.8370304107666,transformer,embedding
1972,19730,NaN,NaN,NaN,NaN,NaN,NaN,NaN,transformer,embedding
1973,19740,NaN,NaN,NaN,NaN,NaN,NaN,NaN,transformer,embedding
1974,19750,NaN,NaN,NaN,NaN,NaN,NaN,NaN,transformer,embedding
1975,19760,NaN,NaN,NaN,NaN,NaN,NaN,NaN,transformer,embedding
1976,19770,NaN,NaN,NaN,NaN,NaN,NaN,NaN,transformer,embedding
1977,19780,NaN,NaN,NaN,NaN,NaN,NaN,NaN,transformer,embedding
1978,19790,NaN,NaN,NaN,NaN,NaN,NaN,NaN,transformer,embedding
1979,19800,NaN,NaN,NaN,NaN,NaN,NaN,NaN,transformer,embedding
1980,19810,NaN,NaN,NaN,NaN,NaN,NaN,NaN,transformer,embedding
1981,19820,NaN,NaN,NaN,NaN,NaN,NaN,NaN,transformer,embedding
1982,19830,NaN,NaN,NaN,NaN,NaN,NaN,NaN,transformer,embedding
1983,19840,NaN,NaN,NaN,NaN,NaN,NaN,NaN,transformer,embedding
1984,19850,NaN,NaN,NaN,NaN,NaN,NaN,NaN,transformer,embedding
1985,19860,NaN,NaN,NaN,NaN,NaN,NaN,NaN,transformer,embedding
1986,19870,NaN,NaN,NaN,NaN,NaN,NaN,NaN,transformer,embedding
1987,19880,NaN,NaN,NaN,NaN,NaN,NaN,NaN,transformer,embedding
1988,19890,NaN,NaN,NaN,NaN,NaN,NaN,NaN,transformer,embedding
1989,19900,2.806256134135765e-07,100.0,1.000000238418579,0.001,NaN,NaN,NaN,transformer,embedding
1990,19910,NaN,NaN,NaN,NaN,NaN,NaN,NaN,transformer,embedding
1991,19920,NaN,NaN,NaN,NaN,NaN,NaN,NaN,transformer,embedding
1992,19930,NaN,NaN,NaN,NaN,NaN,NaN,NaN,transformer,embedding
1993,19940,NaN,NaN,NaN,NaN,NaN,NaN,NaN,transformer,embedding
1994,19950,NaN,NaN,NaN,NaN,NaN,NaN,NaN,transformer,embedding
1995,19960,NaN,NaN,NaN,NaN,NaN,NaN,NaN,transformer,embedding
1996,19970,NaN,NaN,NaN,NaN,NaN,NaN,NaN,transformer,embedding
1997,19980,NaN,NaN,NaN,NaN,NaN,NaN,NaN,transformer,embedding
1998,19990,NaN,NaN,NaN,NaN,NaN,NaN,NaN,transformer,embedding
1999,20000,NaN,NaN,NaN,NaN,NaN,NaN,NaN,transformer,embedding
2000,20010,NaN,NaN,NaN,NaN,NaN,NaN,NaN,transformer,embedding
2001,20020,NaN,NaN,NaN,NaN,NaN,NaN,NaN,transformer,embedding
2002,20030,NaN,NaN,NaN,NaN,NaN,NaN,NaN,transformer,embedding
2003,20040,NaN,NaN,NaN,NaN,NaN,NaN,NaN,transformer,embedding
2004,20050,NaN,NaN,NaN,NaN,NaN,NaN,NaN,transformer,embedding
2005,20060,NaN,NaN,NaN,NaN,NaN,NaN,NaN,transformer,embedding
2006,20070,NaN,NaN,NaN,NaN,NaN,NaN,NaN,transformer,embedding
2007,20080,NaN,NaN,NaN,NaN,NaN,NaN,NaN,transformer,embedding
2008,20090,5.827417481896191e-08,100.0,1.0,0.001,NaN,NaN,NaN,transformer,embedding
2009,20100,NaN,NaN,NaN,NaN,NaN,NaN,NaN,transformer,embedding
2010,20110,NaN,NaN,NaN,NaN,3.004887580871582,51.15834045410156,20.18394660949707,transformer,embedding
2011,20120,NaN,NaN,NaN,NaN,NaN,NaN,NaN,transformer,embedding
2012,20130,NaN,NaN,NaN,NaN,NaN,NaN,NaN,transformer,embedding
2013,20140,NaN,NaN,NaN,NaN,NaN,NaN,NaN,transformer,embedding
2014,20150,NaN,NaN,NaN,NaN,NaN,NaN,NaN,transformer,embedding
2015,20160,NaN,NaN,NaN,NaN,NaN,NaN,NaN,transformer,embedding
2016,20170,NaN,NaN,NaN,NaN,NaN,NaN,NaN,transformer,embedding
2017,20180,NaN,NaN,NaN,NaN,NaN,NaN,NaN,transformer,embedding
2018,20190,NaN,NaN,NaN,NaN,NaN,NaN,NaN,transformer,embedding
2019,20200,NaN,NaN,NaN,NaN,NaN,NaN,NaN,transformer,embedding
2020,20210,NaN,NaN,NaN,NaN,NaN,NaN,NaN,transformer,embedding
2021,20220,NaN,NaN,NaN,NaN,NaN,NaN,NaN,transformer,embedding
2022,20230,NaN,NaN,NaN,NaN,NaN,NaN,NaN,transformer,embedding
2023,20240,NaN,NaN,NaN,NaN,NaN,NaN,NaN,transformer,embedding
2024,20250,NaN,NaN,NaN,NaN,NaN,NaN,NaN,transformer,embedding
2025,20260,NaN,NaN,NaN,NaN,NaN,NaN,NaN,transformer,embedding
2026,20270,NaN,NaN,NaN,NaN,NaN,NaN,NaN,transformer,embedding
2027,20280,NaN,NaN,NaN,NaN,NaN,NaN,NaN,transformer,embedding
2028,20290,0.01061158999800682,99.68112182617188,1.0106680393218994,0.001,NaN,NaN,NaN,transformer,embedding
2029,20300,NaN,NaN,NaN,NaN,NaN,NaN,NaN,transformer,embedding
2030,20310,NaN,NaN,NaN,NaN,NaN,NaN,NaN,transformer,embedding
2031,20320,NaN,NaN,NaN,NaN,NaN,NaN,NaN,transformer,embedding
2032,20330,NaN,NaN,NaN,NaN,NaN,NaN,NaN,transformer,embedding
2033,20340,NaN,NaN,NaN,NaN,NaN,NaN,NaN,transformer,embedding
2034,20350,NaN,NaN,NaN,NaN,NaN,NaN,NaN,transformer,embedding
2035,20360,NaN,NaN,NaN,NaN,NaN,NaN,NaN,transformer,embedding
2036,20370,NaN,NaN,NaN,NaN,NaN,NaN,NaN,transformer,embedding
2037,20380,NaN,NaN,NaN,NaN,NaN,NaN,NaN,transformer,embedding
2038,20390,NaN,NaN,NaN,NaN,NaN,NaN,NaN,transformer,embedding
2039,20400,NaN,NaN,NaN,NaN,NaN,NaN,NaN,transformer,embedding
2040,20410,NaN,NaN,NaN,NaN,NaN,NaN,NaN,transformer,embedding
2041,20420,NaN,NaN,NaN,NaN,NaN,NaN,NaN,transformer,embedding
2042,20430,NaN,NaN,NaN,NaN,NaN,NaN,NaN,transformer,embedding
2043,20440,NaN,NaN,NaN,NaN,NaN,NaN,NaN,transformer,embedding
2044,20450,NaN,NaN,NaN,NaN,NaN,NaN,NaN,transformer,embedding
2045,20460,NaN,NaN,NaN,NaN,NaN,NaN,NaN,transformer,embedding
2046,20470,NaN,NaN,NaN,NaN,NaN,NaN,NaN,transformer,embedding
2047,20480,NaN,NaN,NaN,NaN,NaN,NaN,NaN,transformer,embedding
2048,20490,0.017609931528568268,99.10713958740234,1.0177658796310425,0.001,NaN,NaN,NaN,transformer,embedding
2049,20500,NaN,NaN,NaN,NaN,NaN,NaN,NaN,transformer,embedding
2050,20510,NaN,NaN,NaN,NaN,2.8868463039398193,47.608924865722656,17.93665313720703,transformer,embedding
2051,20520,NaN,NaN,NaN,NaN,NaN,NaN,NaN,transformer,embedding
2052,20530,NaN,NaN,NaN,NaN,NaN,NaN,NaN,transformer,embedding
2053,20540,NaN,NaN,NaN,NaN,NaN,NaN,NaN,transformer,embedding
2054,20550,NaN,NaN,NaN,NaN,NaN,NaN,NaN,transformer,embedding
2055,20560,NaN,NaN,NaN,NaN,NaN,NaN,NaN,transformer,embedding
2056,20570,NaN,NaN,NaN,NaN,NaN,NaN,NaN,transformer,embedding
2057,20580,NaN,NaN,NaN,NaN,NaN,NaN,NaN,transformer,embedding
2058,20590,NaN,NaN,NaN,NaN,NaN,NaN,NaN,transformer,embedding
2059,20600,NaN,NaN,NaN,NaN,NaN,NaN,NaN,transformer,embedding
2060,20610,NaN,NaN,NaN,NaN,NaN,NaN,NaN,transformer,embedding
2061,20620,NaN,NaN,NaN,NaN,NaN,NaN,NaN,transformer,embedding
2062,20630,NaN,NaN,NaN,NaN,NaN,NaN,NaN,transformer,embedding
2063,20640,NaN,NaN,NaN,NaN,NaN,NaN,NaN,transformer,embedding
2064,20650,NaN,NaN,NaN,NaN,NaN,NaN,NaN,transformer,embedding
2065,20660,NaN,NaN,NaN,NaN,NaN,NaN,NaN,transformer,embedding
2066,20670,NaN,NaN,NaN,NaN,NaN,NaN,NaN,transformer,embedding
2067,20680,NaN,NaN,NaN,NaN,NaN,NaN,NaN,transformer,embedding
2068,20690,3.661245136754587e-05,100.0,1.000036597251892,0.001,NaN,NaN,NaN,transformer,embedding
2069,20700,NaN,NaN,NaN,NaN,NaN,NaN,NaN,transformer,embedding
2070,20710,NaN,NaN,NaN,NaN,NaN,NaN,NaN,transformer,embedding
2071,20720,NaN,NaN,NaN,NaN,NaN,NaN,NaN,transformer,embedding
2072,20730,NaN,NaN,NaN,NaN,NaN,NaN,NaN,transformer,embedding
2073,20740,NaN,NaN,NaN,NaN,NaN,NaN,NaN,transformer,embedding
2074,20750,NaN,NaN,NaN,NaN,NaN,NaN,NaN,transformer,embedding
2075,20760,NaN,NaN,NaN,NaN,NaN,NaN,NaN,transformer,embedding
2076,20770,NaN,NaN,NaN,NaN,NaN,NaN,NaN,transformer,embedding
2077,20780,NaN,NaN,NaN,NaN,NaN,NaN,NaN,transformer,embedding
2078,20790,NaN,NaN,NaN,NaN,NaN,NaN,NaN,transformer,embedding
2079,20800,NaN,NaN,NaN,NaN,NaN,NaN,NaN,transformer,embedding
2080,20810,NaN,NaN,NaN,NaN,NaN,NaN,NaN,transformer,embedding
2081,20820,NaN,NaN,NaN,NaN,NaN,NaN,NaN,transformer,embedding
2082,20830,NaN,NaN,NaN,NaN,NaN,NaN,NaN,transformer,embedding
2083,20840,NaN,NaN,NaN,NaN,NaN,NaN,NaN,transformer,embedding
2084,20850,NaN,NaN,NaN,NaN,NaN,NaN,NaN,transformer,embedding
2085,20860,NaN,NaN,NaN,NaN,NaN,NaN,NaN,transformer,embedding
2086,20870,NaN,NaN,NaN,NaN,NaN,NaN,NaN,transformer,embedding
2087,20880,NaN,NaN,NaN,NaN,NaN,NaN,NaN,transformer,embedding
2088,20890,3.8388511711673345e-06,100.0,1.0000038146972656,0.001,NaN,NaN,NaN,transformer,embedding
2089,20900,NaN,NaN,NaN,NaN,NaN,NaN,NaN,transformer,embedding
2090,20910,NaN,NaN,NaN,NaN,2.4972379207611084,51.179595947265625,12.14889144897461,transformer,embedding
2091,20920,NaN,NaN,NaN,NaN,NaN,NaN,NaN,transformer,embedding
2092,20930,NaN,NaN,NaN,NaN,NaN,NaN,NaN,transformer,embedding
2093,20940,NaN,NaN,NaN,NaN,NaN,NaN,NaN,transformer,embedding
2094,20950,NaN,NaN,NaN,NaN,NaN,NaN,NaN,transformer,embedding
2095,20960,NaN,NaN,NaN,NaN,NaN,NaN,NaN,transformer,embedding
2096,20970,NaN,NaN,NaN,NaN,NaN,NaN,NaN,transformer,embedding
2097,20980,NaN,NaN,NaN,NaN,NaN,NaN,NaN,transformer,embedding
2098,20990,NaN,NaN,NaN,NaN,NaN,NaN,NaN,transformer,embedding
2099,21000,NaN,NaN,NaN,NaN,NaN,NaN,NaN,transformer,embedding
2100,21010,NaN,NaN,NaN,NaN,NaN,NaN,NaN,transformer,embedding
2101,21020,NaN,NaN,NaN,NaN,NaN,NaN,NaN,transformer,embedding
2102,21030,NaN,NaN,NaN,NaN,NaN,NaN,NaN,transformer,embedding
2103,21040,NaN,NaN,NaN,NaN,NaN,NaN,NaN,transformer,embedding
2104,21050,NaN,NaN,NaN,NaN,NaN,NaN,NaN,transformer,embedding
2105,21060,NaN,NaN,NaN,NaN,NaN,NaN,NaN,transformer,embedding
2106,21070,NaN,NaN,NaN,NaN,NaN,NaN,NaN,transformer,embedding
2107,21080,NaN,NaN,NaN,NaN,NaN,NaN,NaN,transformer,embedding
2108,21090,9.151765425485792e-07,100.0,1.0000009536743164,0.001,NaN,NaN,NaN,transformer,embedding
2109,21100,NaN,NaN,NaN,NaN,NaN,NaN,NaN,transformer,embedding
2110,21110,NaN,NaN,NaN,NaN,NaN,NaN,NaN,transformer,embedding
2111,21120,NaN,NaN,NaN,NaN,NaN,NaN,NaN,transformer,embedding
2112,21130,NaN,NaN,NaN,NaN,NaN,NaN,NaN,transformer,embedding
2113,21140,NaN,NaN,NaN,NaN,NaN,NaN,NaN,transformer,embedding
2114,21150,NaN,NaN,NaN,NaN,NaN,NaN,NaN,transformer,embedding
2115,21160,NaN,NaN,NaN,NaN,NaN,NaN,NaN,transformer,embedding
2116,21170,NaN,NaN,NaN,NaN,NaN,NaN,NaN,transformer,embedding
2117,21180,NaN,NaN,NaN,NaN,NaN,NaN,NaN,transformer,embedding
2118,21190,NaN,NaN,NaN,NaN,NaN,NaN,NaN,transformer,embedding
2119,21200,NaN,NaN,NaN,NaN,NaN,NaN,NaN,transformer,embedding
2120,21210,NaN,NaN,NaN,NaN,NaN,NaN,NaN,transformer,embedding
2121,21220,NaN,NaN,NaN,NaN,NaN,NaN,NaN,transformer,embedding
2122,21230,NaN,NaN,NaN,NaN,NaN,NaN,NaN,transformer,embedding
2123,21240,NaN,NaN,NaN,NaN,NaN,NaN,NaN,transformer,embedding
2124,21250,NaN,NaN,NaN,NaN,NaN,NaN,NaN,transformer,embedding
2125,21260,NaN,NaN,NaN,NaN,NaN,NaN,NaN,transformer,embedding
2126,21270,NaN,NaN,NaN,NaN,NaN,NaN,NaN,transformer,embedding
2127,21280,NaN,NaN,NaN,NaN,NaN,NaN,NaN,transformer,embedding
2128,21290,NaN,NaN,NaN,NaN,NaN,NaN,NaN,transformer,embedding
2129,21300,1.7102119898027013e-07,100.0,1.0000001192092896,0.001,NaN,NaN,NaN,transformer,embedding
2130,21310,NaN,NaN,NaN,NaN,NaN,NaN,NaN,transformer,embedding
2131,21320,NaN,NaN,NaN,NaN,2.3411402702331543,52.582359313964844,10.393080711364746,transformer,embedding
2132,21330,NaN,NaN,NaN,NaN,NaN,NaN,NaN,transformer,embedding
2133,21340,NaN,NaN,NaN,NaN,NaN,NaN,NaN,transformer,embedding
2134,21350,NaN,NaN,NaN,NaN,NaN,NaN,NaN,transformer,embedding
2135,21360,NaN,NaN,NaN,NaN,NaN,NaN,NaN,transformer,embedding
2136,21370,NaN,NaN,NaN,NaN,NaN,NaN,NaN,transformer,embedding
2137,21380,NaN,NaN,NaN,NaN,NaN,NaN,NaN,transformer,embedding
2138,21390,NaN,NaN,NaN,NaN,NaN,NaN,NaN,transformer,embedding
2139,21400,NaN,NaN,NaN,NaN,NaN,NaN,NaN,transformer,embedding
2140,21410,NaN,NaN,NaN,NaN,NaN,NaN,NaN,transformer,embedding
2141,21420,NaN,NaN,NaN,NaN,NaN,NaN,NaN,transformer,embedding
2142,21430,NaN,NaN,NaN,NaN,NaN,NaN,NaN,transformer,embedding
2143,21440,NaN,NaN,NaN,NaN,NaN,NaN,NaN,transformer,embedding
2144,21450,NaN,NaN,NaN,NaN,NaN,NaN,NaN,transformer,embedding
2145,21460,NaN,NaN,NaN,NaN,NaN,NaN,NaN,transformer,embedding
2146,21470,NaN,NaN,NaN,NaN,NaN,NaN,NaN,transformer,embedding
2147,21480,NaN,NaN,NaN,NaN,NaN,NaN,NaN,transformer,embedding
2148,21490,NaN,NaN,NaN,NaN,NaN,NaN,NaN,transformer,embedding
2149,21500,NaN,NaN,NaN,NaN,NaN,NaN,NaN,transformer,embedding
2150,21510,6.828430798577756e-08,100.0,1.0000001192092896,0.001,NaN,NaN,NaN,transformer,embedding
2151,21520,NaN,NaN,NaN,NaN,NaN,NaN,NaN,transformer,embedding
2152,21530,NaN,NaN,NaN,NaN,NaN,NaN,NaN,transformer,embedding
2153,21540,NaN,NaN,NaN,NaN,NaN,NaN,NaN,transformer,embedding
2154,21550,NaN,NaN,NaN,NaN,NaN,NaN,NaN,transformer,embedding
2155,21560,NaN,NaN,NaN,NaN,NaN,NaN,NaN,transformer,embedding
2156,21570,NaN,NaN,NaN,NaN,NaN,NaN,NaN,transformer,embedding
2157,21580,NaN,NaN,NaN,NaN,NaN,NaN,NaN,transformer,embedding
2158,21590,NaN,NaN,NaN,NaN,NaN,NaN,NaN,transformer,embedding
2159,21600,NaN,NaN,NaN,NaN,NaN,NaN,NaN,transformer,embedding
2160,21610,NaN,NaN,NaN,NaN,NaN,NaN,NaN,transformer,embedding
2161,21620,NaN,NaN,NaN,NaN,NaN,NaN,NaN,transformer,embedding
2162,21630,NaN,NaN,NaN,NaN,NaN,NaN,NaN,transformer,embedding
2163,21640,NaN,NaN,NaN,NaN,NaN,NaN,NaN,transformer,embedding
2164,21650,NaN,NaN,NaN,NaN,NaN,NaN,NaN,transformer,embedding
2165,21660,NaN,NaN,NaN,NaN,NaN,NaN,NaN,transformer,embedding
2166,21670,NaN,NaN,NaN,NaN,NaN,NaN,NaN,transformer,embedding
2167,21680,NaN,NaN,NaN,NaN,NaN,NaN,NaN,transformer,embedding
2168,21690,NaN,NaN,NaN,NaN,NaN,NaN,NaN,transformer,embedding
2169,21700,NaN,NaN,NaN,NaN,NaN,NaN,NaN,transformer,embedding
2170,21710,NaN,NaN,NaN,NaN,NaN,NaN,NaN,transformer,embedding
2171,21720,7.200959828423947e-08,100.0,1.0000001192092896,0.001,NaN,NaN,NaN,transformer,embedding
2172,21730,NaN,NaN,NaN,NaN,NaN,NaN,NaN,transformer,embedding
2173,21740,NaN,NaN,NaN,NaN,1.5782862901687622,54.1551513671875,4.846642971038818,transformer,embedding
2174,21750,NaN,NaN,NaN,NaN,NaN,NaN,NaN,transformer,embedding
2175,21760,NaN,NaN,NaN,NaN,NaN,NaN,NaN,transformer,embedding
2176,21770,NaN,NaN,NaN,NaN,NaN,NaN,NaN,transformer,embedding
2177,21780,NaN,NaN,NaN,NaN,NaN,NaN,NaN,transformer,embedding
2178,21790,NaN,NaN,NaN,NaN,NaN,NaN,NaN,transformer,embedding
2179,21800,NaN,NaN,NaN,NaN,NaN,NaN,NaN,transformer,embedding
2180,21810,NaN,NaN,NaN,NaN,NaN,NaN,NaN,transformer,embedding
2181,21820,NaN,NaN,NaN,NaN,NaN,NaN,NaN,transformer,embedding
2182,21830,NaN,NaN,NaN,NaN,NaN,NaN,NaN,transformer,embedding
2183,21840,NaN,NaN,NaN,NaN,NaN,NaN,NaN,transformer,embedding
2184,21850,NaN,NaN,NaN,NaN,NaN,NaN,NaN,transformer,embedding
2185,21860,NaN,NaN,NaN,NaN,NaN,NaN,NaN,transformer,embedding
2186,21870,NaN,NaN,NaN,NaN,NaN,NaN,NaN,transformer,embedding
2187,21880,NaN,NaN,NaN,NaN,NaN,NaN,NaN,transformer,embedding
2188,21890,NaN,NaN,NaN,NaN,NaN,NaN,NaN,transformer,embedding
2189,21900,NaN,NaN,NaN,NaN,NaN,NaN,NaN,transformer,embedding
2190,21910,NaN,NaN,NaN,NaN,NaN,NaN,NaN,transformer,embedding
2191,21920,NaN,NaN,NaN,NaN,NaN,NaN,NaN,transformer,embedding
2192,21930,6.049161527243996e-08,100.0,1.0000001192092896,0.001,NaN,NaN,NaN,transformer,embedding
2193,21940,NaN,NaN,NaN,NaN,NaN,NaN,NaN,transformer,embedding
2194,21950,NaN,NaN,NaN,NaN,NaN,NaN,NaN,transformer,embedding
2195,21960,NaN,NaN,NaN,NaN,NaN,NaN,NaN,transformer,embedding
2196,21970,NaN,NaN,NaN,NaN,NaN,NaN,NaN,transformer,embedding
2197,21980,NaN,NaN,NaN,NaN,NaN,NaN,NaN,transformer,embedding
2198,21990,NaN,NaN,NaN,NaN,NaN,NaN,NaN,transformer,embedding
2199,22000,NaN,NaN,NaN,NaN,NaN,NaN,NaN,transformer,embedding
2200,22010,NaN,NaN,NaN,NaN,NaN,NaN,NaN,transformer,embedding
2201,22020,NaN,NaN,NaN,NaN,NaN,NaN,NaN,transformer,embedding
2202,22030,NaN,NaN,NaN,NaN,NaN,NaN,NaN,transformer,embedding
2203,22040,NaN,NaN,NaN,NaN,NaN,NaN,NaN,transformer,embedding
2204,22050,NaN,NaN,NaN,NaN,NaN,NaN,NaN,transformer,embedding
2205,22060,NaN,NaN,NaN,NaN,NaN,NaN,NaN,transformer,embedding
2206,22070,NaN,NaN,NaN,NaN,NaN,NaN,NaN,transformer,embedding
2207,22080,NaN,NaN,NaN,NaN,NaN,NaN,NaN,transformer,embedding
2208,22090,NaN,NaN,NaN,NaN,NaN,NaN,NaN,transformer,embedding
2209,22100,NaN,NaN,NaN,NaN,NaN,NaN,NaN,transformer,embedding
2210,22110,NaN,NaN,NaN,NaN,NaN,NaN,NaN,transformer,embedding
2211,22120,NaN,NaN,NaN,NaN,NaN,NaN,NaN,transformer,embedding
2212,22130,NaN,NaN,NaN,NaN,NaN,NaN,NaN,transformer,embedding
2213,22140,5.537250657994264e-08,100.0,1.0,0.001,NaN,NaN,NaN,transformer,embedding
2214,22150,NaN,NaN,NaN,NaN,NaN,NaN,NaN,transformer,embedding
2215,22160,NaN,NaN,NaN,NaN,NaN,NaN,NaN,transformer,embedding
2216,22170,NaN,NaN,NaN,NaN,1.4012254476547241,53.94261169433594,4.0601725578308105,transformer,embedding
2217,22180,NaN,NaN,NaN,NaN,NaN,NaN,NaN,transformer,embedding
2218,22190,NaN,NaN,NaN,NaN,NaN,NaN,NaN,transformer,embedding
2219,22200,NaN,NaN,NaN,NaN,NaN,NaN,NaN,transformer,embedding
2220,22210,NaN,NaN,NaN,NaN,NaN,NaN,NaN,transformer,embedding
2221,22220,NaN,NaN,NaN,NaN,NaN,NaN,NaN,transformer,embedding
2222,22230,NaN,NaN,NaN,NaN,NaN,NaN,NaN,transformer,embedding
2223,22240,NaN,NaN,NaN,NaN,NaN,NaN,NaN,transformer,embedding
2224,22250,NaN,NaN,NaN,NaN,NaN,NaN,NaN,transformer,embedding
2225,22260,NaN,NaN,NaN,NaN,NaN,NaN,NaN,transformer,embedding
2226,22270,NaN,NaN,NaN,NaN,NaN,NaN,NaN,transformer,embedding
2227,22280,NaN,NaN,NaN,NaN,NaN,NaN,NaN,transformer,embedding
2228,22290,NaN,NaN,NaN,NaN,NaN,NaN,NaN,transformer,embedding
2229,22300,NaN,NaN,NaN,NaN,NaN,NaN,NaN,transformer,embedding
2230,22310,NaN,NaN,NaN,NaN,NaN,NaN,NaN,transformer,embedding
2231,22320,NaN,NaN,NaN,NaN,NaN,NaN,NaN,transformer,embedding
2232,22330,NaN,NaN,NaN,NaN,NaN,NaN,NaN,transformer,embedding
2233,22340,NaN,NaN,NaN,NaN,NaN,NaN,NaN,transformer,embedding
2234,22350,NaN,NaN,NaN,NaN,NaN,NaN,NaN,transformer,embedding
2235,22360,4.920170226796472e-08,100.0,1.0,0.001,NaN,NaN,NaN,transformer,embedding
2236,22370,NaN,NaN,NaN,NaN,NaN,NaN,NaN,transformer,embedding
2237,22380,NaN,NaN,NaN,NaN,NaN,NaN,NaN,transformer,embedding
2238,22390,NaN,NaN,NaN,NaN,NaN,NaN,NaN,transformer,embedding
2239,22400,NaN,NaN,NaN,NaN,NaN,NaN,NaN,transformer,embedding
2240,22410,NaN,NaN,NaN,NaN,NaN,NaN,NaN,transformer,embedding
2241,22420,NaN,NaN,NaN,NaN,NaN,NaN,NaN,transformer,embedding
2242,22430,NaN,NaN,NaN,NaN,NaN,NaN,NaN,transformer,embedding
2243,22440,NaN,NaN,NaN,NaN,NaN,NaN,NaN,transformer,embedding
2244,22450,NaN,NaN,NaN,NaN,NaN,NaN,NaN,transformer,embedding
2245,22460,NaN,NaN,NaN,NaN,NaN,NaN,NaN,transformer,embedding
2246,22470,NaN,NaN,NaN,NaN,NaN,NaN,NaN,transformer,embedding
2247,22480,NaN,NaN,NaN,NaN,NaN,NaN,NaN,transformer,embedding
2248,22490,NaN,NaN,NaN,NaN,NaN,NaN,NaN,transformer,embedding
2249,22500,NaN,NaN,NaN,NaN,NaN,NaN,NaN,transformer,embedding
2250,22510,NaN,NaN,NaN,NaN,NaN,NaN,NaN,transformer,embedding
2251,22520,NaN,NaN,NaN,NaN,NaN,NaN,NaN,transformer,embedding
2252,22530,NaN,NaN,NaN,NaN,NaN,NaN,NaN,transformer,embedding
2253,22540,NaN,NaN,NaN,NaN,NaN,NaN,NaN,transformer,embedding
2254,22550,NaN,NaN,NaN,NaN,NaN,NaN,NaN,transformer,embedding
2255,22560,NaN,NaN,NaN,NaN,NaN,NaN,NaN,transformer,embedding
2256,22570,NaN,NaN,NaN,NaN,NaN,NaN,NaN,transformer,embedding
2257,22580,4.3258978621452115e-08,100.0,1.0,0.001,NaN,NaN,NaN,transformer,embedding
2258,22590,NaN,NaN,NaN,NaN,NaN,NaN,NaN,transformer,embedding
2259,22600,NaN,NaN,NaN,NaN,NaN,NaN,NaN,transformer,embedding
2260,22610,NaN,NaN,NaN,NaN,1.427194356918335,53.623802185058594,4.166991710662842,transformer,embedding
2261,22620,NaN,NaN,NaN,NaN,NaN,NaN,NaN,transformer,embedding
2262,22630,NaN,NaN,NaN,NaN,NaN,NaN,NaN,transformer,embedding
2263,22640,NaN,NaN,NaN,NaN,NaN,NaN,NaN,transformer,embedding
2264,22650,NaN,NaN,NaN,NaN,NaN,NaN,NaN,transformer,embedding
2265,22660,NaN,NaN,NaN,NaN,NaN,NaN,NaN,transformer,embedding
2266,22670,NaN,NaN,NaN,NaN,NaN,NaN,NaN,transformer,embedding
2267,22680,NaN,NaN,NaN,NaN,NaN,NaN,NaN,transformer,embedding
2268,22690,NaN,NaN,NaN,NaN,NaN,NaN,NaN,transformer,embedding
2269,22700,NaN,NaN,NaN,NaN,NaN,NaN,NaN,transformer,embedding
2270,22710,NaN,NaN,NaN,NaN,NaN,NaN,NaN,transformer,embedding
2271,22720,NaN,NaN,NaN,NaN,NaN,NaN,NaN,transformer,embedding
2272,22730,NaN,NaN,NaN,NaN,NaN,NaN,NaN,transformer,embedding
2273,22740,NaN,NaN,NaN,NaN,NaN,NaN,NaN,transformer,embedding
2274,22750,NaN,NaN,NaN,NaN,NaN,NaN,NaN,transformer,embedding
2275,22760,NaN,NaN,NaN,NaN,NaN,NaN,NaN,transformer,embedding
2276,22770,NaN,NaN,NaN,NaN,NaN,NaN,NaN,transformer,embedding
2277,22780,NaN,NaN,NaN,NaN,NaN,NaN,NaN,transformer,embedding
2278,22790,NaN,NaN,NaN,NaN,NaN,NaN,NaN,transformer,embedding
2279,22800,4.4069924598488797e-08,100.0,1.0,0.001,NaN,NaN,NaN,transformer,embedding
2280,22810,NaN,NaN,NaN,NaN,NaN,NaN,NaN,transformer,embedding
2281,22820,NaN,NaN,NaN,NaN,NaN,NaN,NaN,transformer,embedding
2282,22830,NaN,NaN,NaN,NaN,NaN,NaN,NaN,transformer,embedding
2283,22840,NaN,NaN,NaN,NaN,NaN,NaN,NaN,transformer,embedding
2284,22850,NaN,NaN,NaN,NaN,NaN,NaN,NaN,transformer,embedding
2285,22860,NaN,NaN,NaN,NaN,NaN,NaN,NaN,transformer,embedding
2286,22870,NaN,NaN,NaN,NaN,NaN,NaN,NaN,transformer,embedding
2287,22880,NaN,NaN,NaN,NaN,NaN,NaN,NaN,transformer,embedding
2288,22890,NaN,NaN,NaN,NaN,NaN,NaN,NaN,transformer,embedding
2289,22900,NaN,NaN,NaN,NaN,NaN,NaN,NaN,transformer,embedding
2290,22910,NaN,NaN,NaN,NaN,NaN,NaN,NaN,transformer,embedding
2291,22920,NaN,NaN,NaN,NaN,NaN,NaN,NaN,transformer,embedding
2292,22930,NaN,NaN,NaN,NaN,NaN,NaN,NaN,transformer,embedding
2293,22940,NaN,NaN,NaN,NaN,NaN,NaN,NaN,transformer,embedding
2294,22950,NaN,NaN,NaN,NaN,NaN,NaN,NaN,transformer,embedding
2295,22960,NaN,NaN,NaN,NaN,NaN,NaN,NaN,transformer,embedding
2296,22970,NaN,NaN,NaN,NaN,NaN,NaN,NaN,transformer,embedding
2297,22980,NaN,NaN,NaN,NaN,NaN,NaN,NaN,transformer,embedding
2298,22990,NaN,NaN,NaN,NaN,NaN,NaN,NaN,transformer,embedding
2299,23000,NaN,NaN,NaN,NaN,NaN,NaN,NaN,transformer,embedding
2300,23010,NaN,NaN,NaN,NaN,NaN,NaN,NaN,transformer,embedding
2301,23020,4.209324089288202e-08,100.0,1.0,0.001,NaN,NaN,NaN,transformer,embedding
2302,23030,NaN,NaN,NaN,NaN,NaN,NaN,NaN,transformer,embedding
2303,23040,NaN,NaN,NaN,NaN,NaN,NaN,NaN,transformer,embedding
2304,23050,NaN,NaN,NaN,NaN,NaN,NaN,NaN,transformer,embedding
2305,23060,NaN,NaN,NaN,NaN,1.38876211643219,53.687564849853516,4.009883403778076,transformer,embedding
2306,23070,NaN,NaN,NaN,NaN,NaN,NaN,NaN,transformer,embedding
2307,23080,NaN,NaN,NaN,NaN,NaN,NaN,NaN,transformer,embedding
2308,23090,NaN,NaN,NaN,NaN,NaN,NaN,NaN,transformer,embedding
2309,23100,NaN,NaN,NaN,NaN,NaN,NaN,NaN,transformer,embedding
2310,23110,NaN,NaN,NaN,NaN,NaN,NaN,NaN,transformer,embedding
2311,23120,NaN,NaN,NaN,NaN,NaN,NaN,NaN,transformer,embedding
2312,23130,NaN,NaN,NaN,NaN,NaN,NaN,NaN,transformer,embedding
2313,23140,NaN,NaN,NaN,NaN,NaN,NaN,NaN,transformer,embedding
2314,23150,NaN,NaN,NaN,NaN,NaN,NaN,NaN,transformer,embedding
2315,23160,NaN,NaN,NaN,NaN,NaN,NaN,NaN,transformer,embedding
2316,23170,NaN,NaN,NaN,NaN,NaN,NaN,NaN,transformer,embedding
2317,23180,NaN,NaN,NaN,NaN,NaN,NaN,NaN,transformer,embedding
2318,23190,NaN,NaN,NaN,NaN,NaN,NaN,NaN,transformer,embedding
2319,23200,NaN,NaN,NaN,NaN,NaN,NaN,NaN,transformer,embedding
2320,23210,NaN,NaN,NaN,NaN,NaN,NaN,NaN,transformer,embedding
2321,23220,NaN,NaN,NaN,NaN,NaN,NaN,NaN,transformer,embedding
2322,23230,NaN,NaN,NaN,NaN,NaN,NaN,NaN,transformer,embedding
2323,23240,NaN,NaN,NaN,NaN,NaN,NaN,NaN,transformer,embedding
2324,23250,4.107955575705091e-08,100.0,1.0,0.001,NaN,NaN,NaN,transformer,embedding
2325,23260,NaN,NaN,NaN,NaN,NaN,NaN,NaN,transformer,embedding
2326,23270,NaN,NaN,NaN,NaN,NaN,NaN,NaN,transformer,embedding
2327,23280,NaN,NaN,NaN,NaN,NaN,NaN,NaN,transformer,embedding
2328,23290,NaN,NaN,NaN,NaN,NaN,NaN,NaN,transformer,embedding
2329,23300,NaN,NaN,NaN,NaN,NaN,NaN,NaN,transformer,embedding
2330,23310,NaN,NaN,NaN,NaN,NaN,NaN,NaN,transformer,embedding
2331,23320,NaN,NaN,NaN,NaN,NaN,NaN,NaN,transformer,embedding
2332,23330,NaN,NaN,NaN,NaN,NaN,NaN,NaN,transformer,embedding
2333,23340,NaN,NaN,NaN,NaN,NaN,NaN,NaN,transformer,embedding
2334,23350,NaN,NaN,NaN,NaN,NaN,NaN,NaN,transformer,embedding
2335,23360,NaN,NaN,NaN,NaN,NaN,NaN,NaN,transformer,embedding
2336,23370,NaN,NaN,NaN,NaN,NaN,NaN,NaN,transformer,embedding
2337,23380,NaN,NaN,NaN,NaN,NaN,NaN,NaN,transformer,embedding
2338,23390,NaN,NaN,NaN,NaN,NaN,NaN,NaN,transformer,embedding
2339,23400,NaN,NaN,NaN,NaN,NaN,NaN,NaN,transformer,embedding
2340,23410,NaN,NaN,NaN,NaN,NaN,NaN,NaN,transformer,embedding
2341,23420,NaN,NaN,NaN,NaN,NaN,NaN,NaN,transformer,embedding
2342,23430,NaN,NaN,NaN,NaN,NaN,NaN,NaN,transformer,embedding
2343,23440,NaN,NaN,NaN,NaN,NaN,NaN,NaN,transformer,embedding
2344,23450,NaN,NaN,NaN,NaN,NaN,NaN,NaN,transformer,embedding
2345,23460,NaN,NaN,NaN,NaN,NaN,NaN,NaN,transformer,embedding
2346,23470,NaN,NaN,NaN,NaN,NaN,NaN,NaN,transformer,embedding
2347,23480,4.0091215680604364e-08,100.0,1.0,0.001,NaN,NaN,NaN,transformer,embedding
2348,23490,NaN,NaN,NaN,NaN,NaN,NaN,NaN,transformer,embedding
2349,23500,NaN,NaN,NaN,NaN,NaN,NaN,NaN,transformer,embedding
2350,23510,NaN,NaN,NaN,NaN,NaN,NaN,NaN,transformer,embedding
2351,23520,NaN,NaN,NaN,NaN,1.4133987426757812,53.496280670166016,4.109899997711182,transformer,embedding
2352,23530,NaN,NaN,NaN,NaN,NaN,NaN,NaN,transformer,embedding
2353,23540,NaN,NaN,NaN,NaN,NaN,NaN,NaN,transformer,embedding
2354,23550,NaN,NaN,NaN,NaN,NaN,NaN,NaN,transformer,embedding
2355,23560,NaN,NaN,NaN,NaN,NaN,NaN,NaN,transformer,embedding
2356,23570,NaN,NaN,NaN,NaN,NaN,NaN,NaN,transformer,embedding
2357,23580,NaN,NaN,NaN,NaN,NaN,NaN,NaN,transformer,embedding
2358,23590,NaN,NaN,NaN,NaN,NaN,NaN,NaN,transformer,embedding
2359,23600,NaN,NaN,NaN,NaN,NaN,NaN,NaN,transformer,embedding
2360,23610,NaN,NaN,NaN,NaN,NaN,NaN,NaN,transformer,embedding
2361,23620,NaN,NaN,NaN,NaN,NaN,NaN,NaN,transformer,embedding
2362,23630,NaN,NaN,NaN,NaN,NaN,NaN,NaN,transformer,embedding
2363,23640,NaN,NaN,NaN,NaN,NaN,NaN,NaN,transformer,embedding
2364,23650,NaN,NaN,NaN,NaN,NaN,NaN,NaN,transformer,embedding
2365,23660,NaN,NaN,NaN,NaN,NaN,NaN,NaN,transformer,embedding
2366,23670,NaN,NaN,NaN,NaN,NaN,NaN,NaN,transformer,embedding
2367,23680,NaN,NaN,NaN,NaN,NaN,NaN,NaN,transformer,embedding
2368,23690,NaN,NaN,NaN,NaN,NaN,NaN,NaN,transformer,embedding
2369,23700,NaN,NaN,NaN,NaN,NaN,NaN,NaN,transformer,embedding
2370,23710,3.92675971738754e-08,100.0,1.0,0.001,NaN,NaN,NaN,transformer,embedding
2371,23720,NaN,NaN,NaN,NaN,NaN,NaN,NaN,transformer,embedding
2372,23730,NaN,NaN,NaN,NaN,NaN,NaN,NaN,transformer,embedding
2373,23740,NaN,NaN,NaN,NaN,NaN,NaN,NaN,transformer,embedding
2374,23750,NaN,NaN,NaN,NaN,NaN,NaN,NaN,transformer,embedding
2375,23760,NaN,NaN,NaN,NaN,NaN,NaN,NaN,transformer,embedding
2376,23770,NaN,NaN,NaN,NaN,NaN,NaN,NaN,transformer,embedding
2377,23780,NaN,NaN,NaN,NaN,NaN,NaN,NaN,transformer,embedding
2378,23790,NaN,NaN,NaN,NaN,NaN,NaN,NaN,transformer,embedding
2379,23800,NaN,NaN,NaN,NaN,NaN,NaN,NaN,transformer,embedding
2380,23810,NaN,NaN,NaN,NaN,NaN,NaN,NaN,transformer,embedding
2381,23820,NaN,NaN,NaN,NaN,NaN,NaN,NaN,transformer,embedding
2382,23830,NaN,NaN,NaN,NaN,NaN,NaN,NaN,transformer,embedding
2383,23840,NaN,NaN,NaN,NaN,NaN,NaN,NaN,transformer,embedding
2384,23850,NaN,NaN,NaN,NaN,NaN,NaN,NaN,transformer,embedding
2385,23860,NaN,NaN,NaN,NaN,NaN,NaN,NaN,transformer,embedding
2386,23870,NaN,NaN,NaN,NaN,NaN,NaN,NaN,transformer,embedding
2387,23880,NaN,NaN,NaN,NaN,NaN,NaN,NaN,transformer,embedding
2388,23890,NaN,NaN,NaN,NaN,NaN,NaN,NaN,transformer,embedding
2389,23900,NaN,NaN,NaN,NaN,NaN,NaN,NaN,transformer,embedding
2390,23910,NaN,NaN,NaN,NaN,NaN,NaN,NaN,transformer,embedding
2391,23920,NaN,NaN,NaN,NaN,NaN,NaN,NaN,transformer,embedding
2392,23930,NaN,NaN,NaN,NaN,NaN,NaN,NaN,transformer,embedding
2393,23940,3.8621372766556306e-08,100.0,1.0,0.001,NaN,NaN,NaN,transformer,embedding
2394,23950,NaN,NaN,NaN,NaN,NaN,NaN,NaN,transformer,embedding
2395,23960,NaN,NaN,NaN,NaN,NaN,NaN,NaN,transformer,embedding
2396,23970,NaN,NaN,NaN,NaN,NaN,NaN,NaN,transformer,embedding
2397,23980,NaN,NaN,NaN,NaN,NaN,NaN,NaN,transformer,embedding
2398,23990,NaN,NaN,NaN,NaN,1.4178061485290527,53.56003952026367,4.128054141998291,transformer,embedding
2399,24000,NaN,NaN,NaN,NaN,NaN,NaN,NaN,transformer,embedding
2400,24010,NaN,NaN,NaN,NaN,NaN,NaN,NaN,transformer,embedding
2401,24020,NaN,NaN,NaN,NaN,NaN,NaN,NaN,transformer,embedding
2402,24030,NaN,NaN,NaN,NaN,NaN,NaN,NaN,transformer,embedding
2403,24040,NaN,NaN,NaN,NaN,NaN,NaN,NaN,transformer,embedding
2404,24050,NaN,NaN,NaN,NaN,NaN,NaN,NaN,transformer,embedding
2405,24060,NaN,NaN,NaN,NaN,NaN,NaN,NaN,transformer,embedding
2406,24070,NaN,NaN,NaN,NaN,NaN,NaN,NaN,transformer,embedding
2407,24080,NaN,NaN,NaN,NaN,NaN,NaN,NaN,transformer,embedding
2408,24090,NaN,NaN,NaN,NaN,NaN,NaN,NaN,transformer,embedding
2409,24100,NaN,NaN,NaN,NaN,NaN,NaN,NaN,transformer,embedding
2410,24110,NaN,NaN,NaN,NaN,NaN,NaN,NaN,transformer,embedding
2411,24120,NaN,NaN,NaN,NaN,NaN,NaN,NaN,transformer,embedding
2412,24130,NaN,NaN,NaN,NaN,NaN,NaN,NaN,transformer,embedding
2413,24140,NaN,NaN,NaN,NaN,NaN,NaN,NaN,transformer,embedding
2414,24150,NaN,NaN,NaN,NaN,NaN,NaN,NaN,transformer,embedding
2415,24160,NaN,NaN,NaN,NaN,NaN,NaN,NaN,transformer,embedding
2416,24170,3.838062312411239e-08,100.0,1.0,0.001,NaN,NaN,NaN,transformer,embedding
2417,24180,NaN,NaN,NaN,NaN,NaN,NaN,NaN,transformer,embedding
2418,24190,NaN,NaN,NaN,NaN,NaN,NaN,NaN,transformer,embedding
2419,24200,NaN,NaN,NaN,NaN,NaN,NaN,NaN,transformer,embedding
2420,24210,NaN,NaN,NaN,NaN,NaN,NaN,NaN,transformer,embedding
2421,24220,NaN,NaN,NaN,NaN,NaN,NaN,NaN,transformer,embedding
2422,24230,NaN,NaN,NaN,NaN,NaN,NaN,NaN,transformer,embedding
2423,24240,NaN,NaN,NaN,NaN,NaN,NaN,NaN,transformer,embedding
2424,24250,NaN,NaN,NaN,NaN,NaN,NaN,NaN,transformer,embedding
2425,24260,NaN,NaN,NaN,NaN,NaN,NaN,NaN,transformer,embedding
2426,24270,NaN,NaN,NaN,NaN,NaN,NaN,NaN,transformer,embedding
2427,24280,NaN,NaN,NaN,NaN,NaN,NaN,NaN,transformer,embedding
2428,24290,NaN,NaN,NaN,NaN,NaN,NaN,NaN,transformer,embedding
2429,24300,NaN,NaN,NaN,NaN,NaN,NaN,NaN,transformer,embedding
2430,24310,NaN,NaN,NaN,NaN,NaN,NaN,NaN,transformer,embedding
2431,24320,NaN,NaN,NaN,NaN,NaN,NaN,NaN,transformer,embedding
2432,24330,NaN,NaN,NaN,NaN,NaN,NaN,NaN,transformer,embedding
2433,24340,NaN,NaN,NaN,NaN,NaN,NaN,NaN,transformer,embedding
2434,24350,NaN,NaN,NaN,NaN,NaN,NaN,NaN,transformer,embedding
2435,24360,NaN,NaN,NaN,NaN,NaN,NaN,NaN,transformer,embedding
2436,24370,NaN,NaN,NaN,NaN,NaN,NaN,NaN,transformer,embedding
2437,24380,NaN,NaN,NaN,NaN,NaN,NaN,NaN,transformer,embedding
2438,24390,NaN,NaN,NaN,NaN,NaN,NaN,NaN,transformer,embedding
2439,24400,NaN,NaN,NaN,NaN,NaN,NaN,NaN,transformer,embedding
2440,24410,3.677140014701763e-08,100.0,1.0,0.001,NaN,NaN,NaN,transformer,embedding
2441,24420,NaN,NaN,NaN,NaN,NaN,NaN,NaN,transformer,embedding
2442,24430,NaN,NaN,NaN,NaN,NaN,NaN,NaN,transformer,embedding
2443,24440,NaN,NaN,NaN,NaN,NaN,NaN,NaN,transformer,embedding
2444,24450,NaN,NaN,NaN,NaN,NaN,NaN,NaN,transformer,embedding
2445,24460,NaN,NaN,NaN,NaN,1.3886864185333252,53.538787841796875,4.009579658508301,transformer,embedding
2446,24470,NaN,NaN,NaN,NaN,NaN,NaN,NaN,transformer,embedding
2447,24480,NaN,NaN,NaN,NaN,NaN,NaN,NaN,transformer,embedding
2448,24490,NaN,NaN,NaN,NaN,NaN,NaN,NaN,transformer,embedding
2449,24500,NaN,NaN,NaN,NaN,NaN,NaN,NaN,transformer,embedding
2450,24510,NaN,NaN,NaN,NaN,NaN,NaN,NaN,transformer,embedding
2451,24520,NaN,NaN,NaN,NaN,NaN,NaN,NaN,transformer,embedding
2452,24530,NaN,NaN,NaN,NaN,NaN,NaN,NaN,transformer,embedding
2453,24540,NaN,NaN,NaN,NaN,NaN,NaN,NaN,transformer,embedding
2454,24550,NaN,NaN,NaN,NaN,NaN,NaN,NaN,transformer,embedding
2455,24560,NaN,NaN,NaN,NaN,NaN,NaN,NaN,transformer,embedding
2456,24570,NaN,NaN,NaN,NaN,NaN,NaN,NaN,transformer,embedding
2457,24580,NaN,NaN,NaN,NaN,NaN,NaN,NaN,transformer,embedding
2458,24590,NaN,NaN,NaN,NaN,NaN,NaN,NaN,transformer,embedding
2459,24600,NaN,NaN,NaN,NaN,NaN,NaN,NaN,transformer,embedding
2460,24610,NaN,NaN,NaN,NaN,NaN,NaN,NaN,transformer,embedding
2461,24620,NaN,NaN,NaN,NaN,NaN,NaN,NaN,transformer,embedding
2462,24630,NaN,NaN,NaN,NaN,NaN,NaN,NaN,transformer,embedding
2463,24640,NaN,NaN,NaN,NaN,NaN,NaN,NaN,transformer,embedding
2464,24650,3.636592538214245e-08,100.0,1.0,0.001,NaN,NaN,NaN,transformer,embedding
2465,24660,NaN,NaN,NaN,NaN,NaN,NaN,NaN,transformer,embedding
2466,24670,NaN,NaN,NaN,NaN,NaN,NaN,NaN,transformer,embedding
2467,24680,NaN,NaN,NaN,NaN,NaN,NaN,NaN,transformer,embedding
2468,24690,NaN,NaN,NaN,NaN,NaN,NaN,NaN,transformer,embedding
2469,24700,NaN,NaN,NaN,NaN,NaN,NaN,NaN,transformer,embedding
2470,24710,NaN,NaN,NaN,NaN,NaN,NaN,NaN,transformer,embedding
2471,24720,NaN,NaN,NaN,NaN,NaN,NaN,NaN,transformer,embedding
2472,24730,NaN,NaN,NaN,NaN,NaN,NaN,NaN,transformer,embedding
2473,24740,NaN,NaN,NaN,NaN,NaN,NaN,NaN,transformer,embedding
2474,24750,NaN,NaN,NaN,NaN,NaN,NaN,NaN,transformer,embedding
2475,24760,NaN,NaN,NaN,NaN,NaN,NaN,NaN,transformer,embedding
2476,24770,NaN,NaN,NaN,NaN,NaN,NaN,NaN,transformer,embedding
2477,24780,NaN,NaN,NaN,NaN,NaN,NaN,NaN,transformer,embedding
2478,24790,NaN,NaN,NaN,NaN,NaN,NaN,NaN,transformer,embedding
2479,24800,NaN,NaN,NaN,NaN,NaN,NaN,NaN,transformer,embedding
2480,24810,NaN,NaN,NaN,NaN,NaN,NaN,NaN,transformer,embedding
2481,24820,NaN,NaN,NaN,NaN,NaN,NaN,NaN,transformer,embedding
2482,24830,NaN,NaN,NaN,NaN,NaN,NaN,NaN,transformer,embedding
2483,24840,NaN,NaN,NaN,NaN,NaN,NaN,NaN,transformer,embedding
2484,24850,NaN,NaN,NaN,NaN,NaN,NaN,NaN,transformer,embedding
2485,24860,NaN,NaN,NaN,NaN,NaN,NaN,NaN,transformer,embedding
2486,24870,NaN,NaN,NaN,NaN,NaN,NaN,NaN,transformer,embedding
2487,24880,NaN,NaN,NaN,NaN,NaN,NaN,NaN,transformer,embedding
2488,24890,3.555497585239209e-08,100.0,1.0,0.001,NaN,NaN,NaN,transformer,embedding
2489,24900,NaN,NaN,NaN,NaN,NaN,NaN,NaN,transformer,embedding
2490,24910,NaN,NaN,NaN,NaN,NaN,NaN,NaN,transformer,embedding
2491,24920,NaN,NaN,NaN,NaN,NaN,NaN,NaN,transformer,embedding
2492,24930,NaN,NaN,NaN,NaN,NaN,NaN,NaN,transformer,embedding
2493,24940,NaN,NaN,NaN,NaN,1.4099427461624146,53.7938346862793,4.0957207679748535,transformer,embedding
2494,24950,NaN,NaN,NaN,NaN,NaN,NaN,NaN,transformer,embedding
2495,24960,NaN,NaN,NaN,NaN,NaN,NaN,NaN,transformer,embedding
2496,24970,NaN,NaN,NaN,NaN,NaN,NaN,NaN,transformer,embedding
2497,24980,NaN,NaN,NaN,NaN,NaN,NaN,NaN,transformer,embedding
2498,24990,NaN,NaN,NaN,NaN,NaN,NaN,NaN,transformer,embedding
2499,25000,NaN,NaN,NaN,NaN,NaN,NaN,NaN,transformer,embedding
2500,25010,NaN,NaN,NaN,NaN,NaN,NaN,NaN,transformer,embedding
2501,25020,NaN,NaN,NaN,NaN,NaN,NaN,NaN,transformer,embedding
2502,25030,NaN,NaN,NaN,NaN,NaN,NaN,NaN,transformer,embedding
2503,25040,NaN,NaN,NaN,NaN,NaN,NaN,NaN,transformer,embedding
2504,25050,NaN,NaN,NaN,NaN,NaN,NaN,NaN,transformer,embedding
2505,25060,NaN,NaN,NaN,NaN,NaN,NaN,NaN,transformer,embedding
2506,25070,NaN,NaN,NaN,NaN,NaN,NaN,NaN,transformer,embedding
2507,25080,NaN,NaN,NaN,NaN,NaN,NaN,NaN,transformer,embedding
2508,25090,NaN,NaN,NaN,NaN,NaN,NaN,NaN,transformer,embedding
2509,25100,NaN,NaN,NaN,NaN,NaN,NaN,NaN,transformer,embedding
2510,25110,NaN,NaN,NaN,NaN,NaN,NaN,NaN,transformer,embedding
2511,25120,NaN,NaN,NaN,NaN,NaN,NaN,NaN,transformer,embedding
2512,25130,3.651797797488143e-08,100.0,1.0,0.001,NaN,NaN,NaN,transformer,embedding
2513,25140,NaN,NaN,NaN,NaN,NaN,NaN,NaN,transformer,embedding
2514,25150,NaN,NaN,NaN,NaN,NaN,NaN,NaN,transformer,embedding
2515,25160,NaN,NaN,NaN,NaN,NaN,NaN,NaN,transformer,embedding
2516,25170,NaN,NaN,NaN,NaN,NaN,NaN,NaN,transformer,embedding
2517,25180,NaN,NaN,NaN,NaN,NaN,NaN,NaN,transformer,embedding
2518,25190,NaN,NaN,NaN,NaN,NaN,NaN,NaN,transformer,embedding
2519,25200,NaN,NaN,NaN,NaN,NaN,NaN,NaN,transformer,embedding
2520,25210,NaN,NaN,NaN,NaN,NaN,NaN,NaN,transformer,embedding
2521,25220,NaN,NaN,NaN,NaN,NaN,NaN,NaN,transformer,embedding
2522,25230,NaN,NaN,NaN,NaN,NaN,NaN,NaN,transformer,embedding
2523,25240,NaN,NaN,NaN,NaN,NaN,NaN,NaN,transformer,embedding
2524,25250,NaN,NaN,NaN,NaN,NaN,NaN,NaN,transformer,embedding
2525,25260,NaN,NaN,NaN,NaN,NaN,NaN,NaN,transformer,embedding
2526,25270,NaN,NaN,NaN,NaN,NaN,NaN,NaN,transformer,embedding
2527,25280,NaN,NaN,NaN,NaN,NaN,NaN,NaN,transformer,embedding
2528,25290,NaN,NaN,NaN,NaN,NaN,NaN,NaN,transformer,embedding
2529,25300,NaN,NaN,NaN,NaN,NaN,NaN,NaN,transformer,embedding
2530,25310,NaN,NaN,NaN,NaN,NaN,NaN,NaN,transformer,embedding
2531,25320,NaN,NaN,NaN,NaN,NaN,NaN,NaN,transformer,embedding
2532,25330,NaN,NaN,NaN,NaN,NaN,NaN,NaN,transformer,embedding
2533,25340,NaN,NaN,NaN,NaN,NaN,NaN,NaN,transformer,embedding
2534,25350,NaN,NaN,NaN,NaN,NaN,NaN,NaN,transformer,embedding
2535,25360,NaN,NaN,NaN,NaN,NaN,NaN,NaN,transformer,embedding
2536,25370,NaN,NaN,NaN,NaN,NaN,NaN,NaN,transformer,embedding
2537,25380,3.5187518676593754e-08,100.0,1.0,0.001,NaN,NaN,NaN,transformer,embedding
2538,25390,NaN,NaN,NaN,NaN,NaN,NaN,NaN,transformer,embedding
2539,25400,NaN,NaN,NaN,NaN,NaN,NaN,NaN,transformer,embedding
2540,25410,NaN,NaN,NaN,NaN,NaN,NaN,NaN,transformer,embedding
2541,25420,NaN,NaN,NaN,NaN,NaN,NaN,NaN,transformer,embedding
2542,25430,NaN,NaN,NaN,NaN,1.4090790748596191,53.687564849853516,4.092185020446777,transformer,embedding
2543,25440,NaN,NaN,NaN,NaN,NaN,NaN,NaN,transformer,embedding
2544,25450,NaN,NaN,NaN,NaN,NaN,NaN,NaN,transformer,embedding
2545,25460,NaN,NaN,NaN,NaN,NaN,NaN,NaN,transformer,embedding
2546,25470,NaN,NaN,NaN,NaN,NaN,NaN,NaN,transformer,embedding
2547,25480,NaN,NaN,NaN,NaN,NaN,NaN,NaN,transformer,embedding
2548,25490,NaN,NaN,NaN,NaN,NaN,NaN,NaN,transformer,embedding
2549,25500,NaN,NaN,NaN,NaN,NaN,NaN,NaN,transformer,embedding
2550,25510,NaN,NaN,NaN,NaN,NaN,NaN,NaN,transformer,embedding
2551,25520,NaN,NaN,NaN,NaN,NaN,NaN,NaN,transformer,embedding
2552,25530,NaN,NaN,NaN,NaN,NaN,NaN,NaN,transformer,embedding
2553,25540,NaN,NaN,NaN,NaN,NaN,NaN,NaN,transformer,embedding
2554,25550,NaN,NaN,NaN,NaN,NaN,NaN,NaN,transformer,embedding
2555,25560,NaN,NaN,NaN,NaN,NaN,NaN,NaN,transformer,embedding
2556,25570,NaN,NaN,NaN,NaN,NaN,NaN,NaN,transformer,embedding
2557,25580,NaN,NaN,NaN,NaN,NaN,NaN,NaN,transformer,embedding
2558,25590,NaN,NaN,NaN,NaN,NaN,NaN,NaN,transformer,embedding
2559,25600,NaN,NaN,NaN,NaN,NaN,NaN,NaN,transformer,embedding
2560,25610,NaN,NaN,NaN,NaN,NaN,NaN,NaN,transformer,embedding
2561,25620,NaN,NaN,NaN,NaN,NaN,NaN,NaN,transformer,embedding
2562,25630,3.440191065351428e-08,100.0,1.0,0.001,NaN,NaN,NaN,transformer,embedding
2563,25640,NaN,NaN,NaN,NaN,NaN,NaN,NaN,transformer,embedding
2564,25650,NaN,NaN,NaN,NaN,NaN,NaN,NaN,transformer,embedding
2565,25660,NaN,NaN,NaN,NaN,NaN,NaN,NaN,transformer,embedding
2566,25670,NaN,NaN,NaN,NaN,NaN,NaN,NaN,transformer,embedding
2567,25680,NaN,NaN,NaN,NaN,NaN,NaN,NaN,transformer,embedding
2568,25690,NaN,NaN,NaN,NaN,NaN,NaN,NaN,transformer,embedding
2569,25700,NaN,NaN,NaN,NaN,NaN,NaN,NaN,transformer,embedding
2570,25710,NaN,NaN,NaN,NaN,NaN,NaN,NaN,transformer,embedding
2571,25720,NaN,NaN,NaN,NaN,NaN,NaN,NaN,transformer,embedding
2572,25730,NaN,NaN,NaN,NaN,NaN,NaN,NaN,transformer,embedding
2573,25740,NaN,NaN,NaN,NaN,NaN,NaN,NaN,transformer,embedding
2574,25750,NaN,NaN,NaN,NaN,NaN,NaN,NaN,transformer,embedding
2575,25760,NaN,NaN,NaN,NaN,NaN,NaN,NaN,transformer,embedding
2576,25770,NaN,NaN,NaN,NaN,NaN,NaN,NaN,transformer,embedding
2577,25780,NaN,NaN,NaN,NaN,NaN,NaN,NaN,transformer,embedding
2578,25790,NaN,NaN,NaN,NaN,NaN,NaN,NaN,transformer,embedding
2579,25800,NaN,NaN,NaN,NaN,NaN,NaN,NaN,transformer,embedding
2580,25810,NaN,NaN,NaN,NaN,NaN,NaN,NaN,transformer,embedding
2581,25820,NaN,NaN,NaN,NaN,NaN,NaN,NaN,transformer,embedding
2582,25830,NaN,NaN,NaN,NaN,NaN,NaN,NaN,transformer,embedding
2583,25840,NaN,NaN,NaN,NaN,NaN,NaN,NaN,transformer,embedding
2584,25850,NaN,NaN,NaN,NaN,NaN,NaN,NaN,transformer,embedding
2585,25860,NaN,NaN,NaN,NaN,NaN,NaN,NaN,transformer,embedding
2586,25870,NaN,NaN,NaN,NaN,NaN,NaN,NaN,transformer,embedding
2587,25880,4.2840831326884654e-08,100.0,1.0,0.001,NaN,NaN,NaN,transformer,embedding
2588,25890,NaN,NaN,NaN,NaN,NaN,NaN,NaN,transformer,embedding
2589,25900,NaN,NaN,NaN,NaN,NaN,NaN,NaN,transformer,embedding
2590,25910,NaN,NaN,NaN,NaN,NaN,NaN,NaN,transformer,embedding
2591,25920,NaN,NaN,NaN,NaN,NaN,NaN,NaN,transformer,embedding
2592,25930,NaN,NaN,NaN,NaN,1.403011441230774,53.94261169433594,4.06743049621582,transformer,embedding
2593,25940,NaN,NaN,NaN,NaN,NaN,NaN,NaN,transformer,embedding
2594,25950,NaN,NaN,NaN,NaN,NaN,NaN,NaN,transformer,embedding
2595,25960,NaN,NaN,NaN,NaN,NaN,NaN,NaN,transformer,embedding
2596,25970,NaN,NaN,NaN,NaN,NaN,NaN,NaN,transformer,embedding
2597,25980,NaN,NaN,NaN,NaN,NaN,NaN,NaN,transformer,embedding
2598,25990,NaN,NaN,NaN,NaN,NaN,NaN,NaN,transformer,embedding
2599,26000,NaN,NaN,NaN,NaN,NaN,NaN,NaN,transformer,embedding
2600,26010,NaN,NaN,NaN,NaN,NaN,NaN,NaN,transformer,embedding
2601,26020,NaN,NaN,NaN,NaN,NaN,NaN,NaN,transformer,embedding
2602,26030,NaN,NaN,NaN,NaN,NaN,NaN,NaN,transformer,embedding
2603,26040,NaN,NaN,NaN,NaN,NaN,NaN,NaN,transformer,embedding
2604,26050,NaN,NaN,NaN,NaN,NaN,NaN,NaN,transformer,embedding
2605,26060,NaN,NaN,NaN,NaN,NaN,NaN,NaN,transformer,embedding
2606,26070,NaN,NaN,NaN,NaN,NaN,NaN,NaN,transformer,embedding
2607,26080,NaN,NaN,NaN,NaN,NaN,NaN,NaN,transformer,embedding
2608,26090,NaN,NaN,NaN,NaN,NaN,NaN,NaN,transformer,embedding
2609,26100,NaN,NaN,NaN,NaN,NaN,NaN,NaN,transformer,embedding
2610,26110,NaN,NaN,NaN,NaN,NaN,NaN,NaN,transformer,embedding
2611,26120,NaN,NaN,NaN,NaN,NaN,NaN,NaN,transformer,embedding
2612,26130,3.731625497493951e-08,100.0,1.0,0.001,NaN,NaN,NaN,transformer,embedding
2613,26140,NaN,NaN,NaN,NaN,NaN,NaN,NaN,transformer,embedding
2614,26150,NaN,NaN,NaN,NaN,NaN,NaN,NaN,transformer,embedding
2615,26160,NaN,NaN,NaN,NaN,NaN,NaN,NaN,transformer,embedding
2616,26170,NaN,NaN,NaN,NaN,NaN,NaN,NaN,transformer,embedding
2617,26180,NaN,NaN,NaN,NaN,NaN,NaN,NaN,transformer,embedding
2618,26190,NaN,NaN,NaN,NaN,NaN,NaN,NaN,transformer,embedding
2619,26200,NaN,NaN,NaN,NaN,NaN,NaN,NaN,transformer,embedding
2620,26210,NaN,NaN,NaN,NaN,NaN,NaN,NaN,transformer,embedding
2621,26220,NaN,NaN,NaN,NaN,NaN,NaN,NaN,transformer,embedding
2622,26230,NaN,NaN,NaN,NaN,NaN,NaN,NaN,transformer,embedding
2623,26240,NaN,NaN,NaN,NaN,NaN,NaN,NaN,transformer,embedding
2624,26250,NaN,NaN,NaN,NaN,NaN,NaN,NaN,transformer,embedding
2625,26260,NaN,NaN,NaN,NaN,NaN,NaN,NaN,transformer,embedding
2626,26270,NaN,NaN,NaN,NaN,NaN,NaN,NaN,transformer,embedding
2627,26280,NaN,NaN,NaN,NaN,NaN,NaN,NaN,transformer,embedding
2628,26290,NaN,NaN,NaN,NaN,NaN,NaN,NaN,transformer,embedding
2629,26300,NaN,NaN,NaN,NaN,NaN,NaN,NaN,transformer,embedding
2630,26310,NaN,NaN,NaN,NaN,NaN,NaN,NaN,transformer,embedding
2631,26320,NaN,NaN,NaN,NaN,NaN,NaN,NaN,transformer,embedding
2632,26330,NaN,NaN,NaN,NaN,NaN,NaN,NaN,transformer,embedding
2633,26340,NaN,NaN,NaN,NaN,NaN,NaN,NaN,transformer,embedding
2634,26350,NaN,NaN,NaN,NaN,NaN,NaN,NaN,transformer,embedding
2635,26360,NaN,NaN,NaN,NaN,NaN,NaN,NaN,transformer,embedding
2636,26370,NaN,NaN,NaN,NaN,NaN,NaN,NaN,transformer,embedding
2637,26380,NaN,NaN,NaN,NaN,NaN,NaN,NaN,transformer,embedding
2638,26390,3.3907738838934165e-08,100.0,1.0,0.001,NaN,NaN,NaN,transformer,embedding
2639,26400,NaN,NaN,NaN,NaN,NaN,NaN,NaN,transformer,embedding
2640,26410,NaN,NaN,NaN,NaN,NaN,NaN,NaN,transformer,embedding
2641,26420,NaN,NaN,NaN,NaN,NaN,NaN,NaN,transformer,embedding
2642,26430,NaN,NaN,NaN,NaN,NaN,NaN,NaN,transformer,embedding
2643,26440,NaN,NaN,NaN,NaN,1.4012012481689453,54.11264419555664,4.060074329376221,transformer,embedding
2644,26450,NaN,NaN,NaN,NaN,NaN,NaN,NaN,transformer,embedding
2645,26460,NaN,NaN,NaN,NaN,NaN,NaN,NaN,transformer,embedding
2646,26470,NaN,NaN,NaN,NaN,NaN,NaN,NaN,transformer,embedding
2647,26480,NaN,NaN,NaN,NaN,NaN,NaN,NaN,transformer,embedding
2648,26490,NaN,NaN,NaN,NaN,NaN,NaN,NaN,transformer,embedding
2649,26500,NaN,NaN,NaN,NaN,NaN,NaN,NaN,transformer,embedding
2650,26510,NaN,NaN,NaN,NaN,NaN,NaN,NaN,transformer,embedding
2651,26520,NaN,NaN,NaN,NaN,NaN,NaN,NaN,transformer,embedding
2652,26530,NaN,NaN,NaN,NaN,NaN,NaN,NaN,transformer,embedding
2653,26540,NaN,NaN,NaN,NaN,NaN,NaN,NaN,transformer,embedding
2654,26550,NaN,NaN,NaN,NaN,NaN,NaN,NaN,transformer,embedding
2655,26560,NaN,NaN,NaN,NaN,NaN,NaN,NaN,transformer,embedding
2656,26570,NaN,NaN,NaN,NaN,NaN,NaN,NaN,transformer,embedding
2657,26580,NaN,NaN,NaN,NaN,NaN,NaN,NaN,transformer,embedding
2658,26590,NaN,NaN,NaN,NaN,NaN,NaN,NaN,transformer,embedding
2659,26600,NaN,NaN,NaN,NaN,NaN,NaN,NaN,transformer,embedding
2660,26610,NaN,NaN,NaN,NaN,NaN,NaN,NaN,transformer,embedding
2661,26620,NaN,NaN,NaN,NaN,NaN,NaN,NaN,transformer,embedding
2662,26630,NaN,NaN,NaN,NaN,NaN,NaN,NaN,transformer,embedding
2663,26640,NaN,NaN,NaN,NaN,NaN,NaN,NaN,transformer,embedding
2664,26650,0.028973430395126343,98.59693908691406,1.0293972492218018,0.001,NaN,NaN,NaN,transformer,embedding
2665,26660,NaN,NaN,NaN,NaN,NaN,NaN,NaN,transformer,embedding
2666,26670,NaN,NaN,NaN,NaN,NaN,NaN,NaN,transformer,embedding
2667,26680,NaN,NaN,NaN,NaN,NaN,NaN,NaN,transformer,embedding
2668,26690,NaN,NaN,NaN,NaN,NaN,NaN,NaN,transformer,embedding
2669,26700,NaN,NaN,NaN,NaN,NaN,NaN,NaN,transformer,embedding
2670,26710,NaN,NaN,NaN,NaN,NaN,NaN,NaN,transformer,embedding
2671,26720,NaN,NaN,NaN,NaN,NaN,NaN,NaN,transformer,embedding
2672,26730,NaN,NaN,NaN,NaN,NaN,NaN,NaN,transformer,embedding
2673,26740,NaN,NaN,NaN,NaN,NaN,NaN,NaN,transformer,embedding
2674,26750,NaN,NaN,NaN,NaN,NaN,NaN,NaN,transformer,embedding
2675,26760,NaN,NaN,NaN,NaN,NaN,NaN,NaN,transformer,embedding
2676,26770,NaN,NaN,NaN,NaN,NaN,NaN,NaN,transformer,embedding
2677,26780,NaN,NaN,NaN,NaN,NaN,NaN,NaN,transformer,embedding
2678,26790,NaN,NaN,NaN,NaN,NaN,NaN,NaN,transformer,embedding
2679,26800,NaN,NaN,NaN,NaN,NaN,NaN,NaN,transformer,embedding
2680,26810,NaN,NaN,NaN,NaN,NaN,NaN,NaN,transformer,embedding
2681,26820,NaN,NaN,NaN,NaN,NaN,NaN,NaN,transformer,embedding
2682,26830,NaN,NaN,NaN,NaN,NaN,NaN,NaN,transformer,embedding
2683,26840,NaN,NaN,NaN,NaN,NaN,NaN,NaN,transformer,embedding
2684,26850,NaN,NaN,NaN,NaN,NaN,NaN,NaN,transformer,embedding
2685,26860,NaN,NaN,NaN,NaN,NaN,NaN,NaN,transformer,embedding
2686,26870,NaN,NaN,NaN,NaN,NaN,NaN,NaN,transformer,embedding
2687,26880,NaN,NaN,NaN,NaN,NaN,NaN,NaN,transformer,embedding
2688,26890,NaN,NaN,NaN,NaN,NaN,NaN,NaN,transformer,embedding
2689,26900,NaN,NaN,NaN,NaN,NaN,NaN,NaN,transformer,embedding
2690,26910,0.00786253809928894,99.5960922241211,1.0078935623168945,0.001,NaN,NaN,NaN,transformer,embedding
2691,26920,NaN,NaN,NaN,NaN,NaN,NaN,NaN,transformer,embedding
2692,26930,NaN,NaN,NaN,NaN,NaN,NaN,NaN,transformer,embedding
2693,26940,NaN,NaN,NaN,NaN,NaN,NaN,NaN,transformer,embedding
2694,26950,NaN,NaN,NaN,NaN,NaN,NaN,NaN,transformer,embedding
2695,26960,NaN,NaN,NaN,NaN,2.697336435317993,50.626991271972656,14.8401517868042,transformer,embedding
2696,26970,NaN,NaN,NaN,NaN,NaN,NaN,NaN,transformer,embedding
2697,26980,NaN,NaN,NaN,NaN,NaN,NaN,NaN,transformer,embedding
2698,26990,NaN,NaN,NaN,NaN,NaN,NaN,NaN,transformer,embedding
2699,27000,NaN,NaN,NaN,NaN,NaN,NaN,NaN,transformer,embedding
2700,27010,NaN,NaN,NaN,NaN,NaN,NaN,NaN,transformer,embedding
2701,27020,NaN,NaN,NaN,NaN,NaN,NaN,NaN,transformer,embedding
2702,27030,NaN,NaN,NaN,NaN,NaN,NaN,NaN,transformer,embedding
2703,27040,NaN,NaN,NaN,NaN,NaN,NaN,NaN,transformer,embedding
2704,27050,NaN,NaN,NaN,NaN,NaN,NaN,NaN,transformer,embedding
2705,27060,NaN,NaN,NaN,NaN,NaN,NaN,NaN,transformer,embedding
2706,27070,NaN,NaN,NaN,NaN,NaN,NaN,NaN,transformer,embedding
2707,27080,NaN,NaN,NaN,NaN,NaN,NaN,NaN,transformer,embedding
2708,27090,NaN,NaN,NaN,NaN,NaN,NaN,NaN,transformer,embedding
2709,27100,NaN,NaN,NaN,NaN,NaN,NaN,NaN,transformer,embedding
2710,27110,NaN,NaN,NaN,NaN,NaN,NaN,NaN,transformer,embedding
2711,27120,NaN,NaN,NaN,NaN,NaN,NaN,NaN,transformer,embedding
2712,27130,NaN,NaN,NaN,NaN,NaN,NaN,NaN,transformer,embedding
2713,27140,NaN,NaN,NaN,NaN,NaN,NaN,NaN,transformer,embedding
2714,27150,NaN,NaN,NaN,NaN,NaN,NaN,NaN,transformer,embedding
2715,27160,NaN,NaN,NaN,NaN,NaN,NaN,NaN,transformer,embedding
2716,27170,3.951063263230026e-06,100.0,1.0000039339065552,0.001,NaN,NaN,NaN,transformer,embedding
2717,27180,NaN,NaN,NaN,NaN,NaN,NaN,NaN,transformer,embedding
2718,27190,NaN,NaN,NaN,NaN,NaN,NaN,NaN,transformer,embedding
2719,27200,NaN,NaN,NaN,NaN,NaN,NaN,NaN,transformer,embedding
2720,27210,NaN,NaN,NaN,NaN,NaN,NaN,NaN,transformer,embedding
2721,27220,NaN,NaN,NaN,NaN,NaN,NaN,NaN,transformer,embedding
2722,27230,NaN,NaN,NaN,NaN,NaN,NaN,NaN,transformer,embedding
2723,27240,NaN,NaN,NaN,NaN,NaN,NaN,NaN,transformer,embedding
2724,27250,NaN,NaN,NaN,NaN,NaN,NaN,NaN,transformer,embedding
2725,27260,NaN,NaN,NaN,NaN,NaN,NaN,NaN,transformer,embedding
2726,27270,NaN,NaN,NaN,NaN,NaN,NaN,NaN,transformer,embedding
2727,27280,NaN,NaN,NaN,NaN,NaN,NaN,NaN,transformer,embedding
2728,27290,NaN,NaN,NaN,NaN,NaN,NaN,NaN,transformer,embedding
2729,27300,NaN,NaN,NaN,NaN,NaN,NaN,NaN,transformer,embedding
2730,27310,NaN,NaN,NaN,NaN,NaN,NaN,NaN,transformer,embedding
2731,27320,NaN,NaN,NaN,NaN,NaN,NaN,NaN,transformer,embedding
2732,27330,NaN,NaN,NaN,NaN,NaN,NaN,NaN,transformer,embedding
2733,27340,NaN,NaN,NaN,NaN,NaN,NaN,NaN,transformer,embedding
2734,27350,NaN,NaN,NaN,NaN,NaN,NaN,NaN,transformer,embedding
2735,27360,NaN,NaN,NaN,NaN,NaN,NaN,NaN,transformer,embedding
2736,27370,NaN,NaN,NaN,NaN,NaN,NaN,NaN,transformer,embedding
2737,27380,NaN,NaN,NaN,NaN,NaN,NaN,NaN,transformer,embedding
2738,27390,NaN,NaN,NaN,NaN,NaN,NaN,NaN,transformer,embedding
2739,27400,NaN,NaN,NaN,NaN,NaN,NaN,NaN,transformer,embedding
2740,27410,NaN,NaN,NaN,NaN,NaN,NaN,NaN,transformer,embedding
2741,27420,NaN,NaN,NaN,NaN,NaN,NaN,NaN,transformer,embedding
2742,27430,NaN,NaN,NaN,NaN,NaN,NaN,NaN,transformer,embedding
2743,27440,5.941680569776508e-07,100.0,1.0000005960464478,0.001,NaN,NaN,NaN,transformer,embedding
2744,27450,NaN,NaN,NaN,NaN,NaN,NaN,NaN,transformer,embedding
2745,27460,NaN,NaN,NaN,NaN,NaN,NaN,NaN,transformer,embedding
2746,27470,NaN,NaN,NaN,NaN,NaN,NaN,NaN,transformer,embedding
2747,27480,NaN,NaN,NaN,NaN,NaN,NaN,NaN,transformer,embedding
2748,27490,NaN,NaN,NaN,NaN,2.0717341899871826,57.85334777832031,7.938578128814697,transformer,embedding
2749,27500,NaN,NaN,NaN,NaN,NaN,NaN,NaN,transformer,embedding
2750,27510,NaN,NaN,NaN,NaN,NaN,NaN,NaN,transformer,embedding
2751,27520,NaN,NaN,NaN,NaN,NaN,NaN,NaN,transformer,embedding
2752,27530,NaN,NaN,NaN,NaN,NaN,NaN,NaN,transformer,embedding
2753,27540,NaN,NaN,NaN,NaN,NaN,NaN,NaN,transformer,embedding
2754,27550,NaN,NaN,NaN,NaN,NaN,NaN,NaN,transformer,embedding
2755,27560,NaN,NaN,NaN,NaN,NaN,NaN,NaN,transformer,embedding
2756,27570,NaN,NaN,NaN,NaN,NaN,NaN,NaN,transformer,embedding
2757,27580,NaN,NaN,NaN,NaN,NaN,NaN,NaN,transformer,embedding
2758,27590,NaN,NaN,NaN,NaN,NaN,NaN,NaN,transformer,embedding
2759,27600,NaN,NaN,NaN,NaN,NaN,NaN,NaN,transformer,embedding
2760,27610,NaN,NaN,NaN,NaN,NaN,NaN,NaN,transformer,embedding
2761,27620,NaN,NaN,NaN,NaN,NaN,NaN,NaN,transformer,embedding
2762,27630,NaN,NaN,NaN,NaN,NaN,NaN,NaN,transformer,embedding
2763,27640,NaN,NaN,NaN,NaN,NaN,NaN,NaN,transformer,embedding
2764,27650,NaN,NaN,NaN,NaN,NaN,NaN,NaN,transformer,embedding
2765,27660,NaN,NaN,NaN,NaN,NaN,NaN,NaN,transformer,embedding
2766,27670,NaN,NaN,NaN,NaN,NaN,NaN,NaN,transformer,embedding
2767,27680,NaN,NaN,NaN,NaN,NaN,NaN,NaN,transformer,embedding
2768,27690,NaN,NaN,NaN,NaN,NaN,NaN,NaN,transformer,embedding
2769,27700,NaN,NaN,NaN,NaN,NaN,NaN,NaN,transformer,embedding
2770,27710,6.724528134327556e-08,100.0,1.0000001192092896,0.001,NaN,NaN,NaN,transformer,embedding
2771,27720,NaN,NaN,NaN,NaN,NaN,NaN,NaN,transformer,embedding
2772,27730,NaN,NaN,NaN,NaN,NaN,NaN,NaN,transformer,embedding
2773,27740,NaN,NaN,NaN,NaN,NaN,NaN,NaN,transformer,embedding
2774,27750,NaN,NaN,NaN,NaN,NaN,NaN,NaN,transformer,embedding
2775,27760,NaN,NaN,NaN,NaN,NaN,NaN,NaN,transformer,embedding
2776,27770,NaN,NaN,NaN,NaN,NaN,NaN,NaN,transformer,embedding
2777,27780,NaN,NaN,NaN,NaN,NaN,NaN,NaN,transformer,embedding
2778,27790,NaN,NaN,NaN,NaN,NaN,NaN,NaN,transformer,embedding
2779,27800,NaN,NaN,NaN,NaN,NaN,NaN,NaN,transformer,embedding
2780,27810,NaN,NaN,NaN,NaN,NaN,NaN,NaN,transformer,embedding
2781,27820,NaN,NaN,NaN,NaN,NaN,NaN,NaN,transformer,embedding
2782,27830,NaN,NaN,NaN,NaN,NaN,NaN,NaN,transformer,embedding
2783,27840,NaN,NaN,NaN,NaN,NaN,NaN,NaN,transformer,embedding
2784,27850,NaN,NaN,NaN,NaN,NaN,NaN,NaN,transformer,embedding
2785,27860,NaN,NaN,NaN,NaN,NaN,NaN,NaN,transformer,embedding
2786,27870,NaN,NaN,NaN,NaN,NaN,NaN,NaN,transformer,embedding
2787,27880,NaN,NaN,NaN,NaN,NaN,NaN,NaN,transformer,embedding
2788,27890,NaN,NaN,NaN,NaN,NaN,NaN,NaN,transformer,embedding
2789,27900,NaN,NaN,NaN,NaN,NaN,NaN,NaN,transformer,embedding
2790,27910,NaN,NaN,NaN,NaN,NaN,NaN,NaN,transformer,embedding
2791,27920,NaN,NaN,NaN,NaN,NaN,NaN,NaN,transformer,embedding
2792,27930,NaN,NaN,NaN,NaN,NaN,NaN,NaN,transformer,embedding
2793,27940,NaN,NaN,NaN,NaN,NaN,NaN,NaN,transformer,embedding
2794,27950,NaN,NaN,NaN,NaN,NaN,NaN,NaN,transformer,embedding
2795,27960,NaN,NaN,NaN,NaN,NaN,NaN,NaN,transformer,embedding
2796,27970,NaN,NaN,NaN,NaN,NaN,NaN,NaN,transformer,embedding
2797,27980,4.095284467098281e-08,100.0,1.0,0.001,NaN,NaN,NaN,transformer,embedding
2798,27990,NaN,NaN,NaN,NaN,NaN,NaN,NaN,transformer,embedding
2799,28000,NaN,NaN,NaN,NaN,NaN,NaN,NaN,transformer,embedding
2800,28010,NaN,NaN,NaN,NaN,NaN,NaN,NaN,transformer,embedding
2801,28020,NaN,NaN,NaN,NaN,NaN,NaN,NaN,transformer,embedding
2802,28030,NaN,NaN,NaN,NaN,1.2730684280395508,61.95536422729492,3.5717954635620117,transformer,embedding
2803,28040,NaN,NaN,NaN,NaN,NaN,NaN,NaN,transformer,embedding
2804,28050,NaN,NaN,NaN,NaN,NaN,NaN,NaN,transformer,embedding
2805,28060,NaN,NaN,NaN,NaN,NaN,NaN,NaN,transformer,embedding
2806,28070,NaN,NaN,NaN,NaN,NaN,NaN,NaN,transformer,embedding
2807,28080,NaN,NaN,NaN,NaN,NaN,NaN,NaN,transformer,embedding
2808,28090,NaN,NaN,NaN,NaN,NaN,NaN,NaN,transformer,embedding
2809,28100,NaN,NaN,NaN,NaN,NaN,NaN,NaN,transformer,embedding
2810,28110,NaN,NaN,NaN,NaN,NaN,NaN,NaN,transformer,embedding
2811,28120,NaN,NaN,NaN,NaN,NaN,NaN,NaN,transformer,embedding
2812,28130,NaN,NaN,NaN,NaN,NaN,NaN,NaN,transformer,embedding
2813,28140,NaN,NaN,NaN,NaN,NaN,NaN,NaN,transformer,embedding
2814,28150,NaN,NaN,NaN,NaN,NaN,NaN,NaN,transformer,embedding
2815,28160,NaN,NaN,NaN,NaN,NaN,NaN,NaN,transformer,embedding
2816,28170,NaN,NaN,NaN,NaN,NaN,NaN,NaN,transformer,embedding
2817,28180,NaN,NaN,NaN,NaN,NaN,NaN,NaN,transformer,embedding
2818,28190,NaN,NaN,NaN,NaN,NaN,NaN,NaN,transformer,embedding
2819,28200,NaN,NaN,NaN,NaN,NaN,NaN,NaN,transformer,embedding
2820,28210,NaN,NaN,NaN,NaN,NaN,NaN,NaN,transformer,embedding
2821,28220,NaN,NaN,NaN,NaN,NaN,NaN,NaN,transformer,embedding
2822,28230,NaN,NaN,NaN,NaN,NaN,NaN,NaN,transformer,embedding
2823,28240,NaN,NaN,NaN,NaN,NaN,NaN,NaN,transformer,embedding
2824,28250,4.89482836485422e-08,100.0,1.0,0.001,NaN,NaN,NaN,transformer,embedding
2825,28260,NaN,NaN,NaN,NaN,NaN,NaN,NaN,transformer,embedding
2826,28270,NaN,NaN,NaN,NaN,NaN,NaN,NaN,transformer,embedding
2827,28280,NaN,NaN,NaN,NaN,NaN,NaN,NaN,transformer,embedding
2828,28290,NaN,NaN,NaN,NaN,NaN,NaN,NaN,transformer,embedding
2829,28300,NaN,NaN,NaN,NaN,NaN,NaN,NaN,transformer,embedding
2830,28310,NaN,NaN,NaN,NaN,NaN,NaN,NaN,transformer,embedding
2831,28320,NaN,NaN,NaN,NaN,NaN,NaN,NaN,transformer,embedding
2832,28330,NaN,NaN,NaN,NaN,NaN,NaN,NaN,transformer,embedding
2833,28340,NaN,NaN,NaN,NaN,NaN,NaN,NaN,transformer,embedding
2834,28350,NaN,NaN,NaN,NaN,NaN,NaN,NaN,transformer,embedding
2835,28360,NaN,NaN,NaN,NaN,NaN,NaN,NaN,transformer,embedding
2836,28370,NaN,NaN,NaN,NaN,NaN,NaN,NaN,transformer,embedding
2837,28380,NaN,NaN,NaN,NaN,NaN,NaN,NaN,transformer,embedding
2838,28390,NaN,NaN,NaN,NaN,NaN,NaN,NaN,transformer,embedding
2839,28400,NaN,NaN,NaN,NaN,NaN,NaN,NaN,transformer,embedding
2840,28410,NaN,NaN,NaN,NaN,NaN,NaN,NaN,transformer,embedding
2841,28420,NaN,NaN,NaN,NaN,NaN,NaN,NaN,transformer,embedding
2842,28430,NaN,NaN,NaN,NaN,NaN,NaN,NaN,transformer,embedding
2843,28440,NaN,NaN,NaN,NaN,NaN,NaN,NaN,transformer,embedding
2844,28450,NaN,NaN,NaN,NaN,NaN,NaN,NaN,transformer,embedding
2845,28460,NaN,NaN,NaN,NaN,NaN,NaN,NaN,transformer,embedding
2846,28470,NaN,NaN,NaN,NaN,NaN,NaN,NaN,transformer,embedding
2847,28480,NaN,NaN,NaN,NaN,NaN,NaN,NaN,transformer,embedding
2848,28490,NaN,NaN,NaN,NaN,NaN,NaN,NaN,transformer,embedding
2849,28500,NaN,NaN,NaN,NaN,NaN,NaN,NaN,transformer,embedding
2850,28510,NaN,NaN,NaN,NaN,NaN,NaN,NaN,transformer,embedding
2851,28520,NaN,NaN,NaN,NaN,NaN,NaN,NaN,transformer,embedding
2852,28530,4.208057191590342e-08,100.0,1.0,0.001,NaN,NaN,NaN,transformer,embedding
2853,28540,NaN,NaN,NaN,NaN,NaN,NaN,NaN,transformer,embedding
2854,28550,NaN,NaN,NaN,NaN,NaN,NaN,NaN,transformer,embedding
2855,28560,NaN,NaN,NaN,NaN,NaN,NaN,NaN,transformer,embedding
2856,28570,NaN,NaN,NaN,NaN,NaN,NaN,NaN,transformer,embedding
2857,28580,NaN,NaN,NaN,NaN,NaN,NaN,NaN,transformer,embedding
2858,28590,NaN,NaN,NaN,NaN,0.9542691707611084,61.466522216796875,2.5967721939086914,transformer,embedding
2859,28600,NaN,NaN,NaN,NaN,NaN,NaN,NaN,transformer,embedding
2860,28610,NaN,NaN,NaN,NaN,NaN,NaN,NaN,transformer,embedding
2861,28620,NaN,NaN,NaN,NaN,NaN,NaN,NaN,transformer,embedding
2862,28630,NaN,NaN,NaN,NaN,NaN,NaN,NaN,transformer,embedding
2863,28640,NaN,NaN,NaN,NaN,NaN,NaN,NaN,transformer,embedding
2864,28650,NaN,NaN,NaN,NaN,NaN,NaN,NaN,transformer,embedding
2865,28660,NaN,NaN,NaN,NaN,NaN,NaN,NaN,transformer,embedding
2866,28670,NaN,NaN,NaN,NaN,NaN,NaN,NaN,transformer,embedding
2867,28680,NaN,NaN,NaN,NaN,NaN,NaN,NaN,transformer,embedding
2868,28690,NaN,NaN,NaN,NaN,NaN,NaN,NaN,transformer,embedding
2869,28700,NaN,NaN,NaN,NaN,NaN,NaN,NaN,transformer,embedding
2870,28710,NaN,NaN,NaN,NaN,NaN,NaN,NaN,transformer,embedding
2871,28720,NaN,NaN,NaN,NaN,NaN,NaN,NaN,transformer,embedding
2872,28730,NaN,NaN,NaN,NaN,NaN,NaN,NaN,transformer,embedding
2873,28740,NaN,NaN,NaN,NaN,NaN,NaN,NaN,transformer,embedding
2874,28750,NaN,NaN,NaN,NaN,NaN,NaN,NaN,transformer,embedding
2875,28760,NaN,NaN,NaN,NaN,NaN,NaN,NaN,transformer,embedding
2876,28770,NaN,NaN,NaN,NaN,NaN,NaN,NaN,transformer,embedding
2877,28780,NaN,NaN,NaN,NaN,NaN,NaN,NaN,transformer,embedding
2878,28790,NaN,NaN,NaN,NaN,NaN,NaN,NaN,transformer,embedding
2879,28800,NaN,NaN,NaN,NaN,NaN,NaN,NaN,transformer,embedding
2880,28810,3.9356294223580335e-08,100.0,1.0,0.001,NaN,NaN,NaN,transformer,embedding
2881,28820,NaN,NaN,NaN,NaN,NaN,NaN,NaN,transformer,embedding
2882,28830,NaN,NaN,NaN,NaN,NaN,NaN,NaN,transformer,embedding
2883,28840,NaN,NaN,NaN,NaN,NaN,NaN,NaN,transformer,embedding
2884,28850,NaN,NaN,NaN,NaN,NaN,NaN,NaN,transformer,embedding
2885,28860,NaN,NaN,NaN,NaN,NaN,NaN,NaN,transformer,embedding
2886,28870,NaN,NaN,NaN,NaN,NaN,NaN,NaN,transformer,embedding
2887,28880,NaN,NaN,NaN,NaN,NaN,NaN,NaN,transformer,embedding
2888,28890,NaN,NaN,NaN,NaN,NaN,NaN,NaN,transformer,embedding
2889,28900,NaN,NaN,NaN,NaN,NaN,NaN,NaN,transformer,embedding
2890,28910,NaN,NaN,NaN,NaN,NaN,NaN,NaN,transformer,embedding
2891,28920,NaN,NaN,NaN,NaN,NaN,NaN,NaN,transformer,embedding
2892,28930,NaN,NaN,NaN,NaN,NaN,NaN,NaN,transformer,embedding
2893,28940,NaN,NaN,NaN,NaN,NaN,NaN,NaN,transformer,embedding
2894,28950,NaN,NaN,NaN,NaN,NaN,NaN,NaN,transformer,embedding
2895,28960,NaN,NaN,NaN,NaN,NaN,NaN,NaN,transformer,embedding
2896,28970,NaN,NaN,NaN,NaN,NaN,NaN,NaN,transformer,embedding
2897,28980,NaN,NaN,NaN,NaN,NaN,NaN,NaN,transformer,embedding
2898,28990,NaN,NaN,NaN,NaN,NaN,NaN,NaN,transformer,embedding
2899,29000,NaN,NaN,NaN,NaN,NaN,NaN,NaN,transformer,embedding
2900,29010,NaN,NaN,NaN,NaN,NaN,NaN,NaN,transformer,embedding
2901,29020,NaN,NaN,NaN,NaN,NaN,NaN,NaN,transformer,embedding
2902,29030,NaN,NaN,NaN,NaN,NaN,NaN,NaN,transformer,embedding
2903,29040,NaN,NaN,NaN,NaN,NaN,NaN,NaN,transformer,embedding
2904,29050,NaN,NaN,NaN,NaN,NaN,NaN,NaN,transformer,embedding
2905,29060,NaN,NaN,NaN,NaN,NaN,NaN,NaN,transformer,embedding
2906,29070,NaN,NaN,NaN,NaN,NaN,NaN,NaN,transformer,embedding
2907,29080,NaN,NaN,NaN,NaN,NaN,NaN,NaN,transformer,embedding
2908,29090,3.698680473007698e-08,100.0,1.0,0.001,NaN,NaN,NaN,transformer,embedding
2909,29100,NaN,NaN,NaN,NaN,NaN,NaN,NaN,transformer,embedding
2910,29110,NaN,NaN,NaN,NaN,NaN,NaN,NaN,transformer,embedding
2911,29120,NaN,NaN,NaN,NaN,NaN,NaN,NaN,transformer,embedding
2912,29130,NaN,NaN,NaN,NaN,NaN,NaN,NaN,transformer,embedding
2913,29140,NaN,NaN,NaN,NaN,NaN,NaN,NaN,transformer,embedding
2914,29150,NaN,NaN,NaN,NaN,NaN,NaN,NaN,transformer,embedding
2915,29160,NaN,NaN,NaN,NaN,0.9938730597496033,60.3613166809082,2.7016780376434326,transformer,embedding
2916,29170,NaN,NaN,NaN,NaN,NaN,NaN,NaN,transformer,embedding
2917,29180,NaN,NaN,NaN,NaN,NaN,NaN,NaN,transformer,embedding
2918,29190,NaN,NaN,NaN,NaN,NaN,NaN,NaN,transformer,embedding
2919,29200,NaN,NaN,NaN,NaN,NaN,NaN,NaN,transformer,embedding
2920,29210,NaN,NaN,NaN,NaN,NaN,NaN,NaN,transformer,embedding
2921,29220,NaN,NaN,NaN,NaN,NaN,NaN,NaN,transformer,embedding
2922,29230,NaN,NaN,NaN,NaN,NaN,NaN,NaN,transformer,embedding
2923,29240,NaN,NaN,NaN,NaN,NaN,NaN,NaN,transformer,embedding
2924,29250,NaN,NaN,NaN,NaN,NaN,NaN,NaN,transformer,embedding
2925,29260,NaN,NaN,NaN,NaN,NaN,NaN,NaN,transformer,embedding
2926,29270,NaN,NaN,NaN,NaN,NaN,NaN,NaN,transformer,embedding
2927,29280,NaN,NaN,NaN,NaN,NaN,NaN,NaN,transformer,embedding
2928,29290,NaN,NaN,NaN,NaN,NaN,NaN,NaN,transformer,embedding
2929,29300,NaN,NaN,NaN,NaN,NaN,NaN,NaN,transformer,embedding
2930,29310,NaN,NaN,NaN,NaN,NaN,NaN,NaN,transformer,embedding
2931,29320,NaN,NaN,NaN,NaN,NaN,NaN,NaN,transformer,embedding
2932,29330,NaN,NaN,NaN,NaN,NaN,NaN,NaN,transformer,embedding
2933,29340,NaN,NaN,NaN,NaN,NaN,NaN,NaN,transformer,embedding
2934,29350,NaN,NaN,NaN,NaN,NaN,NaN,NaN,transformer,embedding
2935,29360,NaN,NaN,NaN,NaN,NaN,NaN,NaN,transformer,embedding
2936,29370,NaN,NaN,NaN,NaN,NaN,NaN,NaN,transformer,embedding
2937,29380,3.710084683916648e-08,100.0,1.0,0.001,NaN,NaN,NaN,transformer,embedding
2938,29390,NaN,NaN,NaN,NaN,NaN,NaN,NaN,transformer,embedding
2939,29400,NaN,NaN,NaN,NaN,NaN,NaN,NaN,transformer,embedding
2940,29410,NaN,NaN,NaN,NaN,NaN,NaN,NaN,transformer,embedding
2941,29420,NaN,NaN,NaN,NaN,NaN,NaN,NaN,transformer,embedding
2942,29430,NaN,NaN,NaN,NaN,NaN,NaN,NaN,transformer,embedding
2943,29440,NaN,NaN,NaN,NaN,NaN,NaN,NaN,transformer,embedding
2944,29450,NaN,NaN,NaN,NaN,NaN,NaN,NaN,transformer,embedding
2945,29460,NaN,NaN,NaN,NaN,NaN,NaN,NaN,transformer,embedding
2946,29470,NaN,NaN,NaN,NaN,NaN,NaN,NaN,transformer,embedding
2947,29480,NaN,NaN,NaN,NaN,NaN,NaN,NaN,transformer,embedding
2948,29490,NaN,NaN,NaN,NaN,NaN,NaN,NaN,transformer,embedding
2949,29500,NaN,NaN,NaN,NaN,NaN,NaN,NaN,transformer,embedding
2950,29510,NaN,NaN,NaN,NaN,NaN,NaN,NaN,transformer,embedding
2951,29520,NaN,NaN,NaN,NaN,NaN,NaN,NaN,transformer,embedding
2952,29530,NaN,NaN,NaN,NaN,NaN,NaN,NaN,transformer,embedding
2953,29540,NaN,NaN,NaN,NaN,NaN,NaN,NaN,transformer,embedding
2954,29550,NaN,NaN,NaN,NaN,NaN,NaN,NaN,transformer,embedding
2955,29560,NaN,NaN,NaN,NaN,NaN,NaN,NaN,transformer,embedding
2956,29570,NaN,NaN,NaN,NaN,NaN,NaN,NaN,transformer,embedding
2957,29580,NaN,NaN,NaN,NaN,NaN,NaN,NaN,transformer,embedding
2958,29590,NaN,NaN,NaN,NaN,NaN,NaN,NaN,transformer,embedding
2959,29600,NaN,NaN,NaN,NaN,NaN,NaN,NaN,transformer,embedding
2960,29610,NaN,NaN,NaN,NaN,NaN,NaN,NaN,transformer,embedding
2961,29620,NaN,NaN,NaN,NaN,NaN,NaN,NaN,transformer,embedding
2962,29630,NaN,NaN,NaN,NaN,NaN,NaN,NaN,transformer,embedding
2963,29640,NaN,NaN,NaN,NaN,NaN,NaN,NaN,transformer,embedding
2964,29650,NaN,NaN,NaN,NaN,NaN,NaN,NaN,transformer,embedding
2965,29660,NaN,NaN,NaN,NaN,NaN,NaN,NaN,transformer,embedding
2966,29670,3.625188682576663e-08,100.0,1.0,0.001,NaN,NaN,NaN,transformer,embedding
2967,29680,NaN,NaN,NaN,NaN,NaN,NaN,NaN,transformer,embedding
2968,29690,NaN,NaN,NaN,NaN,NaN,NaN,NaN,transformer,embedding
2969,29700,NaN,NaN,NaN,NaN,NaN,NaN,NaN,transformer,embedding
2970,29710,NaN,NaN,NaN,NaN,NaN,NaN,NaN,transformer,embedding
2971,29720,NaN,NaN,NaN,NaN,NaN,NaN,NaN,transformer,embedding
2972,29730,NaN,NaN,NaN,NaN,NaN,NaN,NaN,transformer,embedding
2973,29740,NaN,NaN,NaN,NaN,1.054747462272644,59.31986999511719,2.8712499141693115,transformer,embedding
2974,29750,NaN,NaN,NaN,NaN,NaN,NaN,NaN,transformer,embedding
2975,29760,NaN,NaN,NaN,NaN,NaN,NaN,NaN,transformer,embedding
2976,29770,NaN,NaN,NaN,NaN,NaN,NaN,NaN,transformer,embedding
2977,29780,NaN,NaN,NaN,NaN,NaN,NaN,NaN,transformer,embedding
2978,29790,NaN,NaN,NaN,NaN,NaN,NaN,NaN,transformer,embedding
2979,29800,NaN,NaN,NaN,NaN,NaN,NaN,NaN,transformer,embedding
2980,29810,NaN,NaN,NaN,NaN,NaN,NaN,NaN,transformer,embedding
2981,29820,NaN,NaN,NaN,NaN,NaN,NaN,NaN,transformer,embedding
2982,29830,NaN,NaN,NaN,NaN,NaN,NaN,NaN,transformer,embedding
2983,29840,NaN,NaN,NaN,NaN,NaN,NaN,NaN,transformer,embedding
2984,29850,NaN,NaN,NaN,NaN,NaN,NaN,NaN,transformer,embedding
2985,29860,NaN,NaN,NaN,NaN,NaN,NaN,NaN,transformer,embedding
2986,29870,NaN,NaN,NaN,NaN,NaN,NaN,NaN,transformer,embedding
2987,29880,NaN,NaN,NaN,NaN,NaN,NaN,NaN,transformer,embedding
2988,29890,NaN,NaN,NaN,NaN,NaN,NaN,NaN,transformer,embedding
2989,29900,NaN,NaN,NaN,NaN,NaN,NaN,NaN,transformer,embedding
2990,29910,NaN,NaN,NaN,NaN,NaN,NaN,NaN,transformer,embedding
2991,29920,NaN,NaN,NaN,NaN,NaN,NaN,NaN,transformer,embedding
2992,29930,NaN,NaN,NaN,NaN,NaN,NaN,NaN,transformer,embedding
2993,29940,NaN,NaN,NaN,NaN,NaN,NaN,NaN,transformer,embedding
2994,29950,NaN,NaN,NaN,NaN,NaN,NaN,NaN,transformer,embedding
2995,29960,3.6530650504573714e-08,100.0,1.0,0.001,NaN,NaN,NaN,transformer,embedding
2996,29970,NaN,NaN,NaN,NaN,NaN,NaN,NaN,transformer,embedding
2997,29980,NaN,NaN,NaN,NaN,NaN,NaN,NaN,transformer,embedding
2998,29990,NaN,NaN,NaN,NaN,NaN,NaN,NaN,transformer,embedding
2999,30000,NaN,NaN,NaN,NaN,NaN,NaN,NaN,transformer,embedding
3000,30010,NaN,NaN,NaN,NaN,NaN,NaN,NaN,transformer,embedding
3001,30020,NaN,NaN,NaN,NaN,NaN,NaN,NaN,transformer,embedding
3002,30030,NaN,NaN,NaN,NaN,NaN,NaN,NaN,transformer,embedding
3003,30040,NaN,NaN,NaN,NaN,NaN,NaN,NaN,transformer,embedding
3004,30050,NaN,NaN,NaN,NaN,NaN,NaN,NaN,transformer,embedding
3005,30060,NaN,NaN,NaN,NaN,NaN,NaN,NaN,transformer,embedding
3006,30070,NaN,NaN,NaN,NaN,NaN,NaN,NaN,transformer,embedding
3007,30080,NaN,NaN,NaN,NaN,NaN,NaN,NaN,transformer,embedding
3008,30090,NaN,NaN,NaN,NaN,NaN,NaN,NaN,transformer,embedding
3009,30100,NaN,NaN,NaN,NaN,NaN,NaN,NaN,transformer,embedding
3010,30110,NaN,NaN,NaN,NaN,NaN,NaN,NaN,transformer,embedding
3011,30120,NaN,NaN,NaN,NaN,NaN,NaN,NaN,transformer,embedding
3012,30130,NaN,NaN,NaN,NaN,NaN,NaN,NaN,transformer,embedding
3013,30140,NaN,NaN,NaN,NaN,NaN,NaN,NaN,transformer,embedding
3014,30150,NaN,NaN,NaN,NaN,NaN,NaN,NaN,transformer,embedding
3015,30160,NaN,NaN,NaN,NaN,NaN,NaN,NaN,transformer,embedding
3016,30170,NaN,NaN,NaN,NaN,NaN,NaN,NaN,transformer,embedding
3017,30180,NaN,NaN,NaN,NaN,NaN,NaN,NaN,transformer,embedding
3018,30190,NaN,NaN,NaN,NaN,NaN,NaN,NaN,transformer,embedding
3019,30200,NaN,NaN,NaN,NaN,NaN,NaN,NaN,transformer,embedding
3020,30210,NaN,NaN,NaN,NaN,NaN,NaN,NaN,transformer,embedding
3021,30220,NaN,NaN,NaN,NaN,NaN,NaN,NaN,transformer,embedding
3022,30230,NaN,NaN,NaN,NaN,NaN,NaN,NaN,transformer,embedding
3023,30240,NaN,NaN,NaN,NaN,NaN,NaN,NaN,transformer,embedding
3024,30250,3.892547795203427e-08,100.0,1.0,0.001,NaN,NaN,NaN,transformer,embedding
3025,30260,NaN,NaN,NaN,NaN,NaN,NaN,NaN,transformer,embedding
3026,30270,NaN,NaN,NaN,NaN,NaN,NaN,NaN,transformer,embedding
3027,30280,NaN,NaN,NaN,NaN,NaN,NaN,NaN,transformer,embedding
3028,30290,NaN,NaN,NaN,NaN,NaN,NaN,NaN,transformer,embedding
3029,30300,NaN,NaN,NaN,NaN,NaN,NaN,NaN,transformer,embedding
3030,30310,NaN,NaN,NaN,NaN,NaN,NaN,NaN,transformer,embedding
3031,30320,NaN,NaN,NaN,NaN,NaN,NaN,NaN,transformer,embedding
3032,30330,NaN,NaN,NaN,NaN,1.024108648300171,59.63867950439453,2.7846121788024902,transformer,embedding
3033,30340,NaN,NaN,NaN,NaN,NaN,NaN,NaN,transformer,embedding
3034,30350,NaN,NaN,NaN,NaN,NaN,NaN,NaN,transformer,embedding
3035,30360,NaN,NaN,NaN,NaN,NaN,NaN,NaN,transformer,embedding
3036,30370,NaN,NaN,NaN,NaN,NaN,NaN,NaN,transformer,embedding
3037,30380,NaN,NaN,NaN,NaN,NaN,NaN,NaN,transformer,embedding
3038,30390,NaN,NaN,NaN,NaN,NaN,NaN,NaN,transformer,embedding
3039,30400,NaN,NaN,NaN,NaN,NaN,NaN,NaN,transformer,embedding
3040,30410,NaN,NaN,NaN,NaN,NaN,NaN,NaN,transformer,embedding
3041,30420,NaN,NaN,NaN,NaN,NaN,NaN,NaN,transformer,embedding
3042,30430,NaN,NaN,NaN,NaN,NaN,NaN,NaN,transformer,embedding
3043,30440,NaN,NaN,NaN,NaN,NaN,NaN,NaN,transformer,embedding
3044,30450,NaN,NaN,NaN,NaN,NaN,NaN,NaN,transformer,embedding
3045,30460,NaN,NaN,NaN,NaN,NaN,NaN,NaN,transformer,embedding
3046,30470,NaN,NaN,NaN,NaN,NaN,NaN,NaN,transformer,embedding
3047,30480,NaN,NaN,NaN,NaN,NaN,NaN,NaN,transformer,embedding
3048,30490,NaN,NaN,NaN,NaN,NaN,NaN,NaN,transformer,embedding
3049,30500,NaN,NaN,NaN,NaN,NaN,NaN,NaN,transformer,embedding
3050,30510,NaN,NaN,NaN,NaN,NaN,NaN,NaN,transformer,embedding
3051,30520,NaN,NaN,NaN,NaN,NaN,NaN,NaN,transformer,embedding
3052,30530,NaN,NaN,NaN,NaN,NaN,NaN,NaN,transformer,embedding
3053,30540,NaN,NaN,NaN,NaN,NaN,NaN,NaN,transformer,embedding
3054,30550,3.502279355416249e-08,100.0,1.0,0.001,NaN,NaN,NaN,transformer,embedding
3055,30560,NaN,NaN,NaN,NaN,NaN,NaN,NaN,transformer,embedding
3056,30570,NaN,NaN,NaN,NaN,NaN,NaN,NaN,transformer,embedding
3057,30580,NaN,NaN,NaN,NaN,NaN,NaN,NaN,transformer,embedding
3058,30590,NaN,NaN,NaN,NaN,NaN,NaN,NaN,transformer,embedding
3059,30600,NaN,NaN,NaN,NaN,NaN,NaN,NaN,transformer,embedding
3060,30610,NaN,NaN,NaN,NaN,NaN,NaN,NaN,transformer,embedding
3061,30620,NaN,NaN,NaN,NaN,NaN,NaN,NaN,transformer,embedding
3062,30630,NaN,NaN,NaN,NaN,NaN,NaN,NaN,transformer,embedding
3063,30640,NaN,NaN,NaN,NaN,NaN,NaN,NaN,transformer,embedding
3064,30650,NaN,NaN,NaN,NaN,NaN,NaN,NaN,transformer,embedding
3065,30660,NaN,NaN,NaN,NaN,NaN,NaN,NaN,transformer,embedding
3066,30670,NaN,NaN,NaN,NaN,NaN,NaN,NaN,transformer,embedding
3067,30680,NaN,NaN,NaN,NaN,NaN,NaN,NaN,transformer,embedding
3068,30690,NaN,NaN,NaN,NaN,NaN,NaN,NaN,transformer,embedding
3069,30700,NaN,NaN,NaN,NaN,NaN,NaN,NaN,transformer,embedding
3070,30710,NaN,NaN,NaN,NaN,NaN,NaN,NaN,transformer,embedding
3071,30720,NaN,NaN,NaN,NaN,NaN,NaN,NaN,transformer,embedding
3072,30730,NaN,NaN,NaN,NaN,NaN,NaN,NaN,transformer,embedding
3073,30740,NaN,NaN,NaN,NaN,NaN,NaN,NaN,transformer,embedding
3074,30750,NaN,NaN,NaN,NaN,NaN,NaN,NaN,transformer,embedding
3075,30760,NaN,NaN,NaN,NaN,NaN,NaN,NaN,transformer,embedding
3076,30770,NaN,NaN,NaN,NaN,NaN,NaN,NaN,transformer,embedding
3077,30780,NaN,NaN,NaN,NaN,NaN,NaN,NaN,transformer,embedding
3078,30790,NaN,NaN,NaN,NaN,NaN,NaN,NaN,transformer,embedding
3079,30800,NaN,NaN,NaN,NaN,NaN,NaN,NaN,transformer,embedding
3080,30810,NaN,NaN,NaN,NaN,NaN,NaN,NaN,transformer,embedding
3081,30820,NaN,NaN,NaN,NaN,NaN,NaN,NaN,transformer,embedding
3082,30830,NaN,NaN,NaN,NaN,NaN,NaN,NaN,transformer,embedding
3083,30840,NaN,NaN,NaN,NaN,NaN,NaN,NaN,transformer,embedding
3084,30850,3.56436764548107e-08,100.0,1.0,0.001,NaN,NaN,NaN,transformer,embedding
3085,30860,NaN,NaN,NaN,NaN,NaN,NaN,NaN,transformer,embedding
3086,30870,NaN,NaN,NaN,NaN,NaN,NaN,NaN,transformer,embedding
3087,30880,NaN,NaN,NaN,NaN,NaN,NaN,NaN,transformer,embedding
3088,30890,NaN,NaN,NaN,NaN,NaN,NaN,NaN,transformer,embedding
3089,30900,NaN,NaN,NaN,NaN,NaN,NaN,NaN,transformer,embedding
3090,30910,NaN,NaN,NaN,NaN,NaN,NaN,NaN,transformer,embedding
3091,30920,NaN,NaN,NaN,NaN,NaN,NaN,NaN,transformer,embedding
3092,30930,NaN,NaN,NaN,NaN,1.0267219543457031,59.213600158691406,2.7918989658355713,transformer,embedding
3093,30940,NaN,NaN,NaN,NaN,NaN,NaN,NaN,transformer,embedding
3094,30950,NaN,NaN,NaN,NaN,NaN,NaN,NaN,transformer,embedding
3095,30960,NaN,NaN,NaN,NaN,NaN,NaN,NaN,transformer,embedding
3096,30970,NaN,NaN,NaN,NaN,NaN,NaN,NaN,transformer,embedding
3097,30980,NaN,NaN,NaN,NaN,NaN,NaN,NaN,transformer,embedding
3098,30990,NaN,NaN,NaN,NaN,NaN,NaN,NaN,transformer,embedding
3099,31000,NaN,NaN,NaN,NaN,NaN,NaN,NaN,transformer,embedding
3100,31010,NaN,NaN,NaN,NaN,NaN,NaN,NaN,transformer,embedding
3101,31020,NaN,NaN,NaN,NaN,NaN,NaN,NaN,transformer,embedding
3102,31030,NaN,NaN,NaN,NaN,NaN,NaN,NaN,transformer,embedding
3103,31040,NaN,NaN,NaN,NaN,NaN,NaN,NaN,transformer,embedding
3104,31050,NaN,NaN,NaN,NaN,NaN,NaN,NaN,transformer,embedding
3105,31060,NaN,NaN,NaN,NaN,NaN,NaN,NaN,transformer,embedding
3106,31070,NaN,NaN,NaN,NaN,NaN,NaN,NaN,transformer,embedding
3107,31080,NaN,NaN,NaN,NaN,NaN,NaN,NaN,transformer,embedding
3108,31090,NaN,NaN,NaN,NaN,NaN,NaN,NaN,transformer,embedding
3109,31100,NaN,NaN,NaN,NaN,NaN,NaN,NaN,transformer,embedding
3110,31110,NaN,NaN,NaN,NaN,NaN,NaN,NaN,transformer,embedding
3111,31120,NaN,NaN,NaN,NaN,NaN,NaN,NaN,transformer,embedding
3112,31130,NaN,NaN,NaN,NaN,NaN,NaN,NaN,transformer,embedding
3113,31140,NaN,NaN,NaN,NaN,NaN,NaN,NaN,transformer,embedding
3114,31150,3.293206773946622e-08,100.0,1.0,0.001,NaN,NaN,NaN,transformer,embedding
3115,31160,NaN,NaN,NaN,NaN,NaN,NaN,NaN,transformer,embedding
3116,31170,NaN,NaN,NaN,NaN,NaN,NaN,NaN,transformer,embedding
3117,31180,NaN,NaN,NaN,NaN,NaN,NaN,NaN,transformer,embedding
3118,31190,NaN,NaN,NaN,NaN,NaN,NaN,NaN,transformer,embedding
3119,31200,NaN,NaN,NaN,NaN,NaN,NaN,NaN,transformer,embedding
3120,31210,NaN,NaN,NaN,NaN,NaN,NaN,NaN,transformer,embedding
3121,31220,NaN,NaN,NaN,NaN,NaN,NaN,NaN,transformer,embedding
3122,31230,NaN,NaN,NaN,NaN,NaN,NaN,NaN,transformer,embedding
3123,31240,NaN,NaN,NaN,NaN,NaN,NaN,NaN,transformer,embedding
3124,31250,NaN,NaN,NaN,NaN,NaN,NaN,NaN,transformer,embedding
3125,31260,NaN,NaN,NaN,NaN,NaN,NaN,NaN,transformer,embedding
3126,31270,NaN,NaN,NaN,NaN,NaN,NaN,NaN,transformer,embedding
3127,31280,NaN,NaN,NaN,NaN,NaN,NaN,NaN,transformer,embedding
3128,31290,NaN,NaN,NaN,NaN,NaN,NaN,NaN,transformer,embedding
3129,31300,NaN,NaN,NaN,NaN,NaN,NaN,NaN,transformer,embedding
3130,31310,NaN,NaN,NaN,NaN,NaN,NaN,NaN,transformer,embedding
3131,31320,NaN,NaN,NaN,NaN,NaN,NaN,NaN,transformer,embedding
3132,31330,NaN,NaN,NaN,NaN,NaN,NaN,NaN,transformer,embedding
3133,31340,NaN,NaN,NaN,NaN,NaN,NaN,NaN,transformer,embedding
3134,31350,NaN,NaN,NaN,NaN,NaN,NaN,NaN,transformer,embedding
3135,31360,NaN,NaN,NaN,NaN,NaN,NaN,NaN,transformer,embedding
3136,31370,NaN,NaN,NaN,NaN,NaN,NaN,NaN,transformer,embedding
3137,31380,NaN,NaN,NaN,NaN,NaN,NaN,NaN,transformer,embedding
3138,31390,NaN,NaN,NaN,NaN,NaN,NaN,NaN,transformer,embedding
3139,31400,NaN,NaN,NaN,NaN,NaN,NaN,NaN,transformer,embedding
3140,31410,NaN,NaN,NaN,NaN,NaN,NaN,NaN,transformer,embedding
3141,31420,NaN,NaN,NaN,NaN,NaN,NaN,NaN,transformer,embedding
3142,31430,NaN,NaN,NaN,NaN,NaN,NaN,NaN,transformer,embedding
3143,31440,NaN,NaN,NaN,NaN,NaN,NaN,NaN,transformer,embedding
3144,31450,NaN,NaN,NaN,NaN,NaN,NaN,NaN,transformer,embedding
3145,31460,0.02070564590394497,98.91581726074219,1.0209214687347412,0.001,NaN,NaN,NaN,transformer,embedding
3146,31470,NaN,NaN,NaN,NaN,NaN,NaN,NaN,transformer,embedding
3147,31480,NaN,NaN,NaN,NaN,NaN,NaN,NaN,transformer,embedding
3148,31490,NaN,NaN,NaN,NaN,NaN,NaN,NaN,transformer,embedding
3149,31500,NaN,NaN,NaN,NaN,NaN,NaN,NaN,transformer,embedding
3150,31510,NaN,NaN,NaN,NaN,NaN,NaN,NaN,transformer,embedding
3151,31520,NaN,NaN,NaN,NaN,NaN,NaN,NaN,transformer,embedding
3152,31530,NaN,NaN,NaN,NaN,NaN,NaN,NaN,transformer,embedding
3153,31540,NaN,NaN,NaN,NaN,2.5098843574523926,52.794898986816406,12.303506851196289,transformer,embedding
3154,31550,NaN,NaN,NaN,NaN,NaN,NaN,NaN,transformer,embedding
3155,31560,NaN,NaN,NaN,NaN,NaN,NaN,NaN,transformer,embedding
3156,31570,NaN,NaN,NaN,NaN,NaN,NaN,NaN,transformer,embedding
3157,31580,NaN,NaN,NaN,NaN,NaN,NaN,NaN,transformer,embedding
3158,31590,NaN,NaN,NaN,NaN,NaN,NaN,NaN,transformer,embedding
3159,31600,NaN,NaN,NaN,NaN,NaN,NaN,NaN,transformer,embedding
3160,31610,NaN,NaN,NaN,NaN,NaN,NaN,NaN,transformer,embedding
3161,31620,NaN,NaN,NaN,NaN,NaN,NaN,NaN,transformer,embedding
3162,31630,NaN,NaN,NaN,NaN,NaN,NaN,NaN,transformer,embedding
3163,31640,NaN,NaN,NaN,NaN,NaN,NaN,NaN,transformer,embedding
3164,31650,NaN,NaN,NaN,NaN,NaN,NaN,NaN,transformer,embedding
3165,31660,NaN,NaN,NaN,NaN,NaN,NaN,NaN,transformer,embedding
3166,31670,NaN,NaN,NaN,NaN,NaN,NaN,NaN,transformer,embedding
3167,31680,NaN,NaN,NaN,NaN,NaN,NaN,NaN,transformer,embedding
3168,31690,NaN,NaN,NaN,NaN,NaN,NaN,NaN,transformer,embedding
3169,31700,NaN,NaN,NaN,NaN,NaN,NaN,NaN,transformer,embedding
3170,31710,NaN,NaN,NaN,NaN,NaN,NaN,NaN,transformer,embedding
3171,31720,NaN,NaN,NaN,NaN,NaN,NaN,NaN,transformer,embedding
3172,31730,NaN,NaN,NaN,NaN,NaN,NaN,NaN,transformer,embedding
3173,31740,NaN,NaN,NaN,NaN,NaN,NaN,NaN,transformer,embedding
3174,31750,NaN,NaN,NaN,NaN,NaN,NaN,NaN,transformer,embedding
3175,31760,NaN,NaN,NaN,NaN,NaN,NaN,NaN,transformer,embedding
3176,31770,0.02426140196621418,98.76700592041016,1.0245580673217773,0.001,NaN,NaN,NaN,transformer,embedding
3177,31780,NaN,NaN,NaN,NaN,NaN,NaN,NaN,transformer,embedding
3178,31790,NaN,NaN,NaN,NaN,NaN,NaN,NaN,transformer,embedding
3179,31800,NaN,NaN,NaN,NaN,NaN,NaN,NaN,transformer,embedding
3180,31810,NaN,NaN,NaN,NaN,NaN,NaN,NaN,transformer,embedding
3181,31820,NaN,NaN,NaN,NaN,NaN,NaN,NaN,transformer,embedding
3182,31830,NaN,NaN,NaN,NaN,NaN,NaN,NaN,transformer,embedding
3183,31840,NaN,NaN,NaN,NaN,NaN,NaN,NaN,transformer,embedding
3184,31850,NaN,NaN,NaN,NaN,NaN,NaN,NaN,transformer,embedding
3185,31860,NaN,NaN,NaN,NaN,NaN,NaN,NaN,transformer,embedding
3186,31870,NaN,NaN,NaN,NaN,NaN,NaN,NaN,transformer,embedding
3187,31880,NaN,NaN,NaN,NaN,NaN,NaN,NaN,transformer,embedding
3188,31890,NaN,NaN,NaN,NaN,NaN,NaN,NaN,transformer,embedding
3189,31900,NaN,NaN,NaN,NaN,NaN,NaN,NaN,transformer,embedding
3190,31910,NaN,NaN,NaN,NaN,NaN,NaN,NaN,transformer,embedding
3191,31920,NaN,NaN,NaN,NaN,NaN,NaN,NaN,transformer,embedding
3192,31930,NaN,NaN,NaN,NaN,NaN,NaN,NaN,transformer,embedding
3193,31940,NaN,NaN,NaN,NaN,NaN,NaN,NaN,transformer,embedding
3194,31950,NaN,NaN,NaN,NaN,NaN,NaN,NaN,transformer,embedding
3195,31960,NaN,NaN,NaN,NaN,NaN,NaN,NaN,transformer,embedding
3196,31970,NaN,NaN,NaN,NaN,NaN,NaN,NaN,transformer,embedding
3197,31980,NaN,NaN,NaN,NaN,NaN,NaN,NaN,transformer,embedding
3198,31990,NaN,NaN,NaN,NaN,NaN,NaN,NaN,transformer,embedding
3199,32000,NaN,NaN,NaN,NaN,NaN,NaN,NaN,transformer,embedding
3200,32010,NaN,NaN,NaN,NaN,NaN,NaN,NaN,transformer,embedding
3201,32020,NaN,NaN,NaN,NaN,NaN,NaN,NaN,transformer,embedding
3202,32030,NaN,NaN,NaN,NaN,NaN,NaN,NaN,transformer,embedding
3203,32040,NaN,NaN,NaN,NaN,NaN,NaN,NaN,transformer,embedding
3204,32050,NaN,NaN,NaN,NaN,NaN,NaN,NaN,transformer,embedding
3205,32060,NaN,NaN,NaN,NaN,NaN,NaN,NaN,transformer,embedding
3206,32070,NaN,NaN,NaN,NaN,NaN,NaN,NaN,transformer,embedding
3207,32080,0.009540945291519165,99.34098052978516,1.0095865726470947,0.001,NaN,NaN,NaN,transformer,embedding
3208,32090,NaN,NaN,NaN,NaN,NaN,NaN,NaN,transformer,embedding
3209,32100,NaN,NaN,NaN,NaN,NaN,NaN,NaN,transformer,embedding
3210,32110,NaN,NaN,NaN,NaN,NaN,NaN,NaN,transformer,embedding
3211,32120,NaN,NaN,NaN,NaN,NaN,NaN,NaN,transformer,embedding
3212,32130,NaN,NaN,NaN,NaN,NaN,NaN,NaN,transformer,embedding
3213,32140,NaN,NaN,NaN,NaN,NaN,NaN,NaN,transformer,embedding
3214,32150,NaN,NaN,NaN,NaN,NaN,NaN,NaN,transformer,embedding
3215,32160,NaN,NaN,NaN,NaN,NaN,NaN,NaN,transformer,embedding
3216,32170,NaN,NaN,NaN,NaN,1.17085599899292,69.2879867553711,3.2247519493103027,transformer,embedding
3217,32180,NaN,NaN,NaN,NaN,NaN,NaN,NaN,transformer,embedding
3218,32190,NaN,NaN,NaN,NaN,NaN,NaN,NaN,transformer,embedding
3219,32200,NaN,NaN,NaN,NaN,NaN,NaN,NaN,transformer,embedding
3220,32210,NaN,NaN,NaN,NaN,NaN,NaN,NaN,transformer,embedding
3221,32220,NaN,NaN,NaN,NaN,NaN,NaN,NaN,transformer,embedding
3222,32230,NaN,NaN,NaN,NaN,NaN,NaN,NaN,transformer,embedding
3223,32240,NaN,NaN,NaN,NaN,NaN,NaN,NaN,transformer,embedding
3224,32250,NaN,NaN,NaN,NaN,NaN,NaN,NaN,transformer,embedding
3225,32260,NaN,NaN,NaN,NaN,NaN,NaN,NaN,transformer,embedding
3226,32270,NaN,NaN,NaN,NaN,NaN,NaN,NaN,transformer,embedding
3227,32280,NaN,NaN,NaN,NaN,NaN,NaN,NaN,transformer,embedding
3228,32290,NaN,NaN,NaN,NaN,NaN,NaN,NaN,transformer,embedding
3229,32300,NaN,NaN,NaN,NaN,NaN,NaN,NaN,transformer,embedding
3230,32310,NaN,NaN,NaN,NaN,NaN,NaN,NaN,transformer,embedding
3231,32320,NaN,NaN,NaN,NaN,NaN,NaN,NaN,transformer,embedding
3232,32330,NaN,NaN,NaN,NaN,NaN,NaN,NaN,transformer,embedding
3233,32340,NaN,NaN,NaN,NaN,NaN,NaN,NaN,transformer,embedding
3234,32350,NaN,NaN,NaN,NaN,NaN,NaN,NaN,transformer,embedding
3235,32360,NaN,NaN,NaN,NaN,NaN,NaN,NaN,transformer,embedding
3236,32370,NaN,NaN,NaN,NaN,NaN,NaN,NaN,transformer,embedding
3237,32380,NaN,NaN,NaN,NaN,NaN,NaN,NaN,transformer,embedding
3238,32390,NaN,NaN,NaN,NaN,NaN,NaN,NaN,transformer,embedding
3239,32400,0.016643712297081947,99.04336547851562,1.0167829990386963,0.001,NaN,NaN,NaN,transformer,embedding
3240,32410,NaN,NaN,NaN,NaN,NaN,NaN,NaN,transformer,embedding
3241,32420,NaN,NaN,NaN,NaN,NaN,NaN,NaN,transformer,embedding
3242,32430,NaN,NaN,NaN,NaN,NaN,NaN,NaN,transformer,embedding
3243,32440,NaN,NaN,NaN,NaN,NaN,NaN,NaN,transformer,embedding
3244,32450,NaN,NaN,NaN,NaN,NaN,NaN,NaN,transformer,embedding
3245,32460,NaN,NaN,NaN,NaN,NaN,NaN,NaN,transformer,embedding
3246,32470,NaN,NaN,NaN,NaN,NaN,NaN,NaN,transformer,embedding
3247,32480,NaN,NaN,NaN,NaN,NaN,NaN,NaN,transformer,embedding
3248,32490,NaN,NaN,NaN,NaN,NaN,NaN,NaN,transformer,embedding
3249,32500,NaN,NaN,NaN,NaN,NaN,NaN,NaN,transformer,embedding
3250,32510,NaN,NaN,NaN,NaN,NaN,NaN,NaN,transformer,embedding
3251,32520,NaN,NaN,NaN,NaN,NaN,NaN,NaN,transformer,embedding
3252,32530,NaN,NaN,NaN,NaN,NaN,NaN,NaN,transformer,embedding
3253,32540,NaN,NaN,NaN,NaN,NaN,NaN,NaN,transformer,embedding
3254,32550,NaN,NaN,NaN,NaN,NaN,NaN,NaN,transformer,embedding
3255,32560,NaN,NaN,NaN,NaN,NaN,NaN,NaN,transformer,embedding
3256,32570,NaN,NaN,NaN,NaN,NaN,NaN,NaN,transformer,embedding
3257,32580,NaN,NaN,NaN,NaN,NaN,NaN,NaN,transformer,embedding
3258,32590,NaN,NaN,NaN,NaN,NaN,NaN,NaN,transformer,embedding
3259,32600,NaN,NaN,NaN,NaN,NaN,NaN,NaN,transformer,embedding
3260,32610,NaN,NaN,NaN,NaN,NaN,NaN,NaN,transformer,embedding
3261,32620,NaN,NaN,NaN,NaN,NaN,NaN,NaN,transformer,embedding
3262,32630,NaN,NaN,NaN,NaN,NaN,NaN,NaN,transformer,embedding
3263,32640,NaN,NaN,NaN,NaN,NaN,NaN,NaN,transformer,embedding
3264,32650,NaN,NaN,NaN,NaN,NaN,NaN,NaN,transformer,embedding
3265,32660,NaN,NaN,NaN,NaN,NaN,NaN,NaN,transformer,embedding
3266,32670,NaN,NaN,NaN,NaN,NaN,NaN,NaN,transformer,embedding
3267,32680,NaN,NaN,NaN,NaN,NaN,NaN,NaN,transformer,embedding
3268,32690,NaN,NaN,NaN,NaN,NaN,NaN,NaN,transformer,embedding
3269,32700,NaN,NaN,NaN,NaN,NaN,NaN,NaN,transformer,embedding
3270,32710,NaN,NaN,NaN,NaN,NaN,NaN,NaN,transformer,embedding
3271,32720,0.01113265473395586,99.3197250366211,1.0111948251724243,0.001,NaN,NaN,NaN,transformer,embedding
3272,32730,NaN,NaN,NaN,NaN,NaN,NaN,NaN,transformer,embedding
3273,32740,NaN,NaN,NaN,NaN,NaN,NaN,NaN,transformer,embedding
3274,32750,NaN,NaN,NaN,NaN,NaN,NaN,NaN,transformer,embedding
3275,32760,NaN,NaN,NaN,NaN,NaN,NaN,NaN,transformer,embedding
3276,32770,NaN,NaN,NaN,NaN,NaN,NaN,NaN,transformer,embedding
3277,32780,NaN,NaN,NaN,NaN,NaN,NaN,NaN,transformer,embedding
3278,32790,NaN,NaN,NaN,NaN,NaN,NaN,NaN,transformer,embedding
3279,32800,NaN,NaN,NaN,NaN,NaN,NaN,NaN,transformer,embedding
3280,32810,NaN,NaN,NaN,NaN,0.6648313403129578,77.98087310791016,1.9441626071929932,transformer,embedding
3281,32820,NaN,NaN,NaN,NaN,NaN,NaN,NaN,transformer,embedding
3282,32830,NaN,NaN,NaN,NaN,NaN,NaN,NaN,transformer,embedding
3283,32840,NaN,NaN,NaN,NaN,NaN,NaN,NaN,transformer,embedding
3284,32850,NaN,NaN,NaN,NaN,NaN,NaN,NaN,transformer,embedding
3285,32860,NaN,NaN,NaN,NaN,NaN,NaN,NaN,transformer,embedding
3286,32870,NaN,NaN,NaN,NaN,NaN,NaN,NaN,transformer,embedding
3287,32880,NaN,NaN,NaN,NaN,NaN,NaN,NaN,transformer,embedding
3288,32890,NaN,NaN,NaN,NaN,NaN,NaN,NaN,transformer,embedding
3289,32900,NaN,NaN,NaN,NaN,NaN,NaN,NaN,transformer,embedding
3290,32910,NaN,NaN,NaN,NaN,NaN,NaN,NaN,transformer,embedding
3291,32920,NaN,NaN,NaN,NaN,NaN,NaN,NaN,transformer,embedding
3292,32930,NaN,NaN,NaN,NaN,NaN,NaN,NaN,transformer,embedding
3293,32940,NaN,NaN,NaN,NaN,NaN,NaN,NaN,transformer,embedding
3294,32950,NaN,NaN,NaN,NaN,NaN,NaN,NaN,transformer,embedding
3295,32960,NaN,NaN,NaN,NaN,NaN,NaN,NaN,transformer,embedding
3296,32970,NaN,NaN,NaN,NaN,NaN,NaN,NaN,transformer,embedding
3297,32980,NaN,NaN,NaN,NaN,NaN,NaN,NaN,transformer,embedding
3298,32990,NaN,NaN,NaN,NaN,NaN,NaN,NaN,transformer,embedding
3299,33000,NaN,NaN,NaN,NaN,NaN,NaN,NaN,transformer,embedding
3300,33010,NaN,NaN,NaN,NaN,NaN,NaN,NaN,transformer,embedding
3301,33020,NaN,NaN,NaN,NaN,NaN,NaN,NaN,transformer,embedding
3302,33030,NaN,NaN,NaN,NaN,NaN,NaN,NaN,transformer,embedding
3303,33040,1.8470285567673272e-06,100.0,1.0000017881393433,0.001,NaN,NaN,NaN,transformer,embedding
3304,33050,NaN,NaN,NaN,NaN,NaN,NaN,NaN,transformer,embedding
3305,33060,NaN,NaN,NaN,NaN,NaN,NaN,NaN,transformer,embedding
3306,33070,NaN,NaN,NaN,NaN,NaN,NaN,NaN,transformer,embedding
3307,33080,NaN,NaN,NaN,NaN,NaN,NaN,NaN,transformer,embedding
3308,33090,NaN,NaN,NaN,NaN,NaN,NaN,NaN,transformer,embedding
3309,33100,NaN,NaN,NaN,NaN,NaN,NaN,NaN,transformer,embedding
3310,33110,NaN,NaN,NaN,NaN,NaN,NaN,NaN,transformer,embedding
3311,33120,NaN,NaN,NaN,NaN,NaN,NaN,NaN,transformer,embedding
3312,33130,NaN,NaN,NaN,NaN,NaN,NaN,NaN,transformer,embedding
3313,33140,NaN,NaN,NaN,NaN,NaN,NaN,NaN,transformer,embedding
3314,33150,NaN,NaN,NaN,NaN,NaN,NaN,NaN,transformer,embedding
3315,33160,NaN,NaN,NaN,NaN,NaN,NaN,NaN,transformer,embedding
3316,33170,NaN,NaN,NaN,NaN,NaN,NaN,NaN,transformer,embedding
3317,33180,NaN,NaN,NaN,NaN,NaN,NaN,NaN,transformer,embedding
3318,33190,NaN,NaN,NaN,NaN,NaN,NaN,NaN,transformer,embedding
3319,33200,NaN,NaN,NaN,NaN,NaN,NaN,NaN,transformer,embedding
3320,33210,NaN,NaN,NaN,NaN,NaN,NaN,NaN,transformer,embedding
3321,33220,NaN,NaN,NaN,NaN,NaN,NaN,NaN,transformer,embedding
3322,33230,NaN,NaN,NaN,NaN,NaN,NaN,NaN,transformer,embedding
3323,33240,NaN,NaN,NaN,NaN,NaN,NaN,NaN,transformer,embedding
3324,33250,NaN,NaN,NaN,NaN,NaN,NaN,NaN,transformer,embedding
3325,33260,NaN,NaN,NaN,NaN,NaN,NaN,NaN,transformer,embedding
3326,33270,NaN,NaN,NaN,NaN,NaN,NaN,NaN,transformer,embedding
3327,33280,NaN,NaN,NaN,NaN,NaN,NaN,NaN,transformer,embedding
3328,33290,NaN,NaN,NaN,NaN,NaN,NaN,NaN,transformer,embedding
3329,33300,NaN,NaN,NaN,NaN,NaN,NaN,NaN,transformer,embedding
3330,33310,NaN,NaN,NaN,NaN,NaN,NaN,NaN,transformer,embedding
3331,33320,NaN,NaN,NaN,NaN,NaN,NaN,NaN,transformer,embedding
3332,33330,NaN,NaN,NaN,NaN,NaN,NaN,NaN,transformer,embedding
3333,33340,NaN,NaN,NaN,NaN,NaN,NaN,NaN,transformer,embedding
3334,33350,NaN,NaN,NaN,NaN,NaN,NaN,NaN,transformer,embedding
3335,33360,NaN,NaN,NaN,NaN,NaN,NaN,NaN,transformer,embedding
3336,33370,2.048525828968195e-07,100.0,1.000000238418579,0.001,NaN,NaN,NaN,transformer,embedding
3337,33380,NaN,NaN,NaN,NaN,NaN,NaN,NaN,transformer,embedding
3338,33390,NaN,NaN,NaN,NaN,NaN,NaN,NaN,transformer,embedding
3339,33400,NaN,NaN,NaN,NaN,NaN,NaN,NaN,transformer,embedding
3340,33410,NaN,NaN,NaN,NaN,NaN,NaN,NaN,transformer,embedding
3341,33420,NaN,NaN,NaN,NaN,NaN,NaN,NaN,transformer,embedding
3342,33430,NaN,NaN,NaN,NaN,NaN,NaN,NaN,transformer,embedding
3343,33440,NaN,NaN,NaN,NaN,NaN,NaN,NaN,transformer,embedding
3344,33450,NaN,NaN,NaN,NaN,NaN,NaN,NaN,transformer,embedding
3345,33460,NaN,NaN,NaN,NaN,0.42757436633110046,84.59085845947266,1.5335332155227661,transformer,embedding
3346,33470,NaN,NaN,NaN,NaN,NaN,NaN,NaN,transformer,embedding
3347,33480,NaN,NaN,NaN,NaN,NaN,NaN,NaN,transformer,embedding
3348,33490,NaN,NaN,NaN,NaN,NaN,NaN,NaN,transformer,embedding
3349,33500,NaN,NaN,NaN,NaN,NaN,NaN,NaN,transformer,embedding
3350,33510,NaN,NaN,NaN,NaN,NaN,NaN,NaN,transformer,embedding
3351,33520,NaN,NaN,NaN,NaN,NaN,NaN,NaN,transformer,embedding
3352,33530,NaN,NaN,NaN,NaN,NaN,NaN,NaN,transformer,embedding
3353,33540,NaN,NaN,NaN,NaN,NaN,NaN,NaN,transformer,embedding
3354,33550,NaN,NaN,NaN,NaN,NaN,NaN,NaN,transformer,embedding
3355,33560,NaN,NaN,NaN,NaN,NaN,NaN,NaN,transformer,embedding
3356,33570,NaN,NaN,NaN,NaN,NaN,NaN,NaN,transformer,embedding
3357,33580,NaN,NaN,NaN,NaN,NaN,NaN,NaN,transformer,embedding
3358,33590,NaN,NaN,NaN,NaN,NaN,NaN,NaN,transformer,embedding
3359,33600,NaN,NaN,NaN,NaN,NaN,NaN,NaN,transformer,embedding
3360,33610,NaN,NaN,NaN,NaN,NaN,NaN,NaN,transformer,embedding
3361,33620,NaN,NaN,NaN,NaN,NaN,NaN,NaN,transformer,embedding
3362,33630,NaN,NaN,NaN,NaN,NaN,NaN,NaN,transformer,embedding
3363,33640,NaN,NaN,NaN,NaN,NaN,NaN,NaN,transformer,embedding
3364,33650,NaN,NaN,NaN,NaN,NaN,NaN,NaN,transformer,embedding
3365,33660,NaN,NaN,NaN,NaN,NaN,NaN,NaN,transformer,embedding
3366,33670,NaN,NaN,NaN,NaN,NaN,NaN,NaN,transformer,embedding
3367,33680,NaN,NaN,NaN,NaN,NaN,NaN,NaN,transformer,embedding
3368,33690,NaN,NaN,NaN,NaN,NaN,NaN,NaN,transformer,embedding
3369,33700,2.0349713025780147e-08,100.0,1.0,0.001,NaN,NaN,NaN,transformer,embedding
3370,33710,NaN,NaN,NaN,NaN,NaN,NaN,NaN,transformer,embedding
3371,33720,NaN,NaN,NaN,NaN,NaN,NaN,NaN,transformer,embedding
3372,33730,NaN,NaN,NaN,NaN,NaN,NaN,NaN,transformer,embedding
3373,33740,NaN,NaN,NaN,NaN,NaN,NaN,NaN,transformer,embedding
3374,33750,NaN,NaN,NaN,NaN,NaN,NaN,NaN,transformer,embedding
3375,33760,NaN,NaN,NaN,NaN,NaN,NaN,NaN,transformer,embedding
3376,33770,NaN,NaN,NaN,NaN,NaN,NaN,NaN,transformer,embedding
3377,33780,NaN,NaN,NaN,NaN,NaN,NaN,NaN,transformer,embedding
3378,33790,NaN,NaN,NaN,NaN,NaN,NaN,NaN,transformer,embedding
3379,33800,NaN,NaN,NaN,NaN,NaN,NaN,NaN,transformer,embedding
3380,33810,NaN,NaN,NaN,NaN,NaN,NaN,NaN,transformer,embedding
3381,33820,NaN,NaN,NaN,NaN,NaN,NaN,NaN,transformer,embedding
3382,33830,NaN,NaN,NaN,NaN,NaN,NaN,NaN,transformer,embedding
3383,33840,NaN,NaN,NaN,NaN,NaN,NaN,NaN,transformer,embedding
3384,33850,NaN,NaN,NaN,NaN,NaN,NaN,NaN,transformer,embedding
3385,33860,NaN,NaN,NaN,NaN,NaN,NaN,NaN,transformer,embedding
3386,33870,NaN,NaN,NaN,NaN,NaN,NaN,NaN,transformer,embedding
3387,33880,NaN,NaN,NaN,NaN,NaN,NaN,NaN,transformer,embedding
3388,33890,NaN,NaN,NaN,NaN,NaN,NaN,NaN,transformer,embedding
3389,33900,NaN,NaN,NaN,NaN,NaN,NaN,NaN,transformer,embedding
3390,33910,NaN,NaN,NaN,NaN,NaN,NaN,NaN,transformer,embedding
3391,33920,NaN,NaN,NaN,NaN,NaN,NaN,NaN,transformer,embedding
3392,33930,NaN,NaN,NaN,NaN,NaN,NaN,NaN,transformer,embedding
3393,33940,NaN,NaN,NaN,NaN,NaN,NaN,NaN,transformer,embedding
3394,33950,NaN,NaN,NaN,NaN,NaN,NaN,NaN,transformer,embedding
3395,33960,NaN,NaN,NaN,NaN,NaN,NaN,NaN,transformer,embedding
3396,33970,NaN,NaN,NaN,NaN,NaN,NaN,NaN,transformer,embedding
3397,33980,NaN,NaN,NaN,NaN,NaN,NaN,NaN,transformer,embedding
3398,33990,NaN,NaN,NaN,NaN,NaN,NaN,NaN,transformer,embedding
3399,34000,NaN,NaN,NaN,NaN,NaN,NaN,NaN,transformer,embedding
3400,34010,NaN,NaN,NaN,NaN,NaN,NaN,NaN,transformer,embedding
3401,34020,NaN,NaN,NaN,NaN,NaN,NaN,NaN,transformer,embedding
3402,34030,0.033639874309301376,98.4693832397461,1.0342121124267578,0.001,NaN,NaN,NaN,transformer,embedding
3403,34040,NaN,NaN,NaN,NaN,NaN,NaN,NaN,transformer,embedding
3404,34050,NaN,NaN,NaN,NaN,NaN,NaN,NaN,transformer,embedding
3405,34060,NaN,NaN,NaN,NaN,NaN,NaN,NaN,transformer,embedding
3406,34070,NaN,NaN,NaN,NaN,NaN,NaN,NaN,transformer,embedding
3407,34080,NaN,NaN,NaN,NaN,NaN,NaN,NaN,transformer,embedding
3408,34090,NaN,NaN,NaN,NaN,NaN,NaN,NaN,transformer,embedding
3409,34100,NaN,NaN,NaN,NaN,NaN,NaN,NaN,transformer,embedding
3410,34110,NaN,NaN,NaN,NaN,NaN,NaN,NaN,transformer,embedding
3411,34120,NaN,NaN,NaN,NaN,0.41924113035202026,85.95111083984375,1.5208070278167725,transformer,embedding
3412,34130,NaN,NaN,NaN,NaN,NaN,NaN,NaN,transformer,embedding
3413,34140,NaN,NaN,NaN,NaN,NaN,NaN,NaN,transformer,embedding
3414,34150,NaN,NaN,NaN,NaN,NaN,NaN,NaN,transformer,embedding
3415,34160,NaN,NaN,NaN,NaN,NaN,NaN,NaN,transformer,embedding
3416,34170,NaN,NaN,NaN,NaN,NaN,NaN,NaN,transformer,embedding
3417,34180,NaN,NaN,NaN,NaN,NaN,NaN,NaN,transformer,embedding
3418,34190,NaN,NaN,NaN,NaN,NaN,NaN,NaN,transformer,embedding
3419,34200,NaN,NaN,NaN,NaN,NaN,NaN,NaN,transformer,embedding
3420,34210,NaN,NaN,NaN,NaN,NaN,NaN,NaN,transformer,embedding
3421,34220,NaN,NaN,NaN,NaN,NaN,NaN,NaN,transformer,embedding
3422,34230,NaN,NaN,NaN,NaN,NaN,NaN,NaN,transformer,embedding
3423,34240,NaN,NaN,NaN,NaN,NaN,NaN,NaN,transformer,embedding
3424,34250,NaN,NaN,NaN,NaN,NaN,NaN,NaN,transformer,embedding
3425,34260,NaN,NaN,NaN,NaN,NaN,NaN,NaN,transformer,embedding
3426,34270,NaN,NaN,NaN,NaN,NaN,NaN,NaN,transformer,embedding
3427,34280,NaN,NaN,NaN,NaN,NaN,NaN,NaN,transformer,embedding
3428,34290,NaN,NaN,NaN,NaN,NaN,NaN,NaN,transformer,embedding
3429,34300,NaN,NaN,NaN,NaN,NaN,NaN,NaN,transformer,embedding
3430,34310,NaN,NaN,NaN,NaN,NaN,NaN,NaN,transformer,embedding
3431,34320,NaN,NaN,NaN,NaN,NaN,NaN,NaN,transformer,embedding
3432,34330,NaN,NaN,NaN,NaN,NaN,NaN,NaN,transformer,embedding
3433,34340,NaN,NaN,NaN,NaN,NaN,NaN,NaN,transformer,embedding
3434,34350,NaN,NaN,NaN,NaN,NaN,NaN,NaN,transformer,embedding
3435,34360,NaN,NaN,NaN,NaN,NaN,NaN,NaN,transformer,embedding
3436,34370,8.343245667674637e-07,100.0,1.0000008344650269,0.001,NaN,NaN,NaN,transformer,embedding
3437,34380,NaN,NaN,NaN,NaN,NaN,NaN,NaN,transformer,embedding
3438,34390,NaN,NaN,NaN,NaN,NaN,NaN,NaN,transformer,embedding
3439,34400,NaN,NaN,NaN,NaN,NaN,NaN,NaN,transformer,embedding
3440,34410,NaN,NaN,NaN,NaN,NaN,NaN,NaN,transformer,embedding
3441,34420,NaN,NaN,NaN,NaN,NaN,NaN,NaN,transformer,embedding
3442,34430,NaN,NaN,NaN,NaN,NaN,NaN,NaN,transformer,embedding
3443,34440,NaN,NaN,NaN,NaN,NaN,NaN,NaN,transformer,embedding
3444,34450,NaN,NaN,NaN,NaN,NaN,NaN,NaN,transformer,embedding
3445,34460,NaN,NaN,NaN,NaN,NaN,NaN,NaN,transformer,embedding
3446,34470,NaN,NaN,NaN,NaN,NaN,NaN,NaN,transformer,embedding
3447,34480,NaN,NaN,NaN,NaN,NaN,NaN,NaN,transformer,embedding
3448,34490,NaN,NaN,NaN,NaN,NaN,NaN,NaN,transformer,embedding
3449,34500,NaN,NaN,NaN,NaN,NaN,NaN,NaN,transformer,embedding
3450,34510,NaN,NaN,NaN,NaN,NaN,NaN,NaN,transformer,embedding
3451,34520,NaN,NaN,NaN,NaN,NaN,NaN,NaN,transformer,embedding
3452,34530,NaN,NaN,NaN,NaN,NaN,NaN,NaN,transformer,embedding
3453,34540,NaN,NaN,NaN,NaN,NaN,NaN,NaN,transformer,embedding
3454,34550,NaN,NaN,NaN,NaN,NaN,NaN,NaN,transformer,embedding
3455,34560,NaN,NaN,NaN,NaN,NaN,NaN,NaN,transformer,embedding
3456,34570,NaN,NaN,NaN,NaN,NaN,NaN,NaN,transformer,embedding
3457,34580,NaN,NaN,NaN,NaN,NaN,NaN,NaN,transformer,embedding
3458,34590,NaN,NaN,NaN,NaN,NaN,NaN,NaN,transformer,embedding
3459,34600,NaN,NaN,NaN,NaN,NaN,NaN,NaN,transformer,embedding
3460,34610,NaN,NaN,NaN,NaN,NaN,NaN,NaN,transformer,embedding
3461,34620,NaN,NaN,NaN,NaN,NaN,NaN,NaN,transformer,embedding
3462,34630,NaN,NaN,NaN,NaN,NaN,NaN,NaN,transformer,embedding
3463,34640,NaN,NaN,NaN,NaN,NaN,NaN,NaN,transformer,embedding
3464,34650,NaN,NaN,NaN,NaN,NaN,NaN,NaN,transformer,embedding
3465,34660,NaN,NaN,NaN,NaN,NaN,NaN,NaN,transformer,embedding
3466,34670,NaN,NaN,NaN,NaN,NaN,NaN,NaN,transformer,embedding
3467,34680,NaN,NaN,NaN,NaN,NaN,NaN,NaN,transformer,embedding
3468,34690,NaN,NaN,NaN,NaN,NaN,NaN,NaN,transformer,embedding
3469,34700,NaN,NaN,NaN,NaN,NaN,NaN,NaN,transformer,embedding
3470,34710,7.50506217173097e-08,100.0,1.0000001192092896,0.001,NaN,NaN,NaN,transformer,embedding
3471,34720,NaN,NaN,NaN,NaN,NaN,NaN,NaN,transformer,embedding
3472,34730,NaN,NaN,NaN,NaN,NaN,NaN,NaN,transformer,embedding
3473,34740,NaN,NaN,NaN,NaN,NaN,NaN,NaN,transformer,embedding
3474,34750,NaN,NaN,NaN,NaN,NaN,NaN,NaN,transformer,embedding
3475,34760,NaN,NaN,NaN,NaN,NaN,NaN,NaN,transformer,embedding
3476,34770,NaN,NaN,NaN,NaN,NaN,NaN,NaN,transformer,embedding
3477,34780,NaN,NaN,NaN,NaN,NaN,NaN,NaN,transformer,embedding
3478,34790,NaN,NaN,NaN,NaN,NaN,NaN,NaN,transformer,embedding
3479,34800,NaN,NaN,NaN,NaN,0.2918896973133087,89.11795806884766,1.338955283164978,transformer,embedding
3480,34810,NaN,NaN,NaN,NaN,NaN,NaN,NaN,transformer,embedding
3481,34820,NaN,NaN,NaN,NaN,NaN,NaN,NaN,transformer,embedding
3482,34830,NaN,NaN,NaN,NaN,NaN,NaN,NaN,transformer,embedding
3483,34840,NaN,NaN,NaN,NaN,NaN,NaN,NaN,transformer,embedding
3484,34850,NaN,NaN,NaN,NaN,NaN,NaN,NaN,transformer,embedding
3485,34860,NaN,NaN,NaN,NaN,NaN,NaN,NaN,transformer,embedding
3486,34870,NaN,NaN,NaN,NaN,NaN,NaN,NaN,transformer,embedding
3487,34880,NaN,NaN,NaN,NaN,NaN,NaN,NaN,transformer,embedding
3488,34890,NaN,NaN,NaN,NaN,NaN,NaN,NaN,transformer,embedding
3489,34900,NaN,NaN,NaN,NaN,NaN,NaN,NaN,transformer,embedding
3490,34910,NaN,NaN,NaN,NaN,NaN,NaN,NaN,transformer,embedding
3491,34920,NaN,NaN,NaN,NaN,NaN,NaN,NaN,transformer,embedding
3492,34930,NaN,NaN,NaN,NaN,NaN,NaN,NaN,transformer,embedding
3493,34940,NaN,NaN,NaN,NaN,NaN,NaN,NaN,transformer,embedding
3494,34950,NaN,NaN,NaN,NaN,NaN,NaN,NaN,transformer,embedding
3495,34960,NaN,NaN,NaN,NaN,NaN,NaN,NaN,transformer,embedding
3496,34970,NaN,NaN,NaN,NaN,NaN,NaN,NaN,transformer,embedding
3497,34980,NaN,NaN,NaN,NaN,NaN,NaN,NaN,transformer,embedding
3498,34990,NaN,NaN,NaN,NaN,NaN,NaN,NaN,transformer,embedding
3499,35000,NaN,NaN,NaN,NaN,NaN,NaN,NaN,transformer,embedding
3500,35010,NaN,NaN,NaN,NaN,NaN,NaN,NaN,transformer,embedding
3501,35020,NaN,NaN,NaN,NaN,NaN,NaN,NaN,transformer,embedding
3502,35030,NaN,NaN,NaN,NaN,NaN,NaN,NaN,transformer,embedding
3503,35040,NaN,NaN,NaN,NaN,NaN,NaN,NaN,transformer,embedding
3504,35050,4.670550524110695e-08,100.0,1.0,0.001,NaN,NaN,NaN,transformer,embedding
3505,35060,NaN,NaN,NaN,NaN,NaN,NaN,NaN,transformer,embedding
3506,35070,NaN,NaN,NaN,NaN,NaN,NaN,NaN,transformer,embedding
3507,35080,NaN,NaN,NaN,NaN,NaN,NaN,NaN,transformer,embedding
3508,35090,NaN,NaN,NaN,NaN,NaN,NaN,NaN,transformer,embedding
3509,35100,NaN,NaN,NaN,NaN,NaN,NaN,NaN,transformer,embedding
3510,35110,NaN,NaN,NaN,NaN,NaN,NaN,NaN,transformer,embedding
3511,35120,NaN,NaN,NaN,NaN,NaN,NaN,NaN,transformer,embedding
3512,35130,NaN,NaN,NaN,NaN,NaN,NaN,NaN,transformer,embedding
3513,35140,NaN,NaN,NaN,NaN,NaN,NaN,NaN,transformer,embedding
3514,35150,NaN,NaN,NaN,NaN,NaN,NaN,NaN,transformer,embedding
3515,35160,NaN,NaN,NaN,NaN,NaN,NaN,NaN,transformer,embedding
3516,35170,NaN,NaN,NaN,NaN,NaN,NaN,NaN,transformer,embedding
3517,35180,NaN,NaN,NaN,NaN,NaN,NaN,NaN,transformer,embedding
3518,35190,NaN,NaN,NaN,NaN,NaN,NaN,NaN,transformer,embedding
3519,35200,NaN,NaN,NaN,NaN,NaN,NaN,NaN,transformer,embedding
3520,35210,NaN,NaN,NaN,NaN,NaN,NaN,NaN,transformer,embedding
3521,35220,NaN,NaN,NaN,NaN,NaN,NaN,NaN,transformer,embedding
3522,35230,NaN,NaN,NaN,NaN,NaN,NaN,NaN,transformer,embedding
3523,35240,NaN,NaN,NaN,NaN,NaN,NaN,NaN,transformer,embedding
3524,35250,NaN,NaN,NaN,NaN,NaN,NaN,NaN,transformer,embedding
3525,35260,NaN,NaN,NaN,NaN,NaN,NaN,NaN,transformer,embedding
3526,35270,NaN,NaN,NaN,NaN,NaN,NaN,NaN,transformer,embedding
3527,35280,NaN,NaN,NaN,NaN,NaN,NaN,NaN,transformer,embedding
3528,35290,NaN,NaN,NaN,NaN,NaN,NaN,NaN,transformer,embedding
3529,35300,NaN,NaN,NaN,NaN,NaN,NaN,NaN,transformer,embedding
3530,35310,NaN,NaN,NaN,NaN,NaN,NaN,NaN,transformer,embedding
3531,35320,NaN,NaN,NaN,NaN,NaN,NaN,NaN,transformer,embedding
3532,35330,NaN,NaN,NaN,NaN,NaN,NaN,NaN,transformer,embedding
3533,35340,NaN,NaN,NaN,NaN,NaN,NaN,NaN,transformer,embedding
3534,35350,NaN,NaN,NaN,NaN,NaN,NaN,NaN,transformer,embedding
3535,35360,NaN,NaN,NaN,NaN,NaN,NaN,NaN,transformer,embedding
3536,35370,NaN,NaN,NaN,NaN,NaN,NaN,NaN,transformer,embedding
3537,35380,NaN,NaN,NaN,NaN,NaN,NaN,NaN,transformer,embedding
3538,35390,NaN,NaN,NaN,NaN,NaN,NaN,NaN,transformer,embedding
3539,35400,5.424478288773571e-08,100.0,1.0,0.001,NaN,NaN,NaN,transformer,embedding
3540,35410,NaN,NaN,NaN,NaN,NaN,NaN,NaN,transformer,embedding
3541,35420,NaN,NaN,NaN,NaN,NaN,NaN,NaN,transformer,embedding
3542,35430,NaN,NaN,NaN,NaN,NaN,NaN,NaN,transformer,embedding
3543,35440,NaN,NaN,NaN,NaN,NaN,NaN,NaN,transformer,embedding
3544,35450,NaN,NaN,NaN,NaN,NaN,NaN,NaN,transformer,embedding
3545,35460,NaN,NaN,NaN,NaN,NaN,NaN,NaN,transformer,embedding
3546,35470,NaN,NaN,NaN,NaN,NaN,NaN,NaN,transformer,embedding
3547,35480,NaN,NaN,NaN,NaN,NaN,NaN,NaN,transformer,embedding
3548,35490,NaN,NaN,NaN,NaN,0.5631752610206604,82.14665222167969,1.7562401294708252,transformer,embedding
3549,35500,NaN,NaN,NaN,NaN,NaN,NaN,NaN,transformer,embedding
3550,35510,NaN,NaN,NaN,NaN,NaN,NaN,NaN,transformer,embedding
3551,35520,NaN,NaN,NaN,NaN,NaN,NaN,NaN,transformer,embedding
3552,35530,NaN,NaN,NaN,NaN,NaN,NaN,NaN,transformer,embedding
3553,35540,NaN,NaN,NaN,NaN,NaN,NaN,NaN,transformer,embedding
3554,35550,NaN,NaN,NaN,NaN,NaN,NaN,NaN,transformer,embedding
3555,35560,NaN,NaN,NaN,NaN,NaN,NaN,NaN,transformer,embedding
3556,35570,NaN,NaN,NaN,NaN,NaN,NaN,NaN,transformer,embedding
3557,35580,NaN,NaN,NaN,NaN,NaN,NaN,NaN,transformer,embedding
3558,35590,NaN,NaN,NaN,NaN,NaN,NaN,NaN,transformer,embedding
3559,35600,NaN,NaN,NaN,NaN,NaN,NaN,NaN,transformer,embedding
3560,35610,NaN,NaN,NaN,NaN,NaN,NaN,NaN,transformer,embedding
3561,35620,NaN,NaN,NaN,NaN,NaN,NaN,NaN,transformer,embedding
3562,35630,NaN,NaN,NaN,NaN,NaN,NaN,NaN,transformer,embedding
3563,35640,NaN,NaN,NaN,NaN,NaN,NaN,NaN,transformer,embedding
3564,35650,NaN,NaN,NaN,NaN,NaN,NaN,NaN,transformer,embedding
3565,35660,NaN,NaN,NaN,NaN,NaN,NaN,NaN,transformer,embedding
3566,35670,NaN,NaN,NaN,NaN,NaN,NaN,NaN,transformer,embedding
3567,35680,NaN,NaN,NaN,NaN,NaN,NaN,NaN,transformer,embedding
3568,35690,NaN,NaN,NaN,NaN,NaN,NaN,NaN,transformer,embedding
3569,35700,NaN,NaN,NaN,NaN,NaN,NaN,NaN,transformer,embedding
3570,35710,NaN,NaN,NaN,NaN,NaN,NaN,NaN,transformer,embedding
3571,35720,NaN,NaN,NaN,NaN,NaN,NaN,NaN,transformer,embedding
3572,35730,NaN,NaN,NaN,NaN,NaN,NaN,NaN,transformer,embedding
3573,35740,NaN,NaN,NaN,NaN,NaN,NaN,NaN,transformer,embedding
3574,35750,0.00676543777808547,99.53231048583984,1.0067883729934692,0.001,NaN,NaN,NaN,transformer,embedding
3575,35760,NaN,NaN,NaN,NaN,NaN,NaN,NaN,transformer,embedding
3576,35770,NaN,NaN,NaN,NaN,NaN,NaN,NaN,transformer,embedding
3577,35780,NaN,NaN,NaN,NaN,NaN,NaN,NaN,transformer,embedding
3578,35790,NaN,NaN,NaN,NaN,NaN,NaN,NaN,transformer,embedding
3579,35800,NaN,NaN,NaN,NaN,NaN,NaN,NaN,transformer,embedding
3580,35810,NaN,NaN,NaN,NaN,NaN,NaN,NaN,transformer,embedding
3581,35820,NaN,NaN,NaN,NaN,NaN,NaN,NaN,transformer,embedding
3582,35830,NaN,NaN,NaN,NaN,NaN,NaN,NaN,transformer,embedding
3583,35840,NaN,NaN,NaN,NaN,NaN,NaN,NaN,transformer,embedding
3584,35850,NaN,NaN,NaN,NaN,NaN,NaN,NaN,transformer,embedding
3585,35860,NaN,NaN,NaN,NaN,NaN,NaN,NaN,transformer,embedding
3586,35870,NaN,NaN,NaN,NaN,NaN,NaN,NaN,transformer,embedding
3587,35880,NaN,NaN,NaN,NaN,NaN,NaN,NaN,transformer,embedding
3588,35890,NaN,NaN,NaN,NaN,NaN,NaN,NaN,transformer,embedding
3589,35900,NaN,NaN,NaN,NaN,NaN,NaN,NaN,transformer,embedding
3590,35910,NaN,NaN,NaN,NaN,NaN,NaN,NaN,transformer,embedding
3591,35920,NaN,NaN,NaN,NaN,NaN,NaN,NaN,transformer,embedding
3592,35930,NaN,NaN,NaN,NaN,NaN,NaN,NaN,transformer,embedding
3593,35940,NaN,NaN,NaN,NaN,NaN,NaN,NaN,transformer,embedding
3594,35950,NaN,NaN,NaN,NaN,NaN,NaN,NaN,transformer,embedding
3595,35960,NaN,NaN,NaN,NaN,NaN,NaN,NaN,transformer,embedding
3596,35970,NaN,NaN,NaN,NaN,NaN,NaN,NaN,transformer,embedding
3597,35980,NaN,NaN,NaN,NaN,NaN,NaN,NaN,transformer,embedding
3598,35990,NaN,NaN,NaN,NaN,NaN,NaN,NaN,transformer,embedding
3599,36000,NaN,NaN,NaN,NaN,NaN,NaN,NaN,transformer,embedding
3600,36010,NaN,NaN,NaN,NaN,NaN,NaN,NaN,transformer,embedding
3601,36020,NaN,NaN,NaN,NaN,NaN,NaN,NaN,transformer,embedding
3602,36030,NaN,NaN,NaN,NaN,NaN,NaN,NaN,transformer,embedding
3603,36040,NaN,NaN,NaN,NaN,NaN,NaN,NaN,transformer,embedding
3604,36050,NaN,NaN,NaN,NaN,NaN,NaN,NaN,transformer,embedding
3605,36060,NaN,NaN,NaN,NaN,NaN,NaN,NaN,transformer,embedding
3606,36070,NaN,NaN,NaN,NaN,NaN,NaN,NaN,transformer,embedding
3607,36080,NaN,NaN,NaN,NaN,NaN,NaN,NaN,transformer,embedding
3608,36090,NaN,NaN,NaN,NaN,NaN,NaN,NaN,transformer,embedding
3609,36100,1.6548367511859396e-06,100.0,1.0000016689300537,0.001,NaN,NaN,NaN,transformer,embedding
3610,36110,NaN,NaN,NaN,NaN,NaN,NaN,NaN,transformer,embedding
3611,36120,NaN,NaN,NaN,NaN,NaN,NaN,NaN,transformer,embedding
3612,36130,NaN,NaN,NaN,NaN,NaN,NaN,NaN,transformer,embedding
3613,36140,NaN,NaN,NaN,NaN,NaN,NaN,NaN,transformer,embedding
3614,36150,NaN,NaN,NaN,NaN,NaN,NaN,NaN,transformer,embedding
3615,36160,NaN,NaN,NaN,NaN,NaN,NaN,NaN,transformer,embedding
3616,36170,NaN,NaN,NaN,NaN,NaN,NaN,NaN,transformer,embedding
3617,36180,NaN,NaN,NaN,NaN,NaN,NaN,NaN,transformer,embedding
3618,36190,NaN,NaN,NaN,NaN,0.1577431857585907,93.70881652832031,1.1708654165267944,transformer,embedding
3619,36200,NaN,NaN,NaN,NaN,NaN,NaN,NaN,transformer,embedding
3620,36210,NaN,NaN,NaN,NaN,NaN,NaN,NaN,transformer,embedding
3621,36220,NaN,NaN,NaN,NaN,NaN,NaN,NaN,transformer,embedding
3622,36230,NaN,NaN,NaN,NaN,NaN,NaN,NaN,transformer,embedding
3623,36240,NaN,NaN,NaN,NaN,NaN,NaN,NaN,transformer,embedding
3624,36250,NaN,NaN,NaN,NaN,NaN,NaN,NaN,transformer,embedding
3625,36260,NaN,NaN,NaN,NaN,NaN,NaN,NaN,transformer,embedding
3626,36270,NaN,NaN,NaN,NaN,NaN,NaN,NaN,transformer,embedding
3627,36280,NaN,NaN,NaN,NaN,NaN,NaN,NaN,transformer,embedding
3628,36290,NaN,NaN,NaN,NaN,NaN,NaN,NaN,transformer,embedding
3629,36300,NaN,NaN,NaN,NaN,NaN,NaN,NaN,transformer,embedding
3630,36310,NaN,NaN,NaN,NaN,NaN,NaN,NaN,transformer,embedding
3631,36320,NaN,NaN,NaN,NaN,NaN,NaN,NaN,transformer,embedding
3632,36330,NaN,NaN,NaN,NaN,NaN,NaN,NaN,transformer,embedding
3633,36340,NaN,NaN,NaN,NaN,NaN,NaN,NaN,transformer,embedding
3634,36350,NaN,NaN,NaN,NaN,NaN,NaN,NaN,transformer,embedding
3635,36360,NaN,NaN,NaN,NaN,NaN,NaN,NaN,transformer,embedding
3636,36370,NaN,NaN,NaN,NaN,NaN,NaN,NaN,transformer,embedding
3637,36380,NaN,NaN,NaN,NaN,NaN,NaN,NaN,transformer,embedding
3638,36390,NaN,NaN,NaN,NaN,NaN,NaN,NaN,transformer,embedding
3639,36400,NaN,NaN,NaN,NaN,NaN,NaN,NaN,transformer,embedding
3640,36410,NaN,NaN,NaN,NaN,NaN,NaN,NaN,transformer,embedding
3641,36420,NaN,NaN,NaN,NaN,NaN,NaN,NaN,transformer,embedding
3642,36430,NaN,NaN,NaN,NaN,NaN,NaN,NaN,transformer,embedding
3643,36440,NaN,NaN,NaN,NaN,NaN,NaN,NaN,transformer,embedding
3644,36450,NaN,NaN,NaN,NaN,NaN,NaN,NaN,transformer,embedding
3645,36460,1.3533937703869015e-07,100.0,1.0000001192092896,0.001,NaN,NaN,NaN,transformer,embedding
3646,36470,NaN,NaN,NaN,NaN,NaN,NaN,NaN,transformer,embedding
3647,36480,NaN,NaN,NaN,NaN,NaN,NaN,NaN,transformer,embedding
3648,36490,NaN,NaN,NaN,NaN,NaN,NaN,NaN,transformer,embedding
3649,36500,NaN,NaN,NaN,NaN,NaN,NaN,NaN,transformer,embedding
3650,36510,NaN,NaN,NaN,NaN,NaN,NaN,NaN,transformer,embedding
3651,36520,NaN,NaN,NaN,NaN,NaN,NaN,NaN,transformer,embedding
3652,36530,NaN,NaN,NaN,NaN,NaN,NaN,NaN,transformer,embedding
3653,36540,NaN,NaN,NaN,NaN,NaN,NaN,NaN,transformer,embedding
3654,36550,NaN,NaN,NaN,NaN,NaN,NaN,NaN,transformer,embedding
3655,36560,NaN,NaN,NaN,NaN,NaN,NaN,NaN,transformer,embedding
3656,36570,NaN,NaN,NaN,NaN,NaN,NaN,NaN,transformer,embedding
3657,36580,NaN,NaN,NaN,NaN,NaN,NaN,NaN,transformer,embedding
3658,36590,NaN,NaN,NaN,NaN,NaN,NaN,NaN,transformer,embedding
3659,36600,NaN,NaN,NaN,NaN,NaN,NaN,NaN,transformer,embedding
3660,36610,NaN,NaN,NaN,NaN,NaN,NaN,NaN,transformer,embedding
3661,36620,NaN,NaN,NaN,NaN,NaN,NaN,NaN,transformer,embedding
3662,36630,NaN,NaN,NaN,NaN,NaN,NaN,NaN,transformer,embedding
3663,36640,NaN,NaN,NaN,NaN,NaN,NaN,NaN,transformer,embedding
3664,36650,NaN,NaN,NaN,NaN,NaN,NaN,NaN,transformer,embedding
3665,36660,NaN,NaN,NaN,NaN,NaN,NaN,NaN,transformer,embedding
3666,36670,NaN,NaN,NaN,NaN,NaN,NaN,NaN,transformer,embedding
3667,36680,NaN,NaN,NaN,NaN,NaN,NaN,NaN,transformer,embedding
3668,36690,NaN,NaN,NaN,NaN,NaN,NaN,NaN,transformer,embedding
3669,36700,NaN,NaN,NaN,NaN,NaN,NaN,NaN,transformer,embedding
3670,36710,NaN,NaN,NaN,NaN,NaN,NaN,NaN,transformer,embedding
3671,36720,NaN,NaN,NaN,NaN,NaN,NaN,NaN,transformer,embedding
3672,36730,NaN,NaN,NaN,NaN,NaN,NaN,NaN,transformer,embedding
3673,36740,NaN,NaN,NaN,NaN,NaN,NaN,NaN,transformer,embedding
3674,36750,NaN,NaN,NaN,NaN,NaN,NaN,NaN,transformer,embedding
3675,36760,NaN,NaN,NaN,NaN,NaN,NaN,NaN,transformer,embedding
3676,36770,NaN,NaN,NaN,NaN,NaN,NaN,NaN,transformer,embedding
3677,36780,NaN,NaN,NaN,NaN,NaN,NaN,NaN,transformer,embedding
3678,36790,NaN,NaN,NaN,NaN,NaN,NaN,NaN,transformer,embedding
3679,36800,NaN,NaN,NaN,NaN,NaN,NaN,NaN,transformer,embedding
3680,36810,NaN,NaN,NaN,NaN,NaN,NaN,NaN,transformer,embedding
3681,36820,4.3335006694178446e-08,100.0,1.0,0.001,NaN,NaN,NaN,transformer,embedding
3682,36830,NaN,NaN,NaN,NaN,NaN,NaN,NaN,transformer,embedding
3683,36840,NaN,NaN,NaN,NaN,NaN,NaN,NaN,transformer,embedding
3684,36850,NaN,NaN,NaN,NaN,NaN,NaN,NaN,transformer,embedding
3685,36860,NaN,NaN,NaN,NaN,NaN,NaN,NaN,transformer,embedding
3686,36870,NaN,NaN,NaN,NaN,NaN,NaN,NaN,transformer,embedding
3687,36880,NaN,NaN,NaN,NaN,NaN,NaN,NaN,transformer,embedding
3688,36890,NaN,NaN,NaN,NaN,NaN,NaN,NaN,transformer,embedding
3689,36900,NaN,NaN,NaN,NaN,NaN,NaN,NaN,transformer,embedding
3690,36910,NaN,NaN,NaN,NaN,0.022343594580888748,98.51222229003906,1.0225950479507446,transformer,embedding
3691,36920,NaN,NaN,NaN,NaN,NaN,NaN,NaN,transformer,embedding
3692,36930,NaN,NaN,NaN,NaN,NaN,NaN,NaN,transformer,embedding
3693,36940,NaN,NaN,NaN,NaN,NaN,NaN,NaN,transformer,embedding
3694,36950,NaN,NaN,NaN,NaN,NaN,NaN,NaN,transformer,embedding
3695,36960,NaN,NaN,NaN,NaN,NaN,NaN,NaN,transformer,embedding
3696,36970,NaN,NaN,NaN,NaN,NaN,NaN,NaN,transformer,embedding
3697,36980,NaN,NaN,NaN,NaN,NaN,NaN,NaN,transformer,embedding
3698,36990,NaN,NaN,NaN,NaN,NaN,NaN,NaN,transformer,embedding
3699,37000,NaN,NaN,NaN,NaN,NaN,NaN,NaN,transformer,embedding
3700,37010,NaN,NaN,NaN,NaN,NaN,NaN,NaN,transformer,embedding
3701,37020,NaN,NaN,NaN,NaN,NaN,NaN,NaN,transformer,embedding
3702,37030,NaN,NaN,NaN,NaN,NaN,NaN,NaN,transformer,embedding
3703,37040,NaN,NaN,NaN,NaN,NaN,NaN,NaN,transformer,embedding
3704,37050,NaN,NaN,NaN,NaN,NaN,NaN,NaN,transformer,embedding
3705,37060,NaN,NaN,NaN,NaN,NaN,NaN,NaN,transformer,embedding
3706,37070,NaN,NaN,NaN,NaN,NaN,NaN,NaN,transformer,embedding
3707,37080,NaN,NaN,NaN,NaN,NaN,NaN,NaN,transformer,embedding
3708,37090,NaN,NaN,NaN,NaN,NaN,NaN,NaN,transformer,embedding
3709,37100,NaN,NaN,NaN,NaN,NaN,NaN,NaN,transformer,embedding
3710,37110,NaN,NaN,NaN,NaN,NaN,NaN,NaN,transformer,embedding
3711,37120,NaN,NaN,NaN,NaN,NaN,NaN,NaN,transformer,embedding
3712,37130,NaN,NaN,NaN,NaN,NaN,NaN,NaN,transformer,embedding
3713,37140,NaN,NaN,NaN,NaN,NaN,NaN,NaN,transformer,embedding
3714,37150,NaN,NaN,NaN,NaN,NaN,NaN,NaN,transformer,embedding
3715,37160,NaN,NaN,NaN,NaN,NaN,NaN,NaN,transformer,embedding
3716,37170,NaN,NaN,NaN,NaN,NaN,NaN,NaN,transformer,embedding
3717,37180,5.604407249393262e-08,100.0,1.0,0.001,NaN,NaN,NaN,transformer,embedding
3718,37190,NaN,NaN,NaN,NaN,NaN,NaN,NaN,transformer,embedding
3719,37200,NaN,NaN,NaN,NaN,NaN,NaN,NaN,transformer,embedding
3720,37210,NaN,NaN,NaN,NaN,NaN,NaN,NaN,transformer,embedding
3721,37220,NaN,NaN,NaN,NaN,NaN,NaN,NaN,transformer,embedding
3722,37230,NaN,NaN,NaN,NaN,NaN,NaN,NaN,transformer,embedding
3723,37240,NaN,NaN,NaN,NaN,NaN,NaN,NaN,transformer,embedding
3724,37250,NaN,NaN,NaN,NaN,NaN,NaN,NaN,transformer,embedding
3725,37260,NaN,NaN,NaN,NaN,NaN,NaN,NaN,transformer,embedding
3726,37270,NaN,NaN,NaN,NaN,NaN,NaN,NaN,transformer,embedding
3727,37280,NaN,NaN,NaN,NaN,NaN,NaN,NaN,transformer,embedding
3728,37290,NaN,NaN,NaN,NaN,NaN,NaN,NaN,transformer,embedding
3729,37300,NaN,NaN,NaN,NaN,NaN,NaN,NaN,transformer,embedding
3730,37310,NaN,NaN,NaN,NaN,NaN,NaN,NaN,transformer,embedding
3731,37320,NaN,NaN,NaN,NaN,NaN,NaN,NaN,transformer,embedding
3732,37330,NaN,NaN,NaN,NaN,NaN,NaN,NaN,transformer,embedding
3733,37340,NaN,NaN,NaN,NaN,NaN,NaN,NaN,transformer,embedding
3734,37350,NaN,NaN,NaN,NaN,NaN,NaN,NaN,transformer,embedding
3735,37360,NaN,NaN,NaN,NaN,NaN,NaN,NaN,transformer,embedding
3736,37370,NaN,NaN,NaN,NaN,NaN,NaN,NaN,transformer,embedding
3737,37380,NaN,NaN,NaN,NaN,NaN,NaN,NaN,transformer,embedding
3738,37390,NaN,NaN,NaN,NaN,NaN,NaN,NaN,transformer,embedding
3739,37400,NaN,NaN,NaN,NaN,NaN,NaN,NaN,transformer,embedding
3740,37410,NaN,NaN,NaN,NaN,NaN,NaN,NaN,transformer,embedding
3741,37420,NaN,NaN,NaN,NaN,NaN,NaN,NaN,transformer,embedding
3742,37430,NaN,NaN,NaN,NaN,NaN,NaN,NaN,transformer,embedding
3743,37440,NaN,NaN,NaN,NaN,NaN,NaN,NaN,transformer,embedding
3744,37450,NaN,NaN,NaN,NaN,NaN,NaN,NaN,transformer,embedding
3745,37460,NaN,NaN,NaN,NaN,NaN,NaN,NaN,transformer,embedding
3746,37470,NaN,NaN,NaN,NaN,NaN,NaN,NaN,transformer,embedding
3747,37480,NaN,NaN,NaN,NaN,NaN,NaN,NaN,transformer,embedding
3748,37490,NaN,NaN,NaN,NaN,NaN,NaN,NaN,transformer,embedding
3749,37500,NaN,NaN,NaN,NaN,NaN,NaN,NaN,transformer,embedding
3750,37510,NaN,NaN,NaN,NaN,NaN,NaN,NaN,transformer,embedding
3751,37520,NaN,NaN,NaN,NaN,NaN,NaN,NaN,transformer,embedding
3752,37530,NaN,NaN,NaN,NaN,NaN,NaN,NaN,transformer,embedding
3753,37540,NaN,NaN,NaN,NaN,NaN,NaN,NaN,transformer,embedding
3754,37550,4.7896584476347925e-08,100.0,1.0,0.001,NaN,NaN,NaN,transformer,embedding
3755,37560,NaN,NaN,NaN,NaN,NaN,NaN,NaN,transformer,embedding
3756,37570,NaN,NaN,NaN,NaN,NaN,NaN,NaN,transformer,embedding
3757,37580,NaN,NaN,NaN,NaN,NaN,NaN,NaN,transformer,embedding
3758,37590,NaN,NaN,NaN,NaN,NaN,NaN,NaN,transformer,embedding
3759,37600,NaN,NaN,NaN,NaN,NaN,NaN,NaN,transformer,embedding
3760,37610,NaN,NaN,NaN,NaN,NaN,NaN,NaN,transformer,embedding
3761,37620,NaN,NaN,NaN,NaN,NaN,NaN,NaN,transformer,embedding
3762,37630,NaN,NaN,NaN,NaN,NaN,NaN,NaN,transformer,embedding
3763,37640,NaN,NaN,NaN,NaN,0.0020368776749819517,99.87247467041016,1.0020389556884766,transformer,embedding
3764,37650,NaN,NaN,NaN,NaN,NaN,NaN,NaN,transformer,embedding
3765,37660,NaN,NaN,NaN,NaN,NaN,NaN,NaN,transformer,embedding
3766,37670,NaN,NaN,NaN,NaN,NaN,NaN,NaN,transformer,embedding
3767,37680,NaN,NaN,NaN,NaN,NaN,NaN,NaN,transformer,embedding
3768,37690,NaN,NaN,NaN,NaN,NaN,NaN,NaN,transformer,embedding
3769,37700,NaN,NaN,NaN,NaN,NaN,NaN,NaN,transformer,embedding
3770,37710,NaN,NaN,NaN,NaN,NaN,NaN,NaN,transformer,embedding
3771,37720,NaN,NaN,NaN,NaN,NaN,NaN,NaN,transformer,embedding
3772,37730,NaN,NaN,NaN,NaN,NaN,NaN,NaN,transformer,embedding
3773,37740,NaN,NaN,NaN,NaN,NaN,NaN,NaN,transformer,embedding
3774,37750,NaN,NaN,NaN,NaN,NaN,NaN,NaN,transformer,embedding
3775,37760,NaN,NaN,NaN,NaN,NaN,NaN,NaN,transformer,embedding
3776,37770,NaN,NaN,NaN,NaN,NaN,NaN,NaN,transformer,embedding
3777,37780,NaN,NaN,NaN,NaN,NaN,NaN,NaN,transformer,embedding
3778,37790,NaN,NaN,NaN,NaN,NaN,NaN,NaN,transformer,embedding
3779,37800,NaN,NaN,NaN,NaN,NaN,NaN,NaN,transformer,embedding
3780,37810,NaN,NaN,NaN,NaN,NaN,NaN,NaN,transformer,embedding
3781,37820,NaN,NaN,NaN,NaN,NaN,NaN,NaN,transformer,embedding
3782,37830,NaN,NaN,NaN,NaN,NaN,NaN,NaN,transformer,embedding
3783,37840,NaN,NaN,NaN,NaN,NaN,NaN,NaN,transformer,embedding
3784,37850,NaN,NaN,NaN,NaN,NaN,NaN,NaN,transformer,embedding
3785,37860,NaN,NaN,NaN,NaN,NaN,NaN,NaN,transformer,embedding
3786,37870,NaN,NaN,NaN,NaN,NaN,NaN,NaN,transformer,embedding
3787,37880,NaN,NaN,NaN,NaN,NaN,NaN,NaN,transformer,embedding
3788,37890,NaN,NaN,NaN,NaN,NaN,NaN,NaN,transformer,embedding
3789,37900,NaN,NaN,NaN,NaN,NaN,NaN,NaN,transformer,embedding
3790,37910,NaN,NaN,NaN,NaN,NaN,NaN,NaN,transformer,embedding
3791,37920,4.215659643591607e-08,100.0,1.0,0.001,NaN,NaN,NaN,transformer,embedding
3792,37930,NaN,NaN,NaN,NaN,NaN,NaN,NaN,transformer,embedding
3793,37940,NaN,NaN,NaN,NaN,NaN,NaN,NaN,transformer,embedding
3794,37950,NaN,NaN,NaN,NaN,NaN,NaN,NaN,transformer,embedding
3795,37960,NaN,NaN,NaN,NaN,NaN,NaN,NaN,transformer,embedding
3796,37970,NaN,NaN,NaN,NaN,NaN,NaN,NaN,transformer,embedding
3797,37980,NaN,NaN,NaN,NaN,NaN,NaN,NaN,transformer,embedding
3798,37990,NaN,NaN,NaN,NaN,NaN,NaN,NaN,transformer,embedding
3799,38000,NaN,NaN,NaN,NaN,NaN,NaN,NaN,transformer,embedding
3800,38010,NaN,NaN,NaN,NaN,NaN,NaN,NaN,transformer,embedding
3801,38020,NaN,NaN,NaN,NaN,NaN,NaN,NaN,transformer,embedding
3802,38030,NaN,NaN,NaN,NaN,NaN,NaN,NaN,transformer,embedding
3803,38040,NaN,NaN,NaN,NaN,NaN,NaN,NaN,transformer,embedding
3804,38050,NaN,NaN,NaN,NaN,NaN,NaN,NaN,transformer,embedding
3805,38060,NaN,NaN,NaN,NaN,NaN,NaN,NaN,transformer,embedding
3806,38070,NaN,NaN,NaN,NaN,NaN,NaN,NaN,transformer,embedding
3807,38080,NaN,NaN,NaN,NaN,NaN,NaN,NaN,transformer,embedding
3808,38090,NaN,NaN,NaN,NaN,NaN,NaN,NaN,transformer,embedding
3809,38100,NaN,NaN,NaN,NaN,NaN,NaN,NaN,transformer,embedding
3810,38110,NaN,NaN,NaN,NaN,NaN,NaN,NaN,transformer,embedding
3811,38120,NaN,NaN,NaN,NaN,NaN,NaN,NaN,transformer,embedding
3812,38130,NaN,NaN,NaN,NaN,NaN,NaN,NaN,transformer,embedding
3813,38140,NaN,NaN,NaN,NaN,NaN,NaN,NaN,transformer,embedding
3814,38150,NaN,NaN,NaN,NaN,NaN,NaN,NaN,transformer,embedding
3815,38160,NaN,NaN,NaN,NaN,NaN,NaN,NaN,transformer,embedding
3816,38170,NaN,NaN,NaN,NaN,NaN,NaN,NaN,transformer,embedding
3817,38180,NaN,NaN,NaN,NaN,NaN,NaN,NaN,transformer,embedding
3818,38190,NaN,NaN,NaN,NaN,NaN,NaN,NaN,transformer,embedding
3819,38200,NaN,NaN,NaN,NaN,NaN,NaN,NaN,transformer,embedding
3820,38210,NaN,NaN,NaN,NaN,NaN,NaN,NaN,transformer,embedding
3821,38220,NaN,NaN,NaN,NaN,NaN,NaN,NaN,transformer,embedding
3822,38230,NaN,NaN,NaN,NaN,NaN,NaN,NaN,transformer,embedding
3823,38240,NaN,NaN,NaN,NaN,NaN,NaN,NaN,transformer,embedding
3824,38250,NaN,NaN,NaN,NaN,NaN,NaN,NaN,transformer,embedding
3825,38260,NaN,NaN,NaN,NaN,NaN,NaN,NaN,transformer,embedding
3826,38270,NaN,NaN,NaN,NaN,NaN,NaN,NaN,transformer,embedding
3827,38280,NaN,NaN,NaN,NaN,NaN,NaN,NaN,transformer,embedding
3828,38290,3.977443796543412e-08,100.0,1.0,0.001,NaN,NaN,NaN,transformer,embedding
3829,38300,NaN,NaN,NaN,NaN,NaN,NaN,NaN,transformer,embedding
3830,38310,NaN,NaN,NaN,NaN,NaN,NaN,NaN,transformer,embedding
3831,38320,NaN,NaN,NaN,NaN,NaN,NaN,NaN,transformer,embedding
3832,38330,NaN,NaN,NaN,NaN,NaN,NaN,NaN,transformer,embedding
3833,38340,NaN,NaN,NaN,NaN,NaN,NaN,NaN,transformer,embedding
3834,38350,NaN,NaN,NaN,NaN,NaN,NaN,NaN,transformer,embedding
3835,38360,NaN,NaN,NaN,NaN,NaN,NaN,NaN,transformer,embedding
3836,38370,NaN,NaN,NaN,NaN,NaN,NaN,NaN,transformer,embedding
3837,38380,NaN,NaN,NaN,NaN,NaN,NaN,NaN,transformer,embedding
3838,38390,NaN,NaN,NaN,NaN,0.0006818227702751756,100.0,1.00068199634552,transformer,embedding
3839,38400,NaN,NaN,NaN,NaN,NaN,NaN,NaN,transformer,embedding
3840,38410,NaN,NaN,NaN,NaN,NaN,NaN,NaN,transformer,embedding
3841,38420,NaN,NaN,NaN,NaN,NaN,NaN,NaN,transformer,embedding
3842,38430,NaN,NaN,NaN,NaN,NaN,NaN,NaN,transformer,embedding
3843,38440,NaN,NaN,NaN,NaN,NaN,NaN,NaN,transformer,embedding
3844,38450,NaN,NaN,NaN,NaN,NaN,NaN,NaN,transformer,embedding
3845,38460,NaN,NaN,NaN,NaN,NaN,NaN,NaN,transformer,embedding
3846,38470,NaN,NaN,NaN,NaN,NaN,NaN,NaN,transformer,embedding
3847,38480,NaN,NaN,NaN,NaN,NaN,NaN,NaN,transformer,embedding
3848,38490,NaN,NaN,NaN,NaN,NaN,NaN,NaN,transformer,embedding
3849,38500,NaN,NaN,NaN,NaN,NaN,NaN,NaN,transformer,embedding
3850,38510,NaN,NaN,NaN,NaN,NaN,NaN,NaN,transformer,embedding
3851,38520,NaN,NaN,NaN,NaN,NaN,NaN,NaN,transformer,embedding
3852,38530,NaN,NaN,NaN,NaN,NaN,NaN,NaN,transformer,embedding
3853,38540,NaN,NaN,NaN,NaN,NaN,NaN,NaN,transformer,embedding
3854,38550,NaN,NaN,NaN,NaN,NaN,NaN,NaN,transformer,embedding
3855,38560,NaN,NaN,NaN,NaN,NaN,NaN,NaN,transformer,embedding
3856,38570,NaN,NaN,NaN,NaN,NaN,NaN,NaN,transformer,embedding
3857,38580,NaN,NaN,NaN,NaN,NaN,NaN,NaN,transformer,embedding
3858,38590,NaN,NaN,NaN,NaN,NaN,NaN,NaN,transformer,embedding
3859,38600,NaN,NaN,NaN,NaN,NaN,NaN,NaN,transformer,embedding
3860,38610,NaN,NaN,NaN,NaN,NaN,NaN,NaN,transformer,embedding
3861,38620,NaN,NaN,NaN,NaN,NaN,NaN,NaN,transformer,embedding
3862,38630,NaN,NaN,NaN,NaN,NaN,NaN,NaN,transformer,embedding
3863,38640,NaN,NaN,NaN,NaN,NaN,NaN,NaN,transformer,embedding
3864,38650,NaN,NaN,NaN,NaN,NaN,NaN,NaN,transformer,embedding
3865,38660,NaN,NaN,NaN,NaN,NaN,NaN,NaN,transformer,embedding
3866,38670,3.65686609882232e-08,100.0,1.0,0.001,NaN,NaN,NaN,transformer,embedding
3867,38680,NaN,NaN,NaN,NaN,NaN,NaN,NaN,transformer,embedding
3868,38690,NaN,NaN,NaN,NaN,NaN,NaN,NaN,transformer,embedding
3869,38700,NaN,NaN,NaN,NaN,NaN,NaN,NaN,transformer,embedding
3870,38710,NaN,NaN,NaN,NaN,NaN,NaN,NaN,transformer,embedding
3871,38720,NaN,NaN,NaN,NaN,NaN,NaN,NaN,transformer,embedding
3872,38730,NaN,NaN,NaN,NaN,NaN,NaN,NaN,transformer,embedding
3873,38740,NaN,NaN,NaN,NaN,NaN,NaN,NaN,transformer,embedding
3874,38750,NaN,NaN,NaN,NaN,NaN,NaN,NaN,transformer,embedding
3875,38760,NaN,NaN,NaN,NaN,NaN,NaN,NaN,transformer,embedding
3876,38770,NaN,NaN,NaN,NaN,NaN,NaN,NaN,transformer,embedding
3877,38780,NaN,NaN,NaN,NaN,NaN,NaN,NaN,transformer,embedding
3878,38790,NaN,NaN,NaN,NaN,NaN,NaN,NaN,transformer,embedding
3879,38800,NaN,NaN,NaN,NaN,NaN,NaN,NaN,transformer,embedding
3880,38810,NaN,NaN,NaN,NaN,NaN,NaN,NaN,transformer,embedding
3881,38820,NaN,NaN,NaN,NaN,NaN,NaN,NaN,transformer,embedding
3882,38830,NaN,NaN,NaN,NaN,NaN,NaN,NaN,transformer,embedding
3883,38840,NaN,NaN,NaN,NaN,NaN,NaN,NaN,transformer,embedding
3884,38850,NaN,NaN,NaN,NaN,NaN,NaN,NaN,transformer,embedding
3885,38860,NaN,NaN,NaN,NaN,NaN,NaN,NaN,transformer,embedding
3886,38870,NaN,NaN,NaN,NaN,NaN,NaN,NaN,transformer,embedding
3887,38880,NaN,NaN,NaN,NaN,NaN,NaN,NaN,transformer,embedding
3888,38890,NaN,NaN,NaN,NaN,NaN,NaN,NaN,transformer,embedding
3889,38900,NaN,NaN,NaN,NaN,NaN,NaN,NaN,transformer,embedding
3890,38910,NaN,NaN,NaN,NaN,NaN,NaN,NaN,transformer,embedding
3891,38920,NaN,NaN,NaN,NaN,NaN,NaN,NaN,transformer,embedding
3892,38930,NaN,NaN,NaN,NaN,NaN,NaN,NaN,transformer,embedding
3893,38940,NaN,NaN,NaN,NaN,NaN,NaN,NaN,transformer,embedding
3894,38950,NaN,NaN,NaN,NaN,NaN,NaN,NaN,transformer,embedding
3895,38960,NaN,NaN,NaN,NaN,NaN,NaN,NaN,transformer,embedding
3896,38970,NaN,NaN,NaN,NaN,NaN,NaN,NaN,transformer,embedding
3897,38980,NaN,NaN,NaN,NaN,NaN,NaN,NaN,transformer,embedding
3898,38990,NaN,NaN,NaN,NaN,NaN,NaN,NaN,transformer,embedding
3899,39000,NaN,NaN,NaN,NaN,NaN,NaN,NaN,transformer,embedding
3900,39010,NaN,NaN,NaN,NaN,NaN,NaN,NaN,transformer,embedding
3901,39020,NaN,NaN,NaN,NaN,NaN,NaN,NaN,transformer,embedding
3902,39030,NaN,NaN,NaN,NaN,NaN,NaN,NaN,transformer,embedding
3903,39040,NaN,NaN,NaN,NaN,NaN,NaN,NaN,transformer,embedding
3904,39050,5.510641543082784e-08,100.0,1.0,0.001,NaN,NaN,NaN,transformer,embedding
3905,39060,NaN,NaN,NaN,NaN,NaN,NaN,NaN,transformer,embedding
3906,39070,NaN,NaN,NaN,NaN,NaN,NaN,NaN,transformer,embedding
3907,39080,NaN,NaN,NaN,NaN,NaN,NaN,NaN,transformer,embedding
3908,39090,NaN,NaN,NaN,NaN,NaN,NaN,NaN,transformer,embedding
3909,39100,NaN,NaN,NaN,NaN,NaN,NaN,NaN,transformer,embedding
3910,39110,NaN,NaN,NaN,NaN,NaN,NaN,NaN,transformer,embedding
3911,39120,NaN,NaN,NaN,NaN,NaN,NaN,NaN,transformer,embedding
3912,39130,NaN,NaN,NaN,NaN,NaN,NaN,NaN,transformer,embedding
3913,39140,NaN,NaN,NaN,NaN,NaN,NaN,NaN,transformer,embedding
3914,39150,NaN,NaN,NaN,NaN,0.0002837030333466828,100.0,1.0002837181091309,transformer,embedding
3915,39160,NaN,NaN,NaN,NaN,NaN,NaN,NaN,transformer,embedding
3916,39170,NaN,NaN,NaN,NaN,NaN,NaN,NaN,transformer,embedding
3917,39180,NaN,NaN,NaN,NaN,NaN,NaN,NaN,transformer,embedding
3918,39190,NaN,NaN,NaN,NaN,NaN,NaN,NaN,transformer,embedding
3919,39200,NaN,NaN,NaN,NaN,NaN,NaN,NaN,transformer,embedding
3920,39210,NaN,NaN,NaN,NaN,NaN,NaN,NaN,transformer,embedding
3921,39220,NaN,NaN,NaN,NaN,NaN,NaN,NaN,transformer,embedding
3922,39230,NaN,NaN,NaN,NaN,NaN,NaN,NaN,transformer,embedding
3923,39240,NaN,NaN,NaN,NaN,NaN,NaN,NaN,transformer,embedding
3924,39250,NaN,NaN,NaN,NaN,NaN,NaN,NaN,transformer,embedding
3925,39260,NaN,NaN,NaN,NaN,NaN,NaN,NaN,transformer,embedding
3926,39270,NaN,NaN,NaN,NaN,NaN,NaN,NaN,transformer,embedding
3927,39280,NaN,NaN,NaN,NaN,NaN,NaN,NaN,transformer,embedding
3928,39290,NaN,NaN,NaN,NaN,NaN,NaN,NaN,transformer,embedding
3929,39300,NaN,NaN,NaN,NaN,NaN,NaN,NaN,transformer,embedding
3930,39310,NaN,NaN,NaN,NaN,NaN,NaN,NaN,transformer,embedding
3931,39320,NaN,NaN,NaN,NaN,NaN,NaN,NaN,transformer,embedding
3932,39330,NaN,NaN,NaN,NaN,NaN,NaN,NaN,transformer,embedding
3933,39340,NaN,NaN,NaN,NaN,NaN,NaN,NaN,transformer,embedding
3934,39350,NaN,NaN,NaN,NaN,NaN,NaN,NaN,transformer,embedding
3935,39360,NaN,NaN,NaN,NaN,NaN,NaN,NaN,transformer,embedding
3936,39370,NaN,NaN,NaN,NaN,NaN,NaN,NaN,transformer,embedding
3937,39380,NaN,NaN,NaN,NaN,NaN,NaN,NaN,transformer,embedding
3938,39390,NaN,NaN,NaN,NaN,NaN,NaN,NaN,transformer,embedding
3939,39400,NaN,NaN,NaN,NaN,NaN,NaN,NaN,transformer,embedding
3940,39410,NaN,NaN,NaN,NaN,NaN,NaN,NaN,transformer,embedding
3941,39420,NaN,NaN,NaN,NaN,NaN,NaN,NaN,transformer,embedding
3942,39430,NaN,NaN,NaN,NaN,NaN,NaN,NaN,transformer,embedding
3943,39440,3.421184402441213e-08,100.0,1.0,0.001,NaN,NaN,NaN,transformer,embedding
3944,39450,NaN,NaN,NaN,NaN,NaN,NaN,NaN,transformer,embedding
3945,39460,NaN,NaN,NaN,NaN,NaN,NaN,NaN,transformer,embedding
3946,39470,NaN,NaN,NaN,NaN,NaN,NaN,NaN,transformer,embedding
3947,39480,NaN,NaN,NaN,NaN,NaN,NaN,NaN,transformer,embedding
3948,39490,NaN,NaN,NaN,NaN,NaN,NaN,NaN,transformer,embedding
3949,39500,NaN,NaN,NaN,NaN,NaN,NaN,NaN,transformer,embedding
3950,39510,NaN,NaN,NaN,NaN,NaN,NaN,NaN,transformer,embedding
3951,39520,NaN,NaN,NaN,NaN,NaN,NaN,NaN,transformer,embedding
3952,39530,NaN,NaN,NaN,NaN,NaN,NaN,NaN,transformer,embedding
3953,39540,NaN,NaN,NaN,NaN,NaN,NaN,NaN,transformer,embedding
3954,39550,NaN,NaN,NaN,NaN,NaN,NaN,NaN,transformer,embedding
3955,39560,NaN,NaN,NaN,NaN,NaN,NaN,NaN,transformer,embedding
3956,39570,NaN,NaN,NaN,NaN,NaN,NaN,NaN,transformer,embedding
3957,39580,NaN,NaN,NaN,NaN,NaN,NaN,NaN,transformer,embedding
3958,39590,NaN,NaN,NaN,NaN,NaN,NaN,NaN,transformer,embedding
3959,39600,NaN,NaN,NaN,NaN,NaN,NaN,NaN,transformer,embedding
3960,39610,NaN,NaN,NaN,NaN,NaN,NaN,NaN,transformer,embedding
3961,39620,NaN,NaN,NaN,NaN,NaN,NaN,NaN,transformer,embedding
3962,39630,NaN,NaN,NaN,NaN,NaN,NaN,NaN,transformer,embedding
3963,39640,NaN,NaN,NaN,NaN,NaN,NaN,NaN,transformer,embedding
3964,39650,NaN,NaN,NaN,NaN,NaN,NaN,NaN,transformer,embedding
3965,39660,NaN,NaN,NaN,NaN,NaN,NaN,NaN,transformer,embedding
3966,39670,NaN,NaN,NaN,NaN,NaN,NaN,NaN,transformer,embedding
3967,39680,NaN,NaN,NaN,NaN,NaN,NaN,NaN,transformer,embedding
3968,39690,NaN,NaN,NaN,NaN,NaN,NaN,NaN,transformer,embedding
3969,39700,NaN,NaN,NaN,NaN,NaN,NaN,NaN,transformer,embedding
3970,39710,NaN,NaN,NaN,NaN,NaN,NaN,NaN,transformer,embedding
3971,39720,NaN,NaN,NaN,NaN,NaN,NaN,NaN,transformer,embedding
3972,39730,NaN,NaN,NaN,NaN,NaN,NaN,NaN,transformer,embedding
3973,39740,NaN,NaN,NaN,NaN,NaN,NaN,NaN,transformer,embedding
3974,39750,NaN,NaN,NaN,NaN,NaN,NaN,NaN,transformer,embedding
3975,39760,NaN,NaN,NaN,NaN,NaN,NaN,NaN,transformer,embedding
3976,39770,NaN,NaN,NaN,NaN,NaN,NaN,NaN,transformer,embedding
3977,39780,NaN,NaN,NaN,NaN,NaN,NaN,NaN,transformer,embedding
3978,39790,NaN,NaN,NaN,NaN,NaN,NaN,NaN,transformer,embedding
3979,39800,NaN,NaN,NaN,NaN,NaN,NaN,NaN,transformer,embedding
3980,39810,NaN,NaN,NaN,NaN,NaN,NaN,NaN,transformer,embedding
3981,39820,NaN,NaN,NaN,NaN,NaN,NaN,NaN,transformer,embedding
3982,39830,3.150023886178133e-08,100.0,1.0,0.001,NaN,NaN,NaN,transformer,embedding
3983,39840,NaN,NaN,NaN,NaN,NaN,NaN,NaN,transformer,embedding
3984,39850,NaN,NaN,NaN,NaN,NaN,NaN,NaN,transformer,embedding
3985,39860,NaN,NaN,NaN,NaN,NaN,NaN,NaN,transformer,embedding
3986,39870,NaN,NaN,NaN,NaN,NaN,NaN,NaN,transformer,embedding
3987,39880,NaN,NaN,NaN,NaN,NaN,NaN,NaN,transformer,embedding
3988,39890,NaN,NaN,NaN,NaN,NaN,NaN,NaN,transformer,embedding
3989,39900,NaN,NaN,NaN,NaN,NaN,NaN,NaN,transformer,embedding
3990,39910,NaN,NaN,NaN,NaN,NaN,NaN,NaN,transformer,embedding
3991,39920,NaN,NaN,NaN,NaN,NaN,NaN,NaN,transformer,embedding
3992,39930,NaN,NaN,NaN,NaN,0.00013050861889496446,100.0,1.000130534172058,transformer,embedding
3993,39940,NaN,NaN,NaN,NaN,NaN,NaN,NaN,transformer,embedding
3994,39950,NaN,NaN,NaN,NaN,NaN,NaN,NaN,transformer,embedding
3995,39960,NaN,NaN,NaN,NaN,NaN,NaN,NaN,transformer,embedding
3996,39970,NaN,NaN,NaN,NaN,NaN,NaN,NaN,transformer,embedding
3997,39980,NaN,NaN,NaN,NaN,NaN,NaN,NaN,transformer,embedding
3998,39990,NaN,NaN,NaN,NaN,NaN,NaN,NaN,transformer,embedding
3999,40000,NaN,NaN,NaN,NaN,NaN,NaN,NaN,transformer,embedding
4000,40010,NaN,NaN,NaN,NaN,NaN,NaN,NaN,transformer,embedding
4001,40020,NaN,NaN,NaN,NaN,NaN,NaN,NaN,transformer,embedding
4002,40030,NaN,NaN,NaN,NaN,NaN,NaN,NaN,transformer,embedding
4003,40040,NaN,NaN,NaN,NaN,NaN,NaN,NaN,transformer,embedding
4004,40050,NaN,NaN,NaN,NaN,NaN,NaN,NaN,transformer,embedding
4005,40060,NaN,NaN,NaN,NaN,NaN,NaN,NaN,transformer,embedding
4006,40070,NaN,NaN,NaN,NaN,NaN,NaN,NaN,transformer,embedding
4007,40080,NaN,NaN,NaN,NaN,NaN,NaN,NaN,transformer,embedding
4008,40090,NaN,NaN,NaN,NaN,NaN,NaN,NaN,transformer,embedding
4009,40100,NaN,NaN,NaN,NaN,NaN,NaN,NaN,transformer,embedding
4010,40110,NaN,NaN,NaN,NaN,NaN,NaN,NaN,transformer,embedding
4011,40120,NaN,NaN,NaN,NaN,NaN,NaN,NaN,transformer,embedding
4012,40130,NaN,NaN,NaN,NaN,NaN,NaN,NaN,transformer,embedding
4013,40140,NaN,NaN,NaN,NaN,NaN,NaN,NaN,transformer,embedding
4014,40150,NaN,NaN,NaN,NaN,NaN,NaN,NaN,transformer,embedding
4015,40160,NaN,NaN,NaN,NaN,NaN,NaN,NaN,transformer,embedding
4016,40170,NaN,NaN,NaN,NaN,NaN,NaN,NaN,transformer,embedding
4017,40180,NaN,NaN,NaN,NaN,NaN,NaN,NaN,transformer,embedding
4018,40190,NaN,NaN,NaN,NaN,NaN,NaN,NaN,transformer,embedding
4019,40200,NaN,NaN,NaN,NaN,NaN,NaN,NaN,transformer,embedding
4020,40210,NaN,NaN,NaN,NaN,NaN,NaN,NaN,transformer,embedding
4021,40220,3.214646326910042e-08,100.0,1.0,0.001,NaN,NaN,NaN,transformer,embedding
4022,40230,NaN,NaN,NaN,NaN,NaN,NaN,NaN,transformer,embedding
4023,40240,NaN,NaN,NaN,NaN,NaN,NaN,NaN,transformer,embedding
4024,40250,NaN,NaN,NaN,NaN,NaN,NaN,NaN,transformer,embedding
4025,40260,NaN,NaN,NaN,NaN,NaN,NaN,NaN,transformer,embedding
4026,40270,NaN,NaN,NaN,NaN,NaN,NaN,NaN,transformer,embedding
4027,40280,NaN,NaN,NaN,NaN,NaN,NaN,NaN,transformer,embedding
4028,40290,NaN,NaN,NaN,NaN,NaN,NaN,NaN,transformer,embedding
4029,40300,NaN,NaN,NaN,NaN,NaN,NaN,NaN,transformer,embedding
4030,40310,NaN,NaN,NaN,NaN,NaN,NaN,NaN,transformer,embedding
4031,40320,NaN,NaN,NaN,NaN,NaN,NaN,NaN,transformer,embedding
4032,40330,NaN,NaN,NaN,NaN,NaN,NaN,NaN,transformer,embedding
4033,40340,NaN,NaN,NaN,NaN,NaN,NaN,NaN,transformer,embedding
4034,40350,NaN,NaN,NaN,NaN,NaN,NaN,NaN,transformer,embedding
4035,40360,NaN,NaN,NaN,NaN,NaN,NaN,NaN,transformer,embedding
4036,40370,NaN,NaN,NaN,NaN,NaN,NaN,NaN,transformer,embedding
4037,40380,NaN,NaN,NaN,NaN,NaN,NaN,NaN,transformer,embedding
4038,40390,NaN,NaN,NaN,NaN,NaN,NaN,NaN,transformer,embedding
4039,40400,NaN,NaN,NaN,NaN,NaN,NaN,NaN,transformer,embedding
4040,40410,NaN,NaN,NaN,NaN,NaN,NaN,NaN,transformer,embedding
4041,40420,NaN,NaN,NaN,NaN,NaN,NaN,NaN,transformer,embedding
4042,40430,NaN,NaN,NaN,NaN,NaN,NaN,NaN,transformer,embedding
4043,40440,NaN,NaN,NaN,NaN,NaN,NaN,NaN,transformer,embedding
4044,40450,NaN,NaN,NaN,NaN,NaN,NaN,NaN,transformer,embedding
4045,40460,NaN,NaN,NaN,NaN,NaN,NaN,NaN,transformer,embedding
4046,40470,NaN,NaN,NaN,NaN,NaN,NaN,NaN,transformer,embedding
4047,40480,NaN,NaN,NaN,NaN,NaN,NaN,NaN,transformer,embedding
4048,40490,NaN,NaN,NaN,NaN,NaN,NaN,NaN,transformer,embedding
4049,40500,NaN,NaN,NaN,NaN,NaN,NaN,NaN,transformer,embedding
4050,40510,NaN,NaN,NaN,NaN,NaN,NaN,NaN,transformer,embedding
4051,40520,NaN,NaN,NaN,NaN,NaN,NaN,NaN,transformer,embedding
4052,40530,NaN,NaN,NaN,NaN,NaN,NaN,NaN,transformer,embedding
4053,40540,NaN,NaN,NaN,NaN,NaN,NaN,NaN,transformer,embedding
4054,40550,NaN,NaN,NaN,NaN,NaN,NaN,NaN,transformer,embedding
4055,40560,NaN,NaN,NaN,NaN,NaN,NaN,NaN,transformer,embedding
4056,40570,NaN,NaN,NaN,NaN,NaN,NaN,NaN,transformer,embedding
4057,40580,NaN,NaN,NaN,NaN,NaN,NaN,NaN,transformer,embedding
4058,40590,NaN,NaN,NaN,NaN,NaN,NaN,NaN,transformer,embedding
4059,40600,NaN,NaN,NaN,NaN,NaN,NaN,NaN,transformer,embedding
4060,40610,NaN,NaN,NaN,NaN,NaN,NaN,NaN,transformer,embedding
4061,40620,3.058792330534743e-08,100.0,1.0,0.001,NaN,NaN,NaN,transformer,embedding
4062,40630,NaN,NaN,NaN,NaN,NaN,NaN,NaN,transformer,embedding
4063,40640,NaN,NaN,NaN,NaN,NaN,NaN,NaN,transformer,embedding
4064,40650,NaN,NaN,NaN,NaN,NaN,NaN,NaN,transformer,embedding
4065,40660,NaN,NaN,NaN,NaN,NaN,NaN,NaN,transformer,embedding
4066,40670,NaN,NaN,NaN,NaN,NaN,NaN,NaN,transformer,embedding
4067,40680,NaN,NaN,NaN,NaN,NaN,NaN,NaN,transformer,embedding
4068,40690,NaN,NaN,NaN,NaN,NaN,NaN,NaN,transformer,embedding
4069,40700,NaN,NaN,NaN,NaN,NaN,NaN,NaN,transformer,embedding
4070,40710,NaN,NaN,NaN,NaN,NaN,NaN,NaN,transformer,embedding
4071,40720,NaN,NaN,NaN,NaN,5.087905083200894e-05,100.0,1.0000509023666382,transformer,embedding
4072,40730,NaN,NaN,NaN,NaN,NaN,NaN,NaN,transformer,embedding
4073,40740,NaN,NaN,NaN,NaN,NaN,NaN,NaN,transformer,embedding
4074,40750,NaN,NaN,NaN,NaN,NaN,NaN,NaN,transformer,embedding
4075,40760,NaN,NaN,NaN,NaN,NaN,NaN,NaN,transformer,embedding
4076,40770,NaN,NaN,NaN,NaN,NaN,NaN,NaN,transformer,embedding
4077,40780,NaN,NaN,NaN,NaN,NaN,NaN,NaN,transformer,embedding
4078,40790,NaN,NaN,NaN,NaN,NaN,NaN,NaN,transformer,embedding
4079,40800,NaN,NaN,NaN,NaN,NaN,NaN,NaN,transformer,embedding
4080,40810,NaN,NaN,NaN,NaN,NaN,NaN,NaN,transformer,embedding
4081,40820,NaN,NaN,NaN,NaN,NaN,NaN,NaN,transformer,embedding
4082,40830,NaN,NaN,NaN,NaN,NaN,NaN,NaN,transformer,embedding
4083,40840,NaN,NaN,NaN,NaN,NaN,NaN,NaN,transformer,embedding
4084,40850,NaN,NaN,NaN,NaN,NaN,NaN,NaN,transformer,embedding
4085,40860,NaN,NaN,NaN,NaN,NaN,NaN,NaN,transformer,embedding
4086,40870,NaN,NaN,NaN,NaN,NaN,NaN,NaN,transformer,embedding
4087,40880,NaN,NaN,NaN,NaN,NaN,NaN,NaN,transformer,embedding
4088,40890,NaN,NaN,NaN,NaN,NaN,NaN,NaN,transformer,embedding
4089,40900,NaN,NaN,NaN,NaN,NaN,NaN,NaN,transformer,embedding
4090,40910,NaN,NaN,NaN,NaN,NaN,NaN,NaN,transformer,embedding
4091,40920,NaN,NaN,NaN,NaN,NaN,NaN,NaN,transformer,embedding
4092,40930,NaN,NaN,NaN,NaN,NaN,NaN,NaN,transformer,embedding
4093,40940,NaN,NaN,NaN,NaN,NaN,NaN,NaN,transformer,embedding
4094,40950,NaN,NaN,NaN,NaN,NaN,NaN,NaN,transformer,embedding
4095,40960,NaN,NaN,NaN,NaN,NaN,NaN,NaN,transformer,embedding
4096,40970,NaN,NaN,NaN,NaN,NaN,NaN,NaN,transformer,embedding
4097,40980,NaN,NaN,NaN,NaN,NaN,NaN,NaN,transformer,embedding
4098,40990,NaN,NaN,NaN,NaN,NaN,NaN,NaN,transformer,embedding
4099,41000,NaN,NaN,NaN,NaN,NaN,NaN,NaN,transformer,embedding
4100,41010,NaN,NaN,NaN,NaN,NaN,NaN,NaN,transformer,embedding
4101,41020,3.065127884838148e-08,100.0,1.0,0.001,NaN,NaN,NaN,transformer,embedding
4102,41030,NaN,NaN,NaN,NaN,NaN,NaN,NaN,transformer,embedding
4103,41040,NaN,NaN,NaN,NaN,NaN,NaN,NaN,transformer,embedding
4104,41050,NaN,NaN,NaN,NaN,NaN,NaN,NaN,transformer,embedding
4105,41060,NaN,NaN,NaN,NaN,NaN,NaN,NaN,transformer,embedding
4106,41070,NaN,NaN,NaN,NaN,NaN,NaN,NaN,transformer,embedding
4107,41080,NaN,NaN,NaN,NaN,NaN,NaN,NaN,transformer,embedding
4108,41090,NaN,NaN,NaN,NaN,NaN,NaN,NaN,transformer,embedding
4109,41100,NaN,NaN,NaN,NaN,NaN,NaN,NaN,transformer,embedding
4110,41110,NaN,NaN,NaN,NaN,NaN,NaN,NaN,transformer,embedding
4111,41120,NaN,NaN,NaN,NaN,NaN,NaN,NaN,transformer,embedding
4112,41130,NaN,NaN,NaN,NaN,NaN,NaN,NaN,transformer,embedding
4113,41140,NaN,NaN,NaN,NaN,NaN,NaN,NaN,transformer,embedding
4114,41150,NaN,NaN,NaN,NaN,NaN,NaN,NaN,transformer,embedding
4115,41160,NaN,NaN,NaN,NaN,NaN,NaN,NaN,transformer,embedding
4116,41170,NaN,NaN,NaN,NaN,NaN,NaN,NaN,transformer,embedding
4117,41180,NaN,NaN,NaN,NaN,NaN,NaN,NaN,transformer,embedding
4118,41190,NaN,NaN,NaN,NaN,NaN,NaN,NaN,transformer,embedding
4119,41200,NaN,NaN,NaN,NaN,NaN,NaN,NaN,transformer,embedding
4120,41210,NaN,NaN,NaN,NaN,NaN,NaN,NaN,transformer,embedding
4121,41220,NaN,NaN,NaN,NaN,NaN,NaN,NaN,transformer,embedding
4122,41230,NaN,NaN,NaN,NaN,NaN,NaN,NaN,transformer,embedding
4123,41240,NaN,NaN,NaN,NaN,NaN,NaN,NaN,transformer,embedding
4124,41250,NaN,NaN,NaN,NaN,NaN,NaN,NaN,transformer,embedding
4125,41260,NaN,NaN,NaN,NaN,NaN,NaN,NaN,transformer,embedding
4126,41270,NaN,NaN,NaN,NaN,NaN,NaN,NaN,transformer,embedding
4127,41280,NaN,NaN,NaN,NaN,NaN,NaN,NaN,transformer,embedding
4128,41290,NaN,NaN,NaN,NaN,NaN,NaN,NaN,transformer,embedding
4129,41300,NaN,NaN,NaN,NaN,NaN,NaN,NaN,transformer,embedding
4130,41310,NaN,NaN,NaN,NaN,NaN,NaN,NaN,transformer,embedding
4131,41320,NaN,NaN,NaN,NaN,NaN,NaN,NaN,transformer,embedding
4132,41330,NaN,NaN,NaN,NaN,NaN,NaN,NaN,transformer,embedding
4133,41340,NaN,NaN,NaN,NaN,NaN,NaN,NaN,transformer,embedding
4134,41350,NaN,NaN,NaN,NaN,NaN,NaN,NaN,transformer,embedding
4135,41360,NaN,NaN,NaN,NaN,NaN,NaN,NaN,transformer,embedding
4136,41370,NaN,NaN,NaN,NaN,NaN,NaN,NaN,transformer,embedding
4137,41380,NaN,NaN,NaN,NaN,NaN,NaN,NaN,transformer,embedding
4138,41390,NaN,NaN,NaN,NaN,NaN,NaN,NaN,transformer,embedding
4139,41400,NaN,NaN,NaN,NaN,NaN,NaN,NaN,transformer,embedding
4140,41410,NaN,NaN,NaN,NaN,NaN,NaN,NaN,transformer,embedding
4141,41420,NaN,NaN,NaN,NaN,NaN,NaN,NaN,transformer,embedding
4142,41430,3.0423201735629846e-08,100.0,1.0,0.001,NaN,NaN,NaN,transformer,embedding
4143,41440,NaN,NaN,NaN,NaN,NaN,NaN,NaN,transformer,embedding
4144,41450,NaN,NaN,NaN,NaN,NaN,NaN,NaN,transformer,embedding
4145,41460,NaN,NaN,NaN,NaN,NaN,NaN,NaN,transformer,embedding
4146,41470,NaN,NaN,NaN,NaN,NaN,NaN,NaN,transformer,embedding
4147,41480,NaN,NaN,NaN,NaN,NaN,NaN,NaN,transformer,embedding
4148,41490,NaN,NaN,NaN,NaN,NaN,NaN,NaN,transformer,embedding
4149,41500,NaN,NaN,NaN,NaN,NaN,NaN,NaN,transformer,embedding
4150,41510,NaN,NaN,NaN,NaN,NaN,NaN,NaN,transformer,embedding
4151,41520,NaN,NaN,NaN,NaN,NaN,NaN,NaN,transformer,embedding
4152,41530,NaN,NaN,NaN,NaN,2.6775240257848054e-05,100.0,1.000026822090149,transformer,embedding
4153,41540,NaN,NaN,NaN,NaN,NaN,NaN,NaN,transformer,embedding
4154,41550,NaN,NaN,NaN,NaN,NaN,NaN,NaN,transformer,embedding
4155,41560,NaN,NaN,NaN,NaN,NaN,NaN,NaN,transformer,embedding
4156,41570,NaN,NaN,NaN,NaN,NaN,NaN,NaN,transformer,embedding
4157,41580,NaN,NaN,NaN,NaN,NaN,NaN,NaN,transformer,embedding
4158,41590,NaN,NaN,NaN,NaN,NaN,NaN,NaN,transformer,embedding
4159,41600,NaN,NaN,NaN,NaN,NaN,NaN,NaN,transformer,embedding
4160,41610,NaN,NaN,NaN,NaN,NaN,NaN,NaN,transformer,embedding
4161,41620,NaN,NaN,NaN,NaN,NaN,NaN,NaN,transformer,embedding
4162,41630,NaN,NaN,NaN,NaN,NaN,NaN,NaN,transformer,embedding
4163,41640,NaN,NaN,NaN,NaN,NaN,NaN,NaN,transformer,embedding
4164,41650,NaN,NaN,NaN,NaN,NaN,NaN,NaN,transformer,embedding
4165,41660,NaN,NaN,NaN,NaN,NaN,NaN,NaN,transformer,embedding
4166,41670,NaN,NaN,NaN,NaN,NaN,NaN,NaN,transformer,embedding
4167,41680,NaN,NaN,NaN,NaN,NaN,NaN,NaN,transformer,embedding
4168,41690,NaN,NaN,NaN,NaN,NaN,NaN,NaN,transformer,embedding
4169,41700,NaN,NaN,NaN,NaN,NaN,NaN,NaN,transformer,embedding
4170,41710,NaN,NaN,NaN,NaN,NaN,NaN,NaN,transformer,embedding
4171,41720,NaN,NaN,NaN,NaN,NaN,NaN,NaN,transformer,embedding
4172,41730,NaN,NaN,NaN,NaN,NaN,NaN,NaN,transformer,embedding
4173,41740,NaN,NaN,NaN,NaN,NaN,NaN,NaN,transformer,embedding
4174,41750,NaN,NaN,NaN,NaN,NaN,NaN,NaN,transformer,embedding
4175,41760,NaN,NaN,NaN,NaN,NaN,NaN,NaN,transformer,embedding
4176,41770,NaN,NaN,NaN,NaN,NaN,NaN,NaN,transformer,embedding
4177,41780,NaN,NaN,NaN,NaN,NaN,NaN,NaN,transformer,embedding
4178,41790,NaN,NaN,NaN,NaN,NaN,NaN,NaN,transformer,embedding
4179,41800,NaN,NaN,NaN,NaN,NaN,NaN,NaN,transformer,embedding
4180,41810,NaN,NaN,NaN,NaN,NaN,NaN,NaN,transformer,embedding
4181,41820,NaN,NaN,NaN,NaN,NaN,NaN,NaN,transformer,embedding
4182,41830,NaN,NaN,NaN,NaN,NaN,NaN,NaN,transformer,embedding
4183,41840,3.2032424712724605e-08,100.0,1.0,0.001,NaN,NaN,NaN,transformer,embedding
4184,41850,NaN,NaN,NaN,NaN,NaN,NaN,NaN,transformer,embedding
4185,41860,NaN,NaN,NaN,NaN,NaN,NaN,NaN,transformer,embedding
4186,41870,NaN,NaN,NaN,NaN,NaN,NaN,NaN,transformer,embedding
4187,41880,NaN,NaN,NaN,NaN,NaN,NaN,NaN,transformer,embedding
4188,41890,NaN,NaN,NaN,NaN,NaN,NaN,NaN,transformer,embedding
4189,41900,NaN,NaN,NaN,NaN,NaN,NaN,NaN,transformer,embedding
4190,41910,NaN,NaN,NaN,NaN,NaN,NaN,NaN,transformer,embedding
4191,41920,NaN,NaN,NaN,NaN,NaN,NaN,NaN,transformer,embedding
4192,41930,NaN,NaN,NaN,NaN,NaN,NaN,NaN,transformer,embedding
4193,41940,NaN,NaN,NaN,NaN,NaN,NaN,NaN,transformer,embedding
4194,41950,NaN,NaN,NaN,NaN,NaN,NaN,NaN,transformer,embedding
4195,41960,NaN,NaN,NaN,NaN,NaN,NaN,NaN,transformer,embedding
4196,41970,NaN,NaN,NaN,NaN,NaN,NaN,NaN,transformer,embedding
4197,41980,NaN,NaN,NaN,NaN,NaN,NaN,NaN,transformer,embedding
4198,41990,NaN,NaN,NaN,NaN,NaN,NaN,NaN,transformer,embedding
4199,42000,NaN,NaN,NaN,NaN,NaN,NaN,NaN,transformer,embedding
4200,42010,NaN,NaN,NaN,NaN,NaN,NaN,NaN,transformer,embedding
4201,42020,NaN,NaN,NaN,NaN,NaN,NaN,NaN,transformer,embedding
4202,42030,NaN,NaN,NaN,NaN,NaN,NaN,NaN,transformer,embedding
4203,42040,NaN,NaN,NaN,NaN,NaN,NaN,NaN,transformer,embedding
4204,42050,NaN,NaN,NaN,NaN,NaN,NaN,NaN,transformer,embedding
4205,42060,NaN,NaN,NaN,NaN,NaN,NaN,NaN,transformer,embedding
4206,42070,NaN,NaN,NaN,NaN,NaN,NaN,NaN,transformer,embedding
4207,42080,NaN,NaN,NaN,NaN,NaN,NaN,NaN,transformer,embedding
4208,42090,NaN,NaN,NaN,NaN,NaN,NaN,NaN,transformer,embedding
4209,42100,NaN,NaN,NaN,NaN,NaN,NaN,NaN,transformer,embedding
4210,42110,NaN,NaN,NaN,NaN,NaN,NaN,NaN,transformer,embedding
4211,42120,NaN,NaN,NaN,NaN,NaN,NaN,NaN,transformer,embedding
4212,42130,NaN,NaN,NaN,NaN,NaN,NaN,NaN,transformer,embedding
4213,42140,NaN,NaN,NaN,NaN,NaN,NaN,NaN,transformer,embedding
4214,42150,NaN,NaN,NaN,NaN,NaN,NaN,NaN,transformer,embedding
4215,42160,NaN,NaN,NaN,NaN,NaN,NaN,NaN,transformer,embedding
4216,42170,NaN,NaN,NaN,NaN,NaN,NaN,NaN,transformer,embedding
4217,42180,NaN,NaN,NaN,NaN,NaN,NaN,NaN,transformer,embedding
4218,42190,NaN,NaN,NaN,NaN,NaN,NaN,NaN,transformer,embedding
4219,42200,NaN,NaN,NaN,NaN,NaN,NaN,NaN,transformer,embedding
4220,42210,NaN,NaN,NaN,NaN,NaN,NaN,NaN,transformer,embedding
4221,42220,NaN,NaN,NaN,NaN,NaN,NaN,NaN,transformer,embedding
4222,42230,NaN,NaN,NaN,NaN,NaN,NaN,NaN,transformer,embedding
4223,42240,NaN,NaN,NaN,NaN,NaN,NaN,NaN,transformer,embedding
4224,42250,2.7990358475449284e-08,100.0,1.0,0.001,NaN,NaN,NaN,transformer,embedding
4225,42260,NaN,NaN,NaN,NaN,NaN,NaN,NaN,transformer,embedding
4226,42270,NaN,NaN,NaN,NaN,NaN,NaN,NaN,transformer,embedding
4227,42280,NaN,NaN,NaN,NaN,NaN,NaN,NaN,transformer,embedding
4228,42290,NaN,NaN,NaN,NaN,NaN,NaN,NaN,transformer,embedding
4229,42300,NaN,NaN,NaN,NaN,NaN,NaN,NaN,transformer,embedding
4230,42310,NaN,NaN,NaN,NaN,NaN,NaN,NaN,transformer,embedding
4231,42320,NaN,NaN,NaN,NaN,NaN,NaN,NaN,transformer,embedding
4232,42330,NaN,NaN,NaN,NaN,NaN,NaN,NaN,transformer,embedding
4233,42340,NaN,NaN,NaN,NaN,NaN,NaN,NaN,transformer,embedding
4234,42350,NaN,NaN,NaN,NaN,NaN,NaN,NaN,transformer,embedding
4235,42360,NaN,NaN,NaN,NaN,1.0752813977887854e-05,100.0,1.0000107288360596,transformer,embedding
4236,42370,NaN,NaN,NaN,NaN,NaN,NaN,NaN,transformer,embedding
4237,42380,NaN,NaN,NaN,NaN,NaN,NaN,NaN,transformer,embedding
4238,42390,NaN,NaN,NaN,NaN,NaN,NaN,NaN,transformer,embedding
4239,42400,NaN,NaN,NaN,NaN,NaN,NaN,NaN,transformer,embedding
4240,42410,NaN,NaN,NaN,NaN,NaN,NaN,NaN,transformer,embedding
4241,42420,NaN,NaN,NaN,NaN,NaN,NaN,NaN,transformer,embedding
4242,42430,NaN,NaN,NaN,NaN,NaN,NaN,NaN,transformer,embedding
4243,42440,NaN,NaN,NaN,NaN,NaN,NaN,NaN,transformer,embedding
4244,42450,NaN,NaN,NaN,NaN,NaN,NaN,NaN,transformer,embedding
4245,42460,NaN,NaN,NaN,NaN,NaN,NaN,NaN,transformer,embedding
4246,42470,NaN,NaN,NaN,NaN,NaN,NaN,NaN,transformer,embedding
4247,42480,NaN,NaN,NaN,NaN,NaN,NaN,NaN,transformer,embedding
4248,42490,NaN,NaN,NaN,NaN,NaN,NaN,NaN,transformer,embedding
4249,42500,NaN,NaN,NaN,NaN,NaN,NaN,NaN,transformer,embedding
4250,42510,NaN,NaN,NaN,NaN,NaN,NaN,NaN,transformer,embedding
4251,42520,NaN,NaN,NaN,NaN,NaN,NaN,NaN,transformer,embedding
4252,42530,NaN,NaN,NaN,NaN,NaN,NaN,NaN,transformer,embedding
4253,42540,NaN,NaN,NaN,NaN,NaN,NaN,NaN,transformer,embedding
4254,42550,NaN,NaN,NaN,NaN,NaN,NaN,NaN,transformer,embedding
4255,42560,NaN,NaN,NaN,NaN,NaN,NaN,NaN,transformer,embedding
4256,42570,NaN,NaN,NaN,NaN,NaN,NaN,NaN,transformer,embedding
4257,42580,NaN,NaN,NaN,NaN,NaN,NaN,NaN,transformer,embedding
4258,42590,NaN,NaN,NaN,NaN,NaN,NaN,NaN,transformer,embedding
4259,42600,NaN,NaN,NaN,NaN,NaN,NaN,NaN,transformer,embedding
4260,42610,NaN,NaN,NaN,NaN,NaN,NaN,NaN,transformer,embedding
4261,42620,NaN,NaN,NaN,NaN,NaN,NaN,NaN,transformer,embedding
4262,42630,NaN,NaN,NaN,NaN,NaN,NaN,NaN,transformer,embedding
4263,42640,NaN,NaN,NaN,NaN,NaN,NaN,NaN,transformer,embedding
4264,42650,NaN,NaN,NaN,NaN,NaN,NaN,NaN,transformer,embedding
4265,42660,NaN,NaN,NaN,NaN,NaN,NaN,NaN,transformer,embedding
4266,42670,2.9257462230702913e-08,100.0,1.0,0.001,NaN,NaN,NaN,transformer,embedding
4267,42680,NaN,NaN,NaN,NaN,NaN,NaN,NaN,transformer,embedding
4268,42690,NaN,NaN,NaN,NaN,NaN,NaN,NaN,transformer,embedding
4269,42700,NaN,NaN,NaN,NaN,NaN,NaN,NaN,transformer,embedding
4270,42710,NaN,NaN,NaN,NaN,NaN,NaN,NaN,transformer,embedding
4271,42720,NaN,NaN,NaN,NaN,NaN,NaN,NaN,transformer,embedding
4272,42730,NaN,NaN,NaN,NaN,NaN,NaN,NaN,transformer,embedding
4273,42740,NaN,NaN,NaN,NaN,NaN,NaN,NaN,transformer,embedding
4274,42750,NaN,NaN,NaN,NaN,NaN,NaN,NaN,transformer,embedding
4275,42760,NaN,NaN,NaN,NaN,NaN,NaN,NaN,transformer,embedding
4276,42770,NaN,NaN,NaN,NaN,NaN,NaN,NaN,transformer,embedding
4277,42780,NaN,NaN,NaN,NaN,NaN,NaN,NaN,transformer,embedding
4278,42790,NaN,NaN,NaN,NaN,NaN,NaN,NaN,transformer,embedding
4279,42800,NaN,NaN,NaN,NaN,NaN,NaN,NaN,transformer,embedding
4280,42810,NaN,NaN,NaN,NaN,NaN,NaN,NaN,transformer,embedding
4281,42820,NaN,NaN,NaN,NaN,NaN,NaN,NaN,transformer,embedding
4282,42830,NaN,NaN,NaN,NaN,NaN,NaN,NaN,transformer,embedding
4283,42840,NaN,NaN,NaN,NaN,NaN,NaN,NaN,transformer,embedding
4284,42850,NaN,NaN,NaN,NaN,NaN,NaN,NaN,transformer,embedding
4285,42860,NaN,NaN,NaN,NaN,NaN,NaN,NaN,transformer,embedding
4286,42870,NaN,NaN,NaN,NaN,NaN,NaN,NaN,transformer,embedding
4287,42880,NaN,NaN,NaN,NaN,NaN,NaN,NaN,transformer,embedding
4288,42890,NaN,NaN,NaN,NaN,NaN,NaN,NaN,transformer,embedding
4289,42900,NaN,NaN,NaN,NaN,NaN,NaN,NaN,transformer,embedding
4290,42910,NaN,NaN,NaN,NaN,NaN,NaN,NaN,transformer,embedding
4291,42920,NaN,NaN,NaN,NaN,NaN,NaN,NaN,transformer,embedding
4292,42930,NaN,NaN,NaN,NaN,NaN,NaN,NaN,transformer,embedding
4293,42940,NaN,NaN,NaN,NaN,NaN,NaN,NaN,transformer,embedding
4294,42950,NaN,NaN,NaN,NaN,NaN,NaN,NaN,transformer,embedding
4295,42960,NaN,NaN,NaN,NaN,NaN,NaN,NaN,transformer,embedding
4296,42970,NaN,NaN,NaN,NaN,NaN,NaN,NaN,transformer,embedding
4297,42980,NaN,NaN,NaN,NaN,NaN,NaN,NaN,transformer,embedding
4298,42990,NaN,NaN,NaN,NaN,NaN,NaN,NaN,transformer,embedding
4299,43000,NaN,NaN,NaN,NaN,NaN,NaN,NaN,transformer,embedding
4300,43010,NaN,NaN,NaN,NaN,NaN,NaN,NaN,transformer,embedding
4301,43020,NaN,NaN,NaN,NaN,NaN,NaN,NaN,transformer,embedding
4302,43030,NaN,NaN,NaN,NaN,NaN,NaN,NaN,transformer,embedding
4303,43040,NaN,NaN,NaN,NaN,NaN,NaN,NaN,transformer,embedding
4304,43050,NaN,NaN,NaN,NaN,NaN,NaN,NaN,transformer,embedding
4305,43060,NaN,NaN,NaN,NaN,NaN,NaN,NaN,transformer,embedding
4306,43070,NaN,NaN,NaN,NaN,NaN,NaN,NaN,transformer,embedding
4307,43080,NaN,NaN,NaN,NaN,NaN,NaN,NaN,transformer,embedding
4308,43090,2.9561569192537718e-08,100.0,1.0,0.001,NaN,NaN,NaN,transformer,embedding
4309,43100,NaN,NaN,NaN,NaN,NaN,NaN,NaN,transformer,embedding
4310,43110,NaN,NaN,NaN,NaN,NaN,NaN,NaN,transformer,embedding
4311,43120,NaN,NaN,NaN,NaN,NaN,NaN,NaN,transformer,embedding
4312,43130,NaN,NaN,NaN,NaN,NaN,NaN,NaN,transformer,embedding
4313,43140,NaN,NaN,NaN,NaN,NaN,NaN,NaN,transformer,embedding
4314,43150,NaN,NaN,NaN,NaN,NaN,NaN,NaN,transformer,embedding
4315,43160,NaN,NaN,NaN,NaN,NaN,NaN,NaN,transformer,embedding
4316,43170,NaN,NaN,NaN,NaN,NaN,NaN,NaN,transformer,embedding
4317,43180,NaN,NaN,NaN,NaN,NaN,NaN,NaN,transformer,embedding
4318,43190,NaN,NaN,NaN,NaN,NaN,NaN,NaN,transformer,embedding
4319,43200,NaN,NaN,NaN,NaN,1.0082738299388438e-05,100.0,1.0000101327896118,transformer,embedding
4320,43210,NaN,NaN,NaN,NaN,NaN,NaN,NaN,transformer,embedding
4321,43220,NaN,NaN,NaN,NaN,NaN,NaN,NaN,transformer,embedding
4322,43230,NaN,NaN,NaN,NaN,NaN,NaN,NaN,transformer,embedding
4323,43240,NaN,NaN,NaN,NaN,NaN,NaN,NaN,transformer,embedding
4324,43250,NaN,NaN,NaN,NaN,NaN,NaN,NaN,transformer,embedding
4325,43260,NaN,NaN,NaN,NaN,NaN,NaN,NaN,transformer,embedding
4326,43270,NaN,NaN,NaN,NaN,NaN,NaN,NaN,transformer,embedding
4327,43280,NaN,NaN,NaN,NaN,NaN,NaN,NaN,transformer,embedding
4328,43290,NaN,NaN,NaN,NaN,NaN,NaN,NaN,transformer,embedding
4329,43300,NaN,NaN,NaN,NaN,NaN,NaN,NaN,transformer,embedding
4330,43310,NaN,NaN,NaN,NaN,NaN,NaN,NaN,transformer,embedding
4331,43320,NaN,NaN,NaN,NaN,NaN,NaN,NaN,transformer,embedding
4332,43330,NaN,NaN,NaN,NaN,NaN,NaN,NaN,transformer,embedding
4333,43340,NaN,NaN,NaN,NaN,NaN,NaN,NaN,transformer,embedding
4334,43350,NaN,NaN,NaN,NaN,NaN,NaN,NaN,transformer,embedding
4335,43360,NaN,NaN,NaN,NaN,NaN,NaN,NaN,transformer,embedding
4336,43370,NaN,NaN,NaN,NaN,NaN,NaN,NaN,transformer,embedding
4337,43380,NaN,NaN,NaN,NaN,NaN,NaN,NaN,transformer,embedding
4338,43390,NaN,NaN,NaN,NaN,NaN,NaN,NaN,transformer,embedding
4339,43400,NaN,NaN,NaN,NaN,NaN,NaN,NaN,transformer,embedding
4340,43410,NaN,NaN,NaN,NaN,NaN,NaN,NaN,transformer,embedding
4341,43420,NaN,NaN,NaN,NaN,NaN,NaN,NaN,transformer,embedding
4342,43430,NaN,NaN,NaN,NaN,NaN,NaN,NaN,transformer,embedding
4343,43440,NaN,NaN,NaN,NaN,NaN,NaN,NaN,transformer,embedding
4344,43450,NaN,NaN,NaN,NaN,NaN,NaN,NaN,transformer,embedding
4345,43460,NaN,NaN,NaN,NaN,NaN,NaN,NaN,transformer,embedding
4346,43470,NaN,NaN,NaN,NaN,NaN,NaN,NaN,transformer,embedding
4347,43480,NaN,NaN,NaN,NaN,NaN,NaN,NaN,transformer,embedding
4348,43490,NaN,NaN,NaN,NaN,NaN,NaN,NaN,transformer,embedding
4349,43500,NaN,NaN,NaN,NaN,NaN,NaN,NaN,transformer,embedding
4350,43510,NaN,NaN,NaN,NaN,NaN,NaN,NaN,transformer,embedding
4351,43520,0.00047669390914961696,99.95748138427734,1.0004768371582031,0.001,NaN,NaN,NaN,transformer,embedding
4352,43530,NaN,NaN,NaN,NaN,NaN,NaN,NaN,transformer,embedding
4353,43540,NaN,NaN,NaN,NaN,NaN,NaN,NaN,transformer,embedding
4354,43550,NaN,NaN,NaN,NaN,NaN,NaN,NaN,transformer,embedding
4355,43560,NaN,NaN,NaN,NaN,NaN,NaN,NaN,transformer,embedding
4356,43570,NaN,NaN,NaN,NaN,NaN,NaN,NaN,transformer,embedding
4357,43580,NaN,NaN,NaN,NaN,NaN,NaN,NaN,transformer,embedding
4358,43590,NaN,NaN,NaN,NaN,NaN,NaN,NaN,transformer,embedding
4359,43600,NaN,NaN,NaN,NaN,NaN,NaN,NaN,transformer,embedding
4360,43610,NaN,NaN,NaN,NaN,NaN,NaN,NaN,transformer,embedding
4361,43620,NaN,NaN,NaN,NaN,NaN,NaN,NaN,transformer,embedding
4362,43630,NaN,NaN,NaN,NaN,NaN,NaN,NaN,transformer,embedding
4363,43640,NaN,NaN,NaN,NaN,NaN,NaN,NaN,transformer,embedding
4364,43650,NaN,NaN,NaN,NaN,NaN,NaN,NaN,transformer,embedding
4365,43660,NaN,NaN,NaN,NaN,NaN,NaN,NaN,transformer,embedding
4366,43670,NaN,NaN,NaN,NaN,NaN,NaN,NaN,transformer,embedding
4367,43680,NaN,NaN,NaN,NaN,NaN,NaN,NaN,transformer,embedding
4368,43690,NaN,NaN,NaN,NaN,NaN,NaN,NaN,transformer,embedding
4369,43700,NaN,NaN,NaN,NaN,NaN,NaN,NaN,transformer,embedding
4370,43710,NaN,NaN,NaN,NaN,NaN,NaN,NaN,transformer,embedding
4371,43720,NaN,NaN,NaN,NaN,NaN,NaN,NaN,transformer,embedding
4372,43730,NaN,NaN,NaN,NaN,NaN,NaN,NaN,transformer,embedding
4373,43740,NaN,NaN,NaN,NaN,NaN,NaN,NaN,transformer,embedding
4374,43750,NaN,NaN,NaN,NaN,NaN,NaN,NaN,transformer,embedding
4375,43760,NaN,NaN,NaN,NaN,NaN,NaN,NaN,transformer,embedding
4376,43770,NaN,NaN,NaN,NaN,NaN,NaN,NaN,transformer,embedding
4377,43780,NaN,NaN,NaN,NaN,NaN,NaN,NaN,transformer,embedding
4378,43790,NaN,NaN,NaN,NaN,NaN,NaN,NaN,transformer,embedding
4379,43800,NaN,NaN,NaN,NaN,NaN,NaN,NaN,transformer,embedding
4380,43810,NaN,NaN,NaN,NaN,NaN,NaN,NaN,transformer,embedding
4381,43820,NaN,NaN,NaN,NaN,NaN,NaN,NaN,transformer,embedding
4382,43830,NaN,NaN,NaN,NaN,NaN,NaN,NaN,transformer,embedding
4383,43840,NaN,NaN,NaN,NaN,NaN,NaN,NaN,transformer,embedding
4384,43850,NaN,NaN,NaN,NaN,NaN,NaN,NaN,transformer,embedding
4385,43860,NaN,NaN,NaN,NaN,NaN,NaN,NaN,transformer,embedding
4386,43870,NaN,NaN,NaN,NaN,NaN,NaN,NaN,transformer,embedding
4387,43880,NaN,NaN,NaN,NaN,NaN,NaN,NaN,transformer,embedding
4388,43890,NaN,NaN,NaN,NaN,NaN,NaN,NaN,transformer,embedding
4389,43900,NaN,NaN,NaN,NaN,NaN,NaN,NaN,transformer,embedding
4390,43910,NaN,NaN,NaN,NaN,NaN,NaN,NaN,transformer,embedding
4391,43920,NaN,NaN,NaN,NaN,NaN,NaN,NaN,transformer,embedding
4392,43930,NaN,NaN,NaN,NaN,NaN,NaN,NaN,transformer,embedding
4393,43940,NaN,NaN,NaN,NaN,NaN,NaN,NaN,transformer,embedding
4394,43950,0.00526589946821332,99.7448959350586,1.005279779434204,0.001,NaN,NaN,NaN,transformer,embedding
4395,43960,NaN,NaN,NaN,NaN,NaN,NaN,NaN,transformer,embedding
4396,43970,NaN,NaN,NaN,NaN,NaN,NaN,NaN,transformer,embedding
4397,43980,NaN,NaN,NaN,NaN,NaN,NaN,NaN,transformer,embedding
4398,43990,NaN,NaN,NaN,NaN,NaN,NaN,NaN,transformer,embedding
4399,44000,NaN,NaN,NaN,NaN,NaN,NaN,NaN,transformer,embedding
4400,44010,NaN,NaN,NaN,NaN,NaN,NaN,NaN,transformer,embedding
4401,44020,NaN,NaN,NaN,NaN,NaN,NaN,NaN,transformer,embedding
4402,44030,NaN,NaN,NaN,NaN,NaN,NaN,NaN,transformer,embedding
4403,44040,NaN,NaN,NaN,NaN,NaN,NaN,NaN,transformer,embedding
4404,44050,NaN,NaN,NaN,NaN,NaN,NaN,NaN,transformer,embedding
4405,44060,NaN,NaN,NaN,NaN,0.03189782798290253,98.36344146728516,1.032412052154541,transformer,embedding
4406,44070,NaN,NaN,NaN,NaN,NaN,NaN,NaN,transformer,embedding
4407,44080,NaN,NaN,NaN,NaN,NaN,NaN,NaN,transformer,embedding
4408,44090,NaN,NaN,NaN,NaN,NaN,NaN,NaN,transformer,embedding
4409,44100,NaN,NaN,NaN,NaN,NaN,NaN,NaN,transformer,embedding
4410,44110,NaN,NaN,NaN,NaN,NaN,NaN,NaN,transformer,embedding
4411,44120,NaN,NaN,NaN,NaN,NaN,NaN,NaN,transformer,embedding
4412,44130,NaN,NaN,NaN,NaN,NaN,NaN,NaN,transformer,embedding
4413,44140,NaN,NaN,NaN,NaN,NaN,NaN,NaN,transformer,embedding
4414,44150,NaN,NaN,NaN,NaN,NaN,NaN,NaN,transformer,embedding
4415,44160,NaN,NaN,NaN,NaN,NaN,NaN,NaN,transformer,embedding
4416,44170,NaN,NaN,NaN,NaN,NaN,NaN,NaN,transformer,embedding
4417,44180,NaN,NaN,NaN,NaN,NaN,NaN,NaN,transformer,embedding
4418,44190,NaN,NaN,NaN,NaN,NaN,NaN,NaN,transformer,embedding
4419,44200,NaN,NaN,NaN,NaN,NaN,NaN,NaN,transformer,embedding
4420,44210,NaN,NaN,NaN,NaN,NaN,NaN,NaN,transformer,embedding
4421,44220,NaN,NaN,NaN,NaN,NaN,NaN,NaN,transformer,embedding
4422,44230,NaN,NaN,NaN,NaN,NaN,NaN,NaN,transformer,embedding
4423,44240,NaN,NaN,NaN,NaN,NaN,NaN,NaN,transformer,embedding
4424,44250,NaN,NaN,NaN,NaN,NaN,NaN,NaN,transformer,embedding
4425,44260,NaN,NaN,NaN,NaN,NaN,NaN,NaN,transformer,embedding
4426,44270,NaN,NaN,NaN,NaN,NaN,NaN,NaN,transformer,embedding
4427,44280,NaN,NaN,NaN,NaN,NaN,NaN,NaN,transformer,embedding
4428,44290,NaN,NaN,NaN,NaN,NaN,NaN,NaN,transformer,embedding
4429,44300,NaN,NaN,NaN,NaN,NaN,NaN,NaN,transformer,embedding
4430,44310,NaN,NaN,NaN,NaN,NaN,NaN,NaN,transformer,embedding
4431,44320,NaN,NaN,NaN,NaN,NaN,NaN,NaN,transformer,embedding
4432,44330,NaN,NaN,NaN,NaN,NaN,NaN,NaN,transformer,embedding
4433,44340,NaN,NaN,NaN,NaN,NaN,NaN,NaN,transformer,embedding
4434,44350,NaN,NaN,NaN,NaN,NaN,NaN,NaN,transformer,embedding
4435,44360,NaN,NaN,NaN,NaN,NaN,NaN,NaN,transformer,embedding
4436,44370,NaN,NaN,NaN,NaN,NaN,NaN,NaN,transformer,embedding
4437,44380,0.0012914459221065044,99.85118865966797,1.0012922286987305,0.001,NaN,NaN,NaN,transformer,embedding
4438,44390,NaN,NaN,NaN,NaN,NaN,NaN,NaN,transformer,embedding
4439,44400,NaN,NaN,NaN,NaN,NaN,NaN,NaN,transformer,embedding
4440,44410,NaN,NaN,NaN,NaN,NaN,NaN,NaN,transformer,embedding
4441,44420,NaN,NaN,NaN,NaN,NaN,NaN,NaN,transformer,embedding
4442,44430,NaN,NaN,NaN,NaN,NaN,NaN,NaN,transformer,embedding
4443,44440,NaN,NaN,NaN,NaN,NaN,NaN,NaN,transformer,embedding
4444,44450,NaN,NaN,NaN,NaN,NaN,NaN,NaN,transformer,embedding
4445,44460,NaN,NaN,NaN,NaN,NaN,NaN,NaN,transformer,embedding
4446,44470,NaN,NaN,NaN,NaN,NaN,NaN,NaN,transformer,embedding
4447,44480,NaN,NaN,NaN,NaN,NaN,NaN,NaN,transformer,embedding
4448,44490,NaN,NaN,NaN,NaN,NaN,NaN,NaN,transformer,embedding
4449,44500,NaN,NaN,NaN,NaN,NaN,NaN,NaN,transformer,embedding
4450,44510,NaN,NaN,NaN,NaN,NaN,NaN,NaN,transformer,embedding
4451,44520,NaN,NaN,NaN,NaN,NaN,NaN,NaN,transformer,embedding
4452,44530,NaN,NaN,NaN,NaN,NaN,NaN,NaN,transformer,embedding
4453,44540,NaN,NaN,NaN,NaN,NaN,NaN,NaN,transformer,embedding
4454,44550,NaN,NaN,NaN,NaN,NaN,NaN,NaN,transformer,embedding
4455,44560,NaN,NaN,NaN,NaN,NaN,NaN,NaN,transformer,embedding
4456,44570,NaN,NaN,NaN,NaN,NaN,NaN,NaN,transformer,embedding
4457,44580,NaN,NaN,NaN,NaN,NaN,NaN,NaN,transformer,embedding
4458,44590,NaN,NaN,NaN,NaN,NaN,NaN,NaN,transformer,embedding
4459,44600,NaN,NaN,NaN,NaN,NaN,NaN,NaN,transformer,embedding
4460,44610,NaN,NaN,NaN,NaN,NaN,NaN,NaN,transformer,embedding
4461,44620,NaN,NaN,NaN,NaN,NaN,NaN,NaN,transformer,embedding
4462,44630,NaN,NaN,NaN,NaN,NaN,NaN,NaN,transformer,embedding
4463,44640,NaN,NaN,NaN,NaN,NaN,NaN,NaN,transformer,embedding
4464,44650,NaN,NaN,NaN,NaN,NaN,NaN,NaN,transformer,embedding
4465,44660,NaN,NaN,NaN,NaN,NaN,NaN,NaN,transformer,embedding
4466,44670,NaN,NaN,NaN,NaN,NaN,NaN,NaN,transformer,embedding
4467,44680,NaN,NaN,NaN,NaN,NaN,NaN,NaN,transformer,embedding
4468,44690,NaN,NaN,NaN,NaN,NaN,NaN,NaN,transformer,embedding
4469,44700,NaN,NaN,NaN,NaN,NaN,NaN,NaN,transformer,embedding
4470,44710,NaN,NaN,NaN,NaN,NaN,NaN,NaN,transformer,embedding
4471,44720,NaN,NaN,NaN,NaN,NaN,NaN,NaN,transformer,embedding
4472,44730,NaN,NaN,NaN,NaN,NaN,NaN,NaN,transformer,embedding
4473,44740,NaN,NaN,NaN,NaN,NaN,NaN,NaN,transformer,embedding
4474,44750,NaN,NaN,NaN,NaN,NaN,NaN,NaN,transformer,embedding
4475,44760,NaN,NaN,NaN,NaN,NaN,NaN,NaN,transformer,embedding
4476,44770,NaN,NaN,NaN,NaN,NaN,NaN,NaN,transformer,embedding
4477,44780,NaN,NaN,NaN,NaN,NaN,NaN,NaN,transformer,embedding
4478,44790,NaN,NaN,NaN,NaN,NaN,NaN,NaN,transformer,embedding
4479,44800,NaN,NaN,NaN,NaN,NaN,NaN,NaN,transformer,embedding
4480,44810,NaN,NaN,NaN,NaN,NaN,NaN,NaN,transformer,embedding
4481,44820,0.010980712249875069,99.36224365234375,1.0110411643981934,0.001,NaN,NaN,NaN,transformer,embedding
4482,44830,NaN,NaN,NaN,NaN,NaN,NaN,NaN,transformer,embedding
4483,44840,NaN,NaN,NaN,NaN,NaN,NaN,NaN,transformer,embedding
4484,44850,NaN,NaN,NaN,NaN,NaN,NaN,NaN,transformer,embedding
4485,44860,NaN,NaN,NaN,NaN,NaN,NaN,NaN,transformer,embedding
4486,44870,NaN,NaN,NaN,NaN,NaN,NaN,NaN,transformer,embedding
4487,44880,NaN,NaN,NaN,NaN,NaN,NaN,NaN,transformer,embedding
4488,44890,NaN,NaN,NaN,NaN,NaN,NaN,NaN,transformer,embedding
4489,44900,NaN,NaN,NaN,NaN,NaN,NaN,NaN,transformer,embedding
4490,44910,NaN,NaN,NaN,NaN,NaN,NaN,NaN,transformer,embedding
4491,44920,NaN,NaN,NaN,NaN,NaN,NaN,NaN,transformer,embedding
4492,44930,NaN,NaN,NaN,NaN,NaN,NaN,NaN,transformer,embedding
4493,44940,NaN,NaN,NaN,NaN,0.008531726896762848,99.42613983154297,1.0085681676864624,transformer,embedding
4494,44950,NaN,NaN,NaN,NaN,NaN,NaN,NaN,transformer,embedding
4495,44960,NaN,NaN,NaN,NaN,NaN,NaN,NaN,transformer,embedding
4496,44970,NaN,NaN,NaN,NaN,NaN,NaN,NaN,transformer,embedding
4497,44980,NaN,NaN,NaN,NaN,NaN,NaN,NaN,transformer,embedding
4498,44990,NaN,NaN,NaN,NaN,NaN,NaN,NaN,transformer,embedding
4499,45000,NaN,NaN,NaN,NaN,NaN,NaN,NaN,transformer,embedding
4500,45010,NaN,NaN,NaN,NaN,NaN,NaN,NaN,transformer,embedding
4501,45020,NaN,NaN,NaN,NaN,NaN,NaN,NaN,transformer,embedding
4502,45030,NaN,NaN,NaN,NaN,NaN,NaN,NaN,transformer,embedding
4503,45040,NaN,NaN,NaN,NaN,NaN,NaN,NaN,transformer,embedding
4504,45050,NaN,NaN,NaN,NaN,NaN,NaN,NaN,transformer,embedding
4505,45060,NaN,NaN,NaN,NaN,NaN,NaN,NaN,transformer,embedding
4506,45070,NaN,NaN,NaN,NaN,NaN,NaN,NaN,transformer,embedding
4507,45080,NaN,NaN,NaN,NaN,NaN,NaN,NaN,transformer,embedding
4508,45090,NaN,NaN,NaN,NaN,NaN,NaN,NaN,transformer,embedding
4509,45100,NaN,NaN,NaN,NaN,NaN,NaN,NaN,transformer,embedding
4510,45110,NaN,NaN,NaN,NaN,NaN,NaN,NaN,transformer,embedding
4511,45120,NaN,NaN,NaN,NaN,NaN,NaN,NaN,transformer,embedding
4512,45130,NaN,NaN,NaN,NaN,NaN,NaN,NaN,transformer,embedding
4513,45140,NaN,NaN,NaN,NaN,NaN,NaN,NaN,transformer,embedding
4514,45150,NaN,NaN,NaN,NaN,NaN,NaN,NaN,transformer,embedding
4515,45160,NaN,NaN,NaN,NaN,NaN,NaN,NaN,transformer,embedding
4516,45170,NaN,NaN,NaN,NaN,NaN,NaN,NaN,transformer,embedding
4517,45180,NaN,NaN,NaN,NaN,NaN,NaN,NaN,transformer,embedding
4518,45190,NaN,NaN,NaN,NaN,NaN,NaN,NaN,transformer,embedding
4519,45200,NaN,NaN,NaN,NaN,NaN,NaN,NaN,transformer,embedding
4520,45210,NaN,NaN,NaN,NaN,NaN,NaN,NaN,transformer,embedding
4521,45220,NaN,NaN,NaN,NaN,NaN,NaN,NaN,transformer,embedding
4522,45230,NaN,NaN,NaN,NaN,NaN,NaN,NaN,transformer,embedding
4523,45240,NaN,NaN,NaN,NaN,NaN,NaN,NaN,transformer,embedding
4524,45250,NaN,NaN,NaN,NaN,NaN,NaN,NaN,transformer,embedding
4525,45260,1.204758888206925e-07,100.0,1.0000001192092896,0.001,NaN,NaN,NaN,transformer,embedding
4526,45270,NaN,NaN,NaN,NaN,NaN,NaN,NaN,transformer,embedding
4527,45280,NaN,NaN,NaN,NaN,NaN,NaN,NaN,transformer,embedding
4528,45290,NaN,NaN,NaN,NaN,NaN,NaN,NaN,transformer,embedding
4529,45300,NaN,NaN,NaN,NaN,NaN,NaN,NaN,transformer,embedding
4530,45310,NaN,NaN,NaN,NaN,NaN,NaN,NaN,transformer,embedding
4531,45320,NaN,NaN,NaN,NaN,NaN,NaN,NaN,transformer,embedding
4532,45330,NaN,NaN,NaN,NaN,NaN,NaN,NaN,transformer,embedding
4533,45340,NaN,NaN,NaN,NaN,NaN,NaN,NaN,transformer,embedding
4534,45350,NaN,NaN,NaN,NaN,NaN,NaN,NaN,transformer,embedding
4535,45360,NaN,NaN,NaN,NaN,NaN,NaN,NaN,transformer,embedding
4536,45370,NaN,NaN,NaN,NaN,NaN,NaN,NaN,transformer,embedding
4537,45380,NaN,NaN,NaN,NaN,NaN,NaN,NaN,transformer,embedding
4538,45390,NaN,NaN,NaN,NaN,NaN,NaN,NaN,transformer,embedding
4539,45400,NaN,NaN,NaN,NaN,NaN,NaN,NaN,transformer,embedding
4540,45410,NaN,NaN,NaN,NaN,NaN,NaN,NaN,transformer,embedding
4541,45420,NaN,NaN,NaN,NaN,NaN,NaN,NaN,transformer,embedding
4542,45430,NaN,NaN,NaN,NaN,NaN,NaN,NaN,transformer,embedding
4543,45440,NaN,NaN,NaN,NaN,NaN,NaN,NaN,transformer,embedding
4544,45450,NaN,NaN,NaN,NaN,NaN,NaN,NaN,transformer,embedding
4545,45460,NaN,NaN,NaN,NaN,NaN,NaN,NaN,transformer,embedding
4546,45470,NaN,NaN,NaN,NaN,NaN,NaN,NaN,transformer,embedding
4547,45480,NaN,NaN,NaN,NaN,NaN,NaN,NaN,transformer,embedding
4548,45490,NaN,NaN,NaN,NaN,NaN,NaN,NaN,transformer,embedding
4549,45500,NaN,NaN,NaN,NaN,NaN,NaN,NaN,transformer,embedding
4550,45510,NaN,NaN,NaN,NaN,NaN,NaN,NaN,transformer,embedding
4551,45520,NaN,NaN,NaN,NaN,NaN,NaN,NaN,transformer,embedding
4552,45530,NaN,NaN,NaN,NaN,NaN,NaN,NaN,transformer,embedding
4553,45540,NaN,NaN,NaN,NaN,NaN,NaN,NaN,transformer,embedding
4554,45550,NaN,NaN,NaN,NaN,NaN,NaN,NaN,transformer,embedding
4555,45560,NaN,NaN,NaN,NaN,NaN,NaN,NaN,transformer,embedding
4556,45570,NaN,NaN,NaN,NaN,NaN,NaN,NaN,transformer,embedding
4557,45580,NaN,NaN,NaN,NaN,NaN,NaN,NaN,transformer,embedding
4558,45590,NaN,NaN,NaN,NaN,NaN,NaN,NaN,transformer,embedding
4559,45600,NaN,NaN,NaN,NaN,NaN,NaN,NaN,transformer,embedding
4560,45610,NaN,NaN,NaN,NaN,NaN,NaN,NaN,transformer,embedding
4561,45620,NaN,NaN,NaN,NaN,NaN,NaN,NaN,transformer,embedding
4562,45630,NaN,NaN,NaN,NaN,NaN,NaN,NaN,transformer,embedding
4563,45640,NaN,NaN,NaN,NaN,NaN,NaN,NaN,transformer,embedding
4564,45650,NaN,NaN,NaN,NaN,NaN,NaN,NaN,transformer,embedding
4565,45660,NaN,NaN,NaN,NaN,NaN,NaN,NaN,transformer,embedding
4566,45670,NaN,NaN,NaN,NaN,NaN,NaN,NaN,transformer,embedding
4567,45680,NaN,NaN,NaN,NaN,NaN,NaN,NaN,transformer,embedding
4568,45690,NaN,NaN,NaN,NaN,NaN,NaN,NaN,transformer,embedding
4569,45700,NaN,NaN,NaN,NaN,NaN,NaN,NaN,transformer,embedding
4570,45710,6.4622369677636016e-09,100.0,1.0,0.001,NaN,NaN,NaN,transformer,embedding
4571,45720,NaN,NaN,NaN,NaN,NaN,NaN,NaN,transformer,embedding
4572,45730,NaN,NaN,NaN,NaN,NaN,NaN,NaN,transformer,embedding
4573,45740,NaN,NaN,NaN,NaN,NaN,NaN,NaN,transformer,embedding
4574,45750,NaN,NaN,NaN,NaN,NaN,NaN,NaN,transformer,embedding
4575,45760,NaN,NaN,NaN,NaN,NaN,NaN,NaN,transformer,embedding
4576,45770,NaN,NaN,NaN,NaN,NaN,NaN,NaN,transformer,embedding
4577,45780,NaN,NaN,NaN,NaN,NaN,NaN,NaN,transformer,embedding
4578,45790,NaN,NaN,NaN,NaN,NaN,NaN,NaN,transformer,embedding
4579,45800,NaN,NaN,NaN,NaN,NaN,NaN,NaN,transformer,embedding
4580,45810,NaN,NaN,NaN,NaN,NaN,NaN,NaN,transformer,embedding
4581,45820,NaN,NaN,NaN,NaN,NaN,NaN,NaN,transformer,embedding
4582,45830,NaN,NaN,NaN,NaN,0.00026550207985565066,100.0,1.0002654790878296,transformer,embedding
4583,45840,NaN,NaN,NaN,NaN,NaN,NaN,NaN,transformer,embedding
4584,45850,NaN,NaN,NaN,NaN,NaN,NaN,NaN,transformer,embedding
4585,45860,NaN,NaN,NaN,NaN,NaN,NaN,NaN,transformer,embedding
4586,45870,NaN,NaN,NaN,NaN,NaN,NaN,NaN,transformer,embedding
4587,45880,NaN,NaN,NaN,NaN,NaN,NaN,NaN,transformer,embedding
4588,45890,NaN,NaN,NaN,NaN,NaN,NaN,NaN,transformer,embedding
4589,45900,NaN,NaN,NaN,NaN,NaN,NaN,NaN,transformer,embedding
4590,45910,NaN,NaN,NaN,NaN,NaN,NaN,NaN,transformer,embedding
4591,45920,NaN,NaN,NaN,NaN,NaN,NaN,NaN,transformer,embedding
4592,45930,NaN,NaN,NaN,NaN,NaN,NaN,NaN,transformer,embedding
4593,45940,NaN,NaN,NaN,NaN,NaN,NaN,NaN,transformer,embedding
4594,45950,NaN,NaN,NaN,NaN,NaN,NaN,NaN,transformer,embedding
4595,45960,NaN,NaN,NaN,NaN,NaN,NaN,NaN,transformer,embedding
4596,45970,NaN,NaN,NaN,NaN,NaN,NaN,NaN,transformer,embedding
4597,45980,NaN,NaN,NaN,NaN,NaN,NaN,NaN,transformer,embedding
4598,45990,NaN,NaN,NaN,NaN,NaN,NaN,NaN,transformer,embedding
4599,46000,NaN,NaN,NaN,NaN,NaN,NaN,NaN,transformer,embedding
4600,46010,NaN,NaN,NaN,NaN,NaN,NaN,NaN,transformer,embedding
4601,46020,NaN,NaN,NaN,NaN,NaN,NaN,NaN,transformer,embedding
4602,46030,NaN,NaN,NaN,NaN,NaN,NaN,NaN,transformer,embedding
4603,46040,NaN,NaN,NaN,NaN,NaN,NaN,NaN,transformer,embedding
4604,46050,NaN,NaN,NaN,NaN,NaN,NaN,NaN,transformer,embedding
4605,46060,NaN,NaN,NaN,NaN,NaN,NaN,NaN,transformer,embedding
4606,46070,NaN,NaN,NaN,NaN,NaN,NaN,NaN,transformer,embedding
4607,46080,NaN,NaN,NaN,NaN,NaN,NaN,NaN,transformer,embedding
4608,46090,NaN,NaN,NaN,NaN,NaN,NaN,NaN,transformer,embedding
4609,46100,NaN,NaN,NaN,NaN,NaN,NaN,NaN,transformer,embedding
4610,46110,NaN,NaN,NaN,NaN,NaN,NaN,NaN,transformer,embedding
4611,46120,NaN,NaN,NaN,NaN,NaN,NaN,NaN,transformer,embedding
4612,46130,NaN,NaN,NaN,NaN,NaN,NaN,NaN,transformer,embedding
4613,46140,NaN,NaN,NaN,NaN,NaN,NaN,NaN,transformer,embedding
4614,46150,NaN,NaN,NaN,NaN,NaN,NaN,NaN,transformer,embedding
4615,46160,3.316833669941843e-07,100.0,1.0000003576278687,0.001,NaN,NaN,NaN,transformer,embedding
4616,46170,NaN,NaN,NaN,NaN,NaN,NaN,NaN,transformer,embedding
4617,46180,NaN,NaN,NaN,NaN,NaN,NaN,NaN,transformer,embedding
4618,46190,NaN,NaN,NaN,NaN,NaN,NaN,NaN,transformer,embedding
4619,46200,NaN,NaN,NaN,NaN,NaN,NaN,NaN,transformer,embedding
4620,46210,NaN,NaN,NaN,NaN,NaN,NaN,NaN,transformer,embedding
4621,46220,NaN,NaN,NaN,NaN,NaN,NaN,NaN,transformer,embedding
4622,46230,NaN,NaN,NaN,NaN,NaN,NaN,NaN,transformer,embedding
4623,46240,NaN,NaN,NaN,NaN,NaN,NaN,NaN,transformer,embedding
4624,46250,NaN,NaN,NaN,NaN,NaN,NaN,NaN,transformer,embedding
4625,46260,NaN,NaN,NaN,NaN,NaN,NaN,NaN,transformer,embedding
4626,46270,NaN,NaN,NaN,NaN,NaN,NaN,NaN,transformer,embedding
4627,46280,NaN,NaN,NaN,NaN,NaN,NaN,NaN,transformer,embedding
4628,46290,NaN,NaN,NaN,NaN,NaN,NaN,NaN,transformer,embedding
4629,46300,NaN,NaN,NaN,NaN,NaN,NaN,NaN,transformer,embedding
4630,46310,NaN,NaN,NaN,NaN,NaN,NaN,NaN,transformer,embedding
4631,46320,NaN,NaN,NaN,NaN,NaN,NaN,NaN,transformer,embedding
4632,46330,NaN,NaN,NaN,NaN,NaN,NaN,NaN,transformer,embedding
4633,46340,NaN,NaN,NaN,NaN,NaN,NaN,NaN,transformer,embedding
4634,46350,NaN,NaN,NaN,NaN,NaN,NaN,NaN,transformer,embedding
4635,46360,NaN,NaN,NaN,NaN,NaN,NaN,NaN,transformer,embedding
4636,46370,NaN,NaN,NaN,NaN,NaN,NaN,NaN,transformer,embedding
4637,46380,NaN,NaN,NaN,NaN,NaN,NaN,NaN,transformer,embedding
4638,46390,NaN,NaN,NaN,NaN,NaN,NaN,NaN,transformer,embedding
4639,46400,NaN,NaN,NaN,NaN,NaN,NaN,NaN,transformer,embedding
4640,46410,NaN,NaN,NaN,NaN,NaN,NaN,NaN,transformer,embedding
4641,46420,NaN,NaN,NaN,NaN,NaN,NaN,NaN,transformer,embedding
4642,46430,NaN,NaN,NaN,NaN,NaN,NaN,NaN,transformer,embedding
4643,46440,NaN,NaN,NaN,NaN,NaN,NaN,NaN,transformer,embedding
4644,46450,NaN,NaN,NaN,NaN,NaN,NaN,NaN,transformer,embedding
4645,46460,NaN,NaN,NaN,NaN,NaN,NaN,NaN,transformer,embedding
4646,46470,NaN,NaN,NaN,NaN,NaN,NaN,NaN,transformer,embedding
4647,46480,NaN,NaN,NaN,NaN,NaN,NaN,NaN,transformer,embedding
4648,46490,NaN,NaN,NaN,NaN,NaN,NaN,NaN,transformer,embedding
4649,46500,NaN,NaN,NaN,NaN,NaN,NaN,NaN,transformer,embedding
4650,46510,NaN,NaN,NaN,NaN,NaN,NaN,NaN,transformer,embedding
4651,46520,NaN,NaN,NaN,NaN,NaN,NaN,NaN,transformer,embedding
4652,46530,NaN,NaN,NaN,NaN,NaN,NaN,NaN,transformer,embedding
4653,46540,NaN,NaN,NaN,NaN,NaN,NaN,NaN,transformer,embedding
4654,46550,NaN,NaN,NaN,NaN,NaN,NaN,NaN,transformer,embedding
4655,46560,NaN,NaN,NaN,NaN,NaN,NaN,NaN,transformer,embedding
4656,46570,NaN,NaN,NaN,NaN,NaN,NaN,NaN,transformer,embedding
4657,46580,NaN,NaN,NaN,NaN,NaN,NaN,NaN,transformer,embedding
4658,46590,NaN,NaN,NaN,NaN,NaN,NaN,NaN,transformer,embedding
4659,46600,NaN,NaN,NaN,NaN,NaN,NaN,NaN,transformer,embedding
4660,46610,NaN,NaN,NaN,NaN,NaN,NaN,NaN,transformer,embedding
4661,46620,7.640644561490717e-09,100.0,1.0,0.001,NaN,NaN,NaN,transformer,embedding
4662,46630,NaN,NaN,NaN,NaN,NaN,NaN,NaN,transformer,embedding
4663,46640,NaN,NaN,NaN,NaN,NaN,NaN,NaN,transformer,embedding
4664,46650,NaN,NaN,NaN,NaN,NaN,NaN,NaN,transformer,embedding
4665,46660,NaN,NaN,NaN,NaN,NaN,NaN,NaN,transformer,embedding
4666,46670,NaN,NaN,NaN,NaN,NaN,NaN,NaN,transformer,embedding
4667,46680,NaN,NaN,NaN,NaN,NaN,NaN,NaN,transformer,embedding
4668,46690,NaN,NaN,NaN,NaN,NaN,NaN,NaN,transformer,embedding
4669,46700,NaN,NaN,NaN,NaN,NaN,NaN,NaN,transformer,embedding
4670,46710,NaN,NaN,NaN,NaN,NaN,NaN,NaN,transformer,embedding
4671,46720,NaN,NaN,NaN,NaN,NaN,NaN,NaN,transformer,embedding
4672,46730,NaN,NaN,NaN,NaN,NaN,NaN,NaN,transformer,embedding
4673,46740,NaN,NaN,NaN,NaN,0.0017842192901298404,99.80870819091797,1.0017857551574707,transformer,embedding
4674,46750,NaN,NaN,NaN,NaN,NaN,NaN,NaN,transformer,embedding
4675,46760,NaN,NaN,NaN,NaN,NaN,NaN,NaN,transformer,embedding
4676,46770,NaN,NaN,NaN,NaN,NaN,NaN,NaN,transformer,embedding
4677,46780,NaN,NaN,NaN,NaN,NaN,NaN,NaN,transformer,embedding
4678,46790,NaN,NaN,NaN,NaN,NaN,NaN,NaN,transformer,embedding
4679,46800,NaN,NaN,NaN,NaN,NaN,NaN,NaN,transformer,embedding
4680,46810,NaN,NaN,NaN,NaN,NaN,NaN,NaN,transformer,embedding
4681,46820,NaN,NaN,NaN,NaN,NaN,NaN,NaN,transformer,embedding
4682,46830,NaN,NaN,NaN,NaN,NaN,NaN,NaN,transformer,embedding
4683,46840,NaN,NaN,NaN,NaN,NaN,NaN,NaN,transformer,embedding
4684,46850,NaN,NaN,NaN,NaN,NaN,NaN,NaN,transformer,embedding
4685,46860,NaN,NaN,NaN,NaN,NaN,NaN,NaN,transformer,embedding
4686,46870,NaN,NaN,NaN,NaN,NaN,NaN,NaN,transformer,embedding
4687,46880,NaN,NaN,NaN,NaN,NaN,NaN,NaN,transformer,embedding
4688,46890,NaN,NaN,NaN,NaN,NaN,NaN,NaN,transformer,embedding
4689,46900,NaN,NaN,NaN,NaN,NaN,NaN,NaN,transformer,embedding
4690,46910,NaN,NaN,NaN,NaN,NaN,NaN,NaN,transformer,embedding
4691,46920,NaN,NaN,NaN,NaN,NaN,NaN,NaN,transformer,embedding
4692,46930,NaN,NaN,NaN,NaN,NaN,NaN,NaN,transformer,embedding
4693,46940,NaN,NaN,NaN,NaN,NaN,NaN,NaN,transformer,embedding
4694,46950,NaN,NaN,NaN,NaN,NaN,NaN,NaN,transformer,embedding
4695,46960,NaN,NaN,NaN,NaN,NaN,NaN,NaN,transformer,embedding
4696,46970,NaN,NaN,NaN,NaN,NaN,NaN,NaN,transformer,embedding
4697,46980,NaN,NaN,NaN,NaN,NaN,NaN,NaN,transformer,embedding
4698,46990,NaN,NaN,NaN,NaN,NaN,NaN,NaN,transformer,embedding
4699,47000,NaN,NaN,NaN,NaN,NaN,NaN,NaN,transformer,embedding
4700,47010,NaN,NaN,NaN,NaN,NaN,NaN,NaN,transformer,embedding
4701,47020,NaN,NaN,NaN,NaN,NaN,NaN,NaN,transformer,embedding
4702,47030,NaN,NaN,NaN,NaN,NaN,NaN,NaN,transformer,embedding
4703,47040,NaN,NaN,NaN,NaN,NaN,NaN,NaN,transformer,embedding
4704,47050,NaN,NaN,NaN,NaN,NaN,NaN,NaN,transformer,embedding
4705,47060,NaN,NaN,NaN,NaN,NaN,NaN,NaN,transformer,embedding
4706,47070,NaN,NaN,NaN,NaN,NaN,NaN,NaN,transformer,embedding
4707,47080,3.8481992703509604e-08,100.0,1.0,0.001,NaN,NaN,NaN,transformer,embedding
4708,47090,NaN,NaN,NaN,NaN,NaN,NaN,NaN,transformer,embedding
4709,47100,NaN,NaN,NaN,NaN,NaN,NaN,NaN,transformer,embedding
4710,47110,NaN,NaN,NaN,NaN,NaN,NaN,NaN,transformer,embedding
4711,47120,NaN,NaN,NaN,NaN,NaN,NaN,NaN,transformer,embedding
4712,47130,NaN,NaN,NaN,NaN,NaN,NaN,NaN,transformer,embedding
4713,47140,NaN,NaN,NaN,NaN,NaN,NaN,NaN,transformer,embedding
4714,47150,NaN,NaN,NaN,NaN,NaN,NaN,NaN,transformer,embedding
4715,47160,NaN,NaN,NaN,NaN,NaN,NaN,NaN,transformer,embedding
4716,47170,NaN,NaN,NaN,NaN,NaN,NaN,NaN,transformer,embedding
4717,47180,NaN,NaN,NaN,NaN,NaN,NaN,NaN,transformer,embedding
4718,47190,NaN,NaN,NaN,NaN,NaN,NaN,NaN,transformer,embedding
4719,47200,NaN,NaN,NaN,NaN,NaN,NaN,NaN,transformer,embedding
4720,47210,NaN,NaN,NaN,NaN,NaN,NaN,NaN,transformer,embedding
4721,47220,NaN,NaN,NaN,NaN,NaN,NaN,NaN,transformer,embedding
4722,47230,NaN,NaN,NaN,NaN,NaN,NaN,NaN,transformer,embedding
4723,47240,NaN,NaN,NaN,NaN,NaN,NaN,NaN,transformer,embedding
4724,47250,NaN,NaN,NaN,NaN,NaN,NaN,NaN,transformer,embedding
4725,47260,NaN,NaN,NaN,NaN,NaN,NaN,NaN,transformer,embedding
4726,47270,NaN,NaN,NaN,NaN,NaN,NaN,NaN,transformer,embedding
4727,47280,NaN,NaN,NaN,NaN,NaN,NaN,NaN,transformer,embedding
4728,47290,NaN,NaN,NaN,NaN,NaN,NaN,NaN,transformer,embedding
4729,47300,NaN,NaN,NaN,NaN,NaN,NaN,NaN,transformer,embedding
4730,47310,NaN,NaN,NaN,NaN,NaN,NaN,NaN,transformer,embedding
4731,47320,NaN,NaN,NaN,NaN,NaN,NaN,NaN,transformer,embedding
4732,47330,NaN,NaN,NaN,NaN,NaN,NaN,NaN,transformer,embedding
4733,47340,NaN,NaN,NaN,NaN,NaN,NaN,NaN,transformer,embedding
4734,47350,NaN,NaN,NaN,NaN,NaN,NaN,NaN,transformer,embedding
4735,47360,NaN,NaN,NaN,NaN,NaN,NaN,NaN,transformer,embedding
4736,47370,NaN,NaN,NaN,NaN,NaN,NaN,NaN,transformer,embedding
4737,47380,NaN,NaN,NaN,NaN,NaN,NaN,NaN,transformer,embedding
4738,47390,NaN,NaN,NaN,NaN,NaN,NaN,NaN,transformer,embedding
4739,47400,NaN,NaN,NaN,NaN,NaN,NaN,NaN,transformer,embedding
4740,47410,NaN,NaN,NaN,NaN,NaN,NaN,NaN,transformer,embedding
4741,47420,NaN,NaN,NaN,NaN,NaN,NaN,NaN,transformer,embedding
4742,47430,NaN,NaN,NaN,NaN,NaN,NaN,NaN,transformer,embedding
4743,47440,NaN,NaN,NaN,NaN,NaN,NaN,NaN,transformer,embedding
4744,47450,NaN,NaN,NaN,NaN,NaN,NaN,NaN,transformer,embedding
4745,47460,NaN,NaN,NaN,NaN,NaN,NaN,NaN,transformer,embedding
4746,47470,NaN,NaN,NaN,NaN,NaN,NaN,NaN,transformer,embedding
4747,47480,NaN,NaN,NaN,NaN,NaN,NaN,NaN,transformer,embedding
4748,47490,NaN,NaN,NaN,NaN,NaN,NaN,NaN,transformer,embedding
4749,47500,NaN,NaN,NaN,NaN,NaN,NaN,NaN,transformer,embedding
4750,47510,NaN,NaN,NaN,NaN,NaN,NaN,NaN,transformer,embedding
4751,47520,NaN,NaN,NaN,NaN,NaN,NaN,NaN,transformer,embedding
4752,47530,NaN,NaN,NaN,NaN,NaN,NaN,NaN,transformer,embedding
4753,47540,NaN,NaN,NaN,NaN,NaN,NaN,NaN,transformer,embedding
4754,47550,4.456409641306891e-08,100.0,1.0,0.001,NaN,NaN,NaN,transformer,embedding
4755,47560,NaN,NaN,NaN,NaN,NaN,NaN,NaN,transformer,embedding
4756,47570,NaN,NaN,NaN,NaN,NaN,NaN,NaN,transformer,embedding
4757,47580,NaN,NaN,NaN,NaN,NaN,NaN,NaN,transformer,embedding
4758,47590,NaN,NaN,NaN,NaN,NaN,NaN,NaN,transformer,embedding
4759,47600,NaN,NaN,NaN,NaN,NaN,NaN,NaN,transformer,embedding
4760,47610,NaN,NaN,NaN,NaN,NaN,NaN,NaN,transformer,embedding
4761,47620,NaN,NaN,NaN,NaN,NaN,NaN,NaN,transformer,embedding
4762,47630,NaN,NaN,NaN,NaN,NaN,NaN,NaN,transformer,embedding
4763,47640,NaN,NaN,NaN,NaN,NaN,NaN,NaN,transformer,embedding
4764,47650,NaN,NaN,NaN,NaN,NaN,NaN,NaN,transformer,embedding
4765,47660,NaN,NaN,NaN,NaN,NaN,NaN,NaN,transformer,embedding
4766,47670,NaN,NaN,NaN,NaN,5.217953003011644e-07,100.0,1.0000004768371582,transformer,embedding
4767,47680,NaN,NaN,NaN,NaN,NaN,NaN,NaN,transformer,embedding
4768,47690,NaN,NaN,NaN,NaN,NaN,NaN,NaN,transformer,embedding
4769,47700,NaN,NaN,NaN,NaN,NaN,NaN,NaN,transformer,embedding
4770,47710,NaN,NaN,NaN,NaN,NaN,NaN,NaN,transformer,embedding
4771,47720,NaN,NaN,NaN,NaN,NaN,NaN,NaN,transformer,embedding
4772,47730,NaN,NaN,NaN,NaN,NaN,NaN,NaN,transformer,embedding
4773,47740,NaN,NaN,NaN,NaN,NaN,NaN,NaN,transformer,embedding
4774,47750,NaN,NaN,NaN,NaN,NaN,NaN,NaN,transformer,embedding
4775,47760,NaN,NaN,NaN,NaN,NaN,NaN,NaN,transformer,embedding
4776,47770,NaN,NaN,NaN,NaN,NaN,NaN,NaN,transformer,embedding
4777,47780,NaN,NaN,NaN,NaN,NaN,NaN,NaN,transformer,embedding
4778,47790,NaN,NaN,NaN,NaN,NaN,NaN,NaN,transformer,embedding
4779,47800,NaN,NaN,NaN,NaN,NaN,NaN,NaN,transformer,embedding
4780,47810,NaN,NaN,NaN,NaN,NaN,NaN,NaN,transformer,embedding
4781,47820,NaN,NaN,NaN,NaN,NaN,NaN,NaN,transformer,embedding
4782,47830,NaN,NaN,NaN,NaN,NaN,NaN,NaN,transformer,embedding
4783,47840,NaN,NaN,NaN,NaN,NaN,NaN,NaN,transformer,embedding
4784,47850,NaN,NaN,NaN,NaN,NaN,NaN,NaN,transformer,embedding
4785,47860,NaN,NaN,NaN,NaN,NaN,NaN,NaN,transformer,embedding
4786,47870,NaN,NaN,NaN,NaN,NaN,NaN,NaN,transformer,embedding
4787,47880,NaN,NaN,NaN,NaN,NaN,NaN,NaN,transformer,embedding
4788,47890,NaN,NaN,NaN,NaN,NaN,NaN,NaN,transformer,embedding
4789,47900,NaN,NaN,NaN,NaN,NaN,NaN,NaN,transformer,embedding
4790,47910,NaN,NaN,NaN,NaN,NaN,NaN,NaN,transformer,embedding
4791,47920,NaN,NaN,NaN,NaN,NaN,NaN,NaN,transformer,embedding
4792,47930,NaN,NaN,NaN,NaN,NaN,NaN,NaN,transformer,embedding
4793,47940,NaN,NaN,NaN,NaN,NaN,NaN,NaN,transformer,embedding
4794,47950,NaN,NaN,NaN,NaN,NaN,NaN,NaN,transformer,embedding
4795,47960,NaN,NaN,NaN,NaN,NaN,NaN,NaN,transformer,embedding
4796,47970,NaN,NaN,NaN,NaN,NaN,NaN,NaN,transformer,embedding
4797,47980,NaN,NaN,NaN,NaN,NaN,NaN,NaN,transformer,embedding
4798,47990,NaN,NaN,NaN,NaN,NaN,NaN,NaN,transformer,embedding
4799,48000,NaN,NaN,NaN,NaN,NaN,NaN,NaN,transformer,embedding
4800,48010,NaN,NaN,NaN,NaN,NaN,NaN,NaN,transformer,embedding
4801,48020,4.874554448974777e-08,100.0,1.0,0.001,NaN,NaN,NaN,transformer,embedding
4802,48030,NaN,NaN,NaN,NaN,NaN,NaN,NaN,transformer,embedding
4803,48040,NaN,NaN,NaN,NaN,NaN,NaN,NaN,transformer,embedding
4804,48050,NaN,NaN,NaN,NaN,NaN,NaN,NaN,transformer,embedding
4805,48060,NaN,NaN,NaN,NaN,NaN,NaN,NaN,transformer,embedding
4806,48070,NaN,NaN,NaN,NaN,NaN,NaN,NaN,transformer,embedding
4807,48080,NaN,NaN,NaN,NaN,NaN,NaN,NaN,transformer,embedding
4808,48090,NaN,NaN,NaN,NaN,NaN,NaN,NaN,transformer,embedding
4809,48100,NaN,NaN,NaN,NaN,NaN,NaN,NaN,transformer,embedding
4810,48110,NaN,NaN,NaN,NaN,NaN,NaN,NaN,transformer,embedding
4811,48120,NaN,NaN,NaN,NaN,NaN,NaN,NaN,transformer,embedding
4812,48130,NaN,NaN,NaN,NaN,NaN,NaN,NaN,transformer,embedding
4813,48140,NaN,NaN,NaN,NaN,NaN,NaN,NaN,transformer,embedding
4814,48150,NaN,NaN,NaN,NaN,NaN,NaN,NaN,transformer,embedding
4815,48160,NaN,NaN,NaN,NaN,NaN,NaN,NaN,transformer,embedding
4816,48170,NaN,NaN,NaN,NaN,NaN,NaN,NaN,transformer,embedding
4817,48180,NaN,NaN,NaN,NaN,NaN,NaN,NaN,transformer,embedding
4818,48190,NaN,NaN,NaN,NaN,NaN,NaN,NaN,transformer,embedding
4819,48200,NaN,NaN,NaN,NaN,NaN,NaN,NaN,transformer,embedding
4820,48210,NaN,NaN,NaN,NaN,NaN,NaN,NaN,transformer,embedding
4821,48220,NaN,NaN,NaN,NaN,NaN,NaN,NaN,transformer,embedding
4822,48230,NaN,NaN,NaN,NaN,NaN,NaN,NaN,transformer,embedding
4823,48240,NaN,NaN,NaN,NaN,NaN,NaN,NaN,transformer,embedding
4824,48250,NaN,NaN,NaN,NaN,NaN,NaN,NaN,transformer,embedding
4825,48260,NaN,NaN,NaN,NaN,NaN,NaN,NaN,transformer,embedding
4826,48270,NaN,NaN,NaN,NaN,NaN,NaN,NaN,transformer,embedding
4827,48280,NaN,NaN,NaN,NaN,NaN,NaN,NaN,transformer,embedding
4828,48290,NaN,NaN,NaN,NaN,NaN,NaN,NaN,transformer,embedding
4829,48300,NaN,NaN,NaN,NaN,NaN,NaN,NaN,transformer,embedding
4830,48310,NaN,NaN,NaN,NaN,NaN,NaN,NaN,transformer,embedding
4831,48320,NaN,NaN,NaN,NaN,NaN,NaN,NaN,transformer,embedding
4832,48330,NaN,NaN,NaN,NaN,NaN,NaN,NaN,transformer,embedding
4833,48340,NaN,NaN,NaN,NaN,NaN,NaN,NaN,transformer,embedding
4834,48350,NaN,NaN,NaN,NaN,NaN,NaN,NaN,transformer,embedding
4835,48360,NaN,NaN,NaN,NaN,NaN,NaN,NaN,transformer,embedding
4836,48370,NaN,NaN,NaN,NaN,NaN,NaN,NaN,transformer,embedding
4837,48380,NaN,NaN,NaN,NaN,NaN,NaN,NaN,transformer,embedding
4838,48390,NaN,NaN,NaN,NaN,NaN,NaN,NaN,transformer,embedding
4839,48400,NaN,NaN,NaN,NaN,NaN,NaN,NaN,transformer,embedding
4840,48410,NaN,NaN,NaN,NaN,NaN,NaN,NaN,transformer,embedding
4841,48420,NaN,NaN,NaN,NaN,NaN,NaN,NaN,transformer,embedding
4842,48430,NaN,NaN,NaN,NaN,NaN,NaN,NaN,transformer,embedding
4843,48440,NaN,NaN,NaN,NaN,NaN,NaN,NaN,transformer,embedding
4844,48450,NaN,NaN,NaN,NaN,NaN,NaN,NaN,transformer,embedding
4845,48460,NaN,NaN,NaN,NaN,NaN,NaN,NaN,transformer,embedding
4846,48470,NaN,NaN,NaN,NaN,NaN,NaN,NaN,transformer,embedding
4847,48480,NaN,NaN,NaN,NaN,NaN,NaN,NaN,transformer,embedding
4848,48490,NaN,NaN,NaN,NaN,NaN,NaN,NaN,transformer,embedding
4849,48500,4.59959252907538e-08,100.0,1.0,0.001,NaN,NaN,NaN,transformer,embedding
4850,48510,NaN,NaN,NaN,NaN,NaN,NaN,NaN,transformer,embedding
4851,48520,NaN,NaN,NaN,NaN,NaN,NaN,NaN,transformer,embedding
4852,48530,NaN,NaN,NaN,NaN,NaN,NaN,NaN,transformer,embedding
4853,48540,NaN,NaN,NaN,NaN,NaN,NaN,NaN,transformer,embedding
4854,48550,NaN,NaN,NaN,NaN,NaN,NaN,NaN,transformer,embedding
4855,48560,NaN,NaN,NaN,NaN,NaN,NaN,NaN,transformer,embedding
4856,48570,NaN,NaN,NaN,NaN,NaN,NaN,NaN,transformer,embedding
4857,48580,NaN,NaN,NaN,NaN,NaN,NaN,NaN,transformer,embedding
4858,48590,NaN,NaN,NaN,NaN,NaN,NaN,NaN,transformer,embedding
4859,48600,NaN,NaN,NaN,NaN,NaN,NaN,NaN,transformer,embedding
4860,48610,NaN,NaN,NaN,NaN,NaN,NaN,NaN,transformer,embedding
4861,48620,NaN,NaN,NaN,NaN,3.532791481575259e-07,100.0,1.0000003576278687,transformer,embedding
4862,48630,NaN,NaN,NaN,NaN,NaN,NaN,NaN,transformer,embedding
4863,48640,NaN,NaN,NaN,NaN,NaN,NaN,NaN,transformer,embedding
4864,48650,NaN,NaN,NaN,NaN,NaN,NaN,NaN,transformer,embedding
4865,48660,NaN,NaN,NaN,NaN,NaN,NaN,NaN,transformer,embedding
4866,48670,NaN,NaN,NaN,NaN,NaN,NaN,NaN,transformer,embedding
4867,48680,NaN,NaN,NaN,NaN,NaN,NaN,NaN,transformer,embedding
4868,48690,NaN,NaN,NaN,NaN,NaN,NaN,NaN,transformer,embedding
4869,48700,NaN,NaN,NaN,NaN,NaN,NaN,NaN,transformer,embedding
4870,48710,NaN,NaN,NaN,NaN,NaN,NaN,NaN,transformer,embedding
4871,48720,NaN,NaN,NaN,NaN,NaN,NaN,NaN,transformer,embedding
4872,48730,NaN,NaN,NaN,NaN,NaN,NaN,NaN,transformer,embedding
4873,48740,NaN,NaN,NaN,NaN,NaN,NaN,NaN,transformer,embedding
4874,48750,NaN,NaN,NaN,NaN,NaN,NaN,NaN,transformer,embedding
4875,48760,NaN,NaN,NaN,NaN,NaN,NaN,NaN,transformer,embedding
4876,48770,NaN,NaN,NaN,NaN,NaN,NaN,NaN,transformer,embedding
4877,48780,NaN,NaN,NaN,NaN,NaN,NaN,NaN,transformer,embedding
4878,48790,NaN,NaN,NaN,NaN,NaN,NaN,NaN,transformer,embedding
4879,48800,NaN,NaN,NaN,NaN,NaN,NaN,NaN,transformer,embedding
4880,48810,NaN,NaN,NaN,NaN,NaN,NaN,NaN,transformer,embedding
4881,48820,NaN,NaN,NaN,NaN,NaN,NaN,NaN,transformer,embedding
4882,48830,NaN,NaN,NaN,NaN,NaN,NaN,NaN,transformer,embedding
4883,48840,NaN,NaN,NaN,NaN,NaN,NaN,NaN,transformer,embedding
4884,48850,NaN,NaN,NaN,NaN,NaN,NaN,NaN,transformer,embedding
4885,48860,NaN,NaN,NaN,NaN,NaN,NaN,NaN,transformer,embedding
4886,48870,NaN,NaN,NaN,NaN,NaN,NaN,NaN,transformer,embedding
4887,48880,NaN,NaN,NaN,NaN,NaN,NaN,NaN,transformer,embedding
4888,48890,NaN,NaN,NaN,NaN,NaN,NaN,NaN,transformer,embedding
4889,48900,NaN,NaN,NaN,NaN,NaN,NaN,NaN,transformer,embedding
4890,48910,NaN,NaN,NaN,NaN,NaN,NaN,NaN,transformer,embedding
4891,48920,NaN,NaN,NaN,NaN,NaN,NaN,NaN,transformer,embedding
4892,48930,NaN,NaN,NaN,NaN,NaN,NaN,NaN,transformer,embedding
4893,48940,NaN,NaN,NaN,NaN,NaN,NaN,NaN,transformer,embedding
4894,48950,NaN,NaN,NaN,NaN,NaN,NaN,NaN,transformer,embedding
4895,48960,NaN,NaN,NaN,NaN,NaN,NaN,NaN,transformer,embedding
4896,48970,NaN,NaN,NaN,NaN,NaN,NaN,NaN,transformer,embedding
4897,48980,3.253926550428332e-08,100.0,1.0,0.001,NaN,NaN,NaN,transformer,embedding
4898,48990,NaN,NaN,NaN,NaN,NaN,NaN,NaN,transformer,embedding
4899,49000,NaN,NaN,NaN,NaN,NaN,NaN,NaN,transformer,embedding
4900,49010,NaN,NaN,NaN,NaN,NaN,NaN,NaN,transformer,embedding
4901,49020,NaN,NaN,NaN,NaN,NaN,NaN,NaN,transformer,embedding
4902,49030,NaN,NaN,NaN,NaN,NaN,NaN,NaN,transformer,embedding
4903,49040,NaN,NaN,NaN,NaN,NaN,NaN,NaN,transformer,embedding
4904,49050,NaN,NaN,NaN,NaN,NaN,NaN,NaN,transformer,embedding
4905,49060,NaN,NaN,NaN,NaN,NaN,NaN,NaN,transformer,embedding
4906,49070,NaN,NaN,NaN,NaN,NaN,NaN,NaN,transformer,embedding
4907,49080,NaN,NaN,NaN,NaN,NaN,NaN,NaN,transformer,embedding
4908,49090,NaN,NaN,NaN,NaN,NaN,NaN,NaN,transformer,embedding
4909,49100,NaN,NaN,NaN,NaN,NaN,NaN,NaN,transformer,embedding
4910,49110,NaN,NaN,NaN,NaN,NaN,NaN,NaN,transformer,embedding
4911,49120,NaN,NaN,NaN,NaN,NaN,NaN,NaN,transformer,embedding
4912,49130,NaN,NaN,NaN,NaN,NaN,NaN,NaN,transformer,embedding
4913,49140,NaN,NaN,NaN,NaN,NaN,NaN,NaN,transformer,embedding
4914,49150,NaN,NaN,NaN,NaN,NaN,NaN,NaN,transformer,embedding
4915,49160,NaN,NaN,NaN,NaN,NaN,NaN,NaN,transformer,embedding
4916,49170,NaN,NaN,NaN,NaN,NaN,NaN,NaN,transformer,embedding
4917,49180,NaN,NaN,NaN,NaN,NaN,NaN,NaN,transformer,embedding
4918,49190,NaN,NaN,NaN,NaN,NaN,NaN,NaN,transformer,embedding
4919,49200,NaN,NaN,NaN,NaN,NaN,NaN,NaN,transformer,embedding
4920,49210,NaN,NaN,NaN,NaN,NaN,NaN,NaN,transformer,embedding
4921,49220,NaN,NaN,NaN,NaN,NaN,NaN,NaN,transformer,embedding
4922,49230,NaN,NaN,NaN,NaN,NaN,NaN,NaN,transformer,embedding
4923,49240,NaN,NaN,NaN,NaN,NaN,NaN,NaN,transformer,embedding
4924,49250,NaN,NaN,NaN,NaN,NaN,NaN,NaN,transformer,embedding
4925,49260,NaN,NaN,NaN,NaN,NaN,NaN,NaN,transformer,embedding
4926,49270,NaN,NaN,NaN,NaN,NaN,NaN,NaN,transformer,embedding
4927,49280,NaN,NaN,NaN,NaN,NaN,NaN,NaN,transformer,embedding
4928,49290,NaN,NaN,NaN,NaN,NaN,NaN,NaN,transformer,embedding
4929,49300,NaN,NaN,NaN,NaN,NaN,NaN,NaN,transformer,embedding
4930,49310,NaN,NaN,NaN,NaN,NaN,NaN,NaN,transformer,embedding
4931,49320,NaN,NaN,NaN,NaN,NaN,NaN,NaN,transformer,embedding
4932,49330,NaN,NaN,NaN,NaN,NaN,NaN,NaN,transformer,embedding
4933,49340,NaN,NaN,NaN,NaN,NaN,NaN,NaN,transformer,embedding
4934,49350,NaN,NaN,NaN,NaN,NaN,NaN,NaN,transformer,embedding
4935,49360,NaN,NaN,NaN,NaN,NaN,NaN,NaN,transformer,embedding
4936,49370,NaN,NaN,NaN,NaN,NaN,NaN,NaN,transformer,embedding
4937,49380,NaN,NaN,NaN,NaN,NaN,NaN,NaN,transformer,embedding
4938,49390,NaN,NaN,NaN,NaN,NaN,NaN,NaN,transformer,embedding
4939,49400,NaN,NaN,NaN,NaN,NaN,NaN,NaN,transformer,embedding
4940,49410,NaN,NaN,NaN,NaN,NaN,NaN,NaN,transformer,embedding
4941,49420,NaN,NaN,NaN,NaN,NaN,NaN,NaN,transformer,embedding
4942,49430,NaN,NaN,NaN,NaN,NaN,NaN,NaN,transformer,embedding
4943,49440,NaN,NaN,NaN,NaN,NaN,NaN,NaN,transformer,embedding
4944,49450,NaN,NaN,NaN,NaN,NaN,NaN,NaN,transformer,embedding
4945,49460,3.096805656355173e-08,100.0,1.0,0.001,NaN,NaN,NaN,transformer,embedding
4946,49470,NaN,NaN,NaN,NaN,NaN,NaN,NaN,transformer,embedding
4947,49480,NaN,NaN,NaN,NaN,NaN,NaN,NaN,transformer,embedding
4948,49490,NaN,NaN,NaN,NaN,NaN,NaN,NaN,transformer,embedding
4949,49500,NaN,NaN,NaN,NaN,NaN,NaN,NaN,transformer,embedding
4950,49510,NaN,NaN,NaN,NaN,NaN,NaN,NaN,transformer,embedding
4951,49520,NaN,NaN,NaN,NaN,NaN,NaN,NaN,transformer,embedding
4952,49530,NaN,NaN,NaN,NaN,NaN,NaN,NaN,transformer,embedding
4953,49540,NaN,NaN,NaN,NaN,NaN,NaN,NaN,transformer,embedding
4954,49550,NaN,NaN,NaN,NaN,NaN,NaN,NaN,transformer,embedding
4955,49560,NaN,NaN,NaN,NaN,NaN,NaN,NaN,transformer,embedding
4956,49570,NaN,NaN,NaN,NaN,NaN,NaN,NaN,transformer,embedding
4957,49580,NaN,NaN,NaN,NaN,NaN,NaN,NaN,transformer,embedding
4958,49590,NaN,NaN,NaN,NaN,1.365140889220129e-07,100.0,1.0000001192092896,transformer,embedding
4959,49600,NaN,NaN,NaN,NaN,NaN,NaN,NaN,transformer,embedding
4960,49610,NaN,NaN,NaN,NaN,NaN,NaN,NaN,transformer,embedding
4961,49620,NaN,NaN,NaN,NaN,NaN,NaN,NaN,transformer,embedding
4962,49630,NaN,NaN,NaN,NaN,NaN,NaN,NaN,transformer,embedding
4963,49640,NaN,NaN,NaN,NaN,NaN,NaN,NaN,transformer,embedding
4964,49650,NaN,NaN,NaN,NaN,NaN,NaN,NaN,transformer,embedding
4965,49660,NaN,NaN,NaN,NaN,NaN,NaN,NaN,transformer,embedding
4966,49670,NaN,NaN,NaN,NaN,NaN,NaN,NaN,transformer,embedding
4967,49680,NaN,NaN,NaN,NaN,NaN,NaN,NaN,transformer,embedding
4968,49690,NaN,NaN,NaN,NaN,NaN,NaN,NaN,transformer,embedding
4969,49700,NaN,NaN,NaN,NaN,NaN,NaN,NaN,transformer,embedding
4970,49710,NaN,NaN,NaN,NaN,NaN,NaN,NaN,transformer,embedding
4971,49720,NaN,NaN,NaN,NaN,NaN,NaN,NaN,transformer,embedding
4972,49730,NaN,NaN,NaN,NaN,NaN,NaN,NaN,transformer,embedding
4973,49740,NaN,NaN,NaN,NaN,NaN,NaN,NaN,transformer,embedding
4974,49750,NaN,NaN,NaN,NaN,NaN,NaN,NaN,transformer,embedding
4975,49760,NaN,NaN,NaN,NaN,NaN,NaN,NaN,transformer,embedding
4976,49770,NaN,NaN,NaN,NaN,NaN,NaN,NaN,transformer,embedding
4977,49780,NaN,NaN,NaN,NaN,NaN,NaN,NaN,transformer,embedding
4978,49790,NaN,NaN,NaN,NaN,NaN,NaN,NaN,transformer,embedding
4979,49800,NaN,NaN,NaN,NaN,NaN,NaN,NaN,transformer,embedding
4980,49810,NaN,NaN,NaN,NaN,NaN,NaN,NaN,transformer,embedding
4981,49820,NaN,NaN,NaN,NaN,NaN,NaN,NaN,transformer,embedding
4982,49830,NaN,NaN,NaN,NaN,NaN,NaN,NaN,transformer,embedding
4983,49840,NaN,NaN,NaN,NaN,NaN,NaN,NaN,transformer,embedding
4984,49850,NaN,NaN,NaN,NaN,NaN,NaN,NaN,transformer,embedding
4985,49860,NaN,NaN,NaN,NaN,NaN,NaN,NaN,transformer,embedding
4986,49870,NaN,NaN,NaN,NaN,NaN,NaN,NaN,transformer,embedding
4987,49880,NaN,NaN,NaN,NaN,NaN,NaN,NaN,transformer,embedding
4988,49890,NaN,NaN,NaN,NaN,NaN,NaN,NaN,transformer,embedding
4989,49900,NaN,NaN,NaN,NaN,NaN,NaN,NaN,transformer,embedding
4990,49910,NaN,NaN,NaN,NaN,NaN,NaN,NaN,transformer,embedding
4991,49920,NaN,NaN,NaN,NaN,NaN,NaN,NaN,transformer,embedding
4992,49930,NaN,NaN,NaN,NaN,NaN,NaN,NaN,transformer,embedding
4993,49940,NaN,NaN,NaN,NaN,NaN,NaN,NaN,transformer,embedding
4994,49950,3.0689292884744646e-08,100.0,1.0,0.001,NaN,NaN,NaN,transformer,embedding
4995,49960,NaN,NaN,NaN,NaN,NaN,NaN,NaN,transformer,embedding
4996,49970,NaN,NaN,NaN,NaN,NaN,NaN,NaN,transformer,embedding
4997,49980,NaN,NaN,NaN,NaN,NaN,NaN,NaN,transformer,embedding
4998,49990,NaN,NaN,NaN,NaN,NaN,NaN,NaN,transformer,embedding
4999,50000,NaN,NaN,NaN,NaN,NaN,NaN,NaN,transformer,embedding
5000,50010,NaN,NaN,NaN,NaN,NaN,NaN,NaN,transformer,embedding
5001,50020,NaN,NaN,NaN,NaN,NaN,NaN,NaN,transformer,embedding
5002,50030,NaN,NaN,NaN,NaN,NaN,NaN,NaN,transformer,embedding
5003,50040,NaN,NaN,NaN,NaN,NaN,NaN,NaN,transformer,embedding
5004,50050,NaN,NaN,NaN,NaN,NaN,NaN,NaN,transformer,embedding
5005,50060,NaN,NaN,NaN,NaN,NaN,NaN,NaN,transformer,embedding
5006,50070,NaN,NaN,NaN,NaN,NaN,NaN,NaN,transformer,embedding
5007,50080,NaN,NaN,NaN,NaN,NaN,NaN,NaN,transformer,embedding
5008,50090,NaN,NaN,NaN,NaN,NaN,NaN,NaN,transformer,embedding
5009,50100,NaN,NaN,NaN,NaN,NaN,NaN,NaN,transformer,embedding
5010,50110,NaN,NaN,NaN,NaN,NaN,NaN,NaN,transformer,embedding
5011,50120,NaN,NaN,NaN,NaN,NaN,NaN,NaN,transformer,embedding
5012,50130,NaN,NaN,NaN,NaN,NaN,NaN,NaN,transformer,embedding
5013,50140,NaN,NaN,NaN,NaN,NaN,NaN,NaN,transformer,embedding
5014,50150,NaN,NaN,NaN,NaN,NaN,NaN,NaN,transformer,embedding
5015,50160,NaN,NaN,NaN,NaN,NaN,NaN,NaN,transformer,embedding
5016,50170,NaN,NaN,NaN,NaN,NaN,NaN,NaN,transformer,embedding
5017,50180,NaN,NaN,NaN,NaN,NaN,NaN,NaN,transformer,embedding
5018,50190,NaN,NaN,NaN,NaN,NaN,NaN,NaN,transformer,embedding
5019,50200,NaN,NaN,NaN,NaN,NaN,NaN,NaN,transformer,embedding
5020,50210,NaN,NaN,NaN,NaN,NaN,NaN,NaN,transformer,embedding
5021,50220,NaN,NaN,NaN,NaN,NaN,NaN,NaN,transformer,embedding
5022,50230,NaN,NaN,NaN,NaN,NaN,NaN,NaN,transformer,embedding
5023,50240,NaN,NaN,NaN,NaN,NaN,NaN,NaN,transformer,embedding
5024,50250,NaN,NaN,NaN,NaN,NaN,NaN,NaN,transformer,embedding
5025,50260,NaN,NaN,NaN,NaN,NaN,NaN,NaN,transformer,embedding
5026,50270,NaN,NaN,NaN,NaN,NaN,NaN,NaN,transformer,embedding
5027,50280,NaN,NaN,NaN,NaN,NaN,NaN,NaN,transformer,embedding
5028,50290,NaN,NaN,NaN,NaN,NaN,NaN,NaN,transformer,embedding
5029,50300,NaN,NaN,NaN,NaN,NaN,NaN,NaN,transformer,embedding
5030,50310,NaN,NaN,NaN,NaN,NaN,NaN,NaN,transformer,embedding
5031,50320,NaN,NaN,NaN,NaN,NaN,NaN,NaN,transformer,embedding
5032,50330,NaN,NaN,NaN,NaN,NaN,NaN,NaN,transformer,embedding
5033,50340,NaN,NaN,NaN,NaN,NaN,NaN,NaN,transformer,embedding
5034,50350,NaN,NaN,NaN,NaN,NaN,NaN,NaN,transformer,embedding
5035,50360,NaN,NaN,NaN,NaN,NaN,NaN,NaN,transformer,embedding
5036,50370,NaN,NaN,NaN,NaN,NaN,NaN,NaN,transformer,embedding
5037,50380,NaN,NaN,NaN,NaN,NaN,NaN,NaN,transformer,embedding
5038,50390,NaN,NaN,NaN,NaN,NaN,NaN,NaN,transformer,embedding
5039,50400,NaN,NaN,NaN,NaN,NaN,NaN,NaN,transformer,embedding
5040,50410,NaN,NaN,NaN,NaN,NaN,NaN,NaN,transformer,embedding
5041,50420,NaN,NaN,NaN,NaN,NaN,NaN,NaN,transformer,embedding
5042,50430,NaN,NaN,NaN,NaN,NaN,NaN,NaN,transformer,embedding
5043,50440,2.7939673685750677e-08,100.0,1.0,0.001,NaN,NaN,NaN,transformer,embedding
5044,50450,NaN,NaN,NaN,NaN,NaN,NaN,NaN,transformer,embedding
5045,50460,NaN,NaN,NaN,NaN,NaN,NaN,NaN,transformer,embedding
5046,50470,NaN,NaN,NaN,NaN,NaN,NaN,NaN,transformer,embedding
5047,50480,NaN,NaN,NaN,NaN,NaN,NaN,NaN,transformer,embedding
5048,50490,NaN,NaN,NaN,NaN,NaN,NaN,NaN,transformer,embedding
5049,50500,NaN,NaN,NaN,NaN,NaN,NaN,NaN,transformer,embedding
5050,50510,NaN,NaN,NaN,NaN,NaN,NaN,NaN,transformer,embedding
5051,50520,NaN,NaN,NaN,NaN,NaN,NaN,NaN,transformer,embedding
5052,50530,NaN,NaN,NaN,NaN,NaN,NaN,NaN,transformer,embedding
5053,50540,NaN,NaN,NaN,NaN,NaN,NaN,NaN,transformer,embedding
5054,50550,NaN,NaN,NaN,NaN,NaN,NaN,NaN,transformer,embedding
5055,50560,NaN,NaN,NaN,NaN,NaN,NaN,NaN,transformer,embedding
5056,50570,NaN,NaN,NaN,NaN,NaN,NaN,NaN,transformer,embedding
5057,50580,NaN,NaN,NaN,NaN,1.4255699909426767e-07,100.0,1.0000001192092896,transformer,embedding
5058,50590,NaN,NaN,NaN,NaN,NaN,NaN,NaN,transformer,embedding
5059,50600,NaN,NaN,NaN,NaN,NaN,NaN,NaN,transformer,embedding
5060,50610,NaN,NaN,NaN,NaN,NaN,NaN,NaN,transformer,embedding
5061,50620,NaN,NaN,NaN,NaN,NaN,NaN,NaN,transformer,embedding
5062,50630,NaN,NaN,NaN,NaN,NaN,NaN,NaN,transformer,embedding
5063,50640,NaN,NaN,NaN,NaN,NaN,NaN,NaN,transformer,embedding
5064,50650,NaN,NaN,NaN,NaN,NaN,NaN,NaN,transformer,embedding
5065,50660,NaN,NaN,NaN,NaN,NaN,NaN,NaN,transformer,embedding
5066,50670,NaN,NaN,NaN,NaN,NaN,NaN,NaN,transformer,embedding
5067,50680,NaN,NaN,NaN,NaN,NaN,NaN,NaN,transformer,embedding
5068,50690,NaN,NaN,NaN,NaN,NaN,NaN,NaN,transformer,embedding
5069,50700,NaN,NaN,NaN,NaN,NaN,NaN,NaN,transformer,embedding
5070,50710,NaN,NaN,NaN,NaN,NaN,NaN,NaN,transformer,embedding
5071,50720,NaN,NaN,NaN,NaN,NaN,NaN,NaN,transformer,embedding
5072,50730,NaN,NaN,NaN,NaN,NaN,NaN,NaN,transformer,embedding
5073,50740,NaN,NaN,NaN,NaN,NaN,NaN,NaN,transformer,embedding
5074,50750,NaN,NaN,NaN,NaN,NaN,NaN,NaN,transformer,embedding
5075,50760,NaN,NaN,NaN,NaN,NaN,NaN,NaN,transformer,embedding
5076,50770,NaN,NaN,NaN,NaN,NaN,NaN,NaN,transformer,embedding
5077,50780,NaN,NaN,NaN,NaN,NaN,NaN,NaN,transformer,embedding
5078,50790,NaN,NaN,NaN,NaN,NaN,NaN,NaN,transformer,embedding
5079,50800,NaN,NaN,NaN,NaN,NaN,NaN,NaN,transformer,embedding
5080,50810,NaN,NaN,NaN,NaN,NaN,NaN,NaN,transformer,embedding
5081,50820,NaN,NaN,NaN,NaN,NaN,NaN,NaN,transformer,embedding
5082,50830,NaN,NaN,NaN,NaN,NaN,NaN,NaN,transformer,embedding
5083,50840,NaN,NaN,NaN,NaN,NaN,NaN,NaN,transformer,embedding
5084,50850,NaN,NaN,NaN,NaN,NaN,NaN,NaN,transformer,embedding
5085,50860,NaN,NaN,NaN,NaN,NaN,NaN,NaN,transformer,embedding
5086,50870,NaN,NaN,NaN,NaN,NaN,NaN,NaN,transformer,embedding
5087,50880,NaN,NaN,NaN,NaN,NaN,NaN,NaN,transformer,embedding
5088,50890,NaN,NaN,NaN,NaN,NaN,NaN,NaN,transformer,embedding
5089,50900,NaN,NaN,NaN,NaN,NaN,NaN,NaN,transformer,embedding
5090,50910,NaN,NaN,NaN,NaN,NaN,NaN,NaN,transformer,embedding
5091,50920,NaN,NaN,NaN,NaN,NaN,NaN,NaN,transformer,embedding
5092,50930,NaN,NaN,NaN,NaN,NaN,NaN,NaN,transformer,embedding
5093,50940,2.8395831463967625e-08,100.0,1.0,0.001,NaN,NaN,NaN,transformer,embedding
5094,50950,NaN,NaN,NaN,NaN,NaN,NaN,NaN,transformer,embedding
5095,50960,NaN,NaN,NaN,NaN,NaN,NaN,NaN,transformer,embedding
5096,50970,NaN,NaN,NaN,NaN,NaN,NaN,NaN,transformer,embedding
5097,50980,NaN,NaN,NaN,NaN,NaN,NaN,NaN,transformer,embedding
5098,50990,NaN,NaN,NaN,NaN,NaN,NaN,NaN,transformer,embedding
5099,51000,NaN,NaN,NaN,NaN,NaN,NaN,NaN,transformer,embedding
5100,51010,NaN,NaN,NaN,NaN,NaN,NaN,NaN,transformer,embedding
5101,51020,NaN,NaN,NaN,NaN,NaN,NaN,NaN,transformer,embedding
5102,51030,NaN,NaN,NaN,NaN,NaN,NaN,NaN,transformer,embedding
5103,51040,NaN,NaN,NaN,NaN,NaN,NaN,NaN,transformer,embedding
5104,51050,NaN,NaN,NaN,NaN,NaN,NaN,NaN,transformer,embedding
5105,51060,NaN,NaN,NaN,NaN,NaN,NaN,NaN,transformer,embedding
5106,51070,NaN,NaN,NaN,NaN,NaN,NaN,NaN,transformer,embedding
5107,51080,NaN,NaN,NaN,NaN,NaN,NaN,NaN,transformer,embedding
5108,51090,NaN,NaN,NaN,NaN,NaN,NaN,NaN,transformer,embedding
5109,51100,NaN,NaN,NaN,NaN,NaN,NaN,NaN,transformer,embedding
5110,51110,NaN,NaN,NaN,NaN,NaN,NaN,NaN,transformer,embedding
5111,51120,NaN,NaN,NaN,NaN,NaN,NaN,NaN,transformer,embedding
5112,51130,NaN,NaN,NaN,NaN,NaN,NaN,NaN,transformer,embedding
5113,51140,NaN,NaN,NaN,NaN,NaN,NaN,NaN,transformer,embedding
5114,51150,NaN,NaN,NaN,NaN,NaN,NaN,NaN,transformer,embedding
5115,51160,NaN,NaN,NaN,NaN,NaN,NaN,NaN,transformer,embedding
5116,51170,NaN,NaN,NaN,NaN,NaN,NaN,NaN,transformer,embedding
5117,51180,NaN,NaN,NaN,NaN,NaN,NaN,NaN,transformer,embedding
5118,51190,NaN,NaN,NaN,NaN,NaN,NaN,NaN,transformer,embedding
5119,51200,NaN,NaN,NaN,NaN,NaN,NaN,NaN,transformer,embedding
5120,51210,NaN,NaN,NaN,NaN,NaN,NaN,NaN,transformer,embedding
5121,51220,NaN,NaN,NaN,NaN,NaN,NaN,NaN,transformer,embedding
5122,51230,NaN,NaN,NaN,NaN,NaN,NaN,NaN,transformer,embedding
5123,51240,NaN,NaN,NaN,NaN,NaN,NaN,NaN,transformer,embedding
5124,51250,NaN,NaN,NaN,NaN,NaN,NaN,NaN,transformer,embedding
5125,51260,NaN,NaN,NaN,NaN,NaN,NaN,NaN,transformer,embedding
5126,51270,NaN,NaN,NaN,NaN,NaN,NaN,NaN,transformer,embedding
5127,51280,NaN,NaN,NaN,NaN,NaN,NaN,NaN,transformer,embedding
5128,51290,NaN,NaN,NaN,NaN,NaN,NaN,NaN,transformer,embedding
5129,51300,NaN,NaN,NaN,NaN,NaN,NaN,NaN,transformer,embedding
5130,51310,NaN,NaN,NaN,NaN,NaN,NaN,NaN,transformer,embedding
5131,51320,NaN,NaN,NaN,NaN,NaN,NaN,NaN,transformer,embedding
5132,51330,NaN,NaN,NaN,NaN,NaN,NaN,NaN,transformer,embedding
5133,51340,NaN,NaN,NaN,NaN,NaN,NaN,NaN,transformer,embedding
5134,51350,NaN,NaN,NaN,NaN,NaN,NaN,NaN,transformer,embedding
5135,51360,NaN,NaN,NaN,NaN,NaN,NaN,NaN,transformer,embedding
5136,51370,NaN,NaN,NaN,NaN,NaN,NaN,NaN,transformer,embedding
5137,51380,NaN,NaN,NaN,NaN,NaN,NaN,NaN,transformer,embedding
5138,51390,NaN,NaN,NaN,NaN,NaN,NaN,NaN,transformer,embedding
5139,51400,NaN,NaN,NaN,NaN,NaN,NaN,NaN,transformer,embedding
5140,51410,NaN,NaN,NaN,NaN,NaN,NaN,NaN,transformer,embedding
5141,51420,NaN,NaN,NaN,NaN,NaN,NaN,NaN,transformer,embedding
5142,51430,NaN,NaN,NaN,NaN,NaN,NaN,NaN,transformer,embedding
5143,51440,2.7812964376039417e-08,100.0,1.0,0.001,NaN,NaN,NaN,transformer,embedding
5144,51450,NaN,NaN,NaN,NaN,NaN,NaN,NaN,transformer,embedding
5145,51460,NaN,NaN,NaN,NaN,NaN,NaN,NaN,transformer,embedding
5146,51470,NaN,NaN,NaN,NaN,NaN,NaN,NaN,transformer,embedding
5147,51480,NaN,NaN,NaN,NaN,NaN,NaN,NaN,transformer,embedding
5148,51490,NaN,NaN,NaN,NaN,NaN,NaN,NaN,transformer,embedding
5149,51500,NaN,NaN,NaN,NaN,NaN,NaN,NaN,transformer,embedding
5150,51510,NaN,NaN,NaN,NaN,NaN,NaN,NaN,transformer,embedding
5151,51520,NaN,NaN,NaN,NaN,NaN,NaN,NaN,transformer,embedding
5152,51530,NaN,NaN,NaN,NaN,NaN,NaN,NaN,transformer,embedding
5153,51540,NaN,NaN,NaN,NaN,NaN,NaN,NaN,transformer,embedding
5154,51550,NaN,NaN,NaN,NaN,NaN,NaN,NaN,transformer,embedding
5155,51560,NaN,NaN,NaN,NaN,NaN,NaN,NaN,transformer,embedding
5156,51570,NaN,NaN,NaN,NaN,NaN,NaN,NaN,transformer,embedding
5157,51580,NaN,NaN,NaN,NaN,NaN,NaN,NaN,transformer,embedding
5158,51590,NaN,NaN,NaN,NaN,8.342113488879477e-08,100.0,1.0000001192092896,transformer,embedding
5159,51600,NaN,NaN,NaN,NaN,NaN,NaN,NaN,transformer,embedding
5160,51610,NaN,NaN,NaN,NaN,NaN,NaN,NaN,transformer,embedding
5161,51620,NaN,NaN,NaN,NaN,NaN,NaN,NaN,transformer,embedding
5162,51630,NaN,NaN,NaN,NaN,NaN,NaN,NaN,transformer,embedding
5163,51640,NaN,NaN,NaN,NaN,NaN,NaN,NaN,transformer,embedding
5164,51650,NaN,NaN,NaN,NaN,NaN,NaN,NaN,transformer,embedding
5165,51660,NaN,NaN,NaN,NaN,NaN,NaN,NaN,transformer,embedding
5166,51670,NaN,NaN,NaN,NaN,NaN,NaN,NaN,transformer,embedding
5167,51680,NaN,NaN,NaN,NaN,NaN,NaN,NaN,transformer,embedding
5168,51690,NaN,NaN,NaN,NaN,NaN,NaN,NaN,transformer,embedding
5169,51700,NaN,NaN,NaN,NaN,NaN,NaN,NaN,transformer,embedding
5170,51710,NaN,NaN,NaN,NaN,NaN,NaN,NaN,transformer,embedding
5171,51720,NaN,NaN,NaN,NaN,NaN,NaN,NaN,transformer,embedding
5172,51730,NaN,NaN,NaN,NaN,NaN,NaN,NaN,transformer,embedding
5173,51740,NaN,NaN,NaN,NaN,NaN,NaN,NaN,transformer,embedding
5174,51750,NaN,NaN,NaN,NaN,NaN,NaN,NaN,transformer,embedding
5175,51760,NaN,NaN,NaN,NaN,NaN,NaN,NaN,transformer,embedding
5176,51770,NaN,NaN,NaN,NaN,NaN,NaN,NaN,transformer,embedding
5177,51780,NaN,NaN,NaN,NaN,NaN,NaN,NaN,transformer,embedding
5178,51790,NaN,NaN,NaN,NaN,NaN,NaN,NaN,transformer,embedding
5179,51800,NaN,NaN,NaN,NaN,NaN,NaN,NaN,transformer,embedding
5180,51810,NaN,NaN,NaN,NaN,NaN,NaN,NaN,transformer,embedding
5181,51820,NaN,NaN,NaN,NaN,NaN,NaN,NaN,transformer,embedding
5182,51830,NaN,NaN,NaN,NaN,NaN,NaN,NaN,transformer,embedding
5183,51840,NaN,NaN,NaN,NaN,NaN,NaN,NaN,transformer,embedding
5184,51850,NaN,NaN,NaN,NaN,NaN,NaN,NaN,transformer,embedding
5185,51860,NaN,NaN,NaN,NaN,NaN,NaN,NaN,transformer,embedding
5186,51870,NaN,NaN,NaN,NaN,NaN,NaN,NaN,transformer,embedding
5187,51880,NaN,NaN,NaN,NaN,NaN,NaN,NaN,transformer,embedding
5188,51890,NaN,NaN,NaN,NaN,NaN,NaN,NaN,transformer,embedding
5189,51900,NaN,NaN,NaN,NaN,NaN,NaN,NaN,transformer,embedding
5190,51910,NaN,NaN,NaN,NaN,NaN,NaN,NaN,transformer,embedding
5191,51920,NaN,NaN,NaN,NaN,NaN,NaN,NaN,transformer,embedding
5192,51930,NaN,NaN,NaN,NaN,NaN,NaN,NaN,transformer,embedding
5193,51940,NaN,NaN,NaN,NaN,NaN,NaN,NaN,transformer,embedding
5194,51950,2.8649253636103822e-08,100.0,1.0,0.001,NaN,NaN,NaN,transformer,embedding
5195,51960,NaN,NaN,NaN,NaN,NaN,NaN,NaN,transformer,embedding
5196,51970,NaN,NaN,NaN,NaN,NaN,NaN,NaN,transformer,embedding
5197,51980,NaN,NaN,NaN,NaN,NaN,NaN,NaN,transformer,embedding
5198,51990,NaN,NaN,NaN,NaN,NaN,NaN,NaN,transformer,embedding
5199,52000,NaN,NaN,NaN,NaN,NaN,NaN,NaN,transformer,embedding
5200,52010,NaN,NaN,NaN,NaN,NaN,NaN,NaN,transformer,embedding
5201,52020,NaN,NaN,NaN,NaN,NaN,NaN,NaN,transformer,embedding
5202,52030,NaN,NaN,NaN,NaN,NaN,NaN,NaN,transformer,embedding
5203,52040,NaN,NaN,NaN,NaN,NaN,NaN,NaN,transformer,embedding
5204,52050,NaN,NaN,NaN,NaN,NaN,NaN,NaN,transformer,embedding
5205,52060,NaN,NaN,NaN,NaN,NaN,NaN,NaN,transformer,embedding
5206,52070,NaN,NaN,NaN,NaN,NaN,NaN,NaN,transformer,embedding
5207,52080,NaN,NaN,NaN,NaN,NaN,NaN,NaN,transformer,embedding
5208,52090,NaN,NaN,NaN,NaN,NaN,NaN,NaN,transformer,embedding
5209,52100,NaN,NaN,NaN,NaN,NaN,NaN,NaN,transformer,embedding
5210,52110,NaN,NaN,NaN,NaN,NaN,NaN,NaN,transformer,embedding
5211,52120,NaN,NaN,NaN,NaN,NaN,NaN,NaN,transformer,embedding
5212,52130,NaN,NaN,NaN,NaN,NaN,NaN,NaN,transformer,embedding
5213,52140,NaN,NaN,NaN,NaN,NaN,NaN,NaN,transformer,embedding
5214,52150,NaN,NaN,NaN,NaN,NaN,NaN,NaN,transformer,embedding
5215,52160,NaN,NaN,NaN,NaN,NaN,NaN,NaN,transformer,embedding
5216,52170,NaN,NaN,NaN,NaN,NaN,NaN,NaN,transformer,embedding
5217,52180,NaN,NaN,NaN,NaN,NaN,NaN,NaN,transformer,embedding
5218,52190,NaN,NaN,NaN,NaN,NaN,NaN,NaN,transformer,embedding
5219,52200,NaN,NaN,NaN,NaN,NaN,NaN,NaN,transformer,embedding
5220,52210,NaN,NaN,NaN,NaN,NaN,NaN,NaN,transformer,embedding
5221,52220,NaN,NaN,NaN,NaN,NaN,NaN,NaN,transformer,embedding
5222,52230,NaN,NaN,NaN,NaN,NaN,NaN,NaN,transformer,embedding
5223,52240,NaN,NaN,NaN,NaN,NaN,NaN,NaN,transformer,embedding
5224,52250,NaN,NaN,NaN,NaN,NaN,NaN,NaN,transformer,embedding
5225,52260,NaN,NaN,NaN,NaN,NaN,NaN,NaN,transformer,embedding
5226,52270,NaN,NaN,NaN,NaN,NaN,NaN,NaN,transformer,embedding
5227,52280,NaN,NaN,NaN,NaN,NaN,NaN,NaN,transformer,embedding
5228,52290,NaN,NaN,NaN,NaN,NaN,NaN,NaN,transformer,embedding
5229,52300,NaN,NaN,NaN,NaN,NaN,NaN,NaN,transformer,embedding
5230,52310,NaN,NaN,NaN,NaN,NaN,NaN,NaN,transformer,embedding
5231,52320,NaN,NaN,NaN,NaN,NaN,NaN,NaN,transformer,embedding
5232,52330,NaN,NaN,NaN,NaN,NaN,NaN,NaN,transformer,embedding
5233,52340,NaN,NaN,NaN,NaN,NaN,NaN,NaN,transformer,embedding
5234,52350,NaN,NaN,NaN,NaN,NaN,NaN,NaN,transformer,embedding
5235,52360,NaN,NaN,NaN,NaN,NaN,NaN,NaN,transformer,embedding
5236,52370,NaN,NaN,NaN,NaN,NaN,NaN,NaN,transformer,embedding
5237,52380,NaN,NaN,NaN,NaN,NaN,NaN,NaN,transformer,embedding
5238,52390,NaN,NaN,NaN,NaN,NaN,NaN,NaN,transformer,embedding
5239,52400,NaN,NaN,NaN,NaN,NaN,NaN,NaN,transformer,embedding
5240,52410,NaN,NaN,NaN,NaN,NaN,NaN,NaN,transformer,embedding
5241,52420,NaN,NaN,NaN,NaN,NaN,NaN,NaN,transformer,embedding
5242,52430,NaN,NaN,NaN,NaN,NaN,NaN,NaN,transformer,embedding
5243,52440,NaN,NaN,NaN,NaN,NaN,NaN,NaN,transformer,embedding
5244,52450,NaN,NaN,NaN,NaN,NaN,NaN,NaN,transformer,embedding
5245,52460,2.6925988549919566e-08,100.0,1.0,0.001,NaN,NaN,NaN,transformer,embedding
5246,52470,NaN,NaN,NaN,NaN,NaN,NaN,NaN,transformer,embedding
5247,52480,NaN,NaN,NaN,NaN,NaN,NaN,NaN,transformer,embedding
5248,52490,NaN,NaN,NaN,NaN,NaN,NaN,NaN,transformer,embedding
5249,52500,NaN,NaN,NaN,NaN,NaN,NaN,NaN,transformer,embedding
5250,52510,NaN,NaN,NaN,NaN,NaN,NaN,NaN,transformer,embedding
5251,52520,NaN,NaN,NaN,NaN,NaN,NaN,NaN,transformer,embedding
5252,52530,NaN,NaN,NaN,NaN,NaN,NaN,NaN,transformer,embedding
5253,52540,NaN,NaN,NaN,NaN,NaN,NaN,NaN,transformer,embedding
5254,52550,NaN,NaN,NaN,NaN,NaN,NaN,NaN,transformer,embedding
5255,52560,NaN,NaN,NaN,NaN,NaN,NaN,NaN,transformer,embedding
5256,52570,NaN,NaN,NaN,NaN,NaN,NaN,NaN,transformer,embedding
5257,52580,NaN,NaN,NaN,NaN,NaN,NaN,NaN,transformer,embedding
5258,52590,NaN,NaN,NaN,NaN,NaN,NaN,NaN,transformer,embedding
5259,52600,NaN,NaN,NaN,NaN,NaN,NaN,NaN,transformer,embedding
5260,52610,NaN,NaN,NaN,NaN,NaN,NaN,NaN,transformer,embedding
5261,52620,NaN,NaN,NaN,NaN,8.755103664270791e-08,100.0,1.0000001192092896,transformer,embedding
5262,52630,NaN,NaN,NaN,NaN,NaN,NaN,NaN,transformer,embedding
5263,52640,NaN,NaN,NaN,NaN,NaN,NaN,NaN,transformer,embedding
5264,52650,NaN,NaN,NaN,NaN,NaN,NaN,NaN,transformer,embedding
5265,52660,NaN,NaN,NaN,NaN,NaN,NaN,NaN,transformer,embedding
5266,52670,NaN,NaN,NaN,NaN,NaN,NaN,NaN,transformer,embedding
5267,52680,NaN,NaN,NaN,NaN,NaN,NaN,NaN,transformer,embedding
5268,52690,NaN,NaN,NaN,NaN,NaN,NaN,NaN,transformer,embedding
5269,52700,NaN,NaN,NaN,NaN,NaN,NaN,NaN,transformer,embedding
5270,52710,NaN,NaN,NaN,NaN,NaN,NaN,NaN,transformer,embedding
5271,52720,NaN,NaN,NaN,NaN,NaN,NaN,NaN,transformer,embedding
5272,52730,NaN,NaN,NaN,NaN,NaN,NaN,NaN,transformer,embedding
5273,52740,NaN,NaN,NaN,NaN,NaN,NaN,NaN,transformer,embedding
5274,52750,NaN,NaN,NaN,NaN,NaN,NaN,NaN,transformer,embedding
5275,52760,NaN,NaN,NaN,NaN,NaN,NaN,NaN,transformer,embedding
5276,52770,NaN,NaN,NaN,NaN,NaN,NaN,NaN,transformer,embedding
5277,52780,NaN,NaN,NaN,NaN,NaN,NaN,NaN,transformer,embedding
5278,52790,NaN,NaN,NaN,NaN,NaN,NaN,NaN,transformer,embedding
5279,52800,NaN,NaN,NaN,NaN,NaN,NaN,NaN,transformer,embedding
5280,52810,NaN,NaN,NaN,NaN,NaN,NaN,NaN,transformer,embedding
5281,52820,NaN,NaN,NaN,NaN,NaN,NaN,NaN,transformer,embedding
5282,52830,NaN,NaN,NaN,NaN,NaN,NaN,NaN,transformer,embedding
5283,52840,NaN,NaN,NaN,NaN,NaN,NaN,NaN,transformer,embedding
5284,52850,NaN,NaN,NaN,NaN,NaN,NaN,NaN,transformer,embedding
5285,52860,NaN,NaN,NaN,NaN,NaN,NaN,NaN,transformer,embedding
5286,52870,NaN,NaN,NaN,NaN,NaN,NaN,NaN,transformer,embedding
5287,52880,NaN,NaN,NaN,NaN,NaN,NaN,NaN,transformer,embedding
5288,52890,NaN,NaN,NaN,NaN,NaN,NaN,NaN,transformer,embedding
5289,52900,NaN,NaN,NaN,NaN,NaN,NaN,NaN,transformer,embedding
5290,52910,NaN,NaN,NaN,NaN,NaN,NaN,NaN,transformer,embedding
5291,52920,NaN,NaN,NaN,NaN,NaN,NaN,NaN,transformer,embedding
5292,52930,NaN,NaN,NaN,NaN,NaN,NaN,NaN,transformer,embedding
5293,52940,NaN,NaN,NaN,NaN,NaN,NaN,NaN,transformer,embedding
5294,52950,NaN,NaN,NaN,NaN,NaN,NaN,NaN,transformer,embedding
5295,52960,NaN,NaN,NaN,NaN,NaN,NaN,NaN,transformer,embedding
5296,52970,NaN,NaN,NaN,NaN,NaN,NaN,NaN,transformer,embedding
5297,52980,2.735680659782247e-08,100.0,1.0,0.001,NaN,NaN,NaN,transformer,embedding
5298,52990,NaN,NaN,NaN,NaN,NaN,NaN,NaN,transformer,embedding
5299,53000,NaN,NaN,NaN,NaN,NaN,NaN,NaN,transformer,embedding
5300,53010,NaN,NaN,NaN,NaN,NaN,NaN,NaN,transformer,embedding
5301,53020,NaN,NaN,NaN,NaN,NaN,NaN,NaN,transformer,embedding
5302,53030,NaN,NaN,NaN,NaN,NaN,NaN,NaN,transformer,embedding
5303,53040,NaN,NaN,NaN,NaN,NaN,NaN,NaN,transformer,embedding
5304,53050,NaN,NaN,NaN,NaN,NaN,NaN,NaN,transformer,embedding
5305,53060,NaN,NaN,NaN,NaN,NaN,NaN,NaN,transformer,embedding
5306,53070,NaN,NaN,NaN,NaN,NaN,NaN,NaN,transformer,embedding
5307,53080,NaN,NaN,NaN,NaN,NaN,NaN,NaN,transformer,embedding
5308,53090,NaN,NaN,NaN,NaN,NaN,NaN,NaN,transformer,embedding
5309,53100,NaN,NaN,NaN,NaN,NaN,NaN,NaN,transformer,embedding
5310,53110,NaN,NaN,NaN,NaN,NaN,NaN,NaN,transformer,embedding
5311,53120,NaN,NaN,NaN,NaN,NaN,NaN,NaN,transformer,embedding
5312,53130,NaN,NaN,NaN,NaN,NaN,NaN,NaN,transformer,embedding
5313,53140,NaN,NaN,NaN,NaN,NaN,NaN,NaN,transformer,embedding
5314,53150,NaN,NaN,NaN,NaN,NaN,NaN,NaN,transformer,embedding
5315,53160,NaN,NaN,NaN,NaN,NaN,NaN,NaN,transformer,embedding
5316,53170,NaN,NaN,NaN,NaN,NaN,NaN,NaN,transformer,embedding
5317,53180,NaN,NaN,NaN,NaN,NaN,NaN,NaN,transformer,embedding
5318,53190,NaN,NaN,NaN,NaN,NaN,NaN,NaN,transformer,embedding
5319,53200,NaN,NaN,NaN,NaN,NaN,NaN,NaN,transformer,embedding
5320,53210,NaN,NaN,NaN,NaN,NaN,NaN,NaN,transformer,embedding
5321,53220,NaN,NaN,NaN,NaN,NaN,NaN,NaN,transformer,embedding
5322,53230,NaN,NaN,NaN,NaN,NaN,NaN,NaN,transformer,embedding
5323,53240,NaN,NaN,NaN,NaN,NaN,NaN,NaN,transformer,embedding
5324,53250,NaN,NaN,NaN,NaN,NaN,NaN,NaN,transformer,embedding
5325,53260,NaN,NaN,NaN,NaN,NaN,NaN,NaN,transformer,embedding
5326,53270,NaN,NaN,NaN,NaN,NaN,NaN,NaN,transformer,embedding
5327,53280,NaN,NaN,NaN,NaN,NaN,NaN,NaN,transformer,embedding
5328,53290,NaN,NaN,NaN,NaN,NaN,NaN,NaN,transformer,embedding
5329,53300,NaN,NaN,NaN,NaN,NaN,NaN,NaN,transformer,embedding
5330,53310,NaN,NaN,NaN,NaN,NaN,NaN,NaN,transformer,embedding
5331,53320,NaN,NaN,NaN,NaN,NaN,NaN,NaN,transformer,embedding
5332,53330,NaN,NaN,NaN,NaN,NaN,NaN,NaN,transformer,embedding
5333,53340,NaN,NaN,NaN,NaN,NaN,NaN,NaN,transformer,embedding
5334,53350,NaN,NaN,NaN,NaN,NaN,NaN,NaN,transformer,embedding
5335,53360,NaN,NaN,NaN,NaN,NaN,NaN,NaN,transformer,embedding
5336,53370,NaN,NaN,NaN,NaN,NaN,NaN,NaN,transformer,embedding
5337,53380,NaN,NaN,NaN,NaN,NaN,NaN,NaN,transformer,embedding
5338,53390,NaN,NaN,NaN,NaN,NaN,NaN,NaN,transformer,embedding
5339,53400,NaN,NaN,NaN,NaN,NaN,NaN,NaN,transformer,embedding
5340,53410,NaN,NaN,NaN,NaN,NaN,NaN,NaN,transformer,embedding
5341,53420,NaN,NaN,NaN,NaN,NaN,NaN,NaN,transformer,embedding
5342,53430,NaN,NaN,NaN,NaN,NaN,NaN,NaN,transformer,embedding
5343,53440,NaN,NaN,NaN,NaN,NaN,NaN,NaN,transformer,embedding
5344,53450,NaN,NaN,NaN,NaN,NaN,NaN,NaN,transformer,embedding
5345,53460,NaN,NaN,NaN,NaN,NaN,NaN,NaN,transformer,embedding
5346,53470,NaN,NaN,NaN,NaN,NaN,NaN,NaN,transformer,embedding
5347,53480,NaN,NaN,NaN,NaN,NaN,NaN,NaN,transformer,embedding
5348,53490,NaN,NaN,NaN,NaN,NaN,NaN,NaN,transformer,embedding
5349,53500,0.011042997241020203,99.59608459472656,1.0111042261123657,0.001,NaN,NaN,NaN,transformer,embedding
5350,53510,NaN,NaN,NaN,NaN,NaN,NaN,NaN,transformer,embedding
5351,53520,NaN,NaN,NaN,NaN,NaN,NaN,NaN,transformer,embedding
5352,53530,NaN,NaN,NaN,NaN,NaN,NaN,NaN,transformer,embedding
5353,53540,NaN,NaN,NaN,NaN,NaN,NaN,NaN,transformer,embedding
5354,53550,NaN,NaN,NaN,NaN,NaN,NaN,NaN,transformer,embedding
5355,53560,NaN,NaN,NaN,NaN,NaN,NaN,NaN,transformer,embedding
5356,53570,NaN,NaN,NaN,NaN,NaN,NaN,NaN,transformer,embedding
5357,53580,NaN,NaN,NaN,NaN,NaN,NaN,NaN,transformer,embedding
5358,53590,NaN,NaN,NaN,NaN,NaN,NaN,NaN,transformer,embedding
5359,53600,NaN,NaN,NaN,NaN,NaN,NaN,NaN,transformer,embedding
5360,53610,NaN,NaN,NaN,NaN,NaN,NaN,NaN,transformer,embedding
5361,53620,NaN,NaN,NaN,NaN,NaN,NaN,NaN,transformer,embedding
5362,53630,NaN,NaN,NaN,NaN,NaN,NaN,NaN,transformer,embedding
5363,53640,NaN,NaN,NaN,NaN,NaN,NaN,NaN,transformer,embedding
5364,53650,NaN,NaN,NaN,NaN,NaN,NaN,NaN,transformer,embedding
5365,53660,NaN,NaN,NaN,NaN,NaN,NaN,NaN,transformer,embedding
5366,53670,NaN,NaN,NaN,NaN,0.030238447710871696,98.78852081298828,1.0307003259658813,transformer,embedding
5367,53680,NaN,NaN,NaN,NaN,NaN,NaN,NaN,transformer,embedding
5368,53690,NaN,NaN,NaN,NaN,NaN,NaN,NaN,transformer,embedding
5369,53700,NaN,NaN,NaN,NaN,NaN,NaN,NaN,transformer,embedding
5370,53710,NaN,NaN,NaN,NaN,NaN,NaN,NaN,transformer,embedding
5371,53720,NaN,NaN,NaN,NaN,NaN,NaN,NaN,transformer,embedding
5372,53730,NaN,NaN,NaN,NaN,NaN,NaN,NaN,transformer,embedding
5373,53740,NaN,NaN,NaN,NaN,NaN,NaN,NaN,transformer,embedding
5374,53750,NaN,NaN,NaN,NaN,NaN,NaN,NaN,transformer,embedding
5375,53760,NaN,NaN,NaN,NaN,NaN,NaN,NaN,transformer,embedding
5376,53770,NaN,NaN,NaN,NaN,NaN,NaN,NaN,transformer,embedding
5377,53780,NaN,NaN,NaN,NaN,NaN,NaN,NaN,transformer,embedding
5378,53790,NaN,NaN,NaN,NaN,NaN,NaN,NaN,transformer,embedding
5379,53800,NaN,NaN,NaN,NaN,NaN,NaN,NaN,transformer,embedding
5380,53810,NaN,NaN,NaN,NaN,NaN,NaN,NaN,transformer,embedding
5381,53820,NaN,NaN,NaN,NaN,NaN,NaN,NaN,transformer,embedding
5382,53830,NaN,NaN,NaN,NaN,NaN,NaN,NaN,transformer,embedding
5383,53840,NaN,NaN,NaN,NaN,NaN,NaN,NaN,transformer,embedding
5384,53850,NaN,NaN,NaN,NaN,NaN,NaN,NaN,transformer,embedding
5385,53860,NaN,NaN,NaN,NaN,NaN,NaN,NaN,transformer,embedding
5386,53870,NaN,NaN,NaN,NaN,NaN,NaN,NaN,transformer,embedding
5387,53880,NaN,NaN,NaN,NaN,NaN,NaN,NaN,transformer,embedding
5388,53890,NaN,NaN,NaN,NaN,NaN,NaN,NaN,transformer,embedding
5389,53900,NaN,NaN,NaN,NaN,NaN,NaN,NaN,transformer,embedding
5390,53910,NaN,NaN,NaN,NaN,NaN,NaN,NaN,transformer,embedding
5391,53920,NaN,NaN,NaN,NaN,NaN,NaN,NaN,transformer,embedding
5392,53930,NaN,NaN,NaN,NaN,NaN,NaN,NaN,transformer,embedding
5393,53940,NaN,NaN,NaN,NaN,NaN,NaN,NaN,transformer,embedding
5394,53950,NaN,NaN,NaN,NaN,NaN,NaN,NaN,transformer,embedding
5395,53960,NaN,NaN,NaN,NaN,NaN,NaN,NaN,transformer,embedding
5396,53970,NaN,NaN,NaN,NaN,NaN,NaN,NaN,transformer,embedding
5397,53980,NaN,NaN,NaN,NaN,NaN,NaN,NaN,transformer,embedding
5398,53990,NaN,NaN,NaN,NaN,NaN,NaN,NaN,transformer,embedding
5399,54000,NaN,NaN,NaN,NaN,NaN,NaN,NaN,transformer,embedding
5400,54010,NaN,NaN,NaN,NaN,NaN,NaN,NaN,transformer,embedding
5401,54020,NaN,NaN,NaN,NaN,NaN,NaN,NaN,transformer,embedding
5402,54030,1.3025822198642345e-08,100.0,1.0,0.001,NaN,NaN,NaN,transformer,embedding
5403,54040,NaN,NaN,NaN,NaN,NaN,NaN,NaN,transformer,embedding
5404,54050,NaN,NaN,NaN,NaN,NaN,NaN,NaN,transformer,embedding
5405,54060,NaN,NaN,NaN,NaN,NaN,NaN,NaN,transformer,embedding
5406,54070,NaN,NaN,NaN,NaN,NaN,NaN,NaN,transformer,embedding
5407,54080,NaN,NaN,NaN,NaN,NaN,NaN,NaN,transformer,embedding
5408,54090,NaN,NaN,NaN,NaN,NaN,NaN,NaN,transformer,embedding
5409,54100,NaN,NaN,NaN,NaN,NaN,NaN,NaN,transformer,embedding
5410,54110,NaN,NaN,NaN,NaN,NaN,NaN,NaN,transformer,embedding
5411,54120,NaN,NaN,NaN,NaN,NaN,NaN,NaN,transformer,embedding
5412,54130,NaN,NaN,NaN,NaN,NaN,NaN,NaN,transformer,embedding
5413,54140,NaN,NaN,NaN,NaN,NaN,NaN,NaN,transformer,embedding
5414,54150,NaN,NaN,NaN,NaN,NaN,NaN,NaN,transformer,embedding
5415,54160,NaN,NaN,NaN,NaN,NaN,NaN,NaN,transformer,embedding
5416,54170,NaN,NaN,NaN,NaN,NaN,NaN,NaN,transformer,embedding
5417,54180,NaN,NaN,NaN,NaN,NaN,NaN,NaN,transformer,embedding
5418,54190,NaN,NaN,NaN,NaN,NaN,NaN,NaN,transformer,embedding
5419,54200,NaN,NaN,NaN,NaN,NaN,NaN,NaN,transformer,embedding
5420,54210,NaN,NaN,NaN,NaN,NaN,NaN,NaN,transformer,embedding
5421,54220,NaN,NaN,NaN,NaN,NaN,NaN,NaN,transformer,embedding
5422,54230,NaN,NaN,NaN,NaN,NaN,NaN,NaN,transformer,embedding
5423,54240,NaN,NaN,NaN,NaN,NaN,NaN,NaN,transformer,embedding
5424,54250,NaN,NaN,NaN,NaN,NaN,NaN,NaN,transformer,embedding
5425,54260,NaN,NaN,NaN,NaN,NaN,NaN,NaN,transformer,embedding
5426,54270,NaN,NaN,NaN,NaN,NaN,NaN,NaN,transformer,embedding
5427,54280,NaN,NaN,NaN,NaN,NaN,NaN,NaN,transformer,embedding
5428,54290,NaN,NaN,NaN,NaN,NaN,NaN,NaN,transformer,embedding
5429,54300,NaN,NaN,NaN,NaN,NaN,NaN,NaN,transformer,embedding
5430,54310,NaN,NaN,NaN,NaN,NaN,NaN,NaN,transformer,embedding
5431,54320,NaN,NaN,NaN,NaN,NaN,NaN,NaN,transformer,embedding
5432,54330,NaN,NaN,NaN,NaN,NaN,NaN,NaN,transformer,embedding
5433,54340,NaN,NaN,NaN,NaN,NaN,NaN,NaN,transformer,embedding
5434,54350,NaN,NaN,NaN,NaN,NaN,NaN,NaN,transformer,embedding
5435,54360,NaN,NaN,NaN,NaN,NaN,NaN,NaN,transformer,embedding
5436,54370,NaN,NaN,NaN,NaN,NaN,NaN,NaN,transformer,embedding
5437,54380,NaN,NaN,NaN,NaN,NaN,NaN,NaN,transformer,embedding
5438,54390,NaN,NaN,NaN,NaN,NaN,NaN,NaN,transformer,embedding
5439,54400,NaN,NaN,NaN,NaN,NaN,NaN,NaN,transformer,embedding
5440,54410,NaN,NaN,NaN,NaN,NaN,NaN,NaN,transformer,embedding
5441,54420,NaN,NaN,NaN,NaN,NaN,NaN,NaN,transformer,embedding
5442,54430,NaN,NaN,NaN,NaN,NaN,NaN,NaN,transformer,embedding
5443,54440,NaN,NaN,NaN,NaN,NaN,NaN,NaN,transformer,embedding
5444,54450,NaN,NaN,NaN,NaN,NaN,NaN,NaN,transformer,embedding
5445,54460,NaN,NaN,NaN,NaN,NaN,NaN,NaN,transformer,embedding
5446,54470,NaN,NaN,NaN,NaN,NaN,NaN,NaN,transformer,embedding
5447,54480,NaN,NaN,NaN,NaN,NaN,NaN,NaN,transformer,embedding
5448,54490,NaN,NaN,NaN,NaN,NaN,NaN,NaN,transformer,embedding
5449,54500,NaN,NaN,NaN,NaN,NaN,NaN,NaN,transformer,embedding
5450,54510,NaN,NaN,NaN,NaN,NaN,NaN,NaN,transformer,embedding
5451,54520,NaN,NaN,NaN,NaN,NaN,NaN,NaN,transformer,embedding
5452,54530,NaN,NaN,NaN,NaN,NaN,NaN,NaN,transformer,embedding
5453,54540,NaN,NaN,NaN,NaN,NaN,NaN,NaN,transformer,embedding
5454,54550,NaN,NaN,NaN,NaN,NaN,NaN,NaN,transformer,embedding
5455,54560,NaN,NaN,NaN,NaN,NaN,NaN,NaN,transformer,embedding
5456,54570,1.6092235100018115e-08,100.0,1.0,0.001,NaN,NaN,NaN,transformer,embedding
5457,54580,NaN,NaN,NaN,NaN,NaN,NaN,NaN,transformer,embedding
5458,54590,NaN,NaN,NaN,NaN,NaN,NaN,NaN,transformer,embedding
5459,54600,NaN,NaN,NaN,NaN,NaN,NaN,NaN,transformer,embedding
5460,54610,NaN,NaN,NaN,NaN,NaN,NaN,NaN,transformer,embedding
5461,54620,NaN,NaN,NaN,NaN,NaN,NaN,NaN,transformer,embedding
5462,54630,NaN,NaN,NaN,NaN,NaN,NaN,NaN,transformer,embedding
5463,54640,NaN,NaN,NaN,NaN,NaN,NaN,NaN,transformer,embedding
5464,54650,NaN,NaN,NaN,NaN,NaN,NaN,NaN,transformer,embedding
5465,54660,NaN,NaN,NaN,NaN,NaN,NaN,NaN,transformer,embedding
5466,54670,NaN,NaN,NaN,NaN,NaN,NaN,NaN,transformer,embedding
5467,54680,NaN,NaN,NaN,NaN,NaN,NaN,NaN,transformer,embedding
5468,54690,NaN,NaN,NaN,NaN,NaN,NaN,NaN,transformer,embedding
5469,54700,NaN,NaN,NaN,NaN,NaN,NaN,NaN,transformer,embedding
5470,54710,NaN,NaN,NaN,NaN,NaN,NaN,NaN,transformer,embedding
5471,54720,NaN,NaN,NaN,NaN,NaN,NaN,NaN,transformer,embedding
5472,54730,NaN,NaN,NaN,NaN,NaN,NaN,NaN,transformer,embedding
5473,54740,NaN,NaN,NaN,NaN,6.7210303313913755e-06,100.0,1.0000066757202148,transformer,embedding
5474,54750,NaN,NaN,NaN,NaN,NaN,NaN,NaN,transformer,embedding
5475,54760,NaN,NaN,NaN,NaN,NaN,NaN,NaN,transformer,embedding
5476,54770,NaN,NaN,NaN,NaN,NaN,NaN,NaN,transformer,embedding
5477,54780,NaN,NaN,NaN,NaN,NaN,NaN,NaN,transformer,embedding
5478,54790,NaN,NaN,NaN,NaN,NaN,NaN,NaN,transformer,embedding
5479,54800,NaN,NaN,NaN,NaN,NaN,NaN,NaN,transformer,embedding
5480,54810,NaN,NaN,NaN,NaN,NaN,NaN,NaN,transformer,embedding
5481,54820,NaN,NaN,NaN,NaN,NaN,NaN,NaN,transformer,embedding
5482,54830,NaN,NaN,NaN,NaN,NaN,NaN,NaN,transformer,embedding
5483,54840,NaN,NaN,NaN,NaN,NaN,NaN,NaN,transformer,embedding
5484,54850,NaN,NaN,NaN,NaN,NaN,NaN,NaN,transformer,embedding
5485,54860,NaN,NaN,NaN,NaN,NaN,NaN,NaN,transformer,embedding
5486,54870,NaN,NaN,NaN,NaN,NaN,NaN,NaN,transformer,embedding
5487,54880,NaN,NaN,NaN,NaN,NaN,NaN,NaN,transformer,embedding
5488,54890,NaN,NaN,NaN,NaN,NaN,NaN,NaN,transformer,embedding
5489,54900,NaN,NaN,NaN,NaN,NaN,NaN,NaN,transformer,embedding
5490,54910,NaN,NaN,NaN,NaN,NaN,NaN,NaN,transformer,embedding
5491,54920,NaN,NaN,NaN,NaN,NaN,NaN,NaN,transformer,embedding
5492,54930,NaN,NaN,NaN,NaN,NaN,NaN,NaN,transformer,embedding
5493,54940,NaN,NaN,NaN,NaN,NaN,NaN,NaN,transformer,embedding
5494,54950,NaN,NaN,NaN,NaN,NaN,NaN,NaN,transformer,embedding
5495,54960,NaN,NaN,NaN,NaN,NaN,NaN,NaN,transformer,embedding
5496,54970,NaN,NaN,NaN,NaN,NaN,NaN,NaN,transformer,embedding
5497,54980,NaN,NaN,NaN,NaN,NaN,NaN,NaN,transformer,embedding
5498,54990,NaN,NaN,NaN,NaN,NaN,NaN,NaN,transformer,embedding
5499,55000,NaN,NaN,NaN,NaN,NaN,NaN,NaN,transformer,embedding
5500,55010,NaN,NaN,NaN,NaN,NaN,NaN,NaN,transformer,embedding
5501,55020,NaN,NaN,NaN,NaN,NaN,NaN,NaN,transformer,embedding
5502,55030,NaN,NaN,NaN,NaN,NaN,NaN,NaN,transformer,embedding
5503,55040,NaN,NaN,NaN,NaN,NaN,NaN,NaN,transformer,embedding
5504,55050,NaN,NaN,NaN,NaN,NaN,NaN,NaN,transformer,embedding
5505,55060,NaN,NaN,NaN,NaN,NaN,NaN,NaN,transformer,embedding
5506,55070,NaN,NaN,NaN,NaN,NaN,NaN,NaN,transformer,embedding
5507,55080,NaN,NaN,NaN,NaN,NaN,NaN,NaN,transformer,embedding
5508,55090,NaN,NaN,NaN,NaN,NaN,NaN,NaN,transformer,embedding
5509,55100,NaN,NaN,NaN,NaN,NaN,NaN,NaN,transformer,embedding
5510,55110,3.060059583503971e-08,100.0,1.0,0.001,NaN,NaN,NaN,transformer,embedding
5511,55120,NaN,NaN,NaN,NaN,NaN,NaN,NaN,transformer,embedding
5512,55130,NaN,NaN,NaN,NaN,NaN,NaN,NaN,transformer,embedding
5513,55140,NaN,NaN,NaN,NaN,NaN,NaN,NaN,transformer,embedding
5514,55150,NaN,NaN,NaN,NaN,NaN,NaN,NaN,transformer,embedding
5515,55160,NaN,NaN,NaN,NaN,NaN,NaN,NaN,transformer,embedding
5516,55170,NaN,NaN,NaN,NaN,NaN,NaN,NaN,transformer,embedding
5517,55180,NaN,NaN,NaN,NaN,NaN,NaN,NaN,transformer,embedding
5518,55190,NaN,NaN,NaN,NaN,NaN,NaN,NaN,transformer,embedding
5519,55200,NaN,NaN,NaN,NaN,NaN,NaN,NaN,transformer,embedding
5520,55210,NaN,NaN,NaN,NaN,NaN,NaN,NaN,transformer,embedding
5521,55220,NaN,NaN,NaN,NaN,NaN,NaN,NaN,transformer,embedding
5522,55230,NaN,NaN,NaN,NaN,NaN,NaN,NaN,transformer,embedding
5523,55240,NaN,NaN,NaN,NaN,NaN,NaN,NaN,transformer,embedding
5524,55250,NaN,NaN,NaN,NaN,NaN,NaN,NaN,transformer,embedding
5525,55260,NaN,NaN,NaN,NaN,NaN,NaN,NaN,transformer,embedding
5526,55270,NaN,NaN,NaN,NaN,NaN,NaN,NaN,transformer,embedding
5527,55280,NaN,NaN,NaN,NaN,NaN,NaN,NaN,transformer,embedding
5528,55290,NaN,NaN,NaN,NaN,NaN,NaN,NaN,transformer,embedding
5529,55300,NaN,NaN,NaN,NaN,NaN,NaN,NaN,transformer,embedding
5530,55310,NaN,NaN,NaN,NaN,NaN,NaN,NaN,transformer,embedding
5531,55320,NaN,NaN,NaN,NaN,NaN,NaN,NaN,transformer,embedding
5532,55330,NaN,NaN,NaN,NaN,NaN,NaN,NaN,transformer,embedding
5533,55340,NaN,NaN,NaN,NaN,NaN,NaN,NaN,transformer,embedding
5534,55350,NaN,NaN,NaN,NaN,NaN,NaN,NaN,transformer,embedding
5535,55360,NaN,NaN,NaN,NaN,NaN,NaN,NaN,transformer,embedding
5536,55370,NaN,NaN,NaN,NaN,NaN,NaN,NaN,transformer,embedding
5537,55380,NaN,NaN,NaN,NaN,NaN,NaN,NaN,transformer,embedding
5538,55390,NaN,NaN,NaN,NaN,NaN,NaN,NaN,transformer,embedding
5539,55400,NaN,NaN,NaN,NaN,NaN,NaN,NaN,transformer,embedding
5540,55410,NaN,NaN,NaN,NaN,NaN,NaN,NaN,transformer,embedding
5541,55420,NaN,NaN,NaN,NaN,NaN,NaN,NaN,transformer,embedding
5542,55430,NaN,NaN,NaN,NaN,NaN,NaN,NaN,transformer,embedding
5543,55440,NaN,NaN,NaN,NaN,NaN,NaN,NaN,transformer,embedding
5544,55450,NaN,NaN,NaN,NaN,NaN,NaN,NaN,transformer,embedding
5545,55460,NaN,NaN,NaN,NaN,NaN,NaN,NaN,transformer,embedding
5546,55470,NaN,NaN,NaN,NaN,NaN,NaN,NaN,transformer,embedding
5547,55480,NaN,NaN,NaN,NaN,NaN,NaN,NaN,transformer,embedding
5548,55490,NaN,NaN,NaN,NaN,NaN,NaN,NaN,transformer,embedding
5549,55500,NaN,NaN,NaN,NaN,NaN,NaN,NaN,transformer,embedding
5550,55510,NaN,NaN,NaN,NaN,NaN,NaN,NaN,transformer,embedding
5551,55520,NaN,NaN,NaN,NaN,NaN,NaN,NaN,transformer,embedding
5552,55530,NaN,NaN,NaN,NaN,NaN,NaN,NaN,transformer,embedding
5553,55540,NaN,NaN,NaN,NaN,NaN,NaN,NaN,transformer,embedding
5554,55550,NaN,NaN,NaN,NaN,NaN,NaN,NaN,transformer,embedding
5555,55560,NaN,NaN,NaN,NaN,NaN,NaN,NaN,transformer,embedding
5556,55570,NaN,NaN,NaN,NaN,NaN,NaN,NaN,transformer,embedding
5557,55580,NaN,NaN,NaN,NaN,NaN,NaN,NaN,transformer,embedding
5558,55590,NaN,NaN,NaN,NaN,NaN,NaN,NaN,transformer,embedding
5559,55600,NaN,NaN,NaN,NaN,NaN,NaN,NaN,transformer,embedding
5560,55610,NaN,NaN,NaN,NaN,NaN,NaN,NaN,transformer,embedding
5561,55620,NaN,NaN,NaN,NaN,NaN,NaN,NaN,transformer,embedding
5562,55630,NaN,NaN,NaN,NaN,NaN,NaN,NaN,transformer,embedding
5563,55640,NaN,NaN,NaN,NaN,NaN,NaN,NaN,transformer,embedding
5564,55650,NaN,NaN,NaN,NaN,NaN,NaN,NaN,transformer,embedding
5565,55660,2.9016712588258997e-08,100.0,1.0,0.001,NaN,NaN,NaN,transformer,embedding
5566,55670,NaN,NaN,NaN,NaN,NaN,NaN,NaN,transformer,embedding
5567,55680,NaN,NaN,NaN,NaN,NaN,NaN,NaN,transformer,embedding
5568,55690,NaN,NaN,NaN,NaN,NaN,NaN,NaN,transformer,embedding
5569,55700,NaN,NaN,NaN,NaN,NaN,NaN,NaN,transformer,embedding
5570,55710,NaN,NaN,NaN,NaN,NaN,NaN,NaN,transformer,embedding
5571,55720,NaN,NaN,NaN,NaN,NaN,NaN,NaN,transformer,embedding
5572,55730,NaN,NaN,NaN,NaN,NaN,NaN,NaN,transformer,embedding
5573,55740,NaN,NaN,NaN,NaN,NaN,NaN,NaN,transformer,embedding
5574,55750,NaN,NaN,NaN,NaN,NaN,NaN,NaN,transformer,embedding
5575,55760,NaN,NaN,NaN,NaN,NaN,NaN,NaN,transformer,embedding
5576,55770,NaN,NaN,NaN,NaN,NaN,NaN,NaN,transformer,embedding
5577,55780,NaN,NaN,NaN,NaN,NaN,NaN,NaN,transformer,embedding
5578,55790,NaN,NaN,NaN,NaN,NaN,NaN,NaN,transformer,embedding
5579,55800,NaN,NaN,NaN,NaN,NaN,NaN,NaN,transformer,embedding
5580,55810,NaN,NaN,NaN,NaN,NaN,NaN,NaN,transformer,embedding
5581,55820,NaN,NaN,NaN,NaN,NaN,NaN,NaN,transformer,embedding
5582,55830,NaN,NaN,NaN,NaN,1.8123353129340103e-07,100.0,1.000000238418579,transformer,embedding
5583,55840,NaN,NaN,NaN,NaN,NaN,NaN,NaN,transformer,embedding
5584,55850,NaN,NaN,NaN,NaN,NaN,NaN,NaN,transformer,embedding
5585,55860,NaN,NaN,NaN,NaN,NaN,NaN,NaN,transformer,embedding
5586,55870,NaN,NaN,NaN,NaN,NaN,NaN,NaN,transformer,embedding
5587,55880,NaN,NaN,NaN,NaN,NaN,NaN,NaN,transformer,embedding
5588,55890,NaN,NaN,NaN,NaN,NaN,NaN,NaN,transformer,embedding
5589,55900,NaN,NaN,NaN,NaN,NaN,NaN,NaN,transformer,embedding
5590,55910,NaN,NaN,NaN,NaN,NaN,NaN,NaN,transformer,embedding
5591,55920,NaN,NaN,NaN,NaN,NaN,NaN,NaN,transformer,embedding
5592,55930,NaN,NaN,NaN,NaN,NaN,NaN,NaN,transformer,embedding
5593,55940,NaN,NaN,NaN,NaN,NaN,NaN,NaN,transformer,embedding
5594,55950,NaN,NaN,NaN,NaN,NaN,NaN,NaN,transformer,embedding
5595,55960,NaN,NaN,NaN,NaN,NaN,NaN,NaN,transformer,embedding
5596,55970,NaN,NaN,NaN,NaN,NaN,NaN,NaN,transformer,embedding
5597,55980,NaN,NaN,NaN,NaN,NaN,NaN,NaN,transformer,embedding
5598,55990,NaN,NaN,NaN,NaN,NaN,NaN,NaN,transformer,embedding
5599,56000,NaN,NaN,NaN,NaN,NaN,NaN,NaN,transformer,embedding
5600,56010,NaN,NaN,NaN,NaN,NaN,NaN,NaN,transformer,embedding
5601,56020,NaN,NaN,NaN,NaN,NaN,NaN,NaN,transformer,embedding
5602,56030,NaN,NaN,NaN,NaN,NaN,NaN,NaN,transformer,embedding
5603,56040,NaN,NaN,NaN,NaN,NaN,NaN,NaN,transformer,embedding
5604,56050,NaN,NaN,NaN,NaN,NaN,NaN,NaN,transformer,embedding
5605,56060,NaN,NaN,NaN,NaN,NaN,NaN,NaN,transformer,embedding
5606,56070,NaN,NaN,NaN,NaN,NaN,NaN,NaN,transformer,embedding
5607,56080,NaN,NaN,NaN,NaN,NaN,NaN,NaN,transformer,embedding
5608,56090,NaN,NaN,NaN,NaN,NaN,NaN,NaN,transformer,embedding
5609,56100,NaN,NaN,NaN,NaN,NaN,NaN,NaN,transformer,embedding
5610,56110,NaN,NaN,NaN,NaN,NaN,NaN,NaN,transformer,embedding
5611,56120,NaN,NaN,NaN,NaN,NaN,NaN,NaN,transformer,embedding
5612,56130,NaN,NaN,NaN,NaN,NaN,NaN,NaN,transformer,embedding
5613,56140,NaN,NaN,NaN,NaN,NaN,NaN,NaN,transformer,embedding
5614,56150,NaN,NaN,NaN,NaN,NaN,NaN,NaN,transformer,embedding
5615,56160,NaN,NaN,NaN,NaN,NaN,NaN,NaN,transformer,embedding
5616,56170,NaN,NaN,NaN,NaN,NaN,NaN,NaN,transformer,embedding
5617,56180,NaN,NaN,NaN,NaN,NaN,NaN,NaN,transformer,embedding
5618,56190,NaN,NaN,NaN,NaN,NaN,NaN,NaN,transformer,embedding
5619,56200,NaN,NaN,NaN,NaN,NaN,NaN,NaN,transformer,embedding
5620,56210,2.9751635821639866e-08,100.0,1.0,0.001,NaN,NaN,NaN,transformer,embedding
5621,56220,NaN,NaN,NaN,NaN,NaN,NaN,NaN,transformer,embedding
5622,56230,NaN,NaN,NaN,NaN,NaN,NaN,NaN,transformer,embedding
5623,56240,NaN,NaN,NaN,NaN,NaN,NaN,NaN,transformer,embedding
5624,56250,NaN,NaN,NaN,NaN,NaN,NaN,NaN,transformer,embedding
5625,56260,NaN,NaN,NaN,NaN,NaN,NaN,NaN,transformer,embedding
5626,56270,NaN,NaN,NaN,NaN,NaN,NaN,NaN,transformer,embedding
5627,56280,NaN,NaN,NaN,NaN,NaN,NaN,NaN,transformer,embedding
5628,56290,NaN,NaN,NaN,NaN,NaN,NaN,NaN,transformer,embedding
5629,56300,NaN,NaN,NaN,NaN,NaN,NaN,NaN,transformer,embedding
5630,56310,NaN,NaN,NaN,NaN,NaN,NaN,NaN,transformer,embedding
5631,56320,NaN,NaN,NaN,NaN,NaN,NaN,NaN,transformer,embedding
5632,56330,NaN,NaN,NaN,NaN,NaN,NaN,NaN,transformer,embedding
5633,56340,NaN,NaN,NaN,NaN,NaN,NaN,NaN,transformer,embedding
5634,56350,NaN,NaN,NaN,NaN,NaN,NaN,NaN,transformer,embedding
5635,56360,NaN,NaN,NaN,NaN,NaN,NaN,NaN,transformer,embedding
5636,56370,NaN,NaN,NaN,NaN,NaN,NaN,NaN,transformer,embedding
5637,56380,NaN,NaN,NaN,NaN,NaN,NaN,NaN,transformer,embedding
5638,56390,NaN,NaN,NaN,NaN,NaN,NaN,NaN,transformer,embedding
5639,56400,NaN,NaN,NaN,NaN,NaN,NaN,NaN,transformer,embedding
5640,56410,NaN,NaN,NaN,NaN,NaN,NaN,NaN,transformer,embedding
5641,56420,NaN,NaN,NaN,NaN,NaN,NaN,NaN,transformer,embedding
5642,56430,NaN,NaN,NaN,NaN,NaN,NaN,NaN,transformer,embedding
5643,56440,NaN,NaN,NaN,NaN,NaN,NaN,NaN,transformer,embedding
5644,56450,NaN,NaN,NaN,NaN,NaN,NaN,NaN,transformer,embedding
5645,56460,NaN,NaN,NaN,NaN,NaN,NaN,NaN,transformer,embedding
5646,56470,NaN,NaN,NaN,NaN,NaN,NaN,NaN,transformer,embedding
5647,56480,NaN,NaN,NaN,NaN,NaN,NaN,NaN,transformer,embedding
5648,56490,NaN,NaN,NaN,NaN,NaN,NaN,NaN,transformer,embedding
5649,56500,NaN,NaN,NaN,NaN,NaN,NaN,NaN,transformer,embedding
5650,56510,NaN,NaN,NaN,NaN,NaN,NaN,NaN,transformer,embedding
5651,56520,NaN,NaN,NaN,NaN,NaN,NaN,NaN,transformer,embedding
5652,56530,NaN,NaN,NaN,NaN,NaN,NaN,NaN,transformer,embedding
5653,56540,NaN,NaN,NaN,NaN,NaN,NaN,NaN,transformer,embedding
5654,56550,NaN,NaN,NaN,NaN,NaN,NaN,NaN,transformer,embedding
5655,56560,NaN,NaN,NaN,NaN,NaN,NaN,NaN,transformer,embedding
5656,56570,NaN,NaN,NaN,NaN,NaN,NaN,NaN,transformer,embedding
5657,56580,NaN,NaN,NaN,NaN,NaN,NaN,NaN,transformer,embedding
5658,56590,NaN,NaN,NaN,NaN,NaN,NaN,NaN,transformer,embedding
5659,56600,NaN,NaN,NaN,NaN,NaN,NaN,NaN,transformer,embedding
5660,56610,NaN,NaN,NaN,NaN,NaN,NaN,NaN,transformer,embedding
5661,56620,NaN,NaN,NaN,NaN,NaN,NaN,NaN,transformer,embedding
5662,56630,NaN,NaN,NaN,NaN,NaN,NaN,NaN,transformer,embedding
5663,56640,NaN,NaN,NaN,NaN,NaN,NaN,NaN,transformer,embedding
5664,56650,NaN,NaN,NaN,NaN,NaN,NaN,NaN,transformer,embedding
5665,56660,NaN,NaN,NaN,NaN,NaN,NaN,NaN,transformer,embedding
5666,56670,NaN,NaN,NaN,NaN,NaN,NaN,NaN,transformer,embedding
5667,56680,NaN,NaN,NaN,NaN,NaN,NaN,NaN,transformer,embedding
5668,56690,NaN,NaN,NaN,NaN,NaN,NaN,NaN,transformer,embedding
5669,56700,NaN,NaN,NaN,NaN,NaN,NaN,NaN,transformer,embedding
5670,56710,NaN,NaN,NaN,NaN,NaN,NaN,NaN,transformer,embedding
5671,56720,NaN,NaN,NaN,NaN,NaN,NaN,NaN,transformer,embedding
5672,56730,NaN,NaN,NaN,NaN,NaN,NaN,NaN,transformer,embedding
5673,56740,NaN,NaN,NaN,NaN,NaN,NaN,NaN,transformer,embedding
5674,56750,NaN,NaN,NaN,NaN,NaN,NaN,NaN,transformer,embedding
5675,56760,NaN,NaN,NaN,NaN,NaN,NaN,NaN,transformer,embedding
5676,56770,1.6462496432723128e-06,100.0,1.0000016689300537,0.001,NaN,NaN,NaN,transformer,embedding
5677,56780,NaN,NaN,NaN,NaN,NaN,NaN,NaN,transformer,embedding
5678,56790,NaN,NaN,NaN,NaN,NaN,NaN,NaN,transformer,embedding
5679,56800,NaN,NaN,NaN,NaN,NaN,NaN,NaN,transformer,embedding
5680,56810,NaN,NaN,NaN,NaN,NaN,NaN,NaN,transformer,embedding
5681,56820,NaN,NaN,NaN,NaN,NaN,NaN,NaN,transformer,embedding
5682,56830,NaN,NaN,NaN,NaN,NaN,NaN,NaN,transformer,embedding
5683,56840,NaN,NaN,NaN,NaN,NaN,NaN,NaN,transformer,embedding
5684,56850,NaN,NaN,NaN,NaN,NaN,NaN,NaN,transformer,embedding
5685,56860,NaN,NaN,NaN,NaN,NaN,NaN,NaN,transformer,embedding
5686,56870,NaN,NaN,NaN,NaN,NaN,NaN,NaN,transformer,embedding
5687,56880,NaN,NaN,NaN,NaN,NaN,NaN,NaN,transformer,embedding
5688,56890,NaN,NaN,NaN,NaN,NaN,NaN,NaN,transformer,embedding
5689,56900,NaN,NaN,NaN,NaN,NaN,NaN,NaN,transformer,embedding
5690,56910,NaN,NaN,NaN,NaN,NaN,NaN,NaN,transformer,embedding
5691,56920,NaN,NaN,NaN,NaN,NaN,NaN,NaN,transformer,embedding
5692,56930,NaN,NaN,NaN,NaN,NaN,NaN,NaN,transformer,embedding
5693,56940,NaN,NaN,NaN,NaN,0.0024065254256129265,99.91497802734375,1.0024094581604004,transformer,embedding
5694,56950,NaN,NaN,NaN,NaN,NaN,NaN,NaN,transformer,embedding
5695,56960,NaN,NaN,NaN,NaN,NaN,NaN,NaN,transformer,embedding
5696,56970,NaN,NaN,NaN,NaN,NaN,NaN,NaN,transformer,embedding
5697,56980,NaN,NaN,NaN,NaN,NaN,NaN,NaN,transformer,embedding
5698,56990,NaN,NaN,NaN,NaN,NaN,NaN,NaN,transformer,embedding
5699,57000,NaN,NaN,NaN,NaN,NaN,NaN,NaN,transformer,embedding
5700,57010,NaN,NaN,NaN,NaN,NaN,NaN,NaN,transformer,embedding
5701,57020,NaN,NaN,NaN,NaN,NaN,NaN,NaN,transformer,embedding
5702,57030,NaN,NaN,NaN,NaN,NaN,NaN,NaN,transformer,embedding
5703,57040,NaN,NaN,NaN,NaN,NaN,NaN,NaN,transformer,embedding
5704,57050,NaN,NaN,NaN,NaN,NaN,NaN,NaN,transformer,embedding
5705,57060,NaN,NaN,NaN,NaN,NaN,NaN,NaN,transformer,embedding
5706,57070,NaN,NaN,NaN,NaN,NaN,NaN,NaN,transformer,embedding
5707,57080,NaN,NaN,NaN,NaN,NaN,NaN,NaN,transformer,embedding
5708,57090,NaN,NaN,NaN,NaN,NaN,NaN,NaN,transformer,embedding
5709,57100,NaN,NaN,NaN,NaN,NaN,NaN,NaN,transformer,embedding
5710,57110,NaN,NaN,NaN,NaN,NaN,NaN,NaN,transformer,embedding
5711,57120,NaN,NaN,NaN,NaN,NaN,NaN,NaN,transformer,embedding
5712,57130,NaN,NaN,NaN,NaN,NaN,NaN,NaN,transformer,embedding
5713,57140,NaN,NaN,NaN,NaN,NaN,NaN,NaN,transformer,embedding
5714,57150,NaN,NaN,NaN,NaN,NaN,NaN,NaN,transformer,embedding
5715,57160,NaN,NaN,NaN,NaN,NaN,NaN,NaN,transformer,embedding
5716,57170,NaN,NaN,NaN,NaN,NaN,NaN,NaN,transformer,embedding
5717,57180,NaN,NaN,NaN,NaN,NaN,NaN,NaN,transformer,embedding
5718,57190,NaN,NaN,NaN,NaN,NaN,NaN,NaN,transformer,embedding
5719,57200,NaN,NaN,NaN,NaN,NaN,NaN,NaN,transformer,embedding
5720,57210,NaN,NaN,NaN,NaN,NaN,NaN,NaN,transformer,embedding
5721,57220,NaN,NaN,NaN,NaN,NaN,NaN,NaN,transformer,embedding
5722,57230,NaN,NaN,NaN,NaN,NaN,NaN,NaN,transformer,embedding
5723,57240,NaN,NaN,NaN,NaN,NaN,NaN,NaN,transformer,embedding
5724,57250,NaN,NaN,NaN,NaN,NaN,NaN,NaN,transformer,embedding
5725,57260,NaN,NaN,NaN,NaN,NaN,NaN,NaN,transformer,embedding
5726,57270,NaN,NaN,NaN,NaN,NaN,NaN,NaN,transformer,embedding
5727,57280,NaN,NaN,NaN,NaN,NaN,NaN,NaN,transformer,embedding
5728,57290,NaN,NaN,NaN,NaN,NaN,NaN,NaN,transformer,embedding
5729,57300,NaN,NaN,NaN,NaN,NaN,NaN,NaN,transformer,embedding
5730,57310,NaN,NaN,NaN,NaN,NaN,NaN,NaN,transformer,embedding
5731,57320,NaN,NaN,NaN,NaN,NaN,NaN,NaN,transformer,embedding
5732,57330,8.552958341567773e-09,100.0,1.0,0.001,NaN,NaN,NaN,transformer,embedding
5733,57340,NaN,NaN,NaN,NaN,NaN,NaN,NaN,transformer,embedding
5734,57350,NaN,NaN,NaN,NaN,NaN,NaN,NaN,transformer,embedding
5735,57360,NaN,NaN,NaN,NaN,NaN,NaN,NaN,transformer,embedding
5736,57370,NaN,NaN,NaN,NaN,NaN,NaN,NaN,transformer,embedding
5737,57380,NaN,NaN,NaN,NaN,NaN,NaN,NaN,transformer,embedding
5738,57390,NaN,NaN,NaN,NaN,NaN,NaN,NaN,transformer,embedding
5739,57400,NaN,NaN,NaN,NaN,NaN,NaN,NaN,transformer,embedding
5740,57410,NaN,NaN,NaN,NaN,NaN,NaN,NaN,transformer,embedding
5741,57420,NaN,NaN,NaN,NaN,NaN,NaN,NaN,transformer,embedding
5742,57430,NaN,NaN,NaN,NaN,NaN,NaN,NaN,transformer,embedding
5743,57440,NaN,NaN,NaN,NaN,NaN,NaN,NaN,transformer,embedding
5744,57450,NaN,NaN,NaN,NaN,NaN,NaN,NaN,transformer,embedding
5745,57460,NaN,NaN,NaN,NaN,NaN,NaN,NaN,transformer,embedding
5746,57470,NaN,NaN,NaN,NaN,NaN,NaN,NaN,transformer,embedding
5747,57480,NaN,NaN,NaN,NaN,NaN,NaN,NaN,transformer,embedding
5748,57490,NaN,NaN,NaN,NaN,NaN,NaN,NaN,transformer,embedding
5749,57500,NaN,NaN,NaN,NaN,NaN,NaN,NaN,transformer,embedding
5750,57510,NaN,NaN,NaN,NaN,NaN,NaN,NaN,transformer,embedding
5751,57520,NaN,NaN,NaN,NaN,NaN,NaN,NaN,transformer,embedding
5752,57530,NaN,NaN,NaN,NaN,NaN,NaN,NaN,transformer,embedding
5753,57540,NaN,NaN,NaN,NaN,NaN,NaN,NaN,transformer,embedding
5754,57550,NaN,NaN,NaN,NaN,NaN,NaN,NaN,transformer,embedding
5755,57560,NaN,NaN,NaN,NaN,NaN,NaN,NaN,transformer,embedding
5756,57570,NaN,NaN,NaN,NaN,NaN,NaN,NaN,transformer,embedding
5757,57580,NaN,NaN,NaN,NaN,NaN,NaN,NaN,transformer,embedding
5758,57590,NaN,NaN,NaN,NaN,NaN,NaN,NaN,transformer,embedding
5759,57600,NaN,NaN,NaN,NaN,NaN,NaN,NaN,transformer,embedding
5760,57610,NaN,NaN,NaN,NaN,NaN,NaN,NaN,transformer,embedding
5761,57620,NaN,NaN,NaN,NaN,NaN,NaN,NaN,transformer,embedding
5762,57630,NaN,NaN,NaN,NaN,NaN,NaN,NaN,transformer,embedding
5763,57640,NaN,NaN,NaN,NaN,NaN,NaN,NaN,transformer,embedding
5764,57650,NaN,NaN,NaN,NaN,NaN,NaN,NaN,transformer,embedding
5765,57660,NaN,NaN,NaN,NaN,NaN,NaN,NaN,transformer,embedding
5766,57670,NaN,NaN,NaN,NaN,NaN,NaN,NaN,transformer,embedding
5767,57680,NaN,NaN,NaN,NaN,NaN,NaN,NaN,transformer,embedding
5768,57690,NaN,NaN,NaN,NaN,NaN,NaN,NaN,transformer,embedding
5769,57700,NaN,NaN,NaN,NaN,NaN,NaN,NaN,transformer,embedding
5770,57710,NaN,NaN,NaN,NaN,NaN,NaN,NaN,transformer,embedding
5771,57720,NaN,NaN,NaN,NaN,NaN,NaN,NaN,transformer,embedding
5772,57730,NaN,NaN,NaN,NaN,NaN,NaN,NaN,transformer,embedding
5773,57740,NaN,NaN,NaN,NaN,NaN,NaN,NaN,transformer,embedding
5774,57750,NaN,NaN,NaN,NaN,NaN,NaN,NaN,transformer,embedding
5775,57760,NaN,NaN,NaN,NaN,NaN,NaN,NaN,transformer,embedding
5776,57770,NaN,NaN,NaN,NaN,NaN,NaN,NaN,transformer,embedding
5777,57780,NaN,NaN,NaN,NaN,NaN,NaN,NaN,transformer,embedding
5778,57790,NaN,NaN,NaN,NaN,NaN,NaN,NaN,transformer,embedding
5779,57800,NaN,NaN,NaN,NaN,NaN,NaN,NaN,transformer,embedding
5780,57810,NaN,NaN,NaN,NaN,NaN,NaN,NaN,transformer,embedding
5781,57820,NaN,NaN,NaN,NaN,NaN,NaN,NaN,transformer,embedding
5782,57830,NaN,NaN,NaN,NaN,NaN,NaN,NaN,transformer,embedding
5783,57840,NaN,NaN,NaN,NaN,NaN,NaN,NaN,transformer,embedding
5784,57850,NaN,NaN,NaN,NaN,NaN,NaN,NaN,transformer,embedding
5785,57860,NaN,NaN,NaN,NaN,NaN,NaN,NaN,transformer,embedding
5786,57870,NaN,NaN,NaN,NaN,NaN,NaN,NaN,transformer,embedding
5787,57880,NaN,NaN,NaN,NaN,NaN,NaN,NaN,transformer,embedding
5788,57890,NaN,NaN,NaN,NaN,NaN,NaN,NaN,transformer,embedding
5789,57900,0.0016539775533601642,99.91496276855469,1.0016553401947021,0.001,NaN,NaN,NaN,transformer,embedding
5790,57910,NaN,NaN,NaN,NaN,NaN,NaN,NaN,transformer,embedding
5791,57920,NaN,NaN,NaN,NaN,NaN,NaN,NaN,transformer,embedding
5792,57930,NaN,NaN,NaN,NaN,NaN,NaN,NaN,transformer,embedding
5793,57940,NaN,NaN,NaN,NaN,NaN,NaN,NaN,transformer,embedding
5794,57950,NaN,NaN,NaN,NaN,NaN,NaN,NaN,transformer,embedding
5795,57960,NaN,NaN,NaN,NaN,NaN,NaN,NaN,transformer,embedding
5796,57970,NaN,NaN,NaN,NaN,NaN,NaN,NaN,transformer,embedding
5797,57980,NaN,NaN,NaN,NaN,NaN,NaN,NaN,transformer,embedding
5798,57990,NaN,NaN,NaN,NaN,NaN,NaN,NaN,transformer,embedding
5799,58000,NaN,NaN,NaN,NaN,NaN,NaN,NaN,transformer,embedding
5800,58010,NaN,NaN,NaN,NaN,NaN,NaN,NaN,transformer,embedding
5801,58020,NaN,NaN,NaN,NaN,NaN,NaN,NaN,transformer,embedding
5802,58030,NaN,NaN,NaN,NaN,NaN,NaN,NaN,transformer,embedding
5803,58040,NaN,NaN,NaN,NaN,NaN,NaN,NaN,transformer,embedding
5804,58050,NaN,NaN,NaN,NaN,NaN,NaN,NaN,transformer,embedding
5805,58060,NaN,NaN,NaN,NaN,NaN,NaN,NaN,transformer,embedding
5806,58070,NaN,NaN,NaN,NaN,0.004018488805741072,99.78746032714844,1.0040265321731567,transformer,embedding
5807,58080,NaN,NaN,NaN,NaN,NaN,NaN,NaN,transformer,embedding
5808,58090,NaN,NaN,NaN,NaN,NaN,NaN,NaN,transformer,embedding
5809,58100,NaN,NaN,NaN,NaN,NaN,NaN,NaN,transformer,embedding
5810,58110,NaN,NaN,NaN,NaN,NaN,NaN,NaN,transformer,embedding
5811,58120,NaN,NaN,NaN,NaN,NaN,NaN,NaN,transformer,embedding
5812,58130,NaN,NaN,NaN,NaN,NaN,NaN,NaN,transformer,embedding
5813,58140,NaN,NaN,NaN,NaN,NaN,NaN,NaN,transformer,embedding
5814,58150,NaN,NaN,NaN,NaN,NaN,NaN,NaN,transformer,embedding
5815,58160,NaN,NaN,NaN,NaN,NaN,NaN,NaN,transformer,embedding
5816,58170,NaN,NaN,NaN,NaN,NaN,NaN,NaN,transformer,embedding
5817,58180,NaN,NaN,NaN,NaN,NaN,NaN,NaN,transformer,embedding
5818,58190,NaN,NaN,NaN,NaN,NaN,NaN,NaN,transformer,embedding
5819,58200,NaN,NaN,NaN,NaN,NaN,NaN,NaN,transformer,embedding
5820,58210,NaN,NaN,NaN,NaN,NaN,NaN,NaN,transformer,embedding
5821,58220,NaN,NaN,NaN,NaN,NaN,NaN,NaN,transformer,embedding
5822,58230,NaN,NaN,NaN,NaN,NaN,NaN,NaN,transformer,embedding
5823,58240,NaN,NaN,NaN,NaN,NaN,NaN,NaN,transformer,embedding
5824,58250,NaN,NaN,NaN,NaN,NaN,NaN,NaN,transformer,embedding
5825,58260,NaN,NaN,NaN,NaN,NaN,NaN,NaN,transformer,embedding
5826,58270,NaN,NaN,NaN,NaN,NaN,NaN,NaN,transformer,embedding
5827,58280,NaN,NaN,NaN,NaN,NaN,NaN,NaN,transformer,embedding
5828,58290,NaN,NaN,NaN,NaN,NaN,NaN,NaN,transformer,embedding
5829,58300,NaN,NaN,NaN,NaN,NaN,NaN,NaN,transformer,embedding
5830,58310,NaN,NaN,NaN,NaN,NaN,NaN,NaN,transformer,embedding
5831,58320,NaN,NaN,NaN,NaN,NaN,NaN,NaN,transformer,embedding
5832,58330,NaN,NaN,NaN,NaN,NaN,NaN,NaN,transformer,embedding
5833,58340,NaN,NaN,NaN,NaN,NaN,NaN,NaN,transformer,embedding
5834,58350,NaN,NaN,NaN,NaN,NaN,NaN,NaN,transformer,embedding
5835,58360,NaN,NaN,NaN,NaN,NaN,NaN,NaN,transformer,embedding
5836,58370,NaN,NaN,NaN,NaN,NaN,NaN,NaN,transformer,embedding
5837,58380,NaN,NaN,NaN,NaN,NaN,NaN,NaN,transformer,embedding
5838,58390,NaN,NaN,NaN,NaN,NaN,NaN,NaN,transformer,embedding
5839,58400,NaN,NaN,NaN,NaN,NaN,NaN,NaN,transformer,embedding
5840,58410,NaN,NaN,NaN,NaN,NaN,NaN,NaN,transformer,embedding
5841,58420,NaN,NaN,NaN,NaN,NaN,NaN,NaN,transformer,embedding
5842,58430,NaN,NaN,NaN,NaN,NaN,NaN,NaN,transformer,embedding
5843,58440,NaN,NaN,NaN,NaN,NaN,NaN,NaN,transformer,embedding
5844,58450,NaN,NaN,NaN,NaN,NaN,NaN,NaN,transformer,embedding
5845,58460,NaN,NaN,NaN,NaN,NaN,NaN,NaN,transformer,embedding
5846,58470,1.3194241432756826e-07,100.0,1.0000001192092896,0.001,NaN,NaN,NaN,transformer,embedding
5847,58480,NaN,NaN,NaN,NaN,NaN,NaN,NaN,transformer,embedding
5848,58490,NaN,NaN,NaN,NaN,NaN,NaN,NaN,transformer,embedding
5849,58500,NaN,NaN,NaN,NaN,NaN,NaN,NaN,transformer,embedding
5850,58510,NaN,NaN,NaN,NaN,NaN,NaN,NaN,transformer,embedding
5851,58520,NaN,NaN,NaN,NaN,NaN,NaN,NaN,transformer,embedding
5852,58530,NaN,NaN,NaN,NaN,NaN,NaN,NaN,transformer,embedding
5853,58540,NaN,NaN,NaN,NaN,NaN,NaN,NaN,transformer,embedding
5854,58550,NaN,NaN,NaN,NaN,NaN,NaN,NaN,transformer,embedding
5855,58560,NaN,NaN,NaN,NaN,NaN,NaN,NaN,transformer,embedding
5856,58570,NaN,NaN,NaN,NaN,NaN,NaN,NaN,transformer,embedding
5857,58580,NaN,NaN,NaN,NaN,NaN,NaN,NaN,transformer,embedding
5858,58590,NaN,NaN,NaN,NaN,NaN,NaN,NaN,transformer,embedding
5859,58600,NaN,NaN,NaN,NaN,NaN,NaN,NaN,transformer,embedding
5860,58610,NaN,NaN,NaN,NaN,NaN,NaN,NaN,transformer,embedding
5861,58620,NaN,NaN,NaN,NaN,NaN,NaN,NaN,transformer,embedding
5862,58630,NaN,NaN,NaN,NaN,NaN,NaN,NaN,transformer,embedding
5863,58640,NaN,NaN,NaN,NaN,NaN,NaN,NaN,transformer,embedding
5864,58650,NaN,NaN,NaN,NaN,NaN,NaN,NaN,transformer,embedding
5865,58660,NaN,NaN,NaN,NaN,NaN,NaN,NaN,transformer,embedding
5866,58670,NaN,NaN,NaN,NaN,NaN,NaN,NaN,transformer,embedding
5867,58680,NaN,NaN,NaN,NaN,NaN,NaN,NaN,transformer,embedding
5868,58690,NaN,NaN,NaN,NaN,NaN,NaN,NaN,transformer,embedding
5869,58700,NaN,NaN,NaN,NaN,NaN,NaN,NaN,transformer,embedding
5870,58710,NaN,NaN,NaN,NaN,NaN,NaN,NaN,transformer,embedding
5871,58720,NaN,NaN,NaN,NaN,NaN,NaN,NaN,transformer,embedding
5872,58730,NaN,NaN,NaN,NaN,NaN,NaN,NaN,transformer,embedding
5873,58740,NaN,NaN,NaN,NaN,NaN,NaN,NaN,transformer,embedding
5874,58750,NaN,NaN,NaN,NaN,NaN,NaN,NaN,transformer,embedding
5875,58760,NaN,NaN,NaN,NaN,NaN,NaN,NaN,transformer,embedding
5876,58770,NaN,NaN,NaN,NaN,NaN,NaN,NaN,transformer,embedding
5877,58780,NaN,NaN,NaN,NaN,NaN,NaN,NaN,transformer,embedding
5878,58790,NaN,NaN,NaN,NaN,NaN,NaN,NaN,transformer,embedding
5879,58800,NaN,NaN,NaN,NaN,NaN,NaN,NaN,transformer,embedding
5880,58810,NaN,NaN,NaN,NaN,NaN,NaN,NaN,transformer,embedding
5881,58820,NaN,NaN,NaN,NaN,NaN,NaN,NaN,transformer,embedding
5882,58830,NaN,NaN,NaN,NaN,NaN,NaN,NaN,transformer,embedding
5883,58840,NaN,NaN,NaN,NaN,NaN,NaN,NaN,transformer,embedding
5884,58850,NaN,NaN,NaN,NaN,NaN,NaN,NaN,transformer,embedding
5885,58860,NaN,NaN,NaN,NaN,NaN,NaN,NaN,transformer,embedding
5886,58870,NaN,NaN,NaN,NaN,NaN,NaN,NaN,transformer,embedding
5887,58880,NaN,NaN,NaN,NaN,NaN,NaN,NaN,transformer,embedding
5888,58890,NaN,NaN,NaN,NaN,NaN,NaN,NaN,transformer,embedding
5889,58900,NaN,NaN,NaN,NaN,NaN,NaN,NaN,transformer,embedding
5890,58910,NaN,NaN,NaN,NaN,NaN,NaN,NaN,transformer,embedding
5891,58920,NaN,NaN,NaN,NaN,NaN,NaN,NaN,transformer,embedding
5892,58930,NaN,NaN,NaN,NaN,NaN,NaN,NaN,transformer,embedding
5893,58940,NaN,NaN,NaN,NaN,NaN,NaN,NaN,transformer,embedding
5894,58950,NaN,NaN,NaN,NaN,NaN,NaN,NaN,transformer,embedding
5895,58960,NaN,NaN,NaN,NaN,NaN,NaN,NaN,transformer,embedding
5896,58970,NaN,NaN,NaN,NaN,NaN,NaN,NaN,transformer,embedding
5897,58980,NaN,NaN,NaN,NaN,NaN,NaN,NaN,transformer,embedding
5898,58990,NaN,NaN,NaN,NaN,NaN,NaN,NaN,transformer,embedding
5899,59000,NaN,NaN,NaN,NaN,NaN,NaN,NaN,transformer,embedding
5900,59010,NaN,NaN,NaN,NaN,NaN,NaN,NaN,transformer,embedding
5901,59020,NaN,NaN,NaN,NaN,NaN,NaN,NaN,transformer,embedding
5902,59030,NaN,NaN,NaN,NaN,NaN,NaN,NaN,transformer,embedding
5903,59040,NaN,NaN,NaN,NaN,NaN,NaN,NaN,transformer,embedding
5904,59050,2.5975659401211715e-09,100.0,1.0,0.001,NaN,NaN,NaN,transformer,embedding
5905,59060,NaN,NaN,NaN,NaN,NaN,NaN,NaN,transformer,embedding
5906,59070,NaN,NaN,NaN,NaN,NaN,NaN,NaN,transformer,embedding
5907,59080,NaN,NaN,NaN,NaN,NaN,NaN,NaN,transformer,embedding
5908,59090,NaN,NaN,NaN,NaN,NaN,NaN,NaN,transformer,embedding
5909,59100,NaN,NaN,NaN,NaN,NaN,NaN,NaN,transformer,embedding
5910,59110,NaN,NaN,NaN,NaN,NaN,NaN,NaN,transformer,embedding
5911,59120,NaN,NaN,NaN,NaN,NaN,NaN,NaN,transformer,embedding
5912,59130,NaN,NaN,NaN,NaN,NaN,NaN,NaN,transformer,embedding
5913,59140,NaN,NaN,NaN,NaN,NaN,NaN,NaN,transformer,embedding
5914,59150,NaN,NaN,NaN,NaN,NaN,NaN,NaN,transformer,embedding
5915,59160,NaN,NaN,NaN,NaN,NaN,NaN,NaN,transformer,embedding
5916,59170,NaN,NaN,NaN,NaN,NaN,NaN,NaN,transformer,embedding
5917,59180,NaN,NaN,NaN,NaN,NaN,NaN,NaN,transformer,embedding
5918,59190,NaN,NaN,NaN,NaN,NaN,NaN,NaN,transformer,embedding
5919,59200,NaN,NaN,NaN,NaN,NaN,NaN,NaN,transformer,embedding
5920,59210,NaN,NaN,NaN,NaN,NaN,NaN,NaN,transformer,embedding
5921,59220,NaN,NaN,NaN,NaN,NaN,NaN,NaN,transformer,embedding
5922,59230,NaN,NaN,NaN,NaN,0.0216781347990036,98.78852081298828,1.0219148397445679,transformer,embedding
5923,59240,NaN,NaN,NaN,NaN,NaN,NaN,NaN,transformer,embedding
5924,59250,NaN,NaN,NaN,NaN,NaN,NaN,NaN,transformer,embedding
5925,59260,NaN,NaN,NaN,NaN,NaN,NaN,NaN,transformer,embedding
5926,59270,NaN,NaN,NaN,NaN,NaN,NaN,NaN,transformer,embedding
5927,59280,NaN,NaN,NaN,NaN,NaN,NaN,NaN,transformer,embedding
5928,59290,NaN,NaN,NaN,NaN,NaN,NaN,NaN,transformer,embedding
5929,59300,NaN,NaN,NaN,NaN,NaN,NaN,NaN,transformer,embedding
5930,59310,NaN,NaN,NaN,NaN,NaN,NaN,NaN,transformer,embedding
5931,59320,NaN,NaN,NaN,NaN,NaN,NaN,NaN,transformer,embedding
5932,59330,NaN,NaN,NaN,NaN,NaN,NaN,NaN,transformer,embedding
5933,59340,NaN,NaN,NaN,NaN,NaN,NaN,NaN,transformer,embedding
5934,59350,NaN,NaN,NaN,NaN,NaN,NaN,NaN,transformer,embedding
5935,59360,NaN,NaN,NaN,NaN,NaN,NaN,NaN,transformer,embedding
5936,59370,NaN,NaN,NaN,NaN,NaN,NaN,NaN,transformer,embedding
5937,59380,NaN,NaN,NaN,NaN,NaN,NaN,NaN,transformer,embedding
5938,59390,NaN,NaN,NaN,NaN,NaN,NaN,NaN,transformer,embedding
5939,59400,NaN,NaN,NaN,NaN,NaN,NaN,NaN,transformer,embedding
5940,59410,NaN,NaN,NaN,NaN,NaN,NaN,NaN,transformer,embedding
5941,59420,NaN,NaN,NaN,NaN,NaN,NaN,NaN,transformer,embedding
5942,59430,NaN,NaN,NaN,NaN,NaN,NaN,NaN,transformer,embedding
5943,59440,NaN,NaN,NaN,NaN,NaN,NaN,NaN,transformer,embedding
5944,59450,NaN,NaN,NaN,NaN,NaN,NaN,NaN,transformer,embedding
5945,59460,NaN,NaN,NaN,NaN,NaN,NaN,NaN,transformer,embedding
5946,59470,NaN,NaN,NaN,NaN,NaN,NaN,NaN,transformer,embedding
5947,59480,NaN,NaN,NaN,NaN,NaN,NaN,NaN,transformer,embedding
5948,59490,NaN,NaN,NaN,NaN,NaN,NaN,NaN,transformer,embedding
5949,59500,NaN,NaN,NaN,NaN,NaN,NaN,NaN,transformer,embedding
5950,59510,NaN,NaN,NaN,NaN,NaN,NaN,NaN,transformer,embedding
5951,59520,NaN,NaN,NaN,NaN,NaN,NaN,NaN,transformer,embedding
5952,59530,NaN,NaN,NaN,NaN,NaN,NaN,NaN,transformer,embedding
5953,59540,NaN,NaN,NaN,NaN,NaN,NaN,NaN,transformer,embedding
5954,59550,NaN,NaN,NaN,NaN,NaN,NaN,NaN,transformer,embedding
5955,59560,NaN,NaN,NaN,NaN,NaN,NaN,NaN,transformer,embedding
5956,59570,NaN,NaN,NaN,NaN,NaN,NaN,NaN,transformer,embedding
5957,59580,NaN,NaN,NaN,NaN,NaN,NaN,NaN,transformer,embedding
5958,59590,NaN,NaN,NaN,NaN,NaN,NaN,NaN,transformer,embedding
5959,59600,NaN,NaN,NaN,NaN,NaN,NaN,NaN,transformer,embedding
5960,59610,NaN,NaN,NaN,NaN,NaN,NaN,NaN,transformer,embedding
5961,59620,NaN,NaN,NaN,NaN,NaN,NaN,NaN,transformer,embedding
5962,59630,NaN,NaN,NaN,NaN,NaN,NaN,NaN,transformer,embedding
5963,59640,7.38212193596155e-08,100.0,1.0000001192092896,0.001,NaN,NaN,NaN,transformer,embedding
5964,59650,NaN,NaN,NaN,NaN,NaN,NaN,NaN,transformer,embedding
5965,59660,NaN,NaN,NaN,NaN,NaN,NaN,NaN,transformer,embedding
5966,59670,NaN,NaN,NaN,NaN,NaN,NaN,NaN,transformer,embedding
5967,59680,NaN,NaN,NaN,NaN,NaN,NaN,NaN,transformer,embedding
5968,59690,NaN,NaN,NaN,NaN,NaN,NaN,NaN,transformer,embedding
5969,59700,NaN,NaN,NaN,NaN,NaN,NaN,NaN,transformer,embedding
5970,59710,NaN,NaN,NaN,NaN,NaN,NaN,NaN,transformer,embedding
5971,59720,NaN,NaN,NaN,NaN,NaN,NaN,NaN,transformer,embedding
5972,59730,NaN,NaN,NaN,NaN,NaN,NaN,NaN,transformer,embedding
5973,59740,NaN,NaN,NaN,NaN,NaN,NaN,NaN,transformer,embedding
5974,59750,NaN,NaN,NaN,NaN,NaN,NaN,NaN,transformer,embedding
5975,59760,NaN,NaN,NaN,NaN,NaN,NaN,NaN,transformer,embedding
5976,59770,NaN,NaN,NaN,NaN,NaN,NaN,NaN,transformer,embedding
5977,59780,NaN,NaN,NaN,NaN,NaN,NaN,NaN,transformer,embedding
5978,59790,NaN,NaN,NaN,NaN,NaN,NaN,NaN,transformer,embedding
5979,59800,NaN,NaN,NaN,NaN,NaN,NaN,NaN,transformer,embedding
5980,59810,NaN,NaN,NaN,NaN,NaN,NaN,NaN,transformer,embedding
5981,59820,NaN,NaN,NaN,NaN,NaN,NaN,NaN,transformer,embedding
5982,59830,NaN,NaN,NaN,NaN,NaN,NaN,NaN,transformer,embedding
5983,59840,NaN,NaN,NaN,NaN,NaN,NaN,NaN,transformer,embedding
5984,59850,NaN,NaN,NaN,NaN,NaN,NaN,NaN,transformer,embedding
5985,59860,NaN,NaN,NaN,NaN,NaN,NaN,NaN,transformer,embedding
5986,59870,NaN,NaN,NaN,NaN,NaN,NaN,NaN,transformer,embedding
5987,59880,NaN,NaN,NaN,NaN,NaN,NaN,NaN,transformer,embedding
5988,59890,NaN,NaN,NaN,NaN,NaN,NaN,NaN,transformer,embedding
5989,59900,NaN,NaN,NaN,NaN,NaN,NaN,NaN,transformer,embedding
5990,59910,NaN,NaN,NaN,NaN,NaN,NaN,NaN,transformer,embedding
5991,59920,NaN,NaN,NaN,NaN,NaN,NaN,NaN,transformer,embedding
5992,59930,NaN,NaN,NaN,NaN,NaN,NaN,NaN,transformer,embedding
5993,59940,NaN,NaN,NaN,NaN,NaN,NaN,NaN,transformer,embedding
5994,59950,NaN,NaN,NaN,NaN,NaN,NaN,NaN,transformer,embedding
5995,59960,NaN,NaN,NaN,NaN,NaN,NaN,NaN,transformer,embedding
5996,59970,NaN,NaN,NaN,NaN,NaN,NaN,NaN,transformer,embedding
5997,59980,NaN,NaN,NaN,NaN,NaN,NaN,NaN,transformer,embedding
5998,59990,NaN,NaN,NaN,NaN,NaN,NaN,NaN,transformer,embedding
5999,60000,NaN,NaN,NaN,NaN,NaN,NaN,NaN,transformer,embedding
6000,60010,NaN,NaN,NaN,NaN,NaN,NaN,NaN,transformer,embedding
6001,60020,NaN,NaN,NaN,NaN,NaN,NaN,NaN,transformer,embedding
6002,60030,NaN,NaN,NaN,NaN,NaN,NaN,NaN,transformer,embedding
6003,60040,NaN,NaN,NaN,NaN,NaN,NaN,NaN,transformer,embedding
6004,60050,NaN,NaN,NaN,NaN,NaN,NaN,NaN,transformer,embedding
6005,60060,NaN,NaN,NaN,NaN,NaN,NaN,NaN,transformer,embedding
6006,60070,NaN,NaN,NaN,NaN,NaN,NaN,NaN,transformer,embedding
6007,60080,NaN,NaN,NaN,NaN,NaN,NaN,NaN,transformer,embedding
6008,60090,NaN,NaN,NaN,NaN,NaN,NaN,NaN,transformer,embedding
6009,60100,NaN,NaN,NaN,NaN,NaN,NaN,NaN,transformer,embedding
6010,60110,NaN,NaN,NaN,NaN,NaN,NaN,NaN,transformer,embedding
6011,60120,NaN,NaN,NaN,NaN,NaN,NaN,NaN,transformer,embedding
6012,60130,NaN,NaN,NaN,NaN,NaN,NaN,NaN,transformer,embedding
6013,60140,NaN,NaN,NaN,NaN,NaN,NaN,NaN,transformer,embedding
6014,60150,NaN,NaN,NaN,NaN,NaN,NaN,NaN,transformer,embedding
6015,60160,NaN,NaN,NaN,NaN,NaN,NaN,NaN,transformer,embedding
6016,60170,NaN,NaN,NaN,NaN,NaN,NaN,NaN,transformer,embedding
6017,60180,NaN,NaN,NaN,NaN,NaN,NaN,NaN,transformer,embedding
6018,60190,NaN,NaN,NaN,NaN,NaN,NaN,NaN,transformer,embedding
6019,60200,NaN,NaN,NaN,NaN,NaN,NaN,NaN,transformer,embedding
6020,60210,NaN,NaN,NaN,NaN,NaN,NaN,NaN,transformer,embedding
6021,60220,NaN,NaN,NaN,NaN,NaN,NaN,NaN,transformer,embedding
6022,60230,3.729089925741391e-08,100.0,1.0,0.001,NaN,NaN,NaN,transformer,embedding
6023,60240,NaN,NaN,NaN,NaN,NaN,NaN,NaN,transformer,embedding
6024,60250,NaN,NaN,NaN,NaN,NaN,NaN,NaN,transformer,embedding
6025,60260,NaN,NaN,NaN,NaN,NaN,NaN,NaN,transformer,embedding
6026,60270,NaN,NaN,NaN,NaN,NaN,NaN,NaN,transformer,embedding
6027,60280,NaN,NaN,NaN,NaN,NaN,NaN,NaN,transformer,embedding
6028,60290,NaN,NaN,NaN,NaN,NaN,NaN,NaN,transformer,embedding
6029,60300,NaN,NaN,NaN,NaN,NaN,NaN,NaN,transformer,embedding
6030,60310,NaN,NaN,NaN,NaN,NaN,NaN,NaN,transformer,embedding
6031,60320,NaN,NaN,NaN,NaN,NaN,NaN,NaN,transformer,embedding
6032,60330,NaN,NaN,NaN,NaN,NaN,NaN,NaN,transformer,embedding
6033,60340,NaN,NaN,NaN,NaN,NaN,NaN,NaN,transformer,embedding
6034,60350,NaN,NaN,NaN,NaN,NaN,NaN,NaN,transformer,embedding
6035,60360,NaN,NaN,NaN,NaN,NaN,NaN,NaN,transformer,embedding
6036,60370,NaN,NaN,NaN,NaN,NaN,NaN,NaN,transformer,embedding
6037,60380,NaN,NaN,NaN,NaN,NaN,NaN,NaN,transformer,embedding
6038,60390,NaN,NaN,NaN,NaN,NaN,NaN,NaN,transformer,embedding
6039,60400,NaN,NaN,NaN,NaN,NaN,NaN,NaN,transformer,embedding
6040,60410,NaN,NaN,NaN,NaN,0.01716024987399578,99.36238098144531,1.0173083543777466,transformer,embedding
6041,60420,NaN,NaN,NaN,NaN,NaN,NaN,NaN,transformer,embedding
6042,60430,NaN,NaN,NaN,NaN,NaN,NaN,NaN,transformer,embedding
6043,60440,NaN,NaN,NaN,NaN,NaN,NaN,NaN,transformer,embedding
6044,60450,NaN,NaN,NaN,NaN,NaN,NaN,NaN,transformer,embedding
6045,60460,NaN,NaN,NaN,NaN,NaN,NaN,NaN,transformer,embedding
6046,60470,NaN,NaN,NaN,NaN,NaN,NaN,NaN,transformer,embedding
6047,60480,NaN,NaN,NaN,NaN,NaN,NaN,NaN,transformer,embedding
6048,60490,NaN,NaN,NaN,NaN,NaN,NaN,NaN,transformer,embedding
6049,60500,NaN,NaN,NaN,NaN,NaN,NaN,NaN,transformer,embedding
6050,60510,NaN,NaN,NaN,NaN,NaN,NaN,NaN,transformer,embedding
6051,60520,NaN,NaN,NaN,NaN,NaN,NaN,NaN,transformer,embedding
6052,60530,NaN,NaN,NaN,NaN,NaN,NaN,NaN,transformer,embedding
6053,60540,NaN,NaN,NaN,NaN,NaN,NaN,NaN,transformer,embedding
6054,60550,NaN,NaN,NaN,NaN,NaN,NaN,NaN,transformer,embedding
6055,60560,NaN,NaN,NaN,NaN,NaN,NaN,NaN,transformer,embedding
6056,60570,NaN,NaN,NaN,NaN,NaN,NaN,NaN,transformer,embedding
6057,60580,NaN,NaN,NaN,NaN,NaN,NaN,NaN,transformer,embedding
6058,60590,NaN,NaN,NaN,NaN,NaN,NaN,NaN,transformer,embedding
6059,60600,NaN,NaN,NaN,NaN,NaN,NaN,NaN,transformer,embedding
6060,60610,NaN,NaN,NaN,NaN,NaN,NaN,NaN,transformer,embedding
6061,60620,NaN,NaN,NaN,NaN,NaN,NaN,NaN,transformer,embedding
6062,60630,NaN,NaN,NaN,NaN,NaN,NaN,NaN,transformer,embedding
6063,60640,NaN,NaN,NaN,NaN,NaN,NaN,NaN,transformer,embedding
6064,60650,NaN,NaN,NaN,NaN,NaN,NaN,NaN,transformer,embedding
6065,60660,NaN,NaN,NaN,NaN,NaN,NaN,NaN,transformer,embedding
6066,60670,NaN,NaN,NaN,NaN,NaN,NaN,NaN,transformer,embedding
6067,60680,NaN,NaN,NaN,NaN,NaN,NaN,NaN,transformer,embedding
6068,60690,NaN,NaN,NaN,NaN,NaN,NaN,NaN,transformer,embedding
6069,60700,NaN,NaN,NaN,NaN,NaN,NaN,NaN,transformer,embedding
6070,60710,NaN,NaN,NaN,NaN,NaN,NaN,NaN,transformer,embedding
6071,60720,NaN,NaN,NaN,NaN,NaN,NaN,NaN,transformer,embedding
6072,60730,NaN,NaN,NaN,NaN,NaN,NaN,NaN,transformer,embedding
6073,60740,NaN,NaN,NaN,NaN,NaN,NaN,NaN,transformer,embedding
6074,60750,NaN,NaN,NaN,NaN,NaN,NaN,NaN,transformer,embedding
6075,60760,NaN,NaN,NaN,NaN,NaN,NaN,NaN,transformer,embedding
6076,60770,NaN,NaN,NaN,NaN,NaN,NaN,NaN,transformer,embedding
6077,60780,NaN,NaN,NaN,NaN,NaN,NaN,NaN,transformer,embedding
6078,60790,NaN,NaN,NaN,NaN,NaN,NaN,NaN,transformer,embedding
6079,60800,NaN,NaN,NaN,NaN,NaN,NaN,NaN,transformer,embedding
6080,60810,NaN,NaN,NaN,NaN,NaN,NaN,NaN,transformer,embedding
6081,60820,NaN,NaN,NaN,NaN,NaN,NaN,NaN,transformer,embedding
6082,60830,0.0029214536771178246,99.8299331665039,1.0029257535934448,0.001,NaN,NaN,NaN,transformer,embedding
6083,60840,NaN,NaN,NaN,NaN,NaN,NaN,NaN,transformer,embedding
6084,60850,NaN,NaN,NaN,NaN,NaN,NaN,NaN,transformer,embedding
6085,60860,NaN,NaN,NaN,NaN,NaN,NaN,NaN,transformer,embedding
6086,60870,NaN,NaN,NaN,NaN,NaN,NaN,NaN,transformer,embedding
6087,60880,NaN,NaN,NaN,NaN,NaN,NaN,NaN,transformer,embedding
6088,60890,NaN,NaN,NaN,NaN,NaN,NaN,NaN,transformer,embedding
6089,60900,NaN,NaN,NaN,NaN,NaN,NaN,NaN,transformer,embedding
6090,60910,NaN,NaN,NaN,NaN,NaN,NaN,NaN,transformer,embedding
6091,60920,NaN,NaN,NaN,NaN,NaN,NaN,NaN,transformer,embedding
6092,60930,NaN,NaN,NaN,NaN,NaN,NaN,NaN,transformer,embedding
6093,60940,NaN,NaN,NaN,NaN,NaN,NaN,NaN,transformer,embedding
6094,60950,NaN,NaN,NaN,NaN,NaN,NaN,NaN,transformer,embedding
6095,60960,NaN,NaN,NaN,NaN,NaN,NaN,NaN,transformer,embedding
6096,60970,NaN,NaN,NaN,NaN,NaN,NaN,NaN,transformer,embedding
6097,60980,NaN,NaN,NaN,NaN,NaN,NaN,NaN,transformer,embedding
6098,60990,NaN,NaN,NaN,NaN,NaN,NaN,NaN,transformer,embedding
6099,61000,NaN,NaN,NaN,NaN,NaN,NaN,NaN,transformer,embedding
6100,61010,NaN,NaN,NaN,NaN,NaN,NaN,NaN,transformer,embedding
6101,61020,NaN,NaN,NaN,NaN,NaN,NaN,NaN,transformer,embedding
6102,61030,NaN,NaN,NaN,NaN,NaN,NaN,NaN,transformer,embedding
6103,61040,NaN,NaN,NaN,NaN,NaN,NaN,NaN,transformer,embedding
6104,61050,NaN,NaN,NaN,NaN,NaN,NaN,NaN,transformer,embedding
6105,61060,NaN,NaN,NaN,NaN,NaN,NaN,NaN,transformer,embedding
6106,61070,NaN,NaN,NaN,NaN,NaN,NaN,NaN,transformer,embedding
6107,61080,NaN,NaN,NaN,NaN,NaN,NaN,NaN,transformer,embedding
6108,61090,NaN,NaN,NaN,NaN,NaN,NaN,NaN,transformer,embedding
6109,61100,NaN,NaN,NaN,NaN,NaN,NaN,NaN,transformer,embedding
6110,61110,NaN,NaN,NaN,NaN,NaN,NaN,NaN,transformer,embedding
6111,61120,NaN,NaN,NaN,NaN,NaN,NaN,NaN,transformer,embedding
6112,61130,NaN,NaN,NaN,NaN,NaN,NaN,NaN,transformer,embedding
6113,61140,NaN,NaN,NaN,NaN,NaN,NaN,NaN,transformer,embedding
6114,61150,NaN,NaN,NaN,NaN,NaN,NaN,NaN,transformer,embedding
6115,61160,NaN,NaN,NaN,NaN,NaN,NaN,NaN,transformer,embedding
6116,61170,NaN,NaN,NaN,NaN,NaN,NaN,NaN,transformer,embedding
6117,61180,NaN,NaN,NaN,NaN,NaN,NaN,NaN,transformer,embedding
6118,61190,NaN,NaN,NaN,NaN,NaN,NaN,NaN,transformer,embedding
6119,61200,NaN,NaN,NaN,NaN,NaN,NaN,NaN,transformer,embedding
6120,61210,NaN,NaN,NaN,NaN,NaN,NaN,NaN,transformer,embedding
6121,61220,NaN,NaN,NaN,NaN,NaN,NaN,NaN,transformer,embedding
6122,61230,NaN,NaN,NaN,NaN,NaN,NaN,NaN,transformer,embedding
6123,61240,NaN,NaN,NaN,NaN,NaN,NaN,NaN,transformer,embedding
6124,61250,NaN,NaN,NaN,NaN,NaN,NaN,NaN,transformer,embedding
6125,61260,NaN,NaN,NaN,NaN,NaN,NaN,NaN,transformer,embedding
6126,61270,NaN,NaN,NaN,NaN,NaN,NaN,NaN,transformer,embedding
6127,61280,NaN,NaN,NaN,NaN,NaN,NaN,NaN,transformer,embedding
6128,61290,NaN,NaN,NaN,NaN,NaN,NaN,NaN,transformer,embedding
6129,61300,NaN,NaN,NaN,NaN,NaN,NaN,NaN,transformer,embedding
6130,61310,NaN,NaN,NaN,NaN,NaN,NaN,NaN,transformer,embedding
6131,61320,NaN,NaN,NaN,NaN,NaN,NaN,NaN,transformer,embedding
6132,61330,NaN,NaN,NaN,NaN,NaN,NaN,NaN,transformer,embedding
6133,61340,NaN,NaN,NaN,NaN,NaN,NaN,NaN,transformer,embedding
6134,61350,NaN,NaN,NaN,NaN,NaN,NaN,NaN,transformer,embedding
6135,61360,NaN,NaN,NaN,NaN,NaN,NaN,NaN,transformer,embedding
6136,61370,NaN,NaN,NaN,NaN,NaN,NaN,NaN,transformer,embedding
6137,61380,NaN,NaN,NaN,NaN,NaN,NaN,NaN,transformer,embedding
6138,61390,NaN,NaN,NaN,NaN,NaN,NaN,NaN,transformer,embedding
6139,61400,NaN,NaN,NaN,NaN,NaN,NaN,NaN,transformer,embedding
6140,61410,NaN,NaN,NaN,NaN,NaN,NaN,NaN,transformer,embedding
6141,61420,NaN,NaN,NaN,NaN,NaN,NaN,NaN,transformer,embedding
6142,61430,2.88392900671397e-08,100.0,1.0,0.001,NaN,NaN,NaN,transformer,embedding
6143,61440,NaN,NaN,NaN,NaN,NaN,NaN,NaN,transformer,embedding
6144,61450,NaN,NaN,NaN,NaN,NaN,NaN,NaN,transformer,embedding
6145,61460,NaN,NaN,NaN,NaN,NaN,NaN,NaN,transformer,embedding
6146,61470,NaN,NaN,NaN,NaN,NaN,NaN,NaN,transformer,embedding
6147,61480,NaN,NaN,NaN,NaN,NaN,NaN,NaN,transformer,embedding
6148,61490,NaN,NaN,NaN,NaN,NaN,NaN,NaN,transformer,embedding
6149,61500,NaN,NaN,NaN,NaN,NaN,NaN,NaN,transformer,embedding
6150,61510,NaN,NaN,NaN,NaN,NaN,NaN,NaN,transformer,embedding
6151,61520,NaN,NaN,NaN,NaN,NaN,NaN,NaN,transformer,embedding
6152,61530,NaN,NaN,NaN,NaN,NaN,NaN,NaN,transformer,embedding
6153,61540,NaN,NaN,NaN,NaN,NaN,NaN,NaN,transformer,embedding
6154,61550,NaN,NaN,NaN,NaN,NaN,NaN,NaN,transformer,embedding
6155,61560,NaN,NaN,NaN,NaN,NaN,NaN,NaN,transformer,embedding
6156,61570,NaN,NaN,NaN,NaN,NaN,NaN,NaN,transformer,embedding
6157,61580,NaN,NaN,NaN,NaN,NaN,NaN,NaN,transformer,embedding
6158,61590,NaN,NaN,NaN,NaN,NaN,NaN,NaN,transformer,embedding
6159,61600,NaN,NaN,NaN,NaN,NaN,NaN,NaN,transformer,embedding
6160,61610,NaN,NaN,NaN,NaN,0.00018850878404919058,99.97874450683594,1.0001884698867798,transformer,embedding
6161,61620,NaN,NaN,NaN,NaN,NaN,NaN,NaN,transformer,embedding
6162,61630,NaN,NaN,NaN,NaN,NaN,NaN,NaN,transformer,embedding
6163,61640,NaN,NaN,NaN,NaN,NaN,NaN,NaN,transformer,embedding
6164,61650,NaN,NaN,NaN,NaN,NaN,NaN,NaN,transformer,embedding
6165,61660,NaN,NaN,NaN,NaN,NaN,NaN,NaN,transformer,embedding
6166,61670,NaN,NaN,NaN,NaN,NaN,NaN,NaN,transformer,embedding
6167,61680,NaN,NaN,NaN,NaN,NaN,NaN,NaN,transformer,embedding
6168,61690,NaN,NaN,NaN,NaN,NaN,NaN,NaN,transformer,embedding
6169,61700,NaN,NaN,NaN,NaN,NaN,NaN,NaN,transformer,embedding
6170,61710,NaN,NaN,NaN,NaN,NaN,NaN,NaN,transformer,embedding
6171,61720,NaN,NaN,NaN,NaN,NaN,NaN,NaN,transformer,embedding
6172,61730,NaN,NaN,NaN,NaN,NaN,NaN,NaN,transformer,embedding
6173,61740,NaN,NaN,NaN,NaN,NaN,NaN,NaN,transformer,embedding
6174,61750,NaN,NaN,NaN,NaN,NaN,NaN,NaN,transformer,embedding
6175,61760,NaN,NaN,NaN,NaN,NaN,NaN,NaN,transformer,embedding
6176,61770,NaN,NaN,NaN,NaN,NaN,NaN,NaN,transformer,embedding
6177,61780,NaN,NaN,NaN,NaN,NaN,NaN,NaN,transformer,embedding
6178,61790,NaN,NaN,NaN,NaN,NaN,NaN,NaN,transformer,embedding
6179,61800,NaN,NaN,NaN,NaN,NaN,NaN,NaN,transformer,embedding
6180,61810,NaN,NaN,NaN,NaN,NaN,NaN,NaN,transformer,embedding
6181,61820,NaN,NaN,NaN,NaN,NaN,NaN,NaN,transformer,embedding
6182,61830,NaN,NaN,NaN,NaN,NaN,NaN,NaN,transformer,embedding
6183,61840,NaN,NaN,NaN,NaN,NaN,NaN,NaN,transformer,embedding
6184,61850,NaN,NaN,NaN,NaN,NaN,NaN,NaN,transformer,embedding
6185,61860,NaN,NaN,NaN,NaN,NaN,NaN,NaN,transformer,embedding
6186,61870,NaN,NaN,NaN,NaN,NaN,NaN,NaN,transformer,embedding
6187,61880,NaN,NaN,NaN,NaN,NaN,NaN,NaN,transformer,embedding
6188,61890,NaN,NaN,NaN,NaN,NaN,NaN,NaN,transformer,embedding
6189,61900,NaN,NaN,NaN,NaN,NaN,NaN,NaN,transformer,embedding
6190,61910,NaN,NaN,NaN,NaN,NaN,NaN,NaN,transformer,embedding
6191,61920,NaN,NaN,NaN,NaN,NaN,NaN,NaN,transformer,embedding
6192,61930,NaN,NaN,NaN,NaN,NaN,NaN,NaN,transformer,embedding
6193,61940,NaN,NaN,NaN,NaN,NaN,NaN,NaN,transformer,embedding
6194,61950,NaN,NaN,NaN,NaN,NaN,NaN,NaN,transformer,embedding
6195,61960,NaN,NaN,NaN,NaN,NaN,NaN,NaN,transformer,embedding
6196,61970,NaN,NaN,NaN,NaN,NaN,NaN,NaN,transformer,embedding
6197,61980,NaN,NaN,NaN,NaN,NaN,NaN,NaN,transformer,embedding
6198,61990,NaN,NaN,NaN,NaN,NaN,NaN,NaN,transformer,embedding
6199,62000,NaN,NaN,NaN,NaN,NaN,NaN,NaN,transformer,embedding
6200,62010,NaN,NaN,NaN,NaN,NaN,NaN,NaN,transformer,embedding
6201,62020,NaN,NaN,NaN,NaN,NaN,NaN,NaN,transformer,embedding
6202,62030,NaN,NaN,NaN,NaN,NaN,NaN,NaN,transformer,embedding
6203,62040,4.8492122317611575e-08,100.0,1.0,0.001,NaN,NaN,NaN,transformer,embedding
6204,62050,NaN,NaN,NaN,NaN,NaN,NaN,NaN,transformer,embedding
6205,62060,NaN,NaN,NaN,NaN,NaN,NaN,NaN,transformer,embedding
6206,62070,NaN,NaN,NaN,NaN,NaN,NaN,NaN,transformer,embedding
6207,62080,NaN,NaN,NaN,NaN,NaN,NaN,NaN,transformer,embedding
6208,62090,NaN,NaN,NaN,NaN,NaN,NaN,NaN,transformer,embedding
6209,62100,NaN,NaN,NaN,NaN,NaN,NaN,NaN,transformer,embedding
6210,62110,NaN,NaN,NaN,NaN,NaN,NaN,NaN,transformer,embedding
6211,62120,NaN,NaN,NaN,NaN,NaN,NaN,NaN,transformer,embedding
6212,62130,NaN,NaN,NaN,NaN,NaN,NaN,NaN,transformer,embedding
