epoch,global_step,train_loss,train_accuracy,train_perplexity,learning_rate,val_loss,val_accuracy,val_perplexity,model_type,encoding
0,11,4.64426851272583,0.0,103.98727416992188,0.001,3.110163927078247,0.0,22.424720764160156,transformer,embedding
1,22,2.8090713024139404,0.0,16.594499588012695,0.001,2.48034930229187,0.0,11.945436477661133,transformer,embedding
2,33,2.4075820446014404,0.6570048332214355,11.107071876525879,0.001,2.3628735542297363,0.8974964618682861,10.621428489685059,transformer,embedding
3,44,2.3431804180145264,0.966183602809906,10.414305686950684,0.001,2.3312385082244873,0.8974964618682861,10.290678977966309,transformer,embedding
4,55,2.319895029067993,1.1787439584732056,10.174606323242188,0.001,2.3207786083221436,0.6140764951705933,10.183600425720215,transformer,embedding
5,66,2.3128650188446045,0.966183602809906,10.1033296585083,0.001,2.314352035522461,1.0155880451202393,10.118364334106445,transformer,embedding
6,77,2.306006908416748,1.0628019571304321,10.034276962280273,0.001,2.3108479976654053,1.0392063856124878,10.082971572875977,transformer,embedding
7,88,2.3053746223449707,1.04347825050354,10.027934074401855,0.001,2.309342384338379,0.7321681380271912,10.067801475524902,transformer,embedding
8,99,2.301344633102417,1.294685959815979,9.987603187561035,0.001,2.3080527782440186,0.8266414403915405,10.054826736450195,transformer,embedding
9,110,2.300490379333496,1.140096664428711,9.979074478149414,0.001,2.306487560272217,0.8502597808837891,10.039100646972656,transformer,embedding
10,121,2.298032760620117,1.024154543876648,9.954580307006836,0.001,2.309741735458374,0.5904582142829895,10.071823120117188,transformer,embedding
11,132,2.2988576889038086,1.1014492511749268,9.96279525756836,0.001,2.3082990646362305,0.9919697642326355,10.057303428649902,transformer,embedding
12,143,2.294584035873413,1.4106279611587524,9.920309066772461,0.001,2.305475950241089,0.7557864785194397,10.028950691223145,transformer,embedding
13,154,2.2921142578125,1.314009666442871,9.895837783813477,0.001,2.313166618347168,0.7557864785194397,10.106376647949219,transformer,embedding
14,165,2.2898178100585938,1.0628019571304321,9.873138427734375,0.001,2.3145995140075684,0.8030231595039368,10.120868682861328,transformer,embedding
15,176,2.2830967903137207,1.56521737575531,9.80700397491455,0.001,2.321047782897949,0.7085497975349426,10.186342239379883,transformer,embedding
16,187,2.275200366973877,1.8743960857391357,9.729867935180664,0.001,2.335465431213379,0.5904582142829895,10.334268569946289,transformer,embedding
17,198,2.2591774463653564,2.5314009189605713,9.575209617614746,0.001,2.358058452606201,0.4723665416240692,10.570408821105957,transformer,embedding
18,209,2.235166311264038,2.95652174949646,9.348036766052246,0.001,2.401740312576294,0.5196031928062439,11.042376518249512,transformer,embedding
19,220,2.2098917961120605,4.193236827850342,9.114729881286621,0.001,2.416550397872925,0.42512989044189453,11.207132339477539,transformer,embedding
20,231,2.174959897994995,5.507246494293213,8.80183219909668,0.001,2.458361864089966,0.4015115797519684,11.685652732849121,transformer,embedding
21,242,2.129394054412842,7.149758338928223,8.409769058227539,0.001,2.4974653720855713,0.7321681380271912,12.151655197143555,transformer,embedding
22,253,2.081393241882324,8.96618366241455,8.015628814697266,0.001,2.510899543762207,0.6140764951705933,12.316003799438477,transformer,embedding
23,264,2.034719467163086,11.613526344299316,7.650105953216553,0.001,2.520779609680176,0.7085497975349426,12.438289642333984,transformer,embedding
24,275,1.9862357378005981,13.275362014770508,7.288047790527344,0.001,2.5330381393432617,0.7794048190116882,12.591703414916992,transformer,embedding
25,286,1.928010106086731,15.82608699798584,6.875814437866211,0.001,2.538853645324707,1.1572980880737305,12.665143966674805,transformer,embedding
26,297,1.8679338693618774,18.85990333557129,6.474904537200928,0.001,2.5498194694519043,1.0392063856124878,12.804792404174805,transformer,embedding
27,308,1.8056188821792603,22.048309326171875,6.083735466003418,0.001,2.5540149211883545,1.3698630332946777,12.858626365661621,transformer,embedding
28,319,1.7405925989151,25.23671531677246,5.70072078704834,0.001,2.553866147994995,1.582427978515625,12.856714248657227,transformer,embedding
29,330,1.6770825386047363,27.980676651000977,5.3499250411987305,0.001,2.5663866996765137,1.8422294855117798,13.018698692321777,transformer,embedding
30,341,1.6089874505996704,32.0579719543457,4.997748374938965,0.001,2.553307294845581,2.33821439743042,12.849531173706055,transformer,embedding
31,352,1.538938045501709,35.30434799194336,4.659639358520508,0.001,2.5610411167144775,2.5980160236358643,12.949292182922363,transformer,embedding
32,363,1.464606761932373,38.29951858520508,4.325841903686523,0.001,2.5674517154693604,3.0467641353607178,13.032571792602539,transformer,embedding
33,374,1.386475682258606,41.77777862548828,4.000725269317627,0.001,2.5550332069396973,3.5191307067871094,12.871726989746094,transformer,embedding
34,385,1.311403512954712,45.71980667114258,3.711379051208496,0.001,2.5589494705200195,3.6844589710235596,12.922234535217285,transformer,embedding
35,396,1.2303606271743774,49.352657318115234,3.4224636554718018,0.001,2.5533883571624756,4.652810573577881,12.85057258605957,transformer,embedding
36,407,1.1497840881347656,53.27536392211914,3.157510995864868,0.001,2.5488758087158203,5.054322242736816,12.79271411895752,transformer,embedding
37,418,1.076963186264038,56.3285026550293,2.935750722885132,0.001,2.539515733718872,6.046291828155518,12.673532485961914,transformer,embedding
38,429,0.997259795665741,59.8067626953125,2.710843324661255,0.001,2.529867649078369,6.613131523132324,12.551844596862793,transformer,embedding
39,440,0.9315066337585449,62.628021240234375,2.538330554962158,0.001,2.529726028442383,7.227208137512207,12.550066947937012,transformer,embedding
40,451,0.8596312999725342,66.10627746582031,2.3622896671295166,0.001,2.5112459659576416,8.33726978302002,12.320271492004395,transformer,embedding
41,462,0.7691126465797424,70.08695983886719,2.157850742340088,0.001,2.493238687515259,9.565423011779785,12.100401878356934,transformer,embedding
42,473,0.6933174133300781,74.18357849121094,2.000340461730957,0.001,2.4728293418884277,10.722721099853516,11.85594367980957,transformer,embedding
43,484,0.6238781809806824,77.4299545288086,1.8661513328552246,0.001,2.4636802673339844,12.51771354675293,11.747967720031738,transformer,embedding
44,495,0.5710535645484924,79.84541320800781,1.77013099193573,0.001,2.4539687633514404,13.415209770202637,11.634429931640625,transformer,embedding
45,506,0.5008910894393921,83.3429946899414,1.650191068649292,0.001,2.4246716499328613,15.446386337280273,11.298519134521484,transformer,embedding
46,517,0.44393667578697205,85.46859741210938,1.558831810951233,0.001,2.433124542236328,16.50921058654785,11.394429206848145,transformer,embedding
47,528,0.38889652490615845,88.36714935302734,1.4753519296646118,0.001,2.4005699157714844,17.973546981811523,11.029460906982422,transformer,embedding
48,539,0.3366253972053528,91.07246398925781,1.400214433670044,0.001,2.3968653678894043,19.6740665435791,10.988677024841309,transformer,embedding
49,550,0.3005254566669464,92.54106140136719,1.3505682945251465,0.001,2.4085044860839844,20.122814178466797,11.11732292175293,transformer,embedding
50,561,0.2682496905326843,93.37197875976562,1.3076735734939575,0.001,2.398317337036133,20.973073959350586,11.004643440246582,transformer,embedding
51,572,0.22606198489665985,95.40096282958984,1.2536534070968628,0.001,2.399258613586426,23.19319725036621,11.015007019042969,transformer,embedding
52,583,0.1923847645521164,96.34782409667969,1.2121368646621704,0.001,2.382511615753174,23.618328094482422,10.832075119018555,transformer,embedding
53,594,0.16346926987171173,97.14009857177734,1.1775891780853271,0.001,2.3897502422332764,24.799243927001953,10.910768508911133,transformer,embedding
54,605,0.15102027356624603,97.12077331542969,1.1630202531814575,0.001,2.4009742736816406,25.22437286376953,11.033921241760254,transformer,embedding
55,616,0.13140521943569183,97.58454132080078,1.1404298543930054,0.001,2.423774480819702,25.696741104125977,11.288386344909668,transformer,embedding
56,627,0.12580648064613342,97.29468536376953,1.134062647819519,0.001,2.4140443801879883,26.239961624145508,11.179081916809082,transformer,embedding
57,638,0.12399176508188248,97.29468536376953,1.1320065259933472,0.001,2.435506582260132,27.13745880126953,11.421603202819824,transformer,embedding
58,649,0.09816381335258484,97.77777862548828,1.1031434535980225,0.001,2.452147960662842,27.090221405029297,11.613265037536621,transformer,embedding
59,660,0.09108152240514755,98.06763458251953,1.0953582525253296,0.001,2.469912052154541,26.85403823852539,11.821407318115234,transformer,embedding
60,671,0.08604809641838074,98.02898406982422,1.0898587703704834,0.001,2.4641940593719482,27.727916717529297,11.754005432128906,transformer,embedding
61,682,0.07997095584869385,98.08695983886719,1.083255648612976,0.001,2.4664478302001953,28.223901748657227,11.780526161193848,transformer,embedding
62,693,0.05858801677823067,98.78260803222656,1.0603382587432861,0.001,2.458760976791382,29.641000747680664,11.69031810760498,transformer,embedding
63,704,0.058818429708480835,98.72463989257812,1.0605826377868652,0.001,2.480419635772705,30.58573341369629,11.946276664733887,transformer,embedding
64,715,0.05616449937224388,98.74395751953125,1.0577716827392578,0.001,2.5183463096618652,28.719886779785156,12.408061027526855,transformer,embedding
65,726,0.07282949239015579,98.06763458251953,1.0755470991134644,0.001,2.528134822845459,29.074161529541016,12.530113220214844,transformer,embedding
66,737,0.06267250329256058,98.43478393554688,1.0646780729293823,0.001,2.5220253467559814,29.948040008544922,12.453794479370117,transformer,embedding
67,748,0.06082881614565849,98.58937072753906,1.0627169609069824,0.001,2.560434579849243,28.74350357055664,12.94144058227539,transformer,embedding
68,759,0.0571790374815464,98.41545867919922,1.0588454008102417,0.001,2.5265684127807617,30.892772674560547,12.510501861572266,transformer,embedding
69,770,0.0479939728975296,98.9178695678711,1.0491642951965332,0.001,2.5785162448883057,29.971656799316406,13.177571296691895,transformer,embedding
70,781,0.03930823504924774,98.97584533691406,1.0400910377502441,0.001,2.5736477375030518,30.79829978942871,13.113572120666504,transformer,embedding
71,792,0.031486935913562775,99.32366943359375,1.0319879055023193,0.001,2.5708539485931396,31.6485595703125,13.076986312866211,transformer,embedding
72,803,0.03534770756959915,99.01449584960938,1.0359798669815063,0.001,2.5873661041259766,31.247047424316406,13.294708251953125,transformer,embedding
73,814,0.03227105364203453,99.01449584960938,1.0327974557876587,0.001,2.6246285438537598,30.51487922668457,13.799447059631348,transformer,embedding
74,825,0.026209130883216858,99.22705078125,1.0265556573867798,0.001,2.641610860824585,31.15257453918457,14.035795211791992,transformer,embedding
75,836,0.02749442867934704,99.3429946899414,1.0278759002685547,0.001,2.6673009395599365,30.184223175048828,14.401047706604004,transformer,embedding
76,847,0.03378429263830185,98.87922668457031,1.034361481666565,0.001,2.652320384979248,31.41237449645996,14.186919212341309,transformer,embedding
77,858,0.03301788121461868,99.05313873291016,1.0335689783096313,0.001,2.674359083175659,30.963626861572266,14.5030517578125,transformer,embedding
78,869,0.039167072623968124,98.97584533691406,1.0399441719055176,0.001,2.7181804180145264,29.82994842529297,15.152725219726562,transformer,embedding
79,880,0.04387914016842842,98.70531463623047,1.044856071472168,0.001,2.7510721683502197,30.325931549072266,15.659412384033203,transformer,embedding
80,891,0.061735279858112335,97.71980285644531,1.0636807680130005,0.001,2.7464888095855713,29.995275497436523,15.587803840637207,transformer,embedding
81,902,0.051078565418720245,98.47342681884766,1.052405595779419,0.001,2.7542197704315186,30.94000816345215,15.708779335021973,transformer,embedding
82,913,0.04564030095934868,98.74395751953125,1.0466978549957275,0.001,2.7519710063934326,30.86915397644043,15.673494338989258,transformer,embedding
83,924,0.04501202702522278,98.55072784423828,1.046040415763855,0.001,2.775313377380371,30.066131591796875,16.04365348815918,transformer,embedding
84,935,0.047376371920108795,98.49275207519531,1.0485165119171143,0.001,2.8246617317199707,29.428436279296875,16.855241775512695,transformer,embedding
85,946,0.026723025366663933,99.32366943359375,1.0270832777023315,0.001,2.7866179943084717,31.50684928894043,16.226049423217773,transformer,embedding
86,957,0.017370013520121574,99.51690673828125,1.0175217390060425,0.001,2.7671995162963867,32.47520065307617,15.9140043258667,transformer,embedding
87,968,0.015724079683423042,99.59420013427734,1.0158483982086182,0.001,2.8236892223358154,31.41237449645996,16.838857650756836,transformer,embedding
88,979,0.03002346307039261,99.01449584960938,1.0304787158966064,0.001,2.8037073612213135,31.459611892700195,16.505725860595703,transformer,embedding
89,990,0.01772799715399742,99.55555725097656,1.0178860425949097,0.001,2.786282777786255,32.309871673583984,16.220611572265625,transformer,embedding
90,1001,0.03127926215529442,98.93719482421875,1.031773567199707,0.001,2.8337807655334473,32.2862548828125,17.0096492767334,transformer,embedding
91,1012,0.026705514639616013,99.05313873291016,1.0270652770996094,0.001,2.8523459434509277,31.128955841064453,17.328386306762695,transformer,embedding
92,1023,0.022474676370620728,99.36231994628906,1.0227291584014893,0.001,2.8758962154388428,30.72744369506836,17.741317749023438,transformer,embedding
93,1034,0.023413853719830513,99.26570129394531,1.023690104484558,0.001,2.831808567047119,32.309871673583984,16.97613525390625,transformer,embedding
94,1045,0.018319550901651382,99.4202880859375,1.0184884071350098,0.001,2.820734739303589,33.301841735839844,16.789182662963867,transformer,embedding
95,1056,0.02065659500658512,99.4202880859375,1.0208714008331299,0.001,2.8157453536987305,33.6561164855957,16.705623626708984,transformer,embedding
96,1067,0.02519272267818451,99.26570129394531,1.0255126953125,0.001,2.871906280517578,32.026451110839844,17.670671463012695,transformer,embedding
97,1078,0.03279381990432739,98.72463989257812,1.0333374738693237,0.001,2.891785144805908,31.128955841064453,18.02545928955078,transformer,embedding
98,1089,0.023834841325879097,99.1497573852539,1.0241211652755737,0.001,2.9044063091278076,31.50684928894043,18.25440216064453,transformer,embedding
99,1100,0.03360055759549141,98.84058380126953,1.034171462059021,0.001,2.9099130630493164,31.459611892700195,18.35520362854004,transformer,embedding
100,1111,0.04756087437272072,98.41545867919922,1.0487099885940552,0.001,2.9456627368927,29.82994842529297,19.023265838623047,transformer,embedding
101,1122,0.03712114319205284,98.78260803222656,1.0378187894821167,0.001,2.8836441040039062,32.07368850708008,17.879308700561523,transformer,embedding
102,1133,0.030124152079224586,98.89855194091797,1.0305824279785156,0.001,NaN,NaN,NaN,transformer,embedding
103,1144,0.02392718382179737,99.38164520263672,1.0242156982421875,0.001,2.90596866607666,32.45158004760742,18.28294563293457,transformer,embedding
104,1155,0.024665068835020065,99.24637603759766,1.0249717235565186,0.001,NaN,NaN,NaN,transformer,embedding
105,1166,0.023644335567951202,99.32366943359375,1.0239261388778687,0.001,2.9243342876434326,32.82947540283203,18.621824264526367,transformer,embedding
106,1177,0.01546198409050703,99.613525390625,1.0155820846557617,0.001,NaN,NaN,NaN,transformer,embedding
107,1188,0.022593071684241295,99.26570129394531,1.0228502750396729,0.001,2.9122912883758545,32.99480438232422,18.398906707763672,transformer,embedding
108,1199,0.0165647454559803,99.5362319946289,1.016702651977539,0.001,NaN,NaN,NaN,transformer,embedding
109,1210,0.021498823538422585,99.30435180664062,1.0217316150665283,0.001,2.954683303833008,32.97118377685547,19.195642471313477,transformer,embedding
110,1221,0.026739636436104774,99.13043212890625,1.0271003246307373,0.001,NaN,NaN,NaN,transformer,embedding
111,1232,0.01928851194679737,99.38164520263672,1.0194756984710693,0.001,2.9755845069885254,33.53802490234375,19.601076126098633,transformer,embedding
112,1243,0.011852730065584183,99.7294692993164,1.0119233131408691,0.001,NaN,NaN,NaN,transformer,embedding
113,1254,0.006966525688767433,99.84541320800781,1.0069907903671265,0.001,2.9424829483032227,34.553611755371094,18.962871551513672,transformer,embedding
114,1265,0.0052139475010335445,99.8840560913086,1.0052275657653809,0.001,NaN,NaN,NaN,transformer,embedding
115,1276,0.003171146847307682,99.9227066040039,1.003176212310791,0.001,2.908426523208618,36.89182662963867,18.327938079833984,transformer,embedding
116,1287,0.002658303128555417,99.94203186035156,1.0026618242263794,0.001,NaN,NaN,NaN,transformer,embedding
117,1298,0.0018049117643386126,99.96134948730469,1.0018064975738525,0.001,2.898149251937866,38.7104377746582,18.140541076660156,transformer,embedding
118,1309,0.002011592034250498,99.94203186035156,1.0020135641098022,0.001,NaN,NaN,NaN,transformer,embedding
119,1320,0.0020884275436401367,99.96134948730469,1.002090573310852,0.001,2.8785791397094727,39.30089569091797,17.78898048400879,transformer,embedding
120,1331,0.0016297841211780906,99.94203186035156,1.0016311407089233,0.001,NaN,NaN,NaN,transformer,embedding
121,1342,0.0017143691657111049,99.94203186035156,1.001715898513794,0.001,2.879995346069336,39.08833312988281,17.814189910888672,transformer,embedding
122,1353,0.0021696307230740786,99.9227066040039,1.0021719932556152,0.001,NaN,NaN,NaN,transformer,embedding
123,1364,0.0025911882985383272,99.9227066040039,1.0025945901870728,0.001,2.8832366466522217,39.253658294677734,17.872024536132812,transformer,embedding
124,1375,0.0017503929557278752,99.96134948730469,1.0017518997192383,0.001,NaN,NaN,NaN,transformer,embedding
125,1386,0.0026829936541616917,99.9227066040039,1.002686619758606,0.001,2.9066741466522217,37.742088317871094,18.295848846435547,transformer,embedding
126,1397,0.016610432416200638,99.43961334228516,1.0167491436004639,0.001,NaN,NaN,NaN,transformer,embedding
127,1408,0.020661845803260803,99.13043212890625,1.0208767652511597,0.001,3.1482245922088623,29.82994842529297,23.29467010498047,transformer,embedding
128,1419,0.0572158619761467,97.35265350341797,1.0588843822479248,0.001,NaN,NaN,NaN,transformer,embedding
129,1430,0.04886094108223915,97.87439727783203,1.0500743389129639,0.001,3.0871119499206543,31.90835952758789,21.913698196411133,transformer,embedding
130,1441,0.039931852370500565,98.14492797851562,1.040739893913269,0.001,NaN,NaN,NaN,transformer,embedding
131,1452,0.02265273965895176,99.20773315429688,1.0229113101959229,0.001,3.0598368644714355,33.37269592285156,21.324077606201172,transformer,embedding
132,1463,0.022615335881710052,99.24637603759766,1.022873044013977,0.001,NaN,NaN,NaN,transformer,embedding
133,1474,0.01670011132955551,99.49758911132812,1.0168403387069702,0.001,3.0093319416046143,34.45914077758789,20.27385139465332,transformer,embedding
134,1485,0.014408793300390244,99.45893859863281,1.0145131349563599,0.001,NaN,NaN,NaN,transformer,embedding
135,1496,0.01134097296744585,99.55555725097656,1.0114054679870605,0.001,3.0131640434265137,36.58478927612305,20.35169219970703,transformer,embedding
136,1507,0.007008116692304611,99.76811981201172,1.0070327520370483,0.001,NaN,NaN,NaN,transformer,embedding
137,1518,0.013024981133639812,99.6908187866211,1.0131101608276367,0.001,3.063786506652832,33.136512756347656,21.408466339111328,transformer,embedding
138,1529,0.011358337476849556,99.78743743896484,1.011423110961914,0.001,NaN,NaN,NaN,transformer,embedding
139,1540,0.007551452144980431,99.78743743896484,1.007580041885376,0.001,2.9810128211975098,36.25413131713867,19.707767486572266,transformer,embedding
140,1551,0.008691771887242794,99.84541320800781,1.0087296962738037,0.001,NaN,NaN,NaN,transformer,embedding
141,1562,0.0037446862552314997,99.9227066040039,1.0037517547607422,0.001,2.9767749309539795,37.50590515136719,19.62442398071289,transformer,embedding
142,1573,0.003764163237065077,99.84541320800781,1.0037713050842285,0.001,NaN,NaN,NaN,transformer,embedding
143,1584,0.0049263108521699905,99.84541320800781,1.0049384832382202,0.001,3.0099968910217285,36.23051452636719,20.287336349487305,transformer,embedding
144,1595,0.0054396335035562515,99.76811981201172,1.005454421043396,0.001,NaN,NaN,NaN,transformer,embedding
145,1606,0.007444296032190323,99.78743743896484,1.007472038269043,0.001,3.0703179836273193,35.85261917114258,21.54875373840332,transformer,embedding
146,1617,0.018249094486236572,99.13043212890625,1.0184166431427002,0.001,NaN,NaN,NaN,transformer,embedding
147,1628,0.043879877775907516,98.10627746582031,1.0448567867279053,0.001,3.114530086517334,32.853092193603516,22.522844314575195,transformer,embedding
148,1639,0.040076758712530136,97.93236541748047,1.0408906936645508,0.001,NaN,NaN,NaN,transformer,embedding
149,1650,0.0364324226975441,98.43478393554688,1.0371042490005493,0.001,3.1343984603881836,31.86112403869629,22.974811553955078,transformer,embedding
150,1661,0.035539913922548294,98.53140258789062,1.0361790657043457,0.001,NaN,NaN,NaN,transformer,embedding
151,1672,0.018008623272180557,99.1497573852539,1.018171787261963,0.001,3.0833780765533447,33.37269592285156,21.832027435302734,transformer,embedding
152,1683,0.010830776765942574,99.67150115966797,1.0108896493911743,0.001,NaN,NaN,NaN,transformer,embedding
153,1694,0.007561691105365753,99.8067626953125,1.0075902938842773,0.001,NaN,NaN,NaN,transformer,embedding
154,1705,0.003102566348388791,99.96134948730469,1.0031074285507202,0.001,2.9859001636505127,37.553138732910156,19.8043212890625,transformer,embedding
155,1716,0.00136202247813344,100.0,1.001362919807434,0.001,NaN,NaN,NaN,transformer,embedding
156,1727,0.0008355295867659152,100.0,1.00083589553833,0.001,NaN,NaN,NaN,transformer,embedding
157,1738,0.0006250576698221266,100.0,1.0006252527236938,0.001,2.9440324306488037,40.43457794189453,18.992277145385742,transformer,embedding
158,1749,0.0005125706666149199,100.0,1.000512719154358,0.001,NaN,NaN,NaN,transformer,embedding
159,1760,0.00044516887282952666,100.0,1.0004452466964722,0.001,NaN,NaN,NaN,transformer,embedding
160,1771,0.0004275691171642393,100.0,1.0004276037216187,0.001,2.9333693981170654,41.2612190246582,18.79083824157715,transformer,embedding
161,1782,0.00036130056832917035,100.0,1.0003613233566284,0.001,NaN,NaN,NaN,transformer,embedding
162,1793,0.0003342200652696192,100.0,1.0003342628479004,0.001,NaN,NaN,NaN,transformer,embedding
163,1804,0.00030894853989593685,100.0,1.0003089904785156,0.001,2.925220489501953,41.78082275390625,18.638334274291992,transformer,embedding
164,1815,0.00028724188450723886,100.0,1.0002872943878174,0.001,NaN,NaN,NaN,transformer,embedding
165,1826,0.0002659427118487656,100.0,1.0002659559249878,0.001,NaN,NaN,NaN,transformer,embedding
166,1837,0.00024726122501306236,100.0,1.0002472400665283,0.001,2.919661521911621,42.11147689819336,18.53501319885254,transformer,embedding
167,1848,0.00023070514725986868,100.0,1.0002307891845703,0.001,NaN,NaN,NaN,transformer,embedding
168,1859,0.00021547840151470155,100.0,1.0002155303955078,0.001,NaN,NaN,NaN,transformer,embedding
169,1870,0.00020123153808526695,100.0,1.0002012252807617,0.001,2.915217876434326,42.56022644042969,18.45283317565918,transformer,embedding
170,1881,0.00018841079145204276,100.0,1.0001884698867798,0.001,NaN,NaN,NaN,transformer,embedding
171,1892,0.00017583341104909778,100.0,1.0001758337020874,0.001,NaN,NaN,NaN,transformer,embedding
172,1903,0.00016478555335197598,100.0,1.0001647472381592,0.001,2.912832498550415,43.0325927734375,18.40886878967285,transformer,embedding
173,1914,0.00015419597912114114,100.0,1.0001542568206787,0.001,NaN,NaN,NaN,transformer,embedding
174,1925,0.00014338723849505186,100.0,1.0001434087753296,0.001,NaN,NaN,NaN,transformer,embedding
175,1936,0.00013372152170632035,100.0,1.000133752822876,0.001,2.9114387035369873,43.38686752319336,18.383228302001953,transformer,embedding
176,1947,0.0001247420150320977,100.0,1.0001246929168701,0.001,NaN,NaN,NaN,transformer,embedding
177,1958,0.0001161176769528538,100.0,1.0001161098480225,0.001,NaN,NaN,NaN,transformer,embedding
178,1969,0.00010806437785504386,100.0,1.0001081228256226,0.001,2.9148952960968018,43.50495910644531,18.446880340576172,transformer,embedding
179,1980,0.00010046858369605616,100.0,1.0001004934310913,0.001,NaN,NaN,NaN,transformer,embedding
180,1991,0.0001053425221471116,100.0,1.000105381011963,0.001,NaN,NaN,NaN,transformer,embedding
181,2002,0.01103521790355444,99.59420013427734,1.0110963582992554,0.001,3.0959246158599854,35.3330192565918,22.107669830322266,transformer,embedding
182,2013,0.05529796704649925,97.46859741210938,1.0568554401397705,0.001,NaN,NaN,NaN,transformer,embedding
183,2024,0.06066324561834335,96.8502426147461,1.0625410079956055,0.001,NaN,NaN,NaN,transformer,embedding
184,2035,0.061038851737976074,96.90821075439453,1.062940239906311,0.001,3.1393795013427734,32.2862548828125,23.089534759521484,transformer,embedding
185,2046,0.03754474222660065,98.28018951416016,1.03825843334198,0.001,NaN,NaN,NaN,transformer,embedding
186,2057,0.021749548614025116,99.07246398925781,1.021987795829773,0.001,NaN,NaN,NaN,transformer,embedding
187,2068,0.010507576167583466,99.71014404296875,1.0105630159378052,0.001,3.0283021926879883,36.324989318847656,20.66212272644043,transformer,embedding
188,2079,0.006252050865441561,99.86473083496094,1.0062716007232666,0.001,NaN,NaN,NaN,transformer,embedding
189,2090,0.005256297066807747,99.90338134765625,1.0052701234817505,0.001,NaN,NaN,NaN,transformer,embedding
190,2101,0.003678614739328623,99.96134948730469,1.0036853551864624,0.001,2.9925520420074463,39.06471252441406,19.93649673461914,transformer,embedding
191,2112,0.0038896892219781876,99.94203186035156,1.0038973093032837,0.001,NaN,NaN,NaN,transformer,embedding
192,2123,0.0026827151887118816,99.94203186035156,1.0026862621307373,0.001,NaN,NaN,NaN,transformer,embedding
193,2134,0.0015354219358414412,99.94203186035156,1.0015366077423096,0.001,2.976940155029297,39.39537048339844,19.627666473388672,transformer,embedding
194,2145,0.0013937525218352675,99.96134948730469,1.0013947486877441,0.001,NaN,NaN,NaN,transformer,embedding
195,2156,0.0033301752991974354,99.96134948730469,1.00333571434021,0.001,NaN,NaN,NaN,transformer,embedding
196,2167,0.0019214705098420382,99.9227066040039,1.0019233226776123,0.001,2.971048593521118,40.08030319213867,19.51236915588379,transformer,embedding
197,2178,0.007133208680897951,99.8840560913086,1.0071587562561035,0.001,NaN,NaN,NaN,transformer,embedding
198,2189,0.007171361707150936,99.74879455566406,1.0071971416473389,0.001,NaN,NaN,NaN,transformer,embedding
199,2200,0.007693287450820208,99.71014404296875,1.0077229738235474,0.001,3.0570616722106934,36.89182662963867,21.264982223510742,transformer,embedding
200,2211,0.008585396222770214,99.7294692993164,1.008622407913208,0.001,NaN,NaN,NaN,transformer,embedding
201,2222,NaN,NaN,NaN,NaN,NaN,NaN,NaN,transformer,embedding
202,2233,0.0116962855681777,99.45893859863281,1.0117650032043457,0.001,3.0212090015411377,36.750118255615234,20.516080856323242,transformer,embedding
203,2244,NaN,NaN,NaN,NaN,NaN,NaN,NaN,transformer,embedding
204,2255,0.0169900581240654,99.20772552490234,1.0171352624893188,0.001,NaN,NaN,NaN,transformer,embedding
205,2266,NaN,NaN,NaN,NaN,NaN,NaN,NaN,transformer,embedding
206,2277,0.007454690523445606,99.78743743896484,1.0074825286865234,0.001,3.069136142730713,37.78932571411133,21.52330207824707,transformer,embedding
207,2288,NaN,NaN,NaN,NaN,NaN,NaN,NaN,transformer,embedding
208,2299,0.012929642572999,99.47826385498047,1.0130136013031006,0.001,NaN,NaN,NaN,transformer,embedding
209,2310,NaN,NaN,NaN,NaN,NaN,NaN,NaN,transformer,embedding
210,2321,0.00909132044762373,99.65217590332031,1.009132742881775,0.001,3.0908143520355225,37.387813568115234,21.99498176574707,transformer,embedding
211,2332,NaN,NaN,NaN,NaN,NaN,NaN,NaN,transformer,embedding
212,2343,0.005484148859977722,99.82608795166016,1.005499243736267,0.001,NaN,NaN,NaN,transformer,embedding
213,2354,NaN,NaN,NaN,NaN,NaN,NaN,NaN,transformer,embedding
214,2365,0.004012787248939276,99.86473846435547,1.0040208101272583,0.001,3.0254180431365967,39.44260787963867,20.602615356445312,transformer,embedding
215,2376,NaN,NaN,NaN,NaN,NaN,NaN,NaN,transformer,embedding
216,2387,0.0027376411017030478,99.94203186035156,1.0027413368225098,0.001,NaN,NaN,NaN,transformer,embedding
217,2398,NaN,NaN,NaN,NaN,NaN,NaN,NaN,transformer,embedding
218,2409,0.008577416650950909,99.59420013427734,1.0086143016815186,0.001,3.099684715270996,36.58478927612305,22.190954208374023,transformer,embedding
219,2420,NaN,NaN,NaN,NaN,NaN,NaN,NaN,transformer,embedding
220,2431,0.014223681762814522,99.28502655029297,1.0143253803253174,0.001,NaN,NaN,NaN,transformer,embedding
221,2442,NaN,NaN,NaN,NaN,NaN,NaN,NaN,transformer,embedding
222,2453,0.01361251063644886,99.36231994628906,1.0137056112289429,0.001,3.1137099266052246,36.86820983886719,22.504379272460938,transformer,embedding
223,2464,NaN,NaN,NaN,NaN,NaN,NaN,NaN,transformer,embedding
224,2475,0.013562306761741638,99.38164520263672,1.0136547088623047,0.001,NaN,NaN,NaN,transformer,embedding
225,2486,NaN,NaN,NaN,NaN,NaN,NaN,NaN,transformer,embedding
226,2497,0.008536797016859055,99.71014404296875,1.008573293685913,0.001,3.10241961479187,37.41143035888672,22.251726150512695,transformer,embedding
227,2508,NaN,NaN,NaN,NaN,NaN,NaN,NaN,transformer,embedding
228,2519,0.0018143181223422289,100.0,1.001815915107727,0.001,NaN,NaN,NaN,transformer,embedding
229,2530,NaN,NaN,NaN,NaN,NaN,NaN,NaN,transformer,embedding
230,2541,0.00041177019011229277,100.0,1.000411868095398,0.001,3.0079150199890137,41.379310607910156,20.245145797729492,transformer,embedding
231,2552,NaN,NaN,NaN,NaN,NaN,NaN,NaN,transformer,embedding
232,2563,0.0002411603636574,100.0,1.0002411603927612,0.001,NaN,NaN,NaN,transformer,embedding
233,2574,NaN,NaN,NaN,NaN,NaN,NaN,NaN,transformer,embedding
234,2585,0.00017927582666743547,100.0,1.0001792907714844,0.001,2.9673867225646973,42.67831802368164,19.44104766845703,transformer,embedding
235,2596,NaN,NaN,NaN,NaN,NaN,NaN,NaN,transformer,embedding
236,2607,0.0001479235215811059,100.0,1.0001479387283325,0.001,NaN,NaN,NaN,transformer,embedding
237,2618,NaN,NaN,NaN,NaN,NaN,NaN,NaN,transformer,embedding
238,2629,0.00012607520329765975,100.0,1.0001261234283447,0.001,2.94670033454895,43.45772171020508,19.043014526367188,transformer,embedding
239,2640,NaN,NaN,NaN,NaN,NaN,NaN,NaN,transformer,embedding
240,2651,0.00010907610703725368,100.0,1.000109076499939,0.001,NaN,NaN,NaN,transformer,embedding
241,2662,NaN,NaN,NaN,NaN,NaN,NaN,NaN,transformer,embedding
242,2673,9.474623220739886e-05,100.0,1.0000947713851929,0.001,2.9305684566497803,43.882850646972656,18.738279342651367,transformer,embedding
243,2684,NaN,NaN,NaN,NaN,NaN,NaN,NaN,transformer,embedding
244,2695,8.276057633338496e-05,100.0,1.0000827312469482,0.001,NaN,NaN,NaN,transformer,embedding
245,2706,NaN,NaN,NaN,NaN,NaN,NaN,NaN,transformer,embedding
246,2717,7.224627916002646e-05,100.0,1.0000722408294678,0.001,2.9166908264160156,44.49692916870117,18.480031967163086,transformer,embedding
247,2728,NaN,NaN,NaN,NaN,NaN,NaN,NaN,transformer,embedding
248,2739,6.304128328338265e-05,100.0,1.0000630617141724,0.001,NaN,NaN,NaN,transformer,embedding
249,2750,NaN,NaN,NaN,NaN,NaN,NaN,NaN,transformer,embedding
250,2761,5.4892676416784525e-05,100.0,1.0000548362731934,0.001,2.9083540439605713,44.78034973144531,18.326608657836914,transformer,embedding
251,2772,NaN,NaN,NaN,NaN,NaN,NaN,NaN,transformer,embedding
252,2783,4.7714594984427094e-05,100.0,1.0000476837158203,0.001,NaN,NaN,NaN,transformer,embedding
253,2794,NaN,NaN,NaN,NaN,NaN,NaN,NaN,transformer,embedding
254,2805,4.144573904341087e-05,100.0,1.0000414848327637,0.001,2.9036405086517334,45.29995346069336,18.240428924560547,transformer,embedding
255,2816,NaN,NaN,NaN,NaN,NaN,NaN,NaN,transformer,embedding
256,2827,3.577715688152239e-05,100.0,1.0000357627868652,0.001,NaN,NaN,NaN,transformer,embedding
257,2838,NaN,NaN,NaN,NaN,NaN,NaN,NaN,transformer,embedding
258,2849,3.087054210482165e-05,100.0,1.0000308752059937,0.001,NaN,NaN,NaN,transformer,embedding
259,2860,NaN,NaN,NaN,NaN,2.9020421504974365,45.77231979370117,18.2112979888916,transformer,embedding
260,2871,2.7700772989192046e-05,100.0,1.0000276565551758,0.001,NaN,NaN,NaN,transformer,embedding
261,2882,NaN,NaN,NaN,NaN,NaN,NaN,NaN,transformer,embedding
262,2893,0.020419055595993996,98.97584533691406,1.0206289291381836,0.001,NaN,NaN,NaN,transformer,embedding
263,2904,NaN,NaN,NaN,NaN,NaN,NaN,NaN,transformer,embedding
264,2915,0.027243465185165405,98.72463989257812,1.0276179313659668,0.001,3.084289312362671,35.59281921386719,21.851930618286133,transformer,embedding
265,2926,NaN,NaN,NaN,NaN,NaN,NaN,NaN,transformer,embedding
266,2937,0.021762095391750336,98.85990142822266,1.0220006704330444,0.001,NaN,NaN,NaN,transformer,embedding
267,2948,NaN,NaN,NaN,NaN,NaN,NaN,NaN,transformer,embedding
268,2959,0.005167454481124878,99.86473846435547,1.005180835723877,0.001,NaN,NaN,NaN,transformer,embedding
269,2970,NaN,NaN,NaN,NaN,2.9671151638031006,41.56825637817383,19.43577003479004,transformer,embedding
270,2981,0.0019049086840823293,99.94203186035156,1.0019067525863647,0.001,NaN,NaN,NaN,transformer,embedding
271,2992,NaN,NaN,NaN,NaN,NaN,NaN,NaN,transformer,embedding
272,3003,0.0017008234281092882,99.9227066040039,1.0017023086547852,0.001,NaN,NaN,NaN,transformer,embedding
273,3014,NaN,NaN,NaN,NaN,NaN,NaN,NaN,transformer,embedding
274,3025,0.0019296070095151663,99.90338134765625,1.0019314289093018,0.001,2.934438705444336,41.87529373168945,18.810941696166992,transformer,embedding
275,3036,NaN,NaN,NaN,NaN,NaN,NaN,NaN,transformer,embedding
276,3047,0.00240196380764246,99.8840560913086,1.002404808998108,0.001,NaN,NaN,NaN,transformer,embedding
277,3058,NaN,NaN,NaN,NaN,NaN,NaN,NaN,transformer,embedding
278,3069,0.0023378601763397455,99.90338134765625,1.00234055519104,0.001,NaN,NaN,NaN,transformer,embedding
279,3080,NaN,NaN,NaN,NaN,2.9093353748321533,42.087860107421875,18.344602584838867,transformer,embedding
280,3091,0.00625664833933115,99.71014404296875,1.006276249885559,0.001,NaN,NaN,NaN,transformer,embedding
281,3102,NaN,NaN,NaN,NaN,NaN,NaN,NaN,transformer,embedding
282,3113,0.03352159634232521,98.49275207519531,1.0340898036956787,0.001,NaN,NaN,NaN,transformer,embedding
283,3124,NaN,NaN,NaN,NaN,NaN,NaN,NaN,transformer,embedding
284,3135,0.031250618398189545,98.58937072753906,1.0317440032958984,0.001,3.0063977241516113,37.41143035888672,20.21445083618164,transformer,embedding
285,3146,NaN,NaN,NaN,NaN,NaN,NaN,NaN,transformer,embedding
286,3157,0.012883126735687256,99.38164520263672,1.012966513633728,0.001,NaN,NaN,NaN,transformer,embedding
287,3168,NaN,NaN,NaN,NaN,NaN,NaN,NaN,transformer,embedding
288,3179,0.002535186242312193,99.9227066040039,1.0025384426116943,0.001,NaN,NaN,NaN,transformer,embedding
289,3190,NaN,NaN,NaN,NaN,2.8873238563537598,42.48937225341797,17.945220947265625,transformer,embedding
290,3201,0.011022515594959259,99.49758911132812,1.0110834836959839,0.001,NaN,NaN,NaN,transformer,embedding
291,3212,NaN,NaN,NaN,NaN,NaN,NaN,NaN,transformer,embedding
292,3223,0.0062510063871741295,99.7294692993164,1.0062705278396606,0.001,NaN,NaN,NaN,transformer,embedding
293,3234,NaN,NaN,NaN,NaN,NaN,NaN,NaN,transformer,embedding
294,3245,0.0017263799672946334,99.98067474365234,1.001727819442749,0.001,2.8336198329925537,42.985355377197266,17.006912231445312,transformer,embedding
295,3256,NaN,NaN,NaN,NaN,NaN,NaN,NaN,transformer,embedding
296,3267,0.0007032572757452726,100.0,1.0007034540176392,0.001,NaN,NaN,NaN,transformer,embedding
297,3278,NaN,NaN,NaN,NaN,NaN,NaN,NaN,transformer,embedding
298,3289,0.0008841994567774236,99.96134948730469,1.0008845329284668,0.001,NaN,NaN,NaN,transformer,embedding
299,3300,NaN,NaN,NaN,NaN,2.805138111114502,43.83561706542969,16.52935791015625,transformer,embedding
300,3311,0.0009478050633333623,99.96134948730469,1.0009483098983765,0.001,NaN,NaN,NaN,transformer,embedding
301,3322,NaN,NaN,NaN,NaN,NaN,NaN,NaN,transformer,embedding
302,3333,NaN,NaN,NaN,NaN,NaN,NaN,NaN,transformer,embedding
303,3344,0.005159479100257158,99.76811981201172,1.005172848701477,0.001,NaN,NaN,NaN,transformer,embedding
304,3355,NaN,NaN,NaN,NaN,2.8793797492980957,40.245628356933594,17.803226470947266,transformer,embedding
305,3366,NaN,NaN,NaN,NaN,NaN,NaN,NaN,transformer,embedding
306,3377,0.008068994618952274,99.65217590332031,1.0081015825271606,0.001,NaN,NaN,NaN,transformer,embedding
307,3388,NaN,NaN,NaN,NaN,NaN,NaN,NaN,transformer,embedding
308,3399,NaN,NaN,NaN,NaN,NaN,NaN,NaN,transformer,embedding
309,3410,0.017741786316037178,99.40096282958984,1.0179001092910767,0.001,NaN,NaN,NaN,transformer,embedding
310,3421,NaN,NaN,NaN,NaN,2.860302209854126,41.82805633544922,17.46680450439453,transformer,embedding
311,3432,NaN,NaN,NaN,NaN,NaN,NaN,NaN,transformer,embedding
312,3443,0.012790725566446781,99.59420013427734,1.0128729343414307,0.001,NaN,NaN,NaN,transformer,embedding
313,3454,NaN,NaN,NaN,NaN,NaN,NaN,NaN,transformer,embedding
314,3465,NaN,NaN,NaN,NaN,NaN,NaN,NaN,transformer,embedding
315,3476,0.010733501985669136,99.45893859863281,1.010791301727295,0.001,NaN,NaN,NaN,transformer,embedding
316,3487,NaN,NaN,NaN,NaN,2.9133589267730713,40.245628356933594,18.418561935424805,transformer,embedding
317,3498,NaN,NaN,NaN,NaN,NaN,NaN,NaN,transformer,embedding
318,3509,0.023950887843966484,98.91787719726562,1.0242400169372559,0.001,NaN,NaN,NaN,transformer,embedding
319,3520,NaN,NaN,NaN,NaN,NaN,NaN,NaN,transformer,embedding
320,3531,NaN,NaN,NaN,NaN,NaN,NaN,NaN,transformer,embedding
321,3542,0.0030533636454492807,99.90338134765625,1.0030580759048462,0.001,NaN,NaN,NaN,transformer,embedding
322,3553,NaN,NaN,NaN,NaN,2.7630791664123535,42.418514251708984,15.848567962646484,transformer,embedding
323,3564,NaN,NaN,NaN,NaN,NaN,NaN,NaN,transformer,embedding
324,3575,0.002675545634701848,99.94203186035156,1.0026791095733643,0.001,NaN,NaN,NaN,transformer,embedding
325,3586,NaN,NaN,NaN,NaN,NaN,NaN,NaN,transformer,embedding
326,3597,NaN,NaN,NaN,NaN,NaN,NaN,NaN,transformer,embedding
327,3608,0.0029953480698168278,99.8840560913086,1.0029997825622559,0.001,NaN,NaN,NaN,transformer,embedding
328,3619,NaN,NaN,NaN,NaN,2.7357606887817383,43.906471252441406,15.421469688415527,transformer,embedding
329,3630,NaN,NaN,NaN,NaN,NaN,NaN,NaN,transformer,embedding
330,3641,0.0009147320524789393,99.98067474365234,1.0009151697158813,0.001,NaN,NaN,NaN,transformer,embedding
331,3652,NaN,NaN,NaN,NaN,NaN,NaN,NaN,transformer,embedding
332,3663,NaN,NaN,NaN,NaN,NaN,NaN,NaN,transformer,embedding
333,3674,0.00016691115160938352,100.0,1.000166893005371,0.001,NaN,NaN,NaN,transformer,embedding
334,3685,NaN,NaN,NaN,NaN,2.6696691513061523,46.598960876464844,14.435192108154297,transformer,embedding
335,3696,NaN,NaN,NaN,NaN,NaN,NaN,NaN,transformer,embedding
336,3707,0.00011510046169860289,100.0,1.000115156173706,0.001,NaN,NaN,NaN,transformer,embedding
337,3718,NaN,NaN,NaN,NaN,NaN,NaN,NaN,transformer,embedding
338,3729,NaN,NaN,NaN,NaN,NaN,NaN,NaN,transformer,embedding
339,3740,9.081509051611647e-05,100.0,1.0000908374786377,0.001,NaN,NaN,NaN,transformer,embedding
340,3751,NaN,NaN,NaN,NaN,2.6397545337677,47.236656188964844,14.009764671325684,transformer,embedding
341,3762,NaN,NaN,NaN,NaN,NaN,NaN,NaN,transformer,embedding
342,3773,7.377050496870652e-05,100.0,1.000073790550232,0.001,NaN,NaN,NaN,transformer,embedding
343,3784,NaN,NaN,NaN,NaN,NaN,NaN,NaN,transformer,embedding
344,3795,NaN,NaN,NaN,NaN,NaN,NaN,NaN,transformer,embedding
345,3806,5.9820577007485554e-05,100.0,1.0000598430633545,0.001,NaN,NaN,NaN,transformer,embedding
346,3817,NaN,NaN,NaN,NaN,2.618727922439575,47.685401916503906,13.71826171875,transformer,embedding
347,3828,NaN,NaN,NaN,NaN,NaN,NaN,NaN,transformer,embedding
348,3839,4.859489854425192e-05,100.0,1.0000486373901367,0.001,NaN,NaN,NaN,transformer,embedding
349,3850,NaN,NaN,NaN,NaN,NaN,NaN,NaN,transformer,embedding
350,3861,NaN,NaN,NaN,NaN,NaN,NaN,NaN,transformer,embedding
351,3872,3.933251718990505e-05,100.0,1.0000393390655518,0.001,NaN,NaN,NaN,transformer,embedding
352,3883,NaN,NaN,NaN,NaN,2.6042187213897705,48.25224304199219,13.520657539367676,transformer,embedding
353,3894,NaN,NaN,NaN,NaN,NaN,NaN,NaN,transformer,embedding
354,3905,3.1569641578244045e-05,100.0,1.000031590461731,0.001,NaN,NaN,NaN,transformer,embedding
355,3916,NaN,NaN,NaN,NaN,NaN,NaN,NaN,transformer,embedding
356,3927,NaN,NaN,NaN,NaN,NaN,NaN,NaN,transformer,embedding
357,3938,2.5230428946088068e-05,100.0,1.0000252723693848,0.001,NaN,NaN,NaN,transformer,embedding
358,3949,NaN,NaN,NaN,NaN,NaN,NaN,NaN,transformer,embedding
359,3960,NaN,NaN,NaN,NaN,2.5944478511810303,48.700992584228516,13.389192581176758,transformer,embedding
360,3971,1.9943488950957544e-05,100.0,1.000019907951355,0.001,NaN,NaN,NaN,transformer,embedding
361,3982,NaN,NaN,NaN,NaN,NaN,NaN,NaN,transformer,embedding
362,3993,NaN,NaN,NaN,NaN,NaN,NaN,NaN,transformer,embedding
363,4004,1.5663059457438067e-05,100.0,1.0000156164169312,0.001,NaN,NaN,NaN,transformer,embedding
364,4015,NaN,NaN,NaN,NaN,NaN,NaN,NaN,transformer,embedding
365,4026,NaN,NaN,NaN,NaN,NaN,NaN,NaN,transformer,embedding
366,4037,1.2251060070411768e-05,100.0,1.0000122785568237,0.001,2.5941152572631836,49.26782989501953,13.384739875793457,transformer,embedding
367,4048,NaN,NaN,NaN,NaN,NaN,NaN,NaN,transformer,embedding
368,4059,NaN,NaN,NaN,NaN,NaN,NaN,NaN,transformer,embedding
369,4070,9.484037946094759e-06,100.0,1.000009536743164,0.001,NaN,NaN,NaN,transformer,embedding
370,4081,NaN,NaN,NaN,NaN,NaN,NaN,NaN,transformer,embedding
371,4092,NaN,NaN,NaN,NaN,NaN,NaN,NaN,transformer,embedding
372,4103,7.318262760236394e-06,100.0,1.0000072717666626,0.001,NaN,NaN,NaN,transformer,embedding
373,4114,NaN,NaN,NaN,NaN,2.6053459644317627,49.669342041015625,13.535907745361328,transformer,embedding
374,4125,NaN,NaN,NaN,NaN,NaN,NaN,NaN,transformer,embedding
375,4136,5.5721170610922854e-06,100.0,1.0000056028366089,0.001,NaN,NaN,NaN,transformer,embedding
376,4147,NaN,NaN,NaN,NaN,NaN,NaN,NaN,transformer,embedding
377,4158,NaN,NaN,NaN,NaN,NaN,NaN,NaN,transformer,embedding
378,4169,4.250822712492663e-06,100.0,1.0000042915344238,0.001,NaN,NaN,NaN,transformer,embedding
379,4180,NaN,NaN,NaN,NaN,NaN,NaN,NaN,transformer,embedding
380,4191,NaN,NaN,NaN,NaN,2.631993055343628,49.83467102050781,13.901448249816895,transformer,embedding
381,4202,3.210751856386196e-06,100.0,1.0000032186508179,0.001,NaN,NaN,NaN,transformer,embedding
382,4213,NaN,NaN,NaN,NaN,NaN,NaN,NaN,transformer,embedding
383,4224,NaN,NaN,NaN,NaN,NaN,NaN,NaN,transformer,embedding
384,4235,2.42634837377409e-06,100.0,1.000002384185791,0.001,NaN,NaN,NaN,transformer,embedding
385,4246,NaN,NaN,NaN,NaN,NaN,NaN,NaN,transformer,embedding
386,4257,NaN,NaN,NaN,NaN,NaN,NaN,NaN,transformer,embedding
387,4268,1.8108504491465283e-06,100.0,1.0000017881393433,0.001,2.6596620082855225,50.047237396240234,14.291458129882812,transformer,embedding
388,4279,NaN,NaN,NaN,NaN,NaN,NaN,NaN,transformer,embedding
389,4290,NaN,NaN,NaN,NaN,NaN,NaN,NaN,transformer,embedding
390,4301,1.3490337096300209e-06,100.0,1.000001311302185,0.001,NaN,NaN,NaN,transformer,embedding
391,4312,NaN,NaN,NaN,NaN,NaN,NaN,NaN,transformer,embedding
392,4323,NaN,NaN,NaN,NaN,NaN,NaN,NaN,transformer,embedding
393,4334,1.003695729195897e-06,100.0,1.0000009536743164,0.001,NaN,NaN,NaN,transformer,embedding
394,4345,NaN,NaN,NaN,NaN,2.694913148880005,50.236183166503906,14.804232597351074,transformer,embedding
395,4356,NaN,NaN,NaN,NaN,NaN,NaN,NaN,transformer,embedding
396,4367,7.451097303601273e-07,100.0,1.0000007152557373,0.001,NaN,NaN,NaN,transformer,embedding
397,4378,NaN,NaN,NaN,NaN,NaN,NaN,NaN,transformer,embedding
398,4389,NaN,NaN,NaN,NaN,NaN,NaN,NaN,transformer,embedding
399,4400,5.521404773389804e-07,100.0,1.0000005960464478,0.001,NaN,NaN,NaN,transformer,embedding
400,4411,NaN,NaN,NaN,NaN,NaN,NaN,NaN,transformer,embedding
401,4422,NaN,NaN,NaN,NaN,2.7350213527679443,50.54322052001953,15.410072326660156,transformer,embedding
402,4433,4.0874385831557447e-07,100.0,1.0000003576278687,0.001,NaN,NaN,NaN,transformer,embedding
403,4444,NaN,NaN,NaN,NaN,NaN,NaN,NaN,transformer,embedding
404,4455,NaN,NaN,NaN,NaN,NaN,NaN,NaN,transformer,embedding
405,4466,NaN,NaN,NaN,NaN,NaN,NaN,NaN,transformer,embedding
406,4477,2.743195466337056e-07,100.0,1.000000238418579,0.001,NaN,NaN,NaN,transformer,embedding
407,4488,NaN,NaN,NaN,NaN,NaN,NaN,NaN,transformer,embedding
408,4499,NaN,NaN,NaN,NaN,NaN,NaN,NaN,transformer,embedding
409,4510,NaN,NaN,NaN,NaN,2.7834880352020264,50.51960372924805,16.175342559814453,transformer,embedding
410,4521,1.853214826041949e-07,100.0,1.000000238418579,0.001,NaN,NaN,NaN,transformer,embedding
411,4532,NaN,NaN,NaN,NaN,NaN,NaN,NaN,transformer,embedding
412,4543,NaN,NaN,NaN,NaN,NaN,NaN,NaN,transformer,embedding
413,4554,NaN,NaN,NaN,NaN,NaN,NaN,NaN,transformer,embedding
414,4565,1.2826227191453654e-07,100.0,1.0000001192092896,0.001,NaN,NaN,NaN,transformer,embedding
415,4576,NaN,NaN,NaN,NaN,NaN,NaN,NaN,transformer,embedding
416,4587,NaN,NaN,NaN,NaN,NaN,NaN,NaN,transformer,embedding
417,4598,NaN,NaN,NaN,NaN,3.1721413135528564,42.46575164794922,23.858518600463867,transformer,embedding
418,4609,0.03399626165628433,98.49275207519531,1.0345807075500488,0.001,NaN,NaN,NaN,transformer,embedding
419,4620,NaN,NaN,NaN,NaN,NaN,NaN,NaN,transformer,embedding
420,4631,NaN,NaN,NaN,NaN,NaN,NaN,NaN,transformer,embedding
421,4642,NaN,NaN,NaN,NaN,NaN,NaN,NaN,transformer,embedding
422,4653,0.012197216041386127,99.4202880859375,1.0122718811035156,0.001,NaN,NaN,NaN,transformer,embedding
423,4664,NaN,NaN,NaN,NaN,NaN,NaN,NaN,transformer,embedding
424,4675,NaN,NaN,NaN,NaN,NaN,NaN,NaN,transformer,embedding
425,4686,NaN,NaN,NaN,NaN,2.810220241546631,44.99291229248047,16.613576889038086,transformer,embedding
426,4697,0.0006653112359344959,100.0,1.000665545463562,0.001,NaN,NaN,NaN,transformer,embedding
427,4708,NaN,NaN,NaN,NaN,NaN,NaN,NaN,transformer,embedding
428,4719,NaN,NaN,NaN,NaN,NaN,NaN,NaN,transformer,embedding
429,4730,NaN,NaN,NaN,NaN,NaN,NaN,NaN,transformer,embedding
430,4741,0.00010053381265606731,100.0,1.0001004934310913,0.001,NaN,NaN,NaN,transformer,embedding
431,4752,NaN,NaN,NaN,NaN,NaN,NaN,NaN,transformer,embedding
432,4763,NaN,NaN,NaN,NaN,NaN,NaN,NaN,transformer,embedding
433,4774,NaN,NaN,NaN,NaN,2.733372211456299,47.874351501464844,15.384679794311523,transformer,embedding
434,4785,5.3155526984483004e-05,100.0,1.0000531673431396,0.001,NaN,NaN,NaN,transformer,embedding
435,4796,NaN,NaN,NaN,NaN,NaN,NaN,NaN,transformer,embedding
436,4807,NaN,NaN,NaN,NaN,NaN,NaN,NaN,transformer,embedding
437,4818,NaN,NaN,NaN,NaN,NaN,NaN,NaN,transformer,embedding
438,4829,3.820030906354077e-05,100.0,1.0000381469726562,0.001,NaN,NaN,NaN,transformer,embedding
439,4840,NaN,NaN,NaN,NaN,NaN,NaN,NaN,transformer,embedding
440,4851,NaN,NaN,NaN,NaN,NaN,NaN,NaN,transformer,embedding
441,4862,NaN,NaN,NaN,NaN,2.6952080726623535,48.51204299926758,14.808599472045898,transformer,embedding
442,4873,2.8552074581966735e-05,100.0,1.0000286102294922,0.001,NaN,NaN,NaN,transformer,embedding
443,4884,NaN,NaN,NaN,NaN,NaN,NaN,NaN,transformer,embedding
444,4895,NaN,NaN,NaN,NaN,NaN,NaN,NaN,transformer,embedding
445,4906,NaN,NaN,NaN,NaN,NaN,NaN,NaN,transformer,embedding
446,4917,2.1521502276300453e-05,100.0,1.0000215768814087,0.001,NaN,NaN,NaN,transformer,embedding
447,4928,NaN,NaN,NaN,NaN,NaN,NaN,NaN,transformer,embedding
448,4939,NaN,NaN,NaN,NaN,NaN,NaN,NaN,transformer,embedding
449,4950,NaN,NaN,NaN,NaN,2.663954257965088,49.3623046875,14.35293197631836,transformer,embedding
450,4961,1.630002589081414e-05,100.0,1.0000163316726685,0.001,NaN,NaN,NaN,transformer,embedding
451,4972,NaN,NaN,NaN,NaN,NaN,NaN,NaN,transformer,embedding
452,4983,NaN,NaN,NaN,NaN,NaN,NaN,NaN,transformer,embedding
453,4994,NaN,NaN,NaN,NaN,NaN,NaN,NaN,transformer,embedding
454,5005,1.2522589713626076e-05,100.0,1.0000125169754028,0.001,NaN,NaN,NaN,transformer,embedding
455,5016,NaN,NaN,NaN,NaN,NaN,NaN,NaN,transformer,embedding
456,5027,NaN,NaN,NaN,NaN,NaN,NaN,NaN,transformer,embedding
457,5038,NaN,NaN,NaN,NaN,2.6376633644104004,49.88190841674805,13.980498313903809,transformer,embedding
458,5049,9.062679964699782e-06,100.0,1.0000090599060059,0.001,NaN,NaN,NaN,transformer,embedding
459,5060,NaN,NaN,NaN,NaN,NaN,NaN,NaN,transformer,embedding
460,5071,NaN,NaN,NaN,NaN,NaN,NaN,NaN,transformer,embedding
461,5082,NaN,NaN,NaN,NaN,NaN,NaN,NaN,transformer,embedding
462,5093,6.770553682144964e-06,100.0,1.0000067949295044,0.001,NaN,NaN,NaN,transformer,embedding
463,5104,NaN,NaN,NaN,NaN,NaN,NaN,NaN,transformer,embedding
464,5115,NaN,NaN,NaN,NaN,NaN,NaN,NaN,transformer,embedding
465,5126,NaN,NaN,NaN,NaN,NaN,NaN,NaN,transformer,embedding
466,5137,5.018151114200009e-06,100.0,1.0000050067901611,0.001,2.6151552200317383,50.566837310791016,13.66933822631836,transformer,embedding
467,5148,NaN,NaN,NaN,NaN,NaN,NaN,NaN,transformer,embedding
468,5159,NaN,NaN,NaN,NaN,NaN,NaN,NaN,transformer,embedding
469,5170,NaN,NaN,NaN,NaN,NaN,NaN,NaN,transformer,embedding
470,5181,3.7164875266171293e-06,100.0,1.000003695487976,0.001,NaN,NaN,NaN,transformer,embedding
471,5192,NaN,NaN,NaN,NaN,NaN,NaN,NaN,transformer,embedding
472,5203,NaN,NaN,NaN,NaN,NaN,NaN,NaN,transformer,embedding
473,5214,NaN,NaN,NaN,NaN,NaN,NaN,NaN,transformer,embedding
474,5225,2.743278855632525e-06,100.0,1.0000027418136597,0.001,NaN,NaN,NaN,transformer,embedding
475,5236,NaN,NaN,NaN,NaN,2.6029884815216064,51.204532623291016,13.504034042358398,transformer,embedding
476,5247,NaN,NaN,NaN,NaN,NaN,NaN,NaN,transformer,embedding
477,5258,NaN,NaN,NaN,NaN,NaN,NaN,NaN,transformer,embedding
478,5269,1.9969877484982135e-06,100.0,1.0000020265579224,0.001,NaN,NaN,NaN,transformer,embedding
479,5280,NaN,NaN,NaN,NaN,NaN,NaN,NaN,transformer,embedding
480,5291,NaN,NaN,NaN,NaN,NaN,NaN,NaN,transformer,embedding
481,5302,NaN,NaN,NaN,NaN,NaN,NaN,NaN,transformer,embedding
482,5313,1.4515185284835752e-06,100.0,1.0000014305114746,0.001,NaN,NaN,NaN,transformer,embedding
483,5324,NaN,NaN,NaN,NaN,NaN,NaN,NaN,transformer,embedding
484,5335,NaN,NaN,NaN,NaN,2.6042964458465576,51.41709899902344,13.521708488464355,transformer,embedding
485,5346,NaN,NaN,NaN,NaN,NaN,NaN,NaN,transformer,embedding
486,5357,1.0517132977838628e-06,100.0,1.000001072883606,0.001,NaN,NaN,NaN,transformer,embedding
487,5368,NaN,NaN,NaN,NaN,NaN,NaN,NaN,transformer,embedding
488,5379,NaN,NaN,NaN,NaN,NaN,NaN,NaN,transformer,embedding
489,5390,NaN,NaN,NaN,NaN,NaN,NaN,NaN,transformer,embedding
490,5401,7.541050877080124e-07,100.0,1.0000007152557373,0.001,NaN,NaN,NaN,transformer,embedding
491,5412,NaN,NaN,NaN,NaN,NaN,NaN,NaN,transformer,embedding
492,5423,NaN,NaN,NaN,NaN,NaN,NaN,NaN,transformer,embedding
493,5434,NaN,NaN,NaN,NaN,2.6203248500823975,51.53519058227539,13.74018669128418,transformer,embedding
494,5445,5.378469154493359e-07,100.0,1.0000005960464478,0.001,NaN,NaN,NaN,transformer,embedding
495,5456,NaN,NaN,NaN,NaN,NaN,NaN,NaN,transformer,embedding
496,5467,NaN,NaN,NaN,NaN,NaN,NaN,NaN,transformer,embedding
497,5478,NaN,NaN,NaN,NaN,NaN,NaN,NaN,transformer,embedding
498,5489,3.784635396186786e-07,100.0,1.0000003576278687,0.001,NaN,NaN,NaN,transformer,embedding
499,5500,NaN,NaN,NaN,NaN,NaN,NaN,NaN,transformer,embedding
500,5511,NaN,NaN,NaN,NaN,NaN,NaN,NaN,transformer,embedding
501,5522,NaN,NaN,NaN,NaN,NaN,NaN,NaN,transformer,embedding
502,5533,2.659576239238959e-07,100.0,1.000000238418579,0.001,2.6456897258758545,51.653282165527344,14.093162536621094,transformer,embedding
503,5544,NaN,NaN,NaN,NaN,NaN,NaN,NaN,transformer,embedding
504,5555,NaN,NaN,NaN,NaN,NaN,NaN,NaN,transformer,embedding
505,5566,NaN,NaN,NaN,NaN,NaN,NaN,NaN,transformer,embedding
506,5577,NaN,NaN,NaN,NaN,NaN,NaN,NaN,transformer,embedding
507,5588,1.7047503320100077e-07,100.0,1.0000001192092896,0.001,NaN,NaN,NaN,transformer,embedding
508,5599,NaN,NaN,NaN,NaN,NaN,NaN,NaN,transformer,embedding
509,5610,NaN,NaN,NaN,NaN,NaN,NaN,NaN,transformer,embedding
510,5621,NaN,NaN,NaN,NaN,NaN,NaN,NaN,transformer,embedding
511,5632,NaN,NaN,NaN,NaN,NaN,NaN,NaN,transformer,embedding
512,5643,1.1142324751745036e-07,100.0,1.0000001192092896,0.001,2.680992841720581,51.72413635253906,14.599580764770508,transformer,embedding
513,5654,NaN,NaN,NaN,NaN,NaN,NaN,NaN,transformer,embedding
514,5665,NaN,NaN,NaN,NaN,NaN,NaN,NaN,transformer,embedding
515,5676,NaN,NaN,NaN,NaN,NaN,NaN,NaN,transformer,embedding
516,5687,NaN,NaN,NaN,NaN,NaN,NaN,NaN,transformer,embedding
517,5698,0.02158334106206894,98.91787719726562,1.021817922592163,0.001,NaN,NaN,NaN,transformer,embedding
518,5709,NaN,NaN,NaN,NaN,NaN,NaN,NaN,transformer,embedding
519,5720,NaN,NaN,NaN,NaN,NaN,NaN,NaN,transformer,embedding
520,5731,NaN,NaN,NaN,NaN,NaN,NaN,NaN,transformer,embedding
521,5742,NaN,NaN,NaN,NaN,NaN,NaN,NaN,transformer,embedding
522,5753,0.0035850952845066786,99.82608795166016,1.003591537475586,0.001,2.7256863117218018,45.70146179199219,15.266888618469238,transformer,embedding
523,5764,NaN,NaN,NaN,NaN,NaN,NaN,NaN,transformer,embedding
524,5775,NaN,NaN,NaN,NaN,NaN,NaN,NaN,transformer,embedding
525,5786,NaN,NaN,NaN,NaN,NaN,NaN,NaN,transformer,embedding
526,5797,NaN,NaN,NaN,NaN,NaN,NaN,NaN,transformer,embedding
527,5808,0.0001186405133921653,100.0,1.000118613243103,0.001,NaN,NaN,NaN,transformer,embedding
528,5819,NaN,NaN,NaN,NaN,NaN,NaN,NaN,transformer,embedding
529,5830,NaN,NaN,NaN,NaN,NaN,NaN,NaN,transformer,embedding
530,5841,NaN,NaN,NaN,NaN,NaN,NaN,NaN,transformer,embedding
531,5852,NaN,NaN,NaN,NaN,NaN,NaN,NaN,transformer,embedding
532,5863,4.875187005382031e-05,100.0,1.0000487565994263,0.001,2.6107866764068604,48.55928039550781,13.609752655029297,transformer,embedding
533,5874,NaN,NaN,NaN,NaN,NaN,NaN,NaN,transformer,embedding
534,5885,NaN,NaN,NaN,NaN,NaN,NaN,NaN,transformer,embedding
535,5896,NaN,NaN,NaN,NaN,NaN,NaN,NaN,transformer,embedding
536,5907,NaN,NaN,NaN,NaN,NaN,NaN,NaN,transformer,embedding
537,5918,3.339456088724546e-05,100.0,1.0000333786010742,0.001,NaN,NaN,NaN,transformer,embedding
538,5929,NaN,NaN,NaN,NaN,NaN,NaN,NaN,transformer,embedding
539,5940,NaN,NaN,NaN,NaN,NaN,NaN,NaN,transformer,embedding
540,5951,NaN,NaN,NaN,NaN,NaN,NaN,NaN,transformer,embedding
541,5962,NaN,NaN,NaN,NaN,NaN,NaN,NaN,transformer,embedding
542,5973,2.3726352083031088e-05,100.0,1.0000237226486206,0.001,2.5603387355804443,49.33868408203125,12.940199851989746,transformer,embedding
543,5984,NaN,NaN,NaN,NaN,NaN,NaN,NaN,transformer,embedding
544,5995,NaN,NaN,NaN,NaN,NaN,NaN,NaN,transformer,embedding
545,6006,NaN,NaN,NaN,NaN,NaN,NaN,NaN,transformer,embedding
546,6017,NaN,NaN,NaN,NaN,NaN,NaN,NaN,transformer,embedding
547,6028,1.6806332496344112e-05,100.0,1.0000168085098267,0.001,NaN,NaN,NaN,transformer,embedding
548,6039,NaN,NaN,NaN,NaN,NaN,NaN,NaN,transformer,embedding
549,6050,NaN,NaN,NaN,NaN,NaN,NaN,NaN,transformer,embedding
550,6061,NaN,NaN,NaN,NaN,NaN,NaN,NaN,transformer,embedding
551,6072,NaN,NaN,NaN,NaN,NaN,NaN,NaN,transformer,embedding
552,6083,1.1804325367847923e-05,100.0,1.0000118017196655,0.001,2.5174002647399902,49.83467102050781,12.39632797241211,transformer,embedding
553,6094,NaN,NaN,NaN,NaN,NaN,NaN,NaN,transformer,embedding
554,6105,NaN,NaN,NaN,NaN,NaN,NaN,NaN,transformer,embedding
555,6116,NaN,NaN,NaN,NaN,NaN,NaN,NaN,transformer,embedding
556,6127,NaN,NaN,NaN,NaN,NaN,NaN,NaN,transformer,embedding
557,6138,8.210898158722557e-06,100.0,1.000008225440979,0.001,NaN,NaN,NaN,transformer,embedding
558,6149,NaN,NaN,NaN,NaN,NaN,NaN,NaN,transformer,embedding
559,6160,NaN,NaN,NaN,NaN,NaN,NaN,NaN,transformer,embedding
560,6171,NaN,NaN,NaN,NaN,NaN,NaN,NaN,transformer,embedding
561,6182,NaN,NaN,NaN,NaN,NaN,NaN,NaN,transformer,embedding
562,6193,5.685465112037491e-06,100.0,1.0000057220458984,0.001,NaN,NaN,NaN,transformer,embedding
563,6204,NaN,NaN,NaN,NaN,2.478884220123291,50.99197006225586,11.927947998046875,transformer,embedding
564,6215,NaN,NaN,NaN,NaN,NaN,NaN,NaN,transformer,embedding
565,6226,NaN,NaN,NaN,NaN,NaN,NaN,NaN,transformer,embedding
566,6237,NaN,NaN,NaN,NaN,NaN,NaN,NaN,transformer,embedding
567,6248,3.906113306584302e-06,100.0,1.0000039339065552,0.001,NaN,NaN,NaN,transformer,embedding
568,6259,NaN,NaN,NaN,NaN,NaN,NaN,NaN,transformer,embedding
569,6270,NaN,NaN,NaN,NaN,NaN,NaN,NaN,transformer,embedding
570,6281,NaN,NaN,NaN,NaN,NaN,NaN,NaN,transformer,embedding
571,6292,NaN,NaN,NaN,NaN,NaN,NaN,NaN,transformer,embedding
572,6303,2.6598329441185342e-06,100.0,1.0000026226043701,0.001,NaN,NaN,NaN,transformer,embedding
573,6314,NaN,NaN,NaN,NaN,NaN,NaN,NaN,transformer,embedding
574,6325,NaN,NaN,NaN,NaN,2.4548327922821045,51.487953186035156,11.644486427307129,transformer,embedding
575,6336,NaN,NaN,NaN,NaN,NaN,NaN,NaN,transformer,embedding
576,6347,NaN,NaN,NaN,NaN,NaN,NaN,NaN,transformer,embedding
577,6358,1.790371015886194e-06,100.0,1.0000017881393433,0.001,NaN,NaN,NaN,transformer,embedding
578,6369,NaN,NaN,NaN,NaN,NaN,NaN,NaN,transformer,embedding
579,6380,NaN,NaN,NaN,NaN,NaN,NaN,NaN,transformer,embedding
580,6391,NaN,NaN,NaN,NaN,NaN,NaN,NaN,transformer,embedding
581,6402,NaN,NaN,NaN,NaN,NaN,NaN,NaN,transformer,embedding
582,6413,1.1949139206990367e-06,100.0,1.0000011920928955,0.001,NaN,NaN,NaN,transformer,embedding
583,6424,NaN,NaN,NaN,NaN,NaN,NaN,NaN,transformer,embedding
584,6435,NaN,NaN,NaN,NaN,NaN,NaN,NaN,transformer,embedding
585,6446,NaN,NaN,NaN,NaN,2.451057195663452,51.96031951904297,11.600604057312012,transformer,embedding
586,6457,NaN,NaN,NaN,NaN,NaN,NaN,NaN,transformer,embedding
587,6468,7.90121248428477e-07,100.0,1.0000008344650269,0.001,NaN,NaN,NaN,transformer,embedding
588,6479,NaN,NaN,NaN,NaN,NaN,NaN,NaN,transformer,embedding
589,6490,NaN,NaN,NaN,NaN,NaN,NaN,NaN,transformer,embedding
590,6501,NaN,NaN,NaN,NaN,NaN,NaN,NaN,transformer,embedding
591,6512,NaN,NaN,NaN,NaN,NaN,NaN,NaN,transformer,embedding
592,6523,5.151798632141436e-07,100.0,1.0000004768371582,0.001,NaN,NaN,NaN,transformer,embedding
593,6534,NaN,NaN,NaN,NaN,NaN,NaN,NaN,transformer,embedding
594,6545,NaN,NaN,NaN,NaN,NaN,NaN,NaN,transformer,embedding
595,6556,NaN,NaN,NaN,NaN,NaN,NaN,NaN,transformer,embedding
596,6567,NaN,NaN,NaN,NaN,2.468555450439453,52.290977478027344,11.805380821228027,transformer,embedding
597,6578,3.3281850164712523e-07,100.0,1.0000003576278687,0.001,NaN,NaN,NaN,transformer,embedding
598,6589,NaN,NaN,NaN,NaN,NaN,NaN,NaN,transformer,embedding
599,6600,NaN,NaN,NaN,NaN,NaN,NaN,NaN,transformer,embedding
600,6611,NaN,NaN,NaN,NaN,NaN,NaN,NaN,transformer,embedding
601,6622,NaN,NaN,NaN,NaN,NaN,NaN,NaN,transformer,embedding
602,6633,2.130678780076778e-07,100.0,1.000000238418579,0.001,NaN,NaN,NaN,transformer,embedding
603,6644,NaN,NaN,NaN,NaN,NaN,NaN,NaN,transformer,embedding
604,6655,NaN,NaN,NaN,NaN,NaN,NaN,NaN,transformer,embedding
605,6666,NaN,NaN,NaN,NaN,NaN,NaN,NaN,transformer,embedding
606,6677,NaN,NaN,NaN,NaN,NaN,NaN,NaN,transformer,embedding
607,6688,NaN,NaN,NaN,NaN,2.496528148651123,52.52716064453125,12.140271186828613,transformer,embedding
608,6699,1.2721415032501682e-07,100.0,1.0000001192092896,0.001,NaN,NaN,NaN,transformer,embedding
609,6710,NaN,NaN,NaN,NaN,NaN,NaN,NaN,transformer,embedding
610,6721,NaN,NaN,NaN,NaN,NaN,NaN,NaN,transformer,embedding
611,6732,NaN,NaN,NaN,NaN,NaN,NaN,NaN,transformer,embedding
612,6743,NaN,NaN,NaN,NaN,NaN,NaN,NaN,transformer,embedding
613,6754,NaN,NaN,NaN,NaN,NaN,NaN,NaN,transformer,embedding
614,6765,7.577563820859723e-08,100.0,1.0000001192092896,0.001,NaN,NaN,NaN,transformer,embedding
615,6776,NaN,NaN,NaN,NaN,NaN,NaN,NaN,transformer,embedding
616,6787,NaN,NaN,NaN,NaN,NaN,NaN,NaN,transformer,embedding
617,6798,NaN,NaN,NaN,NaN,NaN,NaN,NaN,transformer,embedding
618,6809,NaN,NaN,NaN,NaN,NaN,NaN,NaN,transformer,embedding
619,6820,NaN,NaN,NaN,NaN,2.534259080886841,52.52716064453125,12.607086181640625,transformer,embedding
620,6831,4.786799578937462e-08,100.0,1.0,0.001,NaN,NaN,NaN,transformer,embedding
621,6842,NaN,NaN,NaN,NaN,NaN,NaN,NaN,transformer,embedding
622,6853,NaN,NaN,NaN,NaN,NaN,NaN,NaN,transformer,embedding
623,6864,NaN,NaN,NaN,NaN,NaN,NaN,NaN,transformer,embedding
624,6875,NaN,NaN,NaN,NaN,NaN,NaN,NaN,transformer,embedding
625,6886,NaN,NaN,NaN,NaN,NaN,NaN,NaN,transformer,embedding
626,6897,3.182369567866772e-08,100.0,1.0,0.001,NaN,NaN,NaN,transformer,embedding
627,6908,NaN,NaN,NaN,NaN,NaN,NaN,NaN,transformer,embedding
628,6919,NaN,NaN,NaN,NaN,NaN,NaN,NaN,transformer,embedding
629,6930,NaN,NaN,NaN,NaN,NaN,NaN,NaN,transformer,embedding
630,6941,NaN,NaN,NaN,NaN,NaN,NaN,NaN,transformer,embedding
631,6952,NaN,NaN,NaN,NaN,2.56003999710083,52.6452522277832,12.936334609985352,transformer,embedding
632,6963,2.4602030634923722e-08,100.0,1.0,0.001,NaN,NaN,NaN,transformer,embedding
633,6974,NaN,NaN,NaN,NaN,NaN,NaN,NaN,transformer,embedding
634,6985,NaN,NaN,NaN,NaN,NaN,NaN,NaN,transformer,embedding
635,6996,NaN,NaN,NaN,NaN,NaN,NaN,NaN,transformer,embedding
636,7007,NaN,NaN,NaN,NaN,NaN,NaN,NaN,transformer,embedding
637,7018,NaN,NaN,NaN,NaN,NaN,NaN,NaN,transformer,embedding
638,7029,2.156133049879827e-08,100.0,1.0,0.001,NaN,NaN,NaN,transformer,embedding
639,7040,NaN,NaN,NaN,NaN,NaN,NaN,NaN,transformer,embedding
640,7051,NaN,NaN,NaN,NaN,NaN,NaN,NaN,transformer,embedding
641,7062,NaN,NaN,NaN,NaN,NaN,NaN,NaN,transformer,embedding
642,7073,NaN,NaN,NaN,NaN,NaN,NaN,NaN,transformer,embedding
643,7084,NaN,NaN,NaN,NaN,2.5579707622528076,52.71610641479492,12.909594535827637,transformer,embedding
644,7095,1.9753034763425603e-08,100.0,1.0,0.001,NaN,NaN,NaN,transformer,embedding
645,7106,NaN,NaN,NaN,NaN,NaN,NaN,NaN,transformer,embedding
646,7117,NaN,NaN,NaN,NaN,NaN,NaN,NaN,transformer,embedding
647,7128,NaN,NaN,NaN,NaN,NaN,NaN,NaN,transformer,embedding
648,7139,NaN,NaN,NaN,NaN,NaN,NaN,NaN,transformer,embedding
649,7150,NaN,NaN,NaN,NaN,NaN,NaN,NaN,transformer,embedding
650,7161,1.8877681640105948e-08,100.0,1.0,0.001,NaN,NaN,NaN,transformer,embedding
651,7172,NaN,NaN,NaN,NaN,NaN,NaN,NaN,transformer,embedding
652,7183,NaN,NaN,NaN,NaN,NaN,NaN,NaN,transformer,embedding
653,7194,NaN,NaN,NaN,NaN,NaN,NaN,NaN,transformer,embedding
654,7205,NaN,NaN,NaN,NaN,NaN,NaN,NaN,transformer,embedding
655,7216,NaN,NaN,NaN,NaN,2.5538978576660156,52.36183166503906,12.857121467590332,transformer,embedding
656,7227,1.9407501383739145e-08,100.0,1.0,0.001,NaN,NaN,NaN,transformer,embedding
657,7238,NaN,NaN,NaN,NaN,NaN,NaN,NaN,transformer,embedding
658,7249,NaN,NaN,NaN,NaN,NaN,NaN,NaN,transformer,embedding
659,7260,NaN,NaN,NaN,NaN,NaN,NaN,NaN,transformer,embedding
660,7271,NaN,NaN,NaN,NaN,NaN,NaN,NaN,transformer,embedding
661,7282,NaN,NaN,NaN,NaN,NaN,NaN,NaN,transformer,embedding
662,7293,1.871643284800939e-08,100.0,1.0,0.001,NaN,NaN,NaN,transformer,embedding
663,7304,NaN,NaN,NaN,NaN,NaN,NaN,NaN,transformer,embedding
664,7315,NaN,NaN,NaN,NaN,NaN,NaN,NaN,transformer,embedding
665,7326,NaN,NaN,NaN,NaN,NaN,NaN,NaN,transformer,embedding
666,7337,NaN,NaN,NaN,NaN,NaN,NaN,NaN,transformer,embedding
667,7348,NaN,NaN,NaN,NaN,NaN,NaN,NaN,transformer,embedding
668,7359,1.9776070558918946e-08,100.0,1.0,0.001,2.533404588699341,52.31459426879883,12.596318244934082,transformer,embedding
669,7370,NaN,NaN,NaN,NaN,NaN,NaN,NaN,transformer,embedding
670,7381,NaN,NaN,NaN,NaN,NaN,NaN,NaN,transformer,embedding
671,7392,NaN,NaN,NaN,NaN,NaN,NaN,NaN,transformer,embedding
672,7403,NaN,NaN,NaN,NaN,NaN,NaN,NaN,transformer,embedding
673,7414,NaN,NaN,NaN,NaN,NaN,NaN,NaN,transformer,embedding
674,7425,1.8831610049119263e-08,100.0,1.0,0.001,NaN,NaN,NaN,transformer,embedding
675,7436,NaN,NaN,NaN,NaN,NaN,NaN,NaN,transformer,embedding
676,7447,NaN,NaN,NaN,NaN,NaN,NaN,NaN,transformer,embedding
677,7458,NaN,NaN,NaN,NaN,NaN,NaN,NaN,transformer,embedding
678,7469,NaN,NaN,NaN,NaN,NaN,NaN,NaN,transformer,embedding
679,7480,NaN,NaN,NaN,NaN,NaN,NaN,NaN,transformer,embedding
680,7491,1.9856695843145644e-08,100.0,1.0,0.001,NaN,NaN,NaN,transformer,embedding
681,7502,NaN,NaN,NaN,NaN,2.514075756072998,52.220123291015625,12.355184555053711,transformer,embedding
682,7513,NaN,NaN,NaN,NaN,NaN,NaN,NaN,transformer,embedding
683,7524,NaN,NaN,NaN,NaN,NaN,NaN,NaN,transformer,embedding
684,7535,NaN,NaN,NaN,NaN,NaN,NaN,NaN,transformer,embedding
685,7546,NaN,NaN,NaN,NaN,NaN,NaN,NaN,transformer,embedding
686,7557,1.925776871303242e-08,100.0,1.0,0.001,NaN,NaN,NaN,transformer,embedding
687,7568,NaN,NaN,NaN,NaN,NaN,NaN,NaN,transformer,embedding
688,7579,NaN,NaN,NaN,NaN,NaN,NaN,NaN,transformer,embedding
689,7590,NaN,NaN,NaN,NaN,NaN,NaN,NaN,transformer,embedding
690,7601,NaN,NaN,NaN,NaN,NaN,NaN,NaN,transformer,embedding
691,7612,NaN,NaN,NaN,NaN,NaN,NaN,NaN,transformer,embedding
692,7623,1.888919953785262e-08,100.0,1.0,0.001,NaN,NaN,NaN,transformer,embedding
693,7634,NaN,NaN,NaN,NaN,NaN,NaN,NaN,transformer,embedding
694,7645,NaN,NaN,NaN,NaN,2.4916234016418457,52.24374008178711,12.080872535705566,transformer,embedding
695,7656,NaN,NaN,NaN,NaN,NaN,NaN,NaN,transformer,embedding
696,7667,NaN,NaN,NaN,NaN,NaN,NaN,NaN,transformer,embedding
697,7678,NaN,NaN,NaN,NaN,NaN,NaN,NaN,transformer,embedding
698,7689,2.0709013170971957e-08,100.0,1.0,0.001,NaN,NaN,NaN,transformer,embedding
699,7700,NaN,NaN,NaN,NaN,NaN,NaN,NaN,transformer,embedding
700,7711,NaN,NaN,NaN,NaN,NaN,NaN,NaN,transformer,embedding
701,7722,NaN,NaN,NaN,NaN,NaN,NaN,NaN,transformer,embedding
702,7733,NaN,NaN,NaN,NaN,NaN,NaN,NaN,transformer,embedding
703,7744,NaN,NaN,NaN,NaN,NaN,NaN,NaN,transformer,embedding
704,7755,2.100847673602857e-08,100.0,1.0,0.001,NaN,NaN,NaN,transformer,embedding
705,7766,NaN,NaN,NaN,NaN,NaN,NaN,NaN,transformer,embedding
706,7777,NaN,NaN,NaN,NaN,NaN,NaN,NaN,transformer,embedding
707,7788,NaN,NaN,NaN,NaN,2.4728376865386963,52.33821487426758,11.856042861938477,transformer,embedding
708,7799,NaN,NaN,NaN,NaN,NaN,NaN,NaN,transformer,embedding
709,7810,NaN,NaN,NaN,NaN,NaN,NaN,NaN,transformer,embedding
710,7821,NaN,NaN,NaN,NaN,NaN,NaN,NaN,transformer,embedding
711,7832,2.1446151521331558e-08,100.0,1.0,0.001,NaN,NaN,NaN,transformer,embedding
712,7843,NaN,NaN,NaN,NaN,NaN,NaN,NaN,transformer,embedding
713,7854,NaN,NaN,NaN,NaN,NaN,NaN,NaN,transformer,embedding
714,7865,NaN,NaN,NaN,NaN,NaN,NaN,NaN,transformer,embedding
715,7876,NaN,NaN,NaN,NaN,NaN,NaN,NaN,transformer,embedding
716,7887,NaN,NaN,NaN,NaN,NaN,NaN,NaN,transformer,embedding
717,7898,NaN,NaN,NaN,NaN,NaN,NaN,NaN,transformer,embedding
718,7909,2.08357082698285e-08,100.0,1.0,0.001,NaN,NaN,NaN,transformer,embedding
719,7920,NaN,NaN,NaN,NaN,NaN,NaN,NaN,transformer,embedding
720,7931,NaN,NaN,NaN,NaN,NaN,NaN,NaN,transformer,embedding
721,7942,NaN,NaN,NaN,NaN,2.4404828548431396,52.267356872558594,11.478581428527832,transformer,embedding
722,7953,NaN,NaN,NaN,NaN,NaN,NaN,NaN,transformer,embedding
723,7964,NaN,NaN,NaN,NaN,NaN,NaN,NaN,transformer,embedding
724,7975,NaN,NaN,NaN,NaN,NaN,NaN,NaN,transformer,embedding
725,7986,2.0858744065321844e-08,100.0,1.0,0.001,NaN,NaN,NaN,transformer,embedding
726,7997,NaN,NaN,NaN,NaN,NaN,NaN,NaN,transformer,embedding
727,8008,NaN,NaN,NaN,NaN,NaN,NaN,NaN,transformer,embedding
728,8019,NaN,NaN,NaN,NaN,NaN,NaN,NaN,transformer,embedding
729,8030,NaN,NaN,NaN,NaN,NaN,NaN,NaN,transformer,embedding
730,8041,NaN,NaN,NaN,NaN,NaN,NaN,NaN,transformer,embedding
731,8052,NaN,NaN,NaN,NaN,NaN,NaN,NaN,transformer,embedding
732,8063,2.277070088041455e-08,100.0,1.0,0.001,NaN,NaN,NaN,transformer,embedding
733,8074,NaN,NaN,NaN,NaN,NaN,NaN,NaN,transformer,embedding
734,8085,NaN,NaN,NaN,NaN,NaN,NaN,NaN,transformer,embedding
735,8096,NaN,NaN,NaN,NaN,2.4270641803741455,52.36183166503906,11.325583457946777,transformer,embedding
736,8107,NaN,NaN,NaN,NaN,NaN,NaN,NaN,transformer,embedding
737,8118,NaN,NaN,NaN,NaN,NaN,NaN,NaN,transformer,embedding
738,8129,NaN,NaN,NaN,NaN,NaN,NaN,NaN,transformer,embedding
739,8140,2.3081680566860996e-08,100.0,1.0,0.001,NaN,NaN,NaN,transformer,embedding
740,8151,NaN,NaN,NaN,NaN,NaN,NaN,NaN,transformer,embedding
741,8162,NaN,NaN,NaN,NaN,NaN,NaN,NaN,transformer,embedding
742,8173,NaN,NaN,NaN,NaN,NaN,NaN,NaN,transformer,embedding
743,8184,NaN,NaN,NaN,NaN,NaN,NaN,NaN,transformer,embedding
744,8195,NaN,NaN,NaN,NaN,NaN,NaN,NaN,transformer,embedding
745,8206,NaN,NaN,NaN,NaN,NaN,NaN,NaN,transformer,embedding
746,8217,0.018256284296512604,98.87922668457031,1.0184239149093628,0.001,NaN,NaN,NaN,transformer,embedding
747,8228,NaN,NaN,NaN,NaN,NaN,NaN,NaN,transformer,embedding
748,8239,NaN,NaN,NaN,NaN,NaN,NaN,NaN,transformer,embedding
749,8250,NaN,NaN,NaN,NaN,2.599724054336548,46.0793571472168,13.460022926330566,transformer,embedding
750,8261,NaN,NaN,NaN,NaN,NaN,NaN,NaN,transformer,embedding
751,8272,NaN,NaN,NaN,NaN,NaN,NaN,NaN,transformer,embedding
752,8283,NaN,NaN,NaN,NaN,NaN,NaN,NaN,transformer,embedding
753,8294,0.003022589022293687,99.82608795166016,1.0030272006988525,0.001,NaN,NaN,NaN,transformer,embedding
754,8305,NaN,NaN,NaN,NaN,NaN,NaN,NaN,transformer,embedding
755,8316,NaN,NaN,NaN,NaN,NaN,NaN,NaN,transformer,embedding
756,8327,NaN,NaN,NaN,NaN,NaN,NaN,NaN,transformer,embedding
757,8338,NaN,NaN,NaN,NaN,NaN,NaN,NaN,transformer,embedding
758,8349,NaN,NaN,NaN,NaN,NaN,NaN,NaN,transformer,embedding
759,8360,NaN,NaN,NaN,NaN,NaN,NaN,NaN,transformer,embedding
760,8371,0.013875751756131649,99.26570129394531,1.013972520828247,0.001,NaN,NaN,NaN,transformer,embedding
761,8382,NaN,NaN,NaN,NaN,NaN,NaN,NaN,transformer,embedding
762,8393,NaN,NaN,NaN,NaN,NaN,NaN,NaN,transformer,embedding
763,8404,NaN,NaN,NaN,NaN,2.4606621265411377,47.3547477722168,11.712564468383789,transformer,embedding
764,8415,NaN,NaN,NaN,NaN,NaN,NaN,NaN,transformer,embedding
765,8426,NaN,NaN,NaN,NaN,NaN,NaN,NaN,transformer,embedding
766,8437,NaN,NaN,NaN,NaN,NaN,NaN,NaN,transformer,embedding
767,8448,0.0018366127042099833,99.96134948730469,1.0018383264541626,0.001,NaN,NaN,NaN,transformer,embedding
768,8459,NaN,NaN,NaN,NaN,NaN,NaN,NaN,transformer,embedding
769,8470,NaN,NaN,NaN,NaN,NaN,NaN,NaN,transformer,embedding
770,8481,NaN,NaN,NaN,NaN,NaN,NaN,NaN,transformer,embedding
771,8492,NaN,NaN,NaN,NaN,NaN,NaN,NaN,transformer,embedding
772,8503,NaN,NaN,NaN,NaN,NaN,NaN,NaN,transformer,embedding
773,8514,NaN,NaN,NaN,NaN,NaN,NaN,NaN,transformer,embedding
774,8525,5.273937858873978e-05,100.0,1.0000526905059814,0.001,NaN,NaN,NaN,transformer,embedding
775,8536,NaN,NaN,NaN,NaN,NaN,NaN,NaN,transformer,embedding
776,8547,NaN,NaN,NaN,NaN,NaN,NaN,NaN,transformer,embedding
777,8558,NaN,NaN,NaN,NaN,NaN,NaN,NaN,transformer,embedding
778,8569,NaN,NaN,NaN,NaN,2.2462172508239746,51.487953186035156,9.451913833618164,transformer,embedding
779,8580,NaN,NaN,NaN,NaN,NaN,NaN,NaN,transformer,embedding
780,8591,NaN,NaN,NaN,NaN,NaN,NaN,NaN,transformer,embedding
781,8602,2.8984797609155066e-05,100.0,1.0000289678573608,0.001,NaN,NaN,NaN,transformer,embedding
782,8613,NaN,NaN,NaN,NaN,NaN,NaN,NaN,transformer,embedding
783,8624,NaN,NaN,NaN,NaN,NaN,NaN,NaN,transformer,embedding
784,8635,NaN,NaN,NaN,NaN,NaN,NaN,NaN,transformer,embedding
785,8646,NaN,NaN,NaN,NaN,NaN,NaN,NaN,transformer,embedding
786,8657,NaN,NaN,NaN,NaN,NaN,NaN,NaN,transformer,embedding
787,8668,NaN,NaN,NaN,NaN,NaN,NaN,NaN,transformer,embedding
788,8679,1.759071346896235e-05,100.0,1.0000176429748535,0.001,NaN,NaN,NaN,transformer,embedding
789,8690,NaN,NaN,NaN,NaN,NaN,NaN,NaN,transformer,embedding
790,8701,NaN,NaN,NaN,NaN,NaN,NaN,NaN,transformer,embedding
791,8712,NaN,NaN,NaN,NaN,NaN,NaN,NaN,transformer,embedding
792,8723,NaN,NaN,NaN,NaN,NaN,NaN,NaN,transformer,embedding
793,8734,NaN,NaN,NaN,NaN,2.1943585872650146,52.36183166503906,8.9742431640625,transformer,embedding
794,8745,NaN,NaN,NaN,NaN,NaN,NaN,NaN,transformer,embedding
795,8756,1.065609831130132e-05,100.0,1.00001060962677,0.001,NaN,NaN,NaN,transformer,embedding
796,8767,NaN,NaN,NaN,NaN,NaN,NaN,NaN,transformer,embedding
797,8778,NaN,NaN,NaN,NaN,NaN,NaN,NaN,transformer,embedding
798,8789,NaN,NaN,NaN,NaN,NaN,NaN,NaN,transformer,embedding
799,8800,NaN,NaN,NaN,NaN,NaN,NaN,NaN,transformer,embedding
800,8811,NaN,NaN,NaN,NaN,NaN,NaN,NaN,transformer,embedding
801,8822,NaN,NaN,NaN,NaN,NaN,NaN,NaN,transformer,embedding
802,8833,6.327709797915304e-06,100.0,1.0000063180923462,0.001,NaN,NaN,NaN,transformer,embedding
803,8844,NaN,NaN,NaN,NaN,NaN,NaN,NaN,transformer,embedding
804,8855,NaN,NaN,NaN,NaN,NaN,NaN,NaN,transformer,embedding
805,8866,NaN,NaN,NaN,NaN,NaN,NaN,NaN,transformer,embedding
806,8877,NaN,NaN,NaN,NaN,NaN,NaN,NaN,transformer,embedding
807,8888,NaN,NaN,NaN,NaN,NaN,NaN,NaN,transformer,embedding
808,8899,NaN,NaN,NaN,NaN,2.1544203758239746,53.16485595703125,8.62289047241211,transformer,embedding
809,8910,NaN,NaN,NaN,NaN,NaN,NaN,NaN,transformer,embedding
810,8921,3.3936460113181965e-06,100.0,1.0000033378601074,0.001,NaN,NaN,NaN,transformer,embedding
811,8932,NaN,NaN,NaN,NaN,NaN,NaN,NaN,transformer,embedding
812,8943,NaN,NaN,NaN,NaN,NaN,NaN,NaN,transformer,embedding
813,8954,NaN,NaN,NaN,NaN,NaN,NaN,NaN,transformer,embedding
814,8965,NaN,NaN,NaN,NaN,NaN,NaN,NaN,transformer,embedding
815,8976,NaN,NaN,NaN,NaN,NaN,NaN,NaN,transformer,embedding
816,8987,NaN,NaN,NaN,NaN,NaN,NaN,NaN,transformer,embedding
817,8998,NaN,NaN,NaN,NaN,NaN,NaN,NaN,transformer,embedding
818,9009,1.7678418089417391e-06,100.0,1.0000017881393433,0.001,NaN,NaN,NaN,transformer,embedding
819,9020,NaN,NaN,NaN,NaN,NaN,NaN,NaN,transformer,embedding
820,9031,NaN,NaN,NaN,NaN,NaN,NaN,NaN,transformer,embedding
821,9042,NaN,NaN,NaN,NaN,NaN,NaN,NaN,transformer,embedding
822,9053,NaN,NaN,NaN,NaN,NaN,NaN,NaN,transformer,embedding
823,9064,NaN,NaN,NaN,NaN,NaN,NaN,NaN,transformer,embedding
824,9075,NaN,NaN,NaN,NaN,2.1334104537963867,53.471893310546875,8.44361400604248,transformer,embedding
825,9086,NaN,NaN,NaN,NaN,NaN,NaN,NaN,transformer,embedding
826,9097,8.993213782559906e-07,100.0,1.0000009536743164,0.001,NaN,NaN,NaN,transformer,embedding
827,9108,NaN,NaN,NaN,NaN,NaN,NaN,NaN,transformer,embedding
828,9119,NaN,NaN,NaN,NaN,NaN,NaN,NaN,transformer,embedding
829,9130,NaN,NaN,NaN,NaN,NaN,NaN,NaN,transformer,embedding
830,9141,NaN,NaN,NaN,NaN,NaN,NaN,NaN,transformer,embedding
831,9152,NaN,NaN,NaN,NaN,NaN,NaN,NaN,transformer,embedding
832,9163,NaN,NaN,NaN,NaN,NaN,NaN,NaN,transformer,embedding
833,9174,NaN,NaN,NaN,NaN,NaN,NaN,NaN,transformer,embedding
834,9185,4.529722161805694e-07,100.0,1.0000004768371582,0.001,NaN,NaN,NaN,transformer,embedding
835,9196,NaN,NaN,NaN,NaN,NaN,NaN,NaN,transformer,embedding
836,9207,NaN,NaN,NaN,NaN,NaN,NaN,NaN,transformer,embedding
837,9218,NaN,NaN,NaN,NaN,NaN,NaN,NaN,transformer,embedding
838,9229,NaN,NaN,NaN,NaN,NaN,NaN,NaN,transformer,embedding
839,9240,NaN,NaN,NaN,NaN,NaN,NaN,NaN,transformer,embedding
840,9251,NaN,NaN,NaN,NaN,2.1421971321105957,53.61360168457031,8.518132209777832,transformer,embedding
841,9262,NaN,NaN,NaN,NaN,NaN,NaN,NaN,transformer,embedding
842,9273,2.2282345923940738e-07,100.0,1.000000238418579,0.001,NaN,NaN,NaN,transformer,embedding
843,9284,NaN,NaN,NaN,NaN,NaN,NaN,NaN,transformer,embedding
844,9295,NaN,NaN,NaN,NaN,NaN,NaN,NaN,transformer,embedding
845,9306,NaN,NaN,NaN,NaN,NaN,NaN,NaN,transformer,embedding
846,9317,NaN,NaN,NaN,NaN,NaN,NaN,NaN,transformer,embedding
847,9328,NaN,NaN,NaN,NaN,NaN,NaN,NaN,transformer,embedding
848,9339,NaN,NaN,NaN,NaN,NaN,NaN,NaN,transformer,embedding
849,9350,NaN,NaN,NaN,NaN,NaN,NaN,NaN,transformer,embedding
850,9361,1.0949977280461098e-07,100.0,1.0000001192092896,0.001,NaN,NaN,NaN,transformer,embedding
851,9372,NaN,NaN,NaN,NaN,NaN,NaN,NaN,transformer,embedding
852,9383,NaN,NaN,NaN,NaN,NaN,NaN,NaN,transformer,embedding
853,9394,NaN,NaN,NaN,NaN,NaN,NaN,NaN,transformer,embedding
854,9405,NaN,NaN,NaN,NaN,NaN,NaN,NaN,transformer,embedding
855,9416,NaN,NaN,NaN,NaN,NaN,NaN,NaN,transformer,embedding
856,9427,NaN,NaN,NaN,NaN,2.1740081310272217,53.70807647705078,8.793458938598633,transformer,embedding
857,9438,NaN,NaN,NaN,NaN,NaN,NaN,NaN,transformer,embedding
858,9449,5.7289561539164424e-08,100.0,1.0,0.001,NaN,NaN,NaN,transformer,embedding
859,9460,NaN,NaN,NaN,NaN,NaN,NaN,NaN,transformer,embedding
860,9471,NaN,NaN,NaN,NaN,NaN,NaN,NaN,transformer,embedding
861,9482,NaN,NaN,NaN,NaN,NaN,NaN,NaN,transformer,embedding
862,9493,NaN,NaN,NaN,NaN,NaN,NaN,NaN,transformer,embedding
863,9504,NaN,NaN,NaN,NaN,NaN,NaN,NaN,transformer,embedding
864,9515,NaN,NaN,NaN,NaN,NaN,NaN,NaN,transformer,embedding
865,9526,NaN,NaN,NaN,NaN,NaN,NaN,NaN,transformer,embedding
866,9537,3.5993139135825913e-08,100.0,1.0,0.001,NaN,NaN,NaN,transformer,embedding
867,9548,NaN,NaN,NaN,NaN,NaN,NaN,NaN,transformer,embedding
868,9559,NaN,NaN,NaN,NaN,NaN,NaN,NaN,transformer,embedding
869,9570,NaN,NaN,NaN,NaN,NaN,NaN,NaN,transformer,embedding
870,9581,NaN,NaN,NaN,NaN,NaN,NaN,NaN,transformer,embedding
871,9592,NaN,NaN,NaN,NaN,NaN,NaN,NaN,transformer,embedding
872,9603,NaN,NaN,NaN,NaN,NaN,NaN,NaN,transformer,embedding
873,9614,NaN,NaN,NaN,NaN,2.1866822242736816,53.566368103027344,8.905616760253906,transformer,embedding
874,9625,2.87945116639321e-08,100.0,1.0,0.001,NaN,NaN,NaN,transformer,embedding
875,9636,NaN,NaN,NaN,NaN,NaN,NaN,NaN,transformer,embedding
876,9647,NaN,NaN,NaN,NaN,NaN,NaN,NaN,transformer,embedding
877,9658,NaN,NaN,NaN,NaN,NaN,NaN,NaN,transformer,embedding
878,9669,NaN,NaN,NaN,NaN,NaN,NaN,NaN,transformer,embedding
879,9680,NaN,NaN,NaN,NaN,NaN,NaN,NaN,transformer,embedding
880,9691,NaN,NaN,NaN,NaN,NaN,NaN,NaN,transformer,embedding
881,9702,NaN,NaN,NaN,NaN,NaN,NaN,NaN,transformer,embedding
882,9713,2.5385242352626847e-08,100.0,1.0,0.001,NaN,NaN,NaN,transformer,embedding
883,9724,NaN,NaN,NaN,NaN,NaN,NaN,NaN,transformer,embedding
884,9735,NaN,NaN,NaN,NaN,NaN,NaN,NaN,transformer,embedding
885,9746,NaN,NaN,NaN,NaN,NaN,NaN,NaN,transformer,embedding
886,9757,NaN,NaN,NaN,NaN,NaN,NaN,NaN,transformer,embedding
887,9768,NaN,NaN,NaN,NaN,NaN,NaN,NaN,transformer,embedding
888,9779,NaN,NaN,NaN,NaN,NaN,NaN,NaN,transformer,embedding
889,9790,NaN,NaN,NaN,NaN,NaN,NaN,NaN,transformer,embedding
890,9801,2.4337122539463962e-08,100.0,1.0,0.001,2.185723066329956,53.49551010131836,8.897079467773438,transformer,embedding
891,9812,NaN,NaN,NaN,NaN,NaN,NaN,NaN,transformer,embedding
892,9823,NaN,NaN,NaN,NaN,NaN,NaN,NaN,transformer,embedding
893,9834,NaN,NaN,NaN,NaN,NaN,NaN,NaN,transformer,embedding
894,9845,NaN,NaN,NaN,NaN,NaN,NaN,NaN,transformer,embedding
895,9856,NaN,NaN,NaN,NaN,NaN,NaN,NaN,transformer,embedding
896,9867,NaN,NaN,NaN,NaN,NaN,NaN,NaN,transformer,embedding
897,9878,NaN,NaN,NaN,NaN,NaN,NaN,NaN,transformer,embedding
898,9889,0.020072074607014656,99.09178924560547,1.0202748775482178,0.001,NaN,NaN,NaN,transformer,embedding
899,9900,NaN,NaN,NaN,NaN,NaN,NaN,NaN,transformer,embedding
900,9911,NaN,NaN,NaN,NaN,NaN,NaN,NaN,transformer,embedding
901,9922,NaN,NaN,NaN,NaN,NaN,NaN,NaN,transformer,embedding
902,9933,NaN,NaN,NaN,NaN,NaN,NaN,NaN,transformer,embedding
903,9944,NaN,NaN,NaN,NaN,NaN,NaN,NaN,transformer,embedding
904,9955,NaN,NaN,NaN,NaN,NaN,NaN,NaN,transformer,embedding
905,9966,NaN,NaN,NaN,NaN,NaN,NaN,NaN,transformer,embedding
906,9977,8.078451355686411e-05,100.0,1.0000808238983154,0.001,NaN,NaN,NaN,transformer,embedding
907,9988,NaN,NaN,NaN,NaN,2.151581048965454,52.125648498535156,8.598442077636719,transformer,embedding
908,9999,NaN,NaN,NaN,NaN,NaN,NaN,NaN,transformer,embedding
909,10010,NaN,NaN,NaN,NaN,NaN,NaN,NaN,transformer,embedding
910,10021,NaN,NaN,NaN,NaN,NaN,NaN,NaN,transformer,embedding
911,10032,NaN,NaN,NaN,NaN,NaN,NaN,NaN,transformer,embedding
912,10043,NaN,NaN,NaN,NaN,NaN,NaN,NaN,transformer,embedding
913,10054,NaN,NaN,NaN,NaN,NaN,NaN,NaN,transformer,embedding
914,10065,NaN,NaN,NaN,NaN,NaN,NaN,NaN,transformer,embedding
915,10076,2.763235170277767e-05,100.0,1.0000276565551758,0.001,NaN,NaN,NaN,transformer,embedding
916,10087,NaN,NaN,NaN,NaN,NaN,NaN,NaN,transformer,embedding
917,10098,NaN,NaN,NaN,NaN,NaN,NaN,NaN,transformer,embedding
918,10109,NaN,NaN,NaN,NaN,NaN,NaN,NaN,transformer,embedding
919,10120,NaN,NaN,NaN,NaN,NaN,NaN,NaN,transformer,embedding
920,10131,NaN,NaN,NaN,NaN,NaN,NaN,NaN,transformer,embedding
921,10142,NaN,NaN,NaN,NaN,NaN,NaN,NaN,transformer,embedding
922,10153,NaN,NaN,NaN,NaN,NaN,NaN,NaN,transformer,embedding
923,10164,NaN,NaN,NaN,NaN,NaN,NaN,NaN,transformer,embedding
924,10175,1.449163301003864e-05,100.0,1.0000145435333252,0.001,NaN,NaN,NaN,transformer,embedding
925,10186,NaN,NaN,NaN,NaN,2.078965187072754,53.542747497558594,7.996190071105957,transformer,embedding
926,10197,NaN,NaN,NaN,NaN,NaN,NaN,NaN,transformer,embedding
927,10208,NaN,NaN,NaN,NaN,NaN,NaN,NaN,transformer,embedding
928,10219,NaN,NaN,NaN,NaN,NaN,NaN,NaN,transformer,embedding
929,10230,NaN,NaN,NaN,NaN,NaN,NaN,NaN,transformer,embedding
930,10241,NaN,NaN,NaN,NaN,NaN,NaN,NaN,transformer,embedding
931,10252,NaN,NaN,NaN,NaN,NaN,NaN,NaN,transformer,embedding
932,10263,NaN,NaN,NaN,NaN,NaN,NaN,NaN,transformer,embedding
933,10274,7.630952495674137e-06,100.0,1.0000076293945312,0.001,NaN,NaN,NaN,transformer,embedding
934,10285,NaN,NaN,NaN,NaN,NaN,NaN,NaN,transformer,embedding
935,10296,NaN,NaN,NaN,NaN,NaN,NaN,NaN,transformer,embedding
936,10307,NaN,NaN,NaN,NaN,NaN,NaN,NaN,transformer,embedding
937,10318,NaN,NaN,NaN,NaN,NaN,NaN,NaN,transformer,embedding
938,10329,NaN,NaN,NaN,NaN,NaN,NaN,NaN,transformer,embedding
939,10340,NaN,NaN,NaN,NaN,NaN,NaN,NaN,transformer,embedding
940,10351,NaN,NaN,NaN,NaN,NaN,NaN,NaN,transformer,embedding
941,10362,NaN,NaN,NaN,NaN,NaN,NaN,NaN,transformer,embedding
942,10373,3.9151368582679424e-06,100.0,1.0000039339065552,0.001,NaN,NaN,NaN,transformer,embedding
943,10384,NaN,NaN,NaN,NaN,2.021250009536743,53.99149703979492,7.547753810882568,transformer,embedding
944,10395,NaN,NaN,NaN,NaN,NaN,NaN,NaN,transformer,embedding
945,10406,NaN,NaN,NaN,NaN,NaN,NaN,NaN,transformer,embedding
946,10417,NaN,NaN,NaN,NaN,NaN,NaN,NaN,transformer,embedding
947,10428,NaN,NaN,NaN,NaN,NaN,NaN,NaN,transformer,embedding
948,10439,NaN,NaN,NaN,NaN,NaN,NaN,NaN,transformer,embedding
949,10450,NaN,NaN,NaN,NaN,NaN,NaN,NaN,transformer,embedding
950,10461,NaN,NaN,NaN,NaN,NaN,NaN,NaN,transformer,embedding
951,10472,1.96523183149111e-06,100.0,1.0000019073486328,0.001,NaN,NaN,NaN,transformer,embedding
952,10483,NaN,NaN,NaN,NaN,NaN,NaN,NaN,transformer,embedding
953,10494,NaN,NaN,NaN,NaN,NaN,NaN,NaN,transformer,embedding
954,10505,NaN,NaN,NaN,NaN,NaN,NaN,NaN,transformer,embedding
955,10516,NaN,NaN,NaN,NaN,NaN,NaN,NaN,transformer,embedding
956,10527,NaN,NaN,NaN,NaN,NaN,NaN,NaN,transformer,embedding
957,10538,NaN,NaN,NaN,NaN,NaN,NaN,NaN,transformer,embedding
958,10549,NaN,NaN,NaN,NaN,NaN,NaN,NaN,transformer,embedding
959,10560,NaN,NaN,NaN,NaN,NaN,NaN,NaN,transformer,embedding
960,10571,9.63774823503627e-07,100.0,1.0000009536743164,0.001,NaN,NaN,NaN,transformer,embedding
961,10582,NaN,NaN,NaN,NaN,1.9838297367095947,54.393009185791016,7.270534038543701,transformer,embedding
962,10593,NaN,NaN,NaN,NaN,NaN,NaN,NaN,transformer,embedding
963,10604,NaN,NaN,NaN,NaN,NaN,NaN,NaN,transformer,embedding
964,10615,NaN,NaN,NaN,NaN,NaN,NaN,NaN,transformer,embedding
965,10626,NaN,NaN,NaN,NaN,NaN,NaN,NaN,transformer,embedding
966,10637,NaN,NaN,NaN,NaN,NaN,NaN,NaN,transformer,embedding
967,10648,NaN,NaN,NaN,NaN,NaN,NaN,NaN,transformer,embedding
968,10659,NaN,NaN,NaN,NaN,NaN,NaN,NaN,transformer,embedding
969,10670,4.6103465933811094e-07,100.0,1.0000004768371582,0.001,NaN,NaN,NaN,transformer,embedding
970,10681,NaN,NaN,NaN,NaN,NaN,NaN,NaN,transformer,embedding
971,10692,NaN,NaN,NaN,NaN,NaN,NaN,NaN,transformer,embedding
972,10703,NaN,NaN,NaN,NaN,NaN,NaN,NaN,transformer,embedding
973,10714,NaN,NaN,NaN,NaN,NaN,NaN,NaN,transformer,embedding
974,10725,NaN,NaN,NaN,NaN,NaN,NaN,NaN,transformer,embedding
975,10736,NaN,NaN,NaN,NaN,NaN,NaN,NaN,transformer,embedding
976,10747,NaN,NaN,NaN,NaN,NaN,NaN,NaN,transformer,embedding
977,10758,NaN,NaN,NaN,NaN,NaN,NaN,NaN,transformer,embedding
978,10769,2.1492223822860979e-07,100.0,1.000000238418579,0.001,NaN,NaN,NaN,transformer,embedding
979,10780,NaN,NaN,NaN,NaN,NaN,NaN,NaN,transformer,embedding
980,10791,NaN,NaN,NaN,NaN,1.9764559268951416,54.62919235229492,7.2171196937561035,transformer,embedding
981,10802,NaN,NaN,NaN,NaN,NaN,NaN,NaN,transformer,embedding
982,10813,NaN,NaN,NaN,NaN,NaN,NaN,NaN,transformer,embedding
983,10824,NaN,NaN,NaN,NaN,NaN,NaN,NaN,transformer,embedding
984,10835,NaN,NaN,NaN,NaN,NaN,NaN,NaN,transformer,embedding
985,10846,NaN,NaN,NaN,NaN,NaN,NaN,NaN,transformer,embedding
986,10857,NaN,NaN,NaN,NaN,NaN,NaN,NaN,transformer,embedding
987,10868,1.0190953503297351e-07,100.0,1.0000001192092896,0.001,NaN,NaN,NaN,transformer,embedding
988,10879,NaN,NaN,NaN,NaN,NaN,NaN,NaN,transformer,embedding
989,10890,NaN,NaN,NaN,NaN,NaN,NaN,NaN,transformer,embedding
990,10901,NaN,NaN,NaN,NaN,NaN,NaN,NaN,transformer,embedding
991,10912,NaN,NaN,NaN,NaN,NaN,NaN,NaN,transformer,embedding
992,10923,NaN,NaN,NaN,NaN,NaN,NaN,NaN,transformer,embedding
993,10934,NaN,NaN,NaN,NaN,NaN,NaN,NaN,transformer,embedding
994,10945,NaN,NaN,NaN,NaN,NaN,NaN,NaN,transformer,embedding
995,10956,NaN,NaN,NaN,NaN,NaN,NaN,NaN,transformer,embedding
996,10967,5.2164139674459875e-08,100.0,1.0,0.001,NaN,NaN,NaN,transformer,embedding
997,10978,NaN,NaN,NaN,NaN,NaN,NaN,NaN,transformer,embedding
998,10989,NaN,NaN,NaN,NaN,NaN,NaN,NaN,transformer,embedding
999,11000,NaN,NaN,NaN,NaN,1.9907734394073486,54.723663330078125,7.321194171905518,transformer,embedding
1000,11011,NaN,NaN,NaN,NaN,NaN,NaN,NaN,transformer,embedding
1001,11022,NaN,NaN,NaN,NaN,NaN,NaN,NaN,transformer,embedding
1002,11033,NaN,NaN,NaN,NaN,NaN,NaN,NaN,transformer,embedding
1003,11044,NaN,NaN,NaN,NaN,NaN,NaN,NaN,transformer,embedding
1004,11055,NaN,NaN,NaN,NaN,NaN,NaN,NaN,transformer,embedding
1005,11066,3.5382697660679696e-08,100.0,1.0,0.001,NaN,NaN,NaN,transformer,embedding
1006,11077,NaN,NaN,NaN,NaN,NaN,NaN,NaN,transformer,embedding
1007,11088,NaN,NaN,NaN,NaN,NaN,NaN,NaN,transformer,embedding
1008,11099,NaN,NaN,NaN,NaN,NaN,NaN,NaN,transformer,embedding
1009,11110,NaN,NaN,NaN,NaN,NaN,NaN,NaN,transformer,embedding
1010,11121,NaN,NaN,NaN,NaN,NaN,NaN,NaN,transformer,embedding
1011,11132,NaN,NaN,NaN,NaN,NaN,NaN,NaN,transformer,embedding
1012,11143,NaN,NaN,NaN,NaN,NaN,NaN,NaN,transformer,embedding
1013,11154,NaN,NaN,NaN,NaN,NaN,NaN,NaN,transformer,embedding
1014,11165,NaN,NaN,NaN,NaN,NaN,NaN,NaN,transformer,embedding
1015,11176,2.925522402108527e-08,100.0,1.0,0.001,NaN,NaN,NaN,transformer,embedding
1016,11187,NaN,NaN,NaN,NaN,NaN,NaN,NaN,transformer,embedding
1017,11198,NaN,NaN,NaN,NaN,NaN,NaN,NaN,transformer,embedding
1018,11209,NaN,NaN,NaN,NaN,2.0032691955566406,54.53471755981445,7.413251876831055,transformer,embedding
1019,11220,NaN,NaN,NaN,NaN,NaN,NaN,NaN,transformer,embedding
1020,11231,NaN,NaN,NaN,NaN,NaN,NaN,NaN,transformer,embedding
1021,11242,NaN,NaN,NaN,NaN,NaN,NaN,NaN,transformer,embedding
1022,11253,NaN,NaN,NaN,NaN,NaN,NaN,NaN,transformer,embedding
1023,11264,NaN,NaN,NaN,NaN,NaN,NaN,NaN,transformer,embedding
1024,11275,NaN,NaN,NaN,NaN,NaN,NaN,NaN,transformer,embedding
1025,11286,2.5834436812033346e-08,100.0,1.0,0.001,NaN,NaN,NaN,transformer,embedding
1026,11297,NaN,NaN,NaN,NaN,NaN,NaN,NaN,transformer,embedding
1027,11308,NaN,NaN,NaN,NaN,NaN,NaN,NaN,transformer,embedding
1028,11319,NaN,NaN,NaN,NaN,NaN,NaN,NaN,transformer,embedding
1029,11330,NaN,NaN,NaN,NaN,NaN,NaN,NaN,transformer,embedding
1030,11341,NaN,NaN,NaN,NaN,NaN,NaN,NaN,transformer,embedding
1031,11352,NaN,NaN,NaN,NaN,NaN,NaN,NaN,transformer,embedding
1032,11363,NaN,NaN,NaN,NaN,NaN,NaN,NaN,transformer,embedding
1033,11374,NaN,NaN,NaN,NaN,NaN,NaN,NaN,transformer,embedding
1034,11385,NaN,NaN,NaN,NaN,NaN,NaN,NaN,transformer,embedding
1035,11396,2.5304617068400148e-08,100.0,1.0,0.001,NaN,NaN,NaN,transformer,embedding
1036,11407,NaN,NaN,NaN,NaN,NaN,NaN,NaN,transformer,embedding
1037,11418,NaN,NaN,NaN,NaN,NaN,NaN,NaN,transformer,embedding
1038,11429,NaN,NaN,NaN,NaN,1.9851940870285034,54.109588623046875,7.280460357666016,transformer,embedding
1039,11440,NaN,NaN,NaN,NaN,NaN,NaN,NaN,transformer,embedding
1040,11451,NaN,NaN,NaN,NaN,NaN,NaN,NaN,transformer,embedding
1041,11462,NaN,NaN,NaN,NaN,NaN,NaN,NaN,transformer,embedding
1042,11473,NaN,NaN,NaN,NaN,NaN,NaN,NaN,transformer,embedding
1043,11484,NaN,NaN,NaN,NaN,NaN,NaN,NaN,transformer,embedding
1044,11495,NaN,NaN,NaN,NaN,NaN,NaN,NaN,transformer,embedding
1045,11506,2.5799883118793332e-08,100.0,1.0,0.001,NaN,NaN,NaN,transformer,embedding
1046,11517,NaN,NaN,NaN,NaN,NaN,NaN,NaN,transformer,embedding
1047,11528,NaN,NaN,NaN,NaN,NaN,NaN,NaN,transformer,embedding
1048,11539,NaN,NaN,NaN,NaN,NaN,NaN,NaN,transformer,embedding
1049,11550,NaN,NaN,NaN,NaN,NaN,NaN,NaN,transformer,embedding
1050,11561,NaN,NaN,NaN,NaN,NaN,NaN,NaN,transformer,embedding
1051,11572,NaN,NaN,NaN,NaN,NaN,NaN,NaN,transformer,embedding
1052,11583,NaN,NaN,NaN,NaN,NaN,NaN,NaN,transformer,embedding
1053,11594,NaN,NaN,NaN,NaN,NaN,NaN,NaN,transformer,embedding
1054,11605,NaN,NaN,NaN,NaN,NaN,NaN,NaN,transformer,embedding
1055,11616,2.4820870692110475e-08,100.0,1.0,0.001,NaN,NaN,NaN,transformer,embedding
1056,11627,NaN,NaN,NaN,NaN,NaN,NaN,NaN,transformer,embedding
1057,11638,NaN,NaN,NaN,NaN,NaN,NaN,NaN,transformer,embedding
1058,11649,NaN,NaN,NaN,NaN,1.9687741994857788,53.89702224731445,7.161891937255859,transformer,embedding
1059,11660,NaN,NaN,NaN,NaN,NaN,NaN,NaN,transformer,embedding
1060,11671,NaN,NaN,NaN,NaN,NaN,NaN,NaN,transformer,embedding
1061,11682,NaN,NaN,NaN,NaN,NaN,NaN,NaN,transformer,embedding
1062,11693,NaN,NaN,NaN,NaN,NaN,NaN,NaN,transformer,embedding
1063,11704,NaN,NaN,NaN,NaN,NaN,NaN,NaN,transformer,embedding
1064,11715,NaN,NaN,NaN,NaN,NaN,NaN,NaN,transformer,embedding
1065,11726,0.026993615552783012,98.35749053955078,1.027361273765564,0.001,NaN,NaN,NaN,transformer,embedding
1066,11737,NaN,NaN,NaN,NaN,NaN,NaN,NaN,transformer,embedding
1067,11748,NaN,NaN,NaN,NaN,NaN,NaN,NaN,transformer,embedding
1068,11759,NaN,NaN,NaN,NaN,NaN,NaN,NaN,transformer,embedding
1069,11770,NaN,NaN,NaN,NaN,NaN,NaN,NaN,transformer,embedding
1070,11781,NaN,NaN,NaN,NaN,NaN,NaN,NaN,transformer,embedding
1071,11792,NaN,NaN,NaN,NaN,NaN,NaN,NaN,transformer,embedding
1072,11803,NaN,NaN,NaN,NaN,NaN,NaN,NaN,transformer,embedding
1073,11814,NaN,NaN,NaN,NaN,NaN,NaN,NaN,transformer,embedding
1074,11825,NaN,NaN,NaN,NaN,NaN,NaN,NaN,transformer,embedding
1075,11836,5.43848545930814e-05,100.0,1.0000543594360352,0.001,NaN,NaN,NaN,transformer,embedding
1076,11847,NaN,NaN,NaN,NaN,NaN,NaN,NaN,transformer,embedding
1077,11858,NaN,NaN,NaN,NaN,NaN,NaN,NaN,transformer,embedding
1078,11869,NaN,NaN,NaN,NaN,NaN,NaN,NaN,transformer,embedding
1079,11880,NaN,NaN,NaN,NaN,2.024174928665161,53.188472747802734,7.5698628425598145,transformer,embedding
1080,11891,NaN,NaN,NaN,NaN,NaN,NaN,NaN,transformer,embedding
1081,11902,NaN,NaN,NaN,NaN,NaN,NaN,NaN,transformer,embedding
1082,11913,NaN,NaN,NaN,NaN,NaN,NaN,NaN,transformer,embedding
1083,11924,NaN,NaN,NaN,NaN,NaN,NaN,NaN,transformer,embedding
1084,11935,NaN,NaN,NaN,NaN,NaN,NaN,NaN,transformer,embedding
1085,11946,2.042980122496374e-05,100.0,1.0000203847885132,0.001,NaN,NaN,NaN,transformer,embedding
1086,11957,NaN,NaN,NaN,NaN,NaN,NaN,NaN,transformer,embedding
1087,11968,NaN,NaN,NaN,NaN,NaN,NaN,NaN,transformer,embedding
1088,11979,NaN,NaN,NaN,NaN,NaN,NaN,NaN,transformer,embedding
1089,11990,NaN,NaN,NaN,NaN,NaN,NaN,NaN,transformer,embedding
1090,12001,NaN,NaN,NaN,NaN,NaN,NaN,NaN,transformer,embedding
1091,12012,NaN,NaN,NaN,NaN,NaN,NaN,NaN,transformer,embedding
1092,12023,NaN,NaN,NaN,NaN,NaN,NaN,NaN,transformer,embedding
1093,12034,NaN,NaN,NaN,NaN,NaN,NaN,NaN,transformer,embedding
1094,12045,NaN,NaN,NaN,NaN,NaN,NaN,NaN,transformer,embedding
1095,12056,9.72001362242736e-06,100.0,1.0000097751617432,0.001,NaN,NaN,NaN,transformer,embedding
1096,12067,NaN,NaN,NaN,NaN,NaN,NaN,NaN,transformer,embedding
1097,12078,NaN,NaN,NaN,NaN,NaN,NaN,NaN,transformer,embedding
1098,12089,NaN,NaN,NaN,NaN,NaN,NaN,NaN,transformer,embedding
1099,12100,NaN,NaN,NaN,NaN,NaN,NaN,NaN,transformer,embedding
1100,12111,NaN,NaN,NaN,NaN,1.9615256786346436,54.27491760253906,7.110166549682617,transformer,embedding
1101,12122,NaN,NaN,NaN,NaN,NaN,NaN,NaN,transformer,embedding
1102,12133,NaN,NaN,NaN,NaN,NaN,NaN,NaN,transformer,embedding
1103,12144,NaN,NaN,NaN,NaN,NaN,NaN,NaN,transformer,embedding
1104,12155,NaN,NaN,NaN,NaN,NaN,NaN,NaN,transformer,embedding
1105,12166,4.500204340729397e-06,100.0,1.000004529953003,0.001,NaN,NaN,NaN,transformer,embedding
1106,12177,NaN,NaN,NaN,NaN,NaN,NaN,NaN,transformer,embedding
1107,12188,NaN,NaN,NaN,NaN,NaN,NaN,NaN,transformer,embedding
1108,12199,NaN,NaN,NaN,NaN,NaN,NaN,NaN,transformer,embedding
1109,12210,NaN,NaN,NaN,NaN,NaN,NaN,NaN,transformer,embedding
1110,12221,NaN,NaN,NaN,NaN,NaN,NaN,NaN,transformer,embedding
1111,12232,NaN,NaN,NaN,NaN,NaN,NaN,NaN,transformer,embedding
1112,12243,NaN,NaN,NaN,NaN,NaN,NaN,NaN,transformer,embedding
1113,12254,NaN,NaN,NaN,NaN,NaN,NaN,NaN,transformer,embedding
1114,12265,NaN,NaN,NaN,NaN,NaN,NaN,NaN,transformer,embedding
1115,12276,NaN,NaN,NaN,NaN,NaN,NaN,NaN,transformer,embedding
1116,12287,1.888661472548847e-06,100.0,1.0000019073486328,0.001,NaN,NaN,NaN,transformer,embedding
1117,12298,NaN,NaN,NaN,NaN,NaN,NaN,NaN,transformer,embedding
1118,12309,NaN,NaN,NaN,NaN,NaN,NaN,NaN,transformer,embedding
1119,12320,NaN,NaN,NaN,NaN,NaN,NaN,NaN,transformer,embedding
1120,12331,NaN,NaN,NaN,NaN,NaN,NaN,NaN,transformer,embedding
1121,12342,NaN,NaN,NaN,NaN,1.9023240804672241,54.91261291503906,6.701451301574707,transformer,embedding
1122,12353,NaN,NaN,NaN,NaN,NaN,NaN,NaN,transformer,embedding
1123,12364,NaN,NaN,NaN,NaN,NaN,NaN,NaN,transformer,embedding
1124,12375,NaN,NaN,NaN,NaN,NaN,NaN,NaN,transformer,embedding
1125,12386,NaN,NaN,NaN,NaN,NaN,NaN,NaN,transformer,embedding
1126,12397,NaN,NaN,NaN,NaN,NaN,NaN,NaN,transformer,embedding
1127,12408,7.747793802082015e-07,100.0,1.0000007152557373,0.001,NaN,NaN,NaN,transformer,embedding
1128,12419,NaN,NaN,NaN,NaN,NaN,NaN,NaN,transformer,embedding
1129,12430,NaN,NaN,NaN,NaN,NaN,NaN,NaN,transformer,embedding
1130,12441,NaN,NaN,NaN,NaN,NaN,NaN,NaN,transformer,embedding
1131,12452,NaN,NaN,NaN,NaN,NaN,NaN,NaN,transformer,embedding
1132,12463,NaN,NaN,NaN,NaN,NaN,NaN,NaN,transformer,embedding
1133,12474,NaN,NaN,NaN,NaN,NaN,NaN,NaN,transformer,embedding
1134,12485,NaN,NaN,NaN,NaN,NaN,NaN,NaN,transformer,embedding
1135,12496,NaN,NaN,NaN,NaN,NaN,NaN,NaN,transformer,embedding
1136,12507,NaN,NaN,NaN,NaN,NaN,NaN,NaN,transformer,embedding
1137,12518,NaN,NaN,NaN,NaN,NaN,NaN,NaN,transformer,embedding
1138,12529,3.091033136115584e-07,100.0,1.0000003576278687,0.001,NaN,NaN,NaN,transformer,embedding
1139,12540,NaN,NaN,NaN,NaN,NaN,NaN,NaN,transformer,embedding
1140,12551,NaN,NaN,NaN,NaN,NaN,NaN,NaN,transformer,embedding
1141,12562,NaN,NaN,NaN,NaN,NaN,NaN,NaN,transformer,embedding
1142,12573,NaN,NaN,NaN,NaN,NaN,NaN,NaN,transformer,embedding
1143,12584,NaN,NaN,NaN,NaN,1.8704875707626343,55.0543212890625,6.491460800170898,transformer,embedding
1144,12595,NaN,NaN,NaN,NaN,NaN,NaN,NaN,transformer,embedding
1145,12606,NaN,NaN,NaN,NaN,NaN,NaN,NaN,transformer,embedding
1146,12617,NaN,NaN,NaN,NaN,NaN,NaN,NaN,transformer,embedding
1147,12628,NaN,NaN,NaN,NaN,NaN,NaN,NaN,transformer,embedding
1148,12639,NaN,NaN,NaN,NaN,NaN,NaN,NaN,transformer,embedding
1149,12650,1.2292953499581927e-07,100.0,1.0000001192092896,0.001,NaN,NaN,NaN,transformer,embedding
1150,12661,NaN,NaN,NaN,NaN,NaN,NaN,NaN,transformer,embedding
1151,12672,NaN,NaN,NaN,NaN,NaN,NaN,NaN,transformer,embedding
1152,12683,NaN,NaN,NaN,NaN,NaN,NaN,NaN,transformer,embedding
1153,12694,NaN,NaN,NaN,NaN,NaN,NaN,NaN,transformer,embedding
1154,12705,NaN,NaN,NaN,NaN,NaN,NaN,NaN,transformer,embedding
1155,12716,NaN,NaN,NaN,NaN,NaN,NaN,NaN,transformer,embedding
1156,12727,NaN,NaN,NaN,NaN,NaN,NaN,NaN,transformer,embedding
1157,12738,NaN,NaN,NaN,NaN,NaN,NaN,NaN,transformer,embedding
1158,12749,NaN,NaN,NaN,NaN,NaN,NaN,NaN,transformer,embedding
1159,12760,NaN,NaN,NaN,NaN,NaN,NaN,NaN,transformer,embedding
1160,12771,6.046847289553625e-08,100.0,1.0000001192092896,0.001,NaN,NaN,NaN,transformer,embedding
1161,12782,NaN,NaN,NaN,NaN,NaN,NaN,NaN,transformer,embedding
1162,12793,NaN,NaN,NaN,NaN,NaN,NaN,NaN,transformer,embedding
1163,12804,NaN,NaN,NaN,NaN,NaN,NaN,NaN,transformer,embedding
1164,12815,NaN,NaN,NaN,NaN,NaN,NaN,NaN,transformer,embedding
1165,12826,NaN,NaN,NaN,NaN,1.8559293746948242,55.12517547607422,6.397641181945801,transformer,embedding
1166,12837,NaN,NaN,NaN,NaN,NaN,NaN,NaN,transformer,embedding
1167,12848,NaN,NaN,NaN,NaN,NaN,NaN,NaN,transformer,embedding
1168,12859,NaN,NaN,NaN,NaN,NaN,NaN,NaN,transformer,embedding
1169,12870,NaN,NaN,NaN,NaN,NaN,NaN,NaN,transformer,embedding
1170,12881,NaN,NaN,NaN,NaN,NaN,NaN,NaN,transformer,embedding
1171,12892,3.9690355890797946e-08,100.0,1.0,0.001,NaN,NaN,NaN,transformer,embedding
1172,12903,NaN,NaN,NaN,NaN,NaN,NaN,NaN,transformer,embedding
1173,12914,NaN,NaN,NaN,NaN,NaN,NaN,NaN,transformer,embedding
1174,12925,NaN,NaN,NaN,NaN,NaN,NaN,NaN,transformer,embedding
1175,12936,NaN,NaN,NaN,NaN,NaN,NaN,NaN,transformer,embedding
1176,12947,NaN,NaN,NaN,NaN,NaN,NaN,NaN,transformer,embedding
1177,12958,NaN,NaN,NaN,NaN,NaN,NaN,NaN,transformer,embedding
1178,12969,NaN,NaN,NaN,NaN,NaN,NaN,NaN,transformer,embedding
1179,12980,NaN,NaN,NaN,NaN,NaN,NaN,NaN,transformer,embedding
1180,12991,NaN,NaN,NaN,NaN,NaN,NaN,NaN,transformer,embedding
1181,13002,NaN,NaN,NaN,NaN,NaN,NaN,NaN,transformer,embedding
1182,13013,3.250324454029396e-08,100.0,1.0,0.001,NaN,NaN,NaN,transformer,embedding
1183,13024,NaN,NaN,NaN,NaN,NaN,NaN,NaN,transformer,embedding
1184,13035,NaN,NaN,NaN,NaN,NaN,NaN,NaN,transformer,embedding
1185,13046,NaN,NaN,NaN,NaN,NaN,NaN,NaN,transformer,embedding
1186,13057,NaN,NaN,NaN,NaN,NaN,NaN,NaN,transformer,embedding
1187,13068,NaN,NaN,NaN,NaN,NaN,NaN,NaN,transformer,embedding
1188,13079,NaN,NaN,NaN,NaN,1.835541844367981,54.95984649658203,6.268529891967773,transformer,embedding
1189,13090,NaN,NaN,NaN,NaN,NaN,NaN,NaN,transformer,embedding
1190,13101,NaN,NaN,NaN,NaN,NaN,NaN,NaN,transformer,embedding
1191,13112,NaN,NaN,NaN,NaN,NaN,NaN,NaN,transformer,embedding
1192,13123,NaN,NaN,NaN,NaN,NaN,NaN,NaN,transformer,embedding
1193,13134,0.02736561931669712,98.6473388671875,1.0277434587478638,0.001,NaN,NaN,NaN,transformer,embedding
1194,13145,NaN,NaN,NaN,NaN,NaN,NaN,NaN,transformer,embedding
1195,13156,NaN,NaN,NaN,NaN,NaN,NaN,NaN,transformer,embedding
1196,13167,NaN,NaN,NaN,NaN,NaN,NaN,NaN,transformer,embedding
1197,13178,NaN,NaN,NaN,NaN,NaN,NaN,NaN,transformer,embedding
1198,13189,NaN,NaN,NaN,NaN,NaN,NaN,NaN,transformer,embedding
1199,13200,NaN,NaN,NaN,NaN,NaN,NaN,NaN,transformer,embedding
1200,13211,NaN,NaN,NaN,NaN,NaN,NaN,NaN,transformer,embedding
1201,13222,NaN,NaN,NaN,NaN,NaN,NaN,NaN,transformer,embedding
1202,13233,NaN,NaN,NaN,NaN,NaN,NaN,NaN,transformer,embedding
1203,13244,NaN,NaN,NaN,NaN,NaN,NaN,NaN,transformer,embedding
1204,13255,0.00014815700706094503,100.0,1.0001481771469116,0.001,NaN,NaN,NaN,transformer,embedding
1205,13266,NaN,NaN,NaN,NaN,NaN,NaN,NaN,transformer,embedding
1206,13277,NaN,NaN,NaN,NaN,NaN,NaN,NaN,transformer,embedding
1207,13288,NaN,NaN,NaN,NaN,NaN,NaN,NaN,transformer,embedding
1208,13299,NaN,NaN,NaN,NaN,NaN,NaN,NaN,transformer,embedding
1209,13310,NaN,NaN,NaN,NaN,NaN,NaN,NaN,transformer,embedding
1210,13321,NaN,NaN,NaN,NaN,NaN,NaN,NaN,transformer,embedding
1211,13332,NaN,NaN,NaN,NaN,1.7754205465316772,54.4166259765625,5.9027628898620605,transformer,embedding
1212,13343,NaN,NaN,NaN,NaN,NaN,NaN,NaN,transformer,embedding
1213,13354,NaN,NaN,NaN,NaN,NaN,NaN,NaN,transformer,embedding
1214,13365,NaN,NaN,NaN,NaN,NaN,NaN,NaN,transformer,embedding
1215,13376,NaN,NaN,NaN,NaN,NaN,NaN,NaN,transformer,embedding
1216,13387,1.8434922822052613e-05,100.0,1.0000184774398804,0.001,NaN,NaN,NaN,transformer,embedding
1217,13398,NaN,NaN,NaN,NaN,NaN,NaN,NaN,transformer,embedding
1218,13409,NaN,NaN,NaN,NaN,NaN,NaN,NaN,transformer,embedding
1219,13420,NaN,NaN,NaN,NaN,NaN,NaN,NaN,transformer,embedding
1220,13431,NaN,NaN,NaN,NaN,NaN,NaN,NaN,transformer,embedding
1221,13442,NaN,NaN,NaN,NaN,NaN,NaN,NaN,transformer,embedding
1222,13453,NaN,NaN,NaN,NaN,NaN,NaN,NaN,transformer,embedding
1223,13464,NaN,NaN,NaN,NaN,NaN,NaN,NaN,transformer,embedding
1224,13475,NaN,NaN,NaN,NaN,NaN,NaN,NaN,transformer,embedding
1225,13486,NaN,NaN,NaN,NaN,NaN,NaN,NaN,transformer,embedding
1226,13497,NaN,NaN,NaN,NaN,NaN,NaN,NaN,transformer,embedding
1227,13508,NaN,NaN,NaN,NaN,NaN,NaN,NaN,transformer,embedding
1228,13519,7.922735676402226e-06,100.0,1.0000078678131104,0.001,NaN,NaN,NaN,transformer,embedding
1229,13530,NaN,NaN,NaN,NaN,NaN,NaN,NaN,transformer,embedding
1230,13541,NaN,NaN,NaN,NaN,NaN,NaN,NaN,transformer,embedding
1231,13552,NaN,NaN,NaN,NaN,NaN,NaN,NaN,transformer,embedding
1232,13563,NaN,NaN,NaN,NaN,NaN,NaN,NaN,transformer,embedding
1233,13574,NaN,NaN,NaN,NaN,NaN,NaN,NaN,transformer,embedding
1234,13585,NaN,NaN,NaN,NaN,NaN,NaN,NaN,transformer,embedding
1235,13596,NaN,NaN,NaN,NaN,1.7023872137069702,55.33774185180664,5.487030506134033,transformer,embedding
1236,13607,NaN,NaN,NaN,NaN,NaN,NaN,NaN,transformer,embedding
1237,13618,NaN,NaN,NaN,NaN,NaN,NaN,NaN,transformer,embedding
1238,13629,NaN,NaN,NaN,NaN,NaN,NaN,NaN,transformer,embedding
1239,13640,NaN,NaN,NaN,NaN,NaN,NaN,NaN,transformer,embedding
1240,13651,3.2660602755640866e-06,100.0,1.0000032186508179,0.001,NaN,NaN,NaN,transformer,embedding
1241,13662,NaN,NaN,NaN,NaN,NaN,NaN,NaN,transformer,embedding
1242,13673,NaN,NaN,NaN,NaN,NaN,NaN,NaN,transformer,embedding
1243,13684,NaN,NaN,NaN,NaN,NaN,NaN,NaN,transformer,embedding
1244,13695,NaN,NaN,NaN,NaN,NaN,NaN,NaN,transformer,embedding
1245,13706,NaN,NaN,NaN,NaN,NaN,NaN,NaN,transformer,embedding
1246,13717,NaN,NaN,NaN,NaN,NaN,NaN,NaN,transformer,embedding
1247,13728,NaN,NaN,NaN,NaN,NaN,NaN,NaN,transformer,embedding
1248,13739,NaN,NaN,NaN,NaN,NaN,NaN,NaN,transformer,embedding
1249,13750,NaN,NaN,NaN,NaN,NaN,NaN,NaN,transformer,embedding
1250,13761,NaN,NaN,NaN,NaN,NaN,NaN,NaN,transformer,embedding
1251,13772,NaN,NaN,NaN,NaN,NaN,NaN,NaN,transformer,embedding
1252,13783,1.267336983801215e-06,100.0,1.000001311302185,0.001,NaN,NaN,NaN,transformer,embedding
1253,13794,NaN,NaN,NaN,NaN,NaN,NaN,NaN,transformer,embedding
1254,13805,NaN,NaN,NaN,NaN,NaN,NaN,NaN,transformer,embedding
1255,13816,NaN,NaN,NaN,NaN,NaN,NaN,NaN,transformer,embedding
1256,13827,NaN,NaN,NaN,NaN,NaN,NaN,NaN,transformer,embedding
1257,13838,NaN,NaN,NaN,NaN,NaN,NaN,NaN,transformer,embedding
1258,13849,NaN,NaN,NaN,NaN,NaN,NaN,NaN,transformer,embedding
1259,13860,NaN,NaN,NaN,NaN,1.6364942789077759,56.02267074584961,5.1371283531188965,transformer,embedding
1260,13871,NaN,NaN,NaN,NaN,NaN,NaN,NaN,transformer,embedding
1261,13882,NaN,NaN,NaN,NaN,NaN,NaN,NaN,transformer,embedding
1262,13893,NaN,NaN,NaN,NaN,NaN,NaN,NaN,transformer,embedding
1263,13904,NaN,NaN,NaN,NaN,NaN,NaN,NaN,transformer,embedding
1264,13915,4.711702956683439e-07,100.0,1.0000004768371582,0.001,NaN,NaN,NaN,transformer,embedding
1265,13926,NaN,NaN,NaN,NaN,NaN,NaN,NaN,transformer,embedding
1266,13937,NaN,NaN,NaN,NaN,NaN,NaN,NaN,transformer,embedding
1267,13948,NaN,NaN,NaN,NaN,NaN,NaN,NaN,transformer,embedding
1268,13959,NaN,NaN,NaN,NaN,NaN,NaN,NaN,transformer,embedding
1269,13970,NaN,NaN,NaN,NaN,NaN,NaN,NaN,transformer,embedding
1270,13981,NaN,NaN,NaN,NaN,NaN,NaN,NaN,transformer,embedding
1271,13992,NaN,NaN,NaN,NaN,NaN,NaN,NaN,transformer,embedding
1272,14003,NaN,NaN,NaN,NaN,NaN,NaN,NaN,transformer,embedding
1273,14014,NaN,NaN,NaN,NaN,NaN,NaN,NaN,transformer,embedding
1274,14025,NaN,NaN,NaN,NaN,NaN,NaN,NaN,transformer,embedding
1275,14036,NaN,NaN,NaN,NaN,NaN,NaN,NaN,transformer,embedding
1276,14047,1.7156922638150718e-07,100.0,1.0000001192092896,0.001,NaN,NaN,NaN,transformer,embedding
1277,14058,NaN,NaN,NaN,NaN,NaN,NaN,NaN,transformer,embedding
1278,14069,NaN,NaN,NaN,NaN,NaN,NaN,NaN,transformer,embedding
1279,14080,NaN,NaN,NaN,NaN,NaN,NaN,NaN,transformer,embedding
1280,14091,NaN,NaN,NaN,NaN,NaN,NaN,NaN,transformer,embedding
1281,14102,NaN,NaN,NaN,NaN,NaN,NaN,NaN,transformer,embedding
1282,14113,NaN,NaN,NaN,NaN,NaN,NaN,NaN,transformer,embedding
1283,14124,NaN,NaN,NaN,NaN,NaN,NaN,NaN,transformer,embedding
1284,14135,NaN,NaN,NaN,NaN,1.6238954067230225,56.093528747558594,5.072812557220459,transformer,embedding
1285,14146,NaN,NaN,NaN,NaN,NaN,NaN,NaN,transformer,embedding
1286,14157,NaN,NaN,NaN,NaN,NaN,NaN,NaN,transformer,embedding
1287,14168,NaN,NaN,NaN,NaN,NaN,NaN,NaN,transformer,embedding
1288,14179,7.250457656482467e-08,100.0,1.0000001192092896,0.001,NaN,NaN,NaN,transformer,embedding
1289,14190,NaN,NaN,NaN,NaN,NaN,NaN,NaN,transformer,embedding
1290,14201,NaN,NaN,NaN,NaN,NaN,NaN,NaN,transformer,embedding
1291,14212,NaN,NaN,NaN,NaN,NaN,NaN,NaN,transformer,embedding
1292,14223,NaN,NaN,NaN,NaN,NaN,NaN,NaN,transformer,embedding
1293,14234,NaN,NaN,NaN,NaN,NaN,NaN,NaN,transformer,embedding
1294,14245,NaN,NaN,NaN,NaN,NaN,NaN,NaN,transformer,embedding
1295,14256,NaN,NaN,NaN,NaN,NaN,NaN,NaN,transformer,embedding
1296,14267,NaN,NaN,NaN,NaN,NaN,NaN,NaN,transformer,embedding
1297,14278,NaN,NaN,NaN,NaN,NaN,NaN,NaN,transformer,embedding
1298,14289,NaN,NaN,NaN,NaN,NaN,NaN,NaN,transformer,embedding
1299,14300,NaN,NaN,NaN,NaN,NaN,NaN,NaN,transformer,embedding
1300,14311,4.687746724130193e-08,100.0,1.0,0.001,NaN,NaN,NaN,transformer,embedding
1301,14322,NaN,NaN,NaN,NaN,NaN,NaN,NaN,transformer,embedding
1302,14333,NaN,NaN,NaN,NaN,NaN,NaN,NaN,transformer,embedding
1303,14344,NaN,NaN,NaN,NaN,NaN,NaN,NaN,transformer,embedding
1304,14355,NaN,NaN,NaN,NaN,NaN,NaN,NaN,transformer,embedding
1305,14366,NaN,NaN,NaN,NaN,NaN,NaN,NaN,transformer,embedding
1306,14377,NaN,NaN,NaN,NaN,NaN,NaN,NaN,transformer,embedding
1307,14388,NaN,NaN,NaN,NaN,NaN,NaN,NaN,transformer,embedding
1308,14399,NaN,NaN,NaN,NaN,NaN,NaN,NaN,transformer,embedding
1309,14410,NaN,NaN,NaN,NaN,1.6219547986984253,56.14076232910156,5.0629777908325195,transformer,embedding
1310,14421,NaN,NaN,NaN,NaN,NaN,NaN,NaN,transformer,embedding
1311,14432,NaN,NaN,NaN,NaN,NaN,NaN,NaN,transformer,embedding
1312,14443,NaN,NaN,NaN,NaN,NaN,NaN,NaN,transformer,embedding
1313,14454,3.6661173652419166e-08,100.0,1.0,0.001,NaN,NaN,NaN,transformer,embedding
1314,14465,NaN,NaN,NaN,NaN,NaN,NaN,NaN,transformer,embedding
1315,14476,NaN,NaN,NaN,NaN,NaN,NaN,NaN,transformer,embedding
1316,14487,NaN,NaN,NaN,NaN,NaN,NaN,NaN,transformer,embedding
1317,14498,NaN,NaN,NaN,NaN,NaN,NaN,NaN,transformer,embedding
1318,14509,NaN,NaN,NaN,NaN,NaN,NaN,NaN,transformer,embedding
1319,14520,NaN,NaN,NaN,NaN,NaN,NaN,NaN,transformer,embedding
1320,14531,NaN,NaN,NaN,NaN,NaN,NaN,NaN,transformer,embedding
1321,14542,NaN,NaN,NaN,NaN,NaN,NaN,NaN,transformer,embedding
1322,14553,NaN,NaN,NaN,NaN,NaN,NaN,NaN,transformer,embedding
1323,14564,NaN,NaN,NaN,NaN,NaN,NaN,NaN,transformer,embedding
1324,14575,NaN,NaN,NaN,NaN,NaN,NaN,NaN,transformer,embedding
1325,14586,NaN,NaN,NaN,NaN,NaN,NaN,NaN,transformer,embedding
1326,14597,3.670724524340585e-08,100.0,1.0,0.001,NaN,NaN,NaN,transformer,embedding
1327,14608,NaN,NaN,NaN,NaN,NaN,NaN,NaN,transformer,embedding
1328,14619,NaN,NaN,NaN,NaN,NaN,NaN,NaN,transformer,embedding
1329,14630,NaN,NaN,NaN,NaN,NaN,NaN,NaN,transformer,embedding
1330,14641,NaN,NaN,NaN,NaN,NaN,NaN,NaN,transformer,embedding
1331,14652,NaN,NaN,NaN,NaN,NaN,NaN,NaN,transformer,embedding
1332,14663,NaN,NaN,NaN,NaN,NaN,NaN,NaN,transformer,embedding
1333,14674,NaN,NaN,NaN,NaN,NaN,NaN,NaN,transformer,embedding
1334,14685,NaN,NaN,NaN,NaN,NaN,NaN,NaN,transformer,embedding
1335,14696,NaN,NaN,NaN,NaN,1.8518139123916626,53.731693267822266,6.371366024017334,transformer,embedding
1336,14707,NaN,NaN,NaN,NaN,NaN,NaN,NaN,transformer,embedding
1337,14718,NaN,NaN,NaN,NaN,NaN,NaN,NaN,transformer,embedding
1338,14729,NaN,NaN,NaN,NaN,NaN,NaN,NaN,transformer,embedding
1339,14740,0.0029907426796853542,99.86473846435547,1.002995252609253,0.001,NaN,NaN,NaN,transformer,embedding
1340,14751,NaN,NaN,NaN,NaN,NaN,NaN,NaN,transformer,embedding
1341,14762,NaN,NaN,NaN,NaN,NaN,NaN,NaN,transformer,embedding
1342,14773,NaN,NaN,NaN,NaN,NaN,NaN,NaN,transformer,embedding
1343,14784,NaN,NaN,NaN,NaN,NaN,NaN,NaN,transformer,embedding
1344,14795,NaN,NaN,NaN,NaN,NaN,NaN,NaN,transformer,embedding
1345,14806,NaN,NaN,NaN,NaN,NaN,NaN,NaN,transformer,embedding
1346,14817,NaN,NaN,NaN,NaN,NaN,NaN,NaN,transformer,embedding
1347,14828,NaN,NaN,NaN,NaN,NaN,NaN,NaN,transformer,embedding
1348,14839,NaN,NaN,NaN,NaN,NaN,NaN,NaN,transformer,embedding
1349,14850,NaN,NaN,NaN,NaN,NaN,NaN,NaN,transformer,embedding
1350,14861,NaN,NaN,NaN,NaN,NaN,NaN,NaN,transformer,embedding
1351,14872,NaN,NaN,NaN,NaN,NaN,NaN,NaN,transformer,embedding
1352,14883,0.007700489833950996,99.6908187866211,1.00773024559021,0.001,NaN,NaN,NaN,transformer,embedding
1353,14894,NaN,NaN,NaN,NaN,NaN,NaN,NaN,transformer,embedding
1354,14905,NaN,NaN,NaN,NaN,NaN,NaN,NaN,transformer,embedding
1355,14916,NaN,NaN,NaN,NaN,NaN,NaN,NaN,transformer,embedding
1356,14927,NaN,NaN,NaN,NaN,NaN,NaN,NaN,transformer,embedding
1357,14938,NaN,NaN,NaN,NaN,NaN,NaN,NaN,transformer,embedding
1358,14949,NaN,NaN,NaN,NaN,NaN,NaN,NaN,transformer,embedding
1359,14960,NaN,NaN,NaN,NaN,NaN,NaN,NaN,transformer,embedding
1360,14971,NaN,NaN,NaN,NaN,NaN,NaN,NaN,transformer,embedding
1361,14982,NaN,NaN,NaN,NaN,1.5664479732513428,54.463863372802734,4.789605140686035,transformer,embedding
1362,14993,NaN,NaN,NaN,NaN,NaN,NaN,NaN,transformer,embedding
1363,15004,NaN,NaN,NaN,NaN,NaN,NaN,NaN,transformer,embedding
1364,15015,NaN,NaN,NaN,NaN,NaN,NaN,NaN,transformer,embedding
1365,15026,0.009855182841420174,99.47826385498047,1.009903907775879,0.001,NaN,NaN,NaN,transformer,embedding
1366,15037,NaN,NaN,NaN,NaN,NaN,NaN,NaN,transformer,embedding
1367,15048,NaN,NaN,NaN,NaN,NaN,NaN,NaN,transformer,embedding
1368,15059,NaN,NaN,NaN,NaN,NaN,NaN,NaN,transformer,embedding
1369,15070,NaN,NaN,NaN,NaN,NaN,NaN,NaN,transformer,embedding
1370,15081,NaN,NaN,NaN,NaN,NaN,NaN,NaN,transformer,embedding
1371,15092,NaN,NaN,NaN,NaN,NaN,NaN,NaN,transformer,embedding
1372,15103,NaN,NaN,NaN,NaN,NaN,NaN,NaN,transformer,embedding
1373,15114,NaN,NaN,NaN,NaN,NaN,NaN,NaN,transformer,embedding
1374,15125,NaN,NaN,NaN,NaN,NaN,NaN,NaN,transformer,embedding
1375,15136,NaN,NaN,NaN,NaN,NaN,NaN,NaN,transformer,embedding
1376,15147,NaN,NaN,NaN,NaN,NaN,NaN,NaN,transformer,embedding
1377,15158,NaN,NaN,NaN,NaN,NaN,NaN,NaN,transformer,embedding
1378,15169,5.131111174705438e-05,100.0,1.0000512599945068,0.001,NaN,NaN,NaN,transformer,embedding
1379,15180,NaN,NaN,NaN,NaN,NaN,NaN,NaN,transformer,embedding
1380,15191,NaN,NaN,NaN,NaN,NaN,NaN,NaN,transformer,embedding
1381,15202,NaN,NaN,NaN,NaN,NaN,NaN,NaN,transformer,embedding
1382,15213,NaN,NaN,NaN,NaN,NaN,NaN,NaN,transformer,embedding
1383,15224,NaN,NaN,NaN,NaN,NaN,NaN,NaN,transformer,embedding
1384,15235,NaN,NaN,NaN,NaN,NaN,NaN,NaN,transformer,embedding
1385,15246,NaN,NaN,NaN,NaN,NaN,NaN,NaN,transformer,embedding
1386,15257,NaN,NaN,NaN,NaN,NaN,NaN,NaN,transformer,embedding
1387,15268,NaN,NaN,NaN,NaN,NaN,NaN,NaN,transformer,embedding
1388,15279,NaN,NaN,NaN,NaN,1.1140586137771606,63.037315368652344,3.046698808670044,transformer,embedding
1389,15290,NaN,NaN,NaN,NaN,NaN,NaN,NaN,transformer,embedding
1390,15301,NaN,NaN,NaN,NaN,NaN,NaN,NaN,transformer,embedding
1391,15312,1.5273357348633e-05,100.0,1.0000152587890625,0.001,NaN,NaN,NaN,transformer,embedding
1392,15323,NaN,NaN,NaN,NaN,NaN,NaN,NaN,transformer,embedding
1393,15334,NaN,NaN,NaN,NaN,NaN,NaN,NaN,transformer,embedding
1394,15345,NaN,NaN,NaN,NaN,NaN,NaN,NaN,transformer,embedding
1395,15356,NaN,NaN,NaN,NaN,NaN,NaN,NaN,transformer,embedding
1396,15367,NaN,NaN,NaN,NaN,NaN,NaN,NaN,transformer,embedding
1397,15378,NaN,NaN,NaN,NaN,NaN,NaN,NaN,transformer,embedding
1398,15389,NaN,NaN,NaN,NaN,NaN,NaN,NaN,transformer,embedding
1399,15400,NaN,NaN,NaN,NaN,NaN,NaN,NaN,transformer,embedding
1400,15411,NaN,NaN,NaN,NaN,NaN,NaN,NaN,transformer,embedding
1401,15422,NaN,NaN,NaN,NaN,NaN,NaN,NaN,transformer,embedding
1402,15433,NaN,NaN,NaN,NaN,NaN,NaN,NaN,transformer,embedding
1403,15444,NaN,NaN,NaN,NaN,NaN,NaN,NaN,transformer,embedding
1404,15455,6.246811608434655e-06,100.0,1.0000061988830566,0.001,NaN,NaN,NaN,transformer,embedding
1405,15466,NaN,NaN,NaN,NaN,NaN,NaN,NaN,transformer,embedding
1406,15477,NaN,NaN,NaN,NaN,NaN,NaN,NaN,transformer,embedding
1407,15488,NaN,NaN,NaN,NaN,NaN,NaN,NaN,transformer,embedding
1408,15499,NaN,NaN,NaN,NaN,NaN,NaN,NaN,transformer,embedding
1409,15510,NaN,NaN,NaN,NaN,NaN,NaN,NaN,transformer,embedding
1410,15521,NaN,NaN,NaN,NaN,NaN,NaN,NaN,transformer,embedding
1411,15532,NaN,NaN,NaN,NaN,NaN,NaN,NaN,transformer,embedding
1412,15543,NaN,NaN,NaN,NaN,NaN,NaN,NaN,transformer,embedding
1413,15554,NaN,NaN,NaN,NaN,NaN,NaN,NaN,transformer,embedding
1414,15565,NaN,NaN,NaN,NaN,NaN,NaN,NaN,transformer,embedding
1415,15576,NaN,NaN,NaN,NaN,1.028659701347351,63.675010681152344,2.797314167022705,transformer,embedding
1416,15587,NaN,NaN,NaN,NaN,NaN,NaN,NaN,transformer,embedding
1417,15598,NaN,NaN,NaN,NaN,NaN,NaN,NaN,transformer,embedding
1418,15609,2.135717068085796e-06,100.0,1.000002145767212,0.001,NaN,NaN,NaN,transformer,embedding
1419,15620,NaN,NaN,NaN,NaN,NaN,NaN,NaN,transformer,embedding
1420,15631,NaN,NaN,NaN,NaN,NaN,NaN,NaN,transformer,embedding
1421,15642,NaN,NaN,NaN,NaN,NaN,NaN,NaN,transformer,embedding
1422,15653,NaN,NaN,NaN,NaN,NaN,NaN,NaN,transformer,embedding
1423,15664,NaN,NaN,NaN,NaN,NaN,NaN,NaN,transformer,embedding
1424,15675,NaN,NaN,NaN,NaN,NaN,NaN,NaN,transformer,embedding
1425,15686,NaN,NaN,NaN,NaN,NaN,NaN,NaN,transformer,embedding
1426,15697,NaN,NaN,NaN,NaN,NaN,NaN,NaN,transformer,embedding
1427,15708,NaN,NaN,NaN,NaN,NaN,NaN,NaN,transformer,embedding
1428,15719,NaN,NaN,NaN,NaN,NaN,NaN,NaN,transformer,embedding
1429,15730,NaN,NaN,NaN,NaN,NaN,NaN,NaN,transformer,embedding
1430,15741,NaN,NaN,NaN,NaN,NaN,NaN,NaN,transformer,embedding
1431,15752,NaN,NaN,NaN,NaN,NaN,NaN,NaN,transformer,embedding
1432,15763,6.509516197183984e-07,100.0,1.0000005960464478,0.001,NaN,NaN,NaN,transformer,embedding
1433,15774,NaN,NaN,NaN,NaN,NaN,NaN,NaN,transformer,embedding
1434,15785,NaN,NaN,NaN,NaN,NaN,NaN,NaN,transformer,embedding
1435,15796,NaN,NaN,NaN,NaN,NaN,NaN,NaN,transformer,embedding
1436,15807,NaN,NaN,NaN,NaN,NaN,NaN,NaN,transformer,embedding
1437,15818,NaN,NaN,NaN,NaN,NaN,NaN,NaN,transformer,embedding
1438,15829,NaN,NaN,NaN,NaN,NaN,NaN,NaN,transformer,embedding
1439,15840,NaN,NaN,NaN,NaN,NaN,NaN,NaN,transformer,embedding
1440,15851,NaN,NaN,NaN,NaN,NaN,NaN,NaN,transformer,embedding
1441,15862,NaN,NaN,NaN,NaN,NaN,NaN,NaN,transformer,embedding
1442,15873,NaN,NaN,NaN,NaN,NaN,NaN,NaN,transformer,embedding
1443,15884,NaN,NaN,NaN,NaN,0.9831936359405518,65.06848907470703,2.6729791164398193,transformer,embedding
1444,15895,NaN,NaN,NaN,NaN,NaN,NaN,NaN,transformer,embedding
1445,15906,NaN,NaN,NaN,NaN,NaN,NaN,NaN,transformer,embedding
1446,15917,1.8442308657995454e-07,100.0,1.000000238418579,0.001,NaN,NaN,NaN,transformer,embedding
1447,15928,NaN,NaN,NaN,NaN,NaN,NaN,NaN,transformer,embedding
1448,15939,NaN,NaN,NaN,NaN,NaN,NaN,NaN,transformer,embedding
1449,15950,NaN,NaN,NaN,NaN,NaN,NaN,NaN,transformer,embedding
1450,15961,NaN,NaN,NaN,NaN,NaN,NaN,NaN,transformer,embedding
1451,15972,NaN,NaN,NaN,NaN,NaN,NaN,NaN,transformer,embedding
1452,15983,NaN,NaN,NaN,NaN,NaN,NaN,NaN,transformer,embedding
1453,15994,NaN,NaN,NaN,NaN,NaN,NaN,NaN,transformer,embedding
1454,16005,NaN,NaN,NaN,NaN,NaN,NaN,NaN,transformer,embedding
1455,16016,NaN,NaN,NaN,NaN,NaN,NaN,NaN,transformer,embedding
1456,16027,NaN,NaN,NaN,NaN,NaN,NaN,NaN,transformer,embedding
1457,16038,NaN,NaN,NaN,NaN,NaN,NaN,NaN,transformer,embedding
1458,16049,NaN,NaN,NaN,NaN,NaN,NaN,NaN,transformer,embedding
1459,16060,NaN,NaN,NaN,NaN,NaN,NaN,NaN,transformer,embedding
1460,16071,6.823147202794644e-08,100.0,1.0000001192092896,0.001,NaN,NaN,NaN,transformer,embedding
1461,16082,NaN,NaN,NaN,NaN,NaN,NaN,NaN,transformer,embedding
1462,16093,NaN,NaN,NaN,NaN,NaN,NaN,NaN,transformer,embedding
1463,16104,NaN,NaN,NaN,NaN,NaN,NaN,NaN,transformer,embedding
1464,16115,NaN,NaN,NaN,NaN,NaN,NaN,NaN,transformer,embedding
1465,16126,NaN,NaN,NaN,NaN,NaN,NaN,NaN,transformer,embedding
1466,16137,NaN,NaN,NaN,NaN,NaN,NaN,NaN,transformer,embedding
1467,16148,NaN,NaN,NaN,NaN,NaN,NaN,NaN,transformer,embedding
1468,16159,NaN,NaN,NaN,NaN,NaN,NaN,NaN,transformer,embedding
1469,16170,NaN,NaN,NaN,NaN,NaN,NaN,NaN,transformer,embedding
1470,16181,NaN,NaN,NaN,NaN,NaN,NaN,NaN,transformer,embedding
1471,16192,NaN,NaN,NaN,NaN,1.0123786926269531,63.7931022644043,2.7521398067474365,transformer,embedding
1472,16203,NaN,NaN,NaN,NaN,NaN,NaN,NaN,transformer,embedding
1473,16214,NaN,NaN,NaN,NaN,NaN,NaN,NaN,transformer,embedding
1474,16225,4.351426596826968e-08,100.0,1.0,0.001,NaN,NaN,NaN,transformer,embedding
1475,16236,NaN,NaN,NaN,NaN,NaN,NaN,NaN,transformer,embedding
1476,16247,NaN,NaN,NaN,NaN,NaN,NaN,NaN,transformer,embedding
1477,16258,NaN,NaN,NaN,NaN,NaN,NaN,NaN,transformer,embedding
1478,16269,NaN,NaN,NaN,NaN,NaN,NaN,NaN,transformer,embedding
1479,16280,NaN,NaN,NaN,NaN,NaN,NaN,NaN,transformer,embedding
1480,16291,NaN,NaN,NaN,NaN,NaN,NaN,NaN,transformer,embedding
1481,16302,NaN,NaN,NaN,NaN,NaN,NaN,NaN,transformer,embedding
1482,16313,NaN,NaN,NaN,NaN,NaN,NaN,NaN,transformer,embedding
1483,16324,NaN,NaN,NaN,NaN,NaN,NaN,NaN,transformer,embedding
1484,16335,NaN,NaN,NaN,NaN,NaN,NaN,NaN,transformer,embedding
1485,16346,NaN,NaN,NaN,NaN,NaN,NaN,NaN,transformer,embedding
1486,16357,NaN,NaN,NaN,NaN,NaN,NaN,NaN,transformer,embedding
1487,16368,NaN,NaN,NaN,NaN,NaN,NaN,NaN,transformer,embedding
1488,16379,3.7571080468978835e-08,100.0,1.0,0.001,NaN,NaN,NaN,transformer,embedding
1489,16390,NaN,NaN,NaN,NaN,NaN,NaN,NaN,transformer,embedding
1490,16401,NaN,NaN,NaN,NaN,NaN,NaN,NaN,transformer,embedding
1491,16412,NaN,NaN,NaN,NaN,NaN,NaN,NaN,transformer,embedding
1492,16423,NaN,NaN,NaN,NaN,NaN,NaN,NaN,transformer,embedding
1493,16434,NaN,NaN,NaN,NaN,NaN,NaN,NaN,transformer,embedding
1494,16445,NaN,NaN,NaN,NaN,NaN,NaN,NaN,transformer,embedding
1495,16456,NaN,NaN,NaN,NaN,NaN,NaN,NaN,transformer,embedding
1496,16467,NaN,NaN,NaN,NaN,NaN,NaN,NaN,transformer,embedding
1497,16478,NaN,NaN,NaN,NaN,NaN,NaN,NaN,transformer,embedding
1498,16489,NaN,NaN,NaN,NaN,NaN,NaN,NaN,transformer,embedding
1499,16500,NaN,NaN,NaN,NaN,NaN,NaN,NaN,transformer,embedding
1500,16511,NaN,NaN,NaN,NaN,1.044225811958313,62.47047424316406,2.841197967529297,transformer,embedding
1501,16522,NaN,NaN,NaN,NaN,NaN,NaN,NaN,transformer,embedding
1502,16533,3.745590149151212e-08,100.0,1.0,0.001,NaN,NaN,NaN,transformer,embedding
1503,16544,NaN,NaN,NaN,NaN,NaN,NaN,NaN,transformer,embedding
1504,16555,NaN,NaN,NaN,NaN,NaN,NaN,NaN,transformer,embedding
1505,16566,NaN,NaN,NaN,NaN,NaN,NaN,NaN,transformer,embedding
1506,16577,NaN,NaN,NaN,NaN,NaN,NaN,NaN,transformer,embedding
1507,16588,NaN,NaN,NaN,NaN,NaN,NaN,NaN,transformer,embedding
1508,16599,NaN,NaN,NaN,NaN,NaN,NaN,NaN,transformer,embedding
1509,16610,NaN,NaN,NaN,NaN,NaN,NaN,NaN,transformer,embedding
1510,16621,NaN,NaN,NaN,NaN,NaN,NaN,NaN,transformer,embedding
1511,16632,NaN,NaN,NaN,NaN,NaN,NaN,NaN,transformer,embedding
1512,16643,NaN,NaN,NaN,NaN,NaN,NaN,NaN,transformer,embedding
1513,16654,NaN,NaN,NaN,NaN,NaN,NaN,NaN,transformer,embedding
1514,16665,NaN,NaN,NaN,NaN,NaN,NaN,NaN,transformer,embedding
1515,16676,NaN,NaN,NaN,NaN,NaN,NaN,NaN,transformer,embedding
1516,16687,NaN,NaN,NaN,NaN,NaN,NaN,NaN,transformer,embedding
1517,16698,3.878044907423828e-08,100.0,1.0,0.001,NaN,NaN,NaN,transformer,embedding
1518,16709,NaN,NaN,NaN,NaN,NaN,NaN,NaN,transformer,embedding
1519,16720,NaN,NaN,NaN,NaN,NaN,NaN,NaN,transformer,embedding
1520,16731,NaN,NaN,NaN,NaN,NaN,NaN,NaN,transformer,embedding
1521,16742,NaN,NaN,NaN,NaN,NaN,NaN,NaN,transformer,embedding
1522,16753,NaN,NaN,NaN,NaN,NaN,NaN,NaN,transformer,embedding
1523,16764,NaN,NaN,NaN,NaN,NaN,NaN,NaN,transformer,embedding
1524,16775,NaN,NaN,NaN,NaN,NaN,NaN,NaN,transformer,embedding
1525,16786,NaN,NaN,NaN,NaN,NaN,NaN,NaN,transformer,embedding
1526,16797,NaN,NaN,NaN,NaN,NaN,NaN,NaN,transformer,embedding
1527,16808,NaN,NaN,NaN,NaN,NaN,NaN,NaN,transformer,embedding
1528,16819,NaN,NaN,NaN,NaN,NaN,NaN,NaN,transformer,embedding
1529,16830,NaN,NaN,NaN,NaN,1.0385706424713135,61.8800163269043,2.8251760005950928,transformer,embedding
1530,16841,NaN,NaN,NaN,NaN,NaN,NaN,NaN,transformer,embedding
1531,16852,NaN,NaN,NaN,NaN,NaN,NaN,NaN,transformer,embedding
1532,16863,3.8872592256211647e-08,100.0,1.0,0.001,NaN,NaN,NaN,transformer,embedding
1533,16874,NaN,NaN,NaN,NaN,NaN,NaN,NaN,transformer,embedding
1534,16885,NaN,NaN,NaN,NaN,NaN,NaN,NaN,transformer,embedding
1535,16896,NaN,NaN,NaN,NaN,NaN,NaN,NaN,transformer,embedding
1536,16907,NaN,NaN,NaN,NaN,NaN,NaN,NaN,transformer,embedding
1537,16918,NaN,NaN,NaN,NaN,NaN,NaN,NaN,transformer,embedding
1538,16929,NaN,NaN,NaN,NaN,NaN,NaN,NaN,transformer,embedding
1539,16940,NaN,NaN,NaN,NaN,NaN,NaN,NaN,transformer,embedding
1540,16951,NaN,NaN,NaN,NaN,NaN,NaN,NaN,transformer,embedding
1541,16962,NaN,NaN,NaN,NaN,NaN,NaN,NaN,transformer,embedding
1542,16973,NaN,NaN,NaN,NaN,NaN,NaN,NaN,transformer,embedding
1543,16984,NaN,NaN,NaN,NaN,NaN,NaN,NaN,transformer,embedding
1544,16995,NaN,NaN,NaN,NaN,NaN,NaN,NaN,transformer,embedding
1545,17006,NaN,NaN,NaN,NaN,NaN,NaN,NaN,transformer,embedding
1546,17017,NaN,NaN,NaN,NaN,NaN,NaN,NaN,transformer,embedding
1547,17028,3.8676787994518236e-08,100.0,1.0,0.001,NaN,NaN,NaN,transformer,embedding
1548,17039,NaN,NaN,NaN,NaN,NaN,NaN,NaN,transformer,embedding
1549,17050,NaN,NaN,NaN,NaN,NaN,NaN,NaN,transformer,embedding
1550,17061,NaN,NaN,NaN,NaN,NaN,NaN,NaN,transformer,embedding
1551,17072,NaN,NaN,NaN,NaN,NaN,NaN,NaN,transformer,embedding
1552,17083,NaN,NaN,NaN,NaN,NaN,NaN,NaN,transformer,embedding
1553,17094,NaN,NaN,NaN,NaN,NaN,NaN,NaN,transformer,embedding
1554,17105,NaN,NaN,NaN,NaN,NaN,NaN,NaN,transformer,embedding
1555,17116,NaN,NaN,NaN,NaN,NaN,NaN,NaN,transformer,embedding
1556,17127,NaN,NaN,NaN,NaN,NaN,NaN,NaN,transformer,embedding
1557,17138,NaN,NaN,NaN,NaN,NaN,NaN,NaN,transformer,embedding
1558,17149,NaN,NaN,NaN,NaN,NaN,NaN,NaN,transformer,embedding
1559,17160,NaN,NaN,NaN,NaN,1.0366336107254028,61.73830795288086,2.819708824157715,transformer,embedding
1560,17171,NaN,NaN,NaN,NaN,NaN,NaN,NaN,transformer,embedding
1561,17182,NaN,NaN,NaN,NaN,NaN,NaN,NaN,transformer,embedding
1562,17193,3.6926081747878925e-08,100.0,1.0,0.001,NaN,NaN,NaN,transformer,embedding
1563,17204,NaN,NaN,NaN,NaN,NaN,NaN,NaN,transformer,embedding
1564,17215,NaN,NaN,NaN,NaN,NaN,NaN,NaN,transformer,embedding
1565,17226,NaN,NaN,NaN,NaN,NaN,NaN,NaN,transformer,embedding
1566,17237,NaN,NaN,NaN,NaN,NaN,NaN,NaN,transformer,embedding
1567,17248,NaN,NaN,NaN,NaN,NaN,NaN,NaN,transformer,embedding
1568,17259,NaN,NaN,NaN,NaN,NaN,NaN,NaN,transformer,embedding
1569,17270,NaN,NaN,NaN,NaN,NaN,NaN,NaN,transformer,embedding
1570,17281,NaN,NaN,NaN,NaN,NaN,NaN,NaN,transformer,embedding
1571,17292,NaN,NaN,NaN,NaN,NaN,NaN,NaN,transformer,embedding
1572,17303,NaN,NaN,NaN,NaN,NaN,NaN,NaN,transformer,embedding
1573,17314,NaN,NaN,NaN,NaN,NaN,NaN,NaN,transformer,embedding
1574,17325,NaN,NaN,NaN,NaN,NaN,NaN,NaN,transformer,embedding
1575,17336,NaN,NaN,NaN,NaN,NaN,NaN,NaN,transformer,embedding
1576,17347,NaN,NaN,NaN,NaN,NaN,NaN,NaN,transformer,embedding
1577,17358,3.643081569748574e-08,100.0,1.0,0.001,NaN,NaN,NaN,transformer,embedding
1578,17369,NaN,NaN,NaN,NaN,NaN,NaN,NaN,transformer,embedding
1579,17380,NaN,NaN,NaN,NaN,NaN,NaN,NaN,transformer,embedding
1580,17391,NaN,NaN,NaN,NaN,NaN,NaN,NaN,transformer,embedding
1581,17402,NaN,NaN,NaN,NaN,NaN,NaN,NaN,transformer,embedding
1582,17413,NaN,NaN,NaN,NaN,NaN,NaN,NaN,transformer,embedding
1583,17424,NaN,NaN,NaN,NaN,NaN,NaN,NaN,transformer,embedding
1584,17435,NaN,NaN,NaN,NaN,NaN,NaN,NaN,transformer,embedding
1585,17446,NaN,NaN,NaN,NaN,NaN,NaN,NaN,transformer,embedding
1586,17457,NaN,NaN,NaN,NaN,NaN,NaN,NaN,transformer,embedding
1587,17468,NaN,NaN,NaN,NaN,NaN,NaN,NaN,transformer,embedding
1588,17479,NaN,NaN,NaN,NaN,NaN,NaN,NaN,transformer,embedding
1589,17490,NaN,NaN,NaN,NaN,NaN,NaN,NaN,transformer,embedding
1590,17501,NaN,NaN,NaN,NaN,1.0232019424438477,61.92725372314453,2.7820885181427,transformer,embedding
1591,17512,NaN,NaN,NaN,NaN,NaN,NaN,NaN,transformer,embedding
1592,17523,3.441520135538667e-08,100.0,1.0,0.001,NaN,NaN,NaN,transformer,embedding
1593,17534,NaN,NaN,NaN,NaN,NaN,NaN,NaN,transformer,embedding
1594,17545,NaN,NaN,NaN,NaN,NaN,NaN,NaN,transformer,embedding
1595,17556,NaN,NaN,NaN,NaN,NaN,NaN,NaN,transformer,embedding
1596,17567,NaN,NaN,NaN,NaN,NaN,NaN,NaN,transformer,embedding
1597,17578,NaN,NaN,NaN,NaN,NaN,NaN,NaN,transformer,embedding
1598,17589,NaN,NaN,NaN,NaN,NaN,NaN,NaN,transformer,embedding
1599,17600,NaN,NaN,NaN,NaN,NaN,NaN,NaN,transformer,embedding
1600,17611,NaN,NaN,NaN,NaN,NaN,NaN,NaN,transformer,embedding
1601,17622,NaN,NaN,NaN,NaN,NaN,NaN,NaN,transformer,embedding
1602,17633,NaN,NaN,NaN,NaN,NaN,NaN,NaN,transformer,embedding
1603,17644,NaN,NaN,NaN,NaN,NaN,NaN,NaN,transformer,embedding
1604,17655,NaN,NaN,NaN,NaN,NaN,NaN,NaN,transformer,embedding
1605,17666,NaN,NaN,NaN,NaN,NaN,NaN,NaN,transformer,embedding
1606,17677,NaN,NaN,NaN,NaN,NaN,NaN,NaN,transformer,embedding
1607,17688,3.909142876068472e-08,100.0,1.0,0.001,NaN,NaN,NaN,transformer,embedding
1608,17699,NaN,NaN,NaN,NaN,NaN,NaN,NaN,transformer,embedding
1609,17710,NaN,NaN,NaN,NaN,NaN,NaN,NaN,transformer,embedding
1610,17721,NaN,NaN,NaN,NaN,NaN,NaN,NaN,transformer,embedding
1611,17732,NaN,NaN,NaN,NaN,NaN,NaN,NaN,transformer,embedding
1612,17743,NaN,NaN,NaN,NaN,NaN,NaN,NaN,transformer,embedding
1613,17754,NaN,NaN,NaN,NaN,NaN,NaN,NaN,transformer,embedding
1614,17765,NaN,NaN,NaN,NaN,NaN,NaN,NaN,transformer,embedding
1615,17776,NaN,NaN,NaN,NaN,NaN,NaN,NaN,transformer,embedding
1616,17787,NaN,NaN,NaN,NaN,NaN,NaN,NaN,transformer,embedding
1617,17798,NaN,NaN,NaN,NaN,NaN,NaN,NaN,transformer,embedding
1618,17809,NaN,NaN,NaN,NaN,NaN,NaN,NaN,transformer,embedding
1619,17820,NaN,NaN,NaN,NaN,NaN,NaN,NaN,transformer,embedding
1620,17831,NaN,NaN,NaN,NaN,NaN,NaN,NaN,transformer,embedding
1621,17842,NaN,NaN,NaN,NaN,0.9909487962722778,62.37600326538086,2.693789005279541,transformer,embedding
1622,17853,NaN,NaN,NaN,NaN,NaN,NaN,NaN,transformer,embedding
1623,17864,3.800875703063866e-08,100.0,1.0,0.001,NaN,NaN,NaN,transformer,embedding
1624,17875,NaN,NaN,NaN,NaN,NaN,NaN,NaN,transformer,embedding
1625,17886,NaN,NaN,NaN,NaN,NaN,NaN,NaN,transformer,embedding
1626,17897,NaN,NaN,NaN,NaN,NaN,NaN,NaN,transformer,embedding
1627,17908,NaN,NaN,NaN,NaN,NaN,NaN,NaN,transformer,embedding
1628,17919,NaN,NaN,NaN,NaN,NaN,NaN,NaN,transformer,embedding
1629,17930,NaN,NaN,NaN,NaN,NaN,NaN,NaN,transformer,embedding
1630,17941,NaN,NaN,NaN,NaN,NaN,NaN,NaN,transformer,embedding
1631,17952,NaN,NaN,NaN,NaN,NaN,NaN,NaN,transformer,embedding
1632,17963,NaN,NaN,NaN,NaN,NaN,NaN,NaN,transformer,embedding
1633,17974,NaN,NaN,NaN,NaN,NaN,NaN,NaN,transformer,embedding
1634,17985,NaN,NaN,NaN,NaN,NaN,NaN,NaN,transformer,embedding
1635,17996,NaN,NaN,NaN,NaN,NaN,NaN,NaN,transformer,embedding
1636,18007,NaN,NaN,NaN,NaN,NaN,NaN,NaN,transformer,embedding
1637,18018,NaN,NaN,NaN,NaN,NaN,NaN,NaN,transformer,embedding
1638,18029,NaN,NaN,NaN,NaN,NaN,NaN,NaN,transformer,embedding
1639,18040,3.455341257563305e-08,100.0,1.0,0.001,NaN,NaN,NaN,transformer,embedding
1640,18051,NaN,NaN,NaN,NaN,NaN,NaN,NaN,transformer,embedding
1641,18062,NaN,NaN,NaN,NaN,NaN,NaN,NaN,transformer,embedding
1642,18073,NaN,NaN,NaN,NaN,NaN,NaN,NaN,transformer,embedding
1643,18084,NaN,NaN,NaN,NaN,NaN,NaN,NaN,transformer,embedding
1644,18095,NaN,NaN,NaN,NaN,NaN,NaN,NaN,transformer,embedding
1645,18106,NaN,NaN,NaN,NaN,NaN,NaN,NaN,transformer,embedding
1646,18117,NaN,NaN,NaN,NaN,NaN,NaN,NaN,transformer,embedding
1647,18128,NaN,NaN,NaN,NaN,NaN,NaN,NaN,transformer,embedding
1648,18139,NaN,NaN,NaN,NaN,NaN,NaN,NaN,transformer,embedding
1649,18150,NaN,NaN,NaN,NaN,NaN,NaN,NaN,transformer,embedding
1650,18161,NaN,NaN,NaN,NaN,NaN,NaN,NaN,transformer,embedding
1651,18172,NaN,NaN,NaN,NaN,NaN,NaN,NaN,transformer,embedding
1652,18183,NaN,NaN,NaN,NaN,NaN,NaN,NaN,transformer,embedding
1653,18194,NaN,NaN,NaN,NaN,0.9761503338813782,62.18705749511719,2.6542186737060547,transformer,embedding
1654,18205,NaN,NaN,NaN,NaN,NaN,NaN,NaN,transformer,embedding
1655,18216,3.3539848232067015e-08,100.0,1.0,0.001,NaN,NaN,NaN,transformer,embedding
1656,18227,NaN,NaN,NaN,NaN,NaN,NaN,NaN,transformer,embedding
1657,18238,NaN,NaN,NaN,NaN,NaN,NaN,NaN,transformer,embedding
1658,18249,NaN,NaN,NaN,NaN,NaN,NaN,NaN,transformer,embedding
1659,18260,NaN,NaN,NaN,NaN,NaN,NaN,NaN,transformer,embedding
1660,18271,NaN,NaN,NaN,NaN,NaN,NaN,NaN,transformer,embedding
1661,18282,NaN,NaN,NaN,NaN,NaN,NaN,NaN,transformer,embedding
1662,18293,NaN,NaN,NaN,NaN,NaN,NaN,NaN,transformer,embedding
1663,18304,NaN,NaN,NaN,NaN,NaN,NaN,NaN,transformer,embedding
1664,18315,NaN,NaN,NaN,NaN,NaN,NaN,NaN,transformer,embedding
1665,18326,NaN,NaN,NaN,NaN,NaN,NaN,NaN,transformer,embedding
1666,18337,NaN,NaN,NaN,NaN,NaN,NaN,NaN,transformer,embedding
1667,18348,NaN,NaN,NaN,NaN,NaN,NaN,NaN,transformer,embedding
1668,18359,NaN,NaN,NaN,NaN,NaN,NaN,NaN,transformer,embedding
1669,18370,NaN,NaN,NaN,NaN,NaN,NaN,NaN,transformer,embedding
1670,18381,NaN,NaN,NaN,NaN,NaN,NaN,NaN,transformer,embedding
1671,18392,3.813545035313837e-08,100.0,1.0,0.001,NaN,NaN,NaN,transformer,embedding
1672,18403,NaN,NaN,NaN,NaN,NaN,NaN,NaN,transformer,embedding
1673,18414,NaN,NaN,NaN,NaN,NaN,NaN,NaN,transformer,embedding
1674,18425,NaN,NaN,NaN,NaN,NaN,NaN,NaN,transformer,embedding
1675,18436,NaN,NaN,NaN,NaN,NaN,NaN,NaN,transformer,embedding
1676,18447,NaN,NaN,NaN,NaN,NaN,NaN,NaN,transformer,embedding
1677,18458,NaN,NaN,NaN,NaN,NaN,NaN,NaN,transformer,embedding
1678,18469,NaN,NaN,NaN,NaN,NaN,NaN,NaN,transformer,embedding
1679,18480,NaN,NaN,NaN,NaN,NaN,NaN,NaN,transformer,embedding
1680,18491,NaN,NaN,NaN,NaN,NaN,NaN,NaN,transformer,embedding
1681,18502,NaN,NaN,NaN,NaN,NaN,NaN,NaN,transformer,embedding
1682,18513,NaN,NaN,NaN,NaN,NaN,NaN,NaN,transformer,embedding
1683,18524,NaN,NaN,NaN,NaN,NaN,NaN,NaN,transformer,embedding
1684,18535,NaN,NaN,NaN,NaN,NaN,NaN,NaN,transformer,embedding
1685,18546,NaN,NaN,NaN,NaN,NaN,NaN,NaN,transformer,embedding
1686,18557,NaN,NaN,NaN,NaN,0.9756520390510559,62.612186431884766,2.6528964042663574,transformer,embedding
1687,18568,3.901080347645802e-08,100.0,1.0,0.001,NaN,NaN,NaN,transformer,embedding
1688,18579,NaN,NaN,NaN,NaN,NaN,NaN,NaN,transformer,embedding
1689,18590,NaN,NaN,NaN,NaN,NaN,NaN,NaN,transformer,embedding
1690,18601,NaN,NaN,NaN,NaN,NaN,NaN,NaN,transformer,embedding
1691,18612,NaN,NaN,NaN,NaN,NaN,NaN,NaN,transformer,embedding
1692,18623,NaN,NaN,NaN,NaN,NaN,NaN,NaN,transformer,embedding
1693,18634,NaN,NaN,NaN,NaN,NaN,NaN,NaN,transformer,embedding
1694,18645,NaN,NaN,NaN,NaN,NaN,NaN,NaN,transformer,embedding
1695,18656,NaN,NaN,NaN,NaN,NaN,NaN,NaN,transformer,embedding
1696,18667,NaN,NaN,NaN,NaN,NaN,NaN,NaN,transformer,embedding
1697,18678,NaN,NaN,NaN,NaN,NaN,NaN,NaN,transformer,embedding
1698,18689,NaN,NaN,NaN,NaN,NaN,NaN,NaN,transformer,embedding
1699,18700,NaN,NaN,NaN,NaN,NaN,NaN,NaN,transformer,embedding
1700,18711,NaN,NaN,NaN,NaN,NaN,NaN,NaN,transformer,embedding
1701,18722,NaN,NaN,NaN,NaN,NaN,NaN,NaN,transformer,embedding
1702,18733,NaN,NaN,NaN,NaN,NaN,NaN,NaN,transformer,embedding
1703,18744,3.8100896659898353e-08,100.0,1.0,0.001,NaN,NaN,NaN,transformer,embedding
1704,18755,NaN,NaN,NaN,NaN,NaN,NaN,NaN,transformer,embedding
1705,18766,NaN,NaN,NaN,NaN,NaN,NaN,NaN,transformer,embedding
1706,18777,NaN,NaN,NaN,NaN,NaN,NaN,NaN,transformer,embedding
1707,18788,NaN,NaN,NaN,NaN,NaN,NaN,NaN,transformer,embedding
1708,18799,NaN,NaN,NaN,NaN,NaN,NaN,NaN,transformer,embedding
1709,18810,NaN,NaN,NaN,NaN,NaN,NaN,NaN,transformer,embedding
1710,18821,NaN,NaN,NaN,NaN,NaN,NaN,NaN,transformer,embedding
1711,18832,NaN,NaN,NaN,NaN,NaN,NaN,NaN,transformer,embedding
1712,18843,NaN,NaN,NaN,NaN,NaN,NaN,NaN,transformer,embedding
1713,18854,NaN,NaN,NaN,NaN,NaN,NaN,NaN,transformer,embedding
1714,18865,NaN,NaN,NaN,NaN,NaN,NaN,NaN,transformer,embedding
1715,18876,NaN,NaN,NaN,NaN,NaN,NaN,NaN,transformer,embedding
1716,18887,NaN,NaN,NaN,NaN,NaN,NaN,NaN,transformer,embedding
1717,18898,NaN,NaN,NaN,NaN,NaN,NaN,NaN,transformer,embedding
1718,18909,NaN,NaN,NaN,NaN,NaN,NaN,NaN,transformer,embedding
1719,18920,NaN,NaN,NaN,NaN,1.5709680318832397,59.30561828613281,4.811303615570068,transformer,embedding
1720,18931,0.001984065631404519,99.84541320800781,1.001986026763916,0.001,NaN,NaN,NaN,transformer,embedding
1721,18942,NaN,NaN,NaN,NaN,NaN,NaN,NaN,transformer,embedding
1722,18953,NaN,NaN,NaN,NaN,NaN,NaN,NaN,transformer,embedding
1723,18964,NaN,NaN,NaN,NaN,NaN,NaN,NaN,transformer,embedding
1724,18975,NaN,NaN,NaN,NaN,NaN,NaN,NaN,transformer,embedding
1725,18986,NaN,NaN,NaN,NaN,NaN,NaN,NaN,transformer,embedding
1726,18997,NaN,NaN,NaN,NaN,NaN,NaN,NaN,transformer,embedding
1727,19008,NaN,NaN,NaN,NaN,NaN,NaN,NaN,transformer,embedding
1728,19019,NaN,NaN,NaN,NaN,NaN,NaN,NaN,transformer,embedding
1729,19030,NaN,NaN,NaN,NaN,NaN,NaN,NaN,transformer,embedding
1730,19041,NaN,NaN,NaN,NaN,NaN,NaN,NaN,transformer,embedding
1731,19052,NaN,NaN,NaN,NaN,NaN,NaN,NaN,transformer,embedding
1732,19063,NaN,NaN,NaN,NaN,NaN,NaN,NaN,transformer,embedding
1733,19074,NaN,NaN,NaN,NaN,NaN,NaN,NaN,transformer,embedding
1734,19085,NaN,NaN,NaN,NaN,NaN,NaN,NaN,transformer,embedding
1735,19096,NaN,NaN,NaN,NaN,NaN,NaN,NaN,transformer,embedding
1736,19107,NaN,NaN,NaN,NaN,NaN,NaN,NaN,transformer,embedding
1737,19118,0.016079198569059372,99.18840789794922,1.0162091255187988,0.001,NaN,NaN,NaN,transformer,embedding
1738,19129,NaN,NaN,NaN,NaN,NaN,NaN,NaN,transformer,embedding
1739,19140,NaN,NaN,NaN,NaN,NaN,NaN,NaN,transformer,embedding
1740,19151,NaN,NaN,NaN,NaN,NaN,NaN,NaN,transformer,embedding
1741,19162,NaN,NaN,NaN,NaN,NaN,NaN,NaN,transformer,embedding
1742,19173,NaN,NaN,NaN,NaN,NaN,NaN,NaN,transformer,embedding
1743,19184,NaN,NaN,NaN,NaN,NaN,NaN,NaN,transformer,embedding
1744,19195,NaN,NaN,NaN,NaN,NaN,NaN,NaN,transformer,embedding
1745,19206,NaN,NaN,NaN,NaN,NaN,NaN,NaN,transformer,embedding
1746,19217,NaN,NaN,NaN,NaN,NaN,NaN,NaN,transformer,embedding
1747,19228,NaN,NaN,NaN,NaN,NaN,NaN,NaN,transformer,embedding
1748,19239,NaN,NaN,NaN,NaN,NaN,NaN,NaN,transformer,embedding
1749,19250,NaN,NaN,NaN,NaN,NaN,NaN,NaN,transformer,embedding
1750,19261,NaN,NaN,NaN,NaN,NaN,NaN,NaN,transformer,embedding
1751,19272,NaN,NaN,NaN,NaN,NaN,NaN,NaN,transformer,embedding
1752,19283,NaN,NaN,NaN,NaN,NaN,NaN,NaN,transformer,embedding
1753,19294,NaN,NaN,NaN,NaN,0.9460402131080627,69.29617309570312,2.575490951538086,transformer,embedding
1754,19305,0.00043780403211712837,99.96134948730469,1.00043785572052,0.001,NaN,NaN,NaN,transformer,embedding
1755,19316,NaN,NaN,NaN,NaN,NaN,NaN,NaN,transformer,embedding
1756,19327,NaN,NaN,NaN,NaN,NaN,NaN,NaN,transformer,embedding
1757,19338,NaN,NaN,NaN,NaN,NaN,NaN,NaN,transformer,embedding
1758,19349,NaN,NaN,NaN,NaN,NaN,NaN,NaN,transformer,embedding
1759,19360,NaN,NaN,NaN,NaN,NaN,NaN,NaN,transformer,embedding
1760,19371,NaN,NaN,NaN,NaN,NaN,NaN,NaN,transformer,embedding
1761,19382,NaN,NaN,NaN,NaN,NaN,NaN,NaN,transformer,embedding
1762,19393,NaN,NaN,NaN,NaN,NaN,NaN,NaN,transformer,embedding
1763,19404,NaN,NaN,NaN,NaN,NaN,NaN,NaN,transformer,embedding
1764,19415,NaN,NaN,NaN,NaN,NaN,NaN,NaN,transformer,embedding
1765,19426,NaN,NaN,NaN,NaN,NaN,NaN,NaN,transformer,embedding
1766,19437,NaN,NaN,NaN,NaN,NaN,NaN,NaN,transformer,embedding
1767,19448,NaN,NaN,NaN,NaN,NaN,NaN,NaN,transformer,embedding
1768,19459,NaN,NaN,NaN,NaN,NaN,NaN,NaN,transformer,embedding
1769,19470,NaN,NaN,NaN,NaN,NaN,NaN,NaN,transformer,embedding
1770,19481,NaN,NaN,NaN,NaN,NaN,NaN,NaN,transformer,embedding
1771,19492,7.548766006948426e-06,100.0,1.0000075101852417,0.001,NaN,NaN,NaN,transformer,embedding
1772,19503,NaN,NaN,NaN,NaN,NaN,NaN,NaN,transformer,embedding
1773,19514,NaN,NaN,NaN,NaN,NaN,NaN,NaN,transformer,embedding
1774,19525,NaN,NaN,NaN,NaN,NaN,NaN,NaN,transformer,embedding
1775,19536,NaN,NaN,NaN,NaN,NaN,NaN,NaN,transformer,embedding
1776,19547,NaN,NaN,NaN,NaN,NaN,NaN,NaN,transformer,embedding
1777,19558,NaN,NaN,NaN,NaN,NaN,NaN,NaN,transformer,embedding
1778,19569,NaN,NaN,NaN,NaN,NaN,NaN,NaN,transformer,embedding
1779,19580,NaN,NaN,NaN,NaN,NaN,NaN,NaN,transformer,embedding
1780,19591,NaN,NaN,NaN,NaN,NaN,NaN,NaN,transformer,embedding
1781,19602,NaN,NaN,NaN,NaN,NaN,NaN,NaN,transformer,embedding
1782,19613,NaN,NaN,NaN,NaN,NaN,NaN,NaN,transformer,embedding
1783,19624,NaN,NaN,NaN,NaN,NaN,NaN,NaN,transformer,embedding
1784,19635,NaN,NaN,NaN,NaN,NaN,NaN,NaN,transformer,embedding
1785,19646,NaN,NaN,NaN,NaN,NaN,NaN,NaN,transformer,embedding
1786,19657,NaN,NaN,NaN,NaN,NaN,NaN,NaN,transformer,embedding
1787,19668,NaN,NaN,NaN,NaN,NaN,NaN,NaN,transformer,embedding
1788,19679,2.044172788373544e-06,100.0,1.0000020265579224,0.001,0.7692119479179382,72.55550384521484,2.158064842224121,transformer,embedding
1789,19690,NaN,NaN,NaN,NaN,NaN,NaN,NaN,transformer,embedding
1790,19701,NaN,NaN,NaN,NaN,NaN,NaN,NaN,transformer,embedding
1791,19712,NaN,NaN,NaN,NaN,NaN,NaN,NaN,transformer,embedding
1792,19723,NaN,NaN,NaN,NaN,NaN,NaN,NaN,transformer,embedding
1793,19734,NaN,NaN,NaN,NaN,NaN,NaN,NaN,transformer,embedding
1794,19745,NaN,NaN,NaN,NaN,NaN,NaN,NaN,transformer,embedding
1795,19756,NaN,NaN,NaN,NaN,NaN,NaN,NaN,transformer,embedding
1796,19767,NaN,NaN,NaN,NaN,NaN,NaN,NaN,transformer,embedding
1797,19778,NaN,NaN,NaN,NaN,NaN,NaN,NaN,transformer,embedding
1798,19789,NaN,NaN,NaN,NaN,NaN,NaN,NaN,transformer,embedding
1799,19800,NaN,NaN,NaN,NaN,NaN,NaN,NaN,transformer,embedding
1800,19811,NaN,NaN,NaN,NaN,NaN,NaN,NaN,transformer,embedding
1801,19822,NaN,NaN,NaN,NaN,NaN,NaN,NaN,transformer,embedding
1802,19833,NaN,NaN,NaN,NaN,NaN,NaN,NaN,transformer,embedding
1803,19844,NaN,NaN,NaN,NaN,NaN,NaN,NaN,transformer,embedding
1804,19855,NaN,NaN,NaN,NaN,NaN,NaN,NaN,transformer,embedding
1805,19866,4.821578158953344e-07,100.0,1.0000004768371582,0.001,NaN,NaN,NaN,transformer,embedding
1806,19877,NaN,NaN,NaN,NaN,NaN,NaN,NaN,transformer,embedding
1807,19888,NaN,NaN,NaN,NaN,NaN,NaN,NaN,transformer,embedding
1808,19899,NaN,NaN,NaN,NaN,NaN,NaN,NaN,transformer,embedding
1809,19910,NaN,NaN,NaN,NaN,NaN,NaN,NaN,transformer,embedding
1810,19921,NaN,NaN,NaN,NaN,NaN,NaN,NaN,transformer,embedding
1811,19932,NaN,NaN,NaN,NaN,NaN,NaN,NaN,transformer,embedding
1812,19943,NaN,NaN,NaN,NaN,NaN,NaN,NaN,transformer,embedding
1813,19954,NaN,NaN,NaN,NaN,NaN,NaN,NaN,transformer,embedding
1814,19965,NaN,NaN,NaN,NaN,NaN,NaN,NaN,transformer,embedding
1815,19976,NaN,NaN,NaN,NaN,NaN,NaN,NaN,transformer,embedding
1816,19987,NaN,NaN,NaN,NaN,NaN,NaN,NaN,transformer,embedding
1817,19998,NaN,NaN,NaN,NaN,NaN,NaN,NaN,transformer,embedding
1818,20009,NaN,NaN,NaN,NaN,NaN,NaN,NaN,transformer,embedding
1819,20020,NaN,NaN,NaN,NaN,NaN,NaN,NaN,transformer,embedding
1820,20031,NaN,NaN,NaN,NaN,NaN,NaN,NaN,transformer,embedding
1821,20042,NaN,NaN,NaN,NaN,NaN,NaN,NaN,transformer,embedding
1822,20053,NaN,NaN,NaN,NaN,NaN,NaN,NaN,transformer,embedding
1823,20064,9.461876970817684e-08,100.0,1.0000001192092896,0.001,0.6628053188323975,75.12989807128906,1.9402276277542114,transformer,embedding
1824,20075,NaN,NaN,NaN,NaN,NaN,NaN,NaN,transformer,embedding
1825,20086,NaN,NaN,NaN,NaN,NaN,NaN,NaN,transformer,embedding
1826,20097,NaN,NaN,NaN,NaN,NaN,NaN,NaN,transformer,embedding
1827,20108,NaN,NaN,NaN,NaN,NaN,NaN,NaN,transformer,embedding
1828,20119,NaN,NaN,NaN,NaN,NaN,NaN,NaN,transformer,embedding
1829,20130,NaN,NaN,NaN,NaN,NaN,NaN,NaN,transformer,embedding
1830,20141,NaN,NaN,NaN,NaN,NaN,NaN,NaN,transformer,embedding
1831,20152,NaN,NaN,NaN,NaN,NaN,NaN,NaN,transformer,embedding
1832,20163,NaN,NaN,NaN,NaN,NaN,NaN,NaN,transformer,embedding
1833,20174,NaN,NaN,NaN,NaN,NaN,NaN,NaN,transformer,embedding
1834,20185,NaN,NaN,NaN,NaN,NaN,NaN,NaN,transformer,embedding
1835,20196,NaN,NaN,NaN,NaN,NaN,NaN,NaN,transformer,embedding
1836,20207,NaN,NaN,NaN,NaN,NaN,NaN,NaN,transformer,embedding
1837,20218,NaN,NaN,NaN,NaN,NaN,NaN,NaN,transformer,embedding
1838,20229,NaN,NaN,NaN,NaN,NaN,NaN,NaN,transformer,embedding
1839,20240,NaN,NaN,NaN,NaN,NaN,NaN,NaN,transformer,embedding
1840,20251,NaN,NaN,NaN,NaN,NaN,NaN,NaN,transformer,embedding
1841,20262,5.045950146609357e-08,100.0,1.0,0.001,NaN,NaN,NaN,transformer,embedding
1842,20273,NaN,NaN,NaN,NaN,NaN,NaN,NaN,transformer,embedding
1843,20284,NaN,NaN,NaN,NaN,NaN,NaN,NaN,transformer,embedding
1844,20295,NaN,NaN,NaN,NaN,NaN,NaN,NaN,transformer,embedding
1845,20306,NaN,NaN,NaN,NaN,NaN,NaN,NaN,transformer,embedding
1846,20317,NaN,NaN,NaN,NaN,NaN,NaN,NaN,transformer,embedding
1847,20328,NaN,NaN,NaN,NaN,NaN,NaN,NaN,transformer,embedding
1848,20339,NaN,NaN,NaN,NaN,NaN,NaN,NaN,transformer,embedding
1849,20350,NaN,NaN,NaN,NaN,NaN,NaN,NaN,transformer,embedding
1850,20361,NaN,NaN,NaN,NaN,NaN,NaN,NaN,transformer,embedding
1851,20372,NaN,NaN,NaN,NaN,NaN,NaN,NaN,transformer,embedding
1852,20383,NaN,NaN,NaN,NaN,NaN,NaN,NaN,transformer,embedding
1853,20394,NaN,NaN,NaN,NaN,NaN,NaN,NaN,transformer,embedding
1854,20405,NaN,NaN,NaN,NaN,NaN,NaN,NaN,transformer,embedding
1855,20416,NaN,NaN,NaN,NaN,NaN,NaN,NaN,transformer,embedding
1856,20427,NaN,NaN,NaN,NaN,NaN,NaN,NaN,transformer,embedding
1857,20438,NaN,NaN,NaN,NaN,NaN,NaN,NaN,transformer,embedding
1858,20449,NaN,NaN,NaN,NaN,NaN,NaN,NaN,transformer,embedding
1859,20460,4.7568534000674845e-08,100.0,1.0,0.001,0.44627130031585693,77.94048309326172,1.562475323677063,transformer,embedding
1860,20471,NaN,NaN,NaN,NaN,NaN,NaN,NaN,transformer,embedding
1861,20482,NaN,NaN,NaN,NaN,NaN,NaN,NaN,transformer,embedding
1862,20493,NaN,NaN,NaN,NaN,NaN,NaN,NaN,transformer,embedding
1863,20504,NaN,NaN,NaN,NaN,NaN,NaN,NaN,transformer,embedding
1864,20515,NaN,NaN,NaN,NaN,NaN,NaN,NaN,transformer,embedding
1865,20526,NaN,NaN,NaN,NaN,NaN,NaN,NaN,transformer,embedding
1866,20537,NaN,NaN,NaN,NaN,NaN,NaN,NaN,transformer,embedding
1867,20548,NaN,NaN,NaN,NaN,NaN,NaN,NaN,transformer,embedding
1868,20559,NaN,NaN,NaN,NaN,NaN,NaN,NaN,transformer,embedding
1869,20570,NaN,NaN,NaN,NaN,NaN,NaN,NaN,transformer,embedding
1870,20581,NaN,NaN,NaN,NaN,NaN,NaN,NaN,transformer,embedding
1871,20592,NaN,NaN,NaN,NaN,NaN,NaN,NaN,transformer,embedding
1872,20603,NaN,NaN,NaN,NaN,NaN,NaN,NaN,transformer,embedding
1873,20614,NaN,NaN,NaN,NaN,NaN,NaN,NaN,transformer,embedding
1874,20625,NaN,NaN,NaN,NaN,NaN,NaN,NaN,transformer,embedding
1875,20636,NaN,NaN,NaN,NaN,NaN,NaN,NaN,transformer,embedding
1876,20647,NaN,NaN,NaN,NaN,NaN,NaN,NaN,transformer,embedding
1877,20658,0.006579026114195585,99.55555725097656,1.0066007375717163,0.001,NaN,NaN,NaN,transformer,embedding
1878,20669,NaN,NaN,NaN,NaN,NaN,NaN,NaN,transformer,embedding
1879,20680,NaN,NaN,NaN,NaN,NaN,NaN,NaN,transformer,embedding
1880,20691,NaN,NaN,NaN,NaN,NaN,NaN,NaN,transformer,embedding
1881,20702,NaN,NaN,NaN,NaN,NaN,NaN,NaN,transformer,embedding
1882,20713,NaN,NaN,NaN,NaN,NaN,NaN,NaN,transformer,embedding
1883,20724,NaN,NaN,NaN,NaN,NaN,NaN,NaN,transformer,embedding
1884,20735,NaN,NaN,NaN,NaN,NaN,NaN,NaN,transformer,embedding
1885,20746,NaN,NaN,NaN,NaN,NaN,NaN,NaN,transformer,embedding
1886,20757,NaN,NaN,NaN,NaN,NaN,NaN,NaN,transformer,embedding
1887,20768,NaN,NaN,NaN,NaN,NaN,NaN,NaN,transformer,embedding
1888,20779,NaN,NaN,NaN,NaN,NaN,NaN,NaN,transformer,embedding
1889,20790,NaN,NaN,NaN,NaN,NaN,NaN,NaN,transformer,embedding
1890,20801,NaN,NaN,NaN,NaN,NaN,NaN,NaN,transformer,embedding
1891,20812,NaN,NaN,NaN,NaN,NaN,NaN,NaN,transformer,embedding
1892,20823,NaN,NaN,NaN,NaN,NaN,NaN,NaN,transformer,embedding
1893,20834,NaN,NaN,NaN,NaN,NaN,NaN,NaN,transformer,embedding
1894,20845,NaN,NaN,NaN,NaN,NaN,NaN,NaN,transformer,embedding
1895,20856,0.00013636995572596788,100.0,1.000136375427246,0.001,NaN,NaN,NaN,transformer,embedding
1896,20867,NaN,NaN,NaN,NaN,0.6608359217643738,75.0826644897461,1.9364103078842163,transformer,embedding
1897,20878,NaN,NaN,NaN,NaN,NaN,NaN,NaN,transformer,embedding
1898,20889,NaN,NaN,NaN,NaN,NaN,NaN,NaN,transformer,embedding
1899,20900,NaN,NaN,NaN,NaN,NaN,NaN,NaN,transformer,embedding
1900,20911,NaN,NaN,NaN,NaN,NaN,NaN,NaN,transformer,embedding
1901,20922,NaN,NaN,NaN,NaN,NaN,NaN,NaN,transformer,embedding
1902,20933,NaN,NaN,NaN,NaN,NaN,NaN,NaN,transformer,embedding
1903,20944,NaN,NaN,NaN,NaN,NaN,NaN,NaN,transformer,embedding
1904,20955,NaN,NaN,NaN,NaN,NaN,NaN,NaN,transformer,embedding
1905,20966,NaN,NaN,NaN,NaN,NaN,NaN,NaN,transformer,embedding
1906,20977,NaN,NaN,NaN,NaN,NaN,NaN,NaN,transformer,embedding
1907,20988,NaN,NaN,NaN,NaN,NaN,NaN,NaN,transformer,embedding
1908,20999,NaN,NaN,NaN,NaN,NaN,NaN,NaN,transformer,embedding
1909,21010,NaN,NaN,NaN,NaN,NaN,NaN,NaN,transformer,embedding
1910,21021,NaN,NaN,NaN,NaN,NaN,NaN,NaN,transformer,embedding
1911,21032,NaN,NaN,NaN,NaN,NaN,NaN,NaN,transformer,embedding
1912,21043,NaN,NaN,NaN,NaN,NaN,NaN,NaN,transformer,embedding
1913,21054,0.002802355447784066,99.84541320800781,1.002806305885315,0.001,NaN,NaN,NaN,transformer,embedding
1914,21065,NaN,NaN,NaN,NaN,NaN,NaN,NaN,transformer,embedding
1915,21076,NaN,NaN,NaN,NaN,NaN,NaN,NaN,transformer,embedding
1916,21087,NaN,NaN,NaN,NaN,NaN,NaN,NaN,transformer,embedding
1917,21098,NaN,NaN,NaN,NaN,NaN,NaN,NaN,transformer,embedding
1918,21109,NaN,NaN,NaN,NaN,NaN,NaN,NaN,transformer,embedding
1919,21120,NaN,NaN,NaN,NaN,NaN,NaN,NaN,transformer,embedding
1920,21131,NaN,NaN,NaN,NaN,NaN,NaN,NaN,transformer,embedding
1921,21142,NaN,NaN,NaN,NaN,NaN,NaN,NaN,transformer,embedding
1922,21153,NaN,NaN,NaN,NaN,NaN,NaN,NaN,transformer,embedding
1923,21164,NaN,NaN,NaN,NaN,NaN,NaN,NaN,transformer,embedding
1924,21175,NaN,NaN,NaN,NaN,NaN,NaN,NaN,transformer,embedding
1925,21186,NaN,NaN,NaN,NaN,NaN,NaN,NaN,transformer,embedding
1926,21197,NaN,NaN,NaN,NaN,NaN,NaN,NaN,transformer,embedding
1927,21208,NaN,NaN,NaN,NaN,NaN,NaN,NaN,transformer,embedding
1928,21219,NaN,NaN,NaN,NaN,NaN,NaN,NaN,transformer,embedding
1929,21230,NaN,NaN,NaN,NaN,NaN,NaN,NaN,transformer,embedding
1930,21241,NaN,NaN,NaN,NaN,NaN,NaN,NaN,transformer,embedding
1931,21252,NaN,NaN,NaN,NaN,NaN,NaN,NaN,transformer,embedding
1932,21263,2.339120692340657e-05,100.0,1.000023365020752,0.001,NaN,NaN,NaN,transformer,embedding
1933,21274,NaN,NaN,NaN,NaN,0.35069552063941956,83.9159164428711,1.4200549125671387,transformer,embedding
1934,21285,NaN,NaN,NaN,NaN,NaN,NaN,NaN,transformer,embedding
1935,21296,NaN,NaN,NaN,NaN,NaN,NaN,NaN,transformer,embedding
1936,21307,NaN,NaN,NaN,NaN,NaN,NaN,NaN,transformer,embedding
1937,21318,NaN,NaN,NaN,NaN,NaN,NaN,NaN,transformer,embedding
1938,21329,NaN,NaN,NaN,NaN,NaN,NaN,NaN,transformer,embedding
1939,21340,NaN,NaN,NaN,NaN,NaN,NaN,NaN,transformer,embedding
1940,21351,NaN,NaN,NaN,NaN,NaN,NaN,NaN,transformer,embedding
1941,21362,NaN,NaN,NaN,NaN,NaN,NaN,NaN,transformer,embedding
1942,21373,NaN,NaN,NaN,NaN,NaN,NaN,NaN,transformer,embedding
1943,21384,NaN,NaN,NaN,NaN,NaN,NaN,NaN,transformer,embedding
1944,21395,NaN,NaN,NaN,NaN,NaN,NaN,NaN,transformer,embedding
1945,21406,NaN,NaN,NaN,NaN,NaN,NaN,NaN,transformer,embedding
1946,21417,NaN,NaN,NaN,NaN,NaN,NaN,NaN,transformer,embedding
1947,21428,NaN,NaN,NaN,NaN,NaN,NaN,NaN,transformer,embedding
1948,21439,NaN,NaN,NaN,NaN,NaN,NaN,NaN,transformer,embedding
1949,21450,NaN,NaN,NaN,NaN,NaN,NaN,NaN,transformer,embedding
1950,21461,NaN,NaN,NaN,NaN,NaN,NaN,NaN,transformer,embedding
1951,21472,4.26508222517441e-06,100.0,1.0000042915344238,0.001,NaN,NaN,NaN,transformer,embedding
1952,21483,NaN,NaN,NaN,NaN,NaN,NaN,NaN,transformer,embedding
1953,21494,NaN,NaN,NaN,NaN,NaN,NaN,NaN,transformer,embedding
1954,21505,NaN,NaN,NaN,NaN,NaN,NaN,NaN,transformer,embedding
1955,21516,NaN,NaN,NaN,NaN,NaN,NaN,NaN,transformer,embedding
1956,21527,NaN,NaN,NaN,NaN,NaN,NaN,NaN,transformer,embedding
1957,21538,NaN,NaN,NaN,NaN,NaN,NaN,NaN,transformer,embedding
1958,21549,NaN,NaN,NaN,NaN,NaN,NaN,NaN,transformer,embedding
1959,21560,NaN,NaN,NaN,NaN,NaN,NaN,NaN,transformer,embedding
1960,21571,NaN,NaN,NaN,NaN,NaN,NaN,NaN,transformer,embedding
1961,21582,NaN,NaN,NaN,NaN,NaN,NaN,NaN,transformer,embedding
1962,21593,NaN,NaN,NaN,NaN,NaN,NaN,NaN,transformer,embedding
1963,21604,NaN,NaN,NaN,NaN,NaN,NaN,NaN,transformer,embedding
1964,21615,NaN,NaN,NaN,NaN,NaN,NaN,NaN,transformer,embedding
1965,21626,NaN,NaN,NaN,NaN,NaN,NaN,NaN,transformer,embedding
1966,21637,NaN,NaN,NaN,NaN,NaN,NaN,NaN,transformer,embedding
1967,21648,NaN,NaN,NaN,NaN,NaN,NaN,NaN,transformer,embedding
1968,21659,NaN,NaN,NaN,NaN,NaN,NaN,NaN,transformer,embedding
1969,21670,NaN,NaN,NaN,NaN,NaN,NaN,NaN,transformer,embedding
1970,21681,9.946739965016604e-07,100.0,1.0000009536743164,0.001,NaN,NaN,NaN,transformer,embedding
1971,21692,NaN,NaN,NaN,NaN,0.2521021366119385,86.9390640258789,1.2867274284362793,transformer,embedding
1972,21703,NaN,NaN,NaN,NaN,NaN,NaN,NaN,transformer,embedding
1973,21714,NaN,NaN,NaN,NaN,NaN,NaN,NaN,transformer,embedding
1974,21725,NaN,NaN,NaN,NaN,NaN,NaN,NaN,transformer,embedding
1975,21736,NaN,NaN,NaN,NaN,NaN,NaN,NaN,transformer,embedding
1976,21747,NaN,NaN,NaN,NaN,NaN,NaN,NaN,transformer,embedding
1977,21758,NaN,NaN,NaN,NaN,NaN,NaN,NaN,transformer,embedding
1978,21769,NaN,NaN,NaN,NaN,NaN,NaN,NaN,transformer,embedding
1979,21780,NaN,NaN,NaN,NaN,NaN,NaN,NaN,transformer,embedding
1980,21791,NaN,NaN,NaN,NaN,NaN,NaN,NaN,transformer,embedding
1981,21802,NaN,NaN,NaN,NaN,NaN,NaN,NaN,transformer,embedding
1982,21813,NaN,NaN,NaN,NaN,NaN,NaN,NaN,transformer,embedding
1983,21824,NaN,NaN,NaN,NaN,NaN,NaN,NaN,transformer,embedding
1984,21835,NaN,NaN,NaN,NaN,NaN,NaN,NaN,transformer,embedding
1985,21846,NaN,NaN,NaN,NaN,NaN,NaN,NaN,transformer,embedding
1986,21857,NaN,NaN,NaN,NaN,NaN,NaN,NaN,transformer,embedding
1987,21868,NaN,NaN,NaN,NaN,NaN,NaN,NaN,transformer,embedding
1988,21879,NaN,NaN,NaN,NaN,NaN,NaN,NaN,transformer,embedding
1989,21890,2.0527028254946345e-07,100.0,1.000000238418579,0.001,NaN,NaN,NaN,transformer,embedding
1990,21901,NaN,NaN,NaN,NaN,NaN,NaN,NaN,transformer,embedding
1991,21912,NaN,NaN,NaN,NaN,NaN,NaN,NaN,transformer,embedding
1992,21923,NaN,NaN,NaN,NaN,NaN,NaN,NaN,transformer,embedding
1993,21934,NaN,NaN,NaN,NaN,NaN,NaN,NaN,transformer,embedding
1994,21945,NaN,NaN,NaN,NaN,NaN,NaN,NaN,transformer,embedding
1995,21956,NaN,NaN,NaN,NaN,NaN,NaN,NaN,transformer,embedding
1996,21967,NaN,NaN,NaN,NaN,NaN,NaN,NaN,transformer,embedding
1997,21978,NaN,NaN,NaN,NaN,NaN,NaN,NaN,transformer,embedding
1998,21989,NaN,NaN,NaN,NaN,NaN,NaN,NaN,transformer,embedding
1999,22000,NaN,NaN,NaN,NaN,NaN,NaN,NaN,transformer,embedding
2000,22011,NaN,NaN,NaN,NaN,NaN,NaN,NaN,transformer,embedding
2001,22022,NaN,NaN,NaN,NaN,NaN,NaN,NaN,transformer,embedding
2002,22033,NaN,NaN,NaN,NaN,NaN,NaN,NaN,transformer,embedding
2003,22044,NaN,NaN,NaN,NaN,NaN,NaN,NaN,transformer,embedding
2004,22055,NaN,NaN,NaN,NaN,NaN,NaN,NaN,transformer,embedding
2005,22066,NaN,NaN,NaN,NaN,NaN,NaN,NaN,transformer,embedding
2006,22077,NaN,NaN,NaN,NaN,NaN,NaN,NaN,transformer,embedding
2007,22088,NaN,NaN,NaN,NaN,NaN,NaN,NaN,transformer,embedding
2008,22099,6.451122658290842e-08,100.0,1.0000001192092896,0.001,NaN,NaN,NaN,transformer,embedding
2009,22110,NaN,NaN,NaN,NaN,NaN,NaN,NaN,transformer,embedding
2010,22121,NaN,NaN,NaN,NaN,0.14888840913772583,91.47378540039062,1.160543441772461,transformer,embedding
2011,22132,NaN,NaN,NaN,NaN,NaN,NaN,NaN,transformer,embedding
2012,22143,NaN,NaN,NaN,NaN,NaN,NaN,NaN,transformer,embedding
2013,22154,NaN,NaN,NaN,NaN,NaN,NaN,NaN,transformer,embedding
2014,22165,NaN,NaN,NaN,NaN,NaN,NaN,NaN,transformer,embedding
2015,22176,NaN,NaN,NaN,NaN,NaN,NaN,NaN,transformer,embedding
2016,22187,NaN,NaN,NaN,NaN,NaN,NaN,NaN,transformer,embedding
2017,22198,NaN,NaN,NaN,NaN,NaN,NaN,NaN,transformer,embedding
2018,22209,NaN,NaN,NaN,NaN,NaN,NaN,NaN,transformer,embedding
2019,22220,NaN,NaN,NaN,NaN,NaN,NaN,NaN,transformer,embedding
2020,22231,NaN,NaN,NaN,NaN,NaN,NaN,NaN,transformer,embedding
2021,22242,NaN,NaN,NaN,NaN,NaN,NaN,NaN,transformer,embedding
2022,22253,NaN,NaN,NaN,NaN,NaN,NaN,NaN,transformer,embedding
2023,22264,NaN,NaN,NaN,NaN,NaN,NaN,NaN,transformer,embedding
2024,22275,NaN,NaN,NaN,NaN,NaN,NaN,NaN,transformer,embedding
2025,22286,NaN,NaN,NaN,NaN,NaN,NaN,NaN,transformer,embedding
2026,22297,NaN,NaN,NaN,NaN,NaN,NaN,NaN,transformer,embedding
2027,22308,NaN,NaN,NaN,NaN,NaN,NaN,NaN,transformer,embedding
2028,22319,5.543519421280507e-08,100.0,1.0,0.001,NaN,NaN,NaN,transformer,embedding
2029,22330,NaN,NaN,NaN,NaN,NaN,NaN,NaN,transformer,embedding
2030,22341,NaN,NaN,NaN,NaN,NaN,NaN,NaN,transformer,embedding
2031,22352,NaN,NaN,NaN,NaN,NaN,NaN,NaN,transformer,embedding
2032,22363,NaN,NaN,NaN,NaN,NaN,NaN,NaN,transformer,embedding
2033,22374,NaN,NaN,NaN,NaN,NaN,NaN,NaN,transformer,embedding
2034,22385,NaN,NaN,NaN,NaN,NaN,NaN,NaN,transformer,embedding
2035,22396,NaN,NaN,NaN,NaN,NaN,NaN,NaN,transformer,embedding
2036,22407,NaN,NaN,NaN,NaN,NaN,NaN,NaN,transformer,embedding
2037,22418,NaN,NaN,NaN,NaN,NaN,NaN,NaN,transformer,embedding
2038,22429,NaN,NaN,NaN,NaN,NaN,NaN,NaN,transformer,embedding
2039,22440,NaN,NaN,NaN,NaN,NaN,NaN,NaN,transformer,embedding
2040,22451,NaN,NaN,NaN,NaN,NaN,NaN,NaN,transformer,embedding
2041,22462,NaN,NaN,NaN,NaN,NaN,NaN,NaN,transformer,embedding
2042,22473,NaN,NaN,NaN,NaN,NaN,NaN,NaN,transformer,embedding
2043,22484,NaN,NaN,NaN,NaN,NaN,NaN,NaN,transformer,embedding
2044,22495,NaN,NaN,NaN,NaN,NaN,NaN,NaN,transformer,embedding
2045,22506,NaN,NaN,NaN,NaN,NaN,NaN,NaN,transformer,embedding
2046,22517,NaN,NaN,NaN,NaN,NaN,NaN,NaN,transformer,embedding
2047,22528,NaN,NaN,NaN,NaN,NaN,NaN,NaN,transformer,embedding
2048,22539,5.195681751501979e-08,100.0,1.0,0.001,NaN,NaN,NaN,transformer,embedding
2049,22550,NaN,NaN,NaN,NaN,NaN,NaN,NaN,transformer,embedding
2050,22561,NaN,NaN,NaN,NaN,0.09076151996850967,94.28436279296875,1.0950078964233398,transformer,embedding
2051,22572,NaN,NaN,NaN,NaN,NaN,NaN,NaN,transformer,embedding
2052,22583,NaN,NaN,NaN,NaN,NaN,NaN,NaN,transformer,embedding
2053,22594,NaN,NaN,NaN,NaN,NaN,NaN,NaN,transformer,embedding
2054,22605,NaN,NaN,NaN,NaN,NaN,NaN,NaN,transformer,embedding
2055,22616,NaN,NaN,NaN,NaN,NaN,NaN,NaN,transformer,embedding
2056,22627,NaN,NaN,NaN,NaN,NaN,NaN,NaN,transformer,embedding
2057,22638,NaN,NaN,NaN,NaN,NaN,NaN,NaN,transformer,embedding
2058,22649,NaN,NaN,NaN,NaN,NaN,NaN,NaN,transformer,embedding
2059,22660,NaN,NaN,NaN,NaN,NaN,NaN,NaN,transformer,embedding
2060,22671,NaN,NaN,NaN,NaN,NaN,NaN,NaN,transformer,embedding
2061,22682,NaN,NaN,NaN,NaN,NaN,NaN,NaN,transformer,embedding
2062,22693,NaN,NaN,NaN,NaN,NaN,NaN,NaN,transformer,embedding
2063,22704,NaN,NaN,NaN,NaN,NaN,NaN,NaN,transformer,embedding
2064,22715,NaN,NaN,NaN,NaN,NaN,NaN,NaN,transformer,embedding
2065,22726,NaN,NaN,NaN,NaN,NaN,NaN,NaN,transformer,embedding
2066,22737,NaN,NaN,NaN,NaN,NaN,NaN,NaN,transformer,embedding
2067,22748,NaN,NaN,NaN,NaN,NaN,NaN,NaN,transformer,embedding
2068,22759,4.779888840289459e-08,100.0,1.0,0.001,NaN,NaN,NaN,transformer,embedding
2069,22770,NaN,NaN,NaN,NaN,NaN,NaN,NaN,transformer,embedding
2070,22781,NaN,NaN,NaN,NaN,NaN,NaN,NaN,transformer,embedding
2071,22792,NaN,NaN,NaN,NaN,NaN,NaN,NaN,transformer,embedding
2072,22803,NaN,NaN,NaN,NaN,NaN,NaN,NaN,transformer,embedding
2073,22814,NaN,NaN,NaN,NaN,NaN,NaN,NaN,transformer,embedding
2074,22825,NaN,NaN,NaN,NaN,NaN,NaN,NaN,transformer,embedding
2075,22836,NaN,NaN,NaN,NaN,NaN,NaN,NaN,transformer,embedding
2076,22847,NaN,NaN,NaN,NaN,NaN,NaN,NaN,transformer,embedding
2077,22858,NaN,NaN,NaN,NaN,NaN,NaN,NaN,transformer,embedding
2078,22869,NaN,NaN,NaN,NaN,NaN,NaN,NaN,transformer,embedding
2079,22880,NaN,NaN,NaN,NaN,NaN,NaN,NaN,transformer,embedding
2080,22891,NaN,NaN,NaN,NaN,NaN,NaN,NaN,transformer,embedding
2081,22902,NaN,NaN,NaN,NaN,NaN,NaN,NaN,transformer,embedding
2082,22913,NaN,NaN,NaN,NaN,NaN,NaN,NaN,transformer,embedding
2083,22924,NaN,NaN,NaN,NaN,NaN,NaN,NaN,transformer,embedding
2084,22935,NaN,NaN,NaN,NaN,NaN,NaN,NaN,transformer,embedding
2085,22946,NaN,NaN,NaN,NaN,NaN,NaN,NaN,transformer,embedding
2086,22957,NaN,NaN,NaN,NaN,NaN,NaN,NaN,transformer,embedding
2087,22968,NaN,NaN,NaN,NaN,NaN,NaN,NaN,transformer,embedding
2088,22979,4.562202349234212e-08,100.0,1.0,0.001,NaN,NaN,NaN,transformer,embedding
2089,22990,NaN,NaN,NaN,NaN,NaN,NaN,NaN,transformer,embedding
2090,23001,NaN,NaN,NaN,NaN,0.09494282305240631,94.0245590209961,1.0995960235595703,transformer,embedding
2091,23012,NaN,NaN,NaN,NaN,NaN,NaN,NaN,transformer,embedding
2092,23023,NaN,NaN,NaN,NaN,NaN,NaN,NaN,transformer,embedding
2093,23034,NaN,NaN,NaN,NaN,NaN,NaN,NaN,transformer,embedding
2094,23045,NaN,NaN,NaN,NaN,NaN,NaN,NaN,transformer,embedding
2095,23056,NaN,NaN,NaN,NaN,NaN,NaN,NaN,transformer,embedding
2096,23067,NaN,NaN,NaN,NaN,NaN,NaN,NaN,transformer,embedding
2097,23078,NaN,NaN,NaN,NaN,NaN,NaN,NaN,transformer,embedding
2098,23089,NaN,NaN,NaN,NaN,NaN,NaN,NaN,transformer,embedding
2099,23100,NaN,NaN,NaN,NaN,NaN,NaN,NaN,transformer,embedding
2100,23111,NaN,NaN,NaN,NaN,NaN,NaN,NaN,transformer,embedding
2101,23122,NaN,NaN,NaN,NaN,NaN,NaN,NaN,transformer,embedding
2102,23133,NaN,NaN,NaN,NaN,NaN,NaN,NaN,transformer,embedding
2103,23144,NaN,NaN,NaN,NaN,NaN,NaN,NaN,transformer,embedding
2104,23155,NaN,NaN,NaN,NaN,NaN,NaN,NaN,transformer,embedding
2105,23166,NaN,NaN,NaN,NaN,NaN,NaN,NaN,transformer,embedding
2106,23177,NaN,NaN,NaN,NaN,NaN,NaN,NaN,transformer,embedding
2107,23188,NaN,NaN,NaN,NaN,NaN,NaN,NaN,transformer,embedding
2108,23199,4.3998014120916196e-08,100.0,1.0,0.001,NaN,NaN,NaN,transformer,embedding
2109,23210,NaN,NaN,NaN,NaN,NaN,NaN,NaN,transformer,embedding
2110,23221,NaN,NaN,NaN,NaN,NaN,NaN,NaN,transformer,embedding
2111,23232,NaN,NaN,NaN,NaN,NaN,NaN,NaN,transformer,embedding
2112,23243,NaN,NaN,NaN,NaN,NaN,NaN,NaN,transformer,embedding
2113,23254,NaN,NaN,NaN,NaN,NaN,NaN,NaN,transformer,embedding
2114,23265,NaN,NaN,NaN,NaN,NaN,NaN,NaN,transformer,embedding
2115,23276,NaN,NaN,NaN,NaN,NaN,NaN,NaN,transformer,embedding
2116,23287,NaN,NaN,NaN,NaN,NaN,NaN,NaN,transformer,embedding
2117,23298,NaN,NaN,NaN,NaN,NaN,NaN,NaN,transformer,embedding
2118,23309,NaN,NaN,NaN,NaN,NaN,NaN,NaN,transformer,embedding
2119,23320,NaN,NaN,NaN,NaN,NaN,NaN,NaN,transformer,embedding
2120,23331,NaN,NaN,NaN,NaN,NaN,NaN,NaN,transformer,embedding
2121,23342,NaN,NaN,NaN,NaN,NaN,NaN,NaN,transformer,embedding
2122,23353,NaN,NaN,NaN,NaN,NaN,NaN,NaN,transformer,embedding
2123,23364,NaN,NaN,NaN,NaN,NaN,NaN,NaN,transformer,embedding
2124,23375,NaN,NaN,NaN,NaN,NaN,NaN,NaN,transformer,embedding
2125,23386,NaN,NaN,NaN,NaN,NaN,NaN,NaN,transformer,embedding
2126,23397,NaN,NaN,NaN,NaN,NaN,NaN,NaN,transformer,embedding
2127,23408,NaN,NaN,NaN,NaN,NaN,NaN,NaN,transformer,embedding
2128,23419,NaN,NaN,NaN,NaN,NaN,NaN,NaN,transformer,embedding
2129,23430,4.7833442096134604e-08,100.0,1.0,0.001,NaN,NaN,NaN,transformer,embedding
2130,23441,NaN,NaN,NaN,NaN,NaN,NaN,NaN,transformer,embedding
2131,23452,NaN,NaN,NaN,NaN,0.09117455780506134,94.78034973144531,1.0954601764678955,transformer,embedding
2132,23463,NaN,NaN,NaN,NaN,NaN,NaN,NaN,transformer,embedding
2133,23474,NaN,NaN,NaN,NaN,NaN,NaN,NaN,transformer,embedding
2134,23485,NaN,NaN,NaN,NaN,NaN,NaN,NaN,transformer,embedding
2135,23496,NaN,NaN,NaN,NaN,NaN,NaN,NaN,transformer,embedding
2136,23507,NaN,NaN,NaN,NaN,NaN,NaN,NaN,transformer,embedding
2137,23518,NaN,NaN,NaN,NaN,NaN,NaN,NaN,transformer,embedding
2138,23529,NaN,NaN,NaN,NaN,NaN,NaN,NaN,transformer,embedding
2139,23540,NaN,NaN,NaN,NaN,NaN,NaN,NaN,transformer,embedding
2140,23551,NaN,NaN,NaN,NaN,NaN,NaN,NaN,transformer,embedding
2141,23562,NaN,NaN,NaN,NaN,NaN,NaN,NaN,transformer,embedding
2142,23573,NaN,NaN,NaN,NaN,NaN,NaN,NaN,transformer,embedding
2143,23584,NaN,NaN,NaN,NaN,NaN,NaN,NaN,transformer,embedding
2144,23595,NaN,NaN,NaN,NaN,NaN,NaN,NaN,transformer,embedding
2145,23606,NaN,NaN,NaN,NaN,NaN,NaN,NaN,transformer,embedding
2146,23617,NaN,NaN,NaN,NaN,NaN,NaN,NaN,transformer,embedding
2147,23628,NaN,NaN,NaN,NaN,NaN,NaN,NaN,transformer,embedding
2148,23639,NaN,NaN,NaN,NaN,NaN,NaN,NaN,transformer,embedding
2149,23650,NaN,NaN,NaN,NaN,NaN,NaN,NaN,transformer,embedding
2150,23661,4.282319920889677e-08,100.0,1.0,0.001,NaN,NaN,NaN,transformer,embedding
2151,23672,NaN,NaN,NaN,NaN,NaN,NaN,NaN,transformer,embedding
2152,23683,NaN,NaN,NaN,NaN,NaN,NaN,NaN,transformer,embedding
2153,23694,NaN,NaN,NaN,NaN,NaN,NaN,NaN,transformer,embedding
2154,23705,NaN,NaN,NaN,NaN,NaN,NaN,NaN,transformer,embedding
2155,23716,NaN,NaN,NaN,NaN,NaN,NaN,NaN,transformer,embedding
2156,23727,NaN,NaN,NaN,NaN,NaN,NaN,NaN,transformer,embedding
2157,23738,NaN,NaN,NaN,NaN,NaN,NaN,NaN,transformer,embedding
2158,23749,NaN,NaN,NaN,NaN,NaN,NaN,NaN,transformer,embedding
2159,23760,NaN,NaN,NaN,NaN,NaN,NaN,NaN,transformer,embedding
2160,23771,NaN,NaN,NaN,NaN,NaN,NaN,NaN,transformer,embedding
2161,23782,NaN,NaN,NaN,NaN,NaN,NaN,NaN,transformer,embedding
2162,23793,NaN,NaN,NaN,NaN,NaN,NaN,NaN,transformer,embedding
2163,23804,NaN,NaN,NaN,NaN,NaN,NaN,NaN,transformer,embedding
2164,23815,NaN,NaN,NaN,NaN,NaN,NaN,NaN,transformer,embedding
2165,23826,NaN,NaN,NaN,NaN,NaN,NaN,NaN,transformer,embedding
2166,23837,NaN,NaN,NaN,NaN,NaN,NaN,NaN,transformer,embedding
2167,23848,NaN,NaN,NaN,NaN,NaN,NaN,NaN,transformer,embedding
2168,23859,NaN,NaN,NaN,NaN,NaN,NaN,NaN,transformer,embedding
2169,23870,NaN,NaN,NaN,NaN,NaN,NaN,NaN,transformer,embedding
2170,23881,NaN,NaN,NaN,NaN,NaN,NaN,NaN,transformer,embedding
2171,23892,4.018562194119113e-08,100.0,1.0,0.001,NaN,NaN,NaN,transformer,embedding
2172,23903,NaN,NaN,NaN,NaN,NaN,NaN,NaN,transformer,embedding
2173,23914,NaN,NaN,NaN,NaN,0.0881761908531189,94.73310852050781,1.0921804904937744,transformer,embedding
2174,23925,NaN,NaN,NaN,NaN,NaN,NaN,NaN,transformer,embedding
2175,23936,NaN,NaN,NaN,NaN,NaN,NaN,NaN,transformer,embedding
2176,23947,NaN,NaN,NaN,NaN,NaN,NaN,NaN,transformer,embedding
2177,23958,NaN,NaN,NaN,NaN,NaN,NaN,NaN,transformer,embedding
2178,23969,NaN,NaN,NaN,NaN,NaN,NaN,NaN,transformer,embedding
2179,23980,NaN,NaN,NaN,NaN,NaN,NaN,NaN,transformer,embedding
2180,23991,NaN,NaN,NaN,NaN,NaN,NaN,NaN,transformer,embedding
2181,24002,NaN,NaN,NaN,NaN,NaN,NaN,NaN,transformer,embedding
2182,24013,NaN,NaN,NaN,NaN,NaN,NaN,NaN,transformer,embedding
2183,24024,NaN,NaN,NaN,NaN,NaN,NaN,NaN,transformer,embedding
2184,24035,NaN,NaN,NaN,NaN,NaN,NaN,NaN,transformer,embedding
2185,24046,NaN,NaN,NaN,NaN,NaN,NaN,NaN,transformer,embedding
2186,24057,NaN,NaN,NaN,NaN,NaN,NaN,NaN,transformer,embedding
2187,24068,NaN,NaN,NaN,NaN,NaN,NaN,NaN,transformer,embedding
2188,24079,NaN,NaN,NaN,NaN,NaN,NaN,NaN,transformer,embedding
2189,24090,NaN,NaN,NaN,NaN,NaN,NaN,NaN,transformer,embedding
2190,24101,NaN,NaN,NaN,NaN,NaN,NaN,NaN,transformer,embedding
2191,24112,NaN,NaN,NaN,NaN,NaN,NaN,NaN,transformer,embedding
2192,24123,3.879196697198495e-08,100.0,1.0,0.001,NaN,NaN,NaN,transformer,embedding
2193,24134,NaN,NaN,NaN,NaN,NaN,NaN,NaN,transformer,embedding
2194,24145,NaN,NaN,NaN,NaN,NaN,NaN,NaN,transformer,embedding
2195,24156,NaN,NaN,NaN,NaN,NaN,NaN,NaN,transformer,embedding
2196,24167,NaN,NaN,NaN,NaN,NaN,NaN,NaN,transformer,embedding
2197,24178,NaN,NaN,NaN,NaN,NaN,NaN,NaN,transformer,embedding
2198,24189,NaN,NaN,NaN,NaN,NaN,NaN,NaN,transformer,embedding
2199,24200,NaN,NaN,NaN,NaN,NaN,NaN,NaN,transformer,embedding
2200,24211,NaN,NaN,NaN,NaN,NaN,NaN,NaN,transformer,embedding
2201,24222,NaN,NaN,NaN,NaN,NaN,NaN,NaN,transformer,embedding
2202,24233,NaN,NaN,NaN,NaN,NaN,NaN,NaN,transformer,embedding
2203,24244,NaN,NaN,NaN,NaN,NaN,NaN,NaN,transformer,embedding
2204,24255,NaN,NaN,NaN,NaN,NaN,NaN,NaN,transformer,embedding
2205,24266,NaN,NaN,NaN,NaN,NaN,NaN,NaN,transformer,embedding
2206,24277,NaN,NaN,NaN,NaN,NaN,NaN,NaN,transformer,embedding
2207,24288,NaN,NaN,NaN,NaN,NaN,NaN,NaN,transformer,embedding
2208,24299,NaN,NaN,NaN,NaN,NaN,NaN,NaN,transformer,embedding
2209,24310,NaN,NaN,NaN,NaN,NaN,NaN,NaN,transformer,embedding
2210,24321,NaN,NaN,NaN,NaN,NaN,NaN,NaN,transformer,embedding
2211,24332,NaN,NaN,NaN,NaN,NaN,NaN,NaN,transformer,embedding
2212,24343,NaN,NaN,NaN,NaN,NaN,NaN,NaN,transformer,embedding
2213,24354,3.758259481401183e-08,100.0,1.0,0.001,NaN,NaN,NaN,transformer,embedding
2214,24365,NaN,NaN,NaN,NaN,NaN,NaN,NaN,transformer,embedding
2215,24376,NaN,NaN,NaN,NaN,NaN,NaN,NaN,transformer,embedding
2216,24387,NaN,NaN,NaN,NaN,0.08070575445890427,95.25271606445312,1.0840518474578857,transformer,embedding
2217,24398,NaN,NaN,NaN,NaN,NaN,NaN,NaN,transformer,embedding
2218,24409,NaN,NaN,NaN,NaN,NaN,NaN,NaN,transformer,embedding
2219,24420,NaN,NaN,NaN,NaN,NaN,NaN,NaN,transformer,embedding
2220,24431,NaN,NaN,NaN,NaN,NaN,NaN,NaN,transformer,embedding
2221,24442,NaN,NaN,NaN,NaN,NaN,NaN,NaN,transformer,embedding
2222,24453,NaN,NaN,NaN,NaN,NaN,NaN,NaN,transformer,embedding
2223,24464,NaN,NaN,NaN,NaN,NaN,NaN,NaN,transformer,embedding
2224,24475,NaN,NaN,NaN,NaN,NaN,NaN,NaN,transformer,embedding
2225,24486,NaN,NaN,NaN,NaN,NaN,NaN,NaN,transformer,embedding
2226,24497,NaN,NaN,NaN,NaN,NaN,NaN,NaN,transformer,embedding
2227,24508,NaN,NaN,NaN,NaN,NaN,NaN,NaN,transformer,embedding
2228,24519,NaN,NaN,NaN,NaN,NaN,NaN,NaN,transformer,embedding
2229,24530,NaN,NaN,NaN,NaN,NaN,NaN,NaN,transformer,embedding
2230,24541,NaN,NaN,NaN,NaN,NaN,NaN,NaN,transformer,embedding
2231,24552,NaN,NaN,NaN,NaN,NaN,NaN,NaN,transformer,embedding
2232,24563,NaN,NaN,NaN,NaN,NaN,NaN,NaN,transformer,embedding
2233,24574,NaN,NaN,NaN,NaN,NaN,NaN,NaN,transformer,embedding
2234,24585,NaN,NaN,NaN,NaN,NaN,NaN,NaN,transformer,embedding
2235,24596,4.2984446224636486e-08,100.0,1.0,0.001,NaN,NaN,NaN,transformer,embedding
2236,24607,NaN,NaN,NaN,NaN,NaN,NaN,NaN,transformer,embedding
2237,24618,NaN,NaN,NaN,NaN,NaN,NaN,NaN,transformer,embedding
2238,24629,NaN,NaN,NaN,NaN,NaN,NaN,NaN,transformer,embedding
2239,24640,NaN,NaN,NaN,NaN,NaN,NaN,NaN,transformer,embedding
2240,24651,NaN,NaN,NaN,NaN,NaN,NaN,NaN,transformer,embedding
2241,24662,NaN,NaN,NaN,NaN,NaN,NaN,NaN,transformer,embedding
2242,24673,NaN,NaN,NaN,NaN,NaN,NaN,NaN,transformer,embedding
2243,24684,NaN,NaN,NaN,NaN,NaN,NaN,NaN,transformer,embedding
2244,24695,NaN,NaN,NaN,NaN,NaN,NaN,NaN,transformer,embedding
2245,24706,NaN,NaN,NaN,NaN,NaN,NaN,NaN,transformer,embedding
2246,24717,NaN,NaN,NaN,NaN,NaN,NaN,NaN,transformer,embedding
2247,24728,NaN,NaN,NaN,NaN,NaN,NaN,NaN,transformer,embedding
2248,24739,NaN,NaN,NaN,NaN,NaN,NaN,NaN,transformer,embedding
2249,24750,NaN,NaN,NaN,NaN,NaN,NaN,NaN,transformer,embedding
2250,24761,NaN,NaN,NaN,NaN,NaN,NaN,NaN,transformer,embedding
2251,24772,NaN,NaN,NaN,NaN,NaN,NaN,NaN,transformer,embedding
2252,24783,NaN,NaN,NaN,NaN,NaN,NaN,NaN,transformer,embedding
2253,24794,NaN,NaN,NaN,NaN,NaN,NaN,NaN,transformer,embedding
2254,24805,NaN,NaN,NaN,NaN,NaN,NaN,NaN,transformer,embedding
2255,24816,NaN,NaN,NaN,NaN,NaN,NaN,NaN,transformer,embedding
2256,24827,NaN,NaN,NaN,NaN,NaN,NaN,NaN,transformer,embedding
2257,24838,3.9321786715618146e-08,100.0,1.0,0.001,NaN,NaN,NaN,transformer,embedding
2258,24849,NaN,NaN,NaN,NaN,NaN,NaN,NaN,transformer,embedding
2259,24860,NaN,NaN,NaN,NaN,NaN,NaN,NaN,transformer,embedding
2260,24871,NaN,NaN,NaN,NaN,0.07077927142381668,95.70146179199219,1.0733442306518555,transformer,embedding
2261,24882,NaN,NaN,NaN,NaN,NaN,NaN,NaN,transformer,embedding
2262,24893,NaN,NaN,NaN,NaN,NaN,NaN,NaN,transformer,embedding
2263,24904,NaN,NaN,NaN,NaN,NaN,NaN,NaN,transformer,embedding
2264,24915,NaN,NaN,NaN,NaN,NaN,NaN,NaN,transformer,embedding
2265,24926,NaN,NaN,NaN,NaN,NaN,NaN,NaN,transformer,embedding
2266,24937,NaN,NaN,NaN,NaN,NaN,NaN,NaN,transformer,embedding
2267,24948,NaN,NaN,NaN,NaN,NaN,NaN,NaN,transformer,embedding
2268,24959,NaN,NaN,NaN,NaN,NaN,NaN,NaN,transformer,embedding
2269,24970,NaN,NaN,NaN,NaN,NaN,NaN,NaN,transformer,embedding
2270,24981,NaN,NaN,NaN,NaN,NaN,NaN,NaN,transformer,embedding
2271,24992,NaN,NaN,NaN,NaN,NaN,NaN,NaN,transformer,embedding
2272,25003,NaN,NaN,NaN,NaN,NaN,NaN,NaN,transformer,embedding
2273,25014,NaN,NaN,NaN,NaN,NaN,NaN,NaN,transformer,embedding
2274,25025,NaN,NaN,NaN,NaN,NaN,NaN,NaN,transformer,embedding
2275,25036,NaN,NaN,NaN,NaN,NaN,NaN,NaN,transformer,embedding
2276,25047,NaN,NaN,NaN,NaN,NaN,NaN,NaN,transformer,embedding
2277,25058,NaN,NaN,NaN,NaN,NaN,NaN,NaN,transformer,embedding
2278,25069,NaN,NaN,NaN,NaN,NaN,NaN,NaN,transformer,embedding
2279,25080,3.7651702200491854e-08,100.0,1.0,0.001,NaN,NaN,NaN,transformer,embedding
2280,25091,NaN,NaN,NaN,NaN,NaN,NaN,NaN,transformer,embedding
2281,25102,NaN,NaN,NaN,NaN,NaN,NaN,NaN,transformer,embedding
2282,25113,NaN,NaN,NaN,NaN,NaN,NaN,NaN,transformer,embedding
2283,25124,NaN,NaN,NaN,NaN,NaN,NaN,NaN,transformer,embedding
2284,25135,NaN,NaN,NaN,NaN,NaN,NaN,NaN,transformer,embedding
2285,25146,NaN,NaN,NaN,NaN,NaN,NaN,NaN,transformer,embedding
2286,25157,NaN,NaN,NaN,NaN,NaN,NaN,NaN,transformer,embedding
2287,25168,NaN,NaN,NaN,NaN,NaN,NaN,NaN,transformer,embedding
2288,25179,NaN,NaN,NaN,NaN,NaN,NaN,NaN,transformer,embedding
2289,25190,NaN,NaN,NaN,NaN,NaN,NaN,NaN,transformer,embedding
2290,25201,NaN,NaN,NaN,NaN,NaN,NaN,NaN,transformer,embedding
2291,25212,NaN,NaN,NaN,NaN,NaN,NaN,NaN,transformer,embedding
2292,25223,NaN,NaN,NaN,NaN,NaN,NaN,NaN,transformer,embedding
2293,25234,NaN,NaN,NaN,NaN,NaN,NaN,NaN,transformer,embedding
2294,25245,NaN,NaN,NaN,NaN,NaN,NaN,NaN,transformer,embedding
2295,25256,NaN,NaN,NaN,NaN,NaN,NaN,NaN,transformer,embedding
2296,25267,NaN,NaN,NaN,NaN,NaN,NaN,NaN,transformer,embedding
2297,25278,NaN,NaN,NaN,NaN,NaN,NaN,NaN,transformer,embedding
2298,25289,NaN,NaN,NaN,NaN,NaN,NaN,NaN,transformer,embedding
2299,25300,NaN,NaN,NaN,NaN,NaN,NaN,NaN,transformer,embedding
2300,25311,NaN,NaN,NaN,NaN,NaN,NaN,NaN,transformer,embedding
2301,25322,3.578582052909951e-08,100.0,1.0,0.001,NaN,NaN,NaN,transformer,embedding
2302,25333,NaN,NaN,NaN,NaN,NaN,NaN,NaN,transformer,embedding
2303,25344,NaN,NaN,NaN,NaN,NaN,NaN,NaN,transformer,embedding
2304,25355,NaN,NaN,NaN,NaN,NaN,NaN,NaN,transformer,embedding
2305,25366,NaN,NaN,NaN,NaN,0.06419321149587631,96.19744873046875,1.0662983655929565,transformer,embedding
2306,25377,NaN,NaN,NaN,NaN,NaN,NaN,NaN,transformer,embedding
2307,25388,NaN,NaN,NaN,NaN,NaN,NaN,NaN,transformer,embedding
2308,25399,NaN,NaN,NaN,NaN,NaN,NaN,NaN,transformer,embedding
2309,25410,NaN,NaN,NaN,NaN,NaN,NaN,NaN,transformer,embedding
2310,25421,NaN,NaN,NaN,NaN,NaN,NaN,NaN,transformer,embedding
2311,25432,NaN,NaN,NaN,NaN,NaN,NaN,NaN,transformer,embedding
2312,25443,NaN,NaN,NaN,NaN,NaN,NaN,NaN,transformer,embedding
2313,25454,NaN,NaN,NaN,NaN,NaN,NaN,NaN,transformer,embedding
2314,25465,NaN,NaN,NaN,NaN,NaN,NaN,NaN,transformer,embedding
2315,25476,NaN,NaN,NaN,NaN,NaN,NaN,NaN,transformer,embedding
2316,25487,NaN,NaN,NaN,NaN,NaN,NaN,NaN,transformer,embedding
2317,25498,NaN,NaN,NaN,NaN,NaN,NaN,NaN,transformer,embedding
2318,25509,NaN,NaN,NaN,NaN,NaN,NaN,NaN,transformer,embedding
2319,25520,NaN,NaN,NaN,NaN,NaN,NaN,NaN,transformer,embedding
2320,25531,NaN,NaN,NaN,NaN,NaN,NaN,NaN,transformer,embedding
2321,25542,NaN,NaN,NaN,NaN,NaN,NaN,NaN,transformer,embedding
2322,25553,NaN,NaN,NaN,NaN,NaN,NaN,NaN,transformer,embedding
2323,25564,NaN,NaN,NaN,NaN,NaN,NaN,NaN,transformer,embedding
2324,25575,3.557849836965943e-08,100.0,1.0,0.001,NaN,NaN,NaN,transformer,embedding
2325,25586,NaN,NaN,NaN,NaN,NaN,NaN,NaN,transformer,embedding
2326,25597,NaN,NaN,NaN,NaN,NaN,NaN,NaN,transformer,embedding
2327,25608,NaN,NaN,NaN,NaN,NaN,NaN,NaN,transformer,embedding
2328,25619,NaN,NaN,NaN,NaN,NaN,NaN,NaN,transformer,embedding
2329,25630,NaN,NaN,NaN,NaN,NaN,NaN,NaN,transformer,embedding
2330,25641,NaN,NaN,NaN,NaN,NaN,NaN,NaN,transformer,embedding
2331,25652,NaN,NaN,NaN,NaN,NaN,NaN,NaN,transformer,embedding
2332,25663,NaN,NaN,NaN,NaN,NaN,NaN,NaN,transformer,embedding
2333,25674,NaN,NaN,NaN,NaN,NaN,NaN,NaN,transformer,embedding
2334,25685,NaN,NaN,NaN,NaN,NaN,NaN,NaN,transformer,embedding
2335,25696,NaN,NaN,NaN,NaN,NaN,NaN,NaN,transformer,embedding
2336,25707,NaN,NaN,NaN,NaN,NaN,NaN,NaN,transformer,embedding
2337,25718,NaN,NaN,NaN,NaN,NaN,NaN,NaN,transformer,embedding
2338,25729,NaN,NaN,NaN,NaN,NaN,NaN,NaN,transformer,embedding
2339,25740,NaN,NaN,NaN,NaN,NaN,NaN,NaN,transformer,embedding
2340,25751,NaN,NaN,NaN,NaN,NaN,NaN,NaN,transformer,embedding
2341,25762,NaN,NaN,NaN,NaN,NaN,NaN,NaN,transformer,embedding
2342,25773,NaN,NaN,NaN,NaN,NaN,NaN,NaN,transformer,embedding
2343,25784,NaN,NaN,NaN,NaN,NaN,NaN,NaN,transformer,embedding
2344,25795,NaN,NaN,NaN,NaN,NaN,NaN,NaN,transformer,embedding
2345,25806,NaN,NaN,NaN,NaN,NaN,NaN,NaN,transformer,embedding
2346,25817,NaN,NaN,NaN,NaN,NaN,NaN,NaN,transformer,embedding
2347,25828,4.0761509723097333e-08,100.0,1.0,0.001,NaN,NaN,NaN,transformer,embedding
2348,25839,NaN,NaN,NaN,NaN,NaN,NaN,NaN,transformer,embedding
2349,25850,NaN,NaN,NaN,NaN,NaN,NaN,NaN,transformer,embedding
2350,25861,NaN,NaN,NaN,NaN,NaN,NaN,NaN,transformer,embedding
2351,25872,NaN,NaN,NaN,NaN,0.05501151084899902,96.71704864501953,1.056552767753601,transformer,embedding
2352,25883,NaN,NaN,NaN,NaN,NaN,NaN,NaN,transformer,embedding
2353,25894,NaN,NaN,NaN,NaN,NaN,NaN,NaN,transformer,embedding
2354,25905,NaN,NaN,NaN,NaN,NaN,NaN,NaN,transformer,embedding
2355,25916,NaN,NaN,NaN,NaN,NaN,NaN,NaN,transformer,embedding
2356,25927,NaN,NaN,NaN,NaN,NaN,NaN,NaN,transformer,embedding
2357,25938,NaN,NaN,NaN,NaN,NaN,NaN,NaN,transformer,embedding
2358,25949,NaN,NaN,NaN,NaN,NaN,NaN,NaN,transformer,embedding
2359,25960,NaN,NaN,NaN,NaN,NaN,NaN,NaN,transformer,embedding
2360,25971,NaN,NaN,NaN,NaN,NaN,NaN,NaN,transformer,embedding
2361,25982,NaN,NaN,NaN,NaN,NaN,NaN,NaN,transformer,embedding
2362,25993,NaN,NaN,NaN,NaN,NaN,NaN,NaN,transformer,embedding
2363,26004,NaN,NaN,NaN,NaN,NaN,NaN,NaN,transformer,embedding
2364,26015,NaN,NaN,NaN,NaN,NaN,NaN,NaN,transformer,embedding
2365,26026,NaN,NaN,NaN,NaN,NaN,NaN,NaN,transformer,embedding
2366,26037,NaN,NaN,NaN,NaN,NaN,NaN,NaN,transformer,embedding
2367,26048,NaN,NaN,NaN,NaN,NaN,NaN,NaN,transformer,embedding
2368,26059,NaN,NaN,NaN,NaN,NaN,NaN,NaN,transformer,embedding
2369,26070,NaN,NaN,NaN,NaN,NaN,NaN,NaN,transformer,embedding
2370,26081,3.608528231779928e-08,100.0,1.0,0.001,NaN,NaN,NaN,transformer,embedding
2371,26092,NaN,NaN,NaN,NaN,NaN,NaN,NaN,transformer,embedding
2372,26103,NaN,NaN,NaN,NaN,NaN,NaN,NaN,transformer,embedding
2373,26114,NaN,NaN,NaN,NaN,NaN,NaN,NaN,transformer,embedding
2374,26125,NaN,NaN,NaN,NaN,NaN,NaN,NaN,transformer,embedding
2375,26136,NaN,NaN,NaN,NaN,NaN,NaN,NaN,transformer,embedding
2376,26147,NaN,NaN,NaN,NaN,NaN,NaN,NaN,transformer,embedding
2377,26158,NaN,NaN,NaN,NaN,NaN,NaN,NaN,transformer,embedding
2378,26169,NaN,NaN,NaN,NaN,NaN,NaN,NaN,transformer,embedding
2379,26180,NaN,NaN,NaN,NaN,NaN,NaN,NaN,transformer,embedding
2380,26191,NaN,NaN,NaN,NaN,NaN,NaN,NaN,transformer,embedding
2381,26202,NaN,NaN,NaN,NaN,NaN,NaN,NaN,transformer,embedding
2382,26213,NaN,NaN,NaN,NaN,NaN,NaN,NaN,transformer,embedding
2383,26224,NaN,NaN,NaN,NaN,NaN,NaN,NaN,transformer,embedding
2384,26235,NaN,NaN,NaN,NaN,NaN,NaN,NaN,transformer,embedding
2385,26246,NaN,NaN,NaN,NaN,NaN,NaN,NaN,transformer,embedding
2386,26257,NaN,NaN,NaN,NaN,NaN,NaN,NaN,transformer,embedding
2387,26268,NaN,NaN,NaN,NaN,NaN,NaN,NaN,transformer,embedding
2388,26279,NaN,NaN,NaN,NaN,NaN,NaN,NaN,transformer,embedding
2389,26290,NaN,NaN,NaN,NaN,NaN,NaN,NaN,transformer,embedding
2390,26301,NaN,NaN,NaN,NaN,NaN,NaN,NaN,transformer,embedding
2391,26312,NaN,NaN,NaN,NaN,NaN,NaN,NaN,transformer,embedding
2392,26323,NaN,NaN,NaN,NaN,NaN,NaN,NaN,transformer,embedding
2393,26334,3.42424328891866e-08,100.0,1.0,0.001,NaN,NaN,NaN,transformer,embedding
2394,26345,NaN,NaN,NaN,NaN,NaN,NaN,NaN,transformer,embedding
2395,26356,NaN,NaN,NaN,NaN,NaN,NaN,NaN,transformer,embedding
2396,26367,NaN,NaN,NaN,NaN,NaN,NaN,NaN,transformer,embedding
2397,26378,NaN,NaN,NaN,NaN,NaN,NaN,NaN,transformer,embedding
2398,26389,NaN,NaN,NaN,NaN,0.048560138791799545,97.11856079101562,1.0497585535049438,transformer,embedding
2399,26400,NaN,NaN,NaN,NaN,NaN,NaN,NaN,transformer,embedding
2400,26411,NaN,NaN,NaN,NaN,NaN,NaN,NaN,transformer,embedding
2401,26422,NaN,NaN,NaN,NaN,NaN,NaN,NaN,transformer,embedding
2402,26433,NaN,NaN,NaN,NaN,NaN,NaN,NaN,transformer,embedding
2403,26444,NaN,NaN,NaN,NaN,NaN,NaN,NaN,transformer,embedding
2404,26455,NaN,NaN,NaN,NaN,NaN,NaN,NaN,transformer,embedding
2405,26466,NaN,NaN,NaN,NaN,NaN,NaN,NaN,transformer,embedding
2406,26477,NaN,NaN,NaN,NaN,NaN,NaN,NaN,transformer,embedding
2407,26488,NaN,NaN,NaN,NaN,NaN,NaN,NaN,transformer,embedding
2408,26499,NaN,NaN,NaN,NaN,NaN,NaN,NaN,transformer,embedding
2409,26510,NaN,NaN,NaN,NaN,NaN,NaN,NaN,transformer,embedding
2410,26521,NaN,NaN,NaN,NaN,NaN,NaN,NaN,transformer,embedding
2411,26532,NaN,NaN,NaN,NaN,NaN,NaN,NaN,transformer,embedding
2412,26543,NaN,NaN,NaN,NaN,NaN,NaN,NaN,transformer,embedding
2413,26554,NaN,NaN,NaN,NaN,NaN,NaN,NaN,transformer,embedding
2414,26565,NaN,NaN,NaN,NaN,NaN,NaN,NaN,transformer,embedding
2415,26576,NaN,NaN,NaN,NaN,NaN,NaN,NaN,transformer,embedding
2416,26587,3.576278473360617e-08,100.0,1.0,0.001,NaN,NaN,NaN,transformer,embedding
2417,26598,NaN,NaN,NaN,NaN,NaN,NaN,NaN,transformer,embedding
2418,26609,NaN,NaN,NaN,NaN,NaN,NaN,NaN,transformer,embedding
2419,26620,NaN,NaN,NaN,NaN,NaN,NaN,NaN,transformer,embedding
2420,26631,NaN,NaN,NaN,NaN,NaN,NaN,NaN,transformer,embedding
2421,26642,NaN,NaN,NaN,NaN,NaN,NaN,NaN,transformer,embedding
2422,26653,NaN,NaN,NaN,NaN,NaN,NaN,NaN,transformer,embedding
2423,26664,NaN,NaN,NaN,NaN,NaN,NaN,NaN,transformer,embedding
2424,26675,NaN,NaN,NaN,NaN,NaN,NaN,NaN,transformer,embedding
2425,26686,NaN,NaN,NaN,NaN,NaN,NaN,NaN,transformer,embedding
2426,26697,NaN,NaN,NaN,NaN,NaN,NaN,NaN,transformer,embedding
2427,26708,NaN,NaN,NaN,NaN,NaN,NaN,NaN,transformer,embedding
2428,26719,NaN,NaN,NaN,NaN,NaN,NaN,NaN,transformer,embedding
2429,26730,NaN,NaN,NaN,NaN,NaN,NaN,NaN,transformer,embedding
2430,26741,NaN,NaN,NaN,NaN,NaN,NaN,NaN,transformer,embedding
2431,26752,NaN,NaN,NaN,NaN,NaN,NaN,NaN,transformer,embedding
2432,26763,NaN,NaN,NaN,NaN,NaN,NaN,NaN,transformer,embedding
2433,26774,NaN,NaN,NaN,NaN,NaN,NaN,NaN,transformer,embedding
2434,26785,NaN,NaN,NaN,NaN,NaN,NaN,NaN,transformer,embedding
2435,26796,NaN,NaN,NaN,NaN,NaN,NaN,NaN,transformer,embedding
2436,26807,NaN,NaN,NaN,NaN,NaN,NaN,NaN,transformer,embedding
2437,26818,NaN,NaN,NaN,NaN,NaN,NaN,NaN,transformer,embedding
2438,26829,NaN,NaN,NaN,NaN,NaN,NaN,NaN,transformer,embedding
2439,26840,NaN,NaN,NaN,NaN,NaN,NaN,NaN,transformer,embedding
2440,26851,3.4369129764399986e-08,100.0,1.0,0.001,NaN,NaN,NaN,transformer,embedding
2441,26862,NaN,NaN,NaN,NaN,NaN,NaN,NaN,transformer,embedding
2442,26873,NaN,NaN,NaN,NaN,NaN,NaN,NaN,transformer,embedding
2443,26884,NaN,NaN,NaN,NaN,NaN,NaN,NaN,transformer,embedding
2444,26895,NaN,NaN,NaN,NaN,NaN,NaN,NaN,transformer,embedding
2445,26906,NaN,NaN,NaN,NaN,0.04304071143269539,97.49645233154297,1.043980360031128,transformer,embedding
2446,26917,NaN,NaN,NaN,NaN,NaN,NaN,NaN,transformer,embedding
2447,26928,NaN,NaN,NaN,NaN,NaN,NaN,NaN,transformer,embedding
2448,26939,NaN,NaN,NaN,NaN,NaN,NaN,NaN,transformer,embedding
2449,26950,NaN,NaN,NaN,NaN,NaN,NaN,NaN,transformer,embedding
2450,26961,NaN,NaN,NaN,NaN,NaN,NaN,NaN,transformer,embedding
2451,26972,NaN,NaN,NaN,NaN,NaN,NaN,NaN,transformer,embedding
2452,26983,NaN,NaN,NaN,NaN,NaN,NaN,NaN,transformer,embedding
2453,26994,NaN,NaN,NaN,NaN,NaN,NaN,NaN,transformer,embedding
2454,27005,NaN,NaN,NaN,NaN,NaN,NaN,NaN,transformer,embedding
2455,27016,NaN,NaN,NaN,NaN,NaN,NaN,NaN,transformer,embedding
2456,27027,NaN,NaN,NaN,NaN,NaN,NaN,NaN,transformer,embedding
2457,27038,NaN,NaN,NaN,NaN,NaN,NaN,NaN,transformer,embedding
2458,27049,NaN,NaN,NaN,NaN,NaN,NaN,NaN,transformer,embedding
2459,27060,NaN,NaN,NaN,NaN,NaN,NaN,NaN,transformer,embedding
2460,27071,NaN,NaN,NaN,NaN,NaN,NaN,NaN,transformer,embedding
2461,27082,NaN,NaN,NaN,NaN,NaN,NaN,NaN,transformer,embedding
2462,27093,NaN,NaN,NaN,NaN,NaN,NaN,NaN,transformer,embedding
2463,27104,NaN,NaN,NaN,NaN,NaN,NaN,NaN,transformer,embedding
2464,27115,3.7835988564438594e-08,100.0,1.0,0.001,NaN,NaN,NaN,transformer,embedding
2465,27126,NaN,NaN,NaN,NaN,NaN,NaN,NaN,transformer,embedding
2466,27137,NaN,NaN,NaN,NaN,NaN,NaN,NaN,transformer,embedding
2467,27148,NaN,NaN,NaN,NaN,NaN,NaN,NaN,transformer,embedding
2468,27159,NaN,NaN,NaN,NaN,NaN,NaN,NaN,transformer,embedding
2469,27170,NaN,NaN,NaN,NaN,NaN,NaN,NaN,transformer,embedding
2470,27181,NaN,NaN,NaN,NaN,NaN,NaN,NaN,transformer,embedding
2471,27192,NaN,NaN,NaN,NaN,NaN,NaN,NaN,transformer,embedding
2472,27203,NaN,NaN,NaN,NaN,NaN,NaN,NaN,transformer,embedding
2473,27214,NaN,NaN,NaN,NaN,NaN,NaN,NaN,transformer,embedding
2474,27225,NaN,NaN,NaN,NaN,NaN,NaN,NaN,transformer,embedding
2475,27236,NaN,NaN,NaN,NaN,NaN,NaN,NaN,transformer,embedding
2476,27247,NaN,NaN,NaN,NaN,NaN,NaN,NaN,transformer,embedding
2477,27258,NaN,NaN,NaN,NaN,NaN,NaN,NaN,transformer,embedding
2478,27269,NaN,NaN,NaN,NaN,NaN,NaN,NaN,transformer,embedding
2479,27280,NaN,NaN,NaN,NaN,NaN,NaN,NaN,transformer,embedding
2480,27291,NaN,NaN,NaN,NaN,NaN,NaN,NaN,transformer,embedding
2481,27302,NaN,NaN,NaN,NaN,NaN,NaN,NaN,transformer,embedding
2482,27313,NaN,NaN,NaN,NaN,NaN,NaN,NaN,transformer,embedding
2483,27324,NaN,NaN,NaN,NaN,NaN,NaN,NaN,transformer,embedding
2484,27335,NaN,NaN,NaN,NaN,NaN,NaN,NaN,transformer,embedding
2485,27346,NaN,NaN,NaN,NaN,NaN,NaN,NaN,transformer,embedding
2486,27357,NaN,NaN,NaN,NaN,NaN,NaN,NaN,transformer,embedding
2487,27368,NaN,NaN,NaN,NaN,NaN,NaN,NaN,transformer,embedding
2488,27379,3.459948416661973e-08,100.0,1.0,0.001,NaN,NaN,NaN,transformer,embedding
2489,27390,NaN,NaN,NaN,NaN,NaN,NaN,NaN,transformer,embedding
2490,27401,NaN,NaN,NaN,NaN,NaN,NaN,NaN,transformer,embedding
2491,27412,NaN,NaN,NaN,NaN,NaN,NaN,NaN,transformer,embedding
2492,27423,NaN,NaN,NaN,NaN,NaN,NaN,NaN,transformer,embedding
2493,27434,NaN,NaN,NaN,NaN,0.03680533543229103,97.73263549804688,1.0374910831451416,transformer,embedding
2494,27445,NaN,NaN,NaN,NaN,NaN,NaN,NaN,transformer,embedding
2495,27456,NaN,NaN,NaN,NaN,NaN,NaN,NaN,transformer,embedding
2496,27467,NaN,NaN,NaN,NaN,NaN,NaN,NaN,transformer,embedding
2497,27478,NaN,NaN,NaN,NaN,NaN,NaN,NaN,transformer,embedding
2498,27489,NaN,NaN,NaN,NaN,NaN,NaN,NaN,transformer,embedding
2499,27500,NaN,NaN,NaN,NaN,NaN,NaN,NaN,transformer,embedding
2500,27511,NaN,NaN,NaN,NaN,NaN,NaN,NaN,transformer,embedding
2501,27522,NaN,NaN,NaN,NaN,NaN,NaN,NaN,transformer,embedding
2502,27533,NaN,NaN,NaN,NaN,NaN,NaN,NaN,transformer,embedding
2503,27544,NaN,NaN,NaN,NaN,NaN,NaN,NaN,transformer,embedding
2504,27555,NaN,NaN,NaN,NaN,NaN,NaN,NaN,transformer,embedding
2505,27566,NaN,NaN,NaN,NaN,NaN,NaN,NaN,transformer,embedding
2506,27577,NaN,NaN,NaN,NaN,NaN,NaN,NaN,transformer,embedding
2507,27588,NaN,NaN,NaN,NaN,NaN,NaN,NaN,transformer,embedding
2508,27599,NaN,NaN,NaN,NaN,NaN,NaN,NaN,transformer,embedding
2509,27610,NaN,NaN,NaN,NaN,NaN,NaN,NaN,transformer,embedding
2510,27621,NaN,NaN,NaN,NaN,NaN,NaN,NaN,transformer,embedding
2511,27632,NaN,NaN,NaN,NaN,NaN,NaN,NaN,transformer,embedding
2512,27643,4.3168732588583225e-08,100.0,1.0,0.001,NaN,NaN,NaN,transformer,embedding
2513,27654,NaN,NaN,NaN,NaN,NaN,NaN,NaN,transformer,embedding
2514,27665,NaN,NaN,NaN,NaN,NaN,NaN,NaN,transformer,embedding
2515,27676,NaN,NaN,NaN,NaN,NaN,NaN,NaN,transformer,embedding
2516,27687,NaN,NaN,NaN,NaN,NaN,NaN,NaN,transformer,embedding
2517,27698,NaN,NaN,NaN,NaN,NaN,NaN,NaN,transformer,embedding
2518,27709,NaN,NaN,NaN,NaN,NaN,NaN,NaN,transformer,embedding
2519,27720,NaN,NaN,NaN,NaN,NaN,NaN,NaN,transformer,embedding
2520,27731,NaN,NaN,NaN,NaN,NaN,NaN,NaN,transformer,embedding
2521,27742,NaN,NaN,NaN,NaN,NaN,NaN,NaN,transformer,embedding
2522,27753,NaN,NaN,NaN,NaN,NaN,NaN,NaN,transformer,embedding
2523,27764,NaN,NaN,NaN,NaN,NaN,NaN,NaN,transformer,embedding
2524,27775,NaN,NaN,NaN,NaN,NaN,NaN,NaN,transformer,embedding
2525,27786,NaN,NaN,NaN,NaN,NaN,NaN,NaN,transformer,embedding
2526,27797,NaN,NaN,NaN,NaN,NaN,NaN,NaN,transformer,embedding
2527,27808,NaN,NaN,NaN,NaN,NaN,NaN,NaN,transformer,embedding
2528,27819,NaN,NaN,NaN,NaN,NaN,NaN,NaN,transformer,embedding
2529,27830,NaN,NaN,NaN,NaN,NaN,NaN,NaN,transformer,embedding
2530,27841,NaN,NaN,NaN,NaN,NaN,NaN,NaN,transformer,embedding
2531,27852,NaN,NaN,NaN,NaN,NaN,NaN,NaN,transformer,embedding
2532,27863,NaN,NaN,NaN,NaN,NaN,NaN,NaN,transformer,embedding
2533,27874,NaN,NaN,NaN,NaN,NaN,NaN,NaN,transformer,embedding
2534,27885,NaN,NaN,NaN,NaN,NaN,NaN,NaN,transformer,embedding
2535,27896,NaN,NaN,NaN,NaN,NaN,NaN,NaN,transformer,embedding
2536,27907,NaN,NaN,NaN,NaN,NaN,NaN,NaN,transformer,embedding
2537,27918,3.4184843400453246e-08,100.0,1.0,0.001,NaN,NaN,NaN,transformer,embedding
2538,27929,NaN,NaN,NaN,NaN,NaN,NaN,NaN,transformer,embedding
2539,27940,NaN,NaN,NaN,NaN,NaN,NaN,NaN,transformer,embedding
2540,27951,NaN,NaN,NaN,NaN,NaN,NaN,NaN,transformer,embedding
2541,27962,NaN,NaN,NaN,NaN,NaN,NaN,NaN,transformer,embedding
2542,27973,NaN,NaN,NaN,NaN,0.028338246047496796,98.29947662353516,1.0287436246871948,transformer,embedding
2543,27984,NaN,NaN,NaN,NaN,NaN,NaN,NaN,transformer,embedding
2544,27995,NaN,NaN,NaN,NaN,NaN,NaN,NaN,transformer,embedding
2545,28006,NaN,NaN,NaN,NaN,NaN,NaN,NaN,transformer,embedding
2546,28017,NaN,NaN,NaN,NaN,NaN,NaN,NaN,transformer,embedding
2547,28028,NaN,NaN,NaN,NaN,NaN,NaN,NaN,transformer,embedding
2548,28039,NaN,NaN,NaN,NaN,NaN,NaN,NaN,transformer,embedding
2549,28050,NaN,NaN,NaN,NaN,NaN,NaN,NaN,transformer,embedding
2550,28061,NaN,NaN,NaN,NaN,NaN,NaN,NaN,transformer,embedding
2551,28072,NaN,NaN,NaN,NaN,NaN,NaN,NaN,transformer,embedding
2552,28083,NaN,NaN,NaN,NaN,NaN,NaN,NaN,transformer,embedding
2553,28094,NaN,NaN,NaN,NaN,NaN,NaN,NaN,transformer,embedding
2554,28105,NaN,NaN,NaN,NaN,NaN,NaN,NaN,transformer,embedding
2555,28116,NaN,NaN,NaN,NaN,NaN,NaN,NaN,transformer,embedding
2556,28127,NaN,NaN,NaN,NaN,NaN,NaN,NaN,transformer,embedding
2557,28138,NaN,NaN,NaN,NaN,NaN,NaN,NaN,transformer,embedding
2558,28149,NaN,NaN,NaN,NaN,NaN,NaN,NaN,transformer,embedding
2559,28160,NaN,NaN,NaN,NaN,NaN,NaN,NaN,transformer,embedding
2560,28171,NaN,NaN,NaN,NaN,NaN,NaN,NaN,transformer,embedding
2561,28182,NaN,NaN,NaN,NaN,NaN,NaN,NaN,transformer,embedding
2562,28193,3.383931002076679e-08,100.0,1.0,0.001,NaN,NaN,NaN,transformer,embedding
2563,28204,NaN,NaN,NaN,NaN,NaN,NaN,NaN,transformer,embedding
2564,28215,NaN,NaN,NaN,NaN,NaN,NaN,NaN,transformer,embedding
2565,28226,NaN,NaN,NaN,NaN,NaN,NaN,NaN,transformer,embedding
2566,28237,NaN,NaN,NaN,NaN,NaN,NaN,NaN,transformer,embedding
2567,28248,NaN,NaN,NaN,NaN,NaN,NaN,NaN,transformer,embedding
2568,28259,NaN,NaN,NaN,NaN,NaN,NaN,NaN,transformer,embedding
2569,28270,NaN,NaN,NaN,NaN,NaN,NaN,NaN,transformer,embedding
2570,28281,NaN,NaN,NaN,NaN,NaN,NaN,NaN,transformer,embedding
2571,28292,NaN,NaN,NaN,NaN,NaN,NaN,NaN,transformer,embedding
2572,28303,NaN,NaN,NaN,NaN,NaN,NaN,NaN,transformer,embedding
2573,28314,NaN,NaN,NaN,NaN,NaN,NaN,NaN,transformer,embedding
2574,28325,NaN,NaN,NaN,NaN,NaN,NaN,NaN,transformer,embedding
2575,28336,NaN,NaN,NaN,NaN,NaN,NaN,NaN,transformer,embedding
2576,28347,NaN,NaN,NaN,NaN,NaN,NaN,NaN,transformer,embedding
2577,28358,NaN,NaN,NaN,NaN,NaN,NaN,NaN,transformer,embedding
2578,28369,NaN,NaN,NaN,NaN,NaN,NaN,NaN,transformer,embedding
2579,28380,NaN,NaN,NaN,NaN,NaN,NaN,NaN,transformer,embedding
2580,28391,NaN,NaN,NaN,NaN,NaN,NaN,NaN,transformer,embedding
2581,28402,NaN,NaN,NaN,NaN,NaN,NaN,NaN,transformer,embedding
2582,28413,NaN,NaN,NaN,NaN,NaN,NaN,NaN,transformer,embedding
2583,28424,NaN,NaN,NaN,NaN,NaN,NaN,NaN,transformer,embedding
2584,28435,NaN,NaN,NaN,NaN,NaN,NaN,NaN,transformer,embedding
2585,28446,NaN,NaN,NaN,NaN,NaN,NaN,NaN,transformer,embedding
2586,28457,NaN,NaN,NaN,NaN,NaN,NaN,NaN,transformer,embedding
2587,28468,3.385082791851346e-08,100.0,1.0,0.001,NaN,NaN,NaN,transformer,embedding
2588,28479,NaN,NaN,NaN,NaN,NaN,NaN,NaN,transformer,embedding
2589,28490,NaN,NaN,NaN,NaN,NaN,NaN,NaN,transformer,embedding
2590,28501,NaN,NaN,NaN,NaN,NaN,NaN,NaN,transformer,embedding
2591,28512,NaN,NaN,NaN,NaN,NaN,NaN,NaN,transformer,embedding
2592,28523,NaN,NaN,NaN,NaN,0.02509300224483013,98.55928039550781,1.025410532951355,transformer,embedding
2593,28534,NaN,NaN,NaN,NaN,NaN,NaN,NaN,transformer,embedding
2594,28545,NaN,NaN,NaN,NaN,NaN,NaN,NaN,transformer,embedding
2595,28556,NaN,NaN,NaN,NaN,NaN,NaN,NaN,transformer,embedding
2596,28567,NaN,NaN,NaN,NaN,NaN,NaN,NaN,transformer,embedding
2597,28578,NaN,NaN,NaN,NaN,NaN,NaN,NaN,transformer,embedding
2598,28589,NaN,NaN,NaN,NaN,NaN,NaN,NaN,transformer,embedding
2599,28600,NaN,NaN,NaN,NaN,NaN,NaN,NaN,transformer,embedding
2600,28611,NaN,NaN,NaN,NaN,NaN,NaN,NaN,transformer,embedding
2601,28622,NaN,NaN,NaN,NaN,NaN,NaN,NaN,transformer,embedding
2602,28633,NaN,NaN,NaN,NaN,NaN,NaN,NaN,transformer,embedding
2603,28644,NaN,NaN,NaN,NaN,NaN,NaN,NaN,transformer,embedding
2604,28655,NaN,NaN,NaN,NaN,NaN,NaN,NaN,transformer,embedding
2605,28666,NaN,NaN,NaN,NaN,NaN,NaN,NaN,transformer,embedding
2606,28677,NaN,NaN,NaN,NaN,NaN,NaN,NaN,transformer,embedding
2607,28688,NaN,NaN,NaN,NaN,NaN,NaN,NaN,transformer,embedding
2608,28699,NaN,NaN,NaN,NaN,NaN,NaN,NaN,transformer,embedding
2609,28710,NaN,NaN,NaN,NaN,NaN,NaN,NaN,transformer,embedding
2610,28721,NaN,NaN,NaN,NaN,NaN,NaN,NaN,transformer,embedding
2611,28732,NaN,NaN,NaN,NaN,NaN,NaN,NaN,transformer,embedding
2612,28743,3.402359638471353e-08,100.0,1.0,0.001,NaN,NaN,NaN,transformer,embedding
2613,28754,NaN,NaN,NaN,NaN,NaN,NaN,NaN,transformer,embedding
2614,28765,NaN,NaN,NaN,NaN,NaN,NaN,NaN,transformer,embedding
2615,28776,NaN,NaN,NaN,NaN,NaN,NaN,NaN,transformer,embedding
2616,28787,NaN,NaN,NaN,NaN,NaN,NaN,NaN,transformer,embedding
2617,28798,NaN,NaN,NaN,NaN,NaN,NaN,NaN,transformer,embedding
2618,28809,NaN,NaN,NaN,NaN,NaN,NaN,NaN,transformer,embedding
2619,28820,NaN,NaN,NaN,NaN,NaN,NaN,NaN,transformer,embedding
2620,28831,NaN,NaN,NaN,NaN,NaN,NaN,NaN,transformer,embedding
2621,28842,NaN,NaN,NaN,NaN,NaN,NaN,NaN,transformer,embedding
2622,28853,NaN,NaN,NaN,NaN,NaN,NaN,NaN,transformer,embedding
2623,28864,NaN,NaN,NaN,NaN,NaN,NaN,NaN,transformer,embedding
2624,28875,NaN,NaN,NaN,NaN,NaN,NaN,NaN,transformer,embedding
2625,28886,NaN,NaN,NaN,NaN,NaN,NaN,NaN,transformer,embedding
2626,28897,NaN,NaN,NaN,NaN,NaN,NaN,NaN,transformer,embedding
2627,28908,NaN,NaN,NaN,NaN,NaN,NaN,NaN,transformer,embedding
2628,28919,NaN,NaN,NaN,NaN,NaN,NaN,NaN,transformer,embedding
2629,28930,NaN,NaN,NaN,NaN,NaN,NaN,NaN,transformer,embedding
2630,28941,NaN,NaN,NaN,NaN,NaN,NaN,NaN,transformer,embedding
2631,28952,NaN,NaN,NaN,NaN,NaN,NaN,NaN,transformer,embedding
2632,28963,NaN,NaN,NaN,NaN,NaN,NaN,NaN,transformer,embedding
2633,28974,NaN,NaN,NaN,NaN,NaN,NaN,NaN,transformer,embedding
2634,28985,NaN,NaN,NaN,NaN,NaN,NaN,NaN,transformer,embedding
2635,28996,NaN,NaN,NaN,NaN,NaN,NaN,NaN,transformer,embedding
2636,29007,NaN,NaN,NaN,NaN,NaN,NaN,NaN,transformer,embedding
2637,29018,NaN,NaN,NaN,NaN,NaN,NaN,NaN,transformer,embedding
2638,29029,3.18697672696544e-08,100.0,1.0,0.001,NaN,NaN,NaN,transformer,embedding
2639,29040,NaN,NaN,NaN,NaN,NaN,NaN,NaN,transformer,embedding
2640,29051,NaN,NaN,NaN,NaN,NaN,NaN,NaN,transformer,embedding
2641,29062,NaN,NaN,NaN,NaN,NaN,NaN,NaN,transformer,embedding
2642,29073,NaN,NaN,NaN,NaN,NaN,NaN,NaN,transformer,embedding
2643,29084,NaN,NaN,NaN,NaN,0.021881232038140297,98.65375518798828,1.0221223831176758,transformer,embedding
2644,29095,NaN,NaN,NaN,NaN,NaN,NaN,NaN,transformer,embedding
2645,29106,NaN,NaN,NaN,NaN,NaN,NaN,NaN,transformer,embedding
2646,29117,NaN,NaN,NaN,NaN,NaN,NaN,NaN,transformer,embedding
2647,29128,NaN,NaN,NaN,NaN,NaN,NaN,NaN,transformer,embedding
2648,29139,NaN,NaN,NaN,NaN,NaN,NaN,NaN,transformer,embedding
2649,29150,NaN,NaN,NaN,NaN,NaN,NaN,NaN,transformer,embedding
2650,29161,NaN,NaN,NaN,NaN,NaN,NaN,NaN,transformer,embedding
2651,29172,NaN,NaN,NaN,NaN,NaN,NaN,NaN,transformer,embedding
2652,29183,NaN,NaN,NaN,NaN,NaN,NaN,NaN,transformer,embedding
2653,29194,NaN,NaN,NaN,NaN,NaN,NaN,NaN,transformer,embedding
2654,29205,NaN,NaN,NaN,NaN,NaN,NaN,NaN,transformer,embedding
2655,29216,NaN,NaN,NaN,NaN,NaN,NaN,NaN,transformer,embedding
2656,29227,NaN,NaN,NaN,NaN,NaN,NaN,NaN,transformer,embedding
2657,29238,NaN,NaN,NaN,NaN,NaN,NaN,NaN,transformer,embedding
2658,29249,NaN,NaN,NaN,NaN,NaN,NaN,NaN,transformer,embedding
2659,29260,NaN,NaN,NaN,NaN,NaN,NaN,NaN,transformer,embedding
2660,29271,NaN,NaN,NaN,NaN,NaN,NaN,NaN,transformer,embedding
2661,29282,NaN,NaN,NaN,NaN,NaN,NaN,NaN,transformer,embedding
2662,29293,NaN,NaN,NaN,NaN,NaN,NaN,NaN,transformer,embedding
2663,29304,NaN,NaN,NaN,NaN,NaN,NaN,NaN,transformer,embedding
2664,29315,0.0006422701990231872,99.94203186035156,1.0006424188613892,0.001,NaN,NaN,NaN,transformer,embedding
2665,29326,NaN,NaN,NaN,NaN,NaN,NaN,NaN,transformer,embedding
2666,29337,NaN,NaN,NaN,NaN,NaN,NaN,NaN,transformer,embedding
2667,29348,NaN,NaN,NaN,NaN,NaN,NaN,NaN,transformer,embedding
2668,29359,NaN,NaN,NaN,NaN,NaN,NaN,NaN,transformer,embedding
2669,29370,NaN,NaN,NaN,NaN,NaN,NaN,NaN,transformer,embedding
2670,29381,NaN,NaN,NaN,NaN,NaN,NaN,NaN,transformer,embedding
2671,29392,NaN,NaN,NaN,NaN,NaN,NaN,NaN,transformer,embedding
2672,29403,NaN,NaN,NaN,NaN,NaN,NaN,NaN,transformer,embedding
2673,29414,NaN,NaN,NaN,NaN,NaN,NaN,NaN,transformer,embedding
2674,29425,NaN,NaN,NaN,NaN,NaN,NaN,NaN,transformer,embedding
2675,29436,NaN,NaN,NaN,NaN,NaN,NaN,NaN,transformer,embedding
2676,29447,NaN,NaN,NaN,NaN,NaN,NaN,NaN,transformer,embedding
2677,29458,NaN,NaN,NaN,NaN,NaN,NaN,NaN,transformer,embedding
2678,29469,NaN,NaN,NaN,NaN,NaN,NaN,NaN,transformer,embedding
2679,29480,NaN,NaN,NaN,NaN,NaN,NaN,NaN,transformer,embedding
2680,29491,NaN,NaN,NaN,NaN,NaN,NaN,NaN,transformer,embedding
2681,29502,NaN,NaN,NaN,NaN,NaN,NaN,NaN,transformer,embedding
2682,29513,NaN,NaN,NaN,NaN,NaN,NaN,NaN,transformer,embedding
2683,29524,NaN,NaN,NaN,NaN,NaN,NaN,NaN,transformer,embedding
2684,29535,NaN,NaN,NaN,NaN,NaN,NaN,NaN,transformer,embedding
2685,29546,NaN,NaN,NaN,NaN,NaN,NaN,NaN,transformer,embedding
2686,29557,NaN,NaN,NaN,NaN,NaN,NaN,NaN,transformer,embedding
2687,29568,NaN,NaN,NaN,NaN,NaN,NaN,NaN,transformer,embedding
2688,29579,NaN,NaN,NaN,NaN,NaN,NaN,NaN,transformer,embedding
2689,29590,NaN,NaN,NaN,NaN,NaN,NaN,NaN,transformer,embedding
2690,29601,1.2215199603815563e-05,100.0,1.0000121593475342,0.001,NaN,NaN,NaN,transformer,embedding
2691,29612,NaN,NaN,NaN,NaN,NaN,NaN,NaN,transformer,embedding
2692,29623,NaN,NaN,NaN,NaN,NaN,NaN,NaN,transformer,embedding
2693,29634,NaN,NaN,NaN,NaN,NaN,NaN,NaN,transformer,embedding
2694,29645,NaN,NaN,NaN,NaN,NaN,NaN,NaN,transformer,embedding
2695,29656,NaN,NaN,NaN,NaN,0.10570559650659561,95.41804504394531,1.111494541168213,transformer,embedding
2696,29667,NaN,NaN,NaN,NaN,NaN,NaN,NaN,transformer,embedding
2697,29678,NaN,NaN,NaN,NaN,NaN,NaN,NaN,transformer,embedding
2698,29689,NaN,NaN,NaN,NaN,NaN,NaN,NaN,transformer,embedding
2699,29700,NaN,NaN,NaN,NaN,NaN,NaN,NaN,transformer,embedding
2700,29711,NaN,NaN,NaN,NaN,NaN,NaN,NaN,transformer,embedding
2701,29722,NaN,NaN,NaN,NaN,NaN,NaN,NaN,transformer,embedding
2702,29733,NaN,NaN,NaN,NaN,NaN,NaN,NaN,transformer,embedding
2703,29744,NaN,NaN,NaN,NaN,NaN,NaN,NaN,transformer,embedding
2704,29755,NaN,NaN,NaN,NaN,NaN,NaN,NaN,transformer,embedding
2705,29766,NaN,NaN,NaN,NaN,NaN,NaN,NaN,transformer,embedding
2706,29777,NaN,NaN,NaN,NaN,NaN,NaN,NaN,transformer,embedding
2707,29788,NaN,NaN,NaN,NaN,NaN,NaN,NaN,transformer,embedding
2708,29799,NaN,NaN,NaN,NaN,NaN,NaN,NaN,transformer,embedding
2709,29810,NaN,NaN,NaN,NaN,NaN,NaN,NaN,transformer,embedding
2710,29821,NaN,NaN,NaN,NaN,NaN,NaN,NaN,transformer,embedding
2711,29832,NaN,NaN,NaN,NaN,NaN,NaN,NaN,transformer,embedding
2712,29843,NaN,NaN,NaN,NaN,NaN,NaN,NaN,transformer,embedding
2713,29854,NaN,NaN,NaN,NaN,NaN,NaN,NaN,transformer,embedding
2714,29865,NaN,NaN,NaN,NaN,NaN,NaN,NaN,transformer,embedding
2715,29876,NaN,NaN,NaN,NaN,NaN,NaN,NaN,transformer,embedding
2716,29887,4.6723812374693807e-07,100.0,1.0000004768371582,0.001,NaN,NaN,NaN,transformer,embedding
2717,29898,NaN,NaN,NaN,NaN,NaN,NaN,NaN,transformer,embedding
2718,29909,NaN,NaN,NaN,NaN,NaN,NaN,NaN,transformer,embedding
2719,29920,NaN,NaN,NaN,NaN,NaN,NaN,NaN,transformer,embedding
2720,29931,NaN,NaN,NaN,NaN,NaN,NaN,NaN,transformer,embedding
2721,29942,NaN,NaN,NaN,NaN,NaN,NaN,NaN,transformer,embedding
2722,29953,NaN,NaN,NaN,NaN,NaN,NaN,NaN,transformer,embedding
2723,29964,NaN,NaN,NaN,NaN,NaN,NaN,NaN,transformer,embedding
2724,29975,NaN,NaN,NaN,NaN,NaN,NaN,NaN,transformer,embedding
2725,29986,NaN,NaN,NaN,NaN,NaN,NaN,NaN,transformer,embedding
2726,29997,NaN,NaN,NaN,NaN,NaN,NaN,NaN,transformer,embedding
2727,30008,NaN,NaN,NaN,NaN,NaN,NaN,NaN,transformer,embedding
2728,30019,NaN,NaN,NaN,NaN,NaN,NaN,NaN,transformer,embedding
2729,30030,NaN,NaN,NaN,NaN,NaN,NaN,NaN,transformer,embedding
2730,30041,NaN,NaN,NaN,NaN,NaN,NaN,NaN,transformer,embedding
2731,30052,NaN,NaN,NaN,NaN,NaN,NaN,NaN,transformer,embedding
2732,30063,NaN,NaN,NaN,NaN,NaN,NaN,NaN,transformer,embedding
2733,30074,NaN,NaN,NaN,NaN,NaN,NaN,NaN,transformer,embedding
2734,30085,NaN,NaN,NaN,NaN,NaN,NaN,NaN,transformer,embedding
2735,30096,NaN,NaN,NaN,NaN,NaN,NaN,NaN,transformer,embedding
2736,30107,NaN,NaN,NaN,NaN,NaN,NaN,NaN,transformer,embedding
2737,30118,NaN,NaN,NaN,NaN,NaN,NaN,NaN,transformer,embedding
2738,30129,NaN,NaN,NaN,NaN,NaN,NaN,NaN,transformer,embedding
2739,30140,NaN,NaN,NaN,NaN,NaN,NaN,NaN,transformer,embedding
2740,30151,NaN,NaN,NaN,NaN,NaN,NaN,NaN,transformer,embedding
2741,30162,NaN,NaN,NaN,NaN,NaN,NaN,NaN,transformer,embedding
2742,30173,NaN,NaN,NaN,NaN,NaN,NaN,NaN,transformer,embedding
2743,30184,4.8962167653598954e-08,100.0,1.0,0.001,NaN,NaN,NaN,transformer,embedding
2744,30195,NaN,NaN,NaN,NaN,NaN,NaN,NaN,transformer,embedding
2745,30206,NaN,NaN,NaN,NaN,NaN,NaN,NaN,transformer,embedding
2746,30217,NaN,NaN,NaN,NaN,NaN,NaN,NaN,transformer,embedding
2747,30228,NaN,NaN,NaN,NaN,NaN,NaN,NaN,transformer,embedding
2748,30239,NaN,NaN,NaN,NaN,0.05453524366021156,97.30751037597656,1.0560497045516968,transformer,embedding
2749,30250,NaN,NaN,NaN,NaN,NaN,NaN,NaN,transformer,embedding
2750,30261,NaN,NaN,NaN,NaN,NaN,NaN,NaN,transformer,embedding
2751,30272,NaN,NaN,NaN,NaN,NaN,NaN,NaN,transformer,embedding
2752,30283,NaN,NaN,NaN,NaN,NaN,NaN,NaN,transformer,embedding
2753,30294,NaN,NaN,NaN,NaN,NaN,NaN,NaN,transformer,embedding
2754,30305,NaN,NaN,NaN,NaN,NaN,NaN,NaN,transformer,embedding
2755,30316,NaN,NaN,NaN,NaN,NaN,NaN,NaN,transformer,embedding
2756,30327,NaN,NaN,NaN,NaN,NaN,NaN,NaN,transformer,embedding
2757,30338,NaN,NaN,NaN,NaN,NaN,NaN,NaN,transformer,embedding
2758,30349,NaN,NaN,NaN,NaN,NaN,NaN,NaN,transformer,embedding
2759,30360,NaN,NaN,NaN,NaN,NaN,NaN,NaN,transformer,embedding
2760,30371,NaN,NaN,NaN,NaN,NaN,NaN,NaN,transformer,embedding
2761,30382,NaN,NaN,NaN,NaN,NaN,NaN,NaN,transformer,embedding
2762,30393,NaN,NaN,NaN,NaN,NaN,NaN,NaN,transformer,embedding
2763,30404,NaN,NaN,NaN,NaN,NaN,NaN,NaN,transformer,embedding
2764,30415,NaN,NaN,NaN,NaN,NaN,NaN,NaN,transformer,embedding
2765,30426,NaN,NaN,NaN,NaN,NaN,NaN,NaN,transformer,embedding
2766,30437,NaN,NaN,NaN,NaN,NaN,NaN,NaN,transformer,embedding
2767,30448,NaN,NaN,NaN,NaN,NaN,NaN,NaN,transformer,embedding
2768,30459,NaN,NaN,NaN,NaN,NaN,NaN,NaN,transformer,embedding
2769,30470,NaN,NaN,NaN,NaN,NaN,NaN,NaN,transformer,embedding
2770,30481,1.4731272202084256e-08,100.0,1.0,0.001,NaN,NaN,NaN,transformer,embedding
2771,30492,NaN,NaN,NaN,NaN,NaN,NaN,NaN,transformer,embedding
2772,30503,NaN,NaN,NaN,NaN,NaN,NaN,NaN,transformer,embedding
2773,30514,NaN,NaN,NaN,NaN,NaN,NaN,NaN,transformer,embedding
2774,30525,NaN,NaN,NaN,NaN,NaN,NaN,NaN,transformer,embedding
2775,30536,NaN,NaN,NaN,NaN,NaN,NaN,NaN,transformer,embedding
2776,30547,NaN,NaN,NaN,NaN,NaN,NaN,NaN,transformer,embedding
2777,30558,NaN,NaN,NaN,NaN,NaN,NaN,NaN,transformer,embedding
2778,30569,NaN,NaN,NaN,NaN,NaN,NaN,NaN,transformer,embedding
2779,30580,NaN,NaN,NaN,NaN,NaN,NaN,NaN,transformer,embedding
2780,30591,NaN,NaN,NaN,NaN,NaN,NaN,NaN,transformer,embedding
2781,30602,NaN,NaN,NaN,NaN,NaN,NaN,NaN,transformer,embedding
2782,30613,NaN,NaN,NaN,NaN,NaN,NaN,NaN,transformer,embedding
2783,30624,NaN,NaN,NaN,NaN,NaN,NaN,NaN,transformer,embedding
2784,30635,NaN,NaN,NaN,NaN,NaN,NaN,NaN,transformer,embedding
2785,30646,NaN,NaN,NaN,NaN,NaN,NaN,NaN,transformer,embedding
2786,30657,NaN,NaN,NaN,NaN,NaN,NaN,NaN,transformer,embedding
2787,30668,NaN,NaN,NaN,NaN,NaN,NaN,NaN,transformer,embedding
2788,30679,NaN,NaN,NaN,NaN,NaN,NaN,NaN,transformer,embedding
2789,30690,NaN,NaN,NaN,NaN,NaN,NaN,NaN,transformer,embedding
2790,30701,NaN,NaN,NaN,NaN,NaN,NaN,NaN,transformer,embedding
2791,30712,NaN,NaN,NaN,NaN,NaN,NaN,NaN,transformer,embedding
2792,30723,NaN,NaN,NaN,NaN,NaN,NaN,NaN,transformer,embedding
2793,30734,NaN,NaN,NaN,NaN,NaN,NaN,NaN,transformer,embedding
2794,30745,NaN,NaN,NaN,NaN,NaN,NaN,NaN,transformer,embedding
2795,30756,NaN,NaN,NaN,NaN,NaN,NaN,NaN,transformer,embedding
2796,30767,NaN,NaN,NaN,NaN,NaN,NaN,NaN,transformer,embedding
2797,30778,3.869982379001158e-08,100.0,1.0,0.001,NaN,NaN,NaN,transformer,embedding
2798,30789,NaN,NaN,NaN,NaN,NaN,NaN,NaN,transformer,embedding
2799,30800,NaN,NaN,NaN,NaN,NaN,NaN,NaN,transformer,embedding
2800,30811,NaN,NaN,NaN,NaN,NaN,NaN,NaN,transformer,embedding
2801,30822,NaN,NaN,NaN,NaN,NaN,NaN,NaN,transformer,embedding
2802,30833,NaN,NaN,NaN,NaN,0.0003937715373467654,100.0,1.0003938674926758,transformer,embedding
2803,30844,NaN,NaN,NaN,NaN,NaN,NaN,NaN,transformer,embedding
2804,30855,NaN,NaN,NaN,NaN,NaN,NaN,NaN,transformer,embedding
2805,30866,NaN,NaN,NaN,NaN,NaN,NaN,NaN,transformer,embedding
2806,30877,NaN,NaN,NaN,NaN,NaN,NaN,NaN,transformer,embedding
2807,30888,NaN,NaN,NaN,NaN,NaN,NaN,NaN,transformer,embedding
2808,30899,NaN,NaN,NaN,NaN,NaN,NaN,NaN,transformer,embedding
2809,30910,NaN,NaN,NaN,NaN,NaN,NaN,NaN,transformer,embedding
2810,30921,NaN,NaN,NaN,NaN,NaN,NaN,NaN,transformer,embedding
2811,30932,NaN,NaN,NaN,NaN,NaN,NaN,NaN,transformer,embedding
2812,30943,NaN,NaN,NaN,NaN,NaN,NaN,NaN,transformer,embedding
2813,30954,NaN,NaN,NaN,NaN,NaN,NaN,NaN,transformer,embedding
2814,30965,NaN,NaN,NaN,NaN,NaN,NaN,NaN,transformer,embedding
2815,30976,NaN,NaN,NaN,NaN,NaN,NaN,NaN,transformer,embedding
2816,30987,NaN,NaN,NaN,NaN,NaN,NaN,NaN,transformer,embedding
2817,30998,NaN,NaN,NaN,NaN,NaN,NaN,NaN,transformer,embedding
2818,31009,NaN,NaN,NaN,NaN,NaN,NaN,NaN,transformer,embedding
2819,31020,NaN,NaN,NaN,NaN,NaN,NaN,NaN,transformer,embedding
2820,31031,NaN,NaN,NaN,NaN,NaN,NaN,NaN,transformer,embedding
2821,31042,NaN,NaN,NaN,NaN,NaN,NaN,NaN,transformer,embedding
2822,31053,NaN,NaN,NaN,NaN,NaN,NaN,NaN,transformer,embedding
2823,31064,NaN,NaN,NaN,NaN,NaN,NaN,NaN,transformer,embedding
2824,31075,4.088820659831072e-08,100.0,1.0,0.001,NaN,NaN,NaN,transformer,embedding
2825,31086,NaN,NaN,NaN,NaN,NaN,NaN,NaN,transformer,embedding
2826,31097,NaN,NaN,NaN,NaN,NaN,NaN,NaN,transformer,embedding
2827,31108,NaN,NaN,NaN,NaN,NaN,NaN,NaN,transformer,embedding
2828,31119,NaN,NaN,NaN,NaN,NaN,NaN,NaN,transformer,embedding
2829,31130,NaN,NaN,NaN,NaN,NaN,NaN,NaN,transformer,embedding
2830,31141,NaN,NaN,NaN,NaN,NaN,NaN,NaN,transformer,embedding
2831,31152,NaN,NaN,NaN,NaN,NaN,NaN,NaN,transformer,embedding
2832,31163,NaN,NaN,NaN,NaN,NaN,NaN,NaN,transformer,embedding
2833,31174,NaN,NaN,NaN,NaN,NaN,NaN,NaN,transformer,embedding
2834,31185,NaN,NaN,NaN,NaN,NaN,NaN,NaN,transformer,embedding
2835,31196,NaN,NaN,NaN,NaN,NaN,NaN,NaN,transformer,embedding
2836,31207,NaN,NaN,NaN,NaN,NaN,NaN,NaN,transformer,embedding
2837,31218,NaN,NaN,NaN,NaN,NaN,NaN,NaN,transformer,embedding
2838,31229,NaN,NaN,NaN,NaN,NaN,NaN,NaN,transformer,embedding
2839,31240,NaN,NaN,NaN,NaN,NaN,NaN,NaN,transformer,embedding
2840,31251,NaN,NaN,NaN,NaN,NaN,NaN,NaN,transformer,embedding
2841,31262,NaN,NaN,NaN,NaN,NaN,NaN,NaN,transformer,embedding
2842,31273,NaN,NaN,NaN,NaN,NaN,NaN,NaN,transformer,embedding
2843,31284,NaN,NaN,NaN,NaN,NaN,NaN,NaN,transformer,embedding
2844,31295,NaN,NaN,NaN,NaN,NaN,NaN,NaN,transformer,embedding
2845,31306,NaN,NaN,NaN,NaN,NaN,NaN,NaN,transformer,embedding
2846,31317,NaN,NaN,NaN,NaN,NaN,NaN,NaN,transformer,embedding
2847,31328,NaN,NaN,NaN,NaN,NaN,NaN,NaN,transformer,embedding
2848,31339,NaN,NaN,NaN,NaN,NaN,NaN,NaN,transformer,embedding
2849,31350,NaN,NaN,NaN,NaN,NaN,NaN,NaN,transformer,embedding
2850,31361,NaN,NaN,NaN,NaN,NaN,NaN,NaN,transformer,embedding
2851,31372,NaN,NaN,NaN,NaN,NaN,NaN,NaN,transformer,embedding
2852,31383,3.760563416221885e-08,100.0,1.0,0.001,NaN,NaN,NaN,transformer,embedding
2853,31394,NaN,NaN,NaN,NaN,NaN,NaN,NaN,transformer,embedding
2854,31405,NaN,NaN,NaN,NaN,NaN,NaN,NaN,transformer,embedding
2855,31416,NaN,NaN,NaN,NaN,NaN,NaN,NaN,transformer,embedding
2856,31427,NaN,NaN,NaN,NaN,NaN,NaN,NaN,transformer,embedding
2857,31438,NaN,NaN,NaN,NaN,NaN,NaN,NaN,transformer,embedding
2858,31449,NaN,NaN,NaN,NaN,0.0003724101115949452,100.0,1.0003725290298462,transformer,embedding
2859,31460,NaN,NaN,NaN,NaN,NaN,NaN,NaN,transformer,embedding
2860,31471,NaN,NaN,NaN,NaN,NaN,NaN,NaN,transformer,embedding
2861,31482,NaN,NaN,NaN,NaN,NaN,NaN,NaN,transformer,embedding
2862,31493,NaN,NaN,NaN,NaN,NaN,NaN,NaN,transformer,embedding
2863,31504,NaN,NaN,NaN,NaN,NaN,NaN,NaN,transformer,embedding
2864,31515,NaN,NaN,NaN,NaN,NaN,NaN,NaN,transformer,embedding
2865,31526,NaN,NaN,NaN,NaN,NaN,NaN,NaN,transformer,embedding
2866,31537,NaN,NaN,NaN,NaN,NaN,NaN,NaN,transformer,embedding
2867,31548,NaN,NaN,NaN,NaN,NaN,NaN,NaN,transformer,embedding
2868,31559,NaN,NaN,NaN,NaN,NaN,NaN,NaN,transformer,embedding
2869,31570,NaN,NaN,NaN,NaN,NaN,NaN,NaN,transformer,embedding
2870,31581,NaN,NaN,NaN,NaN,NaN,NaN,NaN,transformer,embedding
2871,31592,NaN,NaN,NaN,NaN,NaN,NaN,NaN,transformer,embedding
2872,31603,NaN,NaN,NaN,NaN,NaN,NaN,NaN,transformer,embedding
2873,31614,NaN,NaN,NaN,NaN,NaN,NaN,NaN,transformer,embedding
2874,31625,NaN,NaN,NaN,NaN,NaN,NaN,NaN,transformer,embedding
2875,31636,NaN,NaN,NaN,NaN,NaN,NaN,NaN,transformer,embedding
2876,31647,NaN,NaN,NaN,NaN,NaN,NaN,NaN,transformer,embedding
2877,31658,NaN,NaN,NaN,NaN,NaN,NaN,NaN,transformer,embedding
2878,31669,NaN,NaN,NaN,NaN,NaN,NaN,NaN,transformer,embedding
2879,31680,NaN,NaN,NaN,NaN,NaN,NaN,NaN,transformer,embedding
2880,31691,3.760563060950517e-08,100.0,1.0,0.001,NaN,NaN,NaN,transformer,embedding
2881,31702,NaN,NaN,NaN,NaN,NaN,NaN,NaN,transformer,embedding
2882,31713,NaN,NaN,NaN,NaN,NaN,NaN,NaN,transformer,embedding
2883,31724,NaN,NaN,NaN,NaN,NaN,NaN,NaN,transformer,embedding
2884,31735,NaN,NaN,NaN,NaN,NaN,NaN,NaN,transformer,embedding
2885,31746,NaN,NaN,NaN,NaN,NaN,NaN,NaN,transformer,embedding
2886,31757,NaN,NaN,NaN,NaN,NaN,NaN,NaN,transformer,embedding
2887,31768,NaN,NaN,NaN,NaN,NaN,NaN,NaN,transformer,embedding
2888,31779,NaN,NaN,NaN,NaN,NaN,NaN,NaN,transformer,embedding
2889,31790,NaN,NaN,NaN,NaN,NaN,NaN,NaN,transformer,embedding
2890,31801,NaN,NaN,NaN,NaN,NaN,NaN,NaN,transformer,embedding
2891,31812,NaN,NaN,NaN,NaN,NaN,NaN,NaN,transformer,embedding
2892,31823,NaN,NaN,NaN,NaN,NaN,NaN,NaN,transformer,embedding
2893,31834,NaN,NaN,NaN,NaN,NaN,NaN,NaN,transformer,embedding
2894,31845,NaN,NaN,NaN,NaN,NaN,NaN,NaN,transformer,embedding
2895,31856,NaN,NaN,NaN,NaN,NaN,NaN,NaN,transformer,embedding
2896,31867,NaN,NaN,NaN,NaN,NaN,NaN,NaN,transformer,embedding
2897,31878,NaN,NaN,NaN,NaN,NaN,NaN,NaN,transformer,embedding
2898,31889,NaN,NaN,NaN,NaN,NaN,NaN,NaN,transformer,embedding
2899,31900,NaN,NaN,NaN,NaN,NaN,NaN,NaN,transformer,embedding
2900,31911,NaN,NaN,NaN,NaN,NaN,NaN,NaN,transformer,embedding
2901,31922,NaN,NaN,NaN,NaN,NaN,NaN,NaN,transformer,embedding
2902,31933,NaN,NaN,NaN,NaN,NaN,NaN,NaN,transformer,embedding
2903,31944,NaN,NaN,NaN,NaN,NaN,NaN,NaN,transformer,embedding
2904,31955,NaN,NaN,NaN,NaN,NaN,NaN,NaN,transformer,embedding
2905,31966,NaN,NaN,NaN,NaN,NaN,NaN,NaN,transformer,embedding
2906,31977,NaN,NaN,NaN,NaN,NaN,NaN,NaN,transformer,embedding
2907,31988,NaN,NaN,NaN,NaN,NaN,NaN,NaN,transformer,embedding
2908,31999,3.504867862602623e-08,100.0,1.0,0.001,NaN,NaN,NaN,transformer,embedding
2909,32010,NaN,NaN,NaN,NaN,NaN,NaN,NaN,transformer,embedding
2910,32021,NaN,NaN,NaN,NaN,NaN,NaN,NaN,transformer,embedding
2911,32032,NaN,NaN,NaN,NaN,NaN,NaN,NaN,transformer,embedding
2912,32043,NaN,NaN,NaN,NaN,NaN,NaN,NaN,transformer,embedding
2913,32054,NaN,NaN,NaN,NaN,NaN,NaN,NaN,transformer,embedding
2914,32065,NaN,NaN,NaN,NaN,NaN,NaN,NaN,transformer,embedding
2915,32076,NaN,NaN,NaN,NaN,0.00029369565891101956,100.0,1.0002937316894531,transformer,embedding
2916,32087,NaN,NaN,NaN,NaN,NaN,NaN,NaN,transformer,embedding
2917,32098,NaN,NaN,NaN,NaN,NaN,NaN,NaN,transformer,embedding
2918,32109,NaN,NaN,NaN,NaN,NaN,NaN,NaN,transformer,embedding
2919,32120,NaN,NaN,NaN,NaN,NaN,NaN,NaN,transformer,embedding
2920,32131,NaN,NaN,NaN,NaN,NaN,NaN,NaN,transformer,embedding
2921,32142,NaN,NaN,NaN,NaN,NaN,NaN,NaN,transformer,embedding
2922,32153,NaN,NaN,NaN,NaN,NaN,NaN,NaN,transformer,embedding
2923,32164,NaN,NaN,NaN,NaN,NaN,NaN,NaN,transformer,embedding
2924,32175,NaN,NaN,NaN,NaN,NaN,NaN,NaN,transformer,embedding
2925,32186,NaN,NaN,NaN,NaN,NaN,NaN,NaN,transformer,embedding
2926,32197,NaN,NaN,NaN,NaN,NaN,NaN,NaN,transformer,embedding
2927,32208,NaN,NaN,NaN,NaN,NaN,NaN,NaN,transformer,embedding
2928,32219,NaN,NaN,NaN,NaN,NaN,NaN,NaN,transformer,embedding
2929,32230,NaN,NaN,NaN,NaN,NaN,NaN,NaN,transformer,embedding
2930,32241,NaN,NaN,NaN,NaN,NaN,NaN,NaN,transformer,embedding
2931,32252,NaN,NaN,NaN,NaN,NaN,NaN,NaN,transformer,embedding
2932,32263,NaN,NaN,NaN,NaN,NaN,NaN,NaN,transformer,embedding
2933,32274,NaN,NaN,NaN,NaN,NaN,NaN,NaN,transformer,embedding
2934,32285,NaN,NaN,NaN,NaN,NaN,NaN,NaN,transformer,embedding
2935,32296,NaN,NaN,NaN,NaN,NaN,NaN,NaN,transformer,embedding
2936,32307,NaN,NaN,NaN,NaN,NaN,NaN,NaN,transformer,embedding
2937,32318,3.138601911700789e-08,100.0,1.0,0.001,NaN,NaN,NaN,transformer,embedding
2938,32329,NaN,NaN,NaN,NaN,NaN,NaN,NaN,transformer,embedding
2939,32340,NaN,NaN,NaN,NaN,NaN,NaN,NaN,transformer,embedding
2940,32351,NaN,NaN,NaN,NaN,NaN,NaN,NaN,transformer,embedding
2941,32362,NaN,NaN,NaN,NaN,NaN,NaN,NaN,transformer,embedding
2942,32373,NaN,NaN,NaN,NaN,NaN,NaN,NaN,transformer,embedding
2943,32384,NaN,NaN,NaN,NaN,NaN,NaN,NaN,transformer,embedding
2944,32395,NaN,NaN,NaN,NaN,NaN,NaN,NaN,transformer,embedding
2945,32406,NaN,NaN,NaN,NaN,NaN,NaN,NaN,transformer,embedding
2946,32417,NaN,NaN,NaN,NaN,NaN,NaN,NaN,transformer,embedding
2947,32428,NaN,NaN,NaN,NaN,NaN,NaN,NaN,transformer,embedding
2948,32439,NaN,NaN,NaN,NaN,NaN,NaN,NaN,transformer,embedding
2949,32450,NaN,NaN,NaN,NaN,NaN,NaN,NaN,transformer,embedding
2950,32461,NaN,NaN,NaN,NaN,NaN,NaN,NaN,transformer,embedding
2951,32472,NaN,NaN,NaN,NaN,NaN,NaN,NaN,transformer,embedding
2952,32483,NaN,NaN,NaN,NaN,NaN,NaN,NaN,transformer,embedding
2953,32494,NaN,NaN,NaN,NaN,NaN,NaN,NaN,transformer,embedding
2954,32505,NaN,NaN,NaN,NaN,NaN,NaN,NaN,transformer,embedding
2955,32516,NaN,NaN,NaN,NaN,NaN,NaN,NaN,transformer,embedding
2956,32527,NaN,NaN,NaN,NaN,NaN,NaN,NaN,transformer,embedding
2957,32538,NaN,NaN,NaN,NaN,NaN,NaN,NaN,transformer,embedding
2958,32549,NaN,NaN,NaN,NaN,NaN,NaN,NaN,transformer,embedding
2959,32560,NaN,NaN,NaN,NaN,NaN,NaN,NaN,transformer,embedding
2960,32571,NaN,NaN,NaN,NaN,NaN,NaN,NaN,transformer,embedding
2961,32582,NaN,NaN,NaN,NaN,NaN,NaN,NaN,transformer,embedding
2962,32593,NaN,NaN,NaN,NaN,NaN,NaN,NaN,transformer,embedding
2963,32604,NaN,NaN,NaN,NaN,NaN,NaN,NaN,transformer,embedding
2964,32615,NaN,NaN,NaN,NaN,NaN,NaN,NaN,transformer,embedding
2965,32626,NaN,NaN,NaN,NaN,NaN,NaN,NaN,transformer,embedding
2966,32637,3.406966797570021e-08,100.0,1.0,0.001,NaN,NaN,NaN,transformer,embedding
2967,32648,NaN,NaN,NaN,NaN,NaN,NaN,NaN,transformer,embedding
2968,32659,NaN,NaN,NaN,NaN,NaN,NaN,NaN,transformer,embedding
2969,32670,NaN,NaN,NaN,NaN,NaN,NaN,NaN,transformer,embedding
2970,32681,NaN,NaN,NaN,NaN,NaN,NaN,NaN,transformer,embedding
2971,32692,NaN,NaN,NaN,NaN,NaN,NaN,NaN,transformer,embedding
2972,32703,NaN,NaN,NaN,NaN,NaN,NaN,NaN,transformer,embedding
2973,32714,NaN,NaN,NaN,NaN,0.000209091798751615,100.0,1.000209093093872,transformer,embedding
2974,32725,NaN,NaN,NaN,NaN,NaN,NaN,NaN,transformer,embedding
2975,32736,NaN,NaN,NaN,NaN,NaN,NaN,NaN,transformer,embedding
2976,32747,NaN,NaN,NaN,NaN,NaN,NaN,NaN,transformer,embedding
2977,32758,NaN,NaN,NaN,NaN,NaN,NaN,NaN,transformer,embedding
2978,32769,NaN,NaN,NaN,NaN,NaN,NaN,NaN,transformer,embedding
2979,32780,NaN,NaN,NaN,NaN,NaN,NaN,NaN,transformer,embedding
2980,32791,NaN,NaN,NaN,NaN,NaN,NaN,NaN,transformer,embedding
2981,32802,NaN,NaN,NaN,NaN,NaN,NaN,NaN,transformer,embedding
2982,32813,NaN,NaN,NaN,NaN,NaN,NaN,NaN,transformer,embedding
2983,32824,NaN,NaN,NaN,NaN,NaN,NaN,NaN,transformer,embedding
2984,32835,NaN,NaN,NaN,NaN,NaN,NaN,NaN,transformer,embedding
2985,32846,NaN,NaN,NaN,NaN,NaN,NaN,NaN,transformer,embedding
2986,32857,NaN,NaN,NaN,NaN,NaN,NaN,NaN,transformer,embedding
2987,32868,NaN,NaN,NaN,NaN,NaN,NaN,NaN,transformer,embedding
2988,32879,NaN,NaN,NaN,NaN,NaN,NaN,NaN,transformer,embedding
2989,32890,NaN,NaN,NaN,NaN,NaN,NaN,NaN,transformer,embedding
2990,32901,NaN,NaN,NaN,NaN,NaN,NaN,NaN,transformer,embedding
2991,32912,NaN,NaN,NaN,NaN,NaN,NaN,NaN,transformer,embedding
2992,32923,NaN,NaN,NaN,NaN,NaN,NaN,NaN,transformer,embedding
2993,32934,NaN,NaN,NaN,NaN,NaN,NaN,NaN,transformer,embedding
2994,32945,NaN,NaN,NaN,NaN,NaN,NaN,NaN,transformer,embedding
2995,32956,3.4000560589220186e-08,100.0,1.0,0.001,NaN,NaN,NaN,transformer,embedding
2996,32967,NaN,NaN,NaN,NaN,NaN,NaN,NaN,transformer,embedding
2997,32978,NaN,NaN,NaN,NaN,NaN,NaN,NaN,transformer,embedding
2998,32989,NaN,NaN,NaN,NaN,NaN,NaN,NaN,transformer,embedding
2999,33000,NaN,NaN,NaN,NaN,NaN,NaN,NaN,transformer,embedding
3000,33011,NaN,NaN,NaN,NaN,NaN,NaN,NaN,transformer,embedding
3001,33022,NaN,NaN,NaN,NaN,NaN,NaN,NaN,transformer,embedding
3002,33033,NaN,NaN,NaN,NaN,NaN,NaN,NaN,transformer,embedding
3003,33044,NaN,NaN,NaN,NaN,NaN,NaN,NaN,transformer,embedding
3004,33055,NaN,NaN,NaN,NaN,NaN,NaN,NaN,transformer,embedding
3005,33066,NaN,NaN,NaN,NaN,NaN,NaN,NaN,transformer,embedding
3006,33077,NaN,NaN,NaN,NaN,NaN,NaN,NaN,transformer,embedding
3007,33088,NaN,NaN,NaN,NaN,NaN,NaN,NaN,transformer,embedding
3008,33099,NaN,NaN,NaN,NaN,NaN,NaN,NaN,transformer,embedding
3009,33110,NaN,NaN,NaN,NaN,NaN,NaN,NaN,transformer,embedding
3010,33121,NaN,NaN,NaN,NaN,NaN,NaN,NaN,transformer,embedding
3011,33132,NaN,NaN,NaN,NaN,NaN,NaN,NaN,transformer,embedding
3012,33143,NaN,NaN,NaN,NaN,NaN,NaN,NaN,transformer,embedding
3013,33154,NaN,NaN,NaN,NaN,NaN,NaN,NaN,transformer,embedding
3014,33165,NaN,NaN,NaN,NaN,NaN,NaN,NaN,transformer,embedding
3015,33176,NaN,NaN,NaN,NaN,NaN,NaN,NaN,transformer,embedding
3016,33187,NaN,NaN,NaN,NaN,NaN,NaN,NaN,transformer,embedding
3017,33198,NaN,NaN,NaN,NaN,NaN,NaN,NaN,transformer,embedding
3018,33209,NaN,NaN,NaN,NaN,NaN,NaN,NaN,transformer,embedding
3019,33220,NaN,NaN,NaN,NaN,NaN,NaN,NaN,transformer,embedding
3020,33231,NaN,NaN,NaN,NaN,NaN,NaN,NaN,transformer,embedding
3021,33242,NaN,NaN,NaN,NaN,NaN,NaN,NaN,transformer,embedding
3022,33253,NaN,NaN,NaN,NaN,NaN,NaN,NaN,transformer,embedding
3023,33264,NaN,NaN,NaN,NaN,NaN,NaN,NaN,transformer,embedding
3024,33275,3.2353515422300916e-08,100.0,1.0,0.001,NaN,NaN,NaN,transformer,embedding
3025,33286,NaN,NaN,NaN,NaN,NaN,NaN,NaN,transformer,embedding
3026,33297,NaN,NaN,NaN,NaN,NaN,NaN,NaN,transformer,embedding
3027,33308,NaN,NaN,NaN,NaN,NaN,NaN,NaN,transformer,embedding
3028,33319,NaN,NaN,NaN,NaN,NaN,NaN,NaN,transformer,embedding
3029,33330,NaN,NaN,NaN,NaN,NaN,NaN,NaN,transformer,embedding
3030,33341,NaN,NaN,NaN,NaN,NaN,NaN,NaN,transformer,embedding
3031,33352,NaN,NaN,NaN,NaN,NaN,NaN,NaN,transformer,embedding
3032,33363,NaN,NaN,NaN,NaN,0.00012394407531246543,100.0,1.0001239776611328,transformer,embedding
3033,33374,NaN,NaN,NaN,NaN,NaN,NaN,NaN,transformer,embedding
3034,33385,NaN,NaN,NaN,NaN,NaN,NaN,NaN,transformer,embedding
3035,33396,NaN,NaN,NaN,NaN,NaN,NaN,NaN,transformer,embedding
3036,33407,NaN,NaN,NaN,NaN,NaN,NaN,NaN,transformer,embedding
3037,33418,NaN,NaN,NaN,NaN,NaN,NaN,NaN,transformer,embedding
3038,33429,NaN,NaN,NaN,NaN,NaN,NaN,NaN,transformer,embedding
3039,33440,NaN,NaN,NaN,NaN,NaN,NaN,NaN,transformer,embedding
3040,33451,NaN,NaN,NaN,NaN,NaN,NaN,NaN,transformer,embedding
3041,33462,NaN,NaN,NaN,NaN,NaN,NaN,NaN,transformer,embedding
3042,33473,NaN,NaN,NaN,NaN,NaN,NaN,NaN,transformer,embedding
3043,33484,NaN,NaN,NaN,NaN,NaN,NaN,NaN,transformer,embedding
3044,33495,NaN,NaN,NaN,NaN,NaN,NaN,NaN,transformer,embedding
3045,33506,NaN,NaN,NaN,NaN,NaN,NaN,NaN,transformer,embedding
3046,33517,NaN,NaN,NaN,NaN,NaN,NaN,NaN,transformer,embedding
3047,33528,NaN,NaN,NaN,NaN,NaN,NaN,NaN,transformer,embedding
3048,33539,NaN,NaN,NaN,NaN,NaN,NaN,NaN,transformer,embedding
3049,33550,NaN,NaN,NaN,NaN,NaN,NaN,NaN,transformer,embedding
3050,33561,NaN,NaN,NaN,NaN,NaN,NaN,NaN,transformer,embedding
3051,33572,NaN,NaN,NaN,NaN,NaN,NaN,NaN,transformer,embedding
3052,33583,NaN,NaN,NaN,NaN,NaN,NaN,NaN,transformer,embedding
3053,33594,NaN,NaN,NaN,NaN,NaN,NaN,NaN,transformer,embedding
3054,33605,3.108655377559444e-08,100.0,1.0,0.001,NaN,NaN,NaN,transformer,embedding
3055,33616,NaN,NaN,NaN,NaN,NaN,NaN,NaN,transformer,embedding
3056,33627,NaN,NaN,NaN,NaN,NaN,NaN,NaN,transformer,embedding
3057,33638,NaN,NaN,NaN,NaN,NaN,NaN,NaN,transformer,embedding
3058,33649,NaN,NaN,NaN,NaN,NaN,NaN,NaN,transformer,embedding
3059,33660,NaN,NaN,NaN,NaN,NaN,NaN,NaN,transformer,embedding
3060,33671,NaN,NaN,NaN,NaN,NaN,NaN,NaN,transformer,embedding
3061,33682,NaN,NaN,NaN,NaN,NaN,NaN,NaN,transformer,embedding
3062,33693,NaN,NaN,NaN,NaN,NaN,NaN,NaN,transformer,embedding
3063,33704,NaN,NaN,NaN,NaN,NaN,NaN,NaN,transformer,embedding
3064,33715,NaN,NaN,NaN,NaN,NaN,NaN,NaN,transformer,embedding
3065,33726,NaN,NaN,NaN,NaN,NaN,NaN,NaN,transformer,embedding
3066,33737,NaN,NaN,NaN,NaN,NaN,NaN,NaN,transformer,embedding
3067,33748,NaN,NaN,NaN,NaN,NaN,NaN,NaN,transformer,embedding
3068,33759,NaN,NaN,NaN,NaN,NaN,NaN,NaN,transformer,embedding
3069,33770,NaN,NaN,NaN,NaN,NaN,NaN,NaN,transformer,embedding
3070,33781,NaN,NaN,NaN,NaN,NaN,NaN,NaN,transformer,embedding
3071,33792,NaN,NaN,NaN,NaN,NaN,NaN,NaN,transformer,embedding
3072,33803,NaN,NaN,NaN,NaN,NaN,NaN,NaN,transformer,embedding
3073,33814,NaN,NaN,NaN,NaN,NaN,NaN,NaN,transformer,embedding
3074,33825,NaN,NaN,NaN,NaN,NaN,NaN,NaN,transformer,embedding
3075,33836,NaN,NaN,NaN,NaN,NaN,NaN,NaN,transformer,embedding
3076,33847,NaN,NaN,NaN,NaN,NaN,NaN,NaN,transformer,embedding
3077,33858,NaN,NaN,NaN,NaN,NaN,NaN,NaN,transformer,embedding
3078,33869,NaN,NaN,NaN,NaN,NaN,NaN,NaN,transformer,embedding
3079,33880,NaN,NaN,NaN,NaN,NaN,NaN,NaN,transformer,embedding
3080,33891,NaN,NaN,NaN,NaN,NaN,NaN,NaN,transformer,embedding
3081,33902,NaN,NaN,NaN,NaN,NaN,NaN,NaN,transformer,embedding
3082,33913,NaN,NaN,NaN,NaN,NaN,NaN,NaN,transformer,embedding
3083,33924,NaN,NaN,NaN,NaN,NaN,NaN,NaN,transformer,embedding
3084,33935,3.0971378350841405e-08,100.0,1.0,0.001,NaN,NaN,NaN,transformer,embedding
3085,33946,NaN,NaN,NaN,NaN,NaN,NaN,NaN,transformer,embedding
3086,33957,NaN,NaN,NaN,NaN,NaN,NaN,NaN,transformer,embedding
3087,33968,NaN,NaN,NaN,NaN,NaN,NaN,NaN,transformer,embedding
3088,33979,NaN,NaN,NaN,NaN,NaN,NaN,NaN,transformer,embedding
3089,33990,NaN,NaN,NaN,NaN,NaN,NaN,NaN,transformer,embedding
3090,34001,NaN,NaN,NaN,NaN,NaN,NaN,NaN,transformer,embedding
3091,34012,NaN,NaN,NaN,NaN,NaN,NaN,NaN,transformer,embedding
3092,34023,NaN,NaN,NaN,NaN,7.947126869112253e-05,100.0,1.0000795125961304,transformer,embedding
3093,34034,NaN,NaN,NaN,NaN,NaN,NaN,NaN,transformer,embedding
3094,34045,NaN,NaN,NaN,NaN,NaN,NaN,NaN,transformer,embedding
3095,34056,NaN,NaN,NaN,NaN,NaN,NaN,NaN,transformer,embedding
3096,34067,NaN,NaN,NaN,NaN,NaN,NaN,NaN,transformer,embedding
3097,34078,NaN,NaN,NaN,NaN,NaN,NaN,NaN,transformer,embedding
3098,34089,NaN,NaN,NaN,NaN,NaN,NaN,NaN,transformer,embedding
3099,34100,NaN,NaN,NaN,NaN,NaN,NaN,NaN,transformer,embedding
3100,34111,NaN,NaN,NaN,NaN,NaN,NaN,NaN,transformer,embedding
3101,34122,NaN,NaN,NaN,NaN,NaN,NaN,NaN,transformer,embedding
3102,34133,NaN,NaN,NaN,NaN,NaN,NaN,NaN,transformer,embedding
3103,34144,NaN,NaN,NaN,NaN,NaN,NaN,NaN,transformer,embedding
3104,34155,NaN,NaN,NaN,NaN,NaN,NaN,NaN,transformer,embedding
3105,34166,NaN,NaN,NaN,NaN,NaN,NaN,NaN,transformer,embedding
3106,34177,NaN,NaN,NaN,NaN,NaN,NaN,NaN,transformer,embedding
3107,34188,NaN,NaN,NaN,NaN,NaN,NaN,NaN,transformer,embedding
3108,34199,NaN,NaN,NaN,NaN,NaN,NaN,NaN,transformer,embedding
3109,34210,NaN,NaN,NaN,NaN,NaN,NaN,NaN,transformer,embedding
3110,34221,NaN,NaN,NaN,NaN,NaN,NaN,NaN,transformer,embedding
3111,34232,NaN,NaN,NaN,NaN,NaN,NaN,NaN,transformer,embedding
3112,34243,NaN,NaN,NaN,NaN,NaN,NaN,NaN,transformer,embedding
3113,34254,NaN,NaN,NaN,NaN,NaN,NaN,NaN,transformer,embedding
3114,34265,3.229592593356756e-08,100.0,1.0,0.001,NaN,NaN,NaN,transformer,embedding
3115,34276,NaN,NaN,NaN,NaN,NaN,NaN,NaN,transformer,embedding
3116,34287,NaN,NaN,NaN,NaN,NaN,NaN,NaN,transformer,embedding
3117,34298,NaN,NaN,NaN,NaN,NaN,NaN,NaN,transformer,embedding
3118,34309,NaN,NaN,NaN,NaN,NaN,NaN,NaN,transformer,embedding
3119,34320,NaN,NaN,NaN,NaN,NaN,NaN,NaN,transformer,embedding
3120,34331,NaN,NaN,NaN,NaN,NaN,NaN,NaN,transformer,embedding
3121,34342,NaN,NaN,NaN,NaN,NaN,NaN,NaN,transformer,embedding
3122,34353,NaN,NaN,NaN,NaN,NaN,NaN,NaN,transformer,embedding
3123,34364,NaN,NaN,NaN,NaN,NaN,NaN,NaN,transformer,embedding
3124,34375,NaN,NaN,NaN,NaN,NaN,NaN,NaN,transformer,embedding
3125,34386,NaN,NaN,NaN,NaN,NaN,NaN,NaN,transformer,embedding
3126,34397,NaN,NaN,NaN,NaN,NaN,NaN,NaN,transformer,embedding
3127,34408,NaN,NaN,NaN,NaN,NaN,NaN,NaN,transformer,embedding
3128,34419,NaN,NaN,NaN,NaN,NaN,NaN,NaN,transformer,embedding
3129,34430,NaN,NaN,NaN,NaN,NaN,NaN,NaN,transformer,embedding
3130,34441,NaN,NaN,NaN,NaN,NaN,NaN,NaN,transformer,embedding
3131,34452,NaN,NaN,NaN,NaN,NaN,NaN,NaN,transformer,embedding
3132,34463,NaN,NaN,NaN,NaN,NaN,NaN,NaN,transformer,embedding
3133,34474,NaN,NaN,NaN,NaN,NaN,NaN,NaN,transformer,embedding
3134,34485,NaN,NaN,NaN,NaN,NaN,NaN,NaN,transformer,embedding
3135,34496,NaN,NaN,NaN,NaN,NaN,NaN,NaN,transformer,embedding
3136,34507,NaN,NaN,NaN,NaN,NaN,NaN,NaN,transformer,embedding
3137,34518,NaN,NaN,NaN,NaN,NaN,NaN,NaN,transformer,embedding
3138,34529,NaN,NaN,NaN,NaN,NaN,NaN,NaN,transformer,embedding
3139,34540,NaN,NaN,NaN,NaN,NaN,NaN,NaN,transformer,embedding
3140,34551,NaN,NaN,NaN,NaN,NaN,NaN,NaN,transformer,embedding
3141,34562,NaN,NaN,NaN,NaN,NaN,NaN,NaN,transformer,embedding
3142,34573,NaN,NaN,NaN,NaN,NaN,NaN,NaN,transformer,embedding
3143,34584,NaN,NaN,NaN,NaN,NaN,NaN,NaN,transformer,embedding
3144,34595,NaN,NaN,NaN,NaN,NaN,NaN,NaN,transformer,embedding
3145,34606,3.328645448164025e-08,100.0,1.0,0.001,NaN,NaN,NaN,transformer,embedding
3146,34617,NaN,NaN,NaN,NaN,NaN,NaN,NaN,transformer,embedding
3147,34628,NaN,NaN,NaN,NaN,NaN,NaN,NaN,transformer,embedding
3148,34639,NaN,NaN,NaN,NaN,NaN,NaN,NaN,transformer,embedding
3149,34650,NaN,NaN,NaN,NaN,NaN,NaN,NaN,transformer,embedding
3150,34661,NaN,NaN,NaN,NaN,NaN,NaN,NaN,transformer,embedding
3151,34672,NaN,NaN,NaN,NaN,NaN,NaN,NaN,transformer,embedding
3152,34683,NaN,NaN,NaN,NaN,NaN,NaN,NaN,transformer,embedding
3153,34694,NaN,NaN,NaN,NaN,3.685088813654147e-05,100.0,1.0000368356704712,transformer,embedding
3154,34705,NaN,NaN,NaN,NaN,NaN,NaN,NaN,transformer,embedding
3155,34716,NaN,NaN,NaN,NaN,NaN,NaN,NaN,transformer,embedding
3156,34727,NaN,NaN,NaN,NaN,NaN,NaN,NaN,transformer,embedding
3157,34738,NaN,NaN,NaN,NaN,NaN,NaN,NaN,transformer,embedding
3158,34749,NaN,NaN,NaN,NaN,NaN,NaN,NaN,transformer,embedding
3159,34760,NaN,NaN,NaN,NaN,NaN,NaN,NaN,transformer,embedding
3160,34771,NaN,NaN,NaN,NaN,NaN,NaN,NaN,transformer,embedding
3161,34782,NaN,NaN,NaN,NaN,NaN,NaN,NaN,transformer,embedding
3162,34793,NaN,NaN,NaN,NaN,NaN,NaN,NaN,transformer,embedding
3163,34804,NaN,NaN,NaN,NaN,NaN,NaN,NaN,transformer,embedding
3164,34815,NaN,NaN,NaN,NaN,NaN,NaN,NaN,transformer,embedding
3165,34826,NaN,NaN,NaN,NaN,NaN,NaN,NaN,transformer,embedding
3166,34837,NaN,NaN,NaN,NaN,NaN,NaN,NaN,transformer,embedding
3167,34848,NaN,NaN,NaN,NaN,NaN,NaN,NaN,transformer,embedding
3168,34859,NaN,NaN,NaN,NaN,NaN,NaN,NaN,transformer,embedding
3169,34870,NaN,NaN,NaN,NaN,NaN,NaN,NaN,transformer,embedding
3170,34881,NaN,NaN,NaN,NaN,NaN,NaN,NaN,transformer,embedding
3171,34892,NaN,NaN,NaN,NaN,NaN,NaN,NaN,transformer,embedding
3172,34903,NaN,NaN,NaN,NaN,NaN,NaN,NaN,transformer,embedding
3173,34914,NaN,NaN,NaN,NaN,NaN,NaN,NaN,transformer,embedding
3174,34925,NaN,NaN,NaN,NaN,NaN,NaN,NaN,transformer,embedding
3175,34936,NaN,NaN,NaN,NaN,NaN,NaN,NaN,transformer,embedding
3176,34947,0.006054201163351536,99.67150115966797,1.0060725212097168,0.001,NaN,NaN,NaN,transformer,embedding
3177,34958,NaN,NaN,NaN,NaN,NaN,NaN,NaN,transformer,embedding
3178,34969,NaN,NaN,NaN,NaN,NaN,NaN,NaN,transformer,embedding
3179,34980,NaN,NaN,NaN,NaN,NaN,NaN,NaN,transformer,embedding
3180,34991,NaN,NaN,NaN,NaN,NaN,NaN,NaN,transformer,embedding
3181,35002,NaN,NaN,NaN,NaN,NaN,NaN,NaN,transformer,embedding
3182,35013,NaN,NaN,NaN,NaN,NaN,NaN,NaN,transformer,embedding
3183,35024,NaN,NaN,NaN,NaN,NaN,NaN,NaN,transformer,embedding
3184,35035,NaN,NaN,NaN,NaN,NaN,NaN,NaN,transformer,embedding
3185,35046,NaN,NaN,NaN,NaN,NaN,NaN,NaN,transformer,embedding
3186,35057,NaN,NaN,NaN,NaN,NaN,NaN,NaN,transformer,embedding
3187,35068,NaN,NaN,NaN,NaN,NaN,NaN,NaN,transformer,embedding
3188,35079,NaN,NaN,NaN,NaN,NaN,NaN,NaN,transformer,embedding
3189,35090,NaN,NaN,NaN,NaN,NaN,NaN,NaN,transformer,embedding
3190,35101,NaN,NaN,NaN,NaN,NaN,NaN,NaN,transformer,embedding
3191,35112,NaN,NaN,NaN,NaN,NaN,NaN,NaN,transformer,embedding
3192,35123,NaN,NaN,NaN,NaN,NaN,NaN,NaN,transformer,embedding
3193,35134,NaN,NaN,NaN,NaN,NaN,NaN,NaN,transformer,embedding
3194,35145,NaN,NaN,NaN,NaN,NaN,NaN,NaN,transformer,embedding
3195,35156,NaN,NaN,NaN,NaN,NaN,NaN,NaN,transformer,embedding
3196,35167,NaN,NaN,NaN,NaN,NaN,NaN,NaN,transformer,embedding
3197,35178,NaN,NaN,NaN,NaN,NaN,NaN,NaN,transformer,embedding
3198,35189,NaN,NaN,NaN,NaN,NaN,NaN,NaN,transformer,embedding
3199,35200,NaN,NaN,NaN,NaN,NaN,NaN,NaN,transformer,embedding
3200,35211,NaN,NaN,NaN,NaN,NaN,NaN,NaN,transformer,embedding
3201,35222,NaN,NaN,NaN,NaN,NaN,NaN,NaN,transformer,embedding
3202,35233,NaN,NaN,NaN,NaN,NaN,NaN,NaN,transformer,embedding
3203,35244,NaN,NaN,NaN,NaN,NaN,NaN,NaN,transformer,embedding
3204,35255,NaN,NaN,NaN,NaN,NaN,NaN,NaN,transformer,embedding
3205,35266,NaN,NaN,NaN,NaN,NaN,NaN,NaN,transformer,embedding
3206,35277,NaN,NaN,NaN,NaN,NaN,NaN,NaN,transformer,embedding
3207,35288,0.0036753800231963396,99.78744506835938,1.0036821365356445,0.001,NaN,NaN,NaN,transformer,embedding
3208,35299,NaN,NaN,NaN,NaN,NaN,NaN,NaN,transformer,embedding
3209,35310,NaN,NaN,NaN,NaN,NaN,NaN,NaN,transformer,embedding
3210,35321,NaN,NaN,NaN,NaN,NaN,NaN,NaN,transformer,embedding
3211,35332,NaN,NaN,NaN,NaN,NaN,NaN,NaN,transformer,embedding
3212,35343,NaN,NaN,NaN,NaN,NaN,NaN,NaN,transformer,embedding
3213,35354,NaN,NaN,NaN,NaN,NaN,NaN,NaN,transformer,embedding
3214,35365,NaN,NaN,NaN,NaN,NaN,NaN,NaN,transformer,embedding
3215,35376,NaN,NaN,NaN,NaN,NaN,NaN,NaN,transformer,embedding
3216,35387,NaN,NaN,NaN,NaN,0.04797707498073578,98.22862243652344,1.0491466522216797,transformer,embedding
3217,35398,NaN,NaN,NaN,NaN,NaN,NaN,NaN,transformer,embedding
3218,35409,NaN,NaN,NaN,NaN,NaN,NaN,NaN,transformer,embedding
3219,35420,NaN,NaN,NaN,NaN,NaN,NaN,NaN,transformer,embedding
3220,35431,NaN,NaN,NaN,NaN,NaN,NaN,NaN,transformer,embedding
3221,35442,NaN,NaN,NaN,NaN,NaN,NaN,NaN,transformer,embedding
3222,35453,NaN,NaN,NaN,NaN,NaN,NaN,NaN,transformer,embedding
3223,35464,NaN,NaN,NaN,NaN,NaN,NaN,NaN,transformer,embedding
3224,35475,NaN,NaN,NaN,NaN,NaN,NaN,NaN,transformer,embedding
3225,35486,NaN,NaN,NaN,NaN,NaN,NaN,NaN,transformer,embedding
3226,35497,NaN,NaN,NaN,NaN,NaN,NaN,NaN,transformer,embedding
3227,35508,NaN,NaN,NaN,NaN,NaN,NaN,NaN,transformer,embedding
3228,35519,NaN,NaN,NaN,NaN,NaN,NaN,NaN,transformer,embedding
3229,35530,NaN,NaN,NaN,NaN,NaN,NaN,NaN,transformer,embedding
3230,35541,NaN,NaN,NaN,NaN,NaN,NaN,NaN,transformer,embedding
3231,35552,NaN,NaN,NaN,NaN,NaN,NaN,NaN,transformer,embedding
3232,35563,NaN,NaN,NaN,NaN,NaN,NaN,NaN,transformer,embedding
3233,35574,NaN,NaN,NaN,NaN,NaN,NaN,NaN,transformer,embedding
3234,35585,NaN,NaN,NaN,NaN,NaN,NaN,NaN,transformer,embedding
3235,35596,NaN,NaN,NaN,NaN,NaN,NaN,NaN,transformer,embedding
3236,35607,NaN,NaN,NaN,NaN,NaN,NaN,NaN,transformer,embedding
3237,35618,NaN,NaN,NaN,NaN,NaN,NaN,NaN,transformer,embedding
3238,35629,NaN,NaN,NaN,NaN,NaN,NaN,NaN,transformer,embedding
3239,35640,3.4079164379363647e-07,100.0,1.0000003576278687,0.001,NaN,NaN,NaN,transformer,embedding
3240,35651,NaN,NaN,NaN,NaN,NaN,NaN,NaN,transformer,embedding
3241,35662,NaN,NaN,NaN,NaN,NaN,NaN,NaN,transformer,embedding
3242,35673,NaN,NaN,NaN,NaN,NaN,NaN,NaN,transformer,embedding
3243,35684,NaN,NaN,NaN,NaN,NaN,NaN,NaN,transformer,embedding
3244,35695,NaN,NaN,NaN,NaN,NaN,NaN,NaN,transformer,embedding
3245,35706,NaN,NaN,NaN,NaN,NaN,NaN,NaN,transformer,embedding
3246,35717,NaN,NaN,NaN,NaN,NaN,NaN,NaN,transformer,embedding
3247,35728,NaN,NaN,NaN,NaN,NaN,NaN,NaN,transformer,embedding
3248,35739,NaN,NaN,NaN,NaN,NaN,NaN,NaN,transformer,embedding
3249,35750,NaN,NaN,NaN,NaN,NaN,NaN,NaN,transformer,embedding
3250,35761,NaN,NaN,NaN,NaN,NaN,NaN,NaN,transformer,embedding
3251,35772,NaN,NaN,NaN,NaN,NaN,NaN,NaN,transformer,embedding
3252,35783,NaN,NaN,NaN,NaN,NaN,NaN,NaN,transformer,embedding
3253,35794,NaN,NaN,NaN,NaN,NaN,NaN,NaN,transformer,embedding
3254,35805,NaN,NaN,NaN,NaN,NaN,NaN,NaN,transformer,embedding
3255,35816,NaN,NaN,NaN,NaN,NaN,NaN,NaN,transformer,embedding
3256,35827,NaN,NaN,NaN,NaN,NaN,NaN,NaN,transformer,embedding
3257,35838,NaN,NaN,NaN,NaN,NaN,NaN,NaN,transformer,embedding
3258,35849,NaN,NaN,NaN,NaN,NaN,NaN,NaN,transformer,embedding
3259,35860,NaN,NaN,NaN,NaN,NaN,NaN,NaN,transformer,embedding
3260,35871,NaN,NaN,NaN,NaN,NaN,NaN,NaN,transformer,embedding
3261,35882,NaN,NaN,NaN,NaN,NaN,NaN,NaN,transformer,embedding
3262,35893,NaN,NaN,NaN,NaN,NaN,NaN,NaN,transformer,embedding
3263,35904,NaN,NaN,NaN,NaN,NaN,NaN,NaN,transformer,embedding
3264,35915,NaN,NaN,NaN,NaN,NaN,NaN,NaN,transformer,embedding
3265,35926,NaN,NaN,NaN,NaN,NaN,NaN,NaN,transformer,embedding
3266,35937,NaN,NaN,NaN,NaN,NaN,NaN,NaN,transformer,embedding
3267,35948,NaN,NaN,NaN,NaN,NaN,NaN,NaN,transformer,embedding
3268,35959,NaN,NaN,NaN,NaN,NaN,NaN,NaN,transformer,embedding
3269,35970,NaN,NaN,NaN,NaN,NaN,NaN,NaN,transformer,embedding
3270,35981,NaN,NaN,NaN,NaN,NaN,NaN,NaN,transformer,embedding
3271,35992,3.8285143943994626e-08,100.0,1.0,0.001,NaN,NaN,NaN,transformer,embedding
3272,36003,NaN,NaN,NaN,NaN,NaN,NaN,NaN,transformer,embedding
3273,36014,NaN,NaN,NaN,NaN,NaN,NaN,NaN,transformer,embedding
3274,36025,NaN,NaN,NaN,NaN,NaN,NaN,NaN,transformer,embedding
3275,36036,NaN,NaN,NaN,NaN,NaN,NaN,NaN,transformer,embedding
3276,36047,NaN,NaN,NaN,NaN,NaN,NaN,NaN,transformer,embedding
3277,36058,NaN,NaN,NaN,NaN,NaN,NaN,NaN,transformer,embedding
3278,36069,NaN,NaN,NaN,NaN,NaN,NaN,NaN,transformer,embedding
3279,36080,NaN,NaN,NaN,NaN,NaN,NaN,NaN,transformer,embedding
3280,36091,NaN,NaN,NaN,NaN,0.007191698532551527,99.74019622802734,1.0072176456451416,transformer,embedding
3281,36102,NaN,NaN,NaN,NaN,NaN,NaN,NaN,transformer,embedding
3282,36113,NaN,NaN,NaN,NaN,NaN,NaN,NaN,transformer,embedding
3283,36124,NaN,NaN,NaN,NaN,NaN,NaN,NaN,transformer,embedding
3284,36135,NaN,NaN,NaN,NaN,NaN,NaN,NaN,transformer,embedding
3285,36146,NaN,NaN,NaN,NaN,NaN,NaN,NaN,transformer,embedding
3286,36157,NaN,NaN,NaN,NaN,NaN,NaN,NaN,transformer,embedding
3287,36168,NaN,NaN,NaN,NaN,NaN,NaN,NaN,transformer,embedding
3288,36179,NaN,NaN,NaN,NaN,NaN,NaN,NaN,transformer,embedding
3289,36190,NaN,NaN,NaN,NaN,NaN,NaN,NaN,transformer,embedding
3290,36201,NaN,NaN,NaN,NaN,NaN,NaN,NaN,transformer,embedding
3291,36212,NaN,NaN,NaN,NaN,NaN,NaN,NaN,transformer,embedding
3292,36223,NaN,NaN,NaN,NaN,NaN,NaN,NaN,transformer,embedding
3293,36234,NaN,NaN,NaN,NaN,NaN,NaN,NaN,transformer,embedding
3294,36245,NaN,NaN,NaN,NaN,NaN,NaN,NaN,transformer,embedding
3295,36256,NaN,NaN,NaN,NaN,NaN,NaN,NaN,transformer,embedding
3296,36267,NaN,NaN,NaN,NaN,NaN,NaN,NaN,transformer,embedding
3297,36278,NaN,NaN,NaN,NaN,NaN,NaN,NaN,transformer,embedding
3298,36289,NaN,NaN,NaN,NaN,NaN,NaN,NaN,transformer,embedding
3299,36300,NaN,NaN,NaN,NaN,NaN,NaN,NaN,transformer,embedding
3300,36311,NaN,NaN,NaN,NaN,NaN,NaN,NaN,transformer,embedding
3301,36322,NaN,NaN,NaN,NaN,NaN,NaN,NaN,transformer,embedding
3302,36333,NaN,NaN,NaN,NaN,NaN,NaN,NaN,transformer,embedding
3303,36344,1.2946009597669672e-08,100.0,1.0,0.001,NaN,NaN,NaN,transformer,embedding
3304,36355,NaN,NaN,NaN,NaN,NaN,NaN,NaN,transformer,embedding
3305,36366,NaN,NaN,NaN,NaN,NaN,NaN,NaN,transformer,embedding
3306,36377,NaN,NaN,NaN,NaN,NaN,NaN,NaN,transformer,embedding
3307,36388,NaN,NaN,NaN,NaN,NaN,NaN,NaN,transformer,embedding
3308,36399,NaN,NaN,NaN,NaN,NaN,NaN,NaN,transformer,embedding
3309,36410,NaN,NaN,NaN,NaN,NaN,NaN,NaN,transformer,embedding
3310,36421,NaN,NaN,NaN,NaN,NaN,NaN,NaN,transformer,embedding
3311,36432,NaN,NaN,NaN,NaN,NaN,NaN,NaN,transformer,embedding
3312,36443,NaN,NaN,NaN,NaN,NaN,NaN,NaN,transformer,embedding
3313,36454,NaN,NaN,NaN,NaN,NaN,NaN,NaN,transformer,embedding
3314,36465,NaN,NaN,NaN,NaN,NaN,NaN,NaN,transformer,embedding
3315,36476,NaN,NaN,NaN,NaN,NaN,NaN,NaN,transformer,embedding
3316,36487,NaN,NaN,NaN,NaN,NaN,NaN,NaN,transformer,embedding
3317,36498,NaN,NaN,NaN,NaN,NaN,NaN,NaN,transformer,embedding
3318,36509,NaN,NaN,NaN,NaN,NaN,NaN,NaN,transformer,embedding
3319,36520,NaN,NaN,NaN,NaN,NaN,NaN,NaN,transformer,embedding
3320,36531,NaN,NaN,NaN,NaN,NaN,NaN,NaN,transformer,embedding
3321,36542,NaN,NaN,NaN,NaN,NaN,NaN,NaN,transformer,embedding
3322,36553,NaN,NaN,NaN,NaN,NaN,NaN,NaN,transformer,embedding
3323,36564,NaN,NaN,NaN,NaN,NaN,NaN,NaN,transformer,embedding
3324,36575,NaN,NaN,NaN,NaN,NaN,NaN,NaN,transformer,embedding
3325,36586,NaN,NaN,NaN,NaN,NaN,NaN,NaN,transformer,embedding
3326,36597,NaN,NaN,NaN,NaN,NaN,NaN,NaN,transformer,embedding
3327,36608,NaN,NaN,NaN,NaN,NaN,NaN,NaN,transformer,embedding
3328,36619,NaN,NaN,NaN,NaN,NaN,NaN,NaN,transformer,embedding
3329,36630,NaN,NaN,NaN,NaN,NaN,NaN,NaN,transformer,embedding
3330,36641,NaN,NaN,NaN,NaN,NaN,NaN,NaN,transformer,embedding
3331,36652,NaN,NaN,NaN,NaN,NaN,NaN,NaN,transformer,embedding
3332,36663,NaN,NaN,NaN,NaN,NaN,NaN,NaN,transformer,embedding
3333,36674,NaN,NaN,NaN,NaN,NaN,NaN,NaN,transformer,embedding
3334,36685,NaN,NaN,NaN,NaN,NaN,NaN,NaN,transformer,embedding
3335,36696,NaN,NaN,NaN,NaN,NaN,NaN,NaN,transformer,embedding
3336,36707,5.0010118712862095e-08,100.0,1.0,0.001,NaN,NaN,NaN,transformer,embedding
3337,36718,NaN,NaN,NaN,NaN,NaN,NaN,NaN,transformer,embedding
3338,36729,NaN,NaN,NaN,NaN,NaN,NaN,NaN,transformer,embedding
3339,36740,NaN,NaN,NaN,NaN,NaN,NaN,NaN,transformer,embedding
3340,36751,NaN,NaN,NaN,NaN,NaN,NaN,NaN,transformer,embedding
3341,36762,NaN,NaN,NaN,NaN,NaN,NaN,NaN,transformer,embedding
3342,36773,NaN,NaN,NaN,NaN,NaN,NaN,NaN,transformer,embedding
3343,36784,NaN,NaN,NaN,NaN,NaN,NaN,NaN,transformer,embedding
3344,36795,NaN,NaN,NaN,NaN,NaN,NaN,NaN,transformer,embedding
3345,36806,NaN,NaN,NaN,NaN,0.024074392393231392,98.88993835449219,1.0243664979934692,transformer,embedding
3346,36817,NaN,NaN,NaN,NaN,NaN,NaN,NaN,transformer,embedding
3347,36828,NaN,NaN,NaN,NaN,NaN,NaN,NaN,transformer,embedding
3348,36839,NaN,NaN,NaN,NaN,NaN,NaN,NaN,transformer,embedding
3349,36850,NaN,NaN,NaN,NaN,NaN,NaN,NaN,transformer,embedding
3350,36861,NaN,NaN,NaN,NaN,NaN,NaN,NaN,transformer,embedding
3351,36872,NaN,NaN,NaN,NaN,NaN,NaN,NaN,transformer,embedding
3352,36883,NaN,NaN,NaN,NaN,NaN,NaN,NaN,transformer,embedding
3353,36894,NaN,NaN,NaN,NaN,NaN,NaN,NaN,transformer,embedding
3354,36905,NaN,NaN,NaN,NaN,NaN,NaN,NaN,transformer,embedding
3355,36916,NaN,NaN,NaN,NaN,NaN,NaN,NaN,transformer,embedding
3356,36927,NaN,NaN,NaN,NaN,NaN,NaN,NaN,transformer,embedding
3357,36938,NaN,NaN,NaN,NaN,NaN,NaN,NaN,transformer,embedding
3358,36949,NaN,NaN,NaN,NaN,NaN,NaN,NaN,transformer,embedding
3359,36960,NaN,NaN,NaN,NaN,NaN,NaN,NaN,transformer,embedding
3360,36971,NaN,NaN,NaN,NaN,NaN,NaN,NaN,transformer,embedding
3361,36982,NaN,NaN,NaN,NaN,NaN,NaN,NaN,transformer,embedding
3362,36993,NaN,NaN,NaN,NaN,NaN,NaN,NaN,transformer,embedding
3363,37004,NaN,NaN,NaN,NaN,NaN,NaN,NaN,transformer,embedding
3364,37015,NaN,NaN,NaN,NaN,NaN,NaN,NaN,transformer,embedding
3365,37026,NaN,NaN,NaN,NaN,NaN,NaN,NaN,transformer,embedding
3366,37037,NaN,NaN,NaN,NaN,NaN,NaN,NaN,transformer,embedding
3367,37048,NaN,NaN,NaN,NaN,NaN,NaN,NaN,transformer,embedding
3368,37059,NaN,NaN,NaN,NaN,NaN,NaN,NaN,transformer,embedding
3369,37070,3.4096268564098864e-07,100.0,1.0000003576278687,0.001,NaN,NaN,NaN,transformer,embedding
3370,37081,NaN,NaN,NaN,NaN,NaN,NaN,NaN,transformer,embedding
3371,37092,NaN,NaN,NaN,NaN,NaN,NaN,NaN,transformer,embedding
3372,37103,NaN,NaN,NaN,NaN,NaN,NaN,NaN,transformer,embedding
3373,37114,NaN,NaN,NaN,NaN,NaN,NaN,NaN,transformer,embedding
3374,37125,NaN,NaN,NaN,NaN,NaN,NaN,NaN,transformer,embedding
3375,37136,NaN,NaN,NaN,NaN,NaN,NaN,NaN,transformer,embedding
3376,37147,NaN,NaN,NaN,NaN,NaN,NaN,NaN,transformer,embedding
3377,37158,NaN,NaN,NaN,NaN,NaN,NaN,NaN,transformer,embedding
3378,37169,NaN,NaN,NaN,NaN,NaN,NaN,NaN,transformer,embedding
3379,37180,NaN,NaN,NaN,NaN,NaN,NaN,NaN,transformer,embedding
3380,37191,NaN,NaN,NaN,NaN,NaN,NaN,NaN,transformer,embedding
3381,37202,NaN,NaN,NaN,NaN,NaN,NaN,NaN,transformer,embedding
3382,37213,NaN,NaN,NaN,NaN,NaN,NaN,NaN,transformer,embedding
3383,37224,NaN,NaN,NaN,NaN,NaN,NaN,NaN,transformer,embedding
3384,37235,NaN,NaN,NaN,NaN,NaN,NaN,NaN,transformer,embedding
3385,37246,NaN,NaN,NaN,NaN,NaN,NaN,NaN,transformer,embedding
3386,37257,NaN,NaN,NaN,NaN,NaN,NaN,NaN,transformer,embedding
3387,37268,NaN,NaN,NaN,NaN,NaN,NaN,NaN,transformer,embedding
3388,37279,NaN,NaN,NaN,NaN,NaN,NaN,NaN,transformer,embedding
3389,37290,NaN,NaN,NaN,NaN,NaN,NaN,NaN,transformer,embedding
3390,37301,NaN,NaN,NaN,NaN,NaN,NaN,NaN,transformer,embedding
3391,37312,NaN,NaN,NaN,NaN,NaN,NaN,NaN,transformer,embedding
3392,37323,NaN,NaN,NaN,NaN,NaN,NaN,NaN,transformer,embedding
3393,37334,NaN,NaN,NaN,NaN,NaN,NaN,NaN,transformer,embedding
3394,37345,NaN,NaN,NaN,NaN,NaN,NaN,NaN,transformer,embedding
3395,37356,NaN,NaN,NaN,NaN,NaN,NaN,NaN,transformer,embedding
3396,37367,NaN,NaN,NaN,NaN,NaN,NaN,NaN,transformer,embedding
3397,37378,NaN,NaN,NaN,NaN,NaN,NaN,NaN,transformer,embedding
3398,37389,NaN,NaN,NaN,NaN,NaN,NaN,NaN,transformer,embedding
3399,37400,NaN,NaN,NaN,NaN,NaN,NaN,NaN,transformer,embedding
3400,37411,NaN,NaN,NaN,NaN,NaN,NaN,NaN,transformer,embedding
3401,37422,NaN,NaN,NaN,NaN,NaN,NaN,NaN,transformer,embedding
3402,37433,3.6995146501794807e-08,100.0,1.0,0.001,NaN,NaN,NaN,transformer,embedding
3403,37444,NaN,NaN,NaN,NaN,NaN,NaN,NaN,transformer,embedding
3404,37455,NaN,NaN,NaN,NaN,NaN,NaN,NaN,transformer,embedding
3405,37466,NaN,NaN,NaN,NaN,NaN,NaN,NaN,transformer,embedding
3406,37477,NaN,NaN,NaN,NaN,NaN,NaN,NaN,transformer,embedding
3407,37488,NaN,NaN,NaN,NaN,NaN,NaN,NaN,transformer,embedding
3408,37499,NaN,NaN,NaN,NaN,NaN,NaN,NaN,transformer,embedding
3409,37510,NaN,NaN,NaN,NaN,NaN,NaN,NaN,transformer,embedding
3410,37521,NaN,NaN,NaN,NaN,NaN,NaN,NaN,transformer,embedding
3411,37532,NaN,NaN,NaN,NaN,0.0014365038368850946,99.85829162597656,1.0014375448226929,transformer,embedding
3412,37543,NaN,NaN,NaN,NaN,NaN,NaN,NaN,transformer,embedding
3413,37554,NaN,NaN,NaN,NaN,NaN,NaN,NaN,transformer,embedding
3414,37565,NaN,NaN,NaN,NaN,NaN,NaN,NaN,transformer,embedding
3415,37576,NaN,NaN,NaN,NaN,NaN,NaN,NaN,transformer,embedding
3416,37587,NaN,NaN,NaN,NaN,NaN,NaN,NaN,transformer,embedding
3417,37598,NaN,NaN,NaN,NaN,NaN,NaN,NaN,transformer,embedding
3418,37609,NaN,NaN,NaN,NaN,NaN,NaN,NaN,transformer,embedding
3419,37620,NaN,NaN,NaN,NaN,NaN,NaN,NaN,transformer,embedding
3420,37631,NaN,NaN,NaN,NaN,NaN,NaN,NaN,transformer,embedding
3421,37642,NaN,NaN,NaN,NaN,NaN,NaN,NaN,transformer,embedding
3422,37653,NaN,NaN,NaN,NaN,NaN,NaN,NaN,transformer,embedding
3423,37664,NaN,NaN,NaN,NaN,NaN,NaN,NaN,transformer,embedding
3424,37675,NaN,NaN,NaN,NaN,NaN,NaN,NaN,transformer,embedding
3425,37686,NaN,NaN,NaN,NaN,NaN,NaN,NaN,transformer,embedding
3426,37697,NaN,NaN,NaN,NaN,NaN,NaN,NaN,transformer,embedding
3427,37708,NaN,NaN,NaN,NaN,NaN,NaN,NaN,transformer,embedding
3428,37719,NaN,NaN,NaN,NaN,NaN,NaN,NaN,transformer,embedding
3429,37730,NaN,NaN,NaN,NaN,NaN,NaN,NaN,transformer,embedding
3430,37741,NaN,NaN,NaN,NaN,NaN,NaN,NaN,transformer,embedding
3431,37752,NaN,NaN,NaN,NaN,NaN,NaN,NaN,transformer,embedding
3432,37763,NaN,NaN,NaN,NaN,NaN,NaN,NaN,transformer,embedding
3433,37774,NaN,NaN,NaN,NaN,NaN,NaN,NaN,transformer,embedding
3434,37785,NaN,NaN,NaN,NaN,NaN,NaN,NaN,transformer,embedding
3435,37796,NaN,NaN,NaN,NaN,NaN,NaN,NaN,transformer,embedding
3436,37807,1.0055041244072527e-08,100.0,1.0,0.001,NaN,NaN,NaN,transformer,embedding
3437,37818,NaN,NaN,NaN,NaN,NaN,NaN,NaN,transformer,embedding
3438,37829,NaN,NaN,NaN,NaN,NaN,NaN,NaN,transformer,embedding
3439,37840,NaN,NaN,NaN,NaN,NaN,NaN,NaN,transformer,embedding
3440,37851,NaN,NaN,NaN,NaN,NaN,NaN,NaN,transformer,embedding
3441,37862,NaN,NaN,NaN,NaN,NaN,NaN,NaN,transformer,embedding
3442,37873,NaN,NaN,NaN,NaN,NaN,NaN,NaN,transformer,embedding
3443,37884,NaN,NaN,NaN,NaN,NaN,NaN,NaN,transformer,embedding
3444,37895,NaN,NaN,NaN,NaN,NaN,NaN,NaN,transformer,embedding
3445,37906,NaN,NaN,NaN,NaN,NaN,NaN,NaN,transformer,embedding
3446,37917,NaN,NaN,NaN,NaN,NaN,NaN,NaN,transformer,embedding
3447,37928,NaN,NaN,NaN,NaN,NaN,NaN,NaN,transformer,embedding
3448,37939,NaN,NaN,NaN,NaN,NaN,NaN,NaN,transformer,embedding
3449,37950,NaN,NaN,NaN,NaN,NaN,NaN,NaN,transformer,embedding
3450,37961,NaN,NaN,NaN,NaN,NaN,NaN,NaN,transformer,embedding
3451,37972,NaN,NaN,NaN,NaN,NaN,NaN,NaN,transformer,embedding
3452,37983,NaN,NaN,NaN,NaN,NaN,NaN,NaN,transformer,embedding
3453,37994,NaN,NaN,NaN,NaN,NaN,NaN,NaN,transformer,embedding
3454,38005,NaN,NaN,NaN,NaN,NaN,NaN,NaN,transformer,embedding
3455,38016,NaN,NaN,NaN,NaN,NaN,NaN,NaN,transformer,embedding
3456,38027,NaN,NaN,NaN,NaN,NaN,NaN,NaN,transformer,embedding
3457,38038,NaN,NaN,NaN,NaN,NaN,NaN,NaN,transformer,embedding
3458,38049,NaN,NaN,NaN,NaN,NaN,NaN,NaN,transformer,embedding
3459,38060,NaN,NaN,NaN,NaN,NaN,NaN,NaN,transformer,embedding
3460,38071,NaN,NaN,NaN,NaN,NaN,NaN,NaN,transformer,embedding
3461,38082,NaN,NaN,NaN,NaN,NaN,NaN,NaN,transformer,embedding
3462,38093,NaN,NaN,NaN,NaN,NaN,NaN,NaN,transformer,embedding
3463,38104,NaN,NaN,NaN,NaN,NaN,NaN,NaN,transformer,embedding
3464,38115,NaN,NaN,NaN,NaN,NaN,NaN,NaN,transformer,embedding
3465,38126,NaN,NaN,NaN,NaN,NaN,NaN,NaN,transformer,embedding
3466,38137,NaN,NaN,NaN,NaN,NaN,NaN,NaN,transformer,embedding
3467,38148,NaN,NaN,NaN,NaN,NaN,NaN,NaN,transformer,embedding
3468,38159,NaN,NaN,NaN,NaN,NaN,NaN,NaN,transformer,embedding
3469,38170,NaN,NaN,NaN,NaN,NaN,NaN,NaN,transformer,embedding
3470,38181,4.1970881881070454e-08,100.0,1.0,0.001,NaN,NaN,NaN,transformer,embedding
3471,38192,NaN,NaN,NaN,NaN,NaN,NaN,NaN,transformer,embedding
3472,38203,NaN,NaN,NaN,NaN,NaN,NaN,NaN,transformer,embedding
3473,38214,NaN,NaN,NaN,NaN,NaN,NaN,NaN,transformer,embedding
3474,38225,NaN,NaN,NaN,NaN,NaN,NaN,NaN,transformer,embedding
3475,38236,NaN,NaN,NaN,NaN,NaN,NaN,NaN,transformer,embedding
3476,38247,NaN,NaN,NaN,NaN,NaN,NaN,NaN,transformer,embedding
3477,38258,NaN,NaN,NaN,NaN,NaN,NaN,NaN,transformer,embedding
3478,38269,NaN,NaN,NaN,NaN,NaN,NaN,NaN,transformer,embedding
3479,38280,NaN,NaN,NaN,NaN,5.273952865536558e-07,100.0,1.0000004768371582,transformer,embedding
3480,38291,NaN,NaN,NaN,NaN,NaN,NaN,NaN,transformer,embedding
3481,38302,NaN,NaN,NaN,NaN,NaN,NaN,NaN,transformer,embedding
3482,38313,NaN,NaN,NaN,NaN,NaN,NaN,NaN,transformer,embedding
3483,38324,NaN,NaN,NaN,NaN,NaN,NaN,NaN,transformer,embedding
3484,38335,NaN,NaN,NaN,NaN,NaN,NaN,NaN,transformer,embedding
3485,38346,NaN,NaN,NaN,NaN,NaN,NaN,NaN,transformer,embedding
3486,38357,NaN,NaN,NaN,NaN,NaN,NaN,NaN,transformer,embedding
3487,38368,NaN,NaN,NaN,NaN,NaN,NaN,NaN,transformer,embedding
3488,38379,NaN,NaN,NaN,NaN,NaN,NaN,NaN,transformer,embedding
3489,38390,NaN,NaN,NaN,NaN,NaN,NaN,NaN,transformer,embedding
3490,38401,NaN,NaN,NaN,NaN,NaN,NaN,NaN,transformer,embedding
3491,38412,NaN,NaN,NaN,NaN,NaN,NaN,NaN,transformer,embedding
3492,38423,NaN,NaN,NaN,NaN,NaN,NaN,NaN,transformer,embedding
3493,38434,NaN,NaN,NaN,NaN,NaN,NaN,NaN,transformer,embedding
3494,38445,NaN,NaN,NaN,NaN,NaN,NaN,NaN,transformer,embedding
3495,38456,NaN,NaN,NaN,NaN,NaN,NaN,NaN,transformer,embedding
3496,38467,NaN,NaN,NaN,NaN,NaN,NaN,NaN,transformer,embedding
3497,38478,NaN,NaN,NaN,NaN,NaN,NaN,NaN,transformer,embedding
3498,38489,NaN,NaN,NaN,NaN,NaN,NaN,NaN,transformer,embedding
3499,38500,NaN,NaN,NaN,NaN,NaN,NaN,NaN,transformer,embedding
3500,38511,NaN,NaN,NaN,NaN,NaN,NaN,NaN,transformer,embedding
3501,38522,NaN,NaN,NaN,NaN,NaN,NaN,NaN,transformer,embedding
3502,38533,NaN,NaN,NaN,NaN,NaN,NaN,NaN,transformer,embedding
3503,38544,NaN,NaN,NaN,NaN,NaN,NaN,NaN,transformer,embedding
3504,38555,3.578582052909951e-08,100.0,1.0,0.001,NaN,NaN,NaN,transformer,embedding
3505,38566,NaN,NaN,NaN,NaN,NaN,NaN,NaN,transformer,embedding
3506,38577,NaN,NaN,NaN,NaN,NaN,NaN,NaN,transformer,embedding
3507,38588,NaN,NaN,NaN,NaN,NaN,NaN,NaN,transformer,embedding
3508,38599,NaN,NaN,NaN,NaN,NaN,NaN,NaN,transformer,embedding
3509,38610,NaN,NaN,NaN,NaN,NaN,NaN,NaN,transformer,embedding
3510,38621,NaN,NaN,NaN,NaN,NaN,NaN,NaN,transformer,embedding
3511,38632,NaN,NaN,NaN,NaN,NaN,NaN,NaN,transformer,embedding
3512,38643,NaN,NaN,NaN,NaN,NaN,NaN,NaN,transformer,embedding
3513,38654,NaN,NaN,NaN,NaN,NaN,NaN,NaN,transformer,embedding
3514,38665,NaN,NaN,NaN,NaN,NaN,NaN,NaN,transformer,embedding
3515,38676,NaN,NaN,NaN,NaN,NaN,NaN,NaN,transformer,embedding
3516,38687,NaN,NaN,NaN,NaN,NaN,NaN,NaN,transformer,embedding
3517,38698,NaN,NaN,NaN,NaN,NaN,NaN,NaN,transformer,embedding
3518,38709,NaN,NaN,NaN,NaN,NaN,NaN,NaN,transformer,embedding
3519,38720,NaN,NaN,NaN,NaN,NaN,NaN,NaN,transformer,embedding
3520,38731,NaN,NaN,NaN,NaN,NaN,NaN,NaN,transformer,embedding
3521,38742,NaN,NaN,NaN,NaN,NaN,NaN,NaN,transformer,embedding
3522,38753,NaN,NaN,NaN,NaN,NaN,NaN,NaN,transformer,embedding
3523,38764,NaN,NaN,NaN,NaN,NaN,NaN,NaN,transformer,embedding
3524,38775,NaN,NaN,NaN,NaN,NaN,NaN,NaN,transformer,embedding
3525,38786,NaN,NaN,NaN,NaN,NaN,NaN,NaN,transformer,embedding
3526,38797,NaN,NaN,NaN,NaN,NaN,NaN,NaN,transformer,embedding
3527,38808,NaN,NaN,NaN,NaN,NaN,NaN,NaN,transformer,embedding
3528,38819,NaN,NaN,NaN,NaN,NaN,NaN,NaN,transformer,embedding
3529,38830,NaN,NaN,NaN,NaN,NaN,NaN,NaN,transformer,embedding
3530,38841,NaN,NaN,NaN,NaN,NaN,NaN,NaN,transformer,embedding
3531,38852,NaN,NaN,NaN,NaN,NaN,NaN,NaN,transformer,embedding
3532,38863,NaN,NaN,NaN,NaN,NaN,NaN,NaN,transformer,embedding
3533,38874,NaN,NaN,NaN,NaN,NaN,NaN,NaN,transformer,embedding
3534,38885,NaN,NaN,NaN,NaN,NaN,NaN,NaN,transformer,embedding
3535,38896,NaN,NaN,NaN,NaN,NaN,NaN,NaN,transformer,embedding
3536,38907,NaN,NaN,NaN,NaN,NaN,NaN,NaN,transformer,embedding
3537,38918,NaN,NaN,NaN,NaN,NaN,NaN,NaN,transformer,embedding
3538,38929,NaN,NaN,NaN,NaN,NaN,NaN,NaN,transformer,embedding
3539,38940,3.4898949508033184e-08,100.0,1.0,0.001,NaN,NaN,NaN,transformer,embedding
3540,38951,NaN,NaN,NaN,NaN,NaN,NaN,NaN,transformer,embedding
3541,38962,NaN,NaN,NaN,NaN,NaN,NaN,NaN,transformer,embedding
3542,38973,NaN,NaN,NaN,NaN,NaN,NaN,NaN,transformer,embedding
3543,38984,NaN,NaN,NaN,NaN,NaN,NaN,NaN,transformer,embedding
3544,38995,NaN,NaN,NaN,NaN,NaN,NaN,NaN,transformer,embedding
3545,39006,NaN,NaN,NaN,NaN,NaN,NaN,NaN,transformer,embedding
3546,39017,NaN,NaN,NaN,NaN,NaN,NaN,NaN,transformer,embedding
3547,39028,NaN,NaN,NaN,NaN,NaN,NaN,NaN,transformer,embedding
3548,39039,NaN,NaN,NaN,NaN,2.43499869156949e-07,100.0,1.000000238418579,transformer,embedding
3549,39050,NaN,NaN,NaN,NaN,NaN,NaN,NaN,transformer,embedding
3550,39061,NaN,NaN,NaN,NaN,NaN,NaN,NaN,transformer,embedding
3551,39072,NaN,NaN,NaN,NaN,NaN,NaN,NaN,transformer,embedding
3552,39083,NaN,NaN,NaN,NaN,NaN,NaN,NaN,transformer,embedding
3553,39094,NaN,NaN,NaN,NaN,NaN,NaN,NaN,transformer,embedding
3554,39105,NaN,NaN,NaN,NaN,NaN,NaN,NaN,transformer,embedding
3555,39116,NaN,NaN,NaN,NaN,NaN,NaN,NaN,transformer,embedding
3556,39127,NaN,NaN,NaN,NaN,NaN,NaN,NaN,transformer,embedding
3557,39138,NaN,NaN,NaN,NaN,NaN,NaN,NaN,transformer,embedding
3558,39149,NaN,NaN,NaN,NaN,NaN,NaN,NaN,transformer,embedding
3559,39160,NaN,NaN,NaN,NaN,NaN,NaN,NaN,transformer,embedding
3560,39171,NaN,NaN,NaN,NaN,NaN,NaN,NaN,transformer,embedding
3561,39182,NaN,NaN,NaN,NaN,NaN,NaN,NaN,transformer,embedding
3562,39193,NaN,NaN,NaN,NaN,NaN,NaN,NaN,transformer,embedding
3563,39204,NaN,NaN,NaN,NaN,NaN,NaN,NaN,transformer,embedding
3564,39215,NaN,NaN,NaN,NaN,NaN,NaN,NaN,transformer,embedding
3565,39226,NaN,NaN,NaN,NaN,NaN,NaN,NaN,transformer,embedding
3566,39237,NaN,NaN,NaN,NaN,NaN,NaN,NaN,transformer,embedding
3567,39248,NaN,NaN,NaN,NaN,NaN,NaN,NaN,transformer,embedding
3568,39259,NaN,NaN,NaN,NaN,NaN,NaN,NaN,transformer,embedding
3569,39270,NaN,NaN,NaN,NaN,NaN,NaN,NaN,transformer,embedding
3570,39281,NaN,NaN,NaN,NaN,NaN,NaN,NaN,transformer,embedding
3571,39292,NaN,NaN,NaN,NaN,NaN,NaN,NaN,transformer,embedding
3572,39303,NaN,NaN,NaN,NaN,NaN,NaN,NaN,transformer,embedding
3573,39314,NaN,NaN,NaN,NaN,NaN,NaN,NaN,transformer,embedding
3574,39325,3.585492791557954e-08,100.0,1.0,0.001,NaN,NaN,NaN,transformer,embedding
3575,39336,NaN,NaN,NaN,NaN,NaN,NaN,NaN,transformer,embedding
3576,39347,NaN,NaN,NaN,NaN,NaN,NaN,NaN,transformer,embedding
3577,39358,NaN,NaN,NaN,NaN,NaN,NaN,NaN,transformer,embedding
3578,39369,NaN,NaN,NaN,NaN,NaN,NaN,NaN,transformer,embedding
3579,39380,NaN,NaN,NaN,NaN,NaN,NaN,NaN,transformer,embedding
3580,39391,NaN,NaN,NaN,NaN,NaN,NaN,NaN,transformer,embedding
3581,39402,NaN,NaN,NaN,NaN,NaN,NaN,NaN,transformer,embedding
3582,39413,NaN,NaN,NaN,NaN,NaN,NaN,NaN,transformer,embedding
3583,39424,NaN,NaN,NaN,NaN,NaN,NaN,NaN,transformer,embedding
3584,39435,NaN,NaN,NaN,NaN,NaN,NaN,NaN,transformer,embedding
3585,39446,NaN,NaN,NaN,NaN,NaN,NaN,NaN,transformer,embedding
3586,39457,NaN,NaN,NaN,NaN,NaN,NaN,NaN,transformer,embedding
3587,39468,NaN,NaN,NaN,NaN,NaN,NaN,NaN,transformer,embedding
3588,39479,NaN,NaN,NaN,NaN,NaN,NaN,NaN,transformer,embedding
3589,39490,NaN,NaN,NaN,NaN,NaN,NaN,NaN,transformer,embedding
3590,39501,NaN,NaN,NaN,NaN,NaN,NaN,NaN,transformer,embedding
3591,39512,NaN,NaN,NaN,NaN,NaN,NaN,NaN,transformer,embedding
3592,39523,NaN,NaN,NaN,NaN,NaN,NaN,NaN,transformer,embedding
3593,39534,NaN,NaN,NaN,NaN,NaN,NaN,NaN,transformer,embedding
3594,39545,NaN,NaN,NaN,NaN,NaN,NaN,NaN,transformer,embedding
3595,39556,NaN,NaN,NaN,NaN,NaN,NaN,NaN,transformer,embedding
3596,39567,NaN,NaN,NaN,NaN,NaN,NaN,NaN,transformer,embedding
3597,39578,NaN,NaN,NaN,NaN,NaN,NaN,NaN,transformer,embedding
3598,39589,NaN,NaN,NaN,NaN,NaN,NaN,NaN,transformer,embedding
3599,39600,NaN,NaN,NaN,NaN,NaN,NaN,NaN,transformer,embedding
3600,39611,NaN,NaN,NaN,NaN,NaN,NaN,NaN,transformer,embedding
3601,39622,NaN,NaN,NaN,NaN,NaN,NaN,NaN,transformer,embedding
3602,39633,NaN,NaN,NaN,NaN,NaN,NaN,NaN,transformer,embedding
3603,39644,NaN,NaN,NaN,NaN,NaN,NaN,NaN,transformer,embedding
3604,39655,NaN,NaN,NaN,NaN,NaN,NaN,NaN,transformer,embedding
3605,39666,NaN,NaN,NaN,NaN,NaN,NaN,NaN,transformer,embedding
3606,39677,NaN,NaN,NaN,NaN,NaN,NaN,NaN,transformer,embedding
3607,39688,NaN,NaN,NaN,NaN,NaN,NaN,NaN,transformer,embedding
3608,39699,NaN,NaN,NaN,NaN,NaN,NaN,NaN,transformer,embedding
3609,39710,3.370109880052041e-08,100.0,1.0,0.001,NaN,NaN,NaN,transformer,embedding
3610,39721,NaN,NaN,NaN,NaN,NaN,NaN,NaN,transformer,embedding
3611,39732,NaN,NaN,NaN,NaN,NaN,NaN,NaN,transformer,embedding
3612,39743,NaN,NaN,NaN,NaN,NaN,NaN,NaN,transformer,embedding
3613,39754,NaN,NaN,NaN,NaN,NaN,NaN,NaN,transformer,embedding
3614,39765,NaN,NaN,NaN,NaN,NaN,NaN,NaN,transformer,embedding
3615,39776,NaN,NaN,NaN,NaN,NaN,NaN,NaN,transformer,embedding
3616,39787,NaN,NaN,NaN,NaN,NaN,NaN,NaN,transformer,embedding
3617,39798,NaN,NaN,NaN,NaN,NaN,NaN,NaN,transformer,embedding
3618,39809,NaN,NaN,NaN,NaN,1.4649165791524865e-07,100.0,1.0000001192092896,transformer,embedding
3619,39820,NaN,NaN,NaN,NaN,NaN,NaN,NaN,transformer,embedding
3620,39831,NaN,NaN,NaN,NaN,NaN,NaN,NaN,transformer,embedding
3621,39842,NaN,NaN,NaN,NaN,NaN,NaN,NaN,transformer,embedding
3622,39853,NaN,NaN,NaN,NaN,NaN,NaN,NaN,transformer,embedding
3623,39864,NaN,NaN,NaN,NaN,NaN,NaN,NaN,transformer,embedding
3624,39875,NaN,NaN,NaN,NaN,NaN,NaN,NaN,transformer,embedding
3625,39886,NaN,NaN,NaN,NaN,NaN,NaN,NaN,transformer,embedding
3626,39897,NaN,NaN,NaN,NaN,NaN,NaN,NaN,transformer,embedding
3627,39908,NaN,NaN,NaN,NaN,NaN,NaN,NaN,transformer,embedding
3628,39919,NaN,NaN,NaN,NaN,NaN,NaN,NaN,transformer,embedding
3629,39930,NaN,NaN,NaN,NaN,NaN,NaN,NaN,transformer,embedding
3630,39941,NaN,NaN,NaN,NaN,NaN,NaN,NaN,transformer,embedding
3631,39952,NaN,NaN,NaN,NaN,NaN,NaN,NaN,transformer,embedding
3632,39963,NaN,NaN,NaN,NaN,NaN,NaN,NaN,transformer,embedding
3633,39974,NaN,NaN,NaN,NaN,NaN,NaN,NaN,transformer,embedding
3634,39985,NaN,NaN,NaN,NaN,NaN,NaN,NaN,transformer,embedding
3635,39996,NaN,NaN,NaN,NaN,NaN,NaN,NaN,transformer,embedding
3636,40007,NaN,NaN,NaN,NaN,NaN,NaN,NaN,transformer,embedding
3637,40018,NaN,NaN,NaN,NaN,NaN,NaN,NaN,transformer,embedding
3638,40029,NaN,NaN,NaN,NaN,NaN,NaN,NaN,transformer,embedding
3639,40040,NaN,NaN,NaN,NaN,NaN,NaN,NaN,transformer,embedding
3640,40051,NaN,NaN,NaN,NaN,NaN,NaN,NaN,transformer,embedding
3641,40062,NaN,NaN,NaN,NaN,NaN,NaN,NaN,transformer,embedding
3642,40073,NaN,NaN,NaN,NaN,NaN,NaN,NaN,transformer,embedding
3643,40084,NaN,NaN,NaN,NaN,NaN,NaN,NaN,transformer,embedding
3644,40095,NaN,NaN,NaN,NaN,NaN,NaN,NaN,transformer,embedding
3645,40106,3.5820374222339524e-08,100.0,1.0,0.001,NaN,NaN,NaN,transformer,embedding
3646,40117,NaN,NaN,NaN,NaN,NaN,NaN,NaN,transformer,embedding
3647,40128,NaN,NaN,NaN,NaN,NaN,NaN,NaN,transformer,embedding
3648,40139,NaN,NaN,NaN,NaN,NaN,NaN,NaN,transformer,embedding
3649,40150,NaN,NaN,NaN,NaN,NaN,NaN,NaN,transformer,embedding
3650,40161,NaN,NaN,NaN,NaN,NaN,NaN,NaN,transformer,embedding
3651,40172,NaN,NaN,NaN,NaN,NaN,NaN,NaN,transformer,embedding
3652,40183,NaN,NaN,NaN,NaN,NaN,NaN,NaN,transformer,embedding
3653,40194,NaN,NaN,NaN,NaN,NaN,NaN,NaN,transformer,embedding
3654,40205,NaN,NaN,NaN,NaN,NaN,NaN,NaN,transformer,embedding
3655,40216,NaN,NaN,NaN,NaN,NaN,NaN,NaN,transformer,embedding
3656,40227,NaN,NaN,NaN,NaN,NaN,NaN,NaN,transformer,embedding
3657,40238,NaN,NaN,NaN,NaN,NaN,NaN,NaN,transformer,embedding
3658,40249,NaN,NaN,NaN,NaN,NaN,NaN,NaN,transformer,embedding
3659,40260,NaN,NaN,NaN,NaN,NaN,NaN,NaN,transformer,embedding
3660,40271,NaN,NaN,NaN,NaN,NaN,NaN,NaN,transformer,embedding
3661,40282,NaN,NaN,NaN,NaN,NaN,NaN,NaN,transformer,embedding
3662,40293,NaN,NaN,NaN,NaN,NaN,NaN,NaN,transformer,embedding
3663,40304,NaN,NaN,NaN,NaN,NaN,NaN,NaN,transformer,embedding
3664,40315,NaN,NaN,NaN,NaN,NaN,NaN,NaN,transformer,embedding
3665,40326,NaN,NaN,NaN,NaN,NaN,NaN,NaN,transformer,embedding
3666,40337,NaN,NaN,NaN,NaN,NaN,NaN,NaN,transformer,embedding
3667,40348,NaN,NaN,NaN,NaN,NaN,NaN,NaN,transformer,embedding
3668,40359,NaN,NaN,NaN,NaN,NaN,NaN,NaN,transformer,embedding
3669,40370,NaN,NaN,NaN,NaN,NaN,NaN,NaN,transformer,embedding
3670,40381,NaN,NaN,NaN,NaN,NaN,NaN,NaN,transformer,embedding
3671,40392,NaN,NaN,NaN,NaN,NaN,NaN,NaN,transformer,embedding
3672,40403,NaN,NaN,NaN,NaN,NaN,NaN,NaN,transformer,embedding
3673,40414,NaN,NaN,NaN,NaN,NaN,NaN,NaN,transformer,embedding
3674,40425,NaN,NaN,NaN,NaN,NaN,NaN,NaN,transformer,embedding
3675,40436,NaN,NaN,NaN,NaN,NaN,NaN,NaN,transformer,embedding
3676,40447,NaN,NaN,NaN,NaN,NaN,NaN,NaN,transformer,embedding
3677,40458,NaN,NaN,NaN,NaN,NaN,NaN,NaN,transformer,embedding
3678,40469,NaN,NaN,NaN,NaN,NaN,NaN,NaN,transformer,embedding
3679,40480,NaN,NaN,NaN,NaN,NaN,NaN,NaN,transformer,embedding
3680,40491,NaN,NaN,NaN,NaN,NaN,NaN,NaN,transformer,embedding
3681,40502,3.449582663961337e-08,100.0,1.0,0.001,NaN,NaN,NaN,transformer,embedding
3682,40513,NaN,NaN,NaN,NaN,NaN,NaN,NaN,transformer,embedding
3683,40524,NaN,NaN,NaN,NaN,NaN,NaN,NaN,transformer,embedding
3684,40535,NaN,NaN,NaN,NaN,NaN,NaN,NaN,transformer,embedding
3685,40546,NaN,NaN,NaN,NaN,NaN,NaN,NaN,transformer,embedding
3686,40557,NaN,NaN,NaN,NaN,NaN,NaN,NaN,transformer,embedding
3687,40568,NaN,NaN,NaN,NaN,NaN,NaN,NaN,transformer,embedding
3688,40579,NaN,NaN,NaN,NaN,NaN,NaN,NaN,transformer,embedding
3689,40590,NaN,NaN,NaN,NaN,NaN,NaN,NaN,transformer,embedding
3690,40601,NaN,NaN,NaN,NaN,1.1681608214075823e-07,100.0,1.0000001192092896,transformer,embedding
3691,40612,NaN,NaN,NaN,NaN,NaN,NaN,NaN,transformer,embedding
3692,40623,NaN,NaN,NaN,NaN,NaN,NaN,NaN,transformer,embedding
3693,40634,NaN,NaN,NaN,NaN,NaN,NaN,NaN,transformer,embedding
3694,40645,NaN,NaN,NaN,NaN,NaN,NaN,NaN,transformer,embedding
3695,40656,NaN,NaN,NaN,NaN,NaN,NaN,NaN,transformer,embedding
3696,40667,NaN,NaN,NaN,NaN,NaN,NaN,NaN,transformer,embedding
3697,40678,NaN,NaN,NaN,NaN,NaN,NaN,NaN,transformer,embedding
3698,40689,NaN,NaN,NaN,NaN,NaN,NaN,NaN,transformer,embedding
3699,40700,NaN,NaN,NaN,NaN,NaN,NaN,NaN,transformer,embedding
3700,40711,NaN,NaN,NaN,NaN,NaN,NaN,NaN,transformer,embedding
3701,40722,NaN,NaN,NaN,NaN,NaN,NaN,NaN,transformer,embedding
3702,40733,NaN,NaN,NaN,NaN,NaN,NaN,NaN,transformer,embedding
3703,40744,NaN,NaN,NaN,NaN,NaN,NaN,NaN,transformer,embedding
3704,40755,NaN,NaN,NaN,NaN,NaN,NaN,NaN,transformer,embedding
3705,40766,NaN,NaN,NaN,NaN,NaN,NaN,NaN,transformer,embedding
3706,40777,NaN,NaN,NaN,NaN,NaN,NaN,NaN,transformer,embedding
3707,40788,NaN,NaN,NaN,NaN,NaN,NaN,NaN,transformer,embedding
3708,40799,NaN,NaN,NaN,NaN,NaN,NaN,NaN,transformer,embedding
3709,40810,NaN,NaN,NaN,NaN,NaN,NaN,NaN,transformer,embedding
3710,40821,NaN,NaN,NaN,NaN,NaN,NaN,NaN,transformer,embedding
3711,40832,NaN,NaN,NaN,NaN,NaN,NaN,NaN,transformer,embedding
3712,40843,NaN,NaN,NaN,NaN,NaN,NaN,NaN,transformer,embedding
3713,40854,NaN,NaN,NaN,NaN,NaN,NaN,NaN,transformer,embedding
3714,40865,NaN,NaN,NaN,NaN,NaN,NaN,NaN,transformer,embedding
3715,40876,NaN,NaN,NaN,NaN,NaN,NaN,NaN,transformer,embedding
3716,40887,NaN,NaN,NaN,NaN,NaN,NaN,NaN,transformer,embedding
3717,40898,3.238806556282725e-08,100.0,1.0,0.001,NaN,NaN,NaN,transformer,embedding
3718,40909,NaN,NaN,NaN,NaN,NaN,NaN,NaN,transformer,embedding
3719,40920,NaN,NaN,NaN,NaN,NaN,NaN,NaN,transformer,embedding
3720,40931,NaN,NaN,NaN,NaN,NaN,NaN,NaN,transformer,embedding
3721,40942,NaN,NaN,NaN,NaN,NaN,NaN,NaN,transformer,embedding
3722,40953,NaN,NaN,NaN,NaN,NaN,NaN,NaN,transformer,embedding
3723,40964,NaN,NaN,NaN,NaN,NaN,NaN,NaN,transformer,embedding
3724,40975,NaN,NaN,NaN,NaN,NaN,NaN,NaN,transformer,embedding
3725,40986,NaN,NaN,NaN,NaN,NaN,NaN,NaN,transformer,embedding
3726,40997,NaN,NaN,NaN,NaN,NaN,NaN,NaN,transformer,embedding
3727,41008,NaN,NaN,NaN,NaN,NaN,NaN,NaN,transformer,embedding
3728,41019,NaN,NaN,NaN,NaN,NaN,NaN,NaN,transformer,embedding
3729,41030,NaN,NaN,NaN,NaN,NaN,NaN,NaN,transformer,embedding
3730,41041,NaN,NaN,NaN,NaN,NaN,NaN,NaN,transformer,embedding
3731,41052,NaN,NaN,NaN,NaN,NaN,NaN,NaN,transformer,embedding
3732,41063,NaN,NaN,NaN,NaN,NaN,NaN,NaN,transformer,embedding
3733,41074,NaN,NaN,NaN,NaN,NaN,NaN,NaN,transformer,embedding
3734,41085,NaN,NaN,NaN,NaN,NaN,NaN,NaN,transformer,embedding
3735,41096,NaN,NaN,NaN,NaN,NaN,NaN,NaN,transformer,embedding
3736,41107,NaN,NaN,NaN,NaN,NaN,NaN,NaN,transformer,embedding
3737,41118,NaN,NaN,NaN,NaN,NaN,NaN,NaN,transformer,embedding
3738,41129,NaN,NaN,NaN,NaN,NaN,NaN,NaN,transformer,embedding
3739,41140,NaN,NaN,NaN,NaN,NaN,NaN,NaN,transformer,embedding
3740,41151,NaN,NaN,NaN,NaN,NaN,NaN,NaN,transformer,embedding
3741,41162,NaN,NaN,NaN,NaN,NaN,NaN,NaN,transformer,embedding
3742,41173,NaN,NaN,NaN,NaN,NaN,NaN,NaN,transformer,embedding
3743,41184,NaN,NaN,NaN,NaN,NaN,NaN,NaN,transformer,embedding
3744,41195,NaN,NaN,NaN,NaN,NaN,NaN,NaN,transformer,embedding
3745,41206,NaN,NaN,NaN,NaN,NaN,NaN,NaN,transformer,embedding
3746,41217,NaN,NaN,NaN,NaN,NaN,NaN,NaN,transformer,embedding
3747,41228,NaN,NaN,NaN,NaN,NaN,NaN,NaN,transformer,embedding
3748,41239,NaN,NaN,NaN,NaN,NaN,NaN,NaN,transformer,embedding
3749,41250,NaN,NaN,NaN,NaN,NaN,NaN,NaN,transformer,embedding
3750,41261,NaN,NaN,NaN,NaN,NaN,NaN,NaN,transformer,embedding
3751,41272,NaN,NaN,NaN,NaN,NaN,NaN,NaN,transformer,embedding
3752,41283,NaN,NaN,NaN,NaN,NaN,NaN,NaN,transformer,embedding
3753,41294,NaN,NaN,NaN,NaN,NaN,NaN,NaN,transformer,embedding
3754,41305,3.2606905620014004e-08,100.0,1.0,0.001,NaN,NaN,NaN,transformer,embedding
3755,41316,NaN,NaN,NaN,NaN,NaN,NaN,NaN,transformer,embedding
3756,41327,NaN,NaN,NaN,NaN,NaN,NaN,NaN,transformer,embedding
3757,41338,NaN,NaN,NaN,NaN,NaN,NaN,NaN,transformer,embedding
3758,41349,NaN,NaN,NaN,NaN,NaN,NaN,NaN,transformer,embedding
3759,41360,NaN,NaN,NaN,NaN,NaN,NaN,NaN,transformer,embedding
3760,41371,NaN,NaN,NaN,NaN,NaN,NaN,NaN,transformer,embedding
3761,41382,NaN,NaN,NaN,NaN,NaN,NaN,NaN,transformer,embedding
3762,41393,NaN,NaN,NaN,NaN,NaN,NaN,NaN,transformer,embedding
3763,41404,NaN,NaN,NaN,NaN,1.4757567612377898e-07,100.0,1.0000001192092896,transformer,embedding
3764,41415,NaN,NaN,NaN,NaN,NaN,NaN,NaN,transformer,embedding
3765,41426,NaN,NaN,NaN,NaN,NaN,NaN,NaN,transformer,embedding
3766,41437,NaN,NaN,NaN,NaN,NaN,NaN,NaN,transformer,embedding
3767,41448,NaN,NaN,NaN,NaN,NaN,NaN,NaN,transformer,embedding
3768,41459,NaN,NaN,NaN,NaN,NaN,NaN,NaN,transformer,embedding
3769,41470,NaN,NaN,NaN,NaN,NaN,NaN,NaN,transformer,embedding
3770,41481,NaN,NaN,NaN,NaN,NaN,NaN,NaN,transformer,embedding
3771,41492,NaN,NaN,NaN,NaN,NaN,NaN,NaN,transformer,embedding
3772,41503,NaN,NaN,NaN,NaN,NaN,NaN,NaN,transformer,embedding
3773,41514,NaN,NaN,NaN,NaN,NaN,NaN,NaN,transformer,embedding
3774,41525,NaN,NaN,NaN,NaN,NaN,NaN,NaN,transformer,embedding
3775,41536,NaN,NaN,NaN,NaN,NaN,NaN,NaN,transformer,embedding
3776,41547,NaN,NaN,NaN,NaN,NaN,NaN,NaN,transformer,embedding
3777,41558,NaN,NaN,NaN,NaN,NaN,NaN,NaN,transformer,embedding
3778,41569,NaN,NaN,NaN,NaN,NaN,NaN,NaN,transformer,embedding
3779,41580,NaN,NaN,NaN,NaN,NaN,NaN,NaN,transformer,embedding
3780,41591,NaN,NaN,NaN,NaN,NaN,NaN,NaN,transformer,embedding
3781,41602,NaN,NaN,NaN,NaN,NaN,NaN,NaN,transformer,embedding
3782,41613,NaN,NaN,NaN,NaN,NaN,NaN,NaN,transformer,embedding
3783,41624,NaN,NaN,NaN,NaN,NaN,NaN,NaN,transformer,embedding
3784,41635,NaN,NaN,NaN,NaN,NaN,NaN,NaN,transformer,embedding
3785,41646,NaN,NaN,NaN,NaN,NaN,NaN,NaN,transformer,embedding
3786,41657,NaN,NaN,NaN,NaN,NaN,NaN,NaN,transformer,embedding
3787,41668,NaN,NaN,NaN,NaN,NaN,NaN,NaN,transformer,embedding
3788,41679,NaN,NaN,NaN,NaN,NaN,NaN,NaN,transformer,embedding
3789,41690,NaN,NaN,NaN,NaN,NaN,NaN,NaN,transformer,embedding
3790,41701,NaN,NaN,NaN,NaN,NaN,NaN,NaN,transformer,embedding
3791,41712,3.273360249522739e-08,100.0,1.0,0.001,NaN,NaN,NaN,transformer,embedding
3792,41723,NaN,NaN,NaN,NaN,NaN,NaN,NaN,transformer,embedding
3793,41734,NaN,NaN,NaN,NaN,NaN,NaN,NaN,transformer,embedding
3794,41745,NaN,NaN,NaN,NaN,NaN,NaN,NaN,transformer,embedding
3795,41756,NaN,NaN,NaN,NaN,NaN,NaN,NaN,transformer,embedding
3796,41767,NaN,NaN,NaN,NaN,NaN,NaN,NaN,transformer,embedding
3797,41778,NaN,NaN,NaN,NaN,NaN,NaN,NaN,transformer,embedding
3798,41789,NaN,NaN,NaN,NaN,NaN,NaN,NaN,transformer,embedding
3799,41800,NaN,NaN,NaN,NaN,NaN,NaN,NaN,transformer,embedding
3800,41811,NaN,NaN,NaN,NaN,NaN,NaN,NaN,transformer,embedding
3801,41822,NaN,NaN,NaN,NaN,NaN,NaN,NaN,transformer,embedding
3802,41833,NaN,NaN,NaN,NaN,NaN,NaN,NaN,transformer,embedding
3803,41844,NaN,NaN,NaN,NaN,NaN,NaN,NaN,transformer,embedding
3804,41855,NaN,NaN,NaN,NaN,NaN,NaN,NaN,transformer,embedding
3805,41866,NaN,NaN,NaN,NaN,NaN,NaN,NaN,transformer,embedding
3806,41877,NaN,NaN,NaN,NaN,NaN,NaN,NaN,transformer,embedding
3807,41888,NaN,NaN,NaN,NaN,NaN,NaN,NaN,transformer,embedding
3808,41899,NaN,NaN,NaN,NaN,NaN,NaN,NaN,transformer,embedding
3809,41910,NaN,NaN,NaN,NaN,NaN,NaN,NaN,transformer,embedding
3810,41921,NaN,NaN,NaN,NaN,NaN,NaN,NaN,transformer,embedding
3811,41932,NaN,NaN,NaN,NaN,NaN,NaN,NaN,transformer,embedding
3812,41943,NaN,NaN,NaN,NaN,NaN,NaN,NaN,transformer,embedding
3813,41954,NaN,NaN,NaN,NaN,NaN,NaN,NaN,transformer,embedding
3814,41965,NaN,NaN,NaN,NaN,NaN,NaN,NaN,transformer,embedding
3815,41976,NaN,NaN,NaN,NaN,NaN,NaN,NaN,transformer,embedding
3816,41987,NaN,NaN,NaN,NaN,NaN,NaN,NaN,transformer,embedding
3817,41998,NaN,NaN,NaN,NaN,NaN,NaN,NaN,transformer,embedding
3818,42009,NaN,NaN,NaN,NaN,NaN,NaN,NaN,transformer,embedding
3819,42020,NaN,NaN,NaN,NaN,NaN,NaN,NaN,transformer,embedding
3820,42031,NaN,NaN,NaN,NaN,NaN,NaN,NaN,transformer,embedding
3821,42042,NaN,NaN,NaN,NaN,NaN,NaN,NaN,transformer,embedding
3822,42053,NaN,NaN,NaN,NaN,NaN,NaN,NaN,transformer,embedding
3823,42064,NaN,NaN,NaN,NaN,NaN,NaN,NaN,transformer,embedding
3824,42075,NaN,NaN,NaN,NaN,NaN,NaN,NaN,transformer,embedding
3825,42086,NaN,NaN,NaN,NaN,NaN,NaN,NaN,transformer,embedding
3826,42097,NaN,NaN,NaN,NaN,NaN,NaN,NaN,transformer,embedding
3827,42108,NaN,NaN,NaN,NaN,NaN,NaN,NaN,transformer,embedding
3828,42119,3.145512650348792e-08,100.0,1.0,0.001,NaN,NaN,NaN,transformer,embedding
3829,42130,NaN,NaN,NaN,NaN,NaN,NaN,NaN,transformer,embedding
3830,42141,NaN,NaN,NaN,NaN,NaN,NaN,NaN,transformer,embedding
3831,42152,NaN,NaN,NaN,NaN,NaN,NaN,NaN,transformer,embedding
3832,42163,NaN,NaN,NaN,NaN,NaN,NaN,NaN,transformer,embedding
3833,42174,NaN,NaN,NaN,NaN,NaN,NaN,NaN,transformer,embedding
3834,42185,NaN,NaN,NaN,NaN,NaN,NaN,NaN,transformer,embedding
3835,42196,NaN,NaN,NaN,NaN,NaN,NaN,NaN,transformer,embedding
3836,42207,NaN,NaN,NaN,NaN,NaN,NaN,NaN,transformer,embedding
3837,42218,NaN,NaN,NaN,NaN,NaN,NaN,NaN,transformer,embedding
3838,42229,NaN,NaN,NaN,NaN,1.174495736222525e-07,100.0,1.0000001192092896,transformer,embedding
3839,42240,NaN,NaN,NaN,NaN,NaN,NaN,NaN,transformer,embedding
3840,42251,NaN,NaN,NaN,NaN,NaN,NaN,NaN,transformer,embedding
3841,42262,NaN,NaN,NaN,NaN,NaN,NaN,NaN,transformer,embedding
3842,42273,NaN,NaN,NaN,NaN,NaN,NaN,NaN,transformer,embedding
3843,42284,NaN,NaN,NaN,NaN,NaN,NaN,NaN,transformer,embedding
3844,42295,NaN,NaN,NaN,NaN,NaN,NaN,NaN,transformer,embedding
3845,42306,NaN,NaN,NaN,NaN,NaN,NaN,NaN,transformer,embedding
3846,42317,NaN,NaN,NaN,NaN,NaN,NaN,NaN,transformer,embedding
3847,42328,NaN,NaN,NaN,NaN,NaN,NaN,NaN,transformer,embedding
3848,42339,NaN,NaN,NaN,NaN,NaN,NaN,NaN,transformer,embedding
3849,42350,NaN,NaN,NaN,NaN,NaN,NaN,NaN,transformer,embedding
3850,42361,NaN,NaN,NaN,NaN,NaN,NaN,NaN,transformer,embedding
3851,42372,NaN,NaN,NaN,NaN,NaN,NaN,NaN,transformer,embedding
3852,42383,NaN,NaN,NaN,NaN,NaN,NaN,NaN,transformer,embedding
3853,42394,NaN,NaN,NaN,NaN,NaN,NaN,NaN,transformer,embedding
3854,42405,NaN,NaN,NaN,NaN,NaN,NaN,NaN,transformer,embedding
3855,42416,NaN,NaN,NaN,NaN,NaN,NaN,NaN,transformer,embedding
3856,42427,NaN,NaN,NaN,NaN,NaN,NaN,NaN,transformer,embedding
3857,42438,NaN,NaN,NaN,NaN,NaN,NaN,NaN,transformer,embedding
3858,42449,NaN,NaN,NaN,NaN,NaN,NaN,NaN,transformer,embedding
3859,42460,NaN,NaN,NaN,NaN,NaN,NaN,NaN,transformer,embedding
3860,42471,NaN,NaN,NaN,NaN,NaN,NaN,NaN,transformer,embedding
3861,42482,NaN,NaN,NaN,NaN,NaN,NaN,NaN,transformer,embedding
3862,42493,NaN,NaN,NaN,NaN,NaN,NaN,NaN,transformer,embedding
3863,42504,NaN,NaN,NaN,NaN,NaN,NaN,NaN,transformer,embedding
3864,42515,NaN,NaN,NaN,NaN,NaN,NaN,NaN,transformer,embedding
3865,42526,NaN,NaN,NaN,NaN,NaN,NaN,NaN,transformer,embedding
3866,42537,3.148967664401425e-08,100.0,1.0,0.001,NaN,NaN,NaN,transformer,embedding
3867,42548,NaN,NaN,NaN,NaN,NaN,NaN,NaN,transformer,embedding
3868,42559,NaN,NaN,NaN,NaN,NaN,NaN,NaN,transformer,embedding
3869,42570,NaN,NaN,NaN,NaN,NaN,NaN,NaN,transformer,embedding
3870,42581,NaN,NaN,NaN,NaN,NaN,NaN,NaN,transformer,embedding
3871,42592,NaN,NaN,NaN,NaN,NaN,NaN,NaN,transformer,embedding
3872,42603,NaN,NaN,NaN,NaN,NaN,NaN,NaN,transformer,embedding
3873,42614,NaN,NaN,NaN,NaN,NaN,NaN,NaN,transformer,embedding
3874,42625,NaN,NaN,NaN,NaN,NaN,NaN,NaN,transformer,embedding
3875,42636,NaN,NaN,NaN,NaN,NaN,NaN,NaN,transformer,embedding
3876,42647,NaN,NaN,NaN,NaN,NaN,NaN,NaN,transformer,embedding
3877,42658,NaN,NaN,NaN,NaN,NaN,NaN,NaN,transformer,embedding
3878,42669,NaN,NaN,NaN,NaN,NaN,NaN,NaN,transformer,embedding
3879,42680,NaN,NaN,NaN,NaN,NaN,NaN,NaN,transformer,embedding
3880,42691,NaN,NaN,NaN,NaN,NaN,NaN,NaN,transformer,embedding
3881,42702,NaN,NaN,NaN,NaN,NaN,NaN,NaN,transformer,embedding
3882,42713,NaN,NaN,NaN,NaN,NaN,NaN,NaN,transformer,embedding
3883,42724,NaN,NaN,NaN,NaN,NaN,NaN,NaN,transformer,embedding
3884,42735,NaN,NaN,NaN,NaN,NaN,NaN,NaN,transformer,embedding
3885,42746,NaN,NaN,NaN,NaN,NaN,NaN,NaN,transformer,embedding
3886,42757,NaN,NaN,NaN,NaN,NaN,NaN,NaN,transformer,embedding
3887,42768,NaN,NaN,NaN,NaN,NaN,NaN,NaN,transformer,embedding
3888,42779,NaN,NaN,NaN,NaN,NaN,NaN,NaN,transformer,embedding
3889,42790,NaN,NaN,NaN,NaN,NaN,NaN,NaN,transformer,embedding
3890,42801,NaN,NaN,NaN,NaN,NaN,NaN,NaN,transformer,embedding
3891,42812,NaN,NaN,NaN,NaN,NaN,NaN,NaN,transformer,embedding
3892,42823,NaN,NaN,NaN,NaN,NaN,NaN,NaN,transformer,embedding
3893,42834,NaN,NaN,NaN,NaN,NaN,NaN,NaN,transformer,embedding
3894,42845,NaN,NaN,NaN,NaN,NaN,NaN,NaN,transformer,embedding
3895,42856,NaN,NaN,NaN,NaN,NaN,NaN,NaN,transformer,embedding
3896,42867,NaN,NaN,NaN,NaN,NaN,NaN,NaN,transformer,embedding
3897,42878,NaN,NaN,NaN,NaN,NaN,NaN,NaN,transformer,embedding
3898,42889,NaN,NaN,NaN,NaN,NaN,NaN,NaN,transformer,embedding
3899,42900,NaN,NaN,NaN,NaN,NaN,NaN,NaN,transformer,embedding
3900,42911,NaN,NaN,NaN,NaN,NaN,NaN,NaN,transformer,embedding
3901,42922,NaN,NaN,NaN,NaN,NaN,NaN,NaN,transformer,embedding
3902,42933,NaN,NaN,NaN,NaN,NaN,NaN,NaN,transformer,embedding
3903,42944,NaN,NaN,NaN,NaN,NaN,NaN,NaN,transformer,embedding
3904,42955,3.273360249522739e-08,100.0,1.0,0.001,NaN,NaN,NaN,transformer,embedding
3905,42966,NaN,NaN,NaN,NaN,NaN,NaN,NaN,transformer,embedding
3906,42977,NaN,NaN,NaN,NaN,NaN,NaN,NaN,transformer,embedding
3907,42988,NaN,NaN,NaN,NaN,NaN,NaN,NaN,transformer,embedding
3908,42999,NaN,NaN,NaN,NaN,NaN,NaN,NaN,transformer,embedding
3909,43010,NaN,NaN,NaN,NaN,NaN,NaN,NaN,transformer,embedding
3910,43021,NaN,NaN,NaN,NaN,NaN,NaN,NaN,transformer,embedding
3911,43032,NaN,NaN,NaN,NaN,NaN,NaN,NaN,transformer,embedding
3912,43043,NaN,NaN,NaN,NaN,NaN,NaN,NaN,transformer,embedding
3913,43054,NaN,NaN,NaN,NaN,NaN,NaN,NaN,transformer,embedding
3914,43065,NaN,NaN,NaN,NaN,7.92569991858727e-08,100.0,1.0000001192092896,transformer,embedding
3915,43076,NaN,NaN,NaN,NaN,NaN,NaN,NaN,transformer,embedding
3916,43087,NaN,NaN,NaN,NaN,NaN,NaN,NaN,transformer,embedding
3917,43098,NaN,NaN,NaN,NaN,NaN,NaN,NaN,transformer,embedding
3918,43109,NaN,NaN,NaN,NaN,NaN,NaN,NaN,transformer,embedding
3919,43120,NaN,NaN,NaN,NaN,NaN,NaN,NaN,transformer,embedding
3920,43131,NaN,NaN,NaN,NaN,NaN,NaN,NaN,transformer,embedding
3921,43142,NaN,NaN,NaN,NaN,NaN,NaN,NaN,transformer,embedding
3922,43153,NaN,NaN,NaN,NaN,NaN,NaN,NaN,transformer,embedding
3923,43164,NaN,NaN,NaN,NaN,NaN,NaN,NaN,transformer,embedding
3924,43175,NaN,NaN,NaN,NaN,NaN,NaN,NaN,transformer,embedding
3925,43186,NaN,NaN,NaN,NaN,NaN,NaN,NaN,transformer,embedding
3926,43197,NaN,NaN,NaN,NaN,NaN,NaN,NaN,transformer,embedding
3927,43208,NaN,NaN,NaN,NaN,NaN,NaN,NaN,transformer,embedding
3928,43219,NaN,NaN,NaN,NaN,NaN,NaN,NaN,transformer,embedding
3929,43230,NaN,NaN,NaN,NaN,NaN,NaN,NaN,transformer,embedding
3930,43241,NaN,NaN,NaN,NaN,NaN,NaN,NaN,transformer,embedding
3931,43252,NaN,NaN,NaN,NaN,NaN,NaN,NaN,transformer,embedding
3932,43263,NaN,NaN,NaN,NaN,NaN,NaN,NaN,transformer,embedding
3933,43274,NaN,NaN,NaN,NaN,NaN,NaN,NaN,transformer,embedding
3934,43285,NaN,NaN,NaN,NaN,NaN,NaN,NaN,transformer,embedding
3935,43296,NaN,NaN,NaN,NaN,NaN,NaN,NaN,transformer,embedding
3936,43307,NaN,NaN,NaN,NaN,NaN,NaN,NaN,transformer,embedding
3937,43318,NaN,NaN,NaN,NaN,NaN,NaN,NaN,transformer,embedding
3938,43329,NaN,NaN,NaN,NaN,NaN,NaN,NaN,transformer,embedding
3939,43340,NaN,NaN,NaN,NaN,NaN,NaN,NaN,transformer,embedding
3940,43351,NaN,NaN,NaN,NaN,NaN,NaN,NaN,transformer,embedding
3941,43362,NaN,NaN,NaN,NaN,NaN,NaN,NaN,transformer,embedding
3942,43373,NaN,NaN,NaN,NaN,NaN,NaN,NaN,transformer,embedding
3943,43384,3.1132625366581124e-08,100.0,1.0,0.001,NaN,NaN,NaN,transformer,embedding
3944,43395,NaN,NaN,NaN,NaN,NaN,NaN,NaN,transformer,embedding
3945,43406,NaN,NaN,NaN,NaN,NaN,NaN,NaN,transformer,embedding
3946,43417,NaN,NaN,NaN,NaN,NaN,NaN,NaN,transformer,embedding
3947,43428,NaN,NaN,NaN,NaN,NaN,NaN,NaN,transformer,embedding
3948,43439,NaN,NaN,NaN,NaN,NaN,NaN,NaN,transformer,embedding
3949,43450,NaN,NaN,NaN,NaN,NaN,NaN,NaN,transformer,embedding
3950,43461,NaN,NaN,NaN,NaN,NaN,NaN,NaN,transformer,embedding
3951,43472,NaN,NaN,NaN,NaN,NaN,NaN,NaN,transformer,embedding
3952,43483,NaN,NaN,NaN,NaN,NaN,NaN,NaN,transformer,embedding
3953,43494,NaN,NaN,NaN,NaN,NaN,NaN,NaN,transformer,embedding
3954,43505,NaN,NaN,NaN,NaN,NaN,NaN,NaN,transformer,embedding
3955,43516,NaN,NaN,NaN,NaN,NaN,NaN,NaN,transformer,embedding
3956,43527,NaN,NaN,NaN,NaN,NaN,NaN,NaN,transformer,embedding
3957,43538,NaN,NaN,NaN,NaN,NaN,NaN,NaN,transformer,embedding
3958,43549,NaN,NaN,NaN,NaN,NaN,NaN,NaN,transformer,embedding
3959,43560,NaN,NaN,NaN,NaN,NaN,NaN,NaN,transformer,embedding
3960,43571,NaN,NaN,NaN,NaN,NaN,NaN,NaN,transformer,embedding
3961,43582,NaN,NaN,NaN,NaN,NaN,NaN,NaN,transformer,embedding
3962,43593,NaN,NaN,NaN,NaN,NaN,NaN,NaN,transformer,embedding
3963,43604,NaN,NaN,NaN,NaN,NaN,NaN,NaN,transformer,embedding
3964,43615,NaN,NaN,NaN,NaN,NaN,NaN,NaN,transformer,embedding
3965,43626,NaN,NaN,NaN,NaN,NaN,NaN,NaN,transformer,embedding
3966,43637,NaN,NaN,NaN,NaN,NaN,NaN,NaN,transformer,embedding
3967,43648,NaN,NaN,NaN,NaN,NaN,NaN,NaN,transformer,embedding
3968,43659,NaN,NaN,NaN,NaN,NaN,NaN,NaN,transformer,embedding
3969,43670,NaN,NaN,NaN,NaN,NaN,NaN,NaN,transformer,embedding
3970,43681,NaN,NaN,NaN,NaN,NaN,NaN,NaN,transformer,embedding
3971,43692,NaN,NaN,NaN,NaN,NaN,NaN,NaN,transformer,embedding
3972,43703,NaN,NaN,NaN,NaN,NaN,NaN,NaN,transformer,embedding
3973,43714,NaN,NaN,NaN,NaN,NaN,NaN,NaN,transformer,embedding
3974,43725,NaN,NaN,NaN,NaN,NaN,NaN,NaN,transformer,embedding
3975,43736,NaN,NaN,NaN,NaN,NaN,NaN,NaN,transformer,embedding
3976,43747,NaN,NaN,NaN,NaN,NaN,NaN,NaN,transformer,embedding
3977,43758,NaN,NaN,NaN,NaN,NaN,NaN,NaN,transformer,embedding
3978,43769,NaN,NaN,NaN,NaN,NaN,NaN,NaN,transformer,embedding
3979,43780,NaN,NaN,NaN,NaN,NaN,NaN,NaN,transformer,embedding
3980,43791,NaN,NaN,NaN,NaN,NaN,NaN,NaN,transformer,embedding
3981,43802,NaN,NaN,NaN,NaN,NaN,NaN,NaN,transformer,embedding
3982,43813,4.669318087735519e-08,100.0,1.0,0.001,NaN,NaN,NaN,transformer,embedding
3983,43824,NaN,NaN,NaN,NaN,NaN,NaN,NaN,transformer,embedding
3984,43835,NaN,NaN,NaN,NaN,NaN,NaN,NaN,transformer,embedding
3985,43846,NaN,NaN,NaN,NaN,NaN,NaN,NaN,transformer,embedding
3986,43857,NaN,NaN,NaN,NaN,NaN,NaN,NaN,transformer,embedding
3987,43868,NaN,NaN,NaN,NaN,NaN,NaN,NaN,transformer,embedding
3988,43879,NaN,NaN,NaN,NaN,NaN,NaN,NaN,transformer,embedding
3989,43890,NaN,NaN,NaN,NaN,NaN,NaN,NaN,transformer,embedding
3990,43901,NaN,NaN,NaN,NaN,NaN,NaN,NaN,transformer,embedding
3991,43912,NaN,NaN,NaN,NaN,NaN,NaN,NaN,transformer,embedding
3992,43923,NaN,NaN,NaN,NaN,1.506305267184871e-07,100.0,1.0000001192092896,transformer,embedding
3993,43934,NaN,NaN,NaN,NaN,NaN,NaN,NaN,transformer,embedding
3994,43945,NaN,NaN,NaN,NaN,NaN,NaN,NaN,transformer,embedding
3995,43956,NaN,NaN,NaN,NaN,NaN,NaN,NaN,transformer,embedding
3996,43967,NaN,NaN,NaN,NaN,NaN,NaN,NaN,transformer,embedding
3997,43978,NaN,NaN,NaN,NaN,NaN,NaN,NaN,transformer,embedding
3998,43989,NaN,NaN,NaN,NaN,NaN,NaN,NaN,transformer,embedding
3999,44000,NaN,NaN,NaN,NaN,NaN,NaN,NaN,transformer,embedding
4000,44011,NaN,NaN,NaN,NaN,NaN,NaN,NaN,transformer,embedding
4001,44022,NaN,NaN,NaN,NaN,NaN,NaN,NaN,transformer,embedding
4002,44033,NaN,NaN,NaN,NaN,NaN,NaN,NaN,transformer,embedding
4003,44044,NaN,NaN,NaN,NaN,NaN,NaN,NaN,transformer,embedding
4004,44055,NaN,NaN,NaN,NaN,NaN,NaN,NaN,transformer,embedding
4005,44066,NaN,NaN,NaN,NaN,NaN,NaN,NaN,transformer,embedding
4006,44077,NaN,NaN,NaN,NaN,NaN,NaN,NaN,transformer,embedding
4007,44088,NaN,NaN,NaN,NaN,NaN,NaN,NaN,transformer,embedding
4008,44099,NaN,NaN,NaN,NaN,NaN,NaN,NaN,transformer,embedding
4009,44110,NaN,NaN,NaN,NaN,NaN,NaN,NaN,transformer,embedding
4010,44121,NaN,NaN,NaN,NaN,NaN,NaN,NaN,transformer,embedding
4011,44132,NaN,NaN,NaN,NaN,NaN,NaN,NaN,transformer,embedding
4012,44143,NaN,NaN,NaN,NaN,NaN,NaN,NaN,transformer,embedding
4013,44154,NaN,NaN,NaN,NaN,NaN,NaN,NaN,transformer,embedding
4014,44165,NaN,NaN,NaN,NaN,NaN,NaN,NaN,transformer,embedding
4015,44176,NaN,NaN,NaN,NaN,NaN,NaN,NaN,transformer,embedding
4016,44187,NaN,NaN,NaN,NaN,NaN,NaN,NaN,transformer,embedding
4017,44198,NaN,NaN,NaN,NaN,NaN,NaN,NaN,transformer,embedding
4018,44209,NaN,NaN,NaN,NaN,NaN,NaN,NaN,transformer,embedding
4019,44220,NaN,NaN,NaN,NaN,NaN,NaN,NaN,transformer,embedding
4020,44231,NaN,NaN,NaN,NaN,NaN,NaN,NaN,transformer,embedding
4021,44242,3.777839907570524e-08,100.0,1.0,0.001,NaN,NaN,NaN,transformer,embedding
4022,44253,NaN,NaN,NaN,NaN,NaN,NaN,NaN,transformer,embedding
4023,44264,NaN,NaN,NaN,NaN,NaN,NaN,NaN,transformer,embedding
4024,44275,NaN,NaN,NaN,NaN,NaN,NaN,NaN,transformer,embedding
4025,44286,NaN,NaN,NaN,NaN,NaN,NaN,NaN,transformer,embedding
4026,44297,NaN,NaN,NaN,NaN,NaN,NaN,NaN,transformer,embedding
4027,44308,NaN,NaN,NaN,NaN,NaN,NaN,NaN,transformer,embedding
4028,44319,NaN,NaN,NaN,NaN,NaN,NaN,NaN,transformer,embedding
4029,44330,NaN,NaN,NaN,NaN,NaN,NaN,NaN,transformer,embedding
4030,44341,NaN,NaN,NaN,NaN,NaN,NaN,NaN,transformer,embedding
4031,44352,NaN,NaN,NaN,NaN,NaN,NaN,NaN,transformer,embedding
4032,44363,NaN,NaN,NaN,NaN,NaN,NaN,NaN,transformer,embedding
4033,44374,NaN,NaN,NaN,NaN,NaN,NaN,NaN,transformer,embedding
4034,44385,NaN,NaN,NaN,NaN,NaN,NaN,NaN,transformer,embedding
4035,44396,NaN,NaN,NaN,NaN,NaN,NaN,NaN,transformer,embedding
4036,44407,NaN,NaN,NaN,NaN,NaN,NaN,NaN,transformer,embedding
4037,44418,NaN,NaN,NaN,NaN,NaN,NaN,NaN,transformer,embedding
4038,44429,NaN,NaN,NaN,NaN,NaN,NaN,NaN,transformer,embedding
4039,44440,NaN,NaN,NaN,NaN,NaN,NaN,NaN,transformer,embedding
4040,44451,NaN,NaN,NaN,NaN,NaN,NaN,NaN,transformer,embedding
4041,44462,NaN,NaN,NaN,NaN,NaN,NaN,NaN,transformer,embedding
4042,44473,NaN,NaN,NaN,NaN,NaN,NaN,NaN,transformer,embedding
4043,44484,NaN,NaN,NaN,NaN,NaN,NaN,NaN,transformer,embedding
4044,44495,NaN,NaN,NaN,NaN,NaN,NaN,NaN,transformer,embedding
4045,44506,NaN,NaN,NaN,NaN,NaN,NaN,NaN,transformer,embedding
4046,44517,NaN,NaN,NaN,NaN,NaN,NaN,NaN,transformer,embedding
4047,44528,NaN,NaN,NaN,NaN,NaN,NaN,NaN,transformer,embedding
4048,44539,NaN,NaN,NaN,NaN,NaN,NaN,NaN,transformer,embedding
4049,44550,NaN,NaN,NaN,NaN,NaN,NaN,NaN,transformer,embedding
4050,44561,NaN,NaN,NaN,NaN,NaN,NaN,NaN,transformer,embedding
4051,44572,NaN,NaN,NaN,NaN,NaN,NaN,NaN,transformer,embedding
4052,44583,NaN,NaN,NaN,NaN,NaN,NaN,NaN,transformer,embedding
4053,44594,NaN,NaN,NaN,NaN,NaN,NaN,NaN,transformer,embedding
4054,44605,NaN,NaN,NaN,NaN,NaN,NaN,NaN,transformer,embedding
4055,44616,NaN,NaN,NaN,NaN,NaN,NaN,NaN,transformer,embedding
4056,44627,NaN,NaN,NaN,NaN,NaN,NaN,NaN,transformer,embedding
4057,44638,NaN,NaN,NaN,NaN,NaN,NaN,NaN,transformer,embedding
4058,44649,NaN,NaN,NaN,NaN,NaN,NaN,NaN,transformer,embedding
4059,44660,NaN,NaN,NaN,NaN,NaN,NaN,NaN,transformer,embedding
4060,44671,NaN,NaN,NaN,NaN,NaN,NaN,NaN,transformer,embedding
4061,44682,3.8930181744945e-08,100.0,1.0,0.001,NaN,NaN,NaN,transformer,embedding
4062,44693,NaN,NaN,NaN,NaN,NaN,NaN,NaN,transformer,embedding
4063,44704,NaN,NaN,NaN,NaN,NaN,NaN,NaN,transformer,embedding
4064,44715,NaN,NaN,NaN,NaN,NaN,NaN,NaN,transformer,embedding
4065,44726,NaN,NaN,NaN,NaN,NaN,NaN,NaN,transformer,embedding
4066,44737,NaN,NaN,NaN,NaN,NaN,NaN,NaN,transformer,embedding
4067,44748,NaN,NaN,NaN,NaN,NaN,NaN,NaN,transformer,embedding
4068,44759,NaN,NaN,NaN,NaN,NaN,NaN,NaN,transformer,embedding
4069,44770,NaN,NaN,NaN,NaN,NaN,NaN,NaN,transformer,embedding
4070,44781,NaN,NaN,NaN,NaN,NaN,NaN,NaN,transformer,embedding
4071,44792,NaN,NaN,NaN,NaN,2.4100883067035284e-08,100.0,1.0,transformer,embedding
4072,44803,NaN,NaN,NaN,NaN,NaN,NaN,NaN,transformer,embedding
4073,44814,NaN,NaN,NaN,NaN,NaN,NaN,NaN,transformer,embedding
4074,44825,NaN,NaN,NaN,NaN,NaN,NaN,NaN,transformer,embedding
4075,44836,NaN,NaN,NaN,NaN,NaN,NaN,NaN,transformer,embedding
4076,44847,NaN,NaN,NaN,NaN,NaN,NaN,NaN,transformer,embedding
4077,44858,NaN,NaN,NaN,NaN,NaN,NaN,NaN,transformer,embedding
4078,44869,NaN,NaN,NaN,NaN,NaN,NaN,NaN,transformer,embedding
4079,44880,NaN,NaN,NaN,NaN,NaN,NaN,NaN,transformer,embedding
4080,44891,NaN,NaN,NaN,NaN,NaN,NaN,NaN,transformer,embedding
4081,44902,NaN,NaN,NaN,NaN,NaN,NaN,NaN,transformer,embedding
4082,44913,NaN,NaN,NaN,NaN,NaN,NaN,NaN,transformer,embedding
4083,44924,NaN,NaN,NaN,NaN,NaN,NaN,NaN,transformer,embedding
4084,44935,NaN,NaN,NaN,NaN,NaN,NaN,NaN,transformer,embedding
4085,44946,NaN,NaN,NaN,NaN,NaN,NaN,NaN,transformer,embedding
4086,44957,NaN,NaN,NaN,NaN,NaN,NaN,NaN,transformer,embedding
4087,44968,NaN,NaN,NaN,NaN,NaN,NaN,NaN,transformer,embedding
4088,44979,NaN,NaN,NaN,NaN,NaN,NaN,NaN,transformer,embedding
4089,44990,NaN,NaN,NaN,NaN,NaN,NaN,NaN,transformer,embedding
4090,45001,NaN,NaN,NaN,NaN,NaN,NaN,NaN,transformer,embedding
4091,45012,NaN,NaN,NaN,NaN,NaN,NaN,NaN,transformer,embedding
4092,45023,NaN,NaN,NaN,NaN,NaN,NaN,NaN,transformer,embedding
4093,45034,NaN,NaN,NaN,NaN,NaN,NaN,NaN,transformer,embedding
4094,45045,NaN,NaN,NaN,NaN,NaN,NaN,NaN,transformer,embedding
4095,45056,NaN,NaN,NaN,NaN,NaN,NaN,NaN,transformer,embedding
4096,45067,NaN,NaN,NaN,NaN,NaN,NaN,NaN,transformer,embedding
4097,45078,NaN,NaN,NaN,NaN,NaN,NaN,NaN,transformer,embedding
4098,45089,NaN,NaN,NaN,NaN,NaN,NaN,NaN,transformer,embedding
4099,45100,NaN,NaN,NaN,NaN,NaN,NaN,NaN,transformer,embedding
4100,45111,NaN,NaN,NaN,NaN,NaN,NaN,NaN,transformer,embedding
4101,45122,4.438961909158934e-08,100.0,1.0,0.001,NaN,NaN,NaN,transformer,embedding
4102,45133,NaN,NaN,NaN,NaN,NaN,NaN,NaN,transformer,embedding
4103,45144,NaN,NaN,NaN,NaN,NaN,NaN,NaN,transformer,embedding
4104,45155,NaN,NaN,NaN,NaN,NaN,NaN,NaN,transformer,embedding
4105,45166,NaN,NaN,NaN,NaN,NaN,NaN,NaN,transformer,embedding
4106,45177,NaN,NaN,NaN,NaN,NaN,NaN,NaN,transformer,embedding
4107,45188,NaN,NaN,NaN,NaN,NaN,NaN,NaN,transformer,embedding
4108,45199,NaN,NaN,NaN,NaN,NaN,NaN,NaN,transformer,embedding
4109,45210,NaN,NaN,NaN,NaN,NaN,NaN,NaN,transformer,embedding
4110,45221,NaN,NaN,NaN,NaN,NaN,NaN,NaN,transformer,embedding
4111,45232,NaN,NaN,NaN,NaN,NaN,NaN,NaN,transformer,embedding
4112,45243,NaN,NaN,NaN,NaN,NaN,NaN,NaN,transformer,embedding
4113,45254,NaN,NaN,NaN,NaN,NaN,NaN,NaN,transformer,embedding
4114,45265,NaN,NaN,NaN,NaN,NaN,NaN,NaN,transformer,embedding
4115,45276,NaN,NaN,NaN,NaN,NaN,NaN,NaN,transformer,embedding
4116,45287,NaN,NaN,NaN,NaN,NaN,NaN,NaN,transformer,embedding
4117,45298,NaN,NaN,NaN,NaN,NaN,NaN,NaN,transformer,embedding
4118,45309,NaN,NaN,NaN,NaN,NaN,NaN,NaN,transformer,embedding
4119,45320,NaN,NaN,NaN,NaN,NaN,NaN,NaN,transformer,embedding
4120,45331,NaN,NaN,NaN,NaN,NaN,NaN,NaN,transformer,embedding
4121,45342,NaN,NaN,NaN,NaN,NaN,NaN,NaN,transformer,embedding
4122,45353,NaN,NaN,NaN,NaN,NaN,NaN,NaN,transformer,embedding
4123,45364,NaN,NaN,NaN,NaN,NaN,NaN,NaN,transformer,embedding
4124,45375,NaN,NaN,NaN,NaN,NaN,NaN,NaN,transformer,embedding
4125,45386,NaN,NaN,NaN,NaN,NaN,NaN,NaN,transformer,embedding
4126,45397,NaN,NaN,NaN,NaN,NaN,NaN,NaN,transformer,embedding
4127,45408,NaN,NaN,NaN,NaN,NaN,NaN,NaN,transformer,embedding
4128,45419,NaN,NaN,NaN,NaN,NaN,NaN,NaN,transformer,embedding
4129,45430,NaN,NaN,NaN,NaN,NaN,NaN,NaN,transformer,embedding
4130,45441,NaN,NaN,NaN,NaN,NaN,NaN,NaN,transformer,embedding
4131,45452,NaN,NaN,NaN,NaN,NaN,NaN,NaN,transformer,embedding
4132,45463,NaN,NaN,NaN,NaN,NaN,NaN,NaN,transformer,embedding
4133,45474,NaN,NaN,NaN,NaN,NaN,NaN,NaN,transformer,embedding
4134,45485,NaN,NaN,NaN,NaN,NaN,NaN,NaN,transformer,embedding
4135,45496,NaN,NaN,NaN,NaN,NaN,NaN,NaN,transformer,embedding
4136,45507,NaN,NaN,NaN,NaN,NaN,NaN,NaN,transformer,embedding
4137,45518,NaN,NaN,NaN,NaN,NaN,NaN,NaN,transformer,embedding
4138,45529,NaN,NaN,NaN,NaN,NaN,NaN,NaN,transformer,embedding
4139,45540,NaN,NaN,NaN,NaN,NaN,NaN,NaN,transformer,embedding
4140,45551,NaN,NaN,NaN,NaN,NaN,NaN,NaN,transformer,embedding
4141,45562,NaN,NaN,NaN,NaN,NaN,NaN,NaN,transformer,embedding
4142,45573,3.1063521532814775e-08,100.0,1.0,0.001,NaN,NaN,NaN,transformer,embedding
4143,45584,NaN,NaN,NaN,NaN,NaN,NaN,NaN,transformer,embedding
4144,45595,NaN,NaN,NaN,NaN,NaN,NaN,NaN,transformer,embedding
4145,45606,NaN,NaN,NaN,NaN,NaN,NaN,NaN,transformer,embedding
4146,45617,NaN,NaN,NaN,NaN,NaN,NaN,NaN,transformer,embedding
4147,45628,NaN,NaN,NaN,NaN,NaN,NaN,NaN,transformer,embedding
4148,45639,NaN,NaN,NaN,NaN,NaN,NaN,NaN,transformer,embedding
4149,45650,NaN,NaN,NaN,NaN,NaN,NaN,NaN,transformer,embedding
4150,45661,NaN,NaN,NaN,NaN,NaN,NaN,NaN,transformer,embedding
4151,45672,NaN,NaN,NaN,NaN,NaN,NaN,NaN,transformer,embedding
4152,45683,NaN,NaN,NaN,NaN,6.437694821670448e-08,100.0,1.0000001192092896,transformer,embedding
4153,45694,NaN,NaN,NaN,NaN,NaN,NaN,NaN,transformer,embedding
4154,45705,NaN,NaN,NaN,NaN,NaN,NaN,NaN,transformer,embedding
4155,45716,NaN,NaN,NaN,NaN,NaN,NaN,NaN,transformer,embedding
4156,45727,NaN,NaN,NaN,NaN,NaN,NaN,NaN,transformer,embedding
4157,45738,NaN,NaN,NaN,NaN,NaN,NaN,NaN,transformer,embedding
4158,45749,NaN,NaN,NaN,NaN,NaN,NaN,NaN,transformer,embedding
4159,45760,NaN,NaN,NaN,NaN,NaN,NaN,NaN,transformer,embedding
4160,45771,NaN,NaN,NaN,NaN,NaN,NaN,NaN,transformer,embedding
4161,45782,NaN,NaN,NaN,NaN,NaN,NaN,NaN,transformer,embedding
4162,45793,NaN,NaN,NaN,NaN,NaN,NaN,NaN,transformer,embedding
4163,45804,NaN,NaN,NaN,NaN,NaN,NaN,NaN,transformer,embedding
4164,45815,NaN,NaN,NaN,NaN,NaN,NaN,NaN,transformer,embedding
4165,45826,NaN,NaN,NaN,NaN,NaN,NaN,NaN,transformer,embedding
4166,45837,NaN,NaN,NaN,NaN,NaN,NaN,NaN,transformer,embedding
4167,45848,NaN,NaN,NaN,NaN,NaN,NaN,NaN,transformer,embedding
4168,45859,NaN,NaN,NaN,NaN,NaN,NaN,NaN,transformer,embedding
4169,45870,NaN,NaN,NaN,NaN,NaN,NaN,NaN,transformer,embedding
4170,45881,NaN,NaN,NaN,NaN,NaN,NaN,NaN,transformer,embedding
4171,45892,NaN,NaN,NaN,NaN,NaN,NaN,NaN,transformer,embedding
4172,45903,NaN,NaN,NaN,NaN,NaN,NaN,NaN,transformer,embedding
4173,45914,NaN,NaN,NaN,NaN,NaN,NaN,NaN,transformer,embedding
4174,45925,NaN,NaN,NaN,NaN,NaN,NaN,NaN,transformer,embedding
4175,45936,NaN,NaN,NaN,NaN,NaN,NaN,NaN,transformer,embedding
4176,45947,NaN,NaN,NaN,NaN,NaN,NaN,NaN,transformer,embedding
4177,45958,NaN,NaN,NaN,NaN,NaN,NaN,NaN,transformer,embedding
4178,45969,NaN,NaN,NaN,NaN,NaN,NaN,NaN,transformer,embedding
4179,45980,NaN,NaN,NaN,NaN,NaN,NaN,NaN,transformer,embedding
4180,45991,NaN,NaN,NaN,NaN,NaN,NaN,NaN,transformer,embedding
4181,46002,NaN,NaN,NaN,NaN,NaN,NaN,NaN,transformer,embedding
4182,46013,NaN,NaN,NaN,NaN,NaN,NaN,NaN,transformer,embedding
4183,46024,3.157030192824095e-08,100.0,1.0,0.001,NaN,NaN,NaN,transformer,embedding
4184,46035,NaN,NaN,NaN,NaN,NaN,NaN,NaN,transformer,embedding
4185,46046,NaN,NaN,NaN,NaN,NaN,NaN,NaN,transformer,embedding
4186,46057,NaN,NaN,NaN,NaN,NaN,NaN,NaN,transformer,embedding
4187,46068,NaN,NaN,NaN,NaN,NaN,NaN,NaN,transformer,embedding
4188,46079,NaN,NaN,NaN,NaN,NaN,NaN,NaN,transformer,embedding
4189,46090,NaN,NaN,NaN,NaN,NaN,NaN,NaN,transformer,embedding
4190,46101,NaN,NaN,NaN,NaN,NaN,NaN,NaN,transformer,embedding
4191,46112,NaN,NaN,NaN,NaN,NaN,NaN,NaN,transformer,embedding
4192,46123,NaN,NaN,NaN,NaN,NaN,NaN,NaN,transformer,embedding
4193,46134,NaN,NaN,NaN,NaN,NaN,NaN,NaN,transformer,embedding
4194,46145,NaN,NaN,NaN,NaN,NaN,NaN,NaN,transformer,embedding
4195,46156,NaN,NaN,NaN,NaN,NaN,NaN,NaN,transformer,embedding
4196,46167,NaN,NaN,NaN,NaN,NaN,NaN,NaN,transformer,embedding
4197,46178,NaN,NaN,NaN,NaN,NaN,NaN,NaN,transformer,embedding
4198,46189,NaN,NaN,NaN,NaN,NaN,NaN,NaN,transformer,embedding
4199,46200,NaN,NaN,NaN,NaN,NaN,NaN,NaN,transformer,embedding
4200,46211,NaN,NaN,NaN,NaN,NaN,NaN,NaN,transformer,embedding
4201,46222,NaN,NaN,NaN,NaN,NaN,NaN,NaN,transformer,embedding
4202,46233,NaN,NaN,NaN,NaN,NaN,NaN,NaN,transformer,embedding
4203,46244,NaN,NaN,NaN,NaN,NaN,NaN,NaN,transformer,embedding
4204,46255,NaN,NaN,NaN,NaN,NaN,NaN,NaN,transformer,embedding
4205,46266,NaN,NaN,NaN,NaN,NaN,NaN,NaN,transformer,embedding
4206,46277,NaN,NaN,NaN,NaN,NaN,NaN,NaN,transformer,embedding
4207,46288,NaN,NaN,NaN,NaN,NaN,NaN,NaN,transformer,embedding
4208,46299,NaN,NaN,NaN,NaN,NaN,NaN,NaN,transformer,embedding
4209,46310,NaN,NaN,NaN,NaN,NaN,NaN,NaN,transformer,embedding
4210,46321,NaN,NaN,NaN,NaN,NaN,NaN,NaN,transformer,embedding
4211,46332,NaN,NaN,NaN,NaN,NaN,NaN,NaN,transformer,embedding
4212,46343,NaN,NaN,NaN,NaN,NaN,NaN,NaN,transformer,embedding
4213,46354,NaN,NaN,NaN,NaN,NaN,NaN,NaN,transformer,embedding
4214,46365,NaN,NaN,NaN,NaN,NaN,NaN,NaN,transformer,embedding
4215,46376,NaN,NaN,NaN,NaN,NaN,NaN,NaN,transformer,embedding
4216,46387,NaN,NaN,NaN,NaN,NaN,NaN,NaN,transformer,embedding
4217,46398,NaN,NaN,NaN,NaN,NaN,NaN,NaN,transformer,embedding
4218,46409,NaN,NaN,NaN,NaN,NaN,NaN,NaN,transformer,embedding
4219,46420,NaN,NaN,NaN,NaN,NaN,NaN,NaN,transformer,embedding
4220,46431,NaN,NaN,NaN,NaN,NaN,NaN,NaN,transformer,embedding
4221,46442,NaN,NaN,NaN,NaN,NaN,NaN,NaN,transformer,embedding
4222,46453,NaN,NaN,NaN,NaN,NaN,NaN,NaN,transformer,embedding
4223,46464,NaN,NaN,NaN,NaN,NaN,NaN,NaN,transformer,embedding
4224,46475,3.2249854342580875e-08,100.0,1.0,0.001,NaN,NaN,NaN,transformer,embedding
4225,46486,NaN,NaN,NaN,NaN,NaN,NaN,NaN,transformer,embedding
4226,46497,NaN,NaN,NaN,NaN,NaN,NaN,NaN,transformer,embedding
4227,46508,NaN,NaN,NaN,NaN,NaN,NaN,NaN,transformer,embedding
4228,46519,NaN,NaN,NaN,NaN,NaN,NaN,NaN,transformer,embedding
4229,46530,NaN,NaN,NaN,NaN,NaN,NaN,NaN,transformer,embedding
4230,46541,NaN,NaN,NaN,NaN,NaN,NaN,NaN,transformer,embedding
4231,46552,NaN,NaN,NaN,NaN,NaN,NaN,NaN,transformer,embedding
4232,46563,NaN,NaN,NaN,NaN,NaN,NaN,NaN,transformer,embedding
4233,46574,NaN,NaN,NaN,NaN,NaN,NaN,NaN,transformer,embedding
4234,46585,NaN,NaN,NaN,NaN,NaN,NaN,NaN,transformer,embedding
4235,46596,NaN,NaN,NaN,NaN,8.186135858068155e-08,100.0,1.0000001192092896,transformer,embedding
4236,46607,NaN,NaN,NaN,NaN,NaN,NaN,NaN,transformer,embedding
4237,46618,NaN,NaN,NaN,NaN,NaN,NaN,NaN,transformer,embedding
4238,46629,NaN,NaN,NaN,NaN,NaN,NaN,NaN,transformer,embedding
4239,46640,NaN,NaN,NaN,NaN,NaN,NaN,NaN,transformer,embedding
4240,46651,NaN,NaN,NaN,NaN,NaN,NaN,NaN,transformer,embedding
4241,46662,NaN,NaN,NaN,NaN,NaN,NaN,NaN,transformer,embedding
4242,46673,NaN,NaN,NaN,NaN,NaN,NaN,NaN,transformer,embedding
4243,46684,NaN,NaN,NaN,NaN,NaN,NaN,NaN,transformer,embedding
4244,46695,NaN,NaN,NaN,NaN,NaN,NaN,NaN,transformer,embedding
4245,46706,NaN,NaN,NaN,NaN,NaN,NaN,NaN,transformer,embedding
4246,46717,NaN,NaN,NaN,NaN,NaN,NaN,NaN,transformer,embedding
4247,46728,NaN,NaN,NaN,NaN,NaN,NaN,NaN,transformer,embedding
4248,46739,NaN,NaN,NaN,NaN,NaN,NaN,NaN,transformer,embedding
4249,46750,NaN,NaN,NaN,NaN,NaN,NaN,NaN,transformer,embedding
4250,46761,NaN,NaN,NaN,NaN,NaN,NaN,NaN,transformer,embedding
4251,46772,NaN,NaN,NaN,NaN,NaN,NaN,NaN,transformer,embedding
4252,46783,NaN,NaN,NaN,NaN,NaN,NaN,NaN,transformer,embedding
4253,46794,NaN,NaN,NaN,NaN,NaN,NaN,NaN,transformer,embedding
4254,46805,NaN,NaN,NaN,NaN,NaN,NaN,NaN,transformer,embedding
4255,46816,NaN,NaN,NaN,NaN,NaN,NaN,NaN,transformer,embedding
4256,46827,NaN,NaN,NaN,NaN,NaN,NaN,NaN,transformer,embedding
4257,46838,NaN,NaN,NaN,NaN,NaN,NaN,NaN,transformer,embedding
4258,46849,NaN,NaN,NaN,NaN,NaN,NaN,NaN,transformer,embedding
4259,46860,NaN,NaN,NaN,NaN,NaN,NaN,NaN,transformer,embedding
4260,46871,NaN,NaN,NaN,NaN,NaN,NaN,NaN,transformer,embedding
4261,46882,NaN,NaN,NaN,NaN,NaN,NaN,NaN,transformer,embedding
4262,46893,NaN,NaN,NaN,NaN,NaN,NaN,NaN,transformer,embedding
4263,46904,NaN,NaN,NaN,NaN,NaN,NaN,NaN,transformer,embedding
4264,46915,NaN,NaN,NaN,NaN,NaN,NaN,NaN,transformer,embedding
4265,46926,NaN,NaN,NaN,NaN,NaN,NaN,NaN,transformer,embedding
4266,46937,3.127084013954118e-08,100.0,1.0,0.001,NaN,NaN,NaN,transformer,embedding
4267,46948,NaN,NaN,NaN,NaN,NaN,NaN,NaN,transformer,embedding
4268,46959,NaN,NaN,NaN,NaN,NaN,NaN,NaN,transformer,embedding
4269,46970,NaN,NaN,NaN,NaN,NaN,NaN,NaN,transformer,embedding
4270,46981,NaN,NaN,NaN,NaN,NaN,NaN,NaN,transformer,embedding
4271,46992,NaN,NaN,NaN,NaN,NaN,NaN,NaN,transformer,embedding
4272,47003,NaN,NaN,NaN,NaN,NaN,NaN,NaN,transformer,embedding
4273,47014,NaN,NaN,NaN,NaN,NaN,NaN,NaN,transformer,embedding
4274,47025,NaN,NaN,NaN,NaN,NaN,NaN,NaN,transformer,embedding
4275,47036,NaN,NaN,NaN,NaN,NaN,NaN,NaN,transformer,embedding
4276,47047,NaN,NaN,NaN,NaN,NaN,NaN,NaN,transformer,embedding
4277,47058,NaN,NaN,NaN,NaN,NaN,NaN,NaN,transformer,embedding
4278,47069,NaN,NaN,NaN,NaN,NaN,NaN,NaN,transformer,embedding
4279,47080,NaN,NaN,NaN,NaN,NaN,NaN,NaN,transformer,embedding
4280,47091,NaN,NaN,NaN,NaN,NaN,NaN,NaN,transformer,embedding
4281,47102,NaN,NaN,NaN,NaN,NaN,NaN,NaN,transformer,embedding
4282,47113,NaN,NaN,NaN,NaN,NaN,NaN,NaN,transformer,embedding
4283,47124,NaN,NaN,NaN,NaN,NaN,NaN,NaN,transformer,embedding
4284,47135,NaN,NaN,NaN,NaN,NaN,NaN,NaN,transformer,embedding
4285,47146,NaN,NaN,NaN,NaN,NaN,NaN,NaN,transformer,embedding
4286,47157,NaN,NaN,NaN,NaN,NaN,NaN,NaN,transformer,embedding
4287,47168,NaN,NaN,NaN,NaN,NaN,NaN,NaN,transformer,embedding
4288,47179,NaN,NaN,NaN,NaN,NaN,NaN,NaN,transformer,embedding
4289,47190,NaN,NaN,NaN,NaN,NaN,NaN,NaN,transformer,embedding
4290,47201,NaN,NaN,NaN,NaN,NaN,NaN,NaN,transformer,embedding
4291,47212,NaN,NaN,NaN,NaN,NaN,NaN,NaN,transformer,embedding
4292,47223,NaN,NaN,NaN,NaN,NaN,NaN,NaN,transformer,embedding
4293,47234,NaN,NaN,NaN,NaN,NaN,NaN,NaN,transformer,embedding
4294,47245,NaN,NaN,NaN,NaN,NaN,NaN,NaN,transformer,embedding
4295,47256,NaN,NaN,NaN,NaN,NaN,NaN,NaN,transformer,embedding
4296,47267,NaN,NaN,NaN,NaN,NaN,NaN,NaN,transformer,embedding
4297,47278,NaN,NaN,NaN,NaN,NaN,NaN,NaN,transformer,embedding
4298,47289,NaN,NaN,NaN,NaN,NaN,NaN,NaN,transformer,embedding
4299,47300,NaN,NaN,NaN,NaN,NaN,NaN,NaN,transformer,embedding
4300,47311,NaN,NaN,NaN,NaN,NaN,NaN,NaN,transformer,embedding
4301,47322,NaN,NaN,NaN,NaN,NaN,NaN,NaN,transformer,embedding
4302,47333,NaN,NaN,NaN,NaN,NaN,NaN,NaN,transformer,embedding
4303,47344,NaN,NaN,NaN,NaN,NaN,NaN,NaN,transformer,embedding
4304,47355,NaN,NaN,NaN,NaN,NaN,NaN,NaN,transformer,embedding
4305,47366,NaN,NaN,NaN,NaN,NaN,NaN,NaN,transformer,embedding
4306,47377,NaN,NaN,NaN,NaN,NaN,NaN,NaN,transformer,embedding
4307,47388,NaN,NaN,NaN,NaN,NaN,NaN,NaN,transformer,embedding
4308,47399,3.191583530792741e-08,100.0,1.0,0.001,NaN,NaN,NaN,transformer,embedding
4309,47410,NaN,NaN,NaN,NaN,NaN,NaN,NaN,transformer,embedding
4310,47421,NaN,NaN,NaN,NaN,NaN,NaN,NaN,transformer,embedding
4311,47432,NaN,NaN,NaN,NaN,NaN,NaN,NaN,transformer,embedding
4312,47443,NaN,NaN,NaN,NaN,NaN,NaN,NaN,transformer,embedding
4313,47454,NaN,NaN,NaN,NaN,NaN,NaN,NaN,transformer,embedding
4314,47465,NaN,NaN,NaN,NaN,NaN,NaN,NaN,transformer,embedding
4315,47476,NaN,NaN,NaN,NaN,NaN,NaN,NaN,transformer,embedding
4316,47487,NaN,NaN,NaN,NaN,NaN,NaN,NaN,transformer,embedding
4317,47498,NaN,NaN,NaN,NaN,NaN,NaN,NaN,transformer,embedding
4318,47509,NaN,NaN,NaN,NaN,NaN,NaN,NaN,transformer,embedding
4319,47520,NaN,NaN,NaN,NaN,4.286635046923948e-08,100.0,1.0,transformer,embedding
4320,47531,NaN,NaN,NaN,NaN,NaN,NaN,NaN,transformer,embedding
4321,47542,NaN,NaN,NaN,NaN,NaN,NaN,NaN,transformer,embedding
4322,47553,NaN,NaN,NaN,NaN,NaN,NaN,NaN,transformer,embedding
4323,47564,NaN,NaN,NaN,NaN,NaN,NaN,NaN,transformer,embedding
4324,47575,NaN,NaN,NaN,NaN,NaN,NaN,NaN,transformer,embedding
4325,47586,NaN,NaN,NaN,NaN,NaN,NaN,NaN,transformer,embedding
4326,47597,NaN,NaN,NaN,NaN,NaN,NaN,NaN,transformer,embedding
4327,47608,NaN,NaN,NaN,NaN,NaN,NaN,NaN,transformer,embedding
4328,47619,NaN,NaN,NaN,NaN,NaN,NaN,NaN,transformer,embedding
4329,47630,NaN,NaN,NaN,NaN,NaN,NaN,NaN,transformer,embedding
4330,47641,NaN,NaN,NaN,NaN,NaN,NaN,NaN,transformer,embedding
4331,47652,NaN,NaN,NaN,NaN,NaN,NaN,NaN,transformer,embedding
4332,47663,NaN,NaN,NaN,NaN,NaN,NaN,NaN,transformer,embedding
4333,47674,NaN,NaN,NaN,NaN,NaN,NaN,NaN,transformer,embedding
4334,47685,NaN,NaN,NaN,NaN,NaN,NaN,NaN,transformer,embedding
4335,47696,NaN,NaN,NaN,NaN,NaN,NaN,NaN,transformer,embedding
4336,47707,NaN,NaN,NaN,NaN,NaN,NaN,NaN,transformer,embedding
4337,47718,NaN,NaN,NaN,NaN,NaN,NaN,NaN,transformer,embedding
4338,47729,NaN,NaN,NaN,NaN,NaN,NaN,NaN,transformer,embedding
4339,47740,NaN,NaN,NaN,NaN,NaN,NaN,NaN,transformer,embedding
4340,47751,NaN,NaN,NaN,NaN,NaN,NaN,NaN,transformer,embedding
4341,47762,NaN,NaN,NaN,NaN,NaN,NaN,NaN,transformer,embedding
4342,47773,NaN,NaN,NaN,NaN,NaN,NaN,NaN,transformer,embedding
4343,47784,NaN,NaN,NaN,NaN,NaN,NaN,NaN,transformer,embedding
4344,47795,NaN,NaN,NaN,NaN,NaN,NaN,NaN,transformer,embedding
4345,47806,NaN,NaN,NaN,NaN,NaN,NaN,NaN,transformer,embedding
4346,47817,NaN,NaN,NaN,NaN,NaN,NaN,NaN,transformer,embedding
4347,47828,NaN,NaN,NaN,NaN,NaN,NaN,NaN,transformer,embedding
4348,47839,NaN,NaN,NaN,NaN,NaN,NaN,NaN,transformer,embedding
4349,47850,NaN,NaN,NaN,NaN,NaN,NaN,NaN,transformer,embedding
4350,47861,NaN,NaN,NaN,NaN,NaN,NaN,NaN,transformer,embedding
4351,47872,3.183521357641439e-08,100.0,1.0,0.001,NaN,NaN,NaN,transformer,embedding
4352,47883,NaN,NaN,NaN,NaN,NaN,NaN,NaN,transformer,embedding
4353,47894,NaN,NaN,NaN,NaN,NaN,NaN,NaN,transformer,embedding
4354,47905,NaN,NaN,NaN,NaN,NaN,NaN,NaN,transformer,embedding
4355,47916,NaN,NaN,NaN,NaN,NaN,NaN,NaN,transformer,embedding
4356,47927,NaN,NaN,NaN,NaN,NaN,NaN,NaN,transformer,embedding
4357,47938,NaN,NaN,NaN,NaN,NaN,NaN,NaN,transformer,embedding
4358,47949,NaN,NaN,NaN,NaN,NaN,NaN,NaN,transformer,embedding
4359,47960,NaN,NaN,NaN,NaN,NaN,NaN,NaN,transformer,embedding
4360,47971,NaN,NaN,NaN,NaN,NaN,NaN,NaN,transformer,embedding
4361,47982,NaN,NaN,NaN,NaN,NaN,NaN,NaN,transformer,embedding
4362,47993,NaN,NaN,NaN,NaN,NaN,NaN,NaN,transformer,embedding
4363,48004,NaN,NaN,NaN,NaN,NaN,NaN,NaN,transformer,embedding
4364,48015,NaN,NaN,NaN,NaN,NaN,NaN,NaN,transformer,embedding
4365,48026,NaN,NaN,NaN,NaN,NaN,NaN,NaN,transformer,embedding
4366,48037,NaN,NaN,NaN,NaN,NaN,NaN,NaN,transformer,embedding
4367,48048,NaN,NaN,NaN,NaN,NaN,NaN,NaN,transformer,embedding
4368,48059,NaN,NaN,NaN,NaN,NaN,NaN,NaN,transformer,embedding
4369,48070,NaN,NaN,NaN,NaN,NaN,NaN,NaN,transformer,embedding
4370,48081,NaN,NaN,NaN,NaN,NaN,NaN,NaN,transformer,embedding
4371,48092,NaN,NaN,NaN,NaN,NaN,NaN,NaN,transformer,embedding
4372,48103,NaN,NaN,NaN,NaN,NaN,NaN,NaN,transformer,embedding
4373,48114,NaN,NaN,NaN,NaN,NaN,NaN,NaN,transformer,embedding
4374,48125,NaN,NaN,NaN,NaN,NaN,NaN,NaN,transformer,embedding
4375,48136,NaN,NaN,NaN,NaN,NaN,NaN,NaN,transformer,embedding
4376,48147,NaN,NaN,NaN,NaN,NaN,NaN,NaN,transformer,embedding
4377,48158,NaN,NaN,NaN,NaN,NaN,NaN,NaN,transformer,embedding
4378,48169,NaN,NaN,NaN,NaN,NaN,NaN,NaN,transformer,embedding
4379,48180,NaN,NaN,NaN,NaN,NaN,NaN,NaN,transformer,embedding
4380,48191,NaN,NaN,NaN,NaN,NaN,NaN,NaN,transformer,embedding
4381,48202,NaN,NaN,NaN,NaN,NaN,NaN,NaN,transformer,embedding
4382,48213,NaN,NaN,NaN,NaN,NaN,NaN,NaN,transformer,embedding
4383,48224,NaN,NaN,NaN,NaN,NaN,NaN,NaN,transformer,embedding
4384,48235,NaN,NaN,NaN,NaN,NaN,NaN,NaN,transformer,embedding
4385,48246,NaN,NaN,NaN,NaN,NaN,NaN,NaN,transformer,embedding
4386,48257,NaN,NaN,NaN,NaN,NaN,NaN,NaN,transformer,embedding
4387,48268,NaN,NaN,NaN,NaN,NaN,NaN,NaN,transformer,embedding
4388,48279,NaN,NaN,NaN,NaN,NaN,NaN,NaN,transformer,embedding
4389,48290,NaN,NaN,NaN,NaN,NaN,NaN,NaN,transformer,embedding
4390,48301,NaN,NaN,NaN,NaN,NaN,NaN,NaN,transformer,embedding
4391,48312,NaN,NaN,NaN,NaN,NaN,NaN,NaN,transformer,embedding
4392,48323,NaN,NaN,NaN,NaN,NaN,NaN,NaN,transformer,embedding
4393,48334,NaN,NaN,NaN,NaN,NaN,NaN,NaN,transformer,embedding
4394,48345,3.084468147562802e-08,100.0,1.0,0.001,NaN,NaN,NaN,transformer,embedding
4395,48356,NaN,NaN,NaN,NaN,NaN,NaN,NaN,transformer,embedding
4396,48367,NaN,NaN,NaN,NaN,NaN,NaN,NaN,transformer,embedding
4397,48378,NaN,NaN,NaN,NaN,NaN,NaN,NaN,transformer,embedding
4398,48389,NaN,NaN,NaN,NaN,NaN,NaN,NaN,transformer,embedding
4399,48400,NaN,NaN,NaN,NaN,NaN,NaN,NaN,transformer,embedding
4400,48411,NaN,NaN,NaN,NaN,NaN,NaN,NaN,transformer,embedding
4401,48422,NaN,NaN,NaN,NaN,NaN,NaN,NaN,transformer,embedding
4402,48433,NaN,NaN,NaN,NaN,NaN,NaN,NaN,transformer,embedding
4403,48444,NaN,NaN,NaN,NaN,NaN,NaN,NaN,transformer,embedding
4404,48455,NaN,NaN,NaN,NaN,NaN,NaN,NaN,transformer,embedding
4405,48466,NaN,NaN,NaN,NaN,0.0020487592555582523,99.83467102050781,1.0020508766174316,transformer,embedding
4406,48477,NaN,NaN,NaN,NaN,NaN,NaN,NaN,transformer,embedding
4407,48488,NaN,NaN,NaN,NaN,NaN,NaN,NaN,transformer,embedding
4408,48499,NaN,NaN,NaN,NaN,NaN,NaN,NaN,transformer,embedding
4409,48510,NaN,NaN,NaN,NaN,NaN,NaN,NaN,transformer,embedding
4410,48521,NaN,NaN,NaN,NaN,NaN,NaN,NaN,transformer,embedding
4411,48532,NaN,NaN,NaN,NaN,NaN,NaN,NaN,transformer,embedding
4412,48543,NaN,NaN,NaN,NaN,NaN,NaN,NaN,transformer,embedding
4413,48554,NaN,NaN,NaN,NaN,NaN,NaN,NaN,transformer,embedding
4414,48565,NaN,NaN,NaN,NaN,NaN,NaN,NaN,transformer,embedding
4415,48576,NaN,NaN,NaN,NaN,NaN,NaN,NaN,transformer,embedding
4416,48587,NaN,NaN,NaN,NaN,NaN,NaN,NaN,transformer,embedding
4417,48598,NaN,NaN,NaN,NaN,NaN,NaN,NaN,transformer,embedding
4418,48609,NaN,NaN,NaN,NaN,NaN,NaN,NaN,transformer,embedding
4419,48620,NaN,NaN,NaN,NaN,NaN,NaN,NaN,transformer,embedding
4420,48631,NaN,NaN,NaN,NaN,NaN,NaN,NaN,transformer,embedding
4421,48642,NaN,NaN,NaN,NaN,NaN,NaN,NaN,transformer,embedding
4422,48653,NaN,NaN,NaN,NaN,NaN,NaN,NaN,transformer,embedding
4423,48664,NaN,NaN,NaN,NaN,NaN,NaN,NaN,transformer,embedding
4424,48675,NaN,NaN,NaN,NaN,NaN,NaN,NaN,transformer,embedding
4425,48686,NaN,NaN,NaN,NaN,NaN,NaN,NaN,transformer,embedding
4426,48697,NaN,NaN,NaN,NaN,NaN,NaN,NaN,transformer,embedding
4427,48708,NaN,NaN,NaN,NaN,NaN,NaN,NaN,transformer,embedding
4428,48719,NaN,NaN,NaN,NaN,NaN,NaN,NaN,transformer,embedding
4429,48730,NaN,NaN,NaN,NaN,NaN,NaN,NaN,transformer,embedding
4430,48741,NaN,NaN,NaN,NaN,NaN,NaN,NaN,transformer,embedding
4431,48752,NaN,NaN,NaN,NaN,NaN,NaN,NaN,transformer,embedding
4432,48763,NaN,NaN,NaN,NaN,NaN,NaN,NaN,transformer,embedding
4433,48774,NaN,NaN,NaN,NaN,NaN,NaN,NaN,transformer,embedding
4434,48785,NaN,NaN,NaN,NaN,NaN,NaN,NaN,transformer,embedding
4435,48796,NaN,NaN,NaN,NaN,NaN,NaN,NaN,transformer,embedding
4436,48807,NaN,NaN,NaN,NaN,NaN,NaN,NaN,transformer,embedding
4437,48818,1.22271941904728e-07,100.0,1.0000001192092896,0.001,NaN,NaN,NaN,transformer,embedding
4438,48829,NaN,NaN,NaN,NaN,NaN,NaN,NaN,transformer,embedding
4439,48840,NaN,NaN,NaN,NaN,NaN,NaN,NaN,transformer,embedding
4440,48851,NaN,NaN,NaN,NaN,NaN,NaN,NaN,transformer,embedding
4441,48862,NaN,NaN,NaN,NaN,NaN,NaN,NaN,transformer,embedding
4442,48873,NaN,NaN,NaN,NaN,NaN,NaN,NaN,transformer,embedding
4443,48884,NaN,NaN,NaN,NaN,NaN,NaN,NaN,transformer,embedding
4444,48895,NaN,NaN,NaN,NaN,NaN,NaN,NaN,transformer,embedding
4445,48906,NaN,NaN,NaN,NaN,NaN,NaN,NaN,transformer,embedding
4446,48917,NaN,NaN,NaN,NaN,NaN,NaN,NaN,transformer,embedding
4447,48928,NaN,NaN,NaN,NaN,NaN,NaN,NaN,transformer,embedding
4448,48939,NaN,NaN,NaN,NaN,NaN,NaN,NaN,transformer,embedding
4449,48950,NaN,NaN,NaN,NaN,NaN,NaN,NaN,transformer,embedding
4450,48961,NaN,NaN,NaN,NaN,NaN,NaN,NaN,transformer,embedding
4451,48972,NaN,NaN,NaN,NaN,NaN,NaN,NaN,transformer,embedding
4452,48983,NaN,NaN,NaN,NaN,NaN,NaN,NaN,transformer,embedding
4453,48994,NaN,NaN,NaN,NaN,NaN,NaN,NaN,transformer,embedding
4454,49005,NaN,NaN,NaN,NaN,NaN,NaN,NaN,transformer,embedding
4455,49016,NaN,NaN,NaN,NaN,NaN,NaN,NaN,transformer,embedding
4456,49027,NaN,NaN,NaN,NaN,NaN,NaN,NaN,transformer,embedding
4457,49038,NaN,NaN,NaN,NaN,NaN,NaN,NaN,transformer,embedding
4458,49049,NaN,NaN,NaN,NaN,NaN,NaN,NaN,transformer,embedding
4459,49060,NaN,NaN,NaN,NaN,NaN,NaN,NaN,transformer,embedding
4460,49071,NaN,NaN,NaN,NaN,NaN,NaN,NaN,transformer,embedding
4461,49082,NaN,NaN,NaN,NaN,NaN,NaN,NaN,transformer,embedding
4462,49093,NaN,NaN,NaN,NaN,NaN,NaN,NaN,transformer,embedding
4463,49104,NaN,NaN,NaN,NaN,NaN,NaN,NaN,transformer,embedding
4464,49115,NaN,NaN,NaN,NaN,NaN,NaN,NaN,transformer,embedding
4465,49126,NaN,NaN,NaN,NaN,NaN,NaN,NaN,transformer,embedding
4466,49137,NaN,NaN,NaN,NaN,NaN,NaN,NaN,transformer,embedding
4467,49148,NaN,NaN,NaN,NaN,NaN,NaN,NaN,transformer,embedding
4468,49159,NaN,NaN,NaN,NaN,NaN,NaN,NaN,transformer,embedding
4469,49170,NaN,NaN,NaN,NaN,NaN,NaN,NaN,transformer,embedding
4470,49181,NaN,NaN,NaN,NaN,NaN,NaN,NaN,transformer,embedding
4471,49192,NaN,NaN,NaN,NaN,NaN,NaN,NaN,transformer,embedding
4472,49203,NaN,NaN,NaN,NaN,NaN,NaN,NaN,transformer,embedding
4473,49214,NaN,NaN,NaN,NaN,NaN,NaN,NaN,transformer,embedding
4474,49225,NaN,NaN,NaN,NaN,NaN,NaN,NaN,transformer,embedding
4475,49236,NaN,NaN,NaN,NaN,NaN,NaN,NaN,transformer,embedding
4476,49247,NaN,NaN,NaN,NaN,NaN,NaN,NaN,transformer,embedding
4477,49258,NaN,NaN,NaN,NaN,NaN,NaN,NaN,transformer,embedding
4478,49269,NaN,NaN,NaN,NaN,NaN,NaN,NaN,transformer,embedding
4479,49280,NaN,NaN,NaN,NaN,NaN,NaN,NaN,transformer,embedding
4480,49291,NaN,NaN,NaN,NaN,NaN,NaN,NaN,transformer,embedding
4481,49302,8.546209961934892e-09,100.0,1.0,0.001,NaN,NaN,NaN,transformer,embedding
4482,49313,NaN,NaN,NaN,NaN,NaN,NaN,NaN,transformer,embedding
4483,49324,NaN,NaN,NaN,NaN,NaN,NaN,NaN,transformer,embedding
4484,49335,NaN,NaN,NaN,NaN,NaN,NaN,NaN,transformer,embedding
4485,49346,NaN,NaN,NaN,NaN,NaN,NaN,NaN,transformer,embedding
4486,49357,NaN,NaN,NaN,NaN,NaN,NaN,NaN,transformer,embedding
4487,49368,NaN,NaN,NaN,NaN,NaN,NaN,NaN,transformer,embedding
4488,49379,NaN,NaN,NaN,NaN,NaN,NaN,NaN,transformer,embedding
4489,49390,NaN,NaN,NaN,NaN,NaN,NaN,NaN,transformer,embedding
4490,49401,NaN,NaN,NaN,NaN,NaN,NaN,NaN,transformer,embedding
4491,49412,NaN,NaN,NaN,NaN,NaN,NaN,NaN,transformer,embedding
4492,49423,NaN,NaN,NaN,NaN,NaN,NaN,NaN,transformer,embedding
4493,49434,NaN,NaN,NaN,NaN,1.6813249885672121e-06,100.0,1.0000016689300537,transformer,embedding
4494,49445,NaN,NaN,NaN,NaN,NaN,NaN,NaN,transformer,embedding
4495,49456,NaN,NaN,NaN,NaN,NaN,NaN,NaN,transformer,embedding
4496,49467,NaN,NaN,NaN,NaN,NaN,NaN,NaN,transformer,embedding
4497,49478,NaN,NaN,NaN,NaN,NaN,NaN,NaN,transformer,embedding
4498,49489,NaN,NaN,NaN,NaN,NaN,NaN,NaN,transformer,embedding
4499,49500,NaN,NaN,NaN,NaN,NaN,NaN,NaN,transformer,embedding
4500,49511,NaN,NaN,NaN,NaN,NaN,NaN,NaN,transformer,embedding
4501,49522,NaN,NaN,NaN,NaN,NaN,NaN,NaN,transformer,embedding
4502,49533,NaN,NaN,NaN,NaN,NaN,NaN,NaN,transformer,embedding
4503,49544,NaN,NaN,NaN,NaN,NaN,NaN,NaN,transformer,embedding
4504,49555,NaN,NaN,NaN,NaN,NaN,NaN,NaN,transformer,embedding
4505,49566,NaN,NaN,NaN,NaN,NaN,NaN,NaN,transformer,embedding
4506,49577,NaN,NaN,NaN,NaN,NaN,NaN,NaN,transformer,embedding
4507,49588,NaN,NaN,NaN,NaN,NaN,NaN,NaN,transformer,embedding
4508,49599,NaN,NaN,NaN,NaN,NaN,NaN,NaN,transformer,embedding
4509,49610,NaN,NaN,NaN,NaN,NaN,NaN,NaN,transformer,embedding
4510,49621,NaN,NaN,NaN,NaN,NaN,NaN,NaN,transformer,embedding
4511,49632,NaN,NaN,NaN,NaN,NaN,NaN,NaN,transformer,embedding
4512,49643,NaN,NaN,NaN,NaN,NaN,NaN,NaN,transformer,embedding
4513,49654,NaN,NaN,NaN,NaN,NaN,NaN,NaN,transformer,embedding
4514,49665,NaN,NaN,NaN,NaN,NaN,NaN,NaN,transformer,embedding
4515,49676,NaN,NaN,NaN,NaN,NaN,NaN,NaN,transformer,embedding
4516,49687,NaN,NaN,NaN,NaN,NaN,NaN,NaN,transformer,embedding
4517,49698,NaN,NaN,NaN,NaN,NaN,NaN,NaN,transformer,embedding
4518,49709,NaN,NaN,NaN,NaN,NaN,NaN,NaN,transformer,embedding
4519,49720,NaN,NaN,NaN,NaN,NaN,NaN,NaN,transformer,embedding
4520,49731,NaN,NaN,NaN,NaN,NaN,NaN,NaN,transformer,embedding
4521,49742,NaN,NaN,NaN,NaN,NaN,NaN,NaN,transformer,embedding
4522,49753,NaN,NaN,NaN,NaN,NaN,NaN,NaN,transformer,embedding
4523,49764,NaN,NaN,NaN,NaN,NaN,NaN,NaN,transformer,embedding
4524,49775,NaN,NaN,NaN,NaN,NaN,NaN,NaN,transformer,embedding
4525,49786,4.4735152471275796e-08,100.0,1.0,0.001,NaN,NaN,NaN,transformer,embedding
4526,49797,NaN,NaN,NaN,NaN,NaN,NaN,NaN,transformer,embedding
4527,49808,NaN,NaN,NaN,NaN,NaN,NaN,NaN,transformer,embedding
4528,49819,NaN,NaN,NaN,NaN,NaN,NaN,NaN,transformer,embedding
4529,49830,NaN,NaN,NaN,NaN,NaN,NaN,NaN,transformer,embedding
4530,49841,NaN,NaN,NaN,NaN,NaN,NaN,NaN,transformer,embedding
4531,49852,NaN,NaN,NaN,NaN,NaN,NaN,NaN,transformer,embedding
4532,49863,NaN,NaN,NaN,NaN,NaN,NaN,NaN,transformer,embedding
4533,49874,NaN,NaN,NaN,NaN,NaN,NaN,NaN,transformer,embedding
4534,49885,NaN,NaN,NaN,NaN,NaN,NaN,NaN,transformer,embedding
4535,49896,NaN,NaN,NaN,NaN,NaN,NaN,NaN,transformer,embedding
4536,49907,NaN,NaN,NaN,NaN,NaN,NaN,NaN,transformer,embedding
4537,49918,NaN,NaN,NaN,NaN,NaN,NaN,NaN,transformer,embedding
4538,49929,NaN,NaN,NaN,NaN,NaN,NaN,NaN,transformer,embedding
4539,49940,NaN,NaN,NaN,NaN,NaN,NaN,NaN,transformer,embedding
4540,49951,NaN,NaN,NaN,NaN,NaN,NaN,NaN,transformer,embedding
4541,49962,NaN,NaN,NaN,NaN,NaN,NaN,NaN,transformer,embedding
4542,49973,NaN,NaN,NaN,NaN,NaN,NaN,NaN,transformer,embedding
4543,49984,NaN,NaN,NaN,NaN,NaN,NaN,NaN,transformer,embedding
4544,49995,NaN,NaN,NaN,NaN,NaN,NaN,NaN,transformer,embedding
4545,50006,NaN,NaN,NaN,NaN,NaN,NaN,NaN,transformer,embedding
4546,50017,NaN,NaN,NaN,NaN,NaN,NaN,NaN,transformer,embedding
4547,50028,NaN,NaN,NaN,NaN,NaN,NaN,NaN,transformer,embedding
4548,50039,NaN,NaN,NaN,NaN,NaN,NaN,NaN,transformer,embedding
4549,50050,NaN,NaN,NaN,NaN,NaN,NaN,NaN,transformer,embedding
4550,50061,NaN,NaN,NaN,NaN,NaN,NaN,NaN,transformer,embedding
4551,50072,NaN,NaN,NaN,NaN,NaN,NaN,NaN,transformer,embedding
4552,50083,NaN,NaN,NaN,NaN,NaN,NaN,NaN,transformer,embedding
4553,50094,NaN,NaN,NaN,NaN,NaN,NaN,NaN,transformer,embedding
4554,50105,NaN,NaN,NaN,NaN,NaN,NaN,NaN,transformer,embedding
4555,50116,NaN,NaN,NaN,NaN,NaN,NaN,NaN,transformer,embedding
4556,50127,NaN,NaN,NaN,NaN,NaN,NaN,NaN,transformer,embedding
4557,50138,NaN,NaN,NaN,NaN,NaN,NaN,NaN,transformer,embedding
4558,50149,NaN,NaN,NaN,NaN,NaN,NaN,NaN,transformer,embedding
4559,50160,NaN,NaN,NaN,NaN,NaN,NaN,NaN,transformer,embedding
4560,50171,NaN,NaN,NaN,NaN,NaN,NaN,NaN,transformer,embedding
4561,50182,NaN,NaN,NaN,NaN,NaN,NaN,NaN,transformer,embedding
4562,50193,NaN,NaN,NaN,NaN,NaN,NaN,NaN,transformer,embedding
4563,50204,NaN,NaN,NaN,NaN,NaN,NaN,NaN,transformer,embedding
4564,50215,NaN,NaN,NaN,NaN,NaN,NaN,NaN,transformer,embedding
4565,50226,NaN,NaN,NaN,NaN,NaN,NaN,NaN,transformer,embedding
4566,50237,NaN,NaN,NaN,NaN,NaN,NaN,NaN,transformer,embedding
4567,50248,NaN,NaN,NaN,NaN,NaN,NaN,NaN,transformer,embedding
4568,50259,NaN,NaN,NaN,NaN,NaN,NaN,NaN,transformer,embedding
4569,50270,NaN,NaN,NaN,NaN,NaN,NaN,NaN,transformer,embedding
4570,50281,6.425715071145532e-08,100.0,1.0000001192092896,0.001,NaN,NaN,NaN,transformer,embedding
4571,50292,NaN,NaN,NaN,NaN,NaN,NaN,NaN,transformer,embedding
4572,50303,NaN,NaN,NaN,NaN,NaN,NaN,NaN,transformer,embedding
4573,50314,NaN,NaN,NaN,NaN,NaN,NaN,NaN,transformer,embedding
4574,50325,NaN,NaN,NaN,NaN,NaN,NaN,NaN,transformer,embedding
4575,50336,NaN,NaN,NaN,NaN,NaN,NaN,NaN,transformer,embedding
4576,50347,NaN,NaN,NaN,NaN,NaN,NaN,NaN,transformer,embedding
4577,50358,NaN,NaN,NaN,NaN,NaN,NaN,NaN,transformer,embedding
4578,50369,NaN,NaN,NaN,NaN,NaN,NaN,NaN,transformer,embedding
4579,50380,NaN,NaN,NaN,NaN,NaN,NaN,NaN,transformer,embedding
4580,50391,NaN,NaN,NaN,NaN,NaN,NaN,NaN,transformer,embedding
4581,50402,NaN,NaN,NaN,NaN,NaN,NaN,NaN,transformer,embedding
4582,50413,NaN,NaN,NaN,NaN,0.0006298503722064197,99.9527587890625,1.0006300210952759,transformer,embedding
4583,50424,NaN,NaN,NaN,NaN,NaN,NaN,NaN,transformer,embedding
4584,50435,NaN,NaN,NaN,NaN,NaN,NaN,NaN,transformer,embedding
4585,50446,NaN,NaN,NaN,NaN,NaN,NaN,NaN,transformer,embedding
4586,50457,NaN,NaN,NaN,NaN,NaN,NaN,NaN,transformer,embedding
4587,50468,NaN,NaN,NaN,NaN,NaN,NaN,NaN,transformer,embedding
4588,50479,NaN,NaN,NaN,NaN,NaN,NaN,NaN,transformer,embedding
4589,50490,NaN,NaN,NaN,NaN,NaN,NaN,NaN,transformer,embedding
4590,50501,NaN,NaN,NaN,NaN,NaN,NaN,NaN,transformer,embedding
4591,50512,NaN,NaN,NaN,NaN,NaN,NaN,NaN,transformer,embedding
4592,50523,NaN,NaN,NaN,NaN,NaN,NaN,NaN,transformer,embedding
4593,50534,NaN,NaN,NaN,NaN,NaN,NaN,NaN,transformer,embedding
4594,50545,NaN,NaN,NaN,NaN,NaN,NaN,NaN,transformer,embedding
4595,50556,NaN,NaN,NaN,NaN,NaN,NaN,NaN,transformer,embedding
4596,50567,NaN,NaN,NaN,NaN,NaN,NaN,NaN,transformer,embedding
4597,50578,NaN,NaN,NaN,NaN,NaN,NaN,NaN,transformer,embedding
4598,50589,NaN,NaN,NaN,NaN,NaN,NaN,NaN,transformer,embedding
4599,50600,NaN,NaN,NaN,NaN,NaN,NaN,NaN,transformer,embedding
4600,50611,NaN,NaN,NaN,NaN,NaN,NaN,NaN,transformer,embedding
4601,50622,NaN,NaN,NaN,NaN,NaN,NaN,NaN,transformer,embedding
4602,50633,NaN,NaN,NaN,NaN,NaN,NaN,NaN,transformer,embedding
4603,50644,NaN,NaN,NaN,NaN,NaN,NaN,NaN,transformer,embedding
4604,50655,NaN,NaN,NaN,NaN,NaN,NaN,NaN,transformer,embedding
4605,50666,NaN,NaN,NaN,NaN,NaN,NaN,NaN,transformer,embedding
4606,50677,NaN,NaN,NaN,NaN,NaN,NaN,NaN,transformer,embedding
4607,50688,NaN,NaN,NaN,NaN,NaN,NaN,NaN,transformer,embedding
4608,50699,NaN,NaN,NaN,NaN,NaN,NaN,NaN,transformer,embedding
4609,50710,NaN,NaN,NaN,NaN,NaN,NaN,NaN,transformer,embedding
4610,50721,NaN,NaN,NaN,NaN,NaN,NaN,NaN,transformer,embedding
4611,50732,NaN,NaN,NaN,NaN,NaN,NaN,NaN,transformer,embedding
4612,50743,NaN,NaN,NaN,NaN,NaN,NaN,NaN,transformer,embedding
4613,50754,NaN,NaN,NaN,NaN,NaN,NaN,NaN,transformer,embedding
4614,50765,NaN,NaN,NaN,NaN,NaN,NaN,NaN,transformer,embedding
4615,50776,8.534688511474542e-09,100.0,1.0,0.001,NaN,NaN,NaN,transformer,embedding
4616,50787,NaN,NaN,NaN,NaN,NaN,NaN,NaN,transformer,embedding
4617,50798,NaN,NaN,NaN,NaN,NaN,NaN,NaN,transformer,embedding
4618,50809,NaN,NaN,NaN,NaN,NaN,NaN,NaN,transformer,embedding
4619,50820,NaN,NaN,NaN,NaN,NaN,NaN,NaN,transformer,embedding
4620,50831,NaN,NaN,NaN,NaN,NaN,NaN,NaN,transformer,embedding
4621,50842,NaN,NaN,NaN,NaN,NaN,NaN,NaN,transformer,embedding
4622,50853,NaN,NaN,NaN,NaN,NaN,NaN,NaN,transformer,embedding
4623,50864,NaN,NaN,NaN,NaN,NaN,NaN,NaN,transformer,embedding
4624,50875,NaN,NaN,NaN,NaN,NaN,NaN,NaN,transformer,embedding
4625,50886,NaN,NaN,NaN,NaN,NaN,NaN,NaN,transformer,embedding
4626,50897,NaN,NaN,NaN,NaN,NaN,NaN,NaN,transformer,embedding
4627,50908,NaN,NaN,NaN,NaN,NaN,NaN,NaN,transformer,embedding
4628,50919,NaN,NaN,NaN,NaN,NaN,NaN,NaN,transformer,embedding
4629,50930,NaN,NaN,NaN,NaN,NaN,NaN,NaN,transformer,embedding
4630,50941,NaN,NaN,NaN,NaN,NaN,NaN,NaN,transformer,embedding
4631,50952,NaN,NaN,NaN,NaN,NaN,NaN,NaN,transformer,embedding
4632,50963,NaN,NaN,NaN,NaN,NaN,NaN,NaN,transformer,embedding
4633,50974,NaN,NaN,NaN,NaN,NaN,NaN,NaN,transformer,embedding
4634,50985,NaN,NaN,NaN,NaN,NaN,NaN,NaN,transformer,embedding
4635,50996,NaN,NaN,NaN,NaN,NaN,NaN,NaN,transformer,embedding
4636,51007,NaN,NaN,NaN,NaN,NaN,NaN,NaN,transformer,embedding
4637,51018,NaN,NaN,NaN,NaN,NaN,NaN,NaN,transformer,embedding
4638,51029,NaN,NaN,NaN,NaN,NaN,NaN,NaN,transformer,embedding
4639,51040,NaN,NaN,NaN,NaN,NaN,NaN,NaN,transformer,embedding
4640,51051,NaN,NaN,NaN,NaN,NaN,NaN,NaN,transformer,embedding
4641,51062,NaN,NaN,NaN,NaN,NaN,NaN,NaN,transformer,embedding
4642,51073,NaN,NaN,NaN,NaN,NaN,NaN,NaN,transformer,embedding
4643,51084,NaN,NaN,NaN,NaN,NaN,NaN,NaN,transformer,embedding
4644,51095,NaN,NaN,NaN,NaN,NaN,NaN,NaN,transformer,embedding
4645,51106,NaN,NaN,NaN,NaN,NaN,NaN,NaN,transformer,embedding
4646,51117,NaN,NaN,NaN,NaN,NaN,NaN,NaN,transformer,embedding
4647,51128,NaN,NaN,NaN,NaN,NaN,NaN,NaN,transformer,embedding
4648,51139,NaN,NaN,NaN,NaN,NaN,NaN,NaN,transformer,embedding
4649,51150,NaN,NaN,NaN,NaN,NaN,NaN,NaN,transformer,embedding
4650,51161,NaN,NaN,NaN,NaN,NaN,NaN,NaN,transformer,embedding
4651,51172,NaN,NaN,NaN,NaN,NaN,NaN,NaN,transformer,embedding
4652,51183,NaN,NaN,NaN,NaN,NaN,NaN,NaN,transformer,embedding
4653,51194,NaN,NaN,NaN,NaN,NaN,NaN,NaN,transformer,embedding
4654,51205,NaN,NaN,NaN,NaN,NaN,NaN,NaN,transformer,embedding
4655,51216,NaN,NaN,NaN,NaN,NaN,NaN,NaN,transformer,embedding
4656,51227,NaN,NaN,NaN,NaN,NaN,NaN,NaN,transformer,embedding
4657,51238,NaN,NaN,NaN,NaN,NaN,NaN,NaN,transformer,embedding
4658,51249,NaN,NaN,NaN,NaN,NaN,NaN,NaN,transformer,embedding
4659,51260,NaN,NaN,NaN,NaN,NaN,NaN,NaN,transformer,embedding
4660,51271,NaN,NaN,NaN,NaN,NaN,NaN,NaN,transformer,embedding
4661,51282,5.944339065422355e-08,100.0,1.0,0.001,NaN,NaN,NaN,transformer,embedding
4662,51293,NaN,NaN,NaN,NaN,NaN,NaN,NaN,transformer,embedding
4663,51304,NaN,NaN,NaN,NaN,NaN,NaN,NaN,transformer,embedding
4664,51315,NaN,NaN,NaN,NaN,NaN,NaN,NaN,transformer,embedding
4665,51326,NaN,NaN,NaN,NaN,NaN,NaN,NaN,transformer,embedding
4666,51337,NaN,NaN,NaN,NaN,NaN,NaN,NaN,transformer,embedding
4667,51348,NaN,NaN,NaN,NaN,NaN,NaN,NaN,transformer,embedding
4668,51359,NaN,NaN,NaN,NaN,NaN,NaN,NaN,transformer,embedding
4669,51370,NaN,NaN,NaN,NaN,NaN,NaN,NaN,transformer,embedding
4670,51381,NaN,NaN,NaN,NaN,NaN,NaN,NaN,transformer,embedding
4671,51392,NaN,NaN,NaN,NaN,NaN,NaN,NaN,transformer,embedding
4672,51403,NaN,NaN,NaN,NaN,NaN,NaN,NaN,transformer,embedding
4673,51414,NaN,NaN,NaN,NaN,6.41376161070184e-08,100.0,1.0000001192092896,transformer,embedding
4674,51425,NaN,NaN,NaN,NaN,NaN,NaN,NaN,transformer,embedding
4675,51436,NaN,NaN,NaN,NaN,NaN,NaN,NaN,transformer,embedding
4676,51447,NaN,NaN,NaN,NaN,NaN,NaN,NaN,transformer,embedding
4677,51458,NaN,NaN,NaN,NaN,NaN,NaN,NaN,transformer,embedding
4678,51469,NaN,NaN,NaN,NaN,NaN,NaN,NaN,transformer,embedding
4679,51480,NaN,NaN,NaN,NaN,NaN,NaN,NaN,transformer,embedding
4680,51491,NaN,NaN,NaN,NaN,NaN,NaN,NaN,transformer,embedding
4681,51502,NaN,NaN,NaN,NaN,NaN,NaN,NaN,transformer,embedding
4682,51513,NaN,NaN,NaN,NaN,NaN,NaN,NaN,transformer,embedding
4683,51524,NaN,NaN,NaN,NaN,NaN,NaN,NaN,transformer,embedding
4684,51535,NaN,NaN,NaN,NaN,NaN,NaN,NaN,transformer,embedding
4685,51546,NaN,NaN,NaN,NaN,NaN,NaN,NaN,transformer,embedding
4686,51557,NaN,NaN,NaN,NaN,NaN,NaN,NaN,transformer,embedding
4687,51568,NaN,NaN,NaN,NaN,NaN,NaN,NaN,transformer,embedding
4688,51579,NaN,NaN,NaN,NaN,NaN,NaN,NaN,transformer,embedding
4689,51590,NaN,NaN,NaN,NaN,NaN,NaN,NaN,transformer,embedding
4690,51601,NaN,NaN,NaN,NaN,NaN,NaN,NaN,transformer,embedding
4691,51612,NaN,NaN,NaN,NaN,NaN,NaN,NaN,transformer,embedding
4692,51623,NaN,NaN,NaN,NaN,NaN,NaN,NaN,transformer,embedding
4693,51634,NaN,NaN,NaN,NaN,NaN,NaN,NaN,transformer,embedding
4694,51645,NaN,NaN,NaN,NaN,NaN,NaN,NaN,transformer,embedding
4695,51656,NaN,NaN,NaN,NaN,NaN,NaN,NaN,transformer,embedding
4696,51667,NaN,NaN,NaN,NaN,NaN,NaN,NaN,transformer,embedding
4697,51678,NaN,NaN,NaN,NaN,NaN,NaN,NaN,transformer,embedding
4698,51689,NaN,NaN,NaN,NaN,NaN,NaN,NaN,transformer,embedding
4699,51700,NaN,NaN,NaN,NaN,NaN,NaN,NaN,transformer,embedding
4700,51711,NaN,NaN,NaN,NaN,NaN,NaN,NaN,transformer,embedding
4701,51722,NaN,NaN,NaN,NaN,NaN,NaN,NaN,transformer,embedding
4702,51733,NaN,NaN,NaN,NaN,NaN,NaN,NaN,transformer,embedding
4703,51744,NaN,NaN,NaN,NaN,NaN,NaN,NaN,transformer,embedding
4704,51755,NaN,NaN,NaN,NaN,NaN,NaN,NaN,transformer,embedding
4705,51766,NaN,NaN,NaN,NaN,NaN,NaN,NaN,transformer,embedding
4706,51777,NaN,NaN,NaN,NaN,NaN,NaN,NaN,transformer,embedding
4707,51788,3.605072862455927e-08,100.0,1.0,0.001,NaN,NaN,NaN,transformer,embedding
4708,51799,NaN,NaN,NaN,NaN,NaN,NaN,NaN,transformer,embedding
4709,51810,NaN,NaN,NaN,NaN,NaN,NaN,NaN,transformer,embedding
4710,51821,NaN,NaN,NaN,NaN,NaN,NaN,NaN,transformer,embedding
4711,51832,NaN,NaN,NaN,NaN,NaN,NaN,NaN,transformer,embedding
4712,51843,NaN,NaN,NaN,NaN,NaN,NaN,NaN,transformer,embedding
4713,51854,NaN,NaN,NaN,NaN,NaN,NaN,NaN,transformer,embedding
4714,51865,NaN,NaN,NaN,NaN,NaN,NaN,NaN,transformer,embedding
4715,51876,NaN,NaN,NaN,NaN,NaN,NaN,NaN,transformer,embedding
4716,51887,NaN,NaN,NaN,NaN,NaN,NaN,NaN,transformer,embedding
4717,51898,NaN,NaN,NaN,NaN,NaN,NaN,NaN,transformer,embedding
4718,51909,NaN,NaN,NaN,NaN,NaN,NaN,NaN,transformer,embedding
4719,51920,NaN,NaN,NaN,NaN,NaN,NaN,NaN,transformer,embedding
4720,51931,NaN,NaN,NaN,NaN,NaN,NaN,NaN,transformer,embedding
4721,51942,NaN,NaN,NaN,NaN,NaN,NaN,NaN,transformer,embedding
4722,51953,NaN,NaN,NaN,NaN,NaN,NaN,NaN,transformer,embedding
4723,51964,NaN,NaN,NaN,NaN,NaN,NaN,NaN,transformer,embedding
4724,51975,NaN,NaN,NaN,NaN,NaN,NaN,NaN,transformer,embedding
4725,51986,NaN,NaN,NaN,NaN,NaN,NaN,NaN,transformer,embedding
4726,51997,NaN,NaN,NaN,NaN,NaN,NaN,NaN,transformer,embedding
4727,52008,NaN,NaN,NaN,NaN,NaN,NaN,NaN,transformer,embedding
4728,52019,NaN,NaN,NaN,NaN,NaN,NaN,NaN,transformer,embedding
4729,52030,NaN,NaN,NaN,NaN,NaN,NaN,NaN,transformer,embedding
4730,52041,NaN,NaN,NaN,NaN,NaN,NaN,NaN,transformer,embedding
4731,52052,NaN,NaN,NaN,NaN,NaN,NaN,NaN,transformer,embedding
4732,52063,NaN,NaN,NaN,NaN,NaN,NaN,NaN,transformer,embedding
4733,52074,NaN,NaN,NaN,NaN,NaN,NaN,NaN,transformer,embedding
4734,52085,NaN,NaN,NaN,NaN,NaN,NaN,NaN,transformer,embedding
4735,52096,NaN,NaN,NaN,NaN,NaN,NaN,NaN,transformer,embedding
4736,52107,NaN,NaN,NaN,NaN,NaN,NaN,NaN,transformer,embedding
4737,52118,NaN,NaN,NaN,NaN,NaN,NaN,NaN,transformer,embedding
4738,52129,NaN,NaN,NaN,NaN,NaN,NaN,NaN,transformer,embedding
4739,52140,NaN,NaN,NaN,NaN,NaN,NaN,NaN,transformer,embedding
4740,52151,NaN,NaN,NaN,NaN,NaN,NaN,NaN,transformer,embedding
4741,52162,NaN,NaN,NaN,NaN,NaN,NaN,NaN,transformer,embedding
4742,52173,NaN,NaN,NaN,NaN,NaN,NaN,NaN,transformer,embedding
4743,52184,NaN,NaN,NaN,NaN,NaN,NaN,NaN,transformer,embedding
4744,52195,NaN,NaN,NaN,NaN,NaN,NaN,NaN,transformer,embedding
4745,52206,NaN,NaN,NaN,NaN,NaN,NaN,NaN,transformer,embedding
4746,52217,NaN,NaN,NaN,NaN,NaN,NaN,NaN,transformer,embedding
4747,52228,NaN,NaN,NaN,NaN,NaN,NaN,NaN,transformer,embedding
4748,52239,NaN,NaN,NaN,NaN,NaN,NaN,NaN,transformer,embedding
4749,52250,NaN,NaN,NaN,NaN,NaN,NaN,NaN,transformer,embedding
4750,52261,NaN,NaN,NaN,NaN,NaN,NaN,NaN,transformer,embedding
4751,52272,NaN,NaN,NaN,NaN,NaN,NaN,NaN,transformer,embedding
4752,52283,NaN,NaN,NaN,NaN,NaN,NaN,NaN,transformer,embedding
4753,52294,NaN,NaN,NaN,NaN,NaN,NaN,NaN,transformer,embedding
4754,52305,3.3172489111166215e-07,100.0,1.0000003576278687,0.001,NaN,NaN,NaN,transformer,embedding
4755,52316,NaN,NaN,NaN,NaN,NaN,NaN,NaN,transformer,embedding
4756,52327,NaN,NaN,NaN,NaN,NaN,NaN,NaN,transformer,embedding
4757,52338,NaN,NaN,NaN,NaN,NaN,NaN,NaN,transformer,embedding
4758,52349,NaN,NaN,NaN,NaN,NaN,NaN,NaN,transformer,embedding
4759,52360,NaN,NaN,NaN,NaN,NaN,NaN,NaN,transformer,embedding
4760,52371,NaN,NaN,NaN,NaN,NaN,NaN,NaN,transformer,embedding
4761,52382,NaN,NaN,NaN,NaN,NaN,NaN,NaN,transformer,embedding
4762,52393,NaN,NaN,NaN,NaN,NaN,NaN,NaN,transformer,embedding
4763,52404,NaN,NaN,NaN,NaN,NaN,NaN,NaN,transformer,embedding
4764,52415,NaN,NaN,NaN,NaN,NaN,NaN,NaN,transformer,embedding
4765,52426,NaN,NaN,NaN,NaN,NaN,NaN,NaN,transformer,embedding
4766,52437,NaN,NaN,NaN,NaN,0.0004998919321224093,99.9527587890625,1.000499963760376,transformer,embedding
4767,52448,NaN,NaN,NaN,NaN,NaN,NaN,NaN,transformer,embedding
4768,52459,NaN,NaN,NaN,NaN,NaN,NaN,NaN,transformer,embedding
4769,52470,NaN,NaN,NaN,NaN,NaN,NaN,NaN,transformer,embedding
4770,52481,NaN,NaN,NaN,NaN,NaN,NaN,NaN,transformer,embedding
4771,52492,NaN,NaN,NaN,NaN,NaN,NaN,NaN,transformer,embedding
4772,52503,NaN,NaN,NaN,NaN,NaN,NaN,NaN,transformer,embedding
4773,52514,NaN,NaN,NaN,NaN,NaN,NaN,NaN,transformer,embedding
4774,52525,NaN,NaN,NaN,NaN,NaN,NaN,NaN,transformer,embedding
4775,52536,NaN,NaN,NaN,NaN,NaN,NaN,NaN,transformer,embedding
4776,52547,NaN,NaN,NaN,NaN,NaN,NaN,NaN,transformer,embedding
4777,52558,NaN,NaN,NaN,NaN,NaN,NaN,NaN,transformer,embedding
4778,52569,NaN,NaN,NaN,NaN,NaN,NaN,NaN,transformer,embedding
4779,52580,NaN,NaN,NaN,NaN,NaN,NaN,NaN,transformer,embedding
4780,52591,NaN,NaN,NaN,NaN,NaN,NaN,NaN,transformer,embedding
4781,52602,NaN,NaN,NaN,NaN,NaN,NaN,NaN,transformer,embedding
4782,52613,NaN,NaN,NaN,NaN,NaN,NaN,NaN,transformer,embedding
4783,52624,NaN,NaN,NaN,NaN,NaN,NaN,NaN,transformer,embedding
4784,52635,NaN,NaN,NaN,NaN,NaN,NaN,NaN,transformer,embedding
4785,52646,NaN,NaN,NaN,NaN,NaN,NaN,NaN,transformer,embedding
4786,52657,NaN,NaN,NaN,NaN,NaN,NaN,NaN,transformer,embedding
4787,52668,NaN,NaN,NaN,NaN,NaN,NaN,NaN,transformer,embedding
4788,52679,NaN,NaN,NaN,NaN,NaN,NaN,NaN,transformer,embedding
4789,52690,NaN,NaN,NaN,NaN,NaN,NaN,NaN,transformer,embedding
4790,52701,NaN,NaN,NaN,NaN,NaN,NaN,NaN,transformer,embedding
4791,52712,NaN,NaN,NaN,NaN,NaN,NaN,NaN,transformer,embedding
4792,52723,NaN,NaN,NaN,NaN,NaN,NaN,NaN,transformer,embedding
4793,52734,NaN,NaN,NaN,NaN,NaN,NaN,NaN,transformer,embedding
4794,52745,NaN,NaN,NaN,NaN,NaN,NaN,NaN,transformer,embedding
4795,52756,NaN,NaN,NaN,NaN,NaN,NaN,NaN,transformer,embedding
4796,52767,NaN,NaN,NaN,NaN,NaN,NaN,NaN,transformer,embedding
4797,52778,NaN,NaN,NaN,NaN,NaN,NaN,NaN,transformer,embedding
4798,52789,NaN,NaN,NaN,NaN,NaN,NaN,NaN,transformer,embedding
4799,52800,NaN,NaN,NaN,NaN,NaN,NaN,NaN,transformer,embedding
4800,52811,NaN,NaN,NaN,NaN,NaN,NaN,NaN,transformer,embedding
4801,52822,4.134890208007391e-09,100.0,1.0,0.001,NaN,NaN,NaN,transformer,embedding
4802,52833,NaN,NaN,NaN,NaN,NaN,NaN,NaN,transformer,embedding
4803,52844,NaN,NaN,NaN,NaN,NaN,NaN,NaN,transformer,embedding
4804,52855,NaN,NaN,NaN,NaN,NaN,NaN,NaN,transformer,embedding
4805,52866,NaN,NaN,NaN,NaN,NaN,NaN,NaN,transformer,embedding
4806,52877,NaN,NaN,NaN,NaN,NaN,NaN,NaN,transformer,embedding
4807,52888,NaN,NaN,NaN,NaN,NaN,NaN,NaN,transformer,embedding
4808,52899,NaN,NaN,NaN,NaN,NaN,NaN,NaN,transformer,embedding
4809,52910,NaN,NaN,NaN,NaN,NaN,NaN,NaN,transformer,embedding
4810,52921,NaN,NaN,NaN,NaN,NaN,NaN,NaN,transformer,embedding
4811,52932,NaN,NaN,NaN,NaN,NaN,NaN,NaN,transformer,embedding
4812,52943,NaN,NaN,NaN,NaN,NaN,NaN,NaN,transformer,embedding
4813,52954,NaN,NaN,NaN,NaN,NaN,NaN,NaN,transformer,embedding
4814,52965,NaN,NaN,NaN,NaN,NaN,NaN,NaN,transformer,embedding
4815,52976,NaN,NaN,NaN,NaN,NaN,NaN,NaN,transformer,embedding
4816,52987,NaN,NaN,NaN,NaN,NaN,NaN,NaN,transformer,embedding
4817,52998,NaN,NaN,NaN,NaN,NaN,NaN,NaN,transformer,embedding
4818,53009,NaN,NaN,NaN,NaN,NaN,NaN,NaN,transformer,embedding
4819,53020,NaN,NaN,NaN,NaN,NaN,NaN,NaN,transformer,embedding
4820,53031,NaN,NaN,NaN,NaN,NaN,NaN,NaN,transformer,embedding
4821,53042,NaN,NaN,NaN,NaN,NaN,NaN,NaN,transformer,embedding
4822,53053,NaN,NaN,NaN,NaN,NaN,NaN,NaN,transformer,embedding
4823,53064,NaN,NaN,NaN,NaN,NaN,NaN,NaN,transformer,embedding
4824,53075,NaN,NaN,NaN,NaN,NaN,NaN,NaN,transformer,embedding
4825,53086,NaN,NaN,NaN,NaN,NaN,NaN,NaN,transformer,embedding
4826,53097,NaN,NaN,NaN,NaN,NaN,NaN,NaN,transformer,embedding
4827,53108,NaN,NaN,NaN,NaN,NaN,NaN,NaN,transformer,embedding
4828,53119,NaN,NaN,NaN,NaN,NaN,NaN,NaN,transformer,embedding
4829,53130,NaN,NaN,NaN,NaN,NaN,NaN,NaN,transformer,embedding
4830,53141,NaN,NaN,NaN,NaN,NaN,NaN,NaN,transformer,embedding
4831,53152,NaN,NaN,NaN,NaN,NaN,NaN,NaN,transformer,embedding
4832,53163,NaN,NaN,NaN,NaN,NaN,NaN,NaN,transformer,embedding
4833,53174,NaN,NaN,NaN,NaN,NaN,NaN,NaN,transformer,embedding
4834,53185,NaN,NaN,NaN,NaN,NaN,NaN,NaN,transformer,embedding
4835,53196,NaN,NaN,NaN,NaN,NaN,NaN,NaN,transformer,embedding
4836,53207,NaN,NaN,NaN,NaN,NaN,NaN,NaN,transformer,embedding
4837,53218,NaN,NaN,NaN,NaN,NaN,NaN,NaN,transformer,embedding
4838,53229,NaN,NaN,NaN,NaN,NaN,NaN,NaN,transformer,embedding
4839,53240,NaN,NaN,NaN,NaN,NaN,NaN,NaN,transformer,embedding
4840,53251,NaN,NaN,NaN,NaN,NaN,NaN,NaN,transformer,embedding
4841,53262,NaN,NaN,NaN,NaN,NaN,NaN,NaN,transformer,embedding
4842,53273,NaN,NaN,NaN,NaN,NaN,NaN,NaN,transformer,embedding
4843,53284,NaN,NaN,NaN,NaN,NaN,NaN,NaN,transformer,embedding
4844,53295,NaN,NaN,NaN,NaN,NaN,NaN,NaN,transformer,embedding
4845,53306,NaN,NaN,NaN,NaN,NaN,NaN,NaN,transformer,embedding
4846,53317,NaN,NaN,NaN,NaN,NaN,NaN,NaN,transformer,embedding
4847,53328,NaN,NaN,NaN,NaN,NaN,NaN,NaN,transformer,embedding
4848,53339,NaN,NaN,NaN,NaN,NaN,NaN,NaN,transformer,embedding
4849,53350,3.826214722835175e-08,100.0,1.0,0.001,NaN,NaN,NaN,transformer,embedding
4850,53361,NaN,NaN,NaN,NaN,NaN,NaN,NaN,transformer,embedding
4851,53372,NaN,NaN,NaN,NaN,NaN,NaN,NaN,transformer,embedding
4852,53383,NaN,NaN,NaN,NaN,NaN,NaN,NaN,transformer,embedding
4853,53394,NaN,NaN,NaN,NaN,NaN,NaN,NaN,transformer,embedding
4854,53405,NaN,NaN,NaN,NaN,NaN,NaN,NaN,transformer,embedding
4855,53416,NaN,NaN,NaN,NaN,NaN,NaN,NaN,transformer,embedding
4856,53427,NaN,NaN,NaN,NaN,NaN,NaN,NaN,transformer,embedding
4857,53438,NaN,NaN,NaN,NaN,NaN,NaN,NaN,transformer,embedding
4858,53449,NaN,NaN,NaN,NaN,NaN,NaN,NaN,transformer,embedding
4859,53460,NaN,NaN,NaN,NaN,NaN,NaN,NaN,transformer,embedding
4860,53471,NaN,NaN,NaN,NaN,NaN,NaN,NaN,transformer,embedding
4861,53482,NaN,NaN,NaN,NaN,9.415105495236276e-08,100.0,1.0000001192092896,transformer,embedding
4862,53493,NaN,NaN,NaN,NaN,NaN,NaN,NaN,transformer,embedding
4863,53504,NaN,NaN,NaN,NaN,NaN,NaN,NaN,transformer,embedding
4864,53515,NaN,NaN,NaN,NaN,NaN,NaN,NaN,transformer,embedding
4865,53526,NaN,NaN,NaN,NaN,NaN,NaN,NaN,transformer,embedding
4866,53537,NaN,NaN,NaN,NaN,NaN,NaN,NaN,transformer,embedding
4867,53548,NaN,NaN,NaN,NaN,NaN,NaN,NaN,transformer,embedding
4868,53559,NaN,NaN,NaN,NaN,NaN,NaN,NaN,transformer,embedding
4869,53570,NaN,NaN,NaN,NaN,NaN,NaN,NaN,transformer,embedding
4870,53581,NaN,NaN,NaN,NaN,NaN,NaN,NaN,transformer,embedding
4871,53592,NaN,NaN,NaN,NaN,NaN,NaN,NaN,transformer,embedding
4872,53603,NaN,NaN,NaN,NaN,NaN,NaN,NaN,transformer,embedding
4873,53614,NaN,NaN,NaN,NaN,NaN,NaN,NaN,transformer,embedding
4874,53625,NaN,NaN,NaN,NaN,NaN,NaN,NaN,transformer,embedding
4875,53636,NaN,NaN,NaN,NaN,NaN,NaN,NaN,transformer,embedding
4876,53647,NaN,NaN,NaN,NaN,NaN,NaN,NaN,transformer,embedding
4877,53658,NaN,NaN,NaN,NaN,NaN,NaN,NaN,transformer,embedding
4878,53669,NaN,NaN,NaN,NaN,NaN,NaN,NaN,transformer,embedding
4879,53680,NaN,NaN,NaN,NaN,NaN,NaN,NaN,transformer,embedding
4880,53691,NaN,NaN,NaN,NaN,NaN,NaN,NaN,transformer,embedding
4881,53702,NaN,NaN,NaN,NaN,NaN,NaN,NaN,transformer,embedding
4882,53713,NaN,NaN,NaN,NaN,NaN,NaN,NaN,transformer,embedding
4883,53724,NaN,NaN,NaN,NaN,NaN,NaN,NaN,transformer,embedding
4884,53735,NaN,NaN,NaN,NaN,NaN,NaN,NaN,transformer,embedding
4885,53746,NaN,NaN,NaN,NaN,NaN,NaN,NaN,transformer,embedding
4886,53757,NaN,NaN,NaN,NaN,NaN,NaN,NaN,transformer,embedding
4887,53768,NaN,NaN,NaN,NaN,NaN,NaN,NaN,transformer,embedding
4888,53779,NaN,NaN,NaN,NaN,NaN,NaN,NaN,transformer,embedding
4889,53790,NaN,NaN,NaN,NaN,NaN,NaN,NaN,transformer,embedding
4890,53801,NaN,NaN,NaN,NaN,NaN,NaN,NaN,transformer,embedding
4891,53812,NaN,NaN,NaN,NaN,NaN,NaN,NaN,transformer,embedding
4892,53823,NaN,NaN,NaN,NaN,NaN,NaN,NaN,transformer,embedding
4893,53834,NaN,NaN,NaN,NaN,NaN,NaN,NaN,transformer,embedding
4894,53845,NaN,NaN,NaN,NaN,NaN,NaN,NaN,transformer,embedding
4895,53856,NaN,NaN,NaN,NaN,NaN,NaN,NaN,transformer,embedding
4896,53867,NaN,NaN,NaN,NaN,NaN,NaN,NaN,transformer,embedding
4897,53878,5.174949890829339e-08,100.0,1.0,0.001,NaN,NaN,NaN,transformer,embedding
4898,53889,NaN,NaN,NaN,NaN,NaN,NaN,NaN,transformer,embedding
4899,53900,NaN,NaN,NaN,NaN,NaN,NaN,NaN,transformer,embedding
4900,53911,NaN,NaN,NaN,NaN,NaN,NaN,NaN,transformer,embedding
4901,53922,NaN,NaN,NaN,NaN,NaN,NaN,NaN,transformer,embedding
4902,53933,NaN,NaN,NaN,NaN,NaN,NaN,NaN,transformer,embedding
4903,53944,NaN,NaN,NaN,NaN,NaN,NaN,NaN,transformer,embedding
4904,53955,NaN,NaN,NaN,NaN,NaN,NaN,NaN,transformer,embedding
4905,53966,NaN,NaN,NaN,NaN,NaN,NaN,NaN,transformer,embedding
4906,53977,NaN,NaN,NaN,NaN,NaN,NaN,NaN,transformer,embedding
4907,53988,NaN,NaN,NaN,NaN,NaN,NaN,NaN,transformer,embedding
4908,53999,NaN,NaN,NaN,NaN,NaN,NaN,NaN,transformer,embedding
4909,54010,NaN,NaN,NaN,NaN,NaN,NaN,NaN,transformer,embedding
4910,54021,NaN,NaN,NaN,NaN,NaN,NaN,NaN,transformer,embedding
4911,54032,NaN,NaN,NaN,NaN,NaN,NaN,NaN,transformer,embedding
4912,54043,NaN,NaN,NaN,NaN,NaN,NaN,NaN,transformer,embedding
4913,54054,NaN,NaN,NaN,NaN,NaN,NaN,NaN,transformer,embedding
4914,54065,NaN,NaN,NaN,NaN,NaN,NaN,NaN,transformer,embedding
4915,54076,NaN,NaN,NaN,NaN,NaN,NaN,NaN,transformer,embedding
4916,54087,NaN,NaN,NaN,NaN,NaN,NaN,NaN,transformer,embedding
4917,54098,NaN,NaN,NaN,NaN,NaN,NaN,NaN,transformer,embedding
4918,54109,NaN,NaN,NaN,NaN,NaN,NaN,NaN,transformer,embedding
4919,54120,NaN,NaN,NaN,NaN,NaN,NaN,NaN,transformer,embedding
4920,54131,NaN,NaN,NaN,NaN,NaN,NaN,NaN,transformer,embedding
4921,54142,NaN,NaN,NaN,NaN,NaN,NaN,NaN,transformer,embedding
4922,54153,NaN,NaN,NaN,NaN,NaN,NaN,NaN,transformer,embedding
4923,54164,NaN,NaN,NaN,NaN,NaN,NaN,NaN,transformer,embedding
4924,54175,NaN,NaN,NaN,NaN,NaN,NaN,NaN,transformer,embedding
4925,54186,NaN,NaN,NaN,NaN,NaN,NaN,NaN,transformer,embedding
4926,54197,NaN,NaN,NaN,NaN,NaN,NaN,NaN,transformer,embedding
4927,54208,NaN,NaN,NaN,NaN,NaN,NaN,NaN,transformer,embedding
4928,54219,NaN,NaN,NaN,NaN,NaN,NaN,NaN,transformer,embedding
4929,54230,NaN,NaN,NaN,NaN,NaN,NaN,NaN,transformer,embedding
4930,54241,NaN,NaN,NaN,NaN,NaN,NaN,NaN,transformer,embedding
4931,54252,NaN,NaN,NaN,NaN,NaN,NaN,NaN,transformer,embedding
4932,54263,NaN,NaN,NaN,NaN,NaN,NaN,NaN,transformer,embedding
4933,54274,NaN,NaN,NaN,NaN,NaN,NaN,NaN,transformer,embedding
4934,54285,NaN,NaN,NaN,NaN,NaN,NaN,NaN,transformer,embedding
4935,54296,NaN,NaN,NaN,NaN,NaN,NaN,NaN,transformer,embedding
4936,54307,NaN,NaN,NaN,NaN,NaN,NaN,NaN,transformer,embedding
4937,54318,NaN,NaN,NaN,NaN,NaN,NaN,NaN,transformer,embedding
4938,54329,NaN,NaN,NaN,NaN,NaN,NaN,NaN,transformer,embedding
4939,54340,NaN,NaN,NaN,NaN,NaN,NaN,NaN,transformer,embedding
4940,54351,NaN,NaN,NaN,NaN,NaN,NaN,NaN,transformer,embedding
4941,54362,NaN,NaN,NaN,NaN,NaN,NaN,NaN,transformer,embedding
4942,54373,NaN,NaN,NaN,NaN,NaN,NaN,NaN,transformer,embedding
4943,54384,NaN,NaN,NaN,NaN,NaN,NaN,NaN,transformer,embedding
4944,54395,NaN,NaN,NaN,NaN,NaN,NaN,NaN,transformer,embedding
4945,54406,3.722554708929238e-08,100.0,1.0,0.001,NaN,NaN,NaN,transformer,embedding
4946,54417,NaN,NaN,NaN,NaN,NaN,NaN,NaN,transformer,embedding
4947,54428,NaN,NaN,NaN,NaN,NaN,NaN,NaN,transformer,embedding
4948,54439,NaN,NaN,NaN,NaN,NaN,NaN,NaN,transformer,embedding
4949,54450,NaN,NaN,NaN,NaN,NaN,NaN,NaN,transformer,embedding
4950,54461,NaN,NaN,NaN,NaN,NaN,NaN,NaN,transformer,embedding
4951,54472,NaN,NaN,NaN,NaN,NaN,NaN,NaN,transformer,embedding
4952,54483,NaN,NaN,NaN,NaN,NaN,NaN,NaN,transformer,embedding
4953,54494,NaN,NaN,NaN,NaN,NaN,NaN,NaN,transformer,embedding
4954,54505,NaN,NaN,NaN,NaN,NaN,NaN,NaN,transformer,embedding
4955,54516,NaN,NaN,NaN,NaN,NaN,NaN,NaN,transformer,embedding
4956,54527,NaN,NaN,NaN,NaN,NaN,NaN,NaN,transformer,embedding
4957,54538,NaN,NaN,NaN,NaN,NaN,NaN,NaN,transformer,embedding
4958,54549,NaN,NaN,NaN,NaN,1.4640724188552667e-09,100.0,1.0,transformer,embedding
4959,54560,NaN,NaN,NaN,NaN,NaN,NaN,NaN,transformer,embedding
4960,54571,NaN,NaN,NaN,NaN,NaN,NaN,NaN,transformer,embedding
4961,54582,NaN,NaN,NaN,NaN,NaN,NaN,NaN,transformer,embedding
4962,54593,NaN,NaN,NaN,NaN,NaN,NaN,NaN,transformer,embedding
4963,54604,NaN,NaN,NaN,NaN,NaN,NaN,NaN,transformer,embedding
4964,54615,NaN,NaN,NaN,NaN,NaN,NaN,NaN,transformer,embedding
4965,54626,NaN,NaN,NaN,NaN,NaN,NaN,NaN,transformer,embedding
4966,54637,NaN,NaN,NaN,NaN,NaN,NaN,NaN,transformer,embedding
4967,54648,NaN,NaN,NaN,NaN,NaN,NaN,NaN,transformer,embedding
4968,54659,NaN,NaN,NaN,NaN,NaN,NaN,NaN,transformer,embedding
4969,54670,NaN,NaN,NaN,NaN,NaN,NaN,NaN,transformer,embedding
4970,54681,NaN,NaN,NaN,NaN,NaN,NaN,NaN,transformer,embedding
4971,54692,NaN,NaN,NaN,NaN,NaN,NaN,NaN,transformer,embedding
4972,54703,NaN,NaN,NaN,NaN,NaN,NaN,NaN,transformer,embedding
4973,54714,NaN,NaN,NaN,NaN,NaN,NaN,NaN,transformer,embedding
4974,54725,NaN,NaN,NaN,NaN,NaN,NaN,NaN,transformer,embedding
4975,54736,NaN,NaN,NaN,NaN,NaN,NaN,NaN,transformer,embedding
4976,54747,NaN,NaN,NaN,NaN,NaN,NaN,NaN,transformer,embedding
4977,54758,NaN,NaN,NaN,NaN,NaN,NaN,NaN,transformer,embedding
4978,54769,NaN,NaN,NaN,NaN,NaN,NaN,NaN,transformer,embedding
4979,54780,NaN,NaN,NaN,NaN,NaN,NaN,NaN,transformer,embedding
4980,54791,NaN,NaN,NaN,NaN,NaN,NaN,NaN,transformer,embedding
4981,54802,NaN,NaN,NaN,NaN,NaN,NaN,NaN,transformer,embedding
4982,54813,NaN,NaN,NaN,NaN,NaN,NaN,NaN,transformer,embedding
4983,54824,NaN,NaN,NaN,NaN,NaN,NaN,NaN,transformer,embedding
4984,54835,NaN,NaN,NaN,NaN,NaN,NaN,NaN,transformer,embedding
4985,54846,NaN,NaN,NaN,NaN,NaN,NaN,NaN,transformer,embedding
4986,54857,NaN,NaN,NaN,NaN,NaN,NaN,NaN,transformer,embedding
4987,54868,NaN,NaN,NaN,NaN,NaN,NaN,NaN,transformer,embedding
4988,54879,NaN,NaN,NaN,NaN,NaN,NaN,NaN,transformer,embedding
4989,54890,NaN,NaN,NaN,NaN,NaN,NaN,NaN,transformer,embedding
4990,54901,NaN,NaN,NaN,NaN,NaN,NaN,NaN,transformer,embedding
4991,54912,NaN,NaN,NaN,NaN,NaN,NaN,NaN,transformer,embedding
4992,54923,NaN,NaN,NaN,NaN,NaN,NaN,NaN,transformer,embedding
4993,54934,NaN,NaN,NaN,NaN,NaN,NaN,NaN,transformer,embedding
4994,54945,3.649992308396577e-08,100.0,1.0,0.001,NaN,NaN,NaN,transformer,embedding
4995,54956,NaN,NaN,NaN,NaN,NaN,NaN,NaN,transformer,embedding
4996,54967,NaN,NaN,NaN,NaN,NaN,NaN,NaN,transformer,embedding
4997,54978,NaN,NaN,NaN,NaN,NaN,NaN,NaN,transformer,embedding
4998,54989,NaN,NaN,NaN,NaN,NaN,NaN,NaN,transformer,embedding
4999,55000,NaN,NaN,NaN,NaN,NaN,NaN,NaN,transformer,embedding
5000,55011,NaN,NaN,NaN,NaN,NaN,NaN,NaN,transformer,embedding
5001,55022,NaN,NaN,NaN,NaN,NaN,NaN,NaN,transformer,embedding
5002,55033,NaN,NaN,NaN,NaN,NaN,NaN,NaN,transformer,embedding
5003,55044,NaN,NaN,NaN,NaN,NaN,NaN,NaN,transformer,embedding
5004,55055,NaN,NaN,NaN,NaN,NaN,NaN,NaN,transformer,embedding
5005,55066,NaN,NaN,NaN,NaN,NaN,NaN,NaN,transformer,embedding
5006,55077,NaN,NaN,NaN,NaN,NaN,NaN,NaN,transformer,embedding
5007,55088,NaN,NaN,NaN,NaN,NaN,NaN,NaN,transformer,embedding
5008,55099,NaN,NaN,NaN,NaN,NaN,NaN,NaN,transformer,embedding
5009,55110,NaN,NaN,NaN,NaN,NaN,NaN,NaN,transformer,embedding
5010,55121,NaN,NaN,NaN,NaN,NaN,NaN,NaN,transformer,embedding
5011,55132,NaN,NaN,NaN,NaN,NaN,NaN,NaN,transformer,embedding
5012,55143,NaN,NaN,NaN,NaN,NaN,NaN,NaN,transformer,embedding
5013,55154,NaN,NaN,NaN,NaN,NaN,NaN,NaN,transformer,embedding
5014,55165,NaN,NaN,NaN,NaN,NaN,NaN,NaN,transformer,embedding
5015,55176,NaN,NaN,NaN,NaN,NaN,NaN,NaN,transformer,embedding
5016,55187,NaN,NaN,NaN,NaN,NaN,NaN,NaN,transformer,embedding
5017,55198,NaN,NaN,NaN,NaN,NaN,NaN,NaN,transformer,embedding
5018,55209,NaN,NaN,NaN,NaN,NaN,NaN,NaN,transformer,embedding
5019,55220,NaN,NaN,NaN,NaN,NaN,NaN,NaN,transformer,embedding
5020,55231,NaN,NaN,NaN,NaN,NaN,NaN,NaN,transformer,embedding
5021,55242,NaN,NaN,NaN,NaN,NaN,NaN,NaN,transformer,embedding
5022,55253,NaN,NaN,NaN,NaN,NaN,NaN,NaN,transformer,embedding
5023,55264,NaN,NaN,NaN,NaN,NaN,NaN,NaN,transformer,embedding
5024,55275,NaN,NaN,NaN,NaN,NaN,NaN,NaN,transformer,embedding
5025,55286,NaN,NaN,NaN,NaN,NaN,NaN,NaN,transformer,embedding
5026,55297,NaN,NaN,NaN,NaN,NaN,NaN,NaN,transformer,embedding
5027,55308,NaN,NaN,NaN,NaN,NaN,NaN,NaN,transformer,embedding
5028,55319,NaN,NaN,NaN,NaN,NaN,NaN,NaN,transformer,embedding
5029,55330,NaN,NaN,NaN,NaN,NaN,NaN,NaN,transformer,embedding
5030,55341,NaN,NaN,NaN,NaN,NaN,NaN,NaN,transformer,embedding
5031,55352,NaN,NaN,NaN,NaN,NaN,NaN,NaN,transformer,embedding
5032,55363,NaN,NaN,NaN,NaN,NaN,NaN,NaN,transformer,embedding
5033,55374,NaN,NaN,NaN,NaN,NaN,NaN,NaN,transformer,embedding
5034,55385,NaN,NaN,NaN,NaN,NaN,NaN,NaN,transformer,embedding
5035,55396,NaN,NaN,NaN,NaN,NaN,NaN,NaN,transformer,embedding
5036,55407,NaN,NaN,NaN,NaN,NaN,NaN,NaN,transformer,embedding
5037,55418,NaN,NaN,NaN,NaN,NaN,NaN,NaN,transformer,embedding
5038,55429,NaN,NaN,NaN,NaN,NaN,NaN,NaN,transformer,embedding
5039,55440,NaN,NaN,NaN,NaN,NaN,NaN,NaN,transformer,embedding
5040,55451,NaN,NaN,NaN,NaN,NaN,NaN,NaN,transformer,embedding
5041,55462,NaN,NaN,NaN,NaN,NaN,NaN,NaN,transformer,embedding
5042,55473,NaN,NaN,NaN,NaN,NaN,NaN,NaN,transformer,embedding
5043,55484,0.017726674675941467,99.42029571533203,1.0178847312927246,0.001,NaN,NaN,NaN,transformer,embedding
5044,55495,NaN,NaN,NaN,NaN,NaN,NaN,NaN,transformer,embedding
5045,55506,NaN,NaN,NaN,NaN,NaN,NaN,NaN,transformer,embedding
5046,55517,NaN,NaN,NaN,NaN,NaN,NaN,NaN,transformer,embedding
5047,55528,NaN,NaN,NaN,NaN,NaN,NaN,NaN,transformer,embedding
5048,55539,NaN,NaN,NaN,NaN,NaN,NaN,NaN,transformer,embedding
5049,55550,NaN,NaN,NaN,NaN,NaN,NaN,NaN,transformer,embedding
5050,55561,NaN,NaN,NaN,NaN,NaN,NaN,NaN,transformer,embedding
5051,55572,NaN,NaN,NaN,NaN,NaN,NaN,NaN,transformer,embedding
5052,55583,NaN,NaN,NaN,NaN,NaN,NaN,NaN,transformer,embedding
5053,55594,NaN,NaN,NaN,NaN,NaN,NaN,NaN,transformer,embedding
5054,55605,NaN,NaN,NaN,NaN,NaN,NaN,NaN,transformer,embedding
5055,55616,NaN,NaN,NaN,NaN,NaN,NaN,NaN,transformer,embedding
5056,55627,NaN,NaN,NaN,NaN,NaN,NaN,NaN,transformer,embedding
5057,55638,NaN,NaN,NaN,NaN,0.007791386917233467,99.64572143554688,1.007821798324585,transformer,embedding
5058,55649,NaN,NaN,NaN,NaN,NaN,NaN,NaN,transformer,embedding
5059,55660,NaN,NaN,NaN,NaN,NaN,NaN,NaN,transformer,embedding
5060,55671,NaN,NaN,NaN,NaN,NaN,NaN,NaN,transformer,embedding
5061,55682,NaN,NaN,NaN,NaN,NaN,NaN,NaN,transformer,embedding
5062,55693,NaN,NaN,NaN,NaN,NaN,NaN,NaN,transformer,embedding
5063,55704,NaN,NaN,NaN,NaN,NaN,NaN,NaN,transformer,embedding
5064,55715,NaN,NaN,NaN,NaN,NaN,NaN,NaN,transformer,embedding
5065,55726,NaN,NaN,NaN,NaN,NaN,NaN,NaN,transformer,embedding
5066,55737,NaN,NaN,NaN,NaN,NaN,NaN,NaN,transformer,embedding
5067,55748,NaN,NaN,NaN,NaN,NaN,NaN,NaN,transformer,embedding
5068,55759,NaN,NaN,NaN,NaN,NaN,NaN,NaN,transformer,embedding
5069,55770,NaN,NaN,NaN,NaN,NaN,NaN,NaN,transformer,embedding
5070,55781,NaN,NaN,NaN,NaN,NaN,NaN,NaN,transformer,embedding
5071,55792,NaN,NaN,NaN,NaN,NaN,NaN,NaN,transformer,embedding
5072,55803,NaN,NaN,NaN,NaN,NaN,NaN,NaN,transformer,embedding
5073,55814,NaN,NaN,NaN,NaN,NaN,NaN,NaN,transformer,embedding
5074,55825,NaN,NaN,NaN,NaN,NaN,NaN,NaN,transformer,embedding
5075,55836,NaN,NaN,NaN,NaN,NaN,NaN,NaN,transformer,embedding
5076,55847,NaN,NaN,NaN,NaN,NaN,NaN,NaN,transformer,embedding
5077,55858,NaN,NaN,NaN,NaN,NaN,NaN,NaN,transformer,embedding
5078,55869,NaN,NaN,NaN,NaN,NaN,NaN,NaN,transformer,embedding
5079,55880,NaN,NaN,NaN,NaN,NaN,NaN,NaN,transformer,embedding
5080,55891,NaN,NaN,NaN,NaN,NaN,NaN,NaN,transformer,embedding
5081,55902,NaN,NaN,NaN,NaN,NaN,NaN,NaN,transformer,embedding
5082,55913,NaN,NaN,NaN,NaN,NaN,NaN,NaN,transformer,embedding
5083,55924,NaN,NaN,NaN,NaN,NaN,NaN,NaN,transformer,embedding
5084,55935,NaN,NaN,NaN,NaN,NaN,NaN,NaN,transformer,embedding
5085,55946,NaN,NaN,NaN,NaN,NaN,NaN,NaN,transformer,embedding
5086,55957,NaN,NaN,NaN,NaN,NaN,NaN,NaN,transformer,embedding
5087,55968,NaN,NaN,NaN,NaN,NaN,NaN,NaN,transformer,embedding
5088,55979,NaN,NaN,NaN,NaN,NaN,NaN,NaN,transformer,embedding
5089,55990,NaN,NaN,NaN,NaN,NaN,NaN,NaN,transformer,embedding
5090,56001,NaN,NaN,NaN,NaN,NaN,NaN,NaN,transformer,embedding
5091,56012,NaN,NaN,NaN,NaN,NaN,NaN,NaN,transformer,embedding
5092,56023,NaN,NaN,NaN,NaN,NaN,NaN,NaN,transformer,embedding
5093,56034,5.387997958905544e-08,100.0,1.0,0.001,NaN,NaN,NaN,transformer,embedding
5094,56045,NaN,NaN,NaN,NaN,NaN,NaN,NaN,transformer,embedding
5095,56056,NaN,NaN,NaN,NaN,NaN,NaN,NaN,transformer,embedding
5096,56067,NaN,NaN,NaN,NaN,NaN,NaN,NaN,transformer,embedding
5097,56078,NaN,NaN,NaN,NaN,NaN,NaN,NaN,transformer,embedding
5098,56089,NaN,NaN,NaN,NaN,NaN,NaN,NaN,transformer,embedding
5099,56100,NaN,NaN,NaN,NaN,NaN,NaN,NaN,transformer,embedding
5100,56111,NaN,NaN,NaN,NaN,NaN,NaN,NaN,transformer,embedding
5101,56122,NaN,NaN,NaN,NaN,NaN,NaN,NaN,transformer,embedding
5102,56133,NaN,NaN,NaN,NaN,NaN,NaN,NaN,transformer,embedding
5103,56144,NaN,NaN,NaN,NaN,NaN,NaN,NaN,transformer,embedding
5104,56155,NaN,NaN,NaN,NaN,NaN,NaN,NaN,transformer,embedding
5105,56166,NaN,NaN,NaN,NaN,NaN,NaN,NaN,transformer,embedding
5106,56177,NaN,NaN,NaN,NaN,NaN,NaN,NaN,transformer,embedding
5107,56188,NaN,NaN,NaN,NaN,NaN,NaN,NaN,transformer,embedding
5108,56199,NaN,NaN,NaN,NaN,NaN,NaN,NaN,transformer,embedding
5109,56210,NaN,NaN,NaN,NaN,NaN,NaN,NaN,transformer,embedding
5110,56221,NaN,NaN,NaN,NaN,NaN,NaN,NaN,transformer,embedding
5111,56232,NaN,NaN,NaN,NaN,NaN,NaN,NaN,transformer,embedding
5112,56243,NaN,NaN,NaN,NaN,NaN,NaN,NaN,transformer,embedding
5113,56254,NaN,NaN,NaN,NaN,NaN,NaN,NaN,transformer,embedding
5114,56265,NaN,NaN,NaN,NaN,NaN,NaN,NaN,transformer,embedding
5115,56276,NaN,NaN,NaN,NaN,NaN,NaN,NaN,transformer,embedding
5116,56287,NaN,NaN,NaN,NaN,NaN,NaN,NaN,transformer,embedding
5117,56298,NaN,NaN,NaN,NaN,NaN,NaN,NaN,transformer,embedding
5118,56309,NaN,NaN,NaN,NaN,NaN,NaN,NaN,transformer,embedding
5119,56320,NaN,NaN,NaN,NaN,NaN,NaN,NaN,transformer,embedding
5120,56331,NaN,NaN,NaN,NaN,NaN,NaN,NaN,transformer,embedding
5121,56342,NaN,NaN,NaN,NaN,NaN,NaN,NaN,transformer,embedding
5122,56353,NaN,NaN,NaN,NaN,NaN,NaN,NaN,transformer,embedding
5123,56364,NaN,NaN,NaN,NaN,NaN,NaN,NaN,transformer,embedding
5124,56375,NaN,NaN,NaN,NaN,NaN,NaN,NaN,transformer,embedding
5125,56386,NaN,NaN,NaN,NaN,NaN,NaN,NaN,transformer,embedding
5126,56397,NaN,NaN,NaN,NaN,NaN,NaN,NaN,transformer,embedding
5127,56408,NaN,NaN,NaN,NaN,NaN,NaN,NaN,transformer,embedding
5128,56419,NaN,NaN,NaN,NaN,NaN,NaN,NaN,transformer,embedding
5129,56430,NaN,NaN,NaN,NaN,NaN,NaN,NaN,transformer,embedding
5130,56441,NaN,NaN,NaN,NaN,NaN,NaN,NaN,transformer,embedding
5131,56452,NaN,NaN,NaN,NaN,NaN,NaN,NaN,transformer,embedding
5132,56463,NaN,NaN,NaN,NaN,NaN,NaN,NaN,transformer,embedding
5133,56474,NaN,NaN,NaN,NaN,NaN,NaN,NaN,transformer,embedding
5134,56485,NaN,NaN,NaN,NaN,NaN,NaN,NaN,transformer,embedding
5135,56496,NaN,NaN,NaN,NaN,NaN,NaN,NaN,transformer,embedding
5136,56507,NaN,NaN,NaN,NaN,NaN,NaN,NaN,transformer,embedding
5137,56518,NaN,NaN,NaN,NaN,NaN,NaN,NaN,transformer,embedding
5138,56529,NaN,NaN,NaN,NaN,NaN,NaN,NaN,transformer,embedding
5139,56540,NaN,NaN,NaN,NaN,NaN,NaN,NaN,transformer,embedding
5140,56551,NaN,NaN,NaN,NaN,NaN,NaN,NaN,transformer,embedding
5141,56562,NaN,NaN,NaN,NaN,NaN,NaN,NaN,transformer,embedding
5142,56573,NaN,NaN,NaN,NaN,NaN,NaN,NaN,transformer,embedding
5143,56584,1.0135667860566855e-09,100.0,1.0,0.001,NaN,NaN,NaN,transformer,embedding
5144,56595,NaN,NaN,NaN,NaN,NaN,NaN,NaN,transformer,embedding
5145,56606,NaN,NaN,NaN,NaN,NaN,NaN,NaN,transformer,embedding
5146,56617,NaN,NaN,NaN,NaN,NaN,NaN,NaN,transformer,embedding
5147,56628,NaN,NaN,NaN,NaN,NaN,NaN,NaN,transformer,embedding
5148,56639,NaN,NaN,NaN,NaN,NaN,NaN,NaN,transformer,embedding
5149,56650,NaN,NaN,NaN,NaN,NaN,NaN,NaN,transformer,embedding
5150,56661,NaN,NaN,NaN,NaN,NaN,NaN,NaN,transformer,embedding
5151,56672,NaN,NaN,NaN,NaN,NaN,NaN,NaN,transformer,embedding
5152,56683,NaN,NaN,NaN,NaN,NaN,NaN,NaN,transformer,embedding
5153,56694,NaN,NaN,NaN,NaN,NaN,NaN,NaN,transformer,embedding
5154,56705,NaN,NaN,NaN,NaN,NaN,NaN,NaN,transformer,embedding
5155,56716,NaN,NaN,NaN,NaN,NaN,NaN,NaN,transformer,embedding
5156,56727,NaN,NaN,NaN,NaN,NaN,NaN,NaN,transformer,embedding
5157,56738,NaN,NaN,NaN,NaN,NaN,NaN,NaN,transformer,embedding
5158,56749,NaN,NaN,NaN,NaN,0.08564764261245728,97.07132720947266,1.089422345161438,transformer,embedding
5159,56760,NaN,NaN,NaN,NaN,NaN,NaN,NaN,transformer,embedding
5160,56771,NaN,NaN,NaN,NaN,NaN,NaN,NaN,transformer,embedding
5161,56782,NaN,NaN,NaN,NaN,NaN,NaN,NaN,transformer,embedding
5162,56793,NaN,NaN,NaN,NaN,NaN,NaN,NaN,transformer,embedding
5163,56804,NaN,NaN,NaN,NaN,NaN,NaN,NaN,transformer,embedding
5164,56815,NaN,NaN,NaN,NaN,NaN,NaN,NaN,transformer,embedding
5165,56826,NaN,NaN,NaN,NaN,NaN,NaN,NaN,transformer,embedding
5166,56837,NaN,NaN,NaN,NaN,NaN,NaN,NaN,transformer,embedding
5167,56848,NaN,NaN,NaN,NaN,NaN,NaN,NaN,transformer,embedding
5168,56859,NaN,NaN,NaN,NaN,NaN,NaN,NaN,transformer,embedding
5169,56870,NaN,NaN,NaN,NaN,NaN,NaN,NaN,transformer,embedding
5170,56881,NaN,NaN,NaN,NaN,NaN,NaN,NaN,transformer,embedding
5171,56892,NaN,NaN,NaN,NaN,NaN,NaN,NaN,transformer,embedding
5172,56903,NaN,NaN,NaN,NaN,NaN,NaN,NaN,transformer,embedding
5173,56914,NaN,NaN,NaN,NaN,NaN,NaN,NaN,transformer,embedding
5174,56925,NaN,NaN,NaN,NaN,NaN,NaN,NaN,transformer,embedding
5175,56936,NaN,NaN,NaN,NaN,NaN,NaN,NaN,transformer,embedding
5176,56947,NaN,NaN,NaN,NaN,NaN,NaN,NaN,transformer,embedding
5177,56958,NaN,NaN,NaN,NaN,NaN,NaN,NaN,transformer,embedding
5178,56969,NaN,NaN,NaN,NaN,NaN,NaN,NaN,transformer,embedding
5179,56980,NaN,NaN,NaN,NaN,NaN,NaN,NaN,transformer,embedding
5180,56991,NaN,NaN,NaN,NaN,NaN,NaN,NaN,transformer,embedding
5181,57002,NaN,NaN,NaN,NaN,NaN,NaN,NaN,transformer,embedding
5182,57013,NaN,NaN,NaN,NaN,NaN,NaN,NaN,transformer,embedding
5183,57024,NaN,NaN,NaN,NaN,NaN,NaN,NaN,transformer,embedding
5184,57035,NaN,NaN,NaN,NaN,NaN,NaN,NaN,transformer,embedding
5185,57046,NaN,NaN,NaN,NaN,NaN,NaN,NaN,transformer,embedding
5186,57057,NaN,NaN,NaN,NaN,NaN,NaN,NaN,transformer,embedding
5187,57068,NaN,NaN,NaN,NaN,NaN,NaN,NaN,transformer,embedding
5188,57079,NaN,NaN,NaN,NaN,NaN,NaN,NaN,transformer,embedding
5189,57090,NaN,NaN,NaN,NaN,NaN,NaN,NaN,transformer,embedding
5190,57101,NaN,NaN,NaN,NaN,NaN,NaN,NaN,transformer,embedding
5191,57112,NaN,NaN,NaN,NaN,NaN,NaN,NaN,transformer,embedding
5192,57123,NaN,NaN,NaN,NaN,NaN,NaN,NaN,transformer,embedding
5193,57134,NaN,NaN,NaN,NaN,NaN,NaN,NaN,transformer,embedding
5194,57145,7.723780015567172e-08,100.0,1.0000001192092896,0.001,NaN,NaN,NaN,transformer,embedding
5195,57156,NaN,NaN,NaN,NaN,NaN,NaN,NaN,transformer,embedding
5196,57167,NaN,NaN,NaN,NaN,NaN,NaN,NaN,transformer,embedding
5197,57178,NaN,NaN,NaN,NaN,NaN,NaN,NaN,transformer,embedding
5198,57189,NaN,NaN,NaN,NaN,NaN,NaN,NaN,transformer,embedding
5199,57200,NaN,NaN,NaN,NaN,NaN,NaN,NaN,transformer,embedding
5200,57211,NaN,NaN,NaN,NaN,NaN,NaN,NaN,transformer,embedding
5201,57222,NaN,NaN,NaN,NaN,NaN,NaN,NaN,transformer,embedding
5202,57233,NaN,NaN,NaN,NaN,NaN,NaN,NaN,transformer,embedding
5203,57244,NaN,NaN,NaN,NaN,NaN,NaN,NaN,transformer,embedding
5204,57255,NaN,NaN,NaN,NaN,NaN,NaN,NaN,transformer,embedding
5205,57266,NaN,NaN,NaN,NaN,NaN,NaN,NaN,transformer,embedding
5206,57277,NaN,NaN,NaN,NaN,NaN,NaN,NaN,transformer,embedding
5207,57288,NaN,NaN,NaN,NaN,NaN,NaN,NaN,transformer,embedding
5208,57299,NaN,NaN,NaN,NaN,NaN,NaN,NaN,transformer,embedding
5209,57310,NaN,NaN,NaN,NaN,NaN,NaN,NaN,transformer,embedding
5210,57321,NaN,NaN,NaN,NaN,NaN,NaN,NaN,transformer,embedding
5211,57332,NaN,NaN,NaN,NaN,NaN,NaN,NaN,transformer,embedding
5212,57343,NaN,NaN,NaN,NaN,NaN,NaN,NaN,transformer,embedding
5213,57354,NaN,NaN,NaN,NaN,NaN,NaN,NaN,transformer,embedding
5214,57365,NaN,NaN,NaN,NaN,NaN,NaN,NaN,transformer,embedding
5215,57376,NaN,NaN,NaN,NaN,NaN,NaN,NaN,transformer,embedding
5216,57387,NaN,NaN,NaN,NaN,NaN,NaN,NaN,transformer,embedding
5217,57398,NaN,NaN,NaN,NaN,NaN,NaN,NaN,transformer,embedding
5218,57409,NaN,NaN,NaN,NaN,NaN,NaN,NaN,transformer,embedding
5219,57420,NaN,NaN,NaN,NaN,NaN,NaN,NaN,transformer,embedding
5220,57431,NaN,NaN,NaN,NaN,NaN,NaN,NaN,transformer,embedding
5221,57442,NaN,NaN,NaN,NaN,NaN,NaN,NaN,transformer,embedding
5222,57453,NaN,NaN,NaN,NaN,NaN,NaN,NaN,transformer,embedding
5223,57464,NaN,NaN,NaN,NaN,NaN,NaN,NaN,transformer,embedding
5224,57475,NaN,NaN,NaN,NaN,NaN,NaN,NaN,transformer,embedding
5225,57486,NaN,NaN,NaN,NaN,NaN,NaN,NaN,transformer,embedding
5226,57497,NaN,NaN,NaN,NaN,NaN,NaN,NaN,transformer,embedding
5227,57508,NaN,NaN,NaN,NaN,NaN,NaN,NaN,transformer,embedding
5228,57519,NaN,NaN,NaN,NaN,NaN,NaN,NaN,transformer,embedding
5229,57530,NaN,NaN,NaN,NaN,NaN,NaN,NaN,transformer,embedding
5230,57541,NaN,NaN,NaN,NaN,NaN,NaN,NaN,transformer,embedding
5231,57552,NaN,NaN,NaN,NaN,NaN,NaN,NaN,transformer,embedding
5232,57563,NaN,NaN,NaN,NaN,NaN,NaN,NaN,transformer,embedding
5233,57574,NaN,NaN,NaN,NaN,NaN,NaN,NaN,transformer,embedding
5234,57585,NaN,NaN,NaN,NaN,NaN,NaN,NaN,transformer,embedding
5235,57596,NaN,NaN,NaN,NaN,NaN,NaN,NaN,transformer,embedding
5236,57607,NaN,NaN,NaN,NaN,NaN,NaN,NaN,transformer,embedding
5237,57618,NaN,NaN,NaN,NaN,NaN,NaN,NaN,transformer,embedding
5238,57629,NaN,NaN,NaN,NaN,NaN,NaN,NaN,transformer,embedding
5239,57640,NaN,NaN,NaN,NaN,NaN,NaN,NaN,transformer,embedding
5240,57651,NaN,NaN,NaN,NaN,NaN,NaN,NaN,transformer,embedding
5241,57662,NaN,NaN,NaN,NaN,NaN,NaN,NaN,transformer,embedding
5242,57673,NaN,NaN,NaN,NaN,NaN,NaN,NaN,transformer,embedding
5243,57684,NaN,NaN,NaN,NaN,NaN,NaN,NaN,transformer,embedding
5244,57695,NaN,NaN,NaN,NaN,NaN,NaN,NaN,transformer,embedding
5245,57706,9.559776970036182e-09,100.0,1.0,0.001,NaN,NaN,NaN,transformer,embedding
5246,57717,NaN,NaN,NaN,NaN,NaN,NaN,NaN,transformer,embedding
5247,57728,NaN,NaN,NaN,NaN,NaN,NaN,NaN,transformer,embedding
5248,57739,NaN,NaN,NaN,NaN,NaN,NaN,NaN,transformer,embedding
5249,57750,NaN,NaN,NaN,NaN,NaN,NaN,NaN,transformer,embedding
5250,57761,NaN,NaN,NaN,NaN,NaN,NaN,NaN,transformer,embedding
5251,57772,NaN,NaN,NaN,NaN,NaN,NaN,NaN,transformer,embedding
5252,57783,NaN,NaN,NaN,NaN,NaN,NaN,NaN,transformer,embedding
5253,57794,NaN,NaN,NaN,NaN,NaN,NaN,NaN,transformer,embedding
5254,57805,NaN,NaN,NaN,NaN,NaN,NaN,NaN,transformer,embedding
5255,57816,NaN,NaN,NaN,NaN,NaN,NaN,NaN,transformer,embedding
5256,57827,NaN,NaN,NaN,NaN,NaN,NaN,NaN,transformer,embedding
5257,57838,NaN,NaN,NaN,NaN,NaN,NaN,NaN,transformer,embedding
5258,57849,NaN,NaN,NaN,NaN,NaN,NaN,NaN,transformer,embedding
5259,57860,NaN,NaN,NaN,NaN,NaN,NaN,NaN,transformer,embedding
5260,57871,NaN,NaN,NaN,NaN,NaN,NaN,NaN,transformer,embedding
5261,57882,NaN,NaN,NaN,NaN,6.69999508318142e-07,100.0,1.0000007152557373,transformer,embedding
5262,57893,NaN,NaN,NaN,NaN,NaN,NaN,NaN,transformer,embedding
5263,57904,NaN,NaN,NaN,NaN,NaN,NaN,NaN,transformer,embedding
5264,57915,NaN,NaN,NaN,NaN,NaN,NaN,NaN,transformer,embedding
5265,57926,NaN,NaN,NaN,NaN,NaN,NaN,NaN,transformer,embedding
5266,57937,NaN,NaN,NaN,NaN,NaN,NaN,NaN,transformer,embedding
5267,57948,NaN,NaN,NaN,NaN,NaN,NaN,NaN,transformer,embedding
5268,57959,NaN,NaN,NaN,NaN,NaN,NaN,NaN,transformer,embedding
5269,57970,NaN,NaN,NaN,NaN,NaN,NaN,NaN,transformer,embedding
5270,57981,NaN,NaN,NaN,NaN,NaN,NaN,NaN,transformer,embedding
5271,57992,NaN,NaN,NaN,NaN,NaN,NaN,NaN,transformer,embedding
5272,58003,NaN,NaN,NaN,NaN,NaN,NaN,NaN,transformer,embedding
5273,58014,NaN,NaN,NaN,NaN,NaN,NaN,NaN,transformer,embedding
5274,58025,NaN,NaN,NaN,NaN,NaN,NaN,NaN,transformer,embedding
5275,58036,NaN,NaN,NaN,NaN,NaN,NaN,NaN,transformer,embedding
5276,58047,NaN,NaN,NaN,NaN,NaN,NaN,NaN,transformer,embedding
5277,58058,NaN,NaN,NaN,NaN,NaN,NaN,NaN,transformer,embedding
5278,58069,NaN,NaN,NaN,NaN,NaN,NaN,NaN,transformer,embedding
5279,58080,NaN,NaN,NaN,NaN,NaN,NaN,NaN,transformer,embedding
5280,58091,NaN,NaN,NaN,NaN,NaN,NaN,NaN,transformer,embedding
5281,58102,NaN,NaN,NaN,NaN,NaN,NaN,NaN,transformer,embedding
5282,58113,NaN,NaN,NaN,NaN,NaN,NaN,NaN,transformer,embedding
5283,58124,NaN,NaN,NaN,NaN,NaN,NaN,NaN,transformer,embedding
5284,58135,NaN,NaN,NaN,NaN,NaN,NaN,NaN,transformer,embedding
5285,58146,NaN,NaN,NaN,NaN,NaN,NaN,NaN,transformer,embedding
5286,58157,NaN,NaN,NaN,NaN,NaN,NaN,NaN,transformer,embedding
5287,58168,NaN,NaN,NaN,NaN,NaN,NaN,NaN,transformer,embedding
5288,58179,NaN,NaN,NaN,NaN,NaN,NaN,NaN,transformer,embedding
5289,58190,NaN,NaN,NaN,NaN,NaN,NaN,NaN,transformer,embedding
5290,58201,NaN,NaN,NaN,NaN,NaN,NaN,NaN,transformer,embedding
5291,58212,NaN,NaN,NaN,NaN,NaN,NaN,NaN,transformer,embedding
5292,58223,NaN,NaN,NaN,NaN,NaN,NaN,NaN,transformer,embedding
5293,58234,NaN,NaN,NaN,NaN,NaN,NaN,NaN,transformer,embedding
5294,58245,NaN,NaN,NaN,NaN,NaN,NaN,NaN,transformer,embedding
5295,58256,NaN,NaN,NaN,NaN,NaN,NaN,NaN,transformer,embedding
5296,58267,NaN,NaN,NaN,NaN,NaN,NaN,NaN,transformer,embedding
5297,58278,4.436868948687334e-06,100.0,1.0000044107437134,0.001,NaN,NaN,NaN,transformer,embedding
5298,58289,NaN,NaN,NaN,NaN,NaN,NaN,NaN,transformer,embedding
5299,58300,NaN,NaN,NaN,NaN,NaN,NaN,NaN,transformer,embedding
5300,58311,NaN,NaN,NaN,NaN,NaN,NaN,NaN,transformer,embedding
5301,58322,NaN,NaN,NaN,NaN,NaN,NaN,NaN,transformer,embedding
5302,58333,NaN,NaN,NaN,NaN,NaN,NaN,NaN,transformer,embedding
5303,58344,NaN,NaN,NaN,NaN,NaN,NaN,NaN,transformer,embedding
5304,58355,NaN,NaN,NaN,NaN,NaN,NaN,NaN,transformer,embedding
5305,58366,NaN,NaN,NaN,NaN,NaN,NaN,NaN,transformer,embedding
5306,58377,NaN,NaN,NaN,NaN,NaN,NaN,NaN,transformer,embedding
5307,58388,NaN,NaN,NaN,NaN,NaN,NaN,NaN,transformer,embedding
5308,58399,NaN,NaN,NaN,NaN,NaN,NaN,NaN,transformer,embedding
5309,58410,NaN,NaN,NaN,NaN,NaN,NaN,NaN,transformer,embedding
5310,58421,NaN,NaN,NaN,NaN,NaN,NaN,NaN,transformer,embedding
5311,58432,NaN,NaN,NaN,NaN,NaN,NaN,NaN,transformer,embedding
5312,58443,NaN,NaN,NaN,NaN,NaN,NaN,NaN,transformer,embedding
5313,58454,NaN,NaN,NaN,NaN,NaN,NaN,NaN,transformer,embedding
5314,58465,NaN,NaN,NaN,NaN,NaN,NaN,NaN,transformer,embedding
5315,58476,NaN,NaN,NaN,NaN,NaN,NaN,NaN,transformer,embedding
5316,58487,NaN,NaN,NaN,NaN,NaN,NaN,NaN,transformer,embedding
5317,58498,NaN,NaN,NaN,NaN,NaN,NaN,NaN,transformer,embedding
5318,58509,NaN,NaN,NaN,NaN,NaN,NaN,NaN,transformer,embedding
5319,58520,NaN,NaN,NaN,NaN,NaN,NaN,NaN,transformer,embedding
5320,58531,NaN,NaN,NaN,NaN,NaN,NaN,NaN,transformer,embedding
5321,58542,NaN,NaN,NaN,NaN,NaN,NaN,NaN,transformer,embedding
5322,58553,NaN,NaN,NaN,NaN,NaN,NaN,NaN,transformer,embedding
5323,58564,NaN,NaN,NaN,NaN,NaN,NaN,NaN,transformer,embedding
5324,58575,NaN,NaN,NaN,NaN,NaN,NaN,NaN,transformer,embedding
5325,58586,NaN,NaN,NaN,NaN,NaN,NaN,NaN,transformer,embedding
5326,58597,NaN,NaN,NaN,NaN,NaN,NaN,NaN,transformer,embedding
5327,58608,NaN,NaN,NaN,NaN,NaN,NaN,NaN,transformer,embedding
5328,58619,NaN,NaN,NaN,NaN,NaN,NaN,NaN,transformer,embedding
5329,58630,NaN,NaN,NaN,NaN,NaN,NaN,NaN,transformer,embedding
5330,58641,NaN,NaN,NaN,NaN,NaN,NaN,NaN,transformer,embedding
5331,58652,NaN,NaN,NaN,NaN,NaN,NaN,NaN,transformer,embedding
5332,58663,NaN,NaN,NaN,NaN,NaN,NaN,NaN,transformer,embedding
5333,58674,NaN,NaN,NaN,NaN,NaN,NaN,NaN,transformer,embedding
5334,58685,NaN,NaN,NaN,NaN,NaN,NaN,NaN,transformer,embedding
5335,58696,NaN,NaN,NaN,NaN,NaN,NaN,NaN,transformer,embedding
5336,58707,NaN,NaN,NaN,NaN,NaN,NaN,NaN,transformer,embedding
5337,58718,NaN,NaN,NaN,NaN,NaN,NaN,NaN,transformer,embedding
5338,58729,NaN,NaN,NaN,NaN,NaN,NaN,NaN,transformer,embedding
5339,58740,NaN,NaN,NaN,NaN,NaN,NaN,NaN,transformer,embedding
5340,58751,NaN,NaN,NaN,NaN,NaN,NaN,NaN,transformer,embedding
5341,58762,NaN,NaN,NaN,NaN,NaN,NaN,NaN,transformer,embedding
5342,58773,NaN,NaN,NaN,NaN,NaN,NaN,NaN,transformer,embedding
5343,58784,NaN,NaN,NaN,NaN,NaN,NaN,NaN,transformer,embedding
5344,58795,NaN,NaN,NaN,NaN,NaN,NaN,NaN,transformer,embedding
5345,58806,NaN,NaN,NaN,NaN,NaN,NaN,NaN,transformer,embedding
5346,58817,NaN,NaN,NaN,NaN,NaN,NaN,NaN,transformer,embedding
5347,58828,NaN,NaN,NaN,NaN,NaN,NaN,NaN,transformer,embedding
5348,58839,NaN,NaN,NaN,NaN,NaN,NaN,NaN,transformer,embedding
5349,58850,1.0918875581467091e-08,100.0,1.0,0.001,NaN,NaN,NaN,transformer,embedding
5350,58861,NaN,NaN,NaN,NaN,NaN,NaN,NaN,transformer,embedding
5351,58872,NaN,NaN,NaN,NaN,NaN,NaN,NaN,transformer,embedding
5352,58883,NaN,NaN,NaN,NaN,NaN,NaN,NaN,transformer,embedding
5353,58894,NaN,NaN,NaN,NaN,NaN,NaN,NaN,transformer,embedding
5354,58905,NaN,NaN,NaN,NaN,NaN,NaN,NaN,transformer,embedding
5355,58916,NaN,NaN,NaN,NaN,NaN,NaN,NaN,transformer,embedding
5356,58927,NaN,NaN,NaN,NaN,NaN,NaN,NaN,transformer,embedding
5357,58938,NaN,NaN,NaN,NaN,NaN,NaN,NaN,transformer,embedding
5358,58949,NaN,NaN,NaN,NaN,NaN,NaN,NaN,transformer,embedding
5359,58960,NaN,NaN,NaN,NaN,NaN,NaN,NaN,transformer,embedding
5360,58971,NaN,NaN,NaN,NaN,NaN,NaN,NaN,transformer,embedding
5361,58982,NaN,NaN,NaN,NaN,NaN,NaN,NaN,transformer,embedding
5362,58993,NaN,NaN,NaN,NaN,NaN,NaN,NaN,transformer,embedding
5363,59004,NaN,NaN,NaN,NaN,NaN,NaN,NaN,transformer,embedding
5364,59015,NaN,NaN,NaN,NaN,NaN,NaN,NaN,transformer,embedding
5365,59026,NaN,NaN,NaN,NaN,NaN,NaN,NaN,transformer,embedding
5366,59037,NaN,NaN,NaN,NaN,4.1918483475456014e-06,100.0,1.0000041723251343,transformer,embedding
5367,59048,NaN,NaN,NaN,NaN,NaN,NaN,NaN,transformer,embedding
5368,59059,NaN,NaN,NaN,NaN,NaN,NaN,NaN,transformer,embedding
5369,59070,NaN,NaN,NaN,NaN,NaN,NaN,NaN,transformer,embedding
5370,59081,NaN,NaN,NaN,NaN,NaN,NaN,NaN,transformer,embedding
5371,59092,NaN,NaN,NaN,NaN,NaN,NaN,NaN,transformer,embedding
5372,59103,NaN,NaN,NaN,NaN,NaN,NaN,NaN,transformer,embedding
5373,59114,NaN,NaN,NaN,NaN,NaN,NaN,NaN,transformer,embedding
5374,59125,NaN,NaN,NaN,NaN,NaN,NaN,NaN,transformer,embedding
5375,59136,NaN,NaN,NaN,NaN,NaN,NaN,NaN,transformer,embedding
5376,59147,NaN,NaN,NaN,NaN,NaN,NaN,NaN,transformer,embedding
5377,59158,NaN,NaN,NaN,NaN,NaN,NaN,NaN,transformer,embedding
5378,59169,NaN,NaN,NaN,NaN,NaN,NaN,NaN,transformer,embedding
5379,59180,NaN,NaN,NaN,NaN,NaN,NaN,NaN,transformer,embedding
5380,59191,NaN,NaN,NaN,NaN,NaN,NaN,NaN,transformer,embedding
5381,59202,NaN,NaN,NaN,NaN,NaN,NaN,NaN,transformer,embedding
5382,59213,NaN,NaN,NaN,NaN,NaN,NaN,NaN,transformer,embedding
5383,59224,NaN,NaN,NaN,NaN,NaN,NaN,NaN,transformer,embedding
5384,59235,NaN,NaN,NaN,NaN,NaN,NaN,NaN,transformer,embedding
5385,59246,NaN,NaN,NaN,NaN,NaN,NaN,NaN,transformer,embedding
5386,59257,NaN,NaN,NaN,NaN,NaN,NaN,NaN,transformer,embedding
5387,59268,NaN,NaN,NaN,NaN,NaN,NaN,NaN,transformer,embedding
5388,59279,NaN,NaN,NaN,NaN,NaN,NaN,NaN,transformer,embedding
5389,59290,NaN,NaN,NaN,NaN,NaN,NaN,NaN,transformer,embedding
5390,59301,NaN,NaN,NaN,NaN,NaN,NaN,NaN,transformer,embedding
5391,59312,NaN,NaN,NaN,NaN,NaN,NaN,NaN,transformer,embedding
5392,59323,NaN,NaN,NaN,NaN,NaN,NaN,NaN,transformer,embedding
5393,59334,NaN,NaN,NaN,NaN,NaN,NaN,NaN,transformer,embedding
5394,59345,NaN,NaN,NaN,NaN,NaN,NaN,NaN,transformer,embedding
5395,59356,NaN,NaN,NaN,NaN,NaN,NaN,NaN,transformer,embedding
5396,59367,NaN,NaN,NaN,NaN,NaN,NaN,NaN,transformer,embedding
5397,59378,NaN,NaN,NaN,NaN,NaN,NaN,NaN,transformer,embedding
5398,59389,NaN,NaN,NaN,NaN,NaN,NaN,NaN,transformer,embedding
5399,59400,NaN,NaN,NaN,NaN,NaN,NaN,NaN,transformer,embedding
5400,59411,NaN,NaN,NaN,NaN,NaN,NaN,NaN,transformer,embedding
5401,59422,NaN,NaN,NaN,NaN,NaN,NaN,NaN,transformer,embedding
5402,59433,5.112753598268682e-08,100.0,1.0,0.001,NaN,NaN,NaN,transformer,embedding
5403,59444,NaN,NaN,NaN,NaN,NaN,NaN,NaN,transformer,embedding
5404,59455,NaN,NaN,NaN,NaN,NaN,NaN,NaN,transformer,embedding
5405,59466,NaN,NaN,NaN,NaN,NaN,NaN,NaN,transformer,embedding
5406,59477,NaN,NaN,NaN,NaN,NaN,NaN,NaN,transformer,embedding
5407,59488,NaN,NaN,NaN,NaN,NaN,NaN,NaN,transformer,embedding
5408,59499,NaN,NaN,NaN,NaN,NaN,NaN,NaN,transformer,embedding
5409,59510,NaN,NaN,NaN,NaN,NaN,NaN,NaN,transformer,embedding
5410,59521,NaN,NaN,NaN,NaN,NaN,NaN,NaN,transformer,embedding
5411,59532,NaN,NaN,NaN,NaN,NaN,NaN,NaN,transformer,embedding
5412,59543,NaN,NaN,NaN,NaN,NaN,NaN,NaN,transformer,embedding
5413,59554,NaN,NaN,NaN,NaN,NaN,NaN,NaN,transformer,embedding
5414,59565,NaN,NaN,NaN,NaN,NaN,NaN,NaN,transformer,embedding
5415,59576,NaN,NaN,NaN,NaN,NaN,NaN,NaN,transformer,embedding
5416,59587,NaN,NaN,NaN,NaN,NaN,NaN,NaN,transformer,embedding
5417,59598,NaN,NaN,NaN,NaN,NaN,NaN,NaN,transformer,embedding
5418,59609,NaN,NaN,NaN,NaN,NaN,NaN,NaN,transformer,embedding
5419,59620,NaN,NaN,NaN,NaN,NaN,NaN,NaN,transformer,embedding
5420,59631,NaN,NaN,NaN,NaN,NaN,NaN,NaN,transformer,embedding
5421,59642,NaN,NaN,NaN,NaN,NaN,NaN,NaN,transformer,embedding
5422,59653,NaN,NaN,NaN,NaN,NaN,NaN,NaN,transformer,embedding
5423,59664,NaN,NaN,NaN,NaN,NaN,NaN,NaN,transformer,embedding
5424,59675,NaN,NaN,NaN,NaN,NaN,NaN,NaN,transformer,embedding
5425,59686,NaN,NaN,NaN,NaN,NaN,NaN,NaN,transformer,embedding
5426,59697,NaN,NaN,NaN,NaN,NaN,NaN,NaN,transformer,embedding
5427,59708,NaN,NaN,NaN,NaN,NaN,NaN,NaN,transformer,embedding
5428,59719,NaN,NaN,NaN,NaN,NaN,NaN,NaN,transformer,embedding
5429,59730,NaN,NaN,NaN,NaN,NaN,NaN,NaN,transformer,embedding
5430,59741,NaN,NaN,NaN,NaN,NaN,NaN,NaN,transformer,embedding
5431,59752,NaN,NaN,NaN,NaN,NaN,NaN,NaN,transformer,embedding
5432,59763,NaN,NaN,NaN,NaN,NaN,NaN,NaN,transformer,embedding
5433,59774,NaN,NaN,NaN,NaN,NaN,NaN,NaN,transformer,embedding
5434,59785,NaN,NaN,NaN,NaN,NaN,NaN,NaN,transformer,embedding
5435,59796,NaN,NaN,NaN,NaN,NaN,NaN,NaN,transformer,embedding
5436,59807,NaN,NaN,NaN,NaN,NaN,NaN,NaN,transformer,embedding
5437,59818,NaN,NaN,NaN,NaN,NaN,NaN,NaN,transformer,embedding
5438,59829,NaN,NaN,NaN,NaN,NaN,NaN,NaN,transformer,embedding
5439,59840,NaN,NaN,NaN,NaN,NaN,NaN,NaN,transformer,embedding
5440,59851,NaN,NaN,NaN,NaN,NaN,NaN,NaN,transformer,embedding
5441,59862,NaN,NaN,NaN,NaN,NaN,NaN,NaN,transformer,embedding
5442,59873,NaN,NaN,NaN,NaN,NaN,NaN,NaN,transformer,embedding
5443,59884,NaN,NaN,NaN,NaN,NaN,NaN,NaN,transformer,embedding
5444,59895,NaN,NaN,NaN,NaN,NaN,NaN,NaN,transformer,embedding
5445,59906,NaN,NaN,NaN,NaN,NaN,NaN,NaN,transformer,embedding
5446,59917,NaN,NaN,NaN,NaN,NaN,NaN,NaN,transformer,embedding
5447,59928,NaN,NaN,NaN,NaN,NaN,NaN,NaN,transformer,embedding
5448,59939,NaN,NaN,NaN,NaN,NaN,NaN,NaN,transformer,embedding
5449,59950,NaN,NaN,NaN,NaN,NaN,NaN,NaN,transformer,embedding
5450,59961,NaN,NaN,NaN,NaN,NaN,NaN,NaN,transformer,embedding
5451,59972,NaN,NaN,NaN,NaN,NaN,NaN,NaN,transformer,embedding
5452,59983,NaN,NaN,NaN,NaN,NaN,NaN,NaN,transformer,embedding
5453,59994,NaN,NaN,NaN,NaN,NaN,NaN,NaN,transformer,embedding
5454,60005,NaN,NaN,NaN,NaN,NaN,NaN,NaN,transformer,embedding
5455,60016,NaN,NaN,NaN,NaN,NaN,NaN,NaN,transformer,embedding
5456,60027,6.231132232414893e-08,100.0,1.0000001192092896,0.001,NaN,NaN,NaN,transformer,embedding
5457,60038,NaN,NaN,NaN,NaN,NaN,NaN,NaN,transformer,embedding
5458,60049,NaN,NaN,NaN,NaN,NaN,NaN,NaN,transformer,embedding
5459,60060,NaN,NaN,NaN,NaN,NaN,NaN,NaN,transformer,embedding
5460,60071,NaN,NaN,NaN,NaN,NaN,NaN,NaN,transformer,embedding
5461,60082,NaN,NaN,NaN,NaN,NaN,NaN,NaN,transformer,embedding
5462,60093,NaN,NaN,NaN,NaN,NaN,NaN,NaN,transformer,embedding
5463,60104,NaN,NaN,NaN,NaN,NaN,NaN,NaN,transformer,embedding
5464,60115,NaN,NaN,NaN,NaN,NaN,NaN,NaN,transformer,embedding
5465,60126,NaN,NaN,NaN,NaN,NaN,NaN,NaN,transformer,embedding
5466,60137,NaN,NaN,NaN,NaN,NaN,NaN,NaN,transformer,embedding
5467,60148,NaN,NaN,NaN,NaN,NaN,NaN,NaN,transformer,embedding
5468,60159,NaN,NaN,NaN,NaN,NaN,NaN,NaN,transformer,embedding
5469,60170,NaN,NaN,NaN,NaN,NaN,NaN,NaN,transformer,embedding
5470,60181,NaN,NaN,NaN,NaN,NaN,NaN,NaN,transformer,embedding
5471,60192,NaN,NaN,NaN,NaN,NaN,NaN,NaN,transformer,embedding
5472,60203,NaN,NaN,NaN,NaN,NaN,NaN,NaN,transformer,embedding
5473,60214,NaN,NaN,NaN,NaN,7.615992103637836e-08,100.0,1.0000001192092896,transformer,embedding
5474,60225,NaN,NaN,NaN,NaN,NaN,NaN,NaN,transformer,embedding
5475,60236,NaN,NaN,NaN,NaN,NaN,NaN,NaN,transformer,embedding
5476,60247,NaN,NaN,NaN,NaN,NaN,NaN,NaN,transformer,embedding
5477,60258,NaN,NaN,NaN,NaN,NaN,NaN,NaN,transformer,embedding
5478,60269,NaN,NaN,NaN,NaN,NaN,NaN,NaN,transformer,embedding
5479,60280,NaN,NaN,NaN,NaN,NaN,NaN,NaN,transformer,embedding
5480,60291,NaN,NaN,NaN,NaN,NaN,NaN,NaN,transformer,embedding
5481,60302,NaN,NaN,NaN,NaN,NaN,NaN,NaN,transformer,embedding
5482,60313,NaN,NaN,NaN,NaN,NaN,NaN,NaN,transformer,embedding
5483,60324,NaN,NaN,NaN,NaN,NaN,NaN,NaN,transformer,embedding
5484,60335,NaN,NaN,NaN,NaN,NaN,NaN,NaN,transformer,embedding
5485,60346,NaN,NaN,NaN,NaN,NaN,NaN,NaN,transformer,embedding
5486,60357,NaN,NaN,NaN,NaN,NaN,NaN,NaN,transformer,embedding
5487,60368,NaN,NaN,NaN,NaN,NaN,NaN,NaN,transformer,embedding
5488,60379,NaN,NaN,NaN,NaN,NaN,NaN,NaN,transformer,embedding
5489,60390,NaN,NaN,NaN,NaN,NaN,NaN,NaN,transformer,embedding
5490,60401,NaN,NaN,NaN,NaN,NaN,NaN,NaN,transformer,embedding
5491,60412,NaN,NaN,NaN,NaN,NaN,NaN,NaN,transformer,embedding
5492,60423,NaN,NaN,NaN,NaN,NaN,NaN,NaN,transformer,embedding
5493,60434,NaN,NaN,NaN,NaN,NaN,NaN,NaN,transformer,embedding
5494,60445,NaN,NaN,NaN,NaN,NaN,NaN,NaN,transformer,embedding
5495,60456,NaN,NaN,NaN,NaN,NaN,NaN,NaN,transformer,embedding
5496,60467,NaN,NaN,NaN,NaN,NaN,NaN,NaN,transformer,embedding
5497,60478,NaN,NaN,NaN,NaN,NaN,NaN,NaN,transformer,embedding
5498,60489,NaN,NaN,NaN,NaN,NaN,NaN,NaN,transformer,embedding
5499,60500,NaN,NaN,NaN,NaN,NaN,NaN,NaN,transformer,embedding
5500,60511,NaN,NaN,NaN,NaN,NaN,NaN,NaN,transformer,embedding
5501,60522,NaN,NaN,NaN,NaN,NaN,NaN,NaN,transformer,embedding
5502,60533,NaN,NaN,NaN,NaN,NaN,NaN,NaN,transformer,embedding
5503,60544,NaN,NaN,NaN,NaN,NaN,NaN,NaN,transformer,embedding
5504,60555,NaN,NaN,NaN,NaN,NaN,NaN,NaN,transformer,embedding
5505,60566,NaN,NaN,NaN,NaN,NaN,NaN,NaN,transformer,embedding
5506,60577,NaN,NaN,NaN,NaN,NaN,NaN,NaN,transformer,embedding
5507,60588,NaN,NaN,NaN,NaN,NaN,NaN,NaN,transformer,embedding
5508,60599,NaN,NaN,NaN,NaN,NaN,NaN,NaN,transformer,embedding
5509,60610,NaN,NaN,NaN,NaN,NaN,NaN,NaN,transformer,embedding
5510,60621,4.21206109990635e-08,100.0,1.0,0.001,NaN,NaN,NaN,transformer,embedding
5511,60632,NaN,NaN,NaN,NaN,NaN,NaN,NaN,transformer,embedding
5512,60643,NaN,NaN,NaN,NaN,NaN,NaN,NaN,transformer,embedding
5513,60654,NaN,NaN,NaN,NaN,NaN,NaN,NaN,transformer,embedding
5514,60665,NaN,NaN,NaN,NaN,NaN,NaN,NaN,transformer,embedding
5515,60676,NaN,NaN,NaN,NaN,NaN,NaN,NaN,transformer,embedding
5516,60687,NaN,NaN,NaN,NaN,NaN,NaN,NaN,transformer,embedding
5517,60698,NaN,NaN,NaN,NaN,NaN,NaN,NaN,transformer,embedding
