epoch,global_step,train_loss,train_accuracy,train_perplexity,learning_rate,val_loss,val_accuracy,val_perplexity,model_type,encoding
0,13,5.351077079772949,1.1995141506195068,210.83526611328125,0.001,5.060471534729004,0.6730428338050842,157.6648406982422,mlp,embedding
1,26,4.846865177154541,1.0021257400512695,127.340576171875,0.001,4.733757019042969,0.7084661722183228,113.72201538085938,mlp,embedding
2,39,4.645695686340332,0.8199210166931152,104.13578796386719,0.001,4.661062717437744,0.602196216583252,105.74840545654297,mlp,embedding
3,52,4.604241371154785,1.0173094272613525,99.90716552734375,0.001,4.684887409210205,0.9210060238838196,108.29808044433594,mlp,embedding
4,65,4.594716548919678,1.2602490186691284,98.9600830078125,0.001,4.68501091003418,0.3542330861091614,108.31145477294922,mlp,embedding
5,78,4.582955837249756,1.1539629697799683,97.80305480957031,0.001,4.704246997833252,0.3542330861091614,110.41510772705078,mlp,embedding
6,91,4.578775882720947,1.0932281017303467,97.39509582519531,0.001,4.709115028381348,0.31880977749824524,110.95392608642578,mlp,embedding
7,104,4.569713115692139,1.4120862483978271,96.51641845703125,0.001,4.720836162567139,0.3896563947200775,112.2620849609375,mlp,embedding
8,117,4.56177282333374,1.3361676931381226,95.75308227539062,0.001,4.737592697143555,0.3542330861091614,114.1590576171875,mlp,embedding
9,130,4.560241222381592,1.7157607078552246,95.60653686523438,0.001,4.761963844299316,0.4959263205528259,116.97542572021484,mlp,embedding
10,143,4.556976318359375,1.5183722972869873,95.2948989868164,0.001,4.775383472442627,0.1771165430545807,118.55577087402344,mlp,embedding
11,156,4.550549030303955,1.5942909717559814,94.68437957763672,0.001,4.780336856842041,0.07084661722183228,119.14447784423828,mlp,embedding
12,169,4.539634704589844,1.4728211164474487,93.65657806396484,0.001,4.794931888580322,0.14169323444366455,120.89614868164062,mlp,embedding
13,182,4.533407688140869,1.8675979375839233,93.0751953125,0.001,4.816876411437988,0.03542330861091614,123.57847595214844,mlp,embedding
14,195,4.526546001434326,1.7916793823242188,92.43872833251953,0.001,4.820466041564941,0.03542330861091614,124.02288055419922,mlp,embedding
15,208,4.5180487632751465,1.9587002992630005,91.65657806396484,0.001,4.851694583892822,0.10626992583274841,127.95703887939453,mlp,embedding
16,221,4.498723983764648,2.1409049034118652,89.90234375,0.001,4.875954627990723,0.07084661722183228,131.0992431640625,mlp,embedding
17,234,4.492527961730957,1.8524142503738403,89.3470230102539,0.001,4.895989894866943,0.07084661722183228,133.75233459472656,mlp,embedding
18,247,4.48349666595459,2.2016398906707764,88.54373931884766,0.001,4.913753509521484,0.03542330861091614,136.1494903564453,mlp,embedding
19,260,4.462921619415283,2.566049098968506,86.74056243896484,0.001,4.941218376159668,0.03542330861091614,139.94064331054688,mlp,embedding
20,273,4.445075988769531,2.550865411758423,85.20635223388672,0.001,4.976874828338623,0.03542330861091614,145.0204620361328,mlp,embedding
21,286,4.429773330688477,2.9304585456848145,83.91239166259766,0.001,5.019726753234863,0.03542330861091614,151.36993408203125,mlp,embedding
22,299,4.410278797149658,2.9608259201049805,82.29240417480469,0.001,5.040139198303223,0.07084661722183228,154.49151611328125,mlp,embedding
23,312,4.3886847496032715,3.5833585262298584,80.534423828125,0.001,5.083125114440918,0.0,161.27728271484375,mlp,embedding
24,325,4.3671746253967285,3.5378074645996094,78.82061767578125,0.001,5.122514724731445,0.0,167.75669860839844,mlp,embedding
25,338,4.347497940063477,3.85666561126709,77.28485107421875,0.001,5.161471843719482,0.0,174.42098999023438,mlp,embedding
26,351,4.323434829711914,3.96295166015625,75.44733428955078,0.001,5.189051628112793,0.0,179.29843139648438,mlp,embedding
27,364,4.273378849029541,4.798056602478027,71.76370239257812,0.001,5.232555389404297,0.0,187.27073669433594,mlp,embedding
28,377,4.239892959594727,5.49650764465332,69.40042114257812,0.001,5.264138221740723,0.0,193.27967834472656,mlp,embedding
29,390,4.19710111618042,6.103856563568115,66.49329376220703,0.001,5.34250545501709,0.0,209.03578186035156,mlp,embedding
30,403,4.147260665893555,6.210142612457275,63.26047134399414,0.001,5.347412109375,0.0,210.06396484375,mlp,embedding
31,416,4.104455947875977,7.440024375915527,60.60976028442383,0.001,5.403816223144531,0.03542330861091614,222.25296020507812,mlp,embedding
32,429,4.0411810874938965,8.153658866882324,56.89350128173828,0.001,5.52056884765625,0.03542330861091614,249.77708435058594,mlp,embedding
33,442,3.965973138809204,9.04949951171875,52.77159881591797,0.001,5.4995245933532715,0.0,244.5756378173828,mlp,embedding
34,455,3.906839370727539,9.945338249206543,49.74148941040039,0.001,5.524622440338135,0.07084661722183228,250.7916259765625,mlp,embedding
35,468,3.833073139190674,11.46371078491211,46.20431137084961,0.001,5.621214389801025,0.07084661722183228,276.224609375,mlp,embedding
36,481,3.740442991256714,12.78469467163086,42.116641998291016,0.001,5.632287502288818,0.14169323444366455,279.30029296875,mlp,embedding
37,494,3.6536121368408203,14.075311660766602,38.6138916015625,0.001,5.687294006347656,0.07084661722183228,295.0940246582031,mlp,embedding
38,507,3.587172031402588,14.880048751831055,36.131752014160156,0.001,5.68949031829834,0.10626992583274841,295.74285888671875,mlp,embedding
39,520,3.4919795989990234,16.170665740966797,32.850914001464844,0.001,5.6963582038879395,0.07084661722183228,297.7809753417969,mlp,embedding
40,533,3.371140718460083,18.903736114501953,29.111717224121094,0.001,5.743824481964111,0.1771165430545807,312.25634765625,mlp,embedding
41,546,3.262531042098999,21.090190887451172,26.11555290222168,0.001,5.753518104553223,0.14169323444366455,315.2979736328125,mlp,embedding
42,559,3.1654789447784424,22.47191047668457,23.700092315673828,0.001,5.753133296966553,0.21253985166549683,315.1766662597656,mlp,embedding
43,572,3.0542423725128174,25.265714645385742,21.205114364624023,0.001,5.8122334480285645,0.1771165430545807,334.3650817871094,mlp,embedding
44,585,2.938063621520996,26.829639434814453,18.879253387451172,0.001,5.761576175689697,0.14169323444366455,317.8489074707031,mlp,embedding
45,598,2.814242124557495,30.17005729675293,16.68052864074707,0.001,5.7472405433654785,0.21253985166549683,313.3248596191406,mlp,embedding
46,611,2.6845688819885254,33.03977966308594,14.651883125305176,0.001,5.750161170959473,0.3542330861091614,314.2413024902344,mlp,embedding
47,624,2.5668656826019287,35.97024154663086,13.024935722351074,0.001,5.756137847900391,0.2833864688873291,316.12506103515625,mlp,embedding
48,637,2.4227046966552734,39.826904296875,11.276317596435547,0.001,5.730353355407715,0.31880977749824524,308.078125,mlp,embedding
49,650,2.304561138153076,41.785606384277344,10.019780158996582,0.001,5.751091003417969,0.42507970333099365,314.53363037109375,mlp,embedding
50,663,2.192168951034546,45.353782653808594,8.954614639282227,0.001,5.738316059112549,0.4959263205528259,310.5410461425781,mlp,embedding
51,676,2.0681045055389404,47.661705017089844,7.909815788269043,0.001,5.7197699546813965,0.5667729377746582,304.83477783203125,mlp,embedding
52,689,1.933943271636963,52.080169677734375,6.916730880737305,0.001,5.67086124420166,0.7084661722183228,290.284423828125,mlp,embedding
53,702,1.8287286758422852,54.03887176513672,6.225966453552246,0.001,5.706124782562256,0.6730428338050842,300.7035217285156,mlp,embedding
54,715,1.6981779336929321,58.36623001098633,5.463982582092285,0.001,5.663422584533691,1.0981225967407227,288.13311767578125,mlp,embedding
55,728,1.6081031560897827,61.17522048950195,4.993330478668213,0.001,5.74478006362915,0.9210060238838196,312.55487060546875,mlp,embedding
56,741,1.510384440422058,63.2098388671875,4.52847146987915,0.001,5.668994903564453,0.9210060238838196,289.7431640625,mlp,embedding
57,754,1.408601999282837,66.35286712646484,4.090233325958252,0.001,5.630814552307129,1.275239109992981,278.8891906738281,mlp,embedding
58,767,1.3173445463180542,68.67597961425781,3.7334940433502197,0.001,5.6368818283081055,1.487778902053833,280.58642578125,mlp,embedding
59,780,1.2310611009597778,71.30276489257812,3.4248616695404053,0.001,5.668705463409424,1.5232023000717163,289.6593322753906,mlp,embedding
60,793,1.1296603679656982,74.46097564697266,3.0946052074432373,0.001,5.6747589111328125,1.7357420921325684,291.4180603027344,mlp,embedding
61,806,1.0664981603622437,75.17461395263672,2.9051880836486816,0.001,5.624294757843018,2.1253983974456787,277.0768127441406,mlp,embedding
62,819,0.958893358707428,79.259033203125,2.6088078022003174,0.001,5.611105918884277,2.1962451934814453,273.44647216796875,mlp,embedding
63,832,0.8905422687530518,81.308837890625,2.436450481414795,0.001,5.589609146118164,2.0191285610198975,267.6309814453125,mlp,embedding
64,845,0.8234742879867554,83.23716735839844,2.2784018516540527,0.001,5.535697937011719,2.4796316623687744,253.584716796875,mlp,embedding
65,858,0.7324137091636658,86.38020324707031,2.0800952911376953,0.001,5.563637733459473,2.692171335220337,260.76971435546875,mlp,embedding
66,871,0.6721615195274353,88.93106842041016,1.9584660530090332,0.001,5.505520343780518,3.4714841842651367,246.04644775390625,mlp,embedding
67,884,0.6118825078010559,89.826904296875,1.8438992500305176,0.001,5.497949123382568,3.6840240955352783,244.19061279296875,mlp,embedding
68,897,0.5465744137763977,91.95262908935547,1.7273257970809937,0.001,5.522704601287842,3.6840240955352783,250.3111114501953,mlp,embedding
69,910,0.4812561571598053,93.8961410522461,1.6181057691574097,0.001,5.514567852020264,3.861140489578247,248.28265380859375,mlp,embedding
70,923,0.42240822315216064,95.38414764404297,1.5256311893463135,0.001,5.5234293937683105,4.569606781005859,250.4925994873047,mlp,embedding
71,936,0.3766132593154907,96.35590362548828,1.4573405981063843,0.001,5.515571117401123,4.640453338623047,248.53187561035156,mlp,embedding
72,949,0.3460715115070343,96.9632568359375,1.413503646850586,0.001,5.477829933166504,5.455189228057861,239.3267822265625,mlp,embedding
73,962,0.30829745531082153,97.46431732177734,1.3611057996749878,0.001,5.500552654266357,5.526036262512207,244.8271942138672,mlp,embedding
74,975,0.28168854117393494,97.87428283691406,1.3253659009933472,0.001,5.565150737762451,6.092809200286865,261.1645812988281,mlp,embedding
75,988,0.24235647916793823,98.54236602783203,1.2742483615875244,0.001,5.558348178863525,6.411618709564209,259.3940124511719,mlp,embedding
76,1001,0.20392544567584991,99.1800765991211,1.2262067794799805,0.001,5.451666831970215,6.801275253295898,233.14645385742188,mlp,embedding
77,1014,0.1719474494457245,99.69632720947266,1.1876153945922852,0.001,5.445907115936279,6.695005416870117,231.80746459960938,mlp,embedding
78,1027,0.14261053502559662,99.84815979003906,1.15328049659729,0.001,5.478337287902832,7.332624912261963,239.4482421875,mlp,embedding
79,1040,0.12787926197052002,99.81779479980469,1.1364158391952515,0.001,5.455609321594238,8.182784080505371,234.06744384765625,mlp,embedding
80,1053,0.10777048766613007,99.93926239013672,1.113792061805725,0.001,5.562636852264404,7.580587863922119,260.50885009765625,mlp,embedding
81,1066,0.09711939096450806,99.9544448852539,1.101991891860962,0.001,5.516538143157959,8.607863426208496,248.77232360839844,mlp,embedding
82,1079,0.08179576694965363,100.0,1.0852341651916504,0.001,5.513462066650391,8.572440147399902,248.00827026367188,mlp,embedding
83,1092,0.07267586886882782,100.0,1.075381875038147,0.001,5.524223327636719,8.96209716796875,250.69155883789062,mlp,embedding
84,1105,0.06423240900039673,100.0,1.0663402080535889,0.001,5.558178424835205,9.812256813049316,259.3499755859375,mlp,embedding
85,1118,0.05854949355125427,99.98481750488281,1.0602974891662598,0.001,5.490896224975586,10.060219764709473,242.47442626953125,mlp,embedding
86,1131,0.050404876470565796,99.98481750488281,1.05169677734375,0.001,5.5617194175720215,10.343605995178223,260.26995849609375,mlp,embedding
87,1144,0.0434274822473526,100.0,1.044384241104126,0.001,5.560502529144287,11.052072525024414,259.95343017578125,mlp,embedding
88,1157,0.034548319876194,100.0,1.0351520776748657,0.001,5.483766555786133,11.86680793762207,240.75180053710938,mlp,embedding
89,1170,0.02867109887301922,100.0,1.0290861129760742,0.001,5.4893951416015625,11.902231216430664,242.1107177734375,mlp,embedding
90,1183,0.02460695058107376,100.0,1.0249122381210327,0.001,5.513766288757324,12.433581352233887,248.08372497558594,mlp,embedding
91,1196,0.02185681089758873,100.0,1.0220974683761597,0.001,5.547598361968994,12.539851188659668,256.6205139160156,mlp,embedding
92,1209,0.019360870122909546,100.0,1.0195494890213013,0.001,5.530673980712891,12.894083976745605,252.31390380859375,mlp,embedding
93,1222,0.016734424978494644,100.0,1.0168752670288086,0.001,5.512834072113037,13.425434112548828,247.85256958007812,mlp,embedding
94,1235,0.01444083359092474,100.0,1.0145455598831177,0.001,5.498721599578857,13.81509017944336,244.3793182373047,mlp,embedding
95,1248,0.012855463661253452,100.0,1.0129384994506836,0.001,5.574522495269775,14.240169525146484,263.6236572265625,mlp,embedding
96,1261,0.011176669970154762,100.0,1.0112394094467163,0.001,5.5409722328186035,14.20474624633789,254.92572021484375,mlp,embedding
97,1274,0.00944669172167778,100.0,1.0094914436340332,0.001,5.50875186920166,14.877789497375488,246.8428497314453,mlp,embedding
98,1287,0.008677692152559757,100.0,1.0087155103683472,0.001,5.536520957946777,15.26744556427002,253.7935028076172,mlp,embedding
99,1300,0.0073376186192035675,100.0,1.0073646306991577,0.001,5.549055576324463,15.905065536499023,256.9947204589844,mlp,embedding
100,1313,0.006167329847812653,100.0,1.0061863660812378,0.001,5.525252819061279,15.798795700073242,250.94976806640625,mlp,embedding
101,1326,0.0053694890812039375,100.0,1.0053839683532715,0.001,5.535390377044678,16.188451766967773,253.50672912597656,mlp,embedding
102,1339,0.004663909785449505,100.0,1.0046747922897339,0.001,5.538907051086426,17.00318717956543,254.39979553222656,mlp,embedding
103,1352,0.004200328141450882,100.0,1.0042091608047485,0.001,5.511745452880859,17.286575317382812,247.58290100097656,mlp,embedding
104,1365,0.003625701880082488,100.0,1.0036323070526123,0.001,5.49224853515625,18.243003845214844,242.80255126953125,mlp,embedding
105,1378,0.0030457759276032448,100.0,1.003050446510315,0.001,5.533681869506836,18.420120239257812,253.07398986816406,mlp,embedding
106,1391,0.0027415603399276733,100.0,1.002745270729065,0.001,5.513887882232666,17.9241943359375,248.1138916015625,mlp,embedding
107,1404,0.002350237686187029,100.0,1.0023529529571533,0.001,5.554754257202148,18.172157287597656,258.46343994140625,mlp,embedding
108,1417,0.0020333093125373125,100.0,1.00203537940979,0.001,5.484009742736816,18.703506469726562,240.81036376953125,mlp,embedding
109,1430,0.0018265651306137443,100.0,1.0018281936645508,0.001,5.510862350463867,19.411972045898438,247.36434936523438,mlp,embedding
110,1443,0.001602320233359933,100.0,1.001603603363037,0.001,5.494714736938477,20.15586280822754,243.40208435058594,mlp,embedding
111,1456,0.0014899939997121692,100.0,1.0014910697937012,0.001,5.4732866287231445,19.44739532470703,238.24191284179688,mlp,embedding
112,1469,0.0016117431223392487,100.0,1.0016130208969116,0.001,5.536838054656982,20.474672317504883,253.87399291992188,mlp,embedding
113,1482,0.0018035277025774121,100.0,1.0018051862716675,0.001,5.575791835784912,20.65178871154785,263.95849609375,mlp,embedding
114,1495,1.332022786140442,76.48041534423828,3.7886993885040283,0.001,6.9129319190979,13.53170394897461,1005.1900634765625,mlp,embedding
115,1508,0.5618311762809753,83.02459716796875,1.7538812160491943,0.001,5.138760566711426,19.69536018371582,170.50430297851562,mlp,embedding
116,1521,0.09793504327535629,97.19100952148438,1.1028910875320435,0.001,5.140627384185791,20.191286087036133,170.82290649414062,mlp,embedding
117,1534,0.028111226856708527,99.605224609375,1.0285100936889648,0.001,4.927375793457031,21.39567756652832,138.016845703125,mlp,embedding
118,1547,0.011468158103525639,100.0,1.0115342140197754,0.001,4.765169143676758,21.962451934814453,117.35096740722656,mlp,embedding
119,1560,0.00587037205696106,100.0,1.0058876276016235,0.001,4.794510364532471,23.34395980834961,120.84519958496094,mlp,embedding
120,1573,0.004450629465281963,100.0,1.0044605731964111,0.001,4.72869873046875,23.379383087158203,113.14823150634766,mlp,embedding
121,1586,0.003662057453766465,100.0,1.0036687850952148,0.001,4.73077917098999,23.485652923583984,113.38387298583984,mlp,embedding
122,1599,0.003245747182518244,100.0,1.003251075744629,0.001,4.729904651641846,23.202266693115234,113.28475952148438,mlp,embedding
123,1612,0.0029826383106410503,100.0,1.0029871463775635,0.001,4.735661506652832,23.45022964477539,113.93880462646484,mlp,embedding
124,1625,0.0027566554490476847,100.0,1.002760410308838,0.001,4.734334468841553,23.485652923583984,113.78770446777344,mlp,embedding
125,1638,0.00255873566493392,100.0,1.0025620460510254,0.001,4.737475395202637,23.34395980834961,114.14566802978516,mlp,embedding
126,1651,0.0023839776404201984,100.0,1.0023868083953857,0.001,4.74284029006958,23.591922760009766,114.75968933105469,mlp,embedding
127,1664,0.0022218285594135523,100.0,1.002224326133728,0.001,4.743196487426758,23.662769317626953,114.80057525634766,mlp,embedding
128,1677,0.002074688905850053,100.0,1.0020768642425537,0.001,4.753476142883301,23.308536529541016,115.98677062988281,mlp,embedding
129,1690,0.0019401777535676956,100.0,1.0019420385360718,0.001,4.7525715827941895,23.237689971923828,115.88190460205078,mlp,embedding
130,1703,0.0018161386251449585,100.0,1.0018178224563599,0.001,4.7570953369140625,23.379383087158203,116.40731048583984,mlp,embedding
131,1716,0.001699744607321918,100.0,1.0017012357711792,0.001,4.7659783363342285,23.16684341430664,117.44596099853516,mlp,embedding
132,1729,0.001592113054357469,100.0,1.0015933513641357,0.001,4.764616966247559,23.485652923583984,117.28618621826172,mlp,embedding
133,1742,0.0014931507175788283,100.0,1.001494288444519,0.001,4.770967960357666,23.485652923583984,118.03343963623047,mlp,embedding
134,1755,0.0014029138255864382,100.0,1.0014039278030396,0.001,4.7778496742248535,23.485652923583984,118.8485107421875,mlp,embedding
135,1768,0.0013200645335018635,100.0,1.0013209581375122,0.001,4.780793190002441,23.591922760009766,119.19886016845703,mlp,embedding
136,1781,0.0012408889597281814,100.0,1.001241683959961,0.001,4.776970863342285,23.698192596435547,118.74411010742188,mlp,embedding
137,1794,0.0011728787794709206,100.0,1.0011736154556274,0.001,4.783768653869629,23.662769317626953,119.55406188964844,mlp,embedding
138,1807,0.0011065914295613766,100.0,1.0011072158813477,0.001,4.7845964431762695,23.485652923583984,119.65306854248047,mlp,embedding
139,1820,0.0010491111315786839,100.0,1.0010496377944946,0.001,4.791167259216309,23.485652923583984,120.4418716430664,mlp,embedding
140,1833,0.0009870895883068442,100.0,1.0009875297546387,0.001,4.789376735687256,24.052425384521484,120.22640991210938,mlp,embedding
141,1846,0.0009374223882332444,100.0,1.000937819480896,0.001,4.790323257446289,23.662769317626953,120.34026336669922,mlp,embedding
142,1859,0.0008882438414730132,100.0,1.0008885860443115,0.001,4.784088611602783,23.946155548095703,119.59231567382812,mlp,embedding
143,1872,0.0008453513728454709,100.0,1.0008456707000732,0.001,4.784422397613525,23.804462432861328,119.63224029541016,mlp,embedding
144,1885,0.000805178948212415,100.0,1.0008054971694946,0.001,4.786664009094238,24.194120407104492,119.90071105957031,mlp,embedding
145,1898,0.0007621870026923716,100.0,1.0007624626159668,0.001,4.778066635131836,24.087848663330078,118.87429809570312,mlp,embedding
146,1911,0.0007224214496091008,100.0,1.0007226467132568,0.001,4.782425880432129,24.229543685913086,119.39363098144531,mlp,embedding
147,1924,0.0006817968678660691,100.0,1.00068199634552,0.001,4.78841495513916,24.194120407104492,120.11083984375,mlp,embedding
148,1937,0.0006374770309776068,100.0,1.0006376504898071,0.001,4.759451389312744,24.406660079956055,116.68189239501953,mlp,embedding
149,1950,0.0005971190985292196,100.0,1.0005972385406494,0.001,4.780724048614502,24.512929916381836,119.19062042236328,mlp,embedding
150,1963,0.0005627660430036485,100.0,1.0005629062652588,0.001,4.754395961761475,24.7254695892334,116.093505859375,mlp,embedding
151,1976,0.0005248728557489812,100.0,1.0005249977111816,0.001,4.755935192108154,24.690046310424805,116.2723388671875,mlp,embedding
152,1989,0.00048470793990418315,100.0,1.000484824180603,0.001,4.74169397354126,25.150548934936523,114.62821197509766,mlp,embedding
153,2002,0.00044951241579838097,100.0,1.0004496574401855,0.001,4.762174129486084,25.363088607788086,117.0000228881836,mlp,embedding
154,2015,0.00041967013385146856,100.0,1.0004197359085083,0.001,4.738254547119141,25.433935165405273,114.23463439941406,mlp,embedding
155,2028,0.0003823833540081978,100.0,1.000382423400879,0.001,4.72063684463501,26.24867057800293,112.23970794677734,mlp,embedding
156,2041,0.0003440733707975596,100.0,1.000344157218933,0.001,4.717751502990723,26.319517135620117,111.91632843017578,mlp,embedding
157,2054,0.00032326599466614425,100.0,1.0003232955932617,0.001,4.716500282287598,26.638328552246094,111.77638244628906,mlp,embedding
158,2067,0.00029001827351748943,100.0,1.000290036201477,0.001,4.710147380828857,26.815444946289062,111.06852722167969,mlp,embedding
159,2080,0.00026004770188592374,100.0,1.0002601146697998,0.001,4.697843551635742,27.523910522460938,109.71033477783203,mlp,embedding
160,2093,0.0002295310696354136,100.0,1.0002295970916748,0.001,4.709550857543945,27.240524291992188,111.0022964477539,mlp,embedding
161,2106,0.0002036217920249328,100.0,1.0002036094665527,0.001,4.680785655975342,28.055259704589844,107.85477447509766,mlp,embedding
162,2119,0.0001797920122044161,100.0,1.0001797676086426,0.001,4.701648235321045,28.30322265625,110.1285400390625,mlp,embedding
163,2132,0.00016282149590551853,100.0,1.0001628398895264,0.001,4.66225004196167,29.082536697387695,105.87403869628906,mlp,embedding
164,2145,0.0001443353103240952,100.0,1.000144362449646,0.001,4.641308784484863,29.11795997619629,103.6799545288086,mlp,embedding
165,2158,0.00012922065798193216,100.0,1.000129222869873,0.001,4.660367488861084,29.861848831176758,105.67491149902344,mlp,embedding
166,2171,0.00011580569116631523,100.0,1.0001158714294434,0.001,4.642577648162842,29.932695388793945,103.81159210205078,mlp,embedding
167,2184,9.636357572162524e-05,100.0,1.000096321105957,0.001,4.644289016723633,30.1806583404541,103.9894027709961,mlp,embedding
168,2197,8.542813156964257e-05,100.0,1.000085473060608,0.001,4.605752944946289,30.605737686157227,100.05829620361328,mlp,embedding
169,2210,7.350223313551396e-05,100.0,1.0000735521316528,0.001,4.5949225425720215,31.491321563720703,98.98046875,mlp,embedding
170,2223,6.393935473170131e-05,100.0,1.0000638961791992,0.001,4.579728603363037,31.668437957763672,97.48793029785156,mlp,embedding
171,2236,5.5262942623812705e-05,100.0,1.0000553131103516,0.001,4.544694900512695,31.810131072998047,94.13170623779297,mlp,embedding
172,2249,4.779471782967448e-05,100.0,1.0000478029251099,0.001,4.574551105499268,32.554019927978516,96.9844970703125,mlp,embedding
173,2262,4.225714656058699e-05,100.0,1.000042200088501,0.001,4.524744510650635,32.76655960083008,92.27234649658203,mlp,embedding
174,2275,3.679478686535731e-05,100.0,1.0000368356704712,0.001,4.533816337585449,33.404178619384766,93.11323547363281,mlp,embedding
175,2288,3.362961797392927e-05,100.0,1.0000336170196533,0.001,4.505036354064941,33.297908782958984,90.47163391113281,mlp,embedding
176,2301,2.9096889193169773e-05,100.0,1.0000290870666504,0.001,4.502040386199951,34.04179763793945,90.20098876953125,mlp,embedding
177,2314,2.5953348085749894e-05,100.0,1.000025987625122,0.001,4.519633769989014,34.04179763793945,91.80197143554688,mlp,embedding
178,2327,2.318545193702448e-05,100.0,1.0000231266021729,0.001,4.461249351501465,35.2816162109375,86.59562683105469,mlp,embedding
179,2340,2.020191641349811e-05,100.0,1.000020146369934,0.001,4.470595836639404,35.2816162109375,87.4087905883789,mlp,embedding
180,2353,1.7765596567187458e-05,100.0,1.000017762184143,0.001,4.432544708251953,35.45873260498047,84.14527130126953,mlp,embedding
181,2366,1.643628638703376e-05,100.0,1.000016450881958,0.001,4.46794319152832,35.74211883544922,87.17723083496094,mlp,embedding
182,2379,1.3212244994065259e-05,100.0,1.0000132322311401,0.001,4.395287990570068,37.19447326660156,81.0679702758789,mlp,embedding
183,2392,1.0671368727344088e-05,100.0,1.0000107288360596,0.001,4.376105308532715,36.91108703613281,79.52769470214844,mlp,embedding
184,2405,8.92578736966243e-06,100.0,1.0000089406967163,0.001,4.38581657409668,37.513282775878906,80.30377197265625,mlp,embedding
185,2418,7.68609061196912e-06,100.0,1.0000076293945312,0.001,4.3336663246154785,38.00920867919922,76.22323608398438,mlp,embedding
186,2431,6.672697509202408e-06,100.0,1.0000066757202148,0.001,4.323220252990723,37.90293884277344,75.43114471435547,mlp,embedding
187,2444,5.753408458986087e-06,100.0,1.0000057220458984,0.001,4.315710067749023,38.85936737060547,74.86676788330078,mlp,embedding
188,2457,4.990791239833925e-06,100.0,1.0000050067901611,0.001,4.311763286590576,38.39886474609375,74.57186126708984,mlp,embedding
189,2470,4.494209861150011e-06,100.0,1.000004529953003,0.001,4.2802605628967285,39.107330322265625,72.25926208496094,mlp,embedding
190,2483,3.85914290745859e-06,100.0,1.0000038146972656,0.001,4.258502006530762,39.46156692504883,70.70398712158203,mlp,embedding
191,2496,3.388697905393201e-06,100.0,1.0000033378601074,0.001,4.2635817527771,39.6032600402832,71.0640640258789,mlp,embedding
192,2509,3.0490991775877774e-06,100.0,1.0000030994415283,0.001,4.221587181091309,40.06376266479492,68.14154815673828,mlp,embedding
193,2522,2.7527960355655523e-06,100.0,1.0000027418136597,0.001,4.230149269104004,40.843074798583984,68.72749328613281,mlp,embedding
194,2535,2.498504045433947e-06,100.0,1.0000025033950806,0.001,4.178947448730469,41.02019119262695,65.29708862304688,mlp,embedding
195,2548,2.113962182193063e-06,100.0,1.000002145767212,0.001,4.1973347663879395,41.3390007019043,66.50883483886719,mlp,embedding
196,2561,1.9290125692350557e-06,100.0,1.0000019073486328,0.001,4.180542469024658,41.76408004760742,65.40132141113281,mlp,embedding
197,2574,1.7044231981344637e-06,100.0,1.0000016689300537,0.001,4.163491725921631,42.366275787353516,64.2956314086914,mlp,embedding
198,2587,1.3881735867471434e-06,100.0,1.0000014305114746,0.001,4.127368450164795,42.826778411865234,62.0145149230957,mlp,embedding
199,2600,1.1976852647421765e-06,100.0,1.0000011920928955,0.001,4.110720157623291,42.72050857543945,60.990623474121094,mlp,embedding
200,2613,1.0109979484695941e-06,100.0,1.0000009536743164,0.001,4.1119866371154785,43.07474136352539,61.06791687011719,mlp,embedding
201,2626,NaN,NaN,NaN,NaN,4.074679374694824,43.9603271484375,58.83161544799805,mlp,embedding
202,2639,7.9332255609188e-07,100.0,1.0000008344650269,0.001,4.070792198181152,43.676937103271484,58.603370666503906,mlp,embedding
203,2652,NaN,NaN,NaN,NaN,4.03118896484375,44.34998321533203,56.327842712402344,mlp,embedding
204,2665,6.042276936568669e-07,100.0,1.0000005960464478,0.001,4.039734840393066,44.34998321533203,56.811275482177734,mlp,embedding
205,2678,NaN,NaN,NaN,NaN,4.0149245262146,44.385406494140625,55.41911315917969,mlp,embedding
206,2691,4.5632933165506984e-07,100.0,1.0000004768371582,0.001,3.985041856765747,45.55437469482422,53.787540435791016,mlp,embedding
207,2704,NaN,NaN,NaN,NaN,3.9931209087371826,45.55437469482422,54.223854064941406,mlp,embedding
208,2717,3.5274072729407635e-07,100.0,1.0000003576278687,0.001,3.956206798553467,46.29826354980469,52.25872039794922,mlp,embedding
209,2730,NaN,NaN,NaN,NaN,3.936584234237671,46.935882568359375,51.24326705932617,mlp,embedding
210,2743,2.7928928147957777e-07,100.0,1.000000238418579,0.001,3.947650909423828,47.07757568359375,51.81351089477539,mlp,embedding
211,2756,NaN,NaN,NaN,NaN,3.9247734546661377,46.97130584716797,50.641605377197266,mlp,embedding
212,2769,2.2781171082897345e-07,100.0,1.000000238418579,0.001,3.9225761890411377,47.00672912597656,50.530452728271484,mlp,embedding
213,2782,NaN,NaN,NaN,NaN,3.8782434463500977,47.64434814453125,48.339229583740234,mlp,embedding
214,2795,1.9825375829896075e-07,100.0,1.000000238418579,0.001,3.8984580039978027,47.927734375,49.32632827758789,mlp,embedding
215,2808,NaN,NaN,NaN,NaN,3.930429220199585,47.99858093261719,50.9288330078125,mlp,embedding
216,2821,2.2314175396331848e-07,100.0,1.000000238418579,0.001,3.955799102783203,47.64434814453125,52.23741912841797,mlp,embedding
217,2834,NaN,NaN,NaN,NaN,6.160854816436768,35.600425720214844,473.83294677734375,mlp,embedding
218,2847,0.15752965211868286,95.12602233886719,1.1706154346466064,0.001,4.32942008972168,42.22458267211914,75.90026092529297,mlp,embedding
219,2860,NaN,NaN,NaN,NaN,4.473557472229004,43.28728103637695,87.66804504394531,mlp,embedding
220,2873,0.009754796512424946,99.63558959960938,1.0098025798797607,0.001,3.8031013011932373,46.40453338623047,44.840030670166016,mlp,embedding
221,2886,NaN,NaN,NaN,NaN,3.7402689456939697,46.72334289550781,42.10931396484375,mlp,embedding
222,2899,0.00030537357088178396,100.0,1.000305414199829,0.001,3.658902883529663,46.58164978027344,38.818729400634766,mlp,embedding
223,2912,NaN,NaN,NaN,NaN,3.572584629058838,47.112998962402344,35.6085090637207,mlp,embedding
224,2925,9.52684276853688e-05,100.0,1.000095248222351,0.001,3.5282349586486816,47.219268798828125,34.06378936767578,mlp,embedding
225,2938,NaN,NaN,NaN,NaN,3.498540163040161,47.3609619140625,33.067142486572266,mlp,embedding
226,2951,6.344744906527922e-05,100.0,1.000063419342041,0.001,3.4759409427642822,47.29011535644531,32.32823181152344,mlp,embedding
227,2964,NaN,NaN,NaN,NaN,3.4560184478759766,47.53807830810547,31.690547943115234,mlp,embedding
228,2977,5.2434057579375803e-05,100.0,1.0000524520874023,0.001,3.437997817993164,47.71519470214844,31.12457847595215,mlp,embedding
229,2990,NaN,NaN,NaN,NaN,3.420382022857666,47.71519470214844,30.58109474182129,mlp,embedding
230,3003,4.56417074019555e-05,100.0,1.000045657157898,0.001,3.403021812438965,47.75061798095703,30.05478286743164,mlp,embedding
231,3016,NaN,NaN,NaN,NaN,3.386279821395874,47.892311096191406,29.55579376220703,mlp,embedding
232,3029,4.0200331568485126e-05,100.0,1.0000401735305786,0.001,3.3701932430267334,47.786041259765625,29.08414649963379,mlp,embedding
233,3042,NaN,NaN,NaN,NaN,3.3552699089050293,47.786041259765625,28.653337478637695,mlp,embedding
234,3055,3.5557462979340926e-05,100.0,1.0000355243682861,0.001,3.340505838394165,47.85688781738281,28.2334041595459,mlp,embedding
235,3068,NaN,NaN,NaN,NaN,3.325852632522583,47.963157653808594,27.822711944580078,mlp,embedding
236,3081,3.1680436222814023e-05,100.0,1.0000317096710205,0.001,3.3113961219787598,48.14027404785156,27.423385620117188,mlp,embedding
237,3094,NaN,NaN,NaN,NaN,3.2982566356658936,48.246543884277344,27.065412521362305,mlp,embedding
238,3107,2.8247322916286066e-05,100.0,1.0000282526016235,0.001,3.2847445011138916,48.352813720703125,26.70216178894043,mlp,embedding
239,3120,NaN,NaN,NaN,NaN,3.2713499069213867,48.45908737182617,26.346881866455078,mlp,embedding
240,3133,2.5239491151296534e-05,100.0,1.0000252723693848,0.001,3.2587785720825195,48.52993392944336,26.017738342285156,mlp,embedding
241,3146,NaN,NaN,NaN,NaN,3.2458925247192383,48.494510650634766,25.68462371826172,mlp,embedding
242,3159,2.2522917788592167e-05,100.0,1.000022530555725,0.001,3.2338523864746094,48.494510650634766,25.37723159790039,mlp,embedding
243,3172,NaN,NaN,NaN,NaN,3.2225732803344727,48.671627044677734,25.092607498168945,mlp,embedding
244,3185,2.00997237698175e-05,100.0,1.000020146369934,0.001,3.2107746601104736,48.70705032348633,24.798288345336914,mlp,embedding
245,3198,NaN,NaN,NaN,NaN,3.1996116638183594,48.777896881103516,24.52300453186035,mlp,embedding
246,3211,1.7907928850036114e-05,100.0,1.0000178813934326,0.001,3.188178062438965,48.955013275146484,24.24421501159668,mlp,embedding
247,3224,NaN,NaN,NaN,NaN,3.178480625152588,49.061283111572266,24.01024627685547,mlp,embedding
248,3237,1.5918634744593874e-05,100.0,1.0000159740447998,0.001,3.1677486896514893,49.09670639038086,23.75394630432129,mlp,embedding
249,3250,NaN,NaN,NaN,NaN,3.158078670501709,49.27382278442383,23.525352478027344,mlp,embedding
250,3263,1.4131737771094777e-05,100.0,1.0000141859054565,0.001,3.1490397453308105,49.4155158996582,23.31366729736328,mlp,embedding
251,3276,NaN,NaN,NaN,NaN,3.1397359371185303,49.48636245727539,23.097766876220703,mlp,embedding
252,3289,1.2494740076363087e-05,100.0,1.0000125169754028,0.001,3.1311793327331543,49.4155158996582,22.900972366333008,mlp,embedding
253,3302,NaN,NaN,NaN,NaN,3.1209142208099365,49.4155158996582,22.66709327697754,mlp,embedding
254,3315,1.1021598766092211e-05,100.0,1.0000109672546387,0.001,3.1138312816619873,49.521785736083984,22.507110595703125,mlp,embedding
255,3328,NaN,NaN,NaN,NaN,3.1066126823425293,49.48636245727539,22.345226287841797,mlp,embedding
256,3341,9.721451533550862e-06,100.0,1.0000097751617432,0.001,3.099395990371704,49.55720901489258,22.184547424316406,mlp,embedding
257,3354,NaN,NaN,NaN,NaN,3.0915098190307617,49.628055572509766,22.010284423828125,mlp,embedding
258,3367,8.562461516703479e-06,100.0,1.0000085830688477,0.001,3.084519147872925,49.66347885131836,21.85695457458496,mlp,embedding
259,3380,NaN,NaN,NaN,NaN,3.0781726837158203,49.84059524536133,21.718679428100586,mlp,embedding
260,3393,7.525456112489337e-06,100.0,1.0000075101852417,0.001,3.071274995803833,49.87601852416992,21.569385528564453,mlp,embedding
261,3406,NaN,NaN,NaN,NaN,3.06502366065979,49.84059524536133,21.434968948364258,mlp,embedding
262,3419,6.610364380321698e-06,100.0,1.0000065565109253,0.001,3.0612573623657227,49.9822883605957,21.35439109802246,mlp,embedding
263,3432,NaN,NaN,NaN,NaN,3.0544443130493164,49.73432540893555,21.209396362304688,mlp,embedding
264,3445,5.803051863040309e-06,100.0,1.000005841255188,0.001,3.05204701423645,49.76974868774414,21.158611297607422,mlp,embedding
265,3458,NaN,NaN,NaN,NaN,3.044790029525757,49.9822883605957,21.0056209564209,mlp,embedding
266,3471,5.098363089928171e-06,100.0,1.0000051259994507,0.001,3.0414860248565674,50.12398147583008,20.93633270263672,mlp,embedding
267,3484,NaN,NaN,NaN,NaN,3.0359914302825928,50.194828033447266,20.821611404418945,mlp,embedding
268,3497,4.484950295591261e-06,100.0,1.000004529953003,0.001,3.030133008956909,50.33652114868164,20.69998550415039,mlp,embedding
269,3510,NaN,NaN,NaN,NaN,3.0259673595428467,50.655330657958984,20.613935470581055,mlp,embedding
270,3523,3.955393367505167e-06,100.0,1.0000039339065552,0.001,3.022282123565674,50.72617721557617,20.538108825683594,mlp,embedding
271,3536,NaN,NaN,NaN,NaN,3.0168685913085938,51.00956344604492,20.42722511291504,mlp,embedding
272,3549,3.488136371743167e-06,100.0,1.000003457069397,0.001,3.0110573768615723,50.69075393676758,20.308862686157227,mlp,embedding
273,3562,NaN,NaN,NaN,NaN,3.007702112197876,51.00956344604492,20.240835189819336,mlp,embedding
274,3575,3.1061667868925724e-06,100.0,1.0000030994415283,0.001,3.002134323120117,51.1158332824707,20.12845230102539,mlp,embedding
275,3588,NaN,NaN,NaN,NaN,2.9971094131469727,51.044986724853516,20.02756118774414,mlp,embedding
276,3601,2.7700991722667823e-06,100.0,1.0000027418136597,0.001,2.992272138595581,51.222103118896484,19.930917739868164,mlp,embedding
277,3614,NaN,NaN,NaN,NaN,2.98875093460083,51.328372955322266,19.860858917236328,mlp,embedding
278,3627,2.4794262571958825e-06,100.0,1.0000025033950806,0.001,2.9809648990631104,51.18667984008789,19.706823348999023,mlp,embedding
279,3640,NaN,NaN,NaN,NaN,2.975687026977539,51.64718246459961,19.603086471557617,mlp,embedding
280,3653,2.2314698071568273e-06,100.0,1.0000022649765015,0.001,2.9749016761779785,51.25752639770508,19.587697982788086,mlp,embedding
281,3666,NaN,NaN,NaN,NaN,2.9657576084136963,51.29294967651367,19.40940284729004,mlp,embedding
282,3679,2.023352180913207e-06,100.0,1.0000020265579224,0.001,2.958897829055786,51.47006607055664,19.276714324951172,mlp,embedding
283,3692,NaN,NaN,NaN,NaN,2.946587324142456,51.57633590698242,19.040863037109375,mlp,embedding
284,3705,1.8274702142662136e-06,100.0,1.0000017881393433,0.001,2.9412691593170166,51.57633590698242,18.939868927001953,mlp,embedding
285,3718,NaN,NaN,NaN,NaN,2.9318125247955322,51.895145416259766,18.761606216430664,mlp,embedding
286,3731,1.6487832681377768e-06,100.0,1.0000016689300537,0.001,2.9261386394500732,52.2848014831543,18.65545654296875,mlp,embedding
287,3744,NaN,NaN,NaN,NaN,2.9164066314697266,51.82429885864258,18.474781036376953,mlp,embedding
288,3757,1.4828209486950072e-06,100.0,1.0000014305114746,0.001,2.90405535697937,52.14310836791992,18.247997283935547,mlp,embedding
289,3770,NaN,NaN,NaN,NaN,2.900787353515625,52.70988082885742,18.188461303710938,mlp,embedding
290,3783,1.3221257404438802e-06,100.0,1.000001311302185,0.001,2.8985812664031982,52.461917877197266,18.148380279541016,mlp,embedding
291,3796,NaN,NaN,NaN,NaN,2.883600950241089,52.67445755004883,17.878536224365234,mlp,embedding
292,3809,1.1711683782777982e-06,100.0,1.0000011920928955,0.001,2.870342969894409,52.8161506652832,17.643068313598633,mlp,embedding
293,3822,NaN,NaN,NaN,NaN,2.863323211669922,53.7725830078125,17.519651412963867,mlp,embedding
294,3835,1.0277227602273342e-06,100.0,1.000001072883606,0.001,2.8599977493286133,53.064117431640625,17.46148681640625,mlp,embedding
295,3848,NaN,NaN,NaN,NaN,2.844369649887085,53.41835021972656,17.190719604492188,mlp,embedding
296,3861,8.67552387262549e-07,100.0,1.0000008344650269,0.001,2.825317859649658,53.737159729003906,16.866304397583008,mlp,embedding
297,3874,NaN,NaN,NaN,NaN,2.8178110122680664,54.23308563232422,16.74016571044922,mlp,embedding
298,3887,7.233826977426361e-07,100.0,1.0000007152557373,0.001,2.8068671226501465,54.51647186279297,16.55796241760254,mlp,embedding
299,3900,NaN,NaN,NaN,NaN,2.8030974864959717,54.870704650878906,16.495662689208984,mlp,embedding
300,3913,6.218213002284756e-07,100.0,1.0000005960464478,0.001,2.784205198287964,55.01239776611328,16.186946868896484,mlp,embedding
301,3926,NaN,NaN,NaN,NaN,2.779813289642334,55.047821044921875,16.116012573242188,mlp,embedding
302,3939,NaN,NaN,NaN,NaN,2.7521634101867676,55.472900390625,15.676509857177734,mlp,embedding
303,3952,4.5307126583793433e-07,100.0,1.0000004768371582,0.001,2.76423978805542,55.86255645751953,15.866972923278809,mlp,embedding
304,3965,NaN,NaN,NaN,NaN,2.741239070892334,56.21678924560547,15.506186485290527,mlp,embedding
305,3978,NaN,NaN,NaN,NaN,2.723308801651001,56.11051940917969,15.230633735656738,mlp,embedding
306,3991,3.144764662010857e-07,100.0,1.0000003576278687,0.001,2.7289958000183105,56.99610137939453,15.317497253417969,mlp,embedding
307,4004,NaN,NaN,NaN,NaN,2.7162063121795654,56.6064453125,15.122841835021973,mlp,embedding
308,4017,NaN,NaN,NaN,NaN,2.711120128631592,57.1732177734375,15.046119689941406,mlp,embedding
309,4030,2.366085141147778e-07,100.0,1.000000238418579,0.001,2.678703784942627,57.56287384033203,14.566200256347656,mlp,embedding
310,4043,NaN,NaN,NaN,NaN,2.6621644496917725,58.05880355834961,14.327265739440918,mlp,embedding
311,4056,NaN,NaN,NaN,NaN,2.669619083404541,57.739994049072266,14.434470176696777,mlp,embedding
312,4069,1.6936550650825666e-07,100.0,1.0000001192092896,0.001,2.659088611602783,57.88168716430664,14.283265113830566,mlp,embedding
313,4082,NaN,NaN,NaN,NaN,2.676839590072632,58.6609992980957,14.539071083068848,mlp,embedding
314,4095,NaN,NaN,NaN,NaN,2.6646368503570557,58.483882904052734,14.362732887268066,mlp,embedding
315,4108,1.3394300424351968e-07,100.0,1.0000001192092896,0.001,2.685168981552124,58.27134323120117,14.66067886352539,mlp,embedding
316,4121,NaN,NaN,NaN,NaN,2.685176372528076,59.19234848022461,14.660786628723145,mlp,embedding
317,4134,NaN,NaN,NaN,NaN,6.601275444030762,36.59227752685547,736.0333862304688,mlp,embedding
318,4147,0.647742748260498,88.55147552490234,1.9112218618392944,0.001,5.188141822814941,41.3035774230957,179.1353759765625,mlp,embedding
319,4160,NaN,NaN,NaN,NaN,3.0926129817962646,51.96599197387695,22.034578323364258,mlp,embedding
320,4173,NaN,NaN,NaN,NaN,2.840855598449707,54.12681579589844,17.130416870117188,mlp,embedding
321,4186,0.0028796277474611998,99.9544448852539,1.002883791923523,0.001,2.6247189044952393,55.54374694824219,13.800694465637207,mlp,embedding
322,4199,NaN,NaN,NaN,NaN,2.4830853939056396,56.854408264160156,11.978164672851562,mlp,embedding
323,4212,NaN,NaN,NaN,NaN,2.4239866733551025,57.84626388549805,11.29078197479248,mlp,embedding
324,4225,0.00016264310397673398,100.0,1.0001626014709473,0.001,2.3803086280822754,57.98795700073242,10.80823802947998,mlp,embedding
325,4238,NaN,NaN,NaN,NaN,2.357619285583496,58.27134323120117,10.565767288208008,mlp,embedding
326,4251,NaN,NaN,NaN,NaN,2.3421194553375244,58.27134323120117,10.4032621383667,mlp,embedding
327,4264,8.074466313701123e-05,100.0,1.0000807046890259,0.001,2.3280625343322754,58.34218978881836,10.258048057556152,mlp,embedding
328,4277,NaN,NaN,NaN,NaN,2.3138537406921387,58.483882904052734,10.113324165344238,mlp,embedding
329,4290,NaN,NaN,NaN,NaN,2.300156831741333,58.6964225769043,9.975747108459473,mlp,embedding
330,4303,6.434496026486158e-05,100.0,1.0000643730163574,0.001,2.2861123085021973,58.94438552856445,9.836621284484863,mlp,embedding
331,4316,NaN,NaN,NaN,NaN,2.2708659172058105,59.050655364990234,9.687786102294922,mlp,embedding
332,4329,NaN,NaN,NaN,NaN,2.2568647861480713,59.08607864379883,9.553091049194336,mlp,embedding
333,4342,5.328917904989794e-05,100.0,1.0000532865524292,0.001,2.242947816848755,59.2631950378418,9.421061515808105,mlp,embedding
334,4355,NaN,NaN,NaN,NaN,2.2282354831695557,59.12150192260742,9.28347110748291,mlp,embedding
335,4368,NaN,NaN,NaN,NaN,2.2167227268218994,59.2631950378418,9.177205085754395,mlp,embedding
336,4381,4.443480065674521e-05,100.0,1.0000444650650024,0.001,2.201983690261841,59.54658126831055,9.04293441772461,mlp,embedding
337,4394,NaN,NaN,NaN,NaN,2.1885275840759277,59.65285110473633,8.922066688537598,mlp,embedding
338,4407,NaN,NaN,NaN,NaN,2.1758041381835938,59.86539077758789,8.809266090393066,mlp,embedding
339,4420,3.72039939975366e-05,100.0,1.0000371932983398,0.001,2.164616107940674,59.97166061401367,8.711256980895996,mlp,embedding
340,4433,NaN,NaN,NaN,NaN,2.152301788330078,59.97166061401367,8.604641914367676,mlp,embedding
341,4446,NaN,NaN,NaN,NaN,2.1406335830688477,59.93623733520508,8.5048246383667,mlp,embedding
342,4459,3.1191655580187216e-05,100.0,1.0000312328338623,0.001,2.1310231685638428,59.900814056396484,8.423480987548828,mlp,embedding
343,4472,NaN,NaN,NaN,NaN,2.1195321083068848,60.21962356567383,8.327239990234375,mlp,embedding
344,4485,NaN,NaN,NaN,NaN,2.1098709106445312,60.32589340209961,8.247176170349121,mlp,embedding
345,4498,2.5988303605117835e-05,100.0,1.000025987625122,0.001,2.0997703075408936,60.32589340209961,8.164294242858887,mlp,embedding
346,4511,NaN,NaN,NaN,NaN,2.0909042358398438,60.60927963256836,8.092228889465332,mlp,embedding
347,4524,NaN,NaN,NaN,NaN,2.082583427429199,60.78639602661133,8.025174140930176,mlp,embedding
348,4537,2.1593641577055678e-05,100.0,1.0000215768814087,0.001,2.072545289993286,60.71554946899414,7.945019721984863,mlp,embedding
349,4550,NaN,NaN,NaN,NaN,2.0660786628723145,60.9280891418457,7.893807888031006,mlp,embedding
350,4563,NaN,NaN,NaN,NaN,2.0586905479431152,60.99893569946289,7.835702419281006,mlp,embedding
351,4576,1.7634754840401e-05,100.0,1.0000176429748535,0.001,2.0504534244537354,61.21147537231445,7.771424293518066,mlp,embedding
352,4589,NaN,NaN,NaN,NaN,2.0429110527038574,61.034358978271484,7.713029384613037,mlp,embedding
353,4602,NaN,NaN,NaN,NaN,2.036071300506592,61.034358978271484,7.660454273223877,mlp,embedding
354,4615,1.432677800039528e-05,100.0,1.000014305114746,0.001,2.030076742172241,61.10520553588867,7.614670753479004,mlp,embedding
355,4628,NaN,NaN,NaN,NaN,2.021926164627075,61.28232192993164,7.552858829498291,mlp,embedding
356,4641,NaN,NaN,NaN,NaN,2.01684832572937,61.21147537231445,7.514604091644287,mlp,embedding
357,4654,1.1592102964641526e-05,100.0,1.0000115633010864,0.001,2.011899471282959,61.28232192993164,7.4775071144104,mlp,embedding
358,4667,NaN,NaN,NaN,NaN,2.005312919616699,61.317745208740234,7.428418159484863,mlp,embedding
359,4680,NaN,NaN,NaN,NaN,1.9974615573883057,61.424015045166016,7.370323181152344,mlp,embedding
360,4693,9.332334229839034e-06,100.0,1.000009298324585,0.001,1.9938793182373047,61.707401275634766,7.343968391418457,mlp,embedding
361,4706,NaN,NaN,NaN,NaN,1.9879249334335327,61.91994094848633,7.3003692626953125,mlp,embedding
362,4719,NaN,NaN,NaN,NaN,1.9832086563110352,61.990787506103516,7.266019821166992,mlp,embedding
363,4732,7.5042262324132025e-06,100.0,1.0000075101852417,0.001,1.9778839349746704,62.309600830078125,7.227433204650879,mlp,embedding
364,4745,NaN,NaN,NaN,NaN,1.975201964378357,62.23875427246094,7.208075046539307,mlp,embedding
365,4758,NaN,NaN,NaN,NaN,1.969281554222107,62.309600830078125,7.165526390075684,mlp,embedding
366,4771,6.0368856793502346e-06,100.0,1.000006079673767,0.001,1.9650609493255615,62.52214050292969,7.135347366333008,mlp,embedding
367,4784,NaN,NaN,NaN,NaN,1.9598814249038696,62.52214050292969,7.098485469818115,mlp,embedding
368,4797,NaN,NaN,NaN,NaN,1.9572839736938477,62.66383361816406,7.080071449279785,mlp,embedding
369,4810,4.868762516707648e-06,100.0,1.0000048875808716,0.001,1.9532074928283691,62.66383361816406,7.051268100738525,mlp,embedding
370,4823,NaN,NaN,NaN,NaN,1.9471452236175537,62.84095001220703,7.008650779724121,mlp,embedding
371,4836,NaN,NaN,NaN,NaN,1.945133090019226,62.91179656982422,6.99456262588501,mlp,embedding
372,4849,3.931826086045476e-06,100.0,1.0000039339065552,0.001,1.9428060054779053,62.84095001220703,6.978304862976074,mlp,embedding
373,4862,NaN,NaN,NaN,NaN,1.940649390220642,62.91179656982422,6.963271617889404,mlp,embedding
374,4875,NaN,NaN,NaN,NaN,1.9338005781173706,63.19518280029297,6.915744304656982,mlp,embedding
375,4888,3.2099892450787593e-06,100.0,1.0000032186508179,0.001,1.930379867553711,63.159759521484375,6.892127990722656,mlp,embedding
376,4901,NaN,NaN,NaN,NaN,1.9309144020080566,63.19518280029297,6.89581298828125,mlp,embedding
377,4914,NaN,NaN,NaN,NaN,1.9243191480636597,63.12433624267578,6.850482940673828,mlp,embedding
378,4927,2.6388893274997827e-06,100.0,1.0000026226043701,0.001,1.9243475198745728,63.053489685058594,6.850677490234375,mlp,embedding
379,4940,NaN,NaN,NaN,NaN,1.9177007675170898,63.23060607910156,6.805293560028076,mlp,embedding
380,4953,NaN,NaN,NaN,NaN,1.9142104387283325,63.159759521484375,6.781582355499268,mlp,embedding
381,4966,2.188046664741705e-06,100.0,1.000002145767212,0.001,1.9098098278045654,63.443145751953125,6.751804828643799,mlp,embedding
382,4979,NaN,NaN,NaN,NaN,1.9089349508285522,63.266029357910156,6.7459001541137695,mlp,embedding
383,4992,NaN,NaN,NaN,NaN,1.9035884141921997,63.37229919433594,6.709929466247559,mlp,embedding
384,5005,1.8241573798150057e-06,100.0,1.0000017881393433,0.001,1.897376537322998,63.76195526123047,6.66837739944458,mlp,embedding
385,5018,NaN,NaN,NaN,NaN,1.8984845876693726,64.04534149169922,6.675770282745361,mlp,embedding
386,5031,NaN,NaN,NaN,NaN,1.8890024423599243,63.620262145996094,6.612768650054932,mlp,embedding
387,5044,1.523202627140563e-06,100.0,1.0000015497207642,0.001,1.8943133354187012,63.79737854003906,6.647982120513916,mlp,embedding
388,5057,NaN,NaN,NaN,NaN,1.8829103708267212,63.832801818847656,6.572605609893799,mlp,embedding
389,5070,NaN,NaN,NaN,NaN,1.8817312717437744,63.443145751953125,6.564860820770264,mlp,embedding
390,5083,1.283010647057381e-06,100.0,1.000001311302185,0.001,1.8800679445266724,64.08076477050781,6.553950309753418,mlp,embedding
391,5096,NaN,NaN,NaN,NaN,1.8637406826019287,64.08076477050781,6.447811126708984,mlp,embedding
392,5109,NaN,NaN,NaN,NaN,1.8539410829544067,64.08076477050781,6.3849334716796875,mlp,embedding
393,5122,1.0592174248813535e-06,100.0,1.000001072883606,0.001,1.851126790046692,64.39957427978516,6.366989612579346,mlp,embedding
394,5135,NaN,NaN,NaN,NaN,1.8482366800308228,64.39957427978516,6.3486151695251465,mlp,embedding
395,5148,NaN,NaN,NaN,NaN,1.836340308189392,64.57669067382812,6.2735371589660645,mlp,embedding
396,5161,8.667378779136925e-07,100.0,1.0000008344650269,0.001,1.8329083919525146,64.78923034667969,6.252043724060059,mlp,embedding
397,5174,NaN,NaN,NaN,NaN,1.816306233406067,64.7538070678711,6.149103164672852,mlp,embedding
398,5187,NaN,NaN,NaN,NaN,1.8117916584014893,65.21430969238281,6.121405124664307,mlp,embedding
399,5200,6.803399514865305e-07,100.0,1.0000007152557373,0.001,1.7923996448516846,65.10803985595703,6.003842353820801,mlp,embedding
400,5213,NaN,NaN,NaN,NaN,1.790819525718689,65.49769592285156,5.994362831115723,mlp,embedding
401,5226,NaN,NaN,NaN,NaN,1.777130126953125,65.74565887451172,5.912862777709961,mlp,embedding
402,5239,5.238981657385011e-07,100.0,1.0000004768371582,0.001,1.771286129951477,66.02904510498047,5.878408908843994,mlp,embedding
403,5252,NaN,NaN,NaN,NaN,1.751304030418396,66.59581756591797,5.762111663818359,mlp,embedding
404,5265,NaN,NaN,NaN,NaN,1.7352739572525024,66.91462707519531,5.670481204986572,mlp,embedding
405,5278,NaN,NaN,NaN,NaN,1.7375447750091553,66.63124084472656,5.683372497558594,mlp,embedding
406,5291,3.517452000778576e-07,100.0,1.0000003576278687,0.001,1.7304664850234985,67.48139953613281,5.643285751342773,mlp,embedding
407,5304,NaN,NaN,NaN,NaN,1.7250605821609497,67.09174346923828,5.612861156463623,mlp,embedding
408,5317,NaN,NaN,NaN,NaN,1.71132230758667,67.69393920898438,5.5362772941589355,mlp,embedding
409,5330,NaN,NaN,NaN,NaN,1.6879509687423706,68.0835952758789,5.408387184143066,mlp,embedding
410,5343,2.2786602471569495e-07,100.0,1.000000238418579,0.001,1.69675612449646,68.1544418334961,5.45621919631958,mlp,embedding
411,5356,NaN,NaN,NaN,NaN,1.6842312812805176,68.36698150634766,5.388307094573975,mlp,embedding
412,5369,NaN,NaN,NaN,NaN,1.6826977729797363,68.61494445800781,5.3800506591796875,mlp,embedding
413,5382,NaN,NaN,NaN,NaN,1.676755428314209,68.47325134277344,5.348175048828125,mlp,embedding
414,5395,1.5202532210878417e-07,100.0,1.0000001192092896,0.001,1.6608730554580688,69.14630126953125,5.263904571533203,mlp,embedding
415,5408,NaN,NaN,NaN,NaN,1.684198260307312,68.57952117919922,5.388129234313965,mlp,embedding
416,5421,NaN,NaN,NaN,NaN,1.6948868036270142,69.11087799072266,5.4460296630859375,mlp,embedding
417,5434,NaN,NaN,NaN,NaN,1.667800784111023,69.32341766357422,5.300498008728027,mlp,embedding
418,5447,1.4453172525463742e-07,100.0,1.0000001192092896,0.001,1.6569252014160156,69.35884094238281,5.243164539337158,mlp,embedding
419,5460,NaN,NaN,NaN,NaN,7.547922611236572,34.856536865234375,1896.7982177734375,mlp,embedding
420,5473,NaN,NaN,NaN,NaN,3.5799386501312256,49.521785736083984,35.871341705322266,mlp,embedding
421,5486,NaN,NaN,NaN,NaN,2.0959019660949707,59.900814056396484,8.132773399353027,mlp,embedding
422,5499,0.02617417275905609,99.08897399902344,1.026519775390625,0.001,1.7749381065368652,64.89550018310547,5.899916172027588,mlp,embedding
423,5512,NaN,NaN,NaN,NaN,1.6919960975646973,66.91462707519531,5.430309295654297,mlp,embedding
424,5525,NaN,NaN,NaN,NaN,1.5391185283660889,68.1544418334961,4.660480499267578,mlp,embedding
425,5538,NaN,NaN,NaN,NaN,1.486389398574829,68.57952117919922,4.4211039543151855,mlp,embedding
426,5551,0.0002632691175676882,100.0,1.0002633333206177,0.001,1.4654202461242676,68.7212142944336,4.329362392425537,mlp,embedding
427,5564,NaN,NaN,NaN,NaN,1.4482334852218628,69.07544708251953,4.255590438842773,mlp,embedding
428,5577,NaN,NaN,NaN,NaN,1.4320874214172363,69.11087799072266,4.1874308586120605,mlp,embedding
429,5590,NaN,NaN,NaN,NaN,1.4180779457092285,69.28799438476562,4.129176139831543,mlp,embedding
430,5603,0.00015439216804224998,100.0,1.0001543760299683,0.001,1.4055609703063965,69.60680389404297,4.077813625335693,mlp,embedding
431,5616,NaN,NaN,NaN,NaN,1.3944103717803955,69.67765045166016,4.032596111297607,mlp,embedding
432,5629,NaN,NaN,NaN,NaN,1.383338451385498,69.64222717285156,3.9881937503814697,mlp,embedding
433,5642,NaN,NaN,NaN,NaN,1.3733227252960205,69.78392028808594,3.948448657989502,mlp,embedding
434,5655,0.00011999028356513008,100.0,1.0001200437545776,0.001,1.3636387586593628,70.0318832397461,3.9103963375091553,mlp,embedding
435,5668,NaN,NaN,NaN,NaN,1.3544293642044067,70.06730651855469,3.874549388885498,mlp,embedding
436,5681,NaN,NaN,NaN,NaN,1.3449171781539917,70.27984619140625,3.8378686904907227,mlp,embedding
437,5694,NaN,NaN,NaN,NaN,1.3360894918441772,70.35069274902344,3.80413818359375,mlp,embedding
438,5707,9.43401682889089e-05,100.0,1.0000942945480347,0.001,1.3272827863693237,70.42153930664062,3.7707834243774414,mlp,embedding
439,5720,NaN,NaN,NaN,NaN,1.317842721939087,70.63407897949219,3.735354423522949,mlp,embedding
440,5733,NaN,NaN,NaN,NaN,1.3096399307250977,70.70492553710938,3.7048394680023193,mlp,embedding
441,5746,NaN,NaN,NaN,NaN,1.3016527891159058,70.91746520996094,3.675366163253784,mlp,embedding
442,5759,7.317308336496353e-05,100.0,1.0000731945037842,0.001,1.2944915294647217,71.1300048828125,3.6491401195526123,mlp,embedding
443,5772,NaN,NaN,NaN,NaN,1.2853587865829468,71.1654281616211,3.6159651279449463,mlp,embedding
444,5785,NaN,NaN,NaN,NaN,1.2780762910842896,71.20085144042969,3.5897274017333984,mlp,embedding
445,5798,NaN,NaN,NaN,NaN,1.2703531980514526,71.44881439208984,3.562110424041748,mlp,embedding
446,5811,5.574662282015197e-05,100.0,1.0000557899475098,0.001,1.2638179063796997,71.59050750732422,3.538907051086426,mlp,embedding
447,5824,NaN,NaN,NaN,NaN,1.256305456161499,71.7322006225586,3.512420654296875,mlp,embedding
448,5837,NaN,NaN,NaN,NaN,1.2508217096328735,71.83847045898438,3.4932122230529785,mlp,embedding
449,5850,NaN,NaN,NaN,NaN,1.2435963153839111,71.90931701660156,3.4680633544921875,mlp,embedding
450,5863,4.15746180806309e-05,100.0,1.0000416040420532,0.001,1.2375355958938599,72.01558685302734,3.447108030319214,mlp,embedding
451,5876,NaN,NaN,NaN,NaN,1.23160719871521,72.08643341064453,3.4267325401306152,mlp,embedding
452,5889,NaN,NaN,NaN,NaN,1.225343942642212,72.2989730834961,3.40533709526062,mlp,embedding
453,5902,NaN,NaN,NaN,NaN,1.2196614742279053,72.2989730834961,3.3860411643981934,mlp,embedding
454,5915,3.0346400308189914e-05,100.0,1.0000303983688354,0.001,1.2145377397537231,72.44066619873047,3.368736505508423,mlp,embedding
455,5928,NaN,NaN,NaN,NaN,1.2081013917922974,72.58235931396484,3.347123861312866,mlp,embedding
456,5941,NaN,NaN,NaN,NaN,1.2031689882278442,72.61778259277344,3.330655097961426,mlp,embedding
457,5954,NaN,NaN,NaN,NaN,1.1987271308898926,72.58235931396484,3.3158936500549316,mlp,embedding
458,5967,2.1658723198925145e-05,100.0,1.0000216960906982,0.001,1.1933423280715942,72.58235931396484,3.298086166381836,mlp,embedding
459,5980,NaN,NaN,NaN,NaN,1.1886396408081055,72.75947570800781,3.2826125621795654,mlp,embedding
460,5993,NaN,NaN,NaN,NaN,1.1827483177185059,72.8657455444336,3.2633304595947266,mlp,embedding
461,6006,NaN,NaN,NaN,NaN,1.1783154010772705,73.11370849609375,3.248896598815918,mlp,embedding
462,6019,1.533102295070421e-05,100.0,1.000015377998352,0.001,1.1751278638839722,72.97201538085938,3.2385571002960205,mlp,embedding
463,6032,NaN,NaN,NaN,NaN,1.1705249547958374,73.00743865966797,3.223684549331665,mlp,embedding
464,6045,NaN,NaN,NaN,NaN,1.1650861501693726,73.18455505371094,3.2061991691589355,mlp,embedding
465,6058,NaN,NaN,NaN,NaN,1.161173939704895,73.11370849609375,3.1936802864074707,mlp,embedding
466,6071,1.0793324690894224e-05,100.0,1.0000108480453491,0.001,1.1568644046783447,73.3970947265625,3.1799466609954834,mlp,embedding
467,6084,NaN,NaN,NaN,NaN,1.1532409191131592,73.46794128417969,3.168444871902466,mlp,embedding
468,6097,NaN,NaN,NaN,NaN,1.1491963863372803,73.53878784179688,3.155655860900879,mlp,embedding
469,6110,NaN,NaN,NaN,NaN,1.145165205001831,73.71590423583984,3.142960548400879,mlp,embedding
470,6123,7.647732672921848e-06,100.0,1.0000076293945312,0.001,1.1426012516021729,73.82217407226562,3.1349124908447266,mlp,embedding
471,6136,NaN,NaN,NaN,NaN,1.1379125118255615,73.82217407226562,3.1202480792999268,mlp,embedding
472,6149,NaN,NaN,NaN,NaN,1.1344316005706787,73.9284439086914,3.109405755996704,mlp,embedding
473,6162,NaN,NaN,NaN,NaN,1.1314661502838135,74.07013702392578,3.10019850730896,mlp,embedding
474,6175,5.444473117677262e-06,100.0,1.0000054836273193,0.001,1.128836750984192,74.35352325439453,3.092057466506958,mlp,embedding
475,6188,NaN,NaN,NaN,NaN,1.1260255575180054,74.38894653320312,3.0833773612976074,mlp,embedding
476,6201,NaN,NaN,NaN,NaN,1.1240181922912598,74.45979309082031,3.0771942138671875,mlp,embedding
477,6214,NaN,NaN,NaN,NaN,1.119296669960022,74.4952163696289,3.062699317932129,mlp,embedding
478,6227,3.936152097594459e-06,100.0,1.0000039339065552,0.001,1.1192854642868042,74.81402587890625,3.0626649856567383,mlp,embedding
479,6240,NaN,NaN,NaN,NaN,1.115523099899292,74.88487243652344,3.051163911819458,mlp,embedding
480,6253,NaN,NaN,NaN,NaN,1.1142001152038574,75.1328353881836,3.0471298694610596,mlp,embedding
481,6266,NaN,NaN,NaN,NaN,1.1109020709991455,75.0619888305664,3.0370967388153076,mlp,embedding
482,6279,2.9010175239818636e-06,100.0,1.0000028610229492,0.001,1.109683871269226,75.20368194580078,3.0333993434906006,mlp,embedding
483,6292,NaN,NaN,NaN,NaN,1.108073353767395,75.16825866699219,3.028517961502075,mlp,embedding
484,6305,NaN,NaN,NaN,NaN,1.104315161705017,75.0619888305664,3.017157554626465,mlp,embedding
485,6318,NaN,NaN,NaN,NaN,1.1017687320709229,75.38079833984375,3.00948429107666,mlp,embedding
486,6331,2.188082589782425e-06,100.0,1.000002145767212,0.001,1.099083423614502,75.23910522460938,3.0014138221740723,mlp,embedding
487,6344,NaN,NaN,NaN,NaN,1.0977442264556885,75.73503112792969,2.997396945953369,mlp,embedding
488,6357,NaN,NaN,NaN,NaN,1.094391942024231,75.59333801269531,2.98736572265625,mlp,embedding
489,6370,NaN,NaN,NaN,NaN,1.0910154581069946,75.45164489746094,2.9772958755493164,mlp,embedding
490,6383,1.6888752725208178e-06,100.0,1.0000016689300537,0.001,1.0957456827163696,75.6996078491211,2.991412401199341,mlp,embedding
491,6396,NaN,NaN,NaN,NaN,1.0881462097167969,75.91214752197266,2.9687654972076416,mlp,embedding
492,6409,NaN,NaN,NaN,NaN,1.085710048675537,75.94757080078125,2.9615418910980225,mlp,embedding
493,6422,NaN,NaN,NaN,NaN,1.0786160230636597,76.08926391601562,2.9406070709228516,mlp,embedding
494,6435,1.314577730227029e-06,100.0,1.000001311302185,0.001,1.0756551027297974,76.16011047363281,2.931912899017334,mlp,embedding
495,6448,NaN,NaN,NaN,NaN,1.0685503482818604,76.1955337524414,2.911156177520752,mlp,embedding
496,6461,NaN,NaN,NaN,NaN,1.0629559755325317,76.16011047363281,2.8949155807495117,mlp,embedding
497,6474,NaN,NaN,NaN,NaN,1.0643678903579712,76.2663803100586,2.899005889892578,mlp,embedding
498,6487,1.019867227114446e-06,100.0,1.000001072883606,0.001,1.053176999092102,76.58518981933594,2.86674427986145,mlp,embedding
499,6500,NaN,NaN,NaN,NaN,1.0545765161514282,76.47891998291016,2.8707592487335205,mlp,embedding
500,6513,NaN,NaN,NaN,NaN,1.0480183362960815,76.65603637695312,2.8519937992095947,mlp,embedding
501,6526,NaN,NaN,NaN,NaN,1.0353964567184448,77.18738555908203,2.8162224292755127,mlp,embedding
502,6539,7.745887273813423e-07,100.0,1.0000007152557373,0.001,1.0323941707611084,77.15196228027344,2.8077800273895264,mlp,embedding
503,6552,NaN,NaN,NaN,NaN,1.0328937768936157,77.50619506835938,2.809183120727539,mlp,embedding
504,6565,NaN,NaN,NaN,NaN,1.0223174095153809,77.71873474121094,2.7796287536621094,mlp,embedding
505,6578,NaN,NaN,NaN,NaN,1.010189414024353,77.82500457763672,2.7461211681365967,mlp,embedding
506,6591,NaN,NaN,NaN,NaN,1.0010863542556763,78.25008392333984,2.72123646736145,mlp,embedding
507,6604,5.123138748786005e-07,100.0,1.0000004768371582,0.001,1.000856637954712,78.21466064453125,2.720611333847046,mlp,embedding
508,6617,NaN,NaN,NaN,NaN,0.9844185709953308,78.46263122558594,2.676255464553833,mlp,embedding
509,6630,NaN,NaN,NaN,NaN,0.9826058149337769,79.02940368652344,2.6714084148406982,mlp,embedding
510,6643,NaN,NaN,NaN,NaN,0.9702610373497009,78.92313385009766,2.6386332511901855,mlp,embedding
511,6656,NaN,NaN,NaN,NaN,0.96392822265625,79.06482696533203,2.621975898742676,mlp,embedding
512,6669,3.178069505338499e-07,100.0,1.0000003576278687,0.001,0.9561983942985535,79.63159942626953,2.6017866134643555,mlp,embedding
513,6682,NaN,NaN,NaN,NaN,0.9537613391876221,79.66702270507812,2.5954537391662598,mlp,embedding
514,6695,NaN,NaN,NaN,NaN,0.9389585256576538,80.02125549316406,2.557316541671753,mlp,embedding
515,6708,NaN,NaN,NaN,NaN,0.9370602369308472,80.16294860839844,2.552466630935669,mlp,embedding
516,6721,NaN,NaN,NaN,NaN,0.9278805255889893,80.4109115600586,2.5291430950164795,mlp,embedding
517,6734,1.8514906230393535e-07,100.0,1.000000238418579,0.001,0.9221797585487366,80.02125549316406,2.514765977859497,mlp,embedding
518,6747,NaN,NaN,NaN,NaN,0.9145735502243042,80.62345123291016,2.495710611343384,mlp,embedding
519,6760,NaN,NaN,NaN,NaN,0.9204235672950745,80.37548828125,2.5103535652160645,mlp,embedding
520,6773,NaN,NaN,NaN,NaN,0.9164077639579773,80.48175811767578,2.5002925395965576,mlp,embedding
521,6786,NaN,NaN,NaN,NaN,0.9169272184371948,80.37548828125,2.501591682434082,mlp,embedding
522,6799,1.2183383546471305e-07,100.0,1.0000001192092896,0.001,0.9075841903686523,80.55260467529297,2.478328227996826,mlp,embedding
523,6812,NaN,NaN,NaN,NaN,0.931618332862854,80.51718139648438,2.538614273071289,mlp,embedding
524,6825,NaN,NaN,NaN,NaN,3.8435027599334717,49.521785736083984,46.68872833251953,mlp,embedding
525,6838,NaN,NaN,NaN,NaN,3.2067689895629883,51.7180290222168,24.699153900146484,mlp,embedding
526,6851,NaN,NaN,NaN,NaN,1.6323766708374023,66.24158477783203,5.116019248962402,mlp,embedding
527,6864,0.03335339576005936,98.83085632324219,1.0339158773422241,0.001,1.2215346097946167,72.72405242919922,3.3923897743225098,mlp,embedding
528,6877,NaN,NaN,NaN,NaN,1.0726279020309448,75.41622161865234,2.923050880432129,mlp,embedding
529,6890,NaN,NaN,NaN,NaN,1.0199214220046997,76.08926391601562,2.772976875305176,mlp,embedding
530,6903,NaN,NaN,NaN,NaN,0.9738251566886902,76.90399932861328,2.648054361343384,mlp,embedding
531,6916,NaN,NaN,NaN,NaN,0.9409188628196716,77.25823211669922,2.5623347759246826,mlp,embedding
532,6929,0.00023568158212583512,100.0,1.000235676765442,0.001,0.918891966342926,77.75415802001953,2.5065114498138428,mlp,embedding
533,6942,NaN,NaN,NaN,NaN,0.9035805463790894,78.03754425048828,2.4684255123138428,mlp,embedding
534,6955,NaN,NaN,NaN,NaN,0.8914220333099365,78.07296752929688,2.4385950565338135,mlp,embedding
535,6968,NaN,NaN,NaN,NaN,0.8804839253425598,77.9666976928711,2.412066698074341,mlp,embedding
536,6981,NaN,NaN,NaN,NaN,0.8711943030357361,77.9666976928711,2.389763355255127,mlp,embedding
537,6994,0.00013858625607099384,100.0,1.0001386404037476,0.001,0.8630572557449341,77.9312744140625,2.370396614074707,mlp,embedding
538,7007,NaN,NaN,NaN,NaN,0.8545152544975281,77.8958511352539,2.3502347469329834,mlp,embedding
539,7020,NaN,NaN,NaN,NaN,0.8466982841491699,77.9666976928711,2.331934690475464,mlp,embedding
540,7033,NaN,NaN,NaN,NaN,0.8388772010803223,77.82500457763672,2.313767671585083,mlp,embedding
541,7046,NaN,NaN,NaN,NaN,0.8313807845115662,77.82500457763672,2.29648756980896,mlp,embedding
542,7059,9.990656690206379e-05,100.0,1.0000998973846436,0.001,0.8244327306747437,77.9312744140625,2.2805867195129395,mlp,embedding
543,7072,NaN,NaN,NaN,NaN,0.8175408840179443,78.17923736572266,2.264923334121704,mlp,embedding
544,7085,NaN,NaN,NaN,NaN,0.8107804656028748,78.32093811035156,2.2496631145477295,mlp,embedding
545,7098,NaN,NaN,NaN,NaN,0.8039753437042236,78.46263122558594,2.234405755996704,mlp,embedding
546,7111,NaN,NaN,NaN,NaN,0.7971218228340149,78.53347778320312,2.219144582748413,mlp,embedding
547,7124,7.253896910697222e-05,100.0,1.0000725984573364,0.001,0.7911810874938965,78.7105941772461,2.206000328063965,mlp,embedding
548,7137,NaN,NaN,NaN,NaN,0.785362184047699,78.95855712890625,2.1932010650634766,mlp,embedding
549,7150,NaN,NaN,NaN,NaN,0.7791410088539124,79.17109680175781,2.1795992851257324,mlp,embedding
550,7163,NaN,NaN,NaN,NaN,0.7729392647743225,79.45448303222656,2.166123628616333,mlp,embedding
551,7176,NaN,NaN,NaN,NaN,0.7662655115127563,79.70244598388672,2.1517157554626465,mlp,embedding
552,7189,5.149107164470479e-05,100.0,1.000051498413086,0.001,0.7602843642234802,79.87956237792969,2.1388843059539795,mlp,embedding
553,7202,NaN,NaN,NaN,NaN,0.7546753287315369,79.87956237792969,2.1269209384918213,mlp,embedding
554,7215,NaN,NaN,NaN,NaN,0.7489146590232849,80.02125549316406,2.11470365524292,mlp,embedding
555,7228,NaN,NaN,NaN,NaN,0.7433663606643677,80.09210205078125,2.1030030250549316,mlp,embedding
556,7241,NaN,NaN,NaN,NaN,0.7393470406532288,80.19837188720703,2.09456729888916,mlp,embedding
557,7254,3.4239441447425634e-05,100.0,1.000034213066101,0.001,0.733206033706665,80.51718139648438,2.0817439556121826,mlp,embedding
558,7267,NaN,NaN,NaN,NaN,0.7277345061302185,80.76514434814453,2.0703847408294678,mlp,embedding
559,7280,NaN,NaN,NaN,NaN,0.7222242951393127,80.87141418457031,2.0590078830718994,mlp,embedding
560,7293,NaN,NaN,NaN,NaN,0.7179867625236511,80.62345123291016,2.0503013134002686,mlp,embedding
561,7306,NaN,NaN,NaN,NaN,0.7127092480659485,80.76514434814453,2.0395092964172363,mlp,embedding
562,7319,2.1931673472863622e-05,100.0,1.0000219345092773,0.001,0.7091972231864929,80.80056762695312,2.0323591232299805,mlp,embedding
563,7332,NaN,NaN,NaN,NaN,0.7042511701583862,80.76514434814453,2.022331714630127,mlp,embedding
564,7345,NaN,NaN,NaN,NaN,0.6997998952865601,81.01310729980469,2.013349771499634,mlp,embedding
565,7358,NaN,NaN,NaN,NaN,0.696564793586731,81.19022369384766,2.0068469047546387,mlp,embedding
566,7371,NaN,NaN,NaN,NaN,0.6919907927513123,81.08395385742188,1.9976885318756104,mlp,embedding
567,7384,1.4152729818306398e-05,100.0,1.0000141859054565,0.001,0.6884810924530029,81.19022369384766,1.9906895160675049,mlp,embedding
568,7397,NaN,NaN,NaN,NaN,0.6854073405265808,81.40276336669922,1.9845800399780273,mlp,embedding
569,7410,NaN,NaN,NaN,NaN,0.6821722388267517,81.33191680908203,1.9781701564788818,mlp,embedding
570,7423,NaN,NaN,NaN,NaN,0.6779608130455017,81.61530303955078,1.9698567390441895,mlp,embedding
571,7436,NaN,NaN,NaN,NaN,0.6747429370880127,81.65072631835938,1.9635281562805176,mlp,embedding
572,7449,9.233828677679412e-06,100.0,1.0000091791152954,0.001,0.6721681952476501,81.79241943359375,1.9584790468215942,mlp,embedding
573,7462,NaN,NaN,NaN,NaN,0.6683791279792786,81.82784271240234,1.951072335243225,mlp,embedding
574,7475,NaN,NaN,NaN,NaN,0.6642234325408936,81.89868927001953,1.9429811239242554,mlp,embedding
575,7488,NaN,NaN,NaN,NaN,0.6614206433296204,81.86326599121094,1.9375429153442383,mlp,embedding
576,7501,NaN,NaN,NaN,NaN,0.6578497290611267,81.93411254882812,1.9306365251541138,mlp,embedding
577,7514,6.114010375313228e-06,100.0,1.000006079673767,0.001,0.6552850604057312,81.89868927001953,1.9256913661956787,mlp,embedding
578,7527,NaN,NaN,NaN,NaN,0.6509884595870972,82.14665222167969,1.9174351692199707,mlp,embedding
579,7540,NaN,NaN,NaN,NaN,0.6502684354782104,82.21749877929688,1.9160550832748413,mlp,embedding
580,7553,NaN,NaN,NaN,NaN,0.6459760069847107,82.46546173095703,1.9078482389450073,mlp,embedding
581,7566,NaN,NaN,NaN,NaN,0.6447844505310059,82.46546173095703,1.905576229095459,mlp,embedding
582,7579,4.140809778618859e-06,100.0,1.0000041723251343,0.001,0.64175945520401,82.6071548461914,1.8998205661773682,mlp,embedding
583,7592,NaN,NaN,NaN,NaN,0.6380636692047119,82.81969451904297,1.8928122520446777,mlp,embedding
584,7605,NaN,NaN,NaN,NaN,0.636580228805542,83.03223419189453,1.890006422996521,mlp,embedding
585,7618,NaN,NaN,NaN,NaN,0.6348363757133484,83.06765747070312,1.8867133855819702,mlp,embedding
586,7631,NaN,NaN,NaN,NaN,0.6310865879058838,83.35104370117188,1.8796519041061401,mlp,embedding
587,7644,2.867983766918769e-06,100.0,1.0000028610229492,0.001,0.6299509406089783,83.31562042236328,1.8775184154510498,mlp,embedding
588,7657,NaN,NaN,NaN,NaN,0.6264728903770447,83.31562042236328,1.8709996938705444,mlp,embedding
589,7670,NaN,NaN,NaN,NaN,0.6261060237884521,83.56358337402344,1.8703134059906006,mlp,embedding
590,7683,NaN,NaN,NaN,NaN,0.6214687824249268,83.56358337402344,1.861660361289978,mlp,embedding
591,7696,NaN,NaN,NaN,NaN,0.6161454916000366,83.70527648925781,1.8517765998840332,mlp,embedding
592,7709,2.0151517219346715e-06,100.0,1.0000020265579224,0.001,0.6153792142868042,83.56358337402344,1.8503581285476685,mlp,embedding
593,7722,NaN,NaN,NaN,NaN,0.6138925552368164,83.66985321044922,1.8476094007492065,mlp,embedding
594,7735,NaN,NaN,NaN,NaN,0.6116710901260376,83.66985321044922,1.843509554862976,mlp,embedding
595,7748,NaN,NaN,NaN,NaN,0.6067058444023132,83.7406997680664,1.834378719329834,mlp,embedding
596,7761,NaN,NaN,NaN,NaN,0.6026237607002258,84.02408599853516,1.8269058465957642,mlp,embedding
597,7774,1.467652509745676e-06,100.0,1.0000014305114746,0.001,0.5977295637130737,84.13035583496094,1.8179864883422852,mlp,embedding
598,7787,NaN,NaN,NaN,NaN,0.5964492559432983,84.20120239257812,1.8156603574752808,mlp,embedding
599,7800,NaN,NaN,NaN,NaN,0.5898569226264954,84.52001190185547,1.8037303686141968,mlp,embedding
600,7813,NaN,NaN,NaN,NaN,0.5864362716674805,84.69712829589844,1.7975709438323975,mlp,embedding
601,7826,NaN,NaN,NaN,NaN,0.5852231979370117,84.59085845947266,1.7953916788101196,mlp,embedding
602,7839,1.071941937880183e-06,100.0,1.000001072883606,0.001,0.581856906414032,84.76797485351562,1.7893580198287964,mlp,embedding
603,7852,NaN,NaN,NaN,NaN,0.57341468334198,85.19305419921875,1.7743154764175415,mlp,embedding
604,7865,NaN,NaN,NaN,NaN,0.5646170973777771,85.26390075683594,1.7587741613388062,mlp,embedding
605,7878,NaN,NaN,NaN,NaN,0.5606343150138855,85.54728698730469,1.7517833709716797,mlp,embedding
606,7891,NaN,NaN,NaN,NaN,0.5599204897880554,85.61813354492188,1.7505333423614502,mlp,embedding
607,7904,NaN,NaN,NaN,NaN,0.5506630539894104,85.79524993896484,1.7344026565551758,mlp,embedding
608,7917,6.886660912641673e-07,100.0,1.0000007152557373,0.001,0.5489187836647034,86.22032928466797,1.7313799858093262,mlp,embedding
609,7930,NaN,NaN,NaN,NaN,0.5396848320960999,86.043212890625,1.7154661417007446,mlp,embedding
610,7943,NaN,NaN,NaN,NaN,0.5384472012519836,86.18490600585938,1.7133443355560303,mlp,embedding
611,7956,NaN,NaN,NaN,NaN,0.5272493362426758,86.36202239990234,1.6942654848098755,mlp,embedding
612,7969,NaN,NaN,NaN,NaN,0.5262561440467834,86.43286895751953,1.692583680152893,mlp,embedding
613,7982,NaN,NaN,NaN,NaN,0.5147794485092163,86.50371551513672,1.6732693910598755,mlp,embedding
614,7995,4.093587904208107e-07,100.0,1.0000003576278687,0.001,0.5107751488685608,87.07048797607422,1.6665825843811035,mlp,embedding
615,8008,NaN,NaN,NaN,NaN,0.5121541619300842,86.82252502441406,1.6688823699951172,mlp,embedding
616,8021,NaN,NaN,NaN,NaN,0.501609206199646,86.96421813964844,1.651376485824585,mlp,embedding
617,8034,NaN,NaN,NaN,NaN,0.4979822635650635,87.31845092773438,1.6453979015350342,mlp,embedding
618,8047,NaN,NaN,NaN,NaN,0.4939360022544861,87.31845092773438,1.6387536525726318,mlp,embedding
619,8060,NaN,NaN,NaN,NaN,0.4882405996322632,87.81438446044922,1.6294468641281128,mlp,embedding
620,8073,2.211145755381949e-07,100.0,1.000000238418579,0.001,0.4855707585811615,87.70811462402344,1.6251022815704346,mlp,embedding
621,8086,NaN,NaN,NaN,NaN,0.47857344150543213,87.84980773925781,1.613770604133606,mlp,embedding
622,8099,NaN,NaN,NaN,NaN,0.4798508286476135,88.02692413330078,1.6158334016799927,mlp,embedding
623,8112,NaN,NaN,NaN,NaN,0.4712482690811157,88.13319396972656,1.6019927263259888,mlp,embedding
624,8125,NaN,NaN,NaN,NaN,0.46963873505592346,88.13319396972656,1.5994162559509277,mlp,embedding
625,8138,NaN,NaN,NaN,NaN,0.4846251904964447,88.23946380615234,1.6235663890838623,mlp,embedding
626,8151,1.5855954416110762e-07,100.0,1.0000001192092896,0.001,0.49003902077674866,87.99150085449219,1.6323798894882202,mlp,embedding
627,8164,NaN,NaN,NaN,NaN,0.4863998293876648,88.41658020019531,1.6264501810073853,mlp,embedding
628,8177,NaN,NaN,NaN,NaN,0.48932674527168274,88.69996643066406,1.6312175989151,mlp,embedding
629,8190,NaN,NaN,NaN,NaN,3.1261754035949707,57.137794494628906,22.786663055419922,mlp,embedding
630,8203,NaN,NaN,NaN,NaN,1.5513665676116943,69.74849700927734,4.7179131507873535,mlp,embedding
631,8216,NaN,NaN,NaN,NaN,0.9323098063468933,79.06482696533203,2.540370225906372,mlp,embedding
632,8229,0.005427217576652765,99.81779479980469,1.0054420232772827,0.001,0.6430932879447937,84.27204895019531,1.9023563861846924,mlp,embedding
633,8242,NaN,NaN,NaN,NaN,0.6291716694831848,84.20120239257812,1.8760559558868408,mlp,embedding
634,8255,NaN,NaN,NaN,NaN,0.5606804490089417,86.11405944824219,1.7518641948699951,mlp,embedding
635,8268,NaN,NaN,NaN,NaN,0.5480851531028748,86.14948272705078,1.7299373149871826,mlp,embedding
636,8281,NaN,NaN,NaN,NaN,0.5349331498146057,86.53913879394531,1.7073341608047485,mlp,embedding
637,8294,NaN,NaN,NaN,NaN,0.5247002840042114,86.71625518798828,1.6899522542953491,mlp,embedding
638,8307,5.3899872000329196e-05,100.0,1.000053882598877,0.001,0.5166274905204773,86.78710174560547,1.676364541053772,mlp,embedding
639,8320,NaN,NaN,NaN,NaN,0.5098850727081299,86.89337158203125,1.665099859237671,mlp,embedding
640,8333,NaN,NaN,NaN,NaN,0.5040186047554016,86.99964141845703,1.6553601026535034,mlp,embedding
641,8346,NaN,NaN,NaN,NaN,0.49835139513015747,87.10591125488281,1.646005392074585,mlp,embedding
642,8359,NaN,NaN,NaN,NaN,0.492979496717453,87.2121810913086,1.6371870040893555,mlp,embedding
643,8372,NaN,NaN,NaN,NaN,0.48784884810447693,87.31845092773438,1.628808617591858,mlp,embedding
644,8385,3.417041807551868e-05,100.0,1.000034213066101,0.001,0.48221707344055176,87.42472076416016,1.6196613311767578,mlp,embedding
645,8398,NaN,NaN,NaN,NaN,0.47718825936317444,87.35387420654297,1.6115368604660034,mlp,embedding
646,8411,NaN,NaN,NaN,NaN,0.47202807664871216,87.31845092773438,1.6032423973083496,mlp,embedding
647,8424,NaN,NaN,NaN,NaN,0.46718093752861023,87.38929748535156,1.5954900979995728,mlp,embedding
648,8437,NaN,NaN,NaN,NaN,0.46193236112594604,87.49556732177734,1.5871379375457764,mlp,embedding
649,8450,NaN,NaN,NaN,NaN,0.4574206471443176,87.49556732177734,1.5799933671951294,mlp,embedding
650,8463,2.352185401832685e-05,100.0,1.0000234842300415,0.001,0.45246440172195435,87.63726806640625,1.5721819400787354,mlp,embedding
651,8476,NaN,NaN,NaN,NaN,0.44758284091949463,87.74353790283203,1.5645259618759155,mlp,embedding
652,8489,NaN,NaN,NaN,NaN,0.4429317116737366,87.74353790283203,1.5572659969329834,mlp,embedding
653,8502,NaN,NaN,NaN,NaN,0.438365638256073,87.8852310180664,1.5501716136932373,mlp,embedding
654,8515,NaN,NaN,NaN,NaN,0.43350812792778015,87.99150085449219,1.542659878730774,mlp,embedding
655,8528,NaN,NaN,NaN,NaN,0.4286176264286041,88.13319396972656,1.535133957862854,mlp,embedding
656,8541,1.6056459571700543e-05,100.0,1.0000160932540894,0.001,0.42441630363464355,88.27488708496094,1.5286978483200073,mlp,embedding
657,8554,NaN,NaN,NaN,NaN,0.4201968014240265,88.34573364257812,1.522261142730713,mlp,embedding
658,8567,NaN,NaN,NaN,NaN,0.4155547618865967,88.41658020019531,1.5152111053466797,mlp,embedding
659,8580,NaN,NaN,NaN,NaN,0.41143354773521423,88.4874267578125,1.5089794397354126,mlp,embedding
660,8593,NaN,NaN,NaN,NaN,0.40737664699554443,88.84165954589844,1.5028700828552246,mlp,embedding
661,8606,NaN,NaN,NaN,NaN,0.4027543365955353,88.84165954589844,1.4959393739700317,mlp,embedding
662,8619,1.0878855391638353e-05,100.0,1.0000108480453491,0.001,0.39910632371902466,88.98335266113281,1.4904921054840088,mlp,embedding
663,8632,NaN,NaN,NaN,NaN,0.3949296772480011,89.12504577636719,1.484279751777649,mlp,embedding
664,8645,NaN,NaN,NaN,NaN,0.3907411992549896,89.19589233398438,1.4780759811401367,mlp,embedding
665,8658,NaN,NaN,NaN,NaN,0.3872124254703522,89.19589233398438,1.4728692770004272,mlp,embedding
666,8671,NaN,NaN,NaN,NaN,0.38355132937431335,89.19589233398438,1.46748685836792,mlp,embedding
667,8684,NaN,NaN,NaN,NaN,0.3804398775100708,89.23131561279297,1.4629279375076294,mlp,embedding
668,8697,7.226271009130869e-06,100.0,1.0000072717666626,0.001,0.3764342665672302,89.37300872802734,1.4570797681808472,mlp,embedding
669,8710,NaN,NaN,NaN,NaN,0.37341126799583435,89.44385528564453,1.4526816606521606,mlp,embedding
670,8723,NaN,NaN,NaN,NaN,0.37016400694847107,89.72724151611328,1.447972059249878,mlp,embedding
671,8736,NaN,NaN,NaN,NaN,0.36654892563819885,89.83351135253906,1.4427469968795776,mlp,embedding
672,8749,NaN,NaN,NaN,NaN,0.3636566400527954,89.86893463134766,1.4385801553726196,mlp,embedding
673,8762,NaN,NaN,NaN,NaN,0.3598303198814392,89.93978118896484,1.4330862760543823,mlp,embedding
674,8775,4.723841811937746e-06,100.0,1.000004768371582,0.001,0.3576802909374237,90.08147430419922,1.4300084114074707,mlp,embedding
675,8788,NaN,NaN,NaN,NaN,0.3545067310333252,90.25859069824219,1.425477385520935,mlp,embedding
676,8801,NaN,NaN,NaN,NaN,0.352114737033844,90.187744140625,1.4220716953277588,mlp,embedding
677,8814,NaN,NaN,NaN,NaN,0.3484852910041809,90.32943725585938,1.4169197082519531,mlp,embedding
678,8827,NaN,NaN,NaN,NaN,0.3464800715446472,90.25859069824219,1.414081335067749,mlp,embedding
679,8840,NaN,NaN,NaN,NaN,0.3430440127849579,90.29401397705078,1.4092308282852173,mlp,embedding
680,8853,3.1035376650834223e-06,100.0,1.0000030994415283,0.001,0.34178078174591064,90.32943725585938,1.4074517488479614,mlp,embedding
681,8866,NaN,NaN,NaN,NaN,0.3386768102645874,90.47113037109375,1.4030897617340088,mlp,embedding
682,8879,NaN,NaN,NaN,NaN,0.33649322390556335,90.54197692871094,1.4000294208526611,mlp,embedding
683,8892,NaN,NaN,NaN,NaN,0.3335348665714264,90.54197692871094,1.3958936929702759,mlp,embedding
684,8905,NaN,NaN,NaN,NaN,0.3320997953414917,90.7190933227539,1.3938919305801392,mlp,embedding
685,8918,NaN,NaN,NaN,NaN,0.32926061749458313,90.7190933227539,1.3899400234222412,mlp,embedding
686,8931,2.0640036382246763e-06,100.0,1.0000020265579224,0.001,0.3272702395915985,90.7899398803711,1.387176275253296,mlp,embedding
687,8944,NaN,NaN,NaN,NaN,0.3261610269546509,90.68367004394531,1.3856384754180908,mlp,embedding
688,8957,NaN,NaN,NaN,NaN,0.3239530920982361,90.93163299560547,1.382582426071167,mlp,embedding
689,8970,NaN,NaN,NaN,NaN,0.32190245389938354,90.7545166015625,1.37975013256073,mlp,embedding
690,8983,NaN,NaN,NaN,NaN,0.31895145773887634,90.96705627441406,1.3756844997406006,mlp,embedding
691,8996,NaN,NaN,NaN,NaN,0.3184610903263092,91.07332611083984,1.3750101327896118,mlp,embedding
692,9009,1.4002282568981173e-06,100.0,1.0000014305114746,0.001,0.3145969808101654,90.86078643798828,1.3697072267532349,mlp,embedding
693,9022,NaN,NaN,NaN,NaN,0.31584808230400085,91.14417266845703,1.3714219331741333,mlp,embedding
694,9035,NaN,NaN,NaN,NaN,0.3119365870952606,90.82536315917969,1.3660680055618286,mlp,embedding
695,9048,NaN,NaN,NaN,NaN,0.31151512265205383,91.21501922607422,1.3654924631118774,mlp,embedding
696,9061,NaN,NaN,NaN,NaN,0.3093445301055908,91.3567123413086,1.3625317811965942,mlp,embedding
697,9074,NaN,NaN,NaN,NaN,0.30742505192756653,91.3212890625,1.3599188327789307,mlp,embedding
698,9087,9.740912219058373e-07,100.0,1.0000009536743164,0.001,0.30852869153022766,91.17959594726562,1.3614205121994019,mlp,embedding
699,9100,NaN,NaN,NaN,NaN,0.30778539180755615,91.49840545654297,1.3604090213775635,mlp,embedding
700,9113,NaN,NaN,NaN,NaN,0.30416351556777954,91.3212890625,1.3554906845092773,mlp,embedding
701,9126,NaN,NaN,NaN,NaN,0.3011600077152252,91.42755889892578,1.3514255285263062,mlp,embedding
702,9139,NaN,NaN,NaN,NaN,0.2971639037132263,91.53382873535156,1.3460359573364258,mlp,embedding
703,9152,NaN,NaN,NaN,NaN,0.29580339789390564,91.53382873535156,1.3442058563232422,mlp,embedding
704,9165,6.765388320673082e-07,100.0,1.0000007152557373,0.001,0.2902924716472626,91.81721496582031,1.3368184566497803,mlp,embedding
705,9178,NaN,NaN,NaN,NaN,0.28968074917793274,91.95890808105469,1.336000919342041,mlp,embedding
706,9191,NaN,NaN,NaN,NaN,0.28692859411239624,91.9234848022461,1.3323290348052979,mlp,embedding
707,9204,NaN,NaN,NaN,NaN,0.28572508692741394,92.13602447509766,1.3307266235351562,mlp,embedding
708,9217,NaN,NaN,NaN,NaN,0.27679887413978577,91.99433135986328,1.3189010620117188,mlp,embedding
709,9230,NaN,NaN,NaN,NaN,0.2783364951610565,92.38398742675781,1.3209306001663208,mlp,embedding
710,9243,NaN,NaN,NaN,NaN,0.2743528187274933,92.24229431152344,1.3156789541244507,mlp,embedding
711,9256,3.9448025290766964e-07,100.0,1.0000003576278687,0.001,0.2695254385471344,92.27771759033203,1.3093429803848267,mlp,embedding
712,9269,NaN,NaN,NaN,NaN,0.2637360394001007,92.4902572631836,1.3017845153808594,mlp,embedding
713,9282,NaN,NaN,NaN,NaN,0.2653961777687073,92.4902572631836,1.3039474487304688,mlp,embedding
714,9295,NaN,NaN,NaN,NaN,0.2597510516643524,92.66737365722656,1.296607255935669,mlp,embedding
715,9308,NaN,NaN,NaN,NaN,0.2625615894794464,92.4902572631836,1.3002564907073975,mlp,embedding
716,9321,NaN,NaN,NaN,NaN,0.25982123613357544,92.4902572631836,1.2966982126235962,mlp,embedding
717,9334,NaN,NaN,NaN,NaN,0.255387544631958,92.52568054199219,1.2909618616104126,mlp,embedding
718,9347,2.0116792143198836e-07,100.0,1.000000238418579,0.001,0.2514719069004059,92.77364349365234,1.285916805267334,mlp,embedding
719,9360,NaN,NaN,NaN,NaN,0.2519451379776001,92.66737365722656,1.2865254878997803,mlp,embedding
720,9373,NaN,NaN,NaN,NaN,0.24391575157642365,92.9861831665039,1.2762367725372314,mlp,embedding
721,9386,NaN,NaN,NaN,NaN,0.24577941000461578,92.9861831665039,1.27861750125885,mlp,embedding
722,9399,NaN,NaN,NaN,NaN,0.2530895173549652,92.95075988769531,1.2879985570907593,mlp,embedding
723,9412,NaN,NaN,NaN,NaN,0.25995680689811707,93.0216064453125,1.2968740463256836,mlp,embedding
724,9425,NaN,NaN,NaN,NaN,1.7043546438217163,68.96917724609375,5.497836589813232,mlp,embedding
725,9438,0.14801135659217834,95.3537826538086,1.1595261096954346,0.001,0.8266361355781555,78.99398040771484,2.2856173515319824,mlp,embedding
726,9451,NaN,NaN,NaN,NaN,0.5433675646781921,85.65355682373047,1.7217953205108643,mlp,embedding
727,9464,NaN,NaN,NaN,NaN,0.41251739859580994,89.05419921875,1.5106158256530762,mlp,embedding
728,9477,NaN,NaN,NaN,NaN,0.3481062948703766,90.29401397705078,1.4163827896118164,mlp,embedding
729,9490,NaN,NaN,NaN,NaN,0.31712496280670166,90.82536315917969,1.3731741905212402,mlp,embedding
730,9503,NaN,NaN,NaN,NaN,0.3013269007205963,91.25044250488281,1.3516510725021362,mlp,embedding
731,9516,NaN,NaN,NaN,NaN,0.2922484278678894,91.56925201416016,1.3394356966018677,mlp,embedding
732,9529,9.979336027754471e-05,100.0,1.000099778175354,0.001,0.2863123416900635,91.60467529296875,1.3315082788467407,mlp,embedding
733,9542,NaN,NaN,NaN,NaN,0.28138068318367004,91.81721496582031,1.3249578475952148,mlp,embedding
734,9555,NaN,NaN,NaN,NaN,0.2771679162979126,91.95890808105469,1.3193879127502441,mlp,embedding
735,9568,NaN,NaN,NaN,NaN,0.27317607402801514,92.17144775390625,1.3141316175460815,mlp,embedding
736,9581,NaN,NaN,NaN,NaN,0.2696472704410553,92.20687103271484,1.3095024824142456,mlp,embedding
737,9594,NaN,NaN,NaN,NaN,0.2663429081439972,92.34856414794922,1.3051825761795044,mlp,embedding
738,9607,NaN,NaN,NaN,NaN,0.2631467580795288,92.4194107055664,1.3010176420211792,mlp,embedding
739,9620,5.843619874212891e-05,100.0,1.0000584125518799,0.001,0.25991275906562805,92.4194107055664,1.2968169450759888,mlp,embedding
740,9633,NaN,NaN,NaN,NaN,0.2569204866886139,92.4902572631836,1.2929422855377197,mlp,embedding
741,9646,NaN,NaN,NaN,NaN,0.2538839876651764,92.52568054199219,1.2890222072601318,mlp,embedding
742,9659,NaN,NaN,NaN,NaN,0.2509707510471344,92.4902572631836,1.285272479057312,mlp,embedding
743,9672,NaN,NaN,NaN,NaN,0.24798531830310822,92.52568054199219,1.28144109249115,mlp,embedding
744,9685,NaN,NaN,NaN,NaN,0.2449604570865631,92.59652709960938,1.2775708436965942,mlp,embedding
745,9698,NaN,NaN,NaN,NaN,0.2420535534620285,92.70279693603516,1.273862361907959,mlp,embedding
746,9711,3.823047882178798e-05,100.0,1.0000382661819458,0.001,0.2391595095396042,92.77364349365234,1.2701811790466309,mlp,embedding
747,9724,NaN,NaN,NaN,NaN,0.23635205626487732,92.91533660888672,1.26662015914917,mlp,embedding
748,9737,NaN,NaN,NaN,NaN,0.233645498752594,92.9861831665039,1.263196587562561,mlp,embedding
749,9750,NaN,NaN,NaN,NaN,0.23055027425289154,93.09245300292969,1.259292721748352,mlp,embedding
750,9763,NaN,NaN,NaN,NaN,0.2277972549200058,93.0570297241211,1.2558306455612183,mlp,embedding
751,9776,NaN,NaN,NaN,NaN,0.22492870688438416,93.0570297241211,1.2522333860397339,mlp,embedding
752,9789,NaN,NaN,NaN,NaN,0.22218331694602966,93.16329956054688,1.248800277709961,mlp,embedding
753,9802,2.412243338767439e-05,100.0,1.0000240802764893,0.001,0.21944426000118256,93.19872283935547,1.2453844547271729,mlp,embedding
754,9815,NaN,NaN,NaN,NaN,0.21665965020656586,93.44668579101562,1.241921305656433,mlp,embedding
755,9828,NaN,NaN,NaN,NaN,0.21378624439239502,93.34041595458984,1.2383579015731812,mlp,embedding
756,9841,NaN,NaN,NaN,NaN,0.21081076562404633,93.48210906982422,1.2346787452697754,mlp,embedding
757,9854,NaN,NaN,NaN,NaN,0.20835243165493011,93.48210906982422,1.2316471338272095,mlp,embedding
758,9867,NaN,NaN,NaN,NaN,0.2055445909500122,93.65922546386719,1.228193759918213,mlp,embedding
759,9880,NaN,NaN,NaN,NaN,0.20306670665740967,93.73007202148438,1.225154161453247,mlp,embedding
760,9893,1.44706309583853e-05,100.0,1.0000144243240356,0.001,0.20021218061447144,93.73007202148438,1.221661925315857,mlp,embedding
761,9906,NaN,NaN,NaN,NaN,0.19786611199378967,93.80091857910156,1.2187992334365845,mlp,embedding
762,9919,NaN,NaN,NaN,NaN,0.19491688907146454,93.87176513671875,1.2152099609375,mlp,embedding
763,9932,NaN,NaN,NaN,NaN,0.19266697764396667,94.01345825195312,1.2124789953231812,mlp,embedding
764,9945,NaN,NaN,NaN,NaN,0.1902931034564972,94.08430480957031,1.2096041440963745,mlp,embedding
765,9958,NaN,NaN,NaN,NaN,0.18777164816856384,94.08430480957031,1.2065579891204834,mlp,embedding
766,9971,NaN,NaN,NaN,NaN,0.18492300808429718,94.1905746459961,1.2031258344650269,mlp,embedding
767,9984,8.334676749655046e-06,100.0,1.0000083446502686,0.001,0.18278606235980988,94.1905746459961,1.2005575895309448,mlp,embedding
768,9997,NaN,NaN,NaN,NaN,0.18058189749717712,94.26142120361328,1.1979142427444458,mlp,embedding
769,10010,NaN,NaN,NaN,NaN,0.17871813476085663,94.1905746459961,1.1956837177276611,mlp,embedding
770,10023,NaN,NaN,NaN,NaN,0.1760959029197693,94.26142120361328,1.1925524473190308,mlp,embedding
771,10036,NaN,NaN,NaN,NaN,0.17468468844890594,94.50938415527344,1.1908706426620483,mlp,embedding
772,10049,NaN,NaN,NaN,NaN,0.17282408475875854,94.43853759765625,1.1886569261550903,mlp,embedding
773,10062,NaN,NaN,NaN,NaN,0.17073319852352142,94.61565399169922,1.1861742734909058,mlp,embedding
774,10075,4.7344565246021375e-06,100.0,1.000004768371582,0.001,0.16903014481067657,94.61565399169922,1.184155821800232,mlp,embedding
775,10088,NaN,NaN,NaN,NaN,0.16800177097320557,94.58023071289062,1.1829386949539185,mlp,embedding
776,10101,NaN,NaN,NaN,NaN,0.1660860925912857,94.65107727050781,1.1806747913360596,mlp,embedding
777,10114,NaN,NaN,NaN,NaN,0.16458094120025635,94.721923828125,1.1788989305496216,mlp,embedding
778,10127,NaN,NaN,NaN,NaN,0.16360509395599365,94.82819366455078,1.1777491569519043,mlp,embedding
779,10140,NaN,NaN,NaN,NaN,0.16240034997463226,94.79277038574219,1.1763310432434082,mlp,embedding
780,10153,NaN,NaN,NaN,NaN,0.16093559563159943,94.96988677978516,1.1746093034744263,mlp,embedding
781,10166,2.7965957087872084e-06,100.0,1.0000027418136597,0.001,0.15987291932106018,94.86361694335938,1.1733617782592773,mlp,embedding
782,10179,NaN,NaN,NaN,NaN,0.1588665395975113,94.82819366455078,1.172181487083435,mlp,embedding
783,10192,NaN,NaN,NaN,NaN,0.15800374746322632,94.86361694335938,1.1711705923080444,mlp,embedding
784,10205,NaN,NaN,NaN,NaN,0.15666161477565765,94.82819366455078,1.1695997714996338,mlp,embedding
785,10218,NaN,NaN,NaN,NaN,0.15569506585597992,94.96988677978516,1.168469786643982,mlp,embedding
786,10231,NaN,NaN,NaN,NaN,0.15433838963508606,94.82819366455078,1.1668857336044312,mlp,embedding
787,10244,NaN,NaN,NaN,NaN,0.15328055620193481,95.04073333740234,1.1656519174575806,mlp,embedding
788,10257,1.7005677364068106e-06,100.0,1.0000016689300537,0.001,0.15308749675750732,94.89904022216797,1.1654269695281982,mlp,embedding
789,10270,NaN,NaN,NaN,NaN,0.15172581374645233,94.93446350097656,1.1638411283493042,mlp,embedding
790,10283,NaN,NaN,NaN,NaN,0.15002290904521942,94.86361694335938,1.1618608236312866,mlp,embedding
791,10296,NaN,NaN,NaN,NaN,0.14886325597763062,95.00531005859375,1.160514235496521,mlp,embedding
792,10309,NaN,NaN,NaN,NaN,0.14855995774269104,95.21784973144531,1.160162329673767,mlp,embedding
793,10322,NaN,NaN,NaN,NaN,0.14737184345722198,94.96988677978516,1.1587847471237183,mlp,embedding
794,10335,NaN,NaN,NaN,NaN,0.143694207072258,95.11157989501953,1.1545310020446777,mlp,embedding
795,10348,1.092504021471541e-06,100.0,1.000001072883606,0.001,0.142099529504776,95.2886962890625,1.15269136428833,mlp,embedding
796,10361,NaN,NaN,NaN,NaN,0.14230819046497345,95.3241195678711,1.1529319286346436,mlp,embedding
797,10374,NaN,NaN,NaN,NaN,0.1395338624715805,95.46581268310547,1.1497377157211304,mlp,embedding
798,10387,NaN,NaN,NaN,NaN,0.13927125930786133,95.53665924072266,1.1494358777999878,mlp,embedding
799,10400,NaN,NaN,NaN,NaN,0.13841384649276733,95.71377563476562,1.1484507322311401,mlp,embedding
800,10413,NaN,NaN,NaN,NaN,0.13783520460128784,95.60750579833984,1.1477863788604736,mlp,embedding
801,10426,NaN,NaN,NaN,NaN,0.1334122270345688,95.78462219238281,1.1427209377288818,mlp,embedding
802,10439,6.727739787493192e-07,100.0,1.0000007152557373,0.001,0.13270777463912964,95.78462219238281,1.141916275024414,mlp,embedding
803,10452,NaN,NaN,NaN,NaN,0.1299382746219635,95.92631530761719,1.1387580633163452,mlp,embedding
804,10465,NaN,NaN,NaN,NaN,0.12969516217708588,95.8908920288086,1.1384812593460083,mlp,embedding
805,10478,NaN,NaN,NaN,NaN,0.1263876110315323,96.03258514404297,1.1347218751907349,mlp,embedding
806,10491,NaN,NaN,NaN,NaN,0.1238132119178772,95.99716186523438,1.1318044662475586,mlp,embedding
807,10504,NaN,NaN,NaN,NaN,0.12433668971061707,96.28054809570312,1.1323970556259155,mlp,embedding
808,10517,NaN,NaN,NaN,NaN,0.12003377825021744,96.31597137451172,1.1275349855422974,mlp,embedding
809,10530,NaN,NaN,NaN,NaN,0.11958999186754227,96.13885498046875,1.1270346641540527,mlp,embedding
810,10543,3.3847760505523183e-07,100.0,1.0000003576278687,0.001,0.12037137150764465,96.3868179321289,1.127915620803833,mlp,embedding
811,10556,NaN,NaN,NaN,NaN,0.1169150248169899,96.28054809570312,1.1240239143371582,mlp,embedding
812,10569,NaN,NaN,NaN,NaN,0.11232753098011017,96.59935760498047,1.1188793182373047,mlp,embedding
813,10582,NaN,NaN,NaN,NaN,0.11149092018604279,96.56393432617188,1.1179436445236206,mlp,embedding
814,10595,NaN,NaN,NaN,NaN,0.11413291841745377,96.31597137451172,1.120901107788086,mlp,embedding
815,10608,NaN,NaN,NaN,NaN,0.10851246863603592,96.63478088378906,1.1146187782287598,mlp,embedding
816,10621,NaN,NaN,NaN,NaN,0.11107175797224045,96.4222412109375,1.1174750328063965,mlp,embedding
817,10634,NaN,NaN,NaN,NaN,0.11083994060754776,96.52851104736328,1.1172161102294922,mlp,embedding
818,10647,1.6120222312565602e-07,100.0,1.0000001192092896,0.001,0.11003799736499786,96.4576644897461,1.1163204908370972,mlp,embedding
819,10660,NaN,NaN,NaN,NaN,0.10637159645557404,96.63478088378906,1.1122350692749023,mlp,embedding
820,10673,NaN,NaN,NaN,NaN,0.12382431328296661,96.13885498046875,1.1318169832229614,mlp,embedding
821,10686,NaN,NaN,NaN,NaN,2.723127841949463,61.56570816040039,15.22787857055664,mlp,embedding
822,10699,NaN,NaN,NaN,NaN,0.8740155696868896,80.4109115600586,2.396514892578125,mlp,embedding
823,10712,NaN,NaN,NaN,NaN,0.4357256293296814,87.56642150878906,1.5460845232009888,mlp,embedding
824,10725,NaN,NaN,NaN,NaN,0.3023349344730377,91.00247955322266,1.353014349937439,mlp,embedding
825,10738,NaN,NaN,NaN,NaN,0.2191188484430313,93.12787628173828,1.2449792623519897,mlp,embedding
826,10751,0.0009183837100863457,100.0,1.0009187459945679,0.001,0.19662611186504364,93.94261169433594,1.217288851737976,mlp,embedding
827,10764,NaN,NaN,NaN,NaN,0.18688182532787323,94.26142120361328,1.2054848670959473,mlp,embedding
828,10777,NaN,NaN,NaN,NaN,0.1784214973449707,94.6865005493164,1.1953290700912476,mlp,embedding
829,10790,NaN,NaN,NaN,NaN,0.17141841351985931,94.86361694335938,1.186987280845642,mlp,embedding
830,10803,NaN,NaN,NaN,NaN,0.1668025702238083,95.07615661621094,1.181520938873291,mlp,embedding
831,10816,NaN,NaN,NaN,NaN,0.1630260944366455,95.3241195678711,1.1770673990249634,mlp,embedding
832,10829,NaN,NaN,NaN,NaN,0.15996302664279938,95.35954284667969,1.1734675168991089,mlp,embedding
833,10842,NaN,NaN,NaN,NaN,0.15735620260238647,95.39496612548828,1.1704124212265015,mlp,embedding
834,10855,0.00016768302884884179,100.0,1.000167727470398,0.001,0.15500178933143616,95.35954284667969,1.1676599979400635,mlp,embedding
835,10868,NaN,NaN,NaN,NaN,0.15287186205387115,95.46581268310547,1.1651756763458252,mlp,embedding
836,10881,NaN,NaN,NaN,NaN,0.15085475146770477,95.53665924072266,1.162827730178833,mlp,embedding
837,10894,NaN,NaN,NaN,NaN,0.14875784516334534,95.50123596191406,1.160391926765442,mlp,embedding
838,10907,NaN,NaN,NaN,NaN,0.14661063253879547,95.53665924072266,1.1579030752182007,mlp,embedding
839,10920,NaN,NaN,NaN,NaN,0.1445995271205902,95.74919891357422,1.1555767059326172,mlp,embedding
840,10933,NaN,NaN,NaN,NaN,0.1432601511478424,95.67835235595703,1.1540299654006958,mlp,embedding
841,10946,NaN,NaN,NaN,NaN,0.1408384144306183,95.78462219238281,1.1512385606765747,mlp,embedding
842,10959,9.841668361332268e-05,100.0,1.000098466873169,0.001,0.1395241767168045,95.78462219238281,1.1497266292572021,mlp,embedding
843,10972,NaN,NaN,NaN,NaN,0.1375948041677475,95.96173858642578,1.1475105285644531,mlp,embedding
844,10985,NaN,NaN,NaN,NaN,0.1358964592218399,95.8908920288086,1.1455632448196411,mlp,embedding
845,10998,NaN,NaN,NaN,NaN,0.13388985395431519,95.96173858642578,1.1432669162750244,mlp,embedding
846,11011,NaN,NaN,NaN,NaN,0.1321692019701004,95.99716186523438,1.1413013935089111,mlp,embedding
847,11024,NaN,NaN,NaN,NaN,0.1301971822977066,96.06800842285156,1.1390529870986938,mlp,embedding
848,11037,NaN,NaN,NaN,NaN,0.12842556834220886,96.17427825927734,1.1370368003845215,mlp,embedding
849,11050,NaN,NaN,NaN,NaN,0.1266862452030182,96.35139465332031,1.1350607872009277,mlp,embedding
850,11063,5.404632611316629e-05,100.0,1.0000540018081665,0.001,0.12459481507539749,96.3868179321289,1.132689356803894,mlp,embedding
851,11076,NaN,NaN,NaN,NaN,0.12274637073278427,96.52851104736328,1.1305975914001465,mlp,embedding
852,11089,NaN,NaN,NaN,NaN,0.12036024779081345,96.49308776855469,1.1279031038284302,mlp,embedding
853,11102,NaN,NaN,NaN,NaN,0.11875645071268082,96.31597137451172,1.1260956525802612,mlp,embedding
854,11115,NaN,NaN,NaN,NaN,0.1166243776679039,96.4222412109375,1.123697280883789,mlp,embedding
855,11128,NaN,NaN,NaN,NaN,0.11458629369735718,96.56393432617188,1.1214094161987305,mlp,embedding
856,11141,NaN,NaN,NaN,NaN,0.11298675835132599,96.52851104736328,1.1196171045303345,mlp,embedding
857,11154,NaN,NaN,NaN,NaN,0.11100082844495773,96.81190490722656,1.1173958778381348,mlp,embedding
858,11167,2.7261416107648984e-05,100.0,1.0000272989273071,0.001,0.10949841141700745,96.70562744140625,1.1157182455062866,mlp,embedding
859,11180,NaN,NaN,NaN,NaN,0.10737510770559311,96.77648162841797,1.113351821899414,mlp,embedding
860,11193,NaN,NaN,NaN,NaN,0.10586024820804596,96.74105834960938,1.1116665601730347,mlp,embedding
861,11206,NaN,NaN,NaN,NaN,0.1038171797990799,96.88275146484375,1.1093976497650146,mlp,embedding
862,11219,NaN,NaN,NaN,NaN,0.10248078405857086,96.84732818603516,1.107915997505188,mlp,embedding
863,11232,NaN,NaN,NaN,NaN,0.10043543577194214,96.91817474365234,1.1056522130966187,mlp,embedding
864,11245,NaN,NaN,NaN,NaN,0.0995946004986763,96.91817474365234,1.1047229766845703,mlp,embedding
865,11258,NaN,NaN,NaN,NaN,0.09841031581163406,96.98902130126953,1.1034154891967773,mlp,embedding
866,11271,1.2997417798032984e-05,100.0,1.000012993812561,0.001,0.09658262133598328,97.1307144165039,1.10140061378479,mlp,embedding
867,11284,NaN,NaN,NaN,NaN,0.09507060050964355,96.98902130126953,1.0997364521026611,mlp,embedding
868,11297,NaN,NaN,NaN,NaN,0.09428544342517853,97.09529113769531,1.0988733768463135,mlp,embedding
869,11310,NaN,NaN,NaN,NaN,0.09228780120611191,97.1661376953125,1.0966804027557373,mlp,embedding
870,11323,NaN,NaN,NaN,NaN,0.09134781360626221,97.23698425292969,1.09565007686615,mlp,embedding
871,11336,NaN,NaN,NaN,NaN,0.08997597545385361,97.09529113769531,1.09414803981781,mlp,embedding
872,11349,NaN,NaN,NaN,NaN,0.08848495036363602,97.27240753173828,1.0925178527832031,mlp,embedding
873,11362,NaN,NaN,NaN,NaN,0.08838166296482086,97.23698425292969,1.0924049615859985,mlp,embedding
874,11375,6.184022367961006e-06,100.0,1.0000061988830566,0.001,0.08661217987537384,97.27240753173828,1.0904736518859863,mlp,embedding
875,11388,NaN,NaN,NaN,NaN,0.08587100356817245,97.23698425292969,1.0896657705307007,mlp,embedding
876,11401,NaN,NaN,NaN,NaN,0.08434240520000458,97.34325408935547,1.0880013704299927,mlp,embedding
877,11414,NaN,NaN,NaN,NaN,0.08467332273721695,97.34325408935547,1.0883615016937256,mlp,embedding
878,11427,NaN,NaN,NaN,NaN,0.08289988338947296,97.34325408935547,1.0864330530166626,mlp,embedding
879,11440,NaN,NaN,NaN,NaN,0.08250097185373306,97.34325408935547,1.0859997272491455,mlp,embedding
880,11453,NaN,NaN,NaN,NaN,0.08179383724927902,97.37867736816406,1.0852320194244385,mlp,embedding
881,11466,NaN,NaN,NaN,NaN,0.08212395757436752,97.30783081054688,1.0855903625488281,mlp,embedding
882,11479,3.097204626101302e-06,100.0,1.0000030994415283,0.001,0.08101336658000946,97.37867736816406,1.0843853950500488,mlp,embedding
883,11492,NaN,NaN,NaN,NaN,0.08043836802244186,97.48494720458984,1.0837620496749878,mlp,embedding
884,11505,NaN,NaN,NaN,NaN,0.07971835881471634,97.52037048339844,1.082982063293457,mlp,embedding
885,11518,NaN,NaN,NaN,NaN,0.07855488359928131,97.48494720458984,1.0817227363586426,mlp,embedding
886,11531,NaN,NaN,NaN,NaN,0.07918261736631393,97.6974868774414,1.082401990890503,mlp,embedding
887,11544,NaN,NaN,NaN,NaN,0.07700993865728378,97.66206359863281,1.0800528526306152,mlp,embedding
888,11557,NaN,NaN,NaN,NaN,0.07737095654010773,97.73291015625,1.0804427862167358,mlp,embedding
889,11570,NaN,NaN,NaN,NaN,0.076572485268116,97.7683334350586,1.0795804262161255,mlp,embedding
890,11583,1.5820645558051183e-06,100.0,1.0000015497207642,0.001,0.07509028911590576,97.6974868774414,1.0779814720153809,mlp,embedding
891,11596,NaN,NaN,NaN,NaN,0.07454577088356018,97.7683334350586,1.0773946046829224,mlp,embedding
892,11609,NaN,NaN,NaN,NaN,0.07399092614650726,97.80375671386719,1.0767970085144043,mlp,embedding
893,11622,NaN,NaN,NaN,NaN,0.07210978120565414,97.73291015625,1.0747733116149902,mlp,embedding
894,11635,NaN,NaN,NaN,NaN,0.07205519080162048,97.80375671386719,1.0747146606445312,mlp,embedding
895,11648,NaN,NaN,NaN,NaN,0.0698956549167633,97.94544982910156,1.0723962783813477,mlp,embedding
896,11661,NaN,NaN,NaN,NaN,0.06987293809652328,97.83917999267578,1.0723719596862793,mlp,embedding
897,11674,NaN,NaN,NaN,NaN,0.06917618215084076,97.98087310791016,1.071624994277954,mlp,embedding
898,11687,8.620497737865662e-07,100.0,1.0000008344650269,0.001,0.06714319437742233,97.98087310791016,1.0694485902786255,mlp,embedding
899,11700,NaN,NaN,NaN,NaN,0.06725794821977615,98.05171966552734,1.0695713758468628,mlp,embedding
900,11713,NaN,NaN,NaN,NaN,0.06411704421043396,98.12256622314453,1.0662171840667725,mlp,embedding
901,11726,NaN,NaN,NaN,NaN,0.06261440366506577,98.08714294433594,1.0646162033081055,mlp,embedding
902,11739,NaN,NaN,NaN,NaN,0.06163042038679123,98.19341278076172,1.063569188117981,mlp,embedding
903,11752,NaN,NaN,NaN,NaN,0.06069241464138031,98.37052917480469,1.0625720024108887,mlp,embedding
904,11765,NaN,NaN,NaN,NaN,0.06009437516331673,98.19341278076172,1.0619367361068726,mlp,embedding
905,11778,NaN,NaN,NaN,NaN,0.0586448572576046,98.3351058959961,1.0603985786437988,mlp,embedding
906,11791,4.4858236947220576e-07,100.0,1.0000004768371582,0.001,0.05846211686730385,98.2642593383789,1.0602048635482788,mlp,embedding
907,11804,NaN,NaN,NaN,NaN,0.05543412268161774,98.47679901123047,1.0569993257522583,mlp,embedding
908,11817,NaN,NaN,NaN,NaN,0.054783858358860016,98.3351058959961,1.0563123226165771,mlp,embedding
909,11830,NaN,NaN,NaN,NaN,0.05491830036044121,98.47679901123047,1.0564543008804321,mlp,embedding
910,11843,NaN,NaN,NaN,NaN,0.05439550802111626,98.54764556884766,1.055902123451233,mlp,embedding
911,11856,NaN,NaN,NaN,NaN,0.05350586026906967,98.44137573242188,1.054963231086731,mlp,embedding
912,11869,NaN,NaN,NaN,NaN,0.050275951623916626,98.61849212646484,1.0515612363815308,mlp,embedding
913,11882,NaN,NaN,NaN,NaN,0.04837933927774429,98.54764556884766,1.049568772315979,mlp,embedding
914,11895,NaN,NaN,NaN,NaN,0.05003606528043747,98.58306884765625,1.0513089895248413,mlp,embedding
915,11908,2.0277886392250366e-07,100.0,1.000000238418579,0.001,0.050826508551836014,98.40595245361328,1.0521403551101685,mlp,embedding
916,11921,NaN,NaN,NaN,NaN,0.04798312857747078,98.65391540527344,1.0491529703140259,mlp,embedding
917,11934,NaN,NaN,NaN,NaN,0.04870773106813431,98.51222229003906,1.0499134063720703,mlp,embedding
918,11947,NaN,NaN,NaN,NaN,0.047861095517873764,98.58306884765625,1.0490249395370483,mlp,embedding
919,11960,NaN,NaN,NaN,NaN,0.07164376974105835,97.83917999267578,1.074272632598877,mlp,embedding
920,11973,NaN,NaN,NaN,NaN,1.0698844194412231,75.87672424316406,2.9150426387786865,mlp,embedding
921,11986,NaN,NaN,NaN,NaN,0.4427363872528076,87.99150085449219,1.5569618940353394,mlp,embedding
922,11999,NaN,NaN,NaN,NaN,0.22738070785999298,93.58837890625,1.255307674407959,mlp,embedding
923,12012,NaN,NaN,NaN,NaN,0.17275546491146088,94.61565399169922,1.1885753870010376,mlp,embedding
924,12025,0.0006627170369029045,100.0,1.000662922859192,0.001,0.13917289674282074,95.43038940429688,1.149322748184204,mlp,embedding
925,12038,NaN,NaN,NaN,NaN,0.12579657137393951,95.85546875,1.1340514421463013,mlp,embedding
926,12051,NaN,NaN,NaN,NaN,0.1181010901927948,96.13885498046875,1.1253578662872314,mlp,embedding
927,12064,NaN,NaN,NaN,NaN,0.11303010582923889,96.3868179321289,1.1196656227111816,mlp,embedding
928,12077,NaN,NaN,NaN,NaN,0.10930916666984558,96.4576644897461,1.1155071258544922,mlp,embedding
929,12090,NaN,NaN,NaN,NaN,0.10620039701461792,96.4576644897461,1.1120446920394897,mlp,embedding
930,12103,NaN,NaN,NaN,NaN,0.10380984842777252,96.49308776855469,1.1093894243240356,mlp,embedding
931,12116,NaN,NaN,NaN,NaN,0.10085693001747131,96.52851104736328,1.1061183214187622,mlp,embedding
932,12129,NaN,NaN,NaN,NaN,0.09849465638399124,96.67020416259766,1.103508472442627,mlp,embedding
933,12142,7.607665611431003e-05,100.0,1.0000760555267334,0.001,0.09666002541780472,96.74105834960938,1.1014858484268188,mlp,embedding
934,12155,NaN,NaN,NaN,NaN,0.09444137662649155,96.88275146484375,1.099044680595398,mlp,embedding
935,12168,NaN,NaN,NaN,NaN,0.09230247139930725,97.02444458007812,1.0966964960098267,mlp,embedding
936,12181,NaN,NaN,NaN,NaN,0.09026690572500229,97.1307144165039,1.0944663286209106,mlp,embedding
937,12194,NaN,NaN,NaN,NaN,0.08834607154130936,97.1307144165039,1.092366099357605,mlp,embedding
938,12207,NaN,NaN,NaN,NaN,0.08647173643112183,97.23698425292969,1.0903205871582031,mlp,embedding
939,12220,NaN,NaN,NaN,NaN,0.08461613953113556,97.30783081054688,1.08829927444458,mlp,embedding
940,12233,NaN,NaN,NaN,NaN,0.08278335630893707,97.37867736816406,1.0863064527511597,mlp,embedding
941,12246,NaN,NaN,NaN,NaN,0.08046940714120865,97.44952392578125,1.0837956666946411,mlp,embedding
942,12259,4.0705170249566436e-05,100.0,1.0000406503677368,0.001,0.07883096486330032,97.52037048339844,1.0820213556289673,mlp,embedding
943,12272,NaN,NaN,NaN,NaN,0.07721547037363052,97.55579376220703,1.0802748203277588,mlp,embedding
944,12285,NaN,NaN,NaN,NaN,0.07509181648492813,97.62664031982422,1.0779831409454346,mlp,embedding
945,12298,NaN,NaN,NaN,NaN,0.07329271733760834,97.66206359863281,1.0760455131530762,mlp,embedding
946,12311,NaN,NaN,NaN,NaN,0.0716874897480011,97.73291015625,1.07431960105896,mlp,embedding
947,12324,NaN,NaN,NaN,NaN,0.06971747428178787,97.73291015625,1.0722051858901978,mlp,embedding
948,12337,NaN,NaN,NaN,NaN,0.06832621246576309,97.80375671386719,1.0707144737243652,mlp,embedding
949,12350,NaN,NaN,NaN,NaN,0.06630206108093262,97.83917999267578,1.068549394607544,mlp,embedding
950,12363,NaN,NaN,NaN,NaN,0.06464344263076782,97.83917999267578,1.066778540611267,mlp,embedding
951,12376,2.1214431399130262e-05,100.0,1.00002121925354,0.001,0.06316481530666351,98.01629638671875,1.0652023553848267,mlp,embedding
952,12389,NaN,NaN,NaN,NaN,0.061740562319755554,98.01629638671875,1.0636863708496094,mlp,embedding
953,12402,NaN,NaN,NaN,NaN,0.05992772802710533,98.08714294433594,1.0617598295211792,mlp,embedding
954,12415,NaN,NaN,NaN,NaN,0.05867915228009224,98.2642593383789,1.0604349374771118,mlp,embedding
955,12428,NaN,NaN,NaN,NaN,0.057270970195531845,98.3351058959961,1.0589426755905151,mlp,embedding
956,12441,NaN,NaN,NaN,NaN,0.055825017392635345,98.3351058959961,1.0574126243591309,mlp,embedding
957,12454,NaN,NaN,NaN,NaN,0.054627787321805954,98.37052917480469,1.0561474561691284,mlp,embedding
958,12467,NaN,NaN,NaN,NaN,0.05334022268652916,98.51222229003906,1.0547884702682495,mlp,embedding
959,12480,NaN,NaN,NaN,NaN,0.052105195820331573,98.51222229003906,1.0534865856170654,mlp,embedding
960,12493,1.0133587238669861e-05,100.0,1.0000101327896118,0.001,0.051041509956121445,98.61849212646484,1.0523666143417358,mlp,embedding
961,12506,NaN,NaN,NaN,NaN,0.050067704170942307,98.68933868408203,1.051342248916626,mlp,embedding
962,12519,NaN,NaN,NaN,NaN,0.04905109852552414,98.79560852050781,1.0502740144729614,mlp,embedding
963,12532,NaN,NaN,NaN,NaN,0.04804929345846176,98.76018524169922,1.0492223501205444,mlp,embedding
964,12545,NaN,NaN,NaN,NaN,0.04700584337115288,98.93730163574219,1.0481281280517578,mlp,embedding
965,12558,NaN,NaN,NaN,NaN,0.046379394829273224,98.97272491455078,1.0474717617034912,mlp,embedding
966,12571,NaN,NaN,NaN,NaN,0.04558129608631134,99.04357147216797,1.0466361045837402,mlp,embedding
967,12584,NaN,NaN,NaN,NaN,0.044646259397268295,99.07899475097656,1.0456578731536865,mlp,embedding
968,12597,NaN,NaN,NaN,NaN,0.0439453125,99.07899475097656,1.0449252128601074,mlp,embedding
969,12610,4.659736077883281e-06,100.0,1.0000046491622925,0.001,0.04318239167332649,99.11441802978516,1.0441282987594604,mlp,embedding
970,12623,NaN,NaN,NaN,NaN,0.04256051033735275,99.07899475097656,1.0434792041778564,mlp,embedding
971,12636,NaN,NaN,NaN,NaN,0.0416199192404747,99.14984130859375,1.0424981117248535,mlp,embedding
972,12649,NaN,NaN,NaN,NaN,0.041168682277202606,99.14984130859375,1.0420278310775757,mlp,embedding
973,12662,NaN,NaN,NaN,NaN,0.04033134877681732,99.07899475097656,1.0411556959152222,mlp,embedding
974,12675,NaN,NaN,NaN,NaN,0.039656516164541245,99.07899475097656,1.040453314781189,mlp,embedding
975,12688,NaN,NaN,NaN,NaN,0.03901446610689163,99.18526458740234,1.0397855043411255,mlp,embedding
976,12701,NaN,NaN,NaN,NaN,0.03817230835556984,99.25611114501953,1.0389102697372437,mlp,embedding
977,12714,NaN,NaN,NaN,NaN,0.037617772817611694,99.25611114501953,1.0383342504501343,mlp,embedding
978,12727,2.3103309558791807e-06,100.0,1.0000022649765015,0.001,0.037165217101573944,99.32695770263672,1.0378644466400146,mlp,embedding
979,12740,NaN,NaN,NaN,NaN,0.03680339455604553,99.22068786621094,1.0374890565872192,mlp,embedding
980,12753,NaN,NaN,NaN,NaN,0.03588767349720001,99.22068786621094,1.0365394353866577,mlp,embedding
981,12766,NaN,NaN,NaN,NaN,0.03559006750583649,99.22068786621094,1.0362309217453003,mlp,embedding
982,12779,NaN,NaN,NaN,NaN,0.03474465012550354,99.18526458740234,1.0353553295135498,mlp,embedding
983,12792,NaN,NaN,NaN,NaN,0.03407476097345352,99.22068786621094,1.0346620082855225,mlp,embedding
984,12805,NaN,NaN,NaN,NaN,0.034323565661907196,99.14984130859375,1.0349193811416626,mlp,embedding
985,12818,NaN,NaN,NaN,NaN,0.0335962250828743,99.25611114501953,1.034166932106018,mlp,embedding
986,12831,NaN,NaN,NaN,NaN,0.03337882086634636,99.14984130859375,1.0339421033859253,mlp,embedding
987,12844,1.2882233022537548e-06,100.0,1.000001311302185,0.001,0.03223889693617821,99.14984130859375,1.032764196395874,mlp,embedding
988,12857,NaN,NaN,NaN,NaN,0.03236166387796402,99.18526458740234,1.032891035079956,mlp,embedding
989,12870,NaN,NaN,NaN,NaN,0.03155270963907242,99.07899475097656,1.0320557355880737,mlp,embedding
990,12883,NaN,NaN,NaN,NaN,0.031563401222229004,99.11441802978516,1.032066822052002,mlp,embedding
991,12896,NaN,NaN,NaN,NaN,0.030432019382715225,99.25611114501953,1.0308997631072998,mlp,embedding
992,12909,NaN,NaN,NaN,NaN,0.029494591057300568,99.14984130859375,1.0299338102340698,mlp,embedding
993,12922,NaN,NaN,NaN,NaN,0.02990724891424179,99.14984130859375,1.030358910560608,mlp,embedding
994,12935,NaN,NaN,NaN,NaN,0.029330933466553688,99.11441802978516,1.0297653675079346,mlp,embedding
995,12948,NaN,NaN,NaN,NaN,0.028331847861409187,99.18526458740234,1.0287370681762695,mlp,embedding
996,12961,7.181878345363657e-07,100.0,1.0000007152557373,0.001,0.028605889528989792,99.11441802978516,1.0290189981460571,mlp,embedding
997,12974,NaN,NaN,NaN,NaN,0.028050851076841354,99.14984130859375,1.0284479856491089,mlp,embedding
998,12987,NaN,NaN,NaN,NaN,0.026947248727083206,99.25611114501953,1.0273135900497437,mlp,embedding
999,13000,NaN,NaN,NaN,NaN,0.026054665446281433,99.29153442382812,1.0263971090316772,mlp,embedding
1000,13013,NaN,NaN,NaN,NaN,0.025635220110416412,99.25611114501953,1.0259666442871094,mlp,embedding
1001,13026,NaN,NaN,NaN,NaN,0.026277810335159302,99.29153442382812,1.0266261100769043,mlp,embedding
1002,13039,NaN,NaN,NaN,NaN,0.025327637791633606,99.36238098144531,1.0256510972976685,mlp,embedding
1003,13052,NaN,NaN,NaN,NaN,0.023860173299908638,99.36238098144531,1.0241471529006958,mlp,embedding
1004,13065,NaN,NaN,NaN,NaN,0.023797670379281044,99.25611114501953,1.024083137512207,mlp,embedding
1005,13078,3.2117361570271896e-07,100.0,1.0000003576278687,0.001,0.024060837924480438,99.3978042602539,1.0243526697158813,mlp,embedding
1006,13091,NaN,NaN,NaN,NaN,0.02252001129090786,99.4332275390625,1.0227755308151245,mlp,embedding
1007,13104,NaN,NaN,NaN,NaN,0.022747522220015526,99.4332275390625,1.0230082273483276,mlp,embedding
1008,13117,NaN,NaN,NaN,NaN,0.022829001769423485,99.3978042602539,1.0230915546417236,mlp,embedding
1009,13130,NaN,NaN,NaN,NaN,0.023629222065210342,99.50407409667969,1.023910641670227,mlp,embedding
1010,13143,NaN,NaN,NaN,NaN,0.023380139842629433,99.3978042602539,1.023655652999878,mlp,embedding
1011,13156,NaN,NaN,NaN,NaN,0.02336275763809681,99.29153442382812,1.0236377716064453,mlp,embedding
1012,13169,NaN,NaN,NaN,NaN,0.02514931745827198,99.32695770263672,1.0254682302474976,mlp,embedding
1013,13182,NaN,NaN,NaN,NaN,0.026107609272003174,99.32695770263672,1.0264513492584229,mlp,embedding
1014,13195,NaN,NaN,NaN,NaN,1.1108568906784058,76.65603637695312,3.036959648132324,mlp,embedding
1015,13208,0.09317584335803986,96.94807434082031,1.0976547002792358,0.001,0.31976813077926636,90.89620971679688,1.376808524131775,mlp,embedding
1016,13221,NaN,NaN,NaN,NaN,0.15174537897109985,95.2532730102539,1.1638638973236084,mlp,embedding
1017,13234,NaN,NaN,NaN,NaN,0.10234114527702332,96.56393432617188,1.107761263847351,mlp,embedding
1018,13247,NaN,NaN,NaN,NaN,0.09345643222332001,96.98902130126953,1.097962737083435,mlp,embedding
1019,13260,NaN,NaN,NaN,NaN,0.08186531811952591,97.41410064697266,1.085309624671936,mlp,embedding
1020,13273,NaN,NaN,NaN,NaN,0.07265765219926834,97.59121704101562,1.0753623247146606,mlp,embedding
1021,13286,NaN,NaN,NaN,NaN,0.06866566091775894,97.62664031982422,1.0710780620574951,mlp,embedding
1022,13299,NaN,NaN,NaN,NaN,0.06600312888622284,97.73291015625,1.0682300329208374,mlp,embedding
1023,13312,NaN,NaN,NaN,NaN,0.06380150467157364,97.87460327148438,1.0658807754516602,mlp,embedding
1024,13325,NaN,NaN,NaN,NaN,0.06200115755200386,98.01629638671875,1.063963532447815,mlp,embedding
1025,13338,4.717068077297881e-05,100.0,1.000047206878662,0.001,0.06017761677503586,98.08714294433594,1.0620251893997192,mlp,embedding
1026,13351,NaN,NaN,NaN,NaN,0.05852028727531433,98.15798950195312,1.0602664947509766,mlp,embedding
1027,13364,NaN,NaN,NaN,NaN,0.05693087726831436,98.22883605957031,1.0585826635360718,mlp,embedding
1028,13377,NaN,NaN,NaN,NaN,0.05550137907266617,98.22883605957031,1.0570704936981201,mlp,embedding
1029,13390,NaN,NaN,NaN,NaN,0.05406559631228447,98.2996826171875,1.0555537939071655,mlp,embedding
1030,13403,NaN,NaN,NaN,NaN,0.052611373364925385,98.44137573242188,1.0540199279785156,mlp,embedding
1031,13416,NaN,NaN,NaN,NaN,0.05131596326828003,98.44137573242188,1.0526554584503174,mlp,embedding
1032,13429,NaN,NaN,NaN,NaN,0.05009295046329498,98.47679901123047,1.0513688325881958,mlp,embedding
1033,13442,NaN,NaN,NaN,NaN,0.04889705777168274,98.47679901123047,1.050112247467041,mlp,embedding
1034,13455,NaN,NaN,NaN,NaN,0.04786838963627815,98.54764556884766,1.0490325689315796,mlp,embedding
1035,13468,2.1513584215426818e-05,100.0,1.0000214576721191,0.001,0.04675215855240822,98.54764556884766,1.0478622913360596,mlp,embedding
1036,13481,NaN,NaN,NaN,NaN,0.045728184282779694,98.58306884765625,1.0467898845672607,mlp,embedding
1037,13494,NaN,NaN,NaN,NaN,0.04469815269112587,98.58306884765625,1.0457121133804321,mlp,embedding
1038,13507,NaN,NaN,NaN,NaN,0.04374506324529648,98.58306884765625,1.0447160005569458,mlp,embedding
1039,13520,NaN,NaN,NaN,NaN,0.04271881282329559,98.61849212646484,1.0436444282531738,mlp,embedding
1040,13533,NaN,NaN,NaN,NaN,0.041828908026218414,98.65391540527344,1.0427160263061523,mlp,embedding
1041,13546,NaN,NaN,NaN,NaN,0.04088132455945015,98.76018524169922,1.0417284965515137,mlp,embedding
1042,13559,NaN,NaN,NaN,NaN,0.039914485067129135,98.72476196289062,1.0407217741012573,mlp,embedding
1043,13572,NaN,NaN,NaN,NaN,0.03896971046924591,98.72476196289062,1.0397390127182007,mlp,embedding
1044,13585,NaN,NaN,NaN,NaN,0.03819654509425163,98.866455078125,1.0389354228973389,mlp,embedding
1045,13598,1.0816811482072808e-05,100.0,1.0000108480453491,0.001,0.0372614823281765,98.866455078125,1.0379643440246582,mlp,embedding
1046,13611,NaN,NaN,NaN,NaN,0.03648661449551582,98.97272491455078,1.0371603965759277,mlp,embedding
1047,13624,NaN,NaN,NaN,NaN,0.03558223694562912,99.04357147216797,1.0362228155136108,mlp,embedding
1048,13637,NaN,NaN,NaN,NaN,0.03470679372549057,99.04357147216797,1.0353161096572876,mlp,embedding
1049,13650,NaN,NaN,NaN,NaN,0.034082263708114624,99.07899475097656,1.0346697568893433,mlp,embedding
1050,13663,NaN,NaN,NaN,NaN,0.03335627540946007,99.07899475097656,1.033918857574463,mlp,embedding
1051,13676,NaN,NaN,NaN,NaN,0.03254489600658417,99.14984130859375,1.0330802202224731,mlp,embedding
1052,13689,NaN,NaN,NaN,NaN,0.03176890313625336,99.11441802978516,1.0322788953781128,mlp,embedding
1053,13702,NaN,NaN,NaN,NaN,0.03103758580982685,99.11441802978516,1.0315243005752563,mlp,embedding
1054,13715,NaN,NaN,NaN,NaN,0.03036355786025524,99.18526458740234,1.0308291912078857,mlp,embedding
1055,13728,5.3013895922049414e-06,100.0,1.0000052452087402,0.001,0.029650608077645302,99.18526458740234,1.0300946235656738,mlp,embedding
1056,13741,NaN,NaN,NaN,NaN,0.029006078839302063,99.22068786621094,1.029430866241455,mlp,embedding
1057,13754,NaN,NaN,NaN,NaN,0.02823709137737751,99.22068786621094,1.028639554977417,mlp,embedding
1058,13767,NaN,NaN,NaN,NaN,0.027611292898654938,99.25611114501953,1.0279960632324219,mlp,embedding
1059,13780,NaN,NaN,NaN,NaN,0.026945721358060837,99.25611114501953,1.0273120403289795,mlp,embedding
1060,13793,NaN,NaN,NaN,NaN,0.026137273758649826,99.25611114501953,1.0264818668365479,mlp,embedding
1061,13806,NaN,NaN,NaN,NaN,0.02565939724445343,99.25611114501953,1.025991439819336,mlp,embedding
1062,13819,NaN,NaN,NaN,NaN,0.02498706616461277,99.25611114501953,1.0253018140792847,mlp,embedding
1063,13832,NaN,NaN,NaN,NaN,0.024355856701731682,99.32695770263672,1.0246548652648926,mlp,embedding
1064,13845,NaN,NaN,NaN,NaN,0.023807402700185776,99.32695770263672,1.0240930318832397,mlp,embedding
1065,13858,2.610884394016466e-06,100.0,1.0000026226043701,0.001,0.02305583283305168,99.36238098144531,1.023323655128479,mlp,embedding
1066,13871,NaN,NaN,NaN,NaN,0.02255890518426895,99.36238098144531,1.022815227508545,mlp,embedding
1067,13884,NaN,NaN,NaN,NaN,0.02190460078418255,99.36238098144531,1.022146224975586,mlp,embedding
1068,13897,NaN,NaN,NaN,NaN,0.02138887718319893,99.3978042602539,1.021619200706482,mlp,embedding
1069,13910,NaN,NaN,NaN,NaN,0.0210221316665411,99.3978042602539,1.0212446451187134,mlp,embedding
1070,13923,NaN,NaN,NaN,NaN,0.02029004506766796,99.3978042602539,1.0204973220825195,mlp,embedding
1071,13936,NaN,NaN,NaN,NaN,0.019840015098452568,99.3978042602539,1.02003812789917,mlp,embedding
1072,13949,NaN,NaN,NaN,NaN,0.01924239844083786,99.4686508178711,1.0194287300109863,mlp,embedding
1073,13962,NaN,NaN,NaN,NaN,0.019141415134072304,99.4686508178711,1.0193257331848145,mlp,embedding
1074,13975,NaN,NaN,NaN,NaN,0.01841012015938759,99.4686508178711,1.018580675125122,mlp,embedding
1075,13988,1.3878293430025224e-06,100.0,1.0000014305114746,0.001,0.018038077279925346,99.50407409667969,1.0182017087936401,mlp,embedding
1076,14001,NaN,NaN,NaN,NaN,0.017835309728980064,99.50407409667969,1.0179953575134277,mlp,embedding
1077,14014,NaN,NaN,NaN,NaN,0.017424214631319046,99.57492065429688,1.0175769329071045,mlp,embedding
1078,14027,NaN,NaN,NaN,NaN,0.016996067017316818,99.57492065429688,1.017141342163086,mlp,embedding
1079,14040,NaN,NaN,NaN,NaN,0.016384204849600792,99.57492065429688,1.0165191888809204,mlp,embedding
1080,14053,NaN,NaN,NaN,NaN,0.016438569873571396,99.57492065429688,1.0165743827819824,mlp,embedding
1081,14066,NaN,NaN,NaN,NaN,0.015561617910861969,99.61034393310547,1.0156832933425903,mlp,embedding
1082,14079,NaN,NaN,NaN,NaN,0.015695085749030113,99.61034393310547,1.0158189535140991,mlp,embedding
1083,14092,NaN,NaN,NaN,NaN,0.015289568342268467,99.61034393310547,1.0154070854187012,mlp,embedding
1084,14105,NaN,NaN,NaN,NaN,0.014825869351625443,99.61034393310547,1.0149363279342651,mlp,embedding
1085,14118,7.658642857677478e-07,100.0,1.0000007152557373,0.001,0.014538219198584557,99.61034393310547,1.0146443843841553,mlp,embedding
1086,14131,NaN,NaN,NaN,NaN,0.014330219477415085,99.61034393310547,1.0144333839416504,mlp,embedding
1087,14144,NaN,NaN,NaN,NaN,0.014390249736607075,99.61034393310547,1.0144942998886108,mlp,embedding
1088,14157,NaN,NaN,NaN,NaN,0.013913175091147423,99.61034393310547,1.0140104293823242,mlp,embedding
1089,14170,NaN,NaN,NaN,NaN,0.013366361148655415,99.61034393310547,1.013456106185913,mlp,embedding
1090,14183,NaN,NaN,NaN,NaN,0.01308685727417469,99.61034393310547,1.0131728649139404,mlp,embedding
1091,14196,NaN,NaN,NaN,NaN,0.013491477817296982,99.57492065429688,1.0135829448699951,mlp,embedding
1092,14209,NaN,NaN,NaN,NaN,0.01254371739923954,99.64576721191406,1.0126227140426636,mlp,embedding
1093,14222,NaN,NaN,NaN,NaN,0.012031213380396366,99.61034393310547,1.0121039152145386,mlp,embedding
1094,14235,NaN,NaN,NaN,NaN,0.011989020742475986,99.61034393310547,1.0120611190795898,mlp,embedding
1095,14248,3.411745694847923e-07,100.0,1.0000003576278687,0.001,0.011618798598647118,99.61034393310547,1.0116865634918213,mlp,embedding
1096,14261,NaN,NaN,NaN,NaN,0.011838833801448345,99.64576721191406,1.0119092464447021,mlp,embedding
1097,14274,NaN,NaN,NaN,NaN,0.011138886213302612,99.64576721191406,1.0112011432647705,mlp,embedding
1098,14287,NaN,NaN,NaN,NaN,0.011235821060836315,99.68119049072266,1.0112991333007812,mlp,embedding
1099,14300,NaN,NaN,NaN,NaN,0.011654987931251526,99.57492065429688,1.0117231607437134,mlp,embedding
1100,14313,NaN,NaN,NaN,NaN,0.010430212132632732,99.68119049072266,1.0104848146438599,mlp,embedding
1101,14326,NaN,NaN,NaN,NaN,0.011332321912050247,99.61034393310547,1.0113967657089233,mlp,embedding
1102,14339,NaN,NaN,NaN,NaN,0.010978932492434978,99.68119049072266,1.01103937625885,mlp,embedding
1103,14352,NaN,NaN,NaN,NaN,0.010982893407344818,99.57492065429688,1.0110434293746948,mlp,embedding
1104,14365,NaN,NaN,NaN,NaN,0.011118359863758087,99.68119049072266,1.0111804008483887,mlp,embedding
1105,14378,0.002507634460926056,99.93926239013672,1.0025107860565186,0.001,4.005634307861328,52.178531646728516,54.90664291381836,mlp,embedding
1106,14391,NaN,NaN,NaN,NaN,1.4531100988388062,75.73503112792969,4.276393890380859,mlp,embedding
1107,14404,NaN,NaN,NaN,NaN,0.2783811688423157,90.86078643798828,1.3209896087646484,mlp,embedding
1108,14417,NaN,NaN,NaN,NaN,0.1422705054283142,95.07615661621094,1.1528884172439575,mlp,embedding
1109,14430,NaN,NaN,NaN,NaN,0.09044838696718216,97.05986785888672,1.0946650505065918,mlp,embedding
1110,14443,NaN,NaN,NaN,NaN,0.0763838067650795,97.44952392578125,1.0793768167495728,mlp,embedding
1111,14456,NaN,NaN,NaN,NaN,0.0661524161696434,97.83917999267578,1.0683895349502563,mlp,embedding
1112,14469,NaN,NaN,NaN,NaN,0.06033208593726158,98.01629638671875,1.0621892213821411,mlp,embedding
1113,14482,NaN,NaN,NaN,NaN,0.05662618204951286,98.01629638671875,1.0582600831985474,mlp,embedding
1114,14495,NaN,NaN,NaN,NaN,0.05379170551896095,98.2642593383789,1.0552648305892944,mlp,embedding
1115,14508,NaN,NaN,NaN,NaN,0.05133385956287384,98.37052917480469,1.0526742935180664,mlp,embedding
1116,14521,0.00027849298203364015,100.0,1.0002784729003906,0.001,0.04905441403388977,98.37052917480469,1.0502774715423584,mlp,embedding
1117,14534,NaN,NaN,NaN,NaN,0.04680966958403587,98.37052917480469,1.0479224920272827,mlp,embedding
1118,14547,NaN,NaN,NaN,NaN,0.044930651783943176,98.47679901123047,1.0459553003311157,mlp,embedding
1119,14560,NaN,NaN,NaN,NaN,0.04293940216302872,98.47679901123047,1.0438746213912964,mlp,embedding
1120,14573,NaN,NaN,NaN,NaN,0.041255753487348557,98.51222229003906,1.0421185493469238,mlp,embedding
1121,14586,NaN,NaN,NaN,NaN,0.03972158581018448,98.58306884765625,1.0405210256576538,mlp,embedding
1122,14599,NaN,NaN,NaN,NaN,0.03834002465009689,98.47679901123047,1.0390844345092773,mlp,embedding
1123,14612,NaN,NaN,NaN,NaN,0.0369846411049366,98.51222229003906,1.0376770496368408,mlp,embedding
1124,14625,NaN,NaN,NaN,NaN,0.03612444922327995,98.54764556884766,1.0367848873138428,mlp,embedding
1125,14638,NaN,NaN,NaN,NaN,0.03490021824836731,98.61849212646484,1.035516381263733,mlp,embedding
1126,14651,NaN,NaN,NaN,NaN,0.03378743678331375,98.65391540527344,1.0343647003173828,mlp,embedding
1127,14664,9.670796134741977e-05,100.0,1.0000966787338257,0.001,0.03308857977390289,98.68933868408203,1.033642053604126,mlp,embedding
1128,14677,NaN,NaN,NaN,NaN,0.032081764191389084,98.68933868408203,1.0326019525527954,mlp,embedding
1129,14690,NaN,NaN,NaN,NaN,0.0312686413526535,98.72476196289062,1.0317625999450684,mlp,embedding
1130,14703,NaN,NaN,NaN,NaN,0.03048487938940525,98.76018524169922,1.030954360961914,mlp,embedding
1131,14716,NaN,NaN,NaN,NaN,0.029624776914715767,98.8310317993164,1.0300679206848145,mlp,embedding
1132,14729,NaN,NaN,NaN,NaN,0.02892499603331089,98.9018783569336,1.0293474197387695,mlp,embedding
1133,14742,NaN,NaN,NaN,NaN,0.02803279086947441,99.00814819335938,1.028429388999939,mlp,embedding
1134,14755,NaN,NaN,NaN,NaN,0.027325499802827835,99.00814819335938,1.0277022123336792,mlp,embedding
1135,14768,NaN,NaN,NaN,NaN,0.026619862765073776,99.00814819335938,1.026977300643921,mlp,embedding
1136,14781,NaN,NaN,NaN,NaN,0.025959543883800507,99.04357147216797,1.0262994766235352,mlp,embedding
1137,14794,NaN,NaN,NaN,NaN,0.024913854897022247,99.04357147216797,1.0252268314361572,mlp,embedding
1138,14807,3.97723306377884e-05,100.0,1.00003981590271,0.001,0.02421313151717186,99.11441802978516,1.0245085954666138,mlp,embedding
1139,14820,NaN,NaN,NaN,NaN,0.023479076102375984,99.18526458740234,1.0237568616867065,mlp,embedding
1140,14833,NaN,NaN,NaN,NaN,0.022739233449101448,99.22068786621094,1.0229997634887695,mlp,embedding
1141,14846,NaN,NaN,NaN,NaN,0.022000301629304886,99.25611114501953,1.0222440958023071,mlp,embedding
1142,14859,NaN,NaN,NaN,NaN,0.021349932998418808,99.32695770263672,1.0215795040130615,mlp,embedding
1143,14872,NaN,NaN,NaN,NaN,0.020517807453870773,99.36238098144531,1.0207297801971436,mlp,embedding
1144,14885,NaN,NaN,NaN,NaN,0.01990979164838791,99.4332275390625,1.0201092958450317,mlp,embedding
1145,14898,NaN,NaN,NaN,NaN,0.01914975233376026,99.50407409667969,1.019334316253662,mlp,embedding
1146,14911,NaN,NaN,NaN,NaN,0.018455086275935173,99.50407409667969,1.0186264514923096,mlp,embedding
1147,14924,NaN,NaN,NaN,NaN,0.017866389825940132,99.50407409667969,1.0180269479751587,mlp,embedding
1148,14937,NaN,NaN,NaN,NaN,0.017244113609194756,99.50407409667969,1.017393708229065,mlp,embedding
1149,14950,1.4110596566752065e-05,100.0,1.000014066696167,0.001,0.016725128516554832,99.4686508178711,1.0168657302856445,mlp,embedding
1150,14963,NaN,NaN,NaN,NaN,0.0162110086530447,99.50407409667969,1.016343116760254,mlp,embedding
1151,14976,NaN,NaN,NaN,NaN,0.015590377151966095,99.4686508178711,1.0157124996185303,mlp,embedding
1152,14989,NaN,NaN,NaN,NaN,0.01513513270765543,99.4332275390625,1.0152502059936523,mlp,embedding
1153,15002,NaN,NaN,NaN,NaN,0.014477726072072983,99.50407409667969,1.0145829916000366,mlp,embedding
1154,15015,NaN,NaN,NaN,NaN,0.014154992997646332,99.4332275390625,1.0142556428909302,mlp,embedding
1155,15028,NaN,NaN,NaN,NaN,0.013757362961769104,99.50407409667969,1.0138524770736694,mlp,embedding
1156,15041,NaN,NaN,NaN,NaN,0.013323458842933178,99.4686508178711,1.013412594795227,mlp,embedding
1157,15054,NaN,NaN,NaN,NaN,0.012916209176182747,99.4686508178711,1.0130000114440918,mlp,embedding
1158,15067,NaN,NaN,NaN,NaN,0.01256738044321537,99.4686508178711,1.0126466751098633,mlp,embedding
1159,15080,NaN,NaN,NaN,NaN,0.01215612143278122,99.4686508178711,1.0122302770614624,mlp,embedding
1160,15093,4.886115675617475e-06,100.0,1.0000048875808716,0.001,0.0118267722427845,99.4686508178711,1.0118969678878784,mlp,embedding
1161,15106,NaN,NaN,NaN,NaN,0.011453112587332726,99.50407409667969,1.011518955230713,mlp,embedding
1162,15119,NaN,NaN,NaN,NaN,0.011126890778541565,99.61034393310547,1.0111889839172363,mlp,embedding
1163,15132,NaN,NaN,NaN,NaN,0.010654101148247719,99.61034393310547,1.0107110738754272,mlp,embedding
1164,15145,NaN,NaN,NaN,NaN,0.010315475054085255,99.64576721191406,1.010368824005127,mlp,embedding
1165,15158,NaN,NaN,NaN,NaN,0.009961974807083607,99.68119049072266,1.0100117921829224,mlp,embedding
1166,15171,NaN,NaN,NaN,NaN,0.009585523046553135,99.71661376953125,1.009631633758545,mlp,embedding
1167,15184,NaN,NaN,NaN,NaN,0.00917730014771223,99.75203704833984,1.0092195272445679,mlp,embedding
1168,15197,NaN,NaN,NaN,NaN,0.008922037668526173,99.78746032714844,1.0089619159698486,mlp,embedding
1169,15210,NaN,NaN,NaN,NaN,0.008580842055380344,99.78746032714844,1.0086177587509155,mlp,embedding
1170,15223,NaN,NaN,NaN,NaN,0.008398881182074547,99.78746032714844,1.0084342956542969,mlp,embedding
1171,15236,1.9292106117063668e-06,100.0,1.0000019073486328,0.001,0.00814683735370636,99.78746032714844,1.0081801414489746,mlp,embedding
1172,15249,NaN,NaN,NaN,NaN,0.007740046363323927,99.82288360595703,1.00777006149292,mlp,embedding
1173,15262,NaN,NaN,NaN,NaN,0.007657625712454319,99.78746032714844,1.007686972618103,mlp,embedding
1174,15275,NaN,NaN,NaN,NaN,0.007433870807290077,99.78746032714844,1.0074615478515625,mlp,embedding
1175,15288,NaN,NaN,NaN,NaN,0.007241040468215942,99.78746032714844,1.0072673559188843,mlp,embedding
1176,15301,NaN,NaN,NaN,NaN,0.007151212077587843,99.78746032714844,1.0071768760681152,mlp,embedding
1177,15314,NaN,NaN,NaN,NaN,0.006961509585380554,99.78746032714844,1.0069857835769653,mlp,embedding
1178,15327,NaN,NaN,NaN,NaN,0.006863427348434925,99.75203704833984,1.0068870782852173,mlp,embedding
1179,15340,NaN,NaN,NaN,NaN,0.0068049258552491665,99.78746032714844,1.0068281888961792,mlp,embedding
1180,15353,NaN,NaN,NaN,NaN,0.006683398969471455,99.78746032714844,1.0067057609558105,mlp,embedding
1181,15366,NaN,NaN,NaN,NaN,0.006712903268635273,99.75203704833984,1.0067354440689087,mlp,embedding
1182,15379,8.780324378676596e-07,100.0,1.0000008344650269,0.001,0.006275657564401627,99.85830688476562,1.0062954425811768,mlp,embedding
1183,15392,NaN,NaN,NaN,NaN,0.006229981780052185,99.82288360595703,1.0062494277954102,mlp,embedding
1184,15405,NaN,NaN,NaN,NaN,0.006168063264340162,99.78746032714844,1.006187081336975,mlp,embedding
1185,15418,NaN,NaN,NaN,NaN,0.005976194050163031,99.78746032714844,1.0059940814971924,mlp,embedding
1186,15431,NaN,NaN,NaN,NaN,0.005907201208174229,99.78746032714844,1.0059247016906738,mlp,embedding
1187,15444,NaN,NaN,NaN,NaN,0.005679726134985685,99.85830688476562,1.0056959390640259,mlp,embedding
1188,15457,NaN,NaN,NaN,NaN,0.0053816004656255245,99.85830688476562,1.0053961277008057,mlp,embedding
1189,15470,NaN,NaN,NaN,NaN,0.00557554978877306,99.78746032714844,1.0055911540985107,mlp,embedding
1190,15483,NaN,NaN,NaN,NaN,0.004886762239038944,99.85830688476562,1.0048986673355103,mlp,embedding
1191,15496,NaN,NaN,NaN,NaN,0.00482967821881175,99.89373016357422,1.0048413276672363,mlp,embedding
1192,15509,NaN,NaN,NaN,NaN,0.004473937675356865,99.85830688476562,1.004483938217163,mlp,embedding
1193,15522,3.623701445576444e-07,100.0,1.0000003576278687,0.001,0.004589677322655916,99.89373016357422,1.004600167274475,mlp,embedding
1194,15535,NaN,NaN,NaN,NaN,0.004209174308925867,99.92915344238281,1.0042181015014648,mlp,embedding
1195,15548,NaN,NaN,NaN,NaN,0.004148045089095831,99.85830688476562,1.0041567087173462,mlp,embedding
1196,15561,NaN,NaN,NaN,NaN,0.0038106278516352177,99.89373016357422,1.0038179159164429,mlp,embedding
1197,15574,NaN,NaN,NaN,NaN,0.004166702274233103,99.82288360595703,1.0041754245758057,mlp,embedding
1198,15587,NaN,NaN,NaN,NaN,0.003393554361537099,99.89373016357422,1.00339937210083,mlp,embedding
1199,15600,NaN,NaN,NaN,NaN,0.004069163929671049,99.82288360595703,1.004077434539795,mlp,embedding
1200,15613,NaN,NaN,NaN,NaN,0.0035327968653291464,99.85830688476562,1.0035390853881836,mlp,embedding
1201,15626,NaN,NaN,NaN,NaN,0.003645224031060934,99.89373016357422,1.0036518573760986,mlp,embedding
1202,15639,NaN,NaN,NaN,NaN,0.004224758129566908,99.78746032714844,1.004233717918396,mlp,embedding
1203,15652,NaN,NaN,NaN,NaN,0.005217971280217171,99.78746032714844,1.0052316188812256,mlp,embedding
1204,15665,1.6945598702022835e-07,100.0,1.0000001192092896,0.001,0.0032808007672429085,99.85830688476562,1.0032862424850464,mlp,embedding
1205,15678,NaN,NaN,NaN,NaN,0.0031204645056277514,99.89373016357422,1.0031253099441528,mlp,embedding
1206,15691,NaN,NaN,NaN,NaN,3.3242347240448,54.9061279296875,27.777732849121094,mlp,embedding
1207,15704,NaN,NaN,NaN,NaN,1.05612051486969,77.54161834716797,2.875195026397705,mlp,embedding
1208,15717,NaN,NaN,NaN,NaN,0.17058877646923065,95.2886962890625,1.1860029697418213,mlp,embedding
1209,15730,NaN,NaN,NaN,NaN,0.08650510758161545,97.23698425292969,1.0903569459915161,mlp,embedding
1210,15743,NaN,NaN,NaN,NaN,0.051409151405096054,98.54764556884766,1.0527535676956177,mlp,embedding
1211,15756,NaN,NaN,NaN,NaN,0.04001092538237572,98.9018783569336,1.040822148323059,mlp,embedding
1212,15769,NaN,NaN,NaN,NaN,0.03391166031360626,99.18526458740234,1.0344932079315186,mlp,embedding
1213,15782,NaN,NaN,NaN,NaN,0.031504761427640915,99.25611114501953,1.0320062637329102,mlp,embedding
1214,15795,NaN,NaN,NaN,NaN,0.030122525990009308,99.29153442382812,1.030580759048462,mlp,embedding
1215,15808,NaN,NaN,NaN,NaN,0.02917322888970375,99.32695770263672,1.0296028852462769,mlp,embedding
1216,15821,0.0002128661872120574,100.0,1.0002129077911377,0.001,0.0283760204911232,99.32695770263672,1.0287824869155884,mlp,embedding
1217,15834,NaN,NaN,NaN,NaN,0.027639461681246758,99.32695770263672,1.0280250310897827,mlp,embedding
1218,15847,NaN,NaN,NaN,NaN,0.0270688459277153,99.32695770263672,1.0274385213851929,mlp,embedding
1219,15860,NaN,NaN,NaN,NaN,0.026501713320612907,99.36238098144531,1.0268560647964478,mlp,embedding
1220,15873,NaN,NaN,NaN,NaN,0.025979023426771164,99.36238098144531,1.0263193845748901,mlp,embedding
1221,15886,NaN,NaN,NaN,NaN,0.025488849729299545,99.36238098144531,1.0258164405822754,mlp,embedding
1222,15899,NaN,NaN,NaN,NaN,0.024965805932879448,99.36238098144531,1.0252801179885864,mlp,embedding
1223,15912,NaN,NaN,NaN,NaN,0.024424947798252106,99.36238098144531,1.0247256755828857,mlp,embedding
1224,15925,NaN,NaN,NaN,NaN,0.02392854541540146,99.36238098144531,1.024217128753662,mlp,embedding
1225,15938,NaN,NaN,NaN,NaN,0.023403026163578033,99.3978042602539,1.0236790180206299,mlp,embedding
1226,15951,NaN,NaN,NaN,NaN,0.022861536592245102,99.4332275390625,1.0231248140335083,mlp,embedding
1227,15964,NaN,NaN,NaN,NaN,0.022249946370720863,99.4332275390625,1.0224993228912354,mlp,embedding
1228,15977,8.905803406378254e-05,100.0,1.0000890493392944,0.001,0.021661922335624695,99.4686508178711,1.0218982696533203,mlp,embedding
1229,15990,NaN,NaN,NaN,NaN,0.021059533581137657,99.4686508178711,1.0212827920913696,mlp,embedding
1230,16003,NaN,NaN,NaN,NaN,0.020539099350571632,99.50407409667969,1.0207514762878418,mlp,embedding
1231,16016,NaN,NaN,NaN,NaN,0.019955866038799286,99.50407409667969,1.0201562643051147,mlp,embedding
1232,16029,NaN,NaN,NaN,NaN,0.019297108054161072,99.53949737548828,1.019484519958496,mlp,embedding
1233,16042,NaN,NaN,NaN,NaN,0.01868925243616104,99.53949737548828,1.0188649892807007,mlp,embedding
1234,16055,NaN,NaN,NaN,NaN,0.018128015100955963,99.57492065429688,1.0182933807373047,mlp,embedding
1235,16068,NaN,NaN,NaN,NaN,0.01751204952597618,99.57492065429688,1.0176663398742676,mlp,embedding
1236,16081,NaN,NaN,NaN,NaN,0.016848783940076828,99.57492065429688,1.0169914960861206,mlp,embedding
1237,16094,NaN,NaN,NaN,NaN,0.016279645264148712,99.57492065429688,1.0164128541946411,mlp,embedding
1238,16107,NaN,NaN,NaN,NaN,0.01567918434739113,99.57492065429688,1.0158027410507202,mlp,embedding
1239,16120,NaN,NaN,NaN,NaN,0.015089784748852253,99.61034393310547,1.0152041912078857,mlp,embedding
1240,16133,3.074892083532177e-05,100.0,1.000030755996704,0.001,0.014526971615850925,99.64576721191406,1.014633059501648,mlp,embedding
1241,16146,NaN,NaN,NaN,NaN,0.014009618200361729,99.64576721191406,1.0141081809997559,mlp,embedding
1242,16159,NaN,NaN,NaN,NaN,0.013464243151247501,99.64576721191406,1.0135552883148193,mlp,embedding
1243,16172,NaN,NaN,NaN,NaN,0.01290279533714056,99.68119049072266,1.012986421585083,mlp,embedding
1244,16185,NaN,NaN,NaN,NaN,0.012426075525581837,99.68119049072266,1.0125036239624023,mlp,embedding
1245,16198,NaN,NaN,NaN,NaN,0.01190461590886116,99.68119049072266,1.0119757652282715,mlp,embedding
1246,16211,NaN,NaN,NaN,NaN,0.011446420103311539,99.68119049072266,1.0115121603012085,mlp,embedding
1247,16224,NaN,NaN,NaN,NaN,0.010992651805281639,99.68119049072266,1.0110533237457275,mlp,embedding
1248,16237,NaN,NaN,NaN,NaN,0.010560826398432255,99.75203704833984,1.0106167793273926,mlp,embedding
1249,16250,NaN,NaN,NaN,NaN,0.01011932734400034,99.75203704833984,1.0101706981658936,mlp,embedding
1250,16263,NaN,NaN,NaN,NaN,0.009657789953052998,99.75203704833984,1.00970458984375,mlp,embedding
1251,16276,NaN,NaN,NaN,NaN,0.009297113865613937,99.78746032714844,1.009340524673462,mlp,embedding
1252,16289,9.572099770593923e-06,100.0,1.000009536743164,0.001,0.008834769949316978,99.78746032714844,1.0088739395141602,mlp,embedding
1253,16302,NaN,NaN,NaN,NaN,0.00848779734224081,99.82288360595703,1.008523941040039,mlp,embedding
1254,16315,NaN,NaN,NaN,NaN,0.008064081892371178,99.82288360595703,1.008096694946289,mlp,embedding
1255,16328,NaN,NaN,NaN,NaN,0.007689491845667362,99.82288360595703,1.0077191591262817,mlp,embedding
1256,16341,NaN,NaN,NaN,NaN,0.007307110819965601,99.85830688476562,1.0073338747024536,mlp,embedding
1257,16354,NaN,NaN,NaN,NaN,0.007083958946168423,99.89373016357422,1.0071091651916504,mlp,embedding
1258,16367,NaN,NaN,NaN,NaN,0.006721824407577515,99.89373016357422,1.0067445039749146,mlp,embedding
1259,16380,NaN,NaN,NaN,NaN,0.006428931839764118,99.89373016357422,1.0064496994018555,mlp,embedding
1260,16393,NaN,NaN,NaN,NaN,0.0061862776055932045,99.89373016357422,1.006205439567566,mlp,embedding
1261,16406,NaN,NaN,NaN,NaN,0.0059283082373440266,99.89373016357422,1.0059459209442139,mlp,embedding
1262,16419,NaN,NaN,NaN,NaN,0.005614506546407938,99.89373016357422,1.0056302547454834,mlp,embedding
1263,16432,NaN,NaN,NaN,NaN,0.005409817676991224,99.89373016357422,1.0054244995117188,mlp,embedding
1264,16445,3.2262748845823808e-06,100.0,1.0000032186508179,0.001,0.005164796952158213,99.89373016357422,1.0051782131195068,mlp,embedding
1265,16458,NaN,NaN,NaN,NaN,0.004929171409457922,99.89373016357422,1.0049413442611694,mlp,embedding
1266,16471,NaN,NaN,NaN,NaN,0.00467104883864522,99.89373016357422,1.004681944847107,mlp,embedding
1267,16484,NaN,NaN,NaN,NaN,0.004466713406145573,99.89373016357422,1.0044766664505005,mlp,embedding
1268,16497,NaN,NaN,NaN,NaN,0.004221515264362097,99.89373016357422,1.0042303800582886,mlp,embedding
1269,16510,NaN,NaN,NaN,NaN,0.004054630640894175,99.89373016357422,1.0040628910064697,mlp,embedding
1270,16523,NaN,NaN,NaN,NaN,0.003818190423771739,99.89373016357422,1.0038255453109741,mlp,embedding
1271,16536,NaN,NaN,NaN,NaN,0.0036512527149170637,99.89373016357422,1.0036579370498657,mlp,embedding
1272,16549,NaN,NaN,NaN,NaN,0.0034527319949120283,99.89373016357422,1.0034587383270264,mlp,embedding
1273,16562,NaN,NaN,NaN,NaN,0.003250581445172429,99.89373016357422,1.003255844116211,mlp,embedding
1274,16575,NaN,NaN,NaN,NaN,0.003041994757950306,99.89373016357422,1.0030466318130493,mlp,embedding
1275,16588,NaN,NaN,NaN,NaN,0.0028822082094848156,99.89373016357422,1.002886414527893,mlp,embedding
1276,16601,1.2864129530498758e-06,100.0,1.000001311302185,0.001,0.002791342791169882,99.89373016357422,1.0027952194213867,mlp,embedding
1277,16614,NaN,NaN,NaN,NaN,0.0026043816469609737,99.89373016357422,1.002607822418213,mlp,embedding
1278,16627,NaN,NaN,NaN,NaN,0.0025254935026168823,99.89373016357422,1.0025286674499512,mlp,embedding
1279,16640,NaN,NaN,NaN,NaN,0.0024051032960414886,99.89373016357422,1.0024080276489258,mlp,embedding
1280,16653,NaN,NaN,NaN,NaN,0.0023212444502860308,99.92915344238281,1.0023239850997925,mlp,embedding
1281,16666,NaN,NaN,NaN,NaN,0.002234688261523843,99.92915344238281,1.0022372007369995,mlp,embedding
1282,16679,NaN,NaN,NaN,NaN,0.002251390600576997,99.89373016357422,1.0022538900375366,mlp,embedding
1283,16692,NaN,NaN,NaN,NaN,0.0021428270265460014,99.89373016357422,1.0021451711654663,mlp,embedding
1284,16705,NaN,NaN,NaN,NaN,0.0020283351186662912,99.92915344238281,1.002030372619629,mlp,embedding
1285,16718,NaN,NaN,NaN,NaN,0.002026441041380167,99.92915344238281,1.002028465270996,mlp,embedding
1286,16731,NaN,NaN,NaN,NaN,0.00191263307351619,99.92915344238281,1.0019145011901855,mlp,embedding
1287,16744,NaN,NaN,NaN,NaN,0.0019284755690023303,99.92915344238281,1.0019303560256958,mlp,embedding
1288,16757,5.490576882039022e-07,100.0,1.0000005960464478,0.001,0.0017574619268998504,99.9645767211914,1.0017590522766113,mlp,embedding
1289,16770,NaN,NaN,NaN,NaN,0.0016672546043992043,99.9645767211914,1.0016686916351318,mlp,embedding
1290,16783,NaN,NaN,NaN,NaN,0.001614490756765008,99.9645767211914,1.0016157627105713,mlp,embedding
1291,16796,NaN,NaN,NaN,NaN,0.0016358436550945044,99.92915344238281,1.0016372203826904,mlp,embedding
1292,16809,NaN,NaN,NaN,NaN,0.0013551970478147268,100.0,1.0013561248779297,mlp,embedding
1293,16822,NaN,NaN,NaN,NaN,0.0013448063982650638,100.0,1.0013457536697388,mlp,embedding
1294,16835,NaN,NaN,NaN,NaN,0.001321482821367681,100.0,1.0013223886489868,mlp,embedding
1295,16848,NaN,NaN,NaN,NaN,0.0011355394963175058,100.0,1.0011361837387085,mlp,embedding
1296,16861,NaN,NaN,NaN,NaN,0.0011468043085187674,100.0,1.0011475086212158,mlp,embedding
1297,16874,NaN,NaN,NaN,NaN,0.0009659957140684128,100.0,1.0009664297103882,mlp,embedding
1298,16887,NaN,NaN,NaN,NaN,0.0010859777685254812,100.0,1.0010865926742554,mlp,embedding
1299,16900,NaN,NaN,NaN,NaN,0.0010064207017421722,100.0,1.0010069608688354,mlp,embedding
1300,16913,1.979822457087721e-07,100.0,1.000000238418579,0.001,0.0010842058109119534,99.9645767211914,1.001084804534912,mlp,embedding
1301,16926,NaN,NaN,NaN,NaN,0.0009055618429556489,100.0,1.000905990600586,mlp,embedding
1302,16939,NaN,NaN,NaN,NaN,0.0013760519213974476,99.92915344238281,1.001376986503601,mlp,embedding
1303,16952,NaN,NaN,NaN,NaN,0.001020353753119707,99.9645767211914,1.001020908355713,mlp,embedding
1304,16965,NaN,NaN,NaN,NaN,0.0011195441475138068,100.0,1.0011202096939087,mlp,embedding
1305,16978,NaN,NaN,NaN,NaN,0.0023820505011826754,99.89373016357422,1.002384901046753,mlp,embedding
1306,16991,NaN,NaN,NaN,NaN,1.6358319520950317,77.364501953125,5.133727073669434,mlp,embedding
1307,17004,NaN,NaN,NaN,NaN,0.6632930040359497,83.52816009521484,1.9411741495132446,mlp,embedding
1308,17017,NaN,NaN,NaN,NaN,0.14895933866500854,94.54480743408203,1.1606258153915405,mlp,embedding
1309,17030,NaN,NaN,NaN,NaN,0.07830990105867386,97.48494720458984,1.0814577341079712,mlp,embedding
1310,17043,NaN,NaN,NaN,NaN,0.05459144338965416,98.58306884765625,1.056109070777893,mlp,embedding
1311,17056,NaN,NaN,NaN,NaN,0.03665589913725853,98.97272491455078,1.037335991859436,mlp,embedding
1312,17069,NaN,NaN,NaN,NaN,0.029726043343544006,99.25611114501953,1.0301722288131714,mlp,embedding
1313,17082,0.000974778551608324,100.0,1.000975251197815,0.001,0.02678678184747696,99.36238098144531,1.027148723602295,mlp,embedding
1314,17095,NaN,NaN,NaN,NaN,0.024643855169415474,99.3978042602539,1.0249500274658203,mlp,embedding
1315,17108,NaN,NaN,NaN,NaN,0.022681130096316338,99.50407409667969,1.0229402780532837,mlp,embedding
1316,17121,NaN,NaN,NaN,NaN,0.02096022292971611,99.50407409667969,1.0211814641952515,mlp,embedding
1317,17134,NaN,NaN,NaN,NaN,0.019684184342622757,99.53949737548828,1.0198792219161987,mlp,embedding
1318,17147,NaN,NaN,NaN,NaN,0.018627239391207695,99.53949737548828,1.0188018083572388,mlp,embedding
1319,17160,NaN,NaN,NaN,NaN,0.01736263930797577,99.53949737548828,1.0175142288208008,mlp,embedding
1320,17173,NaN,NaN,NaN,NaN,0.016415230929851532,99.53949737548828,1.0165506601333618,mlp,embedding
1321,17186,NaN,NaN,NaN,NaN,0.015470970422029495,99.53949737548828,1.0155912637710571,mlp,embedding
1322,17199,NaN,NaN,NaN,NaN,0.01488980557769537,99.57492065429688,1.0150011777877808,mlp,embedding
1323,17212,NaN,NaN,NaN,NaN,0.014126435853540897,99.57492065429688,1.0142266750335693,mlp,embedding
1324,17225,NaN,NaN,NaN,NaN,0.01359506230801344,99.64576721191406,1.0136878490447998,mlp,embedding
1325,17238,NaN,NaN,NaN,NaN,0.012928375042974949,99.68119049072266,1.0130122900009155,mlp,embedding
1326,17251,0.00018190366972703487,100.0,1.0001819133758545,0.001,0.012292717583477497,99.71661376953125,1.0123685598373413,mlp,embedding
1327,17264,NaN,NaN,NaN,NaN,0.011728707700967789,99.71661376953125,1.0117977857589722,mlp,embedding
1328,17277,NaN,NaN,NaN,NaN,0.011193256825208664,99.71661376953125,1.0112560987472534,mlp,embedding
1329,17290,NaN,NaN,NaN,NaN,0.01092781126499176,99.71661376953125,1.0109877586364746,mlp,embedding
1330,17303,NaN,NaN,NaN,NaN,0.010243600234389305,99.75203704833984,1.0102962255477905,mlp,embedding
1331,17316,NaN,NaN,NaN,NaN,0.009755189530551434,99.75203704833984,1.0098029375076294,mlp,embedding
1332,17329,NaN,NaN,NaN,NaN,0.009354912675917149,99.75203704833984,1.0093988180160522,mlp,embedding
1333,17342,NaN,NaN,NaN,NaN,0.009015140123665333,99.75203704833984,1.0090558528900146,mlp,embedding
1334,17355,NaN,NaN,NaN,NaN,0.00847349502146244,99.78746032714844,1.0085095167160034,mlp,embedding
1335,17368,NaN,NaN,NaN,NaN,0.00814555212855339,99.78746032714844,1.0081788301467896,mlp,embedding
1336,17381,NaN,NaN,NaN,NaN,0.007818982936441898,99.78746032714844,1.0078495740890503,mlp,embedding
1337,17394,NaN,NaN,NaN,NaN,0.007348521146923304,99.78746032714844,1.0073755979537964,mlp,embedding
1338,17407,NaN,NaN,NaN,NaN,0.007037247531116009,99.78746032714844,1.0070620775222778,mlp,embedding
1339,17420,5.040706309955567e-05,100.0,1.00005042552948,0.001,0.0067052654922008514,99.78746032714844,1.0067278146743774,mlp,embedding
1340,17433,NaN,NaN,NaN,NaN,0.006486855447292328,99.78746032714844,1.0065079927444458,mlp,embedding
1341,17446,NaN,NaN,NaN,NaN,0.006097372155636549,99.82288360595703,1.0061160326004028,mlp,embedding
1342,17459,NaN,NaN,NaN,NaN,0.005698134191334248,99.85830688476562,1.0057144165039062,mlp,embedding
1343,17472,NaN,NaN,NaN,NaN,0.005559846758842468,99.85830688476562,1.0055752992630005,mlp,embedding
1344,17485,NaN,NaN,NaN,NaN,0.005286690313369036,99.85830688476562,1.0053006410598755,mlp,embedding
1345,17498,NaN,NaN,NaN,NaN,0.004955007694661617,99.89373016357422,1.0049673318862915,mlp,embedding
1346,17511,NaN,NaN,NaN,NaN,0.004780523478984833,99.89373016357422,1.0047919750213623,mlp,embedding
1347,17524,NaN,NaN,NaN,NaN,0.004594434052705765,99.89373016357422,1.0046050548553467,mlp,embedding
1348,17537,NaN,NaN,NaN,NaN,0.004388586618006229,99.89373016357422,1.004398226737976,mlp,embedding
1349,17550,NaN,NaN,NaN,NaN,0.004164852201938629,99.89373016357422,1.0041735172271729,mlp,embedding
1350,17563,NaN,NaN,NaN,NaN,0.003960045054554939,99.89373016357422,1.0039678812026978,mlp,embedding
1351,17576,NaN,NaN,NaN,NaN,0.003729220014065504,99.89373016357422,1.003736138343811,mlp,embedding
1352,17589,1.2560432878672145e-05,100.0,1.0000125169754028,0.001,0.0035122917033731937,99.92915344238281,1.0035184621810913,mlp,embedding
1353,17602,NaN,NaN,NaN,NaN,0.0032422197982668877,99.9645767211914,1.0032474994659424,mlp,embedding
1354,17615,NaN,NaN,NaN,NaN,0.0031212237663567066,99.9645767211914,1.0031261444091797,mlp,embedding
1355,17628,NaN,NaN,NaN,NaN,0.003036866197362542,99.9645767211914,1.0030415058135986,mlp,embedding
1356,17641,NaN,NaN,NaN,NaN,0.0028695028740912676,99.9645767211914,1.0028736591339111,mlp,embedding
1357,17654,NaN,NaN,NaN,NaN,0.0027724069077521563,99.9645767211914,1.0027762651443481,mlp,embedding
1358,17667,NaN,NaN,NaN,NaN,0.0026993502397090197,99.9645767211914,1.0027029514312744,mlp,embedding
1359,17680,NaN,NaN,NaN,NaN,0.002560316352173686,99.9645767211914,1.0025635957717896,mlp,embedding
1360,17693,NaN,NaN,NaN,NaN,0.0025197570212185383,99.9645767211914,1.0025229454040527,mlp,embedding
1361,17706,NaN,NaN,NaN,NaN,0.002396670635789633,99.9645767211914,1.0023995637893677,mlp,embedding
1362,17719,NaN,NaN,NaN,NaN,0.0022836436983197927,99.9645767211914,1.0022861957550049,mlp,embedding
1363,17732,NaN,NaN,NaN,NaN,0.002211591461673379,99.9645767211914,1.0022140741348267,mlp,embedding
1364,17745,NaN,NaN,NaN,NaN,0.0021152617409825325,99.9645767211914,1.0021175146102905,mlp,embedding
1365,17758,3.5387397474551108e-06,100.0,1.0000035762786865,0.001,0.002043391577899456,99.9645767211914,1.0020455121994019,mlp,embedding
1366,17771,NaN,NaN,NaN,NaN,0.0019776364788413048,99.9645767211914,1.0019795894622803,mlp,embedding
1367,17784,NaN,NaN,NaN,NaN,0.0018610587576404214,99.9645767211914,1.0018627643585205,mlp,embedding
1368,17797,NaN,NaN,NaN,NaN,0.0017714877612888813,99.9645767211914,1.0017729997634888,mlp,embedding
1369,17810,NaN,NaN,NaN,NaN,0.0017035197233781219,99.9645767211914,1.0017049312591553,mlp,embedding
1370,17823,NaN,NaN,NaN,NaN,0.0015974472044035792,99.9645767211914,1.0015987157821655,mlp,embedding
1371,17836,NaN,NaN,NaN,NaN,0.0014840152580291033,99.9645767211914,1.0014851093292236,mlp,embedding
1372,17849,NaN,NaN,NaN,NaN,0.0014005588600412011,99.9645767211914,1.0014015436172485,mlp,embedding
1373,17862,NaN,NaN,NaN,NaN,0.0013018257450312376,99.9645767211914,1.001302719116211,mlp,embedding
1374,17875,NaN,NaN,NaN,NaN,0.001267386949621141,99.9645767211914,1.0012681484222412,mlp,embedding
1375,17888,NaN,NaN,NaN,NaN,0.0010770035441964865,99.9645767211914,1.0010775327682495,mlp,embedding
1376,17901,NaN,NaN,NaN,NaN,0.0010690721683204174,99.9645767211914,1.0010696649551392,mlp,embedding
1377,17914,NaN,NaN,NaN,NaN,0.001013395027257502,99.9645767211914,1.0010138750076294,mlp,embedding
1378,17927,1.2337228554315516e-06,100.0,1.0000011920928955,0.001,0.0008493306813761592,99.9645767211914,1.000849723815918,mlp,embedding
1379,17940,NaN,NaN,NaN,NaN,0.000808265816885978,99.9645767211914,1.000808596611023,mlp,embedding
1380,17953,NaN,NaN,NaN,NaN,0.0007183171110227704,99.9645767211914,1.000718593597412,mlp,embedding
1381,17966,NaN,NaN,NaN,NaN,0.0006791995256207883,100.0,1.00067937374115,mlp,embedding
1382,17979,NaN,NaN,NaN,NaN,0.0006230090511962771,100.0,1.0006232261657715,mlp,embedding
1383,17992,NaN,NaN,NaN,NaN,0.0006650754949077964,99.9645767211914,1.000665307044983,mlp,embedding
1384,18005,NaN,NaN,NaN,NaN,0.0005542418803088367,100.0,1.0005544424057007,mlp,embedding
1385,18018,NaN,NaN,NaN,NaN,0.000490593200083822,100.0,1.000490665435791,mlp,embedding
1386,18031,NaN,NaN,NaN,NaN,0.0004322837048675865,100.0,1.0004323720932007,mlp,embedding
1387,18044,NaN,NaN,NaN,NaN,0.0004312307573854923,100.0,1.0004312992095947,mlp,embedding
1388,18057,NaN,NaN,NaN,NaN,0.0004291408113203943,100.0,1.0004292726516724,mlp,embedding
1389,18070,NaN,NaN,NaN,NaN,0.0004001024935860187,100.0,1.000400185585022,mlp,embedding
1390,18083,NaN,NaN,NaN,NaN,0.0003522642655298114,100.0,1.000352382659912,mlp,embedding
1391,18096,4.375411037926824e-07,100.0,1.0000004768371582,0.001,0.000367846543667838,100.0,1.0003678798675537,mlp,embedding
1392,18109,NaN,NaN,NaN,NaN,0.0003098600427620113,100.0,1.000309944152832,mlp,embedding
1393,18122,NaN,NaN,NaN,NaN,0.00032776020816527307,100.0,1.0003278255462646,mlp,embedding
1394,18135,NaN,NaN,NaN,NaN,0.0002610789961181581,100.0,1.0002610683441162,mlp,embedding
1395,18148,NaN,NaN,NaN,NaN,0.00033489969791844487,100.0,1.0003349781036377,mlp,embedding
1396,18161,NaN,NaN,NaN,NaN,0.0002870704629458487,100.0,1.0002870559692383,mlp,embedding
1397,18174,NaN,NaN,NaN,NaN,0.0002492173225618899,100.0,1.0002492666244507,mlp,embedding
1398,18187,NaN,NaN,NaN,NaN,0.00024378439411520958,100.0,1.0002437829971313,mlp,embedding
1399,18200,NaN,NaN,NaN,NaN,0.00021094536350574344,100.0,1.0002110004425049,mlp,embedding
1400,18213,NaN,NaN,NaN,NaN,0.00033812265610322356,100.0,1.0003381967544556,mlp,embedding
1401,18226,NaN,NaN,NaN,NaN,0.00022199975501280278,100.0,1.0002219676971436,mlp,embedding
1402,18239,NaN,NaN,NaN,NaN,0.000259787222603336,100.0,1.0002598762512207,mlp,embedding
1403,18252,NaN,NaN,NaN,NaN,0.00044549204176291823,100.0,1.0004456043243408,mlp,embedding
1404,18265,1.9157467079367052e-07,100.0,1.000000238418579,0.001,0.0005084036383777857,99.9645767211914,1.0005085468292236,mlp,embedding
1405,18278,NaN,NaN,NaN,NaN,0.0002613384276628494,100.0,1.0002614259719849,mlp,embedding
1406,18291,NaN,NaN,NaN,NaN,5.233736991882324,45.802337646484375,187.49215698242188,mlp,embedding
1407,18304,NaN,NaN,NaN,NaN,0.5363771319389343,93.12787628173828,1.709801197052002,mlp,embedding
1408,18317,NaN,NaN,NaN,NaN,0.18008293211460114,95.18242645263672,1.1973166465759277,mlp,embedding
1409,18330,NaN,NaN,NaN,NaN,0.06773315370082855,97.73291015625,1.0700796842575073,mlp,embedding
1410,18343,NaN,NaN,NaN,NaN,0.02928895875811577,99.22068786621094,1.0297220945358276,mlp,embedding
1411,18356,NaN,NaN,NaN,NaN,0.020343996584415436,99.50407409667969,1.020552396774292,mlp,embedding
1412,18369,NaN,NaN,NaN,NaN,0.016027366742491722,99.68119049072266,1.0161564350128174,mlp,embedding
1413,18382,NaN,NaN,NaN,NaN,0.01430225558578968,99.71661376953125,1.0144050121307373,mlp,embedding
1414,18395,NaN,NaN,NaN,NaN,0.013375641778111458,99.75203704833984,1.0134655237197876,mlp,embedding
1415,18408,NaN,NaN,NaN,NaN,0.01276267971843481,99.75203704833984,1.012844443321228,mlp,embedding
1416,18421,NaN,NaN,NaN,NaN,0.01225679088383913,99.75203704833984,1.0123322010040283,mlp,embedding
1417,18434,NaN,NaN,NaN,NaN,0.011666578240692616,99.75203704833984,1.0117348432540894,mlp,embedding
1418,18447,0.00021427893079817295,100.0,1.0002143383026123,0.001,0.011310268193483353,99.75203704833984,1.0113744735717773,mlp,embedding
1419,18460,NaN,NaN,NaN,NaN,0.010882261209189892,99.78746032714844,1.010941743850708,mlp,embedding
1420,18473,NaN,NaN,NaN,NaN,0.01055932231247425,99.78746032714844,1.0106152296066284,mlp,embedding
1421,18486,NaN,NaN,NaN,NaN,0.010143512859940529,99.78746032714844,1.0101951360702515,mlp,embedding
1422,18499,NaN,NaN,NaN,NaN,0.009864714927971363,99.78746032714844,1.0099135637283325,mlp,embedding
1423,18512,NaN,NaN,NaN,NaN,0.009518750011920929,99.82288360595703,1.0095641613006592,mlp,embedding
1424,18525,NaN,NaN,NaN,NaN,0.009289146400988102,99.82288360595703,1.0093324184417725,mlp,embedding
1425,18538,NaN,NaN,NaN,NaN,0.008958129212260246,99.82288360595703,1.0089983940124512,mlp,embedding
1426,18551,NaN,NaN,NaN,NaN,0.008595094084739685,99.82288360595703,1.0086321830749512,mlp,embedding
1427,18564,NaN,NaN,NaN,NaN,0.008502908982336521,99.82288360595703,1.0085391998291016,mlp,embedding
1428,18577,NaN,NaN,NaN,NaN,0.008049489930272102,99.82288360595703,1.0080820322036743,mlp,embedding
1429,18590,NaN,NaN,NaN,NaN,0.007959987036883831,99.82288360595703,1.0079917907714844,mlp,embedding
1430,18603,NaN,NaN,NaN,NaN,0.007331952918320894,99.82288360595703,1.0073589086532593,mlp,embedding
1431,18616,NaN,NaN,NaN,NaN,0.007341952994465828,99.82288360595703,1.0073689222335815,mlp,embedding
1432,18629,6.791194755351171e-05,100.0,1.000067949295044,0.001,0.006886151619255543,99.82288360595703,1.006909966468811,mlp,embedding
1433,18642,NaN,NaN,NaN,NaN,0.006644131150096655,99.82288360595703,1.0066663026809692,mlp,embedding
1434,18655,NaN,NaN,NaN,NaN,0.006122235674411058,99.82288360595703,1.0061410665512085,mlp,embedding
1435,18668,NaN,NaN,NaN,NaN,0.005905906669795513,99.85830688476562,1.0059233903884888,mlp,embedding
1436,18681,NaN,NaN,NaN,NaN,0.005466109607368708,99.89373016357422,1.0054811239242554,mlp,embedding
1437,18694,NaN,NaN,NaN,NaN,0.005147373769432306,99.89373016357422,1.0051606893539429,mlp,embedding
1438,18707,NaN,NaN,NaN,NaN,0.004809549078345299,99.89373016357422,1.0048211812973022,mlp,embedding
1439,18720,NaN,NaN,NaN,NaN,0.004503834061324596,99.89373016357422,1.0045139789581299,mlp,embedding
1440,18733,NaN,NaN,NaN,NaN,0.004186247009783983,99.89373016357422,1.004194974899292,mlp,embedding
1441,18746,NaN,NaN,NaN,NaN,0.003847244894132018,99.92915344238281,1.0038546323776245,mlp,embedding
1442,18759,NaN,NaN,NaN,NaN,0.00363015104085207,99.92915344238281,1.0036367177963257,mlp,embedding
1443,18772,NaN,NaN,NaN,NaN,0.0033375266939401627,99.9645767211914,1.003343105316162,mlp,embedding
1444,18785,NaN,NaN,NaN,NaN,0.0031360459979623556,99.9645767211914,1.003140926361084,mlp,embedding
1445,18798,NaN,NaN,NaN,NaN,0.0029547535814344883,99.9645767211914,1.002959132194519,mlp,embedding
1446,18811,1.9398354197619483e-05,100.0,1.0000194311141968,0.001,0.002690743189305067,99.9645767211914,1.0026943683624268,mlp,embedding
1447,18824,NaN,NaN,NaN,NaN,0.0025360356085002422,99.9645767211914,1.0025392770767212,mlp,embedding
1448,18837,NaN,NaN,NaN,NaN,0.0023546384181827307,99.9645767211914,1.0023573637008667,mlp,embedding
1449,18850,NaN,NaN,NaN,NaN,0.002158545656129718,99.9645767211914,1.002160906791687,mlp,embedding
1450,18863,NaN,NaN,NaN,NaN,0.002049051458016038,99.9645767211914,1.0020511150360107,mlp,embedding
1451,18876,NaN,NaN,NaN,NaN,0.0018617449095472693,99.9645767211914,1.0018634796142578,mlp,embedding
1452,18889,NaN,NaN,NaN,NaN,0.001753035350702703,99.9645767211914,1.0017545223236084,mlp,embedding
1453,18902,NaN,NaN,NaN,NaN,0.001618619542568922,99.9645767211914,1.0016199350357056,mlp,embedding
1454,18915,NaN,NaN,NaN,NaN,0.0015165178338065743,99.9645767211914,1.001517653465271,mlp,embedding
1455,18928,NaN,NaN,NaN,NaN,0.0014466483844444156,99.9645767211914,1.0014476776123047,mlp,embedding
1456,18941,NaN,NaN,NaN,NaN,0.0013364707119762897,99.9645767211914,1.0013374090194702,mlp,embedding
1457,18954,NaN,NaN,NaN,NaN,0.0013325933832675219,99.9645767211914,1.001333475112915,mlp,embedding
1458,18967,NaN,NaN,NaN,NaN,0.0011688077356666327,99.9645767211914,1.0011694431304932,mlp,embedding
1459,18980,NaN,NaN,NaN,NaN,0.0010844138450920582,99.9645767211914,1.0010850429534912,mlp,embedding
1460,18993,5.396896540332818e-06,100.0,1.0000053644180298,0.001,0.0010302618611603975,99.9645767211914,1.0010308027267456,mlp,embedding
1461,19006,NaN,NaN,NaN,NaN,0.0009419511188752949,99.9645767211914,1.000942349433899,mlp,embedding
1462,19019,NaN,NaN,NaN,NaN,0.0009128095698542893,99.9645767211914,1.0009132623672485,mlp,embedding
1463,19032,NaN,NaN,NaN,NaN,0.000884585955645889,99.9645767211914,1.000885009765625,mlp,embedding
1464,19045,NaN,NaN,NaN,NaN,0.0007511346484534442,99.9645767211914,1.0007513761520386,mlp,embedding
1465,19058,NaN,NaN,NaN,NaN,0.0007384755881503224,99.9645767211914,1.0007387399673462,mlp,embedding
1466,19071,NaN,NaN,NaN,NaN,0.0006528330268338323,100.0,1.0006530284881592,mlp,embedding
1467,19084,NaN,NaN,NaN,NaN,0.0006090457318350673,100.0,1.000609278678894,mlp,embedding
1468,19097,NaN,NaN,NaN,NaN,0.0005690390826202929,100.0,1.000569224357605,mlp,embedding
1469,19110,NaN,NaN,NaN,NaN,0.000552720797713846,100.0,1.0005528926849365,mlp,embedding
1470,19123,NaN,NaN,NaN,NaN,0.0005089858896099031,100.0,1.0005091428756714,mlp,embedding
1471,19136,NaN,NaN,NaN,NaN,0.0004708368214778602,100.0,1.0004709959030151,mlp,embedding
1472,19149,NaN,NaN,NaN,NaN,0.0003795272787101567,100.0,1.0003795623779297,mlp,embedding
1473,19162,NaN,NaN,NaN,NaN,0.00036581960739567876,100.0,1.0003658533096313,mlp,embedding
1474,19175,1.6889101743799984e-06,100.0,1.0000016689300537,0.001,0.0003242371021769941,100.0,1.0003242492675781,mlp,embedding
1475,19188,NaN,NaN,NaN,NaN,0.0002863126283045858,100.0,1.000286340713501,mlp,embedding
1476,19201,NaN,NaN,NaN,NaN,0.0002693174756132066,100.0,1.0002694129943848,mlp,embedding
1477,19214,NaN,NaN,NaN,NaN,0.0002474526409059763,100.0,1.0002474784851074,mlp,embedding
1478,19227,NaN,NaN,NaN,NaN,0.00023583348956890404,100.0,1.000235915184021,mlp,embedding
1479,19240,NaN,NaN,NaN,NaN,0.00021148368250578642,100.0,1.000211477279663,mlp,embedding
1480,19253,NaN,NaN,NaN,NaN,0.00019953650189563632,100.0,1.000199556350708,mlp,embedding
1481,19266,NaN,NaN,NaN,NaN,0.000186637305887416,100.0,1.0001866817474365,mlp,embedding
1482,19279,NaN,NaN,NaN,NaN,0.0001708771160338074,100.0,1.0001709461212158,mlp,embedding
1483,19292,NaN,NaN,NaN,NaN,0.0001699348067631945,100.0,1.0001699924468994,mlp,embedding
1484,19305,NaN,NaN,NaN,NaN,0.00015144750068429857,100.0,1.000151515007019,mlp,embedding
1485,19318,NaN,NaN,NaN,NaN,0.00016230082837864757,100.0,1.0001623630523682,mlp,embedding
1486,19331,NaN,NaN,NaN,NaN,0.00013279466656967998,100.0,1.0001327991485596,mlp,embedding
1487,19344,NaN,NaN,NaN,NaN,0.00013426817895378917,100.0,1.0001342296600342,mlp,embedding
1488,19357,5.536551839213644e-07,100.0,1.0000005960464478,0.001,0.00011139429261675104,100.0,1.0001113414764404,mlp,embedding
1489,19370,NaN,NaN,NaN,NaN,0.00010727883636718616,100.0,1.0001072883605957,mlp,embedding
1490,19383,NaN,NaN,NaN,NaN,9.956547000911087e-05,100.0,1.000099539756775,mlp,embedding
1491,19396,NaN,NaN,NaN,NaN,8.682933548698202e-05,100.0,1.000086784362793,mlp,embedding
1492,19409,NaN,NaN,NaN,NaN,8.80455772858113e-05,100.0,1.000088095664978,mlp,embedding
1493,19422,NaN,NaN,NaN,NaN,8.613467070972547e-05,100.0,1.0000861883163452,mlp,embedding
1494,19435,NaN,NaN,NaN,NaN,7.148500299081206e-05,100.0,1.0000715255737305,mlp,embedding
1495,19448,NaN,NaN,NaN,NaN,7.987804565345868e-05,100.0,1.000079870223999,mlp,embedding
1496,19461,NaN,NaN,NaN,NaN,6.069641312933527e-05,100.0,1.0000606775283813,mlp,embedding
1497,19474,NaN,NaN,NaN,NaN,6.464304169639945e-05,100.0,1.0000646114349365,mlp,embedding
1498,19487,NaN,NaN,NaN,NaN,7.920277857920155e-05,100.0,1.0000791549682617,mlp,embedding
1499,19500,NaN,NaN,NaN,NaN,5.704520663130097e-05,100.0,1.0000571012496948,mlp,embedding
1500,19513,NaN,NaN,NaN,NaN,5.6778095313347876e-05,100.0,1.0000567436218262,mlp,embedding
1501,19526,NaN,NaN,NaN,NaN,6.13369484199211e-05,100.0,1.0000613927841187,mlp,embedding
1502,19539,1.9338474999130995e-07,100.0,1.000000238418579,0.001,0.00014508157619275153,100.0,1.0001450777053833,mlp,embedding
1503,19552,NaN,NaN,NaN,NaN,6.881171429995447e-05,100.0,1.0000687837600708,mlp,embedding
1504,19565,NaN,NaN,NaN,NaN,2.8531157970428467,73.29082489013672,17.341732025146484,mlp,embedding
1505,19578,NaN,NaN,NaN,NaN,0.3663212060928345,89.6563949584961,1.4424184560775757,mlp,embedding
1506,19591,NaN,NaN,NaN,NaN,0.08657500892877579,97.05986785888672,1.090433120727539,mlp,embedding
1507,19604,NaN,NaN,NaN,NaN,0.0338713712990284,98.93730163574219,1.0344514846801758,mlp,embedding
1508,19617,NaN,NaN,NaN,NaN,0.019638674333691597,99.50407409667969,1.019832730293274,mlp,embedding
1509,19630,NaN,NaN,NaN,NaN,0.013406775891780853,99.64576721191406,1.013496994972229,mlp,embedding
1510,19643,NaN,NaN,NaN,NaN,0.010980880819261074,99.75203704833984,1.0110414028167725,mlp,embedding
1511,19656,NaN,NaN,NaN,NaN,0.009727342054247856,99.78746032714844,1.0097748041152954,mlp,embedding
1512,19669,NaN,NaN,NaN,NaN,0.008917007595300674,99.78746032714844,1.0089569091796875,mlp,embedding
1513,19682,NaN,NaN,NaN,NaN,0.00833842996507883,99.78746032714844,1.0083732604980469,mlp,embedding
1514,19695,NaN,NaN,NaN,NaN,0.007801463361829519,99.78746032714844,1.0078319311141968,mlp,embedding
1515,19708,NaN,NaN,NaN,NaN,0.007362517528235912,99.78746032714844,1.0073896646499634,mlp,embedding
1516,19721,NaN,NaN,NaN,NaN,0.00692870793864131,99.78746032714844,1.0069527626037598,mlp,embedding
1517,19734,0.00019906068337149918,100.0,1.0001990795135498,0.001,0.006542689632624388,99.78746032714844,1.0065641403198242,mlp,embedding
1518,19747,NaN,NaN,NaN,NaN,0.006146678701043129,99.78746032714844,1.006165623664856,mlp,embedding
1519,19760,NaN,NaN,NaN,NaN,0.005799648351967335,99.78746032714844,1.0058164596557617,mlp,embedding
1520,19773,NaN,NaN,NaN,NaN,0.0054649729281663895,99.78746032714844,1.0054799318313599,mlp,embedding
1521,19786,NaN,NaN,NaN,NaN,0.005151049233973026,99.82288360595703,1.005164384841919,mlp,embedding
1522,19799,NaN,NaN,NaN,NaN,0.004862175323069096,99.89373016357422,1.0048739910125732,mlp,embedding
1523,19812,NaN,NaN,NaN,NaN,0.004582020454108715,99.89373016357422,1.0045925378799438,mlp,embedding
1524,19825,NaN,NaN,NaN,NaN,0.004314399790018797,99.89373016357422,1.0043237209320068,mlp,embedding
1525,19838,NaN,NaN,NaN,NaN,0.004083102103322744,99.89373016357422,1.004091501235962,mlp,embedding
1526,19851,NaN,NaN,NaN,NaN,0.003831912763416767,99.9645767211914,1.0038392543792725,mlp,embedding
1527,19864,NaN,NaN,NaN,NaN,0.0036125858314335346,99.9645767211914,1.0036190748214722,mlp,embedding
1528,19877,NaN,NaN,NaN,NaN,0.003400608664378524,99.9645767211914,1.0034064054489136,mlp,embedding
1529,19890,NaN,NaN,NaN,NaN,0.003190472023561597,99.9645767211914,1.0031955242156982,mlp,embedding
1530,19903,NaN,NaN,NaN,NaN,0.0029866534750908613,99.9645767211914,1.0029910802841187,mlp,embedding
1531,19916,NaN,NaN,NaN,NaN,0.0028020464815199375,99.9645767211914,1.0028059482574463,mlp,embedding
1532,19929,6.041178130544722e-05,100.0,1.0000604391098022,0.001,0.002650009235367179,99.9645767211914,1.0026534795761108,mlp,embedding
1533,19942,NaN,NaN,NaN,NaN,0.0025058488827198744,99.9645767211914,1.0025089979171753,mlp,embedding
1534,19955,NaN,NaN,NaN,NaN,0.002348770620301366,99.9645767211914,1.0023515224456787,mlp,embedding
1535,19968,NaN,NaN,NaN,NaN,0.0022363162133842707,99.9645767211914,1.0022388696670532,mlp,embedding
1536,19981,NaN,NaN,NaN,NaN,0.0020744146313518286,99.9645767211914,1.0020766258239746,mlp,embedding
1537,19994,NaN,NaN,NaN,NaN,0.0019671902991831303,99.9645767211914,1.0019690990447998,mlp,embedding
1538,20007,NaN,NaN,NaN,NaN,0.001872108317911625,99.9645767211914,1.0018738508224487,mlp,embedding
1539,20020,NaN,NaN,NaN,NaN,0.0017421150114387274,99.9645767211914,1.0017436742782593,mlp,embedding
1540,20033,NaN,NaN,NaN,NaN,0.001679851207882166,99.9645767211914,1.0016812086105347,mlp,embedding
1541,20046,NaN,NaN,NaN,NaN,0.001601524418219924,99.9645767211914,1.0016027688980103,mlp,embedding
1542,20059,NaN,NaN,NaN,NaN,0.001500400248914957,99.9645767211914,1.0015015602111816,mlp,embedding
1543,20072,NaN,NaN,NaN,NaN,0.0014389196876436472,99.9645767211914,1.0014399290084839,mlp,embedding
1544,20085,NaN,NaN,NaN,NaN,0.0013942979276180267,99.9645767211914,1.0013952255249023,mlp,embedding
1545,20098,NaN,NaN,NaN,NaN,0.0013434586580842733,99.9645767211914,1.0013443231582642,mlp,embedding
1546,20111,NaN,NaN,NaN,NaN,0.001236050040461123,99.9645767211914,1.0012367963790894,mlp,embedding
1547,20124,1.5977300790837035e-05,100.0,1.0000159740447998,0.001,0.0012018708512187004,99.9645767211914,1.0012025833129883,mlp,embedding
1548,20137,NaN,NaN,NaN,NaN,0.0011625246843323112,99.9645767211914,1.0011632442474365,mlp,embedding
1549,20150,NaN,NaN,NaN,NaN,0.0011605169856920838,99.9645767211914,1.0011612176895142,mlp,embedding
1550,20163,NaN,NaN,NaN,NaN,0.0010454244911670685,99.9645767211914,1.0010459423065186,mlp,embedding
1551,20176,NaN,NaN,NaN,NaN,0.0010619411477819085,99.9645767211914,1.0010625123977661,mlp,embedding
1552,20189,NaN,NaN,NaN,NaN,0.0010149512672796845,99.9645767211914,1.0010154247283936,mlp,embedding
1553,20202,NaN,NaN,NaN,NaN,0.0010057534091174603,99.9645767211914,1.0010062456130981,mlp,embedding
1554,20215,NaN,NaN,NaN,NaN,0.0008997078402899206,99.9645767211914,1.000900149345398,mlp,embedding
1555,20228,NaN,NaN,NaN,NaN,0.0009300307719968259,99.9645767211914,1.0009304285049438,mlp,embedding
1556,20241,NaN,NaN,NaN,NaN,0.0008275189902633429,99.9645767211914,1.0008279085159302,mlp,embedding
1557,20254,NaN,NaN,NaN,NaN,0.0008024394046515226,99.9645767211914,1.000802755355835,mlp,embedding
1558,20267,NaN,NaN,NaN,NaN,0.0007717869593761861,99.9645767211914,1.0007721185684204,mlp,embedding
1559,20280,NaN,NaN,NaN,NaN,0.000660176679957658,99.9645767211914,1.0006604194641113,mlp,embedding
1560,20293,NaN,NaN,NaN,NaN,0.0006598039763048291,99.9645767211914,1.0006600618362427,mlp,embedding
1561,20306,NaN,NaN,NaN,NaN,0.0006379878032021224,99.9645767211914,1.0006382465362549,mlp,embedding
1562,20319,3.9973419916350394e-06,100.0,1.0000040531158447,0.001,0.0005501683335751295,100.0,1.0005502700805664,mlp,embedding
1563,20332,NaN,NaN,NaN,NaN,0.0005306520033627748,100.0,1.0005308389663696,mlp,embedding
1564,20345,NaN,NaN,NaN,NaN,0.0004891344578936696,100.0,1.0004892349243164,mlp,embedding
1565,20358,NaN,NaN,NaN,NaN,0.0004529994912445545,100.0,1.0004531145095825,mlp,embedding
1566,20371,NaN,NaN,NaN,NaN,0.000421000033384189,100.0,1.0004210472106934,mlp,embedding
1567,20384,NaN,NaN,NaN,NaN,0.000426517246523872,100.0,1.0004266500473022,mlp,embedding
1568,20397,NaN,NaN,NaN,NaN,0.0003518204321153462,100.0,1.000351905822754,mlp,embedding
1569,20410,NaN,NaN,NaN,NaN,0.00033080586581490934,100.0,1.0003308057785034,mlp,embedding
1570,20423,NaN,NaN,NaN,NaN,0.00036740442737936974,100.0,1.000367522239685,mlp,embedding
1571,20436,NaN,NaN,NaN,NaN,0.00028325486346147954,100.0,1.0002832412719727,mlp,embedding
1572,20449,NaN,NaN,NaN,NaN,0.00023196099209599197,100.0,1.0002319812774658,mlp,embedding
1573,20462,NaN,NaN,NaN,NaN,0.0002165411860914901,100.0,1.0002166032791138,mlp,embedding
1574,20475,NaN,NaN,NaN,NaN,0.00021454811212606728,100.0,1.0002145767211914,mlp,embedding
1575,20488,NaN,NaN,NaN,NaN,0.00016945306560955942,100.0,1.0001695156097412,mlp,embedding
1576,20501,NaN,NaN,NaN,NaN,0.00027666406822390854,100.0,1.0002766847610474,mlp,embedding
1577,20514,1.221613388224796e-06,100.0,1.0000011920928955,0.001,0.00016385578783228993,100.0,1.0001639127731323,mlp,embedding
1578,20527,NaN,NaN,NaN,NaN,0.00019386301573831588,100.0,1.0001938343048096,mlp,embedding
1579,20540,NaN,NaN,NaN,NaN,0.00018761487444862723,100.0,1.000187635421753,mlp,embedding
1580,20553,NaN,NaN,NaN,NaN,0.00015863100998103619,100.0,1.000158667564392,mlp,embedding
1581,20566,NaN,NaN,NaN,NaN,0.0001306444319197908,100.0,1.0001306533813477,mlp,embedding
1582,20579,NaN,NaN,NaN,NaN,0.00013913551811128855,100.0,1.0001391172409058,mlp,embedding
1583,20592,NaN,NaN,NaN,NaN,9.869215136859566e-05,100.0,1.000098705291748,mlp,embedding
1584,20605,NaN,NaN,NaN,NaN,9.586459054844454e-05,100.0,1.0000958442687988,mlp,embedding
1585,20618,NaN,NaN,NaN,NaN,7.491083670174703e-05,100.0,1.000074863433838,mlp,embedding
1586,20631,NaN,NaN,NaN,NaN,8.0313635407947e-05,100.0,1.0000803470611572,mlp,embedding
1587,20644,NaN,NaN,NaN,NaN,9.394673543283716e-05,100.0,1.000093936920166,mlp,embedding
1588,20657,NaN,NaN,NaN,NaN,7.322710007429123e-05,100.0,1.0000731945037842,mlp,embedding
1589,20670,NaN,NaN,NaN,NaN,6.337278318824247e-05,100.0,1.000063419342041,mlp,embedding
1590,20683,NaN,NaN,NaN,NaN,6.519786984426901e-05,100.0,1.0000652074813843,mlp,embedding
1591,20696,NaN,NaN,NaN,NaN,8.254264685092494e-05,100.0,1.0000824928283691,mlp,embedding
1592,20709,3.4217006827930163e-07,100.0,1.0000003576278687,0.001,8.459550008410588e-05,100.0,1.000084638595581,mlp,embedding
1593,20722,NaN,NaN,NaN,NaN,5.610815424006432e-05,100.0,1.0000561475753784,mlp,embedding
1594,20735,NaN,NaN,NaN,NaN,6.284997652983293e-05,100.0,1.0000628232955933,mlp,embedding
1595,20748,NaN,NaN,NaN,NaN,3.90250061172992e-05,100.0,1.000038981437683,mlp,embedding
1596,20761,NaN,NaN,NaN,NaN,5.545369640458375e-05,100.0,1.0000554323196411,mlp,embedding
1597,20774,NaN,NaN,NaN,NaN,4.3408144847489893e-05,100.0,1.0000433921813965,mlp,embedding
1598,20787,NaN,NaN,NaN,NaN,4.3372856453061104e-05,100.0,1.0000433921813965,mlp,embedding
1599,20800,NaN,NaN,NaN,NaN,3.398120679776184e-05,100.0,1.000033974647522,mlp,embedding
1600,20813,NaN,NaN,NaN,NaN,2.6149953555432148e-05,100.0,1.0000261068344116,mlp,embedding
1601,20826,NaN,NaN,NaN,NaN,3.13956625177525e-05,100.0,1.0000313520431519,mlp,embedding
1602,20839,NaN,NaN,NaN,NaN,1.3538033962249756,84.98051452636719,3.8721249103546143,mlp,embedding
1603,20852,NaN,NaN,NaN,NaN,0.20604993402957916,95.00531005859375,1.2288146018981934,mlp,embedding
1604,20865,NaN,NaN,NaN,NaN,0.030827529728412628,99.00814819335938,1.031307578086853,mlp,embedding
1605,20878,NaN,NaN,NaN,NaN,0.013883906416594982,99.61034393310547,1.013980746269226,mlp,embedding
1606,20891,NaN,NaN,NaN,NaN,0.00920968595892191,99.68119049072266,1.0092521905899048,mlp,embedding
1607,20904,0.0005039012175984681,100.0,1.0005040168762207,0.001,0.006343729328364134,99.75203704833984,1.006363868713379,mlp,embedding
1608,20917,NaN,NaN,NaN,NaN,0.0050532943569123745,99.85830688476562,1.0050660371780396,mlp,embedding
1609,20930,NaN,NaN,NaN,NaN,0.004339589271694422,99.85830688476562,1.0043489933013916,mlp,embedding
1610,20943,NaN,NaN,NaN,NaN,0.0037265082355588675,99.82288360595703,1.003733515739441,mlp,embedding
1611,20956,NaN,NaN,NaN,NaN,0.0031844826880842447,99.85830688476562,1.0031895637512207,mlp,embedding
1612,20969,NaN,NaN,NaN,NaN,0.0027590501122176647,99.92915344238281,1.0027629137039185,mlp,embedding
1613,20982,NaN,NaN,NaN,NaN,0.0024322625249624252,99.92915344238281,1.0024352073669434,mlp,embedding
1614,20995,NaN,NaN,NaN,NaN,0.0021533884573727846,99.92915344238281,1.0021556615829468,mlp,embedding
1615,21008,NaN,NaN,NaN,NaN,0.001982462825253606,99.92915344238281,1.0019844770431519,mlp,embedding
1616,21021,NaN,NaN,NaN,NaN,0.0018427708419039845,99.92915344238281,1.0018445253372192,mlp,embedding
1617,21034,NaN,NaN,NaN,NaN,0.0017105245497077703,99.92915344238281,1.0017119646072388,mlp,embedding
1618,21047,NaN,NaN,NaN,NaN,0.001577078364789486,99.9645767211914,1.0015783309936523,mlp,embedding
1619,21060,NaN,NaN,NaN,NaN,0.0014704664936289191,99.9645767211914,1.0014715194702148,mlp,embedding
1620,21073,NaN,NaN,NaN,NaN,0.0013660964323207736,99.9645767211914,1.0013669729232788,mlp,embedding
1621,21086,NaN,NaN,NaN,NaN,0.0012863576412200928,99.9645767211914,1.0012872219085693,mlp,embedding
1622,21099,NaN,NaN,NaN,NaN,0.0011904957937076688,100.0,1.001191258430481,mlp,embedding
1623,21112,4.818944580620155e-05,100.0,1.0000481605529785,0.001,0.0011212821118533611,100.0,1.0011218786239624,mlp,embedding
1624,21125,NaN,NaN,NaN,NaN,0.0010393839329481125,100.0,1.001039981842041,mlp,embedding
1625,21138,NaN,NaN,NaN,NaN,0.0009852363727986813,100.0,1.0009857416152954,mlp,embedding
1626,21151,NaN,NaN,NaN,NaN,0.0009209311683662236,100.0,1.000921368598938,mlp,embedding
1627,21164,NaN,NaN,NaN,NaN,0.0008708704262971878,100.0,1.0008713006973267,mlp,embedding
1628,21177,NaN,NaN,NaN,NaN,0.0008151617948897183,100.0,1.000815510749817,mlp,embedding
1629,21190,NaN,NaN,NaN,NaN,0.0007590086897835135,100.0,1.000759243965149,mlp,embedding
1630,21203,NaN,NaN,NaN,NaN,0.0007133046165108681,100.0,1.000713586807251,mlp,embedding
1631,21216,NaN,NaN,NaN,NaN,0.000680552504491061,100.0,1.0006808042526245,mlp,embedding
1632,21229,NaN,NaN,NaN,NaN,0.0006534104468300939,100.0,1.000653624534607,mlp,embedding
1633,21242,NaN,NaN,NaN,NaN,0.00060480204410851,100.0,1.0006049871444702,mlp,embedding
1634,21255,NaN,NaN,NaN,NaN,0.0005812704912386835,100.0,1.0005813837051392,mlp,embedding
1635,21268,NaN,NaN,NaN,NaN,0.0005386313423514366,100.0,1.0005388259887695,mlp,embedding
1636,21281,NaN,NaN,NaN,NaN,0.0005188024369999766,100.0,1.0005189180374146,mlp,embedding
1637,21294,NaN,NaN,NaN,NaN,0.0004942847299389541,100.0,1.000494360923767,mlp,embedding
1638,21307,NaN,NaN,NaN,NaN,0.00046301516704261303,100.0,1.0004631280899048,mlp,embedding
1639,21320,1.606953992450144e-05,100.0,1.0000160932540894,0.001,0.0004353854455985129,100.0,1.000435471534729,mlp,embedding
1640,21333,NaN,NaN,NaN,NaN,0.00041834995499812067,100.0,1.0004184246063232,mlp,embedding
1641,21346,NaN,NaN,NaN,NaN,0.0004169712192378938,100.0,1.0004171133041382,mlp,embedding
1642,21359,NaN,NaN,NaN,NaN,0.00038551510078832507,100.0,1.0003856420516968,mlp,embedding
1643,21372,NaN,NaN,NaN,NaN,0.0003777270612772554,100.0,1.0003777742385864,mlp,embedding
1644,21385,NaN,NaN,NaN,NaN,0.00035655710962601006,100.0,1.000356674194336,mlp,embedding
1645,21398,NaN,NaN,NaN,NaN,0.0003538410528562963,100.0,1.0003539323806763,mlp,embedding
1646,21411,NaN,NaN,NaN,NaN,0.00034152527223341167,100.0,1.000341534614563,mlp,embedding
1647,21424,NaN,NaN,NaN,NaN,0.0003335477667860687,100.0,1.000333547592163,mlp,embedding
1648,21437,NaN,NaN,NaN,NaN,0.00029864467796869576,100.0,1.0002987384796143,mlp,embedding
1649,21450,NaN,NaN,NaN,NaN,0.00029010046273469925,100.0,1.0002901554107666,mlp,embedding
1650,21463,NaN,NaN,NaN,NaN,0.0002755136229097843,100.0,1.0002754926681519,mlp,embedding
1651,21476,NaN,NaN,NaN,NaN,0.00025362486485391855,100.0,1.000253677368164,mlp,embedding
1652,21489,NaN,NaN,NaN,NaN,0.00023190471983980387,100.0,1.0002319812774658,mlp,embedding
1653,21502,NaN,NaN,NaN,NaN,0.00022233596246223897,100.0,1.0002223253250122,mlp,embedding
1654,21515,NaN,NaN,NaN,NaN,0.0002113481459673494,100.0,1.0002113580703735,mlp,embedding
1655,21528,4.718326181318844e-06,100.0,1.000004768371582,0.001,0.0001980432862183079,100.0,1.0001980066299438,mlp,embedding
1656,21541,NaN,NaN,NaN,NaN,0.00017643714090809226,100.0,1.0001764297485352,mlp,embedding
1657,21554,NaN,NaN,NaN,NaN,0.00016343776951543987,100.0,1.0001634359359741,mlp,embedding
1658,21567,NaN,NaN,NaN,NaN,0.0001715965336188674,100.0,1.0001716613769531,mlp,embedding
1659,21580,NaN,NaN,NaN,NaN,0.0001398901513312012,100.0,1.0001399517059326,mlp,embedding
1660,21593,NaN,NaN,NaN,NaN,0.00013222216512076557,100.0,1.0001322031021118,mlp,embedding
1661,21606,NaN,NaN,NaN,NaN,0.00012038014392601326,100.0,1.0001204013824463,mlp,embedding
1662,21619,NaN,NaN,NaN,NaN,0.00011545039888005704,100.0,1.0001155138015747,mlp,embedding
1663,21632,NaN,NaN,NaN,NaN,0.00011024474224541336,100.0,1.0001102685928345,mlp,embedding
1664,21645,NaN,NaN,NaN,NaN,0.00010128385474672541,100.0,1.0001013278961182,mlp,embedding
1665,21658,NaN,NaN,NaN,NaN,9.417856199434027e-05,100.0,1.0000941753387451,mlp,embedding
1666,21671,NaN,NaN,NaN,NaN,9.338479139842093e-05,100.0,1.0000933408737183,mlp,embedding
1667,21684,NaN,NaN,NaN,NaN,8.830655860947445e-05,100.0,1.0000883340835571,mlp,embedding
1668,21697,NaN,NaN,NaN,NaN,7.75379958213307e-05,100.0,1.000077486038208,mlp,embedding
1669,21710,NaN,NaN,NaN,NaN,7.629489846294746e-05,100.0,1.0000762939453125,mlp,embedding
1670,21723,NaN,NaN,NaN,NaN,7.60317052481696e-05,100.0,1.0000760555267334,mlp,embedding
1671,21736,1.4201566500560148e-06,100.0,1.0000014305114746,0.001,6.966328510316089e-05,100.0,1.0000696182250977,mlp,embedding
1672,21749,NaN,NaN,NaN,NaN,6.494727858807892e-05,100.0,1.0000649690628052,mlp,embedding
1673,21762,NaN,NaN,NaN,NaN,5.4809592256788164e-05,100.0,1.0000548362731934,mlp,embedding
1674,21775,NaN,NaN,NaN,NaN,6.104981730459258e-05,100.0,1.00006103515625,mlp,embedding
1675,21788,NaN,NaN,NaN,NaN,5.6462657084921375e-05,100.0,1.000056505203247,mlp,embedding
1676,21801,NaN,NaN,NaN,NaN,5.518301259144209e-05,100.0,1.000055193901062,mlp,embedding
1677,21814,NaN,NaN,NaN,NaN,3.962055779993534e-05,100.0,1.0000395774841309,mlp,embedding
1678,21827,NaN,NaN,NaN,NaN,4.3389380152802914e-05,100.0,1.0000433921813965,mlp,embedding
1679,21840,NaN,NaN,NaN,NaN,3.5721357562579215e-05,100.0,1.0000357627868652,mlp,embedding
1680,21853,NaN,NaN,NaN,NaN,4.5178006985224783e-05,100.0,1.0000451803207397,mlp,embedding
1681,21866,NaN,NaN,NaN,NaN,3.3754266041796654e-05,100.0,1.0000337362289429,mlp,embedding
1682,21879,NaN,NaN,NaN,NaN,3.17724043270573e-05,100.0,1.00003182888031,mlp,embedding
1683,21892,NaN,NaN,NaN,NaN,3.0135490305838175e-05,100.0,1.0000301599502563,mlp,embedding
1684,21905,NaN,NaN,NaN,NaN,2.6330171749577858e-05,100.0,1.0000263452529907,mlp,embedding
1685,21918,NaN,NaN,NaN,NaN,2.857783874787856e-05,100.0,1.0000286102294922,mlp,embedding
1686,21931,NaN,NaN,NaN,NaN,2.455916728649754e-05,100.0,1.0000245571136475,mlp,embedding
1687,21944,3.70732522014805e-07,100.0,1.0000003576278687,0.001,2.232359111076221e-05,100.0,1.000022292137146,mlp,embedding
1688,21957,NaN,NaN,NaN,NaN,2.0077899534953758e-05,100.0,1.0000200271606445,mlp,embedding
1689,21970,NaN,NaN,NaN,NaN,2.056502125924453e-05,100.0,1.0000206232070923,mlp,embedding
1690,21983,NaN,NaN,NaN,NaN,2.434982525301166e-05,100.0,1.0000243186950684,mlp,embedding
1691,21996,NaN,NaN,NaN,NaN,2.1605412257486023e-05,100.0,1.0000215768814087,mlp,embedding
1692,22009,NaN,NaN,NaN,NaN,1.7963559002964757e-05,100.0,1.0000180006027222,mlp,embedding
1693,22022,NaN,NaN,NaN,NaN,1.6361715097445995e-05,100.0,1.0000163316726685,mlp,embedding
1694,22035,NaN,NaN,NaN,NaN,1.2606510608748067e-05,100.0,1.0000126361846924,mlp,embedding
1695,22048,NaN,NaN,NaN,NaN,1.2197955584269948e-05,100.0,1.0000121593475342,mlp,embedding
1696,22061,NaN,NaN,NaN,NaN,1.1536139027157333e-05,100.0,1.0000115633010864,mlp,embedding
1697,22074,NaN,NaN,NaN,NaN,1.080400306818774e-05,100.0,1.0000108480453491,mlp,embedding
1698,22087,NaN,NaN,NaN,NaN,1.4934437785996124e-05,100.0,1.0000149011611938,mlp,embedding
1699,22100,NaN,NaN,NaN,NaN,1.1565138265723363e-05,100.0,1.0000115633010864,mlp,embedding
1700,22113,NaN,NaN,NaN,NaN,3.9164247512817383,55.18951416015625,50.22057342529297,mlp,embedding
1701,22126,NaN,NaN,NaN,NaN,0.20491454005241394,93.58837890625,1.2274202108383179,mlp,embedding
1702,22139,NaN,NaN,NaN,NaN,0.03391536325216293,98.58306884765625,1.0344970226287842,mlp,embedding
1703,22152,0.005787926260381937,99.86334228515625,1.0058046579360962,0.001,0.01005286443978548,99.68119049072266,1.0101035833358765,mlp,embedding
1704,22165,NaN,NaN,NaN,NaN,0.0052012549713253975,99.82288360595703,1.005214810371399,mlp,embedding
1705,22178,NaN,NaN,NaN,NaN,0.0033933897502720356,100.0,1.003399133682251,mlp,embedding
1706,22191,NaN,NaN,NaN,NaN,0.0028168736025691032,99.9645767211914,1.0028208494186401,mlp,embedding
1707,22204,NaN,NaN,NaN,NaN,0.002526138909161091,99.9645767211914,1.0025293827056885,mlp,embedding
1708,22217,NaN,NaN,NaN,NaN,0.0022900039330124855,99.9645767211914,1.0022926330566406,mlp,embedding
1709,22230,NaN,NaN,NaN,NaN,0.0020888992585241795,99.9645767211914,1.0020910501480103,mlp,embedding
1710,22243,NaN,NaN,NaN,NaN,0.001922156778164208,100.0,1.0019240379333496,mlp,embedding
1711,22256,NaN,NaN,NaN,NaN,0.001763608306646347,100.0,1.0017651319503784,mlp,embedding
1712,22269,NaN,NaN,NaN,NaN,0.0016313025262206793,100.0,1.0016326904296875,mlp,embedding
1713,22282,NaN,NaN,NaN,NaN,0.001498658675700426,100.0,1.0014997720718384,mlp,embedding
1714,22295,NaN,NaN,NaN,NaN,0.0013730538776144385,100.0,1.0013740062713623,mlp,embedding
1715,22308,NaN,NaN,NaN,NaN,0.0012684441171586514,100.0,1.0012692213058472,mlp,embedding
1716,22321,NaN,NaN,NaN,NaN,0.0011724482756108046,100.0,1.0011731386184692,mlp,embedding
1717,22334,NaN,NaN,NaN,NaN,0.001085922704078257,100.0,1.0010864734649658,mlp,embedding
1718,22347,NaN,NaN,NaN,NaN,0.0010120569495484233,100.0,1.0010125637054443,mlp,embedding
1719,22360,NaN,NaN,NaN,NaN,0.0009372602798976004,100.0,1.0009377002716064,mlp,embedding
1720,22373,4.8073139623738825e-05,100.0,1.000048041343689,0.001,0.0008696795557625592,100.0,1.0008701086044312,mlp,embedding
1721,22386,NaN,NaN,NaN,NaN,0.0008136270917020738,100.0,1.0008139610290527,mlp,embedding
1722,22399,NaN,NaN,NaN,NaN,0.0007561139645986259,100.0,1.0007563829421997,mlp,embedding
1723,22412,NaN,NaN,NaN,NaN,0.000706137390807271,100.0,1.000706434249878,mlp,embedding
1724,22425,NaN,NaN,NaN,NaN,0.0006592691061086953,100.0,1.000659465789795,mlp,embedding
1725,22438,NaN,NaN,NaN,NaN,0.0006169488187879324,100.0,1.0006171464920044,mlp,embedding
1726,22451,NaN,NaN,NaN,NaN,0.0005720735061913729,100.0,1.0005722045898438,mlp,embedding
1727,22464,NaN,NaN,NaN,NaN,0.0005353597807697952,100.0,1.000535488128662,mlp,embedding
1728,22477,NaN,NaN,NaN,NaN,0.000499809393659234,100.0,1.000499963760376,mlp,embedding
1729,22490,NaN,NaN,NaN,NaN,0.00046468686196021736,100.0,1.0004647970199585,mlp,embedding
1730,22503,NaN,NaN,NaN,NaN,0.00043450042721815407,100.0,1.0004346370697021,mlp,embedding
1731,22516,NaN,NaN,NaN,NaN,0.0004042169020976871,100.0,1.0004043579101562,mlp,embedding
1732,22529,NaN,NaN,NaN,NaN,0.0003753376367967576,100.0,1.0003753900527954,mlp,embedding
1733,22542,NaN,NaN,NaN,NaN,0.0003472763055469841,100.0,1.000347375869751,mlp,embedding
1734,22555,NaN,NaN,NaN,NaN,0.0003196237958036363,100.0,1.0003197193145752,mlp,embedding
1735,22568,NaN,NaN,NaN,NaN,0.0003015638794749975,100.0,1.0003015995025635,mlp,embedding
1736,22581,NaN,NaN,NaN,NaN,0.0002771832514554262,100.0,1.0002772808074951,mlp,embedding
1737,22594,1.3041722013440449e-05,100.0,1.000012993812561,0.001,0.00025693990755826235,100.0,1.0002570152282715,mlp,embedding
1738,22607,NaN,NaN,NaN,NaN,0.0002361493097851053,100.0,1.0002361536026,mlp,embedding
1739,22620,NaN,NaN,NaN,NaN,0.00022036519658286124,100.0,1.0002204179763794,mlp,embedding
1740,22633,NaN,NaN,NaN,NaN,0.00020124339789617807,100.0,1.0002012252807617,mlp,embedding
1741,22646,NaN,NaN,NaN,NaN,0.0001887160469777882,100.0,1.0001887083053589,mlp,embedding
1742,22659,NaN,NaN,NaN,NaN,0.00017282944463659078,100.0,1.0001728534698486,mlp,embedding
1743,22672,NaN,NaN,NaN,NaN,0.0001613540225662291,100.0,1.0001614093780518,mlp,embedding
1744,22685,NaN,NaN,NaN,NaN,0.00014936356456018984,100.0,1.0001493692398071,mlp,embedding
1745,22698,NaN,NaN,NaN,NaN,0.00013913064321968704,100.0,1.0001391172409058,mlp,embedding
1746,22711,NaN,NaN,NaN,NaN,0.0001262821169802919,100.0,1.0001262426376343,mlp,embedding
1747,22724,NaN,NaN,NaN,NaN,0.00011847231507999822,100.0,1.0001184940338135,mlp,embedding
1748,22737,NaN,NaN,NaN,NaN,0.00010912634752457961,100.0,1.000109076499939,mlp,embedding
1749,22750,NaN,NaN,NaN,NaN,0.00010186227154918015,100.0,1.000101923942566,mlp,embedding
1750,22763,NaN,NaN,NaN,NaN,9.367080201627687e-05,100.0,1.000093698501587,mlp,embedding
1751,22776,NaN,NaN,NaN,NaN,8.682617044541985e-05,100.0,1.000086784362793,mlp,embedding
1752,22789,NaN,NaN,NaN,NaN,8.095867087831721e-05,100.0,1.000080943107605,mlp,embedding
1753,22802,NaN,NaN,NaN,NaN,7.549359725089744e-05,100.0,1.0000754594802856,mlp,embedding
1754,22815,3.4049430723825935e-06,100.0,1.000003457069397,0.001,7.050783460726961e-05,100.0,1.0000704526901245,mlp,embedding
1755,22828,NaN,NaN,NaN,NaN,6.669370486633852e-05,100.0,1.0000666379928589,mlp,embedding
1756,22841,NaN,NaN,NaN,NaN,6.112578557804227e-05,100.0,1.0000611543655396,mlp,embedding
1757,22854,NaN,NaN,NaN,NaN,5.9812380641233176e-05,100.0,1.0000598430633545,mlp,embedding
1758,22867,NaN,NaN,NaN,NaN,5.555319512495771e-05,100.0,1.0000555515289307,mlp,embedding
1759,22880,NaN,NaN,NaN,NaN,5.125529060023837e-05,100.0,1.0000512599945068,mlp,embedding
1760,22893,NaN,NaN,NaN,NaN,4.90866405016277e-05,100.0,1.000049114227295,mlp,embedding
1761,22906,NaN,NaN,NaN,NaN,4.6653367462567985e-05,100.0,1.0000466108322144,mlp,embedding
1762,22919,NaN,NaN,NaN,NaN,4.4718162826029584e-05,100.0,1.0000447034835815,mlp,embedding
1763,22932,NaN,NaN,NaN,NaN,4.180821997579187e-05,100.0,1.0000418424606323,mlp,embedding
1764,22945,NaN,NaN,NaN,NaN,4.0740371332503855e-05,100.0,1.0000407695770264,mlp,embedding
1765,22958,NaN,NaN,NaN,NaN,3.851969086099416e-05,100.0,1.000038504600525,mlp,embedding
1766,22971,NaN,NaN,NaN,NaN,3.633469168562442e-05,100.0,1.000036358833313,mlp,embedding
1767,22984,NaN,NaN,NaN,NaN,3.375899905222468e-05,100.0,1.0000337362289429,mlp,embedding
1768,22997,NaN,NaN,NaN,NaN,3.266868588980287e-05,100.0,1.000032663345337,mlp,embedding
1769,23010,NaN,NaN,NaN,NaN,3.178292536176741e-05,100.0,1.00003182888031,mlp,embedding
1770,23023,NaN,NaN,NaN,NaN,3.0312688977573998e-05,100.0,1.000030279159546,mlp,embedding
1771,23036,9.811321888264501e-07,100.0,1.0000009536743164,0.001,3.0857605452183634e-05,100.0,1.0000308752059937,mlp,embedding
1772,23049,NaN,NaN,NaN,NaN,2.6271110982634127e-05,100.0,1.0000262260437012,mlp,embedding
1773,23062,NaN,NaN,NaN,NaN,2.859949745470658e-05,100.0,1.0000286102294922,mlp,embedding
1774,23075,NaN,NaN,NaN,NaN,2.789447535178624e-05,100.0,1.0000278949737549,mlp,embedding
1775,23088,NaN,NaN,NaN,NaN,2.2692582206218503e-05,100.0,1.0000226497650146,mlp,embedding
1776,23101,NaN,NaN,NaN,NaN,2.0395336832734756e-05,100.0,1.0000203847885132,mlp,embedding
1777,23114,NaN,NaN,NaN,NaN,2.103509359585587e-05,100.0,1.000020980834961,mlp,embedding
1778,23127,NaN,NaN,NaN,NaN,2.251545447506942e-05,100.0,1.000022530555725,mlp,embedding
1779,23140,NaN,NaN,NaN,NaN,1.745943518471904e-05,100.0,1.0000174045562744,mlp,embedding
1780,23153,NaN,NaN,NaN,NaN,1.8476710465620272e-05,100.0,1.0000184774398804,mlp,embedding
1781,23166,NaN,NaN,NaN,NaN,1.7264890630031005e-05,100.0,1.0000172853469849,mlp,embedding
1782,23179,NaN,NaN,NaN,NaN,1.639481524762232e-05,100.0,1.000016450881958,mlp,embedding
1783,23192,NaN,NaN,NaN,NaN,1.821211481001228e-05,100.0,1.0000182390213013,mlp,embedding
1784,23205,NaN,NaN,NaN,NaN,1.306819285673555e-05,100.0,1.0000131130218506,mlp,embedding
1785,23218,NaN,NaN,NaN,NaN,1.3094846508465707e-05,100.0,1.0000131130218506,mlp,embedding
1786,23231,NaN,NaN,NaN,NaN,1.1552358955668751e-05,100.0,1.0000115633010864,mlp,embedding
1787,23244,NaN,NaN,NaN,NaN,1.0317702617612667e-05,100.0,1.000010371208191,mlp,embedding
1788,23257,2.2303321145500377e-07,100.0,1.000000238418579,0.001,8.114904630929232e-06,100.0,1.0000081062316895,mlp,embedding
1789,23270,NaN,NaN,NaN,NaN,8.171655281330459e-06,100.0,1.000008225440979,mlp,embedding
1790,23283,NaN,NaN,NaN,NaN,1.0223325261904392e-05,100.0,1.0000102519989014,mlp,embedding
1791,23296,NaN,NaN,NaN,NaN,6.586214112758171e-06,100.0,1.0000065565109253,mlp,embedding
1792,23309,NaN,NaN,NaN,NaN,8.291673111671116e-06,100.0,1.0000083446502686,mlp,embedding
1793,23322,NaN,NaN,NaN,NaN,8.615280421508942e-06,100.0,1.0000085830688477,mlp,embedding
1794,23335,NaN,NaN,NaN,NaN,5.60222679268918e-06,100.0,1.0000056028366089,mlp,embedding
1795,23348,NaN,NaN,NaN,NaN,8.162912308762316e-06,100.0,1.0000081062316895,mlp,embedding
1796,23361,NaN,NaN,NaN,NaN,6.485454832727555e-06,100.0,1.0000064373016357,mlp,embedding
1797,23374,NaN,NaN,NaN,NaN,2.521733767935075e-05,100.0,1.0000252723693848,mlp,embedding
1798,23387,NaN,NaN,NaN,NaN,1.4002885818481445,78.35636138916016,4.056370258331299,mlp,embedding
1799,23400,NaN,NaN,NaN,NaN,0.10029807686805725,96.13885498046875,1.105500340461731,mlp,embedding
1800,23413,NaN,NaN,NaN,NaN,0.02354222536087036,99.25611114501953,1.023821473121643,mlp,embedding
1801,23426,NaN,NaN,NaN,NaN,0.0078003969974815845,99.82288360595703,1.0078308582305908,mlp,embedding
1802,23439,NaN,NaN,NaN,NaN,0.004275245126336813,99.9645767211914,1.004284381866455,mlp,embedding
1803,23452,NaN,NaN,NaN,NaN,0.0029488541185855865,100.0,1.0029531717300415,mlp,embedding
1804,23465,NaN,NaN,NaN,NaN,0.0023127729073166847,100.0,1.0023154020309448,mlp,embedding
1805,23478,0.0002774606109596789,100.0,1.0002775192260742,0.001,0.001992815174162388,100.0,1.0019948482513428,mlp,embedding
1806,23491,NaN,NaN,NaN,NaN,0.0017828618874773383,100.0,1.0017844438552856,mlp,embedding
1807,23504,NaN,NaN,NaN,NaN,0.0016237057279795408,100.0,1.0016250610351562,mlp,embedding
1808,23517,NaN,NaN,NaN,NaN,0.0015056622214615345,100.0,1.0015068054199219,mlp,embedding
1809,23530,NaN,NaN,NaN,NaN,0.0013746102340519428,100.0,1.0013755559921265,mlp,embedding
1810,23543,NaN,NaN,NaN,NaN,0.0012729938607662916,100.0,1.00127375125885,mlp,embedding
1811,23556,NaN,NaN,NaN,NaN,0.0011689476668834686,100.0,1.0011696815490723,mlp,embedding
1812,23569,NaN,NaN,NaN,NaN,0.001083063310943544,100.0,1.0010836124420166,mlp,embedding
1813,23582,NaN,NaN,NaN,NaN,0.0010127041023224592,100.0,1.001013159751892,mlp,embedding
1814,23595,NaN,NaN,NaN,NaN,0.0009302528924308717,100.0,1.000930666923523,mlp,embedding
1815,23608,NaN,NaN,NaN,NaN,0.0008616497507318854,100.0,1.0008620023727417,mlp,embedding
1816,23621,NaN,NaN,NaN,NaN,0.0008085770532488823,100.0,1.0008089542388916,mlp,embedding
1817,23634,NaN,NaN,NaN,NaN,0.0007490649586543441,100.0,1.0007493495941162,mlp,embedding
1818,23647,NaN,NaN,NaN,NaN,0.0006959000020287931,100.0,1.0006961822509766,mlp,embedding
1819,23660,NaN,NaN,NaN,NaN,0.0006479393923655152,100.0,1.0006481409072876,mlp,embedding
1820,23673,NaN,NaN,NaN,NaN,0.0005911466432735324,100.0,1.0005912780761719,mlp,embedding
1821,23686,NaN,NaN,NaN,NaN,0.000556553655769676,100.0,1.0005567073822021,mlp,embedding
1822,23699,NaN,NaN,NaN,NaN,0.0005141046713106334,100.0,1.000514268875122,mlp,embedding
1823,23712,4.883254587184638e-05,100.0,1.0000488758087158,0.001,0.00047207478201016784,100.0,1.0004721879959106,mlp,embedding
1824,23725,NaN,NaN,NaN,NaN,0.00045200029853731394,100.0,1.0004521608352661,mlp,embedding
1825,23738,NaN,NaN,NaN,NaN,0.00040965480729937553,100.0,1.000409722328186,mlp,embedding
1826,23751,NaN,NaN,NaN,NaN,0.00037566357059404254,100.0,1.000375747680664,mlp,embedding
1827,23764,NaN,NaN,NaN,NaN,0.00035287198261357844,100.0,1.0003529787063599,mlp,embedding
1828,23777,NaN,NaN,NaN,NaN,0.0003242323000449687,100.0,1.0003242492675781,mlp,embedding
1829,23790,NaN,NaN,NaN,NaN,0.00029904977418482304,100.0,1.000299096107483,mlp,embedding
1830,23803,NaN,NaN,NaN,NaN,0.0002792811137624085,100.0,1.0002793073654175,mlp,embedding
1831,23816,NaN,NaN,NaN,NaN,0.0002521072165109217,100.0,1.0002521276474,mlp,embedding
1832,23829,NaN,NaN,NaN,NaN,0.0002337108744541183,100.0,1.000233769416809,mlp,embedding
1833,23842,NaN,NaN,NaN,NaN,0.00021564585040323436,100.0,1.0002156496047974,mlp,embedding
1834,23855,NaN,NaN,NaN,NaN,0.00019374403927940875,100.0,1.00019371509552,mlp,embedding
1835,23868,NaN,NaN,NaN,NaN,0.00018085527699440718,100.0,1.0001808404922485,mlp,embedding
1836,23881,NaN,NaN,NaN,NaN,0.00016872186097316444,100.0,1.0001686811447144,mlp,embedding
1837,23894,NaN,NaN,NaN,NaN,0.00015338773664552718,100.0,1.0001534223556519,mlp,embedding
1838,23907,NaN,NaN,NaN,NaN,0.00013774432591162622,100.0,1.0001378059387207,mlp,embedding
1839,23920,NaN,NaN,NaN,NaN,0.0001287432387471199,100.0,1.0001287460327148,mlp,embedding
1840,23933,NaN,NaN,NaN,NaN,0.00011719096801243722,100.0,1.0001171827316284,mlp,embedding
1841,23946,1.0703220141294878e-05,100.0,1.0000107288360596,0.001,0.00010909823322435841,100.0,1.000109076499939,mlp,embedding
1842,23959,NaN,NaN,NaN,NaN,9.866367327049375e-05,100.0,1.000098705291748,mlp,embedding
1843,23972,NaN,NaN,NaN,NaN,9.160354238701984e-05,100.0,1.000091552734375,mlp,embedding
1844,23985,NaN,NaN,NaN,NaN,8.350825373781845e-05,100.0,1.000083565711975,mlp,embedding
1845,23998,NaN,NaN,NaN,NaN,7.749276846880093e-05,100.0,1.000077486038208,mlp,embedding
1846,24011,NaN,NaN,NaN,NaN,7.167900912463665e-05,100.0,1.00007164478302,mlp,embedding
1847,24024,NaN,NaN,NaN,NaN,6.48463683319278e-05,100.0,1.0000648498535156,mlp,embedding
1848,24037,NaN,NaN,NaN,NaN,6.082173058530316e-05,100.0,1.000060796737671,mlp,embedding
1849,24050,NaN,NaN,NaN,NaN,5.615045301965438e-05,100.0,1.0000561475753784,mlp,embedding
1850,24063,NaN,NaN,NaN,NaN,5.160165892448276e-05,100.0,1.0000516176223755,mlp,embedding
1851,24076,NaN,NaN,NaN,NaN,4.874217484029941e-05,100.0,1.0000487565994263,mlp,embedding
1852,24089,NaN,NaN,NaN,NaN,4.431756678968668e-05,100.0,1.000044345855713,mlp,embedding
1853,24102,NaN,NaN,NaN,NaN,4.2142593883909285e-05,100.0,1.000042200088501,mlp,embedding
1854,24115,NaN,NaN,NaN,NaN,3.8248024793574587e-05,100.0,1.0000382661819458,mlp,embedding
1855,24128,NaN,NaN,NaN,NaN,3.606678728829138e-05,100.0,1.0000361204147339,mlp,embedding
1856,24141,NaN,NaN,NaN,NaN,3.366700912010856e-05,100.0,1.0000336170196533,mlp,embedding
1857,24154,NaN,NaN,NaN,NaN,3.179653504048474e-05,100.0,1.00003182888031,mlp,embedding
1858,24167,NaN,NaN,NaN,NaN,2.899065839301329e-05,100.0,1.0000289678573608,mlp,embedding
1859,24180,2.2933350010134745e-06,100.0,1.0000022649765015,0.001,2.7035779567086138e-05,100.0,1.000027060508728,mlp,embedding
1860,24193,NaN,NaN,NaN,NaN,2.548048723838292e-05,100.0,1.0000255107879639,mlp,embedding
1861,24206,NaN,NaN,NaN,NaN,2.3830290956539102e-05,100.0,1.0000238418579102,mlp,embedding
1862,24219,NaN,NaN,NaN,NaN,2.2084983356762677e-05,100.0,1.000022053718567,mlp,embedding
1863,24232,NaN,NaN,NaN,NaN,2.0795159798581153e-05,100.0,1.0000207424163818,mlp,embedding
1864,24245,NaN,NaN,NaN,NaN,1.9264522052253596e-05,100.0,1.0000193119049072,mlp,embedding
1865,24258,NaN,NaN,NaN,NaN,1.789946691133082e-05,100.0,1.0000178813934326,mlp,embedding
1866,24271,NaN,NaN,NaN,NaN,1.7013075193972327e-05,100.0,1.0000170469284058,mlp,embedding
1867,24284,NaN,NaN,NaN,NaN,1.589524617884308e-05,100.0,1.0000158548355103,mlp,embedding
1868,24297,NaN,NaN,NaN,NaN,1.493015224696137e-05,100.0,1.0000149011611938,mlp,embedding
1869,24310,NaN,NaN,NaN,NaN,1.4229016414901707e-05,100.0,1.0000141859054565,mlp,embedding
1870,24323,NaN,NaN,NaN,NaN,1.3358774594962597e-05,100.0,1.0000133514404297,mlp,embedding
1871,24336,NaN,NaN,NaN,NaN,1.2736594726447947e-05,100.0,1.000012755393982,mlp,embedding
1872,24349,NaN,NaN,NaN,NaN,1.2168144166935235e-05,100.0,1.0000121593475342,mlp,embedding
1873,24362,NaN,NaN,NaN,NaN,1.1313033610349521e-05,100.0,1.0000113248825073,mlp,embedding
1874,24375,NaN,NaN,NaN,NaN,1.0699831364036072e-05,100.0,1.0000107288360596,mlp,embedding
1875,24388,NaN,NaN,NaN,NaN,9.963035154214595e-06,100.0,1.0000100135803223,mlp,embedding
1876,24401,NaN,NaN,NaN,NaN,9.463997230341192e-06,100.0,1.0000094175338745,mlp,embedding
1877,24414,5.794301500827714e-07,100.0,1.0000005960464478,0.001,8.937536222219933e-06,100.0,1.0000089406967163,mlp,embedding
1878,24427,NaN,NaN,NaN,NaN,8.328529474965762e-06,100.0,1.0000083446502686,mlp,embedding
1879,24440,NaN,NaN,NaN,NaN,7.715327228652313e-06,100.0,1.0000077486038208,mlp,embedding
1880,24453,NaN,NaN,NaN,NaN,7.291162546607666e-06,100.0,1.0000072717666626,mlp,embedding
1881,24466,NaN,NaN,NaN,NaN,6.910144747962477e-06,100.0,1.000006914138794,mlp,embedding
1882,24479,NaN,NaN,NaN,NaN,6.496487458207412e-06,100.0,1.0000064373016357,mlp,embedding
1883,24492,NaN,NaN,NaN,NaN,5.899410098209046e-06,100.0,1.000005841255188,mlp,embedding
1884,24505,NaN,NaN,NaN,NaN,5.445868737297133e-06,100.0,1.0000054836273193,mlp,embedding
1885,24518,NaN,NaN,NaN,NaN,5.27007614437025e-06,100.0,1.0000052452087402,mlp,embedding
1886,24531,NaN,NaN,NaN,NaN,4.96464144816855e-06,100.0,1.0000050067901611,mlp,embedding
1887,24544,NaN,NaN,NaN,NaN,4.582489964377601e-06,100.0,1.000004529953003,mlp,embedding
1888,24557,NaN,NaN,NaN,NaN,4.189622359263012e-06,100.0,1.0000041723251343,mlp,embedding
1889,24570,NaN,NaN,NaN,NaN,4.325026111473562e-06,100.0,1.0000042915344238,mlp,embedding
1890,24583,NaN,NaN,NaN,NaN,3.913015007128706e-06,100.0,1.0000039339065552,mlp,embedding
1891,24596,NaN,NaN,NaN,NaN,3.5847076560457936e-06,100.0,1.0000035762786865,mlp,embedding
1892,24609,NaN,NaN,NaN,NaN,3.6720482512464514e-06,100.0,1.000003695487976,mlp,embedding
1893,24622,NaN,NaN,NaN,NaN,3.637972213255125e-06,100.0,1.000003695487976,mlp,embedding
1894,24635,NaN,NaN,NaN,NaN,3.2071575333247893e-06,100.0,1.0000032186508179,mlp,embedding
1895,24648,1.398256443962964e-07,100.0,1.0000001192092896,0.001,3.35902359438478e-06,100.0,1.0000033378601074,mlp,embedding
1896,24661,NaN,NaN,NaN,NaN,4.872574663750129e-06,100.0,1.0000048875808716,mlp,embedding
1897,24674,NaN,NaN,NaN,NaN,0.6350873708724976,83.70527648925781,1.8871870040893555,mlp,embedding
1898,24687,NaN,NaN,NaN,NaN,0.13847748935222626,94.93446350097656,1.1485238075256348,mlp,embedding
1899,24700,NaN,NaN,NaN,NaN,0.026165395975112915,99.07899475097656,1.0265107154846191,mlp,embedding
1900,24713,NaN,NaN,NaN,NaN,0.004255003295838833,99.89373016357422,1.0042641162872314,mlp,embedding
1901,24726,NaN,NaN,NaN,NaN,0.0017837582854554057,100.0,1.001785397529602,mlp,embedding
1902,24739,NaN,NaN,NaN,NaN,0.0012216984760016203,100.0,1.0012224912643433,mlp,embedding
1903,24752,NaN,NaN,NaN,NaN,0.0009925066260620952,100.0,1.000993013381958,mlp,embedding
1904,24765,NaN,NaN,NaN,NaN,0.0008699701284058392,100.0,1.0008703470230103,mlp,embedding
1905,24778,NaN,NaN,NaN,NaN,0.0007969549624249339,100.0,1.0007972717285156,mlp,embedding
1906,24791,NaN,NaN,NaN,NaN,0.0007340404554270208,100.0,1.0007343292236328,mlp,embedding
1907,24804,NaN,NaN,NaN,NaN,0.0006841529975645244,100.0,1.000684380531311,mlp,embedding
1908,24817,NaN,NaN,NaN,NaN,0.0006381669081747532,100.0,1.0006383657455444,mlp,embedding
1909,24830,NaN,NaN,NaN,NaN,0.0005999116110615432,100.0,1.0006000995635986,mlp,embedding
1910,24843,NaN,NaN,NaN,NaN,0.0005584554164670408,100.0,1.000558614730835,mlp,embedding
1911,24856,NaN,NaN,NaN,NaN,0.0005231362301856279,100.0,1.000523328781128,mlp,embedding
1912,24869,NaN,NaN,NaN,NaN,0.0004901454667560756,100.0,1.0004903078079224,mlp,embedding
1913,24882,5.712025813409127e-05,100.0,1.0000571012496948,0.001,0.00045584450708702207,100.0,1.0004559755325317,mlp,embedding
1914,24895,NaN,NaN,NaN,NaN,0.0004257537075318396,100.0,1.0004258155822754,mlp,embedding
1915,24908,NaN,NaN,NaN,NaN,0.0003987232339568436,100.0,1.0003987550735474,mlp,embedding
1916,24921,NaN,NaN,NaN,NaN,0.00036820193054154515,100.0,1.0003682374954224,mlp,embedding
1917,24934,NaN,NaN,NaN,NaN,0.0003399608249310404,100.0,1.0003399848937988,mlp,embedding
1918,24947,NaN,NaN,NaN,NaN,0.00031430888338945806,100.0,1.0003143548965454,mlp,embedding
1919,24960,NaN,NaN,NaN,NaN,0.0002906888839788735,100.0,1.0002907514572144,mlp,embedding
1920,24973,NaN,NaN,NaN,NaN,0.000270984775852412,100.0,1.000270962715149,mlp,embedding
1921,24986,NaN,NaN,NaN,NaN,0.0002497393579687923,100.0,1.0002497434616089,mlp,embedding
1922,24999,NaN,NaN,NaN,NaN,0.00022930056729819626,100.0,1.0002293586730957,mlp,embedding
1923,25012,NaN,NaN,NaN,NaN,0.00021027000911999494,100.0,1.0002102851867676,mlp,embedding
1924,25025,NaN,NaN,NaN,NaN,0.00019320365390740335,100.0,1.0001932382583618,mlp,embedding
1925,25038,NaN,NaN,NaN,NaN,0.0001775903656380251,100.0,1.0001776218414307,mlp,embedding
1926,25051,NaN,NaN,NaN,NaN,0.00016204221174120903,100.0,1.0001620054244995,mlp,embedding
1927,25064,NaN,NaN,NaN,NaN,0.0001488632697146386,100.0,1.000148892402649,mlp,embedding
1928,25077,NaN,NaN,NaN,NaN,0.00013592044706456363,100.0,1.000135898590088,mlp,embedding
1929,25090,NaN,NaN,NaN,NaN,0.00012471589434426278,100.0,1.0001246929168701,mlp,embedding
1930,25103,NaN,NaN,NaN,NaN,0.0001134724443545565,100.0,1.0001134872436523,mlp,embedding
1931,25116,NaN,NaN,NaN,NaN,0.00010437852324685082,100.0,1.0001044273376465,mlp,embedding
1932,25129,1.2284050171729177e-05,100.0,1.0000122785568237,0.001,9.516067075310275e-05,100.0,1.0000951290130615,mlp,embedding
1933,25142,NaN,NaN,NaN,NaN,8.711563714314252e-05,100.0,1.0000871419906616,mlp,embedding
1934,25155,NaN,NaN,NaN,NaN,8.013069600565359e-05,100.0,1.0000801086425781,mlp,embedding
1935,25168,NaN,NaN,NaN,NaN,7.274920790223405e-05,100.0,1.000072717666626,mlp,embedding
1936,25181,NaN,NaN,NaN,NaN,6.689512520097196e-05,100.0,1.000066876411438,mlp,embedding
1937,25194,NaN,NaN,NaN,NaN,6.124599167378619e-05,100.0,1.000061273574829,mlp,embedding
1938,25207,NaN,NaN,NaN,NaN,5.608852006844245e-05,100.0,1.0000561475753784,mlp,embedding
1939,25220,NaN,NaN,NaN,NaN,5.1626611821120605e-05,100.0,1.0000516176223755,mlp,embedding
1940,25233,NaN,NaN,NaN,NaN,4.760431693284772e-05,100.0,1.0000475645065308,mlp,embedding
1941,25246,NaN,NaN,NaN,NaN,4.400496982270852e-05,100.0,1.0000439882278442,mlp,embedding
1942,25259,NaN,NaN,NaN,NaN,4.0706610889174044e-05,100.0,1.0000406503677368,mlp,embedding
1943,25272,NaN,NaN,NaN,NaN,3.7553665606537834e-05,100.0,1.0000375509262085,mlp,embedding
1944,25285,NaN,NaN,NaN,NaN,3.486304558464326e-05,100.0,1.0000348091125488,mlp,embedding
1945,25298,NaN,NaN,NaN,NaN,3.2490304874954745e-05,100.0,1.0000325441360474,mlp,embedding
1946,25311,NaN,NaN,NaN,NaN,3.0331835660035722e-05,100.0,1.000030279159546,mlp,embedding
1947,25324,NaN,NaN,NaN,NaN,2.835047234839294e-05,100.0,1.000028371810913,mlp,embedding
1948,25337,NaN,NaN,NaN,NaN,2.624130320327822e-05,100.0,1.0000262260437012,mlp,embedding
1949,25350,NaN,NaN,NaN,NaN,2.478019814589061e-05,100.0,1.0000247955322266,mlp,embedding
1950,25363,NaN,NaN,NaN,NaN,2.3299939130083658e-05,100.0,1.0000232458114624,mlp,embedding
1951,25376,2.515803771530045e-06,100.0,1.0000025033950806,0.001,2.1898633349337615e-05,100.0,1.0000219345092773,mlp,embedding
1952,25389,NaN,NaN,NaN,NaN,2.0706484065158293e-05,100.0,1.0000207424163818,mlp,embedding
1953,25402,NaN,NaN,NaN,NaN,1.9534247257979587e-05,100.0,1.0000195503234863,mlp,embedding
1954,25415,NaN,NaN,NaN,NaN,1.8577631635707803e-05,100.0,1.00001859664917,mlp,embedding
1955,25428,NaN,NaN,NaN,NaN,1.7634618416195735e-05,100.0,1.0000176429748535,mlp,embedding
1956,25441,NaN,NaN,NaN,NaN,1.6799229342723265e-05,100.0,1.0000168085098267,mlp,embedding
1957,25454,NaN,NaN,NaN,NaN,1.6049049008870497e-05,100.0,1.0000160932540894,mlp,embedding
1958,25467,NaN,NaN,NaN,NaN,1.543311373097822e-05,100.0,1.000015377998352,mlp,embedding
1959,25480,NaN,NaN,NaN,NaN,1.4714258213643916e-05,100.0,1.0000146627426147,mlp,embedding
1960,25493,NaN,NaN,NaN,NaN,1.402541693096282e-05,100.0,1.000014066696167,mlp,embedding
1961,25506,NaN,NaN,NaN,NaN,1.3263238543004263e-05,100.0,1.0000132322311401,mlp,embedding
1962,25519,NaN,NaN,NaN,NaN,1.2671460353885777e-05,100.0,1.0000126361846924,mlp,embedding
1963,25532,NaN,NaN,NaN,NaN,1.2025857358821668e-05,100.0,1.0000120401382446,mlp,embedding
1964,25545,NaN,NaN,NaN,NaN,1.1370314496161882e-05,100.0,1.0000113248825073,mlp,embedding
1965,25558,NaN,NaN,NaN,NaN,1.0764669241325464e-05,100.0,1.0000107288360596,mlp,embedding
1966,25571,NaN,NaN,NaN,NaN,1.0241585187031887e-05,100.0,1.0000102519989014,mlp,embedding
1967,25584,NaN,NaN,NaN,NaN,9.464582035434432e-06,100.0,1.0000094175338745,mlp,embedding
1968,25597,NaN,NaN,NaN,NaN,9.08202400751179e-06,100.0,1.0000090599060059,mlp,embedding
1969,25610,NaN,NaN,NaN,NaN,8.40546181279933e-06,100.0,1.000008463859558,mlp,embedding
1970,25623,6.74927889576793e-07,100.0,1.0000007152557373,0.001,8.157791853591334e-06,100.0,1.0000081062316895,mlp,embedding
1971,25636,NaN,NaN,NaN,NaN,7.523188287450466e-06,100.0,1.0000075101852417,mlp,embedding
1972,25649,NaN,NaN,NaN,NaN,7.251604074554052e-06,100.0,1.0000072717666626,mlp,embedding
1973,25662,NaN,NaN,NaN,NaN,6.743778158124769e-06,100.0,1.0000067949295044,mlp,embedding
1974,25675,NaN,NaN,NaN,NaN,6.474734163930407e-06,100.0,1.0000064373016357,mlp,embedding
1975,25688,NaN,NaN,NaN,NaN,6.129474968474824e-06,100.0,1.000006079673767,mlp,embedding
1976,25701,NaN,NaN,NaN,NaN,5.500791758095147e-06,100.0,1.0000054836273193,mlp,embedding
1977,25714,NaN,NaN,NaN,NaN,5.328834959072992e-06,100.0,1.0000053644180298,mlp,embedding
1978,25727,NaN,NaN,NaN,NaN,5.148577656655107e-06,100.0,1.0000051259994507,mlp,embedding
1979,25740,NaN,NaN,NaN,NaN,5.1001020437979605e-06,100.0,1.0000051259994507,mlp,embedding
1980,25753,NaN,NaN,NaN,NaN,4.6297373046400025e-06,100.0,1.0000046491622925,mlp,embedding
1981,25766,NaN,NaN,NaN,NaN,4.254824943927815e-06,100.0,1.0000042915344238,mlp,embedding
1982,25779,NaN,NaN,NaN,NaN,4.0297009036294185e-06,100.0,1.0000040531158447,mlp,embedding
1983,25792,NaN,NaN,NaN,NaN,3.7775143937324174e-06,100.0,1.0000038146972656,mlp,embedding
1984,25805,NaN,NaN,NaN,NaN,3.4266929560544668e-06,100.0,1.000003457069397,mlp,embedding
1985,25818,NaN,NaN,NaN,NaN,3.5386519812163897e-06,100.0,1.0000035762786865,mlp,embedding
1986,25831,NaN,NaN,NaN,NaN,3.575763457774883e-06,100.0,1.0000035762786865,mlp,embedding
1987,25844,NaN,NaN,NaN,NaN,3.351580971866497e-06,100.0,1.0000033378601074,mlp,embedding
1988,25857,NaN,NaN,NaN,NaN,3.0545688787242398e-06,100.0,1.0000030994415283,mlp,embedding
1989,25870,1.6594452745266608e-07,100.0,1.0000001192092896,0.001,3.7312186123017455e-06,100.0,1.000003695487976,mlp,embedding
1990,25883,NaN,NaN,NaN,NaN,2.829946424753871e-06,100.0,1.0000028610229492,mlp,embedding
1991,25896,NaN,NaN,NaN,NaN,6.459776159317698e-06,100.0,1.0000064373016357,mlp,embedding
1992,25909,NaN,NaN,NaN,NaN,0.6702916622161865,87.60184478759766,1.9548074007034302,mlp,embedding
1993,25922,NaN,NaN,NaN,NaN,0.13941442966461182,94.721923828125,1.1496003866195679,mlp,embedding
1994,25935,NaN,NaN,NaN,NaN,0.010452751070261002,99.78746032714844,1.010507583618164,mlp,embedding
1995,25948,NaN,NaN,NaN,NaN,0.0071341656148433685,99.82288360595703,1.00715970993042,mlp,embedding
1996,25961,NaN,NaN,NaN,NaN,0.0027180907782167196,99.9645767211914,1.0027217864990234,mlp,embedding
1997,25974,NaN,NaN,NaN,NaN,0.0018977583386003971,99.9645767211914,1.0018996000289917,mlp,embedding
1998,25987,NaN,NaN,NaN,NaN,0.0016165034612640738,99.9645767211914,1.0016177892684937,mlp,embedding
1999,26000,NaN,NaN,NaN,NaN,0.0014381506480276585,100.0,1.0014392137527466,mlp,embedding
2000,26013,NaN,NaN,NaN,NaN,0.0013030784903094172,100.0,1.0013039112091064,mlp,embedding
2001,26026,NaN,NaN,NaN,NaN,0.0011902390979230404,100.0,1.0011909008026123,mlp,embedding
2002,26039,NaN,NaN,NaN,NaN,0.001090217032469809,100.0,1.0010907649993896,mlp,embedding
2003,26052,NaN,NaN,NaN,NaN,0.0009971342515200377,100.0,1.0009976625442505,mlp,embedding
2004,26065,NaN,NaN,NaN,NaN,0.000912344316020608,100.0,1.0009127855300903,mlp,embedding
2005,26078,NaN,NaN,NaN,NaN,0.000840982305817306,100.0,1.0008413791656494,mlp,embedding
2006,26091,NaN,NaN,NaN,NaN,0.0007666446035727859,100.0,1.0007669925689697,mlp,embedding
2007,26104,NaN,NaN,NaN,NaN,0.0007002491620369256,100.0,1.0007004737854004,mlp,embedding
2008,26117,0.00011638037540251389,100.0,1.0001163482666016,0.001,0.0006411583162844181,100.0,1.0006413459777832,mlp,embedding
2009,26130,NaN,NaN,NaN,NaN,0.0005877764779143035,100.0,1.0005879402160645,mlp,embedding
2010,26143,NaN,NaN,NaN,NaN,0.0005339154740795493,100.0,1.0005340576171875,mlp,embedding
2011,26156,NaN,NaN,NaN,NaN,0.0004887301474809647,100.0,1.0004888772964478,mlp,embedding
2012,26169,NaN,NaN,NaN,NaN,0.0004479540803004056,100.0,1.0004481077194214,mlp,embedding
2013,26182,NaN,NaN,NaN,NaN,0.0004099514917470515,100.0,1.0004100799560547,mlp,embedding
2014,26195,NaN,NaN,NaN,NaN,0.000374854716937989,100.0,1.0003749132156372,mlp,embedding
2015,26208,NaN,NaN,NaN,NaN,0.00034359286655671895,100.0,1.000343680381775,mlp,embedding
2016,26221,NaN,NaN,NaN,NaN,0.0003134803264401853,100.0,1.0003135204315186,mlp,embedding
2017,26234,NaN,NaN,NaN,NaN,0.00028755844687111676,100.0,1.000287652015686,mlp,embedding
2018,26247,NaN,NaN,NaN,NaN,0.0002616152341943234,100.0,1.000261664390564,mlp,embedding
2019,26260,NaN,NaN,NaN,NaN,0.0002386598935117945,100.0,1.0002386569976807,mlp,embedding
2020,26273,NaN,NaN,NaN,NaN,0.00021794468921143562,100.0,1.0002179145812988,mlp,embedding
2021,26286,NaN,NaN,NaN,NaN,0.00019924969819840044,100.0,1.000199317932129,mlp,embedding
2022,26299,NaN,NaN,NaN,NaN,0.00018181561608798802,100.0,1.000181794166565,mlp,embedding
2023,26312,NaN,NaN,NaN,NaN,0.0001651380443945527,100.0,1.0001651048660278,mlp,embedding
2024,26325,NaN,NaN,NaN,NaN,0.00015141218318603933,100.0,1.0001513957977295,mlp,embedding
2025,26338,NaN,NaN,NaN,NaN,0.00013805017806589603,100.0,1.0001380443572998,mlp,embedding
2026,26351,NaN,NaN,NaN,NaN,0.00012607872486114502,100.0,1.0001261234283447,mlp,embedding
2027,26364,NaN,NaN,NaN,NaN,0.00011469095625216141,100.0,1.0001146793365479,mlp,embedding
2028,26377,1.924727257573977e-05,100.0,1.0000191926956177,0.001,0.00010489412670722231,100.0,1.0001049041748047,mlp,embedding
2029,26390,NaN,NaN,NaN,NaN,9.538496669847518e-05,100.0,1.0000953674316406,mlp,embedding
2030,26403,NaN,NaN,NaN,NaN,8.728572720428929e-05,100.0,1.0000872611999512,mlp,embedding
2031,26416,NaN,NaN,NaN,NaN,7.939853094285354e-05,100.0,1.0000793933868408,mlp,embedding
2032,26429,NaN,NaN,NaN,NaN,7.227257447084412e-05,100.0,1.0000722408294678,mlp,embedding
2033,26442,NaN,NaN,NaN,NaN,6.638577178819105e-05,100.0,1.0000663995742798,mlp,embedding
2034,26455,NaN,NaN,NaN,NaN,6.125105574028566e-05,100.0,1.000061273574829,mlp,embedding
2035,26468,NaN,NaN,NaN,NaN,5.522168066818267e-05,100.0,1.000055193901062,mlp,embedding
2036,26481,NaN,NaN,NaN,NaN,5.0407044909661636e-05,100.0,1.00005042552948,mlp,embedding
2037,26494,NaN,NaN,NaN,NaN,4.6062930778134614e-05,100.0,1.0000460147857666,mlp,embedding
2038,26507,NaN,NaN,NaN,NaN,4.198199530947022e-05,100.0,1.0000419616699219,mlp,embedding
2039,26520,NaN,NaN,NaN,NaN,3.8280963053693995e-05,100.0,1.0000382661819458,mlp,embedding
2040,26533,NaN,NaN,NaN,NaN,3.5080422094324604e-05,100.0,1.000035047531128,mlp,embedding
2041,26546,NaN,NaN,NaN,NaN,3.1957257306203246e-05,100.0,1.0000319480895996,mlp,embedding
2042,26559,NaN,NaN,NaN,NaN,2.9381770218606107e-05,100.0,1.0000293254852295,mlp,embedding
2043,26572,NaN,NaN,NaN,NaN,2.7240339477430098e-05,100.0,1.0000272989273071,mlp,embedding
2044,26585,NaN,NaN,NaN,NaN,2.4959039365057833e-05,100.0,1.0000249147415161,mlp,embedding
2045,26598,NaN,NaN,NaN,NaN,2.283116009493824e-05,100.0,1.0000228881835938,mlp,embedding
2046,26611,NaN,NaN,NaN,NaN,2.1099936930113472e-05,100.0,1.0000211000442505,mlp,embedding
2047,26624,NaN,NaN,NaN,NaN,1.9759014321607538e-05,100.0,1.0000197887420654,mlp,embedding
2048,26637,3.183831722708419e-06,100.0,1.0000032186508179,0.001,1.818151395127643e-05,100.0,1.0000182390213013,mlp,embedding
2049,26650,NaN,NaN,NaN,NaN,1.6996036720229313e-05,100.0,1.0000170469284058,mlp,embedding
2050,26663,NaN,NaN,NaN,NaN,1.5870207789703272e-05,100.0,1.0000158548355103,mlp,embedding
2051,26676,NaN,NaN,NaN,NaN,1.480618266214151e-05,100.0,1.0000147819519043,mlp,embedding
2052,26689,NaN,NaN,NaN,NaN,1.3950070751889143e-05,100.0,1.0000139474868774,mlp,embedding
2053,26702,NaN,NaN,NaN,NaN,1.311831238126615e-05,100.0,1.0000131130218506,mlp,embedding
2054,26715,NaN,NaN,NaN,NaN,1.2321891517785843e-05,100.0,1.0000122785568237,mlp,embedding
2055,26728,NaN,NaN,NaN,NaN,1.1670728781609796e-05,100.0,1.000011682510376,mlp,embedding
2056,26741,NaN,NaN,NaN,NaN,1.1085364349128213e-05,100.0,1.0000110864639282,mlp,embedding
2057,26754,NaN,NaN,NaN,NaN,1.0592214493954089e-05,100.0,1.00001060962677,mlp,embedding
2058,26767,NaN,NaN,NaN,NaN,9.99909570964519e-06,100.0,1.0000100135803223,mlp,embedding
2059,26780,NaN,NaN,NaN,NaN,9.61427122092573e-06,100.0,1.0000096559524536,mlp,embedding
2060,26793,NaN,NaN,NaN,NaN,9.147129276243504e-06,100.0,1.0000091791152954,mlp,embedding
2061,26806,NaN,NaN,NaN,NaN,8.69895302457735e-06,100.0,1.0000087022781372,mlp,embedding
2062,26819,NaN,NaN,NaN,NaN,8.342960427398793e-06,100.0,1.0000083446502686,mlp,embedding
2063,26832,NaN,NaN,NaN,NaN,8.067139788181521e-06,100.0,1.0000081062316895,mlp,embedding
2064,26845,NaN,NaN,NaN,NaN,7.575926247227471e-06,100.0,1.0000076293945312,mlp,embedding
2065,26858,NaN,NaN,NaN,NaN,7.25855397831765e-06,100.0,1.0000072717666626,mlp,embedding
2066,26871,NaN,NaN,NaN,NaN,6.910991942277178e-06,100.0,1.000006914138794,mlp,embedding
2067,26884,NaN,NaN,NaN,NaN,6.754508376616286e-06,100.0,1.0000067949295044,mlp,embedding
2068,26897,7.680906151108502e-07,100.0,1.0000007152557373,0.001,6.201194992172532e-06,100.0,1.0000061988830566,mlp,embedding
2069,26910,NaN,NaN,NaN,NaN,5.8359191825729795e-06,100.0,1.000005841255188,mlp,embedding
2070,26923,NaN,NaN,NaN,NaN,5.706762749468908e-06,100.0,1.0000057220458984,mlp,embedding
2071,26936,NaN,NaN,NaN,NaN,5.2378250074980315e-06,100.0,1.0000052452087402,mlp,embedding
2072,26949,NaN,NaN,NaN,NaN,5.216552381170914e-06,100.0,1.0000052452087402,mlp,embedding
2073,26962,NaN,NaN,NaN,NaN,4.522832114162156e-06,100.0,1.000004529953003,mlp,embedding
2074,26975,NaN,NaN,NaN,NaN,4.23746769229183e-06,100.0,1.0000042915344238,mlp,embedding
2075,26988,NaN,NaN,NaN,NaN,4.012545559817227e-06,100.0,1.0000040531158447,mlp,embedding
2076,27001,NaN,NaN,NaN,NaN,3.7098484426678624e-06,100.0,1.000003695487976,mlp,embedding
2077,27014,NaN,NaN,NaN,NaN,3.4331139886489836e-06,100.0,1.000003457069397,mlp,embedding
2078,27027,NaN,NaN,NaN,NaN,3.2471245958731743e-06,100.0,1.0000032186508179,mlp,embedding
2079,27040,NaN,NaN,NaN,NaN,2.900013214457431e-06,100.0,1.0000028610229492,mlp,embedding
2080,27053,NaN,NaN,NaN,NaN,2.9318450742721325e-06,100.0,1.0000029802322388,mlp,embedding
2081,27066,NaN,NaN,NaN,NaN,2.694442173378775e-06,100.0,1.0000027418136597,mlp,embedding
2082,27079,NaN,NaN,NaN,NaN,2.5714894036354963e-06,100.0,1.0000026226043701,mlp,embedding
2083,27092,NaN,NaN,NaN,NaN,2.163198814741918e-06,100.0,1.000002145767212,mlp,embedding
2084,27105,NaN,NaN,NaN,NaN,2.3413765575241996e-06,100.0,1.000002384185791,mlp,embedding
2085,27118,NaN,NaN,NaN,NaN,1.9068709207203938e-06,100.0,1.0000019073486328,mlp,embedding
2086,27131,NaN,NaN,NaN,NaN,1.8503515093470924e-06,100.0,1.0000019073486328,mlp,embedding
2087,27144,NaN,NaN,NaN,NaN,1.95160419025342e-06,100.0,1.0000019073486328,mlp,embedding
2088,27157,1.3736398329911026e-07,100.0,1.0000001192092896,0.001,1.7931830598172382e-06,100.0,1.0000017881393433,mlp,embedding
2089,27170,NaN,NaN,NaN,NaN,1.7802647107600933e-06,100.0,1.0000017881393433,mlp,embedding
2090,27183,NaN,NaN,NaN,NaN,2.2321521555568324e-06,100.0,1.0000022649765015,mlp,embedding
2091,27196,NaN,NaN,NaN,NaN,3.20885601468035e-06,100.0,1.0000032186508179,mlp,embedding
2092,27209,NaN,NaN,NaN,NaN,1.235206127166748,73.64505767822266,3.439087390899658,mlp,embedding
2093,27222,NaN,NaN,NaN,NaN,0.07783917337656021,97.27240753173828,1.080948829650879,mlp,embedding
2094,27235,NaN,NaN,NaN,NaN,0.011868196539580822,99.75203704833984,1.0119389295578003,mlp,embedding
2095,27248,NaN,NaN,NaN,NaN,0.0021748824510723352,100.0,1.0021772384643555,mlp,embedding
2096,27261,NaN,NaN,NaN,NaN,0.0009720225934870541,100.0,1.0009725093841553,mlp,embedding
2097,27274,NaN,NaN,NaN,NaN,0.0005660015740431845,100.0,1.0005661249160767,mlp,embedding
2098,27287,NaN,NaN,NaN,NaN,0.00040591650758869946,100.0,1.00040602684021,mlp,embedding
2099,27300,NaN,NaN,NaN,NaN,0.0003294697089586407,100.0,1.0003294944763184,mlp,embedding
2100,27313,NaN,NaN,NaN,NaN,0.0002838342625182122,100.0,1.0002838373184204,mlp,embedding
2101,27326,NaN,NaN,NaN,NaN,0.0002513944054953754,100.0,1.0002514123916626,mlp,embedding
2102,27339,NaN,NaN,NaN,NaN,0.00022566660481970757,100.0,1.0002256631851196,mlp,embedding
2103,27352,NaN,NaN,NaN,NaN,0.00020507931185420603,100.0,1.000205159187317,mlp,embedding
2104,27365,NaN,NaN,NaN,NaN,0.0001873155852081254,100.0,1.0001872777938843,mlp,embedding
2105,27378,NaN,NaN,NaN,NaN,0.00017161011055577546,100.0,1.0001716613769531,mlp,embedding
2106,27391,NaN,NaN,NaN,NaN,0.0001571845932630822,100.0,1.0001572370529175,mlp,embedding
2107,27404,NaN,NaN,NaN,NaN,0.00014458192163147032,100.0,1.000144600868225,mlp,embedding
2108,27417,2.9800121410517022e-05,100.0,1.0000298023223877,0.001,0.00013315414253156632,100.0,1.0001331567764282,mlp,embedding
2109,27430,NaN,NaN,NaN,NaN,0.00012290106678847224,100.0,1.0001229047775269,mlp,embedding
2110,27443,NaN,NaN,NaN,NaN,0.00011336749594192952,100.0,1.0001133680343628,mlp,embedding
2111,27456,NaN,NaN,NaN,NaN,0.0001048486155923456,100.0,1.0001049041748047,mlp,embedding
2112,27469,NaN,NaN,NaN,NaN,9.672126907389611e-05,100.0,1.0000966787338257,mlp,embedding
2113,27482,NaN,NaN,NaN,NaN,8.905388676794246e-05,100.0,1.0000890493392944,mlp,embedding
2114,27495,NaN,NaN,NaN,NaN,8.218354196287692e-05,100.0,1.0000821352005005,mlp,embedding
2115,27508,NaN,NaN,NaN,NaN,7.588817970827222e-05,100.0,1.0000759363174438,mlp,embedding
2116,27521,NaN,NaN,NaN,NaN,7.013851427473128e-05,100.0,1.0000700950622559,mlp,embedding
2117,27534,NaN,NaN,NaN,NaN,6.456742266891524e-05,100.0,1.0000646114349365,mlp,embedding
2118,27547,NaN,NaN,NaN,NaN,5.9591897297650576e-05,100.0,1.0000596046447754,mlp,embedding
2119,27560,NaN,NaN,NaN,NaN,5.4944564908510074e-05,100.0,1.000054955482483,mlp,embedding
2120,27573,NaN,NaN,NaN,NaN,5.084114309283905e-05,100.0,1.0000507831573486,mlp,embedding
2121,27586,NaN,NaN,NaN,NaN,4.699227065430023e-05,100.0,1.000046968460083,mlp,embedding
2122,27599,NaN,NaN,NaN,NaN,4.3499185267137364e-05,100.0,1.000043511390686,mlp,embedding
2123,27612,NaN,NaN,NaN,NaN,4.0380487916991115e-05,100.0,1.0000404119491577,mlp,embedding
2124,27625,NaN,NaN,NaN,NaN,3.7458994484040886e-05,100.0,1.000037431716919,mlp,embedding
2125,27638,NaN,NaN,NaN,NaN,3.481630119495094e-05,100.0,1.0000348091125488,mlp,embedding
2126,27651,NaN,NaN,NaN,NaN,3.2459269277751446e-05,100.0,1.0000324249267578,mlp,embedding
2127,27664,NaN,NaN,NaN,NaN,3.0325087209348567e-05,100.0,1.000030279159546,mlp,embedding
2128,27677,NaN,NaN,NaN,NaN,2.8381198717397638e-05,100.0,1.000028371810913,mlp,embedding
2129,27690,6.1701507547695655e-06,100.0,1.0000061988830566,0.001,2.6573328796075657e-05,100.0,1.0000265836715698,mlp,embedding
2130,27703,NaN,NaN,NaN,NaN,2.5028251911862753e-05,100.0,1.0000250339508057,mlp,embedding
2131,27716,NaN,NaN,NaN,NaN,2.3653485186514445e-05,100.0,1.000023603439331,mlp,embedding
2132,27729,NaN,NaN,NaN,NaN,2.238907472928986e-05,100.0,1.0000224113464355,mlp,embedding
2133,27742,NaN,NaN,NaN,NaN,2.1189849576330744e-05,100.0,1.00002121925354,mlp,embedding
2134,27755,NaN,NaN,NaN,NaN,2.019239400397055e-05,100.0,1.000020146369934,mlp,embedding
2135,27768,NaN,NaN,NaN,NaN,1.923963282024488e-05,100.0,1.0000191926956177,mlp,embedding
2136,27781,NaN,NaN,NaN,NaN,1.8388151147519238e-05,100.0,1.0000183582305908,mlp,embedding
2137,27794,NaN,NaN,NaN,NaN,1.75677068909863e-05,100.0,1.000017523765564,mlp,embedding
2138,27807,NaN,NaN,NaN,NaN,1.6791369489510544e-05,100.0,1.0000168085098267,mlp,embedding
2139,27820,NaN,NaN,NaN,NaN,1.6090347344288602e-05,100.0,1.0000160932540894,mlp,embedding
2140,27833,NaN,NaN,NaN,NaN,1.5400924894493073e-05,100.0,1.000015377998352,mlp,embedding
2141,27846,NaN,NaN,NaN,NaN,1.4705689864058513e-05,100.0,1.0000146627426147,mlp,embedding
2142,27859,NaN,NaN,NaN,NaN,1.414850885339547e-05,100.0,1.0000141859054565,mlp,embedding
2143,27872,NaN,NaN,NaN,NaN,1.3496097380993888e-05,100.0,1.0000134706497192,mlp,embedding
2144,27885,NaN,NaN,NaN,NaN,1.2679462997766677e-05,100.0,1.0000126361846924,mlp,embedding
2145,27898,NaN,NaN,NaN,NaN,1.2021778275084216e-05,100.0,1.0000120401382446,mlp,embedding
2146,27911,NaN,NaN,NaN,NaN,1.120284287026152e-05,100.0,1.0000112056732178,mlp,embedding
2147,27924,NaN,NaN,NaN,NaN,1.0466836101841182e-05,100.0,1.0000104904174805,mlp,embedding
2148,27937,NaN,NaN,NaN,NaN,9.8443324532127e-06,100.0,1.0000098943710327,mlp,embedding
2149,27950,NaN,NaN,NaN,NaN,9.425804819329642e-06,100.0,1.0000094175338745,mlp,embedding
2150,27963,1.4388360796147026e-06,100.0,1.0000014305114746,0.001,8.84277505974751e-06,100.0,1.0000088214874268,mlp,embedding
2151,27976,NaN,NaN,NaN,NaN,8.362972948816605e-06,100.0,1.0000083446502686,mlp,embedding
2152,27989,NaN,NaN,NaN,NaN,7.91598631622037e-06,100.0,1.0000078678131104,mlp,embedding
2153,28002,NaN,NaN,NaN,NaN,7.51346397009911e-06,100.0,1.0000075101852417,mlp,embedding
2154,28015,NaN,NaN,NaN,NaN,7.111107606760925e-06,100.0,1.000007152557373,mlp,embedding
2155,28028,NaN,NaN,NaN,NaN,6.821818260505097e-06,100.0,1.0000067949295044,mlp,embedding
2156,28041,NaN,NaN,NaN,NaN,6.437157026084606e-06,100.0,1.0000064373016357,mlp,embedding
2157,28054,NaN,NaN,NaN,NaN,6.1548907979158685e-06,100.0,1.0000061988830566,mlp,embedding
2158,28067,NaN,NaN,NaN,NaN,5.883583526156144e-06,100.0,1.000005841255188,mlp,embedding
2159,28080,NaN,NaN,NaN,NaN,5.663250249199336e-06,100.0,1.0000057220458984,mlp,embedding
2160,28093,NaN,NaN,NaN,NaN,5.360133400245104e-06,100.0,1.0000053644180298,mlp,embedding
2161,28106,NaN,NaN,NaN,NaN,5.096371751278639e-06,100.0,1.0000051259994507,mlp,embedding
2162,28119,NaN,NaN,NaN,NaN,4.84167276226799e-06,100.0,1.0000048875808716,mlp,embedding
2163,28132,NaN,NaN,NaN,NaN,4.599953626893694e-06,100.0,1.0000046491622925,mlp,embedding
2164,28145,NaN,NaN,NaN,NaN,4.408769200381357e-06,100.0,1.0000044107437134,mlp,embedding
2165,28158,NaN,NaN,NaN,NaN,4.120823177800048e-06,100.0,1.0000041723251343,mlp,embedding
2166,28171,NaN,NaN,NaN,NaN,3.988083790318342e-06,100.0,1.0000039339065552,mlp,embedding
2167,28184,NaN,NaN,NaN,NaN,3.6863320929114707e-06,100.0,1.000003695487976,mlp,embedding
2168,28197,NaN,NaN,NaN,NaN,3.4943393529829336e-06,100.0,1.000003457069397,mlp,embedding
2169,28210,NaN,NaN,NaN,NaN,3.422515192141873e-06,100.0,1.000003457069397,mlp,embedding
2170,28223,NaN,NaN,NaN,NaN,3.1872455110715237e-06,100.0,1.0000032186508179,mlp,embedding
2171,28236,3.983175531629968e-07,100.0,1.0000003576278687,0.001,2.9706886834901525e-06,100.0,1.0000029802322388,mlp,embedding
2172,28249,NaN,NaN,NaN,NaN,2.7376675006962614e-06,100.0,1.0000027418136597,mlp,embedding
2173,28262,NaN,NaN,NaN,NaN,2.676147460078937e-06,100.0,1.0000026226043701,mlp,embedding
2174,28275,NaN,NaN,NaN,NaN,2.4500104700564407e-06,100.0,1.0000025033950806,mlp,embedding
2175,28288,NaN,NaN,NaN,NaN,2.2428705506172264e-06,100.0,1.0000022649765015,mlp,embedding
2176,28301,NaN,NaN,NaN,NaN,2.1760797608294524e-06,100.0,1.000002145767212,mlp,embedding
2177,28314,NaN,NaN,NaN,NaN,2.170179641325376e-06,100.0,1.000002145767212,mlp,embedding
2178,28327,NaN,NaN,NaN,NaN,1.8908619949797867e-06,100.0,1.0000019073486328,mlp,embedding
2179,28340,NaN,NaN,NaN,NaN,2.2110293684818316e-06,100.0,1.0000022649765015,mlp,embedding
2180,28353,NaN,NaN,NaN,NaN,1.8623246660354198e-06,100.0,1.0000019073486328,mlp,embedding
2181,28366,NaN,NaN,NaN,NaN,1.8133099501937977e-06,100.0,1.0000017881393433,mlp,embedding
2182,28379,NaN,NaN,NaN,NaN,1.4630451232733321e-06,100.0,1.0000014305114746,mlp,embedding
2183,28392,NaN,NaN,NaN,NaN,1.4950376225897344e-06,100.0,1.0000015497207642,mlp,embedding
2184,28405,NaN,NaN,NaN,NaN,1.7625882264837855e-06,100.0,1.0000017881393433,mlp,embedding
2185,28418,NaN,NaN,NaN,NaN,1.4627343034590012e-06,100.0,1.0000014305114746,mlp,embedding
2186,28431,NaN,NaN,NaN,NaN,2.3183181383501505e-06,100.0,1.0000022649765015,mlp,embedding
2187,28444,NaN,NaN,NaN,NaN,0.21878772974014282,93.44668579101562,1.2445670366287231,mlp,embedding
2188,28457,NaN,NaN,NaN,NaN,0.03612084686756134,98.68933868408203,1.0367811918258667,mlp,embedding
2189,28470,NaN,NaN,NaN,NaN,0.005058756098151207,99.92915344238281,1.0050715208053589,mlp,embedding
2190,28483,NaN,NaN,NaN,NaN,0.001157086342573166,100.0,1.0011577606201172,mlp,embedding
2191,28496,NaN,NaN,NaN,NaN,0.0007392170373350382,100.0,1.0007394552230835,mlp,embedding
2192,28509,0.0001195236764033325,100.0,1.0001195669174194,0.001,0.00040809536585584283,100.0,1.0004081726074219,mlp,embedding
2193,28522,NaN,NaN,NaN,NaN,0.0002868829760700464,100.0,1.0002869367599487,mlp,embedding
2194,28535,NaN,NaN,NaN,NaN,0.00023082885309122503,100.0,1.0002309083938599,mlp,embedding
2195,28548,NaN,NaN,NaN,NaN,0.00019795600383076817,100.0,1.0001980066299438,mlp,embedding
2196,28561,NaN,NaN,NaN,NaN,0.00017408234998583794,100.0,1.0001740455627441,mlp,embedding
2197,28574,NaN,NaN,NaN,NaN,0.000155696616275236,100.0,1.0001556873321533,mlp,embedding
2198,28587,NaN,NaN,NaN,NaN,0.00014031874889042228,100.0,1.0001403093338013,mlp,embedding
2199,28600,NaN,NaN,NaN,NaN,0.00012706055713351816,100.0,1.0001270771026611,mlp,embedding
2200,28613,NaN,NaN,NaN,NaN,0.00011548802285687998,100.0,1.0001155138015747,mlp,embedding
2201,28626,NaN,NaN,NaN,NaN,0.00010471604036865756,100.0,1.0001046657562256,mlp,embedding
2202,28639,NaN,NaN,NaN,NaN,9.530399256618693e-05,100.0,1.0000953674316406,mlp,embedding
2203,28652,NaN,NaN,NaN,NaN,8.672588592162356e-05,100.0,1.000086784362793,mlp,embedding
2204,28665,NaN,NaN,NaN,NaN,7.887221727287397e-05,100.0,1.0000789165496826,mlp,embedding
2205,28678,NaN,NaN,NaN,NaN,7.172946789069101e-05,100.0,1.0000717639923096,mlp,embedding
2206,28691,NaN,NaN,NaN,NaN,6.5101427026093e-05,100.0,1.0000650882720947,mlp,embedding
2207,28704,NaN,NaN,NaN,NaN,5.915960355196148e-05,100.0,1.0000591278076172,mlp,embedding
2208,28717,NaN,NaN,NaN,NaN,5.4004372941562906e-05,100.0,1.0000540018081665,mlp,embedding
2209,28730,NaN,NaN,NaN,NaN,4.897344842902385e-05,100.0,1.0000489950180054,mlp,embedding
2210,28743,NaN,NaN,NaN,NaN,4.4604879803955555e-05,100.0,1.000044584274292,mlp,embedding
2211,28756,NaN,NaN,NaN,NaN,4.056180114275776e-05,100.0,1.0000405311584473,mlp,embedding
2212,28769,NaN,NaN,NaN,NaN,3.699342778418213e-05,100.0,1.0000369548797607,mlp,embedding
2213,28782,7.705828465986997e-06,100.0,1.0000077486038208,0.001,3.370003105374053e-05,100.0,1.0000337362289429,mlp,embedding
2214,28795,NaN,NaN,NaN,NaN,3.067202851525508e-05,100.0,1.0000306367874146,mlp,embedding
2215,28808,NaN,NaN,NaN,NaN,2.8035492505296133e-05,100.0,1.0000280141830444,mlp,embedding
2216,28821,NaN,NaN,NaN,NaN,2.5578907298040576e-05,100.0,1.0000256299972534,mlp,embedding
2217,28834,NaN,NaN,NaN,NaN,2.3333486751653254e-05,100.0,1.000023365020752,mlp,embedding
2218,28847,NaN,NaN,NaN,NaN,2.1376275981310755e-05,100.0,1.0000213384628296,mlp,embedding
2219,28860,NaN,NaN,NaN,NaN,1.963382055691909e-05,100.0,1.0000196695327759,mlp,embedding
2220,28873,NaN,NaN,NaN,NaN,1.8058795831166208e-05,100.0,1.0000180006027222,mlp,embedding
2221,28886,NaN,NaN,NaN,NaN,1.660403358982876e-05,100.0,1.0000165700912476,mlp,embedding
2222,28899,NaN,NaN,NaN,NaN,1.53245036926819e-05,100.0,1.000015377998352,mlp,embedding
2223,28912,NaN,NaN,NaN,NaN,1.417105977452593e-05,100.0,1.0000141859054565,mlp,embedding
2224,28925,NaN,NaN,NaN,NaN,1.3136098459654022e-05,100.0,1.0000131130218506,mlp,embedding
2225,28938,NaN,NaN,NaN,NaN,1.2210035492898896e-05,100.0,1.0000121593475342,mlp,embedding
2226,28951,NaN,NaN,NaN,NaN,1.1380519936210476e-05,100.0,1.0000113248825073,mlp,embedding
2227,28964,NaN,NaN,NaN,NaN,1.0645120710250922e-05,100.0,1.00001060962677,mlp,embedding
2228,28977,NaN,NaN,NaN,NaN,9.972242878575344e-06,100.0,1.0000100135803223,mlp,embedding
2229,28990,NaN,NaN,NaN,NaN,9.39401888899738e-06,100.0,1.0000094175338745,mlp,embedding
2230,29003,NaN,NaN,NaN,NaN,8.879446795617696e-06,100.0,1.0000088214874268,mlp,embedding
2231,29016,NaN,NaN,NaN,NaN,8.387924026465043e-06,100.0,1.0000083446502686,mlp,embedding
2232,29029,NaN,NaN,NaN,NaN,7.98535347712459e-06,100.0,1.0000079870224,mlp,embedding
2233,29042,NaN,NaN,NaN,NaN,7.611321507283719e-06,100.0,1.0000076293945312,mlp,embedding
2234,29055,NaN,NaN,NaN,NaN,7.264326541189803e-06,100.0,1.0000072717666626,mlp,embedding
2235,29068,1.5342238839366473e-06,100.0,1.0000015497207642,0.001,6.986826065258356e-06,100.0,1.0000070333480835,mlp,embedding
2236,29081,NaN,NaN,NaN,NaN,6.6877259996545035e-06,100.0,1.0000066757202148,mlp,embedding
2237,29094,NaN,NaN,NaN,NaN,6.446599854825763e-06,100.0,1.0000064373016357,mlp,embedding
2238,29107,NaN,NaN,NaN,NaN,6.209865659911884e-06,100.0,1.0000061988830566,mlp,embedding
2239,29120,NaN,NaN,NaN,NaN,6.016417046339484e-06,100.0,1.0000059604644775,mlp,embedding
2240,29133,NaN,NaN,NaN,NaN,5.775624686066294e-06,100.0,1.0000057220458984,mlp,embedding
2241,29146,NaN,NaN,NaN,NaN,5.63377579965163e-06,100.0,1.0000056028366089,mlp,embedding
2242,29159,NaN,NaN,NaN,NaN,5.425109975476516e-06,100.0,1.0000054836273193,mlp,embedding
2243,29172,NaN,NaN,NaN,NaN,5.275244802760426e-06,100.0,1.0000052452087402,mlp,embedding
2244,29185,NaN,NaN,NaN,NaN,5.156999122846173e-06,100.0,1.0000051259994507,mlp,embedding
2245,29198,NaN,NaN,NaN,NaN,4.9617265176493675e-06,100.0,1.0000050067901611,mlp,embedding
2246,29211,NaN,NaN,NaN,NaN,4.829708359466167e-06,100.0,1.0000048875808716,mlp,embedding
2247,29224,NaN,NaN,NaN,NaN,4.670446287491359e-06,100.0,1.0000046491622925,mlp,embedding
2248,29237,NaN,NaN,NaN,NaN,4.5749729906674474e-06,100.0,1.000004529953003,mlp,embedding
2249,29250,NaN,NaN,NaN,NaN,4.395088581077289e-06,100.0,1.0000044107437134,mlp,embedding
2250,29263,NaN,NaN,NaN,NaN,4.282483587303432e-06,100.0,1.0000042915344238,mlp,embedding
2251,29276,NaN,NaN,NaN,NaN,4.146939772908809e-06,100.0,1.0000041723251343,mlp,embedding
2252,29289,NaN,NaN,NaN,NaN,4.0344111766899005e-06,100.0,1.0000040531158447,mlp,embedding
2253,29302,NaN,NaN,NaN,NaN,3.9506917346443515e-06,100.0,1.0000039339065552,mlp,embedding
2254,29315,NaN,NaN,NaN,NaN,3.8101791233202675e-06,100.0,1.0000038146972656,mlp,embedding
2255,29328,NaN,NaN,NaN,NaN,3.708261147039593e-06,100.0,1.000003695487976,mlp,embedding
2256,29341,NaN,NaN,NaN,NaN,3.551359895936912e-06,100.0,1.0000035762786865,mlp,embedding
2257,29354,5.806971898891788e-07,100.0,1.0000005960464478,0.001,3.4583908927743323e-06,100.0,1.000003457069397,mlp,embedding
2258,29367,NaN,NaN,NaN,NaN,3.3011428968166e-06,100.0,1.0000033378601074,mlp,embedding
2259,29380,NaN,NaN,NaN,NaN,3.256376203353284e-06,100.0,1.0000032186508179,mlp,embedding
2260,29393,NaN,NaN,NaN,NaN,3.0124003842502134e-06,100.0,1.0000029802322388,mlp,embedding
2261,29406,NaN,NaN,NaN,NaN,2.9145530788809992e-06,100.0,1.0000028610229492,mlp,embedding
2262,29419,NaN,NaN,NaN,NaN,2.67749555860064e-06,100.0,1.0000026226043701,mlp,embedding
2263,29432,NaN,NaN,NaN,NaN,2.573337496869499e-06,100.0,1.0000026226043701,mlp,embedding
2264,29445,NaN,NaN,NaN,NaN,2.421043063804973e-06,100.0,1.000002384185791,mlp,embedding
2265,29458,NaN,NaN,NaN,NaN,2.3155284907261375e-06,100.0,1.0000022649765015,mlp,embedding
2266,29471,NaN,NaN,NaN,NaN,2.1440507680381415e-06,100.0,1.000002145767212,mlp,embedding
2267,29484,NaN,NaN,NaN,NaN,1.930952748807613e-06,100.0,1.0000019073486328,mlp,embedding
2268,29497,NaN,NaN,NaN,NaN,2.025926733040251e-06,100.0,1.0000020265579224,mlp,embedding
2269,29510,NaN,NaN,NaN,NaN,1.7397029523635865e-06,100.0,1.0000017881393433,mlp,embedding
2270,29523,NaN,NaN,NaN,NaN,1.6421643067587866e-06,100.0,1.0000016689300537,mlp,embedding
2271,29536,NaN,NaN,NaN,NaN,1.485975758441782e-06,100.0,1.0000014305114746,mlp,embedding
2272,29549,NaN,NaN,NaN,NaN,1.5693642581027234e-06,100.0,1.0000015497207642,mlp,embedding
2273,29562,NaN,NaN,NaN,NaN,1.4364878779815626e-06,100.0,1.0000014305114746,mlp,embedding
2274,29575,NaN,NaN,NaN,NaN,1.4516159581035026e-06,100.0,1.0000014305114746,mlp,embedding
2275,29588,NaN,NaN,NaN,NaN,1.4435141793001094e-06,100.0,1.0000014305114746,mlp,embedding
2276,29601,NaN,NaN,NaN,NaN,1.1727780702130985e-06,100.0,1.0000011920928955,mlp,embedding
2277,29614,NaN,NaN,NaN,NaN,3.561800212992239e-06,100.0,1.0000035762786865,mlp,embedding
2278,29627,NaN,NaN,NaN,NaN,3.268523931503296,64.61211395263672,26.272531509399414,mlp,embedding
2279,29640,0.6338855624198914,89.14363861083984,1.884920358657837,0.001,0.06920672953128815,98.2642593383789,1.0716577768325806,mlp,embedding
2280,29653,NaN,NaN,NaN,NaN,0.025781312957406044,99.18526458740234,1.0261164903640747,mlp,embedding
2281,29666,NaN,NaN,NaN,NaN,0.004429733846336603,99.92915344238281,1.0044395923614502,mlp,embedding
2282,29679,NaN,NaN,NaN,NaN,0.0017172974767163396,100.0,1.0017187595367432,mlp,embedding
2283,29692,NaN,NaN,NaN,NaN,0.001026778481900692,100.0,1.0010273456573486,mlp,embedding
2284,29705,NaN,NaN,NaN,NaN,0.0007502367370761931,100.0,1.0007505416870117,mlp,embedding
2285,29718,NaN,NaN,NaN,NaN,0.000588090275414288,100.0,1.000588297843933,mlp,embedding
2286,29731,NaN,NaN,NaN,NaN,0.00046569795813411474,100.0,1.000465750694275,mlp,embedding
2287,29744,NaN,NaN,NaN,NaN,0.0003956173313781619,100.0,1.000395655632019,mlp,embedding
2288,29757,NaN,NaN,NaN,NaN,0.00034171095467172563,100.0,1.000341773033142,mlp,embedding
2289,29770,NaN,NaN,NaN,NaN,0.0003014991816598922,100.0,1.0003015995025635,mlp,embedding
2290,29783,NaN,NaN,NaN,NaN,0.0002679083263501525,100.0,1.0002679824829102,mlp,embedding
2291,29796,NaN,NaN,NaN,NaN,0.00024007361207623035,100.0,1.0002400875091553,mlp,embedding
2292,29809,NaN,NaN,NaN,NaN,0.000216889864532277,100.0,1.0002169609069824,mlp,embedding
2293,29822,NaN,NaN,NaN,NaN,0.00019705656450241804,100.0,1.0001970529556274,mlp,embedding
2294,29835,NaN,NaN,NaN,NaN,0.0001781629689503461,100.0,1.0001782178878784,mlp,embedding
2295,29848,NaN,NaN,NaN,NaN,0.00016251658962573856,100.0,1.0001624822616577,mlp,embedding
2296,29861,NaN,NaN,NaN,NaN,0.00014953874051570892,100.0,1.0001496076583862,mlp,embedding
2297,29874,NaN,NaN,NaN,NaN,0.0001389648241456598,100.0,1.0001389980316162,mlp,embedding
2298,29887,NaN,NaN,NaN,NaN,0.00012868961493950337,100.0,1.0001287460327148,mlp,embedding
2299,29900,NaN,NaN,NaN,NaN,0.00012091902317479253,100.0,1.0001208782196045,mlp,embedding
2300,29913,NaN,NaN,NaN,NaN,0.00011300631740596145,100.0,1.0001130104064941,mlp,embedding
2301,29926,2.9921175155323e-05,100.0,1.0000299215316772,0.001,0.00010702329745981842,100.0,1.0001070499420166,mlp,embedding
2302,29939,NaN,NaN,NaN,NaN,0.00010095460311276838,100.0,1.0001009702682495,mlp,embedding
2303,29952,NaN,NaN,NaN,NaN,9.642213262850419e-05,100.0,1.0000964403152466,mlp,embedding
2304,29965,NaN,NaN,NaN,NaN,9.075022535398602e-05,100.0,1.0000907182693481,mlp,embedding
2305,29978,NaN,NaN,NaN,NaN,8.66633708938025e-05,100.0,1.0000866651535034,mlp,embedding
2306,29991,NaN,NaN,NaN,NaN,8.370158320758492e-05,100.0,1.0000836849212646,mlp,embedding
2307,30004,NaN,NaN,NaN,NaN,7.937680493341759e-05,100.0,1.0000793933868408,mlp,embedding
2308,30017,NaN,NaN,NaN,NaN,7.531487062806264e-05,100.0,1.000075340270996,mlp,embedding
2309,30030,NaN,NaN,NaN,NaN,7.167471630964428e-05,100.0,1.00007164478302,mlp,embedding
2310,30043,NaN,NaN,NaN,NaN,6.9218993303366e-05,100.0,1.000069260597229,mlp,embedding
2311,30056,NaN,NaN,NaN,NaN,6.590773409698159e-05,100.0,1.0000659227371216,mlp,embedding
2312,30069,NaN,NaN,NaN,NaN,6.182640936458483e-05,100.0,1.0000618696212769,mlp,embedding
2313,30082,NaN,NaN,NaN,NaN,5.949154365225695e-05,100.0,1.0000594854354858,mlp,embedding
2314,30095,NaN,NaN,NaN,NaN,5.5758224334567785e-05,100.0,1.0000557899475098,mlp,embedding
2315,30108,NaN,NaN,NaN,NaN,5.314057489158586e-05,100.0,1.0000531673431396,mlp,embedding
2316,30121,NaN,NaN,NaN,NaN,4.86860990349669e-05,100.0,1.0000486373901367,mlp,embedding
2317,30134,NaN,NaN,NaN,NaN,4.826346776098944e-05,100.0,1.000048279762268,mlp,embedding
2318,30147,NaN,NaN,NaN,NaN,4.414415525388904e-05,100.0,1.0000441074371338,mlp,embedding
2319,30160,NaN,NaN,NaN,NaN,4.098633144167252e-05,100.0,1.0000410079956055,mlp,embedding
2320,30173,NaN,NaN,NaN,NaN,4.037328835693188e-05,100.0,1.0000404119491577,mlp,embedding
2321,30186,NaN,NaN,NaN,NaN,3.598423791117966e-05,100.0,1.0000360012054443,mlp,embedding
2322,30199,NaN,NaN,NaN,NaN,3.424234455451369e-05,100.0,1.000034213066101,mlp,embedding
2323,30212,NaN,NaN,NaN,NaN,3.130397817585617e-05,100.0,1.0000313520431519,mlp,embedding
2324,30225,5.60457647225121e-06,100.0,1.0000056028366089,0.001,2.9812194043188356e-05,100.0,1.0000298023223877,mlp,embedding
2325,30238,NaN,NaN,NaN,NaN,2.6841626095119864e-05,100.0,1.000026822090149,mlp,embedding
2326,30251,NaN,NaN,NaN,NaN,2.4496173864463344e-05,100.0,1.000024437904358,mlp,embedding
2327,30264,NaN,NaN,NaN,NaN,2.3573802536702715e-05,100.0,1.000023603439331,mlp,embedding
2328,30277,NaN,NaN,NaN,NaN,2.130194116034545e-05,100.0,1.0000213384628296,mlp,embedding
2329,30290,NaN,NaN,NaN,NaN,1.9374259863980114e-05,100.0,1.0000194311141968,mlp,embedding
2330,30303,NaN,NaN,NaN,NaN,1.843934296630323e-05,100.0,1.0000184774398804,mlp,embedding
2331,30316,NaN,NaN,NaN,NaN,1.6777063137851655e-05,100.0,1.0000168085098267,mlp,embedding
2332,30329,NaN,NaN,NaN,NaN,1.508681907580467e-05,100.0,1.000015139579773,mlp,embedding
2333,30342,NaN,NaN,NaN,NaN,1.4230427950678859e-05,100.0,1.0000141859054565,mlp,embedding
2334,30355,NaN,NaN,NaN,NaN,1.3218269486969803e-05,100.0,1.0000132322311401,mlp,embedding
2335,30368,NaN,NaN,NaN,NaN,1.2385214176902082e-05,100.0,1.0000123977661133,mlp,embedding
2336,30381,NaN,NaN,NaN,NaN,1.1347492545610294e-05,100.0,1.0000113248825073,mlp,embedding
2337,30394,NaN,NaN,NaN,NaN,1.0675783414626494e-05,100.0,1.0000107288360596,mlp,embedding
2338,30407,NaN,NaN,NaN,NaN,9.687251804280095e-06,100.0,1.0000096559524536,mlp,embedding
2339,30420,NaN,NaN,NaN,NaN,9.20315051189391e-06,100.0,1.0000091791152954,mlp,embedding
2340,30433,NaN,NaN,NaN,NaN,8.449445886071771e-06,100.0,1.000008463859558,mlp,embedding
2341,30446,NaN,NaN,NaN,NaN,7.799788363627158e-06,100.0,1.0000077486038208,mlp,embedding
2342,30459,NaN,NaN,NaN,NaN,7.408563760691322e-06,100.0,1.0000073909759521,mlp,embedding
2343,30472,NaN,NaN,NaN,NaN,6.719246812281199e-06,100.0,1.0000066757202148,mlp,embedding
2344,30485,NaN,NaN,NaN,NaN,6.87169767843443e-06,100.0,1.000006914138794,mlp,embedding
2345,30498,NaN,NaN,NaN,NaN,6.055861376808025e-06,100.0,1.000006079673767,mlp,embedding
2346,30511,NaN,NaN,NaN,NaN,5.729067652282538e-06,100.0,1.0000057220458984,mlp,embedding
2347,30524,1.0688828524507699e-06,100.0,1.000001072883606,0.001,5.510150913323741e-06,100.0,1.0000054836273193,mlp,embedding
2348,30537,NaN,NaN,NaN,NaN,5.1896449804189615e-06,100.0,1.0000052452087402,mlp,embedding
2349,30550,NaN,NaN,NaN,NaN,5.013161171518732e-06,100.0,1.0000050067901611,mlp,embedding
2350,30563,NaN,NaN,NaN,NaN,4.71175781058264e-06,100.0,1.000004768371582,mlp,embedding
2351,30576,NaN,NaN,NaN,NaN,4.530775640887441e-06,100.0,1.000004529953003,mlp,embedding
2352,30589,NaN,NaN,NaN,NaN,4.449796961125685e-06,100.0,1.0000044107437134,mlp,embedding
2353,30602,NaN,NaN,NaN,NaN,3.963220933655975e-06,100.0,1.0000039339065552,mlp,embedding
2354,30615,NaN,NaN,NaN,NaN,4.182738393865293e-06,100.0,1.0000041723251343,mlp,embedding
2355,30628,NaN,NaN,NaN,NaN,3.5515668059815653e-06,100.0,1.0000035762786865,mlp,embedding
2356,30641,NaN,NaN,NaN,NaN,3.3039291338354815e-06,100.0,1.0000033378601074,mlp,embedding
2357,30654,NaN,NaN,NaN,NaN,3.462492031758302e-06,100.0,1.000003457069397,mlp,embedding
2358,30667,NaN,NaN,NaN,NaN,2.941099182862672e-06,100.0,1.0000029802322388,mlp,embedding
2359,30680,NaN,NaN,NaN,NaN,2.799546791720786e-06,100.0,1.0000027418136597,mlp,embedding
2360,30693,NaN,NaN,NaN,NaN,2.6829254693438997e-06,100.0,1.0000027418136597,mlp,embedding
2361,30706,NaN,NaN,NaN,NaN,2.662095084815519e-06,100.0,1.0000026226043701,mlp,embedding
2362,30719,NaN,NaN,NaN,NaN,2.202221594416187e-06,100.0,1.000002145767212,mlp,embedding
2363,30732,NaN,NaN,NaN,NaN,2.0879917883576127e-06,100.0,1.000002145767212,mlp,embedding
2364,30745,NaN,NaN,NaN,NaN,2.0496302113315323e-06,100.0,1.0000020265579224,mlp,embedding
2365,30758,NaN,NaN,NaN,NaN,1.8286177692061756e-06,100.0,1.0000017881393433,mlp,embedding
2366,30771,NaN,NaN,NaN,NaN,1.7198721025124541e-06,100.0,1.0000016689300537,mlp,embedding
2367,30784,NaN,NaN,NaN,NaN,1.6517624317202717e-06,100.0,1.0000016689300537,mlp,embedding
2368,30797,NaN,NaN,NaN,NaN,1.6303707752740593e-06,100.0,1.0000016689300537,mlp,embedding
2369,30810,NaN,NaN,NaN,NaN,1.4313583278635633e-06,100.0,1.0000014305114746,mlp,embedding
2370,30823,1.8884153973885986e-07,100.0,1.000000238418579,0.001,1.3249523362901527e-06,100.0,1.000001311302185,mlp,embedding
2371,30836,NaN,NaN,NaN,NaN,1.4400317240870208e-06,100.0,1.0000014305114746,mlp,embedding
2372,30849,NaN,NaN,NaN,NaN,1.2213669151606155e-06,100.0,1.0000011920928955,mlp,embedding
2373,30862,NaN,NaN,NaN,NaN,1.2829692650484503e-06,100.0,1.000001311302185,mlp,embedding
2374,30875,NaN,NaN,NaN,NaN,1.6229009816015605e-06,100.0,1.0000016689300537,mlp,embedding
2375,30888,NaN,NaN,NaN,NaN,1.269753336906433,81.22564697265625,3.559974431991577,mlp,embedding
2376,30901,NaN,NaN,NaN,NaN,0.047405317425727844,98.05171966552734,1.0485469102859497,mlp,embedding
2377,30914,NaN,NaN,NaN,NaN,0.010571690276265144,99.64576721191406,1.0106277465820312,mlp,embedding
2378,30927,NaN,NaN,NaN,NaN,0.001665997551754117,100.0,1.0016673803329468,mlp,embedding
2379,30940,NaN,NaN,NaN,NaN,0.0008243334596045315,100.0,1.0008246898651123,mlp,embedding
2380,30953,NaN,NaN,NaN,NaN,0.0005609977524727583,100.0,1.0005611181259155,mlp,embedding
2381,30966,NaN,NaN,NaN,NaN,0.0004599222738761455,100.0,1.0004600286483765,mlp,embedding
2382,30979,NaN,NaN,NaN,NaN,0.0003975321596954018,100.0,1.0003975629806519,mlp,embedding
2383,30992,NaN,NaN,NaN,NaN,0.00035328438389115036,100.0,1.0003533363342285,mlp,embedding
2384,31005,NaN,NaN,NaN,NaN,0.0003199693455826491,100.0,1.0003200769424438,mlp,embedding
2385,31018,NaN,NaN,NaN,NaN,0.00029259640723466873,100.0,1.0002926588058472,mlp,embedding
2386,31031,NaN,NaN,NaN,NaN,0.00026756286388263106,100.0,1.0002676248550415,mlp,embedding
2387,31044,NaN,NaN,NaN,NaN,0.000246336217969656,100.0,1.0002464056015015,mlp,embedding
2388,31057,NaN,NaN,NaN,NaN,0.00022600176453124732,100.0,1.0002260208129883,mlp,embedding
2389,31070,NaN,NaN,NaN,NaN,0.00020739198953378946,100.0,1.0002074241638184,mlp,embedding
2390,31083,NaN,NaN,NaN,NaN,0.0001901805808302015,100.0,1.000190258026123,mlp,embedding
2391,31096,NaN,NaN,NaN,NaN,0.00017478906374890357,100.0,1.0001747608184814,mlp,embedding
2392,31109,NaN,NaN,NaN,NaN,0.00016022563795559108,100.0,1.0001602172851562,mlp,embedding
2393,31122,5.389057696447708e-05,100.0,1.000053882598877,0.001,0.0001469298149459064,100.0,1.0001469850540161,mlp,embedding
2394,31135,NaN,NaN,NaN,NaN,0.0001343751500826329,100.0,1.0001343488693237,mlp,embedding
2395,31148,NaN,NaN,NaN,NaN,0.00012288775178603828,100.0,1.0001229047775269,mlp,embedding
2396,31161,NaN,NaN,NaN,NaN,0.00011272174015175551,100.0,1.000112771987915,mlp,embedding
2397,31174,NaN,NaN,NaN,NaN,0.00010311375808669254,100.0,1.0001031160354614,mlp,embedding
2398,31187,NaN,NaN,NaN,NaN,9.437117114430293e-05,100.0,1.0000944137573242,mlp,embedding
2399,31200,NaN,NaN,NaN,NaN,8.628750219941139e-05,100.0,1.0000863075256348,mlp,embedding
2400,31213,NaN,NaN,NaN,NaN,7.901052595116198e-05,100.0,1.0000790357589722,mlp,embedding
2401,31226,NaN,NaN,NaN,NaN,7.223094144137576e-05,100.0,1.0000722408294678,mlp,embedding
2402,31239,NaN,NaN,NaN,NaN,6.610467244172469e-05,100.0,1.0000661611557007,mlp,embedding
2403,31252,NaN,NaN,NaN,NaN,6.03925327595789e-05,100.0,1.0000604391098022,mlp,embedding
2404,31265,NaN,NaN,NaN,NaN,5.5338146921712905e-05,100.0,1.0000553131103516,mlp,embedding
2405,31278,NaN,NaN,NaN,NaN,5.076364323031157e-05,100.0,1.0000507831573486,mlp,embedding
2406,31291,NaN,NaN,NaN,NaN,4.6430621296167374e-05,100.0,1.0000463724136353,mlp,embedding
2407,31304,NaN,NaN,NaN,NaN,4.28335988544859e-05,100.0,1.0000427961349487,mlp,embedding
2408,31317,NaN,NaN,NaN,NaN,3.9423437556251884e-05,100.0,1.0000394582748413,mlp,embedding
2409,31330,NaN,NaN,NaN,NaN,3.622859003371559e-05,100.0,1.0000362396240234,mlp,embedding
2410,31343,NaN,NaN,NaN,NaN,3.3252643333980814e-05,100.0,1.0000332593917847,mlp,embedding
2411,31356,NaN,NaN,NaN,NaN,3.07924383378122e-05,100.0,1.000030755996704,mlp,embedding
2412,31369,NaN,NaN,NaN,NaN,2.8475464205257595e-05,100.0,1.0000284910202026,mlp,embedding
2413,31382,NaN,NaN,NaN,NaN,2.6379515475127846e-05,100.0,1.0000263452529907,mlp,embedding
2414,31395,NaN,NaN,NaN,NaN,2.4423030481557362e-05,100.0,1.000024437904358,mlp,embedding
2415,31408,NaN,NaN,NaN,NaN,2.25573567149695e-05,100.0,1.000022530555725,mlp,embedding
2416,31421,6.811232196923811e-06,100.0,1.0000067949295044,0.001,2.09735499083763e-05,100.0,1.000020980834961,mlp,embedding
2417,31434,NaN,NaN,NaN,NaN,1.9652008631965145e-05,100.0,1.0000196695327759,mlp,embedding
2418,31447,NaN,NaN,NaN,NaN,1.8095570339937694e-05,100.0,1.0000181198120117,mlp,embedding
2419,31460,NaN,NaN,NaN,NaN,1.67663129104767e-05,100.0,1.0000168085098267,mlp,embedding
2420,31473,NaN,NaN,NaN,NaN,1.5746772987768054e-05,100.0,1.0000157356262207,mlp,embedding
2421,31486,NaN,NaN,NaN,NaN,1.4764057596039493e-05,100.0,1.0000147819519043,mlp,embedding
2422,31499,NaN,NaN,NaN,NaN,1.3687834325537551e-05,100.0,1.0000137090682983,mlp,embedding
2423,31512,NaN,NaN,NaN,NaN,1.2841166608268395e-05,100.0,1.0000128746032715,mlp,embedding
2424,31525,NaN,NaN,NaN,NaN,1.2042332855344284e-05,100.0,1.0000120401382446,mlp,embedding
2425,31538,NaN,NaN,NaN,NaN,1.1313280083413702e-05,100.0,1.0000113248825073,mlp,embedding
2426,31551,NaN,NaN,NaN,NaN,1.060038175637601e-05,100.0,1.00001060962677,mlp,embedding
2427,31564,NaN,NaN,NaN,NaN,1.0009413017542101e-05,100.0,1.0000100135803223,mlp,embedding
2428,31577,NaN,NaN,NaN,NaN,9.37902404984925e-06,100.0,1.0000094175338745,mlp,embedding
2429,31590,NaN,NaN,NaN,NaN,8.820954462862574e-06,100.0,1.0000088214874268,mlp,embedding
2430,31603,NaN,NaN,NaN,NaN,8.366702786588576e-06,100.0,1.0000083446502686,mlp,embedding
2431,31616,NaN,NaN,NaN,NaN,7.864246072131209e-06,100.0,1.0000078678131104,mlp,embedding
2432,31629,NaN,NaN,NaN,NaN,7.453383659594692e-06,100.0,1.0000075101852417,mlp,embedding
2433,31642,NaN,NaN,NaN,NaN,7.026187176961685e-06,100.0,1.0000070333480835,mlp,embedding
2434,31655,NaN,NaN,NaN,NaN,6.6560801315063145e-06,100.0,1.0000066757202148,mlp,embedding
2435,31668,NaN,NaN,NaN,NaN,6.298840617091628e-06,100.0,1.0000063180923462,mlp,embedding
2436,31681,NaN,NaN,NaN,NaN,5.993775175738847e-06,100.0,1.0000059604644775,mlp,embedding
2437,31694,NaN,NaN,NaN,NaN,5.69495477975579e-06,100.0,1.0000057220458984,mlp,embedding
2438,31707,NaN,NaN,NaN,NaN,5.364700427890057e-06,100.0,1.0000053644180298,mlp,embedding
2439,31720,NaN,NaN,NaN,NaN,5.128408247401239e-06,100.0,1.0000051259994507,mlp,embedding
2440,31733,1.1671316997308168e-06,100.0,1.0000011920928955,0.001,4.920989795209607e-06,100.0,1.0000048875808716,mlp,embedding
2441,31746,NaN,NaN,NaN,NaN,4.66026403955766e-06,100.0,1.0000046491622925,mlp,embedding
2442,31759,NaN,NaN,NaN,NaN,4.432368768902961e-06,100.0,1.0000044107437134,mlp,embedding
2443,31772,NaN,NaN,NaN,NaN,4.30340242019156e-06,100.0,1.0000042915344238,mlp,embedding
2444,31785,NaN,NaN,NaN,NaN,4.050399184052367e-06,100.0,1.0000040531158447,mlp,embedding
2445,31798,NaN,NaN,NaN,NaN,3.917296453437302e-06,100.0,1.0000039339065552,mlp,embedding
2446,31811,NaN,NaN,NaN,NaN,3.845249466394307e-06,100.0,1.0000038146972656,mlp,embedding
2447,31824,NaN,NaN,NaN,NaN,3.5100433706247713e-06,100.0,1.000003457069397,mlp,embedding
2448,31837,NaN,NaN,NaN,NaN,3.475960056675831e-06,100.0,1.000003457069397,mlp,embedding
2449,31850,NaN,NaN,NaN,NaN,3.2880684557312634e-06,100.0,1.0000033378601074,mlp,embedding
2450,31863,NaN,NaN,NaN,NaN,3.0068360956647666e-06,100.0,1.0000029802322388,mlp,embedding
2451,31876,NaN,NaN,NaN,NaN,2.8371844109642552e-06,100.0,1.0000028610229492,mlp,embedding
2452,31889,NaN,NaN,NaN,NaN,2.6973732474289136e-06,100.0,1.0000027418136597,mlp,embedding
2453,31902,NaN,NaN,NaN,NaN,2.554776074248366e-06,100.0,1.0000025033950806,mlp,embedding
2454,31915,NaN,NaN,NaN,NaN,2.278699184898869e-06,100.0,1.0000022649765015,mlp,embedding
2455,31928,NaN,NaN,NaN,NaN,2.168949549741228e-06,100.0,1.000002145767212,mlp,embedding
2456,31941,NaN,NaN,NaN,NaN,2.098920276694116e-06,100.0,1.000002145767212,mlp,embedding
2457,31954,NaN,NaN,NaN,NaN,1.9611857169365976e-06,100.0,1.0000019073486328,mlp,embedding
2458,31967,NaN,NaN,NaN,NaN,1.7086597381421598e-06,100.0,1.0000016689300537,mlp,embedding
2459,31980,NaN,NaN,NaN,NaN,1.7163185930257896e-06,100.0,1.0000016689300537,mlp,embedding
2460,31993,NaN,NaN,NaN,NaN,1.5051693935674848e-06,100.0,1.0000015497207642,mlp,embedding
2461,32006,NaN,NaN,NaN,NaN,1.4243871646613115e-06,100.0,1.0000014305114746,mlp,embedding
2462,32019,NaN,NaN,NaN,NaN,1.3122820519129164e-06,100.0,1.000001311302185,mlp,embedding
2463,32032,NaN,NaN,NaN,NaN,1.1905488008778775e-06,100.0,1.0000011920928955,mlp,embedding
2464,32045,1.8460605133441277e-07,100.0,1.000000238418579,0.001,1.1319406212351169e-06,100.0,1.000001072883606,mlp,embedding
2465,32058,NaN,NaN,NaN,NaN,1.1095092986579402e-06,100.0,1.000001072883606,mlp,embedding
2466,32071,NaN,NaN,NaN,NaN,1.3709062613997958e-06,100.0,1.0000014305114746,mlp,embedding
2467,32084,NaN,NaN,NaN,NaN,1.0947767350444337e-06,100.0,1.000001072883606,mlp,embedding
2468,32097,NaN,NaN,NaN,NaN,1.076221792573051e-06,100.0,1.000001072883606,mlp,embedding
2469,32110,NaN,NaN,NaN,NaN,1.196005769088515e-06,100.0,1.0000011920928955,mlp,embedding
2470,32123,NaN,NaN,NaN,NaN,3.0160483674990246e-06,100.0,1.0000029802322388,mlp,embedding
2471,32136,NaN,NaN,NaN,NaN,3.148026943206787,62.27417755126953,23.29006576538086,mlp,embedding
2472,32149,NaN,NaN,NaN,NaN,0.1786489337682724,96.70562744140625,1.195600986480713,mlp,embedding
2473,32162,NaN,NaN,NaN,NaN,0.019971700385212898,99.4332275390625,1.0201724767684937,mlp,embedding
2474,32175,NaN,NaN,NaN,NaN,0.0014408798888325691,100.0,1.0014419555664062,mlp,embedding
2475,32188,NaN,NaN,NaN,NaN,0.0008698768215253949,100.0,1.0008702278137207,mlp,embedding
2476,32201,NaN,NaN,NaN,NaN,0.0005294723086990416,100.0,1.0005296468734741,mlp,embedding
2477,32214,NaN,NaN,NaN,NaN,0.0004288775962777436,100.0,1.0004289150238037,mlp,embedding
2478,32227,NaN,NaN,NaN,NaN,0.00037241424433887005,100.0,1.0003725290298462,mlp,embedding
2479,32240,NaN,NaN,NaN,NaN,0.00033161125611513853,100.0,1.0003316402435303,mlp,embedding
2480,32253,NaN,NaN,NaN,NaN,0.00030531399534083903,100.0,1.000305414199829,mlp,embedding
2481,32266,NaN,NaN,NaN,NaN,0.0002787996199913323,100.0,1.0002788305282593,mlp,embedding
2482,32279,NaN,NaN,NaN,NaN,0.00025566056137904525,100.0,1.0002557039260864,mlp,embedding
2483,32292,NaN,NaN,NaN,NaN,0.00023470341693609953,100.0,1.0002347230911255,mlp,embedding
2484,32305,NaN,NaN,NaN,NaN,0.00021678443590644747,100.0,1.0002168416976929,mlp,embedding
2485,32318,NaN,NaN,NaN,NaN,0.00019879698811564595,100.0,1.0001988410949707,mlp,embedding
2486,32331,NaN,NaN,NaN,NaN,0.00018212810391560197,100.0,1.0001821517944336,mlp,embedding
2487,32344,NaN,NaN,NaN,NaN,0.00016878554015420377,100.0,1.000168800354004,mlp,embedding
2488,32357,6.278917862800881e-05,100.0,1.0000628232955933,0.001,0.0001552697503939271,100.0,1.0001553297042847,mlp,embedding
2489,32370,NaN,NaN,NaN,NaN,0.00014101335546001792,100.0,1.0001410245895386,mlp,embedding
2490,32383,NaN,NaN,NaN,NaN,0.00013019047037232667,100.0,1.0001301765441895,mlp,embedding
2491,32396,NaN,NaN,NaN,NaN,0.00011975704546784982,100.0,1.0001198053359985,mlp,embedding
2492,32409,NaN,NaN,NaN,NaN,0.0001103577233152464,100.0,1.000110387802124,mlp,embedding
2493,32422,NaN,NaN,NaN,NaN,0.00010062903311336413,100.0,1.0001006126403809,mlp,embedding
2494,32435,NaN,NaN,NaN,NaN,9.298744407715276e-05,100.0,1.0000929832458496,mlp,embedding
2495,32448,NaN,NaN,NaN,NaN,8.549019548809156e-05,100.0,1.000085473060608,mlp,embedding
2496,32461,NaN,NaN,NaN,NaN,7.743656169623137e-05,100.0,1.000077486038208,mlp,embedding
2497,32474,NaN,NaN,NaN,NaN,7.223474676720798e-05,100.0,1.0000722408294678,mlp,embedding
2498,32487,NaN,NaN,NaN,NaN,6.523253250634298e-05,100.0,1.0000652074813843,mlp,embedding
2499,32500,NaN,NaN,NaN,NaN,6.031562588759698e-05,100.0,1.0000603199005127,mlp,embedding
2500,32513,NaN,NaN,NaN,NaN,5.523912113858387e-05,100.0,1.000055193901062,mlp,embedding
2501,32526,NaN,NaN,NaN,NaN,5.1028178859269246e-05,100.0,1.0000510215759277,mlp,embedding
2502,32539,NaN,NaN,NaN,NaN,4.6419823775067925e-05,100.0,1.0000463724136353,mlp,embedding
2503,32552,NaN,NaN,NaN,NaN,4.2967276385752484e-05,100.0,1.0000429153442383,mlp,embedding
2504,32565,NaN,NaN,NaN,NaN,3.94574053643737e-05,100.0,1.0000394582748413,mlp,embedding
2505,32578,NaN,NaN,NaN,NaN,3.660835136543028e-05,100.0,1.000036597251892,mlp,embedding
2506,32591,NaN,NaN,NaN,NaN,3.3724005334079266e-05,100.0,1.0000337362289429,mlp,embedding
2507,32604,NaN,NaN,NaN,NaN,3.0843155400361866e-05,100.0,1.0000308752059937,mlp,embedding
2508,32617,NaN,NaN,NaN,NaN,2.8792881494155154e-05,100.0,1.0000288486480713,mlp,embedding
2509,32630,NaN,NaN,NaN,NaN,2.65544731519185e-05,100.0,1.0000265836715698,mlp,embedding
2510,32643,NaN,NaN,NaN,NaN,2.4383825802942738e-05,100.0,1.000024437904358,mlp,embedding
2511,32656,NaN,NaN,NaN,NaN,2.2661673938273452e-05,100.0,1.0000226497650146,mlp,embedding
2512,32669,8.628711839264724e-06,100.0,1.0000085830688477,0.001,2.1062753148726188e-05,100.0,1.0000211000442505,mlp,embedding
2513,32682,NaN,NaN,NaN,NaN,1.9341465304023586e-05,100.0,1.0000193119049072,mlp,embedding
2514,32695,NaN,NaN,NaN,NaN,1.816871008486487e-05,100.0,1.0000181198120117,mlp,embedding
2515,32708,NaN,NaN,NaN,NaN,1.664204683038406e-05,100.0,1.000016689300537,mlp,embedding
2516,32721,NaN,NaN,NaN,NaN,1.5429484847118147e-05,100.0,1.000015377998352,mlp,embedding
2517,32734,NaN,NaN,NaN,NaN,1.454109496989986e-05,100.0,1.0000145435333252,mlp,embedding
2518,32747,NaN,NaN,NaN,NaN,1.3399197086982895e-05,100.0,1.0000133514404297,mlp,embedding
2519,32760,NaN,NaN,NaN,NaN,1.2379921827232465e-05,100.0,1.0000123977661133,mlp,embedding
2520,32773,NaN,NaN,NaN,NaN,1.1691960025927983e-05,100.0,1.000011682510376,mlp,embedding
2521,32786,NaN,NaN,NaN,NaN,1.0614503480610438e-05,100.0,1.00001060962677,mlp,embedding
2522,32799,NaN,NaN,NaN,NaN,1.0210902473772876e-05,100.0,1.0000102519989014,mlp,embedding
2523,32812,NaN,NaN,NaN,NaN,9.478124411543831e-06,100.0,1.000009536743164,mlp,embedding
2524,32825,NaN,NaN,NaN,NaN,8.818686183076352e-06,100.0,1.0000088214874268,mlp,embedding
2525,32838,NaN,NaN,NaN,NaN,8.289305696962401e-06,100.0,1.0000083446502686,mlp,embedding
2526,32851,NaN,NaN,NaN,NaN,7.762826498947106e-06,100.0,1.0000077486038208,mlp,embedding
2527,32864,NaN,NaN,NaN,NaN,7.216171070467681e-06,100.0,1.0000072717666626,mlp,embedding
2528,32877,NaN,NaN,NaN,NaN,7.053947228996549e-06,100.0,1.0000070333480835,mlp,embedding
2529,32890,NaN,NaN,NaN,NaN,6.520241186080966e-06,100.0,1.0000065565109253,mlp,embedding
2530,32903,NaN,NaN,NaN,NaN,6.035925707692513e-06,100.0,1.000006079673767,mlp,embedding
2531,32916,NaN,NaN,NaN,NaN,5.7892812037607655e-06,100.0,1.000005841255188,mlp,embedding
2532,32929,NaN,NaN,NaN,NaN,5.538925961445784e-06,100.0,1.0000054836273193,mlp,embedding
2533,32942,NaN,NaN,NaN,NaN,5.264746505417861e-06,100.0,1.0000052452087402,mlp,embedding
2534,32955,NaN,NaN,NaN,NaN,4.893573077424662e-06,100.0,1.0000048875808716,mlp,embedding
2535,32968,NaN,NaN,NaN,NaN,4.725134203908965e-06,100.0,1.000004768371582,mlp,embedding
2536,32981,NaN,NaN,NaN,NaN,4.435962637217017e-06,100.0,1.0000044107437134,mlp,embedding
2537,32994,1.3123329836162156e-06,100.0,1.000001311302185,0.001,4.2664428292482626e-06,100.0,1.0000042915344238,mlp,embedding
2538,33007,NaN,NaN,NaN,NaN,4.12764711654745e-06,100.0,1.0000041723251343,mlp,embedding
2539,33020,NaN,NaN,NaN,NaN,3.985642706538783e-06,100.0,1.0000039339065552,mlp,embedding
2540,33033,NaN,NaN,NaN,NaN,3.6906353670929093e-06,100.0,1.000003695487976,mlp,embedding
2541,33046,NaN,NaN,NaN,NaN,3.4411848446325166e-06,100.0,1.000003457069397,mlp,embedding
2542,33059,NaN,NaN,NaN,NaN,3.28488363265933e-06,100.0,1.0000033378601074,mlp,embedding
2543,33072,NaN,NaN,NaN,NaN,3.137455905743991e-06,100.0,1.0000030994415283,mlp,embedding
2544,33085,NaN,NaN,NaN,NaN,2.9601515052490868e-06,100.0,1.0000029802322388,mlp,embedding
2545,33098,NaN,NaN,NaN,NaN,2.8199219741509296e-06,100.0,1.0000028610229492,mlp,embedding
2546,33111,NaN,NaN,NaN,NaN,2.713409458010574e-06,100.0,1.0000027418136597,mlp,embedding
2547,33124,NaN,NaN,NaN,NaN,2.585378979347297e-06,100.0,1.0000026226043701,mlp,embedding
2548,33137,NaN,NaN,NaN,NaN,2.4461187422275543e-06,100.0,1.0000025033950806,mlp,embedding
2549,33150,NaN,NaN,NaN,NaN,2.330127927052672e-06,100.0,1.000002384185791,mlp,embedding
2550,33163,NaN,NaN,NaN,NaN,2.2335589164867997e-06,100.0,1.0000022649765015,mlp,embedding
2551,33176,NaN,NaN,NaN,NaN,2.0423613023012877e-06,100.0,1.0000020265579224,mlp,embedding
2552,33189,NaN,NaN,NaN,NaN,1.9639830952655757e-06,100.0,1.0000019073486328,mlp,embedding
2553,33202,NaN,NaN,NaN,NaN,1.8518730939831585e-06,100.0,1.0000019073486328,mlp,embedding
2554,33215,NaN,NaN,NaN,NaN,1.7478273548476864e-06,100.0,1.0000017881393433,mlp,embedding
2555,33228,NaN,NaN,NaN,NaN,1.704318151496409e-06,100.0,1.0000016689300537,mlp,embedding
2556,33241,NaN,NaN,NaN,NaN,1.4906271417203243e-06,100.0,1.0000015497207642,mlp,embedding
2557,33254,NaN,NaN,NaN,NaN,1.4299042732091038e-06,100.0,1.0000014305114746,mlp,embedding
2558,33267,NaN,NaN,NaN,NaN,1.3162710956748924e-06,100.0,1.000001311302185,mlp,embedding
2559,33280,NaN,NaN,NaN,NaN,1.2812588465749286e-06,100.0,1.000001311302185,mlp,embedding
2560,33293,NaN,NaN,NaN,NaN,1.191780256704078e-06,100.0,1.0000011920928955,mlp,embedding
2561,33306,NaN,NaN,NaN,NaN,1.111888991545129e-06,100.0,1.000001072883606,mlp,embedding
2562,33319,2.2200148919182539e-07,100.0,1.000000238418579,0.001,1.1532124517543707e-06,100.0,1.0000011920928955,mlp,embedding
2563,33332,NaN,NaN,NaN,NaN,1.0720173122535925e-06,100.0,1.000001072883606,mlp,embedding
2564,33345,NaN,NaN,NaN,NaN,1.126720235333778e-06,100.0,1.000001072883606,mlp,embedding
2565,33358,NaN,NaN,NaN,NaN,1.0012004167947453e-06,100.0,1.0000009536743164,mlp,embedding
2566,33371,NaN,NaN,NaN,NaN,8.694184998603305e-07,100.0,1.0000008344650269,mlp,embedding
2567,33384,NaN,NaN,NaN,NaN,9.096649478124164e-07,100.0,1.0000009536743164,mlp,embedding
2568,33397,NaN,NaN,NaN,NaN,2.3076982498168945,61.81367111206055,10.051262855529785,mlp,embedding
2569,33410,NaN,NaN,NaN,NaN,1.1927764415740967,82.6071548461914,3.296220302581787,mlp,embedding
2570,33423,NaN,NaN,NaN,NaN,0.1761511117219925,98.72476196289062,1.1926182508468628,mlp,embedding
2571,33436,NaN,NaN,NaN,NaN,0.0246001947671175,99.29153442382812,1.0249053239822388,mlp,embedding
2572,33449,NaN,NaN,NaN,NaN,0.001626761513762176,100.0,1.001628041267395,mlp,embedding
2573,33462,NaN,NaN,NaN,NaN,0.0005021269316785038,100.0,1.0005022287368774,mlp,embedding
2574,33475,NaN,NaN,NaN,NaN,0.0003504306368995458,100.0,1.0003504753112793,mlp,embedding
2575,33488,NaN,NaN,NaN,NaN,0.00029241942684166133,100.0,1.000292420387268,mlp,embedding
2576,33501,NaN,NaN,NaN,NaN,0.0002563999150879681,100.0,1.0002564191818237,mlp,embedding
2577,33514,NaN,NaN,NaN,NaN,0.00023004705144558102,100.0,1.000230073928833,mlp,embedding
2578,33527,NaN,NaN,NaN,NaN,0.00020756870799232274,100.0,1.000207543373108,mlp,embedding
2579,33540,NaN,NaN,NaN,NaN,0.0001899982598843053,100.0,1.000190019607544,mlp,embedding
2580,33553,NaN,NaN,NaN,NaN,0.00017399339412804693,100.0,1.0001740455627441,mlp,embedding
2581,33566,NaN,NaN,NaN,NaN,0.0001599784882273525,100.0,1.0001599788665771,mlp,embedding
2582,33579,NaN,NaN,NaN,NaN,0.00014777563046664,100.0,1.000147819519043,mlp,embedding
2583,33592,NaN,NaN,NaN,NaN,0.00013709567429032177,100.0,1.0001370906829834,mlp,embedding
2584,33605,NaN,NaN,NaN,NaN,0.0001270419015781954,100.0,1.0001270771026611,mlp,embedding
2585,33618,NaN,NaN,NaN,NaN,0.00011815333709819242,100.0,1.0001181364059448,mlp,embedding
2586,33631,NaN,NaN,NaN,NaN,0.00011018700752174482,100.0,1.000110149383545,mlp,embedding
2587,33644,2.8633523470489308e-05,100.0,1.0000286102294922,0.001,0.00010288531484548002,100.0,1.0001028776168823,mlp,embedding
2588,33657,NaN,NaN,NaN,NaN,9.584735380485654e-05,100.0,1.0000958442687988,mlp,embedding
2589,33670,NaN,NaN,NaN,NaN,8.970605995273218e-05,100.0,1.0000897645950317,mlp,embedding
2590,33683,NaN,NaN,NaN,NaN,8.30100107123144e-05,100.0,1.0000829696655273,mlp,embedding
2591,33696,NaN,NaN,NaN,NaN,7.714593084529042e-05,100.0,1.0000771284103394,mlp,embedding
2592,33709,NaN,NaN,NaN,NaN,7.17134535079822e-05,100.0,1.0000717639923096,mlp,embedding
2593,33722,NaN,NaN,NaN,NaN,6.670179573120549e-05,100.0,1.0000667572021484,mlp,embedding
2594,33735,NaN,NaN,NaN,NaN,6.119989120634273e-05,100.0,1.0000611543655396,mlp,embedding
2595,33748,NaN,NaN,NaN,NaN,5.6551896705059335e-05,100.0,1.000056505203247,mlp,embedding
2596,33761,NaN,NaN,NaN,NaN,5.2153067372273654e-05,100.0,1.0000522136688232,mlp,embedding
2597,33774,NaN,NaN,NaN,NaN,4.800721217179671e-05,100.0,1.000048041343689,mlp,embedding
2598,33787,NaN,NaN,NaN,NaN,4.418238313519396e-05,100.0,1.0000442266464233,mlp,embedding
2599,33800,NaN,NaN,NaN,NaN,4.0836253901943564e-05,100.0,1.000040888786316,mlp,embedding
2600,33813,NaN,NaN,NaN,NaN,3.7738609535153955e-05,100.0,1.0000377893447876,mlp,embedding
2601,33826,NaN,NaN,NaN,NaN,3.445745460339822e-05,100.0,1.0000344514846802,mlp,embedding
2602,33839,NaN,NaN,NaN,NaN,3.1841464078752324e-05,100.0,1.00003182888031,mlp,embedding
2603,33852,NaN,NaN,NaN,NaN,2.929924630734604e-05,100.0,1.0000293254852295,mlp,embedding
2604,33865,NaN,NaN,NaN,NaN,2.7119960577692837e-05,100.0,1.0000271797180176,mlp,embedding
2605,33878,NaN,NaN,NaN,NaN,2.5112063667620532e-05,100.0,1.0000251531600952,mlp,embedding
2606,33891,NaN,NaN,NaN,NaN,2.3312140911002643e-05,100.0,1.000023365020752,mlp,embedding
2607,33904,NaN,NaN,NaN,NaN,2.155075708287768e-05,100.0,1.0000215768814087,mlp,embedding
2608,33917,NaN,NaN,NaN,NaN,2.0010280422866344e-05,100.0,1.0000200271606445,mlp,embedding
2609,33930,NaN,NaN,NaN,NaN,1.866471575340256e-05,100.0,1.0000187158584595,mlp,embedding
2610,33943,NaN,NaN,NaN,NaN,1.7422844393877313e-05,100.0,1.0000174045562744,mlp,embedding
2611,33956,NaN,NaN,NaN,NaN,1.6312160369125195e-05,100.0,1.0000163316726685,mlp,embedding
2612,33969,4.644775344786467e-06,100.0,1.0000046491622925,0.001,1.5430234270752408e-05,100.0,1.000015377998352,mlp,embedding
2613,33982,NaN,NaN,NaN,NaN,1.4472126167675015e-05,100.0,1.0000144243240356,mlp,embedding
2614,33995,NaN,NaN,NaN,NaN,1.3673852663487196e-05,100.0,1.0000137090682983,mlp,embedding
2615,34008,NaN,NaN,NaN,NaN,1.2935750419273973e-05,100.0,1.000012993812561,mlp,embedding
2616,34021,NaN,NaN,NaN,NaN,1.2284100193937775e-05,100.0,1.0000122785568237,mlp,embedding
2617,34034,NaN,NaN,NaN,NaN,1.1714887477864977e-05,100.0,1.000011682510376,mlp,embedding
2618,34047,NaN,NaN,NaN,NaN,1.1040951903851237e-05,100.0,1.0000110864639282,mlp,embedding
2619,34060,NaN,NaN,NaN,NaN,1.0642294000717811e-05,100.0,1.00001060962677,mlp,embedding
2620,34073,NaN,NaN,NaN,NaN,1.0158341865462717e-05,100.0,1.0000101327896118,mlp,embedding
2621,34086,NaN,NaN,NaN,NaN,9.655160283728037e-06,100.0,1.0000096559524536,mlp,embedding
2622,34099,NaN,NaN,NaN,NaN,9.369743565912358e-06,100.0,1.0000094175338745,mlp,embedding
2623,34112,NaN,NaN,NaN,NaN,8.99301448953338e-06,100.0,1.0000089406967163,mlp,embedding
2624,34125,NaN,NaN,NaN,NaN,8.57062332215719e-06,100.0,1.0000085830688477,mlp,embedding
2625,34138,NaN,NaN,NaN,NaN,8.291527592518833e-06,100.0,1.0000083446502686,mlp,embedding
2626,34151,NaN,NaN,NaN,NaN,7.89373279985739e-06,100.0,1.0000078678131104,mlp,embedding
2627,34164,NaN,NaN,NaN,NaN,7.554997409897624e-06,100.0,1.0000075101852417,mlp,embedding
2628,34177,NaN,NaN,NaN,NaN,7.301222012756625e-06,100.0,1.0000072717666626,mlp,embedding
2629,34190,NaN,NaN,NaN,NaN,6.803972155466909e-06,100.0,1.0000067949295044,mlp,embedding
2630,34203,NaN,NaN,NaN,NaN,6.46366561340983e-06,100.0,1.0000064373016357,mlp,embedding
2631,34216,NaN,NaN,NaN,NaN,6.1158107200753875e-06,100.0,1.000006079673767,mlp,embedding
2632,34229,NaN,NaN,NaN,NaN,5.7607794587966055e-06,100.0,1.0000057220458984,mlp,embedding
2633,34242,NaN,NaN,NaN,NaN,5.475154466694221e-06,100.0,1.0000054836273193,mlp,embedding
2634,34255,NaN,NaN,NaN,NaN,5.087973022455117e-06,100.0,1.0000051259994507,mlp,embedding
2635,34268,NaN,NaN,NaN,NaN,4.95728545502061e-06,100.0,1.0000050067901611,mlp,embedding
2636,34281,NaN,NaN,NaN,NaN,4.5237047743285075e-06,100.0,1.000004529953003,mlp,embedding
2637,34294,NaN,NaN,NaN,NaN,4.356249519332778e-06,100.0,1.0000044107437134,mlp,embedding
2638,34307,1.109536356125318e-06,100.0,1.000001072883606,0.001,4.096674274478573e-06,100.0,1.0000040531158447,mlp,embedding
2639,34320,NaN,NaN,NaN,NaN,3.886686045007082e-06,100.0,1.0000039339065552,mlp,embedding
2640,34333,NaN,NaN,NaN,NaN,3.6650983474828536e-06,100.0,1.000003695487976,mlp,embedding
2641,34346,NaN,NaN,NaN,NaN,3.389072389836656e-06,100.0,1.0000033378601074,mlp,embedding
2642,34359,NaN,NaN,NaN,NaN,3.2641339657857316e-06,100.0,1.0000032186508179,mlp,embedding
2643,34372,NaN,NaN,NaN,NaN,3.048659891646821e-06,100.0,1.0000030994415283,mlp,embedding
2644,34385,NaN,NaN,NaN,NaN,2.7853434403368738e-06,100.0,1.0000027418136597,mlp,embedding
2645,34398,NaN,NaN,NaN,NaN,2.729194193307194e-06,100.0,1.0000027418136597,mlp,embedding
2646,34411,NaN,NaN,NaN,NaN,2.5022595764312427e-06,100.0,1.0000025033950806,mlp,embedding
2647,34424,NaN,NaN,NaN,NaN,2.3599595806444995e-06,100.0,1.000002384185791,mlp,embedding
2648,34437,NaN,NaN,NaN,NaN,2.236659611298819e-06,100.0,1.0000022649765015,mlp,embedding
2649,34450,NaN,NaN,NaN,NaN,2.046617282758234e-06,100.0,1.0000020265579224,mlp,embedding
2650,34463,NaN,NaN,NaN,NaN,1.9442566099314718e-06,100.0,1.0000019073486328,mlp,embedding
2651,34476,NaN,NaN,NaN,NaN,1.86950796887686e-06,100.0,1.0000019073486328,mlp,embedding
2652,34489,NaN,NaN,NaN,NaN,1.7471293176640756e-06,100.0,1.0000017881393433,mlp,embedding
2653,34502,NaN,NaN,NaN,NaN,1.6499246839885018e-06,100.0,1.0000016689300537,mlp,embedding
2654,34515,NaN,NaN,NaN,NaN,1.4628384406023542e-06,100.0,1.0000014305114746,mlp,embedding
2655,34528,NaN,NaN,NaN,NaN,1.4246521686800406e-06,100.0,1.0000014305114746,mlp,embedding
2656,34541,NaN,NaN,NaN,NaN,1.3378681842368678e-06,100.0,1.000001311302185,mlp,embedding
2657,34554,NaN,NaN,NaN,NaN,1.178734578388685e-06,100.0,1.0000011920928955,mlp,embedding
2658,34567,NaN,NaN,NaN,NaN,1.0717342320276657e-06,100.0,1.000001072883606,mlp,embedding
2659,34580,NaN,NaN,NaN,NaN,1.0739613571786322e-06,100.0,1.000001072883606,mlp,embedding
2660,34593,NaN,NaN,NaN,NaN,1.1094562069047242e-06,100.0,1.000001072883606,mlp,embedding
2661,34606,NaN,NaN,NaN,NaN,1.1112655329270638e-06,100.0,1.000001072883606,mlp,embedding
2662,34619,NaN,NaN,NaN,NaN,9.801924534258433e-07,100.0,1.0000009536743164,mlp,embedding
2663,34632,NaN,NaN,NaN,NaN,9.556209761285572e-07,100.0,1.0000009536743164,mlp,embedding
2664,34645,1.5553679588720115e-07,100.0,1.0000001192092896,0.001,9.461616059525113e-07,100.0,1.0000009536743164,mlp,embedding
2665,34658,NaN,NaN,NaN,NaN,7.874551783970674e-07,100.0,1.0000008344650269,mlp,embedding
2666,34671,NaN,NaN,NaN,NaN,8.716402248865052e-07,100.0,1.0000008344650269,mlp,embedding
2667,34684,NaN,NaN,NaN,NaN,4.484038072405383e-05,100.0,1.000044822692871,mlp,embedding
2668,34697,NaN,NaN,NaN,NaN,0.3345840275287628,92.06517791748047,1.397359013557434,mlp,embedding
2669,34710,NaN,NaN,NaN,NaN,0.01644347421824932,99.50407409667969,1.0165793895721436,mlp,embedding
2670,34723,NaN,NaN,NaN,NaN,0.004578807391226292,100.0,1.004589319229126,mlp,embedding
2671,34736,NaN,NaN,NaN,NaN,0.001094041159376502,100.0,1.0010946989059448,mlp,embedding
2672,34749,NaN,NaN,NaN,NaN,0.0004470372514333576,100.0,1.000447154045105,mlp,embedding
2673,34762,NaN,NaN,NaN,NaN,0.00033579012961126864,100.0,1.0003358125686646,mlp,embedding
2674,34775,NaN,NaN,NaN,NaN,0.00028029497480019927,100.0,1.0002803802490234,mlp,embedding
2675,34788,NaN,NaN,NaN,NaN,0.00024574779672548175,100.0,1.0002458095550537,mlp,embedding
2676,34801,NaN,NaN,NaN,NaN,0.00021891620417591184,100.0,1.0002189874649048,mlp,embedding
2677,34814,NaN,NaN,NaN,NaN,0.00019598873041104525,100.0,1.0001959800720215,mlp,embedding
2678,34827,NaN,NaN,NaN,NaN,0.00017717464652378112,100.0,1.0001771450042725,mlp,embedding
2679,34840,NaN,NaN,NaN,NaN,0.00016094186867121607,100.0,1.0001609325408936,mlp,embedding
2680,34853,NaN,NaN,NaN,NaN,0.00014601559087168425,100.0,1.0001460313796997,mlp,embedding
2681,34866,NaN,NaN,NaN,NaN,0.0001324484619544819,100.0,1.000132441520691,mlp,embedding
2682,34879,NaN,NaN,NaN,NaN,0.00012028314085910097,100.0,1.0001202821731567,mlp,embedding
2683,34892,NaN,NaN,NaN,NaN,0.00010965664841933176,100.0,1.0001096725463867,mlp,embedding
2684,34905,NaN,NaN,NaN,NaN,9.986147779272869e-05,100.0,1.0000998973846436,mlp,embedding
2685,34918,NaN,NaN,NaN,NaN,9.109516395255923e-05,100.0,1.0000910758972168,mlp,embedding
2686,34931,NaN,NaN,NaN,NaN,8.325061935465783e-05,100.0,1.0000832080841064,mlp,embedding
2687,34944,NaN,NaN,NaN,NaN,7.574296614620835e-05,100.0,1.0000756978988647,mlp,embedding
2688,34957,NaN,NaN,NaN,NaN,6.906965427333489e-05,100.0,1.00006902217865,mlp,embedding
2689,34970,NaN,NaN,NaN,NaN,6.320195097941905e-05,100.0,1.000063180923462,mlp,embedding
2690,34983,2.2135018298286013e-05,100.0,1.0000221729278564,0.001,5.782114021712914e-05,100.0,1.0000578165054321,mlp,embedding
2691,34996,NaN,NaN,NaN,NaN,5.3002426284365356e-05,100.0,1.00005304813385,mlp,embedding
2692,35009,NaN,NaN,NaN,NaN,4.841337795369327e-05,100.0,1.0000483989715576,mlp,embedding
2693,35022,NaN,NaN,NaN,NaN,4.4417294702725485e-05,100.0,1.0000444650650024,mlp,embedding
2694,35035,NaN,NaN,NaN,NaN,4.060896026203409e-05,100.0,1.0000406503677368,mlp,embedding
2695,35048,NaN,NaN,NaN,NaN,3.714368358487263e-05,100.0,1.0000371932983398,mlp,embedding
2696,35061,NaN,NaN,NaN,NaN,3.4101216442650184e-05,100.0,1.0000340938568115,mlp,embedding
2697,35074,NaN,NaN,NaN,NaN,3.1417119316756725e-05,100.0,1.0000314712524414,mlp,embedding
2698,35087,NaN,NaN,NaN,NaN,2.893885539378971e-05,100.0,1.0000289678573608,mlp,embedding
2699,35100,NaN,NaN,NaN,NaN,2.6633199013303965e-05,100.0,1.0000265836715698,mlp,embedding
2700,35113,NaN,NaN,NaN,NaN,2.45773062488297e-05,100.0,1.0000245571136475,mlp,embedding
2701,35126,NaN,NaN,NaN,NaN,2.2763380911783315e-05,100.0,1.0000227689743042,mlp,embedding
2702,35139,NaN,NaN,NaN,NaN,2.110117202391848e-05,100.0,1.0000211000442505,mlp,embedding
2703,35152,NaN,NaN,NaN,NaN,1.9526903997757472e-05,100.0,1.0000195503234863,mlp,embedding
2704,35165,NaN,NaN,NaN,NaN,1.8179971448262222e-05,100.0,1.0000182390213013,mlp,embedding
2705,35178,NaN,NaN,NaN,NaN,1.693397825874854e-05,100.0,1.0000169277191162,mlp,embedding
2706,35191,NaN,NaN,NaN,NaN,1.577405600983184e-05,100.0,1.0000157356262207,mlp,embedding
2707,35204,NaN,NaN,NaN,NaN,1.470691950089531e-05,100.0,1.0000146627426147,mlp,embedding
2708,35217,NaN,NaN,NaN,NaN,1.3763314200332388e-05,100.0,1.0000137090682983,mlp,embedding
2709,35230,NaN,NaN,NaN,NaN,1.2912572856293991e-05,100.0,1.0000128746032715,mlp,embedding
2710,35243,NaN,NaN,NaN,NaN,1.207529021485243e-05,100.0,1.0000120401382446,mlp,embedding
2711,35256,NaN,NaN,NaN,NaN,1.1411766536184587e-05,100.0,1.0000114440917969,mlp,embedding
2712,35269,NaN,NaN,NaN,NaN,1.0718040357460268e-05,100.0,1.0000107288360596,mlp,embedding
2713,35282,NaN,NaN,NaN,NaN,1.0131619092135224e-05,100.0,1.0000101327896118,mlp,embedding
2714,35295,NaN,NaN,NaN,NaN,9.538669473840855e-06,100.0,1.000009536743164,mlp,embedding
2715,35308,NaN,NaN,NaN,NaN,9.034130016516428e-06,100.0,1.0000090599060059,mlp,embedding
2716,35321,3.047462996619288e-06,100.0,1.0000030994415283,0.001,8.520261872035917e-06,100.0,1.000008463859558,mlp,embedding
2717,35334,NaN,NaN,NaN,NaN,8.087157766567543e-06,100.0,1.0000081062316895,mlp,embedding
2718,35347,NaN,NaN,NaN,NaN,7.65453660278581e-06,100.0,1.0000076293945312,mlp,embedding
2719,35360,NaN,NaN,NaN,NaN,7.263100087584462e-06,100.0,1.0000072717666626,mlp,embedding
2720,35373,NaN,NaN,NaN,NaN,6.900801963638514e-06,100.0,1.000006914138794,mlp,embedding
2721,35386,NaN,NaN,NaN,NaN,6.575930910912575e-06,100.0,1.0000065565109253,mlp,embedding
2722,35399,NaN,NaN,NaN,NaN,6.2700632952328306e-06,100.0,1.0000063180923462,mlp,embedding
2723,35412,NaN,NaN,NaN,NaN,5.948383204668062e-06,100.0,1.0000059604644775,mlp,embedding
2724,35425,NaN,NaN,NaN,NaN,5.683035396941705e-06,100.0,1.0000057220458984,mlp,embedding
2725,35438,NaN,NaN,NaN,NaN,5.430524197436171e-06,100.0,1.0000054836273193,mlp,embedding
2726,35451,NaN,NaN,NaN,NaN,5.196985512156971e-06,100.0,1.0000052452087402,mlp,embedding
2727,35464,NaN,NaN,NaN,NaN,4.977032858732855e-06,100.0,1.0000050067901611,mlp,embedding
2728,35477,NaN,NaN,NaN,NaN,4.79641676065512e-06,100.0,1.000004768371582,mlp,embedding
2729,35490,NaN,NaN,NaN,NaN,4.5671545194636565e-06,100.0,1.000004529953003,mlp,embedding
2730,35503,NaN,NaN,NaN,NaN,4.411119789438089e-06,100.0,1.0000044107437134,mlp,embedding
2731,35516,NaN,NaN,NaN,NaN,4.178405106358696e-06,100.0,1.0000041723251343,mlp,embedding
2732,35529,NaN,NaN,NaN,NaN,4.089199137524702e-06,100.0,1.0000040531158447,mlp,embedding
2733,35542,NaN,NaN,NaN,NaN,3.8287098504952155e-06,100.0,1.0000038146972656,mlp,embedding
2734,35555,NaN,NaN,NaN,NaN,3.697830379678635e-06,100.0,1.000003695487976,mlp,embedding
2735,35568,NaN,NaN,NaN,NaN,3.565277438610792e-06,100.0,1.0000035762786865,mlp,embedding
2736,35581,NaN,NaN,NaN,NaN,3.4296358535357285e-06,100.0,1.000003457069397,mlp,embedding
2737,35594,NaN,NaN,NaN,NaN,3.213146101188613e-06,100.0,1.0000032186508179,mlp,embedding
2738,35607,NaN,NaN,NaN,NaN,3.067853413085686e-06,100.0,1.0000030994415283,mlp,embedding
2739,35620,NaN,NaN,NaN,NaN,2.8832239422627026e-06,100.0,1.0000028610229492,mlp,embedding
2740,35633,NaN,NaN,NaN,NaN,2.8112017389503308e-06,100.0,1.0000028610229492,mlp,embedding
2741,35646,NaN,NaN,NaN,NaN,2.5401027414773125e-06,100.0,1.0000025033950806,mlp,embedding
2742,35659,NaN,NaN,NaN,NaN,2.5070598894672003e-06,100.0,1.0000025033950806,mlp,embedding
2743,35672,5.579087769547186e-07,100.0,1.0000005960464478,0.001,2.2772696866013575e-06,100.0,1.0000022649765015,mlp,embedding
2744,35685,NaN,NaN,NaN,NaN,2.181988747906871e-06,100.0,1.000002145767212,mlp,embedding
2745,35698,NaN,NaN,NaN,NaN,2.0285960999899544e-06,100.0,1.0000020265579224,mlp,embedding
2746,35711,NaN,NaN,NaN,NaN,2.0034492536069592e-06,100.0,1.0000020265579224,mlp,embedding
2747,35724,NaN,NaN,NaN,NaN,1.8586724763736129e-06,100.0,1.0000019073486328,mlp,embedding
2748,35737,NaN,NaN,NaN,NaN,1.7103694744946552e-06,100.0,1.0000016689300537,mlp,embedding
2749,35750,NaN,NaN,NaN,NaN,1.7191757706314093e-06,100.0,1.0000016689300537,mlp,embedding
2750,35763,NaN,NaN,NaN,NaN,1.6452395357191563e-06,100.0,1.0000016689300537,mlp,embedding
2751,35776,NaN,NaN,NaN,NaN,1.3860318404113059e-06,100.0,1.0000014305114746,mlp,embedding
2752,35789,NaN,NaN,NaN,NaN,1.2213257605253602e-06,100.0,1.0000011920928955,mlp,embedding
2753,35802,NaN,NaN,NaN,NaN,1.3764581581199309e-06,100.0,1.0000014305114746,mlp,embedding
2754,35815,NaN,NaN,NaN,NaN,1.199332473333925e-06,100.0,1.0000011920928955,mlp,embedding
2755,35828,NaN,NaN,NaN,NaN,1.1332239182593185e-06,100.0,1.0000011920928955,mlp,embedding
2756,35841,NaN,NaN,NaN,NaN,1.2536147551145405e-06,100.0,1.000001311302185,mlp,embedding
2757,35854,NaN,NaN,NaN,NaN,1.7940855059350724e-06,100.0,1.0000017881393433,mlp,embedding
2758,35867,NaN,NaN,NaN,NaN,1.2394151553962729e-06,100.0,1.0000011920928955,mlp,embedding
2759,35880,NaN,NaN,NaN,NaN,1.114782435251982e-06,100.0,1.000001072883606,mlp,embedding
2760,35893,NaN,NaN,NaN,NaN,2.6488819122314453,74.99114227294922,14.138221740722656,mlp,embedding
2761,35906,NaN,NaN,NaN,NaN,0.20784498751163483,94.40311431884766,1.2310223579406738,mlp,embedding
2762,35919,NaN,NaN,NaN,NaN,0.010357659310102463,99.71661376953125,1.0104115009307861,mlp,embedding
2763,35932,NaN,NaN,NaN,NaN,0.003912235144525766,99.9645767211914,1.0039198398590088,mlp,embedding
2764,35945,NaN,NaN,NaN,NaN,0.0011083604767918587,100.0,1.001109004020691,mlp,embedding
2765,35958,NaN,NaN,NaN,NaN,0.0004506654222495854,100.0,1.0004507303237915,mlp,embedding
2766,35971,NaN,NaN,NaN,NaN,0.0002441514516249299,100.0,1.000244140625,mlp,embedding
2767,35984,NaN,NaN,NaN,NaN,0.00017219199799001217,100.0,1.0001722574234009,mlp,embedding
2768,35997,NaN,NaN,NaN,NaN,0.0001423822104698047,100.0,1.0001423358917236,mlp,embedding
2769,36010,NaN,NaN,NaN,NaN,0.00012537985458038747,100.0,1.0001254081726074,mlp,embedding
2770,36023,5.2477447752607986e-05,100.0,1.0000524520874023,0.001,0.00011252200783928856,100.0,1.000112533569336,mlp,embedding
2771,36036,NaN,NaN,NaN,NaN,0.00010207009472651407,100.0,1.0001020431518555,mlp,embedding
2772,36049,NaN,NaN,NaN,NaN,9.218998457072303e-05,100.0,1.0000921487808228,mlp,embedding
2773,36062,NaN,NaN,NaN,NaN,8.416197670157999e-05,100.0,1.0000841617584229,mlp,embedding
2774,36075,NaN,NaN,NaN,NaN,7.56692752474919e-05,100.0,1.0000756978988647,mlp,embedding
2775,36088,NaN,NaN,NaN,NaN,6.922092870809138e-05,100.0,1.000069260597229,mlp,embedding
2776,36101,NaN,NaN,NaN,NaN,6.301772373262793e-05,100.0,1.0000630617141724,mlp,embedding
2777,36114,NaN,NaN,NaN,NaN,5.742549183196388e-05,100.0,1.0000574588775635,mlp,embedding
2778,36127,NaN,NaN,NaN,NaN,5.2380928536877036e-05,100.0,1.0000523328781128,mlp,embedding
2779,36140,NaN,NaN,NaN,NaN,4.7804296627873555e-05,100.0,1.0000478029251099,mlp,embedding
2780,36153,NaN,NaN,NaN,NaN,4.319522122386843e-05,100.0,1.0000431537628174,mlp,embedding
2781,36166,NaN,NaN,NaN,NaN,3.9649938116781414e-05,100.0,1.0000396966934204,mlp,embedding
2782,36179,NaN,NaN,NaN,NaN,3.6614288546843454e-05,100.0,1.000036597251892,mlp,embedding
2783,36192,NaN,NaN,NaN,NaN,3.367720637470484e-05,100.0,1.0000337362289429,mlp,embedding
2784,36205,NaN,NaN,NaN,NaN,3.1042261980473995e-05,100.0,1.0000309944152832,mlp,embedding
2785,36218,NaN,NaN,NaN,NaN,2.8853952244389802e-05,100.0,1.0000288486480713,mlp,embedding
2786,36231,NaN,NaN,NaN,NaN,2.685204344743397e-05,100.0,1.000026822090149,mlp,embedding
2787,36244,NaN,NaN,NaN,NaN,2.510910235287156e-05,100.0,1.0000251531600952,mlp,embedding
2788,36257,NaN,NaN,NaN,NaN,2.3337403035839088e-05,100.0,1.000023365020752,mlp,embedding
2789,36270,NaN,NaN,NaN,NaN,2.2067679310566746e-05,100.0,1.000022053718567,mlp,embedding
2790,36283,NaN,NaN,NaN,NaN,2.081176899082493e-05,100.0,1.0000208616256714,mlp,embedding
2791,36296,NaN,NaN,NaN,NaN,1.9490913473418914e-05,100.0,1.0000195503234863,mlp,embedding
2792,36309,NaN,NaN,NaN,NaN,1.8659953639144078e-05,100.0,1.0000187158584595,mlp,embedding
2793,36322,NaN,NaN,NaN,NaN,1.770769085851498e-05,100.0,1.000017762184143,mlp,embedding
2794,36335,NaN,NaN,NaN,NaN,1.6853509805514477e-05,100.0,1.0000168085098267,mlp,embedding
2795,36348,NaN,NaN,NaN,NaN,1.6066787793533877e-05,100.0,1.0000160932540894,mlp,embedding
2796,36361,NaN,NaN,NaN,NaN,1.533431168354582e-05,100.0,1.000015377998352,mlp,embedding
2797,36374,5.958046131127048e-06,100.0,1.0000059604644775,0.001,1.4815772374277003e-05,100.0,1.0000147819519043,mlp,embedding
2798,36387,NaN,NaN,NaN,NaN,1.4124535482551437e-05,100.0,1.000014066696167,mlp,embedding
2799,36400,NaN,NaN,NaN,NaN,1.3488520380633418e-05,100.0,1.0000134706497192,mlp,embedding
2800,36413,NaN,NaN,NaN,NaN,1.293347668251954e-05,100.0,1.0000128746032715,mlp,embedding
2801,36426,NaN,NaN,NaN,NaN,1.2427593901520595e-05,100.0,1.0000123977661133,mlp,embedding
2802,36439,NaN,NaN,NaN,NaN,1.2083730325684883e-05,100.0,1.0000120401382446,mlp,embedding
2803,36452,NaN,NaN,NaN,NaN,1.1432081919338088e-05,100.0,1.0000114440917969,mlp,embedding
2804,36465,NaN,NaN,NaN,NaN,1.121222521760501e-05,100.0,1.0000112056732178,mlp,embedding
2805,36478,NaN,NaN,NaN,NaN,1.0664031833584886e-05,100.0,1.00001060962677,mlp,embedding
2806,36491,NaN,NaN,NaN,NaN,1.029095164994942e-05,100.0,1.0000102519989014,mlp,embedding
2807,36504,NaN,NaN,NaN,NaN,9.904331818688661e-06,100.0,1.0000098943710327,mlp,embedding
2808,36517,NaN,NaN,NaN,NaN,9.493610377830919e-06,100.0,1.000009536743164,mlp,embedding
2809,36530,NaN,NaN,NaN,NaN,9.163618415186647e-06,100.0,1.0000091791152954,mlp,embedding
2810,36543,NaN,NaN,NaN,NaN,8.938292012317106e-06,100.0,1.0000089406967163,mlp,embedding
2811,36556,NaN,NaN,NaN,NaN,8.356116268259939e-06,100.0,1.0000083446502686,mlp,embedding
2812,36569,NaN,NaN,NaN,NaN,8.142715159920044e-06,100.0,1.0000081062316895,mlp,embedding
2813,36582,NaN,NaN,NaN,NaN,7.870712579460815e-06,100.0,1.0000078678131104,mlp,embedding
2814,36595,NaN,NaN,NaN,NaN,7.3221403908974025e-06,100.0,1.0000072717666626,mlp,embedding
2815,36608,NaN,NaN,NaN,NaN,7.086200184858171e-06,100.0,1.0000070333480835,mlp,embedding
2816,36621,NaN,NaN,NaN,NaN,6.7292571657162625e-06,100.0,1.0000066757202148,mlp,embedding
2817,36634,NaN,NaN,NaN,NaN,6.446948191296542e-06,100.0,1.0000064373016357,mlp,embedding
2818,36647,NaN,NaN,NaN,NaN,6.173374003992649e-06,100.0,1.0000061988830566,mlp,embedding
2819,36660,NaN,NaN,NaN,NaN,5.82883012612001e-06,100.0,1.000005841255188,mlp,embedding
2820,36673,NaN,NaN,NaN,NaN,5.8062787502422e-06,100.0,1.000005841255188,mlp,embedding
2821,36686,NaN,NaN,NaN,NaN,5.303559191816021e-06,100.0,1.0000052452087402,mlp,embedding
2822,36699,NaN,NaN,NaN,NaN,5.10108657181263e-06,100.0,1.0000051259994507,mlp,embedding
2823,36712,NaN,NaN,NaN,NaN,4.935634933644906e-06,100.0,1.0000048875808716,mlp,embedding
2824,36725,1.482186462453683e-06,100.0,1.0000014305114746,0.001,4.558368345897179e-06,100.0,1.000004529953003,mlp,embedding
2825,36738,NaN,NaN,NaN,NaN,4.429780346981715e-06,100.0,1.0000044107437134,mlp,embedding
2826,36751,NaN,NaN,NaN,NaN,4.169787644059397e-06,100.0,1.0000041723251343,mlp,embedding
2827,36764,NaN,NaN,NaN,NaN,4.02194518756005e-06,100.0,1.0000040531158447,mlp,embedding
2828,36777,NaN,NaN,NaN,NaN,3.857102456095163e-06,100.0,1.0000038146972656,mlp,embedding
2829,36790,NaN,NaN,NaN,NaN,3.5452069369057426e-06,100.0,1.0000035762786865,mlp,embedding
2830,36803,NaN,NaN,NaN,NaN,3.4519196105975425e-06,100.0,1.000003457069397,mlp,embedding
2831,36816,NaN,NaN,NaN,NaN,3.243620767534594e-06,100.0,1.0000032186508179,mlp,embedding
2832,36829,NaN,NaN,NaN,NaN,3.164943336741999e-06,100.0,1.0000032186508179,mlp,embedding
2833,36842,NaN,NaN,NaN,NaN,2.9376915335888043e-06,100.0,1.0000029802322388,mlp,embedding
2834,36855,NaN,NaN,NaN,NaN,2.8113872758694924e-06,100.0,1.0000028610229492,mlp,embedding
2835,36868,NaN,NaN,NaN,NaN,2.654768650245387e-06,100.0,1.0000026226043701,mlp,embedding
2836,36881,NaN,NaN,NaN,NaN,2.491439772711601e-06,100.0,1.0000025033950806,mlp,embedding
2837,36894,NaN,NaN,NaN,NaN,2.372987637500046e-06,100.0,1.000002384185791,mlp,embedding
2838,36907,NaN,NaN,NaN,NaN,2.2921592517377576e-06,100.0,1.0000022649765015,mlp,embedding
2839,36920,NaN,NaN,NaN,NaN,2.061146233245381e-06,100.0,1.0000020265579224,mlp,embedding
2840,36933,NaN,NaN,NaN,NaN,1.8739604001893895e-06,100.0,1.0000019073486328,mlp,embedding
2841,36946,NaN,NaN,NaN,NaN,1.8850415699489531e-06,100.0,1.0000019073486328,mlp,embedding
2842,36959,NaN,NaN,NaN,NaN,1.71803856119368e-06,100.0,1.0000016689300537,mlp,embedding
2843,36972,NaN,NaN,NaN,NaN,1.5333490637203795e-06,100.0,1.0000015497207642,mlp,embedding
2844,36985,NaN,NaN,NaN,NaN,1.4557291478922707e-06,100.0,1.0000014305114746,mlp,embedding
2845,36998,NaN,NaN,NaN,NaN,1.2581213013618253e-06,100.0,1.000001311302185,mlp,embedding
2846,37011,NaN,NaN,NaN,NaN,1.2667153441725532e-06,100.0,1.000001311302185,mlp,embedding
2847,37024,NaN,NaN,NaN,NaN,1.1856446917590802e-06,100.0,1.0000011920928955,mlp,embedding
2848,37037,NaN,NaN,NaN,NaN,1.1559982340259012e-06,100.0,1.0000011920928955,mlp,embedding
2849,37050,NaN,NaN,NaN,NaN,1.2067629313605721e-06,100.0,1.0000011920928955,mlp,embedding
2850,37063,NaN,NaN,NaN,NaN,9.86196596386435e-07,100.0,1.0000009536743164,mlp,embedding
2851,37076,NaN,NaN,NaN,NaN,8.986308444036695e-07,100.0,1.0000009536743164,mlp,embedding
2852,37089,1.6616172615613323e-07,100.0,1.0000001192092896,0.001,9.713966164781596e-07,100.0,1.0000009536743164,mlp,embedding
2853,37102,NaN,NaN,NaN,NaN,8.320728852595494e-07,100.0,1.0000008344650269,mlp,embedding
2854,37115,NaN,NaN,NaN,NaN,8.698032161191804e-07,100.0,1.0000008344650269,mlp,embedding
2855,37128,NaN,NaN,NaN,NaN,1.247424279426923e-06,100.0,1.0000011920928955,mlp,embedding
2856,37141,NaN,NaN,NaN,NaN,0.008986173197627068,99.68119049072266,1.0090266466140747,mlp,embedding
2857,37154,NaN,NaN,NaN,NaN,0.0370013453066349,98.8310317993164,1.0376944541931152,mlp,embedding
2858,37167,NaN,NaN,NaN,NaN,0.006262841634452343,99.85830688476562,1.0062824487686157,mlp,embedding
2859,37180,NaN,NaN,NaN,NaN,0.0020213162060827017,100.0,1.0020233392715454,mlp,embedding
2860,37193,NaN,NaN,NaN,NaN,0.0009668306447565556,99.9645767211914,1.000967264175415,mlp,embedding
2861,37206,NaN,NaN,NaN,NaN,0.00043079841998405755,100.0,1.000430941581726,mlp,embedding
2862,37219,NaN,NaN,NaN,NaN,0.0002982646110467613,100.0,1.000298261642456,mlp,embedding
2863,37232,NaN,NaN,NaN,NaN,0.00024128492805175483,100.0,1.0002412796020508,mlp,embedding
2864,37245,NaN,NaN,NaN,NaN,0.00020692194811999798,100.0,1.0002069473266602,mlp,embedding
2865,37258,NaN,NaN,NaN,NaN,0.00018119820742867887,100.0,1.0001811981201172,mlp,embedding
2866,37271,NaN,NaN,NaN,NaN,0.00016016181325539947,100.0,1.0001602172851562,mlp,embedding
2867,37284,NaN,NaN,NaN,NaN,0.00014174585521686822,100.0,1.0001417398452759,mlp,embedding
2868,37297,NaN,NaN,NaN,NaN,0.00012736237840726972,100.0,1.0001273155212402,mlp,embedding
2869,37310,NaN,NaN,NaN,NaN,0.00011474839266156778,100.0,1.0001147985458374,mlp,embedding
2870,37323,NaN,NaN,NaN,NaN,0.00010337898129364476,100.0,1.0001033544540405,mlp,embedding
2871,37336,NaN,NaN,NaN,NaN,9.359123214380816e-05,100.0,1.0000935792922974,mlp,embedding
2872,37349,NaN,NaN,NaN,NaN,8.454746421193704e-05,100.0,1.0000845193862915,mlp,embedding
2873,37362,NaN,NaN,NaN,NaN,7.675783126614988e-05,100.0,1.0000767707824707,mlp,embedding
2874,37375,NaN,NaN,NaN,NaN,6.991877307882532e-05,100.0,1.0000699758529663,mlp,embedding
2875,37388,NaN,NaN,NaN,NaN,6.357772508636117e-05,100.0,1.0000635385513306,mlp,embedding
2876,37401,NaN,NaN,NaN,NaN,5.793352465843782e-05,100.0,1.0000579357147217,mlp,embedding
2877,37414,NaN,NaN,NaN,NaN,5.282610436552204e-05,100.0,1.000052809715271,mlp,embedding
2878,37427,NaN,NaN,NaN,NaN,4.8259873437928036e-05,100.0,1.000048279762268,mlp,embedding
2879,37440,NaN,NaN,NaN,NaN,4.417432865011506e-05,100.0,1.0000442266464233,mlp,embedding
2880,37453,1.5829578842385672e-05,100.0,1.0000158548355103,0.001,4.040181011077948e-05,100.0,1.0000404119491577,mlp,embedding
2881,37466,NaN,NaN,NaN,NaN,3.704888513311744e-05,100.0,1.0000370740890503,mlp,embedding
2882,37479,NaN,NaN,NaN,NaN,3.409431519685313e-05,100.0,1.0000340938568115,mlp,embedding
2883,37492,NaN,NaN,NaN,NaN,3.1335399398813024e-05,100.0,1.0000313520431519,mlp,embedding
2884,37505,NaN,NaN,NaN,NaN,2.8892940463265404e-05,100.0,1.0000288486480713,mlp,embedding
2885,37518,NaN,NaN,NaN,NaN,2.655516072991304e-05,100.0,1.0000265836715698,mlp,embedding
2886,37531,NaN,NaN,NaN,NaN,2.4588758606114425e-05,100.0,1.0000245571136475,mlp,embedding
2887,37544,NaN,NaN,NaN,NaN,2.2734284357284196e-05,100.0,1.0000227689743042,mlp,embedding
2888,37557,NaN,NaN,NaN,NaN,2.100699202856049e-05,100.0,1.000020980834961,mlp,embedding
2889,37570,NaN,NaN,NaN,NaN,1.9427594452281483e-05,100.0,1.0000194311141968,mlp,embedding
2890,37583,NaN,NaN,NaN,NaN,1.8044856915366836e-05,100.0,1.0000180006027222,mlp,embedding
2891,37596,NaN,NaN,NaN,NaN,1.6748288544476964e-05,100.0,1.000016689300537,mlp,embedding
2892,37609,NaN,NaN,NaN,NaN,1.5576066289213486e-05,100.0,1.0000156164169312,mlp,embedding
2893,37622,NaN,NaN,NaN,NaN,1.4537139577441849e-05,100.0,1.0000145435333252,mlp,embedding
2894,37635,NaN,NaN,NaN,NaN,1.355198855890194e-05,100.0,1.0000135898590088,mlp,embedding
2895,37648,NaN,NaN,NaN,NaN,1.2663482266361825e-05,100.0,1.0000126361846924,mlp,embedding
2896,37661,NaN,NaN,NaN,NaN,1.1819474821095355e-05,100.0,1.0000118017196655,mlp,embedding
2897,37674,NaN,NaN,NaN,NaN,1.10620676423423e-05,100.0,1.0000110864639282,mlp,embedding
2898,37687,NaN,NaN,NaN,NaN,1.039128710544901e-05,100.0,1.000010371208191,mlp,embedding
2899,37700,NaN,NaN,NaN,NaN,9.752799996931572e-06,100.0,1.0000097751617432,mlp,embedding
2900,37713,NaN,NaN,NaN,NaN,9.163366485154256e-06,100.0,1.0000091791152954,mlp,embedding
2901,37726,NaN,NaN,NaN,NaN,8.615553269919474e-06,100.0,1.0000085830688477,mlp,embedding
2902,37739,NaN,NaN,NaN,NaN,8.122077815642115e-06,100.0,1.0000081062316895,mlp,embedding
2903,37752,NaN,NaN,NaN,NaN,7.650769475731067e-06,100.0,1.0000076293945312,mlp,embedding
2904,37765,NaN,NaN,NaN,NaN,7.233917131088674e-06,100.0,1.0000072717666626,mlp,embedding
2905,37778,NaN,NaN,NaN,NaN,6.823826424806612e-06,100.0,1.0000067949295044,mlp,embedding
2906,37791,NaN,NaN,NaN,NaN,6.47748538540327e-06,100.0,1.0000064373016357,mlp,embedding
2907,37804,NaN,NaN,NaN,NaN,6.123503681010334e-06,100.0,1.000006079673767,mlp,embedding
2908,37817,2.368071818636963e-06,100.0,1.000002384185791,0.001,5.806169156130636e-06,100.0,1.000005841255188,mlp,embedding
2909,37830,NaN,NaN,NaN,NaN,5.503238753590267e-06,100.0,1.0000054836273193,mlp,embedding
2910,37843,NaN,NaN,NaN,NaN,5.225511358730728e-06,100.0,1.0000052452087402,mlp,embedding
2911,37856,NaN,NaN,NaN,NaN,4.968644589098403e-06,100.0,1.0000050067901611,mlp,embedding
2912,37869,NaN,NaN,NaN,NaN,4.713973794423509e-06,100.0,1.000004768371582,mlp,embedding
2913,37882,NaN,NaN,NaN,NaN,4.5542933548858855e-06,100.0,1.000004529953003,mlp,embedding
2914,37895,NaN,NaN,NaN,NaN,4.322433142078808e-06,100.0,1.0000042915344238,mlp,embedding
2915,37908,NaN,NaN,NaN,NaN,4.150347649556352e-06,100.0,1.0000041723251343,mlp,embedding
2916,37921,NaN,NaN,NaN,NaN,3.969656518165721e-06,100.0,1.0000039339065552,mlp,embedding
2917,37934,NaN,NaN,NaN,NaN,3.81889867639984e-06,100.0,1.0000038146972656,mlp,embedding
2918,37947,NaN,NaN,NaN,NaN,3.664471250885981e-06,100.0,1.000003695487976,mlp,embedding
2919,37960,NaN,NaN,NaN,NaN,3.5029092941840645e-06,100.0,1.000003457069397,mlp,embedding
2920,37973,NaN,NaN,NaN,NaN,3.285115553808282e-06,100.0,1.0000033378601074,mlp,embedding
2921,37986,NaN,NaN,NaN,NaN,3.193974634996266e-06,100.0,1.0000032186508179,mlp,embedding
2922,37999,NaN,NaN,NaN,NaN,3.049550514333532e-06,100.0,1.0000030994415283,mlp,embedding
2923,38012,NaN,NaN,NaN,NaN,2.8359861516946694e-06,100.0,1.0000028610229492,mlp,embedding
2924,38025,NaN,NaN,NaN,NaN,2.7604196475294884e-06,100.0,1.0000027418136597,mlp,embedding
2925,38038,NaN,NaN,NaN,NaN,2.5024066871992545e-06,100.0,1.0000025033950806,mlp,embedding
2926,38051,NaN,NaN,NaN,NaN,2.5032484245457454e-06,100.0,1.0000025033950806,mlp,embedding
2927,38064,NaN,NaN,NaN,NaN,2.2236231416172814e-06,100.0,1.0000022649765015,mlp,embedding
2928,38077,NaN,NaN,NaN,NaN,2.1634741642628796e-06,100.0,1.000002145767212,mlp,embedding
2929,38090,NaN,NaN,NaN,NaN,1.985288690775633e-06,100.0,1.0000020265579224,mlp,embedding
2930,38103,NaN,NaN,NaN,NaN,1.9441770291450666e-06,100.0,1.0000019073486328,mlp,embedding
2931,38116,NaN,NaN,NaN,NaN,1.8391525600236491e-06,100.0,1.0000017881393433,mlp,embedding
2932,38129,NaN,NaN,NaN,NaN,1.615304427105002e-06,100.0,1.0000016689300537,mlp,embedding
2933,38142,NaN,NaN,NaN,NaN,1.4990951058280189e-06,100.0,1.0000015497207642,mlp,embedding
2934,38155,NaN,NaN,NaN,NaN,1.4279369224823313e-06,100.0,1.0000014305114746,mlp,embedding
2935,38168,NaN,NaN,NaN,NaN,1.33727678530704e-06,100.0,1.000001311302185,mlp,embedding
2936,38181,NaN,NaN,NaN,NaN,1.22419839954091e-06,100.0,1.0000011920928955,mlp,embedding
2937,38194,2.7554247594707704e-07,100.0,1.000000238418579,0.001,1.1354410389685654e-06,100.0,1.0000011920928955,mlp,embedding
2938,38207,NaN,NaN,NaN,NaN,1.0883554750762414e-06,100.0,1.000001072883606,mlp,embedding
2939,38220,NaN,NaN,NaN,NaN,1.033502257996588e-06,100.0,1.000001072883606,mlp,embedding
2940,38233,NaN,NaN,NaN,NaN,1.014280996969319e-06,100.0,1.000001072883606,mlp,embedding
2941,38246,NaN,NaN,NaN,NaN,8.746883963794971e-07,100.0,1.0000008344650269,mlp,embedding
2942,38259,NaN,NaN,NaN,NaN,1.00371005373745e-06,100.0,1.0000009536743164,mlp,embedding
2943,38272,NaN,NaN,NaN,NaN,7.653661100448517e-07,100.0,1.0000007152557373,mlp,embedding
2944,38285,NaN,NaN,NaN,NaN,8.279380381281953e-07,100.0,1.0000008344650269,mlp,embedding
2945,38298,NaN,NaN,NaN,NaN,7.618526183250651e-07,100.0,1.0000007152557373,mlp,embedding
2946,38311,NaN,NaN,NaN,NaN,7.710597174082068e-07,100.0,1.0000007152557373,mlp,embedding
2947,38324,NaN,NaN,NaN,NaN,1.14644831228361e-06,100.0,1.0000011920928955,mlp,embedding
2948,38337,NaN,NaN,NaN,NaN,0.288036048412323,92.84449005126953,1.3338054418563843,mlp,embedding
2949,38350,NaN,NaN,NaN,NaN,0.05071117356419563,98.22883605957031,1.0520190000534058,mlp,embedding
2950,38363,NaN,NaN,NaN,NaN,0.005150425247848034,99.92915344238281,1.0051636695861816,mlp,embedding
2951,38376,NaN,NaN,NaN,NaN,0.0019009556854143739,100.0,1.0019028186798096,mlp,embedding
2952,38389,NaN,NaN,NaN,NaN,0.0005071868654340506,100.0,1.0005073547363281,mlp,embedding
2953,38402,NaN,NaN,NaN,NaN,0.0002490106853656471,100.0,1.0002490282058716,mlp,embedding
2954,38415,NaN,NaN,NaN,NaN,0.00017500323883723468,100.0,1.0001749992370605,mlp,embedding
2955,38428,NaN,NaN,NaN,NaN,0.0001424034417141229,100.0,1.0001424551010132,mlp,embedding
2956,38441,NaN,NaN,NaN,NaN,0.00012202590005472302,100.0,1.0001220703125,mlp,embedding
2957,38454,NaN,NaN,NaN,NaN,0.00010750997171271592,100.0,1.0001075267791748,mlp,embedding
2958,38467,NaN,NaN,NaN,NaN,9.623355435905978e-05,100.0,1.0000962018966675,mlp,embedding
2959,38480,NaN,NaN,NaN,NaN,8.642643661005422e-05,100.0,1.0000864267349243,mlp,embedding
2960,38493,NaN,NaN,NaN,NaN,7.770305091980845e-05,100.0,1.000077724456787,mlp,embedding
2961,38506,NaN,NaN,NaN,NaN,7.024690421530977e-05,100.0,1.0000702142715454,mlp,embedding
2962,38519,NaN,NaN,NaN,NaN,6.343718996504322e-05,100.0,1.000063419342041,mlp,embedding
2963,38532,NaN,NaN,NaN,NaN,5.753003279096447e-05,100.0,1.000057578086853,mlp,embedding
2964,38545,NaN,NaN,NaN,NaN,5.2126710215816274e-05,100.0,1.0000520944595337,mlp,embedding
2965,38558,NaN,NaN,NaN,NaN,4.749332583742216e-05,100.0,1.0000474452972412,mlp,embedding
2966,38571,2.1027637558290735e-05,100.0,1.000020980834961,0.001,4.302353045204654e-05,100.0,1.0000430345535278,mlp,embedding
2967,38584,NaN,NaN,NaN,NaN,3.9174330595415086e-05,100.0,1.0000392198562622,mlp,embedding
2968,38597,NaN,NaN,NaN,NaN,3.560725599527359e-05,100.0,1.0000356435775757,mlp,embedding
2969,38610,NaN,NaN,NaN,NaN,3.2416526664746925e-05,100.0,1.0000324249267578,mlp,embedding
2970,38623,NaN,NaN,NaN,NaN,2.9532531698350795e-05,100.0,1.0000295639038086,mlp,embedding
2971,38636,NaN,NaN,NaN,NaN,2.6941075702779926e-05,100.0,1.0000269412994385,mlp,embedding
2972,38649,NaN,NaN,NaN,NaN,2.45987484959187e-05,100.0,1.0000245571136475,mlp,embedding
2973,38662,NaN,NaN,NaN,NaN,2.24084360525012e-05,100.0,1.0000224113464355,mlp,embedding
2974,38675,NaN,NaN,NaN,NaN,2.0461695385165513e-05,100.0,1.0000205039978027,mlp,embedding
2975,38688,NaN,NaN,NaN,NaN,1.8698900021263398e-05,100.0,1.0000187158584595,mlp,embedding
2976,38701,NaN,NaN,NaN,NaN,1.714372956485022e-05,100.0,1.0000171661376953,mlp,embedding
2977,38714,NaN,NaN,NaN,NaN,1.5676630937377922e-05,100.0,1.0000157356262207,mlp,embedding
2978,38727,NaN,NaN,NaN,NaN,1.4349401681101881e-05,100.0,1.000014305114746,mlp,embedding
2979,38740,NaN,NaN,NaN,NaN,1.3155079614080023e-05,100.0,1.0000131130218506,mlp,embedding
2980,38753,NaN,NaN,NaN,NaN,1.2061483175784815e-05,100.0,1.0000120401382446,mlp,embedding
2981,38766,NaN,NaN,NaN,NaN,1.1078071111114696e-05,100.0,1.0000110864639282,mlp,embedding
2982,38779,NaN,NaN,NaN,NaN,1.0183430276811123e-05,100.0,1.0000101327896118,mlp,embedding
2983,38792,NaN,NaN,NaN,NaN,9.38268749450799e-06,100.0,1.0000094175338745,mlp,embedding
2984,38805,NaN,NaN,NaN,NaN,8.635724043415394e-06,100.0,1.0000085830688477,mlp,embedding
2985,38818,NaN,NaN,NaN,NaN,7.990294761839323e-06,100.0,1.0000079870224,mlp,embedding
2986,38831,NaN,NaN,NaN,NaN,7.387638561340282e-06,100.0,1.0000073909759521,mlp,embedding
2987,38844,NaN,NaN,NaN,NaN,6.860809662612155e-06,100.0,1.000006914138794,mlp,embedding
2988,38857,NaN,NaN,NaN,NaN,6.358592145261355e-06,100.0,1.0000063180923462,mlp,embedding
2989,38870,NaN,NaN,NaN,NaN,5.901973509025993e-06,100.0,1.0000059604644775,mlp,embedding
2990,38883,NaN,NaN,NaN,NaN,5.502823569258908e-06,100.0,1.0000054836273193,mlp,embedding
2991,38896,NaN,NaN,NaN,NaN,5.1476254157023504e-06,100.0,1.0000051259994507,mlp,embedding
2992,38909,NaN,NaN,NaN,NaN,4.825530595553573e-06,100.0,1.000004768371582,mlp,embedding
2993,38922,NaN,NaN,NaN,NaN,4.536876531346934e-06,100.0,1.000004529953003,mlp,embedding
2994,38935,NaN,NaN,NaN,NaN,4.274740149412537e-06,100.0,1.0000042915344238,mlp,embedding
2995,38948,1.7473910247645108e-06,100.0,1.0000017881393433,0.001,4.041526608489221e-06,100.0,1.0000040531158447,mlp,embedding
2996,38961,NaN,NaN,NaN,NaN,3.837953045149334e-06,100.0,1.0000038146972656,mlp,embedding
2997,38974,NaN,NaN,NaN,NaN,3.6543538044497836e-06,100.0,1.000003695487976,mlp,embedding
2998,38987,NaN,NaN,NaN,NaN,3.498367505017086e-06,100.0,1.000003457069397,mlp,embedding
2999,39000,NaN,NaN,NaN,NaN,3.3523472211527405e-06,100.0,1.0000033378601074,mlp,embedding
3000,39013,NaN,NaN,NaN,NaN,3.227313754905481e-06,100.0,1.0000032186508179,mlp,embedding
3001,39026,NaN,NaN,NaN,NaN,3.128712933175848e-06,100.0,1.0000030994415283,mlp,embedding
3002,39039,NaN,NaN,NaN,NaN,3.028423407158698e-06,100.0,1.0000029802322388,mlp,embedding
3003,39052,NaN,NaN,NaN,NaN,2.9307955173862865e-06,100.0,1.0000029802322388,mlp,embedding
3004,39065,NaN,NaN,NaN,NaN,2.9164743864384945e-06,100.0,1.0000028610229492,mlp,embedding
3005,39078,NaN,NaN,NaN,NaN,2.7793701065093046e-06,100.0,1.0000027418136597,mlp,embedding
3006,39091,NaN,NaN,NaN,NaN,2.754621164058335e-06,100.0,1.0000027418136597,mlp,embedding
3007,39104,NaN,NaN,NaN,NaN,2.6774728212330956e-06,100.0,1.0000026226043701,mlp,embedding
3008,39117,NaN,NaN,NaN,NaN,2.6204231744486606e-06,100.0,1.0000026226043701,mlp,embedding
3009,39130,NaN,NaN,NaN,NaN,2.5442898277105996e-06,100.0,1.0000025033950806,mlp,embedding
3010,39143,NaN,NaN,NaN,NaN,2.5418776203878224e-06,100.0,1.0000025033950806,mlp,embedding
3011,39156,NaN,NaN,NaN,NaN,2.505940301489318e-06,100.0,1.0000025033950806,mlp,embedding
3012,39169,NaN,NaN,NaN,NaN,2.410806928310194e-06,100.0,1.000002384185791,mlp,embedding
3013,39182,NaN,NaN,NaN,NaN,2.3538846107840072e-06,100.0,1.000002384185791,mlp,embedding
3014,39195,NaN,NaN,NaN,NaN,2.3363995751424227e-06,100.0,1.000002384185791,mlp,embedding
3015,39208,NaN,NaN,NaN,NaN,2.262164343846962e-06,100.0,1.0000022649765015,mlp,embedding
3016,39221,NaN,NaN,NaN,NaN,2.1653822841471992e-06,100.0,1.000002145767212,mlp,embedding
3017,39234,NaN,NaN,NaN,NaN,2.131428345819586e-06,100.0,1.000002145767212,mlp,embedding
3018,39247,NaN,NaN,NaN,NaN,2.0022175704070833e-06,100.0,1.0000020265579224,mlp,embedding
3019,39260,NaN,NaN,NaN,NaN,1.9978629097749945e-06,100.0,1.0000020265579224,mlp,embedding
3020,39273,NaN,NaN,NaN,NaN,1.8824587186827557e-06,100.0,1.0000019073486328,mlp,embedding
3021,39286,NaN,NaN,NaN,NaN,1.8107547248291667e-06,100.0,1.0000017881393433,mlp,embedding
3022,39299,NaN,NaN,NaN,NaN,1.7096244846470654e-06,100.0,1.0000016689300537,mlp,embedding
3023,39312,NaN,NaN,NaN,NaN,1.6427779883088078e-06,100.0,1.0000016689300537,mlp,embedding
3024,39325,5.144497094988765e-07,100.0,1.0000004768371582,0.001,1.6132950122482725e-06,100.0,1.0000016689300537,mlp,embedding
3025,39338,NaN,NaN,NaN,NaN,1.5296434412448434e-06,100.0,1.0000015497207642,mlp,embedding
3026,39351,NaN,NaN,NaN,NaN,1.4120846572041046e-06,100.0,1.0000014305114746,mlp,embedding
3027,39364,NaN,NaN,NaN,NaN,1.3333286688066437e-06,100.0,1.000001311302185,mlp,embedding
3028,39377,NaN,NaN,NaN,NaN,1.237135506926279e-06,100.0,1.0000011920928955,mlp,embedding
3029,39390,NaN,NaN,NaN,NaN,1.3742668443228467e-06,100.0,1.0000014305114746,mlp,embedding
3030,39403,NaN,NaN,NaN,NaN,1.1229075198571081e-06,100.0,1.000001072883606,mlp,embedding
3031,39416,NaN,NaN,NaN,NaN,1.0400141263744445e-06,100.0,1.000001072883606,mlp,embedding
3032,39429,NaN,NaN,NaN,NaN,9.491464538768923e-07,100.0,1.0000009536743164,mlp,embedding
3033,39442,NaN,NaN,NaN,NaN,8.720400614947721e-07,100.0,1.0000008344650269,mlp,embedding
3034,39455,NaN,NaN,NaN,NaN,8.686151886649895e-07,100.0,1.0000008344650269,mlp,embedding
3035,39468,NaN,NaN,NaN,NaN,8.414095873376937e-07,100.0,1.0000008344650269,mlp,embedding
3036,39481,NaN,NaN,NaN,NaN,7.435367024299921e-07,100.0,1.0000007152557373,mlp,embedding
3037,39494,NaN,NaN,NaN,NaN,6.60058276480413e-07,100.0,1.0000007152557373,mlp,embedding
3038,39507,NaN,NaN,NaN,NaN,6.205330578268331e-07,100.0,1.0000005960464478,mlp,embedding
3039,39520,NaN,NaN,NaN,NaN,7.204683356576425e-07,100.0,1.0000007152557373,mlp,embedding
3040,39533,NaN,NaN,NaN,NaN,7.10382721536007e-07,100.0,1.0000007152557373,mlp,embedding
3041,39546,NaN,NaN,NaN,NaN,6.62798527173436e-07,100.0,1.0000007152557373,mlp,embedding
3042,39559,NaN,NaN,NaN,NaN,0.8449942469596863,83.31562042236328,2.3279643058776855,mlp,embedding
3043,39572,NaN,NaN,NaN,NaN,0.18969453871250153,94.65107727050781,1.2088803052902222,mlp,embedding
3044,39585,NaN,NaN,NaN,NaN,0.026727603748440742,99.22068786621094,1.0270880460739136,mlp,embedding
3045,39598,NaN,NaN,NaN,NaN,0.0044478909112513065,99.89373016357422,1.0044578313827515,mlp,embedding
3046,39611,NaN,NaN,NaN,NaN,0.001191899529658258,100.0,1.001192569732666,mlp,embedding
3047,39624,NaN,NaN,NaN,NaN,0.0004081248480360955,100.0,1.0004081726074219,mlp,embedding
3048,39637,NaN,NaN,NaN,NaN,0.00022127422562334687,100.0,1.0002212524414062,mlp,embedding
3049,39650,NaN,NaN,NaN,NaN,0.00016287679318338633,100.0,1.0001628398895264,mlp,embedding
3050,39663,NaN,NaN,NaN,NaN,0.0001340056915068999,100.0,1.000133991241455,mlp,embedding
3051,39676,NaN,NaN,NaN,NaN,0.00011331029963912442,100.0,1.0001133680343628,mlp,embedding
3052,39689,NaN,NaN,NaN,NaN,9.722456888994202e-05,100.0,1.0000972747802734,mlp,embedding
3053,39702,NaN,NaN,NaN,NaN,8.524770964868367e-05,100.0,1.0000852346420288,mlp,embedding
3054,39715,3.4730655897874385e-05,100.0,1.0000346899032593,0.001,7.47785234125331e-05,100.0,1.0000747442245483,mlp,embedding
3055,39728,NaN,NaN,NaN,NaN,6.570142431883141e-05,100.0,1.0000656843185425,mlp,embedding
3056,39741,NaN,NaN,NaN,NaN,5.833673640154302e-05,100.0,1.0000582933425903,mlp,embedding
3057,39754,NaN,NaN,NaN,NaN,5.263860657578334e-05,100.0,1.0000526905059814,mlp,embedding
3058,39767,NaN,NaN,NaN,NaN,4.7441633796552196e-05,100.0,1.0000474452972412,mlp,embedding
3059,39780,NaN,NaN,NaN,NaN,4.294596874387935e-05,100.0,1.0000429153442383,mlp,embedding
3060,39793,NaN,NaN,NaN,NaN,3.8937872886890545e-05,100.0,1.000038981437683,mlp,embedding
3061,39806,NaN,NaN,NaN,NaN,3.595726229832508e-05,100.0,1.0000360012054443,mlp,embedding
3062,39819,NaN,NaN,NaN,NaN,3.3192609407706186e-05,100.0,1.0000331401824951,mlp,embedding
3063,39832,NaN,NaN,NaN,NaN,3.0970284569775686e-05,100.0,1.0000309944152832,mlp,embedding
3064,39845,NaN,NaN,NaN,NaN,2.8497697712737136e-05,100.0,1.0000284910202026,mlp,embedding
3065,39858,NaN,NaN,NaN,NaN,2.6289255401934497e-05,100.0,1.0000263452529907,mlp,embedding
3066,39871,NaN,NaN,NaN,NaN,2.4288217900902964e-05,100.0,1.0000243186950684,mlp,embedding
3067,39884,NaN,NaN,NaN,NaN,2.227953700639773e-05,100.0,1.000022292137146,mlp,embedding
3068,39897,NaN,NaN,NaN,NaN,2.0645220502046868e-05,100.0,1.0000206232070923,mlp,embedding
3069,39910,NaN,NaN,NaN,NaN,1.9081257050856948e-05,100.0,1.0000190734863281,mlp,embedding
3070,39923,NaN,NaN,NaN,NaN,1.79119233507663e-05,100.0,1.0000178813934326,mlp,embedding
3071,39936,NaN,NaN,NaN,NaN,1.6792309907032177e-05,100.0,1.0000168085098267,mlp,embedding
3072,39949,NaN,NaN,NaN,NaN,1.579340641910676e-05,100.0,1.0000157356262207,mlp,embedding
3073,39962,NaN,NaN,NaN,NaN,1.4960355656512547e-05,100.0,1.0000149011611938,mlp,embedding
3074,39975,NaN,NaN,NaN,NaN,1.3955412214272656e-05,100.0,1.0000139474868774,mlp,embedding
3075,39988,NaN,NaN,NaN,NaN,1.3313794624991715e-05,100.0,1.0000133514404297,mlp,embedding
3076,40001,NaN,NaN,NaN,NaN,1.2738028999592643e-05,100.0,1.000012755393982,mlp,embedding
3077,40014,NaN,NaN,NaN,NaN,1.1910285138583276e-05,100.0,1.000011920928955,mlp,embedding
3078,40027,NaN,NaN,NaN,NaN,1.1408332284190692e-05,100.0,1.0000114440917969,mlp,embedding
3079,40040,NaN,NaN,NaN,NaN,1.0757499694591388e-05,100.0,1.0000107288360596,mlp,embedding
3080,40053,NaN,NaN,NaN,NaN,1.0261570423608646e-05,100.0,1.0000102519989014,mlp,embedding
3081,40066,NaN,NaN,NaN,NaN,9.783011591935065e-06,100.0,1.0000097751617432,mlp,embedding
3082,40079,NaN,NaN,NaN,NaN,9.290214620705228e-06,100.0,1.000009298324585,mlp,embedding
3083,40092,NaN,NaN,NaN,NaN,8.845131560519803e-06,100.0,1.0000088214874268,mlp,embedding
3084,40105,4.074213393323589e-06,100.0,1.0000040531158447,0.001,8.415396223426796e-06,100.0,1.000008463859558,mlp,embedding
3085,40118,NaN,NaN,NaN,NaN,8.046484254009556e-06,100.0,1.0000079870224,mlp,embedding
3086,40131,NaN,NaN,NaN,NaN,7.651355190319009e-06,100.0,1.0000076293945312,mlp,embedding
3087,40144,NaN,NaN,NaN,NaN,7.293072485481389e-06,100.0,1.0000072717666626,mlp,embedding
3088,40157,NaN,NaN,NaN,NaN,6.9183001869532745e-06,100.0,1.000006914138794,mlp,embedding
3089,40170,NaN,NaN,NaN,NaN,6.62812999507878e-06,100.0,1.0000066757202148,mlp,embedding
3090,40183,NaN,NaN,NaN,NaN,6.274498446146026e-06,100.0,1.0000063180923462,mlp,embedding
3091,40196,NaN,NaN,NaN,NaN,6.010837751091458e-06,100.0,1.0000059604644775,mlp,embedding
3092,40209,NaN,NaN,NaN,NaN,5.74135992792435e-06,100.0,1.0000057220458984,mlp,embedding
3093,40222,NaN,NaN,NaN,NaN,5.4779520723968744e-06,100.0,1.0000054836273193,mlp,embedding
3094,40235,NaN,NaN,NaN,NaN,5.205048182688188e-06,100.0,1.0000052452087402,mlp,embedding
3095,40248,NaN,NaN,NaN,NaN,4.962666935171001e-06,100.0,1.0000050067901611,mlp,embedding
3096,40261,NaN,NaN,NaN,NaN,4.720375272881938e-06,100.0,1.000004768371582,mlp,embedding
3097,40274,NaN,NaN,NaN,NaN,4.531958893494448e-06,100.0,1.000004529953003,mlp,embedding
3098,40287,NaN,NaN,NaN,NaN,4.291729965189006e-06,100.0,1.0000042915344238,mlp,embedding
3099,40300,NaN,NaN,NaN,NaN,4.112942406209186e-06,100.0,1.0000041723251343,mlp,embedding
3100,40313,NaN,NaN,NaN,NaN,3.952979568566661e-06,100.0,1.0000039339065552,mlp,embedding
3101,40326,NaN,NaN,NaN,NaN,3.7595809772028588e-06,100.0,1.0000038146972656,mlp,embedding
3102,40339,NaN,NaN,NaN,NaN,3.5802870570478262e-06,100.0,1.0000035762786865,mlp,embedding
3103,40352,NaN,NaN,NaN,NaN,3.4015833989542443e-06,100.0,1.000003457069397,mlp,embedding
3104,40365,NaN,NaN,NaN,NaN,3.288408379376051e-06,100.0,1.0000033378601074,mlp,embedding
3105,40378,NaN,NaN,NaN,NaN,3.1215292892738944e-06,100.0,1.0000030994415283,mlp,embedding
3106,40391,NaN,NaN,NaN,NaN,3.00696615340712e-06,100.0,1.0000029802322388,mlp,embedding
3107,40404,NaN,NaN,NaN,NaN,2.864070665964391e-06,100.0,1.0000028610229492,mlp,embedding
3108,40417,NaN,NaN,NaN,NaN,2.753985427261796e-06,100.0,1.0000027418136597,mlp,embedding
3109,40430,NaN,NaN,NaN,NaN,2.608979002616252e-06,100.0,1.0000026226043701,mlp,embedding
3110,40443,NaN,NaN,NaN,NaN,2.540017248975346e-06,100.0,1.0000025033950806,mlp,embedding
3111,40456,NaN,NaN,NaN,NaN,2.3965751552168513e-06,100.0,1.000002384185791,mlp,embedding
3112,40469,NaN,NaN,NaN,NaN,2.282688228660845e-06,100.0,1.0000022649765015,mlp,embedding
3113,40482,NaN,NaN,NaN,NaN,2.1674090930901002e-06,100.0,1.000002145767212,mlp,embedding
3114,40495,7.77647642280499e-07,100.0,1.0000008344650269,0.001,2.083417030007695e-06,100.0,1.0000020265579224,mlp,embedding
3115,40508,NaN,NaN,NaN,NaN,2.0122158730373485e-06,100.0,1.0000020265579224,mlp,embedding
3116,40521,NaN,NaN,NaN,NaN,1.8660738305698032e-06,100.0,1.0000019073486328,mlp,embedding
3117,40534,NaN,NaN,NaN,NaN,1.7839395241026068e-06,100.0,1.0000017881393433,mlp,embedding
3118,40547,NaN,NaN,NaN,NaN,1.6704352674423717e-06,100.0,1.0000016689300537,mlp,embedding
3119,40560,NaN,NaN,NaN,NaN,1.581207470735535e-06,100.0,1.0000015497207642,mlp,embedding
3120,40573,NaN,NaN,NaN,NaN,1.4795665492783883e-06,100.0,1.0000014305114746,mlp,embedding
3121,40586,NaN,NaN,NaN,NaN,1.4208673064786126e-06,100.0,1.0000014305114746,mlp,embedding
3122,40599,NaN,NaN,NaN,NaN,1.302886175835738e-06,100.0,1.000001311302185,mlp,embedding
3123,40612,NaN,NaN,NaN,NaN,1.2116764764869004e-06,100.0,1.0000011920928955,mlp,embedding
3124,40625,NaN,NaN,NaN,NaN,1.1341451227053767e-06,100.0,1.0000011920928955,mlp,embedding
3125,40638,NaN,NaN,NaN,NaN,1.0781075161503395e-06,100.0,1.000001072883606,mlp,embedding
3126,40651,NaN,NaN,NaN,NaN,1.0282316225129762e-06,100.0,1.000001072883606,mlp,embedding
3127,40664,NaN,NaN,NaN,NaN,9.37826655444951e-07,100.0,1.0000009536743164,mlp,embedding
3128,40677,NaN,NaN,NaN,NaN,9.0248045125918e-07,100.0,1.0000009536743164,mlp,embedding
3129,40690,NaN,NaN,NaN,NaN,7.928614422780811e-07,100.0,1.0000008344650269,mlp,embedding
3130,40703,NaN,NaN,NaN,NaN,7.183311367953138e-07,100.0,1.0000007152557373,mlp,embedding
3131,40716,NaN,NaN,NaN,NaN,7.382162152680394e-07,100.0,1.0000007152557373,mlp,embedding
3132,40729,NaN,NaN,NaN,NaN,6.549881277351233e-07,100.0,1.0000005960464478,mlp,embedding
3133,40742,NaN,NaN,NaN,NaN,6.669347385468427e-07,100.0,1.0000007152557373,mlp,embedding
3134,40755,NaN,NaN,NaN,NaN,5.71507314361952e-07,100.0,1.0000005960464478,mlp,embedding
3135,40768,NaN,NaN,NaN,NaN,7.942945217109809e-07,100.0,1.0000008344650269,mlp,embedding
3136,40781,NaN,NaN,NaN,NaN,6.700588528474327e-07,100.0,1.0000007152557373,mlp,embedding
3137,40794,NaN,NaN,NaN,NaN,3.1181702070171013e-05,100.0,1.0000312328338623,mlp,embedding
3138,40807,NaN,NaN,NaN,NaN,0.5486544966697693,90.47113037109375,1.7309224605560303,mlp,embedding
3139,40820,NaN,NaN,NaN,NaN,0.04613037779927254,99.00814819335938,1.047210931777954,mlp,embedding
3140,40833,NaN,NaN,NaN,NaN,0.0031864852644503117,99.9645767211914,1.003191590309143,mlp,embedding
3141,40846,NaN,NaN,NaN,NaN,0.0012882979353889823,100.0,1.0012891292572021,mlp,embedding
3142,40859,NaN,NaN,NaN,NaN,0.0007590032182633877,100.0,1.000759243965149,mlp,embedding
3143,40872,NaN,NaN,NaN,NaN,0.0005142925074324012,100.0,1.0005143880844116,mlp,embedding
3144,40885,NaN,NaN,NaN,NaN,0.00038987703737802804,100.0,1.0003899335861206,mlp,embedding
3145,40898,0.0001542568497825414,100.0,1.0001542568206787,0.001,0.00031912545091472566,100.0,1.0003191232681274,mlp,embedding
3146,40911,NaN,NaN,NaN,NaN,0.0002725158992689103,100.0,1.000272512435913,mlp,embedding
3147,40924,NaN,NaN,NaN,NaN,0.00023687700740993023,100.0,1.0002368688583374,mlp,embedding
3148,40937,NaN,NaN,NaN,NaN,0.0002087120956275612,100.0,1.0002087354660034,mlp,embedding
3149,40950,NaN,NaN,NaN,NaN,0.0001860753691289574,100.0,1.0001860857009888,mlp,embedding
3150,40963,NaN,NaN,NaN,NaN,0.0001666828611632809,100.0,1.000166654586792,mlp,embedding
3151,40976,NaN,NaN,NaN,NaN,0.00014950652257539332,100.0,1.0001494884490967,mlp,embedding
3152,40989,NaN,NaN,NaN,NaN,0.00013434815627988428,100.0,1.0001343488693237,mlp,embedding
3153,41002,NaN,NaN,NaN,NaN,0.00012166626402176917,100.0,1.0001217126846313,mlp,embedding
3154,41015,NaN,NaN,NaN,NaN,0.0001102597889257595,100.0,1.0001102685928345,mlp,embedding
3155,41028,NaN,NaN,NaN,NaN,0.00010016509622801095,100.0,1.0001001358032227,mlp,embedding
3156,41041,NaN,NaN,NaN,NaN,9.111496910918504e-05,100.0,1.0000910758972168,mlp,embedding
3157,41054,NaN,NaN,NaN,NaN,8.318670734297484e-05,100.0,1.0000832080841064,mlp,embedding
3158,41067,NaN,NaN,NaN,NaN,7.604464917676523e-05,100.0,1.0000760555267334,mlp,embedding
3159,41080,NaN,NaN,NaN,NaN,6.956024299142882e-05,100.0,1.0000696182250977,mlp,embedding
3160,41093,NaN,NaN,NaN,NaN,6.372411735355854e-05,100.0,1.0000637769699097,mlp,embedding
3161,41106,NaN,NaN,NaN,NaN,5.8338831877335906e-05,100.0,1.0000582933425903,mlp,embedding
3162,41119,NaN,NaN,NaN,NaN,5.3528619901044294e-05,100.0,1.0000535249710083,mlp,embedding
3163,41132,NaN,NaN,NaN,NaN,4.902702130493708e-05,100.0,1.0000489950180054,mlp,embedding
3164,41145,NaN,NaN,NaN,NaN,4.492438893066719e-05,100.0,1.0000449419021606,mlp,embedding
3165,41158,NaN,NaN,NaN,NaN,4.131306559429504e-05,100.0,1.0000413656234741,mlp,embedding
3166,41171,NaN,NaN,NaN,NaN,3.799435216933489e-05,100.0,1.0000380277633667,mlp,embedding
3167,41184,NaN,NaN,NaN,NaN,3.495657801977359e-05,100.0,1.0000349283218384,mlp,embedding
3168,41197,NaN,NaN,NaN,NaN,3.219820428057574e-05,100.0,1.0000321865081787,mlp,embedding
3169,41210,NaN,NaN,NaN,NaN,2.9645503673236817e-05,100.0,1.0000296831130981,mlp,embedding
3170,41223,NaN,NaN,NaN,NaN,2.7348769435775466e-05,100.0,1.0000272989273071,mlp,embedding
3171,41236,NaN,NaN,NaN,NaN,2.5196955903084017e-05,100.0,1.0000251531600952,mlp,embedding
3172,41249,NaN,NaN,NaN,NaN,2.323413355043158e-05,100.0,1.0000232458114624,mlp,embedding
3173,41262,NaN,NaN,NaN,NaN,2.1470757928909734e-05,100.0,1.0000214576721191,mlp,embedding
3174,41275,NaN,NaN,NaN,NaN,1.9872630218742415e-05,100.0,1.000019907951355,mlp,embedding
3175,41288,NaN,NaN,NaN,NaN,1.8366561562288553e-05,100.0,1.0000183582305908,mlp,embedding
3176,41301,8.450904715573415e-06,100.0,1.000008463859558,0.001,1.7034433767548762e-05,100.0,1.0000170469284058,mlp,embedding
3177,41314,NaN,NaN,NaN,NaN,1.5781779438839294e-05,100.0,1.0000157356262207,mlp,embedding
3178,41327,NaN,NaN,NaN,NaN,1.4607206139771733e-05,100.0,1.0000146627426147,mlp,embedding
3179,41340,NaN,NaN,NaN,NaN,1.357699693471659e-05,100.0,1.0000135898590088,mlp,embedding
3180,41353,NaN,NaN,NaN,NaN,1.2614693332579918e-05,100.0,1.0000126361846924,mlp,embedding
3181,41366,NaN,NaN,NaN,NaN,1.1723297575372271e-05,100.0,1.000011682510376,mlp,embedding
3182,41379,NaN,NaN,NaN,NaN,1.0934382771665696e-05,100.0,1.0000109672546387,mlp,embedding
3183,41392,NaN,NaN,NaN,NaN,1.0226348422293086e-05,100.0,1.0000102519989014,mlp,embedding
3184,41405,NaN,NaN,NaN,NaN,9.569858775648754e-06,100.0,1.000009536743164,mlp,embedding
3185,41418,NaN,NaN,NaN,NaN,8.969326700025704e-06,100.0,1.0000089406967163,mlp,embedding
3186,41431,NaN,NaN,NaN,NaN,8.392522431677207e-06,100.0,1.0000083446502686,mlp,embedding
3187,41444,NaN,NaN,NaN,NaN,7.875248229538556e-06,100.0,1.0000078678131104,mlp,embedding
3188,41457,NaN,NaN,NaN,NaN,7.388362519122893e-06,100.0,1.0000073909759521,mlp,embedding
3189,41470,NaN,NaN,NaN,NaN,6.952657258807449e-06,100.0,1.000006914138794,mlp,embedding
3190,41483,NaN,NaN,NaN,NaN,6.5585663833189756e-06,100.0,1.0000065565109253,mlp,embedding
3191,41496,NaN,NaN,NaN,NaN,6.18263402429875e-06,100.0,1.0000061988830566,mlp,embedding
3192,41509,NaN,NaN,NaN,NaN,5.799778136861278e-06,100.0,1.000005841255188,mlp,embedding
3193,41522,NaN,NaN,NaN,NaN,5.479240371641936e-06,100.0,1.0000054836273193,mlp,embedding
3194,41535,NaN,NaN,NaN,NaN,5.178546871320577e-06,100.0,1.0000051259994507,mlp,embedding
3195,41548,NaN,NaN,NaN,NaN,4.86447515868349e-06,100.0,1.0000048875808716,mlp,embedding
3196,41561,NaN,NaN,NaN,NaN,4.582021119858837e-06,100.0,1.000004529953003,mlp,embedding
3197,41574,NaN,NaN,NaN,NaN,4.337784048402682e-06,100.0,1.0000042915344238,mlp,embedding
3198,41587,NaN,NaN,NaN,NaN,4.095149961358402e-06,100.0,1.0000040531158447,mlp,embedding
3199,41600,NaN,NaN,NaN,NaN,3.868560725095449e-06,100.0,1.0000038146972656,mlp,embedding
3200,41613,NaN,NaN,NaN,NaN,3.6364431252877694e-06,100.0,1.000003695487976,mlp,embedding
3201,41626,NaN,NaN,NaN,NaN,3.4225658964714967e-06,100.0,1.000003457069397,mlp,embedding
3202,41639,NaN,NaN,NaN,NaN,3.2105028822115855e-06,100.0,1.0000032186508179,mlp,embedding
3203,41652,NaN,NaN,NaN,NaN,3.035811005247524e-06,100.0,1.0000029802322388,mlp,embedding
3204,41665,NaN,NaN,NaN,NaN,2.873106950573856e-06,100.0,1.0000028610229492,mlp,embedding
3205,41678,NaN,NaN,NaN,NaN,2.6772199817060027e-06,100.0,1.0000026226043701,mlp,embedding
3206,41691,NaN,NaN,NaN,NaN,2.515575943107251e-06,100.0,1.0000025033950806,mlp,embedding
3207,41704,9.95449681795435e-07,100.0,1.0000009536743164,0.001,2.3695545223745285e-06,100.0,1.000002384185791,mlp,embedding
3208,41717,NaN,NaN,NaN,NaN,2.22779817704577e-06,100.0,1.0000022649765015,mlp,embedding
3209,41730,NaN,NaN,NaN,NaN,2.0970198875147616e-06,100.0,1.000002145767212,mlp,embedding
3210,41743,NaN,NaN,NaN,NaN,1.9696201434271643e-06,100.0,1.0000020265579224,mlp,embedding
3211,41756,NaN,NaN,NaN,NaN,1.8478375523045543e-06,100.0,1.0000019073486328,mlp,embedding
3212,41769,NaN,NaN,NaN,NaN,1.7393959979017382e-06,100.0,1.0000017881393433,mlp,embedding
3213,41782,NaN,NaN,NaN,NaN,1.6305764347634977e-06,100.0,1.0000016689300537,mlp,embedding
3214,41795,NaN,NaN,NaN,NaN,1.564783588037244e-06,100.0,1.0000015497207642,mlp,embedding
3215,41808,NaN,NaN,NaN,NaN,1.430164729754324e-06,100.0,1.0000014305114746,mlp,embedding
3216,41821,NaN,NaN,NaN,NaN,1.3516633998733596e-06,100.0,1.000001311302185,mlp,embedding
3217,41834,NaN,NaN,NaN,NaN,1.2599451792993932e-06,100.0,1.000001311302185,mlp,embedding
3218,41847,NaN,NaN,NaN,NaN,1.1767989462896367e-06,100.0,1.0000011920928955,mlp,embedding
3219,41860,NaN,NaN,NaN,NaN,1.0893878652495914e-06,100.0,1.000001072883606,mlp,embedding
3220,41873,NaN,NaN,NaN,NaN,1.0317454552932759e-06,100.0,1.000001072883606,mlp,embedding
3221,41886,NaN,NaN,NaN,NaN,9.676006129666348e-07,100.0,1.0000009536743164,mlp,embedding
3222,41899,NaN,NaN,NaN,NaN,8.906205835046421e-07,100.0,1.0000008344650269,mlp,embedding
3223,41912,NaN,NaN,NaN,NaN,8.222124847634404e-07,100.0,1.0000008344650269,mlp,embedding
3224,41925,NaN,NaN,NaN,NaN,7.700612627559167e-07,100.0,1.0000007152557373,mlp,embedding
3225,41938,NaN,NaN,NaN,NaN,6.879300258333387e-07,100.0,1.0000007152557373,mlp,embedding
3226,41951,NaN,NaN,NaN,NaN,6.682923299194954e-07,100.0,1.0000007152557373,mlp,embedding
3227,41964,NaN,NaN,NaN,NaN,6.794785463171138e-07,100.0,1.0000007152557373,mlp,embedding
3228,41977,NaN,NaN,NaN,NaN,5.88736099871312e-07,100.0,1.0000005960464478,mlp,embedding
3229,41990,NaN,NaN,NaN,NaN,5.453695735013753e-07,100.0,1.0000005960464478,mlp,embedding
3230,42003,NaN,NaN,NaN,NaN,5.299138479131216e-07,100.0,1.0000004768371582,mlp,embedding
3231,42016,NaN,NaN,NaN,NaN,6.052839012227196e-07,100.0,1.0000005960464478,mlp,embedding
3232,42029,NaN,NaN,NaN,NaN,5.803282192573533e-07,100.0,1.0000005960464478,mlp,embedding
3233,42042,NaN,NaN,NaN,NaN,5.052536948824127e-07,100.0,1.0000004768371582,mlp,embedding
3234,42055,NaN,NaN,NaN,NaN,4.3773266611424333e-07,100.0,1.0000004768371582,mlp,embedding
3235,42068,NaN,NaN,NaN,NaN,5.257350608189881e-07,100.0,1.0000004768371582,mlp,embedding
3236,42081,NaN,NaN,NaN,NaN,1.8879504203796387,75.23910522460938,6.605815887451172,mlp,embedding
3237,42094,NaN,NaN,NaN,NaN,0.15483358502388,97.30783081054688,1.1674636602401733,mlp,embedding
3238,42107,NaN,NaN,NaN,NaN,0.006242577917873859,99.89373016357422,1.0062620639801025,mlp,embedding
3239,42120,0.0024786179419606924,99.98481750488281,1.0024816989898682,0.001,0.002450352068990469,100.0,1.002453327178955,mlp,embedding
3240,42133,NaN,NaN,NaN,NaN,0.0006534495623782277,100.0,1.000653624534607,mlp,embedding
3241,42146,NaN,NaN,NaN,NaN,0.0003472347161732614,100.0,1.0003472566604614,mlp,embedding
3242,42159,NaN,NaN,NaN,NaN,0.00025405173073522747,100.0,1.0002540349960327,mlp,embedding
3243,42172,NaN,NaN,NaN,NaN,0.00021070144430268556,100.0,1.0002107620239258,mlp,embedding
3244,42185,NaN,NaN,NaN,NaN,0.0001830110850278288,100.0,1.0001829862594604,mlp,embedding
3245,42198,NaN,NaN,NaN,NaN,0.00016199283709283918,100.0,1.0001620054244995,mlp,embedding
3246,42211,NaN,NaN,NaN,NaN,0.00014504615683108568,100.0,1.0001450777053833,mlp,embedding
3247,42224,NaN,NaN,NaN,NaN,0.0001301130250794813,100.0,1.0001301765441895,mlp,embedding
3248,42237,NaN,NaN,NaN,NaN,0.00011698364687617868,100.0,1.0001169443130493,mlp,embedding
3249,42250,NaN,NaN,NaN,NaN,0.00010542074596742168,100.0,1.000105381011963,mlp,embedding
3250,42263,NaN,NaN,NaN,NaN,9.530070383334532e-05,100.0,1.000095248222351,mlp,embedding
3251,42276,NaN,NaN,NaN,NaN,8.625085320090875e-05,100.0,1.0000863075256348,mlp,embedding
3252,42289,NaN,NaN,NaN,NaN,7.80876653152518e-05,100.0,1.0000780820846558,mlp,embedding
3253,42302,NaN,NaN,NaN,NaN,7.079201168380678e-05,100.0,1.0000708103179932,mlp,embedding
3254,42315,NaN,NaN,NaN,NaN,6.403454608516768e-05,100.0,1.0000640153884888,mlp,embedding
3255,42328,NaN,NaN,NaN,NaN,5.8075482229469344e-05,100.0,1.0000580549240112,mlp,embedding
3256,42341,NaN,NaN,NaN,NaN,5.2684023103211075e-05,100.0,1.0000526905059814,mlp,embedding
3257,42354,NaN,NaN,NaN,NaN,4.779837399837561e-05,100.0,1.0000478029251099,mlp,embedding
3258,42367,NaN,NaN,NaN,NaN,4.325347617850639e-05,100.0,1.000043272972107,mlp,embedding
3259,42380,NaN,NaN,NaN,NaN,3.927054422092624e-05,100.0,1.0000392198562622,mlp,embedding
3260,42393,NaN,NaN,NaN,NaN,3.565757651813328e-05,100.0,1.0000356435775757,mlp,embedding
3261,42406,NaN,NaN,NaN,NaN,3.2339685276383534e-05,100.0,1.0000323057174683,mlp,embedding
3262,42419,NaN,NaN,NaN,NaN,2.936282180598937e-05,100.0,1.0000293254852295,mlp,embedding
3263,42432,NaN,NaN,NaN,NaN,2.6696625354816206e-05,100.0,1.0000267028808594,mlp,embedding
3264,42445,NaN,NaN,NaN,NaN,2.420558848825749e-05,100.0,1.0000241994857788,mlp,embedding
3265,42458,NaN,NaN,NaN,NaN,2.1903582819504663e-05,100.0,1.0000219345092773,mlp,embedding
3266,42471,NaN,NaN,NaN,NaN,1.990664895856753e-05,100.0,1.000019907951355,mlp,embedding
3267,42484,NaN,NaN,NaN,NaN,1.8092476238962263e-05,100.0,1.0000181198120117,mlp,embedding
3268,42497,NaN,NaN,NaN,NaN,1.647056888032239e-05,100.0,1.000016450881958,mlp,embedding
3269,42510,NaN,NaN,NaN,NaN,1.5005499335529748e-05,100.0,1.0000150203704834,mlp,embedding
3270,42523,NaN,NaN,NaN,NaN,1.3634571587317623e-05,100.0,1.0000135898590088,mlp,embedding
3271,42536,5.572867394221248e-06,100.0,1.0000056028366089,0.001,1.2381829037622083e-05,100.0,1.0000123977661133,mlp,embedding
3272,42549,NaN,NaN,NaN,NaN,1.1279317732260097e-05,100.0,1.0000113248825073,mlp,embedding
3273,42562,NaN,NaN,NaN,NaN,1.0303979252057616e-05,100.0,1.0000102519989014,mlp,embedding
3274,42575,NaN,NaN,NaN,NaN,9.409700396645349e-06,100.0,1.0000094175338745,mlp,embedding
3275,42588,NaN,NaN,NaN,NaN,8.570616955694277e-06,100.0,1.0000085830688477,mlp,embedding
3276,42601,NaN,NaN,NaN,NaN,7.852665476093534e-06,100.0,1.0000078678131104,mlp,embedding
3277,42614,NaN,NaN,NaN,NaN,7.185367849160684e-06,100.0,1.000007152557373,mlp,embedding
3278,42627,NaN,NaN,NaN,NaN,6.626631147810258e-06,100.0,1.0000066757202148,mlp,embedding
3279,42640,NaN,NaN,NaN,NaN,6.091613613534719e-06,100.0,1.000006079673767,mlp,embedding
3280,42653,NaN,NaN,NaN,NaN,5.617122951662168e-06,100.0,1.0000056028366089,mlp,embedding
3281,42666,NaN,NaN,NaN,NaN,5.19257355335867e-06,100.0,1.0000052452087402,mlp,embedding
3282,42679,NaN,NaN,NaN,NaN,4.819868991035037e-06,100.0,1.000004768371582,mlp,embedding
3283,42692,NaN,NaN,NaN,NaN,4.4887460717291106e-06,100.0,1.000004529953003,mlp,embedding
3284,42705,NaN,NaN,NaN,NaN,4.1824514482868835e-06,100.0,1.0000041723251343,mlp,embedding
3285,42718,NaN,NaN,NaN,NaN,3.9083674892026465e-06,100.0,1.0000039339065552,mlp,embedding
3286,42731,NaN,NaN,NaN,NaN,3.6624455788114574e-06,100.0,1.000003695487976,mlp,embedding
3287,42744,NaN,NaN,NaN,NaN,3.4495865293138195e-06,100.0,1.000003457069397,mlp,embedding
3288,42757,NaN,NaN,NaN,NaN,3.2525597362109693e-06,100.0,1.0000032186508179,mlp,embedding
3289,42770,NaN,NaN,NaN,NaN,3.0795174552622484e-06,100.0,1.0000030994415283,mlp,embedding
3290,42783,NaN,NaN,NaN,NaN,2.9102739063091576e-06,100.0,1.0000028610229492,mlp,embedding
3291,42796,NaN,NaN,NaN,NaN,2.7729099656426115e-06,100.0,1.0000027418136597,mlp,embedding
3292,42809,NaN,NaN,NaN,NaN,2.6402758521726355e-06,100.0,1.0000026226043701,mlp,embedding
3293,42822,NaN,NaN,NaN,NaN,2.534539135012892e-06,100.0,1.0000025033950806,mlp,embedding
3294,42835,NaN,NaN,NaN,NaN,2.4240737275249558e-06,100.0,1.000002384185791,mlp,embedding
3295,42848,NaN,NaN,NaN,NaN,2.3376337594527286e-06,100.0,1.000002384185791,mlp,embedding
3296,42861,NaN,NaN,NaN,NaN,2.2529256966663525e-06,100.0,1.0000022649765015,mlp,embedding
3297,42874,NaN,NaN,NaN,NaN,2.1804203242936637e-06,100.0,1.000002145767212,mlp,embedding
3298,42887,NaN,NaN,NaN,NaN,2.121048055414576e-06,100.0,1.000002145767212,mlp,embedding
3299,42900,NaN,NaN,NaN,NaN,2.0454197056096746e-06,100.0,1.0000020265579224,mlp,embedding
3300,42913,NaN,NaN,NaN,NaN,1.9875660655088723e-06,100.0,1.0000020265579224,mlp,embedding
3301,42926,NaN,NaN,NaN,NaN,1.9247745512984693e-06,100.0,1.0000019073486328,mlp,embedding
3302,42939,NaN,NaN,NaN,NaN,1.8727081396718859e-06,100.0,1.0000019073486328,mlp,embedding
3303,42952,7.63384491619945e-07,100.0,1.0000007152557373,0.001,1.819667886593379e-06,100.0,1.0000017881393433,mlp,embedding
3304,42965,NaN,NaN,NaN,NaN,1.7721627045830246e-06,100.0,1.0000017881393433,mlp,embedding
3305,42978,NaN,NaN,NaN,NaN,1.73162129613047e-06,100.0,1.0000017881393433,mlp,embedding
3306,42991,NaN,NaN,NaN,NaN,1.658401743043214e-06,100.0,1.0000016689300537,mlp,embedding
3307,43004,NaN,NaN,NaN,NaN,1.6271501408482436e-06,100.0,1.0000016689300537,mlp,embedding
3308,43017,NaN,NaN,NaN,NaN,1.5359433973571868e-06,100.0,1.0000015497207642,mlp,embedding
3309,43030,NaN,NaN,NaN,NaN,1.5107699482541648e-06,100.0,1.0000015497207642,mlp,embedding
3310,43043,NaN,NaN,NaN,NaN,1.4147938145470107e-06,100.0,1.0000014305114746,mlp,embedding
3311,43056,NaN,NaN,NaN,NaN,1.3859886394129717e-06,100.0,1.0000014305114746,mlp,embedding
3312,43069,NaN,NaN,NaN,NaN,1.3050444067630451e-06,100.0,1.000001311302185,mlp,embedding
3313,43082,NaN,NaN,NaN,NaN,1.221898855874315e-06,100.0,1.0000011920928955,mlp,embedding
3314,43095,NaN,NaN,NaN,NaN,1.1512106539157685e-06,100.0,1.0000011920928955,mlp,embedding
3315,43108,NaN,NaN,NaN,NaN,1.0885446499742102e-06,100.0,1.000001072883606,mlp,embedding
3316,43121,NaN,NaN,NaN,NaN,1.0156177268072497e-06,100.0,1.000001072883606,mlp,embedding
3317,43134,NaN,NaN,NaN,NaN,1.00442309758364e-06,100.0,1.0000009536743164,mlp,embedding
3318,43147,NaN,NaN,NaN,NaN,9.046009949997824e-07,100.0,1.0000009536743164,mlp,embedding
3319,43160,NaN,NaN,NaN,NaN,8.335323968822195e-07,100.0,1.0000008344650269,mlp,embedding
3320,43173,NaN,NaN,NaN,NaN,7.872929472796386e-07,100.0,1.0000008344650269,mlp,embedding
3321,43186,NaN,NaN,NaN,NaN,6.944781603124284e-07,100.0,1.0000007152557373,mlp,embedding
3322,43199,NaN,NaN,NaN,NaN,6.754323180757638e-07,100.0,1.0000007152557373,mlp,embedding
3323,43212,NaN,NaN,NaN,NaN,6.333739293040708e-07,100.0,1.0000005960464478,mlp,embedding
3324,43225,NaN,NaN,NaN,NaN,6.589571626136603e-07,100.0,1.0000007152557373,mlp,embedding
3325,43238,NaN,NaN,NaN,NaN,5.435559842226212e-07,100.0,1.0000005960464478,mlp,embedding
3326,43251,NaN,NaN,NaN,NaN,5.274239924801805e-07,100.0,1.0000004768371582,mlp,embedding
3327,43264,NaN,NaN,NaN,NaN,5.084636427454825e-07,100.0,1.0000004768371582,mlp,embedding
3328,43277,NaN,NaN,NaN,NaN,4.4845936031379097e-07,100.0,1.0000004768371582,mlp,embedding
3329,43290,NaN,NaN,NaN,NaN,4.711772305654449e-07,100.0,1.0000004768371582,mlp,embedding
3330,43303,NaN,NaN,NaN,NaN,4.385777003790281e-07,100.0,1.0000004768371582,mlp,embedding
3331,43316,NaN,NaN,NaN,NaN,1.1509476962601184e-06,100.0,1.0000011920928955,mlp,embedding
3332,43329,NaN,NaN,NaN,NaN,0.6548200249671936,83.8115463256836,1.9247961044311523,mlp,embedding
3333,43342,NaN,NaN,NaN,NaN,0.023881155997514725,99.4332275390625,1.024168610572815,mlp,embedding
3334,43355,NaN,NaN,NaN,NaN,0.005523986183106899,99.9645767211914,1.0055392980575562,mlp,embedding
3335,43368,NaN,NaN,NaN,NaN,0.0008269879617728293,100.0,1.0008273124694824,mlp,embedding
3336,43381,0.00034319370752200484,100.0,1.0003432035446167,0.001,0.0003605461970437318,100.0,1.0003606081008911,mlp,embedding
3337,43394,NaN,NaN,NaN,NaN,0.0002495982334949076,100.0,1.0002496242523193,mlp,embedding
3338,43407,NaN,NaN,NaN,NaN,0.0002052393974736333,100.0,1.0002052783966064,mlp,embedding
3339,43420,NaN,NaN,NaN,NaN,0.00018024753080680966,100.0,1.0001802444458008,mlp,embedding
3340,43433,NaN,NaN,NaN,NaN,0.0001626864541321993,100.0,1.0001627206802368,mlp,embedding
3341,43446,NaN,NaN,NaN,NaN,0.00014865516277495772,100.0,1.0001486539840698,mlp,embedding
3342,43459,NaN,NaN,NaN,NaN,0.00013683286670129746,100.0,1.0001368522644043,mlp,embedding
3343,43472,NaN,NaN,NaN,NaN,0.00012660387437790632,100.0,1.000126600265503,mlp,embedding
3344,43485,NaN,NaN,NaN,NaN,0.00011727875971700996,100.0,1.000117301940918,mlp,embedding
3345,43498,NaN,NaN,NaN,NaN,0.0001087733035092242,100.0,1.0001088380813599,mlp,embedding
3346,43511,NaN,NaN,NaN,NaN,0.00010075900354422629,100.0,1.0001007318496704,mlp,embedding
3347,43524,NaN,NaN,NaN,NaN,9.299679368268698e-05,100.0,1.0000929832458496,mlp,embedding
3348,43537,NaN,NaN,NaN,NaN,8.609588257968426e-05,100.0,1.0000860691070557,mlp,embedding
3349,43550,NaN,NaN,NaN,NaN,7.960389484651387e-05,100.0,1.00007963180542,mlp,embedding
3350,43563,NaN,NaN,NaN,NaN,7.373250264208764e-05,100.0,1.000073790550232,mlp,embedding
3351,43576,NaN,NaN,NaN,NaN,6.786499579902738e-05,100.0,1.0000678300857544,mlp,embedding
3352,43589,NaN,NaN,NaN,NaN,6.249799480428919e-05,100.0,1.0000624656677246,mlp,embedding
3353,43602,NaN,NaN,NaN,NaN,5.733550278819166e-05,100.0,1.000057339668274,mlp,embedding
3354,43615,NaN,NaN,NaN,NaN,5.256028089206666e-05,100.0,1.000052571296692,mlp,embedding
3355,43628,NaN,NaN,NaN,NaN,4.8144305765163153e-05,100.0,1.0000481605529785,mlp,embedding
3356,43641,NaN,NaN,NaN,NaN,4.4191245251568034e-05,100.0,1.0000442266464233,mlp,embedding
3357,43654,NaN,NaN,NaN,NaN,4.025144880870357e-05,100.0,1.0000402927398682,mlp,embedding
3358,43667,NaN,NaN,NaN,NaN,3.681095040519722e-05,100.0,1.0000368356704712,mlp,embedding
3359,43680,NaN,NaN,NaN,NaN,3.3579402952454984e-05,100.0,1.0000336170196533,mlp,embedding
3360,43693,NaN,NaN,NaN,NaN,3.0586423235945404e-05,100.0,1.0000306367874146,mlp,embedding
3361,43706,NaN,NaN,NaN,NaN,2.7856947781401686e-05,100.0,1.0000278949737549,mlp,embedding
3362,43719,NaN,NaN,NaN,NaN,2.534557097533252e-05,100.0,1.0000253915786743,mlp,embedding
3363,43732,NaN,NaN,NaN,NaN,2.311080061190296e-05,100.0,1.0000231266021729,mlp,embedding
3364,43745,NaN,NaN,NaN,NaN,2.0992876670788974e-05,100.0,1.000020980834961,mlp,embedding
3365,43758,NaN,NaN,NaN,NaN,1.9165683625033125e-05,100.0,1.0000191926956177,mlp,embedding
3366,43771,NaN,NaN,NaN,NaN,1.7507842130726203e-05,100.0,1.000017523765564,mlp,embedding
3367,43784,NaN,NaN,NaN,NaN,1.5950219676597044e-05,100.0,1.0000159740447998,mlp,embedding
3368,43797,NaN,NaN,NaN,NaN,1.4577920410374645e-05,100.0,1.0000145435333252,mlp,embedding
3369,43810,7.257842298713513e-06,100.0,1.0000072717666626,0.001,1.3347781532502268e-05,100.0,1.0000133514404297,mlp,embedding
3370,43823,NaN,NaN,NaN,NaN,1.2187150787212886e-05,100.0,1.0000121593475342,mlp,embedding
3371,43836,NaN,NaN,NaN,NaN,1.1189429642399773e-05,100.0,1.0000112056732178,mlp,embedding
3372,43849,NaN,NaN,NaN,NaN,1.0297196240571793e-05,100.0,1.0000102519989014,mlp,embedding
3373,43862,NaN,NaN,NaN,NaN,9.473959835304413e-06,100.0,1.0000094175338745,mlp,embedding
3374,43875,NaN,NaN,NaN,NaN,8.755742783250753e-06,100.0,1.0000087022781372,mlp,embedding
3375,43888,NaN,NaN,NaN,NaN,8.109171176329255e-06,100.0,1.0000081062316895,mlp,embedding
3376,43901,NaN,NaN,NaN,NaN,7.543868377979379e-06,100.0,1.0000075101852417,mlp,embedding
3377,43914,NaN,NaN,NaN,NaN,7.016924882918829e-06,100.0,1.0000070333480835,mlp,embedding
3378,43927,NaN,NaN,NaN,NaN,6.5404624365328345e-06,100.0,1.0000065565109253,mlp,embedding
3379,43940,NaN,NaN,NaN,NaN,6.1117816585465334e-06,100.0,1.000006079673767,mlp,embedding
3380,43953,NaN,NaN,NaN,NaN,5.7151787586917635e-06,100.0,1.0000057220458984,mlp,embedding
3381,43966,NaN,NaN,NaN,NaN,5.365098786569433e-06,100.0,1.0000053644180298,mlp,embedding
3382,43979,NaN,NaN,NaN,NaN,5.046304067946039e-06,100.0,1.0000050067901611,mlp,embedding
3383,43992,NaN,NaN,NaN,NaN,4.765166977449553e-06,100.0,1.000004768371582,mlp,embedding
3384,44005,NaN,NaN,NaN,NaN,4.4891389734402765e-06,100.0,1.000004529953003,mlp,embedding
3385,44018,NaN,NaN,NaN,NaN,4.2399201447551604e-06,100.0,1.0000042915344238,mlp,embedding
3386,44031,NaN,NaN,NaN,NaN,4.01396846427815e-06,100.0,1.0000040531158447,mlp,embedding
3387,44044,NaN,NaN,NaN,NaN,3.8069313177402364e-06,100.0,1.0000038146972656,mlp,embedding
3388,44057,NaN,NaN,NaN,NaN,3.6109979646425927e-06,100.0,1.0000035762786865,mlp,embedding
3389,44070,NaN,NaN,NaN,NaN,3.444498361204751e-06,100.0,1.000003457069397,mlp,embedding
3390,44083,NaN,NaN,NaN,NaN,3.26064218825195e-06,100.0,1.0000032186508179,mlp,embedding
3391,44096,NaN,NaN,NaN,NaN,3.105372570644249e-06,100.0,1.0000030994415283,mlp,embedding
3392,44109,NaN,NaN,NaN,NaN,2.9537770842580358e-06,100.0,1.0000029802322388,mlp,embedding
3393,44122,NaN,NaN,NaN,NaN,2.808726776493131e-06,100.0,1.0000028610229492,mlp,embedding
3394,44135,NaN,NaN,NaN,NaN,2.673093149496708e-06,100.0,1.0000026226043701,mlp,embedding
3395,44148,NaN,NaN,NaN,NaN,2.5554893454682315e-06,100.0,1.0000025033950806,mlp,embedding
3396,44161,NaN,NaN,NaN,NaN,2.4326498078153236e-06,100.0,1.000002384185791,mlp,embedding
3397,44174,NaN,NaN,NaN,NaN,2.321422925888328e-06,100.0,1.0000022649765015,mlp,embedding
3398,44187,NaN,NaN,NaN,NaN,2.201243205490755e-06,100.0,1.000002145767212,mlp,embedding
3399,44200,NaN,NaN,NaN,NaN,2.0920433598803356e-06,100.0,1.000002145767212,mlp,embedding
3400,44213,NaN,NaN,NaN,NaN,1.9962706119258655e-06,100.0,1.0000020265579224,mlp,embedding
3401,44226,NaN,NaN,NaN,NaN,1.8816656393028097e-06,100.0,1.0000019073486328,mlp,embedding
3402,44239,7.961643859744072e-07,100.0,1.0000008344650269,0.001,1.7891449033413664e-06,100.0,1.0000017881393433,mlp,embedding
3403,44252,NaN,NaN,NaN,NaN,1.6952305941231316e-06,100.0,1.0000016689300537,mlp,embedding
3404,44265,NaN,NaN,NaN,NaN,1.6007254544092575e-06,100.0,1.0000015497207642,mlp,embedding
3405,44278,NaN,NaN,NaN,NaN,1.5066425476106815e-06,100.0,1.0000015497207642,mlp,embedding
3406,44291,NaN,NaN,NaN,NaN,1.418555712007219e-06,100.0,1.0000014305114746,mlp,embedding
3407,44304,NaN,NaN,NaN,NaN,1.3266259202282527e-06,100.0,1.000001311302185,mlp,embedding
3408,44317,NaN,NaN,NaN,NaN,1.2433956726454198e-06,100.0,1.0000011920928955,mlp,embedding
3409,44330,NaN,NaN,NaN,NaN,1.1739731462512282e-06,100.0,1.0000011920928955,mlp,embedding
3410,44343,NaN,NaN,NaN,NaN,1.0867307764783618e-06,100.0,1.000001072883606,mlp,embedding
3411,44356,NaN,NaN,NaN,NaN,1.0161259069718653e-06,100.0,1.000001072883606,mlp,embedding
3412,44369,NaN,NaN,NaN,NaN,9.389339652443596e-07,100.0,1.0000009536743164,mlp,embedding
3413,44382,NaN,NaN,NaN,NaN,8.703562457412772e-07,100.0,1.0000008344650269,mlp,embedding
3414,44395,NaN,NaN,NaN,NaN,8.090831329354842e-07,100.0,1.0000008344650269,mlp,embedding
3415,44408,NaN,NaN,NaN,NaN,7.348894541792106e-07,100.0,1.0000007152557373,mlp,embedding
3416,44421,NaN,NaN,NaN,NaN,6.843009714430082e-07,100.0,1.0000007152557373,mlp,embedding
3417,44434,NaN,NaN,NaN,NaN,6.479000376202748e-07,100.0,1.0000005960464478,mlp,embedding
3418,44447,NaN,NaN,NaN,NaN,5.867972276973887e-07,100.0,1.0000005960464478,mlp,embedding
3419,44460,NaN,NaN,NaN,NaN,5.457094971461629e-07,100.0,1.0000005960464478,mlp,embedding
3420,44473,NaN,NaN,NaN,NaN,5.202456918595999e-07,100.0,1.0000004768371582,mlp,embedding
3421,44486,NaN,NaN,NaN,NaN,4.98244901336875e-07,100.0,1.0000004768371582,mlp,embedding
3422,44499,NaN,NaN,NaN,NaN,4.743858426081715e-07,100.0,1.0000004768371582,mlp,embedding
3423,44512,NaN,NaN,NaN,NaN,4.453337112408917e-07,100.0,1.0000004768371582,mlp,embedding
3424,44525,NaN,NaN,NaN,NaN,4.5639728796231793e-07,100.0,1.0000004768371582,mlp,embedding
3425,44538,NaN,NaN,NaN,NaN,4.163657649769448e-07,100.0,1.0000003576278687,mlp,embedding
3426,44551,NaN,NaN,NaN,NaN,4.157735986609623e-07,100.0,1.0000003576278687,mlp,embedding
3427,44564,NaN,NaN,NaN,NaN,4.1366322989233595e-07,100.0,1.0000003576278687,mlp,embedding
3428,44577,NaN,NaN,NaN,NaN,6.437135766645952e-07,100.0,1.0000005960464478,mlp,embedding
3429,44590,NaN,NaN,NaN,NaN,0.9522745013237,88.66454315185547,2.591597557067871,mlp,embedding
3430,44603,NaN,NaN,NaN,NaN,0.014155169017612934,99.71661376953125,1.0142558813095093,mlp,embedding
3431,44616,NaN,NaN,NaN,NaN,0.00751307001337409,99.89373016357422,1.0075414180755615,mlp,embedding
3432,44629,NaN,NaN,NaN,NaN,0.00260008592158556,100.0,1.0026034116744995,mlp,embedding
3433,44642,NaN,NaN,NaN,NaN,0.000915315467864275,100.0,1.000915765762329,mlp,embedding
3434,44655,NaN,NaN,NaN,NaN,0.0005479279789142311,100.0,1.0005481243133545,mlp,embedding
3435,44668,NaN,NaN,NaN,NaN,0.00042381667299196124,100.0,1.0004239082336426,mlp,embedding
3436,44681,0.00021773578191641718,100.0,1.0002177953720093,0.001,0.0003562355414032936,100.0,1.0003563165664673,mlp,embedding
3437,44694,NaN,NaN,NaN,NaN,0.0003127149539068341,100.0,1.0003128051757812,mlp,embedding
3438,44707,NaN,NaN,NaN,NaN,0.00027840028633363545,100.0,1.0002784729003906,mlp,embedding
3439,44720,NaN,NaN,NaN,NaN,0.000250196986598894,100.0,1.000250220298767,mlp,embedding
3440,44733,NaN,NaN,NaN,NaN,0.00022538533085025847,100.0,1.0002254247665405,mlp,embedding
3441,44746,NaN,NaN,NaN,NaN,0.00020249183580745012,100.0,1.0002025365829468,mlp,embedding
3442,44759,NaN,NaN,NaN,NaN,0.00018258516502100974,100.0,1.0001826286315918,mlp,embedding
3443,44772,NaN,NaN,NaN,NaN,0.0001646878954488784,100.0,1.0001647472381592,mlp,embedding
3444,44785,NaN,NaN,NaN,NaN,0.0001486130931880325,100.0,1.0001486539840698,mlp,embedding
3445,44798,NaN,NaN,NaN,NaN,0.00013407143705990165,100.0,1.0001341104507446,mlp,embedding
3446,44811,NaN,NaN,NaN,NaN,0.00012061573943356052,100.0,1.0001206398010254,mlp,embedding
3447,44824,NaN,NaN,NaN,NaN,0.00010887045209528878,100.0,1.0001088380813599,mlp,embedding
3448,44837,NaN,NaN,NaN,NaN,9.81549164862372e-05,100.0,1.0000981092453003,mlp,embedding
3449,44850,NaN,NaN,NaN,NaN,8.877144864527509e-05,100.0,1.0000888109207153,mlp,embedding
3450,44863,NaN,NaN,NaN,NaN,7.991532038431615e-05,100.0,1.000079870223999,mlp,embedding
3451,44876,NaN,NaN,NaN,NaN,7.212224591057748e-05,100.0,1.0000721216201782,mlp,embedding
3452,44889,NaN,NaN,NaN,NaN,6.496820424217731e-05,100.0,1.0000649690628052,mlp,embedding
3453,44902,NaN,NaN,NaN,NaN,5.86997703067027e-05,100.0,1.000058650970459,mlp,embedding
3454,44915,NaN,NaN,NaN,NaN,5.297601819620468e-05,100.0,1.0000529289245605,mlp,embedding
3455,44928,NaN,NaN,NaN,NaN,4.781706229550764e-05,100.0,1.0000478029251099,mlp,embedding
3456,44941,NaN,NaN,NaN,NaN,4.30998916272074e-05,100.0,1.0000431537628174,mlp,embedding
3457,44954,NaN,NaN,NaN,NaN,3.8978952943580225e-05,100.0,1.000038981437683,mlp,embedding
3458,44967,NaN,NaN,NaN,NaN,3.518851372064091e-05,100.0,1.0000351667404175,mlp,embedding
3459,44980,NaN,NaN,NaN,NaN,3.1781120924279094e-05,100.0,1.00003182888031,mlp,embedding
3460,44993,NaN,NaN,NaN,NaN,2.8772685254807584e-05,100.0,1.0000287294387817,mlp,embedding
3461,45006,NaN,NaN,NaN,NaN,2.599012259452138e-05,100.0,1.000025987625122,mlp,embedding
3462,45019,NaN,NaN,NaN,NaN,2.3552653146907687e-05,100.0,1.000023603439331,mlp,embedding
3463,45032,NaN,NaN,NaN,NaN,2.1326317437342368e-05,100.0,1.0000213384628296,mlp,embedding
3464,45045,NaN,NaN,NaN,NaN,1.9358820281922817e-05,100.0,1.0000193119049072,mlp,embedding
3465,45058,NaN,NaN,NaN,NaN,1.7571383068570867e-05,100.0,1.000017523765564,mlp,embedding
3466,45071,NaN,NaN,NaN,NaN,1.5980998796294443e-05,100.0,1.0000159740447998,mlp,embedding
3467,45084,NaN,NaN,NaN,NaN,1.4543361430696677e-05,100.0,1.0000145435333252,mlp,embedding
3468,45097,NaN,NaN,NaN,NaN,1.3276214303914458e-05,100.0,1.0000132322311401,mlp,embedding
3469,45110,NaN,NaN,NaN,NaN,1.2099300874979235e-05,100.0,1.0000120401382446,mlp,embedding
3470,45123,6.123555976955686e-06,100.0,1.000006079673767,0.001,1.1066887054766994e-05,100.0,1.0000110864639282,mlp,embedding
3471,45136,NaN,NaN,NaN,NaN,1.0164749255636707e-05,100.0,1.0000101327896118,mlp,embedding
3472,45149,NaN,NaN,NaN,NaN,9.326015970145818e-06,100.0,1.000009298324585,mlp,embedding
3473,45162,NaN,NaN,NaN,NaN,8.573882041673642e-06,100.0,1.0000085830688477,mlp,embedding
3474,45175,NaN,NaN,NaN,NaN,7.914333764347248e-06,100.0,1.0000078678131104,mlp,embedding
3475,45188,NaN,NaN,NaN,NaN,7.317318704735953e-06,100.0,1.0000072717666626,mlp,embedding
3476,45201,NaN,NaN,NaN,NaN,6.791105079173576e-06,100.0,1.0000067949295044,mlp,embedding
3477,45214,NaN,NaN,NaN,NaN,6.3229499573935755e-06,100.0,1.0000063180923462,mlp,embedding
3478,45227,NaN,NaN,NaN,NaN,5.890305601496948e-06,100.0,1.000005841255188,mlp,embedding
3479,45240,NaN,NaN,NaN,NaN,5.509254606295144e-06,100.0,1.0000054836273193,mlp,embedding
3480,45253,NaN,NaN,NaN,NaN,5.151557616045466e-06,100.0,1.0000051259994507,mlp,embedding
3481,45266,NaN,NaN,NaN,NaN,4.847316631639842e-06,100.0,1.0000048875808716,mlp,embedding
3482,45279,NaN,NaN,NaN,NaN,4.540288955467986e-06,100.0,1.000004529953003,mlp,embedding
3483,45292,NaN,NaN,NaN,NaN,4.267295480531175e-06,100.0,1.0000042915344238,mlp,embedding
3484,45305,NaN,NaN,NaN,NaN,4.0195513975049835e-06,100.0,1.0000040531158447,mlp,embedding
3485,45318,NaN,NaN,NaN,NaN,3.7867134778934997e-06,100.0,1.0000038146972656,mlp,embedding
3486,45331,NaN,NaN,NaN,NaN,3.5734249195229495e-06,100.0,1.0000035762786865,mlp,embedding
3487,45344,NaN,NaN,NaN,NaN,3.3773646919144085e-06,100.0,1.0000033378601074,mlp,embedding
3488,45357,NaN,NaN,NaN,NaN,3.2103976081998553e-06,100.0,1.0000032186508179,mlp,embedding
3489,45370,NaN,NaN,NaN,NaN,3.0317755772557575e-06,100.0,1.0000029802322388,mlp,embedding
3490,45383,NaN,NaN,NaN,NaN,2.889426696128794e-06,100.0,1.0000028610229492,mlp,embedding
3491,45396,NaN,NaN,NaN,NaN,2.744121729847393e-06,100.0,1.0000027418136597,mlp,embedding
3492,45409,NaN,NaN,NaN,NaN,2.605193230920122e-06,100.0,1.0000026226043701,mlp,embedding
3493,45422,NaN,NaN,NaN,NaN,2.4916434995247982e-06,100.0,1.0000025033950806,mlp,embedding
3494,45435,NaN,NaN,NaN,NaN,2.3800776034477167e-06,100.0,1.000002384185791,mlp,embedding
3495,45448,NaN,NaN,NaN,NaN,2.251874320791103e-06,100.0,1.0000022649765015,mlp,embedding
3496,45461,NaN,NaN,NaN,NaN,2.154538151444285e-06,100.0,1.000002145767212,mlp,embedding
3497,45474,NaN,NaN,NaN,NaN,2.0605812096619047e-06,100.0,1.0000020265579224,mlp,embedding
3498,45487,NaN,NaN,NaN,NaN,1.958516349986894e-06,100.0,1.0000019073486328,mlp,embedding
3499,45500,NaN,NaN,NaN,NaN,1.8565376649348764e-06,100.0,1.0000019073486328,mlp,embedding
3500,45513,NaN,NaN,NaN,NaN,1.7786685475584818e-06,100.0,1.0000017881393433,mlp,embedding
3501,45526,NaN,NaN,NaN,NaN,1.6856843103596475e-06,100.0,1.0000016689300537,mlp,embedding
3502,45539,NaN,NaN,NaN,NaN,1.6041005892475368e-06,100.0,1.0000015497207642,mlp,embedding
3503,45552,NaN,NaN,NaN,NaN,1.5177872683125315e-06,100.0,1.0000015497207642,mlp,embedding
3504,45565,6.328625659079989e-07,100.0,1.0000005960464478,0.001,1.4399615793081466e-06,100.0,1.0000014305114746,mlp,embedding
3505,45578,NaN,NaN,NaN,NaN,1.361588147119619e-06,100.0,1.000001311302185,mlp,embedding
3506,45591,NaN,NaN,NaN,NaN,1.2719389133053483e-06,100.0,1.000001311302185,mlp,embedding
3507,45604,NaN,NaN,NaN,NaN,1.2063595704603358e-06,100.0,1.0000011920928955,mlp,embedding
3508,45617,NaN,NaN,NaN,NaN,1.1270560662524076e-06,100.0,1.000001072883606,mlp,embedding
3509,45630,NaN,NaN,NaN,NaN,1.0509629646549001e-06,100.0,1.000001072883606,mlp,embedding
3510,45643,NaN,NaN,NaN,NaN,9.778246976566152e-07,100.0,1.0000009536743164,mlp,embedding
3511,45656,NaN,NaN,NaN,NaN,9.233500577465747e-07,100.0,1.0000009536743164,mlp,embedding
3512,45669,NaN,NaN,NaN,NaN,8.493674954479502e-07,100.0,1.0000008344650269,mlp,embedding
3513,45682,NaN,NaN,NaN,NaN,7.880538532845094e-07,100.0,1.0000008344650269,mlp,embedding
3514,45695,NaN,NaN,NaN,NaN,7.304977884814434e-07,100.0,1.0000007152557373,mlp,embedding
3515,45708,NaN,NaN,NaN,NaN,6.714632831972267e-07,100.0,1.0000007152557373,mlp,embedding
3516,45721,NaN,NaN,NaN,NaN,6.35442688690091e-07,100.0,1.0000005960464478,mlp,embedding
3517,45734,NaN,NaN,NaN,NaN,5.850230877513241e-07,100.0,1.0000005960464478,mlp,embedding
3518,45747,NaN,NaN,NaN,NaN,5.389100579122896e-07,100.0,1.0000005960464478,mlp,embedding
3519,45760,NaN,NaN,NaN,NaN,4.994701612304198e-07,100.0,1.0000004768371582,mlp,embedding
3520,45773,NaN,NaN,NaN,NaN,4.856611894865637e-07,100.0,1.0000004768371582,mlp,embedding
3521,45786,NaN,NaN,NaN,NaN,4.5487675492950075e-07,100.0,1.0000004768371582,mlp,embedding
3522,45799,NaN,NaN,NaN,NaN,4.456288991150359e-07,100.0,1.0000004768371582,mlp,embedding
3523,45812,NaN,NaN,NaN,NaN,4.6560191435673914e-07,100.0,1.0000004768371582,mlp,embedding
3524,45825,NaN,NaN,NaN,NaN,4.294537347959704e-07,100.0,1.0000004768371582,mlp,embedding
3525,45838,NaN,NaN,NaN,NaN,4.180971586720261e-07,100.0,1.0000004768371582,mlp,embedding
3526,45851,NaN,NaN,NaN,NaN,4.6539196318917675e-07,100.0,1.0000004768371582,mlp,embedding
3527,45864,NaN,NaN,NaN,NaN,3.989683818872436e-07,100.0,1.0000003576278687,mlp,embedding
3528,45877,NaN,NaN,NaN,NaN,0.518009603023529,88.34573364257812,1.6786830425262451,mlp,embedding
3529,45890,NaN,NaN,NaN,NaN,0.02236701361835003,99.29153442382812,1.0226190090179443,mlp,embedding
3530,45903,NaN,NaN,NaN,NaN,0.004522034898400307,100.0,1.0045322179794312,mlp,embedding
3531,45916,NaN,NaN,NaN,NaN,0.0016530010616406798,100.0,1.0016543865203857,mlp,embedding
3532,45929,NaN,NaN,NaN,NaN,0.0007143653347156942,100.0,1.000714659690857,mlp,embedding
3533,45942,NaN,NaN,NaN,NaN,0.0004515360633376986,100.0,1.000451683998108,mlp,embedding
3534,45955,NaN,NaN,NaN,NaN,0.00034270453033968806,100.0,1.0003427267074585,mlp,embedding
3535,45968,NaN,NaN,NaN,NaN,0.000281135638942942,100.0,1.0002812147140503,mlp,embedding
3536,45981,NaN,NaN,NaN,NaN,0.00024098865105770528,100.0,1.0002410411834717,mlp,embedding
3537,45994,NaN,NaN,NaN,NaN,0.00021153823763597757,100.0,1.0002115964889526,mlp,embedding
3538,46007,NaN,NaN,NaN,NaN,0.00018691721197683364,100.0,1.0001869201660156,mlp,embedding
3539,46020,0.00010952555749099702,100.0,1.0001095533370972,0.001,0.00016657299420330673,100.0,1.0001665353775024,mlp,embedding
3540,46033,NaN,NaN,NaN,NaN,0.00014958310930524021,100.0,1.0001496076583862,mlp,embedding
3541,46046,NaN,NaN,NaN,NaN,0.0001340057933703065,100.0,1.000133991241455,mlp,embedding
3542,46059,NaN,NaN,NaN,NaN,0.00012015191168757156,100.0,1.0001201629638672,mlp,embedding
3543,46072,NaN,NaN,NaN,NaN,0.00010869900143006817,100.0,1.0001087188720703,mlp,embedding
3544,46085,NaN,NaN,NaN,NaN,9.765781578607857e-05,100.0,1.000097632408142,mlp,embedding
3545,46098,NaN,NaN,NaN,NaN,8.81234955159016e-05,100.0,1.000088095664978,mlp,embedding
3546,46111,NaN,NaN,NaN,NaN,7.97328757471405e-05,100.0,1.0000797510147095,mlp,embedding
3547,46124,NaN,NaN,NaN,NaN,7.202752021839842e-05,100.0,1.0000720024108887,mlp,embedding
3548,46137,NaN,NaN,NaN,NaN,6.51926311547868e-05,100.0,1.0000652074813843,mlp,embedding
3549,46150,NaN,NaN,NaN,NaN,5.892005719942972e-05,100.0,1.000058889389038,mlp,embedding
3550,46163,NaN,NaN,NaN,NaN,5.324276571627706e-05,100.0,1.0000532865524292,mlp,embedding
3551,46176,NaN,NaN,NaN,NaN,4.817848457605578e-05,100.0,1.0000481605529785,mlp,embedding
3552,46189,NaN,NaN,NaN,NaN,4.3586886022239923e-05,100.0,1.0000436305999756,mlp,embedding
3553,46202,NaN,NaN,NaN,NaN,3.9563685277244076e-05,100.0,1.0000395774841309,mlp,embedding
3554,46215,NaN,NaN,NaN,NaN,3.5748700611293316e-05,100.0,1.0000357627868652,mlp,embedding
3555,46228,NaN,NaN,NaN,NaN,3.229374851798639e-05,100.0,1.0000323057174683,mlp,embedding
3556,46241,NaN,NaN,NaN,NaN,2.923250758612994e-05,100.0,1.00002920627594,mlp,embedding
3557,46254,NaN,NaN,NaN,NaN,2.6572855858830735e-05,100.0,1.0000265836715698,mlp,embedding
3558,46267,NaN,NaN,NaN,NaN,2.4071510779322125e-05,100.0,1.0000240802764893,mlp,embedding
3559,46280,NaN,NaN,NaN,NaN,2.1796435248688795e-05,100.0,1.0000218152999878,mlp,embedding
3560,46293,NaN,NaN,NaN,NaN,1.9755898392759264e-05,100.0,1.0000197887420654,mlp,embedding
3561,46306,NaN,NaN,NaN,NaN,1.7985621525440365e-05,100.0,1.0000180006027222,mlp,embedding
3562,46319,NaN,NaN,NaN,NaN,1.6351810700143687e-05,100.0,1.0000163316726685,mlp,embedding
3563,46332,NaN,NaN,NaN,NaN,1.488720499764895e-05,100.0,1.0000149011611938,mlp,embedding
3564,46345,NaN,NaN,NaN,NaN,1.3551830306823831e-05,100.0,1.0000135898590088,mlp,embedding
3565,46358,NaN,NaN,NaN,NaN,1.2374983271001838e-05,100.0,1.0000123977661133,mlp,embedding
3566,46371,NaN,NaN,NaN,NaN,1.1310766240058001e-05,100.0,1.0000113248825073,mlp,embedding
3567,46384,NaN,NaN,NaN,NaN,1.0357238352298737e-05,100.0,1.000010371208191,mlp,embedding
3568,46397,NaN,NaN,NaN,NaN,9.48169417824829e-06,100.0,1.000009536743164,mlp,embedding
3569,46410,NaN,NaN,NaN,NaN,8.726264240976889e-06,100.0,1.0000087022781372,mlp,embedding
3570,46423,NaN,NaN,NaN,NaN,8.03205603006063e-06,100.0,1.0000079870224,mlp,embedding
3571,46436,NaN,NaN,NaN,NaN,7.4221170507371426e-06,100.0,1.0000073909759521,mlp,embedding
3572,46449,NaN,NaN,NaN,NaN,6.856172603875166e-06,100.0,1.000006914138794,mlp,embedding
3573,46462,NaN,NaN,NaN,NaN,6.346598183881724e-06,100.0,1.0000063180923462,mlp,embedding
3574,46475,3.481830844975775e-06,100.0,1.000003457069397,0.001,5.890011834708275e-06,100.0,1.000005841255188,mlp,embedding
3575,46488,NaN,NaN,NaN,NaN,5.480293111759238e-06,100.0,1.0000054836273193,mlp,embedding
3576,46501,NaN,NaN,NaN,NaN,5.11533244207385e-06,100.0,1.0000051259994507,mlp,embedding
3577,46514,NaN,NaN,NaN,NaN,4.780813469551504e-06,100.0,1.000004768371582,mlp,embedding
3578,46527,NaN,NaN,NaN,NaN,4.47057573182974e-06,100.0,1.000004529953003,mlp,embedding
3579,46540,NaN,NaN,NaN,NaN,4.192006144876359e-06,100.0,1.0000041723251343,mlp,embedding
3580,46553,NaN,NaN,NaN,NaN,3.934379037673352e-06,100.0,1.0000039339065552,mlp,embedding
3581,46566,NaN,NaN,NaN,NaN,3.705930112118949e-06,100.0,1.000003695487976,mlp,embedding
3582,46579,NaN,NaN,NaN,NaN,3.4930633319163462e-06,100.0,1.000003457069397,mlp,embedding
3583,46592,NaN,NaN,NaN,NaN,3.2960742828436196e-06,100.0,1.0000033378601074,mlp,embedding
3584,46605,NaN,NaN,NaN,NaN,3.1118368042371003e-06,100.0,1.0000030994415283,mlp,embedding
3585,46618,NaN,NaN,NaN,NaN,2.942800847449689e-06,100.0,1.0000029802322388,mlp,embedding
3586,46631,NaN,NaN,NaN,NaN,2.7857568056788296e-06,100.0,1.0000027418136597,mlp,embedding
3587,46644,NaN,NaN,NaN,NaN,2.6437883207108825e-06,100.0,1.0000026226043701,mlp,embedding
3588,46657,NaN,NaN,NaN,NaN,2.5108145109697944e-06,100.0,1.0000025033950806,mlp,embedding
3589,46670,NaN,NaN,NaN,NaN,2.383541414019419e-06,100.0,1.000002384185791,mlp,embedding
3590,46683,NaN,NaN,NaN,NaN,2.27712735068053e-06,100.0,1.0000022649765015,mlp,embedding
3591,46696,NaN,NaN,NaN,NaN,2.1699536318919854e-06,100.0,1.000002145767212,mlp,embedding
3592,46709,NaN,NaN,NaN,NaN,2.067256446025567e-06,100.0,1.0000020265579224,mlp,embedding
3593,46722,NaN,NaN,NaN,NaN,1.977902229555184e-06,100.0,1.0000020265579224,mlp,embedding
3594,46735,NaN,NaN,NaN,NaN,1.8866063555833534e-06,100.0,1.0000019073486328,mlp,embedding
3595,46748,NaN,NaN,NaN,NaN,1.8025316421699245e-06,100.0,1.0000017881393433,mlp,embedding
3596,46761,NaN,NaN,NaN,NaN,1.729730115584971e-06,100.0,1.0000017881393433,mlp,embedding
3597,46774,NaN,NaN,NaN,NaN,1.6547755876672454e-06,100.0,1.0000016689300537,mlp,embedding
3598,46787,NaN,NaN,NaN,NaN,1.5700679796282202e-06,100.0,1.0000015497207642,mlp,embedding
3599,46800,NaN,NaN,NaN,NaN,1.503389967183466e-06,100.0,1.0000015497207642,mlp,embedding
3600,46813,NaN,NaN,NaN,NaN,1.4368391703101224e-06,100.0,1.0000014305114746,mlp,embedding
3601,46826,NaN,NaN,NaN,NaN,1.3675437458005035e-06,100.0,1.000001311302185,mlp,embedding
3602,46839,NaN,NaN,NaN,NaN,1.30234468542767e-06,100.0,1.000001311302185,mlp,embedding
3603,46852,NaN,NaN,NaN,NaN,1.2416209074217477e-06,100.0,1.0000011920928955,mlp,embedding
3604,46865,NaN,NaN,NaN,NaN,1.1761259202103247e-06,100.0,1.0000011920928955,mlp,embedding
3605,46878,NaN,NaN,NaN,NaN,1.1060286624342552e-06,100.0,1.000001072883606,mlp,embedding
3606,46891,NaN,NaN,NaN,NaN,1.0521038120714366e-06,100.0,1.000001072883606,mlp,embedding
3607,46904,NaN,NaN,NaN,NaN,9.983472182284459e-07,100.0,1.0000009536743164,mlp,embedding
3608,46917,NaN,NaN,NaN,NaN,9.3331692596621e-07,100.0,1.0000009536743164,mlp,embedding
3609,46930,3.8001803659426514e-07,100.0,1.0000003576278687,0.001,8.817574439490272e-07,100.0,1.0000008344650269,mlp,embedding
3610,46943,NaN,NaN,NaN,NaN,8.197244483199029e-07,100.0,1.0000008344650269,mlp,embedding
3611,46956,NaN,NaN,NaN,NaN,7.668975285923807e-07,100.0,1.0000007152557373,mlp,embedding
3612,46969,NaN,NaN,NaN,NaN,7.345501558120304e-07,100.0,1.0000007152557373,mlp,embedding
3613,46982,NaN,NaN,NaN,NaN,6.818931410634832e-07,100.0,1.0000007152557373,mlp,embedding
3614,46995,NaN,NaN,NaN,NaN,6.235346177163592e-07,100.0,1.0000005960464478,mlp,embedding
3615,47008,NaN,NaN,NaN,NaN,5.932990347901068e-07,100.0,1.0000005960464478,mlp,embedding
3616,47021,NaN,NaN,NaN,NaN,5.538590812648181e-07,100.0,1.0000005960464478,mlp,embedding
3617,47034,NaN,NaN,NaN,NaN,5.492123591466225e-07,100.0,1.0000005960464478,mlp,embedding
3618,47047,NaN,NaN,NaN,NaN,4.859562636738701e-07,100.0,1.0000004768371582,mlp,embedding
3619,47060,NaN,NaN,NaN,NaN,4.627731868822593e-07,100.0,1.0000004768371582,mlp,embedding
3620,47073,NaN,NaN,NaN,NaN,4.4879587335344695e-07,100.0,1.0000004768371582,mlp,embedding
3621,47086,NaN,NaN,NaN,NaN,4.835863478547253e-07,100.0,1.0000004768371582,mlp,embedding
3622,47099,NaN,NaN,NaN,NaN,4.501856665228843e-07,100.0,1.0000004768371582,mlp,embedding
3623,47112,NaN,NaN,NaN,NaN,4.0103725496010156e-07,100.0,1.0000003576278687,mlp,embedding
3624,47125,NaN,NaN,NaN,NaN,3.828370722658292e-07,100.0,1.0000003576278687,mlp,embedding
3625,47138,NaN,NaN,NaN,NaN,0.15601477026939392,95.57208251953125,1.1688435077667236,mlp,embedding
3626,47151,NaN,NaN,NaN,NaN,0.07948453724384308,97.66206359863281,1.0827288627624512,mlp,embedding
3627,47164,NaN,NaN,NaN,NaN,0.012317594140768051,99.53949737548828,1.0123937129974365,mlp,embedding
3628,47177,NaN,NaN,NaN,NaN,0.0012688058195635676,100.0,1.0012695789337158,mlp,embedding
3629,47190,NaN,NaN,NaN,NaN,0.000632905459497124,100.0,1.0006331205368042,mlp,embedding
3630,47203,NaN,NaN,NaN,NaN,0.00037272804183885455,100.0,1.0003727674484253,mlp,embedding
3631,47216,NaN,NaN,NaN,NaN,0.00027168006636202335,100.0,1.0002716779708862,mlp,embedding
3632,47229,NaN,NaN,NaN,NaN,0.00021772550826426595,100.0,1.0002177953720093,mlp,embedding
3633,47242,NaN,NaN,NaN,NaN,0.0001842423516791314,100.0,1.0001842975616455,mlp,embedding
3634,47255,NaN,NaN,NaN,NaN,0.0001600722607690841,100.0,1.0001600980758667,mlp,embedding
3635,47268,NaN,NaN,NaN,NaN,0.00013924847007729113,100.0,1.0001392364501953,mlp,embedding
3636,47281,NaN,NaN,NaN,NaN,0.00012371809862088412,100.0,1.0001237392425537,mlp,embedding
3637,47294,NaN,NaN,NaN,NaN,0.00010997209756169468,100.0,1.0001100301742554,mlp,embedding
3638,47307,NaN,NaN,NaN,NaN,9.869089990388602e-05,100.0,1.000098705291748,mlp,embedding
3639,47320,NaN,NaN,NaN,NaN,8.875487401382998e-05,100.0,1.0000888109207153,mlp,embedding
3640,47333,NaN,NaN,NaN,NaN,7.970029400894418e-05,100.0,1.0000797510147095,mlp,embedding
3641,47346,NaN,NaN,NaN,NaN,7.179837120929733e-05,100.0,1.0000717639923096,mlp,embedding
3642,47359,NaN,NaN,NaN,NaN,6.491404201369733e-05,100.0,1.0000649690628052,mlp,embedding
3643,47372,NaN,NaN,NaN,NaN,5.878151205251925e-05,100.0,1.0000587701797485,mlp,embedding
3644,47385,NaN,NaN,NaN,NaN,5.336564936442301e-05,100.0,1.0000534057617188,mlp,embedding
3645,47398,3.106627627857961e-05,100.0,1.0000311136245728,0.001,4.823378549190238e-05,100.0,1.000048279762268,mlp,embedding
3646,47411,NaN,NaN,NaN,NaN,4.3849446228705347e-05,100.0,1.0000438690185547,mlp,embedding
3647,47424,NaN,NaN,NaN,NaN,3.9873310015536845e-05,100.0,1.00003981590271,mlp,embedding
3648,47437,NaN,NaN,NaN,NaN,3.616812318796292e-05,100.0,1.0000361204147339,mlp,embedding
3649,47450,NaN,NaN,NaN,NaN,3.2969113817671314e-05,100.0,1.0000330209732056,mlp,embedding
3650,47463,NaN,NaN,NaN,NaN,3.0032024369575083e-05,100.0,1.0000300407409668,mlp,embedding
3651,47476,NaN,NaN,NaN,NaN,2.7408510504756123e-05,100.0,1.0000274181365967,mlp,embedding
3652,47489,NaN,NaN,NaN,NaN,2.4995866624522023e-05,100.0,1.0000250339508057,mlp,embedding
3653,47502,NaN,NaN,NaN,NaN,2.2792313757236116e-05,100.0,1.0000227689743042,mlp,embedding
3654,47515,NaN,NaN,NaN,NaN,2.086108725052327e-05,100.0,1.0000208616256714,mlp,embedding
3655,47528,NaN,NaN,NaN,NaN,1.9028284441446885e-05,100.0,1.0000190734863281,mlp,embedding
3656,47541,NaN,NaN,NaN,NaN,1.7436817870475352e-05,100.0,1.0000174045562744,mlp,embedding
3657,47554,NaN,NaN,NaN,NaN,1.5939715012791567e-05,100.0,1.0000159740447998,mlp,embedding
3658,47567,NaN,NaN,NaN,NaN,1.4621638001699466e-05,100.0,1.0000146627426147,mlp,embedding
3659,47580,NaN,NaN,NaN,NaN,1.3400794159679208e-05,100.0,1.0000133514404297,mlp,embedding
3660,47593,NaN,NaN,NaN,NaN,1.2304651136219036e-05,100.0,1.0000122785568237,mlp,embedding
3661,47606,NaN,NaN,NaN,NaN,1.1317435564706102e-05,100.0,1.0000113248825073,mlp,embedding
3662,47619,NaN,NaN,NaN,NaN,1.040784627548419e-05,100.0,1.000010371208191,mlp,embedding
3663,47632,NaN,NaN,NaN,NaN,9.60455054155318e-06,100.0,1.0000096559524536,mlp,embedding
3664,47645,NaN,NaN,NaN,NaN,8.859839908836875e-06,100.0,1.0000088214874268,mlp,embedding
3665,47658,NaN,NaN,NaN,NaN,8.180108125088736e-06,100.0,1.000008225440979,mlp,embedding
3666,47671,NaN,NaN,NaN,NaN,7.583465958305169e-06,100.0,1.0000076293945312,mlp,embedding
3667,47684,NaN,NaN,NaN,NaN,7.040318905637832e-06,100.0,1.0000070333480835,mlp,embedding
3668,47697,NaN,NaN,NaN,NaN,6.547961675096303e-06,100.0,1.0000065565109253,mlp,embedding
3669,47710,NaN,NaN,NaN,NaN,6.104965450504096e-06,100.0,1.000006079673767,mlp,embedding
3670,47723,NaN,NaN,NaN,NaN,5.7009438023669645e-06,100.0,1.0000057220458984,mlp,embedding
3671,47736,NaN,NaN,NaN,NaN,5.332221917342395e-06,100.0,1.0000053644180298,mlp,embedding
3672,47749,NaN,NaN,NaN,NaN,5.000278179068118e-06,100.0,1.0000050067901611,mlp,embedding
3673,47762,NaN,NaN,NaN,NaN,4.7047733460203744e-06,100.0,1.0000046491622925,mlp,embedding
3674,47775,NaN,NaN,NaN,NaN,4.437984898686409e-06,100.0,1.0000044107437134,mlp,embedding
3675,47788,NaN,NaN,NaN,NaN,4.185213583696168e-06,100.0,1.0000041723251343,mlp,embedding
3676,47801,NaN,NaN,NaN,NaN,3.966519670939306e-06,100.0,1.0000039339065552,mlp,embedding
3677,47814,NaN,NaN,NaN,NaN,3.7664040064555593e-06,100.0,1.0000038146972656,mlp,embedding
3678,47827,NaN,NaN,NaN,NaN,3.5861778542312095e-06,100.0,1.0000035762786865,mlp,embedding
3679,47840,NaN,NaN,NaN,NaN,3.416804702283116e-06,100.0,1.000003457069397,mlp,embedding
3680,47853,NaN,NaN,NaN,NaN,3.2628443022986175e-06,100.0,1.0000032186508179,mlp,embedding
3681,47866,1.7850961739895865e-06,100.0,1.0000017881393433,0.001,3.1173283332464052e-06,100.0,1.0000030994415283,mlp,embedding
3682,47879,NaN,NaN,NaN,NaN,2.986170557051082e-06,100.0,1.0000029802322388,mlp,embedding
3683,47892,NaN,NaN,NaN,NaN,2.8569545520440442e-06,100.0,1.0000028610229492,mlp,embedding
3684,47905,NaN,NaN,NaN,NaN,2.7423066057963297e-06,100.0,1.0000027418136597,mlp,embedding
3685,47918,NaN,NaN,NaN,NaN,2.62407024820277e-06,100.0,1.0000026226043701,mlp,embedding
3686,47931,NaN,NaN,NaN,NaN,2.5186695893353317e-06,100.0,1.0000025033950806,mlp,embedding
3687,47944,NaN,NaN,NaN,NaN,2.4204487090173643e-06,100.0,1.000002384185791,mlp,embedding
3688,47957,NaN,NaN,NaN,NaN,2.318680571988807e-06,100.0,1.0000022649765015,mlp,embedding
3689,47970,NaN,NaN,NaN,NaN,2.2201211322681047e-06,100.0,1.0000022649765015,mlp,embedding
3690,47983,NaN,NaN,NaN,NaN,2.133765065082116e-06,100.0,1.000002145767212,mlp,embedding
3691,47996,NaN,NaN,NaN,NaN,2.0346992641862016e-06,100.0,1.0000020265579224,mlp,embedding
3692,48009,NaN,NaN,NaN,NaN,1.935633463290287e-06,100.0,1.0000019073486328,mlp,embedding
3693,48022,NaN,NaN,NaN,NaN,1.849531599873444e-06,100.0,1.0000019073486328,mlp,embedding
3694,48035,NaN,NaN,NaN,NaN,1.7573479453858454e-06,100.0,1.0000017881393433,mlp,embedding
3695,48048,NaN,NaN,NaN,NaN,1.6766085764174932e-06,100.0,1.0000016689300537,mlp,embedding
3696,48061,NaN,NaN,NaN,NaN,1.5810899185453309e-06,100.0,1.0000015497207642,mlp,embedding
3697,48074,NaN,NaN,NaN,NaN,1.5039815934869694e-06,100.0,1.0000015497207642,mlp,embedding
3698,48087,NaN,NaN,NaN,NaN,1.4225671520762262e-06,100.0,1.0000014305114746,mlp,embedding
3699,48100,NaN,NaN,NaN,NaN,1.3423763220998808e-06,100.0,1.000001311302185,mlp,embedding
3700,48113,NaN,NaN,NaN,NaN,1.2631154504560982e-06,100.0,1.000001311302185,mlp,embedding
3701,48126,NaN,NaN,NaN,NaN,1.1950019143114332e-06,100.0,1.0000011920928955,mlp,embedding
3702,48139,NaN,NaN,NaN,NaN,1.1311104799460736e-06,100.0,1.000001072883606,mlp,embedding
3703,48152,NaN,NaN,NaN,NaN,1.0399419352324912e-06,100.0,1.000001072883606,mlp,embedding
3704,48165,NaN,NaN,NaN,NaN,9.991052820623736e-07,100.0,1.0000009536743164,mlp,embedding
3705,48178,NaN,NaN,NaN,NaN,9.239403766514442e-07,100.0,1.0000009536743164,mlp,embedding
3706,48191,NaN,NaN,NaN,NaN,8.61064052060101e-07,100.0,1.0000008344650269,mlp,embedding
3707,48204,NaN,NaN,NaN,NaN,8.164283826772589e-07,100.0,1.0000008344650269,mlp,embedding
3708,48217,NaN,NaN,NaN,NaN,7.625018838552933e-07,100.0,1.0000007152557373,mlp,embedding
3709,48230,NaN,NaN,NaN,NaN,7.116182132449467e-07,100.0,1.0000007152557373,mlp,embedding
3710,48243,NaN,NaN,NaN,NaN,6.457451036112616e-07,100.0,1.0000005960464478,mlp,embedding
3711,48256,NaN,NaN,NaN,NaN,6.106943146733101e-07,100.0,1.0000005960464478,mlp,embedding
3712,48269,NaN,NaN,NaN,NaN,5.391636364038277e-07,100.0,1.0000005960464478,mlp,embedding
3713,48282,NaN,NaN,NaN,NaN,5.334615025276435e-07,100.0,1.0000004768371582,mlp,embedding
3714,48295,NaN,NaN,NaN,NaN,4.835072786590899e-07,100.0,1.0000004768371582,mlp,embedding
3715,48308,NaN,NaN,NaN,NaN,4.592268112446618e-07,100.0,1.0000004768371582,mlp,embedding
3716,48321,NaN,NaN,NaN,NaN,4.311447412419511e-07,100.0,1.0000004768371582,mlp,embedding
3717,48334,1.494188524020501e-07,100.0,1.0000001192092896,0.001,4.001927891295054e-07,100.0,1.0000003576278687,mlp,embedding
3718,48347,NaN,NaN,NaN,NaN,4.216445006477443e-07,100.0,1.0000004768371582,mlp,embedding
3719,48360,NaN,NaN,NaN,NaN,4.493418259698956e-07,100.0,1.0000004768371582,mlp,embedding
3720,48373,NaN,NaN,NaN,NaN,4.2882291495516256e-07,100.0,1.0000004768371582,mlp,embedding
3721,48386,NaN,NaN,NaN,NaN,1.1424487829208374,76.47891998291016,3.134434461593628,mlp,embedding
3722,48399,NaN,NaN,NaN,NaN,0.3854961097240448,91.14417266845703,1.4703435897827148,mlp,embedding
3723,48412,NaN,NaN,NaN,NaN,0.003135871374979615,99.9645767211914,1.0031408071517944,mlp,embedding
3724,48425,NaN,NaN,NaN,NaN,0.0008984683081507683,100.0,1.000898838043213,mlp,embedding
3725,48438,NaN,NaN,NaN,NaN,0.0006730323657393456,100.0,1.0006732940673828,mlp,embedding
3726,48451,NaN,NaN,NaN,NaN,0.00041392684215679765,100.0,1.0004140138626099,mlp,embedding
3727,48464,NaN,NaN,NaN,NaN,0.0002928823232650757,100.0,1.0002928972244263,mlp,embedding
3728,48477,NaN,NaN,NaN,NaN,0.00023385940585285425,100.0,1.0002338886260986,mlp,embedding
3729,48490,NaN,NaN,NaN,NaN,0.00019915525626856834,100.0,1.0001991987228394,mlp,embedding
3730,48503,NaN,NaN,NaN,NaN,0.00017673580441623926,100.0,1.0001767873764038,mlp,embedding
3731,48516,NaN,NaN,NaN,NaN,0.00015900967991910875,100.0,1.0001590251922607,mlp,embedding
3732,48529,NaN,NaN,NaN,NaN,0.00014442474639508873,100.0,1.0001444816589355,mlp,embedding
3733,48542,NaN,NaN,NaN,NaN,0.00013145082630217075,100.0,1.0001314878463745,mlp,embedding
3734,48555,NaN,NaN,NaN,NaN,0.0001202245766762644,100.0,1.0001202821731567,mlp,embedding
3735,48568,NaN,NaN,NaN,NaN,0.00011002121027559042,100.0,1.0001100301742554,mlp,embedding
3736,48581,NaN,NaN,NaN,NaN,0.00010103480599354953,100.0,1.000101089477539,mlp,embedding
3737,48594,NaN,NaN,NaN,NaN,9.288459114031866e-05,100.0,1.00009286403656,mlp,embedding
3738,48607,NaN,NaN,NaN,NaN,8.506097219651565e-05,100.0,1.0000851154327393,mlp,embedding
3739,48620,NaN,NaN,NaN,NaN,7.777353312121704e-05,100.0,1.000077724456787,mlp,embedding
3740,48633,NaN,NaN,NaN,NaN,7.125741831259802e-05,100.0,1.0000712871551514,mlp,embedding
3741,48646,NaN,NaN,NaN,NaN,6.51022419333458e-05,100.0,1.0000650882720947,mlp,embedding
3742,48659,NaN,NaN,NaN,NaN,5.9465608501341194e-05,100.0,1.0000594854354858,mlp,embedding
3743,48672,NaN,NaN,NaN,NaN,5.428291478892788e-05,100.0,1.0000542402267456,mlp,embedding
3744,48685,NaN,NaN,NaN,NaN,4.963517130818218e-05,100.0,1.0000495910644531,mlp,embedding
3745,48698,NaN,NaN,NaN,NaN,4.5194792619440705e-05,100.0,1.0000451803207397,mlp,embedding
3746,48711,NaN,NaN,NaN,NaN,4.103542596567422e-05,100.0,1.0000410079956055,mlp,embedding
3747,48724,NaN,NaN,NaN,NaN,3.740032116184011e-05,100.0,1.000037431716919,mlp,embedding
3748,48737,NaN,NaN,NaN,NaN,3.399641718715429e-05,100.0,1.000033974647522,mlp,embedding
3749,48750,NaN,NaN,NaN,NaN,3.098126035183668e-05,100.0,1.0000309944152832,mlp,embedding
3750,48763,NaN,NaN,NaN,NaN,2.8172071324661374e-05,100.0,1.000028133392334,mlp,embedding
3751,48776,NaN,NaN,NaN,NaN,2.5589895813027397e-05,100.0,1.0000256299972534,mlp,embedding
3752,48789,NaN,NaN,NaN,NaN,2.3319200408877805e-05,100.0,1.000023365020752,mlp,embedding
3753,48802,NaN,NaN,NaN,NaN,2.122570549545344e-05,100.0,1.00002121925354,mlp,embedding
3754,48815,1.1045828614442144e-05,100.0,1.0000110864639282,0.001,1.931699262058828e-05,100.0,1.0000193119049072,mlp,embedding
3755,48828,NaN,NaN,NaN,NaN,1.7615186152397655e-05,100.0,1.0000176429748535,mlp,embedding
3756,48841,NaN,NaN,NaN,NaN,1.6046747987275012e-05,100.0,1.0000160932540894,mlp,embedding
3757,48854,NaN,NaN,NaN,NaN,1.4672747965960298e-05,100.0,1.0000146627426147,mlp,embedding
3758,48867,NaN,NaN,NaN,NaN,1.3418507478490938e-05,100.0,1.0000134706497192,mlp,embedding
3759,48880,NaN,NaN,NaN,NaN,1.2279472684895154e-05,100.0,1.0000122785568237,mlp,embedding
3760,48893,NaN,NaN,NaN,NaN,1.126640199800022e-05,100.0,1.0000113248825073,mlp,embedding
3761,48906,NaN,NaN,NaN,NaN,1.0335407750972081e-05,100.0,1.000010371208191,mlp,embedding
3762,48919,NaN,NaN,NaN,NaN,9.511825737718027e-06,100.0,1.000009536743164,mlp,embedding
3763,48932,NaN,NaN,NaN,NaN,8.772173714532983e-06,100.0,1.0000088214874268,mlp,embedding
3764,48945,NaN,NaN,NaN,NaN,8.09222456155112e-06,100.0,1.0000081062316895,mlp,embedding
3765,48958,NaN,NaN,NaN,NaN,7.48553156881826e-06,100.0,1.0000075101852417,mlp,embedding
3766,48971,NaN,NaN,NaN,NaN,6.933473741810303e-06,100.0,1.000006914138794,mlp,embedding
3767,48984,NaN,NaN,NaN,NaN,6.424273578886641e-06,100.0,1.0000064373016357,mlp,embedding
3768,48997,NaN,NaN,NaN,NaN,5.9713511291192845e-06,100.0,1.0000059604644775,mlp,embedding
3769,49010,NaN,NaN,NaN,NaN,5.559138571697986e-06,100.0,1.0000056028366089,mlp,embedding
3770,49023,NaN,NaN,NaN,NaN,5.186700491321972e-06,100.0,1.0000052452087402,mlp,embedding
3771,49036,NaN,NaN,NaN,NaN,4.848845946980873e-06,100.0,1.0000048875808716,mlp,embedding
3772,49049,NaN,NaN,NaN,NaN,4.539831479632994e-06,100.0,1.000004529953003,mlp,embedding
3773,49062,NaN,NaN,NaN,NaN,4.250493475410622e-06,100.0,1.0000042915344238,mlp,embedding
3774,49075,NaN,NaN,NaN,NaN,3.9943020055943634e-06,100.0,1.0000040531158447,mlp,embedding
3775,49088,NaN,NaN,NaN,NaN,3.754157660296187e-06,100.0,1.000003695487976,mlp,embedding
3776,49101,NaN,NaN,NaN,NaN,3.5433599805401172e-06,100.0,1.0000035762786865,mlp,embedding
3777,49114,NaN,NaN,NaN,NaN,3.334883786010323e-06,100.0,1.0000033378601074,mlp,embedding
3778,49127,NaN,NaN,NaN,NaN,3.1549520826956723e-06,100.0,1.0000030994415283,mlp,embedding
3779,49140,NaN,NaN,NaN,NaN,2.9851134968339466e-06,100.0,1.0000029802322388,mlp,embedding
3780,49153,NaN,NaN,NaN,NaN,2.8264234970265534e-06,100.0,1.0000028610229492,mlp,embedding
3781,49166,NaN,NaN,NaN,NaN,2.680568968571606e-06,100.0,1.0000026226043701,mlp,embedding
3782,49179,NaN,NaN,NaN,NaN,2.538557282605325e-06,100.0,1.0000025033950806,mlp,embedding
3783,49192,NaN,NaN,NaN,NaN,2.417279802102712e-06,100.0,1.000002384185791,mlp,embedding
3784,49205,NaN,NaN,NaN,NaN,2.2981980691838544e-06,100.0,1.0000022649765015,mlp,embedding
3785,49218,NaN,NaN,NaN,NaN,2.186759502365021e-06,100.0,1.000002145767212,mlp,embedding
3786,49231,NaN,NaN,NaN,NaN,2.0836394014622783e-06,100.0,1.0000020265579224,mlp,embedding
3787,49244,NaN,NaN,NaN,NaN,1.970934363271226e-06,100.0,1.0000020265579224,mlp,embedding
3788,49257,NaN,NaN,NaN,NaN,1.8801448504746077e-06,100.0,1.0000019073486328,mlp,embedding
3789,49270,NaN,NaN,NaN,NaN,1.7850062477009487e-06,100.0,1.0000017881393433,mlp,embedding
3790,49283,NaN,NaN,NaN,NaN,1.7042664239852456e-06,100.0,1.0000016689300537,mlp,embedding
3791,49296,7.824080512364162e-07,100.0,1.0000008344650269,0.001,1.619557792764681e-06,100.0,1.0000016689300537,mlp,embedding
3792,49309,NaN,NaN,NaN,NaN,1.5391558463306865e-06,100.0,1.0000015497207642,mlp,embedding
3793,49322,NaN,NaN,NaN,NaN,1.4579949265680625e-06,100.0,1.0000014305114746,mlp,embedding
3794,49335,NaN,NaN,NaN,NaN,1.3780157814835547e-06,100.0,1.0000014305114746,mlp,embedding
3795,49348,NaN,NaN,NaN,NaN,1.3090158290651743e-06,100.0,1.000001311302185,mlp,embedding
3796,49361,NaN,NaN,NaN,NaN,1.235666559296078e-06,100.0,1.0000011920928955,mlp,embedding
3797,49374,NaN,NaN,NaN,NaN,1.1681022442644462e-06,100.0,1.0000011920928955,mlp,embedding
3798,49387,NaN,NaN,NaN,NaN,1.0995663615176454e-06,100.0,1.000001072883606,mlp,embedding
3799,49400,NaN,NaN,NaN,NaN,1.0299755786036258e-06,100.0,1.000001072883606,mlp,embedding
3800,49413,NaN,NaN,NaN,NaN,9.739809456732473e-07,100.0,1.0000009536743164,mlp,embedding
3801,49426,NaN,NaN,NaN,NaN,8.941292435338255e-07,100.0,1.0000009536743164,mlp,embedding
3802,49439,NaN,NaN,NaN,NaN,8.448495236734743e-07,100.0,1.0000008344650269,mlp,embedding
3803,49452,NaN,NaN,NaN,NaN,7.917698212622781e-07,100.0,1.0000008344650269,mlp,embedding
3804,49465,NaN,NaN,NaN,NaN,7.149155862862244e-07,100.0,1.0000007152557373,mlp,embedding
3805,49478,NaN,NaN,NaN,NaN,6.743763378835865e-07,100.0,1.0000007152557373,mlp,embedding
3806,49491,NaN,NaN,NaN,NaN,6.506005547635141e-07,100.0,1.0000005960464478,mlp,embedding
3807,49504,NaN,NaN,NaN,NaN,5.815597319269727e-07,100.0,1.0000005960464478,mlp,embedding
3808,49517,NaN,NaN,NaN,NaN,5.615431177830033e-07,100.0,1.0000005960464478,mlp,embedding
3809,49530,NaN,NaN,NaN,NaN,4.964297204423929e-07,100.0,1.0000004768371582,mlp,embedding
3810,49543,NaN,NaN,NaN,NaN,4.691504784659628e-07,100.0,1.0000004768371582,mlp,embedding
3811,49556,NaN,NaN,NaN,NaN,4.424203154940187e-07,100.0,1.0000004768371582,mlp,embedding
3812,49569,NaN,NaN,NaN,NaN,4.322007782775472e-07,100.0,1.0000004768371582,mlp,embedding
3813,49582,NaN,NaN,NaN,NaN,4.1539485096109274e-07,100.0,1.0000003576278687,mlp,embedding
3814,49595,NaN,NaN,NaN,NaN,4.225312579819729e-07,100.0,1.0000004768371582,mlp,embedding
3815,49608,NaN,NaN,NaN,NaN,4.3198974708502647e-07,100.0,1.0000004768371582,mlp,embedding
3816,49621,NaN,NaN,NaN,NaN,6.039734330443025e-07,100.0,1.0000005960464478,mlp,embedding
3817,49634,NaN,NaN,NaN,NaN,0.1066729873418808,96.98902130126953,1.1125704050064087,mlp,embedding
3818,49647,NaN,NaN,NaN,NaN,0.11414073407649994,96.03258514404297,1.1209098100662231,mlp,embedding
3819,49660,NaN,NaN,NaN,NaN,0.006803066004067659,99.89373016357422,1.0068262815475464,mlp,embedding
3820,49673,NaN,NaN,NaN,NaN,0.001842018449679017,100.0,1.0018436908721924,mlp,embedding
3821,49686,NaN,NaN,NaN,NaN,0.0010252175852656364,100.0,1.0010257959365845,mlp,embedding
3822,49699,NaN,NaN,NaN,NaN,0.000606285990215838,100.0,1.0006064176559448,mlp,embedding
3823,49712,NaN,NaN,NaN,NaN,0.000416302791563794,100.0,1.0004163980484009,mlp,embedding
3824,49725,NaN,NaN,NaN,NaN,0.0003187388938385993,100.0,1.0003187656402588,mlp,embedding
3825,49738,NaN,NaN,NaN,NaN,0.0002657183795236051,100.0,1.0002657175064087,mlp,embedding
3826,49751,NaN,NaN,NaN,NaN,0.0002278596512041986,100.0,1.000227928161621,mlp,embedding
3827,49764,NaN,NaN,NaN,NaN,0.00019854778656736016,100.0,1.0001986026763916,mlp,embedding
3828,49777,9.496923303231597e-05,100.0,1.000095009803772,0.001,0.0001749723160173744,100.0,1.0001749992370605,mlp,embedding
3829,49790,NaN,NaN,NaN,NaN,0.000154788518557325,100.0,1.0001548528671265,mlp,embedding
3830,49803,NaN,NaN,NaN,NaN,0.0001376655272906646,100.0,1.0001376867294312,mlp,embedding
3831,49816,NaN,NaN,NaN,NaN,0.00012250847066752613,100.0,1.0001225471496582,mlp,embedding
3832,49829,NaN,NaN,NaN,NaN,0.00010957349149975926,100.0,1.0001095533370972,mlp,embedding
3833,49842,NaN,NaN,NaN,NaN,9.778262028703466e-05,100.0,1.0000977516174316,mlp,embedding
3834,49855,NaN,NaN,NaN,NaN,8.745600644033402e-05,100.0,1.0000874996185303,mlp,embedding
3835,49868,NaN,NaN,NaN,NaN,7.812235708115622e-05,100.0,1.0000780820846558,mlp,embedding
3836,49881,NaN,NaN,NaN,NaN,6.994013529038057e-05,100.0,1.0000699758529663,mlp,embedding
3837,49894,NaN,NaN,NaN,NaN,6.262095848796889e-05,100.0,1.0000625848770142,mlp,embedding
3838,49907,NaN,NaN,NaN,NaN,5.615074769593775e-05,100.0,1.0000561475753784,mlp,embedding
3839,49920,NaN,NaN,NaN,NaN,5.0222824938828126e-05,100.0,1.0000501871109009,mlp,embedding
3840,49933,NaN,NaN,NaN,NaN,4.494889435591176e-05,100.0,1.0000449419021606,mlp,embedding
3841,49946,NaN,NaN,NaN,NaN,4.0409508073935285e-05,100.0,1.0000404119491577,mlp,embedding
3842,49959,NaN,NaN,NaN,NaN,3.629037018981762e-05,100.0,1.0000362396240234,mlp,embedding
3843,49972,NaN,NaN,NaN,NaN,3.268899308750406e-05,100.0,1.000032663345337,mlp,embedding
3844,49985,NaN,NaN,NaN,NaN,2.938442958111409e-05,100.0,1.0000293254852295,mlp,embedding
3845,49998,NaN,NaN,NaN,NaN,2.644013693497982e-05,100.0,1.0000264644622803,mlp,embedding
3846,50011,NaN,NaN,NaN,NaN,2.378039607719984e-05,100.0,1.0000237226486206,mlp,embedding
3847,50024,NaN,NaN,NaN,NaN,2.141279765055515e-05,100.0,1.0000214576721191,mlp,embedding
3848,50037,NaN,NaN,NaN,NaN,1.9334540411364287e-05,100.0,1.0000193119049072,mlp,embedding
3849,50050,NaN,NaN,NaN,NaN,1.746123962220736e-05,100.0,1.0000174045562744,mlp,embedding
3850,50063,NaN,NaN,NaN,NaN,1.577863258717116e-05,100.0,1.0000157356262207,mlp,embedding
3851,50076,NaN,NaN,NaN,NaN,1.4286660189100076e-05,100.0,1.000014305114746,mlp,embedding
3852,50089,NaN,NaN,NaN,NaN,1.2945320122526027e-05,100.0,1.000012993812561,mlp,embedding
3853,50102,NaN,NaN,NaN,NaN,1.1730656297004316e-05,100.0,1.000011682510376,mlp,embedding
3854,50115,NaN,NaN,NaN,NaN,1.0653735444066115e-05,100.0,1.00001060962677,mlp,embedding
3855,50128,NaN,NaN,NaN,NaN,9.700254850031342e-06,100.0,1.0000096559524536,mlp,embedding
3856,50141,NaN,NaN,NaN,NaN,8.850605809129775e-06,100.0,1.0000088214874268,mlp,embedding
3857,50154,NaN,NaN,NaN,NaN,8.079045073827729e-06,100.0,1.0000081062316895,mlp,embedding
3858,50167,NaN,NaN,NaN,NaN,7.3905152930819895e-06,100.0,1.0000073909759521,mlp,embedding
3859,50180,NaN,NaN,NaN,NaN,6.770795152988285e-06,100.0,1.0000067949295044,mlp,embedding
3860,50193,NaN,NaN,NaN,NaN,6.229981863725698e-06,100.0,1.0000061988830566,mlp,embedding
3861,50206,NaN,NaN,NaN,NaN,5.747816885559587e-06,100.0,1.0000057220458984,mlp,embedding
3862,50219,NaN,NaN,NaN,NaN,5.313820111041423e-06,100.0,1.0000053644180298,mlp,embedding
3863,50232,NaN,NaN,NaN,NaN,4.917868409393122e-06,100.0,1.0000048875808716,mlp,embedding
3864,50245,NaN,NaN,NaN,NaN,4.577694653562503e-06,100.0,1.000004529953003,mlp,embedding
3865,50258,NaN,NaN,NaN,NaN,4.26859605795471e-06,100.0,1.0000042915344238,mlp,embedding
3866,50271,2.4403266252193134e-06,100.0,1.000002384185791,0.001,3.989477136201458e-06,100.0,1.0000039339065552,mlp,embedding
3867,50284,NaN,NaN,NaN,NaN,3.737933866432286e-06,100.0,1.000003695487976,mlp,embedding
3868,50297,NaN,NaN,NaN,NaN,3.514638137858128e-06,100.0,1.000003457069397,mlp,embedding
3869,50310,NaN,NaN,NaN,NaN,3.3048970635718433e-06,100.0,1.0000033378601074,mlp,embedding
3870,50323,NaN,NaN,NaN,NaN,3.1231509183271555e-06,100.0,1.0000030994415283,mlp,embedding
3871,50336,NaN,NaN,NaN,NaN,2.958971208499861e-06,100.0,1.0000029802322388,mlp,embedding
3872,50349,NaN,NaN,NaN,NaN,2.8099939299863763e-06,100.0,1.0000028610229492,mlp,embedding
3873,50362,NaN,NaN,NaN,NaN,2.6694615371525288e-06,100.0,1.0000026226043701,mlp,embedding
3874,50375,NaN,NaN,NaN,NaN,2.5399508558621164e-06,100.0,1.0000025033950806,mlp,embedding
3875,50388,NaN,NaN,NaN,NaN,2.4209955427068053e-06,100.0,1.000002384185791,mlp,embedding
3876,50401,NaN,NaN,NaN,NaN,2.3125976440496743e-06,100.0,1.0000022649765015,mlp,embedding
3877,50414,NaN,NaN,NaN,NaN,2.2074091248214245e-06,100.0,1.0000022649765015,mlp,embedding
3878,50427,NaN,NaN,NaN,NaN,2.1170842501305742e-06,100.0,1.000002145767212,mlp,embedding
3879,50440,NaN,NaN,NaN,NaN,2.022621174546657e-06,100.0,1.0000020265579224,mlp,embedding
3880,50453,NaN,NaN,NaN,NaN,1.932591885633883e-06,100.0,1.0000019073486328,mlp,embedding
3881,50466,NaN,NaN,NaN,NaN,1.8390581999483402e-06,100.0,1.0000017881393433,mlp,embedding
3882,50479,NaN,NaN,NaN,NaN,1.7704804804452579e-06,100.0,1.0000017881393433,mlp,embedding
3883,50492,NaN,NaN,NaN,NaN,1.6836182794577326e-06,100.0,1.0000016689300537,mlp,embedding
3884,50505,NaN,NaN,NaN,NaN,1.6042730521803605e-06,100.0,1.0000015497207642,mlp,embedding
3885,50518,NaN,NaN,NaN,NaN,1.5269122286554193e-06,100.0,1.0000015497207642,mlp,embedding
3886,50531,NaN,NaN,NaN,NaN,1.4548717217621743e-06,100.0,1.0000014305114746,mlp,embedding
3887,50544,NaN,NaN,NaN,NaN,1.3854916005584528e-06,100.0,1.0000014305114746,mlp,embedding
3888,50557,NaN,NaN,NaN,NaN,1.3074974276605644e-06,100.0,1.000001311302185,mlp,embedding
3889,50570,NaN,NaN,NaN,NaN,1.2446624850781518e-06,100.0,1.0000011920928955,mlp,embedding
3890,50583,NaN,NaN,NaN,NaN,1.1792936902565998e-06,100.0,1.0000011920928955,mlp,embedding
3891,50596,NaN,NaN,NaN,NaN,1.1088161500083515e-06,100.0,1.000001072883606,mlp,embedding
3892,50609,NaN,NaN,NaN,NaN,1.0542571544647217e-06,100.0,1.000001072883606,mlp,embedding
3893,50622,NaN,NaN,NaN,NaN,9.799795179787907e-07,100.0,1.0000009536743164,mlp,embedding
3894,50635,NaN,NaN,NaN,NaN,9.241543352800363e-07,100.0,1.0000009536743164,mlp,embedding
3895,50648,NaN,NaN,NaN,NaN,8.679913321429922e-07,100.0,1.0000008344650269,mlp,embedding
3896,50661,NaN,NaN,NaN,NaN,8.109844316095405e-07,100.0,1.0000008344650269,mlp,embedding
3897,50674,NaN,NaN,NaN,NaN,7.630555387549975e-07,100.0,1.0000007152557373,mlp,embedding
3898,50687,NaN,NaN,NaN,NaN,7.200679874586058e-07,100.0,1.0000007152557373,mlp,embedding
3899,50700,NaN,NaN,NaN,NaN,6.778823831155023e-07,100.0,1.0000007152557373,mlp,embedding
3900,50713,NaN,NaN,NaN,NaN,6.329100301627477e-07,100.0,1.0000005960464478,mlp,embedding
3901,50726,NaN,NaN,NaN,NaN,5.895842036807153e-07,100.0,1.0000005960464478,mlp,embedding
3902,50739,NaN,NaN,NaN,NaN,5.617137048830045e-07,100.0,1.0000005960464478,mlp,embedding
3903,50752,NaN,NaN,NaN,NaN,5.08253549469373e-07,100.0,1.0000004768371582,mlp,embedding
3904,50765,1.9886917357325729e-07,100.0,1.000000238418579,0.001,4.917006890536868e-07,100.0,1.0000004768371582,mlp,embedding
3905,50778,NaN,NaN,NaN,NaN,4.660258241528936e-07,100.0,1.0000004768371582,mlp,embedding
3906,50791,NaN,NaN,NaN,NaN,4.807211553270463e-07,100.0,1.0000004768371582,mlp,embedding
3907,50804,NaN,NaN,NaN,NaN,4.199136469651421e-07,100.0,1.0000004768371582,mlp,embedding
3908,50817,NaN,NaN,NaN,NaN,4.5808673121428e-07,100.0,1.0000004768371582,mlp,embedding
3909,50830,NaN,NaN,NaN,NaN,1.155449628829956,76.30180358886719,3.1754508018493652,mlp,embedding
3910,50843,NaN,NaN,NaN,NaN,0.11848053336143494,95.46581268310547,1.125784993171692,mlp,embedding
3911,50856,NaN,NaN,NaN,NaN,0.00716634513810277,99.89373016357422,1.0071921348571777,mlp,embedding
3912,50869,NaN,NaN,NaN,NaN,0.0020241739694029093,99.9645767211914,1.0020262002944946,mlp,embedding
3913,50882,NaN,NaN,NaN,NaN,0.0007986759883351624,100.0,1.0007989406585693,mlp,embedding
3914,50895,NaN,NaN,NaN,NaN,0.0005691562546417117,100.0,1.0005693435668945,mlp,embedding
3915,50908,NaN,NaN,NaN,NaN,0.0003286207211203873,100.0,1.0003286600112915,mlp,embedding
3916,50921,NaN,NaN,NaN,NaN,0.00022503080253954977,100.0,1.0002250671386719,mlp,embedding
3917,50934,NaN,NaN,NaN,NaN,0.00017472935724072158,100.0,1.0001747608184814,mlp,embedding
3918,50947,NaN,NaN,NaN,NaN,0.00014518375974148512,100.0,1.0001451969146729,mlp,embedding
3919,50960,NaN,NaN,NaN,NaN,0.0001246854808414355,100.0,1.0001246929168701,mlp,embedding
3920,50973,NaN,NaN,NaN,NaN,0.00010950434079859406,100.0,1.0001095533370972,mlp,embedding
3921,50986,NaN,NaN,NaN,NaN,9.691659215604886e-05,100.0,1.0000969171524048,mlp,embedding
3922,50999,NaN,NaN,NaN,NaN,8.642653847346082e-05,100.0,1.0000864267349243,mlp,embedding
3923,51012,NaN,NaN,NaN,NaN,7.704483869019896e-05,100.0,1.0000770092010498,mlp,embedding
3924,51025,NaN,NaN,NaN,NaN,6.920898158568889e-05,100.0,1.000069260597229,mlp,embedding
3925,51038,NaN,NaN,NaN,NaN,6.217534246388823e-05,100.0,1.0000622272491455,mlp,embedding
3926,51051,NaN,NaN,NaN,NaN,5.605894330074079e-05,100.0,1.0000560283660889,mlp,embedding
3927,51064,NaN,NaN,NaN,NaN,5.066161975264549e-05,100.0,1.000050663948059,mlp,embedding
3928,51077,NaN,NaN,NaN,NaN,4.577191066346131e-05,100.0,1.0000457763671875,mlp,embedding
3929,51090,NaN,NaN,NaN,NaN,4.146253922954202e-05,100.0,1.0000414848327637,mlp,embedding
3930,51103,NaN,NaN,NaN,NaN,3.7682657421100885e-05,100.0,1.000037670135498,mlp,embedding
3931,51116,NaN,NaN,NaN,NaN,3.405066308914684e-05,100.0,1.0000340938568115,mlp,embedding
3932,51129,NaN,NaN,NaN,NaN,3.082498733419925e-05,100.0,1.0000308752059937,mlp,embedding
3933,51142,NaN,NaN,NaN,NaN,2.804083123919554e-05,100.0,1.0000280141830444,mlp,embedding
3934,51155,NaN,NaN,NaN,NaN,2.5448678570683114e-05,100.0,1.0000253915786743,mlp,embedding
3935,51168,NaN,NaN,NaN,NaN,2.3207476260722615e-05,100.0,1.0000232458114624,mlp,embedding
3936,51181,NaN,NaN,NaN,NaN,2.113015580107458e-05,100.0,1.0000211000442505,mlp,embedding
3937,51194,NaN,NaN,NaN,NaN,1.9260382032371126e-05,100.0,1.0000193119049072,mlp,embedding
3938,51207,NaN,NaN,NaN,NaN,1.75782734004315e-05,100.0,1.000017523765564,mlp,embedding
3939,51220,NaN,NaN,NaN,NaN,1.607578815310262e-05,100.0,1.0000160932540894,mlp,embedding
3940,51233,NaN,NaN,NaN,NaN,1.4652939171355683e-05,100.0,1.0000146627426147,mlp,embedding
3941,51246,NaN,NaN,NaN,NaN,1.3383048099058215e-05,100.0,1.0000133514404297,mlp,embedding
3942,51259,NaN,NaN,NaN,NaN,1.2263702046766412e-05,100.0,1.0000122785568237,mlp,embedding
3943,51272,5.682702067133505e-06,100.0,1.0000057220458984,0.001,1.123440233641304e-05,100.0,1.0000112056732178,mlp,embedding
3944,51285,NaN,NaN,NaN,NaN,1.0320461115043145e-05,100.0,1.000010371208191,mlp,embedding
3945,51298,NaN,NaN,NaN,NaN,9.47943226492498e-06,100.0,1.000009536743164,mlp,embedding
3946,51311,NaN,NaN,NaN,NaN,8.736931704333983e-06,100.0,1.0000087022781372,mlp,embedding
3947,51324,NaN,NaN,NaN,NaN,8.056732440309133e-06,100.0,1.0000081062316895,mlp,embedding
3948,51337,NaN,NaN,NaN,NaN,7.418620043608826e-06,100.0,1.0000073909759521,mlp,embedding
3949,51350,NaN,NaN,NaN,NaN,6.8561976149794646e-06,100.0,1.000006914138794,mlp,embedding
3950,51363,NaN,NaN,NaN,NaN,6.348790520860348e-06,100.0,1.0000063180923462,mlp,embedding
3951,51376,NaN,NaN,NaN,NaN,5.892382432648446e-06,100.0,1.000005841255188,mlp,embedding
3952,51389,NaN,NaN,NaN,NaN,5.470131327456329e-06,100.0,1.0000054836273193,mlp,embedding
3953,51402,NaN,NaN,NaN,NaN,5.093522304377984e-06,100.0,1.0000051259994507,mlp,embedding
3954,51415,NaN,NaN,NaN,NaN,4.74858052257332e-06,100.0,1.000004768371582,mlp,embedding
3955,51428,NaN,NaN,NaN,NaN,4.439486929186387e-06,100.0,1.0000044107437134,mlp,embedding
3956,51441,NaN,NaN,NaN,NaN,4.166409780737013e-06,100.0,1.0000041723251343,mlp,embedding
3957,51454,NaN,NaN,NaN,NaN,3.917315098078689e-06,100.0,1.0000039339065552,mlp,embedding
3958,51467,NaN,NaN,NaN,NaN,3.7033944408904063e-06,100.0,1.000003695487976,mlp,embedding
3959,51480,NaN,NaN,NaN,NaN,3.496652198009542e-06,100.0,1.000003457069397,mlp,embedding
3960,51493,NaN,NaN,NaN,NaN,3.314695504741394e-06,100.0,1.0000033378601074,mlp,embedding
3961,51506,NaN,NaN,NaN,NaN,3.1526287784799933e-06,100.0,1.0000030994415283,mlp,embedding
3962,51519,NaN,NaN,NaN,NaN,3.0026378681213828e-06,100.0,1.0000029802322388,mlp,embedding
3963,51532,NaN,NaN,NaN,NaN,2.877898168662796e-06,100.0,1.0000028610229492,mlp,embedding
3964,51545,NaN,NaN,NaN,NaN,2.757381480478216e-06,100.0,1.0000027418136597,mlp,embedding
3965,51558,NaN,NaN,NaN,NaN,2.640073944348842e-06,100.0,1.0000026226043701,mlp,embedding
3966,51571,NaN,NaN,NaN,NaN,2.5428246317460435e-06,100.0,1.0000025033950806,mlp,embedding
3967,51584,NaN,NaN,NaN,NaN,2.4509793092875043e-06,100.0,1.0000025033950806,mlp,embedding
3968,51597,NaN,NaN,NaN,NaN,2.3621757918590447e-06,100.0,1.000002384185791,mlp,embedding
3969,51610,NaN,NaN,NaN,NaN,2.274216058140155e-06,100.0,1.0000022649765015,mlp,embedding
3970,51623,NaN,NaN,NaN,NaN,2.207284751420957e-06,100.0,1.0000022649765015,mlp,embedding
3971,51636,NaN,NaN,NaN,NaN,2.1087682853249134e-06,100.0,1.000002145767212,mlp,embedding
3972,51649,NaN,NaN,NaN,NaN,2.0409504486451624e-06,100.0,1.0000020265579224,mlp,embedding
3973,51662,NaN,NaN,NaN,NaN,1.962787564480095e-06,100.0,1.0000019073486328,mlp,embedding
3974,51675,NaN,NaN,NaN,NaN,1.883399136204389e-06,100.0,1.0000019073486328,mlp,embedding
3975,51688,NaN,NaN,NaN,NaN,1.8226758129458176e-06,100.0,1.0000017881393433,mlp,embedding
3976,51701,NaN,NaN,NaN,NaN,1.7429080116926343e-06,100.0,1.0000017881393433,mlp,embedding
3977,51714,NaN,NaN,NaN,NaN,1.6718809092708398e-06,100.0,1.0000016689300537,mlp,embedding
3978,51727,NaN,NaN,NaN,NaN,1.6000933555915253e-06,100.0,1.0000015497207642,mlp,embedding
3979,51740,NaN,NaN,NaN,NaN,1.5233242720569251e-06,100.0,1.0000015497207642,mlp,embedding
3980,51753,NaN,NaN,NaN,NaN,1.4660625993201393e-06,100.0,1.0000014305114746,mlp,embedding
3981,51766,NaN,NaN,NaN,NaN,1.3874778233002871e-06,100.0,1.0000014305114746,mlp,embedding
3982,51779,6.544563575516804e-07,100.0,1.0000005960464478,0.001,1.3177591426938307e-06,100.0,1.000001311302185,mlp,embedding
3983,51792,NaN,NaN,NaN,NaN,1.2490969538703212e-06,100.0,1.0000011920928955,mlp,embedding
3984,51805,NaN,NaN,NaN,NaN,1.1839812259495375e-06,100.0,1.0000011920928955,mlp,embedding
3985,51818,NaN,NaN,NaN,NaN,1.111983806367789e-06,100.0,1.000001072883606,mlp,embedding
3986,51831,NaN,NaN,NaN,NaN,1.055440066011215e-06,100.0,1.000001072883606,mlp,embedding
3987,51844,NaN,NaN,NaN,NaN,9.739412689668825e-07,100.0,1.0000009536743164,mlp,embedding
3988,51857,NaN,NaN,NaN,NaN,9.158355283034325e-07,100.0,1.0000009536743164,mlp,embedding
3989,51870,NaN,NaN,NaN,NaN,8.644021818327019e-07,100.0,1.0000008344650269,mlp,embedding
3990,51883,NaN,NaN,NaN,NaN,8.078584414761281e-07,100.0,1.0000008344650269,mlp,embedding
3991,51896,NaN,NaN,NaN,NaN,7.261480732267955e-07,100.0,1.0000007152557373,mlp,embedding
3992,51909,NaN,NaN,NaN,NaN,6.969270884837897e-07,100.0,1.0000007152557373,mlp,embedding
3993,51922,NaN,NaN,NaN,NaN,6.158919063636858e-07,100.0,1.0000005960464478,mlp,embedding
3994,51935,NaN,NaN,NaN,NaN,5.845582222718804e-07,100.0,1.0000005960464478,mlp,embedding
3995,51948,NaN,NaN,NaN,NaN,5.315632733982056e-07,100.0,1.0000004768371582,mlp,embedding
3996,51961,NaN,NaN,NaN,NaN,4.891244884674961e-07,100.0,1.0000004768371582,mlp,embedding
3997,51974,NaN,NaN,NaN,NaN,4.532732305051468e-07,100.0,1.0000004768371582,mlp,embedding
3998,51987,NaN,NaN,NaN,NaN,4.2464293414923304e-07,100.0,1.0000004768371582,mlp,embedding
3999,52000,NaN,NaN,NaN,NaN,4.288215507131099e-07,100.0,1.0000004768371582,mlp,embedding
4000,52013,NaN,NaN,NaN,NaN,3.878623147102189e-07,100.0,1.0000003576278687,mlp,embedding
4001,52026,NaN,NaN,NaN,NaN,3.9039574062371685e-07,100.0,1.0000003576278687,mlp,embedding
4002,52039,NaN,NaN,NaN,NaN,3.849907841413369e-07,100.0,1.0000003576278687,mlp,embedding
4003,52052,NaN,NaN,NaN,NaN,0.7471765279769897,80.83599090576172,2.1110310554504395,mlp,embedding
4004,52065,NaN,NaN,NaN,NaN,0.3137812614440918,92.84449005126953,1.3685903549194336,mlp,embedding
4005,52078,NaN,NaN,NaN,NaN,0.019654041156172752,99.4332275390625,1.0198484659194946,mlp,embedding
4006,52091,NaN,NaN,NaN,NaN,0.003394382307305932,99.9645767211914,1.003400206565857,mlp,embedding
4007,52104,NaN,NaN,NaN,NaN,0.0013584742555394769,100.0,1.0013593435287476,mlp,embedding
4008,52117,NaN,NaN,NaN,NaN,0.0006240064394660294,100.0,1.000624179840088,mlp,embedding
4009,52130,NaN,NaN,NaN,NaN,0.0003921877942048013,100.0,1.0003923177719116,mlp,embedding
4010,52143,NaN,NaN,NaN,NaN,0.0002958512050099671,100.0,1.000295877456665,mlp,embedding
4011,52156,NaN,NaN,NaN,NaN,0.0002450397878419608,100.0,1.0002450942993164,mlp,embedding
4012,52169,NaN,NaN,NaN,NaN,0.00020945073629263788,100.0,1.0002094507217407,mlp,embedding
4013,52182,NaN,NaN,NaN,NaN,0.0001822111225919798,100.0,1.0001822710037231,mlp,embedding
4014,52195,NaN,NaN,NaN,NaN,0.00015895966498646885,100.0,1.0001590251922607,mlp,embedding
4015,52208,NaN,NaN,NaN,NaN,0.00013988022692501545,100.0,1.000139832496643,mlp,embedding
4016,52221,NaN,NaN,NaN,NaN,0.0001212000279338099,100.0,1.0001212358474731,mlp,embedding
4017,52234,NaN,NaN,NaN,NaN,0.00010572847531875595,100.0,1.0001057386398315,mlp,embedding
4018,52247,NaN,NaN,NaN,NaN,9.279921505367383e-05,100.0,1.0000927448272705,mlp,embedding
4019,52260,NaN,NaN,NaN,NaN,8.172549132723361e-05,100.0,1.0000817775726318,mlp,embedding
4020,52273,NaN,NaN,NaN,NaN,7.173539052018896e-05,100.0,1.0000717639923096,mlp,embedding
4021,52286,3.417615880607627e-05,100.0,1.000034213066101,0.001,6.317582301562652e-05,100.0,1.000063180923462,mlp,embedding
4022,52299,NaN,NaN,NaN,NaN,5.567819607676938e-05,100.0,1.0000556707382202,mlp,embedding
4023,52312,NaN,NaN,NaN,NaN,4.910719508188777e-05,100.0,1.000049114227295,mlp,embedding
4024,52325,NaN,NaN,NaN,NaN,4.369712041807361e-05,100.0,1.0000437498092651,mlp,embedding
4025,52338,NaN,NaN,NaN,NaN,3.9200123865157366e-05,100.0,1.0000392198562622,mlp,embedding
4026,52351,NaN,NaN,NaN,NaN,3.488458605716005e-05,100.0,1.0000349283218384,mlp,embedding
4027,52364,NaN,NaN,NaN,NaN,3.1485429644817486e-05,100.0,1.0000314712524414,mlp,embedding
4028,52377,NaN,NaN,NaN,NaN,2.829902405210305e-05,100.0,1.0000282526016235,mlp,embedding
4029,52390,NaN,NaN,NaN,NaN,2.5873157937894575e-05,100.0,1.0000258684158325,mlp,embedding
4030,52403,NaN,NaN,NaN,NaN,2.3643819076824002e-05,100.0,1.000023603439331,mlp,embedding
4031,52416,NaN,NaN,NaN,NaN,2.1624829969368875e-05,100.0,1.0000215768814087,mlp,embedding
4032,52429,NaN,NaN,NaN,NaN,1.999119012907613e-05,100.0,1.0000200271606445,mlp,embedding
4033,52442,NaN,NaN,NaN,NaN,1.8478649508324452e-05,100.0,1.0000184774398804,mlp,embedding
4034,52455,NaN,NaN,NaN,NaN,1.7182874216814525e-05,100.0,1.0000171661376953,mlp,embedding
4035,52468,NaN,NaN,NaN,NaN,1.6160447557922453e-05,100.0,1.000016212463379,mlp,embedding
4036,52481,NaN,NaN,NaN,NaN,1.5073299437062815e-05,100.0,1.0000150203704834,mlp,embedding
4037,52494,NaN,NaN,NaN,NaN,1.419959789927816e-05,100.0,1.0000141859054565,mlp,embedding
4038,52507,NaN,NaN,NaN,NaN,1.3357149327930529e-05,100.0,1.0000133514404297,mlp,embedding
4039,52520,NaN,NaN,NaN,NaN,1.2591021913976874e-05,100.0,1.0000126361846924,mlp,embedding
4040,52533,NaN,NaN,NaN,NaN,1.184513166663237e-05,100.0,1.0000118017196655,mlp,embedding
4041,52546,NaN,NaN,NaN,NaN,1.126207735069329e-05,100.0,1.0000112056732178,mlp,embedding
4042,52559,NaN,NaN,NaN,NaN,1.0557179848547094e-05,100.0,1.00001060962677,mlp,embedding
4043,52572,NaN,NaN,NaN,NaN,1.0103241038450506e-05,100.0,1.0000101327896118,mlp,embedding
4044,52585,NaN,NaN,NaN,NaN,9.451737241761293e-06,100.0,1.0000094175338745,mlp,embedding
4045,52598,NaN,NaN,NaN,NaN,8.916329534258693e-06,100.0,1.0000089406967163,mlp,embedding
4046,52611,NaN,NaN,NaN,NaN,8.458830052404664e-06,100.0,1.000008463859558,mlp,embedding
4047,52624,NaN,NaN,NaN,NaN,7.996339263627306e-06,100.0,1.0000079870224,mlp,embedding
4048,52637,NaN,NaN,NaN,NaN,7.5495104283618275e-06,100.0,1.0000075101852417,mlp,embedding
4049,52650,NaN,NaN,NaN,NaN,7.112268576747738e-06,100.0,1.000007152557373,mlp,embedding
4050,52663,NaN,NaN,NaN,NaN,6.727251275151502e-06,100.0,1.0000066757202148,mlp,embedding
4051,52676,NaN,NaN,NaN,NaN,6.338856110232882e-06,100.0,1.0000063180923462,mlp,embedding
4052,52689,NaN,NaN,NaN,NaN,5.977989076200174e-06,100.0,1.0000059604644775,mlp,embedding
4053,52702,NaN,NaN,NaN,NaN,5.639882147079334e-06,100.0,1.0000056028366089,mlp,embedding
4054,52715,NaN,NaN,NaN,NaN,5.30498482476105e-06,100.0,1.0000053644180298,mlp,embedding
4055,52728,NaN,NaN,NaN,NaN,5.00551141158212e-06,100.0,1.0000050067901611,mlp,embedding
4056,52741,NaN,NaN,NaN,NaN,4.717440788226668e-06,100.0,1.000004768371582,mlp,embedding
4057,52754,NaN,NaN,NaN,NaN,4.429200544109335e-06,100.0,1.0000044107437134,mlp,embedding
4058,52767,NaN,NaN,NaN,NaN,4.185254965705099e-06,100.0,1.0000041723251343,mlp,embedding
4059,52780,NaN,NaN,NaN,NaN,3.92576976082637e-06,100.0,1.0000039339065552,mlp,embedding
4060,52793,NaN,NaN,NaN,NaN,3.7006147977081127e-06,100.0,1.000003695487976,mlp,embedding
4061,52806,1.9365963908057893e-06,100.0,1.0000019073486328,0.001,3.4638885608728742e-06,100.0,1.000003457069397,mlp,embedding
4062,52819,NaN,NaN,NaN,NaN,3.278932354078279e-06,100.0,1.0000033378601074,mlp,embedding
4063,52832,NaN,NaN,NaN,NaN,3.0821943255432416e-06,100.0,1.0000030994415283,mlp,embedding
4064,52845,NaN,NaN,NaN,NaN,2.903699169110041e-06,100.0,1.0000028610229492,mlp,embedding
4065,52858,NaN,NaN,NaN,NaN,2.7187859359401045e-06,100.0,1.0000027418136597,mlp,embedding
4066,52871,NaN,NaN,NaN,NaN,2.5775341327971546e-06,100.0,1.0000026226043701,mlp,embedding
4067,52884,NaN,NaN,NaN,NaN,2.4112841856549494e-06,100.0,1.000002384185791,mlp,embedding
4068,52897,NaN,NaN,NaN,NaN,2.2741296561434865e-06,100.0,1.0000022649765015,mlp,embedding
4069,52910,NaN,NaN,NaN,NaN,2.127599827872473e-06,100.0,1.000002145767212,mlp,embedding
4070,52923,NaN,NaN,NaN,NaN,2.0154441244812915e-06,100.0,1.0000020265579224,mlp,embedding
4071,52936,NaN,NaN,NaN,NaN,1.8950523781313677e-06,100.0,1.0000019073486328,mlp,embedding
4072,52949,NaN,NaN,NaN,NaN,1.7762669131116127e-06,100.0,1.0000017881393433,mlp,embedding
4073,52962,NaN,NaN,NaN,NaN,1.6693045381543925e-06,100.0,1.0000016689300537,mlp,embedding
4074,52975,NaN,NaN,NaN,NaN,1.5734472071926575e-06,100.0,1.0000015497207642,mlp,embedding
4075,52988,NaN,NaN,NaN,NaN,1.4917783346390934e-06,100.0,1.0000015497207642,mlp,embedding
4076,53001,NaN,NaN,NaN,NaN,1.4090966260482674e-06,100.0,1.0000014305114746,mlp,embedding
4077,53014,NaN,NaN,NaN,NaN,1.3205873301558313e-06,100.0,1.000001311302185,mlp,embedding
4078,53027,NaN,NaN,NaN,NaN,1.2397224509186344e-06,100.0,1.0000011920928955,mlp,embedding
4079,53040,NaN,NaN,NaN,NaN,1.1732545317499898e-06,100.0,1.0000011920928955,mlp,embedding
4080,53053,NaN,NaN,NaN,NaN,1.1065349099226296e-06,100.0,1.000001072883606,mlp,embedding
4081,53066,NaN,NaN,NaN,NaN,1.0201805480392068e-06,100.0,1.000001072883606,mlp,embedding
4082,53079,NaN,NaN,NaN,NaN,9.59498265729053e-07,100.0,1.0000009536743164,mlp,embedding
4083,53092,NaN,NaN,NaN,NaN,9.067131259143935e-07,100.0,1.0000009536743164,mlp,embedding
4084,53105,NaN,NaN,NaN,NaN,8.228083174799394e-07,100.0,1.0000008344650269,mlp,embedding
4085,53118,NaN,NaN,NaN,NaN,7.660115670660161e-07,100.0,1.0000007152557373,mlp,embedding
4086,53131,NaN,NaN,NaN,NaN,7.025857371445454e-07,100.0,1.0000007152557373,mlp,embedding
4087,53144,NaN,NaN,NaN,NaN,6.524190325762902e-07,100.0,1.0000005960464478,mlp,embedding
4088,53157,NaN,NaN,NaN,NaN,6.174535656100488e-07,100.0,1.0000005960464478,mlp,embedding
4089,53170,NaN,NaN,NaN,NaN,5.588423732660885e-07,100.0,1.0000005960464478,mlp,embedding
4090,53183,NaN,NaN,NaN,NaN,5.054249072600214e-07,100.0,1.0000004768371582,mlp,embedding
4091,53196,NaN,NaN,NaN,NaN,4.610857615716668e-07,100.0,1.0000004768371582,mlp,embedding
4092,53209,NaN,NaN,NaN,NaN,4.2916110487567494e-07,100.0,1.0000004768371582,mlp,embedding
4093,53222,NaN,NaN,NaN,NaN,3.887493278398324e-07,100.0,1.0000003576278687,mlp,embedding
4094,53235,NaN,NaN,NaN,NaN,3.708869655838498e-07,100.0,1.0000003576278687,mlp,embedding
4095,53248,NaN,NaN,NaN,NaN,3.435656878991722e-07,100.0,1.0000003576278687,mlp,embedding
4096,53261,NaN,NaN,NaN,NaN,3.4229879020131193e-07,100.0,1.0000003576278687,mlp,embedding
4097,53274,NaN,NaN,NaN,NaN,3.157376795570599e-07,100.0,1.0000003576278687,mlp,embedding
4098,53287,NaN,NaN,NaN,NaN,3.396805539068737e-07,100.0,1.0000003576278687,mlp,embedding
4099,53300,NaN,NaN,NaN,NaN,4.075823198945727e-07,100.0,1.0000003576278687,mlp,embedding
4100,53313,NaN,NaN,NaN,NaN,5.089324474334717,51.328372955322266,162.2801971435547,mlp,embedding
4101,53326,0.9243652820587158,86.7446060180664,2.520268201828003,0.001,0.18115849792957306,97.6974868774414,1.1986051797866821,mlp,embedding
4102,53339,NaN,NaN,NaN,NaN,0.013645114377140999,99.71661376953125,1.0137386322021484,mlp,embedding
4103,53352,NaN,NaN,NaN,NaN,0.0024711505975574255,99.92915344238281,1.0024741888046265,mlp,embedding
4104,53365,NaN,NaN,NaN,NaN,0.0007820468163117766,100.0,1.0007823705673218,mlp,embedding
4105,53378,NaN,NaN,NaN,NaN,0.00041426054667681456,100.0,1.0004143714904785,mlp,embedding
4106,53391,NaN,NaN,NaN,NaN,0.0003110742836724967,100.0,1.0003111362457275,mlp,embedding
4107,53404,NaN,NaN,NaN,NaN,0.000255724648013711,100.0,1.0002557039260864,mlp,embedding
4108,53417,NaN,NaN,NaN,NaN,0.00022013112902641296,100.0,1.0002201795578003,mlp,embedding
4109,53430,NaN,NaN,NaN,NaN,0.000192465799045749,100.0,1.0001925230026245,mlp,embedding
4110,53443,NaN,NaN,NaN,NaN,0.0001684991584625095,100.0,1.0001685619354248,mlp,embedding
4111,53456,NaN,NaN,NaN,NaN,0.00014931656187400222,100.0,1.0001493692398071,mlp,embedding
4112,53469,NaN,NaN,NaN,NaN,0.0001327602512901649,100.0,1.0001327991485596,mlp,embedding
4113,53482,NaN,NaN,NaN,NaN,0.00011816382175311446,100.0,1.0001181364059448,mlp,embedding
4114,53495,NaN,NaN,NaN,NaN,0.00010507404658710584,100.0,1.0001050233840942,mlp,embedding
4115,53508,NaN,NaN,NaN,NaN,9.350983600597829e-05,100.0,1.0000934600830078,mlp,embedding
4116,53521,NaN,NaN,NaN,NaN,8.359678031411022e-05,100.0,1.000083565711975,mlp,embedding
4117,53534,NaN,NaN,NaN,NaN,7.455847662640736e-05,100.0,1.0000745058059692,mlp,embedding
4118,53547,NaN,NaN,NaN,NaN,6.662477971985936e-05,100.0,1.0000666379928589,mlp,embedding
4119,53560,NaN,NaN,NaN,NaN,5.964870797470212e-05,100.0,1.0000596046447754,mlp,embedding
4120,53573,NaN,NaN,NaN,NaN,5.332777072908357e-05,100.0,1.0000532865524292,mlp,embedding
4121,53586,NaN,NaN,NaN,NaN,4.7592307964805514e-05,100.0,1.0000475645065308,mlp,embedding
4122,53599,NaN,NaN,NaN,NaN,4.2634637793526053e-05,100.0,1.0000426769256592,mlp,embedding
4123,53612,NaN,NaN,NaN,NaN,3.8107369618956e-05,100.0,1.0000381469726562,mlp,embedding
4124,53625,NaN,NaN,NaN,NaN,3.412849036976695e-05,100.0,1.0000340938568115,mlp,embedding
4125,53638,NaN,NaN,NaN,NaN,3.056342029594816e-05,100.0,1.000030517578125,mlp,embedding
4126,53651,NaN,NaN,NaN,NaN,2.742356082308106e-05,100.0,1.0000274181365967,mlp,embedding
4127,53664,NaN,NaN,NaN,NaN,2.474157554388512e-05,100.0,1.0000247955322266,mlp,embedding
4128,53677,NaN,NaN,NaN,NaN,2.2245836589718238e-05,100.0,1.000022292137146,mlp,embedding
4129,53690,NaN,NaN,NaN,NaN,2.00273407244822e-05,100.0,1.0000200271606445,mlp,embedding
4130,53703,NaN,NaN,NaN,NaN,1.805540159693919e-05,100.0,1.0000180006027222,mlp,embedding
4131,53716,NaN,NaN,NaN,NaN,1.6311669241986237e-05,100.0,1.0000163316726685,mlp,embedding
4132,53729,NaN,NaN,NaN,NaN,1.4749375623068772e-05,100.0,1.0000147819519043,mlp,embedding
4133,53742,NaN,NaN,NaN,NaN,1.3378983567235991e-05,100.0,1.0000133514404297,mlp,embedding
4134,53755,NaN,NaN,NaN,NaN,1.2174966286693234e-05,100.0,1.0000121593475342,mlp,embedding
4135,53768,NaN,NaN,NaN,NaN,1.107148182200035e-05,100.0,1.0000110864639282,mlp,embedding
4136,53781,NaN,NaN,NaN,NaN,1.0118047612195369e-05,100.0,1.0000101327896118,mlp,embedding
4137,53794,NaN,NaN,NaN,NaN,9.250871698895935e-06,100.0,1.000009298324585,mlp,embedding
4138,53807,NaN,NaN,NaN,NaN,8.484063982905354e-06,100.0,1.000008463859558,mlp,embedding
4139,53820,NaN,NaN,NaN,NaN,7.80695063440362e-06,100.0,1.0000077486038208,mlp,embedding
4140,53833,NaN,NaN,NaN,NaN,7.209285740827909e-06,100.0,1.000007152557373,mlp,embedding
4141,53846,NaN,NaN,NaN,NaN,6.672369181615068e-06,100.0,1.0000066757202148,mlp,embedding
4142,53859,3.7948741464788327e-06,100.0,1.0000038146972656,0.001,6.1966702560312115e-06,100.0,1.0000061988830566,mlp,embedding
4143,53872,NaN,NaN,NaN,NaN,5.7673682931635994e-06,100.0,1.0000057220458984,mlp,embedding
4144,53885,NaN,NaN,NaN,NaN,5.3842995839659125e-06,100.0,1.0000053644180298,mlp,embedding
4145,53898,NaN,NaN,NaN,NaN,5.041427812102484e-06,100.0,1.0000050067901611,mlp,embedding
4146,53911,NaN,NaN,NaN,NaN,4.737569724966306e-06,100.0,1.000004768371582,mlp,embedding
4147,53924,NaN,NaN,NaN,NaN,4.457229806575924e-06,100.0,1.0000044107437134,mlp,embedding
4148,53937,NaN,NaN,NaN,NaN,4.206953690299997e-06,100.0,1.0000041723251343,mlp,embedding
4149,53950,NaN,NaN,NaN,NaN,3.976691914431285e-06,100.0,1.0000039339065552,mlp,embedding
4150,53963,NaN,NaN,NaN,NaN,3.7703289308410604e-06,100.0,1.0000038146972656,mlp,embedding
4151,53976,NaN,NaN,NaN,NaN,3.5743119042308535e-06,100.0,1.0000035762786865,mlp,embedding
4152,53989,NaN,NaN,NaN,NaN,3.3881740364449797e-06,100.0,1.0000033378601074,mlp,embedding
4153,54002,NaN,NaN,NaN,NaN,3.2231091608991846e-06,100.0,1.0000032186508179,mlp,embedding
4154,54015,NaN,NaN,NaN,NaN,3.0664875794172985e-06,100.0,1.0000030994415283,mlp,embedding
4155,54028,NaN,NaN,NaN,NaN,2.9177633678045822e-06,100.0,1.0000028610229492,mlp,embedding
4156,54041,NaN,NaN,NaN,NaN,2.7808193863165798e-06,100.0,1.0000027418136597,mlp,embedding
4157,54054,NaN,NaN,NaN,NaN,2.640160118971835e-06,100.0,1.0000026226043701,mlp,embedding
4158,54067,NaN,NaN,NaN,NaN,2.5119149995589396e-06,100.0,1.0000025033950806,mlp,embedding
4159,54080,NaN,NaN,NaN,NaN,2.3816016891942127e-06,100.0,1.000002384185791,mlp,embedding
4160,54093,NaN,NaN,NaN,NaN,2.268684966111323e-06,100.0,1.0000022649765015,mlp,embedding
4161,54106,NaN,NaN,NaN,NaN,2.145464804925723e-06,100.0,1.000002145767212,mlp,embedding
4162,54119,NaN,NaN,NaN,NaN,2.036559635598678e-06,100.0,1.0000020265579224,mlp,embedding
4163,54132,NaN,NaN,NaN,NaN,1.9320464161864948e-06,100.0,1.0000019073486328,mlp,embedding
4164,54145,NaN,NaN,NaN,NaN,1.830531232371868e-06,100.0,1.0000017881393433,mlp,embedding
4165,54158,NaN,NaN,NaN,NaN,1.7262287883568206e-06,100.0,1.0000016689300537,mlp,embedding
4166,54171,NaN,NaN,NaN,NaN,1.6476428754685912e-06,100.0,1.0000016689300537,mlp,embedding
4167,54184,NaN,NaN,NaN,NaN,1.554193090669287e-06,100.0,1.0000015497207642,mlp,embedding
4168,54197,NaN,NaN,NaN,NaN,1.4683441804663744e-06,100.0,1.0000014305114746,mlp,embedding
4169,54210,NaN,NaN,NaN,NaN,1.3945727914688177e-06,100.0,1.0000014305114746,mlp,embedding
4170,54223,NaN,NaN,NaN,NaN,1.3238409337645862e-06,100.0,1.000001311302185,mlp,embedding
4171,54236,NaN,NaN,NaN,NaN,1.243650444848754e-06,100.0,1.0000011920928955,mlp,embedding
4172,54249,NaN,NaN,NaN,NaN,1.1838980071843253e-06,100.0,1.0000011920928955,mlp,embedding
4173,54262,NaN,NaN,NaN,NaN,1.1188672033313196e-06,100.0,1.000001072883606,mlp,embedding
4174,54275,NaN,NaN,NaN,NaN,1.058608290804841e-06,100.0,1.000001072883606,mlp,embedding
4175,54288,NaN,NaN,NaN,NaN,9.926067150445306e-07,100.0,1.0000009536743164,mlp,embedding
4176,54301,NaN,NaN,NaN,NaN,9.323897529611713e-07,100.0,1.0000009536743164,mlp,embedding
4177,54314,NaN,NaN,NaN,NaN,8.826876296552655e-07,100.0,1.0000008344650269,mlp,embedding
4178,54327,NaN,NaN,NaN,NaN,8.196417411454604e-07,100.0,1.0000008344650269,mlp,embedding
4179,54340,NaN,NaN,NaN,NaN,7.729378808107867e-07,100.0,1.0000007152557373,mlp,embedding
4180,54353,NaN,NaN,NaN,NaN,7.099763479345711e-07,100.0,1.0000007152557373,mlp,embedding
4181,54366,NaN,NaN,NaN,NaN,6.661438760602323e-07,100.0,1.0000007152557373,mlp,embedding
4182,54379,NaN,NaN,NaN,NaN,6.188909651427821e-07,100.0,1.0000005960464478,mlp,embedding
4183,54392,2.679765316315752e-07,100.0,1.000000238418579,0.001,5.719758178202028e-07,100.0,1.0000005960464478,mlp,embedding
4184,54405,NaN,NaN,NaN,NaN,5.371800853026798e-07,100.0,1.0000005960464478,mlp,embedding
4185,54418,NaN,NaN,NaN,NaN,4.950789502800035e-07,100.0,1.0000004768371582,mlp,embedding
4186,54431,NaN,NaN,NaN,NaN,4.503176853631885e-07,100.0,1.0000004768371582,mlp,embedding
4187,54444,NaN,NaN,NaN,NaN,4.216449838168046e-07,100.0,1.0000004768371582,mlp,embedding
4188,54457,NaN,NaN,NaN,NaN,3.958860759212257e-07,100.0,1.0000003576278687,mlp,embedding
4189,54470,NaN,NaN,NaN,NaN,3.737164888661937e-07,100.0,1.0000003576278687,mlp,embedding
4190,54483,NaN,NaN,NaN,NaN,3.5889442528969084e-07,100.0,1.0000003576278687,mlp,embedding
4191,54496,NaN,NaN,NaN,NaN,3.386673483873892e-07,100.0,1.0000003576278687,mlp,embedding
4192,54509,NaN,NaN,NaN,NaN,3.411587954360584e-07,100.0,1.0000003576278687,mlp,embedding
4193,54522,NaN,NaN,NaN,NaN,3.270547495048959e-07,100.0,1.0000003576278687,mlp,embedding
4194,54535,NaN,NaN,NaN,NaN,3.4918193136945774e-07,100.0,1.0000003576278687,mlp,embedding
4195,54548,NaN,NaN,NaN,NaN,3.839776070435619e-07,100.0,1.0000003576278687,mlp,embedding
4196,54561,NaN,NaN,NaN,NaN,0.9171124696731567,84.9450912475586,2.5020551681518555,mlp,embedding
4197,54574,NaN,NaN,NaN,NaN,0.031436190009117126,98.97272491455078,1.0319355726242065,mlp,embedding
4198,54587,NaN,NaN,NaN,NaN,0.0022663564886897802,100.0,1.00226891040802,mlp,embedding
4199,54600,NaN,NaN,NaN,NaN,0.0005091195926070213,100.0,1.000509262084961,mlp,embedding
4200,54613,NaN,NaN,NaN,NaN,0.00034685307764448225,100.0,1.0003468990325928,mlp,embedding
4201,54626,NaN,NaN,NaN,NaN,0.00025489841937087476,100.0,1.0002549886703491,mlp,embedding
4202,54639,NaN,NaN,NaN,NaN,0.00020532550115603954,100.0,1.000205397605896,mlp,embedding
4203,54652,NaN,NaN,NaN,NaN,0.00017421251686755568,100.0,1.0001742839813232,mlp,embedding
4204,54665,NaN,NaN,NaN,NaN,0.00015227858966682106,100.0,1.000152349472046,mlp,embedding
4205,54678,NaN,NaN,NaN,NaN,0.00013574821059592068,100.0,1.0001357793807983,mlp,embedding
4206,54691,NaN,NaN,NaN,NaN,0.00012168077228125185,100.0,1.0001217126846313,mlp,embedding
4207,54704,NaN,NaN,NaN,NaN,0.00010976637713611126,100.0,1.0001097917556763,mlp,embedding
4208,54717,NaN,NaN,NaN,NaN,9.972092811949551e-05,100.0,1.000099778175354,mlp,embedding
4209,54730,NaN,NaN,NaN,NaN,9.073477849597111e-05,100.0,1.0000907182693481,mlp,embedding
4210,54743,NaN,NaN,NaN,NaN,8.270380203612149e-05,100.0,1.0000827312469482,mlp,embedding
4211,54756,NaN,NaN,NaN,NaN,7.537403871538118e-05,100.0,1.000075340270996,mlp,embedding
4212,54769,NaN,NaN,NaN,NaN,6.882923480588943e-05,100.0,1.0000687837600708,mlp,embedding
4213,54782,NaN,NaN,NaN,NaN,6.302506517386064e-05,100.0,1.0000630617141724,mlp,embedding
4214,54795,NaN,NaN,NaN,NaN,5.772207441623323e-05,100.0,1.0000576972961426,mlp,embedding
4215,54808,NaN,NaN,NaN,NaN,5.280294135445729e-05,100.0,1.000052809715271,mlp,embedding
4216,54821,NaN,NaN,NaN,NaN,4.8292309656972066e-05,100.0,1.000048279762268,mlp,embedding
4217,54834,NaN,NaN,NaN,NaN,4.435626033227891e-05,100.0,1.000044345855713,mlp,embedding
4218,54847,NaN,NaN,NaN,NaN,4.054878081660718e-05,100.0,1.0000405311584473,mlp,embedding
4219,54860,NaN,NaN,NaN,NaN,3.720643508131616e-05,100.0,1.0000371932983398,mlp,embedding
4220,54873,NaN,NaN,NaN,NaN,3.4015076380455866e-05,100.0,1.000033974647522,mlp,embedding
4221,54886,NaN,NaN,NaN,NaN,3.113903949270025e-05,100.0,1.0000311136245728,mlp,embedding
4222,54899,NaN,NaN,NaN,NaN,2.847137875505723e-05,100.0,1.0000284910202026,mlp,embedding
4223,54912,NaN,NaN,NaN,NaN,2.6103638447239064e-05,100.0,1.0000261068344116,mlp,embedding
4224,54925,1.5052176422614139e-05,100.0,1.0000150203704834,0.001,2.3874219550634734e-05,100.0,1.0000238418579102,mlp,embedding
4225,54938,NaN,NaN,NaN,NaN,2.1882386135985143e-05,100.0,1.0000219345092773,mlp,embedding
4226,54951,NaN,NaN,NaN,NaN,2.007577677431982e-05,100.0,1.0000200271606445,mlp,embedding
4227,54964,NaN,NaN,NaN,NaN,1.8403907233732753e-05,100.0,1.0000183582305908,mlp,embedding
4228,54977,NaN,NaN,NaN,NaN,1.6863046766957268e-05,100.0,1.0000168085098267,mlp,embedding
4229,54990,NaN,NaN,NaN,NaN,1.5458965208381414e-05,100.0,1.0000154972076416,mlp,embedding
4230,55003,NaN,NaN,NaN,NaN,1.4180927792040166e-05,100.0,1.0000141859054565,mlp,embedding
4231,55016,NaN,NaN,NaN,NaN,1.3030925401835702e-05,100.0,1.000012993812561,mlp,embedding
4232,55029,NaN,NaN,NaN,NaN,1.1942557648580987e-05,100.0,1.000011920928955,mlp,embedding
4233,55042,NaN,NaN,NaN,NaN,1.0986121196765453e-05,100.0,1.0000109672546387,mlp,embedding
4234,55055,NaN,NaN,NaN,NaN,1.0140378435608e-05,100.0,1.0000101327896118,mlp,embedding
4235,55068,NaN,NaN,NaN,NaN,9.323502126790117e-06,100.0,1.000009298324585,mlp,embedding
4236,55081,NaN,NaN,NaN,NaN,8.595660801802296e-06,100.0,1.0000085830688477,mlp,embedding
4237,55094,NaN,NaN,NaN,NaN,7.956895387906116e-06,100.0,1.0000079870224,mlp,embedding
4238,55107,NaN,NaN,NaN,NaN,7.3642813731567e-06,100.0,1.0000073909759521,mlp,embedding
4239,55120,NaN,NaN,NaN,NaN,6.817680514359381e-06,100.0,1.0000067949295044,mlp,embedding
4240,55133,NaN,NaN,NaN,NaN,6.327191840682644e-06,100.0,1.0000063180923462,mlp,embedding
4241,55146,NaN,NaN,NaN,NaN,5.879561740584904e-06,100.0,1.000005841255188,mlp,embedding
4242,55159,NaN,NaN,NaN,NaN,5.4716192607884295e-06,100.0,1.0000054836273193,mlp,embedding
4243,55172,NaN,NaN,NaN,NaN,5.1048441491730046e-06,100.0,1.0000051259994507,mlp,embedding
4244,55185,NaN,NaN,NaN,NaN,4.760910996992607e-06,100.0,1.000004768371582,mlp,embedding
4245,55198,NaN,NaN,NaN,NaN,4.451645963854389e-06,100.0,1.0000044107437134,mlp,embedding
4246,55211,NaN,NaN,NaN,NaN,4.180001724307658e-06,100.0,1.0000041723251343,mlp,embedding
4247,55224,NaN,NaN,NaN,NaN,3.911060503014596e-06,100.0,1.0000039339065552,mlp,embedding
4248,55237,NaN,NaN,NaN,NaN,3.6586725400411524e-06,100.0,1.000003695487976,mlp,embedding
4249,55250,NaN,NaN,NaN,NaN,3.436685574342846e-06,100.0,1.000003457069397,mlp,embedding
4250,55263,NaN,NaN,NaN,NaN,3.2461566661368124e-06,100.0,1.0000032186508179,mlp,embedding
4251,55276,NaN,NaN,NaN,NaN,3.0586263619625242e-06,100.0,1.0000030994415283,mlp,embedding
4252,55289,NaN,NaN,NaN,NaN,2.8762051442754455e-06,100.0,1.0000028610229492,mlp,embedding
4253,55302,NaN,NaN,NaN,NaN,2.7161213438375853e-06,100.0,1.0000027418136597,mlp,embedding
4254,55315,NaN,NaN,NaN,NaN,2.5651590931374812e-06,100.0,1.0000026226043701,mlp,embedding
4255,55328,NaN,NaN,NaN,NaN,2.4217549707827857e-06,100.0,1.000002384185791,mlp,embedding
4256,55341,NaN,NaN,NaN,NaN,2.281898559886031e-06,100.0,1.0000022649765015,mlp,embedding
4257,55354,NaN,NaN,NaN,NaN,2.162901409974438e-06,100.0,1.000002145767212,mlp,embedding
4258,55367,NaN,NaN,NaN,NaN,2.0445379504963057e-06,100.0,1.0000020265579224,mlp,embedding
4259,55380,NaN,NaN,NaN,NaN,1.9321294075780315e-06,100.0,1.0000019073486328,mlp,embedding
4260,55393,NaN,NaN,NaN,NaN,1.8291783590029809e-06,100.0,1.0000017881393433,mlp,embedding
4261,55406,NaN,NaN,NaN,NaN,1.7372486809108523e-06,100.0,1.0000017881393433,mlp,embedding
4262,55419,NaN,NaN,NaN,NaN,1.635649596209987e-06,100.0,1.0000016689300537,mlp,embedding
4263,55432,NaN,NaN,NaN,NaN,1.551743594063737e-06,100.0,1.0000015497207642,mlp,embedding
4264,55445,NaN,NaN,NaN,NaN,1.4644168686572812e-06,100.0,1.0000014305114746,mlp,embedding
4265,55458,NaN,NaN,NaN,NaN,1.391236196468526e-06,100.0,1.0000014305114746,mlp,embedding
4266,55471,6.799597827011894e-07,100.0,1.0000007152557373,0.001,1.312735093961237e-06,100.0,1.000001311302185,mlp,embedding
4267,55484,NaN,NaN,NaN,NaN,1.2414546972649987e-06,100.0,1.0000011920928955,mlp,embedding
4268,55497,NaN,NaN,NaN,NaN,1.1633334224825376e-06,100.0,1.0000011920928955,mlp,embedding
4269,55510,NaN,NaN,NaN,NaN,1.1015964673788403e-06,100.0,1.000001072883606,mlp,embedding
4270,55523,NaN,NaN,NaN,NaN,1.0275290378558566e-06,100.0,1.000001072883606,mlp,embedding
4271,55536,NaN,NaN,NaN,NaN,9.67270125329378e-07,100.0,1.0000009536743164,mlp,embedding
4272,55549,NaN,NaN,NaN,NaN,8.965809001892922e-07,100.0,1.0000009536743164,mlp,embedding
4273,55562,NaN,NaN,NaN,NaN,8.391933192797296e-07,100.0,1.0000008344650269,mlp,embedding
4274,55575,NaN,NaN,NaN,NaN,7.844237757126393e-07,100.0,1.0000008344650269,mlp,embedding
4275,55588,NaN,NaN,NaN,NaN,7.19646436664334e-07,100.0,1.0000007152557373,mlp,embedding
4276,55601,NaN,NaN,NaN,NaN,6.69859844038001e-07,100.0,1.0000007152557373,mlp,embedding
4277,55614,NaN,NaN,NaN,NaN,6.192710770847043e-07,100.0,1.0000005960464478,mlp,embedding
4278,55627,NaN,NaN,NaN,NaN,5.74256148411223e-07,100.0,1.0000005960464478,mlp,embedding
4279,55640,NaN,NaN,NaN,NaN,5.215559326643415e-07,100.0,1.0000004768371582,mlp,embedding
4280,55653,NaN,NaN,NaN,NaN,4.897161716144183e-07,100.0,1.0000004768371582,mlp,embedding
4281,55666,NaN,NaN,NaN,NaN,4.507399182784866e-07,100.0,1.0000004768371582,mlp,embedding
4282,55679,NaN,NaN,NaN,NaN,4.116792524655466e-07,100.0,1.0000003576278687,mlp,embedding
4283,55692,NaN,NaN,NaN,NaN,3.933945436074282e-07,100.0,1.0000003576278687,mlp,embedding
4284,55705,NaN,NaN,NaN,NaN,3.56867559503371e-07,100.0,1.0000003576278687,mlp,embedding
4285,55718,NaN,NaN,NaN,NaN,3.5462949199427385e-07,100.0,1.0000003576278687,mlp,embedding
4286,55731,NaN,NaN,NaN,NaN,3.463950406512595e-07,100.0,1.0000003576278687,mlp,embedding
4287,55744,NaN,NaN,NaN,NaN,3.2726580911912606e-07,100.0,1.0000003576278687,mlp,embedding
4288,55757,NaN,NaN,NaN,NaN,3.4457917763575097e-07,100.0,1.0000003576278687,mlp,embedding
4289,55770,NaN,NaN,NaN,NaN,3.798814987021615e-07,100.0,1.0000003576278687,mlp,embedding
4290,55783,NaN,NaN,NaN,NaN,3.4238331636515795e-07,100.0,1.0000003576278687,mlp,embedding
4291,55796,NaN,NaN,NaN,NaN,0.2823020815849304,93.0216064453125,1.3261792659759521,mlp,embedding
4292,55809,NaN,NaN,NaN,NaN,0.09816993772983551,96.35139465332031,1.1031502485275269,mlp,embedding
4293,55822,NaN,NaN,NaN,NaN,0.004446480888873339,99.9645767211914,1.0044564008712769,mlp,embedding
4294,55835,NaN,NaN,NaN,NaN,0.0010317416163161397,100.0,1.0010322332382202,mlp,embedding
4295,55848,NaN,NaN,NaN,NaN,0.0004568587173707783,100.0,1.0004569292068481,mlp,embedding
4296,55861,NaN,NaN,NaN,NaN,0.00027536615380086005,100.0,1.0002753734588623,mlp,embedding
4297,55874,NaN,NaN,NaN,NaN,0.00020721156033687294,100.0,1.0002071857452393,mlp,embedding
4298,55887,NaN,NaN,NaN,NaN,0.00017350504640489817,100.0,1.000173568725586,mlp,embedding
4299,55900,NaN,NaN,NaN,NaN,0.0001507393317297101,100.0,1.0001507997512817,mlp,embedding
4300,55913,NaN,NaN,NaN,NaN,0.0001333392719971016,100.0,1.0001333951950073,mlp,embedding
4301,55926,NaN,NaN,NaN,NaN,0.00011915632785530761,100.0,1.0001192092895508,mlp,embedding
4302,55939,NaN,NaN,NaN,NaN,0.000107048217614647,100.0,1.0001070499420166,mlp,embedding
4303,55952,NaN,NaN,NaN,NaN,9.632936416892335e-05,100.0,1.000096321105957,mlp,embedding
4304,55965,NaN,NaN,NaN,NaN,8.698998135514557e-05,100.0,1.000087022781372,mlp,embedding
4305,55978,NaN,NaN,NaN,NaN,7.869122055126354e-05,100.0,1.0000786781311035,mlp,embedding
4306,55991,NaN,NaN,NaN,NaN,7.098275818862021e-05,100.0,1.0000709295272827,mlp,embedding
4307,56004,NaN,NaN,NaN,NaN,6.434167153201997e-05,100.0,1.0000643730163574,mlp,embedding
4308,56017,3.221883889636956e-05,100.0,1.0000321865081787,0.001,5.844403131050058e-05,100.0,1.0000584125518799,mlp,embedding
4309,56030,NaN,NaN,NaN,NaN,5.280410550767556e-05,100.0,1.000052809715271,mlp,embedding
4310,56043,NaN,NaN,NaN,NaN,4.780197923537344e-05,100.0,1.0000478029251099,mlp,embedding
4311,56056,NaN,NaN,NaN,NaN,4.342937972978689e-05,100.0,1.0000433921813965,mlp,embedding
4312,56069,NaN,NaN,NaN,NaN,3.9359289075946435e-05,100.0,1.0000393390655518,mlp,embedding
4313,56082,NaN,NaN,NaN,NaN,3.554700015229173e-05,100.0,1.0000355243682861,mlp,embedding
4314,56095,NaN,NaN,NaN,NaN,3.224438478355296e-05,100.0,1.0000321865081787,mlp,embedding
4315,56108,NaN,NaN,NaN,NaN,2.9295690183062106e-05,100.0,1.0000293254852295,mlp,embedding
4316,56121,NaN,NaN,NaN,NaN,2.6545199943939224e-05,100.0,1.0000265836715698,mlp,embedding
4317,56134,NaN,NaN,NaN,NaN,2.4020237106014974e-05,100.0,1.0000239610671997,mlp,embedding
4318,56147,NaN,NaN,NaN,NaN,2.1794998247059993e-05,100.0,1.0000218152999878,mlp,embedding
4319,56160,NaN,NaN,NaN,NaN,1.9696426534210332e-05,100.0,1.0000196695327759,mlp,embedding
4320,56173,NaN,NaN,NaN,NaN,1.7874954210128635e-05,100.0,1.0000178813934326,mlp,embedding
4321,56186,NaN,NaN,NaN,NaN,1.6169104128493927e-05,100.0,1.000016212463379,mlp,embedding
4322,56199,NaN,NaN,NaN,NaN,1.4636692867497914e-05,100.0,1.0000146627426147,mlp,embedding
4323,56212,NaN,NaN,NaN,NaN,1.3302623301569838e-05,100.0,1.0000133514404297,mlp,embedding
4324,56225,NaN,NaN,NaN,NaN,1.203176270792028e-05,100.0,1.0000120401382446,mlp,embedding
4325,56238,NaN,NaN,NaN,NaN,1.0922315595962573e-05,100.0,1.0000109672546387,mlp,embedding
4326,56251,NaN,NaN,NaN,NaN,9.931888598657679e-06,100.0,1.0000098943710327,mlp,embedding
4327,56264,NaN,NaN,NaN,NaN,9.018970558827277e-06,100.0,1.0000090599060059,mlp,embedding
4328,56277,NaN,NaN,NaN,NaN,8.180767508747522e-06,100.0,1.000008225440979,mlp,embedding
4329,56290,NaN,NaN,NaN,NaN,7.444944458256941e-06,100.0,1.0000073909759521,mlp,embedding
4330,56303,NaN,NaN,NaN,NaN,6.74840566716739e-06,100.0,1.0000067949295044,mlp,embedding
4331,56316,NaN,NaN,NaN,NaN,6.1440641729859635e-06,100.0,1.0000061988830566,mlp,embedding
4332,56329,NaN,NaN,NaN,NaN,5.60083663003752e-06,100.0,1.0000056028366089,mlp,embedding
4333,56342,NaN,NaN,NaN,NaN,5.11699454364134e-06,100.0,1.0000051259994507,mlp,embedding
4334,56355,NaN,NaN,NaN,NaN,4.681783138948958e-06,100.0,1.0000046491622925,mlp,embedding
4335,56368,NaN,NaN,NaN,NaN,4.297607119951863e-06,100.0,1.0000042915344238,mlp,embedding
4336,56381,NaN,NaN,NaN,NaN,3.947748609789414e-06,100.0,1.0000039339065552,mlp,embedding
4337,56394,NaN,NaN,NaN,NaN,3.6444180295802653e-06,100.0,1.000003695487976,mlp,embedding
4338,56407,NaN,NaN,NaN,NaN,3.370974582139752e-06,100.0,1.0000033378601074,mlp,embedding
4339,56420,NaN,NaN,NaN,NaN,3.122650923614856e-06,100.0,1.0000030994415283,mlp,embedding
4340,56433,NaN,NaN,NaN,NaN,2.90730235974479e-06,100.0,1.0000028610229492,mlp,embedding
4341,56446,NaN,NaN,NaN,NaN,2.7100670649815584e-06,100.0,1.0000027418136597,mlp,embedding
4342,56459,NaN,NaN,NaN,NaN,2.5449212444073055e-06,100.0,1.0000025033950806,mlp,embedding
4343,56472,NaN,NaN,NaN,NaN,2.3846728254284244e-06,100.0,1.000002384185791,mlp,embedding
4344,56485,NaN,NaN,NaN,NaN,2.2367112251231447e-06,100.0,1.0000022649765015,mlp,embedding
4345,56498,NaN,NaN,NaN,NaN,2.1055971046735067e-06,100.0,1.000002145767212,mlp,embedding
4346,56511,NaN,NaN,NaN,NaN,1.9997762592538493e-06,100.0,1.0000020265579224,mlp,embedding
4347,56524,NaN,NaN,NaN,NaN,1.8921393802884268e-06,100.0,1.0000019073486328,mlp,embedding
4348,56537,NaN,NaN,NaN,NaN,1.8009283166975365e-06,100.0,1.0000017881393433,mlp,embedding
4349,56550,NaN,NaN,NaN,NaN,1.7111109400502755e-06,100.0,1.0000016689300537,mlp,embedding
4350,56563,NaN,NaN,NaN,NaN,1.6264872328974889e-06,100.0,1.0000016689300537,mlp,embedding
4351,56576,8.619048230684712e-07,100.0,1.0000008344650269,0.001,1.5568117532893666e-06,100.0,1.0000015497207642,mlp,embedding
4352,56589,NaN,NaN,NaN,NaN,1.4877695093673537e-06,100.0,1.0000014305114746,mlp,embedding
4353,56602,NaN,NaN,NaN,NaN,1.4170805116009433e-06,100.0,1.0000014305114746,mlp,embedding
4354,56615,NaN,NaN,NaN,NaN,1.3539923884309246e-06,100.0,1.000001311302185,mlp,embedding
4355,56628,NaN,NaN,NaN,NaN,1.2974072660654201e-06,100.0,1.000001311302185,mlp,embedding
4356,56641,NaN,NaN,NaN,NaN,1.2430181186573463e-06,100.0,1.0000011920928955,mlp,embedding
4357,56654,NaN,NaN,NaN,NaN,1.1905714245585841e-06,100.0,1.0000011920928955,mlp,embedding
4358,56667,NaN,NaN,NaN,NaN,1.1424317563069053e-06,100.0,1.0000011920928955,mlp,embedding
4359,56680,NaN,NaN,NaN,NaN,1.099992914532777e-06,100.0,1.000001072883606,mlp,embedding
4360,56693,NaN,NaN,NaN,NaN,1.052908942256181e-06,100.0,1.000001072883606,mlp,embedding
4361,56706,NaN,NaN,NaN,NaN,1.0166775155084906e-06,100.0,1.000001072883606,mlp,embedding
4362,56719,NaN,NaN,NaN,NaN,9.72633870333084e-07,100.0,1.0000009536743164,mlp,embedding
4363,56732,NaN,NaN,NaN,NaN,9.341644044980058e-07,100.0,1.0000009536743164,mlp,embedding
4364,56745,NaN,NaN,NaN,NaN,8.896561780602497e-07,100.0,1.0000008344650269,mlp,embedding
4365,56758,NaN,NaN,NaN,NaN,8.543115654902067e-07,100.0,1.0000008344650269,mlp,embedding
4366,56771,NaN,NaN,NaN,NaN,8.167287433025194e-07,100.0,1.0000008344650269,mlp,embedding
4367,56784,NaN,NaN,NaN,NaN,7.717139283158758e-07,100.0,1.0000007152557373,mlp,embedding
4368,56797,NaN,NaN,NaN,NaN,7.328642936954566e-07,100.0,1.0000007152557373,mlp,embedding
4369,56810,NaN,NaN,NaN,NaN,6.97815210060071e-07,100.0,1.0000007152557373,mlp,embedding
4370,56823,NaN,NaN,NaN,NaN,6.550806688210287e-07,100.0,1.0000005960464478,mlp,embedding
4371,56836,NaN,NaN,NaN,NaN,6.179623710522719e-07,100.0,1.0000005960464478,mlp,embedding
4372,56849,NaN,NaN,NaN,NaN,5.764524644291669e-07,100.0,1.0000005960464478,mlp,embedding
4373,56862,NaN,NaN,NaN,NaN,5.421211994871555e-07,100.0,1.0000005960464478,mlp,embedding
4374,56875,NaN,NaN,NaN,NaN,5.032716217101552e-07,100.0,1.0000004768371582,mlp,embedding
4375,56888,NaN,NaN,NaN,NaN,4.6813804033263295e-07,100.0,1.0000004768371582,mlp,embedding
4376,56901,NaN,NaN,NaN,NaN,4.367627752799308e-07,100.0,1.0000004768371582,mlp,embedding
4377,56914,NaN,NaN,NaN,NaN,4.0745663909547147e-07,100.0,1.0000003576278687,mlp,embedding
4378,56927,NaN,NaN,NaN,NaN,3.9782864291737496e-07,100.0,1.0000003576278687,mlp,embedding
4379,56940,NaN,NaN,NaN,NaN,3.708873350660724e-07,100.0,1.0000003576278687,mlp,embedding
4380,56953,NaN,NaN,NaN,NaN,3.5627644479063747e-07,100.0,1.0000003576278687,mlp,embedding
4381,56966,NaN,NaN,NaN,NaN,3.504489143324463e-07,100.0,1.0000003576278687,mlp,embedding
4382,56979,NaN,NaN,NaN,NaN,3.2798382676446636e-07,100.0,1.0000003576278687,mlp,embedding
4383,56992,NaN,NaN,NaN,NaN,3.21311830475679e-07,100.0,1.0000003576278687,mlp,embedding
4384,57005,NaN,NaN,NaN,NaN,4.0162868231163884e-07,100.0,1.0000003576278687,mlp,embedding
4385,57018,NaN,NaN,NaN,NaN,1.0685386087061488e-06,100.0,1.000001072883606,mlp,embedding
4386,57031,NaN,NaN,NaN,NaN,0.3186738193035126,90.43570709228516,1.3753026723861694,mlp,embedding
4387,57044,NaN,NaN,NaN,NaN,0.008067977614700794,99.85830688476562,1.0081006288528442,mlp,embedding
4388,57057,NaN,NaN,NaN,NaN,0.0028469141107052565,100.0,1.0028510093688965,mlp,embedding
4389,57070,NaN,NaN,NaN,NaN,0.0005708851385861635,100.0,1.0005710124969482,mlp,embedding
4390,57083,NaN,NaN,NaN,NaN,0.0003580682969186455,100.0,1.0003581047058105,mlp,embedding
4391,57096,NaN,NaN,NaN,NaN,0.0002716443850658834,100.0,1.0002716779708862,mlp,embedding
4392,57109,NaN,NaN,NaN,NaN,0.0002227811055490747,100.0,1.0002228021621704,mlp,embedding
4393,57122,NaN,NaN,NaN,NaN,0.00019086236716248095,100.0,1.0001908540725708,mlp,embedding
4394,57135,9.540187602397054e-05,100.0,1.0000953674316406,0.001,0.00016618422523606569,100.0,1.0001661777496338,mlp,embedding
4395,57148,NaN,NaN,NaN,NaN,0.0001470729330321774,100.0,1.0001471042633057,mlp,embedding
4396,57161,NaN,NaN,NaN,NaN,0.00013060121273156255,100.0,1.0001306533813477,mlp,embedding
4397,57174,NaN,NaN,NaN,NaN,0.00011591432121349499,100.0,1.0001158714294434,mlp,embedding
4398,57187,NaN,NaN,NaN,NaN,0.00010349405056331307,100.0,1.00010347366333,mlp,embedding
4399,57200,NaN,NaN,NaN,NaN,9.230287105310708e-05,100.0,1.0000922679901123,mlp,embedding
4400,57213,NaN,NaN,NaN,NaN,8.261404582299292e-05,100.0,1.0000826120376587,mlp,embedding
4401,57226,NaN,NaN,NaN,NaN,7.394116255454719e-05,100.0,1.0000739097595215,mlp,embedding
4402,57239,NaN,NaN,NaN,NaN,6.628740084124729e-05,100.0,1.0000662803649902,mlp,embedding
4403,57252,NaN,NaN,NaN,NaN,5.971001519355923e-05,100.0,1.000059723854065,mlp,embedding
4404,57265,NaN,NaN,NaN,NaN,5.3712927183369175e-05,100.0,1.0000537633895874,mlp,embedding
4405,57278,NaN,NaN,NaN,NaN,4.818389061256312e-05,100.0,1.0000481605529785,mlp,embedding
4406,57291,NaN,NaN,NaN,NaN,4.3301453843014315e-05,100.0,1.000043272972107,mlp,embedding
4407,57304,NaN,NaN,NaN,NaN,3.8948968722252175e-05,100.0,1.000038981437683,mlp,embedding
4408,57317,NaN,NaN,NaN,NaN,3.5088774893665686e-05,100.0,1.000035047531128,mlp,embedding
4409,57330,NaN,NaN,NaN,NaN,3.162738721584901e-05,100.0,1.000031590461731,mlp,embedding
4410,57343,NaN,NaN,NaN,NaN,2.848347503459081e-05,100.0,1.0000284910202026,mlp,embedding
4411,57356,NaN,NaN,NaN,NaN,2.5673840355011635e-05,100.0,1.0000256299972534,mlp,embedding
4412,57369,NaN,NaN,NaN,NaN,2.3218637579702772e-05,100.0,1.0000232458114624,mlp,embedding
4413,57382,NaN,NaN,NaN,NaN,2.099759876728058e-05,100.0,1.000020980834961,mlp,embedding
4414,57395,NaN,NaN,NaN,NaN,1.8983279005624354e-05,100.0,1.0000189542770386,mlp,embedding
4415,57408,NaN,NaN,NaN,NaN,1.719017200230155e-05,100.0,1.0000171661376953,mlp,embedding
4416,57421,NaN,NaN,NaN,NaN,1.5571618860121816e-05,100.0,1.0000156164169312,mlp,embedding
4417,57434,NaN,NaN,NaN,NaN,1.413524296367541e-05,100.0,1.0000141859054565,mlp,embedding
4418,57447,NaN,NaN,NaN,NaN,1.2853529369749594e-05,100.0,1.0000128746032715,mlp,embedding
4419,57460,NaN,NaN,NaN,NaN,1.1693341548379976e-05,100.0,1.000011682510376,mlp,embedding
4420,57473,NaN,NaN,NaN,NaN,1.0672642929421272e-05,100.0,1.0000107288360596,mlp,embedding
4421,57486,NaN,NaN,NaN,NaN,9.71391455095727e-06,100.0,1.0000096559524536,mlp,embedding
4422,57499,NaN,NaN,NaN,NaN,8.90266164788045e-06,100.0,1.0000089406967163,mlp,embedding
4423,57512,NaN,NaN,NaN,NaN,8.162717676896136e-06,100.0,1.0000081062316895,mlp,embedding
4424,57525,NaN,NaN,NaN,NaN,7.482977252948331e-06,100.0,1.0000075101852417,mlp,embedding
4425,57538,NaN,NaN,NaN,NaN,6.876369297970086e-06,100.0,1.000006914138794,mlp,embedding
4426,57551,NaN,NaN,NaN,NaN,6.3422994571737945e-06,100.0,1.0000063180923462,mlp,embedding
4427,57564,NaN,NaN,NaN,NaN,5.860161309101386e-06,100.0,1.000005841255188,mlp,embedding
4428,57577,NaN,NaN,NaN,NaN,5.433255864772946e-06,100.0,1.0000054836273193,mlp,embedding
4429,57590,NaN,NaN,NaN,NaN,5.04164654557826e-06,100.0,1.0000050067901611,mlp,embedding
4430,57603,NaN,NaN,NaN,NaN,4.683524366555503e-06,100.0,1.0000046491622925,mlp,embedding
4431,57616,NaN,NaN,NaN,NaN,4.368597728898749e-06,100.0,1.0000044107437134,mlp,embedding
4432,57629,NaN,NaN,NaN,NaN,4.083187377545983e-06,100.0,1.0000040531158447,mlp,embedding
4433,57642,NaN,NaN,NaN,NaN,3.822899543592939e-06,100.0,1.0000038146972656,mlp,embedding
4434,57655,NaN,NaN,NaN,NaN,3.586428874768899e-06,100.0,1.0000035762786865,mlp,embedding
4435,57668,NaN,NaN,NaN,NaN,3.378966994205257e-06,100.0,1.0000033378601074,mlp,embedding
4436,57681,NaN,NaN,NaN,NaN,3.185903779012733e-06,100.0,1.0000032186508179,mlp,embedding
4437,57694,1.7652032511250582e-06,100.0,1.0000017881393433,0.001,3.00225678984134e-06,100.0,1.0000029802322388,mlp,embedding
4438,57707,NaN,NaN,NaN,NaN,2.843861921064672e-06,100.0,1.0000028610229492,mlp,embedding
4439,57720,NaN,NaN,NaN,NaN,2.6886348223342793e-06,100.0,1.0000027418136597,mlp,embedding
4440,57733,NaN,NaN,NaN,NaN,2.5504241421003826e-06,100.0,1.0000025033950806,mlp,embedding
4441,57746,NaN,NaN,NaN,NaN,2.4122143713611877e-06,100.0,1.000002384185791,mlp,embedding
4442,57759,NaN,NaN,NaN,NaN,2.2904730485606706e-06,100.0,1.0000022649765015,mlp,embedding
4443,57772,NaN,NaN,NaN,NaN,2.1700404886360047e-06,100.0,1.000002145767212,mlp,embedding
4444,57785,NaN,NaN,NaN,NaN,2.0617267182387877e-06,100.0,1.0000020265579224,mlp,embedding
4445,57798,NaN,NaN,NaN,NaN,1.955228981387336e-06,100.0,1.0000019073486328,mlp,embedding
4446,57811,NaN,NaN,NaN,NaN,1.850546482273785e-06,100.0,1.0000019073486328,mlp,embedding
4447,57824,NaN,NaN,NaN,NaN,1.7617842331674183e-06,100.0,1.0000017881393433,mlp,embedding
4448,57837,NaN,NaN,NaN,NaN,1.6660968640280771e-06,100.0,1.0000016689300537,mlp,embedding
4449,57850,NaN,NaN,NaN,NaN,1.5818103520359728e-06,100.0,1.0000015497207642,mlp,embedding
4450,57863,NaN,NaN,NaN,NaN,1.4970173651818186e-06,100.0,1.0000015497207642,mlp,embedding
4451,57876,NaN,NaN,NaN,NaN,1.423203457306954e-06,100.0,1.0000014305114746,mlp,embedding
4452,57889,NaN,NaN,NaN,NaN,1.3466868722389336e-06,100.0,1.000001311302185,mlp,embedding
4453,57902,NaN,NaN,NaN,NaN,1.2718593325189431e-06,100.0,1.000001311302185,mlp,embedding
4454,57915,NaN,NaN,NaN,NaN,1.2010858654321055e-06,100.0,1.0000011920928955,mlp,embedding
4455,57928,NaN,NaN,NaN,NaN,1.1387576250854181e-06,100.0,1.0000011920928955,mlp,embedding
4456,57941,NaN,NaN,NaN,NaN,1.0743181064754026e-06,100.0,1.000001072883606,mlp,embedding
4457,57954,NaN,NaN,NaN,NaN,1.0141013717657188e-06,100.0,1.000001072883606,mlp,embedding
4458,57967,NaN,NaN,NaN,NaN,9.577272521710256e-07,100.0,1.0000009536743164,mlp,embedding
4459,57980,NaN,NaN,NaN,NaN,9.009730774778291e-07,100.0,1.0000009536743164,mlp,embedding
4460,57993,NaN,NaN,NaN,NaN,8.407563996115641e-07,100.0,1.0000008344650269,mlp,embedding
4461,58006,NaN,NaN,NaN,NaN,7.907162853371119e-07,100.0,1.0000008344650269,mlp,embedding
4462,58019,NaN,NaN,NaN,NaN,7.438011948579515e-07,100.0,1.0000007152557373,mlp,embedding
4463,58032,NaN,NaN,NaN,NaN,6.906786325089342e-07,100.0,1.0000007152557373,mlp,embedding
4464,58045,NaN,NaN,NaN,NaN,6.379361252584204e-07,100.0,1.0000005960464478,mlp,embedding
4465,58058,NaN,NaN,NaN,NaN,5.99424254232872e-07,100.0,1.0000005960464478,mlp,embedding
4466,58071,NaN,NaN,NaN,NaN,5.515379939424747e-07,100.0,1.0000005960464478,mlp,embedding
4467,58084,NaN,NaN,NaN,NaN,5.158131557436718e-07,100.0,1.0000004768371582,mlp,embedding
4468,58097,NaN,NaN,NaN,NaN,4.7514782863800065e-07,100.0,1.0000004768371582,mlp,embedding
4469,58110,NaN,NaN,NaN,NaN,4.4389918230081093e-07,100.0,1.0000004768371582,mlp,embedding
4470,58123,NaN,NaN,NaN,NaN,4.1319958654639777e-07,100.0,1.0000003576278687,mlp,embedding
4471,58136,NaN,NaN,NaN,NaN,3.8465353213723574e-07,100.0,1.0000003576278687,mlp,embedding
4472,58149,NaN,NaN,NaN,NaN,3.5758552030529245e-07,100.0,1.0000003576278687,mlp,embedding
4473,58162,NaN,NaN,NaN,NaN,3.524759506490227e-07,100.0,1.0000003576278687,mlp,embedding
4474,58175,NaN,NaN,NaN,NaN,3.566564714674314e-07,100.0,1.0000003576278687,mlp,embedding
4475,58188,NaN,NaN,NaN,NaN,3.291239352165576e-07,100.0,1.0000003576278687,mlp,embedding
4476,58201,NaN,NaN,NaN,NaN,3.377384132363659e-07,100.0,1.0000003576278687,mlp,embedding
4477,58214,NaN,NaN,NaN,NaN,3.5513613738658023e-07,100.0,1.0000003576278687,mlp,embedding
4478,58227,NaN,NaN,NaN,NaN,2.369501829147339,65.99362182617188,10.69206428527832,mlp,embedding
4479,58240,NaN,NaN,NaN,NaN,0.030894966796040535,99.07899475097656,1.0313771963119507,mlp,embedding
4480,58253,NaN,NaN,NaN,NaN,0.006463175639510155,99.9645767211914,1.0064841508865356,mlp,embedding
4481,58266,0.0025884525384753942,100.0,1.002591848373413,0.001,0.0019822244066745043,100.0,1.0019842386245728,mlp,embedding
4482,58279,NaN,NaN,NaN,NaN,0.0009002592414617538,100.0,1.0009006261825562,mlp,embedding
4483,58292,NaN,NaN,NaN,NaN,0.0005335526657290757,100.0,1.0005336999893188,mlp,embedding
4484,58305,NaN,NaN,NaN,NaN,0.00038100415258668363,100.0,1.0003811120986938,mlp,embedding
4485,58318,NaN,NaN,NaN,NaN,0.000295838137390092,100.0,1.000295877456665,mlp,embedding
4486,58331,NaN,NaN,NaN,NaN,0.00023908140428829938,100.0,1.0002391338348389,mlp,embedding
4487,58344,NaN,NaN,NaN,NaN,0.00019703905854839832,100.0,1.0001970529556274,mlp,embedding
4488,58357,NaN,NaN,NaN,NaN,0.00016564276302233338,100.0,1.0001657009124756,mlp,embedding
4489,58370,NaN,NaN,NaN,NaN,0.00014278641901910305,100.0,1.0001428127288818,mlp,embedding
4490,58383,NaN,NaN,NaN,NaN,0.00012225295358803123,100.0,1.000122308731079,mlp,embedding
4491,58396,NaN,NaN,NaN,NaN,0.00010574355837889016,100.0,1.0001057386398315,mlp,embedding
4492,58409,NaN,NaN,NaN,NaN,9.226242400472984e-05,100.0,1.0000922679901123,mlp,embedding
4493,58422,NaN,NaN,NaN,NaN,8.034135680645704e-05,100.0,1.0000803470611572,mlp,embedding
4494,58435,NaN,NaN,NaN,NaN,7.025190279819071e-05,100.0,1.0000702142715454,mlp,embedding
4495,58448,NaN,NaN,NaN,NaN,6.207253318279982e-05,100.0,1.000062108039856,mlp,embedding
4496,58461,NaN,NaN,NaN,NaN,5.485164365381934e-05,100.0,1.0000548362731934,mlp,embedding
4497,58474,NaN,NaN,NaN,NaN,4.885260568698868e-05,100.0,1.0000488758087158,mlp,embedding
4498,58487,NaN,NaN,NaN,NaN,4.375639036879875e-05,100.0,1.0000437498092651,mlp,embedding
4499,58500,NaN,NaN,NaN,NaN,3.931210812879726e-05,100.0,1.0000393390655518,mlp,embedding
4500,58513,NaN,NaN,NaN,NaN,3.554646536940709e-05,100.0,1.0000355243682861,mlp,embedding
4501,58526,NaN,NaN,NaN,NaN,3.200725404894911e-05,100.0,1.0000320672988892,mlp,embedding
4502,58539,NaN,NaN,NaN,NaN,2.904937900893856e-05,100.0,1.0000290870666504,mlp,embedding
4503,58552,NaN,NaN,NaN,NaN,2.6620193239068612e-05,100.0,1.0000265836715698,mlp,embedding
4504,58565,NaN,NaN,NaN,NaN,2.4225455490523018e-05,100.0,1.0000241994857788,mlp,embedding
4505,58578,NaN,NaN,NaN,NaN,2.2046337107894942e-05,100.0,1.000022053718567,mlp,embedding
4506,58591,NaN,NaN,NaN,NaN,2.020610736508388e-05,100.0,1.0000202655792236,mlp,embedding
4507,58604,NaN,NaN,NaN,NaN,1.8699969587032683e-05,100.0,1.0000187158584595,mlp,embedding
4508,58617,NaN,NaN,NaN,NaN,1.715319558570627e-05,100.0,1.0000171661376953,mlp,embedding
4509,58630,NaN,NaN,NaN,NaN,1.5807265299372375e-05,100.0,1.0000158548355103,mlp,embedding
4510,58643,NaN,NaN,NaN,NaN,1.4495831237582024e-05,100.0,1.0000145435333252,mlp,embedding
4511,58656,NaN,NaN,NaN,NaN,1.3561124433181249e-05,100.0,1.0000135898590088,mlp,embedding
4512,58669,NaN,NaN,NaN,NaN,1.2461719961720519e-05,100.0,1.0000125169754028,mlp,embedding
4513,58682,NaN,NaN,NaN,NaN,1.1614634786383249e-05,100.0,1.0000115633010864,mlp,embedding
4514,58695,NaN,NaN,NaN,NaN,1.0840712093340699e-05,100.0,1.0000108480453491,mlp,embedding
4515,58708,NaN,NaN,NaN,NaN,1.0044640475825872e-05,100.0,1.0000100135803223,mlp,embedding
4516,58721,NaN,NaN,NaN,NaN,9.4603592515341e-06,100.0,1.0000094175338745,mlp,embedding
4517,58734,NaN,NaN,NaN,NaN,8.775603419053368e-06,100.0,1.0000088214874268,mlp,embedding
4518,58747,NaN,NaN,NaN,NaN,8.258314664999489e-06,100.0,1.000008225440979,mlp,embedding
4519,58760,NaN,NaN,NaN,NaN,7.741381523374002e-06,100.0,1.0000077486038208,mlp,embedding
4520,58773,NaN,NaN,NaN,NaN,7.253712738020113e-06,100.0,1.0000072717666626,mlp,embedding
4521,58786,NaN,NaN,NaN,NaN,6.818916972406441e-06,100.0,1.0000067949295044,mlp,embedding
4522,58799,NaN,NaN,NaN,NaN,6.405288786481833e-06,100.0,1.0000064373016357,mlp,embedding
4523,58812,NaN,NaN,NaN,NaN,5.975066869723378e-06,100.0,1.0000059604644775,mlp,embedding
4524,58825,NaN,NaN,NaN,NaN,5.615057034447091e-06,100.0,1.0000056028366089,mlp,embedding
4525,58838,3.4624504223756958e-06,100.0,1.000003457069397,0.001,5.242199677013559e-06,100.0,1.0000052452087402,mlp,embedding
4526,58851,NaN,NaN,NaN,NaN,4.9190111894859e-06,100.0,1.0000048875808716,mlp,embedding
4527,58864,NaN,NaN,NaN,NaN,4.603495654009748e-06,100.0,1.0000046491622925,mlp,embedding
4528,58877,NaN,NaN,NaN,NaN,4.300819455238525e-06,100.0,1.0000042915344238,mlp,embedding
4529,58890,NaN,NaN,NaN,NaN,4.001688012067461e-06,100.0,1.0000040531158447,mlp,embedding
4530,58903,NaN,NaN,NaN,NaN,3.753521696125972e-06,100.0,1.000003695487976,mlp,embedding
4531,58916,NaN,NaN,NaN,NaN,3.5097464206046425e-06,100.0,1.000003457069397,mlp,embedding
4532,58929,NaN,NaN,NaN,NaN,3.267448164478992e-06,100.0,1.0000032186508179,mlp,embedding
4533,58942,NaN,NaN,NaN,NaN,3.069740159844514e-06,100.0,1.0000030994415283,mlp,embedding
4534,58955,NaN,NaN,NaN,NaN,2.851425961125642e-06,100.0,1.0000028610229492,mlp,embedding
4535,58968,NaN,NaN,NaN,NaN,2.70291161541536e-06,100.0,1.0000027418136597,mlp,embedding
4536,58981,NaN,NaN,NaN,NaN,2.5102283416345017e-06,100.0,1.0000025033950806,mlp,embedding
4537,58994,NaN,NaN,NaN,NaN,2.358463007112732e-06,100.0,1.000002384185791,mlp,embedding
4538,59007,NaN,NaN,NaN,NaN,2.212313120253384e-06,100.0,1.0000022649765015,mlp,embedding
4539,59020,NaN,NaN,NaN,NaN,2.0867707917204825e-06,100.0,1.000002145767212,mlp,embedding
4540,59033,NaN,NaN,NaN,NaN,1.9543870166671695e-06,100.0,1.0000019073486328,mlp,embedding
4541,59046,NaN,NaN,NaN,NaN,1.8310822724743048e-06,100.0,1.0000017881393433,mlp,embedding
4542,59059,NaN,NaN,NaN,NaN,1.7320579672741587e-06,100.0,1.0000017881393433,mlp,embedding
4543,59072,NaN,NaN,NaN,NaN,1.6350612668247777e-06,100.0,1.0000016689300537,mlp,embedding
4544,59085,NaN,NaN,NaN,NaN,1.5367129435617244e-06,100.0,1.0000015497207642,mlp,embedding
4545,59098,NaN,NaN,NaN,NaN,1.4517928548229975e-06,100.0,1.0000014305114746,mlp,embedding
4546,59111,NaN,NaN,NaN,NaN,1.3841857935403823e-06,100.0,1.0000014305114746,mlp,embedding
4547,59124,NaN,NaN,NaN,NaN,1.2931008086525253e-06,100.0,1.000001311302185,mlp,embedding
4548,59137,NaN,NaN,NaN,NaN,1.2384579122226569e-06,100.0,1.0000011920928955,mlp,embedding
4549,59150,NaN,NaN,NaN,NaN,1.152228946921241e-06,100.0,1.0000011920928955,mlp,embedding
4550,59163,NaN,NaN,NaN,NaN,1.097586277865048e-06,100.0,1.000001072883606,mlp,embedding
4551,59176,NaN,NaN,NaN,NaN,1.0370737300036126e-06,100.0,1.000001072883606,mlp,embedding
4552,59189,NaN,NaN,NaN,NaN,9.70269297795312e-07,100.0,1.0000009536743164,mlp,embedding
4553,59202,NaN,NaN,NaN,NaN,9.205249398291926e-07,100.0,1.0000009536743164,mlp,embedding
4554,59215,NaN,NaN,NaN,NaN,8.566764790884918e-07,100.0,1.0000008344650269,mlp,embedding
4555,59228,NaN,NaN,NaN,NaN,8.10943788565055e-07,100.0,1.0000008344650269,mlp,embedding
4556,59241,NaN,NaN,NaN,NaN,7.562163659713406e-07,100.0,1.0000007152557373,mlp,embedding
4557,59254,NaN,NaN,NaN,NaN,7.011512934695929e-07,100.0,1.0000007152557373,mlp,embedding
4558,59267,NaN,NaN,NaN,NaN,6.559253051818814e-07,100.0,1.0000007152557373,mlp,embedding
4559,59280,NaN,NaN,NaN,NaN,6.072788778510585e-07,100.0,1.0000005960464478,mlp,embedding
4560,59293,NaN,NaN,NaN,NaN,5.639108167088125e-07,100.0,1.0000005960464478,mlp,embedding
4561,59306,NaN,NaN,NaN,NaN,5.214296265876328e-07,100.0,1.0000004768371582,mlp,embedding
4562,59319,NaN,NaN,NaN,NaN,4.868872451879724e-07,100.0,1.0000004768371582,mlp,embedding
4563,59332,NaN,NaN,NaN,NaN,4.4453270220401464e-07,100.0,1.0000004768371582,mlp,embedding
4564,59345,NaN,NaN,NaN,NaN,4.07287757298036e-07,100.0,1.0000003576278687,mlp,embedding
4565,59358,NaN,NaN,NaN,NaN,3.835979214272811e-07,100.0,1.0000003576278687,mlp,embedding
4566,59371,NaN,NaN,NaN,NaN,3.5631867945085105e-07,100.0,1.0000003576278687,mlp,embedding
4567,59384,NaN,NaN,NaN,NaN,3.280260330029705e-07,100.0,1.0000003576278687,mlp,embedding
4568,59397,NaN,NaN,NaN,NaN,3.1928485100252146e-07,100.0,1.0000003576278687,mlp,embedding
4569,59410,NaN,NaN,NaN,NaN,3.028160051599116e-07,100.0,1.0000003576278687,mlp,embedding
4570,59423,1.3888441685594444e-07,100.0,1.0000001192092896,0.001,3.1751122264722653e-07,100.0,1.0000003576278687,mlp,embedding
4571,59436,NaN,NaN,NaN,NaN,3.1577991421727347e-07,100.0,1.0000003576278687,mlp,embedding
4572,59449,NaN,NaN,NaN,NaN,3.2321202070306754e-07,100.0,1.0000003576278687,mlp,embedding
4573,59462,NaN,NaN,NaN,NaN,0.20933623611927032,96.59935760498047,1.232859492301941,mlp,embedding
4574,59475,NaN,NaN,NaN,NaN,0.03304669260978699,98.97272491455078,1.033598780632019,mlp,embedding
4575,59488,NaN,NaN,NaN,NaN,0.0053244540467858315,99.85830688476562,1.0053386688232422,mlp,embedding
4576,59501,NaN,NaN,NaN,NaN,0.0009857333498075604,100.0,1.0009862184524536,mlp,embedding
4577,59514,NaN,NaN,NaN,NaN,0.0002746103273238987,100.0,1.000274658203125,mlp,embedding
4578,59527,NaN,NaN,NaN,NaN,5.776152465841733e-05,100.0,1.0000578165054321,mlp,embedding
4579,59540,NaN,NaN,NaN,NaN,1.9633596821222454e-05,100.0,1.0000196695327759,mlp,embedding
4580,59553,NaN,NaN,NaN,NaN,1.2022674127365462e-05,100.0,1.0000120401382446,mlp,embedding
4581,59566,NaN,NaN,NaN,NaN,9.585366569808684e-06,100.0,1.000009536743164,mlp,embedding
4582,59579,NaN,NaN,NaN,NaN,8.557094588468317e-06,100.0,1.0000085830688477,mlp,embedding
4583,59592,NaN,NaN,NaN,NaN,8.21937919681659e-06,100.0,1.000008225440979,mlp,embedding
4584,59605,NaN,NaN,NaN,NaN,7.854269824747462e-06,100.0,1.0000078678131104,mlp,embedding
4585,59618,NaN,NaN,NaN,NaN,7.891343557275832e-06,100.0,1.0000078678131104,mlp,embedding
4586,59631,NaN,NaN,NaN,NaN,7.619020379934227e-06,100.0,1.0000076293945312,mlp,embedding
4587,59644,NaN,NaN,NaN,NaN,7.295019258890534e-06,100.0,1.0000072717666626,mlp,embedding
4588,59657,NaN,NaN,NaN,NaN,7.551936050731456e-06,100.0,1.0000075101852417,mlp,embedding
4589,59670,NaN,NaN,NaN,NaN,7.453995294781635e-06,100.0,1.0000075101852417,mlp,embedding
4590,59683,NaN,NaN,NaN,NaN,7.525988166889874e-06,100.0,1.0000075101852417,mlp,embedding
4591,59696,NaN,NaN,NaN,NaN,7.674466360185761e-06,100.0,1.0000076293945312,mlp,embedding
4592,59709,NaN,NaN,NaN,NaN,7.5972420745529234e-06,100.0,1.0000076293945312,mlp,embedding
4593,59722,NaN,NaN,NaN,NaN,7.85648990131449e-06,100.0,1.0000078678131104,mlp,embedding
4594,59735,NaN,NaN,NaN,NaN,7.8756302173133e-06,100.0,1.0000078678131104,mlp,embedding
4595,59748,NaN,NaN,NaN,NaN,7.920020834717434e-06,100.0,1.0000078678131104,mlp,embedding
4596,59761,NaN,NaN,NaN,NaN,8.024398084671702e-06,100.0,1.0000079870224,mlp,embedding
4597,59774,NaN,NaN,NaN,NaN,8.030690878513269e-06,100.0,1.0000079870224,mlp,embedding
4598,59787,NaN,NaN,NaN,NaN,8.063678251346573e-06,100.0,1.0000081062316895,mlp,embedding
4599,59800,NaN,NaN,NaN,NaN,8.063192581175826e-06,100.0,1.0000081062316895,mlp,embedding
4600,59813,NaN,NaN,NaN,NaN,7.962160452734679e-06,100.0,1.0000079870224,mlp,embedding
4601,59826,NaN,NaN,NaN,NaN,7.795783858455252e-06,100.0,1.0000077486038208,mlp,embedding
4602,59839,NaN,NaN,NaN,NaN,7.784288754919544e-06,100.0,1.0000077486038208,mlp,embedding
4603,59852,NaN,NaN,NaN,NaN,7.635558176843915e-06,100.0,1.0000076293945312,mlp,embedding
4604,59865,NaN,NaN,NaN,NaN,7.41988424124429e-06,100.0,1.0000073909759521,mlp,embedding
4605,59878,NaN,NaN,NaN,NaN,7.245324923133012e-06,100.0,1.0000072717666626,mlp,embedding
4606,59891,NaN,NaN,NaN,NaN,7.050566637190059e-06,100.0,1.0000070333480835,mlp,embedding
4607,59904,NaN,NaN,NaN,NaN,6.689604106213665e-06,100.0,1.0000066757202148,mlp,embedding
4608,59917,NaN,NaN,NaN,NaN,6.453740752476733e-06,100.0,1.0000064373016357,mlp,embedding
4609,59930,NaN,NaN,NaN,NaN,6.1403638937918e-06,100.0,1.0000061988830566,mlp,embedding
4610,59943,NaN,NaN,NaN,NaN,5.893770321563352e-06,100.0,1.000005841255188,mlp,embedding
4611,59956,NaN,NaN,NaN,NaN,5.612078439298784e-06,100.0,1.0000056028366089,mlp,embedding
4612,59969,NaN,NaN,NaN,NaN,5.278517164697405e-06,100.0,1.0000052452087402,mlp,embedding
4613,59982,NaN,NaN,NaN,NaN,5.010121185478056e-06,100.0,1.0000050067901611,mlp,embedding
4614,59995,NaN,NaN,NaN,NaN,4.6955010475357994e-06,100.0,1.0000046491622925,mlp,embedding
4615,60008,2.8117249257775256e-06,100.0,1.0000028610229492,0.001,4.394639745441964e-06,100.0,1.0000044107437134,mlp,embedding
4616,60021,NaN,NaN,NaN,NaN,4.156356226303615e-06,100.0,1.0000041723251343,mlp,embedding
4617,60034,NaN,NaN,NaN,NaN,3.877786184602883e-06,100.0,1.0000039339065552,mlp,embedding
4618,60047,NaN,NaN,NaN,NaN,3.6186418128636433e-06,100.0,1.0000035762786865,mlp,embedding
4619,60060,NaN,NaN,NaN,NaN,3.392474582142313e-06,100.0,1.0000033378601074,mlp,embedding
4620,60073,NaN,NaN,NaN,NaN,3.143970843666466e-06,100.0,1.0000030994415283,mlp,embedding
4621,60086,NaN,NaN,NaN,NaN,2.970456080220174e-06,100.0,1.0000029802322388,mlp,embedding
4622,60099,NaN,NaN,NaN,NaN,2.7509186111274175e-06,100.0,1.0000027418136597,mlp,embedding
4623,60112,NaN,NaN,NaN,NaN,2.5557869776093867e-06,100.0,1.0000025033950806,mlp,embedding
4624,60125,NaN,NaN,NaN,NaN,2.3891147975518834e-06,100.0,1.000002384185791,mlp,embedding
4625,60138,NaN,NaN,NaN,NaN,2.2283554699242814e-06,100.0,1.0000022649765015,mlp,embedding
4626,60151,NaN,NaN,NaN,NaN,2.0871464130323147e-06,100.0,1.000002145767212,mlp,embedding
4627,60164,NaN,NaN,NaN,NaN,1.9425178834353574e-06,100.0,1.0000019073486328,mlp,embedding
4628,60177,NaN,NaN,NaN,NaN,1.8190442006016383e-06,100.0,1.0000017881393433,mlp,embedding
4629,60190,NaN,NaN,NaN,NaN,1.7041433011399931e-06,100.0,1.0000016689300537,mlp,embedding
4630,60203,NaN,NaN,NaN,NaN,1.5883127844062983e-06,100.0,1.0000015497207642,mlp,embedding
4631,60216,NaN,NaN,NaN,NaN,1.4849816807327443e-06,100.0,1.0000014305114746,mlp,embedding
4632,60229,NaN,NaN,NaN,NaN,1.3923342976340791e-06,100.0,1.0000014305114746,mlp,embedding
4633,60242,NaN,NaN,NaN,NaN,1.3039096984357457e-06,100.0,1.000001311302185,mlp,embedding
4634,60255,NaN,NaN,NaN,NaN,1.2254085959284566e-06,100.0,1.0000011920928955,mlp,embedding
4635,60268,NaN,NaN,NaN,NaN,1.1602511449382291e-06,100.0,1.0000011920928955,mlp,embedding
4636,60281,NaN,NaN,NaN,NaN,1.066125832949183e-06,100.0,1.000001072883606,mlp,embedding
4637,60294,NaN,NaN,NaN,NaN,1.0156635426028515e-06,100.0,1.000001072883606,mlp,embedding
4638,60307,NaN,NaN,NaN,NaN,9.445944328945188e-07,100.0,1.0000009536743164,mlp,embedding
4639,60320,NaN,NaN,NaN,NaN,8.985659292193304e-07,100.0,1.0000009536743164,mlp,embedding
4640,60333,NaN,NaN,NaN,NaN,8.302415608341107e-07,100.0,1.0000008344650269,mlp,embedding
4641,60346,NaN,NaN,NaN,NaN,7.843398748264008e-07,100.0,1.0000008344650269,mlp,embedding
4642,60359,NaN,NaN,NaN,NaN,7.304994937840092e-07,100.0,1.0000007152557373,mlp,embedding
4643,60372,NaN,NaN,NaN,NaN,6.86709256569884e-07,100.0,1.0000007152557373,mlp,embedding
4644,60385,NaN,NaN,NaN,NaN,6.375138923431223e-07,100.0,1.0000005960464478,mlp,embedding
4645,60398,NaN,NaN,NaN,NaN,5.895852837056736e-07,100.0,1.0000005960464478,mlp,embedding
4646,60411,NaN,NaN,NaN,NaN,5.558453040066524e-07,100.0,1.0000005960464478,mlp,embedding
4647,60424,NaN,NaN,NaN,NaN,5.192337653170398e-07,100.0,1.0000004768371582,mlp,embedding
4648,60437,NaN,NaN,NaN,NaN,4.849446781918232e-07,100.0,1.0000004768371582,mlp,embedding
4649,60450,NaN,NaN,NaN,NaN,4.5310491714189993e-07,100.0,1.0000004768371582,mlp,embedding
4650,60463,NaN,NaN,NaN,NaN,4.0682320445739606e-07,100.0,1.0000003576278687,mlp,embedding
4651,60476,NaN,NaN,NaN,NaN,3.9803978779673344e-07,100.0,1.0000003576278687,mlp,embedding
4652,60489,NaN,NaN,NaN,NaN,3.636663734596368e-07,100.0,1.0000003576278687,mlp,embedding
4653,60502,NaN,NaN,NaN,NaN,3.539961426213267e-07,100.0,1.0000003576278687,mlp,embedding
4654,60515,NaN,NaN,NaN,NaN,3.3706280078149575e-07,100.0,1.0000003576278687,mlp,embedding
4655,60528,NaN,NaN,NaN,NaN,3.2996851473399147e-07,100.0,1.0000003576278687,mlp,embedding
4656,60541,NaN,NaN,NaN,NaN,3.412433784433233e-07,100.0,1.0000003576278687,mlp,embedding
4657,60554,NaN,NaN,NaN,NaN,3.231275798043498e-07,100.0,1.0000003576278687,mlp,embedding
4658,60567,NaN,NaN,NaN,NaN,3.134995836262533e-07,100.0,1.0000003576278687,mlp,embedding
4659,60580,NaN,NaN,NaN,NaN,3.1485097906625015e-07,100.0,1.0000003576278687,mlp,embedding
4660,60593,NaN,NaN,NaN,NaN,0.8053004741668701,83.84696960449219,2.237368583679199,mlp,embedding
4661,60606,0.5297474265098572,89.50804901123047,1.6985032558441162,0.001,0.05301487073302269,97.98087310791016,1.0544453859329224,mlp,embedding
4662,60619,NaN,NaN,NaN,NaN,0.008284601382911205,99.92915344238281,1.0083190202713013,mlp,embedding
4663,60632,NaN,NaN,NaN,NaN,0.0017481415998190641,100.0,1.0017496347427368,mlp,embedding
4664,60645,NaN,NaN,NaN,NaN,0.0007205168367363513,100.0,1.000720739364624,mlp,embedding
4665,60658,NaN,NaN,NaN,NaN,0.00043841515434905887,100.0,1.0004384517669678,mlp,embedding
4666,60671,NaN,NaN,NaN,NaN,0.0003217119665350765,100.0,1.0003217458724976,mlp,embedding
4667,60684,NaN,NaN,NaN,NaN,0.0002624604385346174,100.0,1.0002624988555908,mlp,embedding
4668,60697,NaN,NaN,NaN,NaN,0.00022337649716064334,100.0,1.0002233982086182,mlp,embedding
4669,60710,NaN,NaN,NaN,NaN,0.00019418614101596177,100.0,1.0001941919326782,mlp,embedding
4670,60723,NaN,NaN,NaN,NaN,0.00017131277127191424,100.0,1.0001713037490845,mlp,embedding
4671,60736,NaN,NaN,NaN,NaN,0.0001515097392257303,100.0,1.000151515007019,mlp,embedding
4672,60749,NaN,NaN,NaN,NaN,0.00013547888374887407,100.0,1.0001355409622192,mlp,embedding
4673,60762,NaN,NaN,NaN,NaN,0.00012154368596384302,100.0,1.0001215934753418,mlp,embedding
4674,60775,NaN,NaN,NaN,NaN,0.00010878973989747465,100.0,1.0001088380813599,mlp,embedding
4675,60788,NaN,NaN,NaN,NaN,9.779618994798511e-05,100.0,1.0000977516174316,mlp,embedding
4676,60801,NaN,NaN,NaN,NaN,8.784209057921544e-05,100.0,1.000087857246399,mlp,embedding
4677,60814,NaN,NaN,NaN,NaN,7.908669067546725e-05,100.0,1.0000790357589722,mlp,embedding
4678,60827,NaN,NaN,NaN,NaN,7.114705658750609e-05,100.0,1.0000711679458618,mlp,embedding
4679,60840,NaN,NaN,NaN,NaN,6.438470882130787e-05,100.0,1.0000643730163574,mlp,embedding
4680,60853,NaN,NaN,NaN,NaN,5.79717343498487e-05,100.0,1.0000579357147217,mlp,embedding
4681,60866,NaN,NaN,NaN,NaN,5.2278504881542176e-05,100.0,1.0000523328781128,mlp,embedding
4682,60879,NaN,NaN,NaN,NaN,4.72640385851264e-05,100.0,1.000047206878662,mlp,embedding
4683,60892,NaN,NaN,NaN,NaN,4.269506098353304e-05,100.0,1.0000426769256592,mlp,embedding
4684,60905,NaN,NaN,NaN,NaN,3.851573637803085e-05,100.0,1.000038504600525,mlp,embedding
4685,60918,NaN,NaN,NaN,NaN,3.480934537947178e-05,100.0,1.0000348091125488,mlp,embedding
4686,60931,NaN,NaN,NaN,NaN,3.145212394883856e-05,100.0,1.0000314712524414,mlp,embedding
4687,60944,NaN,NaN,NaN,NaN,2.8515929443528876e-05,100.0,1.0000284910202026,mlp,embedding
4688,60957,NaN,NaN,NaN,NaN,2.582173874543514e-05,100.0,1.0000258684158325,mlp,embedding
4689,60970,NaN,NaN,NaN,NaN,2.3380256607197225e-05,100.0,1.000023365020752,mlp,embedding
4690,60983,NaN,NaN,NaN,NaN,2.1160327378311194e-05,100.0,1.00002121925354,mlp,embedding
4691,60996,NaN,NaN,NaN,NaN,1.922981573443394e-05,100.0,1.0000191926956177,mlp,embedding
4692,61009,NaN,NaN,NaN,NaN,1.7441538147977553e-05,100.0,1.0000174045562744,mlp,embedding
4693,61022,NaN,NaN,NaN,NaN,1.584104757057503e-05,100.0,1.0000158548355103,mlp,embedding
4694,61035,NaN,NaN,NaN,NaN,1.4409875802812167e-05,100.0,1.0000144243240356,mlp,embedding
4695,61048,NaN,NaN,NaN,NaN,1.3128940736351069e-05,100.0,1.0000131130218506,mlp,embedding
4696,61061,NaN,NaN,NaN,NaN,1.1973893379035871e-05,100.0,1.000011920928955,mlp,embedding
4697,61074,NaN,NaN,NaN,NaN,1.0934946658380795e-05,100.0,1.0000109672546387,mlp,embedding
4698,61087,NaN,NaN,NaN,NaN,9.974326530937105e-06,100.0,1.0000100135803223,mlp,embedding
4699,61100,NaN,NaN,NaN,NaN,9.13191706786165e-06,100.0,1.0000091791152954,mlp,embedding
4700,61113,NaN,NaN,NaN,NaN,8.365121175302193e-06,100.0,1.0000083446502686,mlp,embedding
4701,61126,NaN,NaN,NaN,NaN,7.677622306800913e-06,100.0,1.0000076293945312,mlp,embedding
4702,61139,NaN,NaN,NaN,NaN,7.057117272779578e-06,100.0,1.0000070333480835,mlp,embedding
4703,61152,NaN,NaN,NaN,NaN,6.4801588450791314e-06,100.0,1.0000064373016357,mlp,embedding
4704,61165,NaN,NaN,NaN,NaN,5.957286248303717e-06,100.0,1.0000059604644775,mlp,embedding
4705,61178,NaN,NaN,NaN,NaN,5.51011407878832e-06,100.0,1.0000054836273193,mlp,embedding
4706,61191,NaN,NaN,NaN,NaN,5.09524397784844e-06,100.0,1.0000051259994507,mlp,embedding
4707,61204,2.9311331672943197e-06,100.0,1.0000029802322388,0.001,4.709681888925843e-06,100.0,1.000004768371582,mlp,embedding
4708,61217,NaN,NaN,NaN,NaN,4.35464517067885e-06,100.0,1.0000044107437134,mlp,embedding
4709,61230,NaN,NaN,NaN,NaN,4.042719410790596e-06,100.0,1.0000040531158447,mlp,embedding
4710,61243,NaN,NaN,NaN,NaN,3.7567608615063364e-06,100.0,1.0000038146972656,mlp,embedding
4711,61256,NaN,NaN,NaN,NaN,3.4928848435811233e-06,100.0,1.000003457069397,mlp,embedding
4712,61269,NaN,NaN,NaN,NaN,3.255445108152344e-06,100.0,1.0000032186508179,mlp,embedding
4713,61282,NaN,NaN,NaN,NaN,3.034345354535617e-06,100.0,1.0000029802322388,mlp,embedding
4714,61295,NaN,NaN,NaN,NaN,2.8196218408993445e-06,100.0,1.0000028610229492,mlp,embedding
4715,61308,NaN,NaN,NaN,NaN,2.635215423651971e-06,100.0,1.0000026226043701,mlp,embedding
4716,61321,NaN,NaN,NaN,NaN,2.4675730401213514e-06,100.0,1.0000025033950806,mlp,embedding
4717,61334,NaN,NaN,NaN,NaN,2.3086297460395144e-06,100.0,1.0000022649765015,mlp,embedding
4718,61347,NaN,NaN,NaN,NaN,2.161340717066196e-06,100.0,1.000002145767212,mlp,embedding
4719,61360,NaN,NaN,NaN,NaN,2.0258751192159252e-06,100.0,1.0000020265579224,mlp,embedding
4720,61373,NaN,NaN,NaN,NaN,1.9045554608965176e-06,100.0,1.0000019073486328,mlp,embedding
4721,61386,NaN,NaN,NaN,NaN,1.7849675941761234e-06,100.0,1.0000017881393433,mlp,embedding
4722,61399,NaN,NaN,NaN,NaN,1.6854794466780731e-06,100.0,1.0000016689300537,mlp,embedding
4723,61412,NaN,NaN,NaN,NaN,1.579023432896065e-06,100.0,1.0000015497207642,mlp,embedding
4724,61425,NaN,NaN,NaN,NaN,1.4962154182285303e-06,100.0,1.0000015497207642,mlp,embedding
4725,61438,NaN,NaN,NaN,NaN,1.407495119565283e-06,100.0,1.0000014305114746,mlp,embedding
4726,61451,NaN,NaN,NaN,NaN,1.3322875247467891e-06,100.0,1.000001311302185,mlp,embedding
4727,61464,NaN,NaN,NaN,NaN,1.2616829963008058e-06,100.0,1.000001311302185,mlp,embedding
4728,61477,NaN,NaN,NaN,NaN,1.1972009588134824e-06,100.0,1.0000011920928955,mlp,embedding
4729,61490,NaN,NaN,NaN,NaN,1.1264274917266448e-06,100.0,1.000001072883606,mlp,embedding
4730,61503,NaN,NaN,NaN,NaN,1.0739383924374124e-06,100.0,1.000001072883606,mlp,embedding
4731,61516,NaN,NaN,NaN,NaN,1.0143127155970433e-06,100.0,1.000001072883606,mlp,embedding
4732,61529,NaN,NaN,NaN,NaN,9.678199148765998e-07,100.0,1.0000009536743164,mlp,embedding
4733,61542,NaN,NaN,NaN,NaN,9.085745205084095e-07,100.0,1.0000009536743164,mlp,embedding
4734,61555,NaN,NaN,NaN,NaN,8.636017696517229e-07,100.0,1.0000008344650269,mlp,embedding
4735,61568,NaN,NaN,NaN,NaN,8.102257993414241e-07,100.0,1.0000008344650269,mlp,embedding
4736,61581,NaN,NaN,NaN,NaN,7.7390973274305e-07,100.0,1.0000007152557373,mlp,embedding
4737,61594,NaN,NaN,NaN,NaN,7.161422672652407e-07,100.0,1.0000007152557373,mlp,embedding
4738,61607,NaN,NaN,NaN,NaN,6.802907819292159e-07,100.0,1.0000007152557373,mlp,embedding
4739,61620,NaN,NaN,NaN,NaN,6.308841875579674e-07,100.0,1.0000005960464478,mlp,embedding
4740,61633,NaN,NaN,NaN,NaN,5.854047913089744e-07,100.0,1.0000005960464478,mlp,embedding
4741,61646,NaN,NaN,NaN,NaN,5.564364755628048e-07,100.0,1.0000005960464478,mlp,embedding
4742,61659,NaN,NaN,NaN,NaN,5.167845529285842e-07,100.0,1.0000004768371582,mlp,embedding
4743,61672,NaN,NaN,NaN,NaN,4.7345881171168003e-07,100.0,1.0000004768371582,mlp,embedding
4744,61685,NaN,NaN,NaN,NaN,4.4360371020957245e-07,100.0,1.0000004768371582,mlp,embedding
4745,61698,NaN,NaN,NaN,NaN,4.172957233095076e-07,100.0,1.0000004768371582,mlp,embedding
4746,61711,NaN,NaN,NaN,NaN,3.8418912140514294e-07,100.0,1.0000003576278687,mlp,embedding
4747,61724,NaN,NaN,NaN,NaN,3.6619999832510075e-07,100.0,1.0000003576278687,mlp,embedding
4748,61737,NaN,NaN,NaN,NaN,3.53953964804532e-07,100.0,1.0000003576278687,mlp,embedding
4749,61750,NaN,NaN,NaN,NaN,3.3562704970790946e-07,100.0,1.0000003576278687,mlp,embedding
4750,61763,NaN,NaN,NaN,NaN,3.336000702347519e-07,100.0,1.0000003576278687,mlp,embedding
4751,61776,NaN,NaN,NaN,NaN,3.1924267318572674e-07,100.0,1.0000003576278687,mlp,embedding
4752,61789,NaN,NaN,NaN,NaN,3.18398036824874e-07,100.0,1.0000003576278687,mlp,embedding
4753,61802,NaN,NaN,NaN,NaN,3.681844589209504e-07,100.0,1.0000003576278687,mlp,embedding
4754,61815,0.7129281759262085,90.20649719238281,2.0399558544158936,0.001,2.1254444122314453,78.60432434082031,8.376619338989258,mlp,embedding
4755,61828,NaN,NaN,NaN,NaN,0.06224389374256134,98.47679901123047,1.0642218589782715,mlp,embedding
4756,61841,NaN,NaN,NaN,NaN,0.014287738129496574,99.50407409667969,1.0143903493881226,mlp,embedding
4757,61854,NaN,NaN,NaN,NaN,0.0025842785835266113,100.0,1.0025876760482788,mlp,embedding
4758,61867,NaN,NaN,NaN,NaN,0.0010893881553784013,100.0,1.0010899305343628,mlp,embedding
4759,61880,NaN,NaN,NaN,NaN,0.0006848191260360181,100.0,1.0006850957870483,mlp,embedding
4760,61893,NaN,NaN,NaN,NaN,0.0005092681385576725,100.0,1.0005093812942505,mlp,embedding
4761,61906,NaN,NaN,NaN,NaN,0.00040831684600561857,100.0,1.000408411026001,mlp,embedding
4762,61919,NaN,NaN,NaN,NaN,0.00034037791192531586,100.0,1.000340461730957,mlp,embedding
4763,61932,NaN,NaN,NaN,NaN,0.00017804844537749887,100.0,1.0001780986785889,mlp,embedding
4764,61945,NaN,NaN,NaN,NaN,4.733368768938817e-05,100.0,1.0000473260879517,mlp,embedding
4765,61958,NaN,NaN,NaN,NaN,2.4275805117213167e-05,100.0,1.0000243186950684,mlp,embedding
4766,61971,NaN,NaN,NaN,NaN,2.034764656855259e-05,100.0,1.0000203847885132,mlp,embedding
4767,61984,NaN,NaN,NaN,NaN,1.939876347023528e-05,100.0,1.0000194311141968,mlp,embedding
4768,61997,NaN,NaN,NaN,NaN,1.8903925592894666e-05,100.0,1.0000189542770386,mlp,embedding
4769,62010,NaN,NaN,NaN,NaN,1.896363392006606e-05,100.0,1.0000189542770386,mlp,embedding
4770,62023,NaN,NaN,NaN,NaN,1.8900227587437257e-05,100.0,1.0000189542770386,mlp,embedding
4771,62036,NaN,NaN,NaN,NaN,1.8965796698466875e-05,100.0,1.0000189542770386,mlp,embedding
4772,62049,NaN,NaN,NaN,NaN,1.9152770619257353e-05,100.0,1.0000191926956177,mlp,embedding
4773,62062,NaN,NaN,NaN,NaN,1.932355371536687e-05,100.0,1.0000193119049072,mlp,embedding
4774,62075,NaN,NaN,NaN,NaN,1.9832623365800828e-05,100.0,1.0000197887420654,mlp,embedding
4775,62088,NaN,NaN,NaN,NaN,1.9954979507019743e-05,100.0,1.000019907951355,mlp,embedding
4776,62101,NaN,NaN,NaN,NaN,2.012871300394181e-05,100.0,1.000020146369934,mlp,embedding
4777,62114,NaN,NaN,NaN,NaN,2.0528626919258386e-05,100.0,1.0000205039978027,mlp,embedding
4778,62127,NaN,NaN,NaN,NaN,2.0579942429321818e-05,100.0,1.0000206232070923,mlp,embedding
4779,62140,NaN,NaN,NaN,NaN,2.0628502170438878e-05,100.0,1.0000206232070923,mlp,embedding
4780,62153,NaN,NaN,NaN,NaN,2.080709055007901e-05,100.0,1.0000208616256714,mlp,embedding
4781,62166,NaN,NaN,NaN,NaN,2.0657998902606778e-05,100.0,1.0000206232070923,mlp,embedding
4782,62179,NaN,NaN,NaN,NaN,2.050403600151185e-05,100.0,1.0000205039978027,mlp,embedding
4783,62192,NaN,NaN,NaN,NaN,2.0410070646903478e-05,100.0,1.0000203847885132,mlp,embedding
4784,62205,NaN,NaN,NaN,NaN,2.0168059563729912e-05,100.0,1.000020146369934,mlp,embedding
4785,62218,NaN,NaN,NaN,NaN,1.9787154087680392e-05,100.0,1.0000197887420654,mlp,embedding
4786,62231,NaN,NaN,NaN,NaN,1.9230503312428482e-05,100.0,1.0000191926956177,mlp,embedding
4787,62244,NaN,NaN,NaN,NaN,1.8623304640641436e-05,100.0,1.00001859664917,mlp,embedding
4788,62257,NaN,NaN,NaN,NaN,1.8121338143828325e-05,100.0,1.0000181198120117,mlp,embedding
4789,62270,NaN,NaN,NaN,NaN,1.7501271941000596e-05,100.0,1.000017523765564,mlp,embedding
4790,62283,NaN,NaN,NaN,NaN,1.6588945072726347e-05,100.0,1.0000165700912476,mlp,embedding
4791,62296,NaN,NaN,NaN,NaN,1.593485285411589e-05,100.0,1.0000159740447998,mlp,embedding
4792,62309,NaN,NaN,NaN,NaN,1.5161948795139324e-05,100.0,1.000015139579773,mlp,embedding
4793,62322,NaN,NaN,NaN,NaN,1.4353265214595012e-05,100.0,1.000014305114746,mlp,embedding
4794,62335,NaN,NaN,NaN,NaN,1.3576716810348444e-05,100.0,1.0000135898590088,mlp,embedding
4795,62348,NaN,NaN,NaN,NaN,1.2718998732452746e-05,100.0,1.000012755393982,mlp,embedding
4796,62361,NaN,NaN,NaN,NaN,1.1971408639510628e-05,100.0,1.000011920928955,mlp,embedding
4797,62374,NaN,NaN,NaN,NaN,1.1188067219336517e-05,100.0,1.0000112056732178,mlp,embedding
4798,62387,NaN,NaN,NaN,NaN,1.0434156138217077e-05,100.0,1.0000104904174805,mlp,embedding
4799,62400,NaN,NaN,NaN,NaN,9.70399833022384e-06,100.0,1.0000096559524536,mlp,embedding
4800,62413,NaN,NaN,NaN,NaN,8.997896657092497e-06,100.0,1.0000089406967163,mlp,embedding
4801,62426,5.703909209842095e-06,100.0,1.0000057220458984,0.001,8.337117833434604e-06,100.0,1.0000083446502686,mlp,embedding
4802,62439,NaN,NaN,NaN,NaN,7.777235623507295e-06,100.0,1.0000077486038208,mlp,embedding
4803,62452,NaN,NaN,NaN,NaN,7.159597771533299e-06,100.0,1.000007152557373,mlp,embedding
4804,62465,NaN,NaN,NaN,NaN,6.619561645493377e-06,100.0,1.0000066757202148,mlp,embedding
4805,62478,NaN,NaN,NaN,NaN,6.101190137997037e-06,100.0,1.000006079673767,mlp,embedding
4806,62491,NaN,NaN,NaN,NaN,5.726799827243667e-06,100.0,1.0000057220458984,mlp,embedding
4807,62504,NaN,NaN,NaN,NaN,5.22358868693118e-06,100.0,1.0000052452087402,mlp,embedding
4808,62517,NaN,NaN,NaN,NaN,4.825723408430349e-06,100.0,1.000004768371582,mlp,embedding
4809,62530,NaN,NaN,NaN,NaN,4.434575203049462e-06,100.0,1.0000044107437134,mlp,embedding
4810,62543,NaN,NaN,NaN,NaN,4.109678229724523e-06,100.0,1.0000040531158447,mlp,embedding
4811,62556,NaN,NaN,NaN,NaN,3.7865138438064605e-06,100.0,1.0000038146972656,mlp,embedding
4812,62569,NaN,NaN,NaN,NaN,3.487543381197611e-06,100.0,1.000003457069397,mlp,embedding
4813,62582,NaN,NaN,NaN,NaN,3.2251000448013656e-06,100.0,1.0000032186508179,mlp,embedding
4814,62595,NaN,NaN,NaN,NaN,2.9773518690490164e-06,100.0,1.0000029802322388,mlp,embedding
4815,62608,NaN,NaN,NaN,NaN,2.7610615234152647e-06,100.0,1.0000027418136597,mlp,embedding
4816,62621,NaN,NaN,NaN,NaN,2.5534711767249973e-06,100.0,1.0000025033950806,mlp,embedding
4817,62634,NaN,NaN,NaN,NaN,2.3596046503371326e-06,100.0,1.000002384185791,mlp,embedding
4818,62647,NaN,NaN,NaN,NaN,2.1856690182175953e-06,100.0,1.000002145767212,mlp,embedding
4819,62660,NaN,NaN,NaN,NaN,2.031326630458352e-06,100.0,1.0000020265579224,mlp,embedding
4820,62673,NaN,NaN,NaN,NaN,1.890328121589846e-06,100.0,1.0000019073486328,mlp,embedding
4821,62686,NaN,NaN,NaN,NaN,1.7331142316834303e-06,100.0,1.0000017881393433,mlp,embedding
4822,62699,NaN,NaN,NaN,NaN,1.6307541272908566e-06,100.0,1.0000016689300537,mlp,embedding
4823,62712,NaN,NaN,NaN,NaN,1.5025509583210805e-06,100.0,1.0000015497207642,mlp,embedding
4824,62725,NaN,NaN,NaN,NaN,1.416532541043125e-06,100.0,1.0000014305114746,mlp,embedding
4825,62738,NaN,NaN,NaN,NaN,1.2985906323592644e-06,100.0,1.000001311302185,mlp,embedding
4826,62751,NaN,NaN,NaN,NaN,1.2136704299336998e-06,100.0,1.0000011920928955,mlp,embedding
4827,62764,NaN,NaN,NaN,NaN,1.1351265811754274e-06,100.0,1.0000011920928955,mlp,embedding
4828,62777,NaN,NaN,NaN,NaN,1.0355956874263939e-06,100.0,1.000001072883606,mlp,embedding
4829,62790,NaN,NaN,NaN,NaN,9.696782399259973e-07,100.0,1.0000009536743164,mlp,embedding
4830,62803,NaN,NaN,NaN,NaN,8.980597385743749e-07,100.0,1.0000009536743164,mlp,embedding
4831,62816,NaN,NaN,NaN,NaN,8.348025062332454e-07,100.0,1.0000008344650269,mlp,embedding
4832,62829,NaN,NaN,NaN,NaN,7.934610835036437e-07,100.0,1.0000008344650269,mlp,embedding
4833,62842,NaN,NaN,NaN,NaN,7.096813874341024e-07,100.0,1.0000007152557373,mlp,embedding
4834,62855,NaN,NaN,NaN,NaN,6.610771379200742e-07,100.0,1.0000007152557373,mlp,embedding
4835,62868,NaN,NaN,NaN,NaN,6.06476589837257e-07,100.0,1.0000005960464478,mlp,embedding
4836,62881,NaN,NaN,NaN,NaN,5.754390031142975e-07,100.0,1.0000005960464478,mlp,embedding
4837,62894,NaN,NaN,NaN,NaN,5.179247750675131e-07,100.0,1.0000004768371582,mlp,embedding
4838,62907,NaN,NaN,NaN,NaN,4.828333999284951e-07,100.0,1.0000004768371582,mlp,embedding
4839,62920,NaN,NaN,NaN,NaN,4.3845193431479856e-07,100.0,1.0000004768371582,mlp,embedding
4840,62933,NaN,NaN,NaN,NaN,4.1864703348437615e-07,100.0,1.0000004768371582,mlp,embedding
4841,62946,NaN,NaN,NaN,NaN,3.9170566878965474e-07,100.0,1.0000003576278687,mlp,embedding
4842,62959,NaN,NaN,NaN,NaN,3.667068142476637e-07,100.0,1.0000003576278687,mlp,embedding
4843,62972,NaN,NaN,NaN,NaN,3.543762829849584e-07,100.0,1.0000003576278687,mlp,embedding
4844,62985,NaN,NaN,NaN,NaN,3.3528928611303854e-07,100.0,1.0000003576278687,mlp,embedding
4845,62998,NaN,NaN,NaN,NaN,3.2469012012370513e-07,100.0,1.0000003576278687,mlp,embedding
4846,63011,NaN,NaN,NaN,NaN,3.2342327926926373e-07,100.0,1.0000003576278687,mlp,embedding
4847,63024,NaN,NaN,NaN,NaN,3.7523673768191657e-07,100.0,1.0000003576278687,mlp,embedding
4848,63037,NaN,NaN,NaN,NaN,3.3381127195752924e-07,100.0,1.0000003576278687,mlp,embedding
4849,63050,1.890587242314723e-07,100.0,1.000000238418579,0.001,6.63522996546817e-07,100.0,1.0000007152557373,mlp,embedding
4850,63063,NaN,NaN,NaN,NaN,0.5727770924568176,88.5228500366211,1.7731845378875732,mlp,embedding
4851,63076,NaN,NaN,NaN,NaN,0.02087990567088127,99.32695770263672,1.0210994482040405,mlp,embedding
4852,63089,NaN,NaN,NaN,NaN,0.002318125916644931,100.0,1.0023207664489746,mlp,embedding
4853,63102,NaN,NaN,NaN,NaN,0.0007973646861501038,100.0,1.0007976293563843,mlp,embedding
4854,63115,NaN,NaN,NaN,NaN,0.00041624289588071406,100.0,1.0004162788391113,mlp,embedding
4855,63128,NaN,NaN,NaN,NaN,0.0002743153600022197,100.0,1.0002743005752563,mlp,embedding
4856,63141,NaN,NaN,NaN,NaN,0.00021031004143878818,100.0,1.0002102851867676,mlp,embedding
4857,63154,NaN,NaN,NaN,NaN,0.0001749665680108592,100.0,1.0001749992370605,mlp,embedding
4858,63167,NaN,NaN,NaN,NaN,0.00015097467985469848,100.0,1.0001510381698608,mlp,embedding
4859,63180,NaN,NaN,NaN,NaN,0.00013267183385323733,100.0,1.00013267993927,mlp,embedding
4860,63193,NaN,NaN,NaN,NaN,0.00011792456643888727,100.0,1.0001178979873657,mlp,embedding
4861,63206,NaN,NaN,NaN,NaN,0.00010519161151023582,100.0,1.0001051425933838,mlp,embedding
4862,63219,NaN,NaN,NaN,NaN,9.453861275687814e-05,100.0,1.0000945329666138,mlp,embedding
4863,63232,NaN,NaN,NaN,NaN,8.516039815731347e-05,100.0,1.0000851154327393,mlp,embedding
4864,63245,NaN,NaN,NaN,NaN,7.677192479604855e-05,100.0,1.0000767707824707,mlp,embedding
4865,63258,NaN,NaN,NaN,NaN,6.945545464986935e-05,100.0,1.000069499015808,mlp,embedding
4866,63271,NaN,NaN,NaN,NaN,6.269555888138711e-05,100.0,1.0000627040863037,mlp,embedding
4867,63284,NaN,NaN,NaN,NaN,5.648712976835668e-05,100.0,1.000056505203247,mlp,embedding
4868,63297,NaN,NaN,NaN,NaN,5.1033348427154124e-05,100.0,1.0000510215759277,mlp,embedding
4869,63310,NaN,NaN,NaN,NaN,4.6153170842444524e-05,100.0,1.0000461339950562,mlp,embedding
4870,63323,NaN,NaN,NaN,NaN,4.18588679167442e-05,100.0,1.0000418424606323,mlp,embedding
4871,63336,NaN,NaN,NaN,NaN,3.796232704189606e-05,100.0,1.0000379085540771,mlp,embedding
4872,63349,NaN,NaN,NaN,NaN,3.435690814512782e-05,100.0,1.0000343322753906,mlp,embedding
4873,63362,NaN,NaN,NaN,NaN,3.1074087019078434e-05,100.0,1.0000311136245728,mlp,embedding
4874,63375,NaN,NaN,NaN,NaN,2.818860775732901e-05,100.0,1.000028133392334,mlp,embedding
4875,63388,NaN,NaN,NaN,NaN,2.557093284849543e-05,100.0,1.0000256299972534,mlp,embedding
4876,63401,NaN,NaN,NaN,NaN,2.316244354005903e-05,100.0,1.0000231266021729,mlp,embedding
4877,63414,NaN,NaN,NaN,NaN,2.1099927835166454e-05,100.0,1.0000211000442505,mlp,embedding
4878,63427,NaN,NaN,NaN,NaN,1.9192857507732697e-05,100.0,1.0000191926956177,mlp,embedding
4879,63440,NaN,NaN,NaN,NaN,1.7389516870025545e-05,100.0,1.0000174045562744,mlp,embedding
4880,63453,NaN,NaN,NaN,NaN,1.587045881024096e-05,100.0,1.0000158548355103,mlp,embedding
4881,63466,NaN,NaN,NaN,NaN,1.4465200365521014e-05,100.0,1.0000144243240356,mlp,embedding
4882,63479,NaN,NaN,NaN,NaN,1.3179741472413298e-05,100.0,1.0000132322311401,mlp,embedding
4883,63492,NaN,NaN,NaN,NaN,1.2063028407283127e-05,100.0,1.0000120401382446,mlp,embedding
4884,63505,NaN,NaN,NaN,NaN,1.1008746696461458e-05,100.0,1.0000109672546387,mlp,embedding
4885,63518,NaN,NaN,NaN,NaN,1.0078810191771481e-05,100.0,1.0000101327896118,mlp,embedding
4886,63531,NaN,NaN,NaN,NaN,9.221652362612076e-06,100.0,1.0000091791152954,mlp,embedding
4887,63544,NaN,NaN,NaN,NaN,8.463337508146651e-06,100.0,1.000008463859558,mlp,embedding
4888,63557,NaN,NaN,NaN,NaN,7.774049663566984e-06,100.0,1.0000077486038208,mlp,embedding
4889,63570,NaN,NaN,NaN,NaN,7.154435024858685e-06,100.0,1.000007152557373,mlp,embedding
4890,63583,NaN,NaN,NaN,NaN,6.574759481736692e-06,100.0,1.0000065565109253,mlp,embedding
4891,63596,NaN,NaN,NaN,NaN,6.0399220274121035e-06,100.0,1.000006079673767,mlp,embedding
4892,63609,NaN,NaN,NaN,NaN,5.583962774835527e-06,100.0,1.0000056028366089,mlp,embedding
4893,63622,NaN,NaN,NaN,NaN,5.147934189153602e-06,100.0,1.0000051259994507,mlp,embedding
4894,63635,NaN,NaN,NaN,NaN,4.763757715409156e-06,100.0,1.000004768371582,mlp,embedding
4895,63648,NaN,NaN,NaN,NaN,4.382744918984827e-06,100.0,1.0000044107437134,mlp,embedding
4896,63661,NaN,NaN,NaN,NaN,4.051264568261104e-06,100.0,1.0000040531158447,mlp,embedding
4897,63674,2.435113401588751e-06,100.0,1.000002384185791,0.001,3.7701181554439245e-06,100.0,1.0000038146972656,mlp,embedding
4898,63687,NaN,NaN,NaN,NaN,3.4945851439260878e-06,100.0,1.000003457069397,mlp,embedding
4899,63700,NaN,NaN,NaN,NaN,3.2234449918178143e-06,100.0,1.0000032186508179,mlp,embedding
4900,63713,NaN,NaN,NaN,NaN,3.006481847478426e-06,100.0,1.0000029802322388,mlp,embedding
4901,63726,NaN,NaN,NaN,NaN,2.7877024422195973e-06,100.0,1.0000027418136597,mlp,embedding
4902,63739,NaN,NaN,NaN,NaN,2.5872495825751685e-06,100.0,1.0000026226043701,mlp,embedding
4903,63752,NaN,NaN,NaN,NaN,2.4142436814145185e-06,100.0,1.000002384185791,mlp,embedding
4904,63765,NaN,NaN,NaN,NaN,2.2542440092365723e-06,100.0,1.0000022649765015,mlp,embedding
4905,63778,NaN,NaN,NaN,NaN,2.0989307358831866e-06,100.0,1.000002145767212,mlp,embedding
4906,63791,NaN,NaN,NaN,NaN,1.959284190888866e-06,100.0,1.0000019073486328,mlp,embedding
4907,63804,NaN,NaN,NaN,NaN,1.8355152633375837e-06,100.0,1.0000017881393433,mlp,embedding
4908,63817,NaN,NaN,NaN,NaN,1.7188824585900875e-06,100.0,1.0000016689300537,mlp,embedding
4909,63830,NaN,NaN,NaN,NaN,1.6155937601070036e-06,100.0,1.0000016689300537,mlp,embedding
4910,63843,NaN,NaN,NaN,NaN,1.515809685770364e-06,100.0,1.0000015497207642,mlp,embedding
4911,63856,NaN,NaN,NaN,NaN,1.4271738564275438e-06,100.0,1.0000014305114746,mlp,embedding
4912,63869,NaN,NaN,NaN,NaN,1.3430985745799262e-06,100.0,1.000001311302185,mlp,embedding
4913,63882,NaN,NaN,NaN,NaN,1.2714800732283038e-06,100.0,1.000001311302185,mlp,embedding
4914,63895,NaN,NaN,NaN,NaN,1.1991861583737773e-06,100.0,1.0000011920928955,mlp,embedding
4915,63908,NaN,NaN,NaN,NaN,1.138927132160461e-06,100.0,1.0000011920928955,mlp,embedding
4916,63921,NaN,NaN,NaN,NaN,1.0784991673062905e-06,100.0,1.000001072883606,mlp,embedding
4917,63934,NaN,NaN,NaN,NaN,1.0231386795567232e-06,100.0,1.000001072883606,mlp,embedding
4918,63947,NaN,NaN,NaN,NaN,9.699738257040735e-07,100.0,1.0000009536743164,mlp,embedding
4919,63960,NaN,NaN,NaN,NaN,9.230164437212807e-07,100.0,1.0000009536743164,mlp,embedding
4920,63973,NaN,NaN,NaN,NaN,8.773259878580575e-07,100.0,1.0000008344650269,mlp,embedding
4921,63986,NaN,NaN,NaN,NaN,8.347180369128182e-07,100.0,1.0000008344650269,mlp,embedding
4922,63999,NaN,NaN,NaN,NaN,7.915612627584778e-07,100.0,1.0000008344650269,mlp,embedding
4923,64012,NaN,NaN,NaN,NaN,7.543584956692939e-07,100.0,1.0000007152557373,mlp,embedding
4924,64025,NaN,NaN,NaN,NaN,7.085835136422247e-07,100.0,1.0000007152557373,mlp,embedding
4925,64038,NaN,NaN,NaN,NaN,6.765324656043958e-07,100.0,1.0000007152557373,mlp,embedding
4926,64051,NaN,NaN,NaN,NaN,6.407232717720035e-07,100.0,1.0000005960464478,mlp,embedding
4927,64064,NaN,NaN,NaN,NaN,6.089678663556697e-07,100.0,1.0000005960464478,mlp,embedding
4928,64077,NaN,NaN,NaN,NaN,5.624751793220639e-07,100.0,1.0000005960464478,mlp,embedding
4929,64090,NaN,NaN,NaN,NaN,5.384475230130192e-07,100.0,1.0000005960464478,mlp,embedding
4930,64103,NaN,NaN,NaN,NaN,5.000622991246928e-07,100.0,1.0000004768371582,mlp,embedding
4931,64116,NaN,NaN,NaN,NaN,4.7823056092966e-07,100.0,1.0000004768371582,mlp,embedding
4932,64129,NaN,NaN,NaN,NaN,4.612127213476924e-07,100.0,1.0000004768371582,mlp,embedding
4933,64142,NaN,NaN,NaN,NaN,4.276838012629014e-07,100.0,1.0000004768371582,mlp,embedding
4934,64155,NaN,NaN,NaN,NaN,4.1611335177549336e-07,100.0,1.0000003576278687,mlp,embedding
4935,64168,NaN,NaN,NaN,NaN,3.9795537531972514e-07,100.0,1.0000003576278687,mlp,embedding
4936,64181,NaN,NaN,NaN,NaN,3.736321048108948e-07,100.0,1.0000003576278687,mlp,embedding
4937,64194,NaN,NaN,NaN,NaN,3.7401224517452647e-07,100.0,1.0000003576278687,mlp,embedding
4938,64207,NaN,NaN,NaN,NaN,3.6151280369267624e-07,100.0,1.0000003576278687,mlp,embedding
4939,64220,NaN,NaN,NaN,NaN,3.8427327808676637e-07,100.0,1.0000003576278687,mlp,embedding
4940,64233,NaN,NaN,NaN,NaN,0.9845880270004272,80.09210205078125,2.676708936691284,mlp,embedding
4941,64246,NaN,NaN,NaN,NaN,0.059371672570705414,97.80375671386719,1.0611696243286133,mlp,embedding
4942,64259,NaN,NaN,NaN,NaN,0.0015795064391568303,100.0,1.0015807151794434,mlp,embedding
4943,64272,NaN,NaN,NaN,NaN,0.0007293303497135639,100.0,1.0007295608520508,mlp,embedding
4944,64285,NaN,NaN,NaN,NaN,0.0003431301738601178,100.0,1.0003432035446167,mlp,embedding
4945,64298,0.0001989907759707421,100.0,1.0001989603042603,0.001,0.0002077949175145477,100.0,1.000207781791687,mlp,embedding
4946,64311,NaN,NaN,NaN,NaN,0.00015137351874727756,100.0,1.0001513957977295,mlp,embedding
4947,64324,NaN,NaN,NaN,NaN,0.00011593571252888069,100.0,1.000115990638733,mlp,embedding
4948,64337,NaN,NaN,NaN,NaN,9.392474021296948e-05,100.0,1.000093936920166,mlp,embedding
4949,64350,NaN,NaN,NaN,NaN,7.883383659645915e-05,100.0,1.000078797340393,mlp,embedding
4950,64363,NaN,NaN,NaN,NaN,6.800793198635802e-05,100.0,1.0000680685043335,mlp,embedding
4951,64376,NaN,NaN,NaN,NaN,5.90089985053055e-05,100.0,1.0000590085983276,mlp,embedding
4952,64389,NaN,NaN,NaN,NaN,5.1526076276786625e-05,100.0,1.000051498413086,mlp,embedding
4953,64402,NaN,NaN,NaN,NaN,4.5255397708388045e-05,100.0,1.0000452995300293,mlp,embedding
4954,64415,NaN,NaN,NaN,NaN,3.9939819544088095e-05,100.0,1.0000399351119995,mlp,embedding
4955,64428,NaN,NaN,NaN,NaN,3.525431748130359e-05,100.0,1.000035285949707,mlp,embedding
4956,64441,NaN,NaN,NaN,NaN,3.117611413472332e-05,100.0,1.0000312328338623,mlp,embedding
4957,64454,NaN,NaN,NaN,NaN,2.7740830773836933e-05,100.0,1.0000277757644653,mlp,embedding
4958,64467,NaN,NaN,NaN,NaN,2.4808379748719744e-05,100.0,1.0000247955322266,mlp,embedding
4959,64480,NaN,NaN,NaN,NaN,2.215646418335382e-05,100.0,1.0000221729278564,mlp,embedding
4960,64493,NaN,NaN,NaN,NaN,2.0072720872121863e-05,100.0,1.0000200271606445,mlp,embedding
4961,64506,NaN,NaN,NaN,NaN,1.8114929844159633e-05,100.0,1.0000181198120117,mlp,embedding
4962,64519,NaN,NaN,NaN,NaN,1.6215037248912267e-05,100.0,1.000016212463379,mlp,embedding
4963,64532,NaN,NaN,NaN,NaN,1.4731443116033915e-05,100.0,1.0000147819519043,mlp,embedding
4964,64545,NaN,NaN,NaN,NaN,1.3545702131523285e-05,100.0,1.0000135898590088,mlp,embedding
4965,64558,NaN,NaN,NaN,NaN,1.230259113071952e-05,100.0,1.0000122785568237,mlp,embedding
4966,64571,NaN,NaN,NaN,NaN,1.1287889719824307e-05,100.0,1.0000113248825073,mlp,embedding
4967,64584,NaN,NaN,NaN,NaN,1.0282929906679783e-05,100.0,1.0000102519989014,mlp,embedding
4968,64597,NaN,NaN,NaN,NaN,9.542178304400295e-06,100.0,1.000009536743164,mlp,embedding
4969,64610,NaN,NaN,NaN,NaN,8.835416338115465e-06,100.0,1.0000088214874268,mlp,embedding
4970,64623,NaN,NaN,NaN,NaN,8.123056431941222e-06,100.0,1.0000081062316895,mlp,embedding
4971,64636,NaN,NaN,NaN,NaN,7.524001830461202e-06,100.0,1.0000075101852417,mlp,embedding
4972,64649,NaN,NaN,NaN,NaN,7.0973860601952765e-06,100.0,1.000007152557373,mlp,embedding
4973,64662,NaN,NaN,NaN,NaN,6.507205853267806e-06,100.0,1.0000065565109253,mlp,embedding
4974,64675,NaN,NaN,NaN,NaN,6.1173450376372784e-06,100.0,1.000006079673767,mlp,embedding
4975,64688,NaN,NaN,NaN,NaN,5.720985427615233e-06,100.0,1.0000057220458984,mlp,embedding
4976,64701,NaN,NaN,NaN,NaN,5.345869340089848e-06,100.0,1.0000053644180298,mlp,embedding
4977,64714,NaN,NaN,NaN,NaN,5.038924427935854e-06,100.0,1.0000050067901611,mlp,embedding
4978,64727,NaN,NaN,NaN,NaN,4.683698080043541e-06,100.0,1.0000046491622925,mlp,embedding
4979,64740,NaN,NaN,NaN,NaN,4.462680863071e-06,100.0,1.0000044107437134,mlp,embedding
4980,64753,NaN,NaN,NaN,NaN,4.18454783357447e-06,100.0,1.0000041723251343,mlp,embedding
4981,64766,NaN,NaN,NaN,NaN,3.954754447477171e-06,100.0,1.0000039339065552,mlp,embedding
4982,64779,NaN,NaN,NaN,NaN,3.7649062960554147e-06,100.0,1.0000038146972656,mlp,embedding
4983,64792,NaN,NaN,NaN,NaN,3.5523398764780723e-06,100.0,1.0000035762786865,mlp,embedding
4984,64805,NaN,NaN,NaN,NaN,3.4159052120230626e-06,100.0,1.000003457069397,mlp,embedding
4985,64818,NaN,NaN,NaN,NaN,3.208364432794042e-06,100.0,1.0000032186508179,mlp,embedding
4986,64831,NaN,NaN,NaN,NaN,3.072815616178559e-06,100.0,1.0000030994415283,mlp,embedding
4987,64844,NaN,NaN,NaN,NaN,2.9292025374161312e-06,100.0,1.0000029802322388,mlp,embedding
4988,64857,NaN,NaN,NaN,NaN,2.791331098705996e-06,100.0,1.0000027418136597,mlp,embedding
4989,64870,NaN,NaN,NaN,NaN,2.6831453396880534e-06,100.0,1.0000027418136597,mlp,embedding
4990,64883,NaN,NaN,NaN,NaN,2.575593271103571e-06,100.0,1.0000026226043701,mlp,embedding
4991,64896,NaN,NaN,NaN,NaN,2.465548504915205e-06,100.0,1.0000025033950806,mlp,embedding
4992,64909,NaN,NaN,NaN,NaN,2.3743798465147847e-06,100.0,1.000002384185791,mlp,embedding
4993,64922,NaN,NaN,NaN,NaN,2.2880665255797794e-06,100.0,1.0000022649765015,mlp,embedding
4994,64935,1.3499814031092683e-06,100.0,1.000001311302185,0.001,2.192844476667233e-06,100.0,1.000002145767212,mlp,embedding
4995,64948,NaN,NaN,NaN,NaN,2.1202131392783485e-06,100.0,1.000002145767212,mlp,embedding
4996,64961,NaN,NaN,NaN,NaN,2.049988552244031e-06,100.0,1.0000020265579224,mlp,embedding
4997,64974,NaN,NaN,NaN,NaN,1.971529854927212e-06,100.0,1.0000020265579224,mlp,embedding
4998,64987,NaN,NaN,NaN,NaN,1.90413470591011e-06,100.0,1.0000019073486328,mlp,embedding
4999,65000,NaN,NaN,NaN,NaN,1.8490278534954996e-06,100.0,1.0000019073486328,mlp,embedding
5000,65013,NaN,NaN,NaN,NaN,1.7742006548360223e-06,100.0,1.0000017881393433,mlp,embedding
5001,65026,NaN,NaN,NaN,NaN,1.7206134543812368e-06,100.0,1.0000016689300537,mlp,embedding
5002,65039,NaN,NaN,NaN,NaN,1.6552030501770787e-06,100.0,1.0000016689300537,mlp,embedding
5003,65052,NaN,NaN,NaN,NaN,1.6127215758388047e-06,100.0,1.0000016689300537,mlp,embedding
5004,65065,NaN,NaN,NaN,NaN,1.5356565654656151e-06,100.0,1.0000015497207642,mlp,embedding
5005,65078,NaN,NaN,NaN,NaN,1.4891638784320094e-06,100.0,1.0000014305114746,mlp,embedding
5006,65091,NaN,NaN,NaN,NaN,1.4323678669825313e-06,100.0,1.0000014305114746,mlp,embedding
5007,65104,NaN,NaN,NaN,NaN,1.3784004977424047e-06,100.0,1.0000014305114746,mlp,embedding
5008,65117,NaN,NaN,NaN,NaN,1.3238848168839468e-06,100.0,1.000001311302185,mlp,embedding
5009,65130,NaN,NaN,NaN,NaN,1.2855419981860905e-06,100.0,1.000001311302185,mlp,embedding
5010,65143,NaN,NaN,NaN,NaN,1.2298011142775067e-06,100.0,1.0000011920928955,mlp,embedding
5011,65156,NaN,NaN,NaN,NaN,1.1755386140066548e-06,100.0,1.0000011920928955,mlp,embedding
5012,65169,NaN,NaN,NaN,NaN,1.1245274436078034e-06,100.0,1.000001072883606,mlp,embedding
5013,65182,NaN,NaN,NaN,NaN,1.057765416589973e-06,100.0,1.000001072883606,mlp,embedding
5014,65195,NaN,NaN,NaN,NaN,1.0002509043260943e-06,100.0,1.0000009536743164,mlp,embedding
5015,65208,NaN,NaN,NaN,NaN,9.456504699301149e-07,100.0,1.0000009536743164,mlp,embedding
5016,65221,NaN,NaN,NaN,NaN,8.968772249318135e-07,100.0,1.0000009536743164,mlp,embedding
5017,65234,NaN,NaN,NaN,NaN,8.334089329764538e-07,100.0,1.0000008344650269,mlp,embedding
5018,65247,NaN,NaN,NaN,NaN,7.786394462527824e-07,100.0,1.0000008344650269,mlp,embedding
5019,65260,NaN,NaN,NaN,NaN,7.355247930718178e-07,100.0,1.0000007152557373,mlp,embedding
5020,65273,NaN,NaN,NaN,NaN,6.770815161871724e-07,100.0,1.0000007152557373,mlp,embedding
5021,65286,NaN,NaN,NaN,NaN,6.303774853222421e-07,100.0,1.0000005960464478,mlp,embedding
5022,65299,NaN,NaN,NaN,NaN,5.788594990008278e-07,100.0,1.0000005960464478,mlp,embedding
5023,65312,NaN,NaN,NaN,NaN,5.347314413484128e-07,100.0,1.0000004768371582,mlp,embedding
5024,65325,NaN,NaN,NaN,NaN,4.925036023450957e-07,100.0,1.0000004768371582,mlp,embedding
5025,65338,NaN,NaN,NaN,NaN,4.51289224656648e-07,100.0,1.0000004768371582,mlp,embedding
5026,65351,NaN,NaN,NaN,NaN,4.2362989916000515e-07,100.0,1.0000004768371582,mlp,embedding
5027,65364,NaN,NaN,NaN,NaN,3.9765981796335836e-07,100.0,1.0000003576278687,mlp,embedding
5028,65377,NaN,NaN,NaN,NaN,3.5619203231362917e-07,100.0,1.0000003576278687,mlp,embedding
5029,65390,NaN,NaN,NaN,NaN,3.359226923294045e-07,100.0,1.0000003576278687,mlp,embedding
5030,65403,NaN,NaN,NaN,NaN,3.273082143095962e-07,100.0,1.0000003576278687,mlp,embedding
5031,65416,NaN,NaN,NaN,NaN,3.0454731358986464e-07,100.0,1.0000003576278687,mlp,embedding
5032,65429,NaN,NaN,NaN,NaN,2.799707772283e-07,100.0,1.000000238418579,mlp,embedding
5033,65442,NaN,NaN,NaN,NaN,3.02055838119486e-07,100.0,1.0000003576278687,mlp,embedding
5034,65455,NaN,NaN,NaN,NaN,3.528134868702182e-07,100.0,1.0000003576278687,mlp,embedding
5035,65468,NaN,NaN,NaN,NaN,1.8206177949905396,78.21466064453125,6.17567253112793,mlp,embedding
5036,65481,NaN,NaN,NaN,NaN,0.2973797023296356,93.37583923339844,1.3463263511657715,mlp,embedding
5037,65494,NaN,NaN,NaN,NaN,0.006156398449093103,99.9645767211914,1.0061753988265991,mlp,embedding
5038,65507,NaN,NaN,NaN,NaN,0.006283030845224857,99.85830688476562,1.006302833557129,mlp,embedding
5039,65520,NaN,NaN,NaN,NaN,0.001049534068442881,100.0,1.0010501146316528,mlp,embedding
5040,65533,NaN,NaN,NaN,NaN,0.0004992393660359085,100.0,1.0004993677139282,mlp,embedding
5041,65546,NaN,NaN,NaN,NaN,0.00035942040267400444,100.0,1.0003595352172852,mlp,embedding
5042,65559,NaN,NaN,NaN,NaN,0.0002914418000727892,100.0,1.0002914667129517,mlp,embedding
5043,65572,0.00014241633471101522,100.0,1.0001424551010132,0.001,0.0002473573258612305,100.0,1.0002473592758179,mlp,embedding
5044,65585,NaN,NaN,NaN,NaN,0.00021541834576055408,100.0,1.0002154111862183,mlp,embedding
5045,65598,NaN,NaN,NaN,NaN,0.00019053128198720515,100.0,1.0001904964447021,mlp,embedding
5046,65611,NaN,NaN,NaN,NaN,0.0001683544833213091,100.0,1.0001683235168457,mlp,embedding
5047,65624,NaN,NaN,NaN,NaN,0.00015034513489808887,100.0,1.0001503229141235,mlp,embedding
5048,65637,NaN,NaN,NaN,NaN,0.0001350067905150354,100.0,1.000135064125061,mlp,embedding
5049,65650,NaN,NaN,NaN,NaN,0.00012097900616936386,100.0,1.000120997428894,mlp,embedding
5050,65663,NaN,NaN,NaN,NaN,0.00010877376917051151,100.0,1.0001088380813599,mlp,embedding
5051,65676,NaN,NaN,NaN,NaN,9.77461677393876e-05,100.0,1.0000977516174316,mlp,embedding
5052,65689,NaN,NaN,NaN,NaN,8.779695781413466e-05,100.0,1.000087857246399,mlp,embedding
5053,65702,NaN,NaN,NaN,NaN,7.907811232144013e-05,100.0,1.0000790357589722,mlp,embedding
5054,65715,NaN,NaN,NaN,NaN,7.12297551217489e-05,100.0,1.0000712871551514,mlp,embedding
5055,65728,NaN,NaN,NaN,NaN,6.426519394153729e-05,100.0,1.0000642538070679,mlp,embedding
5056,65741,NaN,NaN,NaN,NaN,5.7944111176766455e-05,100.0,1.0000579357147217,mlp,embedding
5057,65754,NaN,NaN,NaN,NaN,5.232646071817726e-05,100.0,1.0000523328781128,mlp,embedding
5058,65767,NaN,NaN,NaN,NaN,4.711384463007562e-05,100.0,1.0000470876693726,mlp,embedding
5059,65780,NaN,NaN,NaN,NaN,4.258445187588222e-05,100.0,1.0000425577163696,mlp,embedding
5060,65793,NaN,NaN,NaN,NaN,3.853006273857318e-05,100.0,1.000038504600525,mlp,embedding
5061,65806,NaN,NaN,NaN,NaN,3.4878474252764136e-05,100.0,1.0000349283218384,mlp,embedding
5062,65819,NaN,NaN,NaN,NaN,3.1587180274073035e-05,100.0,1.000031590461731,mlp,embedding
5063,65832,NaN,NaN,NaN,NaN,2.8661770556936972e-05,100.0,1.0000286102294922,mlp,embedding
5064,65845,NaN,NaN,NaN,NaN,2.6075007554027252e-05,100.0,1.0000261068344116,mlp,embedding
5065,65858,NaN,NaN,NaN,NaN,2.3619915737072006e-05,100.0,1.000023603439331,mlp,embedding
5066,65871,NaN,NaN,NaN,NaN,2.1488467609742656e-05,100.0,1.0000214576721191,mlp,embedding
5067,65884,NaN,NaN,NaN,NaN,1.957923814188689e-05,100.0,1.0000195503234863,mlp,embedding
5068,65897,NaN,NaN,NaN,NaN,1.7810980352805927e-05,100.0,1.000017762184143,mlp,embedding
5069,65910,NaN,NaN,NaN,NaN,1.6255627997452393e-05,100.0,1.000016212463379,mlp,embedding
5070,65923,NaN,NaN,NaN,NaN,1.4847789316263516e-05,100.0,1.0000149011611938,mlp,embedding
5071,65936,NaN,NaN,NaN,NaN,1.3574975127994549e-05,100.0,1.0000135898590088,mlp,embedding
5072,65949,NaN,NaN,NaN,NaN,1.2432155017449986e-05,100.0,1.0000123977661133,mlp,embedding
5073,65962,NaN,NaN,NaN,NaN,1.139183859777404e-05,100.0,1.0000114440917969,mlp,embedding
5074,65975,NaN,NaN,NaN,NaN,1.044570490194019e-05,100.0,1.0000104904174805,mlp,embedding
5075,65988,NaN,NaN,NaN,NaN,9.60520173975965e-06,100.0,1.0000096559524536,mlp,embedding
5076,66001,NaN,NaN,NaN,NaN,8.843217983667273e-06,100.0,1.0000088214874268,mlp,embedding
5077,66014,NaN,NaN,NaN,NaN,8.137099030136596e-06,100.0,1.0000081062316895,mlp,embedding
5078,66027,NaN,NaN,NaN,NaN,7.511025614803657e-06,100.0,1.0000075101852417,mlp,embedding
5079,66040,NaN,NaN,NaN,NaN,6.930088602530304e-06,100.0,1.000006914138794,mlp,embedding
5080,66053,NaN,NaN,NaN,NaN,6.412358288798714e-06,100.0,1.0000064373016357,mlp,embedding
5081,66066,NaN,NaN,NaN,NaN,5.933557986281812e-06,100.0,1.0000059604644775,mlp,embedding
5082,66079,NaN,NaN,NaN,NaN,5.492000127560459e-06,100.0,1.0000054836273193,mlp,embedding
5083,66092,NaN,NaN,NaN,NaN,5.09903975398629e-06,100.0,1.0000051259994507,mlp,embedding
5084,66105,NaN,NaN,NaN,NaN,4.740241365652764e-06,100.0,1.000004768371582,mlp,embedding
5085,66118,NaN,NaN,NaN,NaN,4.410240762808826e-06,100.0,1.0000044107437134,mlp,embedding
5086,66131,NaN,NaN,NaN,NaN,4.114567218493903e-06,100.0,1.0000041723251343,mlp,embedding
5087,66144,NaN,NaN,NaN,NaN,3.838234988506883e-06,100.0,1.0000038146972656,mlp,embedding
5088,66157,NaN,NaN,NaN,NaN,3.579973963496741e-06,100.0,1.0000035762786865,mlp,embedding
5089,66170,NaN,NaN,NaN,NaN,3.3502572023280663e-06,100.0,1.0000033378601074,mlp,embedding
5090,66183,NaN,NaN,NaN,NaN,3.141317165500368e-06,100.0,1.0000030994415283,mlp,embedding
5091,66196,NaN,NaN,NaN,NaN,2.9416250981739722e-06,100.0,1.0000029802322388,mlp,embedding
5092,66209,NaN,NaN,NaN,NaN,2.757386027951725e-06,100.0,1.0000027418136597,mlp,embedding
5093,66222,1.659171971368778e-06,100.0,1.0000016689300537,0.001,2.588223424027092e-06,100.0,1.0000026226043701,mlp,embedding
5094,66235,NaN,NaN,NaN,NaN,2.4390756152570248e-06,100.0,1.000002384185791,mlp,embedding
5095,66248,NaN,NaN,NaN,NaN,2.2888721105118748e-06,100.0,1.0000022649765015,mlp,embedding
5096,66261,NaN,NaN,NaN,NaN,2.15881118492689e-06,100.0,1.000002145767212,mlp,embedding
5097,66274,NaN,NaN,NaN,NaN,2.027905338763958e-06,100.0,1.0000020265579224,mlp,embedding
5098,66287,NaN,NaN,NaN,NaN,1.9140597942168824e-06,100.0,1.0000019073486328,mlp,embedding
5099,66300,NaN,NaN,NaN,NaN,1.8004672028837376e-06,100.0,1.0000017881393433,mlp,embedding
5100,66313,NaN,NaN,NaN,NaN,1.693842364147713e-06,100.0,1.0000016689300537,mlp,embedding
5101,66326,NaN,NaN,NaN,NaN,1.6113712035803474e-06,100.0,1.0000016689300537,mlp,embedding
5102,66339,NaN,NaN,NaN,NaN,1.512980816187337e-06,100.0,1.0000015497207642,mlp,embedding
5103,66352,NaN,NaN,NaN,NaN,1.431819100616849e-06,100.0,1.0000014305114746,mlp,embedding
5104,66365,NaN,NaN,NaN,NaN,1.3523887218980235e-06,100.0,1.000001311302185,mlp,embedding
5105,66378,NaN,NaN,NaN,NaN,1.283472897739557e-06,100.0,1.000001311302185,mlp,embedding
5106,66391,NaN,NaN,NaN,NaN,1.2084764193787123e-06,100.0,1.0000011920928955,mlp,embedding
5107,66404,NaN,NaN,NaN,NaN,1.1443747780504054e-06,100.0,1.0000011920928955,mlp,embedding
5108,66417,NaN,NaN,NaN,NaN,1.0830599421751685e-06,100.0,1.000001072883606,mlp,embedding
5109,66430,NaN,NaN,NaN,NaN,1.0220408057648456e-06,100.0,1.000001072883606,mlp,embedding
5110,66443,NaN,NaN,NaN,NaN,9.640619964557118e-07,100.0,1.0000009536743164,mlp,embedding
5111,66456,NaN,NaN,NaN,NaN,9.051541383087169e-07,100.0,1.0000009536743164,mlp,embedding
5112,66469,NaN,NaN,NaN,NaN,8.493290124533814e-07,100.0,1.0000008344650269,mlp,embedding
5113,66482,NaN,NaN,NaN,NaN,7.935881853882165e-07,100.0,1.0000008344650269,mlp,embedding
5114,66495,NaN,NaN,NaN,NaN,7.44814997233334e-07,100.0,1.0000007152557373,mlp,embedding
5115,66508,NaN,NaN,NaN,NaN,6.908056775500881e-07,100.0,1.0000007152557373,mlp,embedding
5116,66521,NaN,NaN,NaN,NaN,6.451151080000272e-07,100.0,1.0000005960464478,mlp,embedding
5117,66534,NaN,NaN,NaN,NaN,5.920769581280183e-07,100.0,1.0000005960464478,mlp,embedding
5118,66547,NaN,NaN,NaN,NaN,5.500180009221367e-07,100.0,1.0000005960464478,mlp,embedding
5119,66560,NaN,NaN,NaN,NaN,5.080434561932634e-07,100.0,1.0000004768371582,mlp,embedding
5120,66573,NaN,NaN,NaN,NaN,4.6970055223027884e-07,100.0,1.0000004768371582,mlp,embedding
5121,66586,NaN,NaN,NaN,NaN,4.318644357681478e-07,100.0,1.0000004768371582,mlp,embedding
5122,66599,NaN,NaN,NaN,NaN,3.9651970951126714e-07,100.0,1.0000003576278687,mlp,embedding
5123,66612,NaN,NaN,NaN,NaN,3.7299864175110997e-07,100.0,1.0000003576278687,mlp,embedding
5124,66625,NaN,NaN,NaN,NaN,3.461418032202346e-07,100.0,1.0000003576278687,mlp,embedding
5125,66638,NaN,NaN,NaN,NaN,3.1734242611491936e-07,100.0,1.0000003576278687,mlp,embedding
5126,66651,NaN,NaN,NaN,NaN,2.9762205144834297e-07,100.0,1.000000238418579,mlp,embedding
5127,66664,NaN,NaN,NaN,NaN,2.840246509094868e-07,100.0,1.000000238418579,mlp,embedding
5128,66677,NaN,NaN,NaN,NaN,2.8144873454039043e-07,100.0,1.000000238418579,mlp,embedding
5129,66690,NaN,NaN,NaN,NaN,2.7030057481169933e-07,100.0,1.000000238418579,mlp,embedding
5130,66703,NaN,NaN,NaN,NaN,2.854603167179448e-07,100.0,1.000000238418579,mlp,embedding
5131,66716,NaN,NaN,NaN,NaN,2.713984770252864e-07,100.0,1.000000238418579,mlp,embedding
5132,66729,NaN,NaN,NaN,NaN,2.6565547273094126e-07,100.0,1.000000238418579,mlp,embedding
5133,66742,NaN,NaN,NaN,NaN,4.800880333277746e-07,100.0,1.0000004768371582,mlp,embedding
5134,66755,NaN,NaN,NaN,NaN,1.5312353372573853,87.1767578125,4.623885154724121,mlp,embedding
5135,66768,NaN,NaN,NaN,NaN,0.07914216816425323,98.37052917480469,1.0823582410812378,mlp,embedding
5136,66781,NaN,NaN,NaN,NaN,0.006206692662090063,99.85830688476562,1.0062259435653687,mlp,embedding
5137,66794,NaN,NaN,NaN,NaN,0.0020409158896654844,100.0,1.0020430088043213,mlp,embedding
5138,66807,NaN,NaN,NaN,NaN,0.0009108750382438302,100.0,1.0009112358093262,mlp,embedding
5139,66820,NaN,NaN,NaN,NaN,0.0005462511326186359,100.0,1.0005464553833008,mlp,embedding
5140,66833,NaN,NaN,NaN,NaN,0.0004081619263160974,100.0,1.0004082918167114,mlp,embedding
5141,66846,NaN,NaN,NaN,NaN,0.00033518721465952694,100.0,1.0003352165222168,mlp,embedding
5142,66859,NaN,NaN,NaN,NaN,0.0002888984454330057,100.0,1.000288963317871,mlp,embedding
5143,66872,0.00016726081958040595,100.0,1.0001672506332397,0.001,0.000254368525929749,100.0,1.0002543926239014,mlp,embedding
5144,66885,NaN,NaN,NaN,NaN,0.00022622158576268703,100.0,1.0002262592315674,mlp,embedding
5145,66898,NaN,NaN,NaN,NaN,0.00020214164396747947,100.0,1.0002021789550781,mlp,embedding
5146,66911,NaN,NaN,NaN,NaN,0.00018139631720259786,100.0,1.0001814365386963,mlp,embedding
5147,66924,NaN,NaN,NaN,NaN,0.00016358631546609104,100.0,1.0001635551452637,mlp,embedding
5148,66937,NaN,NaN,NaN,NaN,0.00014735478907823563,100.0,1.0001473426818848,mlp,embedding
5149,66950,NaN,NaN,NaN,NaN,0.00013349861546885222,100.0,1.0001335144042969,mlp,embedding
5150,66963,NaN,NaN,NaN,NaN,0.00012090984819224104,100.0,1.0001208782196045,mlp,embedding
5151,66976,NaN,NaN,NaN,NaN,0.00010929623385891318,100.0,1.000109314918518,mlp,embedding
5152,66989,NaN,NaN,NaN,NaN,9.877941920422018e-05,100.0,1.0000988245010376,mlp,embedding
5153,67002,NaN,NaN,NaN,NaN,8.960371633293107e-05,100.0,1.0000896453857422,mlp,embedding
5154,67015,NaN,NaN,NaN,NaN,8.126470493152738e-05,100.0,1.0000813007354736,mlp,embedding
5155,67028,NaN,NaN,NaN,NaN,7.359001028817147e-05,100.0,1.0000735521316528,mlp,embedding
5156,67041,NaN,NaN,NaN,NaN,6.665253749815747e-05,100.0,1.0000666379928589,mlp,embedding
5157,67054,NaN,NaN,NaN,NaN,6.050851516192779e-05,100.0,1.0000605583190918,mlp,embedding
5158,67067,NaN,NaN,NaN,NaN,5.496842641150579e-05,100.0,1.000054955482483,mlp,embedding
5159,67080,NaN,NaN,NaN,NaN,4.979273580829613e-05,100.0,1.0000498294830322,mlp,embedding
5160,67093,NaN,NaN,NaN,NaN,4.505632387008518e-05,100.0,1.0000450611114502,mlp,embedding
5161,67106,NaN,NaN,NaN,NaN,4.0856804844224826e-05,100.0,1.000040888786316,mlp,embedding
5162,67119,NaN,NaN,NaN,NaN,3.696568819577806e-05,100.0,1.0000369548797607,mlp,embedding
5163,67132,NaN,NaN,NaN,NaN,3.3538635761942714e-05,100.0,1.0000334978103638,mlp,embedding
5164,67145,NaN,NaN,NaN,NaN,3.0352888643392362e-05,100.0,1.0000303983688354,mlp,embedding
5165,67158,NaN,NaN,NaN,NaN,2.7572203180170618e-05,100.0,1.0000275373458862,mlp,embedding
5166,67171,NaN,NaN,NaN,NaN,2.497723835404031e-05,100.0,1.0000250339508057,mlp,embedding
5167,67184,NaN,NaN,NaN,NaN,2.263734131702222e-05,100.0,1.0000226497650146,mlp,embedding
5168,67197,NaN,NaN,NaN,NaN,2.05220167117659e-05,100.0,1.0000205039978027,mlp,embedding
5169,67210,NaN,NaN,NaN,NaN,1.85911721928278e-05,100.0,1.00001859664917,mlp,embedding
5170,67223,NaN,NaN,NaN,NaN,1.6882580894161947e-05,100.0,1.0000169277191162,mlp,embedding
5171,67236,NaN,NaN,NaN,NaN,1.5317909856094047e-05,100.0,1.0000152587890625,mlp,embedding
5172,67249,NaN,NaN,NaN,NaN,1.392069043504307e-05,100.0,1.0000139474868774,mlp,embedding
5173,67262,NaN,NaN,NaN,NaN,1.2662551853281911e-05,100.0,1.0000126361846924,mlp,embedding
5174,67275,NaN,NaN,NaN,NaN,1.1529666153364815e-05,100.0,1.0000115633010864,mlp,embedding
5175,67288,NaN,NaN,NaN,NaN,1.0488937732588965e-05,100.0,1.0000104904174805,mlp,embedding
5176,67301,NaN,NaN,NaN,NaN,9.579851393937133e-06,100.0,1.000009536743164,mlp,embedding
5177,67314,NaN,NaN,NaN,NaN,8.75481782713905e-06,100.0,1.0000087022781372,mlp,embedding
5178,67327,NaN,NaN,NaN,NaN,8.006077223399188e-06,100.0,1.0000079870224,mlp,embedding
5179,67340,NaN,NaN,NaN,NaN,7.327593721129233e-06,100.0,1.0000072717666626,mlp,embedding
5180,67353,NaN,NaN,NaN,NaN,6.721060344716534e-06,100.0,1.0000066757202148,mlp,embedding
5181,67366,NaN,NaN,NaN,NaN,6.16861416347092e-06,100.0,1.0000061988830566,mlp,embedding
5182,67379,NaN,NaN,NaN,NaN,5.674014118994819e-06,100.0,1.0000057220458984,mlp,embedding
5183,67392,NaN,NaN,NaN,NaN,5.22341451869579e-06,100.0,1.0000052452087402,mlp,embedding
5184,67405,NaN,NaN,NaN,NaN,4.819555215362925e-06,100.0,1.000004768371582,mlp,embedding
5185,67418,NaN,NaN,NaN,NaN,4.4517573769553564e-06,100.0,1.0000044107437134,mlp,embedding
5186,67431,NaN,NaN,NaN,NaN,4.112209808226908e-06,100.0,1.0000040531158447,mlp,embedding
5187,67444,NaN,NaN,NaN,NaN,3.8134519400045974e-06,100.0,1.0000038146972656,mlp,embedding
5188,67457,NaN,NaN,NaN,NaN,3.5340333397471113e-06,100.0,1.0000035762786865,mlp,embedding
5189,67470,NaN,NaN,NaN,NaN,3.281683575551142e-06,100.0,1.0000033378601074,mlp,embedding
5190,67483,NaN,NaN,NaN,NaN,3.0527685339620803e-06,100.0,1.0000030994415283,mlp,embedding
5191,67496,NaN,NaN,NaN,NaN,2.8461490728659555e-06,100.0,1.0000028610229492,mlp,embedding
5192,67509,NaN,NaN,NaN,NaN,2.6504244488023687e-06,100.0,1.0000026226043701,mlp,embedding
5193,67522,NaN,NaN,NaN,NaN,2.475433348081424e-06,100.0,1.0000025033950806,mlp,embedding
5194,67535,1.5971600078046322e-06,100.0,1.0000015497207642,0.001,2.3135330593504477e-06,100.0,1.0000022649765015,mlp,embedding
5195,67548,NaN,NaN,NaN,NaN,2.163877979910467e-06,100.0,1.000002145767212,mlp,embedding
5196,67561,NaN,NaN,NaN,NaN,2.028285052801948e-06,100.0,1.0000020265579224,mlp,embedding
5197,67574,NaN,NaN,NaN,NaN,1.8972525595017942e-06,100.0,1.0000019073486328,mlp,embedding
5198,67587,NaN,NaN,NaN,NaN,1.7782971326596453e-06,100.0,1.0000017881393433,mlp,embedding
5199,67600,NaN,NaN,NaN,NaN,1.6742480966058793e-06,100.0,1.0000016689300537,mlp,embedding
5200,67613,NaN,NaN,NaN,NaN,1.5701989468652755e-06,100.0,1.0000015497207642,mlp,embedding
5201,67626,NaN,NaN,NaN,NaN,1.479789261793485e-06,100.0,1.0000014305114746,mlp,embedding
5202,67639,NaN,NaN,NaN,NaN,1.3911954965806217e-06,100.0,1.0000014305114746,mlp,embedding
5203,67652,NaN,NaN,NaN,NaN,1.3077112726023188e-06,100.0,1.000001311302185,mlp,embedding
5204,67665,NaN,NaN,NaN,NaN,1.2330103800195502e-06,100.0,1.0000011920928955,mlp,embedding
5205,67678,NaN,NaN,NaN,NaN,1.1595341220527189e-06,100.0,1.0000011920928955,mlp,embedding
5206,67691,NaN,NaN,NaN,NaN,1.0913362302744645e-06,100.0,1.000001072883606,mlp,embedding
5207,67704,NaN,NaN,NaN,NaN,1.0308660876034992e-06,100.0,1.000001072883606,mlp,embedding
5208,67717,NaN,NaN,NaN,NaN,9.687912552180933e-07,100.0,1.0000009536743164,mlp,embedding
5209,67730,NaN,NaN,NaN,NaN,9.136417133959185e-07,100.0,1.0000009536743164,mlp,embedding
5210,67743,NaN,NaN,NaN,NaN,8.599280363341677e-07,100.0,1.0000008344650269,mlp,embedding
5211,67756,NaN,NaN,NaN,NaN,8.092545726867684e-07,100.0,1.0000008344650269,mlp,embedding
5212,67769,NaN,NaN,NaN,NaN,7.595946840410761e-07,100.0,1.0000007152557373,mlp,embedding
5213,67782,NaN,NaN,NaN,NaN,7.104414976311091e-07,100.0,1.0000007152557373,mlp,embedding
5214,67795,NaN,NaN,NaN,NaN,6.69480471060524e-07,100.0,1.0000007152557373,mlp,embedding
5215,67808,NaN,NaN,NaN,NaN,6.241700134523853e-07,100.0,1.0000005960464478,mlp,embedding
5216,67821,NaN,NaN,NaN,NaN,5.82913401103724e-07,100.0,1.0000005960464478,mlp,embedding
5217,67834,NaN,NaN,NaN,NaN,5.47484262369835e-07,100.0,1.0000005960464478,mlp,embedding
5218,67847,NaN,NaN,NaN,NaN,5.036940251557098e-07,100.0,1.0000004768371582,mlp,embedding
5219,67860,NaN,NaN,NaN,NaN,4.716430339612998e-07,100.0,1.0000004768371582,mlp,embedding
5220,67873,NaN,NaN,NaN,NaN,4.3313121977917035e-07,100.0,1.0000004768371582,mlp,embedding
5221,67886,NaN,NaN,NaN,NaN,3.9939115481502085e-07,100.0,1.0000003576278687,mlp,embedding
5222,67899,NaN,NaN,NaN,NaN,3.7021169418949285e-07,100.0,1.0000003576278687,mlp,embedding
5223,67912,NaN,NaN,NaN,NaN,3.4356591527284763e-07,100.0,1.0000003576278687,mlp,embedding
5224,67925,NaN,NaN,NaN,NaN,3.227898446311883e-07,100.0,1.0000003576278687,mlp,embedding
5225,67938,NaN,NaN,NaN,NaN,3.06954376583235e-07,100.0,1.0000003576278687,mlp,embedding
5226,67951,NaN,NaN,NaN,NaN,2.841512980467087e-07,100.0,1.000000238418579,mlp,embedding
5227,67964,NaN,NaN,NaN,NaN,2.83433450931625e-07,100.0,1.000000238418579,mlp,embedding
5228,67977,NaN,NaN,NaN,NaN,2.750723240296793e-07,100.0,1.000000238418579,mlp,embedding
5229,67990,NaN,NaN,NaN,NaN,2.7760597731685266e-07,100.0,1.000000238418579,mlp,embedding
5230,68003,NaN,NaN,NaN,NaN,3.511244131004787e-07,100.0,1.0000003576278687,mlp,embedding
5231,68016,NaN,NaN,NaN,NaN,0.9616476893424988,88.55827331542969,2.6160032749176025,mlp,embedding
5232,68029,NaN,NaN,NaN,NaN,0.07324886322021484,97.91002655029297,1.075998306274414,mlp,embedding
5233,68042,NaN,NaN,NaN,NaN,0.0027385971043258905,99.9645767211914,1.0027424097061157,mlp,embedding
5234,68055,NaN,NaN,NaN,NaN,0.0006414952804334462,100.0,1.0006417036056519,mlp,embedding
5235,68068,NaN,NaN,NaN,NaN,0.0004023226210847497,100.0,1.0004024505615234,mlp,embedding
5236,68081,NaN,NaN,NaN,NaN,0.00028978445334360003,100.0,1.000289797782898,mlp,embedding
5237,68094,NaN,NaN,NaN,NaN,0.0002316654281457886,100.0,1.0002317428588867,mlp,embedding
5238,68107,NaN,NaN,NaN,NaN,0.0001970459270523861,100.0,1.0001970529556274,mlp,embedding
5239,68120,NaN,NaN,NaN,NaN,0.00017198333807755262,100.0,1.0001720190048218,mlp,embedding
5240,68133,NaN,NaN,NaN,NaN,0.00015322180115617812,100.0,1.0001531839370728,mlp,embedding
5241,68146,NaN,NaN,NaN,NaN,0.00013749973732046783,100.0,1.0001375675201416,mlp,embedding
5242,68159,NaN,NaN,NaN,NaN,0.00012384903675410897,100.0,1.0001238584518433,mlp,embedding
5243,68172,NaN,NaN,NaN,NaN,0.00011222471221117303,100.0,1.0001121759414673,mlp,embedding
5244,68185,NaN,NaN,NaN,NaN,0.00010180832032347098,100.0,1.0001018047332764,mlp,embedding
5245,68198,6.114351708674803e-05,100.0,1.0000611543655396,0.001,9.27959627006203e-05,100.0,1.0000927448272705,mlp,embedding
5246,68211,NaN,NaN,NaN,NaN,8.452898327959701e-05,100.0,1.0000845193862915,mlp,embedding
5247,68224,NaN,NaN,NaN,NaN,7.730536890449002e-05,100.0,1.0000773668289185,mlp,embedding
5248,68237,NaN,NaN,NaN,NaN,7.0460322604049e-05,100.0,1.0000704526901245,mlp,embedding
5249,68250,NaN,NaN,NaN,NaN,6.435813702410087e-05,100.0,1.0000643730163574,mlp,embedding
5250,68263,NaN,NaN,NaN,NaN,5.881738616153598e-05,100.0,1.0000587701797485,mlp,embedding
5251,68276,NaN,NaN,NaN,NaN,5.3824867791263387e-05,100.0,1.000053882598877,mlp,embedding
5252,68289,NaN,NaN,NaN,NaN,4.9243972171097994e-05,100.0,1.0000492334365845,mlp,embedding
5253,68302,NaN,NaN,NaN,NaN,4.500846262089908e-05,100.0,1.0000450611114502,mlp,embedding
5254,68315,NaN,NaN,NaN,NaN,4.116372292628512e-05,100.0,1.000041127204895,mlp,embedding
5255,68328,NaN,NaN,NaN,NaN,3.762687265407294e-05,100.0,1.000037670135498,mlp,embedding
5256,68341,NaN,NaN,NaN,NaN,3.444546746322885e-05,100.0,1.0000344514846802,mlp,embedding
5257,68354,NaN,NaN,NaN,NaN,3.1435571145266294e-05,100.0,1.0000314712524414,mlp,embedding
5258,68367,NaN,NaN,NaN,NaN,2.8778098567272536e-05,100.0,1.0000287294387817,mlp,embedding
5259,68380,NaN,NaN,NaN,NaN,2.6299256205675192e-05,100.0,1.0000263452529907,mlp,embedding
5260,68393,NaN,NaN,NaN,NaN,2.408337422821205e-05,100.0,1.0000240802764893,mlp,embedding
5261,68406,NaN,NaN,NaN,NaN,2.2013156922184862e-05,100.0,1.000022053718567,mlp,embedding
5262,68419,NaN,NaN,NaN,NaN,2.0143228539382108e-05,100.0,1.000020146369934,mlp,embedding
5263,68432,NaN,NaN,NaN,NaN,1.8432712749927305e-05,100.0,1.0000184774398804,mlp,embedding
5264,68445,NaN,NaN,NaN,NaN,1.687309122644365e-05,100.0,1.0000169277191162,mlp,embedding
5265,68458,NaN,NaN,NaN,NaN,1.5464727766811848e-05,100.0,1.0000154972076416,mlp,embedding
5266,68471,NaN,NaN,NaN,NaN,1.418739884684328e-05,100.0,1.0000141859054565,mlp,embedding
5267,68484,NaN,NaN,NaN,NaN,1.2998637430428062e-05,100.0,1.000012993812561,mlp,embedding
5268,68497,NaN,NaN,NaN,NaN,1.1942393030039966e-05,100.0,1.000011920928955,mlp,embedding
5269,68510,NaN,NaN,NaN,NaN,1.096784671972273e-05,100.0,1.0000109672546387,mlp,embedding
5270,68523,NaN,NaN,NaN,NaN,1.0090533578477334e-05,100.0,1.0000101327896118,mlp,embedding
5271,68536,NaN,NaN,NaN,NaN,9.287452485295944e-06,100.0,1.000009298324585,mlp,embedding
5272,68549,NaN,NaN,NaN,NaN,8.564758900320157e-06,100.0,1.0000085830688477,mlp,embedding
5273,68562,NaN,NaN,NaN,NaN,7.90345438872464e-06,100.0,1.0000078678131104,mlp,embedding
5274,68575,NaN,NaN,NaN,NaN,7.302744052140042e-06,100.0,1.0000072717666626,mlp,embedding
5275,68588,NaN,NaN,NaN,NaN,6.756122274964582e-06,100.0,1.0000067949295044,mlp,embedding
5276,68601,NaN,NaN,NaN,NaN,6.254049822018715e-06,100.0,1.0000061988830566,mlp,embedding
5277,68614,NaN,NaN,NaN,NaN,5.799268819828285e-06,100.0,1.000005841255188,mlp,embedding
5278,68627,NaN,NaN,NaN,NaN,5.379617959988536e-06,100.0,1.0000053644180298,mlp,embedding
5279,68640,NaN,NaN,NaN,NaN,5.004853846912738e-06,100.0,1.0000050067901611,mlp,embedding
5280,68653,NaN,NaN,NaN,NaN,4.666022505261935e-06,100.0,1.0000046491622925,mlp,embedding
5281,68666,NaN,NaN,NaN,NaN,4.350291874288814e-06,100.0,1.0000042915344238,mlp,embedding
5282,68679,NaN,NaN,NaN,NaN,4.060951141582336e-06,100.0,1.0000040531158447,mlp,embedding
5283,68692,NaN,NaN,NaN,NaN,3.7982965750416042e-06,100.0,1.0000038146972656,mlp,embedding
5284,68705,NaN,NaN,NaN,NaN,3.5641460272017866e-06,100.0,1.0000035762786865,mlp,embedding
5285,68718,NaN,NaN,NaN,NaN,3.338989699841477e-06,100.0,1.0000033378601074,mlp,embedding
5286,68731,NaN,NaN,NaN,NaN,3.142209152429132e-06,100.0,1.0000030994415283,mlp,embedding
5287,68744,NaN,NaN,NaN,NaN,2.9504542453651084e-06,100.0,1.0000029802322388,mlp,embedding
5288,68757,NaN,NaN,NaN,NaN,2.7755052087741205e-06,100.0,1.0000027418136597,mlp,embedding
5289,68770,NaN,NaN,NaN,NaN,2.615209268697072e-06,100.0,1.0000026226043701,mlp,embedding
5290,68783,NaN,NaN,NaN,NaN,2.4656389996380312e-06,100.0,1.0000025033950806,mlp,embedding
5291,68796,NaN,NaN,NaN,NaN,2.32472507377679e-06,100.0,1.000002384185791,mlp,embedding
5292,68809,NaN,NaN,NaN,NaN,2.18947002394998e-06,100.0,1.000002145767212,mlp,embedding
5293,68822,NaN,NaN,NaN,NaN,2.0670097455877112e-06,100.0,1.0000020265579224,mlp,embedding
5294,68835,NaN,NaN,NaN,NaN,1.947167447724496e-06,100.0,1.0000019073486328,mlp,embedding
5295,68848,NaN,NaN,NaN,NaN,1.8369529470874113e-06,100.0,1.0000017881393433,mlp,embedding
5296,68861,NaN,NaN,NaN,NaN,1.732143573462963e-06,100.0,1.0000017881393433,mlp,embedding
5297,68874,1.0694983529901947e-06,100.0,1.000001072883606,0.001,1.631725922379701e-06,100.0,1.0000016689300537,mlp,embedding
5298,68887,NaN,NaN,NaN,NaN,1.5337998320319457e-06,100.0,1.0000015497207642,mlp,embedding
5299,68900,NaN,NaN,NaN,NaN,1.444656959392887e-06,100.0,1.0000014305114746,mlp,embedding
5300,68913,NaN,NaN,NaN,NaN,1.3588922911367263e-06,100.0,1.000001311302185,mlp,embedding
5301,68926,NaN,NaN,NaN,NaN,1.2719874575850554e-06,100.0,1.000001311302185,mlp,embedding
5302,68939,NaN,NaN,NaN,NaN,1.1973709206358762e-06,100.0,1.0000011920928955,mlp,embedding
5303,68952,NaN,NaN,NaN,NaN,1.1184471304659382e-06,100.0,1.000001072883606,mlp,embedding
5304,68965,NaN,NaN,NaN,NaN,1.0446328815305606e-06,100.0,1.000001072883606,mlp,embedding
5305,68978,NaN,NaN,NaN,NaN,9.801086662264424e-07,100.0,1.0000009536743164,mlp,embedding
5306,68991,NaN,NaN,NaN,NaN,9.14022109554935e-07,100.0,1.0000009536743164,mlp,embedding
5307,69004,NaN,NaN,NaN,NaN,8.513137572663254e-07,100.0,1.0000008344650269,mlp,embedding
5308,69017,NaN,NaN,NaN,NaN,7.861139579290466e-07,100.0,1.0000008344650269,mlp,embedding
5309,69030,NaN,NaN,NaN,NaN,7.363273084592947e-07,100.0,1.0000007152557373,mlp,embedding
5310,69043,NaN,NaN,NaN,NaN,6.781372690056742e-07,100.0,1.0000007152557373,mlp,embedding
5311,69056,NaN,NaN,NaN,NaN,6.256058782128093e-07,100.0,1.0000005960464478,mlp,embedding
5312,69069,NaN,NaN,NaN,NaN,5.810977086184721e-07,100.0,1.0000005960464478,mlp,embedding
5313,69082,NaN,NaN,NaN,NaN,5.335913328963215e-07,100.0,1.0000004768371582,mlp,embedding
5314,69095,NaN,NaN,NaN,NaN,4.923347205476603e-07,100.0,1.0000004768371582,mlp,embedding
5315,69108,NaN,NaN,NaN,NaN,4.523027143932268e-07,100.0,1.0000004768371582,mlp,embedding
5316,69121,NaN,NaN,NaN,NaN,4.141287206493871e-07,100.0,1.0000003576278687,mlp,embedding
5317,69134,NaN,NaN,NaN,NaN,3.8043083350203233e-07,100.0,1.0000003576278687,mlp,embedding
5318,69147,NaN,NaN,NaN,NaN,3.533205301664566e-07,100.0,1.0000003576278687,mlp,embedding
5319,69160,NaN,NaN,NaN,NaN,3.243100081817829e-07,100.0,1.0000003576278687,mlp,embedding
5320,69173,NaN,NaN,NaN,NaN,3.010846967299585e-07,100.0,1.0000003576278687,mlp,embedding
5321,69186,NaN,NaN,NaN,NaN,2.811953550008184e-07,100.0,1.000000238418579,mlp,embedding
5322,69199,NaN,NaN,NaN,NaN,2.7186300144421693e-07,100.0,1.000000238418579,mlp,embedding
5323,69212,NaN,NaN,NaN,NaN,2.50115647304483e-07,100.0,1.000000238418579,mlp,embedding
5324,69225,NaN,NaN,NaN,NaN,2.4935553710747627e-07,100.0,1.000000238418579,mlp,embedding
5325,69238,NaN,NaN,NaN,NaN,2.429369487799704e-07,100.0,1.000000238418579,mlp,embedding
5326,69251,NaN,NaN,NaN,NaN,2.5438063744331885e-07,100.0,1.000000238418579,mlp,embedding
5327,69264,NaN,NaN,NaN,NaN,0.08232401311397552,98.8310317993164,1.0858075618743896,mlp,embedding
5328,69277,NaN,NaN,NaN,NaN,0.11053603142499924,98.2642593383789,1.1168766021728516,mlp,embedding
5329,69290,NaN,NaN,NaN,NaN,0.004934172611683607,100.0,1.0049463510513306,mlp,embedding
5330,69303,NaN,NaN,NaN,NaN,0.0025508601684123278,100.0,1.0025540590286255,mlp,embedding
5331,69316,NaN,NaN,NaN,NaN,0.0005832859314978123,100.0,1.0005834102630615,mlp,embedding
5332,69329,NaN,NaN,NaN,NaN,0.00027821279945783317,100.0,1.0002782344818115,mlp,embedding
5333,69342,NaN,NaN,NaN,NaN,0.00019240482652094215,100.0,1.000192403793335,mlp,embedding
5334,69355,NaN,NaN,NaN,NaN,0.00015323105617426336,100.0,1.0001531839370728,mlp,embedding
5335,69368,NaN,NaN,NaN,NaN,0.00012920312292408198,100.0,1.000129222869873,mlp,embedding
5336,69381,NaN,NaN,NaN,NaN,0.00011248267401242629,100.0,1.000112533569336,mlp,embedding
5337,69394,NaN,NaN,NaN,NaN,9.936604328686371e-05,100.0,1.0000994205474854,mlp,embedding
5338,69407,NaN,NaN,NaN,NaN,8.85228582774289e-05,100.0,1.0000885725021362,mlp,embedding
5339,69420,NaN,NaN,NaN,NaN,7.916830509202555e-05,100.0,1.0000791549682617,mlp,embedding
5340,69433,NaN,NaN,NaN,NaN,7.150833698688075e-05,100.0,1.0000715255737305,mlp,embedding
5341,69446,NaN,NaN,NaN,NaN,6.41558290226385e-05,100.0,1.0000641345977783,mlp,embedding
5342,69459,NaN,NaN,NaN,NaN,5.8272948081139475e-05,100.0,1.0000582933425903,mlp,embedding
5343,69472,NaN,NaN,NaN,NaN,5.289629189064726e-05,100.0,1.0000529289245605,mlp,embedding
5344,69485,NaN,NaN,NaN,NaN,4.79310292575974e-05,100.0,1.0000479221343994,mlp,embedding
5345,69498,NaN,NaN,NaN,NaN,4.35645088145975e-05,100.0,1.000043511390686,mlp,embedding
5346,69511,NaN,NaN,NaN,NaN,3.948402445530519e-05,100.0,1.0000394582748413,mlp,embedding
5347,69524,NaN,NaN,NaN,NaN,3.598527837311849e-05,100.0,1.0000360012054443,mlp,embedding
5348,69537,NaN,NaN,NaN,NaN,3.2834239391377196e-05,100.0,1.0000327825546265,mlp,embedding
5349,69550,2.0388812117744237e-05,100.0,1.0000203847885132,0.001,2.9829398044967093e-05,100.0,1.0000298023223877,mlp,embedding
5350,69563,NaN,NaN,NaN,NaN,2.7151394533575512e-05,100.0,1.0000271797180176,mlp,embedding
5351,69576,NaN,NaN,NaN,NaN,2.4807282898109406e-05,100.0,1.0000247955322266,mlp,embedding
5352,69589,NaN,NaN,NaN,NaN,2.262029556732159e-05,100.0,1.0000226497650146,mlp,embedding
5353,69602,NaN,NaN,NaN,NaN,2.067434979835525e-05,100.0,1.0000206232070923,mlp,embedding
5354,69615,NaN,NaN,NaN,NaN,1.889944360300433e-05,100.0,1.0000189542770386,mlp,embedding
5355,69628,NaN,NaN,NaN,NaN,1.7297526937909424e-05,100.0,1.0000172853469849,mlp,embedding
5356,69641,NaN,NaN,NaN,NaN,1.579791023686994e-05,100.0,1.0000158548355103,mlp,embedding
5357,69654,NaN,NaN,NaN,NaN,1.4487756743619684e-05,100.0,1.0000145435333252,mlp,embedding
5358,69667,NaN,NaN,NaN,NaN,1.328312009718502e-05,100.0,1.0000132322311401,mlp,embedding
5359,69680,NaN,NaN,NaN,NaN,1.2165492080384865e-05,100.0,1.0000121593475342,mlp,embedding
5360,69693,NaN,NaN,NaN,NaN,1.1194076250831131e-05,100.0,1.0000112056732178,mlp,embedding
5361,69706,NaN,NaN,NaN,NaN,1.030258135870099e-05,100.0,1.0000102519989014,mlp,embedding
5362,69719,NaN,NaN,NaN,NaN,9.492521712672897e-06,100.0,1.000009536743164,mlp,embedding
5363,69732,NaN,NaN,NaN,NaN,8.74245506565785e-06,100.0,1.0000087022781372,mlp,embedding
5364,69745,NaN,NaN,NaN,NaN,8.07876858743839e-06,100.0,1.0000081062316895,mlp,embedding
5365,69758,NaN,NaN,NaN,NaN,7.478197403543163e-06,100.0,1.0000075101852417,mlp,embedding
5366,69771,NaN,NaN,NaN,NaN,6.925467914697947e-06,100.0,1.000006914138794,mlp,embedding
5367,69784,NaN,NaN,NaN,NaN,6.422938895411789e-06,100.0,1.0000064373016357,mlp,embedding
5368,69797,NaN,NaN,NaN,NaN,5.9689236877602525e-06,100.0,1.0000059604644775,mlp,embedding
5369,69810,NaN,NaN,NaN,NaN,5.553962637350196e-06,100.0,1.0000056028366089,mlp,embedding
5370,69823,NaN,NaN,NaN,NaN,5.171306838747114e-06,100.0,1.0000051259994507,mlp,embedding
5371,69836,NaN,NaN,NaN,NaN,4.830368652619654e-06,100.0,1.0000048875808716,mlp,embedding
5372,69849,NaN,NaN,NaN,NaN,4.514256488619139e-06,100.0,1.000004529953003,mlp,embedding
5373,69862,NaN,NaN,NaN,NaN,4.2197648326691706e-06,100.0,1.0000041723251343,mlp,embedding
5374,69875,NaN,NaN,NaN,NaN,3.947820914618205e-06,100.0,1.0000039339065552,mlp,embedding
5375,69888,NaN,NaN,NaN,NaN,3.699652097566286e-06,100.0,1.000003695487976,mlp,embedding
5376,69901,NaN,NaN,NaN,NaN,3.466893986114883e-06,100.0,1.000003457069397,mlp,embedding
5377,69914,NaN,NaN,NaN,NaN,3.2479460969625507e-06,100.0,1.0000032186508179,mlp,embedding
5378,69927,NaN,NaN,NaN,NaN,3.0460987545666285e-06,100.0,1.0000030994415283,mlp,embedding
5379,69940,NaN,NaN,NaN,NaN,2.8578483579622116e-06,100.0,1.0000028610229492,mlp,embedding
5380,69953,NaN,NaN,NaN,NaN,2.6837865334528033e-06,100.0,1.0000027418136597,mlp,embedding
5381,69966,NaN,NaN,NaN,NaN,2.5108638510573655e-06,100.0,1.0000025033950806,mlp,embedding
5382,69979,NaN,NaN,NaN,NaN,2.3496388621424558e-06,100.0,1.000002384185791,mlp,embedding
5383,69992,NaN,NaN,NaN,NaN,2.2092742710810853e-06,100.0,1.0000022649765015,mlp,embedding
5384,70005,NaN,NaN,NaN,NaN,2.061013219645247e-06,100.0,1.0000020265579224,mlp,embedding
5385,70018,NaN,NaN,NaN,NaN,1.9351743958395673e-06,100.0,1.0000019073486328,mlp,embedding
5386,70031,NaN,NaN,NaN,NaN,1.813685116758279e-06,100.0,1.0000017881393433,mlp,embedding
5387,70044,NaN,NaN,NaN,NaN,1.6970518572634319e-06,100.0,1.0000016689300537,mlp,embedding
5388,70057,NaN,NaN,NaN,NaN,1.5815588767509325e-06,100.0,1.0000015497207642,mlp,embedding
5389,70070,NaN,NaN,NaN,NaN,1.485448592575267e-06,100.0,1.0000014305114746,mlp,embedding
5390,70083,NaN,NaN,NaN,NaN,1.3892538390791742e-06,100.0,1.0000014305114746,mlp,embedding
5391,70096,NaN,NaN,NaN,NaN,1.2991818039154168e-06,100.0,1.000001311302185,mlp,embedding
5392,70109,NaN,NaN,NaN,NaN,1.2169643923698459e-06,100.0,1.0000011920928955,mlp,embedding
5393,70122,NaN,NaN,NaN,NaN,1.1401099300201167e-06,100.0,1.0000011920928955,mlp,embedding
5394,70135,NaN,NaN,NaN,NaN,1.0692938303691335e-06,100.0,1.000001072883606,mlp,embedding
5395,70148,NaN,NaN,NaN,NaN,9.969575103241368e-07,100.0,1.0000009536743164,mlp,embedding
5396,70161,NaN,NaN,NaN,NaN,9.388521107212e-07,100.0,1.0000009536743164,mlp,embedding
5397,70174,NaN,NaN,NaN,NaN,8.773260447014763e-07,100.0,1.0000008344650269,mlp,embedding
5398,70187,NaN,NaN,NaN,NaN,8.261036441581382e-07,100.0,1.0000008344650269,mlp,embedding
5399,70200,NaN,NaN,NaN,NaN,7.693072348047281e-07,100.0,1.0000007152557373,mlp,embedding
5400,70213,NaN,NaN,NaN,NaN,7.287684979928599e-07,100.0,1.0000007152557373,mlp,embedding
5401,70226,NaN,NaN,NaN,NaN,6.796574893996876e-07,100.0,1.0000007152557373,mlp,embedding
5402,70239,4.004895970410871e-07,100.0,1.0000003576278687,0.001,6.386542850123078e-07,100.0,1.0000005960464478,mlp,embedding
5403,70252,NaN,NaN,NaN,NaN,5.958352176094195e-07,100.0,1.0000005960464478,mlp,embedding
5404,70265,NaN,NaN,NaN,NaN,5.528472684090957e-07,100.0,1.0000005960464478,mlp,embedding
5405,70278,NaN,NaN,NaN,NaN,5.13110819611029e-07,100.0,1.0000004768371582,mlp,embedding
5406,70291,NaN,NaN,NaN,NaN,4.7417677251360146e-07,100.0,1.0000004768371582,mlp,embedding
5407,70304,NaN,NaN,NaN,NaN,4.4005659560752974e-07,100.0,1.0000004768371582,mlp,embedding
5408,70317,NaN,NaN,NaN,NaN,4.071610817391047e-07,100.0,1.0000003576278687,mlp,embedding
5409,70330,NaN,NaN,NaN,NaN,3.727031696598715e-07,100.0,1.0000003576278687,mlp,embedding
5410,70343,NaN,NaN,NaN,NaN,3.497734155644139e-07,100.0,1.0000003576278687,mlp,embedding
5411,70356,NaN,NaN,NaN,NaN,3.194538180650852e-07,100.0,1.0000003576278687,mlp,embedding
5412,70369,NaN,NaN,NaN,NaN,2.94328231120744e-07,100.0,1.000000238418579,mlp,embedding
5413,70382,NaN,NaN,NaN,NaN,2.7545237912818266e-07,100.0,1.000000238418579,mlp,embedding
5414,70395,NaN,NaN,NaN,NaN,2.62995172306546e-07,100.0,1.000000238418579,mlp,embedding
5415,70408,NaN,NaN,NaN,NaN,2.4158563860510185e-07,100.0,1.000000238418579,mlp,embedding
5416,70421,NaN,NaN,NaN,NaN,2.3390015257973573e-07,100.0,1.000000238418579,mlp,embedding
5417,70434,NaN,NaN,NaN,NaN,2.3474468946460547e-07,100.0,1.000000238418579,mlp,embedding
5418,70447,NaN,NaN,NaN,NaN,2.2486338480121049e-07,100.0,1.000000238418579,mlp,embedding
5419,70460,NaN,NaN,NaN,NaN,2.2790379716752796e-07,100.0,1.000000238418579,mlp,embedding
5420,70473,NaN,NaN,NaN,NaN,2.4344365101569565e-07,100.0,1.000000238418579,mlp,embedding
5421,70486,NaN,NaN,NaN,NaN,0.17932434380054474,95.71377563476562,1.196408748626709,mlp,embedding
5422,70499,NaN,NaN,NaN,NaN,0.04448167234659195,98.54764556884766,1.0454858541488647,mlp,embedding
5423,70512,NaN,NaN,NaN,NaN,0.004184262827038765,99.92915344238281,1.0041930675506592,mlp,embedding
5424,70525,NaN,NaN,NaN,NaN,0.0011364915408194065,99.9645767211914,1.001137137413025,mlp,embedding
5425,70538,NaN,NaN,NaN,NaN,0.00023368517577182502,100.0,1.000233769416809,mlp,embedding
5426,70551,NaN,NaN,NaN,NaN,0.00014091824414208531,100.0,1.000140905380249,mlp,embedding
5427,70564,NaN,NaN,NaN,NaN,0.00010887248936342075,100.0,1.0001088380813599,mlp,embedding
5428,70577,NaN,NaN,NaN,NaN,9.111232793657109e-05,100.0,1.0000910758972168,mlp,embedding
5429,70590,NaN,NaN,NaN,NaN,7.911649299785495e-05,100.0,1.0000791549682617,mlp,embedding
5430,70603,NaN,NaN,NaN,NaN,6.963657506275922e-05,100.0,1.0000696182250977,mlp,embedding
5431,70616,NaN,NaN,NaN,NaN,6.19784404989332e-05,100.0,1.0000619888305664,mlp,embedding
5432,70629,NaN,NaN,NaN,NaN,5.554448580369353e-05,100.0,1.0000555515289307,mlp,embedding
5433,70642,NaN,NaN,NaN,NaN,5.000669261789881e-05,100.0,1.0000499486923218,mlp,embedding
5434,70655,NaN,NaN,NaN,NaN,4.516553963185288e-05,100.0,1.0000451803207397,mlp,embedding
5435,70668,NaN,NaN,NaN,NaN,4.097976488992572e-05,100.0,1.0000410079956055,mlp,embedding
5436,70681,NaN,NaN,NaN,NaN,3.7181034713285044e-05,100.0,1.0000371932983398,mlp,embedding
5437,70694,NaN,NaN,NaN,NaN,3.36921657435596e-05,100.0,1.0000337362289429,mlp,embedding
5438,70707,NaN,NaN,NaN,NaN,3.063223630306311e-05,100.0,1.0000306367874146,mlp,embedding
5439,70720,NaN,NaN,NaN,NaN,2.7877753382199444e-05,100.0,1.0000278949737549,mlp,embedding
5440,70733,NaN,NaN,NaN,NaN,2.534269697207492e-05,100.0,1.0000253915786743,mlp,embedding
5441,70746,NaN,NaN,NaN,NaN,2.3052045435179025e-05,100.0,1.0000230073928833,mlp,embedding
5442,70759,NaN,NaN,NaN,NaN,2.0967716409359127e-05,100.0,1.000020980834961,mlp,embedding
5443,70772,NaN,NaN,NaN,NaN,1.905409044411499e-05,100.0,1.0000190734863281,mlp,embedding
5444,70785,NaN,NaN,NaN,NaN,1.7323525753454305e-05,100.0,1.0000172853469849,mlp,embedding
5445,70798,NaN,NaN,NaN,NaN,1.5776107829879038e-05,100.0,1.0000157356262207,mlp,embedding
5446,70811,NaN,NaN,NaN,NaN,1.4345248018798884e-05,100.0,1.000014305114746,mlp,embedding
5447,70824,NaN,NaN,NaN,NaN,1.3057349860901013e-05,100.0,1.0000131130218506,mlp,embedding
5448,70837,NaN,NaN,NaN,NaN,1.18749521789141e-05,100.0,1.000011920928955,mlp,embedding
5449,70850,NaN,NaN,NaN,NaN,1.081679238268407e-05,100.0,1.0000108480453491,mlp,embedding
5450,70863,NaN,NaN,NaN,NaN,9.858816156338435e-06,100.0,1.0000098943710327,mlp,embedding
5451,70876,NaN,NaN,NaN,NaN,8.999430974654388e-06,100.0,1.0000089406967163,mlp,embedding
5452,70889,NaN,NaN,NaN,NaN,8.198888281185646e-06,100.0,1.000008225440979,mlp,embedding
5453,70902,NaN,NaN,NaN,NaN,7.4796498665818945e-06,100.0,1.0000075101852417,mlp,embedding
5454,70915,NaN,NaN,NaN,NaN,6.833478437329177e-06,100.0,1.0000067949295044,mlp,embedding
5455,70928,NaN,NaN,NaN,NaN,6.235600721993251e-06,100.0,1.0000061988830566,mlp,embedding
5456,70941,3.513948513500509e-06,100.0,1.000003457069397,0.001,5.7081897466559894e-06,100.0,1.0000057220458984,mlp,embedding
5457,70954,NaN,NaN,NaN,NaN,5.2165323722874746e-06,100.0,1.0000052452087402,mlp,embedding
5458,70967,NaN,NaN,NaN,NaN,4.781621100846678e-06,100.0,1.000004768371582,mlp,embedding
5459,70980,NaN,NaN,NaN,NaN,4.379218353278702e-06,100.0,1.0000044107437134,mlp,embedding
5460,70993,NaN,NaN,NaN,NaN,4.015997092210455e-06,100.0,1.0000040531158447,mlp,embedding
5461,71006,NaN,NaN,NaN,NaN,3.7024285575171234e-06,100.0,1.000003695487976,mlp,embedding
5462,71019,NaN,NaN,NaN,NaN,3.405919642318622e-06,100.0,1.000003457069397,mlp,embedding
5463,71032,NaN,NaN,NaN,NaN,3.1362635581899667e-06,100.0,1.0000030994415283,mlp,embedding
5464,71045,NaN,NaN,NaN,NaN,2.898654884120333e-06,100.0,1.0000028610229492,mlp,embedding
5465,71058,NaN,NaN,NaN,NaN,2.677051270438824e-06,100.0,1.0000026226043701,mlp,embedding
5466,71071,NaN,NaN,NaN,NaN,2.481711362634087e-06,100.0,1.0000025033950806,mlp,embedding
5467,71084,NaN,NaN,NaN,NaN,2.3041477561491774e-06,100.0,1.0000022649765015,mlp,embedding
5468,71097,NaN,NaN,NaN,NaN,2.1467253645823803e-06,100.0,1.000002145767212,mlp,embedding
5469,71110,NaN,NaN,NaN,NaN,2.0013374069094425e-06,100.0,1.0000020265579224,mlp,embedding
5470,71123,NaN,NaN,NaN,NaN,1.8708558400248876e-06,100.0,1.0000019073486328,mlp,embedding
5471,71136,NaN,NaN,NaN,NaN,1.75392870005453e-06,100.0,1.0000017881393433,mlp,embedding
5472,71149,NaN,NaN,NaN,NaN,1.6486555978190154e-06,100.0,1.0000016689300537,mlp,embedding
5473,71162,NaN,NaN,NaN,NaN,1.5524614127571112e-06,100.0,1.0000015497207642,mlp,embedding
5474,71175,NaN,NaN,NaN,NaN,1.4665706657979172e-06,100.0,1.0000014305114746,mlp,embedding
5475,71188,NaN,NaN,NaN,NaN,1.384902589052217e-06,100.0,1.0000014305114746,mlp,embedding
5476,71201,NaN,NaN,NaN,NaN,1.316367274739605e-06,100.0,1.000001311302185,mlp,embedding
5477,71214,NaN,NaN,NaN,NaN,1.2506188795669004e-06,100.0,1.0000011920928955,mlp,embedding
5478,71227,NaN,NaN,NaN,NaN,1.192006948258495e-06,100.0,1.0000011920928955,mlp,embedding
5479,71240,NaN,NaN,NaN,NaN,1.1369843377906363e-06,100.0,1.0000011920928955,mlp,embedding
5480,71253,NaN,NaN,NaN,NaN,1.0845797078218311e-06,100.0,1.000001072883606,mlp,embedding
5481,71266,NaN,NaN,NaN,NaN,1.035553168549086e-06,100.0,1.000001072883606,mlp,embedding
5482,71279,NaN,NaN,NaN,NaN,9.886804264169768e-07,100.0,1.0000009536743164,mlp,embedding
5483,71292,NaN,NaN,NaN,NaN,9.435389642931113e-07,100.0,1.0000009536743164,mlp,embedding
5484,71305,NaN,NaN,NaN,NaN,9.046470950124785e-07,100.0,1.0000009536743164,mlp,embedding
5485,71318,NaN,NaN,NaN,NaN,8.630527190689463e-07,100.0,1.0000008344650269,mlp,embedding
5486,71331,NaN,NaN,NaN,NaN,8.208671715692617e-07,100.0,1.0000008344650269,mlp,embedding
5487,71344,NaN,NaN,NaN,NaN,7.844669198675547e-07,100.0,1.0000008344650269,mlp,embedding
5488,71357,NaN,NaN,NaN,NaN,7.462507483069203e-07,100.0,1.0000007152557373,mlp,embedding
5489,71370,NaN,NaN,NaN,NaN,7.111593731679022e-07,100.0,1.0000007152557373,mlp,embedding
5490,71383,NaN,NaN,NaN,NaN,6.707473403366748e-07,100.0,1.0000007152557373,mlp,embedding
5491,71396,NaN,NaN,NaN,NaN,6.411033837139257e-07,100.0,1.0000005960464478,mlp,embedding
5492,71409,NaN,NaN,NaN,NaN,6.015359304001322e-07,100.0,1.0000005960464478,mlp,embedding
5493,71422,NaN,NaN,NaN,NaN,5.668668450198311e-07,100.0,1.0000005960464478,mlp,embedding
5494,71435,NaN,NaN,NaN,NaN,5.340558573152521e-07,100.0,1.0000004768371582,mlp,embedding
5495,71448,NaN,NaN,NaN,NaN,5.020893354412692e-07,100.0,1.0000004768371582,mlp,embedding
5496,71461,NaN,NaN,NaN,NaN,4.6927829089327133e-07,100.0,1.0000004768371582,mlp,embedding
5497,71474,NaN,NaN,NaN,NaN,4.401410649279569e-07,100.0,1.0000004768371582,mlp,embedding
5498,71487,NaN,NaN,NaN,NaN,4.072455794812413e-07,100.0,1.0000003576278687,mlp,embedding
5499,71500,NaN,NaN,NaN,NaN,3.811064743786119e-07,100.0,1.0000003576278687,mlp,embedding
5500,71513,NaN,NaN,NaN,NaN,3.593169140003738e-07,100.0,1.0000003576278687,mlp,embedding
5501,71526,NaN,NaN,NaN,NaN,3.3309342484244553e-07,100.0,1.0000003576278687,mlp,embedding
5502,71539,NaN,NaN,NaN,NaN,3.1092378094399464e-07,100.0,1.0000003576278687,mlp,embedding
5503,71552,NaN,NaN,NaN,NaN,2.9635518217219214e-07,100.0,1.000000238418579,mlp,embedding
5504,71565,NaN,NaN,NaN,NaN,2.8250443051547336e-07,100.0,1.000000238418579,mlp,embedding
5505,71578,NaN,NaN,NaN,NaN,2.707228645704163e-07,100.0,1.000000238418579,mlp,embedding
5506,71591,NaN,NaN,NaN,NaN,2.618550070110359e-07,100.0,1.000000238418579,mlp,embedding
5507,71604,NaN,NaN,NaN,NaN,2.668378442649555e-07,100.0,1.000000238418579,mlp,embedding
5508,71617,NaN,NaN,NaN,NaN,2.784081800655258e-07,100.0,1.000000238418579,mlp,embedding
5509,71630,NaN,NaN,NaN,NaN,2.9829760705979425e-07,100.0,1.0000003576278687,mlp,embedding
5510,71643,1.7450599898438668e-07,100.0,1.0000001192092896,0.001,2.031448048001039e-06,100.0,1.0000020265579224,mlp,embedding
5511,71656,NaN,NaN,NaN,NaN,0.9516803026199341,82.81969451904297,2.5900580883026123,mlp,embedding
5512,71669,NaN,NaN,NaN,NaN,0.036563482135534286,98.65391540527344,1.0372401475906372,mlp,embedding
5513,71682,NaN,NaN,NaN,NaN,0.0026742485351860523,99.9645767211914,1.0026777982711792,mlp,embedding
5514,71695,NaN,NaN,NaN,NaN,0.0006169890402816236,100.0,1.0006171464920044,mlp,embedding
5515,71708,NaN,NaN,NaN,NaN,0.00035852647852152586,100.0,1.0003585815429688,mlp,embedding
5516,71721,NaN,NaN,NaN,NaN,0.00025893430574797094,100.0,1.0002589225769043,mlp,embedding
5517,71734,NaN,NaN,NaN,NaN,0.00020982170826755464,100.0,1.0002098083496094,mlp,embedding
5518,71747,NaN,NaN,NaN,NaN,0.00017912300245370716,100.0,1.0001791715621948,mlp,embedding
5519,71760,NaN,NaN,NaN,NaN,0.00015636513126082718,100.0,1.0001564025878906,mlp,embedding
5520,71773,NaN,NaN,NaN,NaN,0.0001386793446727097,100.0,1.0001386404037476,mlp,embedding
5521,71786,NaN,NaN,NaN,NaN,0.00012345272989477962,100.0,1.0001235008239746,mlp,embedding
5522,71799,NaN,NaN,NaN,NaN,0.00011087852180935442,100.0,1.0001108646392822,mlp,embedding
5523,71812,NaN,NaN,NaN,NaN,9.949773811968043e-05,100.0,1.000099539756775,mlp,embedding
5524,71825,NaN,NaN,NaN,NaN,8.98181606316939e-05,100.0,1.0000897645950317,mlp,embedding
5525,71838,NaN,NaN,NaN,NaN,8.08400145615451e-05,100.0,1.0000808238983154,mlp,embedding
5526,71851,NaN,NaN,NaN,NaN,7.304557948373258e-05,100.0,1.0000730752944946,mlp,embedding
5527,71864,NaN,NaN,NaN,NaN,6.629923882428557e-05,100.0,1.0000662803649902,mlp,embedding
5528,71877,NaN,NaN,NaN,NaN,6.010814831824973e-05,100.0,1.0000600814819336,mlp,embedding
5529,71890,NaN,NaN,NaN,NaN,5.4389212891692296e-05,100.0,1.0000543594360352,mlp,embedding
5530,71903,NaN,NaN,NaN,NaN,4.945711771142669e-05,100.0,1.0000494718551636,mlp,embedding
5531,71916,NaN,NaN,NaN,NaN,4.493535016081296e-05,100.0,1.0000449419021606,mlp,embedding
5532,71929,NaN,NaN,NaN,NaN,4.084342799615115e-05,100.0,1.000040888786316,mlp,embedding
5533,71942,NaN,NaN,NaN,NaN,3.714354170369916e-05,100.0,1.0000371932983398,mlp,embedding
5534,71955,NaN,NaN,NaN,NaN,3.382473732926883e-05,100.0,1.0000338554382324,mlp,embedding
5535,71968,NaN,NaN,NaN,NaN,3.074376218137331e-05,100.0,1.000030755996704,mlp,embedding
5536,71981,NaN,NaN,NaN,NaN,2.798471541609615e-05,100.0,1.0000280141830444,mlp,embedding
5537,71994,NaN,NaN,NaN,NaN,2.5453260604990646e-05,100.0,1.0000255107879639,mlp,embedding
5538,72007,NaN,NaN,NaN,NaN,2.3142592908698134e-05,100.0,1.0000231266021729,mlp,embedding
5539,72020,NaN,NaN,NaN,NaN,2.1063822714495473e-05,100.0,1.0000211000442505,mlp,embedding
5540,72033,NaN,NaN,NaN,NaN,1.920107752084732e-05,100.0,1.0000191926956177,mlp,embedding
5541,72046,NaN,NaN,NaN,NaN,1.7502266928204335e-05,100.0,1.000017523765564,mlp,embedding
5542,72059,NaN,NaN,NaN,NaN,1.5935185729176737e-05,100.0,1.0000159740447998,mlp,embedding
5543,72072,NaN,NaN,NaN,NaN,1.456720110581955e-05,100.0,1.0000145435333252,mlp,embedding
5544,72085,NaN,NaN,NaN,NaN,1.3244670299172867e-05,100.0,1.0000132322311401,mlp,embedding
5545,72098,NaN,NaN,NaN,NaN,1.2072046956745908e-05,100.0,1.0000120401382446,mlp,embedding
5546,72111,NaN,NaN,NaN,NaN,1.1007274224539287e-05,100.0,1.0000109672546387,mlp,embedding
5547,72124,NaN,NaN,NaN,NaN,1.0076076250697952e-05,100.0,1.0000101327896118,mlp,embedding
5548,72137,NaN,NaN,NaN,NaN,9.207942639477551e-06,100.0,1.0000091791152954,mlp,embedding
5549,72150,NaN,NaN,NaN,NaN,8.428244655078743e-06,100.0,1.000008463859558,mlp,embedding
5550,72163,NaN,NaN,NaN,NaN,7.705670213908888e-06,100.0,1.0000077486038208,mlp,embedding
5551,72176,NaN,NaN,NaN,NaN,7.081888270477066e-06,100.0,1.0000070333480835,mlp,embedding
5552,72189,NaN,NaN,NaN,NaN,6.495384695881512e-06,100.0,1.0000064373016357,mlp,embedding
5553,72202,NaN,NaN,NaN,NaN,5.99463328398997e-06,100.0,1.0000059604644775,mlp,embedding
5554,72215,NaN,NaN,NaN,NaN,5.525510005099932e-06,100.0,1.0000054836273193,mlp,embedding
5555,72228,NaN,NaN,NaN,NaN,5.107768629386555e-06,100.0,1.0000051259994507,mlp,embedding
5556,72241,NaN,NaN,NaN,NaN,4.73554518976016e-06,100.0,1.000004768371582,mlp,embedding
5557,72254,NaN,NaN,NaN,NaN,4.392877144709928e-06,100.0,1.0000044107437134,mlp,embedding
5558,72267,NaN,NaN,NaN,NaN,4.096192242286634e-06,100.0,1.0000040531158447,mlp,embedding
5559,72280,NaN,NaN,NaN,NaN,3.8244202187343035e-06,100.0,1.0000038146972656,mlp,embedding
5560,72293,NaN,NaN,NaN,NaN,3.5729601677303435e-06,100.0,1.0000035762786865,mlp,embedding
5561,72306,NaN,NaN,NaN,NaN,3.3533808618813055e-06,100.0,1.0000033378601074,mlp,embedding
5562,72319,NaN,NaN,NaN,NaN,3.1589659101882717e-06,100.0,1.0000030994415283,mlp,embedding
5563,72332,NaN,NaN,NaN,NaN,2.977684061988839e-06,100.0,1.0000029802322388,mlp,embedding
5564,72345,NaN,NaN,NaN,NaN,2.809407988024759e-06,100.0,1.0000028610229492,mlp,embedding
5565,72358,1.8514152770876535e-06,100.0,1.0000019073486328,0.001,2.661698090378195e-06,100.0,1.0000026226043701,mlp,embedding
5566,72371,NaN,NaN,NaN,NaN,2.520742327760672e-06,100.0,1.0000025033950806,mlp,embedding
5567,72384,NaN,NaN,NaN,NaN,2.384009349043481e-06,100.0,1.000002384185791,mlp,embedding
5568,72397,NaN,NaN,NaN,NaN,2.265940565848723e-06,100.0,1.0000022649765015,mlp,embedding
5569,72410,NaN,NaN,NaN,NaN,2.1505329641513526e-06,100.0,1.000002145767212,mlp,embedding
5570,72423,NaN,NaN,NaN,NaN,2.0415438939380692e-06,100.0,1.0000020265579224,mlp,embedding
5571,72436,NaN,NaN,NaN,NaN,1.9414642338233534e-06,100.0,1.0000019073486328,mlp,embedding
5572,72449,NaN,NaN,NaN,NaN,1.8423561414238065e-06,100.0,1.0000017881393433,mlp,embedding
5573,72462,NaN,NaN,NaN,NaN,1.7492443475930486e-06,100.0,1.0000017881393433,mlp,embedding
5574,72475,NaN,NaN,NaN,NaN,1.6581169575147214e-06,100.0,1.0000016689300537,mlp,embedding
5575,72488,NaN,NaN,NaN,NaN,1.577250714035472e-06,100.0,1.0000015497207642,mlp,embedding
5576,72501,NaN,NaN,NaN,NaN,1.491275384069013e-06,100.0,1.0000015497207642,mlp,embedding
5577,72514,NaN,NaN,NaN,NaN,1.4203748150976025e-06,100.0,1.0000014305114746,mlp,embedding
5578,72527,NaN,NaN,NaN,NaN,1.343309349977062e-06,100.0,1.000001311302185,mlp,embedding
5579,72540,NaN,NaN,NaN,NaN,1.2689883988059592e-06,100.0,1.000001311302185,mlp,embedding
5580,72553,NaN,NaN,NaN,NaN,1.205140051752096e-06,100.0,1.0000011920928955,mlp,embedding
5581,72566,NaN,NaN,NaN,NaN,1.1394757848393056e-06,100.0,1.0000011920928955,mlp,embedding
5582,72579,NaN,NaN,NaN,NaN,1.0739385061242501e-06,100.0,1.000001072883606,mlp,embedding
5583,72592,NaN,NaN,NaN,NaN,1.0152417644349043e-06,100.0,1.000001072883606,mlp,embedding
5584,72605,NaN,NaN,NaN,NaN,9.602189265933703e-07,100.0,1.0000009536743164,mlp,embedding
5585,72618,NaN,NaN,NaN,NaN,8.984820851765107e-07,100.0,1.0000009536743164,mlp,embedding
5586,72631,NaN,NaN,NaN,NaN,8.487798481837672e-07,100.0,1.0000008344650269,mlp,embedding
5587,72644,NaN,NaN,NaN,NaN,7.979375595823512e-07,100.0,1.0000008344650269,mlp,embedding
5588,72657,NaN,NaN,NaN,NaN,7.511913509006263e-07,100.0,1.0000007152557373,mlp,embedding
5589,72670,NaN,NaN,NaN,NaN,7.027139190540765e-07,100.0,1.0000007152557373,mlp,embedding
5590,72683,NaN,NaN,NaN,NaN,6.576989903805952e-07,100.0,1.0000007152557373,mlp,embedding
5591,72696,NaN,NaN,NaN,NaN,6.142042821011273e-07,100.0,1.0000005960464478,mlp,embedding
5592,72709,NaN,NaN,NaN,NaN,5.751857088398538e-07,100.0,1.0000005960464478,mlp,embedding
5593,72722,NaN,NaN,NaN,NaN,5.336758022167487e-07,100.0,1.0000004768371582,mlp,embedding
5594,72735,NaN,NaN,NaN,NaN,4.965997391082055e-07,100.0,1.0000004768371582,mlp,embedding
5595,72748,NaN,NaN,NaN,NaN,4.5779231072629045e-07,100.0,1.0000004768371582,mlp,embedding
5596,72761,NaN,NaN,NaN,NaN,4.2477009287722467e-07,100.0,1.0000004768371582,mlp,embedding
5597,72774,NaN,NaN,NaN,NaN,3.881163479491079e-07,100.0,1.0000003576278687,mlp,embedding
5598,72787,NaN,NaN,NaN,NaN,3.629485263445531e-07,100.0,1.0000003576278687,mlp,embedding
5599,72800,NaN,NaN,NaN,NaN,3.3026415735548653e-07,100.0,1.0000003576278687,mlp,embedding
5600,72813,NaN,NaN,NaN,NaN,3.105437258454913e-07,100.0,1.0000003576278687,mlp,embedding
5601,72826,NaN,NaN,NaN,NaN,2.882474348098185e-07,100.0,1.000000238418579,mlp,embedding
5602,72839,NaN,NaN,NaN,NaN,2.722430565427203e-07,100.0,1.000000238418579,mlp,embedding
5603,72852,NaN,NaN,NaN,NaN,2.59279119063649e-07,100.0,1.000000238418579,mlp,embedding
5604,72865,NaN,NaN,NaN,NaN,2.5053793706319993e-07,100.0,1.000000238418579,mlp,embedding
5605,72878,NaN,NaN,NaN,NaN,2.512558125999931e-07,100.0,1.000000238418579,mlp,embedding
5606,72891,NaN,NaN,NaN,NaN,2.4800425535431714e-07,100.0,1.000000238418579,mlp,embedding
5607,72904,NaN,NaN,NaN,NaN,2.7165182814314903e-07,100.0,1.000000238418579,mlp,embedding
5608,72917,NaN,NaN,NaN,NaN,2.751567365066876e-07,100.0,1.000000238418579,mlp,embedding
5609,72930,NaN,NaN,NaN,NaN,1.705991268157959,72.2989730834961,5.506841659545898,mlp,embedding
5610,72943,NaN,NaN,NaN,NaN,0.051218144595623016,98.65391540527344,1.0525524616241455,mlp,embedding
5611,72956,NaN,NaN,NaN,NaN,0.006853848695755005,99.85830688476562,1.0068774223327637,mlp,embedding
5612,72969,NaN,NaN,NaN,NaN,0.0015414528315886855,100.0,1.0015426874160767,mlp,embedding
5613,72982,NaN,NaN,NaN,NaN,0.0006871380028314888,100.0,1.0006873607635498,mlp,embedding
5614,72995,NaN,NaN,NaN,NaN,0.0004004196962341666,100.0,1.0004005432128906,mlp,embedding
5615,73008,NaN,NaN,NaN,NaN,0.0002827077405527234,100.0,1.0002827644348145,mlp,embedding
5616,73021,NaN,NaN,NaN,NaN,0.0002246402291348204,100.0,1.0002247095108032,mlp,embedding
5617,73034,NaN,NaN,NaN,NaN,0.00018715309852268547,100.0,1.0001871585845947,mlp,embedding
5618,73047,NaN,NaN,NaN,NaN,0.00016122321540024132,100.0,1.0001612901687622,mlp,embedding
5619,73060,NaN,NaN,NaN,NaN,0.00014036685752216727,100.0,1.0001404285430908,mlp,embedding
5620,73073,7.701409776927903e-05,100.0,1.0000770092010498,0.001,0.0001243779988726601,100.0,1.0001243352890015,mlp,embedding
5621,73086,NaN,NaN,NaN,NaN,0.00011061102850362659,100.0,1.0001106262207031,mlp,embedding
5622,73099,NaN,NaN,NaN,NaN,9.837921970756724e-05,100.0,1.0000983476638794,mlp,embedding
5623,73112,NaN,NaN,NaN,NaN,8.76308768056333e-05,100.0,1.0000876188278198,mlp,embedding
5624,73125,NaN,NaN,NaN,NaN,7.85218580858782e-05,100.0,1.000078558921814,mlp,embedding
5625,73138,NaN,NaN,NaN,NaN,7.033551810309291e-05,100.0,1.000070333480835,mlp,embedding
5626,73151,NaN,NaN,NaN,NaN,6.299956294242293e-05,100.0,1.0000629425048828,mlp,embedding
5627,73164,NaN,NaN,NaN,NaN,5.674826752510853e-05,100.0,1.0000567436218262,mlp,embedding
5628,73177,NaN,NaN,NaN,NaN,5.1084472943330184e-05,100.0,1.0000511407852173,mlp,embedding
5629,73190,NaN,NaN,NaN,NaN,4.591929246089421e-05,100.0,1.000045895576477,mlp,embedding
5630,73203,NaN,NaN,NaN,NaN,4.128338332520798e-05,100.0,1.0000412464141846,mlp,embedding
5631,73216,NaN,NaN,NaN,NaN,3.715842103702016e-05,100.0,1.0000371932983398,mlp,embedding
5632,73229,NaN,NaN,NaN,NaN,3.371141792740673e-05,100.0,1.0000337362289429,mlp,embedding
5633,73242,NaN,NaN,NaN,NaN,3.0317021810333245e-05,100.0,1.000030279159546,mlp,embedding
5634,73255,NaN,NaN,NaN,NaN,2.729540938162245e-05,100.0,1.0000272989273071,mlp,embedding
5635,73268,NaN,NaN,NaN,NaN,2.4571030735387467e-05,100.0,1.0000245571136475,mlp,embedding
5636,73281,NaN,NaN,NaN,NaN,2.219115776824765e-05,100.0,1.0000221729278564,mlp,embedding
5637,73294,NaN,NaN,NaN,NaN,2.0024956029374152e-05,100.0,1.0000200271606445,mlp,embedding
5638,73307,NaN,NaN,NaN,NaN,1.8080303561873734e-05,100.0,1.0000181198120117,mlp,embedding
5639,73320,NaN,NaN,NaN,NaN,1.6280577256111428e-05,100.0,1.0000163316726685,mlp,embedding
5640,73333,NaN,NaN,NaN,NaN,1.4752446077181958e-05,100.0,1.0000147819519043,mlp,embedding
5641,73346,NaN,NaN,NaN,NaN,1.330479426542297e-05,100.0,1.0000133514404297,mlp,embedding
5642,73359,NaN,NaN,NaN,NaN,1.2044945833622478e-05,100.0,1.0000120401382446,mlp,embedding
5643,73372,NaN,NaN,NaN,NaN,1.0913764526776504e-05,100.0,1.0000109672546387,mlp,embedding
5644,73385,NaN,NaN,NaN,NaN,9.850235073827207e-06,100.0,1.0000098943710327,mlp,embedding
5645,73398,NaN,NaN,NaN,NaN,8.934151992434636e-06,100.0,1.0000089406967163,mlp,embedding
5646,73411,NaN,NaN,NaN,NaN,8.104897460725624e-06,100.0,1.0000081062316895,mlp,embedding
5647,73424,NaN,NaN,NaN,NaN,7.36981655791169e-06,100.0,1.0000073909759521,mlp,embedding
5648,73437,NaN,NaN,NaN,NaN,6.692697752441745e-06,100.0,1.0000066757202148,mlp,embedding
5649,73450,NaN,NaN,NaN,NaN,6.104191015765537e-06,100.0,1.000006079673767,mlp,embedding
5650,73463,NaN,NaN,NaN,NaN,5.580531251325738e-06,100.0,1.0000056028366089,mlp,embedding
5651,73476,NaN,NaN,NaN,NaN,5.097612756799208e-06,100.0,1.0000051259994507,mlp,embedding
5652,73489,NaN,NaN,NaN,NaN,4.670633643399924e-06,100.0,1.0000046491622925,mlp,embedding
5653,73502,NaN,NaN,NaN,NaN,4.284187525627203e-06,100.0,1.0000042915344238,mlp,embedding
5654,73515,NaN,NaN,NaN,NaN,3.940388069167966e-06,100.0,1.0000039339065552,mlp,embedding
5655,73528,NaN,NaN,NaN,NaN,3.637035433712299e-06,100.0,1.000003695487976,mlp,embedding
5656,73541,NaN,NaN,NaN,NaN,3.361383733135881e-06,100.0,1.0000033378601074,mlp,embedding
5657,73554,NaN,NaN,NaN,NaN,3.1086162834981224e-06,100.0,1.0000030994415283,mlp,embedding
5658,73567,NaN,NaN,NaN,NaN,2.8925849164807005e-06,100.0,1.0000028610229492,mlp,embedding
5659,73580,NaN,NaN,NaN,NaN,2.693992428248748e-06,100.0,1.0000027418136597,mlp,embedding
5660,73593,NaN,NaN,NaN,NaN,2.51854044108768e-06,100.0,1.0000025033950806,mlp,embedding
5661,73606,NaN,NaN,NaN,NaN,2.359808604524005e-06,100.0,1.000002384185791,mlp,embedding
5662,73619,NaN,NaN,NaN,NaN,2.2212605017557507e-06,100.0,1.0000022649765015,mlp,embedding
5663,73632,NaN,NaN,NaN,NaN,2.087147549900692e-06,100.0,1.000002145767212,mlp,embedding
5664,73645,NaN,NaN,NaN,NaN,1.9697977222676855e-06,100.0,1.0000020265579224,mlp,embedding
5665,73658,NaN,NaN,NaN,NaN,1.8633846821103361e-06,100.0,1.0000019073486328,mlp,embedding
5666,73671,NaN,NaN,NaN,NaN,1.7680350765658659e-06,100.0,1.0000017881393433,mlp,embedding
5667,73684,NaN,NaN,NaN,NaN,1.6789770143077476e-06,100.0,1.0000016689300537,mlp,embedding
5668,73697,NaN,NaN,NaN,NaN,1.594437435414875e-06,100.0,1.0000015497207642,mlp,embedding
5669,73710,NaN,NaN,NaN,NaN,1.5157672805798938e-06,100.0,1.0000015497207642,mlp,embedding
5670,73723,NaN,NaN,NaN,NaN,1.4477805052592885e-06,100.0,1.0000014305114746,mlp,embedding
5671,73736,NaN,NaN,NaN,NaN,1.3770916211797157e-06,100.0,1.0000014305114746,mlp,embedding
5672,73749,NaN,NaN,NaN,NaN,1.3089783124087262e-06,100.0,1.000001311302185,mlp,embedding
5673,73762,NaN,NaN,NaN,NaN,1.2447923154468299e-06,100.0,1.0000011920928955,mlp,embedding
5674,73775,NaN,NaN,NaN,NaN,1.187953785120044e-06,100.0,1.0000011920928955,mlp,embedding
5675,73788,NaN,NaN,NaN,NaN,1.1265967714280123e-06,100.0,1.000001072883606,mlp,embedding
5676,73801,7.027119863778353e-07,100.0,1.0000007152557373,0.001,1.0744877272372833e-06,100.0,1.000001072883606,mlp,embedding
5677,73814,NaN,NaN,NaN,NaN,1.0209428182861302e-06,100.0,1.000001072883606,mlp,embedding
5678,73827,NaN,NaN,NaN,NaN,9.768991731107235e-07,100.0,1.0000009536743164,mlp,embedding
5679,73840,NaN,NaN,NaN,NaN,9.273659316022531e-07,100.0,1.0000009536743164,mlp,embedding
5680,73853,NaN,NaN,NaN,NaN,8.888964089237561e-07,100.0,1.0000008344650269,mlp,embedding
5681,73866,NaN,NaN,NaN,NaN,8.431214268966869e-07,100.0,1.0000008344650269,mlp,embedding
5682,73879,NaN,NaN,NaN,NaN,8.066788268479286e-07,100.0,1.0000008344650269,mlp,embedding
5683,73892,NaN,NaN,NaN,NaN,7.652956242054643e-07,100.0,1.0000007152557373,mlp,embedding
5684,73905,NaN,NaN,NaN,NaN,7.310910064006748e-07,100.0,1.0000007152557373,mlp,embedding
5685,73918,NaN,NaN,NaN,NaN,6.954506375222991e-07,100.0,1.0000007152557373,mlp,embedding
5686,73931,NaN,NaN,NaN,NaN,6.637375804530166e-07,100.0,1.0000007152557373,mlp,embedding
5687,73944,NaN,NaN,NaN,NaN,6.245502390811453e-07,100.0,1.0000005960464478,mlp,embedding
5688,73957,NaN,NaN,NaN,NaN,6.02718273512437e-07,100.0,1.0000005960464478,mlp,embedding
5689,73970,NaN,NaN,NaN,NaN,5.61419483346981e-07,100.0,1.0000005960464478,mlp,embedding
5690,73983,NaN,NaN,NaN,NaN,5.344359124137554e-07,100.0,1.0000004768371582,mlp,embedding
5691,73996,NaN,NaN,NaN,NaN,5.051719540460908e-07,100.0,1.0000004768371582,mlp,embedding
5692,74009,NaN,NaN,NaN,NaN,4.6986946244942374e-07,100.0,1.0000004768371582,mlp,embedding
5693,74022,NaN,NaN,NaN,NaN,4.435193261542736e-07,100.0,1.0000004768371582,mlp,embedding
5694,74035,NaN,NaN,NaN,NaN,4.211807436149684e-07,100.0,1.0000004768371582,mlp,embedding
5695,74048,NaN,NaN,NaN,NaN,3.9238133808794373e-07,100.0,1.0000003576278687,mlp,embedding
5696,74061,NaN,NaN,NaN,NaN,3.601614935178077e-07,100.0,1.0000003576278687,mlp,embedding
5697,74074,NaN,NaN,NaN,NaN,3.4935115422740637e-07,100.0,1.0000003576278687,mlp,embedding
5698,74087,NaN,NaN,NaN,NaN,3.2426780194327876e-07,100.0,1.0000003576278687,mlp,embedding
5699,74100,NaN,NaN,NaN,NaN,3.232543122067e-07,100.0,1.0000003576278687,mlp,embedding
5700,74113,NaN,NaN,NaN,NaN,3.1404863420902984e-07,100.0,1.0000003576278687,mlp,embedding
5701,74126,NaN,NaN,NaN,NaN,3.4977327345586673e-07,100.0,1.0000003576278687,mlp,embedding
5702,74139,NaN,NaN,NaN,NaN,0.44354674220085144,86.6454086303711,1.558224081993103,mlp,embedding
5703,74152,NaN,NaN,NaN,NaN,0.12707851827144623,96.20970153808594,1.1355061531066895,mlp,embedding
5704,74165,NaN,NaN,NaN,NaN,0.013530651107430458,99.61034393310547,1.0136226415634155,mlp,embedding
5705,74178,NaN,NaN,NaN,NaN,0.0011659053852781653,100.0,1.001166582107544,mlp,embedding
5706,74191,NaN,NaN,NaN,NaN,0.0006564863724634051,100.0,1.0006567239761353,mlp,embedding
5707,74204,NaN,NaN,NaN,NaN,0.00022936798632144928,100.0,1.0002293586730957,mlp,embedding
5708,74217,NaN,NaN,NaN,NaN,0.00014084255963098258,100.0,1.000140905380249,mlp,embedding
5709,74230,NaN,NaN,NaN,NaN,0.00011061540863011032,100.0,1.0001106262207031,mlp,embedding
5710,74243,NaN,NaN,NaN,NaN,9.410655911779031e-05,100.0,1.0000940561294556,mlp,embedding
5711,74256,NaN,NaN,NaN,NaN,8.261428592959419e-05,100.0,1.0000826120376587,mlp,embedding
5712,74269,NaN,NaN,NaN,NaN,7.36325528123416e-05,100.0,1.0000736713409424,mlp,embedding
5713,74282,NaN,NaN,NaN,NaN,6.571025005541742e-05,100.0,1.0000656843185425,mlp,embedding
5714,74295,NaN,NaN,NaN,NaN,5.8689423894975334e-05,100.0,1.000058650970459,mlp,embedding
5715,74308,NaN,NaN,NaN,NaN,5.260992475086823e-05,100.0,1.000052571296692,mlp,embedding
5716,74321,NaN,NaN,NaN,NaN,4.723433085018769e-05,100.0,1.000047206878662,mlp,embedding
5717,74334,NaN,NaN,NaN,NaN,4.2500927520450205e-05,100.0,1.0000425577163696,mlp,embedding
5718,74347,NaN,NaN,NaN,NaN,3.8266614865278825e-05,100.0,1.0000382661819458,mlp,embedding
5719,74360,NaN,NaN,NaN,NaN,3.4409800719004124e-05,100.0,1.0000344514846802,mlp,embedding
5720,74373,NaN,NaN,NaN,NaN,3.103695053141564e-05,100.0,1.0000309944152832,mlp,embedding
5721,74386,NaN,NaN,NaN,NaN,2.801724440359976e-05,100.0,1.0000280141830444,mlp,embedding
5722,74399,NaN,NaN,NaN,NaN,2.537509317335207e-05,100.0,1.0000253915786743,mlp,embedding
5723,74412,NaN,NaN,NaN,NaN,2.285038135596551e-05,100.0,1.0000228881835938,mlp,embedding
5724,74425,NaN,NaN,NaN,NaN,2.0628045604098588e-05,100.0,1.0000206232070923,mlp,embedding
5725,74438,NaN,NaN,NaN,NaN,1.859842086560093e-05,100.0,1.00001859664917,mlp,embedding
5726,74451,NaN,NaN,NaN,NaN,1.677391082921531e-05,100.0,1.0000168085098267,mlp,embedding
5727,74464,NaN,NaN,NaN,NaN,1.517254531790968e-05,100.0,1.000015139579773,mlp,embedding
5728,74477,NaN,NaN,NaN,NaN,1.3673785360879265e-05,100.0,1.0000137090682983,mlp,embedding
5729,74490,NaN,NaN,NaN,NaN,1.2385266927594785e-05,100.0,1.0000123977661133,mlp,embedding
5730,74503,NaN,NaN,NaN,NaN,1.1217101018701214e-05,100.0,1.0000112056732178,mlp,embedding
5731,74516,NaN,NaN,NaN,NaN,1.014818099065451e-05,100.0,1.0000101327896118,mlp,embedding
5732,74529,6.284922164923046e-06,100.0,1.0000063180923462,0.001,9.175826562568545e-06,100.0,1.0000091791152954,mlp,embedding
5733,74542,NaN,NaN,NaN,NaN,8.322675967065152e-06,100.0,1.0000083446502686,mlp,embedding
5734,74555,NaN,NaN,NaN,NaN,7.543347237515263e-06,100.0,1.0000075101852417,mlp,embedding
5735,74568,NaN,NaN,NaN,NaN,6.852709702798165e-06,100.0,1.0000067949295044,mlp,embedding
5736,74581,NaN,NaN,NaN,NaN,6.22138531980454e-06,100.0,1.0000061988830566,mlp,embedding
5737,74594,NaN,NaN,NaN,NaN,5.666731340170372e-06,100.0,1.0000057220458984,mlp,embedding
5738,74607,NaN,NaN,NaN,NaN,5.176333615963813e-06,100.0,1.0000051259994507,mlp,embedding
5739,74620,NaN,NaN,NaN,NaN,4.7386702135554515e-06,100.0,1.000004768371582,mlp,embedding
5740,74633,NaN,NaN,NaN,NaN,4.341961357567925e-06,100.0,1.0000042915344238,mlp,embedding
5741,74646,NaN,NaN,NaN,NaN,3.974385435867589e-06,100.0,1.0000039339065552,mlp,embedding
5742,74659,NaN,NaN,NaN,NaN,3.6630956401495496e-06,100.0,1.000003695487976,mlp,embedding
5743,74672,NaN,NaN,NaN,NaN,3.3786163839977235e-06,100.0,1.0000033378601074,mlp,embedding
5744,74685,NaN,NaN,NaN,NaN,3.119724851785577e-06,100.0,1.0000030994415283,mlp,embedding
5745,74698,NaN,NaN,NaN,NaN,2.8900528832309647e-06,100.0,1.0000028610229492,mlp,embedding
5746,74711,NaN,NaN,NaN,NaN,2.6864768187806476e-06,100.0,1.0000027418136597,mlp,embedding
5747,74724,NaN,NaN,NaN,NaN,2.503001041986863e-06,100.0,1.0000025033950806,mlp,embedding
5748,74737,NaN,NaN,NaN,NaN,2.3381035134661943e-06,100.0,1.000002384185791,mlp,embedding
5749,74750,NaN,NaN,NaN,NaN,2.1927571651758626e-06,100.0,1.000002145767212,mlp,embedding
5750,74763,NaN,NaN,NaN,NaN,2.0627387584681856e-06,100.0,1.0000020265579224,mlp,embedding
5751,74776,NaN,NaN,NaN,NaN,1.946993961610133e-06,100.0,1.0000019073486328,mlp,embedding
5752,74789,NaN,NaN,NaN,NaN,1.8487305624148576e-06,100.0,1.0000019073486328,mlp,embedding
5753,74802,NaN,NaN,NaN,NaN,1.7535078313812846e-06,100.0,1.0000017881393433,mlp,embedding
5754,74815,NaN,NaN,NaN,NaN,1.6716286381779355e-06,100.0,1.0000016689300537,mlp,embedding
5755,74828,NaN,NaN,NaN,NaN,1.595956973687862e-06,100.0,1.0000015497207642,mlp,embedding
5756,74841,NaN,NaN,NaN,NaN,1.5346004147431813e-06,100.0,1.0000015497207642,mlp,embedding
5757,74854,NaN,NaN,NaN,NaN,1.4771284213566105e-06,100.0,1.0000014305114746,mlp,embedding
5758,74867,NaN,NaN,NaN,NaN,1.4262440117818187e-06,100.0,1.0000014305114746,mlp,embedding
5759,74880,NaN,NaN,NaN,NaN,1.3776823379885172e-06,100.0,1.0000014305114746,mlp,embedding
5760,74893,NaN,NaN,NaN,NaN,1.3322876384336269e-06,100.0,1.000001311302185,mlp,embedding
5761,74906,NaN,NaN,NaN,NaN,1.2906513120469754e-06,100.0,1.000001311302185,mlp,embedding
5762,74919,NaN,NaN,NaN,NaN,1.260964950233756e-06,100.0,1.000001311302185,mlp,embedding
5763,74932,NaN,NaN,NaN,NaN,1.2251136922714068e-06,100.0,1.0000011920928955,mlp,embedding
5764,74945,NaN,NaN,NaN,NaN,1.1920917586394353e-06,100.0,1.0000011920928955,mlp,embedding
5765,74958,NaN,NaN,NaN,NaN,1.157591782430245e-06,100.0,1.0000011920928955,mlp,embedding
5766,74971,NaN,NaN,NaN,NaN,1.1274411235717707e-06,100.0,1.000001072883606,mlp,embedding
5767,74984,NaN,NaN,NaN,NaN,1.096361529562273e-06,100.0,1.000001072883606,mlp,embedding
5768,74997,NaN,NaN,NaN,NaN,1.0606369187371456e-06,100.0,1.000001072883606,mlp,embedding
5769,75010,NaN,NaN,NaN,NaN,1.0312041922588833e-06,100.0,1.000001072883606,mlp,embedding
5770,75023,NaN,NaN,NaN,NaN,9.939592473529046e-07,100.0,1.0000009536743164,mlp,embedding
5771,75036,NaN,NaN,NaN,NaN,9.6617327471904e-07,100.0,1.0000009536743164,mlp,embedding
5772,75049,NaN,NaN,NaN,NaN,9.203983495353896e-07,100.0,1.0000009536743164,mlp,embedding
5773,75062,NaN,NaN,NaN,NaN,8.902053991732828e-07,100.0,1.0000008344650269,mlp,embedding
5774,75075,NaN,NaN,NaN,NaN,8.489066090078268e-07,100.0,1.0000008344650269,mlp,embedding
5775,75088,NaN,NaN,NaN,NaN,8.124639521156496e-07,100.0,1.0000008344650269,mlp,embedding
5776,75101,NaN,NaN,NaN,NaN,7.615372510372254e-07,100.0,1.0000007152557373,mlp,embedding
5777,75114,NaN,NaN,NaN,NaN,7.279238616320072e-07,100.0,1.0000007152557373,mlp,embedding
5778,75127,NaN,NaN,NaN,NaN,6.7855961560781e-07,100.0,1.0000007152557373,mlp,embedding
5779,75140,NaN,NaN,NaN,NaN,6.420746672120003e-07,100.0,1.0000005960464478,mlp,embedding
5780,75153,NaN,NaN,NaN,NaN,6.018736939950031e-07,100.0,1.0000005960464478,mlp,embedding
5781,75166,NaN,NaN,NaN,NaN,5.492578338817111e-07,100.0,1.0000005960464478,mlp,embedding
5782,75179,NaN,NaN,NaN,NaN,5.11548364556802e-07,100.0,1.0000004768371582,mlp,embedding
5783,75192,NaN,NaN,NaN,NaN,4.62606294604484e-07,100.0,1.0000004768371582,mlp,embedding
5784,75205,NaN,NaN,NaN,NaN,4.234610457842791e-07,100.0,1.0000004768371582,mlp,embedding
5785,75218,NaN,NaN,NaN,NaN,3.968152668676339e-07,100.0,1.0000003576278687,mlp,embedding
5786,75231,NaN,NaN,NaN,NaN,3.6548217963172647e-07,100.0,1.0000003576278687,mlp,embedding
5787,75244,NaN,NaN,NaN,NaN,3.3009524713634164e-07,100.0,1.0000003576278687,mlp,embedding
5788,75257,NaN,NaN,NaN,NaN,3.0104246206974494e-07,100.0,1.0000003576278687,mlp,embedding
5789,75270,1.6216154108406045e-07,100.0,1.0000001192092896,0.001,2.8613601443794323e-07,100.0,1.000000238418579,mlp,embedding
5790,75283,NaN,NaN,NaN,NaN,2.770147489172814e-07,100.0,1.000000238418579,mlp,embedding
5791,75296,NaN,NaN,NaN,NaN,2.550985414018214e-07,100.0,1.000000238418579,mlp,embedding
5792,75309,NaN,NaN,NaN,NaN,2.4741308379816473e-07,100.0,1.000000238418579,mlp,embedding
5793,75322,NaN,NaN,NaN,NaN,2.467796491600893e-07,100.0,1.000000238418579,mlp,embedding
5794,75335,NaN,NaN,NaN,NaN,2.8191325895932096e-07,100.0,1.000000238418579,mlp,embedding
5795,75348,NaN,NaN,NaN,NaN,0.15179650485515594,93.94261169433594,1.1639233827590942,mlp,embedding
5796,75361,NaN,NaN,NaN,NaN,0.08845962584018707,96.88275146484375,1.0924901962280273,mlp,embedding
5797,75374,NaN,NaN,NaN,NaN,0.004675660748034716,99.92915344238281,1.0046865940093994,mlp,embedding
5798,75387,NaN,NaN,NaN,NaN,0.001972501864656806,100.0,1.0019744634628296,mlp,embedding
5799,75400,NaN,NaN,NaN,NaN,0.0008154372917488217,100.0,1.000815749168396,mlp,embedding
5800,75413,NaN,NaN,NaN,NaN,0.0004616490623448044,100.0,1.0004616975784302,mlp,embedding
5801,75426,NaN,NaN,NaN,NaN,0.00033148584770970047,100.0,1.0003315210342407,mlp,embedding
5802,75439,NaN,NaN,NaN,NaN,0.00026578636607155204,100.0,1.0002658367156982,mlp,embedding
5803,75452,NaN,NaN,NaN,NaN,0.00022499606711789966,100.0,1.0002250671386719,mlp,embedding
5804,75465,NaN,NaN,NaN,NaN,0.00019360183796379715,100.0,1.0001935958862305,mlp,embedding
5805,75478,NaN,NaN,NaN,NaN,0.00016992127348203212,100.0,1.0001699924468994,mlp,embedding
5806,75491,NaN,NaN,NaN,NaN,0.0001500597281847149,100.0,1.0001500844955444,mlp,embedding
5807,75504,NaN,NaN,NaN,NaN,0.00013307773042470217,100.0,1.0001330375671387,mlp,embedding
5808,75517,NaN,NaN,NaN,NaN,0.00011844566324725747,100.0,1.0001184940338135,mlp,embedding
5809,75530,NaN,NaN,NaN,NaN,0.00010569384903647006,100.0,1.0001057386398315,mlp,embedding
5810,75543,NaN,NaN,NaN,NaN,9.455996041651815e-05,100.0,1.0000945329666138,mlp,embedding
5811,75556,NaN,NaN,NaN,NaN,8.453993359580636e-05,100.0,1.0000845193862915,mlp,embedding
5812,75569,NaN,NaN,NaN,NaN,7.587746222270653e-05,100.0,1.0000759363174438,mlp,embedding
5813,75582,NaN,NaN,NaN,NaN,6.807698810007423e-05,100.0,1.0000680685043335,mlp,embedding
5814,75595,NaN,NaN,NaN,NaN,6.10430070082657e-05,100.0,1.00006103515625,mlp,embedding
5815,75608,NaN,NaN,NaN,NaN,5.476201476994902e-05,100.0,1.0000547170639038,mlp,embedding
5816,75621,NaN,NaN,NaN,NaN,4.927755435346626e-05,100.0,1.0000492334365845,mlp,embedding
5817,75634,NaN,NaN,NaN,NaN,4.408036693348549e-05,100.0,1.0000441074371338,mlp,embedding
5818,75647,NaN,NaN,NaN,NaN,3.963050039601512e-05,100.0,1.0000395774841309,mlp,embedding
5819,75660,NaN,NaN,NaN,NaN,3.55285155819729e-05,100.0,1.0000355243682861,mlp,embedding
5820,75673,NaN,NaN,NaN,NaN,3.201455911039375e-05,100.0,1.0000320672988892,mlp,embedding
5821,75686,NaN,NaN,NaN,NaN,2.8765334718627855e-05,100.0,1.0000287294387817,mlp,embedding
5822,75699,NaN,NaN,NaN,NaN,2.578645398898516e-05,100.0,1.000025749206543,mlp,embedding
5823,75712,NaN,NaN,NaN,NaN,2.3148821128415875e-05,100.0,1.0000231266021729,mlp,embedding
5824,75725,NaN,NaN,NaN,NaN,2.0789588234038092e-05,100.0,1.0000207424163818,mlp,embedding
5825,75738,NaN,NaN,NaN,NaN,1.8683975213207304e-05,100.0,1.0000187158584595,mlp,embedding
5826,75751,NaN,NaN,NaN,NaN,1.6759247955633327e-05,100.0,1.0000168085098267,mlp,embedding
5827,75764,NaN,NaN,NaN,NaN,1.5098657968337648e-05,100.0,1.000015139579773,mlp,embedding
5828,75777,NaN,NaN,NaN,NaN,1.3586298337031621e-05,100.0,1.0000135898590088,mlp,embedding
5829,75790,NaN,NaN,NaN,NaN,1.2220686585351359e-05,100.0,1.0000122785568237,mlp,embedding
5830,75803,NaN,NaN,NaN,NaN,1.1020992133126128e-05,100.0,1.0000109672546387,mlp,embedding
5831,75816,NaN,NaN,NaN,NaN,9.946897080226336e-06,100.0,1.0000098943710327,mlp,embedding
5832,75829,NaN,NaN,NaN,NaN,8.97779955266742e-06,100.0,1.0000089406967163,mlp,embedding
5833,75842,NaN,NaN,NaN,NaN,8.100034392555244e-06,100.0,1.0000081062316895,mlp,embedding
5834,75855,NaN,NaN,NaN,NaN,7.312961315619759e-06,100.0,1.0000072717666626,mlp,embedding
5835,75868,NaN,NaN,NaN,NaN,6.63099763187347e-06,100.0,1.0000066757202148,mlp,embedding
5836,75881,NaN,NaN,NaN,NaN,6.028370989952236e-06,100.0,1.000006079673767,mlp,embedding
5837,75894,NaN,NaN,NaN,NaN,5.475140369526343e-06,100.0,1.0000054836273193,mlp,embedding
5838,75907,NaN,NaN,NaN,NaN,4.990816250938224e-06,100.0,1.0000050067901611,mlp,embedding
5839,75920,NaN,NaN,NaN,NaN,4.5504884838010184e-06,100.0,1.000004529953003,mlp,embedding
5840,75933,NaN,NaN,NaN,NaN,4.160571279498981e-06,100.0,1.0000041723251343,mlp,embedding
5841,75946,NaN,NaN,NaN,NaN,3.814400770352222e-06,100.0,1.0000038146972656,mlp,embedding
5842,75959,NaN,NaN,NaN,NaN,3.5074554034508765e-06,100.0,1.000003457069397,mlp,embedding
5843,75972,NaN,NaN,NaN,NaN,3.2321365779353073e-06,100.0,1.0000032186508179,mlp,embedding
5844,75985,NaN,NaN,NaN,NaN,2.9881073260185076e-06,100.0,1.0000029802322388,mlp,embedding
5845,75998,NaN,NaN,NaN,NaN,2.765782710412168e-06,100.0,1.0000027418136597,mlp,embedding
5846,76011,1.77414437985135e-06,100.0,1.0000017881393433,0.001,2.566555394878378e-06,100.0,1.0000026226043701,mlp,embedding
5847,76024,NaN,NaN,NaN,NaN,2.393635668340721e-06,100.0,1.000002384185791,mlp,embedding
5848,76037,NaN,NaN,NaN,NaN,2.234522526123328e-06,100.0,1.0000022649765015,mlp,embedding
5849,76050,NaN,NaN,NaN,NaN,2.0987613424949814e-06,100.0,1.000002145767212,mlp,embedding
5850,76063,NaN,NaN,NaN,NaN,1.975330633285921e-06,100.0,1.0000020265579224,mlp,embedding
5851,76076,NaN,NaN,NaN,NaN,1.8633011222846108e-06,100.0,1.0000019073486328,mlp,embedding
5852,76089,NaN,NaN,NaN,NaN,1.7614904663787456e-06,100.0,1.0000017881393433,mlp,embedding
5853,76102,NaN,NaN,NaN,NaN,1.67120776950469e-06,100.0,1.0000016689300537,mlp,embedding
5854,76115,NaN,NaN,NaN,NaN,1.5863723774600658e-06,100.0,1.0000015497207642,mlp,embedding
5855,76128,NaN,NaN,NaN,NaN,1.5119253475859296e-06,100.0,1.0000015497207642,mlp,embedding
5856,76141,NaN,NaN,NaN,NaN,1.4444874523178441e-06,100.0,1.0000014305114746,mlp,embedding
5857,76154,NaN,NaN,NaN,NaN,1.382919549541839e-06,100.0,1.0000014305114746,mlp,embedding
5858,76167,NaN,NaN,NaN,NaN,1.3238003475635196e-06,100.0,1.000001311302185,mlp,embedding
5859,76180,NaN,NaN,NaN,NaN,1.2664551150010084e-06,100.0,1.000001311302185,mlp,embedding
5860,76193,NaN,NaN,NaN,NaN,1.2148527730460046e-06,100.0,1.0000011920928955,mlp,embedding
5861,76206,NaN,NaN,NaN,NaN,1.168993435385346e-06,100.0,1.0000011920928955,mlp,embedding
5862,76219,NaN,NaN,NaN,NaN,1.12076929781324e-06,100.0,1.000001072883606,mlp,embedding
5863,76232,NaN,NaN,NaN,NaN,1.0757544259831775e-06,100.0,1.000001072883606,mlp,embedding
5864,76245,NaN,NaN,NaN,NaN,1.0309084927939693e-06,100.0,1.000001072883606,mlp,embedding
5865,76258,NaN,NaN,NaN,NaN,9.860625596047612e-07,100.0,1.0000009536743164,mlp,embedding
5866,76271,NaN,NaN,NaN,NaN,9.483532039666898e-07,100.0,1.0000009536743164,mlp,embedding
5867,76284,NaN,NaN,NaN,NaN,9.034649792738492e-07,100.0,1.0000009536743164,mlp,embedding
5868,76297,NaN,NaN,NaN,NaN,8.61237197113951e-07,100.0,1.0000008344650269,mlp,embedding
5869,76310,NaN,NaN,NaN,NaN,8.216273954531061e-07,100.0,1.0000008344650269,mlp,embedding
5870,76323,NaN,NaN,NaN,NaN,7.821866461199534e-07,100.0,1.0000008344650269,mlp,embedding
5871,76336,NaN,NaN,NaN,NaN,7.397476338155684e-07,100.0,1.0000007152557373,mlp,embedding
5872,76349,NaN,NaN,NaN,NaN,6.974353254918242e-07,100.0,1.0000007152557373,mlp,embedding
5873,76362,NaN,NaN,NaN,NaN,6.596413868464879e-07,100.0,1.0000007152557373,mlp,embedding
5874,76375,NaN,NaN,NaN,NaN,6.169490234242403e-07,100.0,1.0000005960464478,mlp,embedding
5875,76388,NaN,NaN,NaN,NaN,5.785217354059569e-07,100.0,1.0000005960464478,mlp,embedding
5876,76401,NaN,NaN,NaN,NaN,5.391653985498124e-07,100.0,1.0000005960464478,mlp,embedding
5877,76414,NaN,NaN,NaN,NaN,5.026805069974216e-07,100.0,1.0000004768371582,mlp,embedding
5878,76427,NaN,NaN,NaN,NaN,4.626907355032017e-07,100.0,1.0000004768371582,mlp,embedding
5879,76440,NaN,NaN,NaN,NaN,4.28655084760976e-07,100.0,1.0000004768371582,mlp,embedding
5880,76453,NaN,NaN,NaN,NaN,3.9453493627661373e-07,100.0,1.0000003576278687,mlp,embedding
5881,76466,NaN,NaN,NaN,NaN,3.609216037148144e-07,100.0,1.0000003576278687,mlp,embedding
5882,76479,NaN,NaN,NaN,NaN,3.34824761694108e-07,100.0,1.0000003576278687,mlp,embedding
5883,76492,NaN,NaN,NaN,NaN,3.0889685831425595e-07,100.0,1.0000003576278687,mlp,embedding
5884,76505,NaN,NaN,NaN,NaN,2.8220884473739716e-07,100.0,1.000000238418579,mlp,embedding
5885,76518,NaN,NaN,NaN,NaN,2.6734463176580903e-07,100.0,1.000000238418579,mlp,embedding
5886,76531,NaN,NaN,NaN,NaN,2.519736881367862e-07,100.0,1.000000238418579,mlp,embedding
5887,76544,NaN,NaN,NaN,NaN,2.4133228748723923e-07,100.0,1.000000238418579,mlp,embedding
5888,76557,NaN,NaN,NaN,NaN,2.2553903988864477e-07,100.0,1.000000238418579,mlp,embedding
5889,76570,NaN,NaN,NaN,NaN,2.2283644796061708e-07,100.0,1.000000238418579,mlp,embedding
5890,76583,NaN,NaN,NaN,NaN,2.3457572240204172e-07,100.0,1.000000238418579,mlp,embedding
5891,76596,NaN,NaN,NaN,NaN,2.36011473475628e-07,100.0,1.000000238418579,mlp,embedding
5892,76609,NaN,NaN,NaN,NaN,3.3034822877198167e-07,100.0,1.0000003576278687,mlp,embedding
5893,76622,NaN,NaN,NaN,NaN,1.081540822982788,82.0758056640625,2.9492201805114746,mlp,embedding
5894,76635,NaN,NaN,NaN,NaN,0.04665038362145424,98.2996826171875,1.0477555990219116,mlp,embedding
5895,76648,NaN,NaN,NaN,NaN,0.005365786142647266,100.0,1.0053801536560059,mlp,embedding
5896,76661,NaN,NaN,NaN,NaN,0.0019034488359466195,100.0,1.0019052028656006,mlp,embedding
5897,76674,NaN,NaN,NaN,NaN,0.0006015060935169458,99.9645767211914,1.0006016492843628,mlp,embedding
5898,76687,NaN,NaN,NaN,NaN,0.00024146113719325513,100.0,1.0002415180206299,mlp,embedding
5899,76700,NaN,NaN,NaN,NaN,0.0001677988620940596,100.0,1.0001678466796875,mlp,embedding
5900,76713,NaN,NaN,NaN,NaN,0.0001342531031696126,100.0,1.0001342296600342,mlp,embedding
5901,76726,NaN,NaN,NaN,NaN,0.00011341235949657857,100.0,1.0001133680343628,mlp,embedding
5902,76739,NaN,NaN,NaN,NaN,9.854192467173561e-05,100.0,1.0000985860824585,mlp,embedding
5903,76752,NaN,NaN,NaN,NaN,8.676809375174344e-05,100.0,1.000086784362793,mlp,embedding
5904,76765,5.1171748054912314e-05,100.0,1.0000511407852173,0.001,7.696756074437872e-05,100.0,1.0000770092010498,mlp,embedding
5905,76778,NaN,NaN,NaN,NaN,6.883663445478305e-05,100.0,1.0000687837600708,mlp,embedding
5906,76791,NaN,NaN,NaN,NaN,6.145939551061019e-05,100.0,1.0000615119934082,mlp,embedding
5907,76804,NaN,NaN,NaN,NaN,5.5371634516632184e-05,100.0,1.0000554323196411,mlp,embedding
5908,76817,NaN,NaN,NaN,NaN,4.983402686775662e-05,100.0,1.0000498294830322,mlp,embedding
5909,76830,NaN,NaN,NaN,NaN,4.4950455048820004e-05,100.0,1.0000449419021606,mlp,embedding
5910,76843,NaN,NaN,NaN,NaN,4.0539038309361786e-05,100.0,1.0000405311584473,mlp,embedding
5911,76856,NaN,NaN,NaN,NaN,3.659668436739594e-05,100.0,1.000036597251892,mlp,embedding
5912,76869,NaN,NaN,NaN,NaN,3.299294621683657e-05,100.0,1.0000330209732056,mlp,embedding
5913,76882,NaN,NaN,NaN,NaN,2.986044819408562e-05,100.0,1.0000298023223877,mlp,embedding
5914,76895,NaN,NaN,NaN,NaN,2.703472819121089e-05,100.0,1.000027060508728,mlp,embedding
5915,76908,NaN,NaN,NaN,NaN,2.445019708829932e-05,100.0,1.000024437904358,mlp,embedding
5916,76921,NaN,NaN,NaN,NaN,2.2151434677653015e-05,100.0,1.0000221729278564,mlp,embedding
5917,76934,NaN,NaN,NaN,NaN,2.008583578572143e-05,100.0,1.0000200271606445,mlp,embedding
5918,76947,NaN,NaN,NaN,NaN,1.823644561227411e-05,100.0,1.0000182390213013,mlp,embedding
5919,76960,NaN,NaN,NaN,NaN,1.6548567145946436e-05,100.0,1.0000165700912476,mlp,embedding
5920,76973,NaN,NaN,NaN,NaN,1.5015624740044586e-05,100.0,1.0000150203704834,mlp,embedding
5921,76986,NaN,NaN,NaN,NaN,1.363694991596276e-05,100.0,1.0000135898590088,mlp,embedding
5922,76999,NaN,NaN,NaN,NaN,1.2387347851472441e-05,100.0,1.0000123977661133,mlp,embedding
5923,77012,NaN,NaN,NaN,NaN,1.1264844033576082e-05,100.0,1.0000112056732178,mlp,embedding
5924,77025,NaN,NaN,NaN,NaN,1.0241076779493596e-05,100.0,1.0000102519989014,mlp,embedding
5925,77038,NaN,NaN,NaN,NaN,9.317490366811398e-06,100.0,1.000009298324585,mlp,embedding
5926,77051,NaN,NaN,NaN,NaN,8.483745659759734e-06,100.0,1.000008463859558,mlp,embedding
5927,77064,NaN,NaN,NaN,NaN,7.732152880635113e-06,100.0,1.0000077486038208,mlp,embedding
5928,77077,NaN,NaN,NaN,NaN,7.055248715914786e-06,100.0,1.0000070333480835,mlp,embedding
5929,77090,NaN,NaN,NaN,NaN,6.4443347582709976e-06,100.0,1.0000064373016357,mlp,embedding
5930,77103,NaN,NaN,NaN,NaN,5.882058758288622e-06,100.0,1.000005841255188,mlp,embedding
5931,77116,NaN,NaN,NaN,NaN,5.374460215534782e-06,100.0,1.0000053644180298,mlp,embedding
5932,77129,NaN,NaN,NaN,NaN,4.926062047161395e-06,100.0,1.0000048875808716,mlp,embedding
5933,77142,NaN,NaN,NaN,NaN,4.510894086706685e-06,100.0,1.000004529953003,mlp,embedding
5934,77155,NaN,NaN,NaN,NaN,4.139469638175797e-06,100.0,1.0000041723251343,mlp,embedding
5935,77168,NaN,NaN,NaN,NaN,3.792408278968651e-06,100.0,1.0000038146972656,mlp,embedding
5936,77181,NaN,NaN,NaN,NaN,3.4879531085607596e-06,100.0,1.000003457069397,mlp,embedding
5937,77194,NaN,NaN,NaN,NaN,3.2036384709499544e-06,100.0,1.0000032186508179,mlp,embedding
5938,77207,NaN,NaN,NaN,NaN,2.948670498881256e-06,100.0,1.0000029802322388,mlp,embedding
5939,77220,NaN,NaN,NaN,NaN,2.717772076721303e-06,100.0,1.0000027418136597,mlp,embedding
5940,77233,NaN,NaN,NaN,NaN,2.50857829087181e-06,100.0,1.0000025033950806,mlp,embedding
5941,77246,NaN,NaN,NaN,NaN,2.315937081220909e-06,100.0,1.0000022649765015,mlp,embedding
5942,77259,NaN,NaN,NaN,NaN,2.14402939491265e-06,100.0,1.000002145767212,mlp,embedding
5943,77272,NaN,NaN,NaN,NaN,1.9869853531417903e-06,100.0,1.0000020265579224,mlp,embedding
5944,77285,NaN,NaN,NaN,NaN,1.8441292013449129e-06,100.0,1.0000017881393433,mlp,embedding
5945,77298,NaN,NaN,NaN,NaN,1.716179554023256e-06,100.0,1.0000016689300537,mlp,embedding
5946,77311,NaN,NaN,NaN,NaN,1.6060079133239924e-06,100.0,1.0000015497207642,mlp,embedding
5947,77324,NaN,NaN,NaN,NaN,1.4986649148340803e-06,100.0,1.0000015497207642,mlp,embedding
5948,77337,NaN,NaN,NaN,NaN,1.4052574215384084e-06,100.0,1.0000014305114746,mlp,embedding
5949,77350,NaN,NaN,NaN,NaN,1.3213089005148504e-06,100.0,1.000001311302185,mlp,embedding
5950,77363,NaN,NaN,NaN,NaN,1.2449611404008465e-06,100.0,1.0000011920928955,mlp,embedding
5951,77376,NaN,NaN,NaN,NaN,1.1772699508583173e-06,100.0,1.0000011920928955,mlp,embedding
5952,77389,NaN,NaN,NaN,NaN,1.1109724482594174e-06,100.0,1.000001072883606,mlp,embedding
5953,77402,NaN,NaN,NaN,NaN,1.0549360922595952e-06,100.0,1.000001072883606,mlp,embedding
5954,77415,NaN,NaN,NaN,NaN,1.0048961485153995e-06,100.0,1.0000009536743164,mlp,embedding
5955,77428,NaN,NaN,NaN,NaN,9.580232926964527e-07,100.0,1.0000009536743164,mlp,embedding
5956,77441,NaN,NaN,NaN,NaN,9.161755656350579e-07,100.0,1.0000009536743164,mlp,embedding
5957,77454,NaN,NaN,NaN,NaN,8.759324146012659e-07,100.0,1.0000008344650269,mlp,embedding
5958,77467,NaN,NaN,NaN,NaN,8.36407195947686e-07,100.0,1.0000008344650269,mlp,embedding
5959,77480,NaN,NaN,NaN,NaN,8.038495025175507e-07,100.0,1.0000008344650269,mlp,embedding
5960,77493,NaN,NaN,NaN,NaN,7.668579655728536e-07,100.0,1.0000007152557373,mlp,embedding
5961,77506,NaN,NaN,NaN,NaN,7.340469210248557e-07,100.0,1.0000007152557373,mlp,embedding
5962,77519,NaN,NaN,NaN,NaN,7.050363706184726e-07,100.0,1.0000007152557373,mlp,embedding
5963,77532,4.4720673031406477e-07,100.0,1.0000004768371582,0.001,6.770393383703777e-07,100.0,1.0000007152557373,mlp,embedding
5964,77545,NaN,NaN,NaN,NaN,6.469731488323305e-07,100.0,1.0000005960464478,mlp,embedding
5965,77558,NaN,NaN,NaN,NaN,6.154289167170646e-07,100.0,1.0000005960464478,mlp,embedding
5966,77571,NaN,NaN,NaN,NaN,5.91401203564601e-07,100.0,1.0000005960464478,mlp,embedding
5967,77584,NaN,NaN,NaN,NaN,5.637419917547959e-07,100.0,1.0000005960464478,mlp,embedding
5968,77597,NaN,NaN,NaN,NaN,5.351959657673433e-07,100.0,1.0000004768371582,mlp,embedding
5969,77610,NaN,NaN,NaN,NaN,5.096903237244987e-07,100.0,1.0000004768371582,mlp,embedding
5970,77623,NaN,NaN,NaN,NaN,4.837201572627237e-07,100.0,1.0000004768371582,mlp,embedding
5971,77636,NaN,NaN,NaN,NaN,4.549208085791179e-07,100.0,1.0000004768371582,mlp,embedding
5972,77649,NaN,NaN,NaN,NaN,4.3317345443938393e-07,100.0,1.0000004768371582,mlp,embedding
5973,77662,NaN,NaN,NaN,NaN,4.0551418578615994e-07,100.0,1.0000003576278687,mlp,embedding
5974,77675,NaN,NaN,NaN,NaN,3.808108886005357e-07,100.0,1.0000003576278687,mlp,embedding
5975,77688,NaN,NaN,NaN,NaN,3.584723344829399e-07,100.0,1.0000003576278687,mlp,embedding
5976,77701,NaN,NaN,NaN,NaN,3.3727397408256365e-07,100.0,1.0000003576278687,mlp,embedding
5977,77714,NaN,NaN,NaN,NaN,3.0910794635019556e-07,100.0,1.0000003576278687,mlp,embedding
5978,77727,NaN,NaN,NaN,NaN,2.9162563919271633e-07,100.0,1.000000238418579,mlp,embedding
5979,77740,NaN,NaN,NaN,NaN,2.7650804668155615e-07,100.0,1.000000238418579,mlp,embedding
5980,77753,NaN,NaN,NaN,NaN,2.5678764359327033e-07,100.0,1.000000238418579,mlp,embedding
5981,77766,NaN,NaN,NaN,NaN,2.525648596929386e-07,100.0,1.000000238418579,mlp,embedding
5982,77779,NaN,NaN,NaN,NaN,2.371938876422064e-07,100.0,1.000000238418579,mlp,embedding
5983,77792,NaN,NaN,NaN,NaN,2.2883278916197014e-07,100.0,1.000000238418579,mlp,embedding
5984,77805,NaN,NaN,NaN,NaN,2.2431440527270752e-07,100.0,1.000000238418579,mlp,embedding
5985,77818,NaN,NaN,NaN,NaN,2.4538607590329775e-07,100.0,1.000000238418579,mlp,embedding
5986,77831,NaN,NaN,NaN,NaN,2.6324826762902376e-07,100.0,1.000000238418579,mlp,embedding
5987,77844,NaN,NaN,NaN,NaN,2.625727972827008e-07,100.0,1.000000238418579,mlp,embedding
5988,77857,NaN,NaN,NaN,NaN,0.6714882254600525,85.26390075683594,1.9571478366851807,mlp,embedding
5989,77870,NaN,NaN,NaN,NaN,0.01817966252565384,99.61034393310547,1.0183459520339966,mlp,embedding
5990,77883,NaN,NaN,NaN,NaN,0.0033496683463454247,100.0,1.0033552646636963,mlp,embedding
5991,77896,NaN,NaN,NaN,NaN,0.0005255338619463146,100.0,1.000525712966919,mlp,embedding
5992,77909,NaN,NaN,NaN,NaN,0.00019918875477742404,100.0,1.0001991987228394,mlp,embedding
5993,77922,NaN,NaN,NaN,NaN,0.00013320257130544633,100.0,1.0001331567764282,mlp,embedding
5994,77935,NaN,NaN,NaN,NaN,0.0001091672238544561,100.0,1.0001091957092285,mlp,embedding
5995,77948,NaN,NaN,NaN,NaN,9.489741205470636e-05,100.0,1.0000948905944824,mlp,embedding
5996,77961,NaN,NaN,NaN,NaN,8.515051013091579e-05,100.0,1.0000851154327393,mlp,embedding
5997,77974,NaN,NaN,NaN,NaN,7.67043384257704e-05,100.0,1.0000766515731812,mlp,embedding
5998,77987,NaN,NaN,NaN,NaN,6.967356603126973e-05,100.0,1.0000696182250977,mlp,embedding
5999,78000,NaN,NaN,NaN,NaN,6.337705417536199e-05,100.0,1.000063419342041,mlp,embedding
6000,78013,NaN,NaN,NaN,NaN,5.7591219956520945e-05,100.0,1.000057578086853,mlp,embedding
6001,78026,NaN,NaN,NaN,NaN,5.249031892162748e-05,100.0,1.0000524520874023,mlp,embedding
6002,78039,NaN,NaN,NaN,NaN,4.778778748004697e-05,100.0,1.0000478029251099,mlp,embedding
6003,78052,NaN,NaN,NaN,NaN,4.352469477453269e-05,100.0,1.000043511390686,mlp,embedding
6004,78065,NaN,NaN,NaN,NaN,3.9774280594429e-05,100.0,1.00003981590271,mlp,embedding
6005,78078,NaN,NaN,NaN,NaN,3.633258165791631e-05,100.0,1.000036358833313,mlp,embedding
6006,78091,NaN,NaN,NaN,NaN,3.308105078758672e-05,100.0,1.0000331401824951,mlp,embedding
6007,78104,NaN,NaN,NaN,NaN,3.024004581675399e-05,100.0,1.000030279159546,mlp,embedding
6008,78117,NaN,NaN,NaN,NaN,2.7594689527177252e-05,100.0,1.0000275373458862,mlp,embedding
6009,78130,NaN,NaN,NaN,NaN,2.5159792130580172e-05,100.0,1.0000251531600952,mlp,embedding
6010,78143,NaN,NaN,NaN,NaN,2.2931581042939797e-05,100.0,1.0000228881835938,mlp,embedding
6011,78156,NaN,NaN,NaN,NaN,2.0911193132633343e-05,100.0,1.0000208616256714,mlp,embedding
6012,78169,NaN,NaN,NaN,NaN,1.9156717826263048e-05,100.0,1.0000191926956177,mlp,embedding
6013,78182,NaN,NaN,NaN,NaN,1.7487251170678064e-05,100.0,1.000017523765564,mlp,embedding
6014,78195,NaN,NaN,NaN,NaN,1.5988156519597396e-05,100.0,1.0000159740447998,mlp,embedding
6015,78208,NaN,NaN,NaN,NaN,1.4596090295526665e-05,100.0,1.0000145435333252,mlp,embedding
6016,78221,NaN,NaN,NaN,NaN,1.3344461876840796e-05,100.0,1.0000133514404297,mlp,embedding
6017,78234,NaN,NaN,NaN,NaN,1.2208827683934942e-05,100.0,1.0000121593475342,mlp,embedding
6018,78247,NaN,NaN,NaN,NaN,1.1167659977218136e-05,100.0,1.0000112056732178,mlp,embedding
6019,78260,NaN,NaN,NaN,NaN,1.0197291885560844e-05,100.0,1.0000102519989014,mlp,embedding
6020,78273,NaN,NaN,NaN,NaN,9.323557605966926e-06,100.0,1.000009298324585,mlp,embedding
6021,78286,NaN,NaN,NaN,NaN,8.504747711413074e-06,100.0,1.000008463859558,mlp,embedding
6022,78299,5.507065907295328e-06,100.0,1.0000054836273193,0.001,7.784982699376997e-06,100.0,1.0000077486038208,mlp,embedding
6023,78312,NaN,NaN,NaN,NaN,7.114539585018065e-06,100.0,1.000007152557373,mlp,embedding
6024,78325,NaN,NaN,NaN,NaN,6.515235327242408e-06,100.0,1.0000065565109253,mlp,embedding
6025,78338,NaN,NaN,NaN,NaN,5.940627488598693e-06,100.0,1.0000059604644775,mlp,embedding
6026,78351,NaN,NaN,NaN,NaN,5.43949090570095e-06,100.0,1.0000054836273193,mlp,embedding
6027,78364,NaN,NaN,NaN,NaN,4.986657586414367e-06,100.0,1.0000050067901611,mlp,embedding
6028,78377,NaN,NaN,NaN,NaN,4.575204002321698e-06,100.0,1.000004529953003,mlp,embedding
6029,78390,NaN,NaN,NaN,NaN,4.193054337520152e-06,100.0,1.0000041723251343,mlp,embedding
6030,78403,NaN,NaN,NaN,NaN,3.8523689909197856e-06,100.0,1.0000038146972656,mlp,embedding
6031,78416,NaN,NaN,NaN,NaN,3.5472371564537752e-06,100.0,1.0000035762786865,mlp,embedding
6032,78429,NaN,NaN,NaN,NaN,3.267399279138772e-06,100.0,1.0000032186508179,mlp,embedding
6033,78442,NaN,NaN,NaN,NaN,3.015177071574726e-06,100.0,1.0000029802322388,mlp,embedding
6034,78455,NaN,NaN,NaN,NaN,2.787107632684638e-06,100.0,1.0000027418136597,mlp,embedding
6035,78468,NaN,NaN,NaN,NaN,2.5798146907618502e-06,100.0,1.0000026226043701,mlp,embedding
6036,78481,NaN,NaN,NaN,NaN,2.3973088900675066e-06,100.0,1.000002384185791,mlp,embedding
6037,78494,NaN,NaN,NaN,NaN,2.2292856556305196e-06,100.0,1.0000022649765015,mlp,embedding
6038,78507,NaN,NaN,NaN,NaN,2.077689032375929e-06,100.0,1.0000020265579224,mlp,embedding
6039,78520,NaN,NaN,NaN,NaN,1.9415049337112578e-06,100.0,1.0000019073486328,mlp,embedding
6040,78533,NaN,NaN,NaN,NaN,1.8235637071484234e-06,100.0,1.0000017881393433,mlp,embedding
6041,78546,NaN,NaN,NaN,NaN,1.7124206124208285e-06,100.0,1.0000016689300537,mlp,embedding
6042,78559,NaN,NaN,NaN,NaN,1.6114544223455596e-06,100.0,1.0000016689300537,mlp,embedding
6043,78572,NaN,NaN,NaN,NaN,1.5315174550778465e-06,100.0,1.0000015497207642,mlp,embedding
6044,78585,NaN,NaN,NaN,NaN,1.4487937960439012e-06,100.0,1.0000014305114746,mlp,embedding
6045,78598,NaN,NaN,NaN,NaN,1.3780199878965504e-06,100.0,1.0000014305114746,mlp,embedding
6046,78611,NaN,NaN,NaN,NaN,1.3147629260856775e-06,100.0,1.000001311302185,mlp,embedding
6047,78624,NaN,NaN,NaN,NaN,1.2535326732177055e-06,100.0,1.000001311302185,mlp,embedding
6048,78637,NaN,NaN,NaN,NaN,1.2063642316206824e-06,100.0,1.0000011920928955,mlp,embedding
6049,78650,NaN,NaN,NaN,NaN,1.1540018931555096e-06,100.0,1.0000011920928955,mlp,embedding
6050,78663,NaN,NaN,NaN,NaN,1.1098737786596757e-06,100.0,1.000001072883606,mlp,embedding
6051,78676,NaN,NaN,NaN,NaN,1.0713620213209651e-06,100.0,1.000001072883606,mlp,embedding
6052,78689,NaN,NaN,NaN,NaN,1.0282054745403002e-06,100.0,1.000001072883606,mlp,embedding
6053,78702,NaN,NaN,NaN,NaN,9.94507558971236e-07,100.0,1.0000009536743164,mlp,embedding
6054,78715,NaN,NaN,NaN,NaN,9.55573682404065e-07,100.0,1.0000009536743164,mlp,embedding
6055,78728,NaN,NaN,NaN,NaN,9.185821454593679e-07,100.0,1.0000009536743164,mlp,embedding
6056,78741,NaN,NaN,NaN,NaN,8.918940466173808e-07,100.0,1.0000008344650269,mlp,embedding
6057,78754,NaN,NaN,NaN,NaN,8.51059894557693e-07,100.0,1.0000008344650269,mlp,embedding
6058,78767,NaN,NaN,NaN,NaN,8.214159379349439e-07,100.0,1.0000008344650269,mlp,embedding
6059,78780,NaN,NaN,NaN,NaN,7.796528507242328e-07,100.0,1.0000008344650269,mlp,embedding
6060,78793,NaN,NaN,NaN,NaN,7.473907430721738e-07,100.0,1.0000007152557373,mlp,embedding
6061,78806,NaN,NaN,NaN,NaN,7.140729394450318e-07,100.0,1.0000007152557373,mlp,embedding
6062,78819,NaN,NaN,NaN,NaN,6.850202680652728e-07,100.0,1.0000007152557373,mlp,embedding
6063,78832,NaN,NaN,NaN,NaN,6.456639880525472e-07,100.0,1.0000005960464478,mlp,embedding
6064,78845,NaN,NaN,NaN,NaN,6.136974661785644e-07,100.0,1.0000005960464478,mlp,embedding
6065,78858,NaN,NaN,NaN,NaN,5.72229737372254e-07,100.0,1.0000005960464478,mlp,embedding
6066,78871,NaN,NaN,NaN,NaN,5.414878501142084e-07,100.0,1.0000005960464478,mlp,embedding
6067,78884,NaN,NaN,NaN,NaN,5.085501584289887e-07,100.0,1.0000004768371582,mlp,embedding
6068,78897,NaN,NaN,NaN,NaN,4.7552799742334173e-07,100.0,1.0000004768371582,mlp,embedding
6069,78910,NaN,NaN,NaN,NaN,4.4685523903353896e-07,100.0,1.0000004768371582,mlp,embedding
6070,78923,NaN,NaN,NaN,NaN,4.1041263898478064e-07,100.0,1.0000003576278687,mlp,embedding
6071,78936,NaN,NaN,NaN,NaN,3.8338677654792264e-07,100.0,1.0000003576278687,mlp,embedding
6072,78949,NaN,NaN,NaN,NaN,3.526449461332959e-07,100.0,1.0000003576278687,mlp,embedding
6073,78962,NaN,NaN,NaN,NaN,3.286172898242512e-07,100.0,1.0000003576278687,mlp,embedding
6074,78975,NaN,NaN,NaN,NaN,3.0349170287991e-07,100.0,1.0000003576278687,mlp,embedding
6075,78988,NaN,NaN,NaN,NaN,2.8613604285965266e-07,100.0,1.000000238418579,mlp,embedding
6076,79001,NaN,NaN,NaN,NaN,2.605881661565945e-07,100.0,1.000000238418579,mlp,embedding
6077,79014,NaN,NaN,NaN,NaN,2.612638070331741e-07,100.0,1.000000238418579,mlp,embedding
6078,79027,NaN,NaN,NaN,NaN,2.527337699120835e-07,100.0,1.000000238418579,mlp,embedding
6079,79040,NaN,NaN,NaN,NaN,2.569142907304922e-07,100.0,1.000000238418579,mlp,embedding
6080,79053,NaN,NaN,NaN,NaN,2.2963510559748102e-07,100.0,1.000000238418579,mlp,embedding
6081,79066,NaN,NaN,NaN,NaN,5.139824565958406e-07,100.0,1.0000004768371582,mlp,embedding
6082,79079,0.5440240502357483,91.22380828857422,1.7229260206222534,0.001,0.839879035949707,78.10839080810547,2.316086769104004,mlp,embedding
6083,79092,NaN,NaN,NaN,NaN,0.023081764578819275,99.4332275390625,1.0233502388000488,mlp,embedding
6084,79105,NaN,NaN,NaN,NaN,0.002149155829101801,100.0,1.0021514892578125,mlp,embedding
6085,79118,NaN,NaN,NaN,NaN,0.0010845104698091745,100.0,1.0010850429534912,mlp,embedding
6086,79131,NaN,NaN,NaN,NaN,0.00040860718581825495,100.0,1.00040864944458,mlp,embedding
6087,79144,NaN,NaN,NaN,NaN,0.000215430001844652,100.0,1.0002154111862183,mlp,embedding
6088,79157,NaN,NaN,NaN,NaN,0.0001554868940729648,100.0,1.0001554489135742,mlp,embedding
6089,79170,NaN,NaN,NaN,NaN,0.00012698299542535096,100.0,1.0001269578933716,mlp,embedding
6090,79183,NaN,NaN,NaN,NaN,0.00010902382200583816,100.0,1.000109076499939,mlp,embedding
6091,79196,NaN,NaN,NaN,NaN,9.524256165605038e-05,100.0,1.000095248222351,mlp,embedding
6092,79209,NaN,NaN,NaN,NaN,8.44376118038781e-05,100.0,1.000084400177002,mlp,embedding
6093,79222,NaN,NaN,NaN,NaN,7.525605178670958e-05,100.0,1.0000752210617065,mlp,embedding
6094,79235,NaN,NaN,NaN,NaN,6.752926856279373e-05,100.0,1.0000674724578857,mlp,embedding
6095,79248,NaN,NaN,NaN,NaN,6.076637146179564e-05,100.0,1.000060796737671,mlp,embedding
6096,79261,NaN,NaN,NaN,NaN,5.462736226036213e-05,100.0,1.0000545978546143,mlp,embedding
6097,79274,NaN,NaN,NaN,NaN,4.933177478960715e-05,100.0,1.000049352645874,mlp,embedding
6098,79287,NaN,NaN,NaN,NaN,4.4455984607338905e-05,100.0,1.0000444650650024,mlp,embedding
6099,79300,NaN,NaN,NaN,NaN,4.0148453990696e-05,100.0,1.0000401735305786,mlp,embedding
6100,79313,NaN,NaN,NaN,NaN,3.632782318163663e-05,100.0,1.000036358833313,mlp,embedding
6101,79326,NaN,NaN,NaN,NaN,3.28577370964922e-05,100.0,1.000032901763916,mlp,embedding
6102,79339,NaN,NaN,NaN,NaN,2.9707491194130853e-05,100.0,1.0000296831130981,mlp,embedding
6103,79352,NaN,NaN,NaN,NaN,2.6916390197584406e-05,100.0,1.0000269412994385,mlp,embedding
6104,79365,NaN,NaN,NaN,NaN,2.4367138394154608e-05,100.0,1.0000243186950684,mlp,embedding
6105,79378,NaN,NaN,NaN,NaN,2.2080279450165108e-05,100.0,1.000022053718567,mlp,embedding
6106,79391,NaN,NaN,NaN,NaN,1.9983968741144054e-05,100.0,1.0000200271606445,mlp,embedding
6107,79404,NaN,NaN,NaN,NaN,1.807442276913207e-05,100.0,1.0000181198120117,mlp,embedding
6108,79417,NaN,NaN,NaN,NaN,1.6406022041337565e-05,100.0,1.000016450881958,mlp,embedding
6109,79430,NaN,NaN,NaN,NaN,1.486535165895475e-05,100.0,1.0000149011611938,mlp,embedding
6110,79443,NaN,NaN,NaN,NaN,1.348087789665442e-05,100.0,1.0000134706497192,mlp,embedding
6111,79456,NaN,NaN,NaN,NaN,1.2220802091178484e-05,100.0,1.0000122785568237,mlp,embedding
6112,79469,NaN,NaN,NaN,NaN,1.1112801985291298e-05,100.0,1.0000110864639282,mlp,embedding
6113,79482,NaN,NaN,NaN,NaN,1.0101915904670022e-05,100.0,1.0000101327896118,mlp,embedding
6114,79495,NaN,NaN,NaN,NaN,9.189435331791174e-06,100.0,1.0000091791152954,mlp,embedding
6115,79508,NaN,NaN,NaN,NaN,8.355017598660197e-06,100.0,1.0000083446502686,mlp,embedding
6116,79521,NaN,NaN,NaN,NaN,7.608174200868234e-06,100.0,1.0000076293945312,mlp,embedding
6117,79534,NaN,NaN,NaN,NaN,6.92931189405499e-06,100.0,1.000006914138794,mlp,embedding
6118,79547,NaN,NaN,NaN,NaN,6.3367083384946454e-06,100.0,1.0000063180923462,mlp,embedding
6119,79560,NaN,NaN,NaN,NaN,5.789455371996155e-06,100.0,1.000005841255188,mlp,embedding
6120,79573,NaN,NaN,NaN,NaN,5.286200575937983e-06,100.0,1.0000052452087402,mlp,embedding
6121,79586,NaN,NaN,NaN,NaN,4.854093731410103e-06,100.0,1.0000048875808716,mlp,embedding
6122,79599,NaN,NaN,NaN,NaN,4.45479599875398e-06,100.0,1.0000044107437134,mlp,embedding
6123,79612,NaN,NaN,NaN,NaN,4.095951680938015e-06,100.0,1.0000040531158447,mlp,embedding
6124,79625,NaN,NaN,NaN,NaN,3.7873130622756435e-06,100.0,1.0000038146972656,mlp,embedding
6125,79638,NaN,NaN,NaN,NaN,3.4979716474481393e-06,100.0,1.000003457069397,mlp,embedding
6126,79651,NaN,NaN,NaN,NaN,3.2440166251035407e-06,100.0,1.0000032186508179,mlp,embedding
6127,79664,NaN,NaN,NaN,NaN,3.0125686407700414e-06,100.0,1.0000029802322388,mlp,embedding
6128,79677,NaN,NaN,NaN,NaN,2.803162260534009e-06,100.0,1.0000028610229492,mlp,embedding
6129,79690,NaN,NaN,NaN,NaN,2.6152076770813437e-06,100.0,1.0000026226043701,mlp,embedding
6130,79703,NaN,NaN,NaN,NaN,2.4487042082910193e-06,100.0,1.0000025033950806,mlp,embedding
6131,79716,NaN,NaN,NaN,NaN,2.299852212672704e-06,100.0,1.0000022649765015,mlp,embedding
6132,79729,NaN,NaN,NaN,NaN,2.1591922632069327e-06,100.0,1.000002145767212,mlp,embedding
6133,79742,NaN,NaN,NaN,NaN,2.0326358480815543e-06,100.0,1.0000020265579224,mlp,embedding
6134,79755,NaN,NaN,NaN,NaN,1.918156385727343e-06,100.0,1.0000019073486328,mlp,embedding
6135,79768,NaN,NaN,NaN,NaN,1.8156699752580607e-06,100.0,1.0000017881393433,mlp,embedding
6136,79781,NaN,NaN,NaN,NaN,1.7162658423330868e-06,100.0,1.0000016689300537,mlp,embedding
6137,79794,NaN,NaN,NaN,NaN,1.6305855297105154e-06,100.0,1.0000016689300537,mlp,embedding
6138,79807,NaN,NaN,NaN,NaN,1.5537310673607863e-06,100.0,1.0000015497207642,mlp,embedding
6139,79820,NaN,NaN,NaN,NaN,1.4769608469578088e-06,100.0,1.0000014305114746,mlp,embedding
6140,79833,NaN,NaN,NaN,NaN,1.4081715562497266e-06,100.0,1.0000014305114746,mlp,embedding
6141,79846,NaN,NaN,NaN,NaN,1.3419585229712538e-06,100.0,1.000001311302185,mlp,embedding
6142,79859,9.171292276732856e-07,100.0,1.0000009536743164,0.001,1.2865556300312164e-06,100.0,1.000001311302185,mlp,embedding
6143,79872,NaN,NaN,NaN,NaN,1.22815481518046e-06,100.0,1.0000011920928955,mlp,embedding
6144,79885,NaN,NaN,NaN,NaN,1.1714847687471774e-06,100.0,1.0000011920928955,mlp,embedding
6145,79898,NaN,NaN,NaN,NaN,1.1263856549703632e-06,100.0,1.000001072883606,mlp,embedding
6146,79911,NaN,NaN,NaN,NaN,1.0738120863607037e-06,100.0,1.000001072883606,mlp,embedding
6147,79924,NaN,NaN,NaN,NaN,1.028501628752565e-06,100.0,1.000001072883606,mlp,embedding
6148,79937,NaN,NaN,NaN,NaN,9.896097026285133e-07,100.0,1.0000009536743164,mlp,embedding
6149,79950,NaN,NaN,NaN,NaN,9.39654171361326e-07,100.0,1.0000009536743164,mlp,embedding
6150,79963,NaN,NaN,NaN,NaN,8.953994097282703e-07,100.0,1.0000009536743164,mlp,embedding
6151,79976,NaN,NaN,NaN,NaN,8.562964808334073e-07,100.0,1.0000008344650269,mlp,embedding
6152,79989,NaN,NaN,NaN,NaN,8.104792641461245e-07,100.0,1.0000008344650269,mlp,embedding
6153,80002,NaN,NaN,NaN,NaN,7.691382393204549e-07,100.0,1.0000007152557373,mlp,embedding
6154,80015,NaN,NaN,NaN,NaN,7.264881674018397e-07,100.0,1.0000007152557373,mlp,embedding
6155,80028,NaN,NaN,NaN,NaN,6.860760777271935e-07,100.0,1.0000007152557373,mlp,embedding
6156,80041,NaN,NaN,NaN,NaN,6.389076361301704e-07,100.0,1.0000005960464478,mlp,embedding
6157,80054,NaN,NaN,NaN,NaN,6.022960405971389e-07,100.0,1.0000005960464478,mlp,embedding
6158,80067,NaN,NaN,NaN,NaN,5.55760948373063e-07,100.0,1.0000005960464478,mlp,embedding
6159,80080,NaN,NaN,NaN,NaN,5.245123588792922e-07,100.0,1.0000004768371582,mlp,embedding
6160,80093,NaN,NaN,NaN,NaN,4.810598852600378e-07,100.0,1.0000004768371582,mlp,embedding
6161,80106,NaN,NaN,NaN,NaN,4.4318144887256494e-07,100.0,1.0000004768371582,mlp,embedding
6162,80119,NaN,NaN,NaN,NaN,4.0956805946734676e-07,100.0,1.0000003576278687,mlp,embedding
6163,80132,NaN,NaN,NaN,NaN,3.792907250499411e-07,100.0,1.0000003576278687,mlp,embedding
6164,80145,NaN,NaN,NaN,NaN,3.460573907432263e-07,100.0,1.0000003576278687,mlp,embedding
6165,80158,NaN,NaN,NaN,NaN,3.218185895548231e-07,100.0,1.0000003576278687,mlp,embedding
6166,80171,NaN,NaN,NaN,NaN,2.922168675922876e-07,100.0,1.000000238418579,mlp,embedding
6167,80184,NaN,NaN,NaN,NaN,2.7245420142207877e-07,100.0,1.000000238418579,mlp,embedding
6168,80197,NaN,NaN,NaN,NaN,2.5319829433101404e-07,100.0,1.000000238418579,mlp,embedding
6169,80210,NaN,NaN,NaN,NaN,2.412900244053162e-07,100.0,1.000000238418579,mlp,embedding
6170,80223,NaN,NaN,NaN,NaN,2.2790379716752796e-07,100.0,1.000000238418579,mlp,embedding
6171,80236,NaN,NaN,NaN,NaN,2.16713416989478e-07,100.0,1.000000238418579,mlp,embedding
6172,80249,NaN,NaN,NaN,NaN,2.160799965622573e-07,100.0,1.000000238418579,mlp,embedding
6173,80262,NaN,NaN,NaN,NaN,2.541693220337038e-07,100.0,1.000000238418579,mlp,embedding
6174,80275,NaN,NaN,NaN,NaN,2.3537806725926202e-07,100.0,1.000000238418579,mlp,embedding
6175,80288,NaN,NaN,NaN,NaN,0.08412772417068481,97.55579376220703,1.0877678394317627,mlp,embedding
6176,80301,NaN,NaN,NaN,NaN,0.02932850643992424,98.866455078125,1.029762864112854,mlp,embedding
6177,80314,NaN,NaN,NaN,NaN,0.007639097515493631,99.78746032714844,1.007668375968933,mlp,embedding
6178,80327,NaN,NaN,NaN,NaN,0.000931672693695873,100.0,1.0009320974349976,mlp,embedding
6179,80340,NaN,NaN,NaN,NaN,0.0002117859839927405,100.0,1.0002118349075317,mlp,embedding
6180,80353,NaN,NaN,NaN,NaN,8.18668631836772e-05,100.0,1.0000818967819214,mlp,embedding
6181,80366,NaN,NaN,NaN,NaN,5.5450029321946204e-05,100.0,1.0000554323196411,mlp,embedding
6182,80379,NaN,NaN,NaN,NaN,4.42621239926666e-05,100.0,1.0000442266464233,mlp,embedding
6183,80392,NaN,NaN,NaN,NaN,3.789264883380383e-05,100.0,1.0000379085540771,mlp,embedding
6184,80405,NaN,NaN,NaN,NaN,3.3699514460749924e-05,100.0,1.0000337362289429,mlp,embedding
6185,80418,NaN,NaN,NaN,NaN,3.0400567993638106e-05,100.0,1.0000303983688354,mlp,embedding
6186,80431,NaN,NaN,NaN,NaN,2.7706193577614613e-05,100.0,1.0000276565551758,mlp,embedding
6187,80444,NaN,NaN,NaN,NaN,2.5415938580408692e-05,100.0,1.0000253915786743,mlp,embedding
6188,80457,NaN,NaN,NaN,NaN,2.3329967007157393e-05,100.0,1.000023365020752,mlp,embedding
6189,80470,NaN,NaN,NaN,NaN,2.1501286028069444e-05,100.0,1.0000214576721191,mlp,embedding
6190,80483,NaN,NaN,NaN,NaN,1.9791676095337607e-05,100.0,1.0000197887420654,mlp,embedding
6191,80496,NaN,NaN,NaN,NaN,1.82818912435323e-05,100.0,1.0000182390213013,mlp,embedding
6192,80509,NaN,NaN,NaN,NaN,1.6918103938223794e-05,100.0,1.0000169277191162,mlp,embedding
6193,80522,NaN,NaN,NaN,NaN,1.5676447219448164e-05,100.0,1.0000157356262207,mlp,embedding
6194,80535,NaN,NaN,NaN,NaN,1.4535316950059496e-05,100.0,1.0000145435333252,mlp,embedding
6195,80548,NaN,NaN,NaN,NaN,1.344170141237555e-05,100.0,1.0000134706497192,mlp,embedding
6196,80561,NaN,NaN,NaN,NaN,1.2460341167752631e-05,100.0,1.0000125169754028,mlp,embedding
6197,80574,NaN,NaN,NaN,NaN,1.1577449186006561e-05,100.0,1.0000115633010864,mlp,embedding
6198,80587,NaN,NaN,NaN,NaN,1.0757320524135139e-05,100.0,1.0000107288360596,mlp,embedding
6199,80600,NaN,NaN,NaN,NaN,9.99025178316515e-06,100.0,1.0000100135803223,mlp,embedding
6200,80613,NaN,NaN,NaN,NaN,9.302615580963902e-06,100.0,1.000009298324585,mlp,embedding
6201,80626,NaN,NaN,NaN,NaN,8.65200945554534e-06,100.0,1.0000087022781372,mlp,embedding
6202,80639,NaN,NaN,NaN,NaN,8.04716364655178e-06,100.0,1.0000081062316895,mlp,embedding
6203,80652,5.011707344237948e-06,100.0,1.0000050067901611,0.001,7.486898084607674e-06,100.0,1.0000075101852417,mlp,embedding
6204,80665,NaN,NaN,NaN,NaN,6.953734100534348e-06,100.0,1.000006914138794,mlp,embedding
6205,80678,NaN,NaN,NaN,NaN,6.441207915486302e-06,100.0,1.0000064373016357,mlp,embedding
6206,80691,NaN,NaN,NaN,NaN,5.979013621981721e-06,100.0,1.0000059604644775,mlp,embedding
6207,80704,NaN,NaN,NaN,NaN,5.57069324713666e-06,100.0,1.0000056028366089,mlp,embedding
6208,80717,NaN,NaN,NaN,NaN,5.171113116375636e-06,100.0,1.0000051259994507,mlp,embedding
6209,80730,NaN,NaN,NaN,NaN,4.794373580807587e-06,100.0,1.000004768371582,mlp,embedding
6210,80743,NaN,NaN,NaN,NaN,4.458256626094226e-06,100.0,1.0000044107437134,mlp,embedding
6211,80756,NaN,NaN,NaN,NaN,4.141520093980944e-06,100.0,1.0000041723251343,mlp,embedding
6212,80769,NaN,NaN,NaN,NaN,3.8303560359054245e-06,100.0,1.0000038146972656,mlp,embedding
6213,80782,NaN,NaN,NaN,NaN,3.572816694941139e-06,100.0,1.0000035762786865,mlp,embedding
6214,80795,NaN,NaN,NaN,NaN,3.3335641091980506e-06,100.0,1.0000033378601074,mlp,embedding
6215,80808,NaN,NaN,NaN,NaN,3.098997467532172e-06,100.0,1.0000030994415283,mlp,embedding
6216,80821,NaN,NaN,NaN,NaN,2.892891870942549e-06,100.0,1.0000028610229492,mlp,embedding
6217,80834,NaN,NaN,NaN,NaN,2.701396397242206e-06,100.0,1.0000027418136597,mlp,embedding
6218,80847,NaN,NaN,NaN,NaN,2.532787675590953e-06,100.0,1.0000025033950806,mlp,embedding
6219,80860,NaN,NaN,NaN,NaN,2.3703014448983595e-06,100.0,1.000002384185791,mlp,embedding
6220,80873,NaN,NaN,NaN,NaN,2.2184142380865524e-06,100.0,1.0000022649765015,mlp,embedding
6221,80886,NaN,NaN,NaN,NaN,2.087216216750676e-06,100.0,1.000002145767212,mlp,embedding
6222,80899,NaN,NaN,NaN,NaN,1.9663227703858865e-06,100.0,1.0000019073486328,mlp,embedding
6223,80912,NaN,NaN,NaN,NaN,1.8492715980755747e-06,100.0,1.0000019073486328,mlp,embedding
6224,80925,NaN,NaN,NaN,NaN,1.753586047925637e-06,100.0,1.0000017881393433,mlp,embedding
6225,80938,NaN,NaN,NaN,NaN,1.6565487612751895e-06,100.0,1.0000016689300537,mlp,embedding
6226,80951,NaN,NaN,NaN,NaN,1.572010319250694e-06,100.0,1.0000015497207642,mlp,embedding
6227,80964,NaN,NaN,NaN,NaN,1.4922435411790502e-06,100.0,1.0000015497207642,mlp,embedding
6228,80977,NaN,NaN,NaN,NaN,1.4213438817023416e-06,100.0,1.0000014305114746,mlp,embedding
6229,80990,NaN,NaN,NaN,NaN,1.355807057734637e-06,100.0,1.000001311302185,mlp,embedding
6230,81003,NaN,NaN,NaN,NaN,1.2935216773257707e-06,100.0,1.000001311302185,mlp,embedding
6231,81016,NaN,NaN,NaN,NaN,1.2341497495071962e-06,100.0,1.0000011920928955,mlp,embedding
6232,81029,NaN,NaN,NaN,NaN,1.1837300917250104e-06,100.0,1.0000011920928955,mlp,embedding
6233,81042,NaN,NaN,NaN,NaN,1.135125899054401e-06,100.0,1.0000011920928955,mlp,embedding
6234,81055,NaN,NaN,NaN,NaN,1.0848328884094371e-06,100.0,1.000001072883606,mlp,embedding
6235,81068,NaN,NaN,NaN,NaN,1.0391845535195898e-06,100.0,1.000001072883606,mlp,embedding
6236,81081,NaN,NaN,NaN,NaN,9.96914536699478e-07,100.0,1.0000009536743164,mlp,embedding
6237,81094,NaN,NaN,NaN,NaN,9.477616913500242e-07,100.0,1.0000009536743164,mlp,embedding
6238,81107,NaN,NaN,NaN,NaN,9.083631198336661e-07,100.0,1.0000009536743164,mlp,embedding
6239,81120,NaN,NaN,NaN,NaN,8.696824806975201e-07,100.0,1.0000008344650269,mlp,embedding
6240,81133,NaN,NaN,NaN,NaN,8.339578130289738e-07,100.0,1.0000008344650269,mlp,embedding
6241,81146,NaN,NaN,NaN,NaN,7.915189712548454e-07,100.0,1.0000008344650269,mlp,embedding
6242,81159,NaN,NaN,NaN,NaN,7.603125595778693e-07,100.0,1.0000007152557373,mlp,embedding
6243,81172,NaN,NaN,NaN,NaN,7.223919169518922e-07,100.0,1.0000007152557373,mlp,embedding
6244,81185,NaN,NaN,NaN,NaN,6.861604902042018e-07,100.0,1.0000007152557373,mlp,embedding
6245,81198,NaN,NaN,NaN,NaN,6.526315132759919e-07,100.0,1.0000005960464478,mlp,embedding
6246,81211,NaN,NaN,NaN,NaN,6.235788418962329e-07,100.0,1.0000005960464478,mlp,embedding
6247,81224,NaN,NaN,NaN,NaN,5.827866971230833e-07,100.0,1.0000005960464478,mlp,embedding
6248,81237,NaN,NaN,NaN,NaN,5.495956543200009e-07,100.0,1.0000005960464478,mlp,embedding
6249,81250,NaN,NaN,NaN,NaN,5.180091875445214e-07,100.0,1.0000004768371582,mlp,embedding
6250,81263,NaN,NaN,NaN,NaN,4.807642426385428e-07,100.0,1.0000004768371582,mlp,embedding
6251,81276,NaN,NaN,NaN,NaN,4.4981123892284813e-07,100.0,1.0000004768371582,mlp,embedding
6252,81289,NaN,NaN,NaN,NaN,4.2185641291325737e-07,100.0,1.0000004768371582,mlp,embedding
6253,81302,NaN,NaN,NaN,NaN,3.896365683431213e-07,100.0,1.0000003576278687,mlp,embedding
6254,81315,NaN,NaN,NaN,NaN,3.632863752045523e-07,100.0,1.0000003576278687,mlp,embedding
6255,81328,NaN,NaN,NaN,NaN,3.4280583349755034e-07,100.0,1.0000003576278687,mlp,embedding
6256,81341,NaN,NaN,NaN,NaN,3.158644688028289e-07,100.0,1.0000003576278687,mlp,embedding
6257,81354,NaN,NaN,NaN,NaN,2.901054472204123e-07,100.0,1.000000238418579,mlp,embedding
6258,81367,NaN,NaN,NaN,NaN,2.769725995221961e-07,100.0,1.000000238418579,mlp,embedding
6259,81380,NaN,NaN,NaN,NaN,2.5737884357113217e-07,100.0,1.000000238418579,mlp,embedding
6260,81393,NaN,NaN,NaN,NaN,2.540850800869521e-07,100.0,1.000000238418579,mlp,embedding
6261,81406,NaN,NaN,NaN,NaN,2.3398460768930818e-07,100.0,1.000000238418579,mlp,embedding
6262,81419,NaN,NaN,NaN,NaN,2.3803843873793085e-07,100.0,1.000000238418579,mlp,embedding
6263,81432,NaN,NaN,NaN,NaN,2.3998097731237067e-07,100.0,1.000000238418579,mlp,embedding
6264,81445,NaN,NaN,NaN,NaN,2.3639154278498609e-07,100.0,1.000000238418579,mlp,embedding
6265,81458,1.43572407296233e-07,100.0,1.0000001192092896,0.001,1.0469464086781954e-06,100.0,1.000001072883606,mlp,embedding
6266,81471,NaN,NaN,NaN,NaN,0.4814235270023346,89.44385528564453,1.618376612663269,mlp,embedding
6267,81484,NaN,NaN,NaN,NaN,0.013599143363535404,99.75203704833984,1.013692021369934,mlp,embedding
6268,81497,NaN,NaN,NaN,NaN,0.0038940696977078915,100.0,1.003901720046997,mlp,embedding
6269,81510,NaN,NaN,NaN,NaN,0.0006905219634063542,100.0,1.0006908178329468,mlp,embedding
6270,81523,NaN,NaN,NaN,NaN,0.0003405826282687485,100.0,1.0003407001495361,mlp,embedding
6271,81536,NaN,NaN,NaN,NaN,0.00023005084949545562,100.0,1.000230073928833,mlp,embedding
6272,81549,NaN,NaN,NaN,NaN,0.0001750760420691222,100.0,1.00017511844635,mlp,embedding
6273,81562,NaN,NaN,NaN,NaN,0.0001443099172320217,100.0,1.000144362449646,mlp,embedding
6274,81575,NaN,NaN,NaN,NaN,0.00012366831651888788,100.0,1.0001236200332642,mlp,embedding
6275,81588,NaN,NaN,NaN,NaN,0.00010910562559729442,100.0,1.000109076499939,mlp,embedding
6276,81601,NaN,NaN,NaN,NaN,9.683497773949057e-05,100.0,1.0000967979431152,mlp,embedding
6277,81614,NaN,NaN,NaN,NaN,8.657757280161604e-05,100.0,1.0000865459442139,mlp,embedding
6278,81627,NaN,NaN,NaN,NaN,7.762109453324229e-05,100.0,1.0000776052474976,mlp,embedding
6279,81640,NaN,NaN,NaN,NaN,6.996602314757183e-05,100.0,1.0000699758529663,mlp,embedding
6280,81653,NaN,NaN,NaN,NaN,6.314050551736727e-05,100.0,1.000063180923462,mlp,embedding
6281,81666,NaN,NaN,NaN,NaN,5.7154506066581234e-05,100.0,1.0000571012496948,mlp,embedding
6282,81679,NaN,NaN,NaN,NaN,5.159178908797912e-05,100.0,1.0000516176223755,mlp,embedding
6283,81692,NaN,NaN,NaN,NaN,4.657823592424393e-05,100.0,1.0000466108322144,mlp,embedding
6284,81705,NaN,NaN,NaN,NaN,4.237068787915632e-05,100.0,1.0000423192977905,mlp,embedding
6285,81718,NaN,NaN,NaN,NaN,3.8376620068447664e-05,100.0,1.0000383853912354,mlp,embedding
6286,81731,NaN,NaN,NaN,NaN,3.477048812783323e-05,100.0,1.0000348091125488,mlp,embedding
6287,81744,NaN,NaN,NaN,NaN,3.167258182656951e-05,100.0,1.0000317096710205,mlp,embedding
6288,81757,NaN,NaN,NaN,NaN,2.8608532375073992e-05,100.0,1.0000286102294922,mlp,embedding
6289,81770,NaN,NaN,NaN,NaN,2.5973848096327856e-05,100.0,1.000025987625122,mlp,embedding
6290,81783,NaN,NaN,NaN,NaN,2.357483572268393e-05,100.0,1.000023603439331,mlp,embedding
6291,81796,NaN,NaN,NaN,NaN,2.1341880710679106e-05,100.0,1.0000213384628296,mlp,embedding
6292,81809,NaN,NaN,NaN,NaN,1.9374496332602575e-05,100.0,1.0000194311141968,mlp,embedding
6293,81822,NaN,NaN,NaN,NaN,1.7634863979765214e-05,100.0,1.0000176429748535,mlp,embedding
6294,81835,NaN,NaN,NaN,NaN,1.602349766471889e-05,100.0,1.0000159740447998,mlp,embedding
6295,81848,NaN,NaN,NaN,NaN,1.4538105460815132e-05,100.0,1.0000145435333252,mlp,embedding
6296,81861,NaN,NaN,NaN,NaN,1.3230313925305381e-05,100.0,1.0000132322311401,mlp,embedding
6297,81874,NaN,NaN,NaN,NaN,1.2028600394842215e-05,100.0,1.0000120401382446,mlp,embedding
6298,81887,NaN,NaN,NaN,NaN,1.0973044481943361e-05,100.0,1.0000109672546387,mlp,embedding
6299,81900,NaN,NaN,NaN,NaN,9.972030056815129e-06,100.0,1.0000100135803223,mlp,embedding
6300,81913,NaN,NaN,NaN,NaN,9.095386303670239e-06,100.0,1.0000090599060059,mlp,embedding
6301,81926,NaN,NaN,NaN,NaN,8.290451660286635e-06,100.0,1.0000083446502686,mlp,embedding
6302,81939,NaN,NaN,NaN,NaN,7.568182809336577e-06,100.0,1.0000075101852417,mlp,embedding
6303,81952,NaN,NaN,NaN,NaN,6.921947715454735e-06,100.0,1.000006914138794,mlp,embedding
6304,81965,NaN,NaN,NaN,NaN,6.352929176500766e-06,100.0,1.0000063180923462,mlp,embedding
6305,81978,NaN,NaN,NaN,NaN,5.832715487485984e-06,100.0,1.000005841255188,mlp,embedding
6306,81991,NaN,NaN,NaN,NaN,5.352868811314693e-06,100.0,1.0000053644180298,mlp,embedding
6307,82004,NaN,NaN,NaN,NaN,4.921152140013874e-06,100.0,1.0000048875808716,mlp,embedding
6308,82017,NaN,NaN,NaN,NaN,4.53685379397939e-06,100.0,1.000004529953003,mlp,embedding
6309,82030,NaN,NaN,NaN,NaN,4.189122137177037e-06,100.0,1.0000041723251343,mlp,embedding
6310,82043,NaN,NaN,NaN,NaN,3.871199623972643e-06,100.0,1.0000038146972656,mlp,embedding
6311,82056,NaN,NaN,NaN,NaN,3.5841007957060356e-06,100.0,1.0000035762786865,mlp,embedding
6312,82069,NaN,NaN,NaN,NaN,3.339099976074067e-06,100.0,1.0000033378601074,mlp,embedding
6313,82082,NaN,NaN,NaN,NaN,3.114791070402134e-06,100.0,1.0000030994415283,mlp,embedding
6314,82095,NaN,NaN,NaN,NaN,2.906781219280674e-06,100.0,1.0000028610229492,mlp,embedding
6315,82108,NaN,NaN,NaN,NaN,2.7250778202869697e-06,100.0,1.0000027418136597,mlp,embedding
6316,82121,NaN,NaN,NaN,NaN,2.5636006739659933e-06,100.0,1.0000026226043701,mlp,embedding
6317,82134,NaN,NaN,NaN,NaN,2.4199014205805724e-06,100.0,1.000002384185791,mlp,embedding
6318,82147,NaN,NaN,NaN,NaN,2.286547442054143e-06,100.0,1.0000022649765015,mlp,embedding
6319,82160,NaN,NaN,NaN,NaN,2.1727448711317265e-06,100.0,1.000002145767212,mlp,embedding
6320,82173,NaN,NaN,NaN,NaN,2.0691604731837288e-06,100.0,1.0000020265579224,mlp,embedding
6321,82186,NaN,NaN,NaN,NaN,1.9721637727343477e-06,100.0,1.0000020265579224,mlp,embedding
6322,82199,NaN,NaN,NaN,NaN,1.8839079984900309e-06,100.0,1.0000019073486328,mlp,embedding
6323,82212,NaN,NaN,NaN,NaN,1.8034223785434733e-06,100.0,1.0000017881393433,mlp,embedding
6324,82225,NaN,NaN,NaN,NaN,1.7294820509050624e-06,100.0,1.0000017881393433,mlp,embedding
6325,82238,NaN,NaN,NaN,NaN,1.6584549484832678e-06,100.0,1.0000016689300537,mlp,embedding
6326,82251,NaN,NaN,NaN,NaN,1.588695113241556e-06,100.0,1.0000015497207642,mlp,embedding
6327,82264,1.0300935855411808e-06,100.0,1.000001072883606,0.001,1.5286894949895213e-06,100.0,1.0000015497207642,mlp,embedding
6328,82277,NaN,NaN,NaN,NaN,1.4709639799548313e-06,100.0,1.0000014305114746,mlp,embedding
6329,82290,NaN,NaN,NaN,NaN,1.4039486586625571e-06,100.0,1.0000014305114746,mlp,embedding
6330,82303,NaN,NaN,NaN,NaN,1.3447876199279563e-06,100.0,1.000001311302185,mlp,embedding
6331,82316,NaN,NaN,NaN,NaN,1.2875268566858722e-06,100.0,1.000001311302185,mlp,embedding
6332,82329,NaN,NaN,NaN,NaN,1.2321239637458348e-06,100.0,1.0000011920928955,mlp,embedding
6333,82342,NaN,NaN,NaN,NaN,1.1757498441511416e-06,100.0,1.0000011920928955,mlp,embedding
6334,82355,NaN,NaN,NaN,NaN,1.1189113138243556e-06,100.0,1.000001072883606,mlp,embedding
6335,82368,NaN,NaN,NaN,NaN,1.0650286412783316e-06,100.0,1.000001072883606,mlp,embedding
6336,82381,NaN,NaN,NaN,NaN,1.0121593732037582e-06,100.0,1.0000009536743164,mlp,embedding
6337,82394,NaN,NaN,NaN,NaN,9.609370863472577e-07,100.0,1.0000009536743164,mlp,embedding
6338,82407,NaN,NaN,NaN,NaN,9.172734962703544e-07,100.0,1.0000009536743164,mlp,embedding
6339,82420,NaN,NaN,NaN,NaN,8.620394851277524e-07,100.0,1.0000008344650269,mlp,embedding
6340,82433,NaN,NaN,NaN,NaN,8.10394908512535e-07,100.0,1.0000008344650269,mlp,embedding
6341,82446,NaN,NaN,NaN,NaN,7.673646678085788e-07,100.0,1.0000007152557373,mlp,embedding
6342,82459,NaN,NaN,NaN,NaN,7.226453817565925e-07,100.0,1.0000007152557373,mlp,embedding
6343,82472,NaN,NaN,NaN,NaN,6.748012424395711e-07,100.0,1.0000007152557373,mlp,embedding
6344,82485,NaN,NaN,NaN,NaN,6.337135687317641e-07,100.0,1.0000005960464478,mlp,embedding
6345,82498,NaN,NaN,NaN,NaN,5.892053991374269e-07,100.0,1.0000005960464478,mlp,embedding
6346,82511,NaN,NaN,NaN,NaN,5.533117359846074e-07,100.0,1.0000005960464478,mlp,embedding
6347,82524,NaN,NaN,NaN,NaN,5.135752871865407e-07,100.0,1.0000004768371582,mlp,embedding
6348,82537,NaN,NaN,NaN,NaN,4.7252981971723784e-07,100.0,1.0000004768371582,mlp,embedding
6349,82550,NaN,NaN,NaN,NaN,4.38409699654585e-07,100.0,1.0000004768371582,mlp,embedding
6350,82563,NaN,NaN,NaN,NaN,4.0200933426604024e-07,100.0,1.0000003576278687,mlp,embedding
6351,82576,NaN,NaN,NaN,NaN,3.729564923560247e-07,100.0,1.0000003576278687,mlp,embedding
6352,82589,NaN,NaN,NaN,NaN,3.4229907441840624e-07,100.0,1.0000003576278687,mlp,embedding
6353,82602,NaN,NaN,NaN,NaN,3.1358413821180875e-07,100.0,1.0000003576278687,mlp,embedding
6354,82615,NaN,NaN,NaN,NaN,2.948349617781787e-07,100.0,1.000000238418579,mlp,embedding
6355,82628,NaN,NaN,NaN,NaN,2.7236976052336104e-07,100.0,1.000000238418579,mlp,embedding
6356,82641,NaN,NaN,NaN,NaN,2.5974361506087007e-07,100.0,1.000000238418579,mlp,embedding
6357,82654,NaN,NaN,NaN,NaN,2.4880660021153744e-07,100.0,1.000000238418579,mlp,embedding
6358,82667,NaN,NaN,NaN,NaN,2.4310583057740587e-07,100.0,1.000000238418579,mlp,embedding
6359,82680,NaN,NaN,NaN,NaN,2.418811959614686e-07,100.0,1.000000238418579,mlp,embedding
6360,82693,NaN,NaN,NaN,NaN,2.347447178863149e-07,100.0,1.000000238418579,mlp,embedding
6361,82706,NaN,NaN,NaN,NaN,2.6894923621512135e-07,100.0,1.000000238418579,mlp,embedding
6362,82719,NaN,NaN,NaN,NaN,2.3056411180277792e-07,100.0,1.000000238418579,mlp,embedding
6363,82732,NaN,NaN,NaN,NaN,0.527052104473114,80.3400650024414,1.6939314603805542,mlp,embedding
6364,82745,NaN,NaN,NaN,NaN,0.06601061671972275,97.48494720458984,1.0682380199432373,mlp,embedding
6365,82758,NaN,NaN,NaN,NaN,0.008836454711854458,99.78746032714844,1.0088756084442139,mlp,embedding
6366,82771,NaN,NaN,NaN,NaN,0.0012609574478119612,100.0,1.0012617111206055,mlp,embedding
6367,82784,NaN,NaN,NaN,NaN,0.0004254835075698793,100.0,1.0004255771636963,mlp,embedding
6368,82797,NaN,NaN,NaN,NaN,0.00023894794867374003,100.0,1.0002390146255493,mlp,embedding
6369,82810,NaN,NaN,NaN,NaN,0.00017002526146825403,100.0,1.0001699924468994,mlp,embedding
6370,82823,NaN,NaN,NaN,NaN,0.0001344070042250678,100.0,1.0001344680786133,mlp,embedding
6371,82836,NaN,NaN,NaN,NaN,0.00011354593152645975,100.0,1.000113606452942,mlp,embedding
6372,82849,NaN,NaN,NaN,NaN,9.857393888523802e-05,100.0,1.0000985860824585,mlp,embedding
6373,82862,NaN,NaN,NaN,NaN,8.687575609656051e-05,100.0,1.0000869035720825,mlp,embedding
6374,82875,NaN,NaN,NaN,NaN,7.773532706778497e-05,100.0,1.000077724456787,mlp,embedding
6375,82888,NaN,NaN,NaN,NaN,6.95040580467321e-05,100.0,1.000069499015808,mlp,embedding
6376,82901,NaN,NaN,NaN,NaN,6.259130168473348e-05,100.0,1.0000625848770142,mlp,embedding
6377,82914,NaN,NaN,NaN,NaN,5.616893758997321e-05,100.0,1.0000561475753784,mlp,embedding
6378,82927,NaN,NaN,NaN,NaN,5.0517886847956106e-05,100.0,1.0000505447387695,mlp,embedding
6379,82940,NaN,NaN,NaN,NaN,4.5735054300166667e-05,100.0,1.0000457763671875,mlp,embedding
6380,82953,NaN,NaN,NaN,NaN,4.117954449611716e-05,100.0,1.000041127204895,mlp,embedding
6381,82966,NaN,NaN,NaN,NaN,3.711074896273203e-05,100.0,1.0000370740890503,mlp,embedding
6382,82979,NaN,NaN,NaN,NaN,3.3598604204598814e-05,100.0,1.0000336170196533,mlp,embedding
6383,82992,NaN,NaN,NaN,NaN,3.0363515179487877e-05,100.0,1.0000303983688354,mlp,embedding
6384,83005,NaN,NaN,NaN,NaN,2.751794454525225e-05,100.0,1.0000275373458862,mlp,embedding
6385,83018,NaN,NaN,NaN,NaN,2.4847240638337098e-05,100.0,1.0000247955322266,mlp,embedding
6386,83031,NaN,NaN,NaN,NaN,2.246241638204083e-05,100.0,1.0000224113464355,mlp,embedding
6387,83044,NaN,NaN,NaN,NaN,2.0337301975814626e-05,100.0,1.0000203847885132,mlp,embedding
6388,83057,NaN,NaN,NaN,NaN,1.8425100279273465e-05,100.0,1.0000184774398804,mlp,embedding
6389,83070,NaN,NaN,NaN,NaN,1.666864955041092e-05,100.0,1.000016689300537,mlp,embedding
6390,83083,1.0409391506982502e-05,100.0,1.000010371208191,0.001,1.5137077753024641e-05,100.0,1.000015139579773,mlp,embedding
6391,83096,NaN,NaN,NaN,NaN,1.3752290215052199e-05,100.0,1.0000137090682983,mlp,embedding
6392,83109,NaN,NaN,NaN,NaN,1.245784733328037e-05,100.0,1.0000125169754028,mlp,embedding
6393,83122,NaN,NaN,NaN,NaN,1.1311470188957173e-05,100.0,1.0000113248825073,mlp,embedding
6394,83135,NaN,NaN,NaN,NaN,1.0283192750648595e-05,100.0,1.0000102519989014,mlp,embedding
6395,83148,NaN,NaN,NaN,NaN,9.357993803860154e-06,100.0,1.0000094175338745,mlp,embedding
6396,83161,NaN,NaN,NaN,NaN,8.52815810503671e-06,100.0,1.0000085830688477,mlp,embedding
6397,83174,NaN,NaN,NaN,NaN,7.769919648126233e-06,100.0,1.0000077486038208,mlp,embedding
6398,83187,NaN,NaN,NaN,NaN,7.101683422661154e-06,100.0,1.000007152557373,mlp,embedding
6399,83200,NaN,NaN,NaN,NaN,6.497582035080995e-06,100.0,1.0000065565109253,mlp,embedding
6400,83213,NaN,NaN,NaN,NaN,5.950816102995304e-06,100.0,1.0000059604644775,mlp,embedding
6401,83226,NaN,NaN,NaN,NaN,5.462143235490657e-06,100.0,1.0000054836273193,mlp,embedding
6402,83239,NaN,NaN,NaN,NaN,5.0192384151159786e-06,100.0,1.0000050067901611,mlp,embedding
6403,83252,NaN,NaN,NaN,NaN,4.609563802659977e-06,100.0,1.0000046491622925,mlp,embedding
6404,83265,NaN,NaN,NaN,NaN,4.242704108037287e-06,100.0,1.0000042915344238,mlp,embedding
6405,83278,NaN,NaN,NaN,NaN,3.911819021595875e-06,100.0,1.0000039339065552,mlp,embedding
6406,83291,NaN,NaN,NaN,NaN,3.614164370446815e-06,100.0,1.0000035762786865,mlp,embedding
6407,83304,NaN,NaN,NaN,NaN,3.35016170538438e-06,100.0,1.0000033378601074,mlp,embedding
6408,83317,NaN,NaN,NaN,NaN,3.1059637422004016e-06,100.0,1.0000030994415283,mlp,embedding
6409,83330,NaN,NaN,NaN,NaN,2.8846932309534168e-06,100.0,1.0000028610229492,mlp,embedding
6410,83343,NaN,NaN,NaN,NaN,2.6871134650718886e-06,100.0,1.0000027418136597,mlp,embedding
6411,83356,NaN,NaN,NaN,NaN,2.5019890017574653e-06,100.0,1.0000025033950806,mlp,embedding
6412,83369,NaN,NaN,NaN,NaN,2.3367533685814124e-06,100.0,1.000002384185791,mlp,embedding
6413,83382,NaN,NaN,NaN,NaN,2.1854109490959672e-06,100.0,1.000002145767212,mlp,embedding
6414,83395,NaN,NaN,NaN,NaN,2.050747298198985e-06,100.0,1.0000020265579224,mlp,embedding
6415,83408,NaN,NaN,NaN,NaN,1.9192511899746023e-06,100.0,1.0000019073486328,mlp,embedding
6416,83421,NaN,NaN,NaN,NaN,1.803252189347404e-06,100.0,1.0000017881393433,mlp,embedding
6417,83434,NaN,NaN,NaN,NaN,1.6927847354963887e-06,100.0,1.0000016689300537,mlp,embedding
6418,83447,NaN,NaN,NaN,NaN,1.5965480315571767e-06,100.0,1.0000015497207642,mlp,embedding
6419,83460,NaN,NaN,NaN,NaN,1.5049141666167998e-06,100.0,1.0000015497207642,mlp,embedding
6420,83473,NaN,NaN,NaN,NaN,1.4183897292241454e-06,100.0,1.0000014305114746,mlp,embedding
6421,83486,NaN,NaN,NaN,NaN,1.3451669929054333e-06,100.0,1.000001311302185,mlp,embedding
6422,83499,NaN,NaN,NaN,NaN,1.2725776059596683e-06,100.0,1.000001311302185,mlp,embedding
6423,83512,NaN,NaN,NaN,NaN,1.2017616199955228e-06,100.0,1.0000011920928955,mlp,embedding
6424,83525,NaN,NaN,NaN,NaN,1.1383357332306332e-06,100.0,1.0000011920928955,mlp,embedding
6425,83538,NaN,NaN,NaN,NaN,1.079343519450049e-06,100.0,1.000001072883606,mlp,embedding
6426,83551,NaN,NaN,NaN,NaN,1.0244052646157797e-06,100.0,1.000001072883606,mlp,embedding
6427,83564,NaN,NaN,NaN,NaN,9.75632133304316e-07,100.0,1.0000009536743164,mlp,embedding
6428,83577,NaN,NaN,NaN,NaN,9.29519387682376e-07,100.0,1.0000009536743164,mlp,embedding
6429,83590,NaN,NaN,NaN,NaN,8.785082741269434e-07,100.0,1.0000008344650269,mlp,embedding
6430,83603,NaN,NaN,NaN,NaN,8.414322110184003e-07,100.0,1.0000008344650269,mlp,embedding
6431,83616,NaN,NaN,NaN,NaN,7.986133141457685e-07,100.0,1.0000008344650269,mlp,embedding
6432,83629,NaN,NaN,NaN,NaN,7.628884759469656e-07,100.0,1.0000007152557373,mlp,embedding
6433,83642,NaN,NaN,NaN,NaN,7.257702918650466e-07,100.0,1.0000007152557373,mlp,embedding
6434,83655,NaN,NaN,NaN,NaN,6.913968491062406e-07,100.0,1.0000007152557373,mlp,embedding
6435,83668,NaN,NaN,NaN,NaN,6.555031291100022e-07,100.0,1.0000005960464478,mlp,embedding
6436,83681,NaN,NaN,NaN,NaN,6.313065341601032e-07,100.0,1.0000005960464478,mlp,embedding
6437,83694,NaN,NaN,NaN,NaN,5.973131464998005e-07,100.0,1.0000005960464478,mlp,embedding
6438,83707,NaN,NaN,NaN,NaN,5.651776859849633e-07,100.0,1.0000005960464478,mlp,embedding
6439,83720,NaN,NaN,NaN,NaN,5.35744959506701e-07,100.0,1.0000004768371582,mlp,embedding
6440,83733,NaN,NaN,NaN,NaN,5.098592623653531e-07,100.0,1.0000004768371582,mlp,embedding
6441,83746,NaN,NaN,NaN,NaN,4.812288239008922e-07,100.0,1.0000004768371582,mlp,embedding
6442,83759,NaN,NaN,NaN,NaN,4.4938900600755005e-07,100.0,1.0000004768371582,mlp,embedding
6443,83772,NaN,NaN,NaN,NaN,4.2346107420598855e-07,100.0,1.0000004768371582,mlp,embedding
6444,83785,NaN,NaN,NaN,NaN,3.890453683652595e-07,100.0,1.0000003576278687,mlp,embedding
6445,83798,NaN,NaN,NaN,NaN,3.702117226112023e-07,100.0,1.0000003576278687,mlp,embedding
6446,83811,NaN,NaN,NaN,NaN,3.485066031316819e-07,100.0,1.0000003576278687,mlp,embedding
6447,83824,NaN,NaN,NaN,NaN,3.1932717092786334e-07,100.0,1.0000003576278687,mlp,embedding
6448,83837,NaN,NaN,NaN,NaN,3.0340723355948285e-07,100.0,1.0000003576278687,mlp,embedding
6449,83850,NaN,NaN,NaN,NaN,2.91498963633785e-07,100.0,1.000000238418579,mlp,embedding
6450,83863,NaN,NaN,NaN,NaN,2.7300319516143645e-07,100.0,1.000000238418579,mlp,embedding
6451,83876,NaN,NaN,NaN,NaN,2.666267846507253e-07,100.0,1.000000238418579,mlp,embedding
6452,83889,NaN,NaN,NaN,NaN,2.561542657986138e-07,100.0,1.000000238418579,mlp,embedding
6453,83902,1.5064968295064318e-07,100.0,1.0000001192092896,0.001,2.539161982895166e-07,100.0,1.000000238418579,mlp,embedding
6454,83915,NaN,NaN,NaN,NaN,2.4829986955410277e-07,100.0,1.000000238418579,mlp,embedding
6455,83928,NaN,NaN,NaN,NaN,2.9006321256019874e-07,100.0,1.000000238418579,mlp,embedding
6456,83941,NaN,NaN,NaN,NaN,0.715936005115509,87.42472076416016,2.0461008548736572,mlp,embedding
6457,83954,NaN,NaN,NaN,NaN,0.08254299312829971,98.12256622314453,1.0860453844070435,mlp,embedding
6458,83967,NaN,NaN,NaN,NaN,0.011300641112029552,99.64576721191406,1.0113646984100342,mlp,embedding
6459,83980,NaN,NaN,NaN,NaN,0.001419663429260254,100.0,1.0014206171035767,mlp,embedding
6460,83993,NaN,NaN,NaN,NaN,0.0005182013264857233,100.0,1.0005183219909668,mlp,embedding
6461,84006,NaN,NaN,NaN,NaN,0.00033962135785259306,100.0,1.0003396272659302,mlp,embedding
6462,84019,NaN,NaN,NaN,NaN,0.00024788014707155526,100.0,1.0002479553222656,mlp,embedding
6463,84032,NaN,NaN,NaN,NaN,0.00020030219457112253,100.0,1.0002002716064453,mlp,embedding
6464,84045,NaN,NaN,NaN,NaN,0.00016680866247043014,100.0,1.0001667737960815,mlp,embedding
6465,84058,NaN,NaN,NaN,NaN,0.0001457700418541208,100.0,1.0001457929611206,mlp,embedding
6466,84071,NaN,NaN,NaN,NaN,0.00012954790145158768,100.0,1.0001295804977417,mlp,embedding
6467,84084,NaN,NaN,NaN,NaN,0.00011609261855483055,100.0,1.0001161098480225,mlp,embedding
6468,84097,NaN,NaN,NaN,NaN,0.00010398922313470393,100.0,1.0001039505004883,mlp,embedding
6469,84110,NaN,NaN,NaN,NaN,9.42949773161672e-05,100.0,1.0000942945480347,mlp,embedding
6470,84123,NaN,NaN,NaN,NaN,8.516993693774566e-05,100.0,1.0000851154327393,mlp,embedding
6471,84136,NaN,NaN,NaN,NaN,7.74759246269241e-05,100.0,1.000077486038208,mlp,embedding
6472,84149,NaN,NaN,NaN,NaN,7.028073014225811e-05,100.0,1.000070333480835,mlp,embedding
6473,84162,NaN,NaN,NaN,NaN,6.384937296388671e-05,100.0,1.0000638961791992,mlp,embedding
6474,84175,NaN,NaN,NaN,NaN,5.813650204800069e-05,100.0,1.0000581741333008,mlp,embedding
6475,84188,NaN,NaN,NaN,NaN,5.267909000394866e-05,100.0,1.0000526905059814,mlp,embedding
6476,84201,NaN,NaN,NaN,NaN,4.777439608005807e-05,100.0,1.0000478029251099,mlp,embedding
6477,84214,NaN,NaN,NaN,NaN,4.34570356446784e-05,100.0,1.000043511390686,mlp,embedding
6478,84227,NaN,NaN,NaN,NaN,3.9445352740585804e-05,100.0,1.0000394582748413,mlp,embedding
6479,84240,NaN,NaN,NaN,NaN,3.5797460441244766e-05,100.0,1.0000357627868652,mlp,embedding
6480,84253,NaN,NaN,NaN,NaN,3.24503707815893e-05,100.0,1.0000324249267578,mlp,embedding
6481,84266,NaN,NaN,NaN,NaN,2.942357969004661e-05,100.0,1.000029444694519,mlp,embedding
6482,84279,NaN,NaN,NaN,NaN,2.6637804694473743e-05,100.0,1.0000265836715698,mlp,embedding
6483,84292,NaN,NaN,NaN,NaN,2.410968045296613e-05,100.0,1.0000240802764893,mlp,embedding
6484,84305,NaN,NaN,NaN,NaN,2.186750316468533e-05,100.0,1.0000218152999878,mlp,embedding
6485,84318,NaN,NaN,NaN,NaN,1.9855990103678778e-05,100.0,1.000019907951355,mlp,embedding
6486,84331,NaN,NaN,NaN,NaN,1.79384951479733e-05,100.0,1.0000178813934326,mlp,embedding
6487,84344,NaN,NaN,NaN,NaN,1.6263258658000268e-05,100.0,1.000016212463379,mlp,embedding
6488,84357,NaN,NaN,NaN,NaN,1.4707906302646734e-05,100.0,1.0000146627426147,mlp,embedding
6489,84370,NaN,NaN,NaN,NaN,1.3326267435331829e-05,100.0,1.0000133514404297,mlp,embedding
6490,84383,NaN,NaN,NaN,NaN,1.206299930345267e-05,100.0,1.0000120401382446,mlp,embedding
6491,84396,NaN,NaN,NaN,NaN,1.0947924238280393e-05,100.0,1.0000109672546387,mlp,embedding
6492,84409,NaN,NaN,NaN,NaN,9.941283678926993e-06,100.0,1.0000098943710327,mlp,embedding
6493,84422,NaN,NaN,NaN,NaN,9.01320618140744e-06,100.0,1.0000090599060059,mlp,embedding
6494,84435,NaN,NaN,NaN,NaN,8.18623539089458e-06,100.0,1.000008225440979,mlp,embedding
6495,84448,NaN,NaN,NaN,NaN,7.418990662699798e-06,100.0,1.0000073909759521,mlp,embedding
6496,84461,NaN,NaN,NaN,NaN,6.762627890566364e-06,100.0,1.0000067949295044,mlp,embedding
6497,84474,NaN,NaN,NaN,NaN,6.165753802633844e-06,100.0,1.0000061988830566,mlp,embedding
6498,84487,NaN,NaN,NaN,NaN,5.632467946270481e-06,100.0,1.0000056028366089,mlp,embedding
6499,84500,NaN,NaN,NaN,NaN,5.1376396186242346e-06,100.0,1.0000051259994507,mlp,embedding
6500,84513,NaN,NaN,NaN,NaN,4.698321390605997e-06,100.0,1.0000046491622925,mlp,embedding
6501,84526,NaN,NaN,NaN,NaN,4.300038199289702e-06,100.0,1.0000042915344238,mlp,embedding
6502,84539,NaN,NaN,NaN,NaN,3.9471351556130685e-06,100.0,1.0000039339065552,mlp,embedding
6503,84552,NaN,NaN,NaN,NaN,3.626272473411518e-06,100.0,1.0000035762786865,mlp,embedding
6504,84565,NaN,NaN,NaN,NaN,3.3336548312945524e-06,100.0,1.0000033378601074,mlp,embedding
6505,84578,NaN,NaN,NaN,NaN,3.0762928417971125e-06,100.0,1.0000030994415283,mlp,embedding
6506,84591,NaN,NaN,NaN,NaN,2.8450647278077668e-06,100.0,1.0000028610229492,mlp,embedding
6507,84604,NaN,NaN,NaN,NaN,2.6350314783485373e-06,100.0,1.0000026226043701,mlp,embedding
6508,84617,NaN,NaN,NaN,NaN,2.4468288302159635e-06,100.0,1.0000025033950806,mlp,embedding
6509,84630,NaN,NaN,NaN,NaN,2.272517576784594e-06,100.0,1.0000022649765015,mlp,embedding
6510,84643,NaN,NaN,NaN,NaN,2.127468633261742e-06,100.0,1.000002145767212,mlp,embedding
6511,84656,NaN,NaN,NaN,NaN,1.986980123547255e-06,100.0,1.0000020265579224,mlp,embedding
6512,84669,NaN,NaN,NaN,NaN,1.865450371951738e-06,100.0,1.0000019073486328,mlp,embedding
6513,84682,NaN,NaN,NaN,NaN,1.7504657989775296e-06,100.0,1.0000017881393433,mlp,embedding
6514,84695,NaN,NaN,NaN,NaN,1.6447711459477432e-06,100.0,1.0000016689300537,mlp,embedding
6515,84708,NaN,NaN,NaN,NaN,1.5558820223304792e-06,100.0,1.0000015497207642,mlp,embedding
6516,84721,NaN,NaN,NaN,NaN,1.4674154726890265e-06,100.0,1.0000014305114746,mlp,embedding
6517,84734,9.237719496013597e-07,100.0,1.0000009536743164,0.001,1.3863808590031113e-06,100.0,1.0000014305114746,mlp,embedding
6518,84747,NaN,NaN,NaN,NaN,1.3183100691094296e-06,100.0,1.000001311302185,mlp,embedding
6519,84760,NaN,NaN,NaN,NaN,1.2487610092648538e-06,100.0,1.0000011920928955,mlp,embedding
6520,84773,NaN,NaN,NaN,NaN,1.1869821037180373e-06,100.0,1.0000011920928955,mlp,embedding
6521,84786,NaN,NaN,NaN,NaN,1.127018776969635e-06,100.0,1.000001072883606,mlp,embedding
6522,84799,NaN,NaN,NaN,NaN,1.0710671176639153e-06,100.0,1.000001072883606,mlp,embedding
6523,84812,NaN,NaN,NaN,NaN,1.0227585107713821e-06,100.0,1.000001072883606,mlp,embedding
6524,84825,NaN,NaN,NaN,NaN,9.729296834848356e-07,100.0,1.0000009536743164,mlp,embedding
6525,84838,NaN,NaN,NaN,NaN,9.217495744451298e-07,100.0,1.0000009536743164,mlp,embedding
6526,84851,NaN,NaN,NaN,NaN,8.842935130815022e-07,100.0,1.0000008344650269,mlp,embedding
6527,84864,NaN,NaN,NaN,NaN,8.39996459944814e-07,100.0,1.0000008344650269,mlp,embedding
6528,84877,NaN,NaN,NaN,NaN,7.989088430804259e-07,100.0,1.0000008344650269,mlp,embedding
6529,84890,NaN,NaN,NaN,NaN,7.562165365015971e-07,100.0,1.0000007152557373,mlp,embedding
6530,84903,NaN,NaN,NaN,NaN,7.161001462918648e-07,100.0,1.0000007152557373,mlp,embedding
6531,84916,NaN,NaN,NaN,NaN,6.761525810361491e-07,100.0,1.0000007152557373,mlp,embedding
6532,84929,NaN,NaN,NaN,NaN,6.362050157804333e-07,100.0,1.0000005960464478,mlp,embedding
6533,84942,NaN,NaN,NaN,NaN,5.991711304886849e-07,100.0,1.0000005960464478,mlp,embedding
6534,84955,NaN,NaN,NaN,NaN,5.647132184094517e-07,100.0,1.0000005960464478,mlp,embedding
6535,84968,NaN,NaN,NaN,NaN,5.272571002024051e-07,100.0,1.0000004768371582,mlp,embedding
6536,84981,NaN,NaN,NaN,NaN,4.929681267640262e-07,100.0,1.0000004768371582,mlp,embedding
6537,84994,NaN,NaN,NaN,NaN,4.588057720411598e-07,100.0,1.0000004768371582,mlp,embedding
6538,85007,NaN,NaN,NaN,NaN,4.2439009462214017e-07,100.0,1.0000004768371582,mlp,embedding
6539,85020,NaN,NaN,NaN,NaN,3.972375850480603e-07,100.0,1.0000003576278687,mlp,embedding
6540,85033,NaN,NaN,NaN,NaN,3.638775467607047e-07,100.0,1.0000003576278687,mlp,embedding
6541,85046,NaN,NaN,NaN,NaN,3.3925871889550763e-07,100.0,1.0000003576278687,mlp,embedding
6542,85059,NaN,NaN,NaN,NaN,3.1366863595394534e-07,100.0,1.0000003576278687,mlp,embedding
6543,85072,NaN,NaN,NaN,NaN,3.008735802723095e-07,100.0,1.0000003576278687,mlp,embedding
6544,85085,NaN,NaN,NaN,NaN,2.8085756298423803e-07,100.0,1.000000238418579,mlp,embedding
6545,85098,NaN,NaN,NaN,NaN,2.6713351530816e-07,100.0,1.000000238418579,mlp,embedding
6546,85111,NaN,NaN,NaN,NaN,2.623617376684706e-07,100.0,1.000000238418579,mlp,embedding
6547,85124,NaN,NaN,NaN,NaN,2.475397877788055e-07,100.0,1.000000238418579,mlp,embedding
6548,85137,NaN,NaN,NaN,NaN,2.462729469243641e-07,100.0,1.000000238418579,mlp,embedding
6549,85150,NaN,NaN,NaN,NaN,2.4690635314073006e-07,100.0,1.000000238418579,mlp,embedding
6550,85163,NaN,NaN,NaN,NaN,3.0636297765340714e-07,100.0,1.0000003576278687,mlp,embedding
6551,85176,NaN,NaN,NaN,NaN,0.3056690990924835,90.54197692871094,1.3575329780578613,mlp,embedding
6552,85189,NaN,NaN,NaN,NaN,0.0219119880348444,99.4332275390625,1.0221538543701172,mlp,embedding
6553,85202,NaN,NaN,NaN,NaN,0.0035089042503386736,100.0,1.0035151243209839,mlp,embedding
6554,85215,NaN,NaN,NaN,NaN,0.0006006380426697433,100.0,1.000600814819336,mlp,embedding
6555,85228,NaN,NaN,NaN,NaN,0.0002443848643451929,100.0,1.000244379043579,mlp,embedding
6556,85241,NaN,NaN,NaN,NaN,0.00012566169607453048,100.0,1.0001256465911865,mlp,embedding
6557,85254,NaN,NaN,NaN,NaN,9.106782090384513e-05,100.0,1.0000910758972168,mlp,embedding
6558,85267,NaN,NaN,NaN,NaN,7.406170334434137e-05,100.0,1.000074028968811,mlp,embedding
6559,85280,NaN,NaN,NaN,NaN,6.301375105977058e-05,100.0,1.0000630617141724,mlp,embedding
6560,85293,NaN,NaN,NaN,NaN,5.543864244828001e-05,100.0,1.0000554323196411,mlp,embedding
6561,85306,NaN,NaN,NaN,NaN,4.916684702038765e-05,100.0,1.000049114227295,mlp,embedding
6562,85319,NaN,NaN,NaN,NaN,4.4168027670821175e-05,100.0,1.0000442266464233,mlp,embedding
6563,85332,NaN,NaN,NaN,NaN,3.958815796067938e-05,100.0,1.0000395774841309,mlp,embedding
6564,85345,NaN,NaN,NaN,NaN,3.554762224666774e-05,100.0,1.0000355243682861,mlp,embedding
6565,85358,NaN,NaN,NaN,NaN,3.2219508284470066e-05,100.0,1.0000321865081787,mlp,embedding
6566,85371,NaN,NaN,NaN,NaN,2.90846419375157e-05,100.0,1.0000290870666504,mlp,embedding
6567,85384,NaN,NaN,NaN,NaN,2.6357565729995258e-05,100.0,1.0000263452529907,mlp,embedding
6568,85397,NaN,NaN,NaN,NaN,2.4011440473259427e-05,100.0,1.0000239610671997,mlp,embedding
6569,85410,NaN,NaN,NaN,NaN,2.1938159989076667e-05,100.0,1.0000219345092773,mlp,embedding
6570,85423,NaN,NaN,NaN,NaN,1.9979623175458983e-05,100.0,1.0000200271606445,mlp,embedding
6571,85436,NaN,NaN,NaN,NaN,1.8255059330840595e-05,100.0,1.0000182390213013,mlp,embedding
6572,85449,NaN,NaN,NaN,NaN,1.6679179680068046e-05,100.0,1.000016689300537,mlp,embedding
6573,85462,NaN,NaN,NaN,NaN,1.5195847481663805e-05,100.0,1.000015139579773,mlp,embedding
6574,85475,NaN,NaN,NaN,NaN,1.3890104128222447e-05,100.0,1.0000139474868774,mlp,embedding
6575,85488,NaN,NaN,NaN,NaN,1.2683825843851082e-05,100.0,1.0000126361846924,mlp,embedding
6576,85501,NaN,NaN,NaN,NaN,1.1583121704461519e-05,100.0,1.0000115633010864,mlp,embedding
6577,85514,NaN,NaN,NaN,NaN,1.056889504980063e-05,100.0,1.00001060962677,mlp,embedding
6578,85527,NaN,NaN,NaN,NaN,9.66486277320655e-06,100.0,1.0000096559524536,mlp,embedding
6579,85540,NaN,NaN,NaN,NaN,8.8705228336039e-06,100.0,1.0000088214874268,mlp,embedding
6580,85553,NaN,NaN,NaN,NaN,8.133408300636802e-06,100.0,1.0000081062316895,mlp,embedding
6581,85566,NaN,NaN,NaN,NaN,7.4702893471112475e-06,100.0,1.0000075101852417,mlp,embedding
6582,85579,4.264547442289768e-06,100.0,1.0000042915344238,0.001,6.8372287387319375e-06,100.0,1.0000067949295044,mlp,embedding
6583,85592,NaN,NaN,NaN,NaN,6.288929398579057e-06,100.0,1.0000063180923462,mlp,embedding
6584,85605,NaN,NaN,NaN,NaN,5.777352725999663e-06,100.0,1.0000057220458984,mlp,embedding
6585,85618,NaN,NaN,NaN,NaN,5.303265425027348e-06,100.0,1.0000052452087402,mlp,embedding
6586,85631,NaN,NaN,NaN,NaN,4.875197191722691e-06,100.0,1.0000048875808716,mlp,embedding
6587,85644,NaN,NaN,NaN,NaN,4.51307687399094e-06,100.0,1.000004529953003,mlp,embedding
6588,85657,NaN,NaN,NaN,NaN,4.162101504334714e-06,100.0,1.0000041723251343,mlp,embedding
6589,85670,NaN,NaN,NaN,NaN,3.847649168164935e-06,100.0,1.0000038146972656,mlp,embedding
6590,85683,NaN,NaN,NaN,NaN,3.5512678095983574e-06,100.0,1.0000035762786865,mlp,embedding
6591,85696,NaN,NaN,NaN,NaN,3.3047515444195597e-06,100.0,1.0000033378601074,mlp,embedding
6592,85709,NaN,NaN,NaN,NaN,3.0631324534624582e-06,100.0,1.0000030994415283,mlp,embedding
6593,85722,NaN,NaN,NaN,NaN,2.852085117410752e-06,100.0,1.0000028610229492,mlp,embedding
6594,85735,NaN,NaN,NaN,NaN,2.6665409222914604e-06,100.0,1.0000026226043701,mlp,embedding
6595,85748,NaN,NaN,NaN,NaN,2.497001105439267e-06,100.0,1.0000025033950806,mlp,embedding
6596,85761,NaN,NaN,NaN,NaN,2.3392831280943938e-06,100.0,1.000002384185791,mlp,embedding
6597,85774,NaN,NaN,NaN,NaN,2.193811496908893e-06,100.0,1.000002145767212,mlp,embedding
6598,85787,NaN,NaN,NaN,NaN,2.069367837975733e-06,100.0,1.0000020265579224,mlp,embedding
6599,85800,NaN,NaN,NaN,NaN,1.9514691302902065e-06,100.0,1.0000019073486328,mlp,embedding
6600,85813,NaN,NaN,NaN,NaN,1.8438740880810656e-06,100.0,1.0000017881393433,mlp,embedding
6601,85826,NaN,NaN,NaN,NaN,1.7442595208194689e-06,100.0,1.0000017881393433,mlp,embedding
6602,85839,NaN,NaN,NaN,NaN,1.653723757044645e-06,100.0,1.0000016689300537,mlp,embedding
6603,85852,NaN,NaN,NaN,NaN,1.5604007330694003e-06,100.0,1.0000015497207642,mlp,embedding
6604,85865,NaN,NaN,NaN,NaN,1.4923723483661888e-06,100.0,1.0000015497207642,mlp,embedding
6605,85878,NaN,NaN,NaN,NaN,1.4205431853042683e-06,100.0,1.0000014305114746,mlp,embedding
6606,85891,NaN,NaN,NaN,NaN,1.3436466588245821e-06,100.0,1.000001311302185,mlp,embedding
6607,85904,NaN,NaN,NaN,NaN,1.2822900998799014e-06,100.0,1.000001311302185,mlp,embedding
6608,85917,NaN,NaN,NaN,NaN,1.217554881804972e-06,100.0,1.0000011920928955,mlp,embedding
6609,85930,NaN,NaN,NaN,NaN,1.1613498145379708e-06,100.0,1.0000011920928955,mlp,embedding
6610,85943,NaN,NaN,NaN,NaN,1.1024843615814461e-06,100.0,1.000001072883606,mlp,embedding
6611,85956,NaN,NaN,NaN,NaN,1.0453078402861138e-06,100.0,1.000001072883606,mlp,embedding
6612,85969,NaN,NaN,NaN,NaN,9.989840918933623e-07,100.0,1.0000009536743164,mlp,embedding
6613,85982,NaN,NaN,NaN,NaN,9.484796237302362e-07,100.0,1.0000009536743164,mlp,embedding
6614,85995,NaN,NaN,NaN,NaN,9.029580496644485e-07,100.0,1.0000009536743164,mlp,embedding
6615,86008,NaN,NaN,NaN,NaN,8.559585467082798e-07,100.0,1.0000008344650269,mlp,embedding
6616,86021,NaN,NaN,NaN,NaN,8.196426506401622e-07,100.0,1.0000008344650269,mlp,embedding
6617,86034,NaN,NaN,NaN,NaN,7.732342055533081e-07,100.0,1.0000007152557373,mlp,embedding
6618,86047,NaN,NaN,NaN,NaN,7.410143325614627e-07,100.0,1.0000007152557373,mlp,embedding
6619,86060,NaN,NaN,NaN,NaN,7.028826303212554e-07,100.0,1.0000007152557373,mlp,embedding
6620,86073,NaN,NaN,NaN,NaN,6.740833100593591e-07,100.0,1.0000007152557373,mlp,embedding
6621,86086,NaN,NaN,NaN,NaN,6.329112238745438e-07,100.0,1.0000005960464478,mlp,embedding
6622,86099,NaN,NaN,NaN,NaN,5.916123768656689e-07,100.0,1.0000005960464478,mlp,embedding
6623,86112,NaN,NaN,NaN,NaN,5.607437856269826e-07,100.0,1.0000005960464478,mlp,embedding
6624,86125,NaN,NaN,NaN,NaN,5.311842414812418e-07,100.0,1.0000004768371582,mlp,embedding
6625,86138,NaN,NaN,NaN,NaN,4.978243168807239e-07,100.0,1.0000004768371582,mlp,embedding
6626,86151,NaN,NaN,NaN,NaN,4.656889132093056e-07,100.0,1.0000004768371582,mlp,embedding
6627,86164,NaN,NaN,NaN,NaN,4.354115219484811e-07,100.0,1.0000004768371582,mlp,embedding
6628,86177,NaN,NaN,NaN,NaN,4.10792694083284e-07,100.0,1.0000003576278687,mlp,embedding
6629,86190,NaN,NaN,NaN,NaN,3.7705265754084394e-07,100.0,1.0000003576278687,mlp,embedding
6630,86203,NaN,NaN,NaN,NaN,3.565721442555514e-07,100.0,1.0000003576278687,mlp,embedding
6631,86216,NaN,NaN,NaN,NaN,3.291240204816859e-07,100.0,1.0000003576278687,mlp,embedding
6632,86229,NaN,NaN,NaN,NaN,3.066165561449452e-07,100.0,1.0000003576278687,mlp,embedding
6633,86242,NaN,NaN,NaN,NaN,2.8909195748383354e-07,100.0,1.000000238418579,mlp,embedding
6634,86255,NaN,NaN,NaN,NaN,2.7013166459255444e-07,100.0,1.000000238418579,mlp,embedding
6635,86268,NaN,NaN,NaN,NaN,2.667534317879472e-07,100.0,1.000000238418579,mlp,embedding
6636,86281,NaN,NaN,NaN,NaN,2.7165185656485846e-07,100.0,1.000000238418579,mlp,embedding
6637,86294,NaN,NaN,NaN,NaN,2.6599332159094047e-07,100.0,1.000000238418579,mlp,embedding
6638,86307,NaN,NaN,NaN,NaN,3.0066226486269443e-07,100.0,1.0000003576278687,mlp,embedding
6639,86320,NaN,NaN,NaN,NaN,3.879894165947917e-07,100.0,1.0000003576278687,mlp,embedding
6640,86333,NaN,NaN,NaN,NaN,0.11948435753583908,96.17427825927734,1.1269155740737915,mlp,embedding
6641,86346,NaN,NaN,NaN,NaN,0.05395856499671936,97.94544982910156,1.055440902709961,mlp,embedding
6642,86359,NaN,NaN,NaN,NaN,0.004919146187603474,99.9645767211914,1.0049312114715576,mlp,embedding
6643,86372,NaN,NaN,NaN,NaN,0.0012349880998954177,100.0,1.0012357234954834,mlp,embedding
6644,86385,NaN,NaN,NaN,NaN,0.00034420203883200884,100.0,1.0003442764282227,mlp,embedding
6645,86398,NaN,NaN,NaN,NaN,0.0002088553737848997,100.0,1.000208854675293,mlp,embedding
6646,86411,NaN,NaN,NaN,NaN,0.0001497294579166919,100.0,1.0001497268676758,mlp,embedding
6647,86424,8.199522562790662e-05,100.0,1.000082015991211,0.001,0.00011724324576789513,100.0,1.000117301940918,mlp,embedding
6648,86437,NaN,NaN,NaN,NaN,9.80781260295771e-05,100.0,1.0000981092453003,mlp,embedding
6649,86450,NaN,NaN,NaN,NaN,8.406817505601794e-05,100.0,1.0000840425491333,mlp,embedding
6650,86463,NaN,NaN,NaN,NaN,7.387190998997539e-05,100.0,1.0000739097595215,mlp,embedding
6651,86476,NaN,NaN,NaN,NaN,6.545192445628345e-05,100.0,1.0000654458999634,mlp,embedding
6652,86489,NaN,NaN,NaN,NaN,5.8495006669545546e-05,100.0,1.0000585317611694,mlp,embedding
6653,86502,NaN,NaN,NaN,NaN,5.266457810648717e-05,100.0,1.0000526905059814,mlp,embedding
6654,86515,NaN,NaN,NaN,NaN,4.7723664465593174e-05,100.0,1.0000476837158203,mlp,embedding
6655,86528,NaN,NaN,NaN,NaN,4.308884672354907e-05,100.0,1.0000430345535278,mlp,embedding
6656,86541,NaN,NaN,NaN,NaN,3.891828964697197e-05,100.0,1.0000388622283936,mlp,embedding
6657,86554,NaN,NaN,NaN,NaN,3.5387791285756975e-05,100.0,1.0000354051589966,mlp,embedding
6658,86567,NaN,NaN,NaN,NaN,3.20371582347434e-05,100.0,1.0000320672988892,mlp,embedding
6659,86580,NaN,NaN,NaN,NaN,2.911683259299025e-05,100.0,1.0000290870666504,mlp,embedding
6660,86593,NaN,NaN,NaN,NaN,2.6417337721795775e-05,100.0,1.0000264644622803,mlp,embedding
6661,86606,NaN,NaN,NaN,NaN,2.4022328943829052e-05,100.0,1.0000240802764893,mlp,embedding
6662,86619,NaN,NaN,NaN,NaN,2.182923890359234e-05,100.0,1.0000218152999878,mlp,embedding
6663,86632,NaN,NaN,NaN,NaN,1.98472298507113e-05,100.0,1.0000197887420654,mlp,embedding
6664,86645,NaN,NaN,NaN,NaN,1.807921944418922e-05,100.0,1.0000181198120117,mlp,embedding
6665,86658,NaN,NaN,NaN,NaN,1.640772825339809e-05,100.0,1.000016450881958,mlp,embedding
6666,86671,NaN,NaN,NaN,NaN,1.4906877368048299e-05,100.0,1.0000149011611938,mlp,embedding
6667,86684,NaN,NaN,NaN,NaN,1.3595476957561914e-05,100.0,1.0000135898590088,mlp,embedding
6668,86697,NaN,NaN,NaN,NaN,1.2368305760901421e-05,100.0,1.0000123977661133,mlp,embedding
6669,86710,NaN,NaN,NaN,NaN,1.1263650776527356e-05,100.0,1.0000112056732178,mlp,embedding
6670,86723,NaN,NaN,NaN,NaN,1.0280667993356474e-05,100.0,1.0000102519989014,mlp,embedding
6671,86736,NaN,NaN,NaN,NaN,9.363823664898518e-06,100.0,1.0000094175338745,mlp,embedding
6672,86749,NaN,NaN,NaN,NaN,8.54707195685478e-06,100.0,1.0000085830688477,mlp,embedding
6673,86762,NaN,NaN,NaN,NaN,7.812458534317557e-06,100.0,1.0000078678131104,mlp,embedding
6674,86775,NaN,NaN,NaN,NaN,7.165859187807655e-06,100.0,1.000007152557373,mlp,embedding
6675,86788,NaN,NaN,NaN,NaN,6.563586794072762e-06,100.0,1.0000065565109253,mlp,embedding
6676,86801,NaN,NaN,NaN,NaN,6.027761173754698e-06,100.0,1.000006079673767,mlp,embedding
6677,86814,NaN,NaN,NaN,NaN,5.549908109969692e-06,100.0,1.0000056028366089,mlp,embedding
6678,86827,NaN,NaN,NaN,NaN,5.113935912959278e-06,100.0,1.0000051259994507,mlp,embedding
6679,86840,NaN,NaN,NaN,NaN,4.713643193099415e-06,100.0,1.000004768371582,mlp,embedding
6680,86853,NaN,NaN,NaN,NaN,4.352191353973467e-06,100.0,1.0000044107437134,mlp,embedding
6681,86866,NaN,NaN,NaN,NaN,4.0211816667579114e-06,100.0,1.0000040531158447,mlp,embedding
6682,86879,NaN,NaN,NaN,NaN,3.7323127344279783e-06,100.0,1.000003695487976,mlp,embedding
6683,86892,NaN,NaN,NaN,NaN,3.4554757348814746e-06,100.0,1.000003457069397,mlp,embedding
6684,86905,NaN,NaN,NaN,NaN,3.2084492431749823e-06,100.0,1.0000032186508179,mlp,embedding
6685,86918,NaN,NaN,NaN,NaN,2.9884472496632952e-06,100.0,1.0000029802322388,mlp,embedding
6686,86931,NaN,NaN,NaN,NaN,2.78174547929666e-06,100.0,1.0000027418136597,mlp,embedding
6687,86944,NaN,NaN,NaN,NaN,2.5909630494425073e-06,100.0,1.0000026226043701,mlp,embedding
6688,86957,NaN,NaN,NaN,NaN,2.4265298179670935e-06,100.0,1.000002384185791,mlp,embedding
6689,86970,NaN,NaN,NaN,NaN,2.2566921416000696e-06,100.0,1.0000022649765015,mlp,embedding
6690,86983,NaN,NaN,NaN,NaN,2.1105427094880724e-06,100.0,1.000002145767212,mlp,embedding
6691,86996,NaN,NaN,NaN,NaN,1.98225552594522e-06,100.0,1.0000020265579224,mlp,embedding
6692,87009,NaN,NaN,NaN,NaN,1.8478452830095193e-06,100.0,1.0000019073486328,mlp,embedding
6693,87022,NaN,NaN,NaN,NaN,1.7340843214697088e-06,100.0,1.0000017881393433,mlp,embedding
6694,87035,NaN,NaN,NaN,NaN,1.6304995824611979e-06,100.0,1.0000016689300537,mlp,embedding
6695,87048,NaN,NaN,NaN,NaN,1.531137854726694e-06,100.0,1.0000015497207642,mlp,embedding
6696,87061,NaN,NaN,NaN,NaN,1.437857008568244e-06,100.0,1.0000014305114746,mlp,embedding
6697,87074,NaN,NaN,NaN,NaN,1.3513747489923844e-06,100.0,1.000001311302185,mlp,embedding
6698,87087,NaN,NaN,NaN,NaN,1.2828813851228915e-06,100.0,1.000001311302185,mlp,embedding
6699,87100,NaN,NaN,NaN,NaN,1.2002839184788172e-06,100.0,1.0000011920928955,mlp,embedding
6700,87113,NaN,NaN,NaN,NaN,1.1366466878826031e-06,100.0,1.0000011920928955,mlp,embedding
6701,87126,NaN,NaN,NaN,NaN,1.071531528396008e-06,100.0,1.000001072883606,mlp,embedding
6702,87139,NaN,NaN,NaN,NaN,1.0123283118446125e-06,100.0,1.0000009536743164,mlp,embedding
6703,87152,NaN,NaN,NaN,NaN,9.60979036790377e-07,100.0,1.0000009536743164,mlp,embedding
6704,87165,NaN,NaN,NaN,NaN,9.08869992599648e-07,100.0,1.0000009536743164,mlp,embedding
6705,87178,NaN,NaN,NaN,NaN,8.615326123617706e-07,100.0,1.0000008344650269,mlp,embedding
6706,87191,NaN,NaN,NaN,NaN,8.162643894138455e-07,100.0,1.0000008344650269,mlp,embedding
6707,87204,NaN,NaN,NaN,NaN,7.704472295699816e-07,100.0,1.0000007152557373,mlp,embedding
6708,87217,NaN,NaN,NaN,NaN,7.30795250092342e-07,100.0,1.0000007152557373,mlp,embedding
6709,87230,NaN,NaN,NaN,NaN,6.886941719130846e-07,100.0,1.0000007152557373,mlp,embedding
6710,87243,NaN,NaN,NaN,NaN,6.53645088277699e-07,100.0,1.0000005960464478,mlp,embedding
6711,87256,NaN,NaN,NaN,NaN,6.164845558487286e-07,100.0,1.0000005960464478,mlp,embedding
6712,87269,NaN,NaN,NaN,NaN,5.798730740025348e-07,100.0,1.0000005960464478,mlp,embedding
6713,87282,3.58261360133838e-07,100.0,1.0000003576278687,0.001,5.476109663504758e-07,100.0,1.0000005960464478,mlp,embedding
6714,87295,NaN,NaN,NaN,NaN,5.121395929563732e-07,100.0,1.0000004768371582,mlp,embedding
6715,87308,NaN,NaN,NaN,NaN,4.832979243474256e-07,100.0,1.0000004768371582,mlp,embedding
6716,87321,NaN,NaN,NaN,NaN,4.5040243890070997e-07,100.0,1.0000004768371582,mlp,embedding
6717,87334,NaN,NaN,NaN,NaN,4.251923542142322e-07,100.0,1.0000004768371582,mlp,embedding
6718,87347,NaN,NaN,NaN,NaN,3.942393220768281e-07,100.0,1.0000003576278687,mlp,embedding
6719,87360,NaN,NaN,NaN,NaN,3.635396979007055e-07,100.0,1.0000003576278687,mlp,embedding
6720,87373,NaN,NaN,NaN,NaN,3.3858304959721863e-07,100.0,1.0000003576278687,mlp,embedding
6721,87386,NaN,NaN,NaN,NaN,3.2675922057023854e-07,100.0,1.0000003576278687,mlp,embedding
6722,87399,NaN,NaN,NaN,NaN,2.979175803830003e-07,100.0,1.000000238418579,mlp,embedding
6723,87412,NaN,NaN,NaN,NaN,2.8212434699526057e-07,100.0,1.000000238418579,mlp,embedding
6724,87425,NaN,NaN,NaN,NaN,2.7177853212378977e-07,100.0,1.000000238418579,mlp,embedding
6725,87438,NaN,NaN,NaN,NaN,2.5927909064193955e-07,100.0,1.000000238418579,mlp,embedding
6726,87451,NaN,NaN,NaN,NaN,2.5860342134365055e-07,100.0,1.000000238418579,mlp,embedding
6727,87464,NaN,NaN,NaN,NaN,2.4601948211966373e-07,100.0,1.000000238418579,mlp,embedding
6728,87477,NaN,NaN,NaN,NaN,2.540427601616102e-07,100.0,1.000000238418579,mlp,embedding
6729,87490,NaN,NaN,NaN,NaN,2.3668717119562643e-07,100.0,1.000000238418579,mlp,embedding
6730,87503,NaN,NaN,NaN,NaN,2.917522010648099e-07,100.0,1.000000238418579,mlp,embedding
6731,87516,NaN,NaN,NaN,NaN,1.3762485980987549,78.6751708984375,3.9600181579589844,mlp,embedding
6732,87529,NaN,NaN,NaN,NaN,0.09241800755262375,97.09529113769531,1.0968232154846191,mlp,embedding
6733,87542,NaN,NaN,NaN,NaN,0.00322804506868124,100.0,1.0032333135604858,mlp,embedding
6734,87555,NaN,NaN,NaN,NaN,0.001955741550773382,100.0,1.001957654953003,mlp,embedding
6735,87568,NaN,NaN,NaN,NaN,0.0006184822996146977,100.0,1.0006186962127686,mlp,embedding
6736,87581,NaN,NaN,NaN,NaN,0.0003095474967267364,100.0,1.0003095865249634,mlp,embedding
6737,87594,NaN,NaN,NaN,NaN,0.0002010969037655741,100.0,1.0002011060714722,mlp,embedding
6738,87607,NaN,NaN,NaN,NaN,0.0001541535893920809,100.0,1.0001541376113892,mlp,embedding
6739,87620,NaN,NaN,NaN,NaN,0.0001277280825888738,100.0,1.0001277923583984,mlp,embedding
6740,87633,NaN,NaN,NaN,NaN,0.00011031330359401181,100.0,1.0001102685928345,mlp,embedding
6741,87646,NaN,NaN,NaN,NaN,9.728646546136588e-05,100.0,1.0000972747802734,mlp,embedding
6742,87659,NaN,NaN,NaN,NaN,8.640182204544544e-05,100.0,1.0000864267349243,mlp,embedding
6743,87672,NaN,NaN,NaN,NaN,7.755783008178696e-05,100.0,1.0000776052474976,mlp,embedding
6744,87685,NaN,NaN,NaN,NaN,6.946518260519952e-05,100.0,1.000069499015808,mlp,embedding
6745,87698,NaN,NaN,NaN,NaN,6.256779306568205e-05,100.0,1.0000625848770142,mlp,embedding
6746,87711,NaN,NaN,NaN,NaN,5.646263889502734e-05,100.0,1.000056505203247,mlp,embedding
6747,87724,NaN,NaN,NaN,NaN,5.106832759338431e-05,100.0,1.0000510215759277,mlp,embedding
6748,87737,NaN,NaN,NaN,NaN,4.616059231921099e-05,100.0,1.0000461339950562,mlp,embedding
6749,87750,NaN,NaN,NaN,NaN,4.184796489425935e-05,100.0,1.0000418424606323,mlp,embedding
6750,87763,NaN,NaN,NaN,NaN,3.786577872233465e-05,100.0,1.0000379085540771,mlp,embedding
6751,87776,NaN,NaN,NaN,NaN,3.42459898092784e-05,100.0,1.000034213066101,mlp,embedding
6752,87789,NaN,NaN,NaN,NaN,3.112267950200476e-05,100.0,1.0000311136245728,mlp,embedding
6753,87802,NaN,NaN,NaN,NaN,2.821109774231445e-05,100.0,1.0000282526016235,mlp,embedding
6754,87815,NaN,NaN,NaN,NaN,2.5664699933258817e-05,100.0,1.0000256299972534,mlp,embedding
6755,87828,NaN,NaN,NaN,NaN,2.3378082914859988e-05,100.0,1.000023365020752,mlp,embedding
6756,87841,NaN,NaN,NaN,NaN,2.1208184989518486e-05,100.0,1.00002121925354,mlp,embedding
6757,87854,NaN,NaN,NaN,NaN,1.9311619325890206e-05,100.0,1.0000193119049072,mlp,embedding
6758,87867,NaN,NaN,NaN,NaN,1.7589332856005058e-05,100.0,1.0000176429748535,mlp,embedding
6759,87880,NaN,NaN,NaN,NaN,1.6063304428826086e-05,100.0,1.0000160932540894,mlp,embedding
6760,87893,NaN,NaN,NaN,NaN,1.4688825103803538e-05,100.0,1.0000146627426147,mlp,embedding
6761,87906,NaN,NaN,NaN,NaN,1.3459456567943562e-05,100.0,1.0000134706497192,mlp,embedding
6762,87919,NaN,NaN,NaN,NaN,1.233204147865763e-05,100.0,1.0000122785568237,mlp,embedding
6763,87932,NaN,NaN,NaN,NaN,1.1303610335744452e-05,100.0,1.0000113248825073,mlp,embedding
6764,87945,NaN,NaN,NaN,NaN,1.039956168824574e-05,100.0,1.000010371208191,mlp,embedding
6765,87958,NaN,NaN,NaN,NaN,9.574880095897242e-06,100.0,1.000009536743164,mlp,embedding
6766,87971,NaN,NaN,NaN,NaN,8.843677278491668e-06,100.0,1.0000088214874268,mlp,embedding
6767,87984,NaN,NaN,NaN,NaN,8.169005013769493e-06,100.0,1.000008225440979,mlp,embedding
6768,87997,NaN,NaN,NaN,NaN,7.5707544056058396e-06,100.0,1.0000076293945312,mlp,embedding
6769,88010,NaN,NaN,NaN,NaN,7.015949449851178e-06,100.0,1.0000070333480835,mlp,embedding
6770,88023,NaN,NaN,NaN,NaN,6.52313110549585e-06,100.0,1.0000065565109253,mlp,embedding
6771,88036,NaN,NaN,NaN,NaN,6.07055108048371e-06,100.0,1.000006079673767,mlp,embedding
6772,88049,NaN,NaN,NaN,NaN,5.666318429575767e-06,100.0,1.0000057220458984,mlp,embedding
6773,88062,NaN,NaN,NaN,NaN,5.283322934701573e-06,100.0,1.0000052452087402,mlp,embedding
6774,88075,NaN,NaN,NaN,NaN,4.935121978633106e-06,100.0,1.0000048875808716,mlp,embedding
6775,88088,NaN,NaN,NaN,NaN,4.617323156708153e-06,100.0,1.0000046491622925,mlp,embedding
6776,88101,NaN,NaN,NaN,NaN,4.326801445131423e-06,100.0,1.0000042915344238,mlp,embedding
6777,88114,NaN,NaN,NaN,NaN,4.050511051900685e-06,100.0,1.0000040531158447,mlp,embedding
6778,88127,NaN,NaN,NaN,NaN,3.795670409090235e-06,100.0,1.0000038146972656,mlp,embedding
6779,88140,NaN,NaN,NaN,NaN,3.5498246688803192e-06,100.0,1.0000035762786865,mlp,embedding
6780,88153,2.3898803647171007e-06,100.0,1.000002384185791,0.001,3.322599241073476e-06,100.0,1.0000033378601074,mlp,embedding
6781,88166,NaN,NaN,NaN,NaN,3.1178383324004244e-06,100.0,1.0000030994415283,mlp,embedding
6782,88179,NaN,NaN,NaN,NaN,2.914894139394164e-06,100.0,1.0000028610229492,mlp,embedding
6783,88192,NaN,NaN,NaN,NaN,2.726517550399876e-06,100.0,1.0000027418136597,mlp,embedding
6784,88205,NaN,NaN,NaN,NaN,2.5478109364485135e-06,100.0,1.0000025033950806,mlp,embedding
6785,88218,NaN,NaN,NaN,NaN,2.382533011768828e-06,100.0,1.000002384185791,mlp,embedding
6786,88231,NaN,NaN,NaN,NaN,2.2181829990586266e-06,100.0,1.0000022649765015,mlp,embedding
6787,88244,NaN,NaN,NaN,NaN,2.07452444556111e-06,100.0,1.0000020265579224,mlp,embedding
6788,88257,NaN,NaN,NaN,NaN,1.9314995824970538e-06,100.0,1.0000019073486328,mlp,embedding
6789,88270,NaN,NaN,NaN,NaN,1.8024518340098439e-06,100.0,1.0000017881393433,mlp,embedding
6790,88283,NaN,NaN,NaN,NaN,1.6743327932999819e-06,100.0,1.0000016689300537,mlp,embedding
6791,88296,NaN,NaN,NaN,NaN,1.5598534446326084e-06,100.0,1.0000015497207642,mlp,embedding
6792,88309,NaN,NaN,NaN,NaN,1.452721676287183e-06,100.0,1.0000014305114746,mlp,embedding
6793,88322,NaN,NaN,NaN,NaN,1.354120058749686e-06,100.0,1.000001311302185,mlp,embedding
6794,88335,NaN,NaN,NaN,NaN,1.2667508144659223e-06,100.0,1.000001311302185,mlp,embedding
6795,88348,NaN,NaN,NaN,NaN,1.183646531899285e-06,100.0,1.0000011920928955,mlp,embedding
6796,88361,NaN,NaN,NaN,NaN,1.1057785513912677e-06,100.0,1.000001072883606,mlp,embedding
6797,88374,NaN,NaN,NaN,NaN,1.0362292641730164e-06,100.0,1.000001072883606,mlp,embedding
6798,88387,NaN,NaN,NaN,NaN,9.730987358125276e-07,100.0,1.0000009536743164,mlp,embedding
6799,88400,NaN,NaN,NaN,NaN,9.152888651442481e-07,100.0,1.0000009536743164,mlp,embedding
6800,88413,NaN,NaN,NaN,NaN,8.595902727392968e-07,100.0,1.0000008344650269,mlp,embedding
6801,88426,NaN,NaN,NaN,NaN,8.08832453458308e-07,100.0,1.0000008344650269,mlp,embedding
6802,88439,NaN,NaN,NaN,NaN,7.609461363244918e-07,100.0,1.0000007152557373,mlp,embedding
6803,88452,NaN,NaN,NaN,NaN,7.171980769271613e-07,100.0,1.0000007152557373,mlp,embedding
6804,88465,NaN,NaN,NaN,NaN,6.750968850610661e-07,100.0,1.0000007152557373,mlp,embedding
6805,88478,NaN,NaN,NaN,NaN,6.371340646182944e-07,100.0,1.0000005960464478,mlp,embedding
6806,88491,NaN,NaN,NaN,NaN,5.975243198008684e-07,100.0,1.0000005960464478,mlp,embedding
6807,88504,NaN,NaN,NaN,NaN,5.641643383569317e-07,100.0,1.0000005960464478,mlp,embedding
6808,88517,NaN,NaN,NaN,NaN,5.287773774398374e-07,100.0,1.0000004768371582,mlp,embedding
6809,88530,NaN,NaN,NaN,NaN,4.937704716212465e-07,100.0,1.0000004768371582,mlp,embedding
6810,88543,NaN,NaN,NaN,NaN,4.6784253981968504e-07,100.0,1.0000004768371582,mlp,embedding
6811,88556,NaN,NaN,NaN,NaN,4.322022562064376e-07,100.0,1.0000004768371582,mlp,embedding
6812,88569,NaN,NaN,NaN,NaN,4.074144897003862e-07,100.0,1.0000003576278687,mlp,embedding
6813,88582,NaN,NaN,NaN,NaN,3.7747491887785145e-07,100.0,1.0000003576278687,mlp,embedding
6814,88595,NaN,NaN,NaN,NaN,3.544607238836761e-07,100.0,1.0000003576278687,mlp,embedding
6815,88608,NaN,NaN,NaN,NaN,3.305175368950586e-07,100.0,1.0000003576278687,mlp,embedding
6816,88621,NaN,NaN,NaN,NaN,3.0889685831425595e-07,100.0,1.0000003576278687,mlp,embedding
6817,88634,NaN,NaN,NaN,NaN,2.9821319458278595e-07,100.0,1.0000003576278687,mlp,embedding
6818,88647,NaN,NaN,NaN,NaN,2.7954848746958305e-07,100.0,1.000000238418579,mlp,embedding
6819,88660,NaN,NaN,NaN,NaN,2.6383969498056103e-07,100.0,1.000000238418579,mlp,embedding
6820,88673,NaN,NaN,NaN,NaN,2.521425699342217e-07,100.0,1.000000238418579,mlp,embedding
6821,88686,NaN,NaN,NaN,NaN,2.4048770796980534e-07,100.0,1.000000238418579,mlp,embedding
6822,88699,NaN,NaN,NaN,NaN,2.3888304667707416e-07,100.0,1.000000238418579,mlp,embedding
6823,88712,NaN,NaN,NaN,NaN,2.350825525354594e-07,100.0,1.000000238418579,mlp,embedding
6824,88725,NaN,NaN,NaN,NaN,2.4382373453590844e-07,100.0,1.000000238418579,mlp,embedding
6825,88738,NaN,NaN,NaN,NaN,2.8368677362777817e-07,100.0,1.000000238418579,mlp,embedding
6826,88751,NaN,NaN,NaN,NaN,0.4462631642818451,88.55827331542969,1.562462568283081,mlp,embedding
6827,88764,NaN,NaN,NaN,NaN,0.026073314249515533,99.32695770263672,1.0264161825180054,mlp,embedding
6828,88777,NaN,NaN,NaN,NaN,0.006527228280901909,99.89373016357422,1.006548523902893,mlp,embedding
6829,88790,NaN,NaN,NaN,NaN,0.00039210799150168896,100.0,1.000392198562622,mlp,embedding
6830,88803,NaN,NaN,NaN,NaN,0.00020374666200950742,100.0,1.0002037286758423,mlp,embedding
6831,88816,NaN,NaN,NaN,NaN,0.00015512833488173783,100.0,1.0001550912857056,mlp,embedding
6832,88829,NaN,NaN,NaN,NaN,0.00012796855298802257,100.0,1.0001280307769775,mlp,embedding
6833,88842,NaN,NaN,NaN,NaN,0.00011026395077351481,100.0,1.0001102685928345,mlp,embedding
6834,88855,NaN,NaN,NaN,NaN,9.786925511434674e-05,100.0,1.0000978708267212,mlp,embedding
6835,88868,NaN,NaN,NaN,NaN,8.795348549028859e-05,100.0,1.0000879764556885,mlp,embedding
6836,88881,NaN,NaN,NaN,NaN,8.009113662410527e-05,100.0,1.0000801086425781,mlp,embedding
6837,88894,NaN,NaN,NaN,NaN,7.269359775818884e-05,100.0,1.000072717666626,mlp,embedding
6838,88907,NaN,NaN,NaN,NaN,6.65579573251307e-05,100.0,1.0000665187835693,mlp,embedding
6839,88920,NaN,NaN,NaN,NaN,6.058067810954526e-05,100.0,1.0000605583190918,mlp,embedding
6840,88933,NaN,NaN,NaN,NaN,5.513022551895119e-05,100.0,1.0000550746917725,mlp,embedding
6841,88946,NaN,NaN,NaN,NaN,5.053466884419322e-05,100.0,1.0000505447387695,mlp,embedding
6842,88959,NaN,NaN,NaN,NaN,4.615991929313168e-05,100.0,1.0000461339950562,mlp,embedding
6843,88972,NaN,NaN,NaN,NaN,4.2298204789403826e-05,100.0,1.0000423192977905,mlp,embedding
6844,88985,NaN,NaN,NaN,NaN,3.8742196920793504e-05,100.0,1.000038743019104,mlp,embedding
6845,88998,NaN,NaN,NaN,NaN,3.534496499923989e-05,100.0,1.0000354051589966,mlp,embedding
6846,89011,NaN,NaN,NaN,NaN,3.2342963095288724e-05,100.0,1.0000323057174683,mlp,embedding
6847,89024,2.1689860659535043e-05,100.0,1.0000216960906982,0.001,2.948533438029699e-05,100.0,1.000029444694519,mlp,embedding
6848,89037,NaN,NaN,NaN,NaN,2.690452129172627e-05,100.0,1.0000269412994385,mlp,embedding
6849,89050,NaN,NaN,NaN,NaN,2.4574783310526982e-05,100.0,1.0000245571136475,mlp,embedding
6850,89063,NaN,NaN,NaN,NaN,2.242956543341279e-05,100.0,1.0000224113464355,mlp,embedding
6851,89076,NaN,NaN,NaN,NaN,2.043130371021107e-05,100.0,1.0000203847885132,mlp,embedding
6852,89089,NaN,NaN,NaN,NaN,1.8625269149197266e-05,100.0,1.00001859664917,mlp,embedding
6853,89102,NaN,NaN,NaN,NaN,1.696491744951345e-05,100.0,1.0000169277191162,mlp,embedding
6854,89115,NaN,NaN,NaN,NaN,1.5492340025957674e-05,100.0,1.0000154972076416,mlp,embedding
6855,89128,NaN,NaN,NaN,NaN,1.4116312740952708e-05,100.0,1.000014066696167,mlp,embedding
6856,89141,NaN,NaN,NaN,NaN,1.2879534551757388e-05,100.0,1.0000128746032715,mlp,embedding
6857,89154,NaN,NaN,NaN,NaN,1.1743599316105247e-05,100.0,1.0000118017196655,mlp,embedding
6858,89167,NaN,NaN,NaN,NaN,1.0711594768508803e-05,100.0,1.0000107288360596,mlp,embedding
6859,89180,NaN,NaN,NaN,NaN,9.785854672372807e-06,100.0,1.0000097751617432,mlp,embedding
6860,89193,NaN,NaN,NaN,NaN,8.94222830538638e-06,100.0,1.0000089406967163,mlp,embedding
6861,89206,NaN,NaN,NaN,NaN,8.148413144226652e-06,100.0,1.0000081062316895,mlp,embedding
6862,89219,NaN,NaN,NaN,NaN,7.424047453241656e-06,100.0,1.0000073909759521,mlp,embedding
6863,89232,NaN,NaN,NaN,NaN,6.7717537604039535e-06,100.0,1.0000067949295044,mlp,embedding
6864,89245,NaN,NaN,NaN,NaN,6.197446055011824e-06,100.0,1.0000061988830566,mlp,embedding
6865,89258,NaN,NaN,NaN,NaN,5.669792244589189e-06,100.0,1.0000057220458984,mlp,embedding
6866,89271,NaN,NaN,NaN,NaN,5.1986767175549176e-06,100.0,1.0000052452087402,mlp,embedding
6867,89284,NaN,NaN,NaN,NaN,4.763196557178162e-06,100.0,1.000004768371582,mlp,embedding
6868,89297,NaN,NaN,NaN,NaN,4.377922323328676e-06,100.0,1.0000044107437134,mlp,embedding
6869,89310,NaN,NaN,NaN,NaN,4.009158601547824e-06,100.0,1.0000040531158447,mlp,embedding
6870,89323,NaN,NaN,NaN,NaN,3.6880242078041192e-06,100.0,1.000003695487976,mlp,embedding
6871,89336,NaN,NaN,NaN,NaN,3.394420446056756e-06,100.0,1.0000033378601074,mlp,embedding
6872,89349,NaN,NaN,NaN,NaN,3.124419890809804e-06,100.0,1.0000030994415283,mlp,embedding
6873,89362,NaN,NaN,NaN,NaN,2.888794142563711e-06,100.0,1.0000028610229492,mlp,embedding
6874,89375,NaN,NaN,NaN,NaN,2.675039468158502e-06,100.0,1.0000026226043701,mlp,embedding
6875,89388,NaN,NaN,NaN,NaN,2.4764867703197524e-06,100.0,1.0000025033950806,mlp,embedding
6876,89401,NaN,NaN,NaN,NaN,2.2982442260399694e-06,100.0,1.0000022649765015,mlp,embedding
6877,89414,NaN,NaN,NaN,NaN,2.1359639958973275e-06,100.0,1.000002145767212,mlp,embedding
6878,89427,NaN,NaN,NaN,NaN,1.9885897017957177e-06,100.0,1.0000020265579224,mlp,embedding
6879,89440,NaN,NaN,NaN,NaN,1.8559957197794574e-06,100.0,1.0000019073486328,mlp,embedding
6880,89453,NaN,NaN,NaN,NaN,1.736491640258464e-06,100.0,1.0000017881393433,mlp,embedding
6881,89466,NaN,NaN,NaN,NaN,1.6213367644013488e-06,100.0,1.0000016689300537,mlp,embedding
6882,89479,NaN,NaN,NaN,NaN,1.5191455986496294e-06,100.0,1.0000015497207642,mlp,embedding
6883,89492,NaN,NaN,NaN,NaN,1.4292429568740772e-06,100.0,1.0000014305114746,mlp,embedding
6884,89505,NaN,NaN,NaN,NaN,1.3430562830762938e-06,100.0,1.000001311302185,mlp,embedding
6885,89518,NaN,NaN,NaN,NaN,1.260712224393501e-06,100.0,1.000001311302185,mlp,embedding
6886,89531,NaN,NaN,NaN,NaN,1.1862225619552191e-06,100.0,1.0000011920928955,mlp,embedding
6887,89544,NaN,NaN,NaN,NaN,1.1192914826096967e-06,100.0,1.000001072883606,mlp,embedding
6888,89557,NaN,NaN,NaN,NaN,1.056076371241943e-06,100.0,1.000001072883606,mlp,embedding
6889,89570,NaN,NaN,NaN,NaN,9.98139739749604e-07,100.0,1.0000009536743164,mlp,embedding
6890,89583,NaN,NaN,NaN,NaN,9.420613196198246e-07,100.0,1.0000009536743164,mlp,embedding
6891,89596,NaN,NaN,NaN,NaN,8.883897066880309e-07,100.0,1.0000008344650269,mlp,embedding
6892,89609,NaN,NaN,NaN,NaN,8.399121043112245e-07,100.0,1.0000008344650269,mlp,embedding
6893,89622,NaN,NaN,NaN,NaN,7.926169587335608e-07,100.0,1.0000008344650269,mlp,embedding
6894,89635,NaN,NaN,NaN,NaN,7.508535873057554e-07,100.0,1.0000007152557373,mlp,embedding
6895,89648,NaN,NaN,NaN,NaN,7.080768114064995e-07,100.0,1.0000007152557373,mlp,embedding
6896,89661,NaN,NaN,NaN,NaN,6.718453278153902e-07,100.0,1.0000007152557373,mlp,embedding
6897,89674,NaN,NaN,NaN,NaN,6.320666443571099e-07,100.0,1.0000005960464478,mlp,embedding
6898,89687,NaN,NaN,NaN,NaN,5.99255599809112e-07,100.0,1.0000005960464478,mlp,embedding
6899,89700,NaN,NaN,NaN,NaN,5.656422672473127e-07,100.0,1.0000005960464478,mlp,embedding
6900,89713,NaN,NaN,NaN,NaN,5.362516617424262e-07,100.0,1.0000004768371582,mlp,embedding
6901,89726,NaN,NaN,NaN,NaN,5.075789317743329e-07,100.0,1.0000004768371582,mlp,embedding
6902,89739,NaN,NaN,NaN,NaN,4.767948098560737e-07,100.0,1.0000004768371582,mlp,embedding
6903,89752,NaN,NaN,NaN,NaN,4.5555418637377443e-07,100.0,1.0000004768371582,mlp,embedding
6904,89765,NaN,NaN,NaN,NaN,4.2468565197850694e-07,100.0,1.0000004768371582,mlp,embedding
6905,89778,NaN,NaN,NaN,NaN,4.083012470346148e-07,100.0,1.0000003576278687,mlp,embedding
6906,89791,NaN,NaN,NaN,NaN,3.8587822359659185e-07,100.0,1.0000003576278687,mlp,embedding
6907,89804,NaN,NaN,NaN,NaN,3.631174649854074e-07,100.0,1.0000003576278687,mlp,embedding
6908,89817,NaN,NaN,NaN,NaN,3.4973120932590973e-07,100.0,1.0000003576278687,mlp,embedding
6909,89830,NaN,NaN,NaN,NaN,3.2946184091997566e-07,100.0,1.0000003576278687,mlp,embedding
6910,89843,NaN,NaN,NaN,NaN,3.116416849024972e-07,100.0,1.0000003576278687,mlp,embedding
6911,89856,NaN,NaN,NaN,NaN,2.991000087604334e-07,100.0,1.0000003576278687,mlp,embedding
6912,89869,NaN,NaN,NaN,NaN,2.917523715950665e-07,100.0,1.000000238418579,mlp,embedding
6913,89882,NaN,NaN,NaN,NaN,2.796329283683008e-07,100.0,1.000000238418579,mlp,embedding
6914,89895,NaN,NaN,NaN,NaN,2.7503011779117514e-07,100.0,1.000000238418579,mlp,embedding
6915,89908,1.5832425503958802e-07,100.0,1.0000001192092896,0.001,3.1147271783993347e-07,100.0,1.0000003576278687,mlp,embedding
6916,89921,NaN,NaN,NaN,NaN,0.4981304109096527,88.27488708496094,1.6456416845321655,mlp,embedding
6917,89934,NaN,NaN,NaN,NaN,0.059700269252061844,97.87460327148438,1.0615183115005493,mlp,embedding
6918,89947,NaN,NaN,NaN,NaN,0.004029041156172752,99.9645767211914,1.0040371417999268,mlp,embedding
6919,89960,NaN,NaN,NaN,NaN,0.0011243235785514116,100.0,1.0011249780654907,mlp,embedding
6920,89973,NaN,NaN,NaN,NaN,0.00030641560442745686,100.0,1.000306487083435,mlp,embedding
6921,89986,NaN,NaN,NaN,NaN,0.0001629453181521967,100.0,1.000162959098816,mlp,embedding
6922,89999,NaN,NaN,NaN,NaN,0.00011780244676629081,100.0,1.0001177787780762,mlp,embedding
6923,90012,NaN,NaN,NaN,NaN,9.563923231326044e-05,100.0,1.0000956058502197,mlp,embedding
6924,90025,NaN,NaN,NaN,NaN,8.180457371054217e-05,100.0,1.0000817775726318,mlp,embedding
6925,90038,NaN,NaN,NaN,NaN,7.193477358669043e-05,100.0,1.0000718832015991,mlp,embedding
6926,90051,NaN,NaN,NaN,NaN,6.3981358835008e-05,100.0,1.0000640153884888,mlp,embedding
6927,90064,NaN,NaN,NaN,NaN,5.735134254791774e-05,100.0,1.000057339668274,mlp,embedding
6928,90077,NaN,NaN,NaN,NaN,5.1495240768417716e-05,100.0,1.000051498413086,mlp,embedding
6929,90090,NaN,NaN,NaN,NaN,4.6543464122805744e-05,100.0,1.0000464916229248,mlp,embedding
6930,90103,NaN,NaN,NaN,NaN,4.1826941014733166e-05,100.0,1.0000418424606323,mlp,embedding
6931,90116,NaN,NaN,NaN,NaN,3.780581027967855e-05,100.0,1.0000377893447876,mlp,embedding
6932,90129,NaN,NaN,NaN,NaN,3.4142107324441895e-05,100.0,1.0000340938568115,mlp,embedding
6933,90142,NaN,NaN,NaN,NaN,3.0823728593531996e-05,100.0,1.0000308752059937,mlp,embedding
6934,90155,NaN,NaN,NaN,NaN,2.7898755433852784e-05,100.0,1.0000278949737549,mlp,embedding
6935,90168,NaN,NaN,NaN,NaN,2.5176506824209355e-05,100.0,1.0000251531600952,mlp,embedding
6936,90181,NaN,NaN,NaN,NaN,2.2740987333236262e-05,100.0,1.0000227689743042,mlp,embedding
6937,90194,NaN,NaN,NaN,NaN,2.0621995645342395e-05,100.0,1.0000206232070923,mlp,embedding
6938,90207,NaN,NaN,NaN,NaN,1.866830643848516e-05,100.0,1.0000187158584595,mlp,embedding
6939,90220,NaN,NaN,NaN,NaN,1.6852651242516004e-05,100.0,1.0000168085098267,mlp,embedding
6940,90233,NaN,NaN,NaN,NaN,1.5228925803967286e-05,100.0,1.0000152587890625,mlp,embedding
6941,90246,NaN,NaN,NaN,NaN,1.3810032214678358e-05,100.0,1.000013828277588,mlp,embedding
6942,90259,NaN,NaN,NaN,NaN,1.2514528862084262e-05,100.0,1.0000125169754028,mlp,embedding
6943,90272,NaN,NaN,NaN,NaN,1.1337107025610749e-05,100.0,1.0000113248825073,mlp,embedding
6944,90285,NaN,NaN,NaN,NaN,1.0240725714538712e-05,100.0,1.0000102519989014,mlp,embedding
6945,90298,NaN,NaN,NaN,NaN,9.258705176762305e-06,100.0,1.000009298324585,mlp,embedding
6946,90311,NaN,NaN,NaN,NaN,8.39905897009885e-06,100.0,1.0000083446502686,mlp,embedding
6947,90324,NaN,NaN,NaN,NaN,7.631989319634158e-06,100.0,1.0000076293945312,mlp,embedding
6948,90337,NaN,NaN,NaN,NaN,6.950794613658218e-06,100.0,1.000006914138794,mlp,embedding
6949,90350,NaN,NaN,NaN,NaN,6.329506959446007e-06,100.0,1.0000063180923462,mlp,embedding
6950,90363,NaN,NaN,NaN,NaN,5.757192866440164e-06,100.0,1.0000057220458984,mlp,embedding
6951,90376,NaN,NaN,NaN,NaN,5.250491540209623e-06,100.0,1.0000052452087402,mlp,embedding
6952,90389,NaN,NaN,NaN,NaN,4.8036204134405125e-06,100.0,1.000004768371582,mlp,embedding
6953,90402,NaN,NaN,NaN,NaN,4.390567028167425e-06,100.0,1.0000044107437134,mlp,embedding
6954,90415,NaN,NaN,NaN,NaN,4.027211616630666e-06,100.0,1.0000040531158447,mlp,embedding
6955,90428,NaN,NaN,NaN,NaN,3.7079391859151656e-06,100.0,1.000003695487976,mlp,embedding
6956,90441,NaN,NaN,NaN,NaN,3.4113400033675134e-06,100.0,1.000003457069397,mlp,embedding
6957,90454,NaN,NaN,NaN,NaN,3.146367589579313e-06,100.0,1.0000030994415283,mlp,embedding
6958,90467,NaN,NaN,NaN,NaN,2.911460569521296e-06,100.0,1.0000028610229492,mlp,embedding
6959,90480,NaN,NaN,NaN,NaN,2.701549647099455e-06,100.0,1.0000027418136597,mlp,embedding
6960,90493,NaN,NaN,NaN,NaN,2.514441575840465e-06,100.0,1.0000025033950806,mlp,embedding
6961,90506,NaN,NaN,NaN,NaN,2.3413949747919105e-06,100.0,1.000002384185791,mlp,embedding
6962,90519,NaN,NaN,NaN,NaN,2.18992659029027e-06,100.0,1.000002145767212,mlp,embedding
6963,90532,NaN,NaN,NaN,NaN,2.0532791040750453e-06,100.0,1.0000020265579224,mlp,embedding
6964,90545,NaN,NaN,NaN,NaN,1.933733301484608e-06,100.0,1.0000019073486328,mlp,embedding
6965,90558,NaN,NaN,NaN,NaN,1.8236041796626523e-06,100.0,1.0000017881393433,mlp,embedding
6966,90571,NaN,NaN,NaN,NaN,1.7238629652638338e-06,100.0,1.0000016689300537,mlp,embedding
6967,90584,NaN,NaN,NaN,NaN,1.6327361436196952e-06,100.0,1.0000016689300537,mlp,embedding
6968,90597,NaN,NaN,NaN,NaN,1.548196792100498e-06,100.0,1.0000015497207642,mlp,embedding
6969,90610,NaN,NaN,NaN,NaN,1.4769166227779351e-06,100.0,1.0000014305114746,mlp,embedding
6970,90623,NaN,NaN,NaN,NaN,1.4102392924542073e-06,100.0,1.0000014305114746,mlp,embedding
6971,90636,NaN,NaN,NaN,NaN,1.3496005522029009e-06,100.0,1.000001311302185,mlp,embedding
6972,90649,NaN,NaN,NaN,NaN,1.2893415259895846e-06,100.0,1.000001311302185,mlp,embedding
6973,90662,NaN,NaN,NaN,NaN,1.2395551038935082e-06,100.0,1.0000011920928955,mlp,embedding
6974,90675,NaN,NaN,NaN,NaN,1.189726503980637e-06,100.0,1.0000011920928955,mlp,embedding
6975,90688,NaN,NaN,NaN,NaN,1.1398135484341765e-06,100.0,1.0000011920928955,mlp,embedding
6976,90701,NaN,NaN,NaN,NaN,1.1014284382326878e-06,100.0,1.000001072883606,mlp,embedding
6977,90714,NaN,NaN,NaN,NaN,1.058102725437493e-06,100.0,1.000001072883606,mlp,embedding
6978,90727,NaN,NaN,NaN,NaN,1.0216181181021966e-06,100.0,1.000001072883606,mlp,embedding
6979,90740,NaN,NaN,NaN,NaN,9.799815643418697e-07,100.0,1.0000009536743164,mlp,embedding
6980,90753,NaN,NaN,NaN,NaN,9.453970051254146e-07,100.0,1.0000009536743164,mlp,embedding
6981,90766,NaN,NaN,NaN,NaN,9.08321112547128e-07,100.0,1.0000009536743164,mlp,embedding
6982,90779,NaN,NaN,NaN,NaN,8.729763294468285e-07,100.0,1.0000008344650269,mlp,embedding
6983,90792,NaN,NaN,NaN,NaN,8.375050128961448e-07,100.0,1.0000008344650269,mlp,embedding
6984,90805,5.406229206528224e-07,100.0,1.0000005960464478,0.001,8.060031291279302e-07,100.0,1.0000008344650269,mlp,embedding
6985,90818,NaN,NaN,NaN,NaN,7.647042252756364e-07,100.0,1.0000007152557373,mlp,embedding
6986,90831,NaN,NaN,NaN,NaN,7.385229423562123e-07,100.0,1.0000007152557373,mlp,embedding
6987,90844,NaN,NaN,NaN,NaN,7.009825253589952e-07,100.0,1.0000007152557373,mlp,embedding
6988,90857,NaN,NaN,NaN,NaN,6.677914257124939e-07,100.0,1.0000007152557373,mlp,embedding
6989,90870,NaN,NaN,NaN,NaN,6.345580914057791e-07,100.0,1.0000005960464478,mlp,embedding
6990,90883,NaN,NaN,NaN,NaN,5.998045935484697e-07,100.0,1.0000005960464478,mlp,embedding
6991,90896,NaN,NaN,NaN,NaN,5.687248858521343e-07,100.0,1.0000005960464478,mlp,embedding
6992,90909,NaN,NaN,NaN,NaN,5.320711125023081e-07,100.0,1.0000004768371582,mlp,embedding
6993,90922,NaN,NaN,NaN,NaN,5.017092803427659e-07,100.0,1.0000004768371582,mlp,embedding
6994,90935,NaN,NaN,NaN,NaN,4.6818038867968426e-07,100.0,1.0000004768371582,mlp,embedding
6995,90948,NaN,NaN,NaN,NaN,4.380297013995005e-07,100.0,1.0000004768371582,mlp,embedding
6996,90961,NaN,NaN,NaN,NaN,4.1108830828306964e-07,100.0,1.0000003576278687,mlp,embedding
6997,90974,NaN,NaN,NaN,NaN,3.7565914112747123e-07,100.0,1.0000003576278687,mlp,embedding
6998,90987,NaN,NaN,NaN,NaN,3.588946526633663e-07,100.0,1.0000003576278687,mlp,embedding
6999,91000,NaN,NaN,NaN,NaN,3.2840614494489273e-07,100.0,1.0000003576278687,mlp,embedding
7000,91013,NaN,NaN,NaN,NaN,3.0686993568451726e-07,100.0,1.0000003576278687,mlp,embedding
7001,91026,NaN,NaN,NaN,NaN,2.8241998961675563e-07,100.0,1.000000238418579,mlp,embedding
7002,91039,NaN,NaN,NaN,NaN,2.6814697662302933e-07,100.0,1.000000238418579,mlp,embedding
7003,91052,NaN,NaN,NaN,NaN,2.551830107222486e-07,100.0,1.000000238418579,mlp,embedding
7004,91065,NaN,NaN,NaN,NaN,2.4492166517120495e-07,100.0,1.000000238418579,mlp,embedding
7005,91078,NaN,NaN,NaN,NaN,2.517625148357183e-07,100.0,1.000000238418579,mlp,embedding
7006,91091,NaN,NaN,NaN,NaN,2.4867992465260613e-07,100.0,1.000000238418579,mlp,embedding
7007,91104,NaN,NaN,NaN,NaN,1.8515692090659286e-06,100.0,1.0000019073486328,mlp,embedding
7008,91117,NaN,NaN,NaN,NaN,0.858316957950592,81.68614959716797,2.3591866493225098,mlp,embedding
7009,91130,NaN,NaN,NaN,NaN,0.020366834476590157,99.57492065429688,1.0205756425857544,mlp,embedding
7010,91143,NaN,NaN,NaN,NaN,0.004457505419850349,99.89373016357422,1.004467487335205,mlp,embedding
7011,91156,NaN,NaN,NaN,NaN,0.0008783373632468283,100.0,1.0008786916732788,mlp,embedding
7012,91169,NaN,NaN,NaN,NaN,0.00038460467476397753,100.0,1.0003846883773804,mlp,embedding
7013,91182,NaN,NaN,NaN,NaN,0.00023931784380692989,100.0,1.000239372253418,mlp,embedding
7014,91195,NaN,NaN,NaN,NaN,0.0001785569329513237,100.0,1.000178575515747,mlp,embedding
7015,91208,NaN,NaN,NaN,NaN,0.00014732875570189208,100.0,1.0001473426818848,mlp,embedding
7016,91221,NaN,NaN,NaN,NaN,0.0001270717039005831,100.0,1.0001270771026611,mlp,embedding
7017,91234,NaN,NaN,NaN,NaN,0.00011232886026846245,100.0,1.0001122951507568,mlp,embedding
7018,91247,NaN,NaN,NaN,NaN,0.00010032299178419635,100.0,1.0001003742218018,mlp,embedding
7019,91260,NaN,NaN,NaN,NaN,9.015922842081636e-05,100.0,1.0000901222229004,mlp,embedding
7020,91273,NaN,NaN,NaN,NaN,8.137973782140762e-05,100.0,1.0000814199447632,mlp,embedding
7021,91286,NaN,NaN,NaN,NaN,7.369183731498197e-05,100.0,1.0000736713409424,mlp,embedding
7022,91299,NaN,NaN,NaN,NaN,6.677491182927042e-05,100.0,1.0000667572021484,mlp,embedding
7023,91312,NaN,NaN,NaN,NaN,6.054158802726306e-05,100.0,1.0000605583190918,mlp,embedding
7024,91325,NaN,NaN,NaN,NaN,5.498468817677349e-05,100.0,1.000054955482483,mlp,embedding
7025,91338,NaN,NaN,NaN,NaN,4.9940870667342097e-05,100.0,1.0000499486923218,mlp,embedding
7026,91351,NaN,NaN,NaN,NaN,4.5380336814559996e-05,100.0,1.0000454187393188,mlp,embedding
7027,91364,NaN,NaN,NaN,NaN,4.11393484682776e-05,100.0,1.000041127204895,mlp,embedding
7028,91377,NaN,NaN,NaN,NaN,3.748703238670714e-05,100.0,1.000037431716919,mlp,embedding
7029,91390,NaN,NaN,NaN,NaN,3.409770579310134e-05,100.0,1.0000340938568115,mlp,embedding
7030,91403,NaN,NaN,NaN,NaN,3.099915193160996e-05,100.0,1.0000309944152832,mlp,embedding
7031,91416,NaN,NaN,NaN,NaN,2.8167694836156443e-05,100.0,1.000028133392334,mlp,embedding
7032,91429,NaN,NaN,NaN,NaN,2.556833169364836e-05,100.0,1.0000255107879639,mlp,embedding
7033,91442,NaN,NaN,NaN,NaN,2.325135574210435e-05,100.0,1.0000232458114624,mlp,embedding
7034,91455,NaN,NaN,NaN,NaN,2.1063997337478213e-05,100.0,1.0000211000442505,mlp,embedding
7035,91468,NaN,NaN,NaN,NaN,1.9155122572556138e-05,100.0,1.0000191926956177,mlp,embedding
7036,91481,NaN,NaN,NaN,NaN,1.7441923773731105e-05,100.0,1.0000174045562744,mlp,embedding
7037,91494,NaN,NaN,NaN,NaN,1.5928089851513505e-05,100.0,1.0000159740447998,mlp,embedding
7038,91507,NaN,NaN,NaN,NaN,1.4497293705062475e-05,100.0,1.0000145435333252,mlp,embedding
7039,91520,NaN,NaN,NaN,NaN,1.3218889762356412e-05,100.0,1.0000132322311401,mlp,embedding
7040,91533,NaN,NaN,NaN,NaN,1.2061830602760892e-05,100.0,1.0000120401382446,mlp,embedding
7041,91546,NaN,NaN,NaN,NaN,1.1016600183211267e-05,100.0,1.0000109672546387,mlp,embedding
7042,91559,NaN,NaN,NaN,NaN,1.0095843208546285e-05,100.0,1.0000101327896118,mlp,embedding
7043,91572,NaN,NaN,NaN,NaN,9.242542546417098e-06,100.0,1.000009298324585,mlp,embedding
7044,91585,NaN,NaN,NaN,NaN,8.46639431983931e-06,100.0,1.000008463859558,mlp,embedding
7045,91598,NaN,NaN,NaN,NaN,7.787873983033933e-06,100.0,1.0000077486038208,mlp,embedding
7046,91611,NaN,NaN,NaN,NaN,7.157334493967937e-06,100.0,1.000007152557373,mlp,embedding
7047,91624,NaN,NaN,NaN,NaN,6.601688255614135e-06,100.0,1.0000065565109253,mlp,embedding
7048,91637,NaN,NaN,NaN,NaN,6.0755692175007425e-06,100.0,1.000006079673767,mlp,embedding
7049,91650,NaN,NaN,NaN,NaN,5.624008736049291e-06,100.0,1.0000056028366089,mlp,embedding
7050,91663,NaN,NaN,NaN,NaN,5.212896212469786e-06,100.0,1.0000052452087402,mlp,embedding
7051,91676,NaN,NaN,NaN,NaN,4.816989530809224e-06,100.0,1.000004768371582,mlp,embedding
7052,91689,NaN,NaN,NaN,NaN,4.471246484172298e-06,100.0,1.000004529953003,mlp,embedding
7053,91702,2.7771502573159523e-06,100.0,1.0000027418136597,0.001,4.169877684034873e-06,100.0,1.0000041723251343,mlp,embedding
7054,91715,NaN,NaN,NaN,NaN,3.878563347825548e-06,100.0,1.0000039339065552,mlp,embedding
7055,91728,NaN,NaN,NaN,NaN,3.6211920360074146e-06,100.0,1.0000035762786865,mlp,embedding
7056,91741,NaN,NaN,NaN,NaN,3.3848511975520523e-06,100.0,1.0000033378601074,mlp,embedding
7057,91754,NaN,NaN,NaN,NaN,3.16409500555892e-06,100.0,1.0000032186508179,mlp,embedding
7058,91767,NaN,NaN,NaN,NaN,2.980995532197994e-06,100.0,1.0000029802322388,mlp,embedding
7059,91780,NaN,NaN,NaN,NaN,2.789837253658334e-06,100.0,1.0000027418136597,mlp,embedding
7060,91793,NaN,NaN,NaN,NaN,2.615612629597308e-06,100.0,1.0000026226043701,mlp,embedding
7061,91806,NaN,NaN,NaN,NaN,2.469379069225397e-06,100.0,1.0000025033950806,mlp,embedding
7062,91819,NaN,NaN,NaN,NaN,2.3169002361100866e-06,100.0,1.0000022649765015,mlp,embedding
7063,91832,NaN,NaN,NaN,NaN,2.1983250917401165e-06,100.0,1.000002145767212,mlp,embedding
7064,91845,NaN,NaN,NaN,NaN,2.077851604553871e-06,100.0,1.0000020265579224,mlp,embedding
7065,91858,NaN,NaN,NaN,NaN,1.9499061636452097e-06,100.0,1.0000019073486328,mlp,embedding
7066,91871,NaN,NaN,NaN,NaN,1.8608895970828598e-06,100.0,1.0000019073486328,mlp,embedding
7067,91884,NaN,NaN,NaN,NaN,1.7531682487970102e-06,100.0,1.0000017881393433,mlp,embedding
7068,91897,NaN,NaN,NaN,NaN,1.658326254982967e-06,100.0,1.0000016689300537,mlp,embedding
7069,91910,NaN,NaN,NaN,NaN,1.5829501762709697e-06,100.0,1.0000015497207642,mlp,embedding
7070,91923,NaN,NaN,NaN,NaN,1.5057159998832503e-06,100.0,1.0000015497207642,mlp,embedding
7071,91936,NaN,NaN,NaN,NaN,1.4308890285974485e-06,100.0,1.0000014305114746,mlp,embedding
7072,91949,NaN,NaN,NaN,NaN,1.3592714367405279e-06,100.0,1.000001311302185,mlp,embedding
7073,91962,NaN,NaN,NaN,NaN,1.3028549119553645e-06,100.0,1.000001311302185,mlp,embedding
7074,91975,NaN,NaN,NaN,NaN,1.2355020544418949e-06,100.0,1.0000011920928955,mlp,embedding
7075,91988,NaN,NaN,NaN,NaN,1.1810280966528808e-06,100.0,1.0000011920928955,mlp,embedding
7076,92001,NaN,NaN,NaN,NaN,1.124485152104171e-06,100.0,1.000001072883606,mlp,embedding
7077,92014,NaN,NaN,NaN,NaN,1.0698001915443456e-06,100.0,1.000001072883606,mlp,embedding
7078,92027,NaN,NaN,NaN,NaN,1.0240675010209088e-06,100.0,1.000001072883606,mlp,embedding
7079,92040,NaN,NaN,NaN,NaN,9.733519164001336e-07,100.0,1.0000009536743164,mlp,embedding
7080,92053,NaN,NaN,NaN,NaN,9.14697579901258e-07,100.0,1.0000009536743164,mlp,embedding
7081,92066,NaN,NaN,NaN,NaN,8.767348163019051e-07,100.0,1.0000008344650269,mlp,embedding
7082,92079,NaN,NaN,NaN,NaN,8.237389579335286e-07,100.0,1.0000008344650269,mlp,embedding
7083,92092,NaN,NaN,NaN,NaN,7.840869216124702e-07,100.0,1.0000008344650269,mlp,embedding
7084,92105,NaN,NaN,NaN,NaN,7.343425636463508e-07,100.0,1.0000007152557373,mlp,embedding
7085,92118,NaN,NaN,NaN,NaN,6.923680757608963e-07,100.0,1.0000007152557373,mlp,embedding
7086,92131,NaN,NaN,NaN,NaN,6.429193035728531e-07,100.0,1.0000005960464478,mlp,embedding
7087,92144,NaN,NaN,NaN,NaN,6.03436205892649e-07,100.0,1.0000005960464478,mlp,embedding
7088,92157,NaN,NaN,NaN,NaN,5.610816629086912e-07,100.0,1.0000005960464478,mlp,embedding
7089,92170,NaN,NaN,NaN,NaN,5.219787340138282e-07,100.0,1.0000004768371582,mlp,embedding
7090,92183,NaN,NaN,NaN,NaN,4.782728524332924e-07,100.0,1.0000004768371582,mlp,embedding
7091,92196,NaN,NaN,NaN,NaN,4.4216804440111446e-07,100.0,1.0000004768371582,mlp,embedding
7092,92209,NaN,NaN,NaN,NaN,4.0500751197214413e-07,100.0,1.0000003576278687,mlp,embedding
7093,92222,NaN,NaN,NaN,NaN,3.778549739763548e-07,100.0,1.0000003576278687,mlp,embedding
7094,92235,NaN,NaN,NaN,NaN,3.4310144769733597e-07,100.0,1.0000003576278687,mlp,embedding
7095,92248,NaN,NaN,NaN,NaN,3.160333790219738e-07,100.0,1.0000003576278687,mlp,embedding
7096,92261,NaN,NaN,NaN,NaN,2.940326169209584e-07,100.0,1.000000238418579,mlp,embedding
7097,92274,NaN,NaN,NaN,NaN,2.6734466018751846e-07,100.0,1.000000238418579,mlp,embedding
7098,92287,NaN,NaN,NaN,NaN,2.5573197603989684e-07,100.0,1.000000238418579,mlp,embedding
7099,92300,NaN,NaN,NaN,NaN,2.424724243610399e-07,100.0,1.000000238418579,mlp,embedding
7100,92313,NaN,NaN,NaN,NaN,2.3677166893776302e-07,100.0,1.000000238418579,mlp,embedding
7101,92326,NaN,NaN,NaN,NaN,2.268903216418039e-07,100.0,1.000000238418579,mlp,embedding
7102,92339,NaN,NaN,NaN,NaN,2.3664496495712228e-07,100.0,1.000000238418579,mlp,embedding
7103,92352,NaN,NaN,NaN,NaN,2.2769268070987891e-07,100.0,1.000000238418579,mlp,embedding
7104,92365,NaN,NaN,NaN,NaN,2.914143522048107e-07,100.0,1.000000238418579,mlp,embedding
7105,92378,NaN,NaN,NaN,NaN,1.473414659500122,78.92313385009766,4.36411190032959,mlp,embedding
7106,92391,NaN,NaN,NaN,NaN,0.0356692373752594,98.9018783569336,1.0363130569458008,mlp,embedding
7107,92404,NaN,NaN,NaN,NaN,0.005422092042863369,99.92915344238281,1.0054367780685425,mlp,embedding
7108,92417,NaN,NaN,NaN,NaN,0.0017040714155882597,100.0,1.001705527305603,mlp,embedding
7109,92430,NaN,NaN,NaN,NaN,0.0005025881691835821,100.0,1.0005027055740356,mlp,embedding
7110,92443,NaN,NaN,NaN,NaN,0.00025892953271977603,100.0,1.0002589225769043,mlp,embedding
7111,92456,NaN,NaN,NaN,NaN,0.00018416513921692967,100.0,1.000184178352356,mlp,embedding
7112,92469,NaN,NaN,NaN,NaN,0.0001480939972680062,100.0,1.000148057937622,mlp,embedding
7113,92482,NaN,NaN,NaN,NaN,0.00012693559983745217,100.0,1.0001269578933716,mlp,embedding
7114,92495,NaN,NaN,NaN,NaN,0.00011160398571519181,100.0,1.0001115798950195,mlp,embedding
7115,92508,NaN,NaN,NaN,NaN,9.903668251354247e-05,100.0,1.0000990629196167,mlp,embedding
7116,92521,NaN,NaN,NaN,NaN,8.864317351253703e-05,100.0,1.0000886917114258,mlp,embedding
7117,92534,NaN,NaN,NaN,NaN,7.981069211382419e-05,100.0,1.000079870223999,mlp,embedding
7118,92547,NaN,NaN,NaN,NaN,7.234233635244891e-05,100.0,1.0000723600387573,mlp,embedding
7119,92560,NaN,NaN,NaN,NaN,6.55747571727261e-05,100.0,1.000065565109253,mlp,embedding
7120,92573,NaN,NaN,NaN,NaN,5.944203076069243e-05,100.0,1.0000594854354858,mlp,embedding
7121,92586,NaN,NaN,NaN,NaN,5.4052059567766264e-05,100.0,1.0000540018081665,mlp,embedding
7122,92599,NaN,NaN,NaN,NaN,4.930501745548099e-05,100.0,1.000049352645874,mlp,embedding
7123,92612,3.227065462851897e-05,100.0,1.0000323057174683,0.001,4.486607213038951e-05,100.0,1.000044822692871,mlp,embedding
7124,92625,NaN,NaN,NaN,NaN,4.085511318407953e-05,100.0,1.000040888786316,mlp,embedding
7125,92638,NaN,NaN,NaN,NaN,3.7231020542094484e-05,100.0,1.0000371932983398,mlp,embedding
7126,92651,NaN,NaN,NaN,NaN,3.391825157450512e-05,100.0,1.000033974647522,mlp,embedding
7127,92664,NaN,NaN,NaN,NaN,3.0919760320102796e-05,100.0,1.0000308752059937,mlp,embedding
7128,92677,NaN,NaN,NaN,NaN,2.8136177206761204e-05,100.0,1.000028133392334,mlp,embedding
7129,92690,NaN,NaN,NaN,NaN,2.5684812499093823e-05,100.0,1.0000256299972534,mlp,embedding
7130,92703,NaN,NaN,NaN,NaN,2.3337805032497272e-05,100.0,1.000023365020752,mlp,embedding
7131,92716,NaN,NaN,NaN,NaN,2.1210027625784278e-05,100.0,1.00002121925354,mlp,embedding
7132,92729,NaN,NaN,NaN,NaN,1.923350828292314e-05,100.0,1.0000191926956177,mlp,embedding
7133,92742,NaN,NaN,NaN,NaN,1.7486698197899386e-05,100.0,1.000017523765564,mlp,embedding
7134,92755,NaN,NaN,NaN,NaN,1.588028135302011e-05,100.0,1.0000158548355103,mlp,embedding
7135,92768,NaN,NaN,NaN,NaN,1.447982867830433e-05,100.0,1.0000144243240356,mlp,embedding
7136,92781,NaN,NaN,NaN,NaN,1.3148396647011396e-05,100.0,1.0000131130218506,mlp,embedding
7137,92794,NaN,NaN,NaN,NaN,1.1955191439483315e-05,100.0,1.000011920928955,mlp,embedding
7138,92807,NaN,NaN,NaN,NaN,1.082150629372336e-05,100.0,1.0000108480453491,mlp,embedding
7139,92820,NaN,NaN,NaN,NaN,9.860782483883668e-06,100.0,1.0000098943710327,mlp,embedding
7140,92833,NaN,NaN,NaN,NaN,8.974696356744971e-06,100.0,1.0000089406967163,mlp,embedding
7141,92846,NaN,NaN,NaN,NaN,8.16631563793635e-06,100.0,1.000008225440979,mlp,embedding
7142,92859,NaN,NaN,NaN,NaN,7.411728802253492e-06,100.0,1.0000073909759521,mlp,embedding
7143,92872,NaN,NaN,NaN,NaN,6.754603873559972e-06,100.0,1.0000067949295044,mlp,embedding
7144,92885,NaN,NaN,NaN,NaN,6.159231816127431e-06,100.0,1.0000061988830566,mlp,embedding
7145,92898,NaN,NaN,NaN,NaN,5.6205531109299045e-06,100.0,1.0000056028366089,mlp,embedding
7146,92911,NaN,NaN,NaN,NaN,5.143466296431143e-06,100.0,1.0000051259994507,mlp,embedding
7147,92924,NaN,NaN,NaN,NaN,4.703324066213099e-06,100.0,1.0000046491622925,mlp,embedding
7148,92937,NaN,NaN,NaN,NaN,4.316540980653372e-06,100.0,1.0000042915344238,mlp,embedding
7149,92950,NaN,NaN,NaN,NaN,3.960030880989507e-06,100.0,1.0000039339065552,mlp,embedding
7150,92963,NaN,NaN,NaN,NaN,3.6451097003009636e-06,100.0,1.000003695487976,mlp,embedding
7151,92976,NaN,NaN,NaN,NaN,3.351553914399119e-06,100.0,1.0000033378601074,mlp,embedding
7152,92989,NaN,NaN,NaN,NaN,3.1007282359496458e-06,100.0,1.0000030994415283,mlp,embedding
7153,93002,NaN,NaN,NaN,NaN,2.864427187887486e-06,100.0,1.0000028610229492,mlp,embedding
7154,93015,NaN,NaN,NaN,NaN,2.65924586528854e-06,100.0,1.0000026226043701,mlp,embedding
7155,93028,NaN,NaN,NaN,NaN,2.4683795345481485e-06,100.0,1.0000025033950806,mlp,embedding
7156,93041,NaN,NaN,NaN,NaN,2.2983724647929193e-06,100.0,1.0000022649765015,mlp,embedding
7157,93054,NaN,NaN,NaN,NaN,2.1484654553205473e-06,100.0,1.000002145767212,mlp,embedding
7158,93067,NaN,NaN,NaN,NaN,2.0111413050472038e-06,100.0,1.0000020265579224,mlp,embedding
7159,93080,NaN,NaN,NaN,NaN,1.888892256829422e-06,100.0,1.0000019073486328,mlp,embedding
7160,93093,NaN,NaN,NaN,NaN,1.7772000546756317e-06,100.0,1.0000017881393433,mlp,embedding
7161,93106,NaN,NaN,NaN,NaN,1.6743333617341705e-06,100.0,1.0000016689300537,mlp,embedding
7162,93119,NaN,NaN,NaN,NaN,1.5799123502802104e-06,100.0,1.0000015497207642,mlp,embedding
7163,93132,NaN,NaN,NaN,NaN,1.491276179876877e-06,100.0,1.0000015497207642,mlp,embedding
7164,93145,NaN,NaN,NaN,NaN,1.4165331094773137e-06,100.0,1.0000014305114746,mlp,embedding
7165,93158,NaN,NaN,NaN,NaN,1.3409453458734788e-06,100.0,1.000001311302185,mlp,embedding
7166,93171,NaN,NaN,NaN,NaN,1.2751967233270989e-06,100.0,1.000001311302185,mlp,embedding
7167,93184,NaN,NaN,NaN,NaN,1.211643962051312e-06,100.0,1.0000011920928955,mlp,embedding
7168,93197,NaN,NaN,NaN,NaN,1.1514691777847474e-06,100.0,1.0000011920928955,mlp,embedding
7169,93210,NaN,NaN,NaN,NaN,1.100795770980767e-06,100.0,1.000001072883606,mlp,embedding
7170,93223,NaN,NaN,NaN,NaN,1.042943608808855e-06,100.0,1.000001072883606,mlp,embedding
7171,93236,NaN,NaN,NaN,NaN,9.956905842045671e-07,100.0,1.0000009536743164,mlp,embedding
7172,93249,NaN,NaN,NaN,NaN,9.461573426960967e-07,100.0,1.0000009536743164,mlp,embedding
7173,93262,NaN,NaN,NaN,NaN,9.02831629900902e-07,100.0,1.0000009536743164,mlp,embedding
7174,93275,NaN,NaN,NaN,NaN,8.570989393774653e-07,100.0,1.0000008344650269,mlp,embedding
7175,93288,NaN,NaN,NaN,NaN,8.239500175477588e-07,100.0,1.0000008344650269,mlp,embedding
7176,93301,NaN,NaN,NaN,NaN,7.813843581061519e-07,100.0,1.0000008344650269,mlp,embedding
7177,93314,NaN,NaN,NaN,NaN,7.47221974961576e-07,100.0,1.0000007152557373,mlp,embedding
7178,93327,NaN,NaN,NaN,NaN,7.131441179808462e-07,100.0,1.0000007152557373,mlp,embedding
7179,93340,NaN,NaN,NaN,NaN,6.756457651135861e-07,100.0,1.0000007152557373,mlp,embedding
7180,93353,NaN,NaN,NaN,NaN,6.450728733398137e-07,100.0,1.0000005960464478,mlp,embedding
7181,93366,NaN,NaN,NaN,NaN,6.093903266446432e-07,100.0,1.0000005960464478,mlp,embedding
7182,93379,NaN,NaN,NaN,NaN,5.747212412643421e-07,100.0,1.0000005960464478,mlp,embedding
7183,93392,NaN,NaN,NaN,NaN,5.41614610938268e-07,100.0,1.0000005960464478,mlp,embedding
7184,93405,NaN,NaN,NaN,NaN,5.120551236359461e-07,100.0,1.0000004768371582,mlp,embedding
7185,93418,NaN,NaN,NaN,NaN,4.792440790879482e-07,100.0,1.0000004768371582,mlp,embedding
7186,93431,NaN,NaN,NaN,NaN,4.499379713251983e-07,100.0,1.0000004768371582,mlp,embedding
7187,93444,NaN,NaN,NaN,NaN,4.1548000240254623e-07,100.0,1.0000003576278687,mlp,embedding
7188,93457,NaN,NaN,NaN,NaN,3.8803190705039015e-07,100.0,1.0000003576278687,mlp,embedding
7189,93470,NaN,NaN,NaN,NaN,3.584723913263588e-07,100.0,1.0000003576278687,mlp,embedding
7190,93483,NaN,NaN,NaN,NaN,3.291240204816859e-07,100.0,1.0000003576278687,mlp,embedding
7191,93496,NaN,NaN,NaN,NaN,3.057297988107166e-07,100.0,1.0000003576278687,mlp,embedding
7192,93509,NaN,NaN,NaN,NaN,2.879940836919559e-07,100.0,1.000000238418579,mlp,embedding
7193,93522,NaN,NaN,NaN,NaN,2.6324855184611806e-07,100.0,1.000000238418579,mlp,embedding
7194,93535,1.518081091944623e-07,100.0,1.0000001192092896,0.001,2.4834210421431635e-07,100.0,1.000000238418579,mlp,embedding
7195,93548,NaN,NaN,NaN,NaN,2.314509544021348e-07,100.0,1.000000238418579,mlp,embedding
7196,93561,NaN,NaN,NaN,NaN,2.2617247452672018e-07,100.0,1.000000238418579,mlp,embedding
7197,93574,NaN,NaN,NaN,NaN,2.1333519839572546e-07,100.0,1.000000238418579,mlp,embedding
7198,93587,NaN,NaN,NaN,NaN,2.134196535052979e-07,100.0,1.000000238418579,mlp,embedding
7199,93600,NaN,NaN,NaN,NaN,2.2613022565565188e-07,100.0,1.000000238418579,mlp,embedding
7200,93613,NaN,NaN,NaN,NaN,2.417545204025373e-07,100.0,1.000000238418579,mlp,embedding
7201,93626,NaN,NaN,NaN,NaN,0.27754196524620056,95.14700317382812,1.319881558418274,mlp,embedding
7202,93639,NaN,NaN,NaN,NaN,0.12672743201255798,95.11157989501953,1.1351076364517212,mlp,embedding
7203,93652,NaN,NaN,NaN,NaN,0.004735847469419241,99.85830688476562,1.0047470331192017,mlp,embedding
7204,93665,NaN,NaN,NaN,NaN,0.0021466868929564953,99.92915344238281,1.002148985862732,mlp,embedding
7205,93678,NaN,NaN,NaN,NaN,0.0003734666097443551,100.0,1.0003734827041626,mlp,embedding
7206,93691,NaN,NaN,NaN,NaN,0.00016594766930211335,100.0,1.0001659393310547,mlp,embedding
7207,93704,NaN,NaN,NaN,NaN,0.00010403398482594639,100.0,1.0001040697097778,mlp,embedding
7208,93717,NaN,NaN,NaN,NaN,7.850171095924452e-05,100.0,1.000078558921814,mlp,embedding
7209,93730,NaN,NaN,NaN,NaN,6.490972737083212e-05,100.0,1.0000649690628052,mlp,embedding
7210,93743,NaN,NaN,NaN,NaN,5.576412149821408e-05,100.0,1.0000557899475098,mlp,embedding
7211,93756,NaN,NaN,NaN,NaN,4.921589061268605e-05,100.0,1.0000492334365845,mlp,embedding
7212,93769,NaN,NaN,NaN,NaN,4.3760195694630966e-05,100.0,1.0000437498092651,mlp,embedding
7213,93782,NaN,NaN,NaN,NaN,3.929756712750532e-05,100.0,1.0000393390655518,mlp,embedding
7214,93795,NaN,NaN,NaN,NaN,3.53798022842966e-05,100.0,1.0000354051589966,mlp,embedding
7215,93808,NaN,NaN,NaN,NaN,3.209207716281526e-05,100.0,1.0000320672988892,mlp,embedding
7216,93821,NaN,NaN,NaN,NaN,2.9137492674635723e-05,100.0,1.0000290870666504,mlp,embedding
7217,93834,NaN,NaN,NaN,NaN,2.647132168931421e-05,100.0,1.0000264644622803,mlp,embedding
7218,93847,NaN,NaN,NaN,NaN,2.4062554075499065e-05,100.0,1.0000240802764893,mlp,embedding
7219,93860,NaN,NaN,NaN,NaN,2.195249908254482e-05,100.0,1.0000219345092773,mlp,embedding
7220,93873,NaN,NaN,NaN,NaN,2.006618342420552e-05,100.0,1.0000200271606445,mlp,embedding
7221,93886,NaN,NaN,NaN,NaN,1.829130997066386e-05,100.0,1.0000182390213013,mlp,embedding
7222,93899,NaN,NaN,NaN,NaN,1.6736586985643953e-05,100.0,1.000016689300537,mlp,embedding
7223,93912,NaN,NaN,NaN,NaN,1.5302945030271076e-05,100.0,1.0000152587890625,mlp,embedding
7224,93925,NaN,NaN,NaN,NaN,1.4025697964825667e-05,100.0,1.000014066696167,mlp,embedding
7225,93938,NaN,NaN,NaN,NaN,1.2813464309147093e-05,100.0,1.000012755393982,mlp,embedding
7226,93951,NaN,NaN,NaN,NaN,1.1700917639245745e-05,100.0,1.000011682510376,mlp,embedding
7227,93964,NaN,NaN,NaN,NaN,1.0724587809818331e-05,100.0,1.0000107288360596,mlp,embedding
7228,93977,NaN,NaN,NaN,NaN,9.838747246249113e-06,100.0,1.0000098943710327,mlp,embedding
7229,93990,NaN,NaN,NaN,NaN,9.01728435565019e-06,100.0,1.0000090599060059,mlp,embedding
7230,94003,NaN,NaN,NaN,NaN,8.245458047895227e-06,100.0,1.000008225440979,mlp,embedding
7231,94016,NaN,NaN,NaN,NaN,7.607680345245171e-06,100.0,1.0000076293945312,mlp,embedding
7232,94029,NaN,NaN,NaN,NaN,6.972212759137619e-06,100.0,1.000006914138794,mlp,embedding
7233,94042,NaN,NaN,NaN,NaN,6.392264822352445e-06,100.0,1.0000064373016357,mlp,embedding
7234,94055,NaN,NaN,NaN,NaN,5.91014395467937e-06,100.0,1.0000059604644775,mlp,embedding
7235,94068,NaN,NaN,NaN,NaN,5.4378983804781456e-06,100.0,1.0000054836273193,mlp,embedding
7236,94081,NaN,NaN,NaN,NaN,5.013362169847824e-06,100.0,1.0000050067901611,mlp,embedding
7237,94094,NaN,NaN,NaN,NaN,4.620621893991483e-06,100.0,1.0000046491622925,mlp,embedding
7238,94107,NaN,NaN,NaN,NaN,4.277536390873138e-06,100.0,1.0000042915344238,mlp,embedding
7239,94120,NaN,NaN,NaN,NaN,3.950494374294067e-06,100.0,1.0000039339065552,mlp,embedding
7240,94133,NaN,NaN,NaN,NaN,3.6637763969338266e-06,100.0,1.000003695487976,mlp,embedding
7241,94146,NaN,NaN,NaN,NaN,3.410964382055681e-06,100.0,1.000003457069397,mlp,embedding
7242,94159,NaN,NaN,NaN,NaN,3.156127149850363e-06,100.0,1.0000030994415283,mlp,embedding
7243,94172,NaN,NaN,NaN,NaN,2.956814569188282e-06,100.0,1.0000029802322388,mlp,embedding
7244,94185,NaN,NaN,NaN,NaN,2.7337719075148925e-06,100.0,1.0000027418136597,mlp,embedding
7245,94198,NaN,NaN,NaN,NaN,2.5597964850021526e-06,100.0,1.0000025033950806,mlp,embedding
7246,94211,NaN,NaN,NaN,NaN,2.3974746454769047e-06,100.0,1.000002384185791,mlp,embedding
7247,94224,NaN,NaN,NaN,NaN,2.242416258013691e-06,100.0,1.0000022649765015,mlp,embedding
7248,94237,NaN,NaN,NaN,NaN,2.1069918147986755e-06,100.0,1.000002145767212,mlp,embedding
7249,94250,NaN,NaN,NaN,NaN,1.965150886462652e-06,100.0,1.0000019073486328,mlp,embedding
7250,94263,NaN,NaN,NaN,NaN,1.8617771502249525e-06,100.0,1.0000019073486328,mlp,embedding
7251,94276,NaN,NaN,NaN,NaN,1.741893697726482e-06,100.0,1.0000017881393433,mlp,embedding
7252,94289,NaN,NaN,NaN,NaN,1.6394078556913882e-06,100.0,1.0000016689300537,mlp,embedding
7253,94302,NaN,NaN,NaN,NaN,1.5573589280393207e-06,100.0,1.0000015497207642,mlp,embedding
7254,94315,NaN,NaN,NaN,NaN,1.455591359444952e-06,100.0,1.0000014305114746,mlp,embedding
7255,94328,NaN,NaN,NaN,NaN,1.381818947265856e-06,100.0,1.0000014305114746,mlp,embedding
7256,94341,NaN,NaN,NaN,NaN,1.3022624898439972e-06,100.0,1.000001311302185,mlp,embedding
7257,94354,NaN,NaN,NaN,NaN,1.236767161572061e-06,100.0,1.0000011920928955,mlp,embedding
7258,94367,NaN,NaN,NaN,NaN,1.1654026366159087e-06,100.0,1.0000011920928955,mlp,embedding
7259,94380,NaN,NaN,NaN,NaN,1.1037500371458009e-06,100.0,1.000001072883606,mlp,embedding
7260,94393,NaN,NaN,NaN,NaN,1.0419289537821896e-06,100.0,1.000001072883606,mlp,embedding
7261,94406,NaN,NaN,NaN,NaN,9.95224695543584e-07,100.0,1.0000009536743164,mlp,embedding
7262,94419,NaN,NaN,NaN,NaN,9.28378767639515e-07,100.0,1.0000009536743164,mlp,embedding
7263,94432,NaN,NaN,NaN,NaN,8.891911988939682e-07,100.0,1.0000008344650269,mlp,embedding
7264,94445,NaN,NaN,NaN,NaN,8.30959379527485e-07,100.0,1.0000008344650269,mlp,embedding
7265,94458,5.26776091192005e-07,100.0,1.0000004768371582,0.001,7.918562801023654e-07,100.0,1.0000008344650269,mlp,embedding
7266,94471,NaN,NaN,NaN,NaN,7.524155307692126e-07,100.0,1.0000007152557373,mlp,embedding
7267,94484,NaN,NaN,NaN,NaN,7.096811600604269e-07,100.0,1.0000007152557373,mlp,embedding
7268,94497,NaN,NaN,NaN,NaN,6.729007395733788e-07,100.0,1.0000007152557373,mlp,embedding
7269,94510,NaN,NaN,NaN,NaN,6.339667493193701e-07,100.0,1.0000005960464478,mlp,embedding
7270,94523,NaN,NaN,NaN,NaN,6.030136887602566e-07,100.0,1.0000005960464478,mlp,embedding
7271,94536,NaN,NaN,NaN,NaN,5.618416594188602e-07,100.0,1.0000005960464478,mlp,embedding
7272,94549,NaN,NaN,NaN,NaN,5.361249009183666e-07,100.0,1.0000004768371582,mlp,embedding
7273,94562,NaN,NaN,NaN,NaN,5.044962563260924e-07,100.0,1.0000004768371582,mlp,embedding
7274,94575,NaN,NaN,NaN,NaN,4.713474481832236e-07,100.0,1.0000004768371582,mlp,embedding
7275,94588,NaN,NaN,NaN,NaN,4.438993244093581e-07,100.0,1.0000004768371582,mlp,embedding
7276,94601,NaN,NaN,NaN,NaN,4.1653566995591973e-07,100.0,1.0000003576278687,mlp,embedding
7277,94614,NaN,NaN,NaN,NaN,3.9394376472046133e-07,100.0,1.0000003576278687,mlp,embedding
7278,94627,NaN,NaN,NaN,NaN,3.663267307274509e-07,100.0,1.0000003576278687,mlp,embedding
7279,94640,NaN,NaN,NaN,NaN,3.4031441487059055e-07,100.0,1.0000003576278687,mlp,embedding
7280,94653,NaN,NaN,NaN,NaN,3.175113647557737e-07,100.0,1.0000003576278687,mlp,embedding
7281,94666,NaN,NaN,NaN,NaN,2.963974168324057e-07,100.0,1.000000238418579,mlp,embedding
7282,94679,NaN,NaN,NaN,NaN,2.7908399147236196e-07,100.0,1.000000238418579,mlp,embedding
7283,94692,NaN,NaN,NaN,NaN,2.574211066530552e-07,100.0,1.000000238418579,mlp,embedding
7284,94705,NaN,NaN,NaN,NaN,2.4407708565377106e-07,100.0,1.000000238418579,mlp,embedding
7285,94718,NaN,NaN,NaN,NaN,2.289595215643203e-07,100.0,1.000000238418579,mlp,embedding
7286,94731,NaN,NaN,NaN,NaN,2.2587687453778926e-07,100.0,1.000000238418579,mlp,embedding
7287,94744,NaN,NaN,NaN,NaN,2.1379970860380126e-07,100.0,1.000000238418579,mlp,embedding
7288,94757,NaN,NaN,NaN,NaN,2.1151940643449052e-07,100.0,1.000000238418579,mlp,embedding
7289,94770,NaN,NaN,NaN,NaN,2.1802249250413297e-07,100.0,1.000000238418579,mlp,embedding
7290,94783,NaN,NaN,NaN,NaN,2.89597949176823e-07,100.0,1.000000238418579,mlp,embedding
7291,94796,NaN,NaN,NaN,NaN,0.6492018103599548,87.2121810913086,1.9140124320983887,mlp,embedding
7292,94809,NaN,NaN,NaN,NaN,0.05456341430544853,97.87460327148438,1.056079387664795,mlp,embedding
7293,94822,NaN,NaN,NaN,NaN,0.0039329128339886665,100.0,1.0039407014846802,mlp,embedding
7294,94835,NaN,NaN,NaN,NaN,0.0012615186860784888,100.0,1.0012623071670532,mlp,embedding
7295,94848,NaN,NaN,NaN,NaN,0.00045080544077791274,100.0,1.000450849533081,mlp,embedding
7296,94861,NaN,NaN,NaN,NaN,0.0002700753102544695,100.0,1.000270128250122,mlp,embedding
7297,94874,NaN,NaN,NaN,NaN,0.00019376055570319295,100.0,1.0001938343048096,mlp,embedding
7298,94887,NaN,NaN,NaN,NaN,0.00015363912098109722,100.0,1.000153660774231,mlp,embedding
7299,94900,NaN,NaN,NaN,NaN,0.0001294248941121623,100.0,1.0001294612884521,mlp,embedding
7300,94913,NaN,NaN,NaN,NaN,0.00011196903506061062,100.0,1.0001119375228882,mlp,embedding
7301,94926,NaN,NaN,NaN,NaN,9.807669994188473e-05,100.0,1.0000981092453003,mlp,embedding
7302,94939,NaN,NaN,NaN,NaN,8.669772796565667e-05,100.0,1.0000866651535034,mlp,embedding
7303,94952,NaN,NaN,NaN,NaN,7.746569463051856e-05,100.0,1.000077486038208,mlp,embedding
7304,94965,NaN,NaN,NaN,NaN,6.959207530599087e-05,100.0,1.0000696182250977,mlp,embedding
7305,94978,NaN,NaN,NaN,NaN,6.269974255701527e-05,100.0,1.0000627040863037,mlp,embedding
7306,94991,NaN,NaN,NaN,NaN,5.649857484968379e-05,100.0,1.000056505203247,mlp,embedding
7307,95004,NaN,NaN,NaN,NaN,5.085782322566956e-05,100.0,1.0000509023666382,mlp,embedding
7308,95017,NaN,NaN,NaN,NaN,4.6128152462188154e-05,100.0,1.0000461339950562,mlp,embedding
7309,95030,NaN,NaN,NaN,NaN,4.1723127651493996e-05,100.0,1.0000417232513428,mlp,embedding
7310,95043,NaN,NaN,NaN,NaN,3.7885740312049165e-05,100.0,1.0000379085540771,mlp,embedding
7311,95056,NaN,NaN,NaN,NaN,3.446620030445047e-05,100.0,1.0000344514846802,mlp,embedding
7312,95069,NaN,NaN,NaN,NaN,3.1236751965479925e-05,100.0,1.0000312328338623,mlp,embedding
7313,95082,NaN,NaN,NaN,NaN,2.8339311029412784e-05,100.0,1.000028371810913,mlp,embedding
7314,95095,NaN,NaN,NaN,NaN,2.5704461222630925e-05,100.0,1.000025749206543,mlp,embedding
7315,95108,NaN,NaN,NaN,NaN,2.334471355425194e-05,100.0,1.000023365020752,mlp,embedding
7316,95121,NaN,NaN,NaN,NaN,2.1228666810202412e-05,100.0,1.00002121925354,mlp,embedding
7317,95134,NaN,NaN,NaN,NaN,1.9323673768667504e-05,100.0,1.0000193119049072,mlp,embedding
7318,95147,NaN,NaN,NaN,NaN,1.7612661395105533e-05,100.0,1.0000176429748535,mlp,embedding
7319,95160,NaN,NaN,NaN,NaN,1.6079538909252733e-05,100.0,1.0000160932540894,mlp,embedding
7320,95173,NaN,NaN,NaN,NaN,1.4677122635475826e-05,100.0,1.0000146627426147,mlp,embedding
7321,95186,NaN,NaN,NaN,NaN,1.340705330221681e-05,100.0,1.0000133514404297,mlp,embedding
7322,95199,NaN,NaN,NaN,NaN,1.2260061339475214e-05,100.0,1.0000122785568237,mlp,embedding
7323,95212,NaN,NaN,NaN,NaN,1.1234184057684615e-05,100.0,1.0000112056732178,mlp,embedding
7324,95225,NaN,NaN,NaN,NaN,1.0310369361832272e-05,100.0,1.0000102519989014,mlp,embedding
7325,95238,NaN,NaN,NaN,NaN,9.446996955375653e-06,100.0,1.0000094175338745,mlp,embedding
7326,95251,NaN,NaN,NaN,NaN,8.691965376783628e-06,100.0,1.0000087022781372,mlp,embedding
7327,95264,NaN,NaN,NaN,NaN,8.009970770217478e-06,100.0,1.0000079870224,mlp,embedding
7328,95277,NaN,NaN,NaN,NaN,7.402988558169454e-06,100.0,1.0000073909759521,mlp,embedding
7329,95290,NaN,NaN,NaN,NaN,6.859723725938238e-06,100.0,1.000006914138794,mlp,embedding
7330,95303,NaN,NaN,NaN,NaN,6.363530701491982e-06,100.0,1.0000063180923462,mlp,embedding
7331,95316,NaN,NaN,NaN,NaN,5.8916612033499405e-06,100.0,1.000005841255188,mlp,embedding
7332,95329,NaN,NaN,NaN,NaN,5.485151632456109e-06,100.0,1.0000054836273193,mlp,embedding
7333,95342,NaN,NaN,NaN,NaN,5.105116088088835e-06,100.0,1.0000051259994507,mlp,embedding
7334,95355,NaN,NaN,NaN,NaN,4.7704284042993095e-06,100.0,1.000004768371582,mlp,embedding
7335,95368,NaN,NaN,NaN,NaN,4.461625849216944e-06,100.0,1.0000044107437134,mlp,embedding
7336,95381,NaN,NaN,NaN,NaN,4.161013748671394e-06,100.0,1.0000041723251343,mlp,embedding
7337,95394,2.88714954876923e-06,100.0,1.0000028610229492,0.001,3.900767296727281e-06,100.0,1.0000039339065552,mlp,embedding
7338,95407,NaN,NaN,NaN,NaN,3.6661961075878935e-06,100.0,1.000003695487976,mlp,embedding
7339,95420,NaN,NaN,NaN,NaN,3.4358890843577683e-06,100.0,1.000003457069397,mlp,embedding
7340,95433,NaN,NaN,NaN,NaN,3.2276664114760933e-06,100.0,1.0000032186508179,mlp,embedding
7341,95446,NaN,NaN,NaN,NaN,3.040471938220435e-06,100.0,1.0000030994415283,mlp,embedding
7342,95459,NaN,NaN,NaN,NaN,2.8542917789309286e-06,100.0,1.0000028610229492,mlp,embedding
7343,95472,NaN,NaN,NaN,NaN,2.690703013286111e-06,100.0,1.0000027418136597,mlp,embedding
7344,95485,NaN,NaN,NaN,NaN,2.5352637749165297e-06,100.0,1.0000025033950806,mlp,embedding
7345,95498,NaN,NaN,NaN,NaN,2.390888084846665e-06,100.0,1.000002384185791,mlp,embedding
7346,95511,NaN,NaN,NaN,NaN,2.249045792268589e-06,100.0,1.0000022649765015,mlp,embedding
7347,95524,NaN,NaN,NaN,NaN,2.1176338123041205e-06,100.0,1.000002145767212,mlp,embedding
7348,95537,NaN,NaN,NaN,NaN,1.9927667835872853e-06,100.0,1.0000020265579224,mlp,embedding
7349,95550,NaN,NaN,NaN,NaN,1.8719540548772784e-06,100.0,1.0000019073486328,mlp,embedding
7350,95563,NaN,NaN,NaN,NaN,1.7566310361871729e-06,100.0,1.0000017881393433,mlp,embedding
7351,95576,NaN,NaN,NaN,NaN,1.6441372281406075e-06,100.0,1.0000016689300537,mlp,embedding
7352,95589,NaN,NaN,NaN,NaN,1.548153932162677e-06,100.0,1.0000015497207642,mlp,embedding
7353,95602,NaN,NaN,NaN,NaN,1.4487501402982161e-06,100.0,1.0000014305114746,mlp,embedding
7354,95615,NaN,NaN,NaN,NaN,1.352809590571269e-06,100.0,1.000001311302185,mlp,embedding
7355,95628,NaN,NaN,NaN,NaN,1.2695367104242905e-06,100.0,1.000001311302185,mlp,embedding
7356,95641,NaN,NaN,NaN,NaN,1.1801408845713013e-06,100.0,1.0000011920928955,mlp,embedding
7357,95654,NaN,NaN,NaN,NaN,1.1069600986957084e-06,100.0,1.000001072883606,mlp,embedding
7358,95667,NaN,NaN,NaN,NaN,1.029050054057734e-06,100.0,1.000001072883606,mlp,embedding
7359,95680,NaN,NaN,NaN,NaN,9.57136194301711e-07,100.0,1.0000009536743164,mlp,embedding
7360,95693,NaN,NaN,NaN,NaN,8.956949386629276e-07,100.0,1.0000009536743164,mlp,embedding
7361,95706,NaN,NaN,NaN,NaN,8.301150842271454e-07,100.0,1.0000008344650269,mlp,embedding
7362,95719,NaN,NaN,NaN,NaN,7.72389739722712e-07,100.0,1.0000007152557373,mlp,embedding
7363,95732,NaN,NaN,NaN,NaN,7.195626494649332e-07,100.0,1.0000007152557373,mlp,embedding
7364,95745,NaN,NaN,NaN,NaN,6.68002542170143e-07,100.0,1.0000007152557373,mlp,embedding
7365,95758,NaN,NaN,NaN,NaN,6.210873948475637e-07,100.0,1.0000005960464478,mlp,embedding
7366,95771,NaN,NaN,NaN,NaN,5.759458758802793e-07,100.0,1.0000005960464478,mlp,embedding
7367,95784,NaN,NaN,NaN,NaN,5.270882184049697e-07,100.0,1.0000004768371582,mlp,embedding
7368,95797,NaN,NaN,NaN,NaN,4.911100290883041e-07,100.0,1.0000004768371582,mlp,embedding
7369,95810,NaN,NaN,NaN,NaN,4.515425757745106e-07,100.0,1.0000004768371582,mlp,embedding
7370,95823,NaN,NaN,NaN,NaN,4.150577410655387e-07,100.0,1.0000003576278687,mlp,embedding
7371,95836,NaN,NaN,NaN,NaN,3.8097985566309944e-07,100.0,1.0000003576278687,mlp,embedding
7372,95849,NaN,NaN,NaN,NaN,3.499845320220629e-07,100.0,1.0000003576278687,mlp,embedding
7373,95862,NaN,NaN,NaN,NaN,3.188626465089328e-07,100.0,1.0000003576278687,mlp,embedding
7374,95875,NaN,NaN,NaN,NaN,2.939482044439501e-07,100.0,1.000000238418579,mlp,embedding
7375,95888,NaN,NaN,NaN,NaN,2.6992051971319597e-07,100.0,1.000000238418579,mlp,embedding
7376,95901,NaN,NaN,NaN,NaN,2.5193148189828207e-07,100.0,1.000000238418579,mlp,embedding
7377,95914,NaN,NaN,NaN,NaN,2.412900244053162e-07,100.0,1.000000238418579,mlp,embedding
7378,95927,NaN,NaN,NaN,NaN,2.161222454333256e-07,100.0,1.000000238418579,mlp,embedding
7379,95940,NaN,NaN,NaN,NaN,2.0075128759344807e-07,100.0,1.000000238418579,mlp,embedding
7380,95953,NaN,NaN,NaN,NaN,1.944171117429505e-07,100.0,1.000000238418579,mlp,embedding
7381,95966,NaN,NaN,NaN,NaN,1.923479260312888e-07,100.0,1.000000238418579,mlp,embedding
7382,95979,NaN,NaN,NaN,NaN,1.8170649696003238e-07,100.0,1.000000238418579,mlp,embedding
7383,95992,NaN,NaN,NaN,NaN,1.970352059288416e-07,100.0,1.000000238418579,mlp,embedding
7384,96005,NaN,NaN,NaN,NaN,1.9589506905504095e-07,100.0,1.000000238418579,mlp,embedding
7385,96018,NaN,NaN,NaN,NaN,2.3732057741199242e-07,100.0,1.000000238418579,mlp,embedding
7386,96031,NaN,NaN,NaN,NaN,0.16959235072135925,93.97803497314453,1.1848217248916626,mlp,embedding
7387,96044,NaN,NaN,NaN,NaN,0.09584347903728485,96.3868179321289,1.1005867719650269,mlp,embedding
7388,96057,NaN,NaN,NaN,NaN,0.012005488388240337,99.64576721191406,1.012077808380127,mlp,embedding
7389,96070,NaN,NaN,NaN,NaN,0.002255922183394432,99.9645767211914,1.0022584199905396,mlp,embedding
7390,96083,NaN,NaN,NaN,NaN,0.0005126643809489906,100.0,1.0005128383636475,mlp,embedding
7391,96096,NaN,NaN,NaN,NaN,0.00020781793864443898,100.0,1.000207781791687,mlp,embedding
7392,96109,NaN,NaN,NaN,NaN,0.00014255917631089687,100.0,1.0001425743103027,mlp,embedding
7393,96122,NaN,NaN,NaN,NaN,0.00011465830903034657,100.0,1.0001146793365479,mlp,embedding
7394,96135,NaN,NaN,NaN,NaN,9.720264642965049e-05,100.0,1.0000971555709839,mlp,embedding
7395,96148,NaN,NaN,NaN,NaN,8.518092363374308e-05,100.0,1.0000852346420288,mlp,embedding
7396,96161,NaN,NaN,NaN,NaN,7.570407615276054e-05,100.0,1.0000756978988647,mlp,embedding
7397,96174,NaN,NaN,NaN,NaN,6.726427091052756e-05,100.0,1.0000672340393066,mlp,embedding
7398,96187,NaN,NaN,NaN,NaN,6.023999594617635e-05,100.0,1.0000602006912231,mlp,embedding
7399,96200,NaN,NaN,NaN,NaN,5.413589678937569e-05,100.0,1.000054121017456,mlp,embedding
7400,96213,NaN,NaN,NaN,NaN,4.8668480303604156e-05,100.0,1.0000486373901367,mlp,embedding
7401,96226,NaN,NaN,NaN,NaN,4.391058973851614e-05,100.0,1.0000438690185547,mlp,embedding
7402,96239,NaN,NaN,NaN,NaN,3.9634589484194294e-05,100.0,1.0000395774841309,mlp,embedding
7403,96252,NaN,NaN,NaN,NaN,3.589425978134386e-05,100.0,1.0000358819961548,mlp,embedding
7404,96265,NaN,NaN,NaN,NaN,3.257421121816151e-05,100.0,1.0000325441360474,mlp,embedding
7405,96278,NaN,NaN,NaN,NaN,2.9541703042923473e-05,100.0,1.0000295639038086,mlp,embedding
7406,96291,NaN,NaN,NaN,NaN,2.6900430384557694e-05,100.0,1.0000269412994385,mlp,embedding
7407,96304,NaN,NaN,NaN,NaN,2.4366330762859434e-05,100.0,1.0000243186950684,mlp,embedding
7408,96317,NaN,NaN,NaN,NaN,2.225263051514048e-05,100.0,1.000022292137146,mlp,embedding
7409,96330,NaN,NaN,NaN,NaN,2.016466169152409e-05,100.0,1.000020146369934,mlp,embedding
7410,96343,1.1837491001642775e-05,100.0,1.0000118017196655,0.001,1.8397686289972626e-05,100.0,1.0000183582305908,mlp,embedding
7411,96356,NaN,NaN,NaN,NaN,1.6780089936219156e-05,100.0,1.0000168085098267,mlp,embedding
7412,96369,NaN,NaN,NaN,NaN,1.5329998859670013e-05,100.0,1.000015377998352,mlp,embedding
7413,96382,NaN,NaN,NaN,NaN,1.3966072401672136e-05,100.0,1.0000139474868774,mlp,embedding
7414,96395,NaN,NaN,NaN,NaN,1.276417970075272e-05,100.0,1.000012755393982,mlp,embedding
7415,96408,NaN,NaN,NaN,NaN,1.1625665138126351e-05,100.0,1.000011682510376,mlp,embedding
7416,96421,NaN,NaN,NaN,NaN,1.0616576219035778e-05,100.0,1.00001060962677,mlp,embedding
7417,96434,NaN,NaN,NaN,NaN,9.676367881183978e-06,100.0,1.0000096559524536,mlp,embedding
7418,96447,NaN,NaN,NaN,NaN,8.789495041128248e-06,100.0,1.0000088214874268,mlp,embedding
7419,96460,NaN,NaN,NaN,NaN,8.009667908481788e-06,100.0,1.0000079870224,mlp,embedding
7420,96473,NaN,NaN,NaN,NaN,7.3157880251528695e-06,100.0,1.0000072717666626,mlp,embedding
7421,96486,NaN,NaN,NaN,NaN,6.681981176370755e-06,100.0,1.0000066757202148,mlp,embedding
7422,96499,NaN,NaN,NaN,NaN,6.0819456848548725e-06,100.0,1.000006079673767,mlp,embedding
7423,96512,NaN,NaN,NaN,NaN,5.538355253520422e-06,100.0,1.0000054836273193,mlp,embedding
7424,96525,NaN,NaN,NaN,NaN,5.044495537731564e-06,100.0,1.0000050067901611,mlp,embedding
7425,96538,NaN,NaN,NaN,NaN,4.609324605553411e-06,100.0,1.0000046491622925,mlp,embedding
7426,96551,NaN,NaN,NaN,NaN,4.207086476526456e-06,100.0,1.0000041723251343,mlp,embedding
7427,96564,NaN,NaN,NaN,NaN,3.849856057058787e-06,100.0,1.0000038146972656,mlp,embedding
7428,96577,NaN,NaN,NaN,NaN,3.5391547044127947e-06,100.0,1.0000035762786865,mlp,embedding
7429,96590,NaN,NaN,NaN,NaN,3.242557795601897e-06,100.0,1.0000032186508179,mlp,embedding
7430,96603,NaN,NaN,NaN,NaN,2.9828215701854788e-06,100.0,1.0000029802322388,mlp,embedding
7431,96616,NaN,NaN,NaN,NaN,2.7493078960105777e-06,100.0,1.0000027418136597,mlp,embedding
7432,96629,NaN,NaN,NaN,NaN,2.5422280032216804e-06,100.0,1.0000025033950806,mlp,embedding
7433,96642,NaN,NaN,NaN,NaN,2.353725903958548e-06,100.0,1.000002384185791,mlp,embedding
7434,96655,NaN,NaN,NaN,NaN,2.1823684619448613e-06,100.0,1.000002145767212,mlp,embedding
7435,96668,NaN,NaN,NaN,NaN,2.0371912796690594e-06,100.0,1.0000020265579224,mlp,embedding
7436,96681,NaN,NaN,NaN,NaN,1.8973340729644406e-06,100.0,1.0000019073486328,mlp,embedding
7437,96694,NaN,NaN,NaN,NaN,1.7789706134863081e-06,100.0,1.0000017881393433,mlp,embedding
7438,96707,NaN,NaN,NaN,NaN,1.6699813158993493e-06,100.0,1.0000016689300537,mlp,embedding
7439,96720,NaN,NaN,NaN,NaN,1.572984729136806e-06,100.0,1.0000015497207642,mlp,embedding
7440,96733,NaN,NaN,NaN,NaN,1.483588789596979e-06,100.0,1.0000014305114746,mlp,embedding
7441,96746,NaN,NaN,NaN,NaN,1.3987956890559872e-06,100.0,1.0000014305114746,mlp,embedding
7442,96759,NaN,NaN,NaN,NaN,1.3293314395923517e-06,100.0,1.000001311302185,mlp,embedding
7443,96772,NaN,NaN,NaN,NaN,1.2607536064024316e-06,100.0,1.000001311302185,mlp,embedding
7444,96785,NaN,NaN,NaN,NaN,1.1983830745521118e-06,100.0,1.0000011920928955,mlp,embedding
7445,96798,NaN,NaN,NaN,NaN,1.1375331041563186e-06,100.0,1.0000011920928955,mlp,embedding
7446,96811,NaN,NaN,NaN,NaN,1.0842840083569172e-06,100.0,1.000001072883606,mlp,embedding
7447,96824,NaN,NaN,NaN,NaN,1.035595232679043e-06,100.0,1.000001072883606,mlp,embedding
7448,96837,NaN,NaN,NaN,NaN,9.866109849099303e-07,100.0,1.0000009536743164,mlp,embedding
7449,96850,NaN,NaN,NaN,NaN,9.399915938956838e-07,100.0,1.0000009536743164,mlp,embedding
7450,96863,NaN,NaN,NaN,NaN,8.964969424596347e-07,100.0,1.0000009536743164,mlp,embedding
7451,96876,NaN,NaN,NaN,NaN,8.58829764638358e-07,100.0,1.0000008344650269,mlp,embedding
7452,96889,NaN,NaN,NaN,NaN,8.181222597158921e-07,100.0,1.0000008344650269,mlp,embedding
7453,96902,NaN,NaN,NaN,NaN,7.791459211148322e-07,100.0,1.0000008344650269,mlp,embedding
7454,96915,NaN,NaN,NaN,NaN,7.432523148054315e-07,100.0,1.0000007152557373,mlp,embedding
7455,96928,NaN,NaN,NaN,NaN,7.103569146238442e-07,100.0,1.0000007152557373,mlp,embedding
7456,96941,NaN,NaN,NaN,NaN,6.772081064809754e-07,100.0,1.0000007152557373,mlp,embedding
7457,96954,NaN,NaN,NaN,NaN,6.449038210121216e-07,100.0,1.0000005960464478,mlp,embedding
7458,96967,NaN,NaN,NaN,NaN,6.11332666267117e-07,100.0,1.0000005960464478,mlp,embedding
7459,96980,NaN,NaN,NaN,NaN,5.799996642963379e-07,100.0,1.0000005960464478,mlp,embedding
7460,96993,NaN,NaN,NaN,NaN,5.531849751605478e-07,100.0,1.0000005960464478,mlp,embedding
7461,97006,NaN,NaN,NaN,NaN,5.237521918388666e-07,100.0,1.0000004768371582,mlp,embedding
7462,97019,NaN,NaN,NaN,NaN,4.956284556101309e-07,100.0,1.0000004768371582,mlp,embedding
7463,97032,NaN,NaN,NaN,NaN,4.699961664300645e-07,100.0,1.0000004768371582,mlp,embedding
7464,97045,NaN,NaN,NaN,NaN,4.42801422195771e-07,100.0,1.0000004768371582,mlp,embedding
7465,97058,NaN,NaN,NaN,NaN,4.1611343704062165e-07,100.0,1.0000003576278687,mlp,embedding
7466,97071,NaN,NaN,NaN,NaN,3.946616686789639e-07,100.0,1.0000003576278687,mlp,embedding
7467,97084,NaN,NaN,NaN,NaN,3.67509159104884e-07,100.0,1.0000003576278687,mlp,embedding
7468,97097,NaN,NaN,NaN,NaN,3.4639521118151606e-07,100.0,1.0000003576278687,mlp,embedding
7469,97110,NaN,NaN,NaN,NaN,3.267592774136574e-07,100.0,1.0000003576278687,mlp,embedding
7470,97123,NaN,NaN,NaN,NaN,3.048852192932827e-07,100.0,1.0000003576278687,mlp,embedding
7471,97136,NaN,NaN,NaN,NaN,2.8461585088734864e-07,100.0,1.000000238418579,mlp,embedding
7472,97149,NaN,NaN,NaN,NaN,2.684847970613191e-07,100.0,1.000000238418579,mlp,embedding
7473,97162,NaN,NaN,NaN,NaN,2.553519493631029e-07,100.0,1.000000238418579,mlp,embedding
7474,97175,NaN,NaN,NaN,NaN,2.418812528048875e-07,100.0,1.000000238418579,mlp,embedding
7475,97188,NaN,NaN,NaN,NaN,2.3301339524550713e-07,100.0,1.000000238418579,mlp,embedding
7476,97201,NaN,NaN,NaN,NaN,2.3259109127593547e-07,100.0,1.000000238418579,mlp,embedding
7477,97214,NaN,NaN,NaN,NaN,2.386296671375021e-07,100.0,1.000000238418579,mlp,embedding
7478,97227,NaN,NaN,NaN,NaN,2.2777713581945136e-07,100.0,1.000000238418579,mlp,embedding
7479,97240,NaN,NaN,NaN,NaN,1.7829632759094238,72.7948989868164,5.947454452514648,mlp,embedding
7480,97253,NaN,NaN,NaN,NaN,0.0368066132068634,98.68933868408203,1.0374923944473267,mlp,embedding
7481,97266,NaN,NaN,NaN,NaN,0.00953124649822712,99.78746032714844,1.0095767974853516,mlp,embedding
7482,97279,NaN,NaN,NaN,NaN,0.0007048664265312254,100.0,1.0007051229476929,mlp,embedding
7483,97292,NaN,NaN,NaN,NaN,0.0003096169966738671,100.0,1.000309705734253,mlp,embedding
7484,97305,0.0001437500905012712,100.0,1.0001437664031982,0.001,0.0001669854682404548,100.0,1.0001670122146606,mlp,embedding
7485,97318,NaN,NaN,NaN,NaN,0.00011582142178667709,100.0,1.0001158714294434,mlp,embedding
7486,97331,NaN,NaN,NaN,NaN,9.212607255904004e-05,100.0,1.0000921487808228,mlp,embedding
7487,97344,NaN,NaN,NaN,NaN,7.746177288936451e-05,100.0,1.000077486038208,mlp,embedding
7488,97357,NaN,NaN,NaN,NaN,6.793763168388978e-05,100.0,1.000067949295044,mlp,embedding
7489,97370,NaN,NaN,NaN,NaN,6.1013535741949454e-05,100.0,1.00006103515625,mlp,embedding
7490,97383,NaN,NaN,NaN,NaN,5.51188932149671e-05,100.0,1.0000550746917725,mlp,embedding
7491,97396,NaN,NaN,NaN,NaN,5.028282612329349e-05,100.0,1.0000503063201904,mlp,embedding
7492,97409,NaN,NaN,NaN,NaN,4.5997134293429554e-05,100.0,1.0000460147857666,mlp,embedding
7493,97422,NaN,NaN,NaN,NaN,4.2048151954077184e-05,100.0,1.0000420808792114,mlp,embedding
7494,97435,NaN,NaN,NaN,NaN,3.856276816804893e-05,100.0,1.000038504600525,mlp,embedding
7495,97448,NaN,NaN,NaN,NaN,3.519846359267831e-05,100.0,1.0000351667404175,mlp,embedding
7496,97461,NaN,NaN,NaN,NaN,3.231890877941623e-05,100.0,1.0000323057174683,mlp,embedding
7497,97474,NaN,NaN,NaN,NaN,2.960026540677063e-05,100.0,1.0000295639038086,mlp,embedding
7498,97487,NaN,NaN,NaN,NaN,2.707591193029657e-05,100.0,1.000027060508728,mlp,embedding
7499,97500,NaN,NaN,NaN,NaN,2.484142351022456e-05,100.0,1.0000247955322266,mlp,embedding
7500,97513,NaN,NaN,NaN,NaN,2.2773470846004784e-05,100.0,1.0000227689743042,mlp,embedding
7501,97526,NaN,NaN,NaN,NaN,2.087867324007675e-05,100.0,1.0000208616256714,mlp,embedding
7502,97539,NaN,NaN,NaN,NaN,1.9135877664666623e-05,100.0,1.0000191926956177,mlp,embedding
7503,97552,NaN,NaN,NaN,NaN,1.746799171087332e-05,100.0,1.000017523765564,mlp,embedding
7504,97565,NaN,NaN,NaN,NaN,1.5979918316588737e-05,100.0,1.0000159740447998,mlp,embedding
7505,97578,NaN,NaN,NaN,NaN,1.461900865251664e-05,100.0,1.0000146627426147,mlp,embedding
7506,97591,NaN,NaN,NaN,NaN,1.3373054571275134e-05,100.0,1.0000133514404297,mlp,embedding
7507,97604,NaN,NaN,NaN,NaN,1.2253732165845577e-05,100.0,1.0000122785568237,mlp,embedding
7508,97617,NaN,NaN,NaN,NaN,1.1227702998439781e-05,100.0,1.0000112056732178,mlp,embedding
7509,97630,NaN,NaN,NaN,NaN,1.030362727760803e-05,100.0,1.0000102519989014,mlp,embedding
7510,97643,NaN,NaN,NaN,NaN,9.453709935769439e-06,100.0,1.0000094175338745,mlp,embedding
7511,97656,NaN,NaN,NaN,NaN,8.681987310410477e-06,100.0,1.0000087022781372,mlp,embedding
7512,97669,NaN,NaN,NaN,NaN,7.981276212376542e-06,100.0,1.0000079870224,mlp,embedding
7513,97682,NaN,NaN,NaN,NaN,7.362512860709103e-06,100.0,1.0000073909759521,mlp,embedding
7514,97695,NaN,NaN,NaN,NaN,6.788124210288515e-06,100.0,1.0000067949295044,mlp,embedding
7515,97708,NaN,NaN,NaN,NaN,6.290068995440379e-06,100.0,1.0000063180923462,mlp,embedding
7516,97721,NaN,NaN,NaN,NaN,5.8306518440076616e-06,100.0,1.000005841255188,mlp,embedding
7517,97734,NaN,NaN,NaN,NaN,5.404296643973794e-06,100.0,1.0000053644180298,mlp,embedding
7518,97747,NaN,NaN,NaN,NaN,5.024680831411388e-06,100.0,1.0000050067901611,mlp,embedding
7519,97760,NaN,NaN,NaN,NaN,4.678381174016977e-06,100.0,1.0000046491622925,mlp,embedding
7520,97773,NaN,NaN,NaN,NaN,4.371604063635459e-06,100.0,1.0000044107437134,mlp,embedding
7521,97786,NaN,NaN,NaN,NaN,4.091513346793363e-06,100.0,1.0000040531158447,mlp,embedding
7522,97799,NaN,NaN,NaN,NaN,3.836336418316932e-06,100.0,1.0000038146972656,mlp,embedding
7523,97812,NaN,NaN,NaN,NaN,3.6097446809435496e-06,100.0,1.0000035762786865,mlp,embedding
7524,97825,NaN,NaN,NaN,NaN,3.3961180179176154e-06,100.0,1.0000033378601074,mlp,embedding
7525,97838,NaN,NaN,NaN,NaN,3.19866285281023e-06,100.0,1.0000032186508179,mlp,embedding
7526,97851,NaN,NaN,NaN,NaN,3.017465360244387e-06,100.0,1.0000029802322388,mlp,embedding
7527,97864,NaN,NaN,NaN,NaN,2.854636250049225e-06,100.0,1.0000028610229492,mlp,embedding
7528,97877,NaN,NaN,NaN,NaN,2.697676563911955e-06,100.0,1.0000027418136597,mlp,embedding
7529,97890,NaN,NaN,NaN,NaN,2.5609440399421146e-06,100.0,1.0000025033950806,mlp,embedding
7530,97903,NaN,NaN,NaN,NaN,2.4220155410148436e-06,100.0,1.000002384185791,mlp,embedding
7531,97916,NaN,NaN,NaN,NaN,2.2963040464674123e-06,100.0,1.0000022649765015,mlp,embedding
7532,97929,NaN,NaN,NaN,NaN,2.169030040022335e-06,100.0,1.000002145767212,mlp,embedding
7533,97942,NaN,NaN,NaN,NaN,2.058224708889611e-06,100.0,1.0000020265579224,mlp,embedding
7534,97955,NaN,NaN,NaN,NaN,1.9423516732786084e-06,100.0,1.0000019073486328,mlp,embedding
7535,97968,NaN,NaN,NaN,NaN,1.8329820932194707e-06,100.0,1.0000017881393433,mlp,embedding
7536,97981,NaN,NaN,NaN,NaN,1.7309175746049732e-06,100.0,1.0000017881393433,mlp,embedding
7537,97994,NaN,NaN,NaN,NaN,1.6305000372085487e-06,100.0,1.0000016689300537,mlp,embedding
7538,98007,NaN,NaN,NaN,NaN,1.5406815236929106e-06,100.0,1.0000015497207642,mlp,embedding
7539,98020,NaN,NaN,NaN,NaN,1.4473582723439904e-06,100.0,1.0000014305114746,mlp,embedding
7540,98033,NaN,NaN,NaN,NaN,1.361171598546207e-06,100.0,1.000001311302185,mlp,embedding
7541,98046,NaN,NaN,NaN,NaN,1.2798831221516593e-06,100.0,1.000001311302185,mlp,embedding
7542,98059,NaN,NaN,NaN,NaN,1.2005369853795855e-06,100.0,1.0000011920928955,mlp,embedding
7543,98072,NaN,NaN,NaN,NaN,1.1302701068416354e-06,100.0,1.000001072883606,mlp,embedding
7544,98085,NaN,NaN,NaN,NaN,1.0595808817015495e-06,100.0,1.000001072883606,mlp,embedding
7545,98098,NaN,NaN,NaN,NaN,9.97717052086955e-07,100.0,1.0000009536743164,mlp,embedding
7546,98111,NaN,NaN,NaN,NaN,9.361913271277444e-07,100.0,1.0000009536743164,mlp,embedding
7547,98124,NaN,NaN,NaN,NaN,8.800283239907003e-07,100.0,1.0000008344650269,mlp,embedding
7548,98137,NaN,NaN,NaN,NaN,8.235275004153664e-07,100.0,1.0000008344650269,mlp,embedding
7549,98150,NaN,NaN,NaN,NaN,7.722208010818576e-07,100.0,1.0000007152557373,mlp,embedding
7550,98163,NaN,NaN,NaN,NaN,7.252211844388512e-07,100.0,1.0000007152557373,mlp,embedding
7551,98176,NaN,NaN,NaN,NaN,6.807130716879328e-07,100.0,1.0000007152557373,mlp,embedding
7552,98189,NaN,NaN,NaN,NaN,6.407656201190548e-07,100.0,1.0000005960464478,mlp,embedding
7553,98202,NaN,NaN,NaN,NaN,5.993400691295392e-07,100.0,1.0000005960464478,mlp,embedding
7554,98215,NaN,NaN,NaN,NaN,5.675847205566242e-07,100.0,1.0000005960464478,mlp,embedding
7555,98228,NaN,NaN,NaN,NaN,5.306775392455165e-07,100.0,1.0000004768371582,mlp,embedding
7556,98241,NaN,NaN,NaN,NaN,4.986265480511065e-07,100.0,1.0000004768371582,mlp,embedding
7557,98254,NaN,NaN,NaN,NaN,4.6577338252973277e-07,100.0,1.0000004768371582,mlp,embedding
7558,98267,2.810812134157459e-07,100.0,1.000000238418579,0.001,4.368895361039904e-07,100.0,1.0000004768371582,mlp,embedding
7559,98280,NaN,NaN,NaN,NaN,4.0745663909547147e-07,100.0,1.0000003576278687,mlp,embedding
7560,98293,NaN,NaN,NaN,NaN,3.7582799450319726e-07,100.0,1.0000003576278687,mlp,embedding
7561,98306,NaN,NaN,NaN,NaN,3.4546619076536444e-07,100.0,1.0000003576278687,mlp,embedding
7562,98319,NaN,NaN,NaN,NaN,3.2143853445631976e-07,100.0,1.0000003576278687,mlp,embedding
7563,98332,NaN,NaN,NaN,NaN,2.9445493510138476e-07,100.0,1.000000238418579,mlp,embedding
7564,98345,NaN,NaN,NaN,NaN,2.78661701713645e-07,100.0,1.000000238418579,mlp,embedding
7565,98358,NaN,NaN,NaN,NaN,2.5856124352685583e-07,100.0,1.000000238418579,mlp,embedding
7566,98371,NaN,NaN,NaN,NaN,2.425568652597576e-07,100.0,1.000000238418579,mlp,embedding
7567,98384,NaN,NaN,NaN,NaN,2.269325705128722e-07,100.0,1.000000238418579,mlp,embedding
7568,98397,NaN,NaN,NaN,NaN,2.2279424172211293e-07,100.0,1.000000238418579,mlp,embedding
7569,98410,NaN,NaN,NaN,NaN,2.200072088953675e-07,100.0,1.000000238418579,mlp,embedding
7570,98423,NaN,NaN,NaN,NaN,2.3161980777786084e-07,100.0,1.000000238418579,mlp,embedding
7571,98436,NaN,NaN,NaN,NaN,2.3668717119562643e-07,100.0,1.000000238418579,mlp,embedding
7572,98449,NaN,NaN,NaN,NaN,5.112395683681825e-06,100.0,1.0000051259994507,mlp,embedding
7573,98462,NaN,NaN,NaN,NaN,0.5817406177520752,88.98335266113281,1.7891499996185303,mlp,embedding
7574,98475,NaN,NaN,NaN,NaN,0.024188315495848656,99.32695770263672,1.0244832038879395,mlp,embedding
7575,98488,NaN,NaN,NaN,NaN,0.0009540878818370402,100.0,1.000954508781433,mlp,embedding
7576,98501,NaN,NaN,NaN,NaN,0.0004115397750865668,100.0,1.0004116296768188,mlp,embedding
7577,98514,NaN,NaN,NaN,NaN,0.00020261359168216586,100.0,1.0002026557922363,mlp,embedding
7578,98527,NaN,NaN,NaN,NaN,0.00014365169045049697,100.0,1.0001436471939087,mlp,embedding
7579,98540,NaN,NaN,NaN,NaN,0.00011321342026349157,100.0,1.0001132488250732,mlp,embedding
7580,98553,NaN,NaN,NaN,NaN,9.384236909681931e-05,100.0,1.0000938177108765,mlp,embedding
7581,98566,NaN,NaN,NaN,NaN,8.101256389636546e-05,100.0,1.0000810623168945,mlp,embedding
7582,98579,NaN,NaN,NaN,NaN,7.13327171979472e-05,100.0,1.0000712871551514,mlp,embedding
7583,98592,NaN,NaN,NaN,NaN,6.36706463410519e-05,100.0,1.0000636577606201,mlp,embedding
7584,98605,NaN,NaN,NaN,NaN,5.6862008932512254e-05,100.0,1.0000568628311157,mlp,embedding
7585,98618,NaN,NaN,NaN,NaN,5.1122024160576984e-05,100.0,1.0000511407852173,mlp,embedding
7586,98631,NaN,NaN,NaN,NaN,4.598724262905307e-05,100.0,1.0000460147857666,mlp,embedding
7587,98644,NaN,NaN,NaN,NaN,4.1602907003834844e-05,100.0,1.0000416040420532,mlp,embedding
7588,98657,NaN,NaN,NaN,NaN,3.7726938899140805e-05,100.0,1.000037670135498,mlp,embedding
7589,98670,NaN,NaN,NaN,NaN,3.410995486774482e-05,100.0,1.0000340938568115,mlp,embedding
7590,98683,NaN,NaN,NaN,NaN,3.095979991485365e-05,100.0,1.0000309944152832,mlp,embedding
7591,98696,NaN,NaN,NaN,NaN,2.8073271096218377e-05,100.0,1.0000280141830444,mlp,embedding
7592,98709,NaN,NaN,NaN,NaN,2.5479008399997838e-05,100.0,1.0000255107879639,mlp,embedding
7593,98722,NaN,NaN,NaN,NaN,2.3200398572953418e-05,100.0,1.0000232458114624,mlp,embedding
7594,98735,NaN,NaN,NaN,NaN,2.1063058738945983e-05,100.0,1.0000211000442505,mlp,embedding
7595,98748,NaN,NaN,NaN,NaN,1.9120181605103426e-05,100.0,1.0000190734863281,mlp,embedding
7596,98761,NaN,NaN,NaN,NaN,1.7408952771802433e-05,100.0,1.0000174045562744,mlp,embedding
7597,98774,NaN,NaN,NaN,NaN,1.5843537767068483e-05,100.0,1.0000158548355103,mlp,embedding
7598,98787,NaN,NaN,NaN,NaN,1.4421977539313957e-05,100.0,1.0000144243240356,mlp,embedding
7599,98800,NaN,NaN,NaN,NaN,1.314225301030092e-05,100.0,1.0000131130218506,mlp,embedding
7600,98813,NaN,NaN,NaN,NaN,1.1994831766060088e-05,100.0,1.0000120401382446,mlp,embedding
7601,98826,NaN,NaN,NaN,NaN,1.0943538654828444e-05,100.0,1.0000109672546387,mlp,embedding
7602,98839,NaN,NaN,NaN,NaN,9.998375389841385e-06,100.0,1.0000100135803223,mlp,embedding
7603,98852,NaN,NaN,NaN,NaN,9.132195373240393e-06,100.0,1.0000091791152954,mlp,embedding
7604,98865,NaN,NaN,NaN,NaN,8.363674169231672e-06,100.0,1.0000083446502686,mlp,embedding
7605,98878,NaN,NaN,NaN,NaN,7.670010745641775e-06,100.0,1.0000076293945312,mlp,embedding
7606,98891,NaN,NaN,NaN,NaN,7.035499038465787e-06,100.0,1.0000070333480835,mlp,embedding
7607,98904,NaN,NaN,NaN,NaN,6.482558092102408e-06,100.0,1.0000064373016357,mlp,embedding
7608,98917,NaN,NaN,NaN,NaN,5.980832611385267e-06,100.0,1.0000059604644775,mlp,embedding
7609,98930,NaN,NaN,NaN,NaN,5.520148988580331e-06,100.0,1.0000054836273193,mlp,embedding
7610,98943,NaN,NaN,NaN,NaN,5.117188266012818e-06,100.0,1.0000051259994507,mlp,embedding
7611,98956,NaN,NaN,NaN,NaN,4.749522759084357e-06,100.0,1.000004768371582,mlp,embedding
7612,98969,NaN,NaN,NaN,NaN,4.424927738000406e-06,100.0,1.0000044107437134,mlp,embedding
7613,98982,NaN,NaN,NaN,NaN,4.1279472497990355e-06,100.0,1.0000041723251343,mlp,embedding
7614,98995,NaN,NaN,NaN,NaN,3.86335432267515e-06,100.0,1.0000038146972656,mlp,embedding
7615,99008,NaN,NaN,NaN,NaN,3.621942823883728e-06,100.0,1.0000035762786865,mlp,embedding
7616,99021,NaN,NaN,NaN,NaN,3.4115266771550523e-06,100.0,1.000003457069397,mlp,embedding
7617,99034,NaN,NaN,NaN,NaN,3.2208292850555154e-06,100.0,1.0000032186508179,mlp,embedding
7618,99047,NaN,NaN,NaN,NaN,3.040814135601977e-06,100.0,1.0000030994415283,mlp,embedding
7619,99060,NaN,NaN,NaN,NaN,2.8830104383814614e-06,100.0,1.0000028610229492,mlp,embedding
7620,99073,NaN,NaN,NaN,NaN,2.738551074799034e-06,100.0,1.0000027418136597,mlp,embedding
7621,99086,NaN,NaN,NaN,NaN,2.6034661004814552e-06,100.0,1.0000026226043701,mlp,embedding
7622,99099,NaN,NaN,NaN,NaN,2.4809642127365805e-06,100.0,1.0000025033950806,mlp,embedding
7623,99112,NaN,NaN,NaN,NaN,2.368892637605313e-06,100.0,1.000002384185791,mlp,embedding
7624,99125,NaN,NaN,NaN,NaN,2.2588471892959205e-06,100.0,1.0000022649765015,mlp,embedding
7625,99138,NaN,NaN,NaN,NaN,2.156234586436767e-06,100.0,1.000002145767212,mlp,embedding
7626,99151,NaN,NaN,NaN,NaN,2.0616444089682773e-06,100.0,1.0000020265579224,mlp,embedding
7627,99164,NaN,NaN,NaN,NaN,1.966420995813678e-06,100.0,1.0000019073486328,mlp,embedding
7628,99177,NaN,NaN,NaN,NaN,1.8783763380270102e-06,100.0,1.0000019073486328,mlp,embedding
7629,99190,NaN,NaN,NaN,NaN,1.7883050986711169e-06,100.0,1.0000017881393433,mlp,embedding
7630,99203,NaN,NaN,NaN,NaN,1.7036808230841416e-06,100.0,1.0000016689300537,mlp,embedding
7631,99216,NaN,NaN,NaN,NaN,1.6246727909674519e-06,100.0,1.0000016689300537,mlp,embedding
7632,99229,NaN,NaN,NaN,NaN,1.548831846776011e-06,100.0,1.0000015497207642,mlp,embedding
7633,99242,1.028211272569024e-06,100.0,1.000001072883606,0.001,1.4683879498988972e-06,100.0,1.0000014305114746,mlp,embedding
7634,99255,NaN,NaN,NaN,NaN,1.3941938732386916e-06,100.0,1.0000014305114746,mlp,embedding
7635,99268,NaN,NaN,NaN,NaN,1.321815489063738e-06,100.0,1.000001311302185,mlp,embedding
7636,99281,NaN,NaN,NaN,NaN,1.2565312772494508e-06,100.0,1.000001311302185,mlp,embedding
7637,99294,NaN,NaN,NaN,NaN,1.1857155186589807e-06,100.0,1.0000011920928955,mlp,embedding
7638,99307,NaN,NaN,NaN,NaN,1.1221627573831938e-06,100.0,1.000001072883606,mlp,embedding
7639,99320,NaN,NaN,NaN,NaN,1.0579342415439896e-06,100.0,1.000001072883606,mlp,embedding
7640,99333,NaN,NaN,NaN,NaN,9.978862181014847e-07,100.0,1.0000009536743164,mlp,embedding
7641,99346,NaN,NaN,NaN,NaN,9.414277428732021e-07,100.0,1.0000009536743164,mlp,embedding
7642,99359,NaN,NaN,NaN,NaN,8.853914437167987e-07,100.0,1.0000008344650269,mlp,embedding
7643,99372,NaN,NaN,NaN,NaN,8.316776529682102e-07,100.0,1.0000008344650269,mlp,embedding
7644,99385,NaN,NaN,NaN,NaN,7.823132932571752e-07,100.0,1.0000008344650269,mlp,embedding
7645,99398,NaN,NaN,NaN,NaN,7.37594007205189e-07,100.0,1.0000007152557373,mlp,embedding
7646,99411,NaN,NaN,NaN,NaN,6.922413149368367e-07,100.0,1.0000007152557373,mlp,embedding
7647,99424,NaN,NaN,NaN,NaN,6.456218102357525e-07,100.0,1.0000005960464478,mlp,embedding
7648,99437,NaN,NaN,NaN,NaN,6.04703018325381e-07,100.0,1.0000005960464478,mlp,embedding
7649,99450,NaN,NaN,NaN,NaN,5.661067348228244e-07,100.0,1.0000005960464478,mlp,embedding
7650,99463,NaN,NaN,NaN,NaN,5.28819612100051e-07,100.0,1.0000004768371582,mlp,embedding
7651,99476,NaN,NaN,NaN,NaN,4.911945552521502e-07,100.0,1.0000004768371582,mlp,embedding
7652,99489,NaN,NaN,NaN,NaN,4.57581165846932e-07,100.0,1.0000004768371582,mlp,embedding
7653,99502,NaN,NaN,NaN,NaN,4.215185924749676e-07,100.0,1.0000004768371582,mlp,embedding
7654,99515,NaN,NaN,NaN,NaN,3.8942542346376285e-07,100.0,1.0000003576278687,mlp,embedding
7655,99528,NaN,NaN,NaN,NaN,3.620195343501109e-07,100.0,1.0000003576278687,mlp,embedding
7656,99541,NaN,NaN,NaN,NaN,3.3360018392158963e-07,100.0,1.0000003576278687,mlp,embedding
7657,99554,NaN,NaN,NaN,NaN,3.074188725804561e-07,100.0,1.0000003576278687,mlp,embedding
7658,99567,NaN,NaN,NaN,NaN,2.906122062995564e-07,100.0,1.000000238418579,mlp,embedding
7659,99580,NaN,NaN,NaN,NaN,2.6198171099167666e-07,100.0,1.000000238418579,mlp,embedding
7660,99593,NaN,NaN,NaN,NaN,2.5163589612020587e-07,100.0,1.000000238418579,mlp,embedding
7661,99606,NaN,NaN,NaN,NaN,2.3592711784203857e-07,100.0,1.000000238418579,mlp,embedding
7662,99619,NaN,NaN,NaN,NaN,2.3326673215251503e-07,100.0,1.000000238418579,mlp,embedding
7663,99632,NaN,NaN,NaN,NaN,2.2169632529767114e-07,100.0,1.000000238418579,mlp,embedding
7664,99645,NaN,NaN,NaN,NaN,2.2541237854056817e-07,100.0,1.000000238418579,mlp,embedding
7665,99658,NaN,NaN,NaN,NaN,2.2490563367227878e-07,100.0,1.000000238418579,mlp,embedding
7666,99671,NaN,NaN,NaN,NaN,2.363493933899008e-07,100.0,1.000000238418579,mlp,embedding
7667,99684,NaN,NaN,NaN,NaN,2.500734126442694e-07,100.0,1.000000238418579,mlp,embedding
7668,99697,NaN,NaN,NaN,NaN,0.4253784120082855,90.04605102539062,1.5301693677902222,mlp,embedding
7669,99710,NaN,NaN,NaN,NaN,0.04297475144267082,98.54764556884766,1.0439115762710571,mlp,embedding
7670,99723,NaN,NaN,NaN,NaN,0.0036915382370352745,100.0,1.0036983489990234,mlp,embedding
7671,99736,NaN,NaN,NaN,NaN,0.00040037737926468253,100.0,1.000400424003601,mlp,embedding
7672,99749,NaN,NaN,NaN,NaN,0.00023200735449790955,100.0,1.0002319812774658,mlp,embedding
7673,99762,NaN,NaN,NaN,NaN,0.00012417354446370155,100.0,1.000124216079712,mlp,embedding
7674,99775,NaN,NaN,NaN,NaN,8.779816562309861e-05,100.0,1.000087857246399,mlp,embedding
7675,99788,NaN,NaN,NaN,NaN,7.003306382102892e-05,100.0,1.0000700950622559,mlp,embedding
7676,99801,NaN,NaN,NaN,NaN,5.921403135289438e-05,100.0,1.0000592470169067,mlp,embedding
7677,99814,NaN,NaN,NaN,NaN,5.120050991536118e-05,100.0,1.0000512599945068,mlp,embedding
7678,99827,NaN,NaN,NaN,NaN,4.5386306737782434e-05,100.0,1.0000454187393188,mlp,embedding
7679,99840,NaN,NaN,NaN,NaN,4.063258893438615e-05,100.0,1.0000406503677368,mlp,embedding
7680,99853,NaN,NaN,NaN,NaN,3.6696295865112916e-05,100.0,1.0000367164611816,mlp,embedding
7681,99866,NaN,NaN,NaN,NaN,3.3296197216259316e-05,100.0,1.0000332593917847,mlp,embedding
7682,99879,NaN,NaN,NaN,NaN,3.0196268198778853e-05,100.0,1.0000301599502563,mlp,embedding
7683,99892,NaN,NaN,NaN,NaN,2.7499945645104162e-05,100.0,1.0000275373458862,mlp,embedding
7684,99905,NaN,NaN,NaN,NaN,2.5201603421010077e-05,100.0,1.0000251531600952,mlp,embedding
7685,99918,NaN,NaN,NaN,NaN,2.309680166945327e-05,100.0,1.0000231266021729,mlp,embedding
7686,99931,NaN,NaN,NaN,NaN,2.119884629792068e-05,100.0,1.00002121925354,mlp,embedding
7687,99944,NaN,NaN,NaN,NaN,1.944865107361693e-05,100.0,1.0000194311141968,mlp,embedding
7688,99957,NaN,NaN,NaN,NaN,1.7863936591311358e-05,100.0,1.0000178813934326,mlp,embedding
7689,99970,NaN,NaN,NaN,NaN,1.6422889530076645e-05,100.0,1.000016450881958,mlp,embedding
7690,99983,NaN,NaN,NaN,NaN,1.5109502783161588e-05,100.0,1.000015139579773,mlp,embedding
7691,99996,NaN,NaN,NaN,NaN,1.3923759979661554e-05,100.0,1.0000139474868774,mlp,embedding
7692,100009,NaN,NaN,NaN,NaN,1.2772416994266678e-05,100.0,1.000012755393982,mlp,embedding
