epoch,global_step,train_loss,train_accuracy,train_perplexity,learning_rate,val_loss,val_accuracy,val_perplexity,model_type,encoding,k_value,total_param_l2_norm
0,2,4.823386192321777,0.0,124.38557434082031,0.0002,4.674249172210693,0.0,107.15208435058594,transformer,embedding,2,295.6106580502819
1,4,4.564810752868652,0.0,96.04441833496094,0.0004,4.063827991485596,0.01090037077665329,58.19666290283203,transformer,embedding,2,295.62674351222813
2,6,3.848388671875,0.0,46.91740417480469,0.0006,3.250929832458496,0.0,25.8143310546875,transformer,embedding,2,295.6895657014102
3,8,3.0896337032318115,0.0,21.96902847290039,0.0008,2.9469926357269287,0.0,19.048582077026367,transformer,embedding,2,295.8332678396255
4,10,2.880654811859131,0.0,17.82594108581543,0.001,2.9250452518463135,0.0,18.635068893432617,transformer,embedding,2,296.0411922261119
5,12,2.7922747135162354,0.0,16.318096160888672,0.001,2.7573208808898926,0.0,15.757570266723633,transformer,embedding,2,296.2888011112809
6,14,2.5862863063812256,0.0,13.28036117553711,0.001,2.6371970176696777,0.0,13.973979949951172,transformer,embedding,2,296.5511634647846
7,16,2.468165874481201,0.0,11.800783157348633,0.001,2.5956368446350098,0.0,13.405121803283691,transformer,embedding,2,296.81859964877367
8,18,2.397310256958008,0.0,10.993566513061523,0.001,2.5282957553863525,0.9701330065727234,12.532130241394043,transformer,embedding,2,297.073693908751
9,20,2.314004421234131,3.4042553901672363,10.114848136901855,0.001,2.475719928741455,0.9701330065727234,11.890264511108398,transformer,embedding,2,297.32793667167425
10,22,2.2576045989990234,3.4042556285858154,9.560161590576172,0.001,2.4561920166015625,0.9701330065727234,11.660325050354004,transformer,embedding,2,297.5833203718066
11,24,2.229022979736328,3.4042553901672363,9.290783882141113,0.001,NaN,NaN,NaN,transformer,embedding,2,297.8296274319291
12,26,2.2120704650878906,4.255319118499756,9.134610176086426,0.001,2.4473624229431152,0.893830418586731,11.557822227478027,transformer,embedding,2,298.0630227327347
13,28,2.199047088623047,4.680850982666016,9.016417503356934,0.001,NaN,NaN,NaN,transformer,embedding,2,298.2821833342314
14,30,2.1878809928894043,2.9787235260009766,8.916299819946289,0.001,2.4475185871124268,0.9483322501182556,11.559626579284668,transformer,embedding,2,298.48804469406605
15,32,2.176151990890503,3.829787254333496,8.812331199645996,0.001,NaN,NaN,NaN,transformer,embedding,2,298.685188986361
16,34,2.1613783836364746,2.553191661834717,8.683097839355469,0.001,2.4412693977355957,0.9483322501182556,11.487613677978516,transformer,embedding,2,298.8762483522296
17,36,2.1434807777404785,4.680850982666016,8.529073715209961,0.001,NaN,NaN,NaN,transformer,embedding,2,299.0674965456128
18,38,2.124497890472412,5.106382846832275,8.368694305419922,0.001,2.439640998840332,0.9265314936637878,11.46892261505127,transformer,embedding,2,299.2575081437826
19,40,2.0970845222473145,6.808510780334473,8.142395973205566,0.001,NaN,NaN,NaN,transformer,embedding,2,299.4521457403898
20,42,2.0576462745666504,8.08510684967041,7.827524185180664,0.001,2.4459874629974365,0.7412251830101013,11.54194164276123,transformer,embedding,2,299.66259507089853
21,44,2.0042524337768555,10.638298034667969,7.420544624328613,0.001,NaN,NaN,NaN,transformer,embedding,2,299.89273780584335
22,46,1.9250845909118652,17.021278381347656,6.855728626251221,0.001,2.471813440322876,0.7412251830101013,11.843905448913574,transformer,embedding,2,300.15356270968914
23,48,1.8249366283416748,23.829788208007812,6.202402114868164,0.001,NaN,NaN,NaN,transformer,embedding,2,300.4131631478667
24,50,1.6759092807769775,28.510639190673828,5.34365177154541,0.001,2.517413854598999,0.6431218385696411,12.396495819091797,transformer,embedding,2,300.7002730369568
25,52,1.550821304321289,33.61702346801758,4.715341567993164,0.001,NaN,NaN,NaN,transformer,embedding,2,300.94532062858343
26,54,1.4568908214569092,51.06382751464844,4.292592525482178,0.001,2.532865285873413,0.7521255612373352,12.589527130126953,transformer,embedding,2,301.19262654334307
27,56,1.3680715560913086,49.36170196533203,3.9277689456939697,0.001,NaN,NaN,NaN,transformer,embedding,2,301.39297959953547
28,58,1.2521491050720215,69.36170196533203,3.497852087020874,0.001,2.532895088195801,1.1118377447128296,12.5899019241333,transformer,embedding,2,301.6392774954438
29,60,1.1479077339172363,71.91490173339844,3.1515920162200928,0.001,NaN,NaN,NaN,transformer,embedding,2,301.88832326978445
30,62,1.0593589544296265,76.17021179199219,2.884521245956421,0.001,2.580939769744873,1.1881403923034668,13.209546089172363,transformer,embedding,2,302.14149405807257
31,64,0.9772779941558838,82.1276626586914,2.6572134494781494,0.001,NaN,NaN,NaN,transformer,embedding,2,302.4092587903142
32,66,0.885286808013916,85.10638427734375,2.4236793518066406,0.001,2.6308250427246094,1.3298451900482178,13.885221481323242,transformer,embedding,2,302.68106154352427
33,68,0.8033353090286255,88.51063537597656,2.232976198196411,0.001,NaN,NaN,NaN,transformer,embedding,2,302.96150002628565
34,70,0.7250939607620239,91.91490173339844,2.064925193786621,0.001,2.6667871475219727,1.536952257156372,14.39365005493164,transformer,embedding,2,303.2410538941622
35,72,0.6531968116760254,94.46808624267578,1.9216742515563965,0.001,NaN,NaN,NaN,transformer,embedding,2,303.5266722366214
36,74,0.5873440504074097,96.17021179199219,1.7992035150527954,0.001,2.712350606918335,1.536952257156372,15.064644813537598,transformer,embedding,2,303.81538620591164
37,76,0.5237663984298706,97.87234497070312,1.6883747577667236,0.001,NaN,NaN,NaN,transformer,embedding,2,304.1003487035632
38,78,0.46670815348625183,98.2978744506836,1.594735860824585,0.001,2.762171506881714,1.6132547855377197,15.834189414978027,transformer,embedding,2,304.38767044246197
39,80,0.4125165343284607,99.14894104003906,1.5106145143508911,0.001,NaN,NaN,NaN,transformer,embedding,2,304.6801365762949
40,82,0.3661038875579834,99.14894104003906,1.4421050548553467,0.001,2.799013137817383,1.7549597024917603,16.42842674255371,transformer,embedding,2,304.9646441861987
41,84,0.32194095849990845,99.14894104003906,1.3798032999038696,0.001,NaN,NaN,NaN,transformer,embedding,2,305.24434880167246
42,86,0.28278979659080505,99.57447052001953,1.3268262147903442,0.001,2.845585823059082,1.7658600807189941,17.211639404296875,transformer,embedding,2,305.5271859019995
43,88,0.2490936666727066,100.0,1.2828621864318848,0.001,NaN,NaN,NaN,transformer,embedding,2,305.79198049008846
44,90,0.21751384437084198,100.0,1.2429826259613037,0.001,2.882225513458252,1.831262230873108,17.85396385192871,transformer,embedding,2,306.04349979013205
45,92,0.19242724776268005,100.0,1.2121883630752563,0.001,NaN,NaN,NaN,transformer,embedding,2,306.2941727042198
46,94,0.16889776289463043,100.0,1.1839990615844727,0.001,2.9210846424102783,1.8421626091003418,18.56140899658203,transformer,embedding,2,306.53543408960104
47,96,0.1486504226922989,100.0,1.1602673530578613,0.001,NaN,NaN,NaN,transformer,embedding,2,306.76167837530375
48,98,0.1318303346633911,100.0,1.1409146785736084,0.001,2.948906183242798,1.8639633655548096,19.085065841674805,transformer,embedding,2,306.9778129532933
49,100,0.11703382432460785,100.0,1.124157428741455,0.001,NaN,NaN,NaN,transformer,embedding,2,307.1791693493724
50,102,0.10419432073831558,100.0,1.109816074371338,0.001,2.9961326122283936,1.8421626091003418,20.00800895690918,transformer,embedding,2,307.37009336799383
51,104,0.09341847151517868,100.0,1.0979211330413818,0.001,NaN,NaN,NaN,transformer,embedding,2,307.5487916916609
52,106,0.08378911018371582,100.0,1.0873996019363403,0.001,NaN,NaN,NaN,transformer,embedding,2,307.7148870676756
53,108,0.07566589117050171,100.0,1.0786021947860718,0.001,NaN,NaN,NaN,transformer,embedding,2,307.87044578045607
54,110,0.06884454190731049,100.0,1.0712696313858032,0.001,NaN,NaN,NaN,transformer,embedding,2,308.01798489689827
55,112,0.0626266598701477,100.0,1.064629316329956,0.001,3.0594916343688965,1.8748637437820435,21.31671714782715,transformer,embedding,2,308.1552393063903
56,114,0.0575052946805954,100.0,1.0591908693313599,0.001,NaN,NaN,NaN,transformer,embedding,2,308.27999671548605
57,116,0.05276165157556534,100.0,1.0541783571243286,0.001,NaN,NaN,NaN,transformer,embedding,2,308.39736177027225
58,118,0.04878351092338562,100.0,1.0499930381774902,0.001,NaN,NaN,NaN,transformer,embedding,2,308.5082170292735
59,120,0.0453157052397728,100.0,1.0463581085205078,0.001,NaN,NaN,NaN,transformer,embedding,2,308.61024306714535
60,122,0.04209521785378456,100.0,1.0429937839508057,0.001,3.1224546432495117,1.8857641220092773,22.702035903930664,transformer,embedding,2,308.70506002753973
61,124,0.03935030847787857,100.0,1.0401347875595093,0.001,NaN,NaN,NaN,transformer,embedding,2,308.7941721007228
62,126,0.036863602697849274,100.0,1.0375515222549438,0.001,NaN,NaN,NaN,transformer,embedding,2,308.87747161090374
63,128,0.03461267054080963,100.0,1.0352187156677246,0.001,NaN,NaN,NaN,transformer,embedding,2,308.95460983365774
64,130,0.0325915589928627,100.0,1.0331284999847412,0.001,NaN,NaN,NaN,transformer,embedding,2,309.026275485754
65,132,0.0307999886572361,100.0,1.03127920627594,0.001,3.168734312057495,1.8966645002365112,23.77737045288086,transformer,embedding,2,309.09367644041777
66,134,0.029160570353269577,100.0,1.0295898914337158,0.001,NaN,NaN,NaN,transformer,embedding,2,309.15737676620483
67,136,0.027647849172353745,100.0,1.0280336141586304,0.001,NaN,NaN,NaN,transformer,embedding,2,309.21738865971565
68,138,0.026303354650735855,100.0,1.0266523361206055,0.001,NaN,NaN,NaN,transformer,embedding,2,309.27373822778463
69,140,0.025016076862812042,100.0,1.0253316164016724,0.001,NaN,NaN,NaN,transformer,embedding,2,309.3266609162092
70,142,0.023882873356342316,100.0,1.0241703987121582,0.001,3.2039008140563965,1.9075648784637451,24.628414154052734,transformer,embedding,2,309.3770187199116
71,144,0.022804701700806618,100.0,1.023066759109497,0.001,NaN,NaN,NaN,transformer,embedding,2,309.42488453537226
72,146,0.021812807768583298,100.0,1.0220524072647095,0.001,NaN,NaN,NaN,transformer,embedding,2,309.470448538661
73,148,0.020887816324830055,100.0,1.0211074352264404,0.001,NaN,NaN,NaN,transformer,embedding,2,309.5140595808625
74,150,0.02003401331603527,100.0,1.0202360153198242,0.001,NaN,NaN,NaN,transformer,embedding,2,309.555686339736
75,152,0.019229339435696602,100.0,1.0194153785705566,0.001,3.2360217571258545,1.918465256690979,25.432344436645508,transformer,embedding,2,309.59509541094303
76,154,0.01849166490137577,100.0,1.0186636447906494,0.001,NaN,NaN,NaN,transformer,embedding,2,309.63262548297644
77,156,0.017772849649190903,100.0,1.0179316997528076,0.001,NaN,NaN,NaN,transformer,embedding,2,309.66841895133257
78,158,0.01710362173616886,100.0,1.0172507762908936,0.001,NaN,NaN,NaN,transformer,embedding,2,309.70343517512083
79,160,0.016472987830638885,100.0,1.0166094303131104,0.001,NaN,NaN,NaN,transformer,embedding,2,309.73697020858526
80,162,0.015887297689914703,100.0,1.0160142183303833,0.001,3.265718460083008,1.9075648784637451,26.19892692565918,transformer,embedding,2,309.7692368105054
81,164,0.01532653532922268,100.0,1.0154446363449097,0.001,NaN,NaN,NaN,transformer,embedding,2,309.80072658509016
82,166,0.014792414382100105,100.0,1.0149023532867432,0.001,NaN,NaN,NaN,transformer,embedding,2,309.83123207092285
83,168,0.014285086654126644,100.0,1.014387607574463,0.001,NaN,NaN,NaN,transformer,embedding,2,309.8607868179679
84,170,0.013801289722323418,100.0,1.0138969421386719,0.001,NaN,NaN,NaN,transformer,embedding,2,309.8890231475234
85,172,0.01334732212126255,100.0,1.0134367942810059,0.001,3.2936253547668457,1.9075648784637451,26.94035530090332,transformer,embedding,2,309.91642597317696
86,174,0.012915795668959618,100.0,1.0129995346069336,0.001,NaN,NaN,NaN,transformer,embedding,2,309.94304502755404
87,176,0.01249320525676012,100.0,1.0125715732574463,0.001,NaN,NaN,NaN,transformer,embedding,2,309.96917390078306
88,178,0.01209851261228323,100.0,1.012171983718872,0.001,NaN,NaN,NaN,transformer,embedding,2,309.994707480073
89,180,0.01172100380063057,100.0,1.0117899179458618,0.001,NaN,NaN,NaN,transformer,embedding,2,310.0196131169796
90,182,0.01135621964931488,100.0,1.0114209651947021,0.001,3.318969488143921,1.918465256690979,27.631860733032227,transformer,embedding,2,310.0439729318023
91,184,0.01100432313978672,100.0,1.011065125465393,0.001,NaN,NaN,NaN,transformer,embedding,2,310.067738071084
92,186,0.010669580660760403,100.0,1.0107266902923584,0.001,NaN,NaN,NaN,transformer,embedding,2,310.0909388810396
93,188,0.01035308837890625,100.0,1.0104068517684937,0.001,NaN,NaN,NaN,transformer,embedding,2,310.1132689341903
94,190,0.010051904246211052,100.0,1.01010262966156,0.001,NaN,NaN,NaN,transformer,embedding,2,310.1354777812958
95,192,0.009745549410581589,100.0,1.0097931623458862,0.001,3.3415369987487793,1.918465256690979,28.26253318786621,transformer,embedding,2,310.15723595768213
96,194,0.009461517445743084,100.0,1.0095064640045166,0.001,NaN,NaN,NaN,transformer,embedding,2,310.1784800440073
97,196,0.00918606948107481,100.0,1.0092283487319946,0.001,NaN,NaN,NaN,transformer,embedding,2,310.19916795939207
98,198,0.008924014866352081,100.0,1.008963942527771,0.001,NaN,NaN,NaN,transformer,embedding,2,310.21986120939255
99,200,0.008670972660183907,100.0,1.0087087154388428,0.001,NaN,NaN,NaN,transformer,embedding,2,310.2402123659849
100,202,0.008427141234278679,100.0,1.0084627866744995,0.001,3.36456298828125,1.918465256690979,28.920856475830078,transformer,embedding,2,310.2597420588136
101,204,0.00819287821650505,100.0,1.0082265138626099,0.001,NaN,NaN,NaN,transformer,embedding,2,310.2788221091032
102,206,0.007961397990584373,100.0,1.007993221282959,0.001,NaN,NaN,NaN,transformer,embedding,2,310.29779717326164
103,208,0.007743038237094879,100.0,1.0077730417251587,0.001,NaN,NaN,NaN,transformer,embedding,2,310.3167159482837
104,210,0.007530439645051956,100.0,1.007558822631836,0.001,NaN,NaN,NaN,transformer,embedding,2,310.3349708840251
105,212,0.007322958670556545,100.0,1.0073498487472534,0.001,3.3865978717803955,1.929365634918213,29.565196990966797,transformer,embedding,2,310.35310074687004
106,214,0.007130692712962627,100.0,1.0071561336517334,0.001,NaN,NaN,NaN,transformer,embedding,2,310.3706271722913
107,216,0.006937146186828613,100.0,1.0069612264633179,0.001,NaN,NaN,NaN,transformer,embedding,2,310.3881233856082
108,218,0.006750060245394707,100.0,1.0067728757858276,0.001,NaN,NaN,NaN,transformer,embedding,2,310.40545811504126
109,220,0.006572519429028034,100.0,1.006594181060791,0.001,NaN,NaN,NaN,transformer,embedding,2,310.4221516549587
110,222,0.006397238001227379,100.0,1.0064177513122559,0.001,3.409450054168701,1.9402660131454468,30.24860382080078,transformer,embedding,2,310.43850806355476
111,224,0.006231538951396942,100.0,1.0062509775161743,0.001,NaN,NaN,NaN,transformer,embedding,2,310.45480543375015
112,226,0.006068875081837177,100.0,1.006087303161621,0.001,NaN,NaN,NaN,transformer,embedding,2,310.47105949372053
113,228,0.005907637067139149,100.0,1.005925178527832,0.001,NaN,NaN,NaN,transformer,embedding,2,310.48701129853725
114,230,0.005756915081292391,100.0,1.0057735443115234,0.001,NaN,NaN,NaN,transformer,embedding,2,310.5024957805872
115,232,0.005606163293123245,100.0,1.0056219100952148,0.001,3.430250406265259,1.9511663913726807,30.884374618530273,transformer,embedding,2,310.51769495010376
116,234,0.005467054434120655,100.0,1.0054820775985718,0.001,NaN,NaN,NaN,transformer,embedding,2,310.5329072698951
117,236,0.005324271507561207,100.0,1.005338430404663,0.001,NaN,NaN,NaN,transformer,embedding,2,310.5478359386325
118,238,0.005188615061342716,100.0,1.005202054977417,0.001,NaN,NaN,NaN,transformer,embedding,2,310.5624304190278
119,240,0.005058460868895054,100.0,1.0050712823867798,0.001,NaN,NaN,NaN,transformer,embedding,2,310.5769693776965
120,242,0.0049317022785544395,100.0,1.00494384765625,0.001,3.4515702724456787,1.9620667695999146,31.549896240234375,transformer,embedding,2,310.59143267571926
121,244,0.004807000979781151,100.0,1.0048185586929321,0.001,NaN,NaN,NaN,transformer,embedding,2,310.6055504158139
122,246,0.004688604269176722,100.0,1.0046995878219604,0.001,NaN,NaN,NaN,transformer,embedding,2,310.61940664052963
123,248,0.004570702090859413,100.0,1.0045812129974365,0.001,NaN,NaN,NaN,transformer,embedding,2,310.6333464458585
124,250,0.004456200636923313,100.0,1.00446617603302,0.001,NaN,NaN,NaN,transformer,embedding,2,310.6469681337476
125,252,0.0043460531160235405,100.0,1.004355549812317,0.001,3.4727015495300293,1.9620667695999146,32.22367858886719,transformer,embedding,2,310.6602449417114
126,254,0.0042422013357281685,100.0,1.00425124168396,0.001,NaN,NaN,NaN,transformer,embedding,2,310.6733163446188
127,256,0.0041377851739525795,100.0,1.0041463375091553,0.001,NaN,NaN,NaN,transformer,embedding,2,310.68647614121437
128,258,0.004037516191601753,100.0,1.0040457248687744,0.001,NaN,NaN,NaN,transformer,embedding,2,310.6994453147054
129,260,0.003938216250389814,100.0,1.0039459466934204,0.001,NaN,NaN,NaN,transformer,embedding,2,310.7120414227247
130,262,0.0038437002804130316,100.0,1.003851056098938,0.001,3.494039535522461,1.9620667695999146,32.91865539550781,transformer,embedding,2,310.7246100232005
131,264,0.0037510287947952747,100.0,1.0037580728530884,0.001,NaN,NaN,NaN,transformer,embedding,2,310.7372925207019
132,266,0.0036599086597561836,100.0,1.003666639328003,0.001,NaN,NaN,NaN,transformer,embedding,2,310.7493876591325
133,268,0.0035727957729250193,100.0,1.0035791397094727,0.001,NaN,NaN,NaN,transformer,embedding,2,310.76154582202435
134,270,0.003486484754830599,100.0,1.0034925937652588,0.001,NaN,NaN,NaN,transformer,embedding,2,310.7736345306039
135,272,0.0034037819132208824,100.0,1.0034096240997314,0.001,3.513789415359497,1.9620667695999146,33.57525634765625,transformer,embedding,2,310.7854576408863
136,274,0.0033231142442673445,100.0,1.0033286809921265,0.001,NaN,NaN,NaN,transformer,embedding,2,310.7970051765442
137,276,0.003244301537051797,100.0,1.0032495260238647,0.001,NaN,NaN,NaN,transformer,embedding,2,310.80865024775267
138,278,0.0031678001396358013,100.0,1.0031728744506836,0.001,NaN,NaN,NaN,transformer,embedding,2,310.82021241635084
139,280,0.003093589562922716,100.0,1.0030983686447144,0.001,NaN,NaN,NaN,transformer,embedding,2,310.8317660689354
140,282,0.003020776901394129,100.0,1.0030252933502197,0.001,3.5339441299438477,1.9838674068450928,34.25882339477539,transformer,embedding,2,310.8430633544922
141,284,0.002949792193248868,100.0,1.002954125404358,0.001,NaN,NaN,NaN,transformer,embedding,2,310.8541259691119
142,286,0.002880864543840289,100.0,1.0028849840164185,0.001,NaN,NaN,NaN,transformer,embedding,2,310.86494421958923
143,288,0.0028137019835412502,100.0,1.0028176307678223,0.001,NaN,NaN,NaN,transformer,embedding,2,310.87602289021015
144,290,0.002748792991042137,100.0,1.0027525424957275,0.001,NaN,NaN,NaN,transformer,embedding,2,310.88691674917936
145,292,0.002684950828552246,100.0,1.0026885271072388,0.001,3.5547947883605957,1.9729671478271484,34.98064041137695,transformer,embedding,2,310.8973314613104
146,294,0.002622572472319007,100.0,1.0026260614395142,0.001,NaN,NaN,NaN,transformer,embedding,2,310.90788796544075
147,296,0.002562288660556078,100.0,1.002565622329712,0.001,NaN,NaN,NaN,transformer,embedding,2,310.9183913692832
148,298,0.0025036288425326347,100.0,1.0025067329406738,0.001,NaN,NaN,NaN,transformer,embedding,2,310.9287467598915
149,300,0.002446527127176523,100.0,1.0024495124816895,0.001,NaN,NaN,NaN,transformer,embedding,2,310.93901014328003
150,302,0.0023913169279694557,100.0,1.002394199371338,0.001,3.5745882987976074,1.9729671478271484,35.679927825927734,transformer,embedding,2,310.94944509118795
151,304,0.002335847355425358,100.0,1.0023385286331177,0.001,NaN,NaN,NaN,transformer,embedding,2,310.95959857851267
152,306,0.00228243600577116,100.0,1.0022850036621094,0.001,NaN,NaN,NaN,transformer,embedding,2,310.9693367034197
153,308,0.002230945508927107,100.0,1.0022333860397339,0.001,NaN,NaN,NaN,transformer,embedding,2,310.9791459739208
154,310,0.002179891336709261,100.0,1.0021822452545166,0.001,NaN,NaN,NaN,transformer,embedding,2,310.9892586171627
155,312,0.002130270004272461,100.0,1.002132534980774,0.001,3.5938124656677246,1.9729671478271484,36.37248229980469,transformer,embedding,2,310.99911680072546
156,314,0.0020828205160796642,100.0,1.0020849704742432,0.001,NaN,NaN,NaN,transformer,embedding,2,311.00873851776123
157,316,0.002035479061305523,100.0,1.002037525177002,0.001,NaN,NaN,NaN,transformer,embedding,2,311.0183358564973
158,318,0.0019889678806066513,100.0,1.0019909143447876,0.001,NaN,NaN,NaN,transformer,embedding,2,311.02791234850883
159,320,0.001943874405696988,100.0,1.0019457340240479,0.001,NaN,NaN,NaN,transformer,embedding,2,311.0371542647481
160,322,0.001900919247418642,100.0,1.00190269947052,0.001,3.615285873413086,1.9729671478271484,37.16196823120117,transformer,embedding,2,311.046441629529
161,324,0.0018586749210953712,100.0,1.0018603801727295,0.001,NaN,NaN,NaN,transformer,embedding,2,311.05584748089314
162,326,0.001816520350985229,100.0,1.0018181800842285,0.001,NaN,NaN,NaN,transformer,embedding,2,311.0651504173875
163,328,0.001775901997461915,100.0,1.0017775297164917,0.001,NaN,NaN,NaN,transformer,embedding,2,311.07411700487137
164,330,0.0017366742249578238,100.0,1.00173819065094,0.001,NaN,NaN,NaN,transformer,embedding,2,311.0830075889826
165,332,0.0016984164249151945,100.0,1.0016998052597046,0.001,3.634068250656128,1.9729671478271484,37.866554260253906,transformer,embedding,2,311.0920860096812
166,334,0.0016605891287326813,100.0,1.001662015914917,0.001,NaN,NaN,NaN,transformer,embedding,2,311.10115867853165
167,336,0.001623641001060605,100.0,1.0016249418258667,0.001,NaN,NaN,NaN,transformer,embedding,2,311.1100629642606
168,338,0.0015875592362135649,100.0,1.0015888214111328,0.001,NaN,NaN,NaN,transformer,embedding,2,311.11882991343737
169,340,0.0015525156632065773,100.0,1.0015537738800049,0.001,NaN,NaN,NaN,transformer,embedding,2,311.1275456547737
170,342,0.001518275123089552,100.0,1.0015194416046143,0.001,3.655693531036377,1.9620667695999146,38.6943473815918,transformer,embedding,2,311.13615833967924
171,344,0.001484671956859529,100.0,1.001485824584961,0.001,NaN,NaN,NaN,transformer,embedding,2,311.144654661417
172,346,0.0014516027877107263,100.0,1.0014526844024658,0.001,NaN,NaN,NaN,transformer,embedding,2,311.15327270329
173,348,0.0014198897406458855,100.0,1.0014208555221558,0.001,NaN,NaN,NaN,transformer,embedding,2,311.1618089899421
174,350,0.0013885635416954756,100.0,1.001389503479004,0.001,NaN,NaN,NaN,transformer,embedding,2,311.170091368258
175,352,0.001358513254672289,100.0,1.001359462738037,0.001,3.6762166023254395,1.9511663913726807,39.496681213378906,transformer,embedding,2,311.1785097569227
176,354,0.0013287060428410769,100.0,1.0013295412063599,0.001,NaN,NaN,NaN,transformer,embedding,2,311.1868156567216
177,356,0.0012998078018426895,100.0,1.0013006925582886,0.001,NaN,NaN,NaN,transformer,embedding,2,311.19505582749844
178,358,0.0012712308671325445,100.0,1.0012720823287964,0.001,NaN,NaN,NaN,transformer,embedding,2,311.2029454931617
179,360,0.001243508537299931,100.0,1.001244306564331,0.001,NaN,NaN,NaN,transformer,embedding,2,311.21104557067156
180,362,0.0012165189255028963,100.0,1.001217246055603,0.001,3.6940860748291016,1.929365634918213,40.20880889892578,transformer,embedding,2,311.21931095421314
181,364,0.0011900045210495591,100.0,1.0011906623840332,0.001,NaN,NaN,NaN,transformer,embedding,2,311.2271387577057
182,366,0.0011641975725069642,100.0,1.0011649131774902,0.001,NaN,NaN,NaN,transformer,embedding,2,311.2348948344588
183,368,0.0011386913247406483,100.0,1.0011392831802368,0.001,NaN,NaN,NaN,transformer,embedding,2,311.24283538758755
184,370,0.001114240731112659,100.0,1.001114845275879,0.001,NaN,NaN,NaN,transformer,embedding,2,311.25073612481356
185,372,0.0010898777982220054,100.0,1.0010905265808105,0.001,3.7167954444885254,1.9075648784637451,41.13236999511719,transformer,embedding,2,311.2584170922637
186,374,0.0010662160348147154,100.0,1.00106680393219,0.001,NaN,NaN,NaN,transformer,embedding,2,311.2661272957921
187,376,0.0010432596318423748,100.0,1.0010437965393066,0.001,NaN,NaN,NaN,transformer,embedding,2,311.27356071025133
188,378,0.0010204503778368235,100.0,1.0010210275650024,0.001,NaN,NaN,NaN,transformer,embedding,2,311.2811064943671
189,380,0.0009983682539314032,100.0,1.000998854637146,0.001,NaN,NaN,NaN,transformer,embedding,2,311.28859347850084
190,382,0.0009769744938239455,100.0,1.0009773969650269,0.001,3.7367477416992188,1.918465256690979,41.961299896240234,transformer,embedding,2,311.29618887603283
191,384,0.0009561270708218217,100.0,1.0009565353393555,0.001,NaN,NaN,NaN,transformer,embedding,2,311.30362306535244
192,386,0.0009355096844956279,100.0,1.0009359121322632,0.001,NaN,NaN,NaN,transformer,embedding,2,311.3108645528555
193,388,0.0009151446865871549,100.0,1.00091552734375,0.001,NaN,NaN,NaN,transformer,embedding,2,311.3180916160345
194,390,0.0008955177618190646,100.0,1.0008959770202637,0.001,NaN,NaN,NaN,transformer,embedding,2,311.3254713639617
195,392,0.0008765686070546508,100.0,1.0008769035339355,0.001,3.7563576698303223,1.929365634918213,42.79227828979492,transformer,embedding,2,311.33281563967466
196,394,0.0008575334213674068,100.0,1.000857949256897,0.001,NaN,NaN,NaN,transformer,embedding,2,311.33985897898674
197,396,0.0008390748407691717,100.0,1.0008394718170166,0.001,NaN,NaN,NaN,transformer,embedding,2,311.3470023944974
198,398,0.0008211176609620452,100.0,1.0008214712142944,0.001,NaN,NaN,NaN,transformer,embedding,2,311.3540954887867
199,400,0.0008035675855353475,100.0,1.0008039474487305,0.001,NaN,NaN,NaN,transformer,embedding,2,311.36109372228384
200,402,0.0007865655934438109,100.0,1.0007869005203247,0.001,3.7775700092315674,1.929365634918213,43.70969772338867,transformer,embedding,2,311.36796326190233
202,406,0.0007531199371442199,100.0,1.000753402709961,0.001,NaN,NaN,NaN,transformer,embedding,2,311.38194777071476
204,410,0.0007214044453576207,100.0,1.0007216930389404,0.001,NaN,NaN,NaN,transformer,embedding,2,311.3953910320997
205,412,NaN,NaN,NaN,NaN,3.79813814163208,1.929365634918213,44.61803436279297,transformer,embedding,2,311.4020198136568
206,414,0.0006911543314345181,100.0,1.0006914138793945,0.001,NaN,NaN,NaN,transformer,embedding,2,311.40868978202343
208,418,0.0006619836203753948,100.0,1.0006622076034546,0.001,NaN,NaN,NaN,transformer,embedding,2,311.42222110927105
210,422,0.0006340952822938561,100.0,1.0006343126296997,0.001,3.820152521133423,1.9075648784637451,45.61116409301758,transformer,embedding,2,311.4350784868002
212,426,0.0006073272088542581,100.0,1.0006074905395508,0.001,NaN,NaN,NaN,transformer,embedding,2,311.44800262898207
214,430,0.0005820004735141993,100.0,1.000582218170166,0.001,NaN,NaN,NaN,transformer,embedding,2,311.4604885429144
215,432,NaN,NaN,NaN,NaN,3.839369297027588,1.929365634918213,46.49613952636719,transformer,embedding,2,311.4669912457466
216,434,0.0005575894610956311,100.0,1.000557780265808,0.001,NaN,NaN,NaN,transformer,embedding,2,311.4733602926135
218,438,0.0005343108787201345,100.0,1.0005344152450562,0.001,NaN,NaN,NaN,transformer,embedding,2,311.48549585044384
220,442,0.0005120844580233097,100.0,1.0005122423171997,0.001,3.860506534576416,1.918465256690979,47.48939895629883,transformer,embedding,2,311.49761467427015
222,446,0.0004906294052489102,100.0,1.0004907846450806,0.001,NaN,NaN,NaN,transformer,embedding,2,311.50961174070835
224,450,0.00047022325452417135,100.0,1.0004702806472778,0.001,NaN,NaN,NaN,transformer,embedding,2,311.52124877274036
225,452,NaN,NaN,NaN,NaN,3.881195306777954,1.9075648784637451,48.48213195800781,transformer,embedding,2,311.5272435247898
226,454,0.0004505647229962051,100.0,1.000450611114502,0.001,NaN,NaN,NaN,transformer,embedding,2,311.5330312550068
228,458,0.0004317541606724262,100.0,1.0004318952560425,0.001,NaN,NaN,NaN,transformer,embedding,2,311.54435405135155
230,462,0.0004139613884035498,100.0,1.0004140138626099,0.001,3.901848316192627,1.9075648784637451,49.49384307861328,transformer,embedding,2,311.55563820898533
232,466,0.00039663235656917095,100.0,1.000396728515625,0.001,NaN,NaN,NaN,transformer,embedding,2,311.56662490963936
234,470,0.0003801848506554961,100.0,1.000380277633667,0.001,NaN,NaN,NaN,transformer,embedding,2,311.57751052081585
235,472,NaN,NaN,NaN,NaN,3.9237842559814453,1.918465256690979,50.59153366088867,transformer,embedding,2,311.5829398408532
236,474,0.0003644182870630175,100.0,1.0003645420074463,0.001,NaN,NaN,NaN,transformer,embedding,2,311.5883173123002
238,478,0.0003494291449896991,100.0,1.000349521636963,0.001,NaN,NaN,NaN,transformer,embedding,2,311.5987874791026
240,482,0.00033499253913760185,100.0,1.0003350973129272,0.001,3.9452898502349854,1.9075648784637451,51.69131851196289,transformer,embedding,2,311.60932809114456
242,486,0.00032106111757457256,100.0,1.0003211498260498,0.001,NaN,NaN,NaN,transformer,embedding,2,311.61971701681614
244,490,0.0003077222208958119,100.0,1.0003077983856201,0.001,NaN,NaN,NaN,transformer,embedding,2,311.6295280829072
245,492,NaN,NaN,NaN,NaN,3.9664695262908936,1.9075648784637451,52.79780197143555,transformer,embedding,2,311.63467767089605
246,494,0.00029509072192013264,100.0,1.0002951622009277,0.001,NaN,NaN,NaN,transformer,embedding,2,311.63969864696264
248,498,0.0002828392607625574,100.0,1.000282883644104,0.001,NaN,NaN,NaN,transformer,embedding,2,311.6494749262929
250,502,0.00027121847961097956,100.0,1.000271201133728,0.001,3.9886112213134766,1.9075648784637451,53.9798698425293,transformer,embedding,2,311.6591541916132
252,506,0.00026005867403000593,100.0,1.0002601146697998,0.001,NaN,NaN,NaN,transformer,embedding,2,311.6685630530119
254,510,0.0002494312066119164,100.0,1.0002495050430298,0.001,NaN,NaN,NaN,transformer,embedding,2,311.67804192751646
255,512,NaN,NaN,NaN,NaN,4.010168552398682,1.9075648784637451,55.156166076660156,transformer,embedding,2,311.6827511563897
256,514,0.00023908430011942983,100.0,1.0002391338348389,0.001,NaN,NaN,NaN,transformer,embedding,2,311.687409080565
258,518,0.00022929589613340795,100.0,1.0002293586730957,0.001,NaN,NaN,NaN,transformer,embedding,2,311.6964578256011
260,522,0.00021984134218655527,100.0,1.0002198219299316,0.001,4.032283306121826,1.9075648784637451,56.38951873779297,transformer,embedding,2,311.7052892446518
262,526,0.00021082215243950486,100.0,1.0002108812332153,0.001,NaN,NaN,NaN,transformer,embedding,2,311.7142173573375
264,530,0.00020209033391438425,100.0,1.0002020597457886,0.001,NaN,NaN,NaN,transformer,embedding,2,311.72264248877764
265,532,NaN,NaN,NaN,NaN,4.054732322692871,1.9075648784637451,57.66972351074219,transformer,embedding,2,311.72685543447733
266,534,0.00019377906573936343,100.0,1.0001938343048096,0.001,NaN,NaN,NaN,transformer,embedding,2,311.73124189674854
268,538,0.00018588622333481908,100.0,1.0001858472824097,0.001,NaN,NaN,NaN,transformer,embedding,2,311.7396767362952
270,542,0.0001782758190529421,100.0,1.000178337097168,0.001,4.075290679931641,1.8966645002365112,58.86758804321289,transformer,embedding,2,311.74788547307253
272,546,0.00017100147670134902,100.0,1.0001710653305054,0.001,NaN,NaN,NaN,transformer,embedding,2,311.75588119775057
274,550,0.00016395855345763266,100.0,1.0001639127731323,0.001,NaN,NaN,NaN,transformer,embedding,2,311.7639651969075
275,552,NaN,NaN,NaN,NaN,4.0981292724609375,1.8966645002365112,60.22751235961914,transformer,embedding,2,311.7679780423641
276,554,0.00015727891877759248,100.0,1.0001572370529175,0.001,NaN,NaN,NaN,transformer,embedding,2,311.7717986255884
278,558,0.0001508360292064026,100.0,1.0001507997512817,0.001,NaN,NaN,NaN,transformer,embedding,2,311.77953796088696
280,562,0.0001446301321266219,100.0,1.000144600868225,0.001,4.121474266052246,1.8966645002365112,61.650062561035156,transformer,embedding,2,311.78698971122503
282,566,0.00013873912394046783,100.0,1.000138759613037,0.001,NaN,NaN,NaN,transformer,embedding,2,311.7944557219744
284,570,0.0001330476370640099,100.0,1.0001330375671387,0.001,NaN,NaN,NaN,transformer,embedding,2,311.80165012925863
285,572,NaN,NaN,NaN,NaN,4.142552852630615,1.8857641220092773,62.96335220336914,transformer,embedding,2,311.80507656931877
286,574,0.00012760914978571236,100.0,1.0001276731491089,0.001,NaN,NaN,NaN,transformer,embedding,2,311.80851259827614
288,578,0.00012240845535416156,100.0,1.0001224279403687,0.001,NaN,NaN,NaN,transformer,embedding,2,311.8156158551574
290,582,0.00011739386536646634,100.0,1.0001174211502075,0.001,4.165903568267822,1.8857641220092773,64.45088958740234,transformer,embedding,2,311.8224263265729
292,586,0.00011261097097303718,100.0,1.0001126527786255,0.001,NaN,NaN,NaN,transformer,embedding,2,311.82922518253326
294,590,0.00010802056203829125,100.0,1.000108003616333,0.001,NaN,NaN,NaN,transformer,embedding,2,311.83567664027214
295,592,NaN,NaN,NaN,NaN,4.187000751495361,1.8639633655548096,65.82506561279297,transformer,embedding,2,311.83898155391216
296,594,0.00010363956971559674,100.0,1.0001035928726196,0.001,NaN,NaN,NaN,transformer,embedding,2,311.84209970384836
298,598,9.9379729363136e-05,100.0,1.0000994205474854,0.001,NaN,NaN,NaN,transformer,embedding,2,311.84847125411034
300,602,9.533544653095305e-05,100.0,1.0000953674316406,0.001,4.2124223709106445,1.8530629873275757,67.5198974609375,transformer,embedding,2,311.85472843796015
303,608,8.955677913036197e-05,100.0,1.0000895261764526,0.001,NaN,NaN,NaN,transformer,embedding,2,311.8638517782092
305,612,NaN,NaN,NaN,NaN,4.234542369842529,1.8421626091003418,69.03008270263672,transformer,embedding,2,311.869644112885
306,614,8.414476178586483e-05,100.0,1.0000841617584229,0.001,NaN,NaN,NaN,transformer,embedding,2,311.872594602406
309,620,7.904359517851844e-05,100.0,1.0000790357589722,0.001,NaN,NaN,NaN,transformer,embedding,2,311.881135083735
311,624,NaN,NaN,NaN,NaN,4.262821197509766,1.8421626091003418,71.0100326538086,transformer,embedding,2,311.88666225224733
312,626,7.42510164855048e-05,100.0,1.0000742673873901,0.001,NaN,NaN,NaN,transformer,embedding,2,311.8893224969506
315,632,6.975537689868361e-05,100.0,1.0000697374343872,0.001,NaN,NaN,NaN,transformer,embedding,2,311.89722653478384
317,636,NaN,NaN,NaN,NaN,4.290853977203369,1.831262230873108,73.02880859375,transformer,embedding,2,311.9020498543978
318,638,6.556962034665048e-05,100.0,1.000065565109253,0.001,NaN,NaN,NaN,transformer,embedding,2,311.9047292917967
321,644,6.158899486763403e-05,100.0,1.0000616312026978,0.001,NaN,NaN,NaN,transformer,embedding,2,311.91190928965807
323,648,NaN,NaN,NaN,NaN,4.3182454109191895,1.831262230873108,75.05681610107422,transformer,embedding,2,311.9163708239794
324,650,5.786498877569102e-05,100.0,1.0000578165054321,0.001,NaN,NaN,NaN,transformer,embedding,2,311.91876235604286
327,656,5.437935033114627e-05,100.0,1.0000543594360352,0.001,NaN,NaN,NaN,transformer,embedding,2,311.92537450790405
329,660,NaN,NaN,NaN,NaN,4.346531867980957,1.831262230873108,77.21022033691406,transformer,embedding,2,311.9295527562499
330,662,5.1096580136800185e-05,100.0,1.0000511407852173,0.001,NaN,NaN,NaN,transformer,embedding,2,311.93176218122244
333,668,4.801010436494835e-05,100.0,1.000048041343689,0.001,NaN,NaN,NaN,transformer,embedding,2,311.9377037137747
335,672,NaN,NaN,NaN,NaN,4.3737568855285645,1.831262230873108,79.34114837646484,transformer,embedding,2,311.94163678586483
336,674,4.511127917794511e-05,100.0,1.0000450611114502,0.001,NaN,NaN,NaN,transformer,embedding,2,311.9434913992882
339,680,4.238312249071896e-05,100.0,1.00004243850708,0.001,NaN,NaN,NaN,transformer,embedding,2,311.94863749295473
341,684,NaN,NaN,NaN,NaN,4.403542518615723,1.820361852645874,81.73992156982422,transformer,embedding,2,311.952190361917
342,686,3.983348869951442e-05,100.0,1.00003981590271,0.001,NaN,NaN,NaN,transformer,embedding,2,311.95389328897
345,692,3.744009154615924e-05,100.0,1.000037431716919,0.001,NaN,NaN,NaN,transformer,embedding,2,311.958617195487
347,696,NaN,NaN,NaN,NaN,4.431215286254883,1.820361852645874,84.03347778320312,transformer,embedding,2,311.9616310223937
348,698,3.517602090141736e-05,100.0,1.0000351667404175,0.001,NaN,NaN,NaN,transformer,embedding,2,311.9630827754736
351,704,3.306411599623971e-05,100.0,1.0000330209732056,0.001,NaN,NaN,NaN,transformer,embedding,2,311.9671878218651
353,708,NaN,NaN,NaN,NaN,4.460775852203369,1.820361852645874,86.55463409423828,transformer,embedding,2,311.969838924706
354,710,3.107546945102513e-05,100.0,1.0000311136245728,0.001,NaN,NaN,NaN,transformer,embedding,2,311.9712618589401
357,716,2.9214632377261296e-05,100.0,1.00002920627594,0.001,NaN,NaN,NaN,transformer,embedding,2,311.97464229911566
360,722,2.7457783289719373e-05,100.0,1.0000274181365967,0.001,4.493775367736816,1.820361852645874,89.45854949951172,transformer,embedding,2,311.97800097614527
363,728,2.580745058367029e-05,100.0,1.000025749206543,0.001,NaN,NaN,NaN,transformer,embedding,2,311.9809447452426
366,734,2.4263883460662328e-05,100.0,1.0000243186950684,0.001,NaN,NaN,NaN,transformer,embedding,2,311.98364912718534
367,736,NaN,NaN,NaN,NaN,4.527307033538818,1.831262230873108,92.50910186767578,transformer,embedding,2,311.98448172211647
369,740,2.2807056666351855e-05,100.0,1.0000227689743042,0.001,NaN,NaN,NaN,transformer,embedding,2,311.9860972613096
372,746,2.1433414076454937e-05,100.0,1.0000214576721191,0.001,NaN,NaN,NaN,transformer,embedding,2,311.98823093622923
374,750,NaN,NaN,NaN,NaN,4.562089443206787,1.831262230873108,95.78340148925781,transformer,embedding,2,311.9893648028374
375,752,2.0131290511926636e-05,100.0,1.000020146369934,0.001,NaN,NaN,NaN,transformer,embedding,2,311.99011924117804
378,758,1.891616193461232e-05,100.0,1.0000189542770386,0.001,NaN,NaN,NaN,transformer,embedding,2,311.99146109074354
381,764,1.7762404240784235e-05,100.0,1.000017762184143,0.001,4.596566200256348,1.820361852645874,99.14329528808594,transformer,embedding,2,311.992678463459
384,770,1.6685238733771257e-05,100.0,1.000016689300537,0.001,NaN,NaN,NaN,transformer,embedding,2,311.99354657530785
387,776,1.5694058674853295e-05,100.0,1.0000157356262207,0.001,NaN,NaN,NaN,transformer,embedding,2,311.9939220100641
388,778,NaN,NaN,NaN,NaN,4.630636215209961,1.820361852645874,102.57930755615234,transformer,embedding,2,311.9940345287323
390,782,1.4758927136426792e-05,100.0,1.0000147819519043,0.001,NaN,NaN,NaN,transformer,embedding,2,311.9941164255142
393,788,1.3869954273104668e-05,100.0,1.000013828277588,0.001,NaN,NaN,NaN,transformer,embedding,2,311.99412970244884
395,792,NaN,NaN,NaN,NaN,4.6663818359375,1.820361852645874,106.31239318847656,transformer,embedding,2,311.9937138929963
396,794,1.3028658941038884e-05,100.0,1.000012993812561,0.001,NaN,NaN,NaN,transformer,embedding,2,311.9935790300369
399,800,1.2215010428917594e-05,100.0,1.0000121593475342,0.001,NaN,NaN,NaN,transformer,embedding,2,311.9928116798401
402,806,1.147516832133988e-05,100.0,1.0000114440917969,0.001,4.700234413146973,1.820361852645874,109.97294616699219,transformer,embedding,2,311.9915782287717
406,814,1.0580355592537671e-05,100.0,1.00001060962677,0.001,NaN,NaN,NaN,transformer,embedding,2,311.98931677639484
410,822,9.754529855854344e-06,100.0,1.0000097751617432,0.001,4.740271091461182,1.820361852645874,114.46522521972656,transformer,embedding,2,311.9867148473859
414,830,8.985768545244355e-06,100.0,1.0000089406967163,0.001,NaN,NaN,NaN,transformer,embedding,2,311.98361106961966
418,838,8.293099199363496e-06,100.0,1.0000083446502686,0.001,4.780332088470459,1.8094614744186401,119.14391326904297,transformer,embedding,2,311.97977928072214
422,846,7.585206731164362e-06,100.0,1.0000076293945312,0.001,NaN,NaN,NaN,transformer,embedding,2,311.9752526655793
426,854,6.987646884226706e-06,100.0,1.0000070333480835,0.001,4.8207173347473145,1.820361852645874,124.05404663085938,transformer,embedding,2,311.96987859904766
430,862,6.421537364076357e-06,100.0,1.0000064373016357,0.001,NaN,NaN,NaN,transformer,embedding,2,311.9636691659689
434,870,5.94090306549333e-06,100.0,1.0000059604644775,0.001,4.8612165451049805,1.7985610961914062,129.18125915527344,transformer,embedding,2,311.95669327676296
438,878,5.4863912737346254e-06,100.0,1.0000054836273193,0.001,NaN,NaN,NaN,transformer,embedding,2,311.9494059458375
442,886,5.02173224958824e-06,100.0,1.0000050067901611,0.001,4.902749538421631,1.7876607179641724,134.65951538085938,transformer,embedding,2,311.9412632137537
446,894,4.638998689188156e-06,100.0,1.0000046491622925,0.001,NaN,NaN,NaN,transformer,embedding,2,311.9325831755996
450,902,4.2823885451070964e-06,100.0,1.0000042915344238,0.001,4.943628311157227,1.7767603397369385,140.27830505371094,transformer,embedding,2,311.92321240901947
454,910,3.9602723518328276e-06,100.0,1.0000039339065552,0.001,NaN,NaN,NaN,transformer,embedding,2,311.9133216738701
458,918,3.622176791395759e-06,100.0,1.0000035762786865,0.001,4.984015464782715,1.7767603397369385,146.05970764160156,transformer,embedding,2,311.902424313128
462,926,3.315024969197111e-06,100.0,1.0000033378601074,0.001,NaN,NaN,NaN,transformer,embedding,2,311.89108207821846
466,934,3.0507371775456704e-06,100.0,1.0000030994415283,0.001,NaN,NaN,NaN,transformer,embedding,2,311.8784335553646
467,936,NaN,NaN,NaN,NaN,5.029000759124756,1.7658600807189941,152.7802734375,transformer,embedding,2,311.87505727261305
470,942,2.822971964633325e-06,100.0,1.0000028610229492,0.001,NaN,NaN,NaN,transformer,embedding,2,311.8646686822176
474,950,2.6025627448689193e-06,100.0,1.0000026226043701,0.001,NaN,NaN,NaN,transformer,embedding,2,311.8501472398639
476,954,NaN,NaN,NaN,NaN,5.073787689208984,1.7549597024917603,159.7783660888672,transformer,embedding,2,311.8427260443568
478,958,2.3892548597359564e-06,100.0,1.000002384185791,0.001,NaN,NaN,NaN,transformer,embedding,2,311.8349611610174
482,966,2.1838100110471714e-06,100.0,1.000002145767212,0.001,NaN,NaN,NaN,transformer,embedding,2,311.81876742094755
485,972,NaN,NaN,NaN,NaN,5.120725631713867,1.7549597024917603,167.4568328857422,transformer,embedding,2,311.8056273981929
486,974,1.994343620026484e-06,100.0,1.0000020265579224,0.001,NaN,NaN,NaN,transformer,embedding,2,311.8011345490813
490,982,1.8408936739433557e-06,100.0,1.0000017881393433,0.001,NaN,NaN,NaN,transformer,embedding,2,311.78255182504654
494,990,1.7072276250473806e-06,100.0,1.0000016689300537,0.001,5.166719436645508,1.7440593242645264,175.33868408203125,transformer,embedding,2,311.7627895101905
498,998,1.5844677818677155e-06,100.0,1.0000015497207642,0.001,NaN,NaN,NaN,transformer,embedding,2,311.74243242293596
502,1006,1.4662732610304374e-06,100.0,1.0000014305114746,0.001,NaN,NaN,NaN,transformer,embedding,2,311.72161262482405
503,1008,NaN,NaN,NaN,NaN,5.214482307434082,1.7440593242645264,183.9165802001953,transformer,embedding,2,311.7163302078843
507,1016,1.3369187854550546e-06,100.0,1.000001311302185,0.001,NaN,NaN,NaN,transformer,embedding,2,311.69486859440804
512,1026,1.2240502655913588e-06,100.0,1.0000011920928955,0.001,NaN,NaN,NaN,transformer,embedding,2,311.6673734486103
513,1028,NaN,NaN,NaN,NaN,5.265303134918213,1.7331589460372925,193.5049591064453,transformer,embedding,2,311.66180557757616
517,1036,1.116508656195947e-06,100.0,1.000001072883606,0.001,NaN,NaN,NaN,transformer,embedding,2,311.6397809535265
522,1046,9.726968528411817e-07,100.0,1.0000009536743164,0.001,NaN,NaN,NaN,transformer,embedding,2,311.6110366284847
523,1048,NaN,NaN,NaN,NaN,5.3164567947387695,1.7331589460372925,203.66099548339844,transformer,embedding,2,311.60501339286566
527,1056,8.75046623605158e-07,100.0,1.0000008344650269,0.001,NaN,NaN,NaN,transformer,embedding,2,311.57963483035564
532,1066,7.936292831800529e-07,100.0,1.0000008344650269,0.001,NaN,NaN,NaN,transformer,embedding,2,311.54599598795176
533,1068,NaN,NaN,NaN,NaN,5.366138458251953,1.7331589460372925,214.03475952148438,transformer,embedding,2,311.5391126126051
537,1076,7.200746949820314e-07,100.0,1.0000007152557373,0.001,NaN,NaN,NaN,transformer,embedding,2,311.51061045378447
542,1086,6.10503661846451e-07,100.0,1.0000005960464478,0.001,NaN,NaN,NaN,transformer,embedding,2,311.473565235734
543,1088,NaN,NaN,NaN,NaN,5.416626930236816,1.7222585678100586,225.11849975585938,transformer,embedding,2,311.46568831801414
547,1096,5.374562306315056e-07,100.0,1.0000005960464478,0.001,NaN,NaN,NaN,transformer,embedding,2,311.4322299435735
552,1106,4.831779847336293e-07,100.0,1.0000004768371582,0.001,NaN,NaN,NaN,transformer,embedding,2,311.38735219836235
553,1108,NaN,NaN,NaN,NaN,5.464273452758789,1.7222585678100586,236.104248046875,transformer,embedding,2,311.37815149873495
557,1116,4.3929884441240574e-07,100.0,1.0000004768371582,0.001,NaN,NaN,NaN,transformer,embedding,2,311.3407998904586
562,1126,3.9592697476109606e-07,100.0,1.0000003576278687,0.001,NaN,NaN,NaN,transformer,embedding,2,311.2931226119399
564,1130,NaN,NaN,NaN,NaN,5.518329620361328,1.7113581895828247,249.21839904785156,transformer,embedding,2,311.2735621482134
567,1136,3.586423531487526e-07,100.0,1.0000003576278687,0.001,NaN,NaN,NaN,transformer,embedding,2,311.24398873746395
572,1146,3.256695890740957e-07,100.0,1.0000003576278687,0.001,NaN,NaN,NaN,transformer,embedding,2,311.19355683773756
575,1152,NaN,NaN,NaN,NaN,5.572657585144043,1.7004578113555908,263.1324768066406,transformer,embedding,2,311.16243070364
577,1156,2.9168228365961113e-07,100.0,1.000000238418579,0.001,NaN,NaN,NaN,transformer,embedding,2,311.1412819623947
582,1166,2.5947042558982503e-07,100.0,1.000000238418579,0.001,NaN,NaN,NaN,transformer,embedding,2,311.08698716014624
586,1174,NaN,NaN,NaN,NaN,5.623868465423584,1.7004578113555908,276.9587097167969,transformer,embedding,2,311.04164373874664
587,1176,2.3436038532054226e-07,100.0,1.000000238418579,0.001,NaN,NaN,NaN,transformer,embedding,2,311.0300890803337
592,1186,2.1432306596125272e-07,100.0,1.000000238418579,0.001,NaN,NaN,NaN,transformer,embedding,2,310.97094087302685
597,1196,1.9377847593204933e-07,100.0,1.000000238418579,0.001,5.668089389801025,1.7004578113555908,289.4809265136719,transformer,embedding,2,310.91025852411985
602,1206,1.7856028478036023e-07,100.0,1.0000001192092896,0.001,NaN,NaN,NaN,transformer,embedding,2,310.8477460667491
608,1218,1.5826933008611377e-07,100.0,1.0000001192092896,0.001,5.706777095794678,1.7113581895828247,300.89971923828125,transformer,embedding,2,310.7706234306097
614,1230,1.4102204204391455e-07,100.0,1.0000001192092896,0.001,NaN,NaN,NaN,transformer,embedding,2,310.6910386532545
620,1242,1.2935475979247713e-07,100.0,1.0000001192092896,0.001,5.7507219314575195,1.7113581895828247,314.4175720214844,transformer,embedding,2,310.609293602407
626,1254,1.1768745622475763e-07,100.0,1.0000001192092896,0.001,NaN,NaN,NaN,transformer,embedding,2,310.52644442766905
632,1266,1.0678107287276362e-07,100.0,1.0000001192092896,0.001,5.796158790588379,1.7004578113555908,329.0332336425781,transformer,embedding,2,310.44219536334276
638,1278,9.486015528636926e-08,100.0,1.0000001192092896,0.001,NaN,NaN,NaN,transformer,embedding,2,310.35722167789936
644,1290,8.39537648289479e-08,100.0,1.0000001192092896,0.001,5.8434977531433105,1.7113581895828247,344.9839172363281,transformer,embedding,2,310.27036326378584
650,1302,7.330102391733817e-08,100.0,1.0000001192092896,0.001,NaN,NaN,NaN,transformer,embedding,2,310.18004298210144
656,1314,6.493100812576813e-08,100.0,1.0000001192092896,0.001,5.8805131912231445,1.7004578113555908,357.992919921875,transformer,embedding,2,310.08572368323803
662,1326,5.554645099437039e-08,100.0,1.0,0.001,NaN,NaN,NaN,transformer,embedding,2,309.9878467619419
668,1338,4.945917098098107e-08,100.0,1.0,0.001,NaN,NaN,NaN,transformer,embedding,2,309.885795712471
669,1340,NaN,NaN,NaN,NaN,5.905996322631836,1.689557433128357,367.2329406738281,transformer,embedding,2,309.86841924488544
674,1350,4.413279697246253e-08,100.0,1.0,0.001,NaN,NaN,NaN,transformer,embedding,2,309.78073062747717
680,1362,3.8806426516657666e-08,100.0,1.0,0.001,NaN,NaN,NaN,transformer,embedding,2,309.6734753549099
682,1366,NaN,NaN,NaN,NaN,5.91910982131958,1.689557433128357,372.0803527832031,transformer,embedding,2,309.63702208548784
686,1374,3.373368784309605e-08,100.0,1.0,0.001,NaN,NaN,NaN,transformer,embedding,2,309.56337754428387
692,1386,3.576278118089249e-08,100.0,1.0,0.001,NaN,NaN,NaN,transformer,embedding,2,309.45093317329884
695,1392,NaN,NaN,NaN,NaN,5.924591541290283,1.678657054901123,374.1255798339844,transformer,embedding,2,309.39364962279797
698,1398,3.170459450529961e-08,100.0,1.0,0.001,NaN,NaN,NaN,transformer,embedding,2,309.3360511139035
704,1410,2.7646407829706732e-08,100.0,1.0,0.001,NaN,NaN,NaN,transformer,embedding,2,309.21924436837435
708,1418,NaN,NaN,NaN,NaN,5.924102783203125,1.689557433128357,373.9427795410156,transformer,embedding,2,309.14026640355587
711,1424,2.4349130711698308e-08,100.0,1.0,0.001,NaN,NaN,NaN,transformer,embedding,2,309.08061765134335
718,1438,3.601642362127677e-08,100.0,1.0,0.001,NaN,NaN,NaN,transformer,embedding,2,308.9400458410382
722,1446,NaN,NaN,NaN,NaN,5.918892860412598,1.7004578113555908,371.9996337890625,transformer,embedding,2,308.8600279390812
725,1452,8.877286461483891e-09,100.0,1.0,0.001,NaN,NaN,NaN,transformer,embedding,2,308.7997621744871
732,1466,2.079821470601928e-08,100.0,1.0,0.001,NaN,NaN,NaN,transformer,embedding,2,308.6578240916133
736,1474,NaN,NaN,NaN,NaN,5.921096324920654,1.678657054901123,372.8202209472656,transformer,embedding,2,308.57624999433756
739,1480,1.8515484256909076e-08,100.0,1.0,0.001,NaN,NaN,NaN,transformer,embedding,2,308.51483872532845
746,1494,2.434912715898463e-08,100.0,1.0,0.001,NaN,NaN,NaN,transformer,embedding,2,308.37190962582827
750,1502,NaN,NaN,NaN,NaN,5.913848400115967,1.6677566766738892,370.1278076171875,transformer,embedding,2,308.28970881551504
753,1508,3.1450959170342685e-08,100.0,1.0,0.001,NaN,NaN,NaN,transformer,embedding,2,308.22906681895256
760,1522,1.8008210034281547e-08,100.0,1.0,0.001,NaN,NaN,NaN,transformer,embedding,2,308.08698534220457
764,1530,NaN,NaN,NaN,NaN,5.909187316894531,1.689557433128357,368.4066467285156,transformer,embedding,2,308.00632248818874
767,1536,4.819098453623383e-09,100.0,1.0,0.001,NaN,NaN,NaN,transformer,embedding,2,307.946423612535
774,1550,2.967550116750317e-08,100.0,1.0,0.001,NaN,NaN,NaN,transformer,embedding,2,307.80810851603746
779,1560,NaN,NaN,NaN,NaN,5.9098663330078125,1.7004578113555908,368.6568603515625,transformer,embedding,2,307.7090613171458
781,1564,2.079821470601928e-08,100.0,1.0,0.001,NaN,NaN,NaN,transformer,embedding,2,307.6694764122367
788,1578,2.7900043164663657e-08,100.0,1.0,0.001,NaN,NaN,NaN,transformer,embedding,2,307.5344050601125
794,1590,NaN,NaN,NaN,NaN,5.908596515655518,1.689557433128357,368.1890563964844,transformer,embedding,2,307.41706248372793
795,1592,1.8008208257924707e-08,100.0,1.0,0.001,NaN,NaN,NaN,transformer,embedding,2,307.39949733763933
802,1606,6.087282233835367e-09,100.0,1.0,0.001,NaN,NaN,NaN,transformer,embedding,2,307.2690681666136
809,1620,NaN,NaN,NaN,NaN,5.915075302124023,1.678657054901123,370.58221435546875,transformer,embedding,2,307.1423965394497
810,1622,3.2972780061868434e-09,100.0,1.0,0.001,NaN,NaN,NaN,transformer,embedding,2,307.12400288134813
818,1638,2.1051850040976205e-08,100.0,1.0,0.001,NaN,NaN,NaN,transformer,embedding,2,306.9867647215724
825,1652,NaN,NaN,NaN,NaN,5.886318206787109,1.6677566766738892,360.0771179199219,transformer,embedding,2,306.8694177418947
826,1654,1.1667291133221624e-08,100.0,1.0,0.001,NaN,NaN,NaN,transformer,embedding,2,306.8533366546035
834,1670,2.3080946931486324e-08,100.0,1.0,0.001,NaN,NaN,NaN,transformer,embedding,2,306.73139221966267
841,1684,NaN,NaN,NaN,NaN,5.876727104187012,1.678657054901123,356.64007568359375,transformer,embedding,2,306.63628732413054
842,1686,2.130548892864681e-08,100.0,1.0,0.001,NaN,NaN,NaN,transformer,embedding,2,306.62190855294466
850,1702,5.072735564937148e-10,100.0,1.0,0.001,NaN,NaN,NaN,transformer,embedding,2,306.52435806393623
857,1716,NaN,NaN,NaN,NaN,5.904956817626953,1.6677566766738892,366.85137939453125,transformer,embedding,2,306.4403124600649
858,1718,2.5870949826867218e-08,100.0,1.0,0.001,NaN,NaN,NaN,transformer,embedding,2,306.4302646741271
866,1734,2.8407317387291187e-08,100.0,1.0,0.001,NaN,NaN,NaN,transformer,embedding,2,306.33745281398296
874,1750,4.565461786398828e-09,100.0,1.0,0.001,5.929834365844727,1.678657054901123,376.09222412109375,transformer,embedding,2,306.2467816993594
882,1766,4.311825119174273e-09,100.0,1.0,0.001,NaN,NaN,NaN,transformer,embedding,2,306.16827573627234
890,1782,2.916823049758932e-08,100.0,1.0,0.001,NaN,NaN,NaN,transformer,embedding,2,306.0873301625252
891,1784,NaN,NaN,NaN,NaN,5.865154266357422,1.7004578113555908,352.5365295410156,transformer,embedding,2,306.0765759423375
898,1798,1.927639203813669e-08,100.0,1.0,0.001,NaN,NaN,NaN,transformer,embedding,2,306.0099059715867
906,1814,2.029094225974859e-09,100.0,1.0,0.001,NaN,NaN,NaN,transformer,embedding,2,305.93860049545765
908,1818,NaN,NaN,NaN,NaN,5.861400127410889,1.7113581895828247,351.2155456542969,transformer,embedding,2,305.92339108884335
915,1832,2.6885498272122277e-08,100.0,1.0,0.001,NaN,NaN,NaN,transformer,embedding,2,305.8637239038944
924,1850,1.7754573367056992e-09,100.0,1.0,0.001,NaN,NaN,NaN,transformer,embedding,2,305.7918675765395
926,1854,NaN,NaN,NaN,NaN,5.855340480804443,1.689557433128357,349.09375,transformer,embedding,2,305.7783280313015
933,1868,1.2428202467162919e-08,100.0,1.0,0.001,NaN,NaN,NaN,transformer,embedding,2,305.72482047230005
942,1886,3.0436414277801305e-08,100.0,1.0,0.001,NaN,NaN,NaN,transformer,embedding,2,305.66613563895226
944,1890,NaN,NaN,NaN,NaN,5.864889621734619,1.6677566766738892,352.4432373046875,transformer,embedding,2,305.65208940953016
951,1904,1.2174564467670734e-08,100.0,1.0,0.001,NaN,NaN,NaN,transformer,embedding,2,305.61029341071844
960,1922,3.8299152294030137e-08,100.0,1.0,0.001,NaN,NaN,NaN,transformer,embedding,2,305.5627788826823
962,1926,NaN,NaN,NaN,NaN,5.83662223815918,1.678657054901123,342.6200866699219,transformer,embedding,2,305.55029164254665
969,1940,1.293547402525519e-08,100.0,1.0,0.001,NaN,NaN,NaN,transformer,embedding,2,305.51649291068316
978,1958,2.9421865832546246e-08,100.0,1.0,0.001,NaN,NaN,NaN,transformer,embedding,2,305.47709235548973
981,1964,NaN,NaN,NaN,NaN,5.815662860870361,1.689557433128357,335.51373291015625,transformer,embedding,2,305.4644362702966
987,1976,2.079821470601928e-08,100.0,1.0,0.001,NaN,NaN,NaN,transformer,embedding,2,305.4418842867017
996,1994,3.779187451868893e-08,100.0,1.0,0.001,NaN,NaN,NaN,transformer,embedding,2,305.41168880462646
1000,2002,NaN,NaN,NaN,NaN,5.863699913024902,1.689557433128357,352.0242004394531,transformer,embedding,2,305.39643907546997
1005,2012,5.5800084552970475e-09,100.0,1.0,0.001,NaN,NaN,NaN,transformer,embedding,2,305.38301995396614
1015,2032,2.8914591609918716e-08,100.0,1.0,0.001,NaN,NaN,NaN,transformer,embedding,2,305.36027406156063
1019,2040,NaN,NaN,NaN,NaN,5.820642471313477,1.7113581895828247,337.1886291503906,transformer,embedding,2,305.35147765278816
1025,2052,7.862739792585671e-09,100.0,1.0,0.001,NaN,NaN,NaN,transformer,embedding,2,305.33924301713705
1035,2072,7.101829346822797e-09,100.0,1.0,0.001,NaN,NaN,NaN,transformer,embedding,2,305.3305892124772
1039,2080,NaN,NaN,NaN,NaN,5.813127517700195,1.7004578113555908,334.6641540527344,transformer,embedding,2,305.3268329054117
1045,2092,2.866095627496179e-08,100.0,1.0,0.001,NaN,NaN,NaN,transformer,embedding,2,305.3237979710102
1055,2112,2.967550294386001e-08,100.0,1.0,0.001,NaN,NaN,NaN,transformer,embedding,2,305.32252886891365
1059,2120,NaN,NaN,NaN,NaN,5.743462085723877,1.689557433128357,312.1432189941406,transformer,embedding,2,305.32316793501377
1065,2132,3.449460095339418e-08,100.0,1.0,0.001,NaN,NaN,NaN,transformer,embedding,2,305.32816065102816
1075,2152,3.500187517602171e-08,100.0,1.0,0.001,NaN,NaN,NaN,transformer,embedding,2,305.33852982521057
1080,2162,NaN,NaN,NaN,NaN,5.815539836883545,1.7331589460372925,335.4724426269531,transformer,embedding,2,305.3445981144905
1085,2172,2.4095490047670864e-08,100.0,1.0,0.001,NaN,NaN,NaN,transformer,embedding,2,305.3553906455636
1095,2192,4.0835519854454105e-08,100.0,1.0,0.001,NaN,NaN,NaN,transformer,embedding,2,305.3800956234336
1101,2204,NaN,NaN,NaN,NaN,5.744525909423828,1.7440593242645264,312.4754638671875,transformer,embedding,2,305.39601477980614
1105,2212,2.7646407829706732e-08,100.0,1.0,0.001,NaN,NaN,NaN,transformer,embedding,2,305.4089642390609
1116,2234,5.3263718768903345e-08,100.0,1.0,0.001,NaN,NaN,NaN,transformer,embedding,2,305.4436874985695
1123,2248,NaN,NaN,NaN,NaN,5.692758083343506,1.689557433128357,296.7108459472656,transformer,embedding,2,305.4677245244384
1127,2256,3.170459450529961e-08,100.0,1.0,0.001,NaN,NaN,NaN,transformer,embedding,2,305.4887185394764
1138,2278,2.232003559754503e-08,100.0,1.0,0.001,NaN,NaN,NaN,transformer,embedding,2,305.536784209311
1145,2292,NaN,NaN,NaN,NaN,5.707795143127441,1.7222585678100586,301.2062072753906,transformer,embedding,2,305.57156678289175
1149,2300,4.7430070537757274e-08,100.0,1.0,0.001,NaN,NaN,NaN,transformer,embedding,2,305.5916000381112
1160,2322,2.0544579371062355e-08,100.0,1.0,0.001,NaN,NaN,NaN,transformer,embedding,2,305.64760410040617
1167,2336,NaN,NaN,NaN,NaN,5.670401096343994,1.678657054901123,290.15087890625,transformer,embedding,2,305.687034368515
1171,2344,4.210370363466609e-08,100.0,1.0,0.001,NaN,NaN,NaN,transformer,embedding,2,305.7141589447856
1182,2366,3.7538239183732e-08,100.0,1.0,0.001,NaN,NaN,NaN,transformer,embedding,2,305.78902504593134
1190,2382,NaN,NaN,NaN,NaN,5.669346809387207,1.7004578113555908,289.84515380859375,transformer,embedding,2,305.84463395923376
1193,2388,1.5979116696485107e-08,100.0,1.0,0.001,NaN,NaN,NaN,transformer,embedding,2,305.8664198219776
1204,2410,1.4710932916273123e-08,100.0,1.0,0.001,NaN,NaN,NaN,transformer,embedding,2,305.95262578874826
1213,2428,NaN,NaN,NaN,NaN,5.70621919631958,1.7222585678100586,300.7319030761719,transformer,embedding,2,306.02831211686134
1216,2434,4.996644165089492e-08,100.0,1.0,0.001,NaN,NaN,NaN,transformer,embedding,2,306.0525025650859
1228,2458,3.829914874131646e-08,100.0,1.0,0.001,NaN,NaN,NaN,transformer,embedding,2,306.15495178848505
1237,2476,NaN,NaN,NaN,NaN,5.661566257476807,1.7113581895828247,287.5987548828125,transformer,embedding,2,306.2383392304182
1240,2482,1.8769119591866e-08,100.0,1.0,0.001,NaN,NaN,NaN,transformer,embedding,2,306.2686882019043
1252,2506,1.4964570027586888e-08,100.0,1.0,0.001,NaN,NaN,NaN,transformer,embedding,2,306.382198728621
1261,2524,NaN,NaN,NaN,NaN,5.711869239807129,1.7331589460372925,302.43585205078125,transformer,embedding,2,306.47555450350046
1264,2530,4.4386432307419454e-08,100.0,1.0,0.001,NaN,NaN,NaN,transformer,embedding,2,306.5054897069931
1276,2554,2.5363675604239688e-08,100.0,1.0,0.001,NaN,NaN,NaN,transformer,embedding,2,306.63970897346735
1286,2574,NaN,NaN,NaN,NaN,5.70428991317749,1.7004578113555908,300.15228271484375,transformer,embedding,2,306.7580095976591
1288,2578,3.8806426516657666e-08,100.0,1.0,0.001,NaN,NaN,NaN,transformer,embedding,2,306.7835509851575
1300,2602,3.3480052508139124e-08,100.0,1.0,0.001,NaN,NaN,NaN,transformer,embedding,2,306.9325727522373
1311,2624,NaN,NaN,NaN,NaN,5.6735920906066895,1.7222585678100586,291.0782470703125,transformer,embedding,2,307.0730846747756
1313,2628,4.0328245631826576e-08,100.0,1.0,0.001,NaN,NaN,NaN,transformer,embedding,2,307.10259556025267
1326,2654,3.5509145845935564e-08,100.0,1.0,0.001,NaN,NaN,NaN,transformer,embedding,2,307.271153613925
1337,2676,NaN,NaN,NaN,NaN,5.720212459564209,1.7331589460372925,304.9696960449219,transformer,embedding,2,307.4255710616708
1339,2680,1.0145469353517456e-08,100.0,1.0,0.001,NaN,NaN,NaN,transformer,embedding,2,307.4542188718915
1352,2706,1.090638157563717e-08,100.0,1.0,0.001,NaN,NaN,NaN,transformer,embedding,2,307.6357609927654
1363,2728,NaN,NaN,NaN,NaN,5.693195819854736,1.7549595832824707,296.84075927734375,transformer,embedding,2,307.7915934249759
1365,2732,3.1450959170342685e-08,100.0,1.0,0.001,NaN,NaN,NaN,transformer,embedding,2,307.8197472691536
1378,2758,4.362552630254868e-08,100.0,1.0,0.001,NaN,NaN,NaN,transformer,embedding,2,308.02323335409164
1390,2782,NaN,NaN,NaN,NaN,5.731356143951416,1.7440593242645264,308.38720703125,transformer,embedding,2,308.22303995490074
1391,2784,5.580009343475467e-09,100.0,1.0,0.001,NaN,NaN,NaN,transformer,embedding,2,308.23739041388035
1404,2810,4.4893702977333305e-08,100.0,1.0,0.001,NaN,NaN,NaN,transformer,embedding,2,308.45872277766466
1417,2836,NaN,NaN,NaN,NaN,5.7087531089782715,1.7876607179641724,301.4949035644531,transformer,embedding,2,308.68370701372623
1418,2838,2.9421865832546246e-08,100.0,1.0,0.001,NaN,NaN,NaN,transformer,embedding,2,308.6993148699403
1432,2866,1.1160018686950934e-08,100.0,1.0,0.001,NaN,NaN,NaN,transformer,embedding,2,308.9448663070798
1445,2892,NaN,NaN,NaN,NaN,5.599909782409668,1.7658599615097046,270.4020080566406,transformer,embedding,2,309.1828214302659
1446,2894,5.148826431877751e-08,100.0,1.0,0.001,NaN,NaN,NaN,transformer,embedding,2,309.2024771347642
1460,2922,4.464006764237638e-08,100.0,1.0,0.001,NaN,NaN,NaN,transformer,embedding,2,309.4654873907566
1473,2948,NaN,NaN,NaN,NaN,5.656787872314453,1.7440593242645264,286.2277526855469,transformer,embedding,2,309.7195452749729
1474,2950,2.9421865832546246e-08,100.0,1.0,0.001,NaN,NaN,NaN,transformer,embedding,2,309.7393641024828
1488,2978,3.906006185161459e-08,100.0,1.0,0.001,NaN,NaN,NaN,transformer,embedding,2,310.0206193253398
1502,3006,4.0328245631826576e-08,100.0,1.0,0.001,5.635604381561279,1.7440593242645264,280.2282409667969,transformer,embedding,2,310.31405021995306
1517,3036,3.2972781838225274e-08,100.0,1.0,0.001,NaN,NaN,NaN,transformer,embedding,2,310.6314513385296
1532,3066,3.931369718657152e-08,100.0,1.0,0.001,5.703293800354004,1.7440593242645264,299.8534240722656,transformer,embedding,2,310.95615596324205
1547,3096,4.1850064746995486e-08,100.0,1.0,0.001,NaN,NaN,NaN,transformer,embedding,2,311.2774668112397
1562,3126,4.0328245631826576e-08,100.0,1.0,0.001,5.696401119232178,1.7985610961914062,297.7937316894531,transformer,embedding,2,311.6131186336279
1577,3156,5.3770989438817196e-08,100.0,1.0,0.001,NaN,NaN,NaN,transformer,embedding,2,311.96591452509165
1592,3186,1.4710932916273123e-08,100.0,1.0,0.001,NaN,NaN,NaN,transformer,embedding,2,312.32427660375834
1593,3188,NaN,NaN,NaN,NaN,5.667747974395752,1.7549597024917603,289.3821105957031,transformer,embedding,2,312.34970965981483
1607,3216,3.652369429119062e-08,100.0,1.0,0.001,NaN,NaN,NaN,transformer,embedding,2,312.69062235206366
1623,3248,4.007461029686965e-08,100.0,1.0,0.001,NaN,NaN,NaN,transformer,embedding,2,313.0817913338542
1624,3250,NaN,NaN,NaN,NaN,5.6782612800598145,1.7658599615097046,292.4405212402344,transformer,embedding,2,313.1076248884201
1639,3280,2.5110038492925923e-08,100.0,1.0,0.001,NaN,NaN,NaN,transformer,embedding,2,313.4717763736844
1655,3312,3.728460384877508e-08,100.0,1.0,0.001,NaN,NaN,NaN,transformer,embedding,2,313.8761160671711
1656,3314,NaN,NaN,NaN,NaN,5.657360076904297,1.7658599615097046,286.3916015625,transformer,embedding,2,313.9031558558345
1671,3344,3.221186872792714e-08,100.0,1.0,0.001,NaN,NaN,NaN,transformer,embedding,2,314.3003759086132
1687,3376,5.148826076606383e-08,100.0,1.0,0.001,NaN,NaN,NaN,transformer,embedding,2,314.7414920479059
1689,3380,NaN,NaN,NaN,NaN,5.71761417388916,1.7767603397369385,304.1783447265625,transformer,embedding,2,314.79881043732166
1703,3408,3.652369429119062e-08,100.0,1.0,0.001,NaN,NaN,NaN,transformer,embedding,2,315.1955617368221
1720,3442,4.362552630254868e-08,100.0,1.0,0.001,NaN,NaN,NaN,transformer,embedding,2,315.656387463212
1722,3446,NaN,NaN,NaN,NaN,5.660794734954834,1.7658599615097046,287.376953125,transformer,embedding,2,315.708139590919
1737,3476,4.5400980752674513e-08,100.0,1.0,0.001,NaN,NaN,NaN,transformer,embedding,2,316.1349077746272
1754,3510,3.373369139580973e-08,100.0,1.0,0.001,NaN,NaN,NaN,transformer,embedding,2,316.61226531118155
1756,3514,NaN,NaN,NaN,NaN,5.583589553833008,1.7331589460372925,266.0248107910156,transformer,embedding,2,316.6661374568939
1771,3544,4.362552630254868e-08,100.0,1.0,0.001,NaN,NaN,NaN,transformer,embedding,2,317.12188935279846
1788,3578,4.1342794077081635e-08,100.0,1.0,0.001,NaN,NaN,NaN,transformer,embedding,2,317.6238468512893
1791,3584,NaN,NaN,NaN,NaN,5.681756496429443,1.7876607179641724,293.4644470214844,transformer,embedding,2,317.7194548174739
1805,3612,2.3588219377757014e-08,100.0,1.0,0.001,NaN,NaN,NaN,transformer,embedding,2,318.1589910313487
1823,3648,3.804551340635953e-08,100.0,1.0,0.001,NaN,NaN,NaN,transformer,embedding,2,318.725068859756
1826,3654,NaN,NaN,NaN,NaN,5.666732311248779,1.7876607179641724,289.0883483886719,transformer,embedding,2,318.8182281702757
1841,3684,4.0328245631826576e-08,100.0,1.0,0.001,NaN,NaN,NaN,transformer,embedding,2,319.25822111964226
1859,3720,5.1741899653734436e-08,100.0,1.0,0.001,NaN,NaN,NaN,transformer,embedding,2,319.8320216909051
1862,3726,NaN,NaN,NaN,NaN,5.622097492218018,1.7767603397369385,276.4686584472656,transformer,embedding,2,319.9275575503707
1877,3756,1.3189112024747374e-08,100.0,1.0,0.001,NaN,NaN,NaN,transformer,embedding,2,320.4123864918947
1895,3792,3.1450959170342685e-08,100.0,1.0,0.001,NaN,NaN,NaN,transformer,embedding,2,320.98692414164543
1899,3800,NaN,NaN,NaN,NaN,5.645534992218018,1.820361852645874,283.0249328613281,transformer,embedding,2,321.1088314652443
1913,3828,3.931369718657152e-08,100.0,1.0,0.001,NaN,NaN,NaN,transformer,embedding,2,321.57224810123444
1932,3866,2.18127613749175e-08,100.0,1.0,0.001,NaN,NaN,NaN,transformer,embedding,2,322.15559286624193
1936,3874,NaN,NaN,NaN,NaN,5.568289279937744,1.7767603397369385,261.98553466796875,transformer,embedding,2,322.2758480012417
1951,3904,3.3480052508139124e-08,100.0,1.0,0.001,NaN,NaN,NaN,transformer,embedding,2,322.69730579108
1970,3942,3.677732962614755e-08,100.0,1.0,0.001,NaN,NaN,NaN,transformer,embedding,2,323.2514620795846
1974,3950,NaN,NaN,NaN,NaN,5.630393028259277,1.7876607179641724,278.77166748046875,transformer,embedding,2,323.3880940005183
1989,3980,2.384185471271394e-08,100.0,1.0,0.001,NaN,NaN,NaN,transformer,embedding,2,323.85531950742006
2008,4018,2.8407317387291187e-08,100.0,1.0,0.001,NaN,NaN,NaN,transformer,embedding,2,324.4174828827381
2013,4028,NaN,NaN,NaN,NaN,5.675063133239746,1.7985610961914062,291.5067443847656,transformer,embedding,2,324.5781491920352
2028,4058,3.2465504062884065e-08,100.0,1.0,0.001,NaN,NaN,NaN,transformer,embedding,2,324.9938534423709
2048,4098,2.485640138161216e-08,100.0,1.0,0.001,NaN,NaN,NaN,transformer,embedding,2,325.59877839684486
2053,4108,NaN,NaN,NaN,NaN,5.626733779907227,1.7767603397369385,277.75341796875,transformer,embedding,2,325.7978426218033
2068,4138,3.2972778285511595e-08,100.0,1.0,0.001,NaN,NaN,NaN,transformer,embedding,2,326.38411178439856
2088,4178,4.007461029686965e-08,100.0,1.0,0.001,NaN,NaN,NaN,transformer,embedding,2,326.9813528507948
2094,4190,NaN,NaN,NaN,NaN,5.709707736968994,1.7876607179641724,301.7828674316406,transformer,embedding,2,327.1997466683388
2108,4218,4.2864613192250545e-08,100.0,1.0,0.001,NaN,NaN,NaN,transformer,embedding,2,327.70931573212147
2129,4260,4.108915874212471e-08,100.0,1.0,0.001,NaN,NaN,NaN,transformer,embedding,2,328.42322435230017
2135,4272,NaN,NaN,NaN,NaN,5.630780220031738,1.8421626091003418,278.8796081542969,transformer,embedding,2,328.6238688156009
2150,4302,2.6124588714537822e-08,100.0,1.0,0.001,NaN,NaN,NaN,transformer,embedding,2,329.20977655798197
2171,4344,3.3480052508139124e-08,100.0,1.0,0.001,NaN,NaN,NaN,transformer,embedding,2,329.8882173895836
2177,4356,NaN,NaN,NaN,NaN,5.676766395568848,1.7767603397369385,292.003662109375,transformer,embedding,2,330.01593961566687
2192,4386,5.884373166509249e-08,100.0,1.0,0.001,NaN,NaN,NaN,transformer,embedding,2,330.343340061605
2213,4428,4.362551919712132e-08,100.0,1.0,0.001,NaN,NaN,NaN,transformer,embedding,2,330.8816402256489
2220,4442,NaN,NaN,NaN,NaN,5.633307456970215,1.820361852645874,279.5852966308594,transformer,embedding,2,331.1543095856905
2235,4472,2.079821470601928e-08,100.0,1.0,0.001,NaN,NaN,NaN,transformer,embedding,2,331.7499078884721
2257,4516,4.1342794077081635e-08,100.0,1.0,0.001,NaN,NaN,NaN,transformer,embedding,2,332.5134157165885
2264,4530,NaN,NaN,NaN,NaN,5.651495456695557,1.8748637437820435,284.7169189453125,transformer,embedding,2,332.76066733151674
2279,4560,2.384185648907078e-08,100.0,1.0,0.001,NaN,NaN,NaN,transformer,embedding,2,333.339644998312
2301,4604,1.9530030925807296e-08,100.0,1.0,0.001,NaN,NaN,NaN,transformer,embedding,2,334.0772396251559
2309,4620,NaN,NaN,NaN,NaN,5.678770542144775,1.820361852645874,292.5894775390625,transformer,embedding,2,334.3991883173585
2324,4650,4.641552919792957e-08,100.0,1.0,0.001,NaN,NaN,NaN,transformer,embedding,2,334.9576460272074
2347,4696,3.271914295055467e-08,100.0,1.0,0.001,NaN,NaN,NaN,transformer,embedding,2,335.65894404798746
2355,4712,NaN,NaN,NaN,NaN,5.6547112464904785,1.8530629873275757,285.6340026855469,transformer,embedding,2,335.9284656792879
2370,4742,5.833645388975128e-08,100.0,1.0,0.001,NaN,NaN,NaN,transformer,embedding,2,336.4072895050049
2393,4788,2.7646407829706732e-08,100.0,1.0,0.001,NaN,NaN,NaN,transformer,embedding,2,337.0439173206687
2402,4806,NaN,NaN,NaN,NaN,5.621344089508057,1.7876607179641724,276.2604675292969,transformer,embedding,2,337.281506665051
2416,4834,2.6885494719408598e-08,100.0,1.0,0.001,NaN,NaN,NaN,transformer,embedding,2,337.5338290333748
2440,4882,3.170459450529961e-08,100.0,1.0,0.001,NaN,NaN,NaN,transformer,embedding,2,338.1910523325205
2450,4902,NaN,NaN,NaN,NaN,5.671090602874756,1.8530629873275757,290.35101318359375,transformer,embedding,2,338.57061094790697
2464,4930,4.03282420791129e-08,100.0,1.0,0.001,NaN,NaN,NaN,transformer,embedding,2,338.9753544703126
2488,4978,2.3080946931486324e-08,100.0,1.0,0.001,NaN,NaN,NaN,transformer,embedding,2,339.64167208224535
2498,4998,NaN,NaN,NaN,NaN,5.63179874420166,1.8530629873275757,279.163818359375,transformer,embedding,2,339.8277125656605
2512,5026,3.9313700739285196e-08,100.0,1.0,0.001,NaN,NaN,NaN,transformer,embedding,2,340.13938895612955
2537,5076,3.119732383538576e-08,100.0,1.0,0.001,NaN,NaN,NaN,transformer,embedding,2,340.7230279445648
2547,5096,NaN,NaN,NaN,NaN,5.6261372566223145,1.8639633655548096,277.5877990722656,transformer,embedding,2,340.95244988799095
2562,5126,3.0943684947715155e-08,100.0,1.0,0.001,NaN,NaN,NaN,transformer,embedding,2,341.64190854877234
2587,5176,2.8407317387291187e-08,100.0,1.0,0.001,NaN,NaN,NaN,transformer,embedding,2,342.30106599628925
2597,5196,NaN,NaN,NaN,NaN,5.649642467498779,1.8857641220092773,284.1898498535156,transformer,embedding,2,342.541733905673
2612,5226,2.8407317387291187e-08,100.0,1.0,0.001,NaN,NaN,NaN,transformer,embedding,2,343.0576656162739
2638,5278,2.6124588714537822e-08,100.0,1.0,0.001,NaN,NaN,NaN,transformer,embedding,2,343.7358298972249
2648,5298,NaN,NaN,NaN,NaN,5.609040260314941,1.8421626091003418,272.8822021484375,transformer,embedding,2,344.08600210398436
2664,5330,4.05818809667835e-08,100.0,1.0,0.001,NaN,NaN,NaN,transformer,embedding,2,344.70780155807734
2690,5382,5.148826431877751e-08,100.0,1.0,0.001,NaN,NaN,NaN,transformer,embedding,2,345.4910440593958
2700,5402,NaN,NaN,NaN,NaN,5.5913801193237305,1.8530629873275757,268.1053771972656,transformer,embedding,2,345.6711049377918
2716,5434,3.0436410725087626e-08,100.0,1.0,0.001,NaN,NaN,NaN,transformer,embedding,2,346.020723991096
2743,5488,6.594556012373687e-09,100.0,1.0,0.001,NaN,NaN,NaN,transformer,embedding,2,346.72476329654455
2753,5508,NaN,NaN,NaN,NaN,5.647930145263672,1.8530629873275757,283.7036437988281,transformer,embedding,2,347.0836142897606
2770,5542,2.079821470601928e-08,100.0,1.0,0.001,NaN,NaN,NaN,transformer,embedding,2,347.79760251939297
2797,5596,3.474823273563743e-08,100.0,1.0,0.001,NaN,NaN,NaN,transformer,embedding,2,348.5626144334674
2808,5618,NaN,NaN,NaN,NaN,5.591799259185791,1.8639633655548096,268.2177734375,transformer,embedding,2,348.8363707959652
2824,5650,3.753824273644568e-08,100.0,1.0,0.001,NaN,NaN,NaN,transformer,embedding,2,349.2067038565874
2852,5706,3.601642006856309e-08,100.0,1.0,0.001,NaN,NaN,NaN,transformer,embedding,2,349.87034664303064
2864,5730,NaN,NaN,NaN,NaN,5.665899276733398,1.8857641220092773,288.8476257324219,transformer,embedding,2,350.41227170079947
2880,5762,2.4349130711698308e-08,100.0,1.0,0.001,NaN,NaN,NaN,transformer,embedding,2,351.31817758083344
2908,5818,2.282730804381572e-08,100.0,1.0,0.001,NaN,NaN,NaN,transformer,embedding,2,352.271368265152
2921,5844,NaN,NaN,NaN,NaN,5.586611270904541,1.8639633655548096,266.8298645019531,transformer,embedding,2,352.5065830424428
2937,5876,2.130548892864681e-08,100.0,1.0,0.001,NaN,NaN,NaN,transformer,embedding,2,352.98780397325754
2966,5934,2.232003737390187e-08,100.0,1.0,0.001,NaN,NaN,NaN,transformer,embedding,2,353.8560969531536
2979,5960,NaN,NaN,NaN,NaN,5.657921314239502,1.8857641220092773,286.5523681640625,transformer,embedding,2,354.17257185280323
2995,5992,6.721374035123517e-08,100.0,1.0000001192092896,0.001,NaN,NaN,NaN,transformer,embedding,2,354.4904094338417
3024,6050,4.743007764318463e-08,100.0,1.0,0.001,NaN,NaN,NaN,transformer,embedding,2,355.19565123319626
3038,6078,NaN,NaN,NaN,NaN,5.591619968414307,1.9075648784637451,268.1697082519531,transformer,embedding,2,355.4839223921299
3054,6110,3.069004961275823e-08,100.0,1.0,0.001,NaN,NaN,NaN,transformer,embedding,2,355.85635232925415
3084,6170,1.826184714559531e-08,100.0,1.0,0.001,NaN,NaN,NaN,transformer,embedding,2,356.5121203660965
3098,6198,NaN,NaN,NaN,NaN,5.5684051513671875,1.8966645002365112,262.0158996582031,transformer,embedding,2,356.8928635120392
3114,6230,3.601642362127677e-08,100.0,1.0,0.001,NaN,NaN,NaN,transformer,embedding,2,357.19695487618446
3145,6292,4.514734541771759e-08,100.0,1.0,0.001,NaN,NaN,NaN,transformer,embedding,2,358.7487036585808
3159,6320,NaN,NaN,NaN,NaN,5.595856189727783,1.8966645002365112,269.3081359863281,transformer,embedding,2,359.13117302954197
3176,6354,2.4349130711698308e-08,100.0,1.0,0.001,NaN,NaN,NaN,transformer,embedding,2,359.5069028735161
3207,6416,3.474823628835111e-08,100.0,1.0,0.001,NaN,NaN,NaN,transformer,embedding,2,360.1678518354893
3222,6446,NaN,NaN,NaN,NaN,5.605297565460205,1.8966645002365112,271.8628234863281,transformer,embedding,2,360.701613381505
3239,6480,3.170459450529961e-08,100.0,1.0,0.001,NaN,NaN,NaN,transformer,embedding,2,361.3397790938616
3271,6544,3.2465507615597744e-08,100.0,1.0,0.001,NaN,NaN,NaN,transformer,embedding,2,362.5815332829952
3286,6574,NaN,NaN,NaN,NaN,5.61464262008667,1.929365634918213,274.415283203125,transformer,embedding,2,362.9448929131031
3303,6608,4.159642941203856e-08,100.0,1.0,0.001,NaN,NaN,NaN,transformer,embedding,2,363.23015174269676
3336,6674,1.4964570027586888e-08,100.0,1.0,0.001,NaN,NaN,NaN,transformer,embedding,2,364.09286941587925
3351,6704,NaN,NaN,NaN,NaN,5.600228786468506,1.9075648784637451,270.48828125,transformer,embedding,2,364.3899266421795
3369,6740,3.221187228064082e-08,100.0,1.0,0.001,NaN,NaN,NaN,transformer,embedding,2,365.0729629844427
3402,6806,3.1958233392970214e-08,100.0,1.0,0.001,NaN,NaN,NaN,transformer,embedding,2,366.0173908621073
3418,6838,NaN,NaN,NaN,NaN,5.580492973327637,1.9511662721633911,265.2023010253906,transformer,embedding,2,366.47457656264305
3436,6874,3.322641362046852e-08,100.0,1.0,0.001,NaN,NaN,NaN,transformer,embedding,2,366.8125576078892
3470,6942,1.5218205362543813e-08,100.0,1.0,0.001,NaN,NaN,NaN,transformer,embedding,2,367.6233127564192
3486,6974,NaN,NaN,NaN,NaN,5.601053714752197,1.929365634918213,270.7115173339844,transformer,embedding,2,368.2407038062811
3504,7010,3.576278118089249e-08,100.0,1.0,0.001,NaN,NaN,NaN,transformer,embedding,2,368.61059007048607
3539,7080,2.2573672708858794e-08,100.0,1.0,0.001,NaN,NaN,NaN,transformer,embedding,2,369.61387825012207
3555,7112,NaN,NaN,NaN,NaN,5.589531898498535,1.9511662721633911,267.6103210449219,transformer,embedding,2,370.0640882104635
3574,7150,2.9929140055173775e-08,100.0,1.0,0.001,NaN,NaN,NaN,transformer,embedding,2,370.521269261837
3609,7220,1.6486390919112637e-08,100.0,1.0,0.001,NaN,NaN,NaN,transformer,embedding,2,371.43984124064445
3626,7254,NaN,NaN,NaN,NaN,5.5632643699646,1.9402658939361572,260.6723937988281,transformer,embedding,2,371.7981048077345
3645,7292,2.130548715228997e-08,100.0,1.0,0.001,NaN,NaN,NaN,transformer,embedding,2,372.30390778183937
3681,7364,5.6307360551954844e-08,100.0,1.0,0.001,NaN,NaN,NaN,transformer,embedding,2,373.2214052081108
3698,7398,NaN,NaN,NaN,NaN,5.63330602645874,1.962066650390625,279.58489990234375,transformer,embedding,2,373.6693671345711
3717,7436,2.5870949826867218e-08,100.0,1.0,0.001,NaN,NaN,NaN,transformer,embedding,2,374.0792200267315
3754,7510,3.3480052508139124e-08,100.0,1.0,0.001,NaN,NaN,NaN,transformer,embedding,2,375.2848513275385
3771,7544,NaN,NaN,NaN,NaN,5.649847984313965,1.9075648784637451,284.2482604980469,transformer,embedding,2,375.6849836707115
3791,7584,2.866095449860495e-08,100.0,1.0,0.001,NaN,NaN,NaN,transformer,embedding,2,376.11939676105976
3828,7658,3.3480048955425445e-08,100.0,1.0,0.001,NaN,NaN,NaN,transformer,embedding,2,377.09842398762703
3846,7694,NaN,NaN,NaN,NaN,5.593174457550049,1.962066650390625,268.5868835449219,transformer,embedding,2,377.5182735621929
3866,7734,3.500187517602171e-08,100.0,1.0,0.001,NaN,NaN,NaN,transformer,embedding,2,378.1229140907526
3904,7810,2.815368205233426e-08,100.0,1.0,0.001,NaN,NaN,NaN,transformer,embedding,2,379.0179206430912
3922,7846,NaN,NaN,NaN,NaN,5.589644908905029,1.9511662721633911,267.64056396484375,transformer,embedding,2,379.454494535923
3943,7888,3.34800560608528e-08,100.0,1.0,0.001,NaN,NaN,NaN,transformer,embedding,2,379.97824580967426
3982,7966,2.916822694487564e-08,100.0,1.0,0.001,NaN,NaN,NaN,transformer,embedding,2,381.2959163635969
4000,8002,NaN,NaN,NaN,NaN,5.584352970123291,1.9947677850723267,266.22796630859375,transformer,embedding,2,381.7066063284874
4021,8044,3.0436410725087626e-08,100.0,1.0,0.001,NaN,NaN,NaN,transformer,embedding,2,382.3028774857521
4061,8124,2.232003737390187e-08,100.0,1.0,0.001,NaN,NaN,NaN,transformer,embedding,2,383.371690467
4079,8160,NaN,NaN,NaN,NaN,5.593439102172852,1.962066650390625,268.6579895019531,transformer,embedding,2,383.8065012395382
4101,8204,3.7284607401488756e-08,100.0,1.0,0.001,NaN,NaN,NaN,transformer,embedding,2,384.5878443866968
4142,8286,3.01827753901307e-08,100.0,1.0,0.001,NaN,NaN,NaN,transformer,embedding,2,386.6930562108755
4160,8322,NaN,NaN,NaN,NaN,5.63839864730835,1.9402660131454468,281.0123596191406,transformer,embedding,2,387.24526546895504
4183,8368,2.815368205233426e-08,100.0,1.0,0.001,NaN,NaN,NaN,transformer,embedding,2,387.9379895925522
4224,8450,3.3987323178052975e-08,100.0,1.0,0.001,NaN,NaN,NaN,transformer,embedding,2,389.10546454787254
4243,8488,NaN,NaN,NaN,NaN,5.647875785827637,1.962066650390625,283.6882019042969,transformer,embedding,2,389.78447887301445
4266,8534,3.221186872792714e-08,100.0,1.0,0.001,NaN,NaN,NaN,transformer,embedding,2,390.47945961356163
4308,8618,2.7139133607079202e-08,100.0,1.0,0.001,NaN,NaN,NaN,transformer,embedding,2,391.60091349482536
4327,8656,NaN,NaN,NaN,NaN,5.593654632568359,1.9729670286178589,268.71588134765625,transformer,embedding,2,392.0724005997181
4351,8704,3.1450959170342685e-08,100.0,1.0,0.001,NaN,NaN,NaN,transformer,embedding,2,392.7131194472313
4394,8790,3.677732962614755e-08,100.0,1.0,0.001,NaN,NaN,NaN,transformer,embedding,2,393.9300801604986
4413,8828,NaN,NaN,NaN,NaN,5.595785617828369,2.016568422317505,269.28912353515625,transformer,embedding,2,394.4120449721813
4437,8876,3.8806426516657666e-08,100.0,1.0,0.001,NaN,NaN,NaN,transformer,embedding,2,395.0598619431257
4481,8964,3.119732383538576e-08,100.0,1.0,0.001,NaN,NaN,NaN,transformer,embedding,2,396.24349853396416
4501,9004,NaN,NaN,NaN,NaN,5.6440043449401855,2.016568660736084,282.592041015625,transformer,embedding,2,396.7972768843174
4525,9052,3.373369139580973e-08,100.0,1.0,0.001,NaN,NaN,NaN,transformer,embedding,2,397.4609443247318
4570,9142,2.916822872123248e-08,100.0,1.0,0.001,NaN,NaN,NaN,transformer,embedding,2,398.7393613755703
4591,9184,NaN,NaN,NaN,NaN,5.623071193695068,2.0274689197540283,276.7380065917969,transformer,embedding,2,399.34813828766346
4615,9232,2.5617314491910292e-08,100.0,1.0,0.001,NaN,NaN,NaN,transformer,embedding,2,400.03344744443893
4661,9324,2.4602766046655233e-08,100.0,1.0,0.001,NaN,NaN,NaN,transformer,embedding,2,401.3254105448723
4682,9366,NaN,NaN,NaN,NaN,5.603939056396484,2.0056681632995605,271.4937438964844,transformer,embedding,2,401.9264904856682
4707,9416,3.170459450529961e-08,100.0,1.0,0.001,NaN,NaN,NaN,transformer,embedding,2,402.6436538249254
4754,9510,3.627005185080634e-08,100.0,1.0,0.001,NaN,NaN,NaN,transformer,embedding,2,404.02012081444263
4775,9552,NaN,NaN,NaN,NaN,5.6772966384887695,2.0274689197540283,292.1585388183594,transformer,embedding,2,404.61954076588154
4801,9604,3.1450959170342685e-08,100.0,1.0,0.001,NaN,NaN,NaN,transformer,embedding,2,405.37409514188766
4849,9700,2.5363677380596528e-08,100.0,1.0,0.001,NaN,NaN,NaN,transformer,embedding,2,406.7499253898859
4870,9742,NaN,NaN,NaN,NaN,5.635605812072754,2.0274689197540283,280.2286376953125,transformer,embedding,2,407.37965896725655
4897,9796,1.9022756703179766e-08,100.0,1.0,0.001,NaN,NaN,NaN,transformer,embedding,2,408.175276607275
4945,9892,1.978366803712106e-08,100.0,1.0,0.001,NaN,NaN,NaN,transformer,embedding,2,409.59157198667526
4967,9936,NaN,NaN,NaN,NaN,5.650206565856934,2.0274689197540283,284.3501892089844,transformer,embedding,2,410.2255697697401
4994,9990,2.282730982017256e-08,100.0,1.0,0.001,NaN,NaN,NaN,transformer,embedding,2,411.0075087994337
5043,10088,2.8660952722248112e-08,100.0,1.0,0.001,NaN,NaN,NaN,transformer,embedding,2,412.4415259361267
5066,10134,NaN,NaN,NaN,NaN,5.621072769165039,2.0274689197540283,276.1855163574219,transformer,embedding,2,413.1132618635893
5093,10188,1.927639381449353e-08,100.0,1.0,0.001,NaN,NaN,NaN,transformer,embedding,2,413.9112749248743
5143,10288,2.4095493600384543e-08,100.0,1.0,0.001,NaN,NaN,NaN,transformer,embedding,2,415.4426921159029
5167,10336,NaN,NaN,NaN,NaN,5.657557010650635,2.049269676208496,286.447998046875,transformer,embedding,2,416.1779365539551
5194,10390,2.5363675604239688e-08,100.0,1.0,0.001,NaN,NaN,NaN,transformer,embedding,2,416.9925430715084
5245,10492,2.2066398486231265e-08,100.0,1.0,0.001,NaN,NaN,NaN,transformer,embedding,2,418.5544711649418
5270,10542,NaN,NaN,NaN,NaN,5.674645900726318,2.0601699352264404,291.3851318359375,transformer,embedding,2,419.33171723783016
5297,10596,1.6486390919112637e-08,100.0,1.0,0.001,NaN,NaN,NaN,transformer,embedding,2,420.1722390204668
5349,10700,3.373369139580973e-08,100.0,1.0,0.001,NaN,NaN,NaN,transformer,embedding,2,421.7342369109392
5375,10752,NaN,NaN,NaN,NaN,5.666093826293945,2.0601699352264404,288.90380859375,transformer,embedding,2,422.5266191512346
5402,10806,2.3588219377757014e-08,100.0,1.0,0.001,NaN,NaN,NaN,transformer,embedding,2,423.3648882806301
5456,10914,2.4856403157968998e-08,100.0,1.0,0.001,NaN,NaN,NaN,transformer,embedding,2,425.0021249204874
5482,10966,NaN,NaN,NaN,NaN,5.697295188903809,2.071070432662964,298.06011962890625,transformer,embedding,2,425.8127996325493
5510,11022,3.170459450529961e-08,100.0,1.0,0.001,NaN,NaN,NaN,transformer,embedding,2,426.67651222646236
5565,11132,2.8153678499620582e-08,100.0,1.0,0.001,NaN,NaN,NaN,transformer,embedding,2,428.367394015193
5591,11184,NaN,NaN,NaN,NaN,5.720519065856934,2.016568660736084,305.063232421875,transformer,embedding,2,429.3465580791235
5620,11242,1.876912136822284e-08,100.0,1.0,0.001,NaN,NaN,NaN,transformer,embedding,2,430.75537845492363
5676,11354,1.7500937588010856e-08,100.0,1.0,0.001,NaN,NaN,NaN,transformer,embedding,2,433.26423232257366
5702,11406,NaN,NaN,NaN,NaN,5.753003120422363,2.049269676208496,315.1356201171875,transformer,embedding,2,434.37056620419025
5732,11466,2.079821470601928e-08,100.0,1.0,0.001,NaN,NaN,NaN,transformer,embedding,2,435.20461669564247
5789,11580,2.2573672708858794e-08,100.0,1.0,0.001,NaN,NaN,NaN,transformer,embedding,2,436.58497919142246
5816,11634,NaN,NaN,NaN,NaN,5.6038923263549805,2.071070432662964,271.4810485839844,transformer,embedding,2,437.35647743940353
5846,11694,2.0037305148434825e-08,100.0,1.0,0.001,NaN,NaN,NaN,transformer,embedding,2,438.24104188382626
5904,11810,2.815368205233426e-08,100.0,1.0,0.001,NaN,NaN,NaN,transformer,embedding,2,440.07199262082577
5932,11866,NaN,NaN,NaN,NaN,5.647777557373047,2.0274689197540283,283.66033935546875,transformer,embedding,2,440.96259662508965
5963,11928,3.2972778285511595e-08,100.0,1.0,0.001,NaN,NaN,NaN,transformer,embedding,2,441.93285897374153
6022,12046,2.1559124263603735e-08,100.0,1.0,0.001,NaN,NaN,NaN,transformer,embedding,2,443.80766063928604
6050,12102,NaN,NaN,NaN,NaN,5.603176593780518,2.0601699352264404,271.28680419921875,transformer,embedding,2,444.6819687336683
6082,12166,1.9530030925807296e-08,100.0,1.0,0.001,NaN,NaN,NaN,transformer,embedding,2,445.7078924626112
6142,12286,2.079821470601928e-08,100.0,1.0,0.001,NaN,NaN,NaN,transformer,embedding,2,447.6221751719713
6170,12342,NaN,NaN,NaN,NaN,5.644684791564941,2.071070432662964,282.7843933105469,transformer,embedding,2,448.48926244676113
6203,12408,2.282730982017256e-08,100.0,1.0,0.001,NaN,NaN,NaN,transformer,embedding,2,449.56551502645016
6265,12532,2.4095491824027704e-08,100.0,1.0,0.001,NaN,NaN,NaN,transformer,embedding,2,451.5536213815212
6293,12588,NaN,NaN,NaN,NaN,5.670407295227051,2.081970691680908,290.1526794433594,transformer,embedding,2,452.468833103776
6327,12656,2.029094048339175e-08,100.0,1.0,0.001,NaN,NaN,NaN,transformer,embedding,2,453.58573012053967
6390,12782,3.1958233392970214e-08,100.0,1.0,0.001,NaN,NaN,NaN,transformer,embedding,2,455.4819529503584
6418,12838,NaN,NaN,NaN,NaN,5.700556755065918,2.0928711891174316,299.0338439941406,transformer,embedding,2,456.35971266031265
6453,12908,3.474823273563743e-08,100.0,1.0,0.001,NaN,NaN,NaN,transformer,embedding,2,457.4755105227232
6517,13036,2.6631859384451673e-08,100.0,1.0,0.001,NaN,NaN,NaN,transformer,embedding,2,459.55315648019314
6546,13094,NaN,NaN,NaN,NaN,5.715296268463135,2.071070432662964,303.4740905761719,transformer,embedding,2,460.46638382971287
6582,13166,1.8515482480552237e-08,100.0,1.0,0.001,NaN,NaN,NaN,transformer,embedding,2,461.5807995349169
6647,13296,2.2066398486231265e-08,100.0,1.0,0.001,NaN,NaN,NaN,transformer,embedding,2,463.6401199698448
6676,13354,NaN,NaN,NaN,NaN,5.666038513183594,2.0928711891174316,288.8878479003906,transformer,embedding,2,464.5864307284355
6713,13428,2.4856403157968998e-08,100.0,1.0,0.001,NaN,NaN,NaN,transformer,embedding,2,465.7898143827915
6780,13562,2.7392770718392967e-08,100.0,1.0,0.001,NaN,NaN,NaN,transformer,embedding,2,468.5167233645916
6809,13620,NaN,NaN,NaN,NaN,6.6659674644470215,1.9838674068450928,785.2227783203125,transformer,embedding,2,470.4378114193678
6847,13696,2.0037305148434825e-08,100.0,1.0,0.001,NaN,NaN,NaN,transformer,embedding,2,471.1832628250122
6915,13832,2.6885498272122277e-08,100.0,1.0,0.001,NaN,NaN,NaN,transformer,embedding,2,473.0247102677822
6945,13892,NaN,NaN,NaN,NaN,5.745606422424316,2.0383691787719727,312.8132629394531,transformer,embedding,2,473.9198114424944
6984,13970,2.130548892864681e-08,100.0,1.0,0.001,NaN,NaN,NaN,transformer,embedding,2,475.1926131248474
7053,14108,2.6631859384451673e-08,100.0,1.0,0.001,NaN,NaN,NaN,transformer,embedding,2,477.3192521929741
7083,14168,NaN,NaN,NaN,NaN,5.659863471984863,2.1146719455718994,287.10943603515625,transformer,embedding,2,477.9171488583088
7123,14248,2.6631861160808512e-08,100.0,1.0,0.001,NaN,NaN,NaN,transformer,embedding,2,479.1428663134575
7194,14390,2.866095449860495e-08,100.0,1.0,0.001,NaN,NaN,NaN,transformer,embedding,2,481.2911573499441
7224,14450,NaN,NaN,NaN,NaN,5.742110252380371,2.0601699352264404,311.7215270996094,transformer,embedding,2,482.2483703494072
7265,14532,3.2465507615597744e-08,100.0,1.0,0.001,NaN,NaN,NaN,transformer,embedding,2,483.5667245090008
7337,14676,3.1450959170342685e-08,100.0,1.0,0.001,NaN,NaN,NaN,transformer,embedding,2,485.86917185783386
7368,14738,NaN,NaN,NaN,NaN,5.727807521820068,2.0383691787719727,307.2947998046875,transformer,embedding,2,486.8362516760826
7410,14822,1.6740026254069562e-08,100.0,1.0,0.001,NaN,NaN,NaN,transformer,embedding,2,488.1757237762213
7484,14970,1.9022756703179766e-08,100.0,1.0,0.001,NaN,NaN,NaN,transformer,embedding,2,490.534723803401
7515,15032,NaN,NaN,NaN,NaN,5.6943745613098145,1.9947677850723267,297.19085693359375,transformer,embedding,2,491.5601634681225
7558,15118,2.333458226644325e-08,100.0,1.0,0.001,NaN,NaN,NaN,transformer,embedding,2,492.938953012228
7633,15268,2.0037303372077986e-08,100.0,1.0,0.001,NaN,NaN,NaN,transformer,embedding,2,495.1238999515772
7665,15332,NaN,NaN,NaN,NaN,5.780355453491211,2.049269676208496,323.8742980957031,transformer,embedding,2,496.1234338134527
7709,15420,2.4095493600384543e-08,100.0,1.0,0.001,NaN,NaN,NaN,transformer,embedding,2,497.57481630146503
7786,15574,2.9421864056189406e-08,100.0,1.0,0.001,NaN,NaN,NaN,transformer,embedding,2,499.96949630975723
7818,15638,NaN,NaN,NaN,NaN,5.693155288696289,2.0383691787719727,296.8287353515625,transformer,embedding,2,500.9661767631769
7863,15728,2.967550294386001e-08,100.0,1.0,0.001,NaN,NaN,NaN,transformer,embedding,2,502.3977864533663
7941,15884,2.3588217601400174e-08,100.0,1.0,0.001,NaN,NaN,NaN,transformer,embedding,2,504.84429712593555
7974,15950,NaN,NaN,NaN,NaN,5.704010486602783,2.049269676208496,300.06842041015625,transformer,embedding,2,505.9162872582674
8020,16042,2.4095493600384543e-08,100.0,1.0,0.001,NaN,NaN,NaN,transformer,embedding,2,507.3907878398895
8100,16202,3.601642362127677e-08,100.0,1.0,0.001,NaN,NaN,NaN,transformer,embedding,2,509.9063170552254
8133,16268,NaN,NaN,NaN,NaN,5.82904052734375,1.9838674068450928,340.0322570800781,transformer,embedding,2,510.95177134871483
8181,16364,2.6378224049494747e-08,100.0,1.0,0.001,NaN,NaN,NaN,transformer,embedding,2,512.4272143691778
8262,16526,3.0436414277801305e-08,100.0,1.0,0.001,NaN,NaN,NaN,transformer,embedding,2,515.0138332545757
8295,16592,NaN,NaN,NaN,NaN,5.739372253417969,2.049269676208496,310.86920166015625,transformer,embedding,2,516.0782154202461
8344,16690,2.7139133607079202e-08,100.0,1.0,0.001,NaN,NaN,NaN,transformer,embedding,2,517.5575239658356
8427,16856,3.2972778285511595e-08,100.0,1.0,0.001,NaN,NaN,NaN,transformer,embedding,2,520.1664795726538
8460,16922,NaN,NaN,NaN,NaN,5.786713600158691,1.9947677850723267,325.9400939941406,transformer,embedding,2,521.2058007866144
8511,17024,2.384185648907078e-08,100.0,1.0,0.001,NaN,NaN,NaN,transformer,embedding,2,522.758705675602
8596,17194,2.2066398486231265e-08,100.0,1.0,0.001,NaN,NaN,NaN,transformer,embedding,2,525.3967107832432
8629,17260,NaN,NaN,NaN,NaN,5.891430854797363,2.071070432662964,361.9227600097656,transformer,embedding,2,526.4294416606426
8681,17364,1.0680222430892172e-06,100.0,1.000001072883606,0.001,NaN,NaN,NaN,transformer,embedding,2,532.8895886987448
8767,17536,1.89973519582054e-07,100.0,1.000000238418579,0.001,NaN,NaN,NaN,transformer,embedding,2,528.3329384177923
8801,17604,NaN,NaN,NaN,NaN,15.636574745178223,1.3843470811843872,6178430.0,transformer,embedding,2,526.5426721125841
8854,17710,2.9168223392161963e-08,100.0,1.0,0.001,NaN,NaN,NaN,transformer,embedding,2,523.7750418335199
8942,17886,2.384185648907078e-08,100.0,1.0,0.001,NaN,NaN,NaN,transformer,embedding,2,519.3941726833582
8977,17956,NaN,NaN,NaN,NaN,12.878735542297363,1.5260518789291382,391889.625,transformer,embedding,2,517.6384274214506
9031,18064,2.7139133607079202e-08,100.0,1.0,0.001,NaN,NaN,NaN,transformer,embedding,2,514.982522264123
9121,18244,2.6378224049494747e-08,100.0,1.0,0.001,NaN,NaN,NaN,transformer,embedding,2,510.904872238636
9156,18314,NaN,NaN,NaN,NaN,9.044045448303223,1.6677566766738892,8467.96484375,transformer,embedding,2,509.6274791955948
9212,18426,1.9530030925807296e-08,100.0,1.0,0.001,NaN,NaN,NaN,transformer,embedding,2,508.57260328531265
9304,18610,3.2972778285511595e-08,100.0,1.0,0.001,NaN,NaN,NaN,transformer,embedding,2,508.721857085824
9339,18680,NaN,NaN,NaN,NaN,6.134275913238525,1.962066650390625,461.4048767089844,transformer,embedding,2,509.1986737251282
9397,18796,2.8407317387291187e-08,100.0,1.0,0.001,NaN,NaN,NaN,transformer,embedding,2,509.96836882829666
9490,18982,0.010832179337739944,99.57447052001953,1.010891079902649,0.001,NaN,NaN,NaN,transformer,embedding,2,518.426298648119
9525,19052,NaN,NaN,NaN,NaN,19.48308563232422,1.438848853111267,289332064.0,transformer,embedding,2,521.1010667830706
9584,19170,3.2972777841422385e-09,100.0,1.0,0.001,NaN,NaN,NaN,transformer,embedding,2,518.088329359889
9679,19360,1.3189110248390534e-08,100.0,1.0,0.001,NaN,NaN,NaN,transformer,embedding,2,513.2518412470818
9715,19432,NaN,NaN,NaN,NaN,16.897003173828125,1.4388489723205566,21790904.0,transformer,embedding,2,511.4126854836941
9775,19552,2.637822049678107e-08,100.0,1.0,0.001,NaN,NaN,NaN,transformer,embedding,2,508.36620186269283
9872,19746,1.7247298700340252e-08,100.0,1.0,0.001,NaN,NaN,NaN,transformer,embedding,2,503.5144781768322
9909,19820,NaN,NaN,NaN,NaN,13.38492488861084,1.449749231338501,650128.25,transformer,embedding,2,501.70313377678394
9970,19942,2.6378224049494747e-08,100.0,1.0,0.001,NaN,NaN,NaN,transformer,embedding,2,498.8426280617714
10069,20140,5.351735765657395e-08,100.0,1.0,0.001,NaN,NaN,NaN,transformer,embedding,2,496.11359046399593
10107,20216,NaN,NaN,NaN,NaN,6.442178726196289,1.7985610961914062,627.7730712890625,transformer,embedding,2,497.0612398684025
10169,20340,1.2174564467670734e-08,100.0,1.0,0.001,NaN,NaN,NaN,transformer,embedding,2,499.2886911928654
10270,20542,1.6486389142755797e-08,100.0,1.0,0.001,NaN,NaN,NaN,transformer,embedding,2,503.3586462289095
10309,20620,NaN,NaN,NaN,NaN,5.886671543121338,1.8748637437820435,360.2043762207031,transformer,embedding,2,504.85019935667515
10372,20746,4.8190987200769086e-08,100.0,1.0,0.001,NaN,NaN,NaN,transformer,embedding,2,506.04707242548466
10475,20952,2.3588219377757014e-08,100.0,1.0,0.001,NaN,NaN,NaN,transformer,embedding,2,508.90887674689293
10515,21032,NaN,NaN,NaN,NaN,6.069916248321533,1.8421626091003418,432.6444396972656,transformer,embedding,2,510.18697114288807
10579,21160,3.62700589562337e-08,100.0,1.0,0.001,NaN,NaN,NaN,transformer,embedding,2,511.57146164774895
10684,21370,3.221186872792714e-08,100.0,1.0,0.001,NaN,NaN,NaN,transformer,embedding,2,514.526777729392
10725,21452,NaN,NaN,NaN,NaN,5.81606388092041,1.9184651374816895,335.6482849121094,transformer,embedding,2,515.686312571168
10790,21582,3.753824273644568e-08,100.0,1.0,0.001,NaN,NaN,NaN,transformer,embedding,2,517.6730585545301
10897,21796,2.4095491824027704e-08,100.0,1.0,0.001,NaN,NaN,NaN,transformer,embedding,2,520.939441934228
10939,21880,NaN,NaN,NaN,NaN,5.767586708068848,1.9184651374816895,319.7651062011719,transformer,embedding,2,522.2346050143242
11005,22012,4.1342794077081635e-08,100.0,1.0,0.001,NaN,NaN,NaN,transformer,embedding,2,524.1857022494078
11115,22232,2.4602766046655233e-08,100.0,1.0,0.001,NaN,NaN,NaN,transformer,embedding,2,527.5461671799421
11157,22316,NaN,NaN,NaN,NaN,5.791106700897217,1.831262230873108,327.3751220703125,transformer,embedding,2,528.8945969194174
11226,22454,2.333458226644325e-08,100.0,1.0,0.001,NaN,NaN,NaN,transformer,embedding,2,531.0400148779154
11338,22678,3.779187807140261e-08,100.0,1.0,0.001,NaN,NaN,NaN,transformer,embedding,2,534.5248051434755
11380,22762,NaN,NaN,NaN,NaN,5.806028842926025,1.8966643810272217,332.2969055175781,transformer,embedding,2,535.8381208330393
11451,22904,2.6885496495765437e-08,100.0,1.0,0.001,NaN,NaN,NaN,transformer,embedding,2,538.0335036218166
11565,23132,2.7900046717377336e-08,100.0,1.0,0.001,NaN,NaN,NaN,transformer,embedding,2,541.451180100441
11607,23216,NaN,NaN,NaN,NaN,5.827589988708496,1.9075647592544556,339.5393981933594,transformer,embedding,2,542.7331747114658
11680,23362,2.6124588714537822e-08,100.0,1.0,0.001,NaN,NaN,NaN,transformer,embedding,2,545.0289138555527
11796,23594,2.18127613749175e-08,100.0,1.0,0.001,NaN,NaN,NaN,transformer,embedding,2,548.5346020460129
11839,23680,NaN,NaN,NaN,NaN,5.805288791656494,1.9729670286178589,332.05108642578125,transformer,embedding,2,549.8865772783756
11913,23828,2.6124586938180983e-08,100.0,1.0,0.001,NaN,NaN,NaN,transformer,embedding,2,552.0559412539005
12032,24066,2.6378224049494747e-08,100.0,1.0,0.001,NaN,NaN,NaN,transformer,embedding,2,554.5403788387775
12075,24152,NaN,NaN,NaN,NaN,5.909298419952393,1.962066650390625,368.44757080078125,transformer,embedding,2,555.8187141418457
12152,24306,2.3588217601400174e-08,100.0,1.0,0.001,NaN,NaN,NaN,transformer,embedding,2,558.0485514104366
12273,24548,1.876912136822284e-08,100.0,1.0,0.001,NaN,NaN,NaN,transformer,embedding,2,561.3123024702072
12316,24634,NaN,NaN,NaN,NaN,5.839644908905029,1.9184651374816895,343.65728759765625,transformer,embedding,2,562.5540768504143
12395,24792,3.500187517602171e-08,100.0,1.0,0.001,NaN,NaN,NaN,transformer,embedding,2,564.9160091280937
12518,25038,3.525551051097864e-08,100.0,1.0,0.001,NaN,NaN,NaN,transformer,embedding,2,568.5901340842247
12562,25126,NaN,NaN,NaN,NaN,5.916380882263184,1.9293655157089233,371.06634521484375,transformer,embedding,2,569.8720106482506
12643,25288,2.282730804381572e-08,100.0,1.0,0.001,NaN,NaN,NaN,transformer,embedding,2,572.2485036849976
12769,25540,1.7500937588010856e-08,100.0,1.0,0.001,NaN,NaN,NaN,transformer,embedding,2,575.8988110423088
12813,25628,NaN,NaN,NaN,NaN,5.899868488311768,1.8530629873275757,364.9894714355469,transformer,embedding,2,577.1632804870605
12896,25794,2.130548892864681e-08,100.0,1.0,0.001,NaN,NaN,NaN,transformer,embedding,2,579.4023560285568
13024,26050,0.002738427370786667,99.57447052001953,1.0027421712875366,0.001,NaN,NaN,NaN,transformer,embedding,2,591.8483800590038
13069,26140,NaN,NaN,NaN,NaN,14.513029098510742,1.5151515007019043,2008761.875,transformer,embedding,2,592.2149763405323
13154,26310,1.3189112024747374e-08,100.0,1.0,0.001,NaN,NaN,NaN,transformer,embedding,2,587.4734766483307
13285,26572,1.5471840697500738e-08,100.0,1.0,0.001,NaN,NaN,NaN,transformer,embedding,2,580.2098090946674
13330,26662,NaN,NaN,NaN,NaN,12.994904518127441,1.5914541482925415,440164.8125,transformer,embedding,2,577.7482342123985
13417,26836,1.826184714559531e-08,100.0,1.0,0.001,NaN,NaN,NaN,transformer,embedding,2,573.1017292737961
13551,27104,2.7392772494749806e-08,100.0,1.0,0.001,NaN,NaN,NaN,transformer,embedding,2,567.0820225477219
13596,27194,NaN,NaN,NaN,NaN,7.356392860412598,1.831262230873108,1566.177001953125,transformer,embedding,2,566.1796433329582
13686,27374,9.460650574055762e-08,100.0,1.0000001192092896,0.001,NaN,NaN,NaN,transformer,embedding,2,566.4216334223747
13822,27646,2.866095449860495e-08,100.0,1.0,0.001,NaN,NaN,NaN,transformer,embedding,2,567.8982630372047
13867,27736,NaN,NaN,NaN,NaN,14.734829902648926,1.2862436771392822,2507583.0,transformer,embedding,2,577.6071213781834
13960,27922,2.054456871292132e-08,100.0,1.0,0.001,NaN,NaN,NaN,transformer,embedding,2,581.8565125763416
14099,28200,8.623648461991706e-09,100.0,1.0,0.001,NaN,NaN,NaN,transformer,embedding,2,573.9585545361042
14144,28290,NaN,NaN,NaN,NaN,20.507047653198242,1.5805537700653076,805559552.0,transformer,embedding,2,571.4244188666344
14239,28480,1.0145470241695875e-08,100.0,1.0,0.001,NaN,NaN,NaN,transformer,embedding,2,566.1628955304623
14381,28764,2.8407317387291187e-08,100.0,1.0,0.001,NaN,NaN,NaN,transformer,embedding,2,559.4680538773537
14426,28854,NaN,NaN,NaN,NaN,9.370302200317383,1.4933507442474365,11734.6611328125,transformer,embedding,2,557.7243491411209
14524,29050,5.985828011034755e-08,100.0,1.0000001192092896,0.001,NaN,NaN,NaN,transformer,embedding,2,557.9681307077408
14669,29340,5.047371232080877e-08,100.0,1.0,0.001,NaN,NaN,NaN,transformer,embedding,2,562.32398173213
14714,29430,NaN,NaN,NaN,NaN,6.140217304229736,1.7767603397369385,464.1544189453125,transformer,embedding,2,563.7554883956909
14815,29632,6.754812602594029e-06,100.0,1.0000067949295044,0.001,NaN,NaN,NaN,transformer,embedding,2,578.2627647966146
14963,29928,2.7900044496931287e-09,100.0,1.0,0.001,NaN,NaN,NaN,transformer,embedding,2,570.0512692183256
15008,30018,NaN,NaN,NaN,NaN,21.88082504272461,1.1554392576217651,3182156800.0,transformer,embedding,2,567.5551905333996
15112,30226,7.862739792585671e-09,100.0,1.0,0.001,NaN,NaN,NaN,transformer,embedding,2,561.8604152053595
15263,30528,2.1051850040976205e-08,100.0,1.0,0.001,NaN,NaN,NaN,transformer,embedding,2,554.1212145835161
15308,30618,NaN,NaN,NaN,NaN,9.82007884979248,1.3516459465026855,18399.501953125,transformer,embedding,2,552.5806558132172
15415,30832,4.261097785729362e-08,100.0,1.0,0.001,NaN,NaN,NaN,transformer,embedding,2,553.0410616993904
15569,31140,3.7030964961104473e-08,100.0,1.0,0.001,NaN,NaN,NaN,transformer,embedding,2,558.1820611655712
15614,31230,NaN,NaN,NaN,NaN,5.786766052246094,1.689557433128357,325.9571838378906,transformer,embedding,2,558.7478056997061
15724,31450,2.384185648907078e-08,100.0,1.0,0.001,NaN,NaN,NaN,transformer,embedding,2,561.6652396321297
15881,31764,3.2465507615597744e-08,100.0,1.0,0.001,NaN,NaN,NaN,transformer,embedding,2,566.2353095710278
15926,31854,NaN,NaN,NaN,NaN,5.828799247741699,1.6677566766738892,339.9502258300781,transformer,embedding,2,568.2917941063643
16039,32080,2.0544577594705515e-08,100.0,1.0,0.001,NaN,NaN,NaN,transformer,embedding,2,571.8062841594219
16199,32400,2.282730804381572e-08,100.0,1.0,0.001,NaN,NaN,NaN,transformer,embedding,2,576.130146920681
16244,32490,NaN,NaN,NaN,NaN,5.729822158813477,1.7440593242645264,307.91448974609375,transformer,embedding,2,576.8700776994228
16360,32722,2.6378224049494747e-08,100.0,1.0,0.001,NaN,NaN,NaN,transformer,embedding,2,579.7664632499218
16523,33048,3.1958229840256536e-08,100.0,1.0,0.001,NaN,NaN,NaN,transformer,embedding,2,583.5652590095997
16568,33138,NaN,NaN,NaN,NaN,5.707360744476318,1.7658599615097046,301.0754089355469,transformer,embedding,2,584.7907943725586
16688,33378,3.424096206572358e-08,100.0,1.0,0.001,NaN,NaN,NaN,transformer,embedding,2,588.0181257724762
16854,33710,3.0943684947715155e-08,100.0,1.0,0.001,NaN,NaN,NaN,transformer,embedding,2,592.7983953654766
16899,33800,NaN,NaN,NaN,NaN,5.765294551849365,1.7440593242645264,319.0329895019531,transformer,embedding,2,594.0551244914532
17022,34046,3.906006185161459e-08,100.0,1.0,0.001,NaN,NaN,NaN,transformer,embedding,2,597.6232229471207
17192,34386,0.12283265590667725,96.17021179199219,1.1306952238082886,0.001,NaN,NaN,NaN,transformer,embedding,2,609.0385321974754
17236,34474,NaN,NaN,NaN,NaN,20.105770111083984,1.2426422834396362,539293312.0,transformer,embedding,2,616.4936505556107
17363,34728,1.090638068745875e-08,100.0,1.0,0.001,NaN,NaN,NaN,transformer,embedding,2,608.9167155325413
17536,35074,9.638196907246765e-09,100.0,1.0,0.001,NaN,NaN,NaN,transformer,embedding,2,598.6185654997826
17580,35162,NaN,NaN,NaN,NaN,13.337119102478027,1.2971440553665161,619779.5625,transformer,embedding,2,596.0555537045002
17711,35424,1.6486389142755797e-08,100.0,1.0,0.001,NaN,NaN,NaN,transformer,embedding,2,590.324133515358
17888,35778,4.514734541771759e-08,100.0,1.0,0.001,NaN,NaN,NaN,transformer,embedding,2,591.574702590704
17931,35864,NaN,NaN,NaN,NaN,6.433064937591553,1.6241552829742432,622.07763671875,transformer,embedding,2,592.6972216367722
18066,36134,1.445729225224568e-08,100.0,1.0,0.001,NaN,NaN,NaN,transformer,embedding,2,608.9299003481865
18246,36494,6.340918901059922e-09,100.0,1.0,0.001,NaN,NaN,NaN,transformer,embedding,2,598.2550900876522
18289,36580,NaN,NaN,NaN,NaN,19.03009796142578,1.035535216331482,183935920.0,transformer,embedding,2,595.750901684165
18428,36858,1.3950021582331829e-08,100.0,1.0,0.001,NaN,NaN,NaN,transformer,embedding,2,588.2161499112844
18612,37226,1.1160016910594095e-08,100.0,1.0,0.001,NaN,NaN,NaN,transformer,embedding,2,583.5661222189665
18654,37310,NaN,NaN,NaN,NaN,6.3740763664245605,1.547852635383606,586.4435424804688,transformer,embedding,2,584.3815288841724
18798,37598,4.159642941203856e-08,100.0,1.0,0.001,NaN,NaN,NaN,transformer,embedding,2,587.0376199483871
18985,37972,0.0052025518380105495,99.57447052001953,1.005216121673584,0.001,NaN,NaN,NaN,transformer,embedding,2,600.5875625163317
19027,38056,NaN,NaN,NaN,NaN,28.19165802001953,1.1118378639221191,1751787896832.0,transformer,embedding,2,603.8438181132078
19174,38350,3.0436411169176836e-09,100.0,1.0,0.001,NaN,NaN,NaN,transformer,embedding,2,595.1809402108192
19365,38732,5.833645566610812e-09,100.0,1.0,0.001,NaN,NaN,NaN,transformer,embedding,2,584.206159427762
19407,38816,NaN,NaN,NaN,NaN,15.188087463378906,1.2317419052124023,3945504.75,transformer,embedding,2,581.9232465922832
19558,39118,2.8914591609918716e-08,100.0,1.0,0.001,NaN,NaN,NaN,transformer,embedding,2,577.5392026305199
19753,39508,3.119732028267208e-08,100.0,1.0,0.001,NaN,NaN,NaN,transformer,embedding,2,579.9496268182993
19795,39592,NaN,NaN,NaN,NaN,5.8591437339782715,1.6459559202194214,350.4239501953125,transformer,embedding,2,580.6987401098013
19950,39902,4.945916742826739e-08,100.0,1.0,0.001,NaN,NaN,NaN,transformer,embedding,2,584.4414658844471
20149,40300,2.2573672708858794e-08,100.0,1.0,0.001,NaN,NaN,NaN,transformer,embedding,2,589.7243296504021
20190,40382,NaN,NaN,NaN,NaN,5.763885021209717,1.6241551637649536,318.5836181640625,transformer,embedding,2,590.7572087347507
20350,40702,2.866095627496179e-08,100.0,1.0,0.001,NaN,NaN,NaN,transformer,embedding,2,594.9625951349735
20553,41108,3.4494597400680505e-08,100.0,1.0,0.001,NaN,NaN,NaN,transformer,embedding,2,601.1452566683292
20593,41188,NaN,NaN,NaN,NaN,20.805036544799805,1.264443039894104,1085206912.0,transformer,embedding,2,615.4796632677317
20758,41518,5.072734676758728e-09,100.0,1.0,0.001,NaN,NaN,NaN,transformer,embedding,2,612.4084547460079
20965,41932,1.5218205584588418e-09,100.0,1.0,0.001,NaN,NaN,NaN,transformer,embedding,2,599.9961122721434
21004,42010,NaN,NaN,NaN,NaN,17.814197540283203,1.3843470811843872,54526508.0,transformer,embedding,2,597.7805361896753
21174,42350,6.645282724093704e-08,100.0,1.0000001192092896,0.001,NaN,NaN,NaN,transformer,embedding,2,592.8961230367422
21385,42772,9.384557131397742e-09,100.0,1.0,0.001,NaN,NaN,NaN,transformer,embedding,2,602.7002948522568
21424,42850,NaN,NaN,NaN,NaN,13.588778495788574,1.3516459465026855,797134.3125,transformer,embedding,2,600.4139209240675
21598,43198,1.1667291133221624e-08,100.0,1.0,0.001,NaN,NaN,NaN,transformer,embedding,2,590.1200704425573
21813,43628,2.2573672708858794e-08,100.0,1.0,0.001,NaN,NaN,NaN,transformer,embedding,2,577.7801145762205
21852,43706,NaN,NaN,NaN,NaN,7.673591136932373,1.6459559202194214,2150.791259765625,transformer,embedding,2,575.864091604948
22031,44064,2.6885494719408598e-08,100.0,1.0,0.001,NaN,NaN,NaN,transformer,embedding,2,573.5141123384237
22251,44504,4.5400973647247156e-08,100.0,1.0,0.001,NaN,NaN,NaN,transformer,embedding,2,580.5390406847
22289,44580,NaN,NaN,NaN,NaN,15.35604476928711,1.2426422834396362,4667083.0,transformer,embedding,2,578.3731053620577
22473,44948,7.862739792585671e-09,100.0,1.0,0.001,NaN,NaN,NaN,transformer,embedding,2,568.1006523966789
22697,45396,3.7538239183732e-08,100.0,1.0,0.001,NaN,NaN,NaN,transformer,embedding,2,558.9176539778709
22734,45470,NaN,NaN,NaN,NaN,6.316305637359619,1.536952257156372,553.5242919921875,transformer,embedding,2,558.8660431951284
22923,45848,6.239464767077152e-08,100.0,1.0000001192092896,0.001,NaN,NaN,NaN,transformer,embedding,2,563.6529227942228
23152,46306,1.5218206694811443e-09,100.0,1.0,0.001,NaN,NaN,NaN,transformer,embedding,2,577.2349043935537
23188,46378,NaN,NaN,NaN,NaN,20.88778305053711,1.1336385011672974,1178823808.0,transformer,embedding,2,575.2809562981129
23383,46768,1.4457294916780938e-08,100.0,1.0,0.001,NaN,NaN,NaN,transformer,embedding,2,564.3941897600889
23616,47234,4.844461898301233e-08,100.0,1.0,0.001,NaN,NaN,NaN,transformer,embedding,2,557.2172675281763
23651,47304,NaN,NaN,NaN,NaN,6.514969825744629,1.5260518789291382,675.173583984375,transformer,embedding,2,557.6796710938215
23852,47706,7.55461485368869e-07,100.0,1.0000007152557373,0.001,NaN,NaN,NaN,transformer,embedding,2,577.9994802772999
24090,48182,2.130548537593313e-08,100.0,1.0,0.001,NaN,NaN,NaN,transformer,embedding,2,564.8030048012733
24124,48250,NaN,NaN,NaN,NaN,14.692730903625488,1.5914541482925415,2404207.5,transformer,embedding,2,562.9642733335495
24330,48662,4.920553209331047e-08,100.0,1.0,0.001,NaN,NaN,NaN,transformer,embedding,2,553.8470412194729
24573,49148,5.0727351208479377e-08,100.0,1.0,0.001,NaN,NaN,NaN,transformer,embedding,2,556.5658416897058
24606,49214,NaN,NaN,NaN,NaN,5.812991142272949,1.5587530136108398,334.6185302734375,transformer,embedding,2,557.3030858337879
24818,49638,1.344274203063378e-08,100.0,1.0,0.001,NaN,NaN,NaN,transformer,embedding,2,566.2099815607071
25066,50134,3.221186872792714e-08,100.0,1.0,0.001,NaN,NaN,NaN,transformer,embedding,2,552.8758049607277
25098,50198,NaN,NaN,NaN,NaN,9.431660652160645,1.2208415269851685,12477.2294921875,transformer,embedding,2,551.2928355336189
25316,50634,4.311825563263483e-08,100.0,1.0,0.001,NaN,NaN,NaN,transformer,embedding,2,547.7947080135345
25569,51140,7.101829169187113e-08,100.0,1.0000001192092896,0.001,NaN,NaN,NaN,transformer,embedding,2,555.8484390676022
25599,51200,NaN,NaN,NaN,NaN,5.813025951385498,1.4824503660202026,334.6301574707031,transformer,embedding,2,556.85325281322
25824,51650,4.945916742826739e-08,100.0,1.0,0.001,NaN,NaN,NaN,transformer,embedding,2,562.3036387711763
26082,52166,1.2792174857167993e-06,100.0,1.000001311302185,0.001,NaN,NaN,NaN,transformer,embedding,2,581.8519557565451
26110,52222,NaN,NaN,NaN,NaN,27.442127227783203,1.2099411487579346,827874344960.0,transformer,embedding,2,580.3406755924225
26342,52686,1.4710931139916283e-08,100.0,1.0,0.001,NaN,NaN,NaN,transformer,embedding,2,567.6155376732349
26605,53212,3.5001871623308034e-08,100.0,1.0,0.001,NaN,NaN,NaN,transformer,embedding,2,556.3349040746689
26632,53266,NaN,NaN,NaN,NaN,7.053510665893555,1.4279484748840332,1156.9132080078125,transformer,embedding,2,556.1198165863752
26871,53744,3.424096561843726e-08,100.0,1.0,0.001,NaN,NaN,NaN,transformer,embedding,2,561.9725775420666
27139,54280,1.2617624634003732e-06,100.0,1.000001311302185,0.001,NaN,NaN,NaN,transformer,embedding,2,581.3508650809526
27164,54330,NaN,NaN,NaN,NaN,23.61277961730957,1.1554392576217651,17984563200.0,transformer,embedding,2,580.3129765987396
27410,54822,1.6740026254069562e-08,100.0,1.0,0.001,NaN,NaN,NaN,transformer,embedding,2,566.6393263489008
27684,55370,3.119732028267208e-08,100.0,1.0,0.001,NaN,NaN,NaN,transformer,embedding,2,555.8358240872622
27707,55416,NaN,NaN,NaN,NaN,6.333300590515137,1.5260518789291382,563.0117797851562,transformer,embedding,2,555.4153016656637
27960,55922,3.373369139580973e-08,100.0,1.0,0.001,NaN,NaN,NaN,transformer,embedding,2,559.1991824805737
28239,56480,3.931369718657152e-08,100.0,1.0,0.001,NaN,NaN,NaN,transformer,embedding,2,566.2912240922451
28261,56524,NaN,NaN,NaN,NaN,5.776749610900879,1.547852635383606,322.70855712890625,transformer,embedding,2,566.966136470437
28521,57044,2.6885498272122277e-08,100.0,1.0,0.001,NaN,NaN,NaN,transformer,embedding,2,574.7622725516558
28806,57614,2.0037305148434825e-08,100.0,1.0,0.001,NaN,NaN,NaN,transformer,embedding,2,581.7410410344601
28826,57654,NaN,NaN,NaN,NaN,5.706433296203613,1.4824503660202026,300.7962951660156,transformer,embedding,2,582.3760528564453
29094,58190,2.9929140055173775e-08,100.0,1.0,0.001,NaN,NaN,NaN,transformer,embedding,2,590.5475033968687
29384,58770,5.072735120847938e-09,100.0,1.0,0.001,NaN,NaN,NaN,transformer,embedding,2,597.330696746707
29402,58806,NaN,NaN,NaN,NaN,11.736279487609863,1.3625463247299194,125026.3125,transformer,embedding,2,596.2747643142939
29677,59356,2.0037305148434825e-08,100.0,1.0,0.001,NaN,NaN,NaN,transformer,embedding,2,580.7312083095312
29973,59948,0.0016145355766639113,99.57447052001953,1.0016158819198608,0.001,NaN,NaN,NaN,transformer,embedding,2,595.45640578866
29990,59982,NaN,NaN,NaN,NaN,31.147445678710938,1.3298451900482178,33663850905600.0,transformer,embedding,2,596.1700962930918
30272,60546,7.609102237182697e-10,100.0,1.0,0.001,NaN,NaN,NaN,transformer,embedding,2,589.4095259308815
30574,61150,4.2357338969623015e-08,100.0,1.0,0.001,NaN,NaN,NaN,transformer,embedding,2,574.6593628376722
30589,61180,NaN,NaN,NaN,NaN,9.288707733154297,1.3843470811843872,10815.19921875,transformer,embedding,2,574.1501181870699
30879,61760,0.014462489634752274,99.57447052001953,1.0145676136016846,0.001,NaN,NaN,NaN,transformer,embedding,2,589.6397531926632
31187,62376,7.609103347405721e-10,100.0,1.0,0.001,NaN,NaN,NaN,transformer,embedding,2,574.6241375356913
31200,62402,NaN,NaN,NaN,NaN,31.89619255065918,1.1554392576217651,71177120776192.0,transformer,embedding,2,573.8873996883631
31498,62998,4.2357338969623015e-08,100.0,1.0,0.001,NaN,NaN,NaN,transformer,embedding,2,565.4249369204044
31812,63626,4.4386432307419454e-08,100.0,1.0,0.001,NaN,NaN,NaN,transformer,embedding,2,573.1077956706285
31823,63648,NaN,NaN,NaN,NaN,5.84484338760376,1.6132549047470093,345.44842529296875,transformer,embedding,2,573.403877094388
32130,64262,2.333458226644325e-08,100.0,1.0,0.001,NaN,NaN,NaN,transformer,embedding,2,582.549901753664
32451,64904,4.159642941203856e-08,100.0,1.0,0.001,NaN,NaN,NaN,transformer,embedding,2,591.4303437173367
32459,64920,NaN,NaN,NaN,NaN,5.740961074829102,1.5696533918380737,311.363525390625,transformer,embedding,2,591.6781366616488
32775,65552,3.2972778285511595e-08,100.0,1.0,0.001,NaN,NaN,NaN,transformer,embedding,2,601.5347772687674
33102,66206,5.364753815229051e-05,100.0,1.0000536441802979,0.001,NaN,NaN,NaN,transformer,embedding,2,631.2764264047146
33108,66218,NaN,NaN,NaN,NaN,36.664520263671875,1.1445388793945312,8379127933435904.0,transformer,embedding,2,631.0751646161079
33433,66868,2.5363675049128176e-10,100.0,1.0,0.001,NaN,NaN,NaN,transformer,embedding,2,617.9501007646322
33767,67536,5.2756448098989495e-08,100.0,1.0,0.001,NaN,NaN,NaN,transformer,embedding,2,607.8344347476959
33770,67542,NaN,NaN,NaN,NaN,6.743278503417969,1.5260518789291382,848.3374633789062,transformer,embedding,2,607.9281667619944
34104,68210,2.916822694487564e-08,100.0,1.0,0.001,NaN,NaN,NaN,transformer,embedding,2,614.8825906962156
34445,68892,3.2972780061868434e-09,100.0,1.0,0.001,21.86539649963379,1.177240014076233,3133437440.0,transformer,embedding,2,620.926392570138
34789,69580,4.210370363466609e-08,100.0,1.0,0.001,NaN,NaN,NaN,transformer,embedding,2,604.5022037923336
35133,70268,NaN,NaN,NaN,NaN,5.895396709442139,1.5151515007019043,363.3609619140625,transformer,embedding,2,608.5370023101568
35136,70274,3.779187807140261e-08,100.0,1.0,0.001,NaN,NaN,NaN,transformer,embedding,2,608.6186281591654
35487,70976,4.616189386297265e-08,100.0,1.0,0.001,NaN,NaN,NaN,transformer,embedding,2,618.0452293157578
35835,71672,NaN,NaN,NaN,NaN,5.854781150817871,1.6023544073104858,348.8985290527344,transformer,embedding,2,627.9950195997953
35841,71684,3.3480048955425445e-08,100.0,1.0,0.001,NaN,NaN,NaN,transformer,embedding,2,628.1494865864515
36199,72400,1.8515484256909076e-08,100.0,1.0,0.001,NaN,NaN,NaN,transformer,embedding,2,638.2910311222076
36551,73104,NaN,NaN,NaN,NaN,5.8200201988220215,1.5260518789291382,336.9788513183594,transformer,embedding,2,647.9743212908506
36560,73122,2.232003382118819e-08,100.0,1.0,0.001,NaN,NaN,NaN,transformer,embedding,2,648.22357596457
36925,73852,2.5363675049128176e-10,100.0,1.0,0.001,NaN,NaN,NaN,transformer,embedding,2,668.4428089857101
37282,74566,NaN,NaN,NaN,NaN,11.149188995361328,1.0900371074676514,69507.4375,transformer,embedding,2,647.3831392675638
37294,74590,5.047371587352245e-08,100.0,1.0,0.001,NaN,NaN,NaN,transformer,embedding,2,647.1749418824911
37666,75334,0.16408701241016388,97.87234497070312,1.1783168315887451,0.001,NaN,NaN,NaN,transformer,embedding,2,656.8153895884752
38027,76056,NaN,NaN,NaN,NaN,16.51866912841797,1.2971440553665161,14926805.0,transformer,embedding,2,642.5500218719244
38042,76086,1.242820069080608e-08,100.0,1.0,0.001,NaN,NaN,NaN,transformer,embedding,2,641.6188580095768
38422,76846,0.007622841279953718,99.57447052001953,1.007651925086975,0.001,NaN,NaN,NaN,transformer,embedding,2,645.6656634956598
38787,77576,NaN,NaN,NaN,NaN,37.554569244384766,1.264443039894104,2.040526292176077e+16,transformer,embedding,2,637.4748677313328
38806,77614,2.7900042276485237e-09,100.0,1.0,0.001,NaN,NaN,NaN,transformer,embedding,2,636.2792417258024
39194,78390,3.5509146734113983e-09,100.0,1.0,0.001,NaN,NaN,NaN,transformer,embedding,2,626.4687870293856
39562,79126,NaN,NaN,NaN,NaN,5.926775932312012,1.5914541482925415,374.9437255859375,transformer,embedding,2,629.431479498744
39585,79172,4.464006764237638e-08,100.0,1.0,0.001,NaN,NaN,NaN,transformer,embedding,2,629.9800344854593
39980,79962,5.73219089972099e-08,100.0,1.0,0.001,NaN,NaN,NaN,transformer,embedding,2,640.0456612557173
40353,80708,NaN,NaN,NaN,NaN,35.73345184326172,1.1881403923034668,3302485716369408.0,transformer,embedding,2,654.8491700291634
40379,80760,2.5363675049128176e-10,100.0,1.0,0.001,NaN,NaN,NaN,transformer,embedding,2,653.179524242878
40782,81566,3.01827753901307e-08,100.0,1.0,0.001,NaN,NaN,NaN,transformer,embedding,2,633.1587231606245
41160,82322,NaN,NaN,NaN,NaN,19.14129638671875,1.1445388793945312,205569840.0,transformer,embedding,2,636.3092204928398
41189,82380,1.5979114920128268e-08,100.0,1.0,0.001,NaN,NaN,NaN,transformer,embedding,2,634.52904728055
41600,83202,1.1388290488412167e-07,100.0,1.0000001192092896,0.001,NaN,NaN,NaN,transformer,embedding,2,620.1211228519678
41983,83968,NaN,NaN,NaN,NaN,22.70077133178711,1.0682363510131836,7224698368.0,transformer,embedding,2,620.2441091537476
42016,84034,3.804551340635953e-09,100.0,1.0,0.001,NaN,NaN,NaN,transformer,embedding,2,618.2718508988619
42436,84874,1.014547001965127e-09,100.0,1.0,0.001,NaN,NaN,NaN,transformer,embedding,2,603.5451268553734
42822,85646,NaN,NaN,NaN,NaN,13.139626502990723,1.1990407705307007,508706.5,transformer,embedding,2,594.1824973225594
42860,85722,2.333458226644325e-08,100.0,1.0,0.001,NaN,NaN,NaN,transformer,embedding,2,592.0068708956242
43288,86578,5.2249173876361965e-08,100.0,1.0,0.001,NaN,NaN,NaN,transformer,embedding,2,591.075471624732
43678,87358,NaN,NaN,NaN,NaN,18.407346725463867,1.1881403923034668,98675448.0,transformer,embedding,2,588.8695739507675
43720,87442,6.594556012373687e-09,100.0,1.0,0.001,NaN,NaN,NaN,transformer,embedding,2,586.562267780304
44157,88316,4.311824852720747e-08,100.0,1.0,0.001,NaN,NaN,NaN,transformer,embedding,2,580.8292245864868
44551,89104,NaN,NaN,NaN,NaN,6.258938312530518,1.6132547855377197,522.6637573242188,transformer,embedding,2,590.5343878567219
44598,89198,4.1342794077081635e-08,100.0,1.0,0.001,NaN,NaN,NaN,transformer,embedding,2,591.0609051436186
45043,90088,3.5509145845935564e-08,100.0,1.0,0.001,NaN,NaN,NaN,transformer,embedding,2,603.8977760821581
45442,90886,NaN,NaN,NaN,NaN,5.793307304382324,1.547852635383606,328.0963439941406,transformer,embedding,2,616.0063816457987
45493,90988,3.525551051097864e-08,100.0,1.0,0.001,NaN,NaN,NaN,transformer,embedding,2,617.6404026448727
45947,91896,3.01827753901307e-08,100.0,1.0,0.001,NaN,NaN,NaN,transformer,embedding,2,631.2349441945553
46350,92702,NaN,NaN,NaN,NaN,5.887101650238037,1.591454029083252,360.35931396484375,transformer,embedding,2,643.1330910772085
46406,92814,2.0544577594705515e-08,100.0,1.0,0.001,NaN,NaN,NaN,transformer,embedding,2,644.7784965187311
46870,93742,4.971279565779696e-08,100.0,1.0,0.001,NaN,NaN,NaN,transformer,embedding,2,657.6256760060787
47276,94554,NaN,NaN,NaN,NaN,38.657920837402344,1.1554392576217651,6.150659885341082e+16,transformer,embedding,2,669.0783254057169
47338,94678,1.2681837802119844e-09,100.0,1.0,0.001,NaN,NaN,NaN,transformer,embedding,2,664.9441277831793
47811,95624,0.0001159409512183629,100.0,1.000115990638733,0.001,NaN,NaN,NaN,transformer,embedding,2,658.4760203510523
48221,96444,NaN,NaN,NaN,NaN,16.005599975585938,1.2099411487579346,8936012.0,transformer,embedding,2,642.8208397626877
48289,96580,3.550914939864924e-08,100.0,1.0,0.001,NaN,NaN,NaN,transformer,embedding,2,639.5465222746134
48771,97544,0.0,100.0,1.0,0.001,NaN,NaN,NaN,transformer,embedding,2,649.642117857933
49185,98372,NaN,NaN,NaN,NaN,27.233598709106445,1.2862436771392822,672050118656.0,transformer,embedding,2,623.3243989497423
49258,98518,8.39537648289479e-08,100.0,1.0000001192092896,0.001,NaN,NaN,NaN,transformer,embedding,2,621.3933183401823
49750,99502,1.4203657805467174e-08,100.0,1.0,0.001,NaN,NaN,NaN,transformer,embedding,2,611.4591910839081
50168,100338,NaN,NaN,NaN,NaN,6.558797836303711,1.5914541482925415,705.4231567382812,transformer,embedding,2,610.1411555409431
50247,100496,9.511379062132619e-08,100.0,1.0000001192092896,0.001,NaN,NaN,NaN,transformer,embedding,2,612.3310534060001
50749,101500,4.66691645328865e-08,100.0,1.0,0.001,NaN,NaN,NaN,transformer,embedding,2,624.4193241149187
51171,102344,NaN,NaN,NaN,NaN,5.827394008636475,1.4824503660202026,339.4728698730469,transformer,embedding,2,634.9071584790945
51256,102514,4.2357338969623015e-08,100.0,1.0,0.001,NaN,NaN,NaN,transformer,embedding,2,637.4028218239546
51768,103538,3.119731317724472e-08,100.0,1.0,0.001,NaN,NaN,NaN,transformer,embedding,2,647.2311891317368
52194,104390,NaN,NaN,NaN,NaN,39.61515426635742,1.0464355945587158,1.6019276249327206e+17,transformer,embedding,2,657.9094570577145
52285,104572,0.0,100.0,1.0,0.001,NaN,NaN,NaN,transformer,embedding,2,651.9783995747566
52807,105616,2.130548892864681e-08,100.0,1.0,0.001,NaN,NaN,NaN,transformer,embedding,2,644.1256849467754
53237,106476,NaN,NaN,NaN,NaN,5.895611763000488,1.5260518789291382,363.4391174316406,transformer,embedding,2,654.0344309210777
53335,106672,5.199553498869136e-08,100.0,1.0,0.001,NaN,NaN,NaN,transformer,embedding,2,656.5905855298042
53868,107738,2.7900042276485237e-09,100.0,1.0,0.001,NaN,NaN,NaN,transformer,embedding,2,669.4386144280434
54301,108604,NaN,NaN,NaN,NaN,6.636500835418701,1.449749231338501,762.4224853515625,transformer,embedding,2,645.5147604048252
54406,108814,1.3950021582331829e-08,100.0,1.0,0.001,NaN,NaN,NaN,transformer,embedding,2,646.498816370964
54950,109902,1.0145471129874295e-09,100.0,1.0,0.001,NaN,NaN,NaN,transformer,embedding,2,634.7668676376343
55387,110776,NaN,NaN,NaN,NaN,6.106215476989746,1.4606496095657349,448.63763427734375,transformer,embedding,2,635.0903934389353
55499,111000,3.880642296394399e-08,100.0,1.0,0.001,NaN,NaN,NaN,transformer,embedding,2,637.4022163450718
56053,112108,5.681463477458237e-08,100.0,1.0,0.001,NaN,NaN,NaN,transformer,embedding,2,648.8369114995003
56494,112990,NaN,NaN,NaN,NaN,6.3416547775268555,1.4715499877929688,567.7349853515625,transformer,embedding,2,655.4583213031292
56613,113228,4.692279986784342e-08,100.0,1.0,0.001,NaN,NaN,NaN,transformer,embedding,2,657.9027389287949
57179,114360,3.8806426516657666e-08,100.0,1.0,0.001,NaN,NaN,NaN,transformer,embedding,2,664.9918359220028
57623,115248,NaN,NaN,NaN,NaN,20.543140411376953,1.275343418121338,835165440.0,transformer,embedding,2,677.7302957177162
57750,115502,1.1667291133221624e-08,100.0,1.0,0.001,NaN,NaN,NaN,transformer,embedding,2,669.4747434556484
58327,116656,1.0145471129874295e-09,100.0,1.0,0.001,NaN,NaN,NaN,transformer,embedding,2,656.3673152327538
58775,117552,NaN,NaN,NaN,NaN,6.550745964050293,1.5587530136108398,699.7659912109375,transformer,embedding,2,633.6790563166142
58910,117822,3.297276673919214e-09,100.0,1.0,0.001,NaN,NaN,NaN,transformer,embedding,2,646.6392897665501
59499,119000,1.014547001965127e-09,100.0,1.0,0.001,NaN,NaN,NaN,transformer,embedding,2,622.8328322768211
59950,119902,NaN,NaN,NaN,NaN,22.664257049560547,1.1554392576217651,6965651968.0,transformer,embedding,2,619.0445871204138
60093,120188,3.677732962614755e-08,100.0,1.0,0.001,NaN,NaN,NaN,transformer,embedding,2,610.8278415799141
60693,121388,3.2465504062884065e-08,100.0,1.0,0.001,NaN,NaN,NaN,transformer,embedding,2,618.302477657795
61148,122298,NaN,NaN,NaN,NaN,5.885208606719971,1.5805537700653076,359.67779541015625,transformer,embedding,2,631.328199416399
61299,122600,3.0436410725087626e-08,100.0,1.0,0.001,NaN,NaN,NaN,transformer,embedding,2,635.7591696381569
61911,123824,1.0043986975460939e-07,100.0,1.0000001192092896,0.001,NaN,NaN,NaN,transformer,embedding,2,663.9061197638512
62370,124742,NaN,NaN,NaN,NaN,7.7939372062683105,1.3734467029571533,2425.849853515625,transformer,embedding,2,638.5630748867989
62530,125062,6.619919190598011e-08,100.0,1.0000001192092896,0.001,NaN,NaN,NaN,transformer,embedding,2,641.2724760770798
63155,126312,2.282730893199414e-09,100.0,1.0,0.001,NaN,NaN,NaN,transformer,embedding,2,653.0997058749199
63617,127236,NaN,NaN,NaN,NaN,6.303184509277344,1.4715499877929688,546.308837890625,transformer,embedding,2,637.2124990224838
63786,127574,4.464006764237638e-08,100.0,1.0,0.001,NaN,NaN,NaN,transformer,embedding,2,638.3236629664898
64423,128848,1.4457295804959358e-08,100.0,1.0,0.001,NaN,NaN,NaN,transformer,embedding,2,653.584637761116
64889,129780,NaN,NaN,NaN,NaN,38.31156539916992,1.3734467029571533,4.350121977525043e+16,transformer,embedding,2,671.4691137373447
65067,130136,1.2681837802119844e-09,100.0,1.0,0.001,NaN,NaN,NaN,transformer,embedding,2,659.9297981262207
65717,131436,1.3442747359704299e-08,100.0,1.0,0.001,NaN,NaN,NaN,transformer,embedding,2,652.2912413179874
66186,132374,NaN,NaN,NaN,NaN,6.724208831787109,1.4388489723205566,832.313232421875,transformer,embedding,2,662.6034872531891
66374,132750,4.311824852720747e-08,100.0,1.0,0.001,NaN,NaN,NaN,transformer,embedding,2,664.4643924236298
67037,134076,6.171844142954797e-05,100.0,1.0000617504119873,0.001,NaN,NaN,NaN,transformer,embedding,2,694.9127026796341
67509,135020,NaN,NaN,NaN,NaN,33.02983474731445,1.2426422834396362,221143906648064.0,transformer,embedding,2,674.1848270595074
67707,135416,6.239464767077152e-08,100.0,1.0000001192092896,0.001,NaN,NaN,NaN,transformer,embedding,2,665.0415830612183
68384,136770,3.3987326730766654e-08,100.0,1.0,0.001,NaN,NaN,NaN,transformer,embedding,2,644.5686389803886
68859,137720,NaN,NaN,NaN,NaN,6.336894512176514,1.5151515007019043,565.0388793945312,transformer,embedding,2,653.3046662211418
69067,138136,7.609103347405721e-10,100.0,1.0,0.001,NaN,NaN,NaN,transformer,embedding,2,658.5445920228958
69757,139516,6.340918901059922e-09,100.0,1.0,0.001,NaN,NaN,NaN,transformer,embedding,2,665.182291418314
70236,140474,NaN,NaN,NaN,NaN,30.387741088867188,1.2099411487579346,15748103667712.0,transformer,embedding,2,660.1893185377121
70454,140910,1.4457295804959358e-08,100.0,1.0,0.001,NaN,NaN,NaN,transformer,embedding,2,650.2263984978199
71158,142318,3.2972775620976336e-09,100.0,1.0,0.001,NaN,NaN,NaN,transformer,embedding,2,637.7895079106092
71640,143282,NaN,NaN,NaN,NaN,7.169834613800049,1.4715499877929688,1299.629638671875,transformer,embedding,2,614.8270591497421
71869,143740,0.0032072972971946,99.57447052001953,1.0032124519348145,0.001,NaN,NaN,NaN,transformer,embedding,2,628.4937153160572
72587,145176,5.301008343394642e-08,100.0,1.0,0.001,NaN,NaN,NaN,transformer,embedding,2,604.7932403832674
73072,146146,NaN,NaN,NaN,NaN,6.030515193939209,1.5042511224746704,415.92926025390625,transformer,embedding,2,615.9039787054062
73312,146626,3.703096851381815e-08,100.0,1.0,0.001,NaN,NaN,NaN,transformer,embedding,2,622.9321619272232
74045,148092,3.3480048955425445e-08,100.0,1.0,0.001,NaN,NaN,NaN,transformer,embedding,2,644.4501932263374
74533,149068,NaN,NaN,NaN,NaN,19.87509536743164,1.2971440553665161,428197632.0,transformer,embedding,2,649.6285296082497
74785,149572,5.70682701095393e-08,100.0,1.0,0.001,NaN,NaN,NaN,transformer,embedding,2,637.3033590018749
