epoch,global_step,train_loss,train_accuracy,train_perplexity,learning_rate,val_loss,val_accuracy,val_perplexity,model_type,encoding,k_value,total_param_l2_norm
0,3,4.428338050842285,0.0,83.79204559326172,0.0003,4.086086750030518,0.5376344323158264,59.50657272338867,transformer,embedding,2,296.1337250082288
1,6,3.770826578140259,0.35435861349105835,43.41593551635742,0.0006,3.094052791595459,0.0,22.066328048706055,transformer,embedding,2,296.2168830540031
2,9,2.9623913764953613,0.0,19.344175338745117,0.0009000000000000001,2.8456802368164062,0.0,17.21326446533203,transformer,embedding,2,296.44897655025125
3,12,2.758293390274048,0.0,15.77290153503418,0.001,2.6027514934539795,0.0,13.500834465026855,transformer,embedding,2,296.77630925551057
4,15,2.5204648971557617,0.0,12.434375762939453,0.001,2.496458053588867,0.0,12.139420509338379,transformer,embedding,2,297.13524497672915
5,18,2.431208372116089,0.49610209465026855,11.372615814208984,0.001,2.4174859523773193,1.03775954246521,11.217621803283691,transformer,embedding,2,297.4785740673542
6,21,2.355548143386841,1.4174344539642334,10.543907165527344,0.001,2.3678905963897705,0.8752188086509705,10.674851417541504,transformer,embedding,2,297.80630423128605
7,24,2.318448543548584,0.9213324189186096,10.159899711608887,0.001,2.3469555377960205,0.9127282500267029,10.453695297241211,transformer,embedding,2,298.10568802058697
8,27,2.3037374019622803,1.7009212970733643,10.011529922485352,0.001,2.3358876705169678,0.9127282500267029,10.33863353729248,transformer,embedding,2,298.36164329200983
9,30,2.295816659927368,1.5591778755187988,9.932543754577637,0.001,2.3280344009399414,0.9627407193183899,10.257759094238281,transformer,embedding,2,298.57264560461044
10,33,2.2903971672058105,1.7717931270599365,9.878860473632812,0.001,2.3228373527526855,0.9627407193183899,10.20458698272705,transformer,embedding,2,298.7429128587246
11,36,2.2862284183502197,1.630049705505371,9.837763786315918,0.001,NaN,NaN,NaN,transformer,embedding,2,298.88077472895384
12,39,2.282736301422119,1.5591778755187988,9.803468704223633,0.001,2.319948673248291,0.9502375721931458,10.175151824951172,transformer,embedding,2,298.992789529264
13,42,2.2796080112457275,1.4883062839508057,9.772849082946777,0.001,NaN,NaN,NaN,transformer,embedding,2,299.0868891850114
14,45,2.2761621475219727,1.7717931270599365,9.73923110961914,0.001,2.3194751739501953,0.8877219557762146,10.170334815979004,transformer,embedding,2,299.172553204
15,48,2.273782730102539,2.3387668132781982,9.716084480285645,0.001,NaN,NaN,NaN,transformer,embedding,2,299.25622599571943
16,51,2.269930601119995,2.3387668132781982,9.678729057312012,0.001,2.3186683654785156,0.8377094864845276,10.16213321685791,transformer,embedding,2,299.3436599075794
17,54,2.266122341156006,2.4805102348327637,9.641940116882324,0.001,NaN,NaN,NaN,transformer,embedding,2,299.4419797360897
18,57,2.261204719543457,2.197023391723633,9.594640731811523,0.001,2.322016954421997,0.8877219557762146,10.196218490600586,transformer,embedding,2,299.55749443918467
19,60,2.2546491622924805,3.0474839210510254,9.53194808959961,0.001,NaN,NaN,NaN,transformer,embedding,2,299.6966652646661
20,63,2.2452542781829834,3.3309710025787354,9.442816734313965,0.001,2.3248698711395264,0.8252063393592834,10.225349426269531,transformer,embedding,2,299.8707152605057
21,66,2.231417417526245,3.543586254119873,9.313056945800781,0.001,NaN,NaN,NaN,transformer,embedding,2,300.08395356684923
22,69,2.211048126220703,3.897944688796997,9.125275611877441,0.001,2.340972900390625,0.8752188682556152,10.391341209411621,transformer,embedding,2,300.3521913588047
23,72,2.1795575618743896,4.961020469665527,8.842392921447754,0.001,NaN,NaN,NaN,transformer,embedding,2,300.6683466359973
24,75,2.1328110694885254,5.740609169006348,8.438554763793945,0.001,2.4236505031585693,0.6501625776290894,11.2869873046875,transformer,embedding,2,301.02510064840317
25,78,2.079245090484619,7.016300201416016,7.9984283447265625,0.001,NaN,NaN,NaN,transformer,embedding,2,301.3669346347451
26,81,2.024921178817749,9.284194946289062,7.57551383972168,0.001,2.4562737941741943,0.8752188682556152,11.661277770996094,transformer,embedding,2,301.64560080319643
27,84,1.977708101272583,11.055988311767578,7.226162433624268,0.001,NaN,NaN,NaN,transformer,embedding,2,301.9747467637062
28,87,1.9220571517944336,13.323884010314941,6.835004806518555,0.001,2.505842924118042,1.0252563953399658,12.253883361816406,transformer,embedding,2,302.30497631430626
29,90,1.8677761554718018,15.024805068969727,6.473883628845215,0.001,NaN,NaN,NaN,transformer,embedding,2,302.65782057493925
30,93,1.814968228340149,18.355775833129883,6.140881061553955,0.001,2.536602020263672,1.1252813339233398,12.636658668518066,transformer,embedding,2,303.0518569499254
31,96,1.7583922147750854,21.615875244140625,5.803099632263184,0.001,NaN,NaN,NaN,transformer,embedding,2,303.4538676440716
32,99,1.7130014896392822,23.600284576416016,5.545581340789795,0.001,2.56974196434021,1.5628907680511475,13.062453269958496,transformer,embedding,2,303.8824210986495
33,102,1.6522380113601685,27.35648536682129,5.218646049499512,0.001,NaN,NaN,NaN,transformer,embedding,2,304.32509552687407
34,105,1.6032785177230835,30.1204833984375,4.969297885894775,0.001,2.6002635955810547,1.7754439115524292,13.467287063598633,transformer,embedding,2,304.7880259677768
35,108,1.5520912408828735,33.09709548950195,4.7213335037231445,0.001,NaN,NaN,NaN,transformer,embedding,2,305.26735907047987
36,111,1.4969639778137207,35.86109161376953,4.468103408813477,0.001,2.6265721321105957,2.2130534648895264,13.8262939453125,transformer,embedding,2,305.7597986161709
37,114,1.4429090023040771,39.26293182373047,4.232991695404053,0.001,NaN,NaN,NaN,transformer,embedding,2,306.2744434699416
38,117,1.3854866027832031,43.58610916137695,3.996770143508911,0.001,2.6606831550598145,2.550637722015381,14.306058883666992,transformer,embedding,2,306.79908130317926
39,120,1.3319511413574219,46.987953186035156,3.7884278297424316,0.001,NaN,NaN,NaN,transformer,embedding,2,307.32925283908844
40,123,1.282820224761963,49.96456527709961,3.606797456741333,0.001,2.69415020942688,2.9257314205169678,14.79294204711914,transformer,embedding,2,307.8858759254217
41,126,1.221574306488037,54.57122802734375,3.392524480819702,0.001,NaN,NaN,NaN,transformer,embedding,2,308.44210536032915
42,129,1.166283130645752,57.26435089111328,3.2100391387939453,0.001,2.7283618450164795,3.125781536102295,15.30778980255127,transformer,embedding,2,309.0101740732789
43,132,1.1061069965362549,61.16230010986328,3.022568702697754,0.001,NaN,NaN,NaN,transformer,embedding,2,309.58695087581873
44,135,1.0541448593139648,65.76895904541016,2.8695201873779297,0.001,2.758955478668213,3.6259067058563232,15.783348083496094,transformer,embedding,2,310.15936551988125
45,138,0.9970313310623169,68.03684997558594,2.710224151611328,0.001,NaN,NaN,NaN,transformer,embedding,2,310.7394285276532
46,141,0.941023588180542,72.00566864013672,2.562603235244751,0.001,2.801027774810791,3.900975465774536,16.461557388305664,transformer,embedding,2,311.32700515538454
47,144,0.8847023248672485,75.54925537109375,2.4222631454467773,0.001,NaN,NaN,NaN,transformer,embedding,2,311.8972474709153
48,147,0.8334321975708008,78.3132553100586,2.301203489303589,0.001,2.834920644760132,4.413603782653809,17.029048919677734,transformer,embedding,2,312.4914809912443
49,150,0.7741395235061646,81.9277114868164,2.1687252521514893,0.001,NaN,NaN,NaN,transformer,embedding,2,313.0530767813325
50,153,0.7211079597473145,85.04606628417969,2.056710720062256,0.001,2.877033233642578,5.001250743865967,17.76150131225586,transformer,embedding,2,313.62679279595613
51,156,0.6591625213623047,87.24308776855469,1.9331727027893066,0.001,NaN,NaN,NaN,transformer,embedding,2,314.18080685287714
52,159,0.6091562509536743,90.92842102050781,1.8388792276382446,0.001,NaN,NaN,NaN,transformer,embedding,2,314.74623980373144
53,162,0.5571084022521973,93.26718139648438,1.7456176280975342,0.001,NaN,NaN,NaN,transformer,embedding,2,315.2873078584671
54,165,0.5129910707473755,94.6137466430664,1.670279622077942,0.001,NaN,NaN,NaN,transformer,embedding,2,315.83000253140926
55,168,0.4648544192314148,96.3146743774414,1.5917824506759644,0.001,2.976503610610962,5.4513630867004395,19.61910057067871,transformer,embedding,2,316.35609225928783
56,171,0.4236982762813568,97.6612319946289,1.527600646018982,0.001,NaN,NaN,NaN,transformer,embedding,2,316.8769763931632
57,174,0.3885006904602051,98.15733337402344,1.474768042564392,0.001,NaN,NaN,NaN,transformer,embedding,2,317.39354883134365
58,177,0.3430372476577759,98.44082641601562,1.4092212915420532,0.001,NaN,NaN,NaN,transformer,embedding,2,317.88300032913685
59,180,0.3088209629058838,99.00779724121094,1.361818552017212,0.001,NaN,NaN,NaN,transformer,embedding,2,318.3683353215456
60,183,0.2814950942993164,99.50389862060547,1.3251094818115234,0.001,3.0734777450561523,6.464116096496582,21.61695098876953,transformer,embedding,2,318.83403009176254
61,186,0.2468116134405136,99.78738403320312,1.279937982559204,0.001,NaN,NaN,NaN,transformer,embedding,2,319.2848412543535
62,189,0.21887929737567902,99.64564514160156,1.2446810007095337,0.001,NaN,NaN,NaN,transformer,embedding,2,319.7151104286313
63,192,0.19407251477241516,99.8582534790039,1.214184284210205,0.001,NaN,NaN,NaN,transformer,embedding,2,320.1300526484847
64,195,0.17293690145015717,99.85826110839844,1.188791036605835,0.001,NaN,NaN,NaN,transformer,embedding,2,320.52506014704704
65,198,0.15409322082996368,99.92912292480469,1.1665996313095093,0.001,3.1758832931518555,6.526631832122803,23.94796371459961,transformer,embedding,2,320.8943293839693
66,201,0.1391482949256897,99.92912292480469,1.1492944955825806,0.001,NaN,NaN,NaN,transformer,embedding,2,321.2522205710411
67,204,0.12342816591262817,99.92912292480469,1.1313687562942505,0.001,NaN,NaN,NaN,transformer,embedding,2,321.59103313833475
68,207,0.10832355916500092,100.0,1.114408254623413,0.001,NaN,NaN,NaN,transformer,embedding,2,321.90783928334713
69,210,0.09734493494033813,100.0,1.1022405624389648,0.001,NaN,NaN,NaN,transformer,embedding,2,322.20841585844755
70,213,0.08781148493289948,100.0,1.0917823314666748,0.001,3.2627973556518555,7.264316558837891,26.122509002685547,transformer,embedding,2,322.49451097100973
71,216,0.07923989742994308,100.0,1.0824639797210693,0.001,NaN,NaN,NaN,transformer,embedding,2,322.7568492293358
72,219,0.07025505602359772,100.0,1.0727818012237549,0.001,NaN,NaN,NaN,transformer,embedding,2,323.0127316713333
73,222,0.0635232999920845,100.0,1.0655843019485474,0.001,NaN,NaN,NaN,transformer,embedding,2,323.2401363030076
74,225,0.05782688409090042,100.0,1.059531569480896,0.001,NaN,NaN,NaN,transformer,embedding,2,323.46628154814243
75,228,0.05214129388332367,100.0,1.0535246133804321,0.001,3.3327112197875977,7.339334964752197,28.014190673828125,transformer,embedding,2,323.6693762540817
76,231,0.04691527038812637,100.0,1.0480332374572754,0.001,NaN,NaN,NaN,transformer,embedding,2,323.8602966219187
77,234,0.04288247972726822,100.0,1.0438152551651,0.001,NaN,NaN,NaN,transformer,embedding,2,324.0427816286683
78,237,0.039573367685079575,100.0,1.040366768836975,0.001,NaN,NaN,NaN,transformer,embedding,2,324.2102819979191
79,240,0.0363437682390213,100.0,1.0370122194290161,0.001,NaN,NaN,NaN,transformer,embedding,2,324.3721826598048
80,243,0.03386475518345833,100.0,1.0344446897506714,0.001,3.3933053016662598,7.5393853187561035,29.764169692993164,transformer,embedding,2,324.51916268467903
81,246,0.03130975738167763,100.0,1.0318050384521484,0.001,NaN,NaN,NaN,transformer,embedding,2,324.66103544831276
82,249,0.0290119219571352,100.0,1.0294368267059326,0.001,NaN,NaN,NaN,transformer,embedding,2,324.79513132572174
83,252,0.027204299345612526,100.0,1.0275777578353882,0.001,NaN,NaN,NaN,transformer,embedding,2,324.9233980253339
84,255,0.025325851514935493,100.0,1.0256493091583252,0.001,NaN,NaN,NaN,transformer,embedding,2,325.0415822342038
85,258,0.02366006001830101,100.0,1.023942232131958,0.001,3.440150499343872,7.751938343048096,31.191652297973633,transformer,embedding,2,325.1581969857216
86,261,0.022225944325327873,100.0,1.022474765777588,0.001,NaN,NaN,NaN,transformer,embedding,2,325.267281845212
87,264,0.02085728570818901,100.0,1.0210763216018677,0.001,NaN,NaN,NaN,transformer,embedding,2,325.37270449101925
88,267,0.01967351883649826,100.0,1.0198683738708496,0.001,NaN,NaN,NaN,transformer,embedding,2,325.4745712354779
89,270,0.018543101847171783,100.0,1.0187160968780518,0.001,NaN,NaN,NaN,transformer,embedding,2,325.5720985904336
90,273,0.017481114715337753,100.0,1.0176347494125366,0.001,3.4803526401519775,7.9394850730896,32.47117233276367,transformer,embedding,2,325.6674255877733
91,276,0.016526643186807632,100.0,1.016663908958435,0.001,NaN,NaN,NaN,transformer,embedding,2,325.75705340504646
92,279,0.015598902478814125,100.0,1.0157212018966675,0.001,NaN,NaN,NaN,transformer,embedding,2,325.8454763889313
93,282,0.014786507934331894,100.0,1.0148963928222656,0.001,NaN,NaN,NaN,transformer,embedding,2,325.9290750846267
94,285,0.014008492231369019,100.0,1.01410710811615,0.001,NaN,NaN,NaN,transformer,embedding,2,326.0116959884763
95,288,0.013295724987983704,100.0,1.013384461402893,0.001,3.5161163806915283,7.989497661590576,33.65347671508789,transformer,embedding,2,326.09146738797426
96,291,0.012613367289304733,100.0,1.0126932859420776,0.001,NaN,NaN,NaN,transformer,embedding,2,326.16829639673233
97,294,0.011989607475697994,100.0,1.0120617151260376,0.001,NaN,NaN,NaN,transformer,embedding,2,326.24263113737106
98,297,0.011399880051612854,100.0,1.011465072631836,0.001,NaN,NaN,NaN,transformer,embedding,2,326.31439170241356
99,300,0.010883042588829994,100.0,1.0109424591064453,0.001,NaN,NaN,NaN,transformer,embedding,2,326.3868485465646
100,303,0.01037472765892744,100.0,1.010428786277771,0.001,3.548464775085449,8.00200080871582,34.759910583496094,transformer,embedding,2,326.45591059327126
101,306,0.009888093918561935,100.0,1.0099371671676636,0.001,NaN,NaN,NaN,transformer,embedding,2,326.5229706466198
102,309,0.009434940293431282,100.0,1.0094796419143677,0.001,NaN,NaN,NaN,transformer,embedding,2,326.58938673883677
103,312,0.009007379412651062,100.0,1.0090481042861938,0.001,NaN,NaN,NaN,transformer,embedding,2,326.6534142047167
104,315,0.00859535951167345,100.0,1.0086324214935303,0.001,NaN,NaN,NaN,transformer,embedding,2,326.71627136319876
105,318,0.008235212415456772,100.0,1.008269190788269,0.001,3.5800652503967285,8.164541244506836,35.87588119506836,transformer,embedding,2,326.7774926573038
106,321,0.007858634926378727,100.0,1.0078896284103394,0.001,NaN,NaN,NaN,transformer,embedding,2,326.8379224166274
107,324,0.007523593492805958,100.0,1.007551908493042,0.001,NaN,NaN,NaN,transformer,embedding,2,326.8971222639084
108,327,0.007194921839982271,100.0,1.0072208642959595,0.001,NaN,NaN,NaN,transformer,embedding,2,326.95415744930506
109,330,0.006884588859975338,100.0,1.0069082975387573,0.001,NaN,NaN,NaN,transformer,embedding,2,327.01072811335325
110,333,0.00658983550965786,100.0,1.0066115856170654,0.001,3.60756778717041,8.15203857421875,36.876251220703125,transformer,embedding,2,327.0679423287511
111,336,0.00630051176995039,100.0,1.0063203573226929,0.001,NaN,NaN,NaN,transformer,embedding,2,327.1216147542
112,339,0.0060425312258303165,100.0,1.0060608386993408,0.001,NaN,NaN,NaN,transformer,embedding,2,327.17596232146025
113,342,0.00578952394425869,100.0,1.00580632686615,0.001,NaN,NaN,NaN,transformer,embedding,2,327.22807721048594
114,345,0.005543353967368603,100.0,1.005558729171753,0.001,NaN,NaN,NaN,transformer,embedding,2,327.27926203608513
115,348,0.005311987828463316,100.0,1.0053261518478394,0.001,3.637484073638916,8.189547538757324,37.99612045288086,transformer,embedding,2,327.330634213984
116,351,0.0050962516106665134,100.0,1.0051093101501465,0.001,NaN,NaN,NaN,transformer,embedding,2,327.37961173802614
117,354,0.00490301288664341,100.0,1.0049149990081787,0.001,NaN,NaN,NaN,transformer,embedding,2,327.4298392906785
118,357,0.004696931689977646,100.0,1.004707932472229,0.001,NaN,NaN,NaN,transformer,embedding,2,327.47786621004343
119,360,0.004516463726758957,100.0,1.0045267343521118,0.001,NaN,NaN,NaN,transformer,embedding,2,327.5255873426795
120,363,0.0043178098276257515,100.0,1.0043271780014038,0.001,3.6609785556793213,8.264566421508789,38.899391174316406,transformer,embedding,2,327.57304683327675
121,366,0.00415088701993227,100.0,1.0041595697402954,0.001,NaN,NaN,NaN,transformer,embedding,2,327.6187557056546
122,369,0.0039919037371873856,100.0,1.0039998292922974,0.001,NaN,NaN,NaN,transformer,embedding,2,327.6633655577898
123,372,0.003835671814158559,100.0,1.003843069076538,0.001,NaN,NaN,NaN,transformer,embedding,2,327.70960042625666
124,375,0.0036862087436020374,100.0,1.0036929845809937,0.001,NaN,NaN,NaN,transformer,embedding,2,327.751497797668
125,378,0.0035478691570460796,100.0,1.0035542249679565,0.001,3.6885321140289307,8.264566421508789,39.98611068725586,transformer,embedding,2,327.79583785682917
126,381,0.003409862518310547,100.0,1.0034157037734985,0.001,NaN,NaN,NaN,transformer,embedding,2,327.83887930214405
127,384,0.003276112023741007,100.0,1.0032814741134644,0.001,NaN,NaN,NaN,transformer,embedding,2,327.88093120604753
128,387,0.0031502656638622284,100.0,1.00315523147583,0.001,NaN,NaN,NaN,transformer,embedding,2,327.9235362261534
129,390,0.003030811669304967,100.0,1.0030354261398315,0.001,NaN,NaN,NaN,transformer,embedding,2,327.96323942393064
130,393,0.0029134966898709536,100.0,1.002917766571045,0.001,3.7138829231262207,8.277070045471191,41.01274871826172,transformer,embedding,2,328.00525914877653
131,396,0.002806222066283226,100.0,1.0028101205825806,0.001,NaN,NaN,NaN,transformer,embedding,2,328.0445154681802
132,399,0.0026978240348398685,100.0,1.0027015209197998,0.001,NaN,NaN,NaN,transformer,embedding,2,328.08394687622786
133,402,0.0025966798420995474,100.0,1.002600073814392,0.001,NaN,NaN,NaN,transformer,embedding,2,328.12283158302307
134,405,0.002502789720892906,100.0,1.002505898475647,0.001,NaN,NaN,NaN,transformer,embedding,2,328.1614730358124
135,408,0.002408896805718541,100.0,1.0024118423461914,0.001,3.738891124725342,8.339585304260254,42.051334381103516,transformer,embedding,2,328.20012141019106
136,411,0.002321898704394698,100.0,1.0023245811462402,0.001,NaN,NaN,NaN,transformer,embedding,2,328.2379056364298
137,414,0.002228794852271676,100.0,1.002231240272522,0.001,NaN,NaN,NaN,transformer,embedding,2,328.2752787396312
138,417,0.002151801250874996,100.0,1.0021541118621826,0.001,NaN,NaN,NaN,transformer,embedding,2,328.31191202253103
139,420,0.0020660629961639643,100.0,1.0020681619644165,0.001,NaN,NaN,NaN,transformer,embedding,2,328.3482313975692
140,423,0.001994719495996833,100.0,1.0019967555999756,0.001,3.7623937129974365,8.377094268798828,43.05135726928711,transformer,embedding,2,328.38491977006197
141,426,0.0019201035611331463,100.0,1.0019218921661377,0.001,NaN,NaN,NaN,transformer,embedding,2,328.4201636388898
142,429,0.0018489831127226353,100.0,1.0018507242202759,0.001,NaN,NaN,NaN,transformer,embedding,2,328.45498264580965
143,432,0.0017818162450566888,100.0,1.0017833709716797,0.001,NaN,NaN,NaN,transformer,embedding,2,328.48955673724413
144,435,0.0017197642009705305,100.0,1.0017212629318237,0.001,NaN,NaN,NaN,transformer,embedding,2,328.5237496867776
145,438,0.0016574475448578596,100.0,1.0016587972640991,0.001,3.7871692180633545,8.477119445800781,44.13129806518555,transformer,embedding,2,328.557568565011
146,441,0.0015969170490279794,100.0,1.0015982389450073,0.001,NaN,NaN,NaN,transformer,embedding,2,328.59093920886517
147,444,0.001538986572995782,100.0,1.001540184020996,0.001,NaN,NaN,NaN,transformer,embedding,2,328.6242501735687
148,447,0.0014848645078018308,100.0,1.0014859437942505,0.001,NaN,NaN,NaN,transformer,embedding,2,328.65634571015835
149,450,0.0014319103211164474,100.0,1.0014328956604004,0.001,NaN,NaN,NaN,transformer,embedding,2,328.68990625441074
150,453,0.0013805788476020098,100.0,1.001381516456604,0.001,3.8105058670043945,8.564641952514648,45.17328643798828,transformer,embedding,2,328.721391685307
151,456,0.0013307216577231884,100.0,1.0013315677642822,0.001,NaN,NaN,NaN,transformer,embedding,2,328.7528474703431
152,459,0.0012840192066505551,100.0,1.0012848377227783,0.001,NaN,NaN,NaN,transformer,embedding,2,328.7853013500571
153,462,0.0012404965236783028,100.0,1.0012412071228027,0.001,NaN,NaN,NaN,transformer,embedding,2,328.81574649363756
154,465,0.0011955779045820236,100.0,1.001196265220642,0.001,NaN,NaN,NaN,transformer,embedding,2,328.8463611230254
155,468,0.0011550530325621367,100.0,1.0011557340621948,0.001,3.832042694091797,8.552138328552246,46.1567268371582,transformer,embedding,2,328.87809494137764
156,471,0.0011124156881123781,100.0,1.0011130571365356,0.001,NaN,NaN,NaN,transformer,embedding,2,328.90747758746147
157,474,0.0010746928164735436,100.0,1.001075267791748,0.001,NaN,NaN,NaN,transformer,embedding,2,328.9379895478487
158,477,0.0010357375722378492,100.0,1.001036286354065,0.001,NaN,NaN,NaN,transformer,embedding,2,328.9686017036438
159,480,0.0010001084301620722,100.0,1.0010006427764893,0.001,NaN,NaN,NaN,transformer,embedding,2,328.99735544621944
160,483,0.0009651696309447289,100.0,1.0009655952453613,0.001,3.85701060295105,8.552138328552246,47.32366943359375,transformer,embedding,2,329.02645609527826
161,486,0.0009326052386313677,100.0,1.000933051109314,0.001,NaN,NaN,NaN,transformer,embedding,2,329.05566024780273
162,489,0.000900683575309813,100.0,1.0009011030197144,0.001,NaN,NaN,NaN,transformer,embedding,2,329.0838821977377
163,492,0.0008692092960700393,100.0,1.000869631767273,0.001,NaN,NaN,NaN,transformer,embedding,2,329.11326049268246
164,495,0.0008402140229009092,100.0,1.0008405447006226,0.001,NaN,NaN,NaN,transformer,embedding,2,329.14135774970055
165,498,0.0008121574064716697,100.0,1.0008125305175781,0.001,3.8785393238067627,8.564641952514648,48.35353469848633,transformer,embedding,2,329.1695148050785
166,501,0.0007835951982997358,100.0,1.000783920288086,0.001,NaN,NaN,NaN,transformer,embedding,2,329.1970512494445
167,504,0.0007557747885584831,100.0,1.000756025314331,0.001,NaN,NaN,NaN,transformer,embedding,2,329.22429266572
168,507,0.0007301601581275463,100.0,1.0007303953170776,0.001,NaN,NaN,NaN,transformer,embedding,2,329.2516447752714
169,510,0.000705190293956548,100.0,1.0007054805755615,0.001,NaN,NaN,NaN,transformer,embedding,2,329.27835124731064
170,513,0.0006799600669182837,100.0,1.0006802082061768,0.001,3.9016785621643066,8.6521635055542,49.485443115234375,transformer,embedding,2,329.3054592460394
171,516,0.0006573690916411579,100.0,1.000657558441162,0.001,NaN,NaN,NaN,transformer,embedding,2,329.3316246047616
172,519,0.0006351966294459999,100.0,1.0006353855133057,0.001,NaN,NaN,NaN,transformer,embedding,2,329.3580016195774
173,522,0.0006129382527433336,100.0,1.0006130933761597,0.001,NaN,NaN,NaN,transformer,embedding,2,329.3843810558319
174,525,0.0005920211551710963,100.0,1.0005922317504883,0.001,NaN,NaN,NaN,transformer,embedding,2,329.40982380509377
175,528,0.0005720361950807273,100.0,1.0005722045898438,0.001,3.9240472316741943,8.727182388305664,50.60483932495117,transformer,embedding,2,329.43551198393106
176,531,0.0005524667212739587,100.0,1.0005526542663574,0.001,NaN,NaN,NaN,transformer,embedding,2,329.4610450565815
177,534,0.0005344713572412729,100.0,1.0005346536636353,0.001,NaN,NaN,NaN,transformer,embedding,2,329.48542737960815
178,537,0.0005169863579794765,100.0,1.0005171298980713,0.001,NaN,NaN,NaN,transformer,embedding,2,329.51142693310976
179,540,0.0004993371549062431,100.0,1.0004994869232178,0.001,NaN,NaN,NaN,transformer,embedding,2,329.53606402128935
180,543,0.00048284948570653796,100.0,1.0004829168319702,0.001,3.9466850757598877,8.727182388305664,51.76348876953125,transformer,embedding,2,329.5608891174197
181,546,0.0004663678992073983,100.0,1.0004664659500122,0.001,NaN,NaN,NaN,transformer,embedding,2,329.58545926213264
182,549,0.00045041341218166053,100.0,1.0004504919052124,0.001,NaN,NaN,NaN,transformer,embedding,2,329.60970095545053
183,552,0.00043519731843844056,100.0,1.00043523311615,0.001,NaN,NaN,NaN,transformer,embedding,2,329.63403482735157
184,555,0.0004202965646982193,100.0,1.000420331954956,0.001,NaN,NaN,NaN,transformer,embedding,2,329.6579235047102
185,558,0.0004058185440953821,100.0,1.0004059076309204,0.001,3.967968463897705,8.814703941345215,52.87699890136719,transformer,embedding,2,329.68138771504164
186,561,0.00039230476249940693,100.0,1.0003924369812012,0.001,NaN,NaN,NaN,transformer,embedding,2,329.7048933133483
187,564,0.0003801816201303154,100.0,1.000380277633667,0.001,NaN,NaN,NaN,transformer,embedding,2,329.7280583307147
188,567,0.0003664901596494019,100.0,1.0003665685653687,0.001,NaN,NaN,NaN,transformer,embedding,2,329.75163339823484
189,570,0.00035439603379927576,100.0,1.0003544092178345,0.001,NaN,NaN,NaN,transformer,embedding,2,329.77416452020407
190,573,0.00034274894278496504,100.0,1.000342845916748,0.001,3.994490385055542,8.802201271057129,54.298160552978516,transformer,embedding,2,329.796578258276
191,576,0.0003310345346108079,100.0,1.0003310441970825,0.001,NaN,NaN,NaN,transformer,embedding,2,329.81960397958755
192,579,0.0003207741829100996,100.0,1.0003207921981812,0.001,NaN,NaN,NaN,transformer,embedding,2,329.8414003327489
193,582,0.0003094839630648494,100.0,1.0003095865249634,0.001,NaN,NaN,NaN,transformer,embedding,2,329.86402597278357
194,585,0.0002995060640387237,100.0,1.0002995729446411,0.001,NaN,NaN,NaN,transformer,embedding,2,329.8862298205495
195,588,0.0002895682700909674,100.0,1.0002895593643188,0.001,4.015006065368652,8.864716529846191,55.42362976074219,transformer,embedding,2,329.90846037864685
196,591,0.0002797984634526074,100.0,1.0002797842025757,0.001,NaN,NaN,NaN,transformer,embedding,2,329.92998538166285
197,594,0.0002713772701099515,100.0,1.0002714395523071,0.001,NaN,NaN,NaN,transformer,embedding,2,329.95174100995064
198,597,0.00026207396876998246,100.0,1.0002621412277222,0.001,NaN,NaN,NaN,transformer,embedding,2,329.9732326641679
199,600,0.0002537681139074266,100.0,1.0002537965774536,0.001,NaN,NaN,NaN,transformer,embedding,2,329.994383238256
200,603,0.00024507363559678197,100.0,1.0002450942993164,0.001,4.036390781402588,8.864716529846191,56.621612548828125,transformer,embedding,2,330.0157017931342
202,609,0.00022927098325453699,100.0,1.0002292394638062,0.001,NaN,NaN,NaN,transformer,embedding,2,330.0571983605623
204,615,0.00021434402151498944,100.0,1.0002143383026123,0.001,NaN,NaN,NaN,transformer,embedding,2,330.0986298620701
205,618,NaN,NaN,NaN,NaN,4.059937000274658,8.877219200134277,57.97065734863281,transformer,embedding,2,330.1184541732073
206,621,0.000200402268092148,100.0,1.0002003908157349,0.001,NaN,NaN,NaN,transformer,embedding,2,330.1396586149931
208,627,0.00018759605882223696,100.0,1.000187635421753,0.001,NaN,NaN,NaN,transformer,embedding,2,330.1787628605962
210,633,0.00017531885532662272,100.0,1.0001753568649292,0.001,4.082369327545166,8.939735412597656,59.285770416259766,transformer,embedding,2,330.21809193491936
212,639,0.00016406187205575407,100.0,1.0001640319824219,0.001,NaN,NaN,NaN,transformer,embedding,2,330.2571919411421
214,645,0.00015375697694253176,100.0,1.0001537799835205,0.001,NaN,NaN,NaN,transformer,embedding,2,330.29555374383926
215,648,NaN,NaN,NaN,NaN,4.103535175323486,8.989748001098633,60.553977966308594,transformer,embedding,2,330.31444854289293
216,651,0.00014380799257196486,100.0,1.0001437664031982,0.001,NaN,NaN,NaN,transformer,embedding,2,330.3334580808878
218,657,0.0001345381315331906,100.0,1.0001345872879028,0.001,NaN,NaN,NaN,transformer,embedding,2,330.3706442862749
220,663,0.0001262125006178394,100.0,1.0001262426376343,0.001,4.126992702484131,8.97724437713623,61.991214752197266,transformer,embedding,2,330.40726439654827
222,669,0.00011820723011624068,100.0,1.0001182556152344,0.001,NaN,NaN,NaN,transformer,embedding,2,330.443912550807
224,675,0.00011072807683376595,100.0,1.0001107454299927,0.001,NaN,NaN,NaN,transformer,embedding,2,330.47945934534073
225,678,NaN,NaN,NaN,NaN,4.147726535797119,9.064766883850098,63.289947509765625,transformer,embedding,2,330.49680426716805
226,681,0.0001035678869811818,100.0,1.0001035928726196,0.001,NaN,NaN,NaN,transformer,embedding,2,330.5140902251005
228,687,9.68395615927875e-05,100.0,1.0000967979431152,0.001,NaN,NaN,NaN,transformer,embedding,2,330.548605106771
230,693,9.08969814190641e-05,100.0,1.0000909566879272,0.001,4.17097282409668,9.102275848388672,64.7784423828125,transformer,embedding,2,330.5825479179621
232,699,8.500556577928364e-05,100.0,1.0000849962234497,0.001,NaN,NaN,NaN,transformer,embedding,2,330.61603876948357
234,705,7.964993710629642e-05,100.0,1.00007963180542,0.001,NaN,NaN,NaN,transformer,embedding,2,330.6494966670871
235,708,NaN,NaN,NaN,NaN,4.192926406860352,9.12728214263916,66.2162857055664,transformer,embedding,2,330.6659716293216
236,711,7.465355156455189e-05,100.0,1.0000746250152588,0.001,NaN,NaN,NaN,transformer,embedding,2,330.6823696196079
238,717,6.997372838668525e-05,100.0,1.0000699758529663,0.001,NaN,NaN,NaN,transformer,embedding,2,330.7143151983619
240,723,6.554651918122545e-05,100.0,1.000065565109253,0.001,4.217206954956055,9.12728214263916,67.8437271118164,transformer,embedding,2,330.74588191509247
242,729,6.151299749035388e-05,100.0,1.0000615119934082,0.001,NaN,NaN,NaN,transformer,embedding,2,330.776329010725
244,735,5.7647521316539496e-05,100.0,1.0000576972961426,0.001,NaN,NaN,NaN,transformer,embedding,2,330.80745340138674
245,738,NaN,NaN,NaN,NaN,4.240746974945068,9.089773178100586,69.459716796875,transformer,embedding,2,330.8235155567527
246,741,5.4125997849041596e-05,100.0,1.000054121017456,0.001,NaN,NaN,NaN,transformer,embedding,2,330.83815894275904
248,747,5.0656224630074576e-05,100.0,1.000050663948059,0.001,NaN,NaN,NaN,transformer,embedding,2,330.86795718222857
250,753,4.740959411719814e-05,100.0,1.0000474452972412,0.001,4.2628045082092285,9.102275848388672,71.00885009765625,transformer,embedding,2,330.8977421224117
252,759,4.444364094524644e-05,100.0,1.0000444650650024,0.001,NaN,NaN,NaN,transformer,embedding,2,330.92624378949404
254,765,4.1627885366324335e-05,100.0,1.0000416040420532,0.001,NaN,NaN,NaN,transformer,embedding,2,330.9545597285032
255,768,NaN,NaN,NaN,NaN,4.28325080871582,9.252313613891602,72.47566223144531,transformer,embedding,2,330.96845638006926
256,771,3.906499478034675e-05,100.0,1.0000391006469727,0.001,NaN,NaN,NaN,transformer,embedding,2,330.9825163707137
258,777,3.66363201464992e-05,100.0,1.000036597251892,0.001,NaN,NaN,NaN,transformer,embedding,2,331.01049894839525
260,783,3.440499131102115e-05,100.0,1.0000344514846802,0.001,4.309597015380859,9.189798355102539,74.4104995727539,transformer,embedding,2,331.03794749081135
262,789,3.2187897886615247e-05,100.0,1.0000321865081787,0.001,NaN,NaN,NaN,transformer,embedding,2,331.0649126395583
264,795,3.019571704498958e-05,100.0,1.0000301599502563,0.001,NaN,NaN,NaN,transformer,embedding,2,331.09137773513794
265,798,NaN,NaN,NaN,NaN,4.3304972648620605,9.289822578430176,75.98206329345703,transformer,embedding,2,331.1042076796293
266,801,2.83243407466216e-05,100.0,1.000028371810913,0.001,NaN,NaN,NaN,transformer,embedding,2,331.1171199902892
268,807,2.6568644898361526e-05,100.0,1.0000265836715698,0.001,NaN,NaN,NaN,transformer,embedding,2,331.1424059122801
270,813,2.4975408450700343e-05,100.0,1.0000250339508057,0.001,4.353748321533203,9.27731990814209,77.76942443847656,transformer,embedding,2,331.1676937267184
272,819,2.3431282897945493e-05,100.0,1.0000234842300415,0.001,NaN,NaN,NaN,transformer,embedding,2,331.19218549877405
274,825,2.1943844330962747e-05,100.0,1.0000219345092773,0.001,NaN,NaN,NaN,transformer,embedding,2,331.2166799008846
275,828,NaN,NaN,NaN,NaN,4.376114845275879,9.314828872680664,79.52845001220703,transformer,embedding,2,331.2291298136115
276,831,2.0620944269467145e-05,100.0,1.0000206232070923,0.001,NaN,NaN,NaN,transformer,embedding,2,331.240665525198
278,837,1.9339982827659696e-05,100.0,1.0000193119049072,0.001,NaN,NaN,NaN,transformer,embedding,2,331.2639324069023
280,843,1.813759263313841e-05,100.0,1.0000181198120117,0.001,4.40002965927124,9.252313613891602,81.45328521728516,transformer,embedding,2,331.2874201834202
282,849,1.7016920537571423e-05,100.0,1.0000170469284058,0.001,NaN,NaN,NaN,transformer,embedding,2,331.31031116098166
284,855,1.5972242181305774e-05,100.0,1.0000159740447998,0.001,NaN,NaN,NaN,transformer,embedding,2,331.33277993649244
285,858,NaN,NaN,NaN,NaN,4.422942638397217,9.264816284179688,83.34117126464844,transformer,embedding,2,331.343876555562
286,861,1.50149644468911e-05,100.0,1.0000150203704834,0.001,NaN,NaN,NaN,transformer,embedding,2,331.35458809137344
288,867,1.405858711223118e-05,100.0,1.000014066696167,0.001,NaN,NaN,NaN,transformer,embedding,2,331.3760495558381
290,873,1.3175061212677974e-05,100.0,1.0000132322311401,0.001,4.445321083068848,9.264816284179688,85.22724151611328,transformer,embedding,2,331.3971939906478
292,879,1.2358528692857362e-05,100.0,1.0000123977661133,0.001,NaN,NaN,NaN,transformer,embedding,2,331.417536072433
294,885,1.1609626199060585e-05,100.0,1.0000115633010864,0.001,NaN,NaN,NaN,transformer,embedding,2,331.43779397010803
295,888,NaN,NaN,NaN,NaN,4.470166206359863,9.227307319641113,87.37124633789062,transformer,embedding,2,331.44793190807104
296,891,1.091647663997719e-05,100.0,1.0000109672546387,0.001,NaN,NaN,NaN,transformer,embedding,2,331.45708629488945
298,897,1.0253993423248176e-05,100.0,1.0000102519989014,0.001,NaN,NaN,NaN,transformer,embedding,2,331.47622638195753
300,903,9.63468301051762e-06,100.0,1.0000096559524536,0.001,4.492000102996826,9.264816284179688,89.29987335205078,transformer,embedding,2,331.49485678225756
303,912,8.748526852286886e-06,100.0,1.0000087022781372,0.001,NaN,NaN,NaN,transformer,embedding,2,331.5225096717477
305,918,NaN,NaN,NaN,NaN,4.515616416931152,9.289822578430176,91.43390655517578,transformer,embedding,2,331.53961508721113
306,921,7.93878916738322e-06,100.0,1.0000079870224,0.001,NaN,NaN,NaN,transformer,embedding,2,331.54866041988134
309,930,7.237311365315691e-06,100.0,1.0000072717666626,0.001,NaN,NaN,NaN,transformer,embedding,2,331.5736542791128
311,936,NaN,NaN,NaN,NaN,4.546168804168701,9.302326202392578,94.27054595947266,transformer,embedding,2,331.58956272900105
312,939,6.598183972528204e-06,100.0,1.0000065565109253,0.001,NaN,NaN,NaN,transformer,embedding,2,331.59751568734646
315,948,6.004549049976049e-06,100.0,1.0000059604644775,0.001,NaN,NaN,NaN,transformer,embedding,2,331.6211410164833
317,954,NaN,NaN,NaN,NaN,4.573178291320801,9.36484146118164,96.8514404296875,transformer,embedding,2,331.636614844203
318,957,5.455270184029359e-06,100.0,1.0000054836273193,0.001,NaN,NaN,NaN,transformer,embedding,2,331.64250684529543
321,966,4.954442374582868e-06,100.0,1.0000050067901611,0.001,NaN,NaN,NaN,transformer,embedding,2,331.66447842121124
323,972,NaN,NaN,NaN,NaN,4.601105690002441,9.352338790893555,99.59437561035156,transformer,embedding,2,331.6777193248272
324,975,4.504220214585075e-06,100.0,1.000004529953003,0.001,NaN,NaN,NaN,transformer,embedding,2,331.6843401566148
327,984,4.101182639715262e-06,100.0,1.0000040531158447,0.001,NaN,NaN,NaN,transformer,embedding,2,331.70268926769495
329,990,NaN,NaN,NaN,NaN,4.629464149475098,9.36484146118164,102.45914459228516,transformer,embedding,2,331.7145391255617
330,993,3.738824943866348e-06,100.0,1.000003695487976,0.001,NaN,NaN,NaN,transformer,embedding,2,331.7199102565646
333,1002,3.4160486848122673e-06,100.0,1.000003457069397,0.001,NaN,NaN,NaN,transformer,embedding,2,331.7363841086626
335,1008,NaN,NaN,NaN,NaN,4.657502174377441,9.389847755432129,105.37255096435547,transformer,embedding,2,331.746671423316
336,1011,3.1165477594186086e-06,100.0,1.0000030994415283,0.001,NaN,NaN,NaN,transformer,embedding,2,331.75083108991385
339,1020,2.8477988962549716e-06,100.0,1.0000028610229492,0.001,NaN,NaN,NaN,transformer,embedding,2,331.7648951560259
341,1026,NaN,NaN,NaN,NaN,4.688445568084717,9.414854049682617,108.6841049194336,transformer,embedding,2,331.7732126042247
342,1029,2.5792196538532153e-06,100.0,1.0000026226043701,0.001,NaN,NaN,NaN,transformer,embedding,2,331.77708158642054
345,1038,2.344645508856047e-06,100.0,1.000002384185791,0.001,NaN,NaN,NaN,transformer,embedding,2,331.787990488112
347,1044,NaN,NaN,NaN,NaN,4.713277339935303,9.352338790893555,111.41670989990234,transformer,embedding,2,331.7950978651643
348,1047,2.139725893357536e-06,100.0,1.000002145767212,0.001,NaN,NaN,NaN,transformer,embedding,2,331.797532312572
351,1056,1.9492529190756613e-06,100.0,1.0000019073486328,0.001,NaN,NaN,NaN,transformer,embedding,2,331.80651945620775
353,1062,NaN,NaN,NaN,NaN,4.743740558624268,9.414854049682617,114.86305236816406,transformer,embedding,2,331.81103913486004
354,1065,1.780830871211947e-06,100.0,1.0000017881393433,0.001,NaN,NaN,NaN,transformer,embedding,2,331.81283869594336
357,1074,1.6069170669652522e-06,100.0,1.0000015497207642,0.001,NaN,NaN,NaN,transformer,embedding,2,331.8183157891035
360,1083,1.4540827351083863e-06,100.0,1.0000014305114746,0.001,4.780329704284668,9.389847755432129,119.14362335205078,transformer,embedding,2,331.82202911376953
363,1092,1.324692902926472e-06,100.0,1.000001311302185,0.001,NaN,NaN,NaN,transformer,embedding,2,331.8249401599169
366,1101,1.2087785989933764e-06,100.0,1.0000011920928955,0.001,NaN,NaN,NaN,transformer,embedding,2,331.82439418137074
367,1104,NaN,NaN,NaN,NaN,4.809689044952393,9.389847755432129,122.6934585571289,transformer,embedding,2,331.8253128826618
369,1110,1.1024957302652183e-06,100.0,1.000001072883606,0.001,NaN,NaN,NaN,transformer,embedding,2,331.8243785351515
372,1119,1.0065199376185774e-06,100.0,1.0000009536743164,0.001,NaN,NaN,NaN,transformer,embedding,2,331.8222033008933
374,1125,NaN,NaN,NaN,NaN,4.840610980987549,9.389847755432129,126.54664611816406,transformer,embedding,2,331.8196100965142
375,1128,9.238930260835332e-07,100.0,1.0000009536743164,0.001,NaN,NaN,NaN,transformer,embedding,2,331.8188069239259
378,1137,8.424488555647258e-07,100.0,1.0000008344650269,0.001,NaN,NaN,NaN,transformer,embedding,2,331.81404031813145
381,1146,7.694955002079951e-07,100.0,1.0000007152557373,0.001,4.87776517868042,9.402351379394531,131.33682250976562,transformer,embedding,2,331.80809380859137
384,1155,7.042302740956075e-07,100.0,1.0000007152557373,0.001,NaN,NaN,NaN,transformer,embedding,2,331.8007569089532
387,1164,6.422600336009054e-07,100.0,1.0000005960464478,0.001,NaN,NaN,NaN,transformer,embedding,2,331.79143115133047
388,1167,NaN,NaN,NaN,NaN,4.912405014038086,9.414854049682617,135.9660186767578,transformer,embedding,2,331.78769113868475
390,1173,5.858659051227733e-07,100.0,1.0000005960464478,0.001,NaN,NaN,NaN,transformer,embedding,2,331.7796079441905
393,1182,5.372021405491978e-07,100.0,1.0000005960464478,0.001,NaN,NaN,NaN,transformer,embedding,2,331.7665646970272
395,1188,NaN,NaN,NaN,NaN,4.941637992858887,9.36484146118164,139.99937438964844,transformer,embedding,2,331.75707437098026
396,1191,4.913264319839072e-07,100.0,1.0000004768371582,0.001,NaN,NaN,NaN,transformer,embedding,2,331.7510865777731
399,1200,4.5128018655304913e-07,100.0,1.0000004768371582,0.001,NaN,NaN,NaN,transformer,embedding,2,331.7354556322098
402,1209,4.12374561165052e-07,100.0,1.0000003576278687,0.001,4.980641841888428,9.414854049682617,145.56777954101562,transformer,embedding,2,331.7180720642209
406,1221,3.6413322845874063e-07,100.0,1.0000003576278687,0.001,NaN,NaN,NaN,transformer,embedding,2,331.6930269226432
410,1233,3.225240448045952e-07,100.0,1.0000003576278687,0.001,5.013339996337891,9.42735767364502,150.40625,transformer,embedding,2,331.6646641418338
414,1245,2.863641839212505e-07,100.0,1.000000238418579,0.001,NaN,NaN,NaN,transformer,embedding,2,331.6324799358845
418,1257,2.5409065074200043e-07,100.0,1.000000238418579,0.001,5.052226543426514,9.439860343933105,156.3702392578125,transformer,embedding,2,331.5968767851591
422,1269,2.2443617808676208e-07,100.0,1.000000238418579,0.001,NaN,NaN,NaN,transformer,embedding,2,331.55665028095245
426,1281,1.9942842754971934e-07,100.0,1.000000238418579,0.001,5.081756591796875,9.452363967895508,161.0567169189453,transformer,embedding,2,331.51000260561705
430,1293,1.7932083551386313e-07,100.0,1.000000238418579,0.001,NaN,NaN,NaN,transformer,embedding,2,331.4573148936033
434,1305,1.5946669407185254e-07,100.0,1.0000001192092896,0.001,5.1110382080078125,9.477370262145996,165.84243774414062,transformer,embedding,2,331.400409296155
438,1317,1.4311872575945017e-07,100.0,1.0000001192092896,0.001,NaN,NaN,NaN,transformer,embedding,2,331.3397065922618
442,1329,1.2753110922858468e-07,100.0,1.0000001192092896,0.001,5.133423805236816,9.464866638183594,169.59678649902344,transformer,embedding,2,331.2749293372035
446,1341,1.1388668497147592e-07,100.0,1.0000001192092896,0.001,NaN,NaN,NaN,transformer,embedding,2,331.2061158642173
450,1353,1.0319924825807902e-07,100.0,1.0000001192092896,0.001,5.157249450683594,9.439860343933105,173.68606567382812,transformer,embedding,2,331.1334600225091
454,1365,9.373685116997876e-08,100.0,1.0000001192092896,0.001,NaN,NaN,NaN,transformer,embedding,2,331.05765960365534
458,1377,8.435894471858774e-08,100.0,1.0000001192092896,0.001,5.176607608795166,9.47736930847168,177.08106994628906,transformer,embedding,2,330.98011464625597
462,1389,7.667074441997102e-08,100.0,1.0000001192092896,0.001,NaN,NaN,NaN,transformer,embedding,2,330.89919669926167
466,1401,7.058777384827408e-08,100.0,1.0000001192092896,0.001,NaN,NaN,NaN,transformer,embedding,2,330.8155360519886
467,1404,NaN,NaN,NaN,NaN,5.197259902954102,9.489872932434082,180.77621459960938,transformer,embedding,2,330.7941275089979
470,1413,6.344873781927163e-08,100.0,1.0000001192092896,0.001,NaN,NaN,NaN,transformer,embedding,2,330.72920628637075
474,1425,5.850632334158945e-08,100.0,1.0,0.001,NaN,NaN,NaN,transformer,embedding,2,330.640528395772
476,1431,NaN,NaN,NaN,NaN,5.215285778045654,9.564891815185547,184.06442260742188,transformer,embedding,2,330.5953719317913
478,1437,5.5042413293904247e-08,100.0,1.0,0.001,NaN,NaN,NaN,transformer,embedding,2,330.54915630072355
482,1449,5.0522430683486164e-08,100.0,1.0,0.001,NaN,NaN,NaN,transformer,embedding,2,330.4568399563432
485,1458,NaN,NaN,NaN,NaN,5.227485179901123,9.564891815185547,186.32363891601562,transformer,embedding,2,330.3860674276948
486,1461,4.6255905772341066e-08,100.0,1.0,0.001,NaN,NaN,NaN,transformer,embedding,2,330.3621648401022
490,1473,4.262302155666475e-08,100.0,1.0,0.001,NaN,NaN,NaN,transformer,embedding,2,330.26631140708923
494,1485,4.00039645853667e-08,100.0,1.0,0.001,5.2399468421936035,9.62740707397461,188.6600799560547,transformer,embedding,2,330.1677711009979
498,1497,3.620210975441296e-08,100.0,1.0,0.001,NaN,NaN,NaN,transformer,embedding,2,330.06767515838146
502,1509,3.569519435586699e-08,100.0,1.0,0.001,NaN,NaN,NaN,transformer,embedding,2,329.9647413119674
503,1512,NaN,NaN,NaN,NaN,5.248871803283691,9.589898109436035,190.3513946533203,transformer,embedding,2,329.9386705085635
507,1524,3.147091121036283e-08,100.0,1.0,0.001,NaN,NaN,NaN,transformer,embedding,2,329.8329984098673
512,1539,2.965447087888151e-08,100.0,1.0,0.001,NaN,NaN,NaN,transformer,embedding,2,329.6981447413564
513,1542,NaN,NaN,NaN,NaN,5.251546859741211,9.614904403686523,190.8612823486328,transformer,embedding,2,329.6711676493287
517,1554,2.813372645960044e-08,100.0,1.0,0.001,NaN,NaN,NaN,transformer,embedding,2,329.56174740195274
522,1569,2.5725887198291275e-08,100.0,1.0,0.001,NaN,NaN,NaN,transformer,embedding,2,329.4215556308627
523,1572,NaN,NaN,NaN,NaN,5.243153095245361,9.589898109436035,189.26593017578125,transformer,embedding,2,329.39330207556486
527,1584,2.5894856037211866e-08,100.0,1.0,0.001,NaN,NaN,NaN,transformer,embedding,2,329.2796869650483
532,1599,2.4669814635558396e-08,100.0,1.0,0.001,NaN,NaN,NaN,transformer,embedding,2,329.1374706327915
533,1602,NaN,NaN,NaN,NaN,5.235109329223633,9.639910697937012,187.7496337890625,transformer,embedding,2,329.10898876190186
537,1614,2.24731877551676e-08,100.0,1.0,0.001,NaN,NaN,NaN,transformer,embedding,2,328.99430253356695
542,1629,2.4374115170644473e-08,100.0,1.0,0.001,NaN,NaN,NaN,transformer,embedding,2,328.8536115437746
543,1632,NaN,NaN,NaN,NaN,5.234759330749512,9.62740707397461,187.68392944335938,transformer,embedding,2,328.825661867857
547,1644,2.036104618241552e-08,100.0,1.0,0.001,NaN,NaN,NaN,transformer,embedding,2,328.71273320168257
552,1659,2.3064586684995447e-08,100.0,1.0,0.001,NaN,NaN,NaN,transformer,embedding,2,328.57395251095295
553,1662,NaN,NaN,NaN,NaN,5.222459316253662,9.677419662475586,185.38955688476562,transformer,embedding,2,328.54614643007517
557,1674,2.1036932196238922e-08,100.0,1.0,0.001,NaN,NaN,NaN,transformer,embedding,2,328.43745771050453
562,1689,2.1163661045875415e-08,100.0,1.0,0.001,NaN,NaN,NaN,transformer,embedding,2,328.30451761186123
564,1695,NaN,NaN,NaN,NaN,5.222538948059082,9.6649169921875,185.40431213378906,transformer,embedding,2,328.25191493332386
567,1704,1.968516016859212e-08,100.0,1.0,0.001,NaN,NaN,NaN,transformer,embedding,2,328.17578007280827
572,1719,2.0065346717501598e-08,100.0,1.0,0.001,NaN,NaN,NaN,transformer,embedding,2,328.05257012695074
575,1728,NaN,NaN,NaN,NaN,5.213855743408203,9.702425956726074,183.8013916015625,transformer,embedding,2,327.98154302686453
577,1734,2.3402529691907148e-08,100.0,1.0,0.001,NaN,NaN,NaN,transformer,embedding,2,327.93485110998154
582,1749,1.8924788847130003e-08,100.0,1.0,0.001,NaN,NaN,NaN,transformer,embedding,2,327.8283478245139
586,1761,NaN,NaN,NaN,NaN,5.2023186683654785,9.689923286437988,181.6930389404297,transformer,embedding,2,327.74533104896545
587,1764,2.1543845818428053e-08,100.0,1.0,0.001,NaN,NaN,NaN,transformer,embedding,2,327.7247865051031
592,1779,1.9178246546402988e-08,100.0,1.0,0.001,NaN,NaN,NaN,transformer,embedding,2,327.624722674489
597,1794,2.2050759440617185e-08,100.0,1.0,0.001,5.202558994293213,9.764941215515137,181.73670959472656,transformer,embedding,2,327.5270282179117
602,1809,2.1881788825339754e-08,100.0,1.0,0.001,NaN,NaN,NaN,transformer,embedding,2,327.43527372926474
608,1827,2.2388704223885725e-08,100.0,1.0,0.001,5.195371627807617,9.739935874938965,180.4351806640625,transformer,embedding,2,327.327349729836
614,1845,2.1712816433705484e-08,100.0,1.0,0.001,NaN,NaN,NaN,transformer,embedding,2,327.22445430606604
620,1863,2.0487775032052014e-08,100.0,1.0,0.001,5.198429584503174,9.727432250976562,180.98779296875,transformer,embedding,2,327.1278940960765
626,1881,2.1290389895511908e-08,100.0,1.0,0.001,NaN,NaN,NaN,transformer,embedding,2,327.0357989668846
632,1899,1.879806177385035e-08,100.0,1.0,0.001,5.1884870529174805,9.839960098266602,179.19723510742188,transformer,embedding,2,326.9511729180813
638,1917,8.393650574589628e-08,100.0,1.0000001192092896,0.001,NaN,NaN,NaN,transformer,embedding,2,326.8849307447672
644,1935,0.043436914682388306,98.44082641601562,1.0443941354751587,0.001,4.742299556732178,7.0767693519592285,114.6976547241211,transformer,embedding,2,328.7867467030883
650,1953,0.0013629194581881166,100.0,1.0013638734817505,0.001,NaN,NaN,NaN,transformer,embedding,2,329.42854960262775
656,1971,0.00044197874376550317,100.0,1.0004420280456543,0.001,5.4415178298950195,7.5393853187561035,230.79222106933594,transformer,embedding,2,329.3594984486699
662,1989,0.00022741286375094205,100.0,1.000227451324463,0.001,NaN,NaN,NaN,transformer,embedding,2,329.12052342295647
668,2007,0.00015891250222921371,100.0,1.0001589059829712,0.001,NaN,NaN,NaN,transformer,embedding,2,328.8473568633199
669,2010,NaN,NaN,NaN,NaN,5.47702169418335,7.864466667175293,239.13343811035156,transformer,embedding,2,328.80098439753056
674,2025,0.00012672276352532208,100.0,1.0001267194747925,0.001,NaN,NaN,NaN,transformer,embedding,2,328.5679914355278
680,2043,0.00010593431943561882,100.0,1.0001059770584106,0.001,NaN,NaN,NaN,transformer,embedding,2,328.2878334596753
682,2049,NaN,NaN,NaN,NaN,5.483861446380615,8.077019691467285,240.774658203125,transformer,embedding,2,328.1945246234536
686,2061,9.053169924300164e-05,100.0,1.000090479850769,0.001,NaN,NaN,NaN,transformer,embedding,2,328.0081423148513
692,2079,7.813985575921834e-05,100.0,1.0000782012939453,0.001,NaN,NaN,NaN,transformer,embedding,2,327.7292322292924
695,2088,NaN,NaN,NaN,NaN,5.488973617553711,8.2395601272583,242.00868225097656,transformer,embedding,2,327.5901876837015
698,2097,6.777763337595388e-05,100.0,1.0000678300857544,0.001,NaN,NaN,NaN,transformer,embedding,2,327.4513750076294
704,2115,5.909708852414042e-05,100.0,1.0000591278076172,0.001,NaN,NaN,NaN,transformer,embedding,2,327.1747566014528
708,2127,NaN,NaN,NaN,NaN,5.494119644165039,8.289572715759277,243.2572784423828,transformer,embedding,2,326.991093352437
711,2136,5.041131953475997e-05,100.0,1.00005042552948,0.001,NaN,NaN,NaN,transformer,embedding,2,326.85379476845264
718,2157,4.307525523472577e-05,100.0,1.0000430345535278,0.001,NaN,NaN,NaN,transformer,embedding,2,326.5346379876137
722,2169,NaN,NaN,NaN,NaN,5.49917459487915,8.427106857299805,244.49005126953125,transformer,embedding,2,326.3530696257949
725,2178,3.684017792693339e-05,100.0,1.0000368356704712,0.001,NaN,NaN,NaN,transformer,embedding,2,326.21729020029306
732,2199,3.149399344692938e-05,100.0,1.0000314712524414,0.001,NaN,NaN,NaN,transformer,embedding,2,325.90192441642284
736,2211,NaN,NaN,NaN,NaN,5.503896713256836,8.58964729309082,245.6472930908203,transformer,embedding,2,325.7224762812257
739,2220,2.6884121325565502e-05,100.0,1.0000269412994385,0.001,NaN,NaN,NaN,transformer,embedding,2,325.58821388334036
746,2241,2.2928546968614683e-05,100.0,1.0000228881835938,0.001,NaN,NaN,NaN,transformer,embedding,2,325.2763158082962
750,2253,NaN,NaN,NaN,NaN,5.507767200469971,8.727182388305664,246.5998992919922,transformer,embedding,2,325.0990416482091
753,2262,1.953221180883702e-05,100.0,1.0000195503234863,0.001,NaN,NaN,NaN,transformer,embedding,2,324.9666422829032
760,2283,1.6598773072473705e-05,100.0,1.0000165700912476,0.001,NaN,NaN,NaN,transformer,embedding,2,324.6593143567443
764,2295,NaN,NaN,NaN,NaN,5.511046886444092,8.864716529846191,247.41000366210938,transformer,embedding,2,324.48436192423105
767,2304,1.4050145182409324e-05,100.0,1.000014066696167,0.001,NaN,NaN,NaN,transformer,embedding,2,324.35333969444036
774,2325,1.1835965779027902e-05,100.0,1.0000118017196655,0.001,NaN,NaN,NaN,transformer,embedding,2,324.0480102598667
779,2340,NaN,NaN,NaN,NaN,5.513787269592285,9.064766883850098,248.08892822265625,transformer,embedding,2,323.83013182133436
781,2346,9.962398507923353e-06,100.0,1.0000100135803223,0.001,NaN,NaN,NaN,transformer,embedding,2,323.74311312288046
788,2367,8.412768693233375e-06,100.0,1.000008463859558,0.001,NaN,NaN,NaN,transformer,embedding,2,323.4393014907837
794,2385,NaN,NaN,NaN,NaN,5.5129804611206055,9.252313613891602,247.88885498046875,transformer,embedding,2,323.1802253574133
795,2388,7.137281500035897e-06,100.0,1.000007152557373,0.001,NaN,NaN,NaN,transformer,embedding,2,323.1371930912137
802,2409,6.073501026548911e-06,100.0,1.000006079673767,0.001,NaN,NaN,NaN,transformer,embedding,2,322.8372251018882
809,2430,NaN,NaN,NaN,NaN,5.507384777069092,9.302326202392578,246.505615234375,transformer,embedding,2,322.539425984025
810,2433,5.064082870376296e-06,100.0,1.0000050067901611,0.001,NaN,NaN,NaN,transformer,embedding,2,322.49712850153446
818,2457,4.2175902308372315e-06,100.0,1.0000041723251343,0.001,NaN,NaN,NaN,transformer,embedding,2,322.1607837975025
825,2478,NaN,NaN,NaN,NaN,5.503316402435303,9.42735767364502,245.50477600097656,transformer,embedding,2,321.86944231390953
826,2481,3.5057214518019464e-06,100.0,1.000003457069397,0.001,NaN,NaN,NaN,transformer,embedding,2,321.8280529305339
834,2505,2.9089615054544993e-06,100.0,1.0000028610229492,0.001,NaN,NaN,NaN,transformer,embedding,2,321.49909426271915
841,2526,NaN,NaN,NaN,NaN,5.501086235046387,9.639910697937012,244.95787048339844,transformer,embedding,2,321.2147070840001
842,2529,2.410667775620823e-06,100.0,1.000002384185791,0.001,NaN,NaN,NaN,transformer,embedding,2,321.1743279248476
850,2553,1.9974504539277405e-06,100.0,1.0000020265579224,0.001,NaN,NaN,NaN,transformer,embedding,2,320.8537424132228
857,2574,NaN,NaN,NaN,NaN,5.5021138191223145,9.739935874938965,245.209716796875,transformer,embedding,2,320.57674250006676
858,2577,1.6529185131730628e-06,100.0,1.0000016689300537,0.001,NaN,NaN,NaN,transformer,embedding,2,320.5374598428607
866,2601,1.3657524959853617e-06,100.0,1.000001311302185,0.001,NaN,NaN,NaN,transformer,embedding,2,320.225913785398
874,2625,1.127122914112988e-06,100.0,1.000001072883606,0.001,5.505893230438232,9.839960098266602,246.13821411132812,transformer,embedding,2,319.9189124405384
882,2649,9.287085731557454e-07,100.0,1.0000009536743164,0.001,NaN,NaN,NaN,transformer,embedding,2,319.6170456111431
890,2673,7.65017603043816e-07,100.0,1.0000007152557373,0.001,NaN,NaN,NaN,transformer,embedding,2,319.31998907774687
891,2676,NaN,NaN,NaN,NaN,5.513099670410156,9.952488899230957,247.91839599609375,transformer,embedding,2,319.28322123736143
898,2697,6.298405992311018e-07,100.0,1.0000005960464478,0.001,NaN,NaN,NaN,transformer,embedding,2,319.027719758451
906,2721,5.181928486308607e-07,100.0,1.0000004768371582,0.001,NaN,NaN,NaN,transformer,embedding,2,318.7407625466585
908,2727,NaN,NaN,NaN,NaN,5.52262020111084,9.952488899230957,250.2899932861328,transformer,embedding,2,318.6698661968112
915,2748,4.144022227592359e-07,100.0,1.0000003576278687,0.001,NaN,NaN,NaN,transformer,embedding,2,318.4242593944073
924,2775,3.3257782661166857e-07,100.0,1.0000003576278687,0.001,NaN,NaN,NaN,transformer,embedding,2,318.11434454470873
926,2781,NaN,NaN,NaN,NaN,5.5369062423706055,9.964991569519043,253.8913116455078,transformer,embedding,2,318.0463146865368
933,2802,2.6570742761578003e-07,100.0,1.000000238418579,0.001,NaN,NaN,NaN,transformer,embedding,2,317.81091994047165
942,2829,2.1290388474426436e-07,100.0,1.000000238418579,0.001,NaN,NaN,NaN,transformer,embedding,2,317.5131533369422
944,2835,NaN,NaN,NaN,NaN,5.5500922203063965,10.040010452270508,257.26129150390625,transformer,embedding,2,317.4477003291249
951,2856,1.7099898741435027e-07,100.0,1.0000001192092896,0.001,NaN,NaN,NaN,transformer,embedding,2,317.22038043290377
960,2883,1.3737368931288074e-07,100.0,1.0000001192092896,0.001,NaN,NaN,NaN,transformer,embedding,2,316.9323440566659
962,2889,NaN,NaN,NaN,NaN,5.555696487426758,10.01500415802002,258.70709228515625,transformer,embedding,2,316.86895337700844
969,2910,1.1105640851383214e-07,100.0,1.0000001192092896,0.001,NaN,NaN,NaN,transformer,embedding,2,316.64905355870724
978,2937,9.111779775139439e-08,100.0,1.0000001192092896,0.001,NaN,NaN,NaN,transformer,embedding,2,316.37104257941246
981,2946,NaN,NaN,NaN,NaN,5.551358699798584,10.077520370483398,257.5873107910156,transformer,embedding,2,316.2797132432461
987,2964,7.565691362287907e-08,100.0,1.0000001192092896,0.001,NaN,NaN,NaN,transformer,embedding,2,316.0992625653744
996,2991,6.29840641863666e-08,100.0,1.0000001192092896,0.001,NaN,NaN,NaN,transformer,embedding,2,315.8352601379156
1000,3003,NaN,NaN,NaN,NaN,5.5365824699401855,10.077519416809082,253.80911254882812,transformer,embedding,2,315.7206143066287
1005,3018,5.335270003570258e-08,100.0,1.0,0.001,NaN,NaN,NaN,transformer,embedding,2,315.58018715679646
1015,3048,4.617141868834551e-08,100.0,1.0,0.001,NaN,NaN,NaN,transformer,embedding,2,315.31067230552435
1019,3060,NaN,NaN,NaN,NaN,5.5070719718933105,10.115029335021973,246.4285125732422,transformer,embedding,2,315.2076805830002
1025,3078,3.97082615677391e-08,100.0,1.0,0.001,NaN,NaN,NaN,transformer,embedding,2,315.0590850189328
1035,3108,3.565295259022605e-08,100.0,1.0,0.001,NaN,NaN,NaN,transformer,embedding,2,314.8283751606941
1039,3120,NaN,NaN,NaN,NaN,5.46852445602417,10.215054512023926,237.1100616455078,transformer,embedding,2,314.74282167851925
1045,3138,3.565295259022605e-08,100.0,1.0,0.001,NaN,NaN,NaN,transformer,embedding,2,314.62192425876856
1055,3168,2.724662984121551e-08,100.0,1.0,0.001,NaN,NaN,NaN,transformer,embedding,2,314.44210605323315
1059,3180,NaN,NaN,NaN,NaN,5.41626501083374,10.16504192352295,225.0370330810547,transformer,embedding,2,314.3781202286482
1065,3198,3.007689741707509e-08,100.0,1.0,0.001,NaN,NaN,NaN,transformer,embedding,2,314.29044557362795
1075,3228,2.8387184158873424e-08,100.0,1.0,0.001,NaN,NaN,NaN,transformer,embedding,2,314.16850213706493
1080,3243,NaN,NaN,NaN,NaN,5.371209144592285,10.190048217773438,215.12281799316406,transformer,embedding,2,314.1183827146888
1085,3258,2.864064185814641e-08,100.0,1.0,0.001,NaN,NaN,NaN,transformer,embedding,2,314.07513051480055
1095,3288,2.7331113372497384e-08,100.0,1.0,0.001,NaN,NaN,NaN,transformer,embedding,2,314.00975006073713
1101,3306,NaN,NaN,NaN,NaN,5.328827857971191,10.202550888061523,206.19613647460938,transformer,embedding,2,313.98283951729536
1105,3318,2.9443256721606303e-08,100.0,1.0,0.001,NaN,NaN,NaN,transformer,embedding,2,313.9694168791175
1116,3351,3.024586803235252e-08,100.0,1.0,0.001,NaN,NaN,NaN,transformer,embedding,2,313.95021598786116
1123,3372,NaN,NaN,NaN,NaN,5.2765703201293945,10.327582359313965,195.69754028320312,transformer,embedding,2,313.95009834319353
1127,3384,2.7542327529772592e-08,100.0,1.0,0.001,NaN,NaN,NaN,transformer,embedding,2,313.95419201254845
1138,3417,3.087951228053498e-08,100.0,1.0,0.001,NaN,NaN,NaN,transformer,embedding,2,313.97828294336796
1145,3438,NaN,NaN,NaN,NaN,5.247319221496582,10.327582359313965,190.05609130859375,transformer,embedding,2,314.00289116054773
1149,3450,2.999241388579321e-08,100.0,1.0,0.001,NaN,NaN,NaN,transformer,embedding,2,314.01908548921347
1160,3483,3.632883860404945e-08,100.0,1.0,0.001,NaN,NaN,NaN,transformer,embedding,2,314.0766479745507
1167,3504,NaN,NaN,NaN,NaN,5.219817638397217,10.315079689025879,184.9004669189453,transformer,embedding,2,314.1231554597616
1171,3516,3.3033895618928e-08,100.0,1.0,0.001,NaN,NaN,NaN,transformer,embedding,2,314.1505247429013
1182,3549,3.1724368909635814e-08,100.0,1.0,0.001,NaN,NaN,NaN,transformer,embedding,2,314.2376525849104
1190,3573,NaN,NaN,NaN,NaN,5.2035698890686035,10.390097618103027,181.92051696777344,transformer,embedding,2,314.31110168248415
1193,3582,3.1893339524913245e-08,100.0,1.0,0.001,NaN,NaN,NaN,transformer,embedding,2,314.33962201327085
1204,3615,2.3782716240816626e-08,100.0,1.0,0.001,NaN,NaN,NaN,transformer,embedding,2,314.4500610679388
1213,3642,NaN,NaN,NaN,NaN,5.1528706550598145,10.365091323852539,172.9272003173828,transformer,embedding,2,314.55405880510807
1216,3651,3.227352607382272e-08,100.0,1.0,0.001,NaN,NaN,NaN,transformer,embedding,2,314.59137477725744
1228,3687,3.658229275060876e-08,100.0,1.0,0.001,NaN,NaN,NaN,transformer,embedding,2,314.7449371293187
1237,3714,NaN,NaN,NaN,NaN,5.151594161987305,10.540135383605957,172.7065887451172,transformer,embedding,2,314.8726483285427
1240,3723,2.6444014977755614e-08,100.0,1.0,0.001,NaN,NaN,NaN,transformer,embedding,2,314.91439382731915
1252,3759,3.6075380904776466e-08,100.0,1.0,0.001,NaN,NaN,NaN,transformer,embedding,2,315.10297448933125
1261,3786,NaN,NaN,NaN,NaN,5.144669055938721,10.49012279510498,171.51470947265625,transformer,embedding,2,315.2513147518039
1264,3795,3.425893879693831e-08,100.0,1.0,0.001,NaN,NaN,NaN,transformer,embedding,2,315.30321388691664
1276,3831,3.366753986711046e-08,100.0,1.0,0.001,NaN,NaN,NaN,transformer,embedding,2,315.5148884356022
1286,3861,NaN,NaN,NaN,NaN,5.10813570022583,10.302576065063477,165.36178588867188,transformer,embedding,2,315.7072008997202
1288,3867,3.159764005999932e-08,100.0,1.0,0.001,NaN,NaN,NaN,transformer,embedding,2,315.74478812515736
1300,3903,3.721593699879122e-08,100.0,1.0,0.001,NaN,NaN,NaN,transformer,embedding,2,315.9928721934557
1311,3936,NaN,NaN,NaN,NaN,5.100645065307617,10.502626419067383,164.12774658203125,transformer,embedding,2,316.22887030243874
1313,3942,3.054157104998012e-08,100.0,1.0,0.001,NaN,NaN,NaN,transformer,embedding,2,316.27403857558966
1326,3981,3.3033895618928e-08,100.0,1.0,0.001,NaN,NaN,NaN,transformer,embedding,2,316.5712245926261
1337,4014,NaN,NaN,NaN,NaN,5.086923599243164,10.590147972106934,161.89105224609375,transformer,embedding,2,316.836038634181
1339,4020,3.476585419548428e-08,100.0,1.0,0.001,NaN,NaN,NaN,transformer,embedding,2,316.88560692965984
1352,4059,3.286492500365057e-08,100.0,1.0,0.001,NaN,NaN,NaN,transformer,embedding,2,317.21651112288237
1363,4092,NaN,NaN,NaN,NaN,5.076852321624756,10.540135383605957,160.26878356933594,transformer,embedding,2,317.5144624337554
1365,4098,3.5399494890953065e-08,100.0,1.0,0.001,NaN,NaN,NaN,transformer,embedding,2,317.56919426470995
1378,4137,3.447015117785668e-08,100.0,1.0,0.001,NaN,NaN,NaN,transformer,embedding,2,317.93282156437635
1390,4173,NaN,NaN,NaN,NaN,5.083812713623047,10.502626419067383,161.38821411132812,transformer,embedding,2,318.29001884162426
1391,4176,3.176661067527675e-08,100.0,1.0,0.001,NaN,NaN,NaN,transformer,embedding,2,318.3184803724289
1404,4215,3.725817876443216e-08,100.0,1.0,0.001,NaN,NaN,NaN,transformer,embedding,2,318.71752063930035
1417,4254,NaN,NaN,NaN,NaN,5.088670253753662,10.665166854858398,162.174072265625,transformer,embedding,2,319.13195322453976
1418,4257,4.0679850599190104e-08,100.0,1.0,0.001,NaN,NaN,NaN,transformer,embedding,2,319.16678584367037
1432,4299,3.7511636463705145e-08,100.0,1.0,0.001,NaN,NaN,NaN,transformer,embedding,2,319.6269844099879
1445,4338,NaN,NaN,NaN,NaN,5.063539028167725,10.64016056060791,158.1492156982422,transformer,embedding,2,320.0680341422558
1446,4341,3.725818231714584e-08,100.0,1.0,0.001,NaN,NaN,NaN,transformer,embedding,2,320.1037944108248
1460,4383,3.5948652055139974e-08,100.0,1.0,0.001,NaN,NaN,NaN,transformer,embedding,2,320.61212135106325
1473,4422,NaN,NaN,NaN,NaN,5.01617431640625,10.627656936645508,150.83316040039062,transformer,embedding,2,321.0877846851945
1474,4425,3.9581536270816287e-08,100.0,1.0,0.001,NaN,NaN,NaN,transformer,embedding,2,321.12449891120195
1488,4467,3.252698377309571e-08,100.0,1.0,0.001,NaN,NaN,NaN,transformer,embedding,2,321.6486474722624
1502,4509,3.5441736656594e-08,100.0,1.0,0.001,5.00706672668457,10.477620124816895,149.46566772460938,transformer,embedding,2,322.20916986465454
1517,4554,3.1724368909635814e-08,100.0,1.0,0.001,NaN,NaN,NaN,transformer,embedding,2,322.8123604133725
1532,4599,3.738491116678233e-08,100.0,1.0,0.001,5.027477741241455,10.690173149108887,152.54776000976562,transformer,embedding,2,323.44006872177124
1547,4644,3.903237910662938e-08,100.0,1.0,0.001,NaN,NaN,NaN,transformer,embedding,2,324.07936307787895
1562,4689,3.9074620872270316e-08,100.0,1.0,0.001,4.980820178985596,10.515129089355469,145.59375,transformer,embedding,2,324.72871543467045
1577,4734,3.6793508684240805e-08,100.0,1.0,0.001,NaN,NaN,NaN,transformer,embedding,2,325.4004385471344
1592,4779,3.882116317299733e-08,100.0,1.0,0.001,NaN,NaN,NaN,transformer,embedding,2,326.0459328144789
1593,4782,NaN,NaN,NaN,NaN,5.008692741394043,10.465116500854492,149.70889282226562,transformer,embedding,2,326.09333842247725
1607,4824,3.324511155256005e-08,100.0,1.0,0.001,NaN,NaN,NaN,transformer,embedding,2,326.7791111469269
1623,4872,4.422824773087086e-08,100.0,1.0,0.001,NaN,NaN,NaN,transformer,embedding,2,327.4732892215252
1624,4875,NaN,NaN,NaN,NaN,5.015475273132324,10.49012279510498,150.72775268554688,transformer,embedding,2,327.51840333640575
1639,4920,4.397479003159788e-08,100.0,1.0,0.001,NaN,NaN,NaN,transformer,embedding,2,328.22889379411936
1655,4968,7.827590309261723e-08,100.0,1.0000001192092896,0.001,NaN,NaN,NaN,transformer,embedding,2,329.0877173319459
1656,4971,NaN,NaN,NaN,NaN,6.427519798278809,2.7131783962249756,618.6376953125,transformer,embedding,2,329.3176002651453
1671,5016,0.003574572503566742,100.0,1.003580927848816,0.001,NaN,NaN,NaN,transformer,embedding,2,334.08102579414845
1687,5064,0.0002106429892592132,100.0,1.0002106428146362,0.001,NaN,NaN,NaN,transformer,embedding,2,333.5937568321824
1689,5070,NaN,NaN,NaN,NaN,6.611155033111572,7.189297676086426,743.3411254882812,transformer,embedding,2,333.49821446835995
1703,5112,0.00012318789958953857,100.0,1.000123143196106,0.001,NaN,NaN,NaN,transformer,embedding,2,332.82139413803816
1720,5163,7.970032311277464e-05,100.0,1.0000797510147095,0.001,NaN,NaN,NaN,transformer,embedding,2,332.00152668356895
1722,5169,NaN,NaN,NaN,NaN,6.786828994750977,7.351838111877441,886.0993041992188,transformer,embedding,2,331.90550703555346
1737,5214,5.117688488098793e-05,100.0,1.0000511407852173,0.001,NaN,NaN,NaN,transformer,embedding,2,331.1879695132375
1754,5265,3.2058233045972884e-05,100.0,1.0000320672988892,0.001,NaN,NaN,NaN,transformer,embedding,2,330.38019022345543
1756,5271,NaN,NaN,NaN,NaN,7.040809631347656,7.489372730255127,1142.3121337890625,transformer,embedding,2,330.2854950129986
1771,5316,1.961159796337597e-05,100.0,1.0000196695327759,0.001,NaN,NaN,NaN,transformer,embedding,2,329.57701171189547
1788,5367,1.1827568414446432e-05,100.0,1.0000118017196655,0.001,NaN,NaN,NaN,transformer,embedding,2,328.7778061851859
1791,5376,NaN,NaN,NaN,NaN,7.354918003082275,7.751938343048096,1563.8687744140625,transformer,embedding,2,328.6371160298586
1805,5418,7.085811375873163e-06,100.0,1.0000070333480835,0.001,NaN,NaN,NaN,transformer,embedding,2,327.98215982317924
1823,5472,4.134562914259732e-06,100.0,1.0000041723251343,0.001,NaN,NaN,NaN,transformer,embedding,2,327.14348597079515
1826,5481,NaN,NaN,NaN,NaN,7.666864395141602,7.876969814300537,2136.3720703125,transformer,embedding,2,327.0040989741683
1841,5526,2.439342551951995e-06,100.0,1.000002384185791,0.001,NaN,NaN,NaN,transformer,embedding,2,326.3087113946676
1859,5580,1.4538683217324433e-06,100.0,1.0000014305114746,0.001,NaN,NaN,NaN,transformer,embedding,2,325.4789210706949
1862,5589,NaN,NaN,NaN,NaN,7.935486793518066,8.039510726928711,2794.71875,transformer,embedding,2,325.3412050381303
1877,5634,8.858312980919436e-07,100.0,1.0000008344650269,0.001,NaN,NaN,NaN,transformer,embedding,2,324.6553374007344
1895,5688,5.468332346936222e-07,100.0,1.0000005960464478,0.001,NaN,NaN,NaN,transformer,embedding,2,323.8384637013078
1899,5700,NaN,NaN,NaN,NaN,8.124101638793945,8.064516067504883,3374.834716796875,transformer,embedding,2,323.65803587436676
1913,5742,3.4178671626250434e-07,100.0,1.0000003576278687,0.001,NaN,NaN,NaN,transformer,embedding,2,323.02958266437054
1932,5799,2.13875466670288e-07,100.0,1.000000238418579,0.001,NaN,NaN,NaN,transformer,embedding,2,322.1864149644971
1936,5811,NaN,NaN,NaN,NaN,8.177289009094238,8.35208797454834,3559.192626953125,transformer,embedding,2,322.0106996074319
1951,5856,1.4780766832700465e-07,100.0,1.0000001192092896,0.001,NaN,NaN,NaN,transformer,embedding,2,321.35917354375124
1970,5913,1.2161711993030622e-07,100.0,1.0000001192092896,0.001,NaN,NaN,NaN,transformer,embedding,2,320.5632107183337
1974,5925,NaN,NaN,NaN,NaN,7.849510669708252,8.789697647094727,2564.479248046875,transformer,embedding,2,320.4015399441123
1989,5970,1.0497344504756256e-07,100.0,1.0000001192092896,0.001,NaN,NaN,NaN,transformer,embedding,2,319.8190083280206
2008,6027,9.023069935665262e-08,100.0,1.0000001192092896,0.001,NaN,NaN,NaN,transformer,embedding,2,319.1566704586148
2013,6042,NaN,NaN,NaN,NaN,7.132660865783691,9.102275848388672,1252.2044677734375,transformer,embedding,2,319.00073739141226
2028,6087,8.313389798786375e-08,100.0,1.0000001192092896,0.001,NaN,NaN,NaN,transformer,embedding,2,318.5884471833706
2048,6147,7.079898978190613e-08,100.0,1.0000001192092896,0.001,NaN,NaN,NaN,transformer,embedding,2,318.201878413558
2053,6162,NaN,NaN,NaN,NaN,6.294797420501709,9.62740707397461,541.74609375,transformer,embedding,2,318.1408941298723
2068,6207,6.201247515491559e-08,100.0,1.0000001192092896,0.001,NaN,NaN,NaN,transformer,embedding,2,318.0541502684355
2088,6267,5.8802022806503373e-08,100.0,1.0,0.001,NaN,NaN,NaN,transformer,embedding,2,318.1797441393137
2094,6285,NaN,NaN,NaN,NaN,5.633494853973389,10.140035629272461,279.6376953125,transformer,embedding,2,318.2715804874897
2108,6327,5.0649159533122656e-08,100.0,1.0,0.001,NaN,NaN,NaN,transformer,embedding,2,318.5802603214979
2129,6390,4.422824773087086e-08,100.0,1.0,0.001,NaN,NaN,NaN,transformer,embedding,2,319.26431027054787
2135,6408,NaN,NaN,NaN,NaN,5.370033264160156,10.2525634765625,214.87001037597656,transformer,embedding,2,319.50909781455994
2150,6453,4.5073100807258015e-08,100.0,1.0,0.001,NaN,NaN,NaN,transformer,embedding,2,320.1686114370823
2171,6516,4.739646186635582e-08,100.0,1.0,0.001,NaN,NaN,NaN,transformer,embedding,2,321.2292483448982
2177,6534,NaN,NaN,NaN,NaN,5.315209865570068,10.540135383605957,203.40719604492188,transformer,embedding,2,321.5562442392111
2192,6579,4.4354976580507355e-08,100.0,1.0,0.001,NaN,NaN,NaN,transformer,embedding,2,322.38906060904264
2213,6642,4.625590221962739e-08,100.0,1.0,0.001,NaN,NaN,NaN,transformer,embedding,2,323.6021883934736
2220,6663,NaN,NaN,NaN,NaN,5.191679000854492,10.565141677856445,179.7701416015625,transformer,embedding,2,323.9993106126785
2235,6708,4.236956385739177e-08,100.0,1.0,0.001,NaN,NaN,NaN,transformer,embedding,2,324.8174468129873
2257,6774,4.055312174955361e-08,100.0,1.0,0.001,NaN,NaN,NaN,transformer,embedding,2,326.0993376597762
2264,6795,NaN,NaN,NaN,NaN,5.120427131652832,10.49012279510498,167.4068603515625,transformer,embedding,2,326.3834129497409
2279,6840,0.3690529763698578,85.68391418457031,1.4463642835617065,0.001,NaN,NaN,NaN,transformer,embedding,2,327.3232976272702
2301,6906,0.00017875665798783302,100.0,1.0001788139343262,0.001,NaN,NaN,NaN,transformer,embedding,2,332.0280394628644
2309,6930,NaN,NaN,NaN,NaN,7.0277204513549805,7.114278793334961,1127.4576416015625,transformer,embedding,2,331.6607210636139
2324,6975,5.9475489251781255e-05,100.0,1.0000594854354858,0.001,NaN,NaN,NaN,transformer,embedding,2,330.9337782561779
2347,7044,3.420884604565799e-05,100.0,1.000034213066101,0.001,NaN,NaN,NaN,transformer,embedding,2,329.82192599773407
2355,7068,NaN,NaN,NaN,NaN,7.161813259124756,7.514379024505615,1289.24658203125,transformer,embedding,2,329.43765135109425
2370,7113,1.965945921256207e-05,100.0,1.0000196695327759,0.001,NaN,NaN,NaN,transformer,embedding,2,328.72085244208574
2393,7182,1.0920241038547829e-05,100.0,1.0000109672546387,0.001,NaN,NaN,NaN,transformer,embedding,2,327.63072568923235
2402,7209,NaN,NaN,NaN,NaN,7.4101457595825195,7.701925754547119,1652.667236328125,transformer,embedding,2,327.2070777490735
2416,7251,5.846629846928408e-06,100.0,1.000005841255188,0.001,NaN,NaN,NaN,transformer,embedding,2,326.5511665046215
2440,7323,2.964923396575614e-06,100.0,1.0000029802322388,0.001,NaN,NaN,NaN,transformer,embedding,2,325.43451921641827
2450,7353,NaN,NaN,NaN,NaN,7.7625346183776855,7.789447784423828,2350.85546875,transformer,embedding,2,324.9719744697213
2464,7395,1.4826362075837096e-06,100.0,1.0000014305114746,0.001,NaN,NaN,NaN,transformer,embedding,2,324.3270295485854
2488,7467,7.45881266084325e-07,100.0,1.0000007152557373,0.001,NaN,NaN,NaN,transformer,embedding,2,323.2298445031047
2498,7497,NaN,NaN,NaN,NaN,8.120258331298828,8.00200080871582,3361.88916015625,transformer,embedding,2,322.7765497341752
2512,7539,3.795518068727688e-07,100.0,1.0000003576278687,0.001,NaN,NaN,NaN,transformer,embedding,2,322.14642126113176
2537,7614,1.9406357409934571e-07,100.0,1.000000238418579,0.001,NaN,NaN,NaN,transformer,embedding,2,321.03658970445395
2547,7644,NaN,NaN,NaN,NaN,8.33680248260498,8.2395601272583,4174.7197265625,transformer,embedding,2,320.6008976921439
2562,7689,1.2448963104816357e-07,100.0,1.0000001192092896,0.001,NaN,NaN,NaN,transformer,embedding,2,319.9634983316064
2587,7764,1.0197420152735504e-07,100.0,1.0000001192092896,0.001,NaN,NaN,NaN,transformer,embedding,2,318.97509311139584
2597,7794,NaN,NaN,NaN,NaN,7.792889595031738,8.552138328552246,2423.309814453125,transformer,embedding,2,318.6177127510309
2612,7839,8.824528663353703e-08,100.0,1.0000001192092896,0.001,NaN,NaN,NaN,transformer,embedding,2,318.14076180011034
2638,7917,8.165540066329413e-08,100.0,1.0000001192092896,0.001,NaN,NaN,NaN,transformer,embedding,2,317.534196190536
2648,7947,NaN,NaN,NaN,NaN,6.641544818878174,9.402351379394531,766.27783203125,transformer,embedding,2,317.39597633481026
2664,7995,6.906703475806353e-08,100.0,1.0000001192092896,0.001,NaN,NaN,NaN,transformer,embedding,2,317.30494800955057
2690,8073,5.288802995551123e-08,100.0,1.0,0.001,NaN,NaN,NaN,transformer,embedding,2,317.51655204594135
2700,8103,NaN,NaN,NaN,NaN,5.738779067993164,10.01500415802002,310.6848449707031,transformer,embedding,2,317.7242493480444
2716,8151,6.218145642833406e-08,100.0,1.0000001192092896,0.001,NaN,NaN,NaN,transformer,embedding,2,318.1427903175354
2743,8232,4.9424116355112346e-08,100.0,1.0,0.001,NaN,NaN,NaN,transformer,embedding,2,319.0249350592494
2753,8262,NaN,NaN,NaN,NaN,5.363726615905762,10.302576065063477,213.5191650390625,transformer,embedding,2,319.4878845959902
2770,8313,5.111382961331401e-08,100.0,1.0,0.001,NaN,NaN,NaN,transformer,embedding,2,320.43744668364525
2797,8394,4.515759144396725e-08,100.0,1.0,0.001,NaN,NaN,NaN,transformer,embedding,2,321.80913915485144
2808,8427,NaN,NaN,NaN,NaN,5.220925331115723,10.440110206604004,185.1053924560547,transformer,embedding,2,322.5136180743575
2824,8475,4.634038930362294e-08,100.0,1.0,0.001,NaN,NaN,NaN,transformer,embedding,2,323.4815953746438
2852,8559,4.5580019758517665e-08,100.0,1.0,0.001,NaN,NaN,NaN,transformer,embedding,2,324.9624513834715
2864,8595,NaN,NaN,NaN,NaN,5.12744140625,10.440110206604004,168.58522033691406,transformer,embedding,2,325.49557607620955
2880,8643,4.862150504436613e-08,100.0,1.0,0.001,NaN,NaN,NaN,transformer,embedding,2,326.30714796483517
2908,8727,0.46907076239585876,84.47909545898438,1.5985081195831299,0.001,NaN,NaN,NaN,transformer,embedding,2,328.8949666619301
2921,8766,NaN,NaN,NaN,NaN,7.818626403808594,7.43936014175415,2486.487548828125,transformer,embedding,2,332.33028338849545
2937,8814,4.3043994082836434e-05,100.0,1.0000430345535278,0.001,NaN,NaN,NaN,transformer,embedding,2,331.71113054454327
2966,8901,1.702060762909241e-05,100.0,1.0000170469284058,0.001,NaN,NaN,NaN,transformer,embedding,2,330.2934067249298
2979,8940,NaN,NaN,NaN,NaN,8.118651390075684,7.901975631713867,3356.4912109375,transformer,embedding,2,329.66047067940235
2995,8988,8.078371138253715e-06,100.0,1.0000081062316895,0.001,NaN,NaN,NaN,transformer,embedding,2,328.88483223319054
3024,9075,3.7659456211258657e-06,100.0,1.0000038146972656,0.001,NaN,NaN,NaN,transformer,embedding,2,327.48834362626076
3038,9117,NaN,NaN,NaN,NaN,8.354694366455078,8.189547538757324,4250.08544921875,transformer,embedding,2,326.81831043958664
3054,9165,1.6648671135044424e-06,100.0,1.0000016689300537,0.001,NaN,NaN,NaN,transformer,embedding,2,326.05602802336216
3084,9255,7.245481583595392e-07,100.0,1.0000007152557373,0.001,NaN,NaN,NaN,transformer,embedding,2,324.6367945969105
3098,9297,NaN,NaN,NaN,NaN,8.676309585571289,8.30207633972168,5862.3720703125,transformer,embedding,2,323.9793509840965
3114,9345,3.13483980107776e-07,100.0,1.0000003576278687,0.001,NaN,NaN,NaN,transformer,embedding,2,323.23254972696304
3145,9438,1.3555725786318362e-07,100.0,1.0000001192092896,0.001,NaN,NaN,NaN,transformer,embedding,2,321.8039423972368
3159,9480,NaN,NaN,NaN,NaN,8.829418182373047,8.50212574005127,6832.310546875,transformer,embedding,2,321.17171113193035
3176,9531,8.887892022357846e-08,100.0,1.0000001192092896,0.001,NaN,NaN,NaN,transformer,embedding,2,320.42563942074776
3207,9624,7.857167361180473e-08,100.0,1.0000001192092896,0.001,NaN,NaN,NaN,transformer,embedding,2,319.1702435016632
3222,9669,NaN,NaN,NaN,NaN,7.702043056488037,9.189798355102539,2212.864501953125,transformer,embedding,2,318.6416501402855
3239,9720,7.16860881766479e-08,100.0,1.0000001192092896,0.001,NaN,NaN,NaN,transformer,embedding,2,318.1399479955435
3271,9816,6.99541331528053e-08,100.0,1.0000001192092896,0.001,NaN,NaN,NaN,transformer,embedding,2,317.6254019290209
3286,9861,NaN,NaN,NaN,NaN,5.997495651245117,10.377594947814941,402.41973876953125,transformer,embedding,2,317.64221584796906
3303,9912,6.885581882443148e-08,100.0,1.0000001192092896,0.001,NaN,NaN,NaN,transformer,embedding,2,317.87960483133793
3336,10011,5.461998497935383e-08,100.0,1.0,0.001,NaN,NaN,NaN,transformer,embedding,2,318.9805784523487
3351,10056,NaN,NaN,NaN,NaN,5.3144965171813965,10.465116500854492,203.26214599609375,transformer,embedding,2,319.5703545361757
3369,10110,4.781889018090624e-08,100.0,1.0,0.001,NaN,NaN,NaN,transformer,embedding,2,320.6485251635313
3402,10209,4.532656205924468e-08,100.0,1.0,0.001,NaN,NaN,NaN,transformer,embedding,2,322.834694519639
3418,10257,NaN,NaN,NaN,NaN,5.143668174743652,10.515129089355469,171.3431396484375,transformer,embedding,2,323.6505209207535
3436,10311,4.6298147537982004e-08,100.0,1.0,0.001,NaN,NaN,NaN,transformer,embedding,2,324.72239224612713
3470,10413,3.8356496645519655e-08,100.0,1.0,0.001,NaN,NaN,NaN,transformer,embedding,2,326.98083463311195
3486,10461,NaN,NaN,NaN,NaN,5.091431617736816,10.64016056060791,162.6225128173828,transformer,embedding,2,327.8336296528578
3504,10515,5.6985584251378896e-08,100.0,1.0,0.001,NaN,NaN,NaN,transformer,embedding,2,329.1355338692665
3539,10620,3.991947750137115e-08,100.0,1.0,0.001,NaN,NaN,NaN,transformer,embedding,2,331.3763016015291
3555,10668,NaN,NaN,NaN,NaN,5.057981967926025,10.627656936645508,157.27281188964844,transformer,embedding,2,332.1633338332176
3574,10725,5.195868624241484e-08,100.0,1.0,0.001,NaN,NaN,NaN,transformer,embedding,2,333.1534754484892
3609,10830,3.814528071188761e-08,100.0,1.0,0.001,NaN,NaN,NaN,transformer,embedding,2,335.54450909793377
3626,10881,NaN,NaN,NaN,NaN,5.01231050491333,10.715179443359375,150.25149536132812,transformer,embedding,2,336.6442431509495
3645,10938,4.8368047345093146e-08,100.0,1.0,0.001,NaN,NaN,NaN,transformer,embedding,2,337.9138200879097
3681,11046,4.165143607792743e-08,100.0,1.0,0.001,NaN,NaN,NaN,transformer,embedding,2,339.4938628524542
3698,11097,NaN,NaN,NaN,NaN,4.975518703460693,10.827707290649414,144.8239288330078,transformer,embedding,2,340.5586789995432
3717,11154,3.831425132716504e-08,100.0,1.0,0.001,NaN,NaN,NaN,transformer,embedding,2,341.58958615362644
3754,11265,7.550952432211488e-05,100.0,1.0000754594802856,0.001,NaN,NaN,NaN,transformer,embedding,2,347.0310333818197
3771,11316,NaN,NaN,NaN,NaN,8.257060050964355,7.189297676086426,3854.74462890625,transformer,embedding,2,346.16166496276855
3791,11376,2.602217864478007e-05,100.0,1.000025987625122,0.001,NaN,NaN,NaN,transformer,embedding,2,345.1416168361902
3828,11487,1.0507297702133656e-05,100.0,1.0000104904174805,0.001,NaN,NaN,NaN,transformer,embedding,2,343.27454259991646
3846,11541,NaN,NaN,NaN,NaN,8.516317367553711,7.58939790725708,4995.62255859375,transformer,embedding,2,342.37569892406464
3866,11601,3.7811557831446407e-06,100.0,1.0000038146972656,0.001,NaN,NaN,NaN,transformer,embedding,2,341.38387398421764
3904,11715,1.2566783880174626e-06,100.0,1.000001311302185,0.001,NaN,NaN,NaN,transformer,embedding,2,339.51664966344833
3922,11769,NaN,NaN,NaN,NaN,9.06378173828125,8.014503479003906,8636.7509765625,transformer,embedding,2,338.63917526602745
3943,11832,3.865217763632245e-07,100.0,1.0000003576278687,0.001,NaN,NaN,NaN,transformer,embedding,2,337.6204035580158
3982,11949,1.312907187411838e-07,100.0,1.0000001192092896,0.001,NaN,NaN,NaN,transformer,embedding,2,335.74403420090675
4000,12003,NaN,NaN,NaN,NaN,9.318281173706055,8.364591598510742,11139.818359375,transformer,embedding,2,334.89266857504845
4021,12066,9.622917929164032e-08,100.0,1.0000001192092896,0.001,NaN,NaN,NaN,transformer,embedding,2,333.9272757321596
4061,12186,8.051483746385202e-08,100.0,1.0000001192092896,0.001,NaN,NaN,NaN,transformer,embedding,2,332.2134989798069
4079,12240,NaN,NaN,NaN,NaN,7.34975004196167,9.302326202392578,1555.8076171875,transformer,embedding,2,331.5268840789795
4101,12306,6.64902231051201e-08,100.0,1.0000001192092896,0.001,NaN,NaN,NaN,transformer,embedding,2,330.8133302927017
4142,12429,6.061846846705521e-08,100.0,1.0000001192092896,0.001,NaN,NaN,NaN,transformer,embedding,2,330.1002848595381
4160,12483,NaN,NaN,NaN,NaN,5.545144557952881,10.415103912353516,255.9915771484375,transformer,embedding,2,330.59452171623707
4183,12552,0.018626581877470016,99.1495361328125,1.0188010931015015,0.001,NaN,NaN,NaN,transformer,embedding,2,337.5167932808399
4224,12675,9.410045458935201e-05,100.0,1.0000940561294556,0.001,NaN,NaN,NaN,transformer,embedding,2,336.824893027544
4243,12732,NaN,NaN,NaN,NaN,7.414675712585449,7.351838111877441,1660.170654296875,transformer,embedding,2,335.9003160446882
4266,12801,3.0771043384447694e-05,100.0,1.000030755996704,0.001,NaN,NaN,NaN,transformer,embedding,2,334.7909200489521
4308,12927,8.861648893798701e-06,100.0,1.0000088214874268,0.001,NaN,NaN,NaN,transformer,embedding,2,332.7881938666105
4327,12984,NaN,NaN,NaN,NaN,8.007434844970703,7.851963520050049,3003.20361328125,transformer,embedding,2,331.88773891329765
4351,13056,2.168146238545887e-06,100.0,1.000002145767212,0.001,NaN,NaN,NaN,transformer,embedding,2,330.7523387372494
4394,13185,5.18910667324235e-07,100.0,1.0000004768371582,0.001,NaN,NaN,NaN,transformer,embedding,2,328.720730394125
4413,13242,NaN,NaN,NaN,NaN,8.947510719299316,8.289572715759277,7688.728515625,transformer,embedding,2,327.8248995244503
4437,13314,1.5139831077704002e-07,100.0,1.0000001192092896,0.001,NaN,NaN,NaN,transformer,embedding,2,326.6988816410303
4481,13446,9.935514810877066e-08,100.0,1.0000001192092896,0.001,NaN,NaN,NaN,transformer,embedding,2,324.6859785169363
4501,13506,NaN,NaN,NaN,NaN,8.491360664367676,8.952239036560059,4872.4912109375,transformer,embedding,2,323.8144671320915
4525,13578,7.269991897373984e-08,100.0,1.0000001192092896,0.001,NaN,NaN,NaN,transformer,embedding,2,322.8286996781826
4570,13713,7.181282057899807e-08,100.0,1.0000001192092896,0.001,NaN,NaN,NaN,transformer,embedding,2,321.32873590290546
4591,13776,NaN,NaN,NaN,NaN,6.095513820648193,10.40260124206543,443.862060546875,transformer,embedding,2,320.89004968106747
4615,13848,5.8590813978298684e-08,100.0,1.0,0.001,NaN,NaN,NaN,transformer,embedding,2,320.68899261951447
4661,13986,6.82643914728942e-08,100.0,1.0000001192092896,0.001,NaN,NaN,NaN,transformer,embedding,2,321.6801737546921
4682,14049,NaN,NaN,NaN,NaN,7.97221040725708,7.476869583129883,2899.2587890625,transformer,embedding,2,325.95095475018024
4707,14124,1.6893769497983158e-05,100.0,1.0000169277191162,0.001,NaN,NaN,NaN,transformer,embedding,2,324.78471702337265
4754,14265,5.493835487868637e-06,100.0,1.0000054836273193,0.001,NaN,NaN,NaN,transformer,embedding,2,322.53714077174664
4775,14328,NaN,NaN,NaN,NaN,8.151142120361328,8.039510726928711,3467.3369140625,transformer,embedding,2,321.5444782078266
4801,14406,1.6769497506174957e-06,100.0,1.0000016689300537,0.001,NaN,NaN,NaN,transformer,embedding,2,320.32560274004936
4849,14550,4.4333842197374906e-07,100.0,1.0000004768371582,0.001,NaN,NaN,NaN,transformer,embedding,2,318.10564337670803
4870,14613,NaN,NaN,NaN,NaN,8.554625511169434,8.73968505859375,5190.70849609375,transformer,embedding,2,317.14781810343266
4897,14694,1.2144815286774246e-07,100.0,1.0000001192092896,0.001,NaN,NaN,NaN,transformer,embedding,2,315.93352097272873
4945,14838,8.549950081260249e-08,100.0,1.0000001192092896,0.001,NaN,NaN,NaN,transformer,embedding,2,313.9112294614315
4967,14904,NaN,NaN,NaN,NaN,7.485707759857178,9.62740707397461,1782.38525390625,transformer,embedding,2,313.12056133151054
4994,14985,6.746180503114374e-08,100.0,1.0000001192092896,0.001,NaN,NaN,NaN,transformer,embedding,2,312.4245730638504
5043,15132,6.526518347982346e-08,100.0,1.0000001192092896,0.001,NaN,NaN,NaN,transformer,embedding,2,312.6030255705118
5066,15201,NaN,NaN,NaN,NaN,5.45693302154541,10.99024772644043,234.3774871826172,transformer,embedding,2,313.4001640379429
5093,15282,5.601399521992789e-08,100.0,1.0,0.001,NaN,NaN,NaN,transformer,embedding,2,314.9151888936758
5143,15432,0.0001123158072005026,100.0,1.0001122951507568,0.001,NaN,NaN,NaN,transformer,embedding,2,323.1143871694803
5167,15504,NaN,NaN,NaN,NaN,8.356619834899902,7.414353847503662,4258.27685546875,transformer,embedding,2,322.04821069538593
5194,15585,9.93798312265426e-06,100.0,1.0000098943710327,0.001,NaN,NaN,NaN,transformer,embedding,2,320.7698960751295
5245,15738,2.712437435548054e-06,100.0,1.0000027418136597,0.001,NaN,NaN,NaN,transformer,embedding,2,318.38871732354164
5270,15813,NaN,NaN,NaN,NaN,8.613625526428223,8.014504432678223,5506.17529296875,transformer,embedding,2,317.2364484965801
5297,15894,6.254892923607258e-07,100.0,1.0000005960464478,0.001,NaN,NaN,NaN,transformer,embedding,2,316.0016554147005
5349,16050,1.3661332332048914e-07,100.0,1.0000001192092896,0.001,NaN,NaN,NaN,transformer,embedding,2,313.64799143373966
5375,16128,NaN,NaN,NaN,NaN,8.829020500183105,8.689672470092773,6829.59375,transformer,embedding,2,312.4961172491312
5402,16209,8.02191379989381e-08,100.0,1.0000001192092896,0.001,NaN,NaN,NaN,transformer,embedding,2,311.3531484603882
5456,16371,7.633280318941615e-08,100.0,1.0000001192092896,0.001,NaN,NaN,NaN,transformer,embedding,2,309.77937449514866
5482,16449,NaN,NaN,NaN,NaN,6.081874370574951,10.327582359313965,437.84912109375,transformer,embedding,2,309.7084651440382
5510,16533,6.644798133947916e-08,100.0,1.0000001192092896,0.001,NaN,NaN,NaN,transformer,embedding,2,310.3172774910927
5565,16698,3.831425132716504e-08,100.0,1.0,0.001,NaN,NaN,NaN,transformer,embedding,2,313.2641453742981
5591,16776,NaN,NaN,NaN,NaN,5.324533462524414,10.99024772644043,205.3125457763672,transformer,embedding,2,315.28699965775013
5620,16863,0.0006780225085094571,100.0,1.000678300857544,0.001,NaN,NaN,NaN,transformer,embedding,2,321.63270626962185
5676,17031,4.846654974244302e-06,100.0,1.0000048875808716,0.001,NaN,NaN,NaN,transformer,embedding,2,319.0871422290802
5702,17109,NaN,NaN,NaN,NaN,8.550485610961914,7.801950931549072,5169.26416015625,transformer,embedding,2,317.8625597655773
5732,17199,1.3702659771297476e-06,100.0,1.000001311302185,0.001,NaN,NaN,NaN,transformer,embedding,2,316.4641972929239
5789,17370,3.019093810507911e-07,100.0,1.0000003576278687,0.001,NaN,NaN,NaN,transformer,embedding,2,313.8529508858919
5816,17451,NaN,NaN,NaN,NaN,8.85927963256836,8.38959789276123,7039.41015625,transformer,embedding,2,312.63743275403976
5846,17541,9.107554177489874e-08,100.0,1.0000001192092896,0.001,NaN,NaN,NaN,transformer,embedding,2,311.31356720626354
5904,17715,7.802251644761782e-08,100.0,1.0000001192092896,0.001,NaN,NaN,NaN,transformer,embedding,2,309.04218021035194
5932,17799,NaN,NaN,NaN,NaN,6.505271911621094,9.977495193481445,668.657470703125,transformer,embedding,2,308.61668211221695
5963,17892,6.298407129179395e-08,100.0,1.0000001192092896,0.001,NaN,NaN,NaN,transformer,embedding,2,308.85738445818424
6022,18069,5.1198313144595886e-08,100.0,1.0,0.001,NaN,NaN,NaN,transformer,embedding,2,311.4364882260561
6050,18153,NaN,NaN,NaN,NaN,5.816928863525391,5.763941287994385,335.9387512207031,transformer,embedding,2,317.7538126409054
6082,18249,4.345761044532992e-05,100.0,1.000043511390686,0.001,NaN,NaN,NaN,transformer,embedding,2,321.1138060092926
6142,18429,9.365400728711393e-06,100.0,1.0000094175338745,0.001,NaN,NaN,NaN,transformer,embedding,2,318.30879971385
6170,18513,NaN,NaN,NaN,NaN,8.67551040649414,7.514379024505615,5857.68896484375,transformer,embedding,2,317.02084681391716
6203,18612,1.5724417607998475e-06,100.0,1.0000015497207642,0.001,NaN,NaN,NaN,transformer,embedding,2,315.51536460220814
6265,18798,2.428962773137755e-07,100.0,1.000000238418579,0.001,NaN,NaN,NaN,transformer,embedding,2,312.7148797661066
6293,18882,NaN,NaN,NaN,NaN,9.561574935913086,8.077019691467285,14208.2060546875,transformer,embedding,2,311.4672262817621
6327,18984,1.0683213247375534e-07,100.0,1.0000001192092896,0.001,NaN,NaN,NaN,transformer,embedding,2,309.9977118819952
6390,19173,8.81607959968278e-08,100.0,1.0000001192092896,0.001,NaN,NaN,NaN,transformer,embedding,2,307.68028800189495
6418,19257,NaN,NaN,NaN,NaN,6.446700096130371,10.065016746520996,630.6178588867188,transformer,embedding,2,307.2888103276491
6453,19362,9.487740015856616e-08,100.0,1.0000001192092896,0.001,NaN,NaN,NaN,transformer,embedding,2,307.6559569090605
6517,19554,6.43882158328779e-05,100.0,1.0000643730163574,0.001,NaN,NaN,NaN,transformer,embedding,2,315.9708449691534
6546,19641,NaN,NaN,NaN,NaN,7.338258266448975,7.014254093170166,1538.0308837890625,transformer,embedding,2,314.6531452089548
6582,19749,8.033757694647647e-06,100.0,1.0000079870224,0.001,NaN,NaN,NaN,transformer,embedding,2,313.01963336765766
6647,19944,1.331111434410559e-06,100.0,1.000001311302185,0.001,NaN,NaN,NaN,transformer,embedding,2,310.09443528950214
6676,20031,NaN,NaN,NaN,NaN,8.563773155212402,7.614404201507568,5238.4091796875,transformer,embedding,2,308.8071669191122
6713,20142,2.2996999859969947e-07,100.0,1.000000238418579,0.001,NaN,NaN,NaN,transformer,embedding,2,307.1855022907257
6780,20343,1.0936669525563048e-07,100.0,1.0000001192092896,0.001,NaN,NaN,NaN,transformer,embedding,2,304.43997395038605
6809,20430,NaN,NaN,NaN,NaN,7.539328098297119,8.577144622802734,1880.5660400390625,transformer,embedding,2,303.5579185336828
6847,20544,9.753870244821883e-08,100.0,1.0000001192092896,0.001,NaN,NaN,NaN,transformer,embedding,2,303.09600998461246
6915,20748,2.9554219509009272e-05,100.0,1.0000295639038086,0.001,NaN,NaN,NaN,transformer,embedding,2,310.02827912569046
6945,20838,NaN,NaN,NaN,NaN,8.47735595703125,6.914228916168213,4804.72900390625,transformer,embedding,2,308.67835535109043
6984,20955,4.049357357871486e-06,100.0,1.0000040531158447,0.001,NaN,NaN,NaN,transformer,embedding,2,306.93862706422806
7053,21162,6.546367785631446e-07,100.0,1.0000005960464478,0.001,NaN,NaN,NaN,transformer,embedding,2,303.901455655694
7083,21252,NaN,NaN,NaN,NaN,9.480948448181152,7.464366436004639,13107.6123046875,transformer,embedding,2,302.60546350479126
7123,21372,1.775043898533113e-07,100.0,1.0000001192092896,0.001,NaN,NaN,NaN,transformer,embedding,2,300.9182640016079
7194,21585,1.2702420804089343e-07,100.0,1.0000001192092896,0.001,NaN,NaN,NaN,transformer,embedding,2,298.2518188804388
7224,21675,NaN,NaN,NaN,NaN,7.097618103027344,9.002250671386719,1209.083740234375,transformer,embedding,2,297.4049878567457
7265,21798,1.0066467126534917e-07,100.0,1.0000001192092896,0.001,NaN,NaN,NaN,transformer,embedding,2,296.84075559675694
7337,22014,2.744021185208112e-05,100.0,1.0000274181365967,0.001,NaN,NaN,NaN,transformer,embedding,2,305.29105085134506
7368,22107,NaN,NaN,NaN,NaN,7.5830278396606445,7.189297676086426,1964.568359375,transformer,embedding,2,303.91007320582867
7410,22233,4.504850949160755e-06,100.0,1.000004529953003,0.001,NaN,NaN,NaN,transformer,embedding,2,302.06225614249706
7484,22455,5.70320139559044e-07,100.0,1.0000005960464478,0.001,NaN,NaN,NaN,transformer,embedding,2,298.87668476998806
7515,22548,NaN,NaN,NaN,NaN,8.591955184936523,7.676919460296631,5388.13818359375,transformer,embedding,2,297.5738286972046
7558,22677,1.554536339654078e-07,100.0,1.0000001192092896,0.001,NaN,NaN,NaN,transformer,embedding,2,295.8509744554758
7633,22902,1.0429755548102548e-07,100.0,1.0000001192092896,0.001,NaN,NaN,NaN,transformer,embedding,2,293.7116424292326
7665,22998,NaN,NaN,NaN,NaN,6.598165988922119,9.27731990814209,733.7482299804688,transformer,embedding,2,293.6432048380375
7709,23130,9.83636564342305e-05,100.0,1.0000983476638794,0.001,NaN,NaN,NaN,transformer,embedding,2,302.79753533005714
7786,23361,6.860537723696325e-06,100.0,1.000006914138794,0.001,NaN,NaN,NaN,transformer,embedding,2,299.418016821146
7818,23457,NaN,NaN,NaN,NaN,8.459836959838867,6.939235210418701,4721.2880859375,transformer,embedding,2,298.04019398987293
7863,23592,1.0083354027301539e-06,100.0,1.0000009536743164,0.001,NaN,NaN,NaN,transformer,embedding,2,296.1357102841139
7941,23826,1.8434772641739983e-07,100.0,1.000000238418579,0.001,NaN,NaN,NaN,transformer,embedding,2,292.94038178026676
7974,23925,NaN,NaN,NaN,NaN,8.059771537780762,7.8269572257995605,3164.567138671875,transformer,embedding,2,291.69861875474453
8020,24063,1.1114089915054137e-07,100.0,1.0000001192092896,0.001,NaN,NaN,NaN,transformer,embedding,2,290.48247396945953
8100,24303,5.073652573628351e-05,100.0,1.0000507831573486,0.001,NaN,NaN,NaN,transformer,embedding,2,299.98883536458015
8133,24402,NaN,NaN,NaN,NaN,7.910556793212891,6.676669597625732,2725.90771484375,transformer,embedding,2,298.543274641037
8181,24546,5.36163452125038e-06,100.0,1.0000053644180298,0.001,NaN,NaN,NaN,transformer,embedding,2,296.4629512578249
8262,24789,7.623980309290346e-07,100.0,1.0000007152557373,0.001,NaN,NaN,NaN,transformer,embedding,2,293.04168125987053
8295,24888,NaN,NaN,NaN,NaN,8.608562469482422,7.301826000213623,5478.36767578125,transformer,embedding,2,291.6987088024616
8344,25035,1.7505431060271803e-07,100.0,1.0000001192092896,0.001,NaN,NaN,NaN,transformer,embedding,2,289.8176808208227
8427,25284,1.096623947205444e-07,100.0,1.0000001192092896,0.001,NaN,NaN,NaN,transformer,embedding,2,287.84453028440475
8460,25383,NaN,NaN,NaN,NaN,6.473960876464844,9.089773178100586,648.0454711914062,transformer,embedding,2,288.2144548892975
8511,25536,5.12547412654385e-05,100.0,1.0000512599945068,0.001,NaN,NaN,NaN,transformer,embedding,2,298.9218792170286
8596,25791,5.169444193597883e-06,100.0,1.0000051259994507,0.001,NaN,NaN,NaN,transformer,embedding,2,295.2451457977295
8629,25890,NaN,NaN,NaN,NaN,8.349325180053711,6.801700592041016,4227.3271484375,transformer,embedding,2,293.8452485650778
8681,26046,6.30262775302981e-07,100.0,1.0000005960464478,0.001,NaN,NaN,NaN,transformer,embedding,2,291.67674204707146
8767,26304,1.4827234906533704e-07,100.0,1.0000001192092896,0.001,NaN,NaN,NaN,transformer,embedding,2,288.26803943514824
8801,26406,NaN,NaN,NaN,NaN,7.355141639709473,8.214553833007812,1564.218505859375,transformer,embedding,2,287.23554691672325
8854,26565,1.0510017034448538e-07,100.0,1.0000001192092896,0.001,NaN,NaN,NaN,transformer,embedding,2,286.71816462278366
8942,26829,2.711993147386238e-05,100.0,1.0000271797180176,0.001,NaN,NaN,NaN,transformer,embedding,2,298.12809036672115
8977,26934,NaN,NaN,NaN,NaN,8.000433921813965,6.364091396331787,2982.251708984375,transformer,embedding,2,296.6020493656397
9031,27096,2.7519731702341232e-06,100.0,1.0000027418136597,0.001,NaN,NaN,NaN,transformer,embedding,2,294.2805959880352
9121,27366,3.501507990222308e-07,100.0,1.0000003576278687,0.001,NaN,NaN,NaN,transformer,embedding,2,290.5442999303341
9156,27471,NaN,NaN,NaN,NaN,8.1688232421875,7.414353847503662,3529.1884765625,transformer,embedding,2,289.1706276535988
9212,27639,1.3179763413972978e-07,100.0,1.0000001192092896,0.001,NaN,NaN,NaN,transformer,embedding,2,287.36640682816505
9304,27915,8.824527952810968e-08,100.0,1.0000001192092896,0.001,NaN,NaN,NaN,transformer,embedding,2,287.82316479086876
9339,28020,NaN,NaN,NaN,NaN,5.813852310180664,9.252313613891602,334.90679931640625,transformer,embedding,2,289.8109312802553
9397,28194,2.7410031179897487e-05,100.0,1.0000274181365967,0.001,NaN,NaN,NaN,transformer,embedding,2,299.35620084404945
9490,28473,1.929263589772745e-06,100.0,1.0000019073486328,0.001,NaN,NaN,NaN,transformer,embedding,2,295.34833703935146
9525,28578,NaN,NaN,NaN,NaN,8.441579818725586,7.239310264587402,4635.873046875,transformer,embedding,2,293.86963145434856
9584,28755,1.8705127047269343e-07,100.0,1.000000238418579,0.001,NaN,NaN,NaN,transformer,embedding,2,291.45578622817993
9679,29040,1.0150953499987736e-07,100.0,1.0000001192092896,0.001,NaN,NaN,NaN,transformer,embedding,2,288.46522882580757
9715,29148,NaN,NaN,NaN,NaN,6.376169204711914,8.964741706848145,587.672119140625,transformer,embedding,2,288.31771080195904
9775,29328,8.072605339748407e-08,100.0,1.0000001192092896,0.001,NaN,NaN,NaN,transformer,embedding,2,290.47145061194897
9872,29619,1.5457611880265176e-05,100.0,1.0000154972076416,0.001,NaN,NaN,NaN,transformer,embedding,2,299.87969844043255
9909,29730,NaN,NaN,NaN,NaN,7.933467388153076,6.914228916168213,2789.080810546875,transformer,embedding,2,298.312644764781
9970,29913,7.959802132972982e-07,100.0,1.0000008344650269,0.001,NaN,NaN,NaN,transformer,embedding,2,295.75119714438915
10069,30210,1.340365116675457e-07,100.0,1.0000001192092896,0.001,NaN,NaN,NaN,transformer,embedding,2,291.8167858719826
10107,30324,NaN,NaN,NaN,NaN,7.645111083984375,7.989497661590576,2090.40087890625,transformer,embedding,2,290.6329394578934
10169,30510,7.802251644761782e-08,100.0,1.0000001192092896,0.001,NaN,NaN,NaN,transformer,embedding,2,290.0630199611187
10270,30813,3.81930403818842e-05,100.0,1.0000381469726562,0.001,NaN,NaN,NaN,transformer,embedding,2,304.55727303028107
10309,30930,NaN,NaN,NaN,NaN,7.613399505615234,6.064016342163086,2025.15087890625,transformer,embedding,2,302.8447026461363
10372,31119,1.9724780031538103e-06,100.0,1.0000020265579224,0.001,NaN,NaN,NaN,transformer,embedding,2,300.1320631504059
10475,31428,1.615788391973183e-07,100.0,1.0000001192092896,0.001,NaN,NaN,NaN,transformer,embedding,2,295.81552405655384
10515,31548,NaN,NaN,NaN,NaN,8.120177268981934,7.576894760131836,3361.61669921875,transformer,embedding,2,294.2810591608286
10579,31740,9.386357646690158e-08,100.0,1.0000001192092896,0.001,NaN,NaN,NaN,transformer,embedding,2,292.5824968665838
10684,32055,0.00020722422050312161,100.0,1.0002073049545288,0.001,NaN,NaN,NaN,transformer,embedding,2,306.97825959324837
10725,32178,NaN,NaN,NaN,NaN,7.307837009429932,5.776444435119629,1491.9466552734375,transformer,embedding,2,305.21121372282505
10790,32373,5.091908860777039e-06,100.0,1.0000051259994507,0.001,NaN,NaN,NaN,transformer,embedding,2,302.3814072459936
10897,32694,2.8784262440240127e-07,100.0,1.000000238418579,0.001,NaN,NaN,NaN,transformer,embedding,2,297.851643666625
10939,32820,NaN,NaN,NaN,NaN,8.73093032836914,6.5016255378723145,6191.4853515625,transformer,embedding,2,296.1795161962509
11005,33018,1.0556485108281777e-07,100.0,1.0000001192092896,0.001,NaN,NaN,NaN,transformer,embedding,2,294.00897178053856
11115,33348,5.981631329632364e-05,100.0,1.0000598430633545,0.001,NaN,NaN,NaN,transformer,embedding,2,306.4278762489557
11157,33474,NaN,NaN,NaN,NaN,7.81544828414917,5.401350498199463,2478.597900390625,transformer,embedding,2,304.571300894022
11226,33681,1.966478976100916e-06,100.0,1.0000019073486328,0.001,NaN,NaN,NaN,transformer,embedding,2,301.54303650557995
11338,34017,1.8502362308936426e-07,100.0,1.000000238418579,0.001,NaN,NaN,NaN,transformer,embedding,2,296.88179437816143
11380,34143,NaN,NaN,NaN,NaN,8.064518928527832,6.776694297790527,3179.626220703125,transformer,embedding,2,295.35398046672344
11451,34356,8.46968859491426e-08,100.0,1.0000001192092896,0.001,NaN,NaN,NaN,transformer,embedding,2,294.0149345099926
11565,34698,5.4019561503082514e-05,100.0,1.0000540018081665,0.001,NaN,NaN,NaN,transformer,embedding,2,307.8405514359474
11607,34824,NaN,NaN,NaN,NaN,8.15910816192627,5.026256561279297,3495.068115234375,transformer,embedding,2,305.9767821878195
11680,35043,3.124127943010535e-06,100.0,1.0000030994415283,0.001,NaN,NaN,NaN,transformer,embedding,2,302.82015021145344
11796,35391,2.127349034708459e-07,100.0,1.000000238418579,0.001,NaN,NaN,NaN,transformer,embedding,2,298.10942098498344
11839,35520,NaN,NaN,NaN,NaN,8.17012882232666,6.276569366455078,3533.799072265625,transformer,embedding,2,296.5927980840206
11913,35742,9.517310672890744e-08,100.0,1.0000001192092896,0.001,NaN,NaN,NaN,transformer,embedding,2,295.33171448111534
12032,36099,2.0057024812558666e-05,100.0,1.0000200271606445,0.001,NaN,NaN,NaN,transformer,embedding,2,305.57898756861687
12075,36228,NaN,NaN,NaN,NaN,8.305791854858398,5.476369380950928,4047.24560546875,transformer,embedding,2,303.72754511237144
12152,36459,9.050519338416052e-07,100.0,1.0000009536743164,0.001,NaN,NaN,NaN,transformer,embedding,2,300.5217150002718
12273,36822,1.2993895381896436e-07,100.0,1.0000001192092896,0.001,NaN,NaN,NaN,transformer,embedding,2,296.06856755912304
12316,36951,NaN,NaN,NaN,NaN,6.926916599273682,7.226807117462158,1019.3460693359375,transformer,embedding,2,295.24190078675747
12395,37188,4.209200415061787e-05,100.0,1.0000420808792114,0.001,NaN,NaN,NaN,transformer,embedding,2,306.8935641050339
12518,37557,1.7121815290011e-06,100.0,1.0000016689300537,0.001,NaN,NaN,NaN,transformer,embedding,2,301.5231756567955
12562,37689,NaN,NaN,NaN,NaN,8.2426176071167,5.726431846618652,3799.472900390625,transformer,embedding,2,299.7112016826868
12643,37932,1.5803044561835122e-07,100.0,1.0000001192092896,0.001,NaN,NaN,NaN,transformer,embedding,2,296.6458102762699
12769,38310,1.0269233285953305e-07,100.0,1.0000001192092896,0.001,NaN,NaN,NaN,transformer,embedding,2,296.37662675976753
12813,38442,NaN,NaN,NaN,NaN,7.436945915222168,5.201300621032715,1697.557861328125,transformer,embedding,2,306.2741393595934
12896,38691,4.528597855824046e-06,100.0,1.000004529953003,0.001,NaN,NaN,NaN,transformer,embedding,2,302.6706490814686
13024,39075,2.0331476946466864e-07,100.0,1.000000238418579,0.001,NaN,NaN,NaN,transformer,embedding,2,297.4722737967968
13069,39210,NaN,NaN,NaN,NaN,7.711906433105469,6.714179039001465,2234.798583984375,transformer,embedding,2,295.9263534992933
13154,39465,7.798027468197688e-08,100.0,1.0000001192092896,0.001,NaN,NaN,NaN,transformer,embedding,2,295.3123285025358
13285,39858,1.567943036206998e-05,100.0,1.0000157356262207,0.001,NaN,NaN,NaN,transformer,embedding,2,308.65460239350796
13330,39993,NaN,NaN,NaN,NaN,7.810055255889893,5.163791179656982,2465.2666015625,transformer,embedding,2,306.68748340010643
13417,40254,5.910192726332752e-07,100.0,1.0000005960464478,0.001,NaN,NaN,NaN,transformer,embedding,2,303.01599341630936
13551,40656,9.952411517133442e-08,100.0,1.0000001192092896,0.001,NaN,NaN,NaN,transformer,embedding,2,298.38071408867836
13596,40791,NaN,NaN,NaN,NaN,6.530024528503418,7.514379024505615,685.4150390625,transformer,embedding,2,298.2760578542948
13686,41061,5.069901089882478e-05,100.0,1.000050663948059,0.001,NaN,NaN,NaN,transformer,embedding,2,312.03860752284527
13822,41469,1.7072375158022624e-06,100.0,1.0000016689300537,0.001,NaN,NaN,NaN,transformer,embedding,2,306.059171885252
13867,41604,NaN,NaN,NaN,NaN,8.381582260131836,5.376344203948975,4365.91162109375,transformer,embedding,2,304.18285827338696
13960,41883,1.3310716440173564e-07,100.0,1.0000001192092896,0.001,NaN,NaN,NaN,transformer,embedding,2,300.6577115803957
14099,42300,6.738947558915243e-05,100.0,1.0000673532485962,0.001,NaN,NaN,NaN,transformer,embedding,2,313.22953778505325
14144,42435,NaN,NaN,NaN,NaN,7.673513889312744,4.076019287109375,2150.625244140625,transformer,embedding,2,311.20946884155273
14239,42720,2.5614240257709753e-06,100.0,1.0000025033950806,0.001,NaN,NaN,NaN,transformer,embedding,2,307.1292130202055
14381,43146,1.4430152361910586e-07,100.0,1.0000001192092896,0.001,NaN,NaN,NaN,transformer,embedding,2,301.7625240236521
14426,43281,NaN,NaN,NaN,NaN,7.151344299316406,6.426607131958008,1275.8199462890625,transformer,embedding,2,300.7635584026575
14524,43575,8.549839549232274e-05,100.0,1.000085473060608,0.001,NaN,NaN,NaN,transformer,embedding,2,314.4871760606766
14669,44010,2.6926741156785283e-06,100.0,1.0000027418136597,0.001,NaN,NaN,NaN,transformer,embedding,2,308.186164945364
14714,44145,NaN,NaN,NaN,NaN,8.05744743347168,5.051262855529785,3157.220703125,transformer,embedding,2,306.37868501245975
14815,44448,1.4734300179952697e-07,100.0,1.0000001192092896,0.001,NaN,NaN,NaN,transformer,embedding,2,302.7001219987869
14963,44892,3.758784077945165e-05,100.0,1.0000375509262085,0.001,NaN,NaN,NaN,transformer,embedding,2,315.17186853289604
15008,45027,NaN,NaN,NaN,NaN,7.988694190979004,4.338584899902344,2947.445556640625,transformer,embedding,2,313.1190041601658
15112,45339,1.4237493815016933e-06,100.0,1.0000014305114746,0.001,NaN,NaN,NaN,transformer,embedding,2,308.58570016920567
15263,45792,1.2119468806304212e-07,100.0,1.0000001192092896,0.001,NaN,NaN,NaN,transformer,embedding,2,303.1242229193449
15308,45927,NaN,NaN,NaN,NaN,6.6469902992248535,6.651663303375244,770.4619750976562,transformer,embedding,2,302.67176753282547
15415,46248,2.3099759346223436e-05,100.0,1.0000231266021729,0.001,NaN,NaN,NaN,transformer,embedding,2,316.27359496057034
15569,46710,1.0798946732393233e-06,100.0,1.000001072883606,0.001,NaN,NaN,NaN,transformer,embedding,2,309.51561249792576
15614,46845,NaN,NaN,NaN,NaN,8.080364227294922,5.6514129638671875,3230.40966796875,transformer,embedding,2,307.69473081827164
15724,47175,1.058183016766634e-07,100.0,1.0000001192092896,0.001,NaN,NaN,NaN,transformer,embedding,2,304.1998228430748
15881,47646,2.355914875806775e-05,100.0,1.000023603439331,0.001,NaN,NaN,NaN,transformer,embedding,2,316.06689865887165
15926,47781,NaN,NaN,NaN,NaN,7.791001796722412,4.73868465423584,2418.739501953125,transformer,embedding,2,314.07861967384815
16039,48120,5.05688888097211e-07,100.0,1.0000004768371582,0.001,NaN,NaN,NaN,transformer,embedding,2,309.3560048341751
16199,48600,7.971222970581948e-08,100.0,1.0000001192092896,0.001,NaN,NaN,NaN,transformer,embedding,2,305.58280298113823
16244,48735,NaN,NaN,NaN,NaN,7.231730937957764,3.5383846759796143,1382.6136474609375,transformer,embedding,2,320.1998817771673
16360,49083,6.013788151904009e-06,100.0,1.0000059604644775,0.001,NaN,NaN,NaN,transformer,embedding,2,314.9950155764818
16523,49572,1.821088631004386e-07,100.0,1.000000238418579,0.001,NaN,NaN,NaN,transformer,embedding,2,308.26721458137035
16568,49707,NaN,NaN,NaN,NaN,7.490344047546387,5.68892240524292,1790.6680908203125,transformer,embedding,2,306.7997733056545
16688,50067,9.173670696327463e-05,100.0,1.000091791152954,0.001,NaN,NaN,NaN,transformer,embedding,2,319.74566209316254
16854,50565,1.8976702449435834e-06,100.0,1.0000019073486328,0.001,NaN,NaN,NaN,transformer,embedding,2,312.6953227967024
16899,50700,NaN,NaN,NaN,NaN,8.032421112060547,4.6011505126953125,3079.187744140625,transformer,embedding,2,310.9778561890125
17022,51069,1.0395962135589798e-07,100.0,1.0000001192092896,0.001,NaN,NaN,NaN,transformer,embedding,2,307.3321096599102
17192,51579,1.010506912280107e-05,100.0,1.0000101327896118,0.001,NaN,NaN,NaN,transformer,embedding,2,318.3033454567194
17236,51711,NaN,NaN,NaN,NaN,7.933730602264404,4.488622188568115,2789.815185546875,transformer,embedding,2,316.36682549118996
17363,52092,2.1362201607644238e-07,100.0,1.000000238418579,0.001,NaN,NaN,NaN,transformer,embedding,2,311.1664993017912
17536,52611,0.0002799837093334645,100.0,1.0002800226211548,0.001,NaN,NaN,NaN,transformer,embedding,2,323.14677277207375
17580,52743,NaN,NaN,NaN,NaN,8.007650375366211,4.126031875610352,3003.850830078125,transformer,embedding,2,321.2241891771555
17711,53136,1.5420720274050836e-06,100.0,1.0000015497207642,0.001,NaN,NaN,NaN,transformer,embedding,2,315.34637604653835
17888,53667,9.572226389309435e-08,100.0,1.0000001192092896,0.001,NaN,NaN,NaN,transformer,embedding,2,309.30388648808
17931,53796,NaN,NaN,NaN,NaN,6.625159740447998,6.264066219329834,753.8246459960938,transformer,embedding,2,309.66037006676197
18066,54201,1.0560410373727791e-05,100.0,1.00001060962677,0.001,NaN,NaN,NaN,transformer,embedding,2,319.5589791983366
18246,54741,1.7378701500092575e-07,100.0,1.0000001192092896,0.001,NaN,NaN,NaN,transformer,embedding,2,312.2275655120611
18289,54870,NaN,NaN,NaN,NaN,7.422993183135986,5.4513630867004395,1674.0367431640625,transformer,embedding,2,310.91302195191383
18428,55287,4.98823901580181e-05,100.0,1.0000498294830322,0.001,NaN,NaN,NaN,transformer,embedding,2,323.11574751138687
18612,55839,6.858543883936363e-07,100.0,1.0000007152557373,0.001,NaN,NaN,NaN,transformer,embedding,2,315.1888783723116
18654,55965,NaN,NaN,NaN,NaN,8.151012420654297,4.726181983947754,3466.88720703125,transformer,embedding,2,313.5759498178959
18798,56397,8.203558365948993e-08,100.0,1.0000001192092896,0.001,NaN,NaN,NaN,transformer,embedding,2,311.44229774177074
18985,56958,2.179214334319113e-06,100.0,1.000002145767212,0.001,NaN,NaN,NaN,transformer,embedding,2,317.95392145216465
19027,57084,NaN,NaN,NaN,NaN,8.133068084716797,4.4011006355285645,3405.231201171875,transformer,embedding,2,316.1811448633671
19174,57525,1.0188971799607316e-07,100.0,1.0000001192092896,0.001,NaN,NaN,NaN,transformer,embedding,2,311.2458124011755
19365,58098,5.624065124720801e-06,100.0,1.0000056028366089,0.001,NaN,NaN,NaN,transformer,embedding,2,321.20765237510204
19407,58224,NaN,NaN,NaN,NaN,8.42117691040039,3.875969171524048,4542.24609375,transformer,embedding,2,319.3568228036165
19558,58677,1.2892513723272714e-07,100.0,1.0000001192092896,0.001,NaN,NaN,NaN,transformer,embedding,2,313.34567880630493
19753,59262,2.1934280084678903e-05,100.0,1.0000219345092773,0.001,NaN,NaN,NaN,transformer,embedding,2,324.01273487508297
19795,59388,NaN,NaN,NaN,NaN,8.254981994628906,3.8509628772735596,3846.74267578125,transformer,embedding,2,322.1595594584942
19950,59853,2.402350105512596e-07,100.0,1.000000238418579,0.001,NaN,NaN,NaN,transformer,embedding,2,315.6441185772419
20149,60450,6.461952580139041e-05,100.0,1.0000646114349365,0.001,NaN,NaN,NaN,transformer,embedding,2,326.1280207037926
20190,60573,NaN,NaN,NaN,NaN,7.858232498168945,3.225806713104248,2586.94384765625,transformer,embedding,2,324.20951260626316
20350,61053,6.553550520038698e-07,100.0,1.0000005960464478,0.001,NaN,NaN,NaN,transformer,embedding,2,317.3637342900038
20553,61662,0.0001106135532609187,100.0,1.0001106262207031,0.001,NaN,NaN,NaN,transformer,embedding,2,327.24773848056793
20593,61782,NaN,NaN,NaN,NaN,7.512918472290039,3.400850296020508,1831.551025390625,transformer,embedding,2,325.3837646394968
20758,62277,8.712158887647092e-07,100.0,1.0000008344650269,0.001,NaN,NaN,NaN,transformer,embedding,2,318.1876881867647
20965,62898,0.914952278137207,57.68958282470703,2.4966561794281006,0.001,NaN,NaN,NaN,transformer,embedding,2,319.0350979119539
21004,63015,NaN,NaN,NaN,NaN,7.5339131355285645,3.025756597518921,1870.410400390625,transformer,embedding,2,327.4611327201128
21174,63525,1.5151208572206087e-06,100.0,1.0000015497207642,0.001,NaN,NaN,NaN,transformer,embedding,2,319.7253206074238
21385,64158,8.558398434388437e-08,100.0,1.0000001192092896,0.001,NaN,NaN,NaN,transformer,embedding,2,314.1114459782839
21424,64275,NaN,NaN,NaN,NaN,7.494518756866455,3.050762891769409,1798.1591796875,transformer,embedding,2,327.39755803346634
21598,64797,1.6327671801263932e-06,100.0,1.0000016689300537,0.001,NaN,NaN,NaN,transformer,embedding,2,319.5729997754097
21813,65442,8.803407069990499e-08,100.0,1.0000001192092896,0.001,NaN,NaN,NaN,transformer,embedding,2,313.73379778862
21852,65559,NaN,NaN,NaN,NaN,7.136096000671387,3.2633159160614014,1256.513427734375,transformer,embedding,2,327.3618331104517
22031,66096,1.563827140671492e-06,100.0,1.0000015497207642,0.001,NaN,NaN,NaN,transformer,embedding,2,319.45791758596897
22251,66756,7.485429875941918e-08,100.0,1.0000001192092896,0.001,NaN,NaN,NaN,transformer,embedding,2,314.2064384520054
22289,66870,NaN,NaN,NaN,NaN,6.977211952209473,3.2508127689361572,1071.9256591796875,transformer,embedding,2,328.85434660315514
22473,67422,1.7634206415095832e-06,100.0,1.0000017881393433,0.001,NaN,NaN,NaN,transformer,embedding,2,320.75872625410557
22697,68094,9.006172518866151e-08,100.0,1.0000001192092896,0.001,NaN,NaN,NaN,transformer,embedding,2,314.07130728662014
22734,68205,NaN,NaN,NaN,NaN,7.232682228088379,2.63815975189209,1383.9295654296875,transformer,embedding,2,328.9618576914072
22923,68772,1.7479637790529523e-06,100.0,1.0000017881393433,0.001,NaN,NaN,NaN,transformer,embedding,2,320.63423869013786
23152,69459,0.11784587800502777,95.4642105102539,1.1250706911087036,0.001,NaN,NaN,NaN,transformer,embedding,2,324.5520390868187
23188,69567,NaN,NaN,NaN,NaN,7.650335311889648,2.5881471633911133,2101.35009765625,transformer,embedding,2,327.1735084056854
23383,70152,1.1957245078519918e-06,100.0,1.0000011920928955,0.001,NaN,NaN,NaN,transformer,embedding,2,318.7976400703192
23616,70851,0.00016962997324299067,100.0,1.0001696348190308,0.001,NaN,NaN,NaN,transformer,embedding,2,329.2920455634594
23651,70956,NaN,NaN,NaN,NaN,7.444310188293457,3.125781536102295,1710.105224609375,transformer,embedding,2,327.6577934026718
23852,71559,4.992680828763696e-07,100.0,1.0000004768371582,0.001,NaN,NaN,NaN,transformer,embedding,2,319.13163086771965
24090,72273,3.7365502066677436e-05,100.0,1.0000373125076294,0.001,NaN,NaN,NaN,transformer,embedding,2,326.39035545289516
24124,72375,NaN,NaN,NaN,NaN,7.613338470458984,3.2883222103118896,2025.02734375,transformer,embedding,2,324.83430026471615
24330,72993,1.767017749898514e-07,100.0,1.0000001192092896,0.001,NaN,NaN,NaN,transformer,embedding,2,316.2997782677412
24573,73722,1.0252910215058364e-05,100.0,1.0000102519989014,0.001,NaN,NaN,NaN,transformer,embedding,2,324.2478790283203
24606,73821,NaN,NaN,NaN,NaN,7.835007667541504,3.2008004188537598,2527.554931640625,transformer,embedding,2,322.7678209990263
24818,74457,1.0150953499987736e-07,100.0,1.0000001192092896,0.001,NaN,NaN,NaN,transformer,embedding,2,314.87751952558756
25066,75201,4.1496482481306884e-06,100.0,1.0000041723251343,0.001,NaN,NaN,NaN,transformer,embedding,2,322.9231671690941
25098,75297,NaN,NaN,NaN,NaN,8.103025436401367,3.150787830352783,3304.450439453125,transformer,embedding,2,321.53518188744783
25316,75951,7.405169100138664e-08,100.0,1.0000001192092896,0.001,NaN,NaN,NaN,transformer,embedding,2,315.03664361685514
25569,76710,2.115346660502837e-06,100.0,1.000002145767212,0.001,NaN,NaN,NaN,transformer,embedding,2,322.7471628859639
25599,76800,NaN,NaN,NaN,NaN,8.047760963439941,3.775944232940674,3126.7861328125,transformer,embedding,2,321.45608831197023
25824,77475,0.021250128746032715,99.1495361328125,1.021477460861206,0.001,NaN,NaN,NaN,transformer,embedding,2,327.72546077519655
26082,78249,4.261456751919468e-07,100.0,1.0000004768371582,0.001,NaN,NaN,NaN,transformer,embedding,2,318.5629405528307
26110,78333,NaN,NaN,NaN,NaN,8.001178741455078,3.6259067058563232,2984.473876953125,transformer,embedding,2,317.46223685890436
26342,79029,3.4467415389372036e-05,100.0,1.0000344514846802,0.001,NaN,NaN,NaN,transformer,embedding,2,326.58506486564875
26605,79818,1.2288440132124379e-07,100.0,1.0000001192092896,0.001,NaN,NaN,NaN,transformer,embedding,2,315.63772693276405
26632,79899,NaN,NaN,NaN,NaN,7.37742805480957,4.063516139984131,1599.470703125,transformer,embedding,2,314.9903002977371
26871,80616,4.545167939795647e-06,100.0,1.000004529953003,0.001,NaN,NaN,NaN,transformer,embedding,2,323.89569072425365
27139,81420,6.720834733187075e-08,100.0,1.0000001192092896,0.001,NaN,NaN,NaN,transformer,embedding,2,315.82710932195187
27164,81495,NaN,NaN,NaN,NaN,5.261601448059082,2.3380846977233887,192.7899932861328,transformer,embedding,2,325.7698541879654
27410,82233,4.190066249520896e-07,100.0,1.0000004768371582,0.001,NaN,NaN,NaN,transformer,embedding,2,320.38984743505716
27684,83055,3.954512067139149e-05,100.0,1.0000395774841309,0.001,NaN,NaN,NaN,transformer,embedding,2,329.63395734131336
27707,83124,NaN,NaN,NaN,NaN,7.86600923538208,3.150787830352783,2607.140380859375,transformer,embedding,2,328.5768970772624
27960,83883,1.2702420804089343e-07,100.0,1.0000001192092896,0.001,NaN,NaN,NaN,transformer,embedding,2,317.96055687218904
28239,84720,2.450707825119025e-06,100.0,1.0000025033950806,0.001,NaN,NaN,NaN,transformer,embedding,2,323.5761649534106
28261,84786,NaN,NaN,NaN,NaN,8.158860206604004,3.0132534503936768,3494.20166015625,transformer,embedding,2,322.6196657344699
28521,85566,0.0002931324124801904,100.0,1.0002931356430054,0.001,NaN,NaN,NaN,transformer,embedding,2,330.93714639544487
28806,86421,1.8189764716680656e-07,100.0,1.000000238418579,0.001,NaN,NaN,NaN,transformer,embedding,2,318.73719967901707
28826,86481,NaN,NaN,NaN,NaN,7.935080528259277,3.513378381729126,2793.583740234375,transformer,embedding,2,318.03555250167847
29094,87285,7.953576641739346e-06,100.0,1.0000079870224,0.001,NaN,NaN,NaN,transformer,embedding,2,326.8080155104399
29384,88155,7.147487934844321e-08,100.0,1.0000001192092896,0.001,NaN,NaN,NaN,transformer,embedding,2,317.6378958672285
29402,88209,NaN,NaN,NaN,NaN,7.719884872436523,3.1882972717285156,2252.7001953125,transformer,embedding,2,318.11642368137836
29677,89034,3.768060992115352e-07,100.0,1.0000003576278687,0.001,NaN,NaN,NaN,transformer,embedding,2,320.79569375514984
29973,89922,1.0916042811004445e-05,100.0,1.0000109672546387,0.001,NaN,NaN,NaN,transformer,embedding,2,327.270567715168
29990,89973,NaN,NaN,NaN,NaN,7.766733169555664,3.0132534503936768,2360.74658203125,transformer,embedding,2,326.4995195567608
30272,90819,6.78419951327669e-08,100.0,1.0000001192092896,0.001,NaN,NaN,NaN,transformer,embedding,2,318.0968012660742
30574,91725,3.7870699998165946e-07,100.0,1.0000003576278687,0.001,NaN,NaN,NaN,transformer,embedding,2,323.4674344211817
30589,91770,NaN,NaN,NaN,NaN,7.920778274536133,3.2883222103118896,2753.91357421875,transformer,embedding,2,322.8946280479431
30879,92640,3.3641119898675242e-06,100.0,1.0000033378601074,0.001,NaN,NaN,NaN,transformer,embedding,2,325.99475311487913
31187,93564,0.00028165936237201095,100.0,1.0002816915512085,0.001,NaN,NaN,NaN,transformer,embedding,2,333.07583151757717
31200,93603,NaN,NaN,NaN,NaN,7.731277942657471,2.9007253646850586,2278.51220703125,transformer,embedding,2,332.57794646918774
31498,94497,1.3999274983689247e-07,100.0,1.0000001192092896,0.001,NaN,NaN,NaN,transformer,embedding,2,319.76924173533916
31812,95439,1.8366301901551196e-06,100.0,1.0000017881393433,0.001,NaN,NaN,NaN,transformer,embedding,2,323.79610786587
31823,95472,NaN,NaN,NaN,NaN,8.044355392456055,2.9882471561431885,3116.15576171875,transformer,embedding,2,323.33944994211197
32130,96393,2.4672741346876137e-05,100.0,1.000024676322937,0.001,NaN,NaN,NaN,transformer,embedding,2,328.4094334691763
32451,97356,7.417841629830946e-08,100.0,1.0000001192092896,0.001,NaN,NaN,NaN,transformer,embedding,2,317.07685025036335
32459,97380,NaN,NaN,NaN,NaN,7.0277509689331055,3.7259316444396973,1127.491943359375,transformer,embedding,2,317.1689068004489
32775,98328,5.01084400639229e-07,100.0,1.0000004768371582,0.001,NaN,NaN,NaN,transformer,embedding,2,323.172261454165
33102,99309,5.778492322860984e-06,100.0,1.0000057220458984,0.001,NaN,NaN,NaN,transformer,embedding,2,326.4705428555608
33108,99327,NaN,NaN,NaN,NaN,8.018258094787598,2.6381595134735107,3035.884521484375,transformer,embedding,2,326.2030990123749
