epoch,global_step,train_loss,train_accuracy,train_perplexity,learning_rate,val_loss,val_accuracy,val_perplexity,model_type,encoding,k_value,total_param_l2_norm
0,3,4.630807399749756,0.0,102.59687042236328,0.0003,4.312256336212158,0.18754689395427704,74.608642578125,transformer,embedding,2,296.80631785234436
1,6,4.009687423706055,0.21261516213417053,55.129634857177734,0.0006,3.2814884185791016,0.0,26.615358352661133,transformer,embedding,2,296.5548237860203
2,9,3.0983800888061523,0.0,22.16202163696289,0.0009000000000000001,2.9006011486053467,0.0,18.185073852539062,transformer,embedding,2,296.22651871293783
3,12,2.8490209579467773,0.0,17.270864486694336,0.001,2.728084087371826,0.0,15.30353832244873,transformer,embedding,2,295.8035173974931
4,15,2.646296501159668,0.0,14.101716041564941,0.001,2.596839666366577,0.0,13.421255111694336,transformer,embedding,2,295.37619715183973
5,18,2.527296304702759,0.0,12.519611358642578,0.001,2.4777369499206543,0.0,11.914271354675293,transformer,embedding,2,294.92100275307894
6,21,2.4028077125549316,0.0,11.054169654846191,0.001,2.4017817974090576,0.21255314350128174,11.042835235595703,transformer,embedding,2,294.4563738256693
7,24,2.3456597328186035,1.3465627431869507,10.440157890319824,0.001,2.376927375793457,1.0127532482147217,10.771754264831543,transformer,embedding,2,293.9795685634017
8,27,2.3246712684631348,1.275691032409668,10.223319053649902,0.001,2.36061692237854,1.137784481048584,10.597487449645996,transformer,embedding,2,293.46233443170786
9,30,2.3107943534851074,1.5591778755187988,10.082430839538574,0.001,2.347459554672241,0.9002251029014587,10.458965301513672,transformer,embedding,2,292.89790384471416
10,33,2.3001914024353027,1.8426647186279297,9.976091384887695,0.001,2.336790084838867,0.9252313375473022,10.347967147827148,transformer,embedding,2,292.28890635073185
11,36,2.2926628589630127,1.5591778755187988,9.901268005371094,0.001,NaN,NaN,NaN,transformer,embedding,2,291.64292535185814
12,39,2.2874958515167236,1.6300495862960815,9.850240707397461,0.001,2.3243942260742188,0.9252313375473022,10.220486640930176,transformer,embedding,2,290.9669286236167
13,42,2.2831573486328125,1.913536548614502,9.807597160339355,0.001,NaN,NaN,NaN,transformer,embedding,2,290.2707793712616
14,45,2.2805302143096924,1.9844081401824951,9.781865119934082,0.001,2.3210248947143555,0.9252313375473022,10.186108589172363,transformer,embedding,2,289.5615441724658
15,48,2.2773220539093018,2.197023391723633,9.750534057617188,0.001,NaN,NaN,NaN,transformer,embedding,2,288.8498181551695
16,51,2.2742090225219727,2.1261518001556396,9.720227241516113,0.001,2.320967435836792,0.9252313375473022,10.18552303314209,transformer,embedding,2,288.1409819126129
17,54,2.2704033851623535,2.551382064819336,9.683305740356445,0.001,NaN,NaN,NaN,transformer,embedding,2,287.442810125649
18,57,2.265824556350708,2.7639970779418945,9.639069557189941,0.001,2.321765422821045,0.8127031922340393,10.193655014038086,transformer,embedding,2,286.7580739185214
19,60,2.2611615657806396,2.7639970779418945,9.594226837158203,0.001,NaN,NaN,NaN,transformer,embedding,2,286.0926833823323
20,63,2.255645751953125,2.905740737915039,9.541452407836914,0.001,2.324437141418457,0.8627157211303711,10.220925331115723,transformer,embedding,2,285.45258467644453
21,66,2.247558355331421,3.472714424133301,9.464598655700684,0.001,NaN,NaN,NaN,transformer,embedding,2,284.84709849208593
22,69,2.23771333694458,4.110559940338135,9.37187671661377,0.001,2.3292136192321777,0.7126781940460205,10.269862174987793,transformer,embedding,2,284.28328504413366
23,72,2.222792625427246,4.181431770324707,9.23307991027832,0.001,NaN,NaN,NaN,transformer,embedding,2,283.77981112897396
24,75,2.2001733779907227,4.819277286529541,9.026577949523926,0.001,2.3448739051818848,0.8377094268798828,10.431957244873047,transformer,embedding,2,283.34539686888456
25,78,2.167233943939209,6.094968318939209,8.734091758728027,0.001,NaN,NaN,NaN,transformer,embedding,2,282.98600220680237
26,81,2.1164636611938477,7.5832743644714355,8.301728248596191,0.001,2.4059836864471436,0.7501875758171082,11.089333534240723,transformer,embedding,2,282.68199932575226
27,84,2.056234121322632,9.07158088684082,7.816478252410889,0.001,NaN,NaN,NaN,transformer,embedding,2,282.3694251924753
28,87,2.0132863521575928,10.13465690612793,7.487884998321533,0.001,2.4515719413757324,0.8002001047134399,11.606576919555664,transformer,embedding,2,281.98346584290266
29,90,1.9677577018737793,12.898653030395508,7.154615879058838,0.001,NaN,NaN,NaN,transformer,embedding,2,281.6179205775261
30,93,1.9167938232421875,14.59957504272461,6.799124240875244,0.001,2.476285219192505,1.0502625703811646,11.896987915039062,transformer,embedding,2,281.2507380247116
31,96,1.8724887371063232,18.14316177368164,6.504464149475098,0.001,NaN,NaN,NaN,transformer,embedding,2,280.934368789196
32,99,1.8229691982269287,21.119773864746094,6.190211296081543,0.001,2.495800256729126,1.2503125667572021,12.131438255310059,transformer,embedding,2,280.6486665084958
33,102,1.7798008918762207,23.033309936523438,5.928675651550293,0.001,NaN,NaN,NaN,transformer,embedding,2,280.3919000327587
34,105,1.7264857292175293,25.37207794189453,5.620865821838379,0.001,2.5269625186920166,1.4753689765930176,12.515433311462402,transformer,embedding,2,280.1705076172948
35,108,1.6829781532287598,27.569101333618164,5.381559371948242,0.001,NaN,NaN,NaN,transformer,embedding,2,279.95927223563194
36,111,1.6337885856628418,31.18355941772461,5.123248100280762,0.001,2.539238691329956,1.8129533529281616,12.670021057128906,transformer,embedding,2,279.78285113722086
37,114,1.585303544998169,34.44365692138672,4.880772590637207,0.001,NaN,NaN,NaN,transformer,embedding,2,279.6254433989525
38,117,1.5336785316467285,36.78242492675781,4.635196208953857,0.001,2.562230110168457,2.275568962097168,12.96469783782959,transformer,embedding,2,279.5112199783325
39,120,1.4867348670959473,41.53083038330078,4.42263126373291,0.001,NaN,NaN,NaN,transformer,embedding,2,279.38945919275284
40,123,1.438878059387207,43.656982421875,4.215962886810303,0.001,2.5886647701263428,2.6131534576416016,13.31198501586914,transformer,embedding,2,279.31966968625784
41,126,1.390183925628662,48.33451461791992,4.015588760375977,0.001,NaN,NaN,NaN,transformer,embedding,2,279.23720932751894
42,129,1.3412705659866333,50.885894775390625,3.823899030685425,0.001,2.6062710285186768,2.8007001876831055,13.54843521118164,transformer,embedding,2,279.1657364591956
43,132,1.2900561094284058,55.13819885253906,3.6329903602600098,0.001,NaN,NaN,NaN,transformer,embedding,2,279.13605181127787
44,135,1.2398715019226074,58.256553649902344,3.455169439315796,0.001,2.628988265991211,3.2883222103118896,13.859740257263184,transformer,embedding,2,279.0853631198406
45,138,1.1883665323257446,61.800140380859375,3.2817163467407227,0.001,NaN,NaN,NaN,transformer,embedding,2,279.07336143404245
46,141,1.1434993743896484,64.49327087402344,3.1377291679382324,0.001,2.6550791263580322,3.775944232940674,14.22611141204834,transformer,embedding,2,279.0360810086131
47,144,1.0930194854736328,69.66690063476562,2.9832684993743896,0.001,NaN,NaN,NaN,transformer,embedding,2,279.01956997811794
48,147,1.045278549194336,69.73777770996094,2.8441905975341797,0.001,2.672405242919922,4.38859748840332,14.474742889404297,transformer,embedding,2,278.9961149170995
49,150,0.9860315322875977,75.76187133789062,2.6805756092071533,0.001,NaN,NaN,NaN,transformer,embedding,2,278.9654982537031
50,153,0.9379938244819641,77.67540740966797,2.5548508167266846,0.001,2.699266195297241,4.73868465423584,14.868817329406738,transformer,embedding,2,278.94403667747974
51,156,0.8882036805152893,80.72289276123047,2.4307591915130615,0.001,NaN,NaN,NaN,transformer,embedding,2,278.91156254708767
52,159,0.837793231010437,84.33734893798828,2.311260938644409,0.001,NaN,NaN,NaN,transformer,embedding,2,278.8770006299019
53,162,0.7928089499473572,85.96739959716797,2.209594249725342,0.001,NaN,NaN,NaN,transformer,embedding,2,278.8538514599204
54,165,0.7420857548713684,88.23529052734375,2.100311756134033,0.001,NaN,NaN,NaN,transformer,embedding,2,278.8148937523365
55,168,0.7006756067276001,90.29057312011719,2.015113592147827,0.001,2.7628118991851807,5.563891410827637,15.844332695007324,transformer,embedding,2,278.7794079706073
56,171,0.657110333442688,91.56626892089844,1.9292094707489014,0.001,NaN,NaN,NaN,transformer,embedding,2,278.7323280647397
57,174,0.6198529005050659,92.91282653808594,1.8586546182632446,0.001,NaN,NaN,NaN,transformer,embedding,2,278.6824664250016
58,177,0.5922112464904785,93.62154388427734,1.8079818487167358,0.001,NaN,NaN,NaN,transformer,embedding,2,278.6278469413519
59,180,0.5414066910743713,95.25159454345703,1.7184224128723145,0.001,NaN,NaN,NaN,transformer,embedding,2,278.56506790965796
60,183,0.5033868551254272,96.17292785644531,1.6543147563934326,0.001,2.8396599292755127,6.151538372039795,17.10994529724121,transformer,embedding,2,278.4763391241431
61,186,0.46189993619918823,97.23600769042969,1.5870864391326904,0.001,NaN,NaN,NaN,transformer,embedding,2,278.3943255469203
62,189,0.4271668791770935,98.15733337402344,1.5329084396362305,0.001,NaN,NaN,NaN,transformer,embedding,2,278.2866854965687
63,192,0.39362117648124695,99.00779724121094,1.4823389053344727,0.001,NaN,NaN,NaN,transformer,embedding,2,278.16114162653685
64,195,0.3641294538974762,99.00779724121094,1.439260482788086,0.001,NaN,NaN,NaN,transformer,embedding,2,278.0224846601486
65,198,0.3355766832828522,99.3621597290039,1.3987468481063843,0.001,2.899524688720703,7.014253616333008,18.165508270263672,transformer,embedding,2,277.8777692466974
66,201,0.31116440892219543,99.43302917480469,1.365013599395752,0.001,NaN,NaN,NaN,transformer,embedding,2,277.71252128481865
67,204,0.2885158360004425,99.78738403320312,1.3344454765319824,0.001,NaN,NaN,NaN,transformer,embedding,2,277.5389028415084
68,207,0.26043060421943665,100.0,1.2974886894226074,0.001,NaN,NaN,NaN,transformer,embedding,2,277.3486360311508
69,210,0.24181923270225525,99.92912292480469,1.2735639810562134,0.001,NaN,NaN,NaN,transformer,embedding,2,277.14989867806435
70,213,0.22124961018562317,100.0,1.247634768486023,0.001,2.9719443321228027,7.2518134117126465,19.529855728149414,transformer,embedding,2,276.9207431524992
71,216,0.20440347492694855,100.0,1.2267930507659912,0.001,NaN,NaN,NaN,transformer,embedding,2,276.69178357720375
72,219,0.1885596066713333,100.0,1.2075090408325195,0.001,NaN,NaN,NaN,transformer,embedding,2,276.4382079541683
73,222,0.1746646612882614,100.0,1.1908468008041382,0.001,NaN,NaN,NaN,transformer,embedding,2,276.17703615128994
74,225,0.1617070883512497,100.0,1.17551589012146,0.001,NaN,NaN,NaN,transformer,embedding,2,275.9005262479186
75,228,0.15078718960285187,100.0,1.162749171257019,0.001,3.030364990234375,7.4518632888793945,20.704788208007812,transformer,embedding,2,275.615101903677
76,231,0.14025861024856567,100.0,1.150571346282959,0.001,NaN,NaN,NaN,transformer,embedding,2,275.31320306658745
77,234,0.1283954530954361,100.0,1.1370025873184204,0.001,NaN,NaN,NaN,transformer,embedding,2,275.0087309330702
78,237,0.1198681890964508,100.0,1.1273483037948608,0.001,NaN,NaN,NaN,transformer,embedding,2,274.6820324137807
79,240,0.11283297836780548,100.0,1.1194449663162231,0.001,NaN,NaN,NaN,transformer,embedding,2,274.35133112221956
80,243,0.1044396385550499,100.0,1.1100883483886719,0.001,3.07051157951355,7.801950931549072,21.55292510986328,transformer,embedding,2,274.00042025744915
81,246,0.0969480648636818,100.0,1.101803183555603,0.001,NaN,NaN,NaN,transformer,embedding,2,273.64518684893847
82,249,0.0901605635881424,100.0,1.094349980354309,0.001,NaN,NaN,NaN,transformer,embedding,2,273.2774905785918
83,252,0.08410322666168213,100.0,1.0877411365509033,0.001,NaN,NaN,NaN,transformer,embedding,2,272.9022853076458
84,255,0.07984267175197601,100.0,1.0831166505813599,0.001,NaN,NaN,NaN,transformer,embedding,2,272.5150637179613
85,258,0.07560156285762787,100.0,1.0785328149795532,0.001,3.1057255268096924,7.964491844177246,22.325410842895508,transformer,embedding,2,272.1236870288849
86,261,0.07107531279325485,100.0,1.0736620426177979,0.001,NaN,NaN,NaN,transformer,embedding,2,271.7295198068023
87,264,0.06805934756994247,100.0,1.0704288482666016,0.001,NaN,NaN,NaN,transformer,embedding,2,271.3297905176878
88,267,0.06429561227560043,100.0,1.066407561302185,0.001,NaN,NaN,NaN,transformer,embedding,2,270.92073395103216
89,270,0.061018604785203934,100.0,1.0629186630249023,0.001,NaN,NaN,NaN,transformer,embedding,2,270.5127127841115
90,273,0.05831857770681381,100.0,1.0600526332855225,0.001,3.129948139190674,8.052013397216797,22.872793197631836,transformer,embedding,2,270.0987810268998
91,276,0.05579228699207306,100.0,1.0573780536651611,0.001,NaN,NaN,NaN,transformer,embedding,2,269.68391689658165
92,279,0.053069598972797394,100.0,1.054503083229065,0.001,NaN,NaN,NaN,transformer,embedding,2,269.2687826305628
93,282,0.05094848945736885,100.0,1.0522687435150146,0.001,NaN,NaN,NaN,transformer,embedding,2,268.84684716165066
94,285,0.048585616052150726,100.0,1.0497852563858032,0.001,NaN,NaN,NaN,transformer,embedding,2,268.4259252399206
95,288,0.04697965085506439,100.0,1.0481007099151611,0.001,3.151855230331421,8.214553833007812,23.379398345947266,transformer,embedding,2,268.0027750879526
96,291,0.044756557792425156,100.0,1.0457732677459717,0.001,NaN,NaN,NaN,transformer,embedding,2,267.5856368690729
97,294,0.04277427867054939,100.0,1.043702244758606,0.001,NaN,NaN,NaN,transformer,embedding,2,267.16823986917734
98,297,0.04161565750837326,100.0,1.0424937009811401,0.001,NaN,NaN,NaN,transformer,embedding,2,266.7488295286894
99,300,0.0396541953086853,100.0,1.040450930595398,0.001,NaN,NaN,NaN,transformer,embedding,2,266.3243254125118
100,303,0.0384792685508728,100.0,1.039229154586792,0.001,3.167649269104004,8.35208797454834,23.751585006713867,transformer,embedding,2,265.90587697923183
101,306,0.03733520582318306,100.0,1.0380408763885498,0.001,NaN,NaN,NaN,transformer,embedding,2,265.49073746055365
102,309,0.03546300530433655,100.0,1.0360993146896362,0.001,NaN,NaN,NaN,transformer,embedding,2,265.07643511146307
103,312,0.03473977372050285,100.0,1.0353502035140991,0.001,NaN,NaN,NaN,transformer,embedding,2,264.6598866954446
104,315,0.03294593095779419,100.0,1.0334947109222412,0.001,NaN,NaN,NaN,transformer,embedding,2,264.2425973042846
105,318,0.03143785148859024,100.0,1.0319372415542603,0.001,3.180830955505371,8.38959789276123,24.066743850708008,transformer,embedding,2,263.8271163329482
106,321,0.030766751617193222,100.0,1.0312449932098389,0.001,NaN,NaN,NaN,transformer,embedding,2,263.4112763032317
107,324,0.02956239879131317,100.0,1.0300036668777466,0.001,NaN,NaN,NaN,transformer,embedding,2,263.0005548670888
108,327,0.028199471533298492,100.0,1.028600811958313,0.001,NaN,NaN,NaN,transformer,embedding,2,262.5826894491911
109,330,0.027317963540554047,100.0,1.0276944637298584,0.001,NaN,NaN,NaN,transformer,embedding,2,262.1665489077568
110,333,0.026243766769766808,100.0,1.026591181755066,0.001,3.178734064102173,8.50212574005127,24.01633071899414,transformer,embedding,2,261.7534647285938
111,336,0.025272127240896225,100.0,1.0255942344665527,0.001,NaN,NaN,NaN,transformer,embedding,2,261.33453257381916
112,339,0.02438870258629322,100.0,1.024688482284546,0.001,NaN,NaN,NaN,transformer,embedding,2,260.92447536438704
113,342,0.023574212566018105,100.0,1.0238542556762695,0.001,NaN,NaN,NaN,transformer,embedding,2,260.51159492880106
114,345,0.022625774145126343,100.0,1.022883653640747,0.001,NaN,NaN,NaN,transformer,embedding,2,260.09649933874607
115,348,0.021945102140307426,100.0,1.0221877098083496,0.001,3.1968722343444824,8.589648246765137,24.455917358398438,transformer,embedding,2,259.68504068255424
116,351,0.021272338926792145,100.0,1.0215002298355103,0.001,NaN,NaN,NaN,transformer,embedding,2,259.27511912584305
117,354,0.020720571279525757,100.0,1.0209367275238037,0.001,NaN,NaN,NaN,transformer,embedding,2,258.8618181720376
118,357,0.02027742937207222,100.0,1.020484447479248,0.001,NaN,NaN,NaN,transformer,embedding,2,258.4563526287675
119,360,0.019469337537884712,100.0,1.0196601152420044,0.001,NaN,NaN,NaN,transformer,embedding,2,258.05283576995134
120,363,0.01901799812912941,100.0,1.0191999673843384,0.001,3.199977397918701,8.6521635055542,24.5319766998291,transformer,embedding,2,257.64894569665194
121,366,0.018800409510731697,100.0,1.018978238105774,0.001,NaN,NaN,NaN,transformer,embedding,2,257.2513595148921
122,369,0.01790652796626091,100.0,1.0180678367614746,0.001,NaN,NaN,NaN,transformer,embedding,2,256.8607009500265
123,372,0.017513301223516464,100.0,1.017667531967163,0.001,NaN,NaN,NaN,transformer,embedding,2,256.464648000896
124,375,0.017011823132634163,100.0,1.0171573162078857,0.001,NaN,NaN,NaN,transformer,embedding,2,256.07261803746223
125,378,0.016652895137667656,100.0,1.0167922973632812,0.001,3.1985063552856445,8.73968505859375,24.495914459228516,transformer,embedding,2,255.6862276121974
126,381,0.016109341755509377,100.0,1.0162397623062134,0.001,NaN,NaN,NaN,transformer,embedding,2,255.30306696146727
127,384,0.016039453446865082,100.0,1.0161688327789307,0.001,NaN,NaN,NaN,transformer,embedding,2,254.92172162234783
128,387,0.015075337141752243,100.0,1.015189528465271,0.001,NaN,NaN,NaN,transformer,embedding,2,254.5439915060997
129,390,0.014451783150434494,100.0,1.0145567655563354,0.001,NaN,NaN,NaN,transformer,embedding,2,254.1610519811511
130,393,0.013968415558338165,100.0,1.014066457748413,0.001,3.2108349800109863,8.839710235595703,24.799785614013672,transformer,embedding,2,253.78604140132666
131,396,0.013471968472003937,100.0,1.0135631561279297,0.001,NaN,NaN,NaN,transformer,embedding,2,253.40175600349903
132,399,0.013017997145652771,100.0,1.0131031274795532,0.001,NaN,NaN,NaN,transformer,embedding,2,253.02021158486605
133,402,0.012725956737995148,100.0,1.0128072500228882,0.001,NaN,NaN,NaN,transformer,embedding,2,252.642015196383
134,405,0.012406408786773682,100.0,1.0124837160110474,0.001,NaN,NaN,NaN,transformer,embedding,2,252.25971914827824
135,408,0.012049060314893723,100.0,1.0121219158172607,0.001,3.2231533527374268,8.864716529846191,25.107168197631836,transformer,embedding,2,251.87996345758438
136,411,0.01169593259692192,100.0,1.011764645576477,0.001,NaN,NaN,NaN,transformer,embedding,2,251.50498937815428
137,414,0.011329926550388336,100.0,1.0113943815231323,0.001,NaN,NaN,NaN,transformer,embedding,2,251.13046053051949
138,417,0.010958006605505943,100.0,1.0110182762145996,0.001,NaN,NaN,NaN,transformer,embedding,2,250.7560119777918
139,420,0.010831674560904503,100.0,1.0108906030654907,0.001,NaN,NaN,NaN,transformer,embedding,2,250.38879092037678
140,423,0.010562820360064507,100.0,1.010618805885315,0.001,3.223787546157837,8.952238082885742,25.12309455871582,transformer,embedding,2,250.02330201864243
141,426,0.010202749632298946,100.0,1.010254979133606,0.001,NaN,NaN,NaN,transformer,embedding,2,249.65976548194885
142,429,0.009819425642490387,100.0,1.009867787361145,0.001,NaN,NaN,NaN,transformer,embedding,2,249.29588802158833
143,432,0.009517570957541466,100.0,1.0095629692077637,0.001,NaN,NaN,NaN,transformer,embedding,2,248.93135878443718
144,435,0.009488033130764961,100.0,1.009533166885376,0.001,NaN,NaN,NaN,transformer,embedding,2,248.57036317139864
145,438,0.008964878506958485,100.0,1.0090051889419556,0.001,3.2323009967803955,9.014754295349121,25.337892532348633,transformer,embedding,2,248.2120778337121
146,441,0.008596348576247692,100.0,1.0086333751678467,0.001,NaN,NaN,NaN,transformer,embedding,2,247.85329346358776
147,444,0.008456595242023468,100.0,1.0084924697875977,0.001,NaN,NaN,NaN,transformer,embedding,2,247.4906653612852
148,447,0.008244873024523258,100.0,1.0082789659500122,0.001,NaN,NaN,NaN,transformer,embedding,2,247.13161543756723
149,450,0.008265946060419083,100.0,1.0083001852035522,0.001,NaN,NaN,NaN,transformer,embedding,2,246.7817706540227
150,453,0.008052471093833447,100.0,1.008085012435913,0.001,3.2519211769104004,8.97724437713623,25.839935302734375,transformer,embedding,2,246.43680760264397
151,456,0.00787540152668953,100.0,1.007906436920166,0.001,NaN,NaN,NaN,transformer,embedding,2,246.09644676744938
152,459,0.007629215717315674,100.0,1.0076583623886108,0.001,NaN,NaN,NaN,transformer,embedding,2,245.76041031628847
153,462,0.007484901696443558,100.0,1.0075129270553589,0.001,NaN,NaN,NaN,transformer,embedding,2,245.42489990592003
154,465,0.007154148072004318,100.0,1.007179856300354,0.001,NaN,NaN,NaN,transformer,embedding,2,245.09059837460518
155,468,0.00678169634193182,100.0,1.0068047046661377,0.001,3.2447280883789062,9.114779472351074,25.654733657836914,transformer,embedding,2,244.75225773453712
156,471,0.006708843167871237,100.0,1.006731390953064,0.001,NaN,NaN,NaN,transformer,embedding,2,244.41654398292303
157,474,0.006422972772270441,100.0,1.0064436197280884,0.001,NaN,NaN,NaN,transformer,embedding,2,244.08345782011747
158,477,0.0062747737392783165,100.0,1.0062944889068604,0.001,NaN,NaN,NaN,transformer,embedding,2,243.74565709382296
159,480,0.0062135448679327965,100.0,1.0062328577041626,0.001,NaN,NaN,NaN,transformer,embedding,2,243.41157396137714
160,483,0.006075134500861168,100.0,1.0060936212539673,0.001,3.248600959777832,9.177294731140137,25.754283905029297,transformer,embedding,2,243.0801220163703
161,486,0.005839014425873756,100.0,1.0058560371398926,0.001,NaN,NaN,NaN,transformer,embedding,2,242.74614591896534
162,489,0.005698634311556816,100.0,1.0057148933410645,0.001,NaN,NaN,NaN,transformer,embedding,2,242.41658451408148
163,492,0.005478645209223032,100.0,1.0054936408996582,0.001,NaN,NaN,NaN,transformer,embedding,2,242.0856552645564
164,495,0.005326279439032078,100.0,1.0053404569625854,0.001,NaN,NaN,NaN,transformer,embedding,2,241.7565131187439
165,498,0.005632753483951092,100.0,1.0056486129760742,0.001,3.26898455619812,8.864716529846191,26.284635543823242,transformer,embedding,2,241.44088020175695
166,501,0.010875441133975983,99.92912292480469,1.010934829711914,0.001,NaN,NaN,NaN,transformer,embedding,2,241.13616331666708
167,504,1.1374940872192383,42.45216369628906,3.1189427375793457,0.001,NaN,NaN,NaN,transformer,embedding,2,241.42157827317715
168,507,1.000016450881958,62.01275634765625,2.7183265686035156,0.001,NaN,NaN,NaN,transformer,embedding,2,242.0547209829092
169,510,0.5462671518325806,85.82565307617188,1.7267950773239136,0.001,NaN,NaN,NaN,transformer,embedding,2,242.83255310356617
170,513,0.32524847984313965,93.69241333007812,1.3843746185302734,0.001,3.1844589710235596,5.751438140869141,24.154216766357422,transformer,embedding,2,243.5356646925211
171,516,0.23152855038642883,96.03118896484375,1.2605253458023071,0.001,NaN,NaN,NaN,transformer,embedding,2,244.11896660923958
172,519,0.15088585019111633,98.36994934082031,1.162863850593567,0.001,NaN,NaN,NaN,transformer,embedding,2,244.54223831743002
173,522,0.12017221748828888,98.93692016601562,1.1276910305023193,0.001,NaN,NaN,NaN,transformer,embedding,2,244.78738620877266
174,525,0.08231006562709808,99.22041320800781,1.0857924222946167,0.001,NaN,NaN,NaN,transformer,embedding,2,244.87818416953087
175,528,0.06323665380477905,99.57476806640625,1.0652788877487183,0.001,3.371542453765869,7.1642913818359375,29.1234130859375,transformer,embedding,2,244.83797706663609
176,531,0.048768386244773865,99.78738403320312,1.04997718334198,0.001,NaN,NaN,NaN,transformer,embedding,2,244.68032877892256
177,534,0.04157506301999092,99.92912292480469,1.0424513816833496,0.001,NaN,NaN,NaN,transformer,embedding,2,244.4269302263856
178,537,0.032186124473810196,100.0,1.0327097177505493,0.001,NaN,NaN,NaN,transformer,embedding,2,244.09712740033865
179,540,0.02796458825469017,100.0,1.028359293937683,0.001,NaN,NaN,NaN,transformer,embedding,2,243.70727851241827
180,543,0.025635583326220512,100.0,1.025967001914978,0.001,3.370349884033203,7.751938343048096,29.088703155517578,transformer,embedding,2,243.27038448303938
181,546,0.022636089473962784,100.0,1.022894263267517,0.001,NaN,NaN,NaN,transformer,embedding,2,242.7944928854704
182,549,0.020589197054505348,100.0,1.020802617073059,0.001,NaN,NaN,NaN,transformer,embedding,2,242.28621958196163
183,552,0.019246671348810196,100.0,1.0194331407546997,0.001,NaN,NaN,NaN,transformer,embedding,2,241.75490077584982
184,555,0.01807972602546215,100.0,1.0182441473007202,0.001,NaN,NaN,NaN,transformer,embedding,2,241.20521450042725
185,558,0.017263516783714294,100.0,1.0174133777618408,0.001,3.357524871826172,8.00200080871582,28.718021392822266,transformer,embedding,2,240.64127389341593
186,561,0.016611941158771515,100.0,1.016750693321228,0.001,NaN,NaN,NaN,transformer,embedding,2,240.06777331978083
187,564,0.01616043597459793,100.0,1.0162917375564575,0.001,NaN,NaN,NaN,transformer,embedding,2,239.48837234079838
188,567,0.01575493812561035,100.0,1.01587975025177,0.001,NaN,NaN,NaN,transformer,embedding,2,238.90498732030392
189,570,0.015404683537781239,100.0,1.015523910522461,0.001,NaN,NaN,NaN,transformer,embedding,2,238.32104517519474
190,573,0.015175886452198029,100.0,1.0152915716171265,0.001,3.3263039588928223,8.364591598510742,27.83527183532715,transformer,embedding,2,237.73887073993683
191,576,0.014973806217312813,100.0,1.0150865316390991,0.001,NaN,NaN,NaN,transformer,embedding,2,237.15805576741695
192,579,0.014849347993731499,100.0,1.0149601697921753,0.001,NaN,NaN,NaN,transformer,embedding,2,236.5803076699376
193,582,0.01471712626516819,100.0,1.0148259401321411,0.001,NaN,NaN,NaN,transformer,embedding,2,236.00786774605513
194,585,0.014587542042136192,100.0,1.0146944522857666,0.001,NaN,NaN,NaN,transformer,embedding,2,235.44016111642122
195,588,0.014484456740319729,100.0,1.0145899057388306,0.001,3.295502185821533,8.564641952514648,26.990964889526367,transformer,embedding,2,234.87670028954744
196,591,0.014412271790206432,100.0,1.0145165920257568,0.001,NaN,NaN,NaN,transformer,embedding,2,234.3198110461235
197,594,0.014328273013234138,100.0,1.014431357383728,0.001,NaN,NaN,NaN,transformer,embedding,2,233.76828140765429
198,597,0.014273817650973797,100.0,1.014376163482666,0.001,NaN,NaN,NaN,transformer,embedding,2,233.22420566529036
199,600,0.014183860272169113,100.0,1.0142849683761597,0.001,NaN,NaN,NaN,transformer,embedding,2,232.68685774505138
200,603,0.014131855219602585,100.0,1.0142321586608887,0.001,3.267756700515747,8.689672470092773,26.25238037109375,transformer,embedding,2,232.15654630213976
202,609,0.013992082327604294,100.0,1.0140904188156128,0.001,NaN,NaN,NaN,transformer,embedding,2,231.11889476329088
204,615,0.013804848305881023,100.0,1.0139005184173584,0.001,NaN,NaN,NaN,transformer,embedding,2,230.11501905322075
205,618,NaN,NaN,NaN,NaN,3.2463109493255615,8.902225494384766,25.69537353515625,transformer,embedding,2,229.62505450844765
206,621,0.013568057678639889,100.0,1.0136605501174927,0.001,NaN,NaN,NaN,transformer,embedding,2,229.14065292477608
208,627,0.013376979157328606,100.0,1.0134668350219727,0.001,NaN,NaN,NaN,transformer,embedding,2,228.20255795121193
210,633,0.013127620331943035,100.0,1.013214111328125,0.001,3.2321393489837646,9.064766883850098,25.333797454833984,transformer,embedding,2,227.29559434950352
212,639,0.012926578521728516,100.0,1.0130105018615723,0.001,NaN,NaN,NaN,transformer,embedding,2,226.4206266850233
214,645,0.012592747807502747,100.0,1.0126724243164062,0.001,NaN,NaN,NaN,transformer,embedding,2,225.57970190793276
215,648,NaN,NaN,NaN,NaN,3.221442937850952,9.114779472351074,25.064260482788086,transformer,embedding,2,225.17149068415165
216,651,0.012299205176532269,100.0,1.0123751163482666,0.001,NaN,NaN,NaN,transformer,embedding,2,224.77035175263882
218,657,0.012005958706140518,100.0,1.0120782852172852,0.001,NaN,NaN,NaN,transformer,embedding,2,223.99277468025684
220,663,0.011661786586046219,100.0,1.0117300748825073,0.001,3.2150027751922607,9.177294731140137,24.90336036682129,transformer,embedding,2,223.24577642977238
222,669,0.01130263414233923,100.0,1.0113667249679565,0.001,NaN,NaN,NaN,transformer,embedding,2,222.52837897837162
224,675,0.010948745533823967,100.0,1.011008858680725,0.001,NaN,NaN,NaN,transformer,embedding,2,221.8390526548028
225,678,NaN,NaN,NaN,NaN,3.2208755016326904,9.264816284179688,25.05004119873047,transformer,embedding,2,221.5037740468979
226,681,0.010623818263411522,100.0,1.0106804370880127,0.001,NaN,NaN,NaN,transformer,embedding,2,221.1773201301694
228,687,0.01024864986538887,100.0,1.0103013515472412,0.001,NaN,NaN,NaN,transformer,embedding,2,220.53948280215263
230,693,0.009877944365143776,100.0,1.0099269151687622,0.001,3.225229263305664,9.264816284179688,25.15934181213379,transformer,embedding,2,219.92745433747768
232,699,0.009504266083240509,100.0,1.009549617767334,0.001,NaN,NaN,NaN,transformer,embedding,2,219.34223902970552
234,705,0.009157851338386536,100.0,1.009199857711792,0.001,NaN,NaN,NaN,transformer,embedding,2,218.77771417796612
235,708,NaN,NaN,NaN,NaN,3.231945037841797,9.527381896972656,25.328874588012695,transformer,embedding,2,218.50670751184225
236,711,0.008821851573884487,100.0,1.0088608264923096,0.001,NaN,NaN,NaN,transformer,embedding,2,218.2347046881914
238,717,0.00850202701985836,100.0,1.0085382461547852,0.001,NaN,NaN,NaN,transformer,embedding,2,217.7231823578477
240,723,0.008174797520041466,100.0,1.0082082748413086,0.001,3.2505013942718506,9.427356719970703,25.803274154663086,transformer,embedding,2,217.22703002393246
242,729,0.007709675934165716,100.0,1.0077394247055054,0.001,NaN,NaN,NaN,transformer,embedding,2,216.74369361251593
244,735,0.007647728081792593,100.0,1.0076770782470703,0.001,NaN,NaN,NaN,transformer,embedding,2,216.28156255930662
245,738,NaN,NaN,NaN,NaN,3.26212477684021,9.352338790893555,26.10494613647461,transformer,embedding,2,216.061353251338
246,741,0.007662228308618069,100.0,1.0076916217803955,0.001,NaN,NaN,NaN,transformer,embedding,2,215.85633873194456
248,747,0.009855267591774464,100.0,1.0099040269851685,0.001,NaN,NaN,NaN,transformer,embedding,2,215.5167500525713
250,753,1.5238090753555298,29.97873878479004,4.589674472808838,0.001,2.793555736541748,2.650662660598755,16.339014053344727,transformer,embedding,2,216.2605836763978
252,759,1.017614722251892,62.93408966064453,2.766587734222412,0.001,NaN,NaN,NaN,transformer,embedding,2,218.22034358233213
254,765,0.47975003719329834,87.24308776855469,1.6156704425811768,0.001,NaN,NaN,NaN,transformer,embedding,2,220.25126356631517
255,768,NaN,NaN,NaN,NaN,3.1638052463531494,6.264066219329834,23.660459518432617,transformer,embedding,2,221.07929310947657
256,771,0.27082735300064087,96.9525146484375,1.3110487461090088,0.001,NaN,NaN,NaN,transformer,embedding,2,221.74220371991396
258,777,0.17102599143981934,99.2912826538086,1.1865215301513672,0.001,NaN,NaN,NaN,transformer,embedding,2,222.5658224374056
260,783,0.11299456655979156,99.92912292480469,1.1196258068084717,0.001,3.29791522026062,7.2518134117126465,27.05617332458496,transformer,embedding,2,222.82436467707157
262,789,0.0820266529917717,100.0,1.0854847431182861,0.001,NaN,NaN,NaN,transformer,embedding,2,222.6657950952649
264,795,0.06398898363113403,100.0,1.0660806894302368,0.001,NaN,NaN,NaN,transformer,embedding,2,222.22000098228455
265,798,NaN,NaN,NaN,NaN,3.3350861072540283,7.776944637298584,28.080801010131836,transformer,embedding,2,221.92183420807123
266,801,0.05252998694777489,100.0,1.0539342164993286,0.001,NaN,NaN,NaN,transformer,embedding,2,221.57974386960268
268,807,0.044668927788734436,100.0,1.0456815958023071,0.001,NaN,NaN,NaN,transformer,embedding,2,220.81132446974516
270,813,0.04008743539452553,100.0,1.040901780128479,0.001,3.331757068634033,8.189547538757324,27.98747444152832,transformer,embedding,2,219.96736949682236
272,819,0.03728347644209862,100.0,1.037987232208252,0.001,NaN,NaN,NaN,transformer,embedding,2,219.0807389765978
274,825,0.03510279580950737,100.0,1.0357261896133423,0.001,NaN,NaN,NaN,transformer,embedding,2,218.1725450605154
275,828,NaN,NaN,NaN,NaN,3.3128814697265625,8.439610481262207,27.464149475097656,transformer,embedding,2,217.7166379839182
276,831,0.033849768340587616,100.0,1.0344291925430298,0.001,NaN,NaN,NaN,transformer,embedding,2,217.26365191489458
278,837,0.03272801265120506,100.0,1.0332695245742798,0.001,NaN,NaN,NaN,transformer,embedding,2,216.37031468003988
280,843,0.03156003728508949,100.0,1.032063364982605,0.001,3.2949538230895996,8.477119445800781,26.976167678833008,transformer,embedding,2,215.49462036043406
282,849,0.0312096755951643,100.0,1.0317018032073975,0.001,NaN,NaN,NaN,transformer,embedding,2,214.6469335705042
284,855,0.030335284769535065,100.0,1.0308001041412354,0.001,NaN,NaN,NaN,transformer,embedding,2,213.83085421472788
285,858,NaN,NaN,NaN,NaN,3.2766430377960205,8.727182388305664,26.48670768737793,transformer,embedding,2,213.43530736118555
286,861,0.029648322612047195,100.0,1.0300922393798828,0.001,NaN,NaN,NaN,transformer,embedding,2,213.04637707024813
288,867,0.029309431090950966,100.0,1.0297431945800781,0.001,NaN,NaN,NaN,transformer,embedding,2,212.3000983595848
290,873,0.028222300112247467,100.0,1.0286242961883545,0.001,3.2686853408813477,8.727182388305664,26.276771545410156,transformer,embedding,2,211.59115725010633
292,879,0.027824517339468002,100.0,1.0282152891159058,0.001,NaN,NaN,NaN,transformer,embedding,2,210.91730382293463
294,885,0.02672833763062954,100.0,1.0270887613296509,0.001,NaN,NaN,NaN,transformer,embedding,2,210.27756337076426
295,888,NaN,NaN,NaN,NaN,3.2652344703674316,8.827207565307617,26.186250686645508,transformer,embedding,2,209.96939861029387
296,891,0.026481114327907562,100.0,1.0268348455429077,0.001,NaN,NaN,NaN,transformer,embedding,2,209.67038432508707
298,897,0.02654804289340973,100.0,1.0269036293029785,0.001,NaN,NaN,NaN,transformer,embedding,2,209.10773485898972
300,903,0.025905964896082878,100.0,1.0262444019317627,0.001,3.2736899852752686,8.727182388305664,26.408607482910156,transformer,embedding,2,208.60487705469131
303,912,0.025376031175255775,100.0,1.0257006883621216,0.001,NaN,NaN,NaN,transformer,embedding,2,207.9284568950534
305,918,NaN,NaN,NaN,NaN,3.2735371589660645,8.752188682556152,26.404571533203125,transformer,embedding,2,207.561967022717
306,921,0.025206321850419044,100.0,1.0255266427993774,0.001,NaN,NaN,NaN,transformer,embedding,2,207.4057755768299
309,930,0.025556202977895737,100.0,1.0258855819702148,0.001,NaN,NaN,NaN,transformer,embedding,2,207.061153806746
311,936,NaN,NaN,NaN,NaN,3.2960352897644043,8.602150917053223,27.00535774230957,transformer,embedding,2,206.8791831061244
312,939,0.022384105250239372,100.0,1.0226365327835083,0.001,NaN,NaN,NaN,transformer,embedding,2,206.78231727331877
315,948,0.019853370264172554,100.0,1.0200517177581787,0.001,NaN,NaN,NaN,transformer,embedding,2,206.4374882876873
317,954,NaN,NaN,NaN,NaN,3.3285152912139893,8.514629364013672,27.896892547607422,transformer,embedding,2,206.19383104890585
318,957,0.019604306668043137,100.0,1.019797682762146,0.001,NaN,NaN,NaN,transformer,embedding,2,206.0823723077774
321,966,0.020367681980133057,100.0,1.0205764770507812,0.001,NaN,NaN,NaN,transformer,embedding,2,205.860875248909
323,972,NaN,NaN,NaN,NaN,3.353421211242676,8.727182388305664,28.600414276123047,transformer,embedding,2,205.76597332954407
324,975,0.018309615552425385,100.0,1.018478274345398,0.001,NaN,NaN,NaN,transformer,embedding,2,205.7232245504856
327,984,0.016365187242627144,100.0,1.0164998769760132,0.001,NaN,NaN,NaN,transformer,embedding,2,205.55623764544725
329,990,NaN,NaN,NaN,NaN,3.3739826679229736,8.552138328552246,29.194568634033203,transformer,embedding,2,205.43221975117922
330,993,0.01602555625140667,100.0,1.0161546468734741,0.001,NaN,NaN,NaN,transformer,embedding,2,205.38824036717415
333,1002,0.2645128667354584,89.01487731933594,1.3027962446212769,0.001,NaN,NaN,NaN,transformer,embedding,2,205.7010204344988
335,1008,NaN,NaN,NaN,NaN,3.162665843963623,5.288822174072266,23.633514404296875,transformer,embedding,2,208.6683255955577
336,1011,0.3970297873020172,89.6527328491211,1.4874002933502197,0.001,NaN,NaN,NaN,transformer,embedding,2,210.3410324305296
339,1020,0.13458555936813354,99.36215209960938,1.1440625190734863,0.001,NaN,NaN,NaN,transformer,embedding,2,214.03943963348866
341,1026,NaN,NaN,NaN,NaN,3.454941749572754,6.726681709289551,31.656444549560547,transformer,embedding,2,215.2068848311901
342,1029,0.06473428010940552,100.0,1.0668754577636719,0.001,NaN,NaN,NaN,transformer,embedding,2,215.48924862593412
345,1038,0.039891697466373444,100.0,1.0406980514526367,0.001,NaN,NaN,NaN,transformer,embedding,2,215.4773921519518
347,1044,NaN,NaN,NaN,NaN,3.4989473819732666,7.339334964752197,33.08061218261719,transformer,embedding,2,215.01553279161453
348,1047,0.029100723564624786,100.0,1.029528260231018,0.001,NaN,NaN,NaN,transformer,embedding,2,214.6972728446126
351,1056,0.024365555495023727,100.0,1.0246648788452148,0.001,NaN,NaN,NaN,transformer,embedding,2,213.5291489586234
353,1062,NaN,NaN,NaN,NaN,3.477504014968872,7.701925754547119,32.37880325317383,transformer,embedding,2,212.65729891508818
354,1065,0.02224409393966198,100.0,1.0224933624267578,0.001,NaN,NaN,NaN,transformer,embedding,2,212.21121860295534
357,1074,0.021127071231603622,100.0,1.0213518142700195,0.001,NaN,NaN,NaN,transformer,embedding,2,210.85369673371315
360,1083,0.020512286573648453,100.0,1.0207240581512451,0.001,3.430751085281372,7.864466667175293,30.899843215942383,transformer,embedding,2,209.51209259033203
363,1092,0.020151842385530472,100.0,1.020356297492981,0.001,NaN,NaN,NaN,transformer,embedding,2,208.22261572629213
366,1101,0.01989475078880787,100.0,1.0200939178466797,0.001,NaN,NaN,NaN,transformer,embedding,2,207.01070771366358
367,1104,NaN,NaN,NaN,NaN,3.396111249923706,8.077019691467285,29.847803115844727,transformer,embedding,2,206.6286967471242
369,1110,0.019909901544451714,100.0,1.0201094150543213,0.001,NaN,NaN,NaN,transformer,embedding,2,205.8943708911538
372,1119,0.01958247274160385,100.0,1.0197755098342896,0.001,NaN,NaN,NaN,transformer,embedding,2,204.8906482681632
374,1125,NaN,NaN,NaN,NaN,3.3725781440734863,8.164541244506836,29.153593063354492,transformer,embedding,2,204.28533650189638
375,1128,0.019459206610918045,100.0,1.0196497440338135,0.001,NaN,NaN,NaN,transformer,embedding,2,204.00141436606646
378,1137,0.01930268295109272,100.0,1.0194902420043945,0.001,NaN,NaN,NaN,transformer,embedding,2,203.22925604134798
381,1146,0.01944417878985405,100.0,1.019634485244751,0.001,3.369542121887207,8.202051162719727,29.065216064453125,transformer,embedding,2,202.6113645657897
384,1155,0.018589109182357788,100.0,1.0187629461288452,0.001,NaN,NaN,NaN,transformer,embedding,2,202.11561004072428
387,1164,0.018248124048113823,100.0,1.0184156894683838,0.001,NaN,NaN,NaN,transformer,embedding,2,201.7359530106187
388,1167,NaN,NaN,NaN,NaN,3.444340944290161,3.8384597301483154,31.322633743286133,transformer,embedding,2,201.6905042231083
390,1173,0.8918132781982422,62.296241760253906,2.439549207687378,0.001,NaN,NaN,NaN,transformer,embedding,2,204.55530488491058
393,1182,0.2168421447277069,97.51948547363281,1.2421480417251587,0.001,NaN,NaN,NaN,transformer,embedding,2,209.88710092753172
395,1188,NaN,NaN,NaN,NaN,3.4045445919036865,6.48912239074707,30.100584030151367,transformer,embedding,2,212.22450994700193
396,1191,0.08970382809638977,99.78738403320312,1.0938502550125122,0.001,NaN,NaN,NaN,transformer,embedding,2,212.98683920502663
399,1200,0.050467707216739655,100.0,1.0517629384994507,0.001,NaN,NaN,NaN,transformer,embedding,2,214.01028791069984
402,1209,0.03566068038344383,100.0,1.0363041162490845,0.001,3.477630615234375,7.226807117462158,32.382904052734375,transformer,embedding,2,213.7958580777049
406,1221,0.027715425938367844,100.0,1.0281031131744385,0.001,NaN,NaN,NaN,transformer,embedding,2,212.5764769986272
410,1233,0.024402160197496414,100.0,1.0247023105621338,0.001,3.4450693130493164,7.326831817626953,31.345455169677734,transformer,embedding,2,210.9698702916503
414,1245,0.023049302399158478,100.0,1.0233169794082642,0.001,NaN,NaN,NaN,transformer,embedding,2,209.2923900783062
418,1257,0.022345740348100662,100.0,1.022597312927246,0.001,3.4003806114196777,7.58939790725708,29.975507736206055,transformer,embedding,2,207.67957381159067
422,1269,0.02166343852877617,100.0,1.0218998193740845,0.001,NaN,NaN,NaN,transformer,embedding,2,206.19494626671076
426,1281,0.02159670926630497,100.0,1.0218316316604614,0.001,3.3673641681671143,7.76444149017334,29.001981735229492,transformer,embedding,2,204.8831526041031
430,1293,0.020943954586982727,100.0,1.0211647748947144,0.001,NaN,NaN,NaN,transformer,embedding,2,203.7782258093357
434,1305,0.02194826677441597,100.0,1.0221909284591675,0.001,3.35284423828125,7.951988220214844,28.58391761779785,transformer,embedding,2,202.91307087242603
438,1317,0.02007504180073738,100.0,1.0202778577804565,0.001,NaN,NaN,NaN,transformer,embedding,2,202.33938811719418
442,1329,0.021630609408020973,100.0,1.0218662023544312,0.001,3.355038642883301,7.58939790725708,28.646711349487305,transformer,embedding,2,202.00593554973602
446,1341,0.6151795387268066,80.93550872802734,1.8499886989593506,0.001,NaN,NaN,NaN,transformer,embedding,2,206.78683791309595
450,1353,0.13079065084457397,99.64564514160156,1.1397291421890259,0.001,3.359807014465332,6.089022636413574,28.78363609313965,transformer,embedding,2,213.0403459444642
454,1365,0.054907362908124924,100.0,1.0564427375793457,0.001,NaN,NaN,NaN,transformer,embedding,2,215.191351570189
458,1377,0.03488369286060333,100.0,1.0354992151260376,0.001,3.4504024982452393,7.014254093170166,31.513072967529297,transformer,embedding,2,214.9159509986639
462,1389,0.027618005871772766,100.0,1.0280029773712158,0.001,NaN,NaN,NaN,transformer,embedding,2,213.65733836591244
466,1401,0.02451922371983528,100.0,1.0248222351074219,0.001,NaN,NaN,NaN,transformer,embedding,2,212.0658147856593
467,1404,NaN,NaN,NaN,NaN,3.424497604370117,7.264316558837891,30.70721435546875,transformer,embedding,2,211.65326435118914
470,1413,0.02342911809682846,100.0,1.0237057209014893,0.001,NaN,NaN,NaN,transformer,embedding,2,210.42912174761295
474,1425,0.022982196882367134,100.0,1.023248314857483,0.001,NaN,NaN,NaN,transformer,embedding,2,208.8786731734872
476,1431,NaN,NaN,NaN,NaN,3.381310224533081,7.514379024505615,29.409278869628906,transformer,embedding,2,208.16152737289667
478,1437,0.022674255073070526,100.0,1.0229332447052002,0.001,NaN,NaN,NaN,transformer,embedding,2,207.49137666076422
482,1449,0.022659877315163612,100.0,1.0229185819625854,0.001,NaN,NaN,NaN,transformer,embedding,2,206.30581589788198
485,1458,NaN,NaN,NaN,NaN,3.355030059814453,7.614404201507568,28.646465301513672,transformer,embedding,2,205.56537974625826
486,1461,0.021949712187051773,100.0,1.022192358970642,0.001,NaN,NaN,NaN,transformer,embedding,2,205.3499510064721
490,1473,0.022949278354644775,100.0,1.0232146978378296,0.001,NaN,NaN,NaN,transformer,embedding,2,204.6941452100873
494,1485,0.026150602847337723,100.0,1.0264955759048462,0.001,3.35064959526062,7.414353847503662,28.521255493164062,transformer,embedding,2,204.43537524342537
498,1497,0.061289187520742416,99.64563751220703,1.0632063150405884,0.001,NaN,NaN,NaN,transformer,embedding,2,205.278896830976
502,1509,0.32846707105636597,90.43231964111328,1.388837456703186,0.001,NaN,NaN,NaN,transformer,embedding,2,212.75681463629007
503,1512,NaN,NaN,NaN,NaN,3.349125862121582,4.438610076904297,28.477828979492188,transformer,embedding,2,214.49423927813768
507,1524,0.07253123074769974,100.0,1.0752264261245728,0.001,NaN,NaN,NaN,transformer,embedding,2,218.6553192436695
512,1539,0.03466194495558739,100.0,1.0352696180343628,0.001,NaN,NaN,NaN,transformer,embedding,2,219.21022848784924
513,1542,NaN,NaN,NaN,NaN,3.479620933532715,6.764191627502441,32.447418212890625,transformer,embedding,2,218.99474835395813
517,1554,0.02561591938138008,100.0,1.025946855545044,0.001,NaN,NaN,NaN,transformer,embedding,2,217.6810935884714
522,1569,0.023304464295506477,100.0,1.02357816696167,0.001,NaN,NaN,NaN,transformer,embedding,2,215.60765448212624
523,1572,NaN,NaN,NaN,NaN,3.4339141845703125,7.264316558837891,30.99773597717285,transformer,embedding,2,215.18625333160162
527,1584,0.022629451006650925,100.0,1.0228874683380127,0.001,NaN,NaN,NaN,transformer,embedding,2,213.5461703836918
532,1599,0.022364407777786255,100.0,1.0226163864135742,0.001,NaN,NaN,NaN,transformer,embedding,2,211.71226017177105
533,1602,NaN,NaN,NaN,NaN,3.3803725242614746,7.4518632888793945,29.3817138671875,transformer,embedding,2,211.37910722196102
537,1614,0.02184157259762287,100.0,1.0220818519592285,0.001,NaN,NaN,NaN,transformer,embedding,2,210.18020589649677
542,1629,0.022478045895695686,100.0,1.0227326154708862,0.001,NaN,NaN,NaN,transformer,embedding,2,209.01093208789825
543,1632,NaN,NaN,NaN,NaN,3.355465888977051,7.326832294464111,28.658952713012695,transformer,embedding,2,208.8294225782156
547,1644,0.025165315717458725,100.0,1.0254846811294556,0.001,NaN,NaN,NaN,transformer,embedding,2,208.38103432953358
552,1659,0.023859672248363495,100.0,1.024146556854248,0.001,NaN,NaN,NaN,transformer,embedding,2,208.96653943508863
553,1662,NaN,NaN,NaN,NaN,3.380204916000366,7.001750946044922,29.37679100036621,transformer,embedding,2,209.13680417090654
557,1674,0.34929439425468445,91.28277587890625,1.4180666208267212,0.001,NaN,NaN,NaN,transformer,embedding,2,215.56374134868383
562,1689,0.07630038261413574,100.0,1.0792866945266724,0.001,NaN,NaN,NaN,transformer,embedding,2,221.76783990859985
564,1695,NaN,NaN,NaN,NaN,3.433971643447876,6.651663303375244,30.9995174407959,transformer,embedding,2,222.56472976505756
567,1704,0.03655318543314934,100.0,1.0372294187545776,0.001,NaN,NaN,NaN,transformer,embedding,2,222.64330112934113
572,1719,0.025218216702342033,100.0,1.0255389213562012,0.001,NaN,NaN,NaN,transformer,embedding,2,221.26516468077898
575,1728,NaN,NaN,NaN,NaN,3.4392664432525635,7.064266681671143,31.16408920288086,transformer,embedding,2,220.0770242884755
577,1734,0.022604800760746002,100.0,1.022862195968628,0.001,NaN,NaN,NaN,transformer,embedding,2,219.24343731999397
582,1749,0.022177234292030334,100.0,1.0224249362945557,0.001,NaN,NaN,NaN,transformer,embedding,2,217.21415397524834
586,1761,NaN,NaN,NaN,NaN,3.3762781620025635,7.501875877380371,29.261661529541016,transformer,embedding,2,215.74664589762688
587,1764,0.021778417751193047,100.0,1.022017240524292,0.001,NaN,NaN,NaN,transformer,embedding,2,215.40620639920235
592,1779,0.022153455764055252,100.0,1.0224006175994873,0.001,NaN,NaN,NaN,transformer,embedding,2,213.91434639692307
597,1794,0.022077687084674835,100.0,1.0223232507705688,0.001,3.352041721343994,7.651913166046143,28.56098747253418,transformer,embedding,2,212.83240471035242
602,1809,0.02476591058075428,100.0,1.025075078010559,0.001,NaN,NaN,NaN,transformer,embedding,2,212.33344530314207
608,1827,0.38908737897872925,93.97590637207031,1.4756335020065308,0.001,3.1892242431640625,4.538634777069092,24.26959228515625,transformer,embedding,2,222.6318328678608
614,1845,0.06514482200145721,100.0,1.067313551902771,0.001,NaN,NaN,NaN,transformer,embedding,2,229.15485749393702
620,1863,0.034390658140182495,100.0,1.0349888801574707,0.001,3.4420039653778076,6.7766947746276855,31.24951934814453,transformer,embedding,2,228.91997580230236
626,1881,0.02756580337882042,100.0,1.0279492139816284,0.001,NaN,NaN,NaN,transformer,embedding,2,226.75313917547464
632,1899,0.026064040139317513,100.0,1.0264066457748413,0.001,3.3804872035980225,7.214303970336914,29.38508415222168,transformer,embedding,2,224.33848050236702
638,1917,0.025601696223020554,100.0,1.0259321928024292,0.001,NaN,NaN,NaN,transformer,embedding,2,222.198859333992
644,1935,0.02568730339407921,100.0,1.0260200500488281,0.001,3.3353285789489746,7.489372730255127,28.087610244750977,transformer,embedding,2,220.59532006829977
650,1953,0.7854266166687012,61.94188690185547,2.193342447280884,0.001,NaN,NaN,NaN,transformer,embedding,2,220.54741363227367
656,1971,0.17444473505020142,97.94471740722656,1.1905848979949951,0.001,3.341244697570801,5.563891410827637,28.2542724609375,transformer,embedding,2,231.7840622290969
662,1989,0.0525728315114975,100.0,1.0539792776107788,0.001,NaN,NaN,NaN,transformer,embedding,2,235.0444793701172
668,2007,0.03251528739929199,100.0,1.0330497026443481,0.001,NaN,NaN,NaN,transformer,embedding,2,233.7254313081503
669,2010,NaN,NaN,NaN,NaN,3.3936984539031982,6.826706886291504,29.7758731842041,transformer,embedding,2,233.3481422662735
674,2025,0.028734354302287102,100.0,1.029151201248169,0.001,NaN,NaN,NaN,transformer,embedding,2,231.28919341415167
680,2043,0.027781790122389793,100.0,1.0281713008880615,0.001,NaN,NaN,NaN,transformer,embedding,2,228.85589305311441
682,2049,NaN,NaN,NaN,NaN,3.333324909210205,7.301826000213623,28.031389236450195,transformer,embedding,2,228.12203061580658
686,2061,0.027579646557569504,100.0,1.0279635190963745,0.001,NaN,NaN,NaN,transformer,embedding,2,226.82090461999178
692,2079,0.0284113809466362,100.0,1.0288188457489014,0.001,NaN,NaN,NaN,transformer,embedding,2,225.3957896977663
695,2088,NaN,NaN,NaN,NaN,3.3216350078582764,7.151788234710693,27.705612182617188,transformer,embedding,2,225.02036056667566
698,2097,0.02795785292983055,100.0,1.0283523797988892,0.001,NaN,NaN,NaN,transformer,embedding,2,224.87523771822453
704,2115,0.6917688846588135,67.6824951171875,1.9972453117370605,0.001,NaN,NaN,NaN,transformer,embedding,2,229.05344109982252
708,2127,NaN,NaN,NaN,NaN,3.355578899383545,5.83896017074585,28.66219139099121,transformer,embedding,2,236.53011605143547
711,2136,0.06797581166028976,100.0,1.0703394412994385,0.001,NaN,NaN,NaN,transformer,embedding,2,239.10279400646687
718,2157,0.031191326677799225,100.0,1.0316828489303589,0.001,NaN,NaN,NaN,transformer,embedding,2,238.96296776086092
722,2169,NaN,NaN,NaN,NaN,3.407726526260376,7.264316558837891,30.196516036987305,transformer,embedding,2,237.43596792966127
725,2178,0.025811228901147842,100.0,1.0261472463607788,0.001,NaN,NaN,NaN,transformer,embedding,2,236.13288855552673
732,2199,0.025062432512640953,100.0,1.0253791809082031,0.001,NaN,NaN,NaN,transformer,embedding,2,233.19955222308636
736,2211,NaN,NaN,NaN,NaN,3.343949317932129,7.414353847503662,28.330793380737305,transformer,embedding,2,231.77146438509226
739,2220,0.025191709399223328,100.0,1.0255117416381836,0.001,NaN,NaN,NaN,transformer,embedding,2,230.89388475567102
746,2241,0.03732798993587494,100.0,1.0380334854125977,0.001,NaN,NaN,NaN,transformer,embedding,2,229.78418547660112
750,2253,NaN,NaN,NaN,NaN,3.1250619888305664,4.451112747192383,22.761306762695312,transformer,embedding,2,236.9401607364416
753,2262,0.2155701071023941,97.37774658203125,1.240568995475769,0.001,NaN,NaN,NaN,transformer,embedding,2,242.43178893625736
760,2283,0.05162197723984718,100.0,1.0529775619506836,0.001,NaN,NaN,NaN,transformer,embedding,2,246.52498464286327
764,2295,NaN,NaN,NaN,NaN,3.3920881748199463,6.939235210418701,29.727964401245117,transformer,embedding,2,245.70524565130472
767,2304,0.03367641195654869,100.0,1.0342499017715454,0.001,NaN,NaN,NaN,transformer,embedding,2,244.58051586151123
774,2325,0.030300075188279152,100.0,1.0307637453079224,0.001,NaN,NaN,NaN,transformer,embedding,2,241.58164209127426
779,2340,NaN,NaN,NaN,NaN,3.332846164703369,7.3643412590026855,28.017972946166992,transformer,embedding,2,239.62601874768734
781,2346,0.02904982678592205,100.0,1.0294759273529053,0.001,NaN,NaN,NaN,transformer,embedding,2,238.9222955405712
788,2367,0.03356049582362175,100.0,1.0341299772262573,0.001,NaN,NaN,NaN,transformer,embedding,2,237.02744010835886
794,2385,NaN,NaN,NaN,NaN,3.2373881340026855,5.113778591156006,25.467117309570312,transformer,embedding,2,246.7535917237401
795,2388,0.20208027958869934,98.22821044921875,1.223946213722229,0.001,NaN,NaN,NaN,transformer,embedding,2,248.42713446170092
802,2409,0.04989728704094887,100.0,1.0511630773544312,0.001,NaN,NaN,NaN,transformer,embedding,2,252.74633875489235
809,2430,NaN,NaN,NaN,NaN,3.4053261280059814,7.089272499084473,30.12411880493164,transformer,embedding,2,250.8821275010705
810,2433,0.030785277485847473,100.0,1.031264066696167,0.001,NaN,NaN,NaN,transformer,embedding,2,250.47254442423582
818,2457,0.027806099504232407,100.0,1.0281963348388672,0.001,NaN,NaN,NaN,transformer,embedding,2,247.11530696600676
825,2478,NaN,NaN,NaN,NaN,3.356717586517334,7.176794528961182,28.694847106933594,transformer,embedding,2,244.74883076548576
826,2481,0.03162746876478195,100.0,1.0321329832077026,0.001,NaN,NaN,NaN,transformer,embedding,2,244.51623129844666
834,2505,0.375925213098526,90.50318908691406,1.4563381671905518,0.001,NaN,NaN,NaN,transformer,embedding,2,252.75159168988466
841,2526,NaN,NaN,NaN,NaN,3.3990371227264404,6.214053630828857,29.93526268005371,transformer,embedding,2,260.43929143995047
842,2529,0.06038647145032883,100.0,1.0622470378875732,0.001,NaN,NaN,NaN,transformer,embedding,2,260.61207753419876
850,2553,0.033375535160303116,100.0,1.0339387655258179,0.001,NaN,NaN,NaN,transformer,embedding,2,258.68693666905165
857,2574,NaN,NaN,NaN,NaN,3.3900623321533203,7.139285087585449,29.667800903320312,transformer,embedding,2,255.67627708613873
858,2577,0.02761434204876423,100.0,1.0279991626739502,0.001,NaN,NaN,NaN,transformer,embedding,2,255.26415298879147
866,2601,0.026395171880722046,100.0,1.0267466306686401,0.001,NaN,NaN,NaN,transformer,embedding,2,252.4888482540846
874,2625,0.724956750869751,67.75336456298828,2.0646417140960693,0.001,3.128854513168335,1.7504377365112305,22.847793579101562,transformer,embedding,2,251.68933108448982
882,2649,0.15205344557762146,99.50390625,1.1642224788665771,0.001,NaN,NaN,NaN,transformer,embedding,2,265.58270474523306
890,2673,0.041428498923778534,100.0,1.042298674583435,0.001,NaN,NaN,NaN,transformer,embedding,2,267.222354657948
891,2676,NaN,NaN,NaN,NaN,3.4127628803253174,6.776694297790527,30.348979949951172,transformer,embedding,2,266.906751178205
898,2697,0.02992185950279236,100.0,1.0303740501403809,0.001,NaN,NaN,NaN,transformer,embedding,2,263.8458945453167
906,2721,0.027858661487698555,100.0,1.0282503366470337,0.001,NaN,NaN,NaN,transformer,embedding,2,260.19702323526144
908,2727,NaN,NaN,NaN,NaN,3.3660240173339844,7.301826000213623,28.9631404876709,transformer,embedding,2,259.40127562731504
915,2748,0.028087545186281204,100.0,1.0284857749938965,0.001,NaN,NaN,NaN,transformer,embedding,2,257.2328742519021
924,2775,0.2353833168745041,96.88164520263672,1.2653937339782715,0.001,NaN,NaN,NaN,transformer,embedding,2,269.63147139549255
926,2781,NaN,NaN,NaN,NaN,3.384274959564209,5.326331615447998,29.496599197387695,transformer,embedding,2,271.93138640373945
933,2802,0.04437626525759697,100.0,1.0453755855560303,0.001,NaN,NaN,NaN,transformer,embedding,2,273.24714621156454
942,2829,0.02926921285688877,100.0,1.0297017097473145,0.001,NaN,NaN,NaN,transformer,embedding,2,269.31354711949825
944,2835,NaN,NaN,NaN,NaN,3.391578197479248,7.02675724029541,29.71280860900879,transformer,embedding,2,268.3752987831831
951,2856,0.02584240585565567,100.0,1.0261791944503784,0.001,NaN,NaN,NaN,transformer,embedding,2,265.6188043728471
960,2883,0.021180419251322746,100.0,1.0214062929153442,0.001,NaN,NaN,NaN,transformer,embedding,2,263.21573258936405
962,2889,NaN,NaN,NaN,NaN,3.3648808002471924,7.43936014175415,28.9300479888916,transformer,embedding,2,262.8047032877803
969,2910,0.021436918526887894,100.0,1.0216683149337769,0.001,NaN,NaN,NaN,transformer,embedding,2,261.74285474419594
978,2937,1.2735440731048584,39.759037017822266,3.5734949111938477,0.001,NaN,NaN,NaN,transformer,embedding,2,275.91887525469065
981,2946,NaN,NaN,NaN,NaN,3.2120625972747803,3.5758941173553467,24.83024787902832,transformer,embedding,2,281.06674840301275
987,2964,0.12394887208938599,99.8582534790039,1.1319580078125,0.001,NaN,NaN,NaN,transformer,embedding,2,285.46072287112474
996,2991,0.05052739009261131,100.0,1.0518256425857544,0.001,NaN,NaN,NaN,transformer,embedding,2,283.5147186368704
1000,3003,NaN,NaN,NaN,NaN,3.298600196838379,6.901725769042969,27.0747127532959,transformer,embedding,2,281.70872239023447
1005,3018,0.03955600783228874,100.0,1.040348768234253,0.001,NaN,NaN,NaN,transformer,embedding,2,279.43977981060743
1015,3048,0.0426260381937027,100.0,1.0435476303100586,0.001,NaN,NaN,NaN,transformer,embedding,2,275.9158646762371
1019,3060,NaN,NaN,NaN,NaN,2.6080830097198486,2.5381345748901367,13.573006629943848,transformer,embedding,2,278.5713758915663
1025,3078,0.24118895828723907,96.9525146484375,1.2727614641189575,0.001,NaN,NaN,NaN,transformer,embedding,2,289.4640124961734
1035,3108,0.053246162831783295,100.0,1.0546892881393433,0.001,NaN,NaN,NaN,transformer,embedding,2,291.25643368810415
1039,3120,NaN,NaN,NaN,NaN,3.326119899749756,6.8767194747924805,27.830148696899414,transformer,embedding,2,289.5458896011114
1045,3138,0.03566480055451393,100.0,1.0363084077835083,0.001,NaN,NaN,NaN,transformer,embedding,2,286.5470286756754
1055,3168,0.03268779069185257,100.0,1.0332279205322266,0.001,NaN,NaN,NaN,transformer,embedding,2,282.0520531386137
1059,3180,NaN,NaN,NaN,NaN,3.30385684967041,7.214303970336914,27.217411041259766,transformer,embedding,2,280.78836493194103
1065,3198,1.7223154306411743,21.04890251159668,5.597474098205566,0.001,NaN,NaN,NaN,transformer,embedding,2,281.96130941063166
1075,3228,0.08081696927547455,99.92912292480469,1.0841724872589111,0.001,NaN,NaN,NaN,transformer,embedding,2,295.22353141754866
1080,3243,NaN,NaN,NaN,NaN,3.3679821491241455,6.864216327667236,29.01991081237793,transformer,embedding,2,294.68797218054533
1085,3258,0.03537826985120773,100.0,1.0360115766525269,0.001,NaN,NaN,NaN,transformer,embedding,2,292.4628875181079
1095,3288,0.029738083481788635,100.0,1.0301846265792847,0.001,NaN,NaN,NaN,transformer,embedding,2,287.21016140282154
1101,3306,NaN,NaN,NaN,NaN,3.3162660598754883,7.776944637298584,27.557260513305664,transformer,embedding,2,284.54786329716444
1105,3318,0.027919406071305275,100.0,1.0283128023147583,0.001,NaN,NaN,NaN,transformer,embedding,2,283.11075488477945
1116,3351,0.12267658114433289,99.78738403320312,1.1305186748504639,0.001,NaN,NaN,NaN,transformer,embedding,2,299.69798865914345
1123,3372,NaN,NaN,NaN,NaN,3.348456859588623,6.539134979248047,28.458784103393555,transformer,embedding,2,300.19634625315666
1127,3384,0.03933006152510643,100.0,1.0401136875152588,0.001,NaN,NaN,NaN,transformer,embedding,2,298.4552423208952
1138,3417,0.03104424476623535,100.0,1.0315310955047607,0.001,NaN,NaN,NaN,transformer,embedding,2,292.6273304000497
1145,3438,NaN,NaN,NaN,NaN,3.3074111938476562,7.789447784423828,27.314321517944336,transformer,embedding,2,289.4731769487262
1149,3450,0.6124874949455261,73.35222625732422,1.8450151681900024,0.001,NaN,NaN,NaN,transformer,embedding,2,288.54033303260803
1160,3483,0.5897112488746643,79.23458862304688,1.8034676313400269,0.001,NaN,NaN,NaN,transformer,embedding,2,303.85582092404366
1167,3504,NaN,NaN,NaN,NaN,3.2235100269317627,6.214053630828857,25.11612319946289,transformer,embedding,2,308.9682571142912
1171,3516,0.08395073562860489,99.78738403320312,1.0875753164291382,0.001,NaN,NaN,NaN,transformer,embedding,2,308.5114297941327
1182,3549,0.050001807510852814,100.0,1.051272988319397,0.001,NaN,NaN,NaN,transformer,embedding,2,303.76538099348545
1190,3573,NaN,NaN,NaN,NaN,3.272346019744873,7.5393853187561035,26.373138427734375,transformer,embedding,2,300.3395686149597
1193,3582,0.0401744470000267,100.0,1.0409923791885376,0.001,NaN,NaN,NaN,transformer,embedding,2,299.2378576248884
1204,3615,0.4098094403743744,91.14103698730469,1.5065306425094604,0.001,NaN,NaN,NaN,transformer,embedding,2,307.876994214952
1213,3642,NaN,NaN,NaN,NaN,3.3126869201660156,6.439110279083252,27.45880699157715,transformer,embedding,2,313.2987297549844
1216,3651,0.055951640009880066,100.0,1.0575464963912964,0.001,NaN,NaN,NaN,transformer,embedding,2,312.38207414001226
1228,3687,0.03771727532148361,100.0,1.0384376049041748,0.001,NaN,NaN,NaN,transformer,embedding,2,306.16137877851725
1237,3714,NaN,NaN,NaN,NaN,3.304060697555542,7.326831817626953,27.222959518432617,transformer,embedding,2,301.9541716724634
1240,3723,1.5549858808517456,37.703758239746094,4.735019683837891,0.001,NaN,NaN,NaN,transformer,embedding,2,304.4089048355818
1252,3759,0.06622034311294556,100.0,1.0684621334075928,0.001,NaN,NaN,NaN,transformer,embedding,2,316.03884870558977
1261,3786,NaN,NaN,NaN,NaN,3.345060348510742,7.301825523376465,28.362287521362305,transformer,embedding,2,311.8809762895107
1264,3795,0.03621785715222359,100.0,1.036881685256958,0.001,NaN,NaN,NaN,transformer,embedding,2,310.1108850687742
1276,3831,0.03192570433020592,100.0,1.0324407815933228,0.001,NaN,NaN,NaN,transformer,embedding,2,303.77006236091256
1286,3861,NaN,NaN,NaN,NaN,3.096820592880249,4.301075458526611,22.127487182617188,transformer,embedding,2,311.0602682046592
1288,3867,0.35480809211730957,91.7080078125,1.425907015800476,0.001,NaN,NaN,NaN,transformer,embedding,2,314.7420173212886
1300,3903,0.05198488384485245,100.0,1.053359866142273,0.001,NaN,NaN,NaN,transformer,embedding,2,318.1833011545241
1311,3936,NaN,NaN,NaN,NaN,3.3447916507720947,7.564391613006592,28.35466766357422,transformer,embedding,2,312.38611159846187
1313,3942,0.03476600721478462,100.0,1.0353773832321167,0.001,NaN,NaN,NaN,transformer,embedding,2,311.33814503997564
1326,3981,0.8650296330451965,71.08433532714844,2.3750765323638916,0.001,NaN,NaN,NaN,transformer,embedding,2,313.6437252275646
1337,4014,NaN,NaN,NaN,NaN,3.3809821605682373,6.764191150665283,29.39963150024414,transformer,embedding,2,324.250975959003
1339,4020,0.053786251693964005,100.0,1.0552589893341064,0.001,NaN,NaN,NaN,transformer,embedding,2,323.7359003126621
1352,4059,0.03250546008348465,100.0,1.0330395698547363,0.001,NaN,NaN,NaN,transformer,embedding,2,316.78736448287964
1363,4092,NaN,NaN,NaN,NaN,3.3553614616394043,7.889472961425781,28.655960083007812,transformer,embedding,2,311.2428376227617
1365,4098,0.036950983107089996,100.0,1.0376421213150024,0.001,NaN,NaN,NaN,transformer,embedding,2,310.4823200777173
1378,4137,0.10695865005254745,99.78738403320312,1.112888216972351,0.001,NaN,NaN,NaN,transformer,embedding,2,327.79603573679924
1390,4173,NaN,NaN,NaN,NaN,3.386030435562134,7.176794528961182,29.548425674438477,transformer,embedding,2,322.9884587675333
1391,4176,0.03843923285603523,100.0,1.0391875505447388,0.001,NaN,NaN,NaN,transformer,embedding,2,322.3663384914398
1404,4215,0.03152668848633766,100.0,1.0320289134979248,0.001,NaN,NaN,NaN,transformer,embedding,2,314.8397351950407
1417,4254,NaN,NaN,NaN,NaN,3.1582422256469727,4.4261064529418945,23.529199600219727,transformer,embedding,2,324.11336690187454
1418,4257,0.26798343658447266,96.17292785644531,1.3073254823684692,0.001,NaN,NaN,NaN,transformer,embedding,2,325.4949446618557
1432,4299,0.04048081487417221,100.0,1.0413113832473755,0.001,NaN,NaN,NaN,transformer,embedding,2,325.16300163418055
1445,4338,NaN,NaN,NaN,NaN,3.348444700241089,7.264316558837891,28.458436965942383,transformer,embedding,2,317.47487350553274
1446,4341,0.03275298327207565,100.0,1.0332952737808228,0.001,NaN,NaN,NaN,transformer,embedding,2,316.95003989338875
1460,4383,0.14232708513736725,99.57476806640625,1.1529537439346313,0.001,NaN,NaN,NaN,transformer,embedding,2,329.07483108341694
1473,4422,NaN,NaN,NaN,NaN,3.3874850273132324,6.901725769042969,29.5914363861084,transformer,embedding,2,325.5185405090451
1474,4425,0.0381653867661953,100.0,1.038902997970581,0.001,NaN,NaN,NaN,transformer,embedding,2,324.89082765579224
1488,4467,0.03287805616855621,100.0,1.0334244966506958,0.001,NaN,NaN,NaN,transformer,embedding,2,316.79894030094147
1502,4509,0.14622719585895538,99.00779724121094,1.1574591398239136,0.001,3.3433573246002197,5.538885116577148,28.31402587890625,transformer,embedding,2,330.53185833245516
1517,4554,0.03562907129526138,100.0,1.0362714529037476,0.001,NaN,NaN,NaN,transformer,embedding,2,326.1429978348315
1532,4599,0.031132031232118607,100.0,1.0316216945648193,0.001,3.3741238117218018,7.301826000213623,29.198688507080078,transformer,embedding,2,317.37329589203
1547,4644,0.29822999238967896,92.91282653808594,1.3474717140197754,0.001,NaN,NaN,NaN,transformer,embedding,2,329.5294518135488
1562,4689,0.03912746533751488,100.0,1.0399030447006226,0.001,3.405564308166504,6.539134979248047,30.13129425048828,transformer,embedding,2,328.9584067426622
1577,4734,0.03082941845059395,100.0,1.0313096046447754,0.001,NaN,NaN,NaN,transformer,embedding,2,319.9932493418455
1592,4779,0.6141013503074646,71.86392211914062,1.8479951620101929,0.001,NaN,NaN,NaN,transformer,embedding,2,325.40773950889707
1593,4782,NaN,NaN,NaN,NaN,3.2568068504333496,3.513378381729126,25.966489791870117,transformer,embedding,2,327.4572918340564
1607,4824,0.04269734025001526,100.0,1.0436220169067383,0.001,NaN,NaN,NaN,transformer,embedding,2,331.11650501936674
1623,4872,0.03024791181087494,100.0,1.030709981918335,0.001,NaN,NaN,NaN,transformer,embedding,2,320.88120840117335
1624,4875,NaN,NaN,NaN,NaN,3.372058868408203,6.989247798919678,29.138458251953125,transformer,embedding,2,320.3035097755492
1639,4920,0.9751344919204712,59.107017517089844,2.6515238285064697,0.001,NaN,NaN,NaN,transformer,embedding,2,323.05019503459334
1655,4968,0.04561075195670128,100.0,1.0466668605804443,0.001,NaN,NaN,NaN,transformer,embedding,2,330.77945674955845
1656,4971,NaN,NaN,NaN,NaN,3.4011011123657227,6.276569366455078,29.997112274169922,transformer,embedding,2,330.20797930285335
1671,5016,0.032241445034742355,100.0,1.0327668190002441,0.001,NaN,NaN,NaN,transformer,embedding,2,321.16192404925823
1687,5064,0.581159770488739,76.18710327148438,1.7881109714508057,0.001,NaN,NaN,NaN,transformer,embedding,2,328.9020607508719
1689,5070,NaN,NaN,NaN,NaN,3.321526288986206,4.238559722900391,27.702600479125977,transformer,embedding,2,331.91379729658365
1703,5112,0.03900817036628723,100.0,1.0397789478302002,0.001,NaN,NaN,NaN,transformer,embedding,2,330.2461495473981
1720,5163,0.030510222539305687,100.0,1.0309804677963257,0.001,NaN,NaN,NaN,transformer,embedding,2,319.5252746194601
1722,5169,NaN,NaN,NaN,NaN,3.378864288330078,6.839210033416748,29.337432861328125,transformer,embedding,2,318.49834384024143
1737,5214,0.6276665925979614,71.65131378173828,1.873234510421753,0.001,NaN,NaN,NaN,transformer,embedding,2,326.1722767688334
1754,5265,0.03731174021959305,100.0,1.0380165576934814,0.001,NaN,NaN,NaN,transformer,embedding,2,328.27307998016477
1756,5271,NaN,NaN,NaN,NaN,3.423957586288452,6.176544189453125,30.690635681152344,transformer,embedding,2,326.92012789845467
1771,5316,0.03051261603832245,100.0,1.0309828519821167,0.001,NaN,NaN,NaN,transformer,embedding,2,317.4861346334219
1788,5367,0.15234263241291046,99.36215209960938,1.1645591259002686,0.001,NaN,NaN,NaN,transformer,embedding,2,328.78500075638294
1791,5376,NaN,NaN,NaN,NaN,3.4159693717956543,4.938735008239746,30.446449279785156,transformer,embedding,2,330.19981003552675
1805,5418,0.031544461846351624,100.0,1.0320472717285156,0.001,NaN,NaN,NaN,transformer,embedding,2,323.8391137570143
1823,5472,0.026560448110103607,100.0,1.026916265487671,0.001,NaN,NaN,NaN,transformer,embedding,2,313.67210983112454
1826,5481,NaN,NaN,NaN,NaN,3.393911838531494,6.664166450500488,29.782228469848633,transformer,embedding,2,312.4577421247959
1841,5526,0.09230001270771027,100.0,1.096693754196167,0.001,NaN,NaN,NaN,transformer,embedding,2,327.38414119929075
1859,5580,0.031239233911037445,100.0,1.0317323207855225,0.001,NaN,NaN,NaN,transformer,embedding,2,317.9149375073612
1862,5589,NaN,NaN,NaN,NaN,3.3762779235839844,6.389097690582275,29.261653900146484,transformer,embedding,2,316.02829483151436
1877,5634,2.170705795288086,13.253012657165527,8.7644681930542,0.001,NaN,NaN,NaN,transformer,embedding,2,311.3998985141516
1895,5688,0.0399504229426384,100.0,1.0407592058181763,0.001,NaN,NaN,NaN,transformer,embedding,2,325.0212652795017
1899,5700,NaN,NaN,NaN,NaN,3.399254083633423,5.9389848709106445,29.941757202148438,transformer,embedding,2,322.5385256521404
1913,5742,0.029900429770350456,100.0,1.030351996421814,0.001,NaN,NaN,NaN,transformer,embedding,2,313.91114716231823
1932,5799,0.28344494104385376,94.61375427246094,1.3276957273483276,0.001,NaN,NaN,NaN,transformer,embedding,2,326.21016919612885
1936,5811,NaN,NaN,NaN,NaN,3.3538248538970947,4.726181983947754,28.611961364746094,transformer,embedding,2,329.08706134557724
1951,5856,0.03620190918445587,100.0,1.036865234375,0.001,NaN,NaN,NaN,transformer,embedding,2,322.4034009948373
1970,5913,0.03223917633295059,100.0,1.0327644348144531,0.001,NaN,NaN,NaN,transformer,embedding,2,312.5435722358525
1974,5925,NaN,NaN,NaN,NaN,3.1928930282592773,1.2128032445907593,24.358797073364258,transformer,embedding,2,312.6456903703511
1989,5970,0.07361836731433868,100.0,1.0763959884643555,0.001,NaN,NaN,NaN,transformer,embedding,2,329.9941964522004
2008,6027,0.034034788608551025,100.0,1.0346206426620483,0.001,NaN,NaN,NaN,transformer,embedding,2,318.9068464450538
2013,6042,NaN,NaN,NaN,NaN,3.3583414554595947,5.913978576660156,28.74148178100586,transformer,embedding,2,316.1005871631205
2028,6087,0.393300861120224,87.1722183227539,1.4818642139434814,0.001,NaN,NaN,NaN,transformer,embedding,2,323.1692414134741
2048,6147,0.033031292259693146,100.0,1.0335829257965088,0.001,NaN,NaN,NaN,transformer,embedding,2,321.9205458909273
2053,6162,NaN,NaN,NaN,NaN,3.4068922996520996,5.6514129638671875,30.171335220336914,transformer,embedding,2,318.6898530125618
2068,6207,0.027275439351797104,100.0,1.0276508331298828,0.001,NaN,NaN,NaN,transformer,embedding,2,310.95313515886664
2088,6267,0.046917498111724854,100.0,1.0480355024337769,0.001,NaN,NaN,NaN,transformer,embedding,2,327.1369379684329
2094,6285,NaN,NaN,NaN,NaN,3.441389322280884,5.476369380950928,31.230316162109375,transformer,embedding,2,323.51480962336063
2108,6327,0.028517406433820724,100.0,1.0289279222488403,0.001,NaN,NaN,NaN,transformer,embedding,2,314.79401376098394
2129,6390,0.07482760399580002,99.92912292480469,1.0776983499526978,0.001,NaN,NaN,NaN,transformer,embedding,2,326.0730283781886
2135,6408,NaN,NaN,NaN,NaN,3.4608941078186035,5.426356792449951,31.845436096191406,transformer,embedding,2,324.1043284833431
2150,6453,0.02834688499569893,100.0,1.0287524461746216,0.001,NaN,NaN,NaN,transformer,embedding,2,314.4282965436578
2171,6516,0.6886290311813354,69.24166870117188,1.9909840822219849,0.001,NaN,NaN,NaN,transformer,embedding,2,320.11018673330545
2177,6534,NaN,NaN,NaN,NaN,3.3669145107269287,4.3135786056518555,28.988943099975586,transformer,embedding,2,326.3102473169565
2192,6579,0.03701164573431015,100.0,1.0377050638198853,0.001,NaN,NaN,NaN,transformer,embedding,2,319.46664702147245
2213,6642,0.03165053948760033,100.0,1.0321567058563232,0.001,NaN,NaN,NaN,transformer,embedding,2,307.9791440144181
2220,6663,NaN,NaN,NaN,NaN,3.234710216522217,3.2508127689361572,25.399009704589844,transformer,embedding,2,316.9307365939021
2235,6708,0.03941750526428223,100.0,1.040204644203186,0.001,NaN,NaN,NaN,transformer,embedding,2,319.6965436786413
2257,6774,0.03012555092573166,100.0,1.0305838584899902,0.001,NaN,NaN,NaN,transformer,embedding,2,306.78633526340127
2264,6795,NaN,NaN,NaN,NaN,2.637850522994995,1.7254314422607422,13.983115196228027,transformer,embedding,2,312.00749913975596
2279,6840,0.05563950538635254,100.0,1.0572165250778198,0.001,NaN,NaN,NaN,transformer,embedding,2,322.66930940002203
2301,6906,0.033341459929943085,100.0,1.0339034795761108,0.001,NaN,NaN,NaN,transformer,embedding,2,309.9800871498883
2309,6930,NaN,NaN,NaN,NaN,3.213127613067627,2.8007001876831055,24.856706619262695,transformer,embedding,2,313.4605599567294
2324,6975,0.04298790544271469,100.0,1.0439252853393555,0.001,NaN,NaN,NaN,transformer,embedding,2,320.95087187737226
2347,7044,0.028393035754561424,100.0,1.0288000106811523,0.001,NaN,NaN,NaN,transformer,embedding,2,307.1632660664618
2355,7068,NaN,NaN,NaN,NaN,3.383873462677002,5.713928699493408,29.484758377075195,transformer,embedding,2,304.09572757035494
2370,7113,0.19426049292087555,98.22821044921875,1.2144125699996948,0.001,NaN,NaN,NaN,transformer,embedding,2,320.0354164689779
2393,7182,0.03131162002682686,100.0,1.0318069458007812,0.001,NaN,NaN,NaN,transformer,embedding,2,311.8703180551529
2402,7209,NaN,NaN,NaN,NaN,3.4061777591705322,5.063766002655029,30.149784088134766,transformer,embedding,2,307.3923652470112
2416,7251,0.18617036938667297,97.87384796142578,1.204627513885498,0.001,NaN,NaN,NaN,transformer,embedding,2,318.2105503901839
2440,7323,0.027607588097453117,100.0,1.0279922485351562,0.001,NaN,NaN,NaN,transformer,embedding,2,309.4527297243476
2450,7353,NaN,NaN,NaN,NaN,3.431044578552246,5.551388263702393,30.908912658691406,transformer,embedding,2,304.34627291560173
2464,7395,0.16339944303035736,98.86605072021484,1.177506923675537,0.001,NaN,NaN,NaN,transformer,embedding,2,317.3845234811306
2488,7467,0.0297110453248024,100.0,1.0301568508148193,0.001,NaN,NaN,NaN,transformer,embedding,2,307.0342166721821
2498,7497,NaN,NaN,NaN,NaN,3.4061124324798584,5.326331615447998,30.14781379699707,transformer,embedding,2,301.803404442966
2512,7539,0.2568831443786621,96.38554382324219,1.2928940057754517,0.001,NaN,NaN,NaN,transformer,embedding,2,314.1911209821701
2537,7614,0.03030037321150303,100.0,1.030764102935791,0.001,NaN,NaN,NaN,transformer,embedding,2,306.84230326861143
2547,7644,NaN,NaN,NaN,NaN,3.421215295791626,5.101275444030762,30.60658836364746,transformer,embedding,2,301.8452058956027
2562,7689,0.11286671459674835,99.64564514160156,1.1194827556610107,0.001,NaN,NaN,NaN,transformer,embedding,2,316.0550344437361
2587,7764,0.029114335775375366,100.0,1.029542326927185,0.001,NaN,NaN,NaN,transformer,embedding,2,303.71335323899984
2597,7794,NaN,NaN,NaN,NaN,3.402617931365967,5.138784885406494,30.042646408081055,transformer,embedding,2,298.85247856751084
2612,7839,0.24428263306617737,96.17292785644531,1.2767051458358765,0.001,NaN,NaN,NaN,transformer,embedding,2,313.7854823619127
2638,7917,0.03034696914255619,100.0,1.03081214427948,0.001,NaN,NaN,NaN,transformer,embedding,2,304.30049236118793
2648,7947,NaN,NaN,NaN,NaN,3.4160053730010986,4.813703536987305,30.447546005249023,transformer,embedding,2,299.21881406381726
2664,7995,0.23504923284053802,96.88164520263672,1.2649710178375244,0.001,NaN,NaN,NaN,transformer,embedding,2,309.96185052394867
2690,8073,0.02870888076722622,100.0,1.0291249752044678,0.001,NaN,NaN,NaN,transformer,embedding,2,301.03521900624037
2700,8103,NaN,NaN,NaN,NaN,3.415538787841797,5.101275444030762,30.43334197998047,transformer,embedding,2,296.20118498802185
2716,8151,0.19732576608657837,98.36994934082031,1.2181408405303955,0.001,NaN,NaN,NaN,transformer,embedding,2,310.83079666644335
2743,8232,0.029564524069428444,100.0,1.030005931854248,0.001,NaN,NaN,NaN,transformer,embedding,2,300.88004268705845
2753,8262,NaN,NaN,NaN,NaN,3.2023138999938965,1.5003751516342163,24.5893611907959,transformer,embedding,2,297.62577963620424
2770,8313,0.040199164301157,100.0,1.0410181283950806,0.001,NaN,NaN,NaN,transformer,embedding,2,310.28922483325005
2797,8394,0.025444163009524345,100.0,1.025770664215088,0.001,NaN,NaN,NaN,transformer,embedding,2,295.1147310398519
2808,8427,NaN,NaN,NaN,NaN,2.881284236907959,2.0255064964294434,17.83716583251953,transformer,embedding,2,298.71725195646286
2824,8475,0.042810261249542236,100.0,1.0437397956848145,0.001,NaN,NaN,NaN,transformer,embedding,2,310.1074922904372
2852,8559,0.02476891502737999,100.0,1.0250781774520874,0.001,NaN,NaN,NaN,transformer,embedding,2,294.35385528951883
2864,8595,NaN,NaN,NaN,NaN,3.3202314376831055,2.9882471561431885,27.6667537689209,transformer,embedding,2,305.95617719739676
2880,8643,0.03472398594021797,100.0,1.0353338718414307,0.001,NaN,NaN,NaN,transformer,embedding,2,306.3360927551985
2908,8727,0.02922474592924118,100.0,1.029655933380127,0.001,NaN,NaN,NaN,transformer,embedding,2,292.2578240185976
2921,8766,NaN,NaN,NaN,NaN,3.400542736053467,3.5383846759796143,29.98036766052246,transformer,embedding,2,309.19038707762957
2937,8814,0.032716210931539536,100.0,1.033257246017456,0.001,NaN,NaN,NaN,transformer,embedding,2,302.84107315540314
2966,8901,2.2582056522369385,7.15804386138916,9.565909385681152,0.001,NaN,NaN,NaN,transformer,embedding,2,293.51579270511866
2979,8940,NaN,NaN,NaN,NaN,3.421755790710449,4.17604398727417,30.623136520385742,transformer,embedding,2,311.28071954101324
2995,8988,0.03111175075173378,100.0,1.031600832939148,0.001,NaN,NaN,NaN,transformer,embedding,2,302.96519496291876
3024,9075,0.3799872398376465,88.94401550292969,1.462265968322754,0.001,NaN,NaN,NaN,transformer,embedding,2,303.15797574073076
3038,9117,NaN,NaN,NaN,NaN,3.4907519817352295,4.338584899902344,32.810611724853516,transformer,embedding,2,305.64643663167953
3054,9165,0.025880590081214905,100.0,1.0262184143066406,0.001,NaN,NaN,NaN,transformer,embedding,2,295.9959437996149
3084,9255,0.07834259420633316,100.0,1.0814931392669678,0.001,NaN,NaN,NaN,transformer,embedding,2,310.6470089480281
3098,9297,NaN,NaN,NaN,NaN,3.489445924758911,4.526131629943848,32.76778793334961,transformer,embedding,2,303.7347278520465
3114,9345,0.025331921875476837,100.0,1.0256555080413818,0.001,NaN,NaN,NaN,transformer,embedding,2,295.2579127252102
3145,9438,0.0350206196308136,100.0,1.035641074180603,0.001,NaN,NaN,NaN,transformer,embedding,2,306.2280526906252
3159,9480,NaN,NaN,NaN,NaN,3.486750602722168,4.501125335693359,32.67958450317383,transformer,embedding,2,298.1269210129976
3176,9531,2.0149385929107666,20.4819278717041,7.500267028808594,0.001,NaN,NaN,NaN,transformer,embedding,2,295.7622931972146
3207,9624,0.029822004958987236,100.0,1.0302711725234985,0.001,NaN,NaN,NaN,transformer,embedding,2,300.289874792099
3222,9669,NaN,NaN,NaN,NaN,3.472245216369629,4.663666248321533,32.20897674560547,transformer,embedding,2,293.16475912183523
3239,9720,0.2756626605987549,92.98370361328125,1.3174034357070923,0.001,NaN,NaN,NaN,transformer,embedding,2,308.9317933470011
3271,9816,0.029359733685851097,100.0,1.0297949314117432,0.001,NaN,NaN,NaN,transformer,embedding,2,297.81493220478296
3286,9861,NaN,NaN,NaN,NaN,2.773629903793335,1.887972116470337,16.01666831970215,transformer,embedding,2,298.6144388243556
3303,9912,0.035606153309345245,100.0,1.0362476110458374,0.001,NaN,NaN,NaN,transformer,embedding,2,306.2501481324434
3336,10011,1.3117612600326538,35.29412078857422,3.712707042694092,0.001,NaN,NaN,NaN,transformer,embedding,2,298.812033303082
3351,10056,NaN,NaN,NaN,NaN,3.4993584156036377,3.875969171524048,33.09421157836914,transformer,embedding,2,306.78653287142515
3369,10110,0.02927590161561966,100.0,1.0297086238861084,0.001,NaN,NaN,NaN,transformer,embedding,2,296.06311669945717
3402,10209,0.03891425207257271,100.0,1.039681315422058,0.001,NaN,NaN,NaN,transformer,embedding,2,304.94382498413324
3418,10257,NaN,NaN,NaN,NaN,3.486260175704956,4.3135786056518555,32.6635627746582,transformer,embedding,2,295.92069625109434
3436,10311,0.38998332619667053,89.29837036132812,1.4769561290740967,0.001,NaN,NaN,NaN,transformer,embedding,2,300.2589382007718
3470,10413,0.025523049756884575,100.0,1.0258516073226929,0.001,NaN,NaN,NaN,transformer,embedding,2,293.4669476300478
3486,10461,NaN,NaN,NaN,NaN,2.5530734062194824,1.5503876209259033,12.846526145935059,transformer,embedding,2,293.33671064674854
3504,10515,0.03865107521414757,100.0,1.039407730102539,0.001,NaN,NaN,NaN,transformer,embedding,2,304.8499487787485
3539,10620,1.8813352584838867,18.781007766723633,6.56226110458374,0.001,NaN,NaN,NaN,transformer,embedding,2,295.46365712583065
3555,10668,NaN,NaN,NaN,NaN,3.5049285888671875,3.775944232940674,33.27906799316406,transformer,embedding,2,306.42132127285004
3574,10725,0.030993426218628883,100.0,1.031478762626648,0.001,NaN,NaN,NaN,transformer,embedding,2,295.71589713543653
3609,10830,0.03672834858298302,100.0,1.0374112129211426,0.001,NaN,NaN,NaN,transformer,embedding,2,302.62447299808264
3626,10881,NaN,NaN,NaN,NaN,3.446866512298584,4.151037693023682,31.401840209960938,transformer,embedding,2,293.22982286661863
3645,10938,0.460838258266449,83.77037811279297,1.5854023694992065,0.001,NaN,NaN,NaN,transformer,embedding,2,300.2387684956193
3681,11046,0.026321347802877426,100.0,1.0266708135604858,0.001,NaN,NaN,NaN,transformer,embedding,2,290.3360436707735
3698,11097,NaN,NaN,NaN,NaN,2.899155616760254,1.7504377365112305,18.15880584716797,transformer,embedding,2,293.9763331152499
3717,11154,0.036755263805389404,100.0,1.0374391078948975,0.001,NaN,NaN,NaN,transformer,embedding,2,303.1996156349778
3754,11265,0.22418378293514252,96.9525146484375,1.2513009309768677,0.001,NaN,NaN,NaN,transformer,embedding,2,304.0450774729252
3771,11316,NaN,NaN,NaN,NaN,3.514218330383301,3.6759190559387207,33.58966064453125,transformer,embedding,2,301.0746480152011
3791,11376,0.025066617876291275,100.0,1.025383472442627,0.001,NaN,NaN,NaN,transformer,embedding,2,290.44672825559974
3828,11487,0.030150387436151505,100.0,1.0306094884872437,0.001,NaN,NaN,NaN,transformer,embedding,2,299.52424189448357
3846,11541,NaN,NaN,NaN,NaN,3.488795042037964,3.9134786128997803,32.74646759033203,transformer,embedding,2,290.9550817646086
3866,11601,0.07242776453495026,100.0,1.0751150846481323,0.001,NaN,NaN,NaN,transformer,embedding,2,305.6071634814143
3904,11715,0.024118782952427864,100.0,1.0244120359420776,0.001,NaN,NaN,NaN,transformer,embedding,2,287.778990522027
3922,11769,NaN,NaN,NaN,NaN,3.5290865898132324,3.3758442401885986,34.092811584472656,transformer,embedding,2,304.93125957995653
3943,11832,0.02776334248483181,100.0,1.028152346611023,0.001,NaN,NaN,NaN,transformer,embedding,2,293.00711527094245
3982,11949,0.054590046405792236,100.0,1.056107521057129,0.001,NaN,NaN,NaN,transformer,embedding,2,305.8754124902189
4000,12003,NaN,NaN,NaN,NaN,3.484978199005127,3.7384347915649414,32.6217155456543,transformer,embedding,2,296.3171199671924
4021,12066,0.8677569627761841,60.028350830078125,2.3815629482269287,0.001,NaN,NaN,NaN,transformer,embedding,2,307.82214906439185
4061,12186,0.032196830958127975,100.0,1.0327208042144775,0.001,NaN,NaN,NaN,transformer,embedding,2,298.56193252652884
4079,12240,NaN,NaN,NaN,NaN,3.3318538665771484,3.1007752418518066,27.990182876586914,transformer,embedding,2,309.97154903784394
4101,12306,0.032946616411209106,100.0,1.0334954261779785,0.001,NaN,NaN,NaN,transformer,embedding,2,306.089162401855
4142,12429,0.046710409224033356,100.0,1.0478185415267944,0.001,NaN,NaN,NaN,transformer,embedding,2,312.9819872304797
4160,12483,NaN,NaN,NaN,NaN,3.5133728981018066,3.9634909629821777,33.561275482177734,transformer,embedding,2,303.21487426012754
4183,12552,0.16209442913532257,99.22041320800781,1.175971269607544,0.001,NaN,NaN,NaN,transformer,embedding,2,314.06905806809664
4224,12675,0.027735449373722076,100.0,1.0281236171722412,0.001,NaN,NaN,NaN,transformer,embedding,2,296.7745405584574
4243,12732,NaN,NaN,NaN,NaN,3.559828996658325,3.5633909702301025,35.15718460083008,transformer,embedding,2,309.8124410510063
4266,12801,0.025435317307710648,100.0,1.025761604309082,0.001,NaN,NaN,NaN,transformer,embedding,2,296.53907308354974
4308,12927,0.029514100402593613,100.0,1.029953956604004,0.001,NaN,NaN,NaN,transformer,embedding,2,301.8635451979935
4327,12984,NaN,NaN,NaN,NaN,3.5217344760894775,3.700925350189209,33.84307861328125,transformer,embedding,2,293.18081717193127
4351,13056,0.07829016447067261,100.0,1.0814363956451416,0.001,NaN,NaN,NaN,transformer,embedding,2,311.41240049898624
4394,13185,0.026424843817949295,100.0,1.0267770290374756,0.001,NaN,NaN,NaN,transformer,embedding,2,292.7077056020498
4413,13242,NaN,NaN,NaN,NaN,3.563676357269287,3.425856590270996,35.29270935058594,transformer,embedding,2,309.4840814396739
4437,13314,0.024611685425043106,100.0,1.0249170064926147,0.001,NaN,NaN,NaN,transformer,embedding,2,296.173909842968
4481,13446,0.030092747882008553,100.0,1.0305501222610474,0.001,NaN,NaN,NaN,transformer,embedding,2,305.32772951573133
4501,13506,NaN,NaN,NaN,NaN,3.515249490737915,3.7634410858154297,33.62431716918945,transformer,embedding,2,294.60051879286766
4525,13578,0.21891285479068756,96.52728271484375,1.244722843170166,0.001,NaN,NaN,NaN,transformer,embedding,2,312.01633371412754
4570,13713,0.023629480972886086,100.0,1.0239108800888062,0.001,NaN,NaN,NaN,transformer,embedding,2,292.98054095357656
4591,13776,NaN,NaN,NaN,NaN,3.5408551692962646,3.1632909774780273,34.49640655517578,transformer,embedding,2,309.56383886933327
4615,13848,0.025660330429673195,100.0,1.0259923934936523,0.001,NaN,NaN,NaN,transformer,embedding,2,295.8733349815011
4661,13986,0.031247135251760483,100.0,1.031740427017212,0.001,NaN,NaN,NaN,transformer,embedding,2,301.92915288358927
4682,14049,NaN,NaN,NaN,NaN,3.51167631149292,3.3758440017700195,33.5043830871582,transformer,embedding,2,293.030684068799
4707,14124,0.03558851778507233,100.0,1.0362293720245361,0.001,NaN,NaN,NaN,transformer,embedding,2,306.0382047444582
4754,14265,0.03692521154880524,100.0,1.037615418434143,0.001,NaN,NaN,NaN,transformer,embedding,2,306.9943949729204
4775,14328,NaN,NaN,NaN,NaN,3.499722480773926,3.425856590270996,33.10626220703125,transformer,embedding,2,295.1256808042526
4801,14406,0.3833918273448944,88.6605224609375,1.4672528505325317,0.001,NaN,NaN,NaN,transformer,embedding,2,307.60975152254105
4849,14550,1.6660723686218262,22.253721237182617,5.29134464263916,0.001,NaN,NaN,NaN,transformer,embedding,2,294.5498844385147
4870,14613,NaN,NaN,NaN,NaN,3.531543731689453,3.125781536102295,34.17668533325195,transformer,embedding,2,305.4656655713916
4897,14694,0.02476753666996956,100.0,1.0250767469406128,0.001,NaN,NaN,NaN,transformer,embedding,2,292.01992954313755
4945,14838,0.022880079224705696,100.0,1.0231438875198364,0.001,NaN,NaN,NaN,transformer,embedding,2,294.4882297627628
4967,14904,NaN,NaN,NaN,NaN,3.257699966430664,2.075518846511841,25.98969078063965,transformer,embedding,2,303.1510297730565
4994,14985,0.030833076685667038,100.0,1.0313133001327515,0.001,NaN,NaN,NaN,transformer,embedding,2,300.3205218911171
5043,15132,0.040248461067676544,100.0,1.0410693883895874,0.001,NaN,NaN,NaN,transformer,embedding,2,305.2650687471032
5066,15201,NaN,NaN,NaN,NaN,3.4450321197509766,3.425856590270996,31.344289779663086,transformer,embedding,2,294.69317692890763
5093,15282,0.031533971428871155,100.0,1.0320364236831665,0.001,NaN,NaN,NaN,transformer,embedding,2,305.37437883391976
5143,15432,0.05671926587820053,100.0,1.0583586692810059,0.001,NaN,NaN,NaN,transformer,embedding,2,308.53743094205856
5167,15504,NaN,NaN,NaN,NaN,3.4938371181488037,3.313328504562378,32.911991119384766,transformer,embedding,2,294.274798206985
5194,15585,1.6424082517623901,26.29340934753418,5.167599201202393,0.001,NaN,NaN,NaN,transformer,embedding,2,295.062030415982
5245,15738,1.8470678329467773,23.671154022216797,6.341198921203613,0.001,NaN,NaN,NaN,transformer,embedding,2,296.04977862909436
5270,15813,NaN,NaN,NaN,NaN,3.525528907775879,3.1882972717285156,33.971736907958984,transformer,embedding,2,301.66530387848616
5297,15894,0.03230386972427368,100.0,1.0328313112258911,0.001,NaN,NaN,NaN,transformer,embedding,2,291.7882649451494
5349,16050,0.024639006704092026,100.0,1.0249450206756592,0.001,NaN,NaN,NaN,transformer,embedding,2,294.8615766391158
5375,16128,NaN,NaN,NaN,NaN,3.4643611907958984,3.0882720947265625,31.956039428710938,transformer,embedding,2,310.21881245076656
5402,16209,0.029676619917154312,100.0,1.0301213264465332,0.001,NaN,NaN,NaN,transformer,embedding,2,296.4353036880493
5456,16371,0.0264996699988842,100.0,1.0268539190292358,0.001,NaN,NaN,NaN,transformer,embedding,2,293.9744971394539
5482,16449,NaN,NaN,NaN,NaN,3.527714729309082,2.838209629058838,34.04607391357422,transformer,embedding,2,306.59999830648303
5510,16533,0.02507690340280533,100.0,1.0253939628601074,0.001,NaN,NaN,NaN,transformer,embedding,2,291.5102433934808
5565,16698,0.024070270359516144,100.0,1.024362325668335,0.001,NaN,NaN,NaN,transformer,embedding,2,291.4814961627126
5591,16776,NaN,NaN,NaN,NaN,3.4707064628601074,2.863215923309326,32.159454345703125,transformer,embedding,2,302.90082554891706
5620,16863,0.024852285161614418,100.0,1.0251636505126953,0.001,NaN,NaN,NaN,transformer,embedding,2,290.83582896739244
5676,17031,0.027424242347478867,100.0,1.0278037786483765,0.001,NaN,NaN,NaN,transformer,embedding,2,292.70093470811844
5702,17109,NaN,NaN,NaN,NaN,3.516024112701416,2.6131534576416016,33.65037155151367,transformer,embedding,2,304.2676334120333
5732,17199,0.024063436314463615,100.0,1.0243552923202515,0.001,NaN,NaN,NaN,transformer,embedding,2,289.5736480206251
5789,17370,0.02561897039413452,100.0,1.0259499549865723,0.001,NaN,NaN,NaN,transformer,embedding,2,289.5008274167776
5816,17451,NaN,NaN,NaN,NaN,3.436628818511963,3.025756597518921,31.081998825073242,transformer,embedding,2,303.8104567080736
5846,17541,0.026170456781983376,100.0,1.0265159606933594,0.001,NaN,NaN,NaN,transformer,embedding,2,288.9368626996875
5904,17715,0.02472604624927044,100.0,1.0250343084335327,0.001,NaN,NaN,NaN,transformer,embedding,2,292.0256738066673
5932,17799,NaN,NaN,NaN,NaN,3.4345152378082275,2.738184690475464,31.016372680664062,transformer,embedding,2,307.3709964491427
5963,17892,0.023853156715631485,100.0,1.0241398811340332,0.001,NaN,NaN,NaN,transformer,embedding,2,294.1060658618808
6022,18069,0.025505542755126953,100.0,1.0258336067199707,0.001,NaN,NaN,NaN,transformer,embedding,2,291.6885140351951
6050,18153,NaN,NaN,NaN,NaN,3.549093246459961,3.0007503032684326,34.78176498413086,transformer,embedding,2,304.71615279465914
6082,18249,0.597959578037262,73.99007415771484,1.8184046745300293,0.001,NaN,NaN,NaN,transformer,embedding,2,291.07439237833023
6142,18429,2.551224708557129,5.173635482788086,12.822798728942871,0.001,NaN,NaN,NaN,transformer,embedding,2,288.16500410810113
6170,18513,NaN,NaN,NaN,NaN,3.526352882385254,3.238309621810913,33.99974060058594,transformer,embedding,2,301.9384148493409
6203,18612,0.38300010561943054,89.65272521972656,1.4666781425476074,0.001,NaN,NaN,NaN,transformer,embedding,2,304.0582709014416
6265,18798,0.24824681878089905,95.88944244384766,1.2817763090133667,0.001,NaN,NaN,NaN,transformer,embedding,2,307.7848788127303
6293,18882,NaN,NaN,NaN,NaN,3.520860195159912,2.9882471561431885,33.81350326538086,transformer,embedding,2,298.02068873494864
6327,18984,0.0481894426047802,100.0,1.04936945438385,0.001,NaN,NaN,NaN,transformer,embedding,2,306.88370215147734
6390,19173,0.03455580770969391,100.0,1.0351598262786865,0.001,NaN,NaN,NaN,transformer,embedding,2,301.95409010350704
6418,19257,NaN,NaN,NaN,NaN,3.5402188301086426,3.1632909774780273,34.47446060180664,transformer,embedding,2,288.5350425504148
6453,19362,0.028015458956360817,100.0,1.028411626815796,0.001,NaN,NaN,NaN,transformer,embedding,2,294.72953939437866
6517,19554,0.02880607359111309,100.0,1.0292249917984009,0.001,NaN,NaN,NaN,transformer,embedding,2,297.33747293800116
6546,19641,NaN,NaN,NaN,NaN,3.5266273021698,2.9007253646850586,34.009071350097656,transformer,embedding,2,306.9996158927679
6582,19749,0.02256619557738304,100.0,1.0228227376937866,0.001,NaN,NaN,NaN,transformer,embedding,2,289.4442068077624
6647,19944,2.1236209869384766,8.504606246948242,8.361358642578125,0.001,NaN,NaN,NaN,transformer,embedding,2,296.71788340061903
6676,20031,NaN,NaN,NaN,NaN,3.503174304962158,3.0632660388946533,33.22073745727539,transformer,embedding,2,304.384089641273
6713,20142,0.04784448444843292,100.0,1.049007534980774,0.001,NaN,NaN,NaN,transformer,embedding,2,309.3796553686261
6780,20343,0.027808494865894318,100.0,1.0281987190246582,0.001,NaN,NaN,NaN,transformer,embedding,2,301.7631068713963
6809,20430,NaN,NaN,NaN,NaN,2.7562477588653564,1.650412678718567,15.740669250488281,transformer,embedding,2,292.54227277264
6847,20544,0.02385437861084938,100.0,1.0241411924362183,0.001,NaN,NaN,NaN,transformer,embedding,2,293.46815033629537
6915,20748,0.024299198761582375,100.0,1.0245968103408813,0.001,NaN,NaN,NaN,transformer,embedding,2,289.7538261190057
6945,20838,NaN,NaN,NaN,NaN,3.566283941268921,2.8757190704345703,35.384857177734375,transformer,embedding,2,300.71484783664346
6984,20955,0.4146689176559448,85.96739959716797,1.5138694047927856,0.001,NaN,NaN,NaN,transformer,embedding,2,300.9787809252739
7053,21162,0.0682709813117981,100.0,1.070655345916748,0.001,NaN,NaN,NaN,transformer,embedding,2,303.3570779785514
7083,21252,NaN,NaN,NaN,NaN,3.510890007019043,2.9882471561431885,33.478050231933594,transformer,embedding,2,288.0868675522506
7123,21372,0.027956681326031685,100.0,1.0283511877059937,0.001,NaN,NaN,NaN,transformer,embedding,2,295.5883317440748
7194,21585,0.02189832180738449,100.0,1.0221399068832397,0.001,NaN,NaN,NaN,transformer,embedding,2,286.4344960972667
7224,21675,NaN,NaN,NaN,NaN,3.4105165004730225,2.388097047805786,30.280879974365234,transformer,embedding,2,302.2516420893371
7265,21798,0.021344343200325966,100.0,1.021573781967163,0.001,NaN,NaN,NaN,transformer,embedding,2,287.427453763783
7337,22014,0.02124382182955742,100.0,1.0214710235595703,0.001,NaN,NaN,NaN,transformer,embedding,2,288.26856925338507
7368,22107,NaN,NaN,NaN,NaN,3.5500879287719727,2.838209629058838,34.81637954711914,transformer,embedding,2,302.1797216013074
7410,22233,0.07123655080795288,100.0,1.0738352537155151,0.001,NaN,NaN,NaN,transformer,embedding,2,308.27192348241806
7484,22455,0.02539525181055069,100.0,1.025720477104187,0.001,NaN,NaN,NaN,transformer,embedding,2,296.8384783193469
7515,22548,NaN,NaN,NaN,NaN,3.186877965927124,1.0752688646316528,24.212717056274414,transformer,embedding,2,287.9740437604487
7558,22677,0.027138855308294296,100.0,1.0275105237960815,0.001,NaN,NaN,NaN,transformer,embedding,2,294.3330997861922
7633,22902,0.9129302501678467,54.21686553955078,2.4916129112243652,0.001,NaN,NaN,NaN,transformer,embedding,2,297.8770283535123
7665,22998,NaN,NaN,NaN,NaN,3.525153636932373,2.938234806060791,33.95899200439453,transformer,embedding,2,293.4809001646936
7709,23130,0.13230009377002716,99.8582534790039,1.1414507627487183,0.001,NaN,NaN,NaN,transformer,embedding,2,308.09142822772264
7786,23361,0.029153574258089066,100.0,1.0295827388763428,0.001,NaN,NaN,NaN,transformer,embedding,2,300.1559938490391
7818,23457,NaN,NaN,NaN,NaN,2.5063650608062744,1.6004002094268799,12.260283470153809,transformer,embedding,2,293.9808440580964
7863,23592,0.022224752232432365,100.0,1.0224735736846924,0.001,NaN,NaN,NaN,transformer,embedding,2,294.00965233147144
7941,23826,0.5124678611755371,83.48689270019531,1.6694059371948242,0.001,NaN,NaN,NaN,transformer,embedding,2,302.1414918527007
7974,23925,NaN,NaN,NaN,NaN,3.5263354778289795,2.7756941318511963,33.999149322509766,transformer,embedding,2,294.2346885949373
8020,24063,0.025961145758628845,100.0,1.0263010263442993,0.001,NaN,NaN,NaN,transformer,embedding,2,299.0644029267132
8100,24303,0.018981199711561203,100.0,1.0191625356674194,0.001,NaN,NaN,NaN,transformer,embedding,2,283.8650544844568
8133,24402,NaN,NaN,NaN,NaN,3.5645534992218018,2.550637722015381,35.32367706298828,transformer,embedding,2,297.0406726077199
8181,24546,0.03533576428890228,100.0,1.035967469215393,0.001,NaN,NaN,NaN,transformer,embedding,2,298.34561543911695
8262,24789,0.023580528795719147,100.0,1.0238606929779053,0.001,NaN,NaN,NaN,transformer,embedding,2,290.2018006294966
8295,24888,NaN,NaN,NaN,NaN,3.496692180633545,2.463115930557251,33.0060920715332,transformer,embedding,2,302.98972598463297
8344,25035,1.2906402349472046,40.326011657714844,3.63511323928833,0.001,NaN,NaN,NaN,transformer,embedding,2,288.84383273869753
8427,25284,0.029452871531248093,100.0,1.0298908948898315,0.001,NaN,NaN,NaN,transformer,embedding,2,298.2903741411865
8460,25383,NaN,NaN,NaN,NaN,3.414292812347412,2.013003349304199,30.39544677734375,transformer,embedding,2,303.38505585864186
8511,25536,1.0495299100875854,58.043941497802734,2.8563079833984375,0.001,NaN,NaN,NaN,transformer,embedding,2,293.19901506602764
8596,25791,0.026790034025907516,100.0,1.0271520614624023,0.001,NaN,NaN,NaN,transformer,embedding,2,298.13164691627026
8629,25890,NaN,NaN,NaN,NaN,3.2006711959838867,1.0502625703811646,24.549001693725586,transformer,embedding,2,286.97041922062635
8681,26046,0.979519784450531,55.77604675292969,2.663177013397217,0.001,NaN,NaN,NaN,transformer,embedding,2,298.2286808118224
8767,26304,0.032324329018592834,100.0,1.0328524112701416,0.001,NaN,NaN,NaN,transformer,embedding,2,303.38504880294204
8801,26406,NaN,NaN,NaN,NaN,3.247673749923706,1.8254565000534058,25.73041534423828,transformer,embedding,2,299.7913984134793
8854,26565,1.7018016576766968,22.820693969726562,5.483818531036377,0.001,NaN,NaN,NaN,transformer,embedding,2,292.04610615596175
8942,26829,0.03312830626964569,100.0,1.033683180809021,0.001,NaN,NaN,NaN,transformer,embedding,2,299.91800460219383
8977,26934,NaN,NaN,NaN,NaN,3.0264077186584473,1.2128032445907593,20.623016357421875,transformer,embedding,2,287.67935537546873
9031,27096,2.211501121520996,11.410346984863281,9.129410743713379,0.001,NaN,NaN,NaN,transformer,embedding,2,285.63927748799324
9121,27366,0.024835797026753426,100.0,1.025146722793579,0.001,NaN,NaN,NaN,transformer,embedding,2,296.5068585202098
9156,27471,NaN,NaN,NaN,NaN,3.231187582015991,1.937984585762024,25.309696197509766,transformer,embedding,2,297.3248454518616
9212,27639,1.4293798208236694,33.80581283569336,4.176108360290527,0.001,NaN,NaN,NaN,transformer,embedding,2,289.5351253002882
9304,27915,0.027785679325461388,100.0,1.0281753540039062,0.001,NaN,NaN,NaN,transformer,embedding,2,294.2079925201833
9339,28020,NaN,NaN,NaN,NaN,3.325061559677124,2.363090991973877,27.800710678100586,transformer,embedding,2,302.8594890907407
9397,28194,0.6649821400642395,68.88731384277344,1.9444557428359985,0.001,NaN,NaN,NaN,transformer,embedding,2,297.72469916567206
9490,28473,0.021012570708990097,100.0,1.0212348699569702,0.001,NaN,NaN,NaN,transformer,embedding,2,284.4719270057976
9525,28578,NaN,NaN,NaN,NaN,3.33207106590271,2.013003349304199,27.99626350402832,transformer,embedding,2,298.2112395465374
9584,28755,0.0792238786816597,99.92912292480469,1.082446575164795,0.001,NaN,NaN,NaN,transformer,embedding,2,300.9419032968581
9679,29040,0.01879558525979519,100.0,1.0189733505249023,0.001,NaN,NaN,NaN,transformer,embedding,2,284.4148578941822
9715,29148,NaN,NaN,NaN,NaN,3.5434954166412354,2.1380345821380615,34.58760452270508,transformer,embedding,2,301.79564801603556
9775,29328,0.029147855937480927,100.0,1.0295767784118652,0.001,NaN,NaN,NaN,transformer,embedding,2,300.3621674925089
9872,29619,0.3711453080177307,91.07015991210938,1.449393630027771,0.001,NaN,NaN,NaN,transformer,embedding,2,302.4275256022811
9909,29730,NaN,NaN,NaN,NaN,3.505610942840576,2.475619077682495,33.30178451538086,transformer,embedding,2,291.10529336333275
9970,29913,0.0208728164434433,100.0,1.021092176437378,0.001,NaN,NaN,NaN,transformer,embedding,2,286.8010346069932
10069,30210,0.03241437301039696,100.0,1.0329453945159912,0.001,NaN,NaN,NaN,transformer,embedding,2,299.5682233944535
10107,30324,NaN,NaN,NaN,NaN,3.501311779022217,2.275568962097168,33.15892028808594,transformer,embedding,2,304.0972466468811
10169,30510,0.04873749613761902,100.0,1.0499447584152222,0.001,NaN,NaN,NaN,transformer,embedding,2,301.2222199700773
10270,30813,1.5185105800628662,33.45145034790039,4.565420150756836,0.001,NaN,NaN,NaN,transformer,embedding,2,283.0520409196615
10309,30930,NaN,NaN,NaN,NaN,3.5593421459198,2.4256064891815186,35.140071868896484,transformer,embedding,2,288.4630298167467
10372,31119,0.02510090172290802,100.0,1.0254186391830444,0.001,NaN,NaN,NaN,transformer,embedding,2,289.5795274563134
10475,31428,0.029028695076704025,100.0,1.0294541120529175,0.001,NaN,NaN,NaN,transformer,embedding,2,297.13226168602705
10515,31548,NaN,NaN,NaN,NaN,3.282818555831909,2.4256064891815186,26.65078353881836,transformer,embedding,2,298.2140231728554
10579,31740,0.2615540623664856,95.18072509765625,1.2989472150802612,0.001,NaN,NaN,NaN,transformer,embedding,2,297.45237178727984
10684,32055,0.019430790096521378,100.0,1.0196207761764526,0.001,NaN,NaN,NaN,transformer,embedding,2,284.33001708239317
10725,32178,NaN,NaN,NaN,NaN,3.547867774963379,2.563140869140625,34.739166259765625,transformer,embedding,2,289.48930544778705
10790,32373,0.024396292865276337,100.0,1.0246963500976562,0.001,NaN,NaN,NaN,transformer,embedding,2,288.1241118013859
10897,32694,0.02250349521636963,100.0,1.0227586030960083,0.001,NaN,NaN,NaN,transformer,embedding,2,287.22264797613025
10939,32820,NaN,NaN,NaN,NaN,3.6064090728759766,2.6006503105163574,36.83354949951172,transformer,embedding,2,297.7546940073371
11005,33018,0.02695552259683609,100.0,1.0273220539093018,0.001,NaN,NaN,NaN,transformer,embedding,2,294.07007121294737
11115,33348,0.04266634210944176,100.0,1.0435895919799805,0.001,NaN,NaN,NaN,transformer,embedding,2,299.7351124584675
11157,33474,NaN,NaN,NaN,NaN,2.7323508262634277,1.3128283023834229,15.368974685668945,transformer,embedding,2,283.82726565375924
11226,33681,0.9168045520782471,56.909996032714844,2.5012848377227783,0.001,NaN,NaN,NaN,transformer,embedding,2,295.60102408751845
11338,34017,0.10338466614484787,96.8107681274414,1.1089178323745728,0.001,NaN,NaN,NaN,transformer,embedding,2,286.4971027672291
11380,34143,NaN,NaN,NaN,NaN,3.5141806602478027,2.63815975189209,33.58839797973633,transformer,embedding,2,292.77803134918213
11451,34356,0.022379767149686813,100.0,1.022632122039795,0.001,NaN,NaN,NaN,transformer,embedding,2,287.52207968756557
11565,34698,0.020298417657613754,100.0,1.0205057859420776,0.001,NaN,NaN,NaN,transformer,embedding,2,287.59967153146863
11607,34824,NaN,NaN,NaN,NaN,3.5715794563293457,2.5006253719329834,35.57273483276367,transformer,embedding,2,296.2531992122531
11680,35043,0.018774045631289482,100.0,1.018951416015625,0.001,NaN,NaN,NaN,transformer,embedding,2,286.60916071385145
11796,35391,0.022542566061019897,100.0,1.0227985382080078,0.001,NaN,NaN,NaN,transformer,embedding,2,288.0577007755637
11839,35520,NaN,NaN,NaN,NaN,3.565342426300049,2.6131534576416016,35.35155487060547,transformer,embedding,2,299.10309801995754
11913,35742,0.028079384937882423,100.0,1.0284773111343384,0.001,NaN,NaN,NaN,transformer,embedding,2,296.07601546496153
12032,36099,0.026760250329971313,100.0,1.0271215438842773,0.001,NaN,NaN,NaN,transformer,embedding,2,297.36636524274945
12075,36228,NaN,NaN,NaN,NaN,3.5536417961120605,2.4881222248077393,34.940330505371094,transformer,embedding,2,301.742438480258
12152,36459,0.023594889789819717,100.0,1.0238754749298096,0.001,NaN,NaN,NaN,transformer,embedding,2,292.90483859553933
12273,36822,0.024162165820598602,100.0,1.0244563817977905,0.001,NaN,NaN,NaN,transformer,embedding,2,291.18333153799176
12316,36951,NaN,NaN,NaN,NaN,3.551664113998413,2.1255314350128174,34.871299743652344,transformer,embedding,2,301.309294834733
12395,37188,0.022921109572052956,100.0,1.0231858491897583,0.001,NaN,NaN,NaN,transformer,embedding,2,294.04495457187295
12518,37557,0.021361354738473892,100.0,1.0215911865234375,0.001,NaN,NaN,NaN,transformer,embedding,2,287.2364708222449
12562,37689,NaN,NaN,NaN,NaN,3.5553693771362305,2.4381096363067627,35.00074768066406,transformer,embedding,2,297.76607869565487
12643,37932,0.020307127386331558,100.0,1.020514726638794,0.001,NaN,NaN,NaN,transformer,embedding,2,287.53080409020185
12769,38310,0.020732924342155457,100.0,1.020949363708496,0.001,NaN,NaN,NaN,transformer,embedding,2,286.11836430057883
12813,38442,NaN,NaN,NaN,NaN,3.5377912521362305,2.6131534576416016,34.390872955322266,transformer,embedding,2,289.55008302256465
12896,38691,1.8910653591156006,14.174345016479492,6.626424312591553,0.001,NaN,NaN,NaN,transformer,embedding,2,283.3173504471779
13024,39075,0.13426779210567474,99.50389862060547,1.143699049949646,0.001,NaN,NaN,NaN,transformer,embedding,2,298.280114851892
13069,39210,NaN,NaN,NaN,NaN,3.523630380630493,2.3255815505981445,33.90730285644531,transformer,embedding,2,281.5623374581337
13154,39465,0.0286322720348835,100.0,1.0290460586547852,0.001,NaN,NaN,NaN,transformer,embedding,2,291.74283358827233
13285,39858,0.022230666130781174,100.0,1.0224796533584595,0.001,NaN,NaN,NaN,transformer,embedding,2,284.2020993977785
13330,39993,NaN,NaN,NaN,NaN,3.5119919776916504,2.5006253719329834,33.51496124267578,transformer,embedding,2,291.83406767621636
13417,40254,0.01826634258031845,100.0,1.0184341669082642,0.001,NaN,NaN,NaN,transformer,embedding,2,275.4188467375934
13551,40656,0.21797531843185425,96.88164520263672,1.2435563802719116,0.001,NaN,NaN,NaN,transformer,embedding,2,294.4321375563741
13596,40791,NaN,NaN,NaN,NaN,2.59863543510437,1.2878220081329346,13.445378303527832,transformer,embedding,2,282.61689077317715
13686,41061,0.023027613759040833,100.0,1.0232948064804077,0.001,NaN,NaN,NaN,transformer,embedding,2,285.9652789309621
13822,41469,0.018503636121749878,100.0,1.0186759233474731,0.001,NaN,NaN,NaN,transformer,embedding,2,280.6356243751943
13867,41604,NaN,NaN,NaN,NaN,3.5171945095062256,2.6381595134735107,33.689781188964844,transformer,embedding,2,287.3894741162658
13960,41883,0.15547338128089905,99.00779724121094,1.1682108640670776,0.001,NaN,NaN,NaN,transformer,embedding,2,297.8447360806167
14099,42300,0.030946923419833183,100.0,1.031430721282959,0.001,NaN,NaN,NaN,transformer,embedding,2,291.451193343848
14144,42435,NaN,NaN,NaN,NaN,3.420403242111206,2.200550079345703,30.581745147705078,transformer,embedding,2,294.27760019525886
14239,42720,0.022609606385231018,100.0,1.0228670835494995,0.001,NaN,NaN,NaN,transformer,embedding,2,280.3959222510457
14381,43146,0.20604290068149567,97.23600006103516,1.2288058996200562,0.001,NaN,NaN,NaN,transformer,embedding,2,298.5119932554662
14426,43281,NaN,NaN,NaN,NaN,3.5254411697387695,2.450612783432007,33.96875762939453,transformer,embedding,2,281.55757189169526
14524,43575,0.020695578306913376,100.0,1.0209112167358398,0.001,NaN,NaN,NaN,transformer,embedding,2,288.13349022343755
14669,44010,0.14133287966251373,99.07866668701172,1.1518080234527588,0.001,NaN,NaN,NaN,transformer,embedding,2,297.0483963005245
14714,44145,NaN,NaN,NaN,NaN,3.547145128250122,2.3380846977233887,34.714073181152344,transformer,embedding,2,278.1981746442616
14815,44448,0.01871500164270401,100.0,1.0188912153244019,0.001,NaN,NaN,NaN,transformer,embedding,2,283.0867701917887
14963,44892,0.4326961636543274,86.03826904296875,1.541407823562622,0.001,NaN,NaN,NaN,transformer,embedding,2,296.3537206053734
15008,45027,NaN,NaN,NaN,NaN,3.531775951385498,2.6006503105163574,34.18462371826172,transformer,embedding,2,283.6218179836869
15112,45339,0.02055215649306774,100.0,1.0207648277282715,0.001,NaN,NaN,NaN,transformer,embedding,2,288.75205221027136
15263,45792,1.703100562095642,17.50531578063965,5.490945816040039,0.001,NaN,NaN,NaN,transformer,embedding,2,289.2034660577774
15308,45927,NaN,NaN,NaN,NaN,3.477311372756958,2.6256566047668457,32.37256622314453,transformer,embedding,2,285.4505147226155
15415,46248,0.020622484385967255,100.0,1.020836591720581,0.001,NaN,NaN,NaN,transformer,embedding,2,283.99943386390805
15569,46710,0.0862356573343277,100.0,1.090063214302063,0.001,NaN,NaN,NaN,transformer,embedding,2,297.33659233525395
15614,46845,NaN,NaN,NaN,NaN,3.1827616691589355,1.8254565000534058,24.11325454711914,transformer,embedding,2,277.93124183267355
15724,47175,0.020694147795438766,100.0,1.0209097862243652,0.001,NaN,NaN,NaN,transformer,embedding,2,279.93969448283315
15881,47646,0.022968720644712448,100.0,1.023234486579895,0.001,NaN,NaN,NaN,transformer,embedding,2,284.6416652314365
15926,47781,NaN,NaN,NaN,NaN,3.513493061065674,2.3130784034729004,33.5653076171875,transformer,embedding,2,294.9171811528504
16039,48120,0.0881345123052597,99.92912292480469,1.0921350717544556,0.001,NaN,NaN,NaN,transformer,embedding,2,291.05382726341486
16199,48600,1.8993245363235474,13.678242683410645,6.681379795074463,0.001,NaN,NaN,NaN,transformer,embedding,2,280.1612986922264
16244,48735,NaN,NaN,NaN,NaN,3.5372884273529053,2.5006251335144043,34.37358474731445,transformer,embedding,2,280.77964635938406
16360,49083,0.01937618851661682,100.0,1.0195651054382324,0.001,NaN,NaN,NaN,transformer,embedding,2,278.07253663241863
16523,49572,0.02133304253220558,100.0,1.0215622186660767,0.001,NaN,NaN,NaN,transformer,embedding,2,283.833297688514
16568,49707,NaN,NaN,NaN,NaN,3.5262458324432373,2.7256815433502197,33.99610137939453,transformer,embedding,2,285.5305135510862
16688,50067,0.024444185197353363,100.0,1.0247453451156616,0.001,NaN,NaN,NaN,transformer,embedding,2,284.3204910121858
16854,50565,0.025497788563370705,100.0,1.0258256196975708,0.001,NaN,NaN,NaN,transformer,embedding,2,288.3585914336145
16899,50700,NaN,NaN,NaN,NaN,3.1739859580993652,2.5381345748901367,23.902568817138672,transformer,embedding,2,290.0122877806425
17022,51069,1.4439985752105713,37.70375442504883,4.237606525421143,0.001,NaN,NaN,NaN,transformer,embedding,2,280.8641579076648
17192,51579,0.018713638186454773,100.0,1.0188897848129272,0.001,NaN,NaN,NaN,transformer,embedding,2,280.3289980851114
17236,51711,NaN,NaN,NaN,NaN,3.346565008163452,3.038259744644165,28.40499496459961,transformer,embedding,2,295.7187638916075
17363,52092,0.02997058443725109,100.0,1.0304242372512817,0.001,NaN,NaN,NaN,transformer,embedding,2,294.4393834397197
17536,52611,0.06974868476390839,100.0,1.0722386837005615,0.001,NaN,NaN,NaN,transformer,embedding,2,296.8136835694313
17580,52743,NaN,NaN,NaN,NaN,3.0804944038391113,1.7254314422607422,21.769163131713867,transformer,embedding,2,285.6014394722879
17711,53136,0.1364372819662094,99.71651458740234,1.1461830139160156,0.001,NaN,NaN,NaN,transformer,embedding,2,295.77929536253214
17888,53667,0.017212942242622375,100.0,1.0173618793487549,0.001,NaN,NaN,NaN,transformer,embedding,2,275.45369067415595
17931,53796,NaN,NaN,NaN,NaN,3.5021045207977295,2.663165807723999,33.185218811035156,transformer,embedding,2,283.88120386376977
18066,54201,0.022907080128788948,100.0,1.0231714248657227,0.001,NaN,NaN,NaN,transformer,embedding,2,282.1415941826999
18246,54741,0.018574165180325508,100.0,1.0187476873397827,0.001,NaN,NaN,NaN,transformer,embedding,2,280.2920747809112
18289,54870,NaN,NaN,NaN,NaN,3.5091488361358643,2.8257064819335938,33.4198112487793,transformer,embedding,2,289.72813703119755
18428,55287,0.018374629318714142,100.0,1.0185444355010986,0.001,NaN,NaN,NaN,transformer,embedding,2,274.7578234151006
18612,55839,0.019274212419986725,100.0,1.0194611549377441,0.001,NaN,NaN,NaN,transformer,embedding,2,278.6826368458569
18654,55965,NaN,NaN,NaN,NaN,3.472458600997925,2.8257064819335938,32.215850830078125,transformer,embedding,2,287.4842299334705
18798,56397,0.01823829859495163,100.0,1.0184056758880615,0.001,NaN,NaN,NaN,transformer,embedding,2,276.2941709347069
18985,56958,0.019981857389211655,100.0,1.0201828479766846,0.001,NaN,NaN,NaN,transformer,embedding,2,283.50714302808046
19027,57084,NaN,NaN,NaN,NaN,3.4525146484375,3.0007503032684326,31.57970428466797,transformer,embedding,2,284.97350703552365
19174,57525,0.01780272275209427,100.0,1.017962098121643,0.001,NaN,NaN,NaN,transformer,embedding,2,276.7221010327339
19365,58098,0.01769896224141121,100.0,1.017856478691101,0.001,NaN,NaN,NaN,transformer,embedding,2,276.4255581572652
19407,58224,NaN,NaN,NaN,NaN,3.464233160018921,2.650662899017334,31.951948165893555,transformer,embedding,2,279.56087177991867
19558,58677,2.0384156703948975,9.142452239990234,7.678434371948242,0.001,NaN,NaN,NaN,transformer,embedding,2,275.6770236454904
19753,59262,0.15646401047706604,99.43302917480469,1.1693686246871948,0.001,NaN,NaN,NaN,transformer,embedding,2,293.5791943408549
19795,59388,NaN,NaN,NaN,NaN,3.4086334705352783,2.9132285118103027,30.223915100097656,transformer,embedding,2,277.1089684739709
19950,59853,0.025382094085216522,100.0,1.0257070064544678,0.001,NaN,NaN,NaN,transformer,embedding,2,286.63096130639315
20149,60450,0.02269754186272621,100.0,1.0229570865631104,0.001,NaN,NaN,NaN,transformer,embedding,2,281.38206931203604
20190,60573,NaN,NaN,NaN,NaN,3.3720335960388184,3.0632660388946533,29.13772201538086,transformer,embedding,2,288.0869387574494
20350,61053,0.9411359429359436,54.996456146240234,2.5628910064697266,0.001,NaN,NaN,NaN,transformer,embedding,2,279.76825954020023
20553,61662,0.030644910410046577,100.0,1.0311193466186523,0.001,NaN,NaN,NaN,transformer,embedding,2,289.8562288209796
20593,61782,NaN,NaN,NaN,NaN,3.3827383518218994,3.238309621810913,29.451309204101562,transformer,embedding,2,273.26048581302166
20758,62277,0.018528129905462265,100.0,1.0187008380889893,0.001,NaN,NaN,NaN,transformer,embedding,2,277.58729204162955
20965,62898,0.05256074294447899,100.0,1.0539666414260864,0.001,NaN,NaN,NaN,transformer,embedding,2,291.0359478034079
21004,63015,NaN,NaN,NaN,NaN,3.3473806381225586,3.425856590270996,28.428173065185547,transformer,embedding,2,274.40796080976725
21174,63525,0.02099953591823578,100.0,1.0212215185165405,0.001,NaN,NaN,NaN,transformer,embedding,2,278.5976726748049
21385,64158,0.34282639622688293,91.92062377929688,1.4089241027832031,0.001,NaN,NaN,NaN,transformer,embedding,2,286.5884675271809
21424,64275,NaN,NaN,NaN,NaN,3.2941622734069824,3.700925350189209,26.954824447631836,transformer,embedding,2,273.444096185267
21598,64797,0.022164437919855118,100.0,1.0224119424819946,0.001,NaN,NaN,NaN,transformer,embedding,2,280.3303391970694
21813,65442,0.17215237021446228,97.6612319946289,1.1878588199615479,0.001,NaN,NaN,NaN,transformer,embedding,2,284.7320937849581
21852,65559,NaN,NaN,NaN,NaN,3.248622179031372,3.9509878158569336,25.75482940673828,transformer,embedding,2,268.74745451658964
22031,66096,0.018765589222311974,100.0,1.0189427137374878,0.001,NaN,NaN,NaN,transformer,embedding,2,267.7755577377975
22251,66756,0.03195604681968689,100.0,1.0324721336364746,0.001,NaN,NaN,NaN,transformer,embedding,2,287.0286406837404
22289,66870,NaN,NaN,NaN,NaN,2.7815468311309814,3.300825357437134,16.14397430419922,transformer,embedding,2,279.13080397620797
22473,67422,0.1409512311220169,99.2912826538086,1.151368498802185,0.001,NaN,NaN,NaN,transformer,embedding,2,285.6129744388163
22697,68094,0.19362595677375793,97.94471740722656,1.2136422395706177,0.001,NaN,NaN,NaN,transformer,embedding,2,283.9140860363841
22734,68205,NaN,NaN,NaN,NaN,3.0911898612976074,5.063766002655029,22.00324249267578,transformer,embedding,2,269.91616414114833
22923,68772,0.018967948853969574,100.0,1.0191489458084106,0.001,NaN,NaN,NaN,transformer,embedding,2,268.79987642169
23152,69459,0.018714183941483498,100.0,1.018890380859375,0.001,NaN,NaN,NaN,transformer,embedding,2,265.98920361697674
23188,69567,NaN,NaN,NaN,NaN,2.940742015838623,6.064016342163086,18.929887771606445,transformer,embedding,2,274.3123491369188
23383,70152,0.018681909888982773,100.0,1.018857479095459,0.001,NaN,NaN,NaN,transformer,embedding,2,264.47094213217497
23616,70851,0.022795572876930237,100.0,1.0230573415756226,0.001,NaN,NaN,NaN,transformer,embedding,2,268.1533605903387
23651,70956,NaN,NaN,NaN,NaN,2.7756192684173584,7.001750946044922,16.04856300354004,transformer,embedding,2,272.2889971509576
23852,71559,0.01922202669084072,100.0,1.0194079875946045,0.001,NaN,NaN,NaN,transformer,embedding,2,261.1672894693911
24090,72273,0.030320197343826294,100.0,1.0307844877243042,0.001,NaN,NaN,NaN,transformer,embedding,2,264.8886502161622
24124,72375,NaN,NaN,NaN,NaN,2.6962361335754395,2.000500202178955,14.823831558227539,transformer,embedding,2,252.1815325655043
24330,72993,0.021193843334913254,100.0,1.0214200019836426,0.001,NaN,NaN,NaN,transformer,embedding,2,252.17841097339988
24573,73722,0.03973808139562607,100.0,1.0405381917953491,0.001,NaN,NaN,NaN,transformer,embedding,2,257.9901962503791
24606,73821,NaN,NaN,NaN,NaN,2.1904239654541016,14.091023445129395,8.93900203704834,transformer,embedding,2,244.28274965286255
24818,74457,0.020708424970507622,100.0,1.0209243297576904,0.001,NaN,NaN,NaN,transformer,embedding,2,249.77456856146455
25066,75201,0.017115173861384392,100.0,1.0172624588012695,0.001,NaN,NaN,NaN,transformer,embedding,2,238.3294440098107
25098,75297,NaN,NaN,NaN,NaN,1.7632362842559814,21.10527801513672,5.8312788009643555,transformer,embedding,2,247.86662352830172
25316,75951,0.04300333186984062,100.0,1.0439413785934448,0.001,NaN,NaN,NaN,transformer,embedding,2,246.61648373305798
25569,76710,0.1599239706993103,97.87384796142578,1.1734216213226318,0.001,NaN,NaN,NaN,transformer,embedding,2,241.79819132760167
25599,76800,NaN,NaN,NaN,NaN,1.3492239713668823,32.78319549560547,3.854433298110962,transformer,embedding,2,232.14274764433503
25824,77475,2.505962371826172,5.740609645843506,12.25534725189209,0.001,NaN,NaN,NaN,transformer,embedding,2,224.0658225081861
26082,78249,1.1809039115905762,43.37349319458008,3.257317304611206,0.001,NaN,NaN,NaN,transformer,embedding,2,223.4157217554748
26110,78333,NaN,NaN,NaN,NaN,1.1081173419952393,41.89797592163086,3.028650999069214,transformer,embedding,2,224.68146470561624
26342,79029,0.30549001693725586,91.14103698730469,1.3572899103164673,0.001,NaN,NaN,NaN,transformer,embedding,2,232.6874326504767
26605,79818,0.03305806964635849,100.0,1.0336105823516846,0.001,NaN,NaN,NaN,transformer,embedding,2,223.66986974701285
26632,79899,NaN,NaN,NaN,NaN,0.9994585514068604,47.6494140625,2.716810464859009,transformer,embedding,2,213.99912182614207
26871,80616,0.02436145767569542,100.0,1.024660587310791,0.001,NaN,NaN,NaN,transformer,embedding,2,218.8790568932891
27139,81420,0.023038284853100777,100.0,1.0233057737350464,0.001,NaN,NaN,NaN,transformer,embedding,2,206.65461686998606
27164,81495,NaN,NaN,NaN,NaN,0.8473041653633118,53.36334228515625,2.333348035812378,transformer,embedding,2,211.37544691190124
27410,82233,0.7218612432479858,58.18568420410156,2.058260679244995,0.001,NaN,NaN,NaN,transformer,embedding,2,215.81630356237292
27684,83055,2.2321252822875977,3.9688165187835693,9.31965160369873,0.001,NaN,NaN,NaN,transformer,embedding,2,203.5892204940319
27707,83124,NaN,NaN,NaN,NaN,1.0129574537277222,49.98749923706055,2.753732919692993,transformer,embedding,2,212.95768409222364
27960,83883,0.11159124225378036,99.78738403320312,1.1180557012557983,0.001,NaN,NaN,NaN,transformer,embedding,2,206.1915169544518
28239,84720,0.05528442561626434,100.0,1.0568411350250244,0.001,NaN,NaN,NaN,transformer,embedding,2,204.9699613712728
28261,84786,NaN,NaN,NaN,NaN,0.8484638929367065,57.46437072753906,2.3360557556152344,transformer,embedding,2,196.63967874273658
28521,85566,0.02505045011639595,100.0,1.0253669023513794,0.001,NaN,NaN,NaN,transformer,embedding,2,195.70065804198384
28806,86421,1.9288386106491089,24.45074462890625,6.881513595581055,0.001,NaN,NaN,NaN,transformer,embedding,2,199.1625427789986
28826,86481,NaN,NaN,NaN,NaN,0.8079768419265747,57.764442443847656,2.2433648109436035,transformer,embedding,2,206.37947145849466
29094,87285,0.023617658764123917,100.0,1.023898720741272,0.001,NaN,NaN,NaN,transformer,embedding,2,193.36014891043305
29384,88155,2.4485437870025635,10.84337329864502,11.571483612060547,0.001,NaN,NaN,NaN,transformer,embedding,2,190.39236982166767
29402,88209,NaN,NaN,NaN,NaN,0.4102807343006134,77.69442749023438,1.507240891456604,transformer,embedding,2,200.29501496255398
29677,89034,0.021607233211398125,100.0,1.021842360496521,0.001,NaN,NaN,NaN,transformer,embedding,2,182.7939095981419
29973,89922,0.024084508419036865,100.0,1.0243768692016602,0.001,NaN,NaN,NaN,transformer,embedding,2,168.68095264211297
29990,89973,NaN,NaN,NaN,NaN,0.0694187581539154,99.12478637695312,1.0718849897384644,transformer,embedding,2,162.22830253094435
30272,90819,0.0838482603430748,100.0,1.0874638557434082,0.001,NaN,NaN,NaN,transformer,embedding,2,160.86882055550814
30574,91725,0.057842183858156204,100.0,1.059547781944275,0.001,NaN,NaN,NaN,transformer,embedding,2,162.93978026881814
30589,91770,NaN,NaN,NaN,NaN,0.4466082751750946,73.68092346191406,1.5630018711090088,transformer,embedding,2,168.60431469604373
30879,92640,0.04539211094379425,100.0,1.0464380979537964,0.001,NaN,NaN,NaN,transformer,embedding,2,167.96909337490797
31187,93564,2.2736282348632812,0.9922040700912476,9.714583396911621,0.001,NaN,NaN,NaN,transformer,embedding,2,158.89186276122928
31200,93603,NaN,NaN,NaN,NaN,1.1871057748794556,25.63140869140625,3.2775814533233643,transformer,embedding,2,161.1049030609429
31498,94497,0.19496525824069977,99.07866668701172,1.2152687311172485,0.001,NaN,NaN,NaN,transformer,embedding,2,175.55951821804047
31812,95439,0.05741581320762634,100.0,1.059096097946167,0.001,NaN,NaN,NaN,transformer,embedding,2,170.87815135344863
31823,95472,NaN,NaN,NaN,NaN,0.0658809021115303,99.33734130859375,1.0680994987487793,transformer,embedding,2,166.92396949231625
32130,96393,0.4589950740337372,76.04535675048828,1.582482933998108,0.001,NaN,NaN,NaN,transformer,embedding,2,172.82826708257198
32451,97356,0.028661634773015976,100.0,1.029076337814331,0.001,NaN,NaN,NaN,transformer,embedding,2,156.1636299006641
32459,97380,NaN,NaN,NaN,NaN,0.9569300413131714,39.19729995727539,2.6036908626556396,transformer,embedding,2,163.2276426292956
32775,98328,0.07441086322069168,100.0,1.07724928855896,0.001,NaN,NaN,NaN,transformer,embedding,2,167.46578089147806
33102,99309,0.03386788070201874,100.0,1.0344479084014893,0.001,NaN,NaN,NaN,transformer,embedding,2,162.8982632830739
33108,99327,NaN,NaN,NaN,NaN,0.04363567382097244,99.94999694824219,1.0446016788482666,transformer,embedding,2,160.93014796450734
33433,100302,0.02751680463552475,100.0,1.027898907661438,0.001,NaN,NaN,NaN,transformer,embedding,2,165.5716748200357
33767,101304,0.15029683709144592,99.07866668701172,1.1621791124343872,0.001,NaN,NaN,NaN,transformer,embedding,2,169.30071185529232
33770,101313,NaN,NaN,NaN,NaN,0.17217934131622314,96.26156616210938,1.187890887260437,transformer,embedding,2,168.478960018605
34104,102315,0.05664035677909851,100.0,1.0582751035690308,0.001,NaN,NaN,NaN,transformer,embedding,2,162.9085977114737
34445,103338,0.20540371537208557,97.802978515625,1.2280207872390747,0.001,0.2115158885717392,96.41160583496094,1.2355495691299438,transformer,embedding,2,164.1296981945634
34789,104370,0.05170565843582153,100.0,1.0530657768249512,0.001,NaN,NaN,NaN,transformer,embedding,2,162.877480186522
35133,105402,NaN,NaN,NaN,NaN,0.05440101772546768,99.6749267578125,1.055907964706421,transformer,embedding,2,165.89214941859245
35136,105411,0.03285202383995056,100.0,1.0333975553512573,0.001,NaN,NaN,NaN,transformer,embedding,2,164.81787709146738
35487,106464,0.038985662162303925,100.0,1.0397555828094482,0.001,NaN,NaN,NaN,transformer,embedding,2,167.20398204401135
35835,107508,NaN,NaN,NaN,NaN,0.05684171989560127,99.56239318847656,1.0584882497787476,transformer,embedding,2,169.76508493721485
35841,107526,0.030515920370817184,100.0,1.0309863090515137,0.001,NaN,NaN,NaN,transformer,embedding,2,167.4877478517592
36199,108600,1.1651300191879272,42.097801208496094,3.2063398361206055,0.001,NaN,NaN,NaN,transformer,embedding,2,165.99220886081457
36551,109656,NaN,NaN,NaN,NaN,0.07452579587697983,98.94974517822266,1.0773731470108032,transformer,embedding,2,165.2073586024344
36560,109683,0.5329897403717041,68.532958984375,1.70401930809021,0.001,NaN,NaN,NaN,transformer,embedding,2,170.0407846942544
36925,110778,0.038306932896375656,100.0,1.0390501022338867,0.001,NaN,NaN,NaN,transformer,embedding,2,169.45564506202936
37282,111849,NaN,NaN,NaN,NaN,0.06835437566041946,99.91248321533203,1.0707446336746216,transformer,embedding,2,168.53277065977454
37294,111885,0.033971212804317474,100.0,1.0345548391342163,0.001,NaN,NaN,NaN,transformer,embedding,2,164.34598207473755
37666,113001,0.6666427850723267,70.44648742675781,1.9476875066757202,0.001,NaN,NaN,NaN,transformer,embedding,2,177.35359889268875
38027,114084,NaN,NaN,NaN,NaN,0.2846902012825012,88.19705200195312,1.3293501138687134,transformer,embedding,2,168.7060455530882
38042,114129,0.05291334539651871,100.0,1.0543383359909058,0.001,NaN,NaN,NaN,transformer,embedding,2,166.4935190193355
38422,115269,0.048528291285037994,100.0,1.04972505569458,0.001,NaN,NaN,NaN,transformer,embedding,2,173.22395622730255
38787,116364,NaN,NaN,NaN,NaN,0.32469967007637024,87.83446502685547,1.3836150169372559,transformer,embedding,2,177.69590567424893
38806,116421,0.031116383150219917,100.0,1.03160560131073,0.001,NaN,NaN,NaN,transformer,embedding,2,173.63586271554232
39194,117585,0.16976341605186462,97.16513061523438,1.1850244998931885,0.001,NaN,NaN,NaN,transformer,embedding,2,172.81925927475095
39562,118689,NaN,NaN,NaN,NaN,0.12602660059928894,96.92423248291016,1.134312391281128,transformer,embedding,2,171.51058515533805
39585,118758,0.026663977652788162,100.0,1.0270226001739502,0.001,NaN,NaN,NaN,transformer,embedding,2,164.4420213289559
39980,119943,0.08488164097070694,100.0,1.0885882377624512,0.001,NaN,NaN,NaN,transformer,embedding,2,175.22604832798243
40353,121062,NaN,NaN,NaN,NaN,0.7659934163093567,45.7989501953125,2.151130199432373,transformer,embedding,2,160.83770591765642
40379,121140,0.09957403689622879,99.92912292480469,1.1047002077102661,0.001,NaN,NaN,NaN,transformer,embedding,2,157.743812777102
40782,122349,0.1737370491027832,97.87384796142578,1.1897426843643188,0.001,NaN,NaN,NaN,transformer,embedding,2,157.51735555380583
41160,123483,NaN,NaN,NaN,NaN,0.18143399059772491,92.34809112548828,1.1989353895187378,transformer,embedding,2,149.6770334765315
41189,123570,0.09053170680999756,100.0,1.0947562456130981,0.001,NaN,NaN,NaN,transformer,embedding,2,153.30820678919554
41600,124803,0.47435837984085083,77.10842895507812,1.6069828271865845,0.001,NaN,NaN,NaN,transformer,embedding,2,156.24007139727473
41983,125952,NaN,NaN,NaN,NaN,0.8090465664863586,43.948490142822266,2.2457656860351562,transformer,embedding,2,159.83328112959862
42016,126051,0.03991507366299629,100.0,1.040722370147705,0.001,NaN,NaN,NaN,transformer,embedding,2,153.21459887176752
42436,127311,0.11967045068740845,99.07866668701172,1.1271253824234009,0.001,NaN,NaN,NaN,transformer,embedding,2,156.1662790365517
42822,128469,NaN,NaN,NaN,NaN,0.3659909963607788,77.13179016113281,1.4419422149658203,transformer,embedding,2,151.10157012566924
42860,128583,0.05207165330648422,100.0,1.0534511804580688,0.001,NaN,NaN,NaN,transformer,embedding,2,152.10711178556085
43288,129867,0.6702431440353394,66.40679931640625,1.9547125101089478,0.001,NaN,NaN,NaN,transformer,embedding,2,150.03936175256968
43678,131037,NaN,NaN,NaN,NaN,0.4597208797931671,72.69317626953125,1.5836318731307983,transformer,embedding,2,141.23468619585037
43720,131163,0.10071901977062225,99.50389862060547,1.1059658527374268,0.001,NaN,NaN,NaN,transformer,embedding,2,146.31035884469748
44157,132474,0.05033600702881813,100.0,1.0516244173049927,0.001,NaN,NaN,NaN,transformer,embedding,2,142.02549471333623
44551,133656,NaN,NaN,NaN,NaN,0.14639446139335632,94.56114196777344,1.157652735710144,transformer,embedding,2,140.72564180195332
44598,133797,0.035144273191690445,100.0,1.0357691049575806,0.001,NaN,NaN,NaN,transformer,embedding,2,138.8568248525262
45043,135132,0.16145479679107666,98.01559448242188,1.1752192974090576,0.001,NaN,NaN,NaN,transformer,embedding,2,143.4291411601007
45442,136329,NaN,NaN,NaN,NaN,0.4123874306678772,74.71868133544922,1.510419487953186,transformer,embedding,2,136.9363224711269
45493,136482,0.43258631229400635,77.60453796386719,1.54123854637146,0.001,NaN,NaN,NaN,transformer,embedding,2,138.80172819644213
45947,137844,0.4072859287261963,81.28986358642578,1.5027337074279785,0.001,NaN,NaN,NaN,transformer,embedding,2,138.03318378329277
46350,139053,NaN,NaN,NaN,NaN,0.8288430571556091,45.57389450073242,2.2906670570373535,transformer,embedding,2,145.25181476771832
46406,139221,0.03992725908756256,100.0,1.040735125541687,0.001,NaN,NaN,NaN,transformer,embedding,2,139.0923645310104
46870,140613,0.03262702375650406,100.0,1.0331650972366333,0.001,NaN,NaN,NaN,transformer,embedding,2,134.85781090334058
47276,141831,NaN,NaN,NaN,NaN,1.3348889350891113,20.880220413208008,3.7995738983154297,transformer,embedding,2,140.6378961056471
47338,142017,0.11698730289936066,99.57476806640625,1.1241052150726318,0.001,NaN,NaN,NaN,transformer,embedding,2,145.12640538066626
47811,143436,0.026879504323005676,100.0,1.027243971824646,0.001,NaN,NaN,NaN,transformer,embedding,2,141.68423807248473
48221,144666,NaN,NaN,NaN,NaN,0.7381809949874878,55.926483154296875,2.0921263694763184,transformer,embedding,2,144.06603411585093
48289,144870,0.778186023235321,59.81573486328125,2.177518606185913,0.001,NaN,NaN,NaN,transformer,embedding,2,142.85032434761524
48771,146316,0.023364616557955742,100.0,1.0236396789550781,0.001,NaN,NaN,NaN,transformer,embedding,2,134.39075680822134
49185,147558,NaN,NaN,NaN,NaN,0.4786841571331024,71.33033752441406,1.6139492988586426,transformer,embedding,2,130.1948221679777
49258,147777,0.036178603768348694,100.0,1.0368410348892212,0.001,NaN,NaN,NaN,transformer,embedding,2,137.11922066286206
