epoch,global_step,train_loss,train_accuracy,train_perplexity,learning_rate,val_loss,val_accuracy,val_perplexity,model_type,encoding,k_value
0,4,4.438767433166504,0.0,84.67051696777344,0.002,2.950974464416504,0.0,19.12458038330078,transformer,embedding,2
1,8,2.808493137359619,0.0,16.58490753173828,0.004,2.6072821617126465,0.0,13.562141418457031,transformer,embedding,2
2,12,2.43027663230896,0.9564293026924133,11.362024307250977,0.005,2.3587605953216553,0.8502723574638367,10.57783317565918,transformer,embedding,2
3,16,2.3142940998077393,0.7970244288444519,10.117777824401855,0.005,2.3296079635620117,0.9432709217071533,10.273913383483887,transformer,embedding,2
4,20,2.300328254699707,1.3283740282058716,9.977457046508789,0.005,2.3175578117370605,0.8502723574638367,10.150854110717773,transformer,embedding,2
5,24,2.286022663116455,1.3815089464187622,9.835740089416504,0.005,2.316744089126587,0.8237013816833496,10.142597198486328,transformer,embedding,2
6,28,2.308210611343384,1.7534537315368652,10.056413650512695,0.005,2.402573585510254,0.9698418974876404,11.051582336425781,transformer,embedding,2
7,32,2.421674966812134,0.42507970333099365,11.264711380004883,0.005,2.3238205909729004,0.9698418974876404,10.214625358581543,transformer,embedding,2
8,36,2.2975692749023438,1.2752389907836914,9.949967384338379,0.005,2.3225975036621094,0.9432709217071533,10.202139854431152,transformer,embedding,2
9,40,2.2905030250549316,1.6471837759017944,9.87990665435791,0.005,2.319413661956787,0.8502723574638367,10.169709205627441,transformer,embedding,2
10,44,2.2905683517456055,1.7534537315368652,9.8805513381958,0.005,2.3056883811950684,0.8502723574638367,10.031081199645996,transformer,embedding,2
11,48,2.2905311584472656,1.7003188133239746,9.880184173583984,0.005,2.3091952800750732,0.9299854040145874,10.066320419311523,transformer,embedding,2
12,52,2.290226936340332,1.6471837759017944,9.877179145812988,0.005,2.3129560947418213,0.9432709217071533,10.104249954223633,transformer,embedding,2
13,56,2.2889866828918457,1.275239109992981,9.864935874938965,0.005,2.3128340244293213,0.8502723574638367,10.103015899658203,transformer,embedding,2
14,60,2.2864489555358887,1.8065886497497559,9.839933395385742,0.005,2.3161473274230957,0.8768433928489685,10.13654613494873,transformer,embedding,2
15,64,2.2854132652282715,1.5409139394760132,9.829748153686523,0.005,2.306711196899414,0.8901289105415344,10.041346549987793,transformer,embedding,2
16,68,2.2839365005493164,1.4346438646316528,9.815241813659668,0.005,2.3083410263061523,0.9831274151802063,10.057724952697754,transformer,embedding,2
17,72,2.2803356647491455,1.6471837759017944,9.779962539672852,0.005,2.310415029525757,0.8901289105415344,10.078606605529785,transformer,embedding,2
18,76,2.2809247970581055,1.7534537315368652,9.785725593566895,0.005,2.31018328666687,0.8104158639907837,10.076271057128906,transformer,embedding,2
19,80,2.278050422668457,2.072263479232788,9.757638931274414,0.005,2.316131830215454,0.9299854040145874,10.136388778686523,transformer,embedding,2
20,84,2.5339014530181885,1.7003188133239746,12.602579116821289,0.005,2.3169002532958984,0.9034143686294556,10.144181251525879,transformer,embedding,2
21,88,2.3561012744903564,0.5313496589660645,10.5497407913208,0.005,2.323878765106201,0.9565564393997192,10.21522045135498,transformer,embedding,2
22,92,2.3335747718811035,1.4346439838409424,10.314748764038086,0.005,2.317167043685913,0.9432709217071533,10.14688777923584,transformer,embedding,2
23,96,2.2937281131744385,1.1158342361450195,9.911821365356445,0.005,2.3279378414154053,0.8502723574638367,10.256768226623535,transformer,embedding,2
24,100,2.296128749847412,1.7534537315368652,9.935644149780273,0.005,2.3176417350769043,0.8502723574638367,10.151705741882324,transformer,embedding,2
25,104,2.2878952026367188,1.647183895111084,9.854174613952637,0.005,2.3061249256134033,0.9166998863220215,10.03546142578125,transformer,embedding,2
26,108,2.2880666255950928,1.5940488576889038,9.855864524841309,0.005,2.3077032566070557,0.9565564393997192,10.051312446594238,transformer,embedding,2
27,112,2.287180185317993,1.3815089464187622,9.847131729125977,0.005,2.3095011711120605,0.9432709217071533,10.069400787353516,transformer,embedding,2
28,116,2.285282611846924,1.6471837759017944,9.828463554382324,0.005,2.312253475189209,0.8502723574638367,10.097152709960938,transformer,embedding,2
29,120,2.28662371635437,1.7534537315368652,9.841652870178223,0.005,2.308738946914673,0.8502723574638367,10.061728477478027,transformer,embedding,2
30,124,2.284508466720581,1.7534537315368652,9.820858001708984,0.005,2.307223081588745,0.8502723574638367,10.046487808227539,transformer,embedding,2
31,128,2.283646583557129,1.487778902053833,9.812397003173828,0.005,2.3048160076141357,0.9565564393997192,10.022334098815918,transformer,embedding,2
32,132,2.283930778503418,1.0095642805099487,9.815185546875,0.005,2.3056554794311523,0.8502723574638367,10.03075122833252,transformer,embedding,2
33,136,2.2839395999908447,1.7534537315368652,9.815272331237793,0.005,2.3074545860290527,0.8502723574638367,10.048813819885254,transformer,embedding,2
34,140,2.283737897872925,1.1689691543579102,9.81329345703125,0.005,2.311429262161255,0.8502723574638367,10.088833808898926,transformer,embedding,2
35,144,2.284041404724121,1.7534537315368652,9.816271781921387,0.005,2.3085474967956543,0.8502723574638367,10.059802055358887,transformer,embedding,2
36,148,2.2854180335998535,1.7534537315368652,9.829794883728027,0.005,2.3052639961242676,0.8502723574638367,10.026824951171875,transformer,embedding,2
37,152,2.283449411392212,1.7534537315368652,9.81046199798584,0.005,2.304427146911621,0.8502723574638367,10.018437385559082,transformer,embedding,2
38,156,2.283172130584717,1.7534537315368652,9.80774211883545,0.005,2.308032274246216,0.8502723574638367,10.054620742797852,transformer,embedding,2
39,160,2.28403377532959,1.7534537315368652,9.816197395324707,0.005,2.309518337249756,0.8502723574638367,10.069573402404785,transformer,embedding,2
40,164,2.2829525470733643,1.7534537315368652,9.805588722229004,0.005,2.3060383796691895,0.8502723574638367,10.034592628479004,transformer,embedding,2
41,168,2.2828011512756348,1.7534536123275757,9.804104804992676,0.005,2.304793119430542,0.8502723574638367,10.022104263305664,transformer,embedding,2
42,172,2.2840139865875244,1.7534537315368652,9.81600284576416,0.005,2.304577589035034,0.8502723574638367,10.01994514465332,transformer,embedding,2
43,176,2.2836294174194336,1.4346439838409424,9.812228202819824,0.005,2.3067469596862793,0.9166998863220215,10.041705131530762,transformer,embedding,2
44,180,2.280684232711792,1.7534537315368652,9.783371925354004,0.005,2.3076975345611572,0.8502723574638367,10.051255226135254,transformer,embedding,2
45,184,2.2818946838378906,1.7534537315368652,9.795221328735352,0.005,2.3074450492858887,0.8502723574638367,10.048717498779297,transformer,embedding,2
46,188,2.282925844192505,1.7534537315368652,9.805327415466309,0.005,2.3059070110321045,0.8502723574638367,10.03327465057373,transformer,embedding,2
47,192,2.281278610229492,1.7534537315368652,9.789189338684082,0.005,2.3065757751464844,0.8502723574638367,10.039986610412598,transformer,embedding,2
48,196,2.281244993209839,1.7534537315368652,9.788860321044922,0.005,2.3045246601104736,0.8502723574638367,10.019414901733398,transformer,embedding,2
49,200,2.2831315994262695,1.4346439838409424,9.807345390319824,0.005,2.3066937923431396,0.8502723574638367,10.041171073913574,transformer,embedding,2
50,204,2.281198263168335,1.7534537315368652,9.788402557373047,0.005,2.307997703552246,0.8502723574638367,10.054272651672363,transformer,embedding,2
51,208,2.281712532043457,1.7534537315368652,9.793437957763672,0.005,2.3069229125976562,0.8502723574638367,10.043472290039062,transformer,embedding,2
52,212,2.2811200618743896,1.7534537315368652,9.787636756896973,0.005,2.305309295654297,0.8502723574638367,10.027278900146484,transformer,embedding,2
53,216,2.280965805053711,1.700318694114685,9.786127090454102,0.005,2.305861234664917,0.9034143686294556,10.032814979553223,transformer,embedding,2
54,220,2.281747341156006,1.5409138202667236,9.793778419494629,0.005,2.3070409297943115,0.8237013816833496,10.044657707214355,transformer,embedding,2
55,224,2.2798328399658203,1.6471837759017944,9.775046348571777,0.005,2.3082234859466553,0.8237013816833496,10.056543350219727,transformer,embedding,2
56,228,2.2745659351348877,1.7534537315368652,9.723697662353516,0.005,2.31361985206604,0.7838448286056519,10.11095905303955,transformer,embedding,2
57,232,2.2697839736938477,2.072263479232788,9.6773099899292,0.005,2.3306078910827637,0.8237013816833496,10.284191131591797,transformer,embedding,2
58,236,2.264957904815674,2.1785335540771484,9.630719184875488,0.005,2.3860743045806885,0.8369868397712708,10.870735168457031,transformer,embedding,2
59,240,2.2875702381134033,2.072263479232788,9.850973129272461,0.005,2.326251983642578,0.9964129328727722,10.23949146270752,transformer,embedding,2
60,244,2.2716965675354004,1.275239109992981,9.695836067199707,0.005,2.319275379180908,0.9831274151802063,10.168303489685059,transformer,embedding,2
61,248,2.266235113143921,1.487778902053833,9.643027305603027,0.005,2.3225111961364746,0.8901289105415344,10.20125961303711,transformer,embedding,2
62,252,2.2604804039001465,1.9659935235977173,9.58769416809082,0.005,2.34480357170105,0.8237013816833496,10.43122386932373,transformer,embedding,2
63,256,2.254915475845337,2.3379383087158203,9.5344877243042,0.005,2.3680269718170166,0.7705593109130859,10.67630672454834,transformer,embedding,2
64,260,2.246129274368286,2.1785335540771484,9.451082229614258,0.005,2.351644992828369,0.7838448286056519,10.502832412719727,transformer,embedding,2
65,264,2.244109630584717,2.231668472290039,9.432013511657715,0.005,2.367530584335327,0.8104158639907837,10.671008110046387,transformer,embedding,2
66,268,2.2384684085845947,2.1785335540771484,9.378955841064453,0.005,2.3665049076080322,0.9565564393997192,10.660069465637207,transformer,embedding,2
67,272,2.233508586883545,2.0191285610198975,9.332552909851074,0.005,2.3754701614379883,0.7572738528251648,10.75606918334961,transformer,embedding,2
68,276,2.228973150253296,2.1785333156585693,9.290321350097656,0.005,2.361721992492676,0.9432709217071533,10.609204292297363,transformer,embedding,2
69,280,2.2258660793304443,2.2848033905029297,9.261500358581543,0.005,2.3940083980560303,0.8635578751564026,10.957327842712402,transformer,embedding,2
70,284,2.221754312515259,2.4442081451416016,9.22349739074707,0.005,2.406177043914795,0.7838448286056519,11.091477394104004,transformer,embedding,2
71,288,2.2197444438934326,2.231668472290039,9.204977989196777,0.005,2.3907711505889893,0.9565564393997192,10.921913146972656,transformer,embedding,2
72,292,2.2150216102600098,2.072263479232788,9.161606788635254,0.005,2.4074206352233887,0.8768433928489685,11.105279922485352,transformer,embedding,2
73,296,2.2160041332244873,2.391073226928711,9.170613288879395,0.005,2.410189151763916,0.7705593109130859,11.136067390441895,transformer,embedding,2
74,300,2.20542573928833,2.816153049468994,9.074113845825195,0.005,2.4153194427490234,0.9034143686294556,11.193345069885254,transformer,embedding,2
75,304,2.1983587741851807,2.816153049468994,9.010213851928711,0.005,2.438446521759033,0.7971303462982178,11.455231666564941,transformer,embedding,2
76,308,2.1953859329223633,2.4442081451416016,8.983467102050781,0.005,2.428339958190918,0.9964129328727722,11.340041160583496,transformer,embedding,2
77,312,2.1845521926879883,2.816153049468994,8.88666820526123,0.005,2.449028253555298,0.9964129328727722,11.577091217041016,transformer,embedding,2
78,316,2.1786153316497803,2.9224228858947754,8.834065437316895,0.005,2.439512014389038,0.9964129328727722,11.467443466186523,transformer,embedding,2
79,320,2.1819863319396973,2.9224228858947754,8.863895416259766,0.005,2.4618983268737793,1.0229839086532593,11.727052688598633,transformer,embedding,2
80,324,2.176140546798706,2.975557804107666,8.812230110168457,0.005,2.466035842895508,0.8502723574638367,11.775673866271973,transformer,embedding,2
81,328,2.1866137981414795,3.0818276405334473,8.905008316040039,0.005,2.496495485305786,0.8237013816833496,12.139875411987305,transformer,embedding,2
82,332,2.1704444885253906,3.0286927223205566,8.762177467346191,0.005,2.476547956466675,0.8901289105415344,11.900114059448242,transformer,embedding,2
83,336,2.172617197036743,2.8692879676818848,8.78123664855957,0.005,2.4761855602264404,0.9299854040145874,11.895801544189453,transformer,embedding,2
84,340,2.167893886566162,3.0818278789520264,8.73985767364502,0.005,2.4626758098602295,0.8635578751564026,11.736173629760742,transformer,embedding,2
85,344,2.160309076309204,2.975557804107666,8.673818588256836,0.005,2.5031518936157227,0.9565564393997192,12.220952033996582,transformer,embedding,2
86,348,2.1576554775238037,2.975557804107666,8.650832176208496,0.005,2.5487546920776367,0.9166998863220215,12.791165351867676,transformer,embedding,2
87,352,2.154507875442505,2.9224228858947754,8.623644828796387,0.005,2.470625877380371,0.8901289105415344,11.829848289489746,transformer,embedding,2
88,356,2.1571848392486572,2.816153049468994,8.646760940551758,0.005,2.5097768306732178,0.8369868397712708,12.302184104919434,transformer,embedding,2
89,360,2.1459133625030518,3.294367551803589,8.549846649169922,0.005,2.520488977432251,0.7971303462982178,12.434675216674805,transformer,embedding,2
90,364,2.1375458240509033,3.0286929607391357,8.478604316711426,0.005,2.5234928131103516,0.9166998863220215,12.47208309173584,transformer,embedding,2
91,368,2.128042221069336,3.45377254486084,8.398408889770508,0.005,2.5662384033203125,0.8635578751564026,13.016768455505371,transformer,embedding,2
92,372,2.1257596015930176,3.400637626647949,8.379260063171387,0.005,2.5534439086914062,0.8237013816833496,12.851285934448242,transformer,embedding,2
93,376,2.1298248767852783,3.7725822925567627,8.413393020629883,0.005,2.5902087688446045,0.8237013816833496,13.332554817199707,transformer,embedding,2
94,380,2.1207146644592285,3.400637626647949,8.337093353271484,0.005,2.575270175933838,0.7838448286056519,13.134865760803223,transformer,embedding,2
95,384,2.1336472034454346,2.816152811050415,8.445613861083984,0.005,2.578137159347534,0.8635578751564026,13.172576904296875,transformer,embedding,2
96,388,2.1261725425720215,3.0818278789520264,8.382720947265625,0.005,2.5807929039001465,0.9034143686294556,13.207606315612793,transformer,embedding,2
97,392,2.120929479598999,3.134962797164917,8.338884353637695,0.005,2.556952714920044,0.8502723574638367,12.896458625793457,transformer,embedding,2
98,396,2.1125011444091797,3.45377254486084,8.26889705657959,0.005,2.5653340816497803,0.8768433928489685,13.00500202178955,transformer,embedding,2
99,400,2.1090004444122314,3.3475024700164795,8.24000072479248,0.005,2.5693039894104004,0.8768433928489685,13.056734085083008,transformer,embedding,2
100,404,2.113554000854492,2.975557804107666,8.277607917785645,0.005,2.607306718826294,0.9698418974876404,13.562474250793457,transformer,embedding,2
101,408,2.1162056922912598,3.3475027084350586,8.299586296081543,0.005,2.591555595397949,0.8635578751564026,13.350523948669434,transformer,embedding,2
102,412,2.105672597885132,3.2412328720092773,8.212624549865723,0.005,NaN,NaN,NaN,transformer,embedding,2
103,416,2.0983591079711914,3.0286927223205566,8.15278148651123,0.005,2.5992929935455322,0.7705593109130859,13.454222679138184,transformer,embedding,2
104,420,2.102290630340576,3.560042381286621,8.184897422790527,0.005,NaN,NaN,NaN,transformer,embedding,2
105,424,2.095547676086426,3.3475024700164795,8.129892349243164,0.005,2.6242828369140625,0.9964129328727722,13.794677734375,transformer,embedding,2
106,428,2.0865001678466797,3.294367790222168,8.056669235229492,0.005,NaN,NaN,NaN,transformer,embedding,2
107,432,2.0895473957061768,3.2412326335906982,8.081256866455078,0.005,2.6286091804504395,0.7705593109130859,13.854487419128418,transformer,embedding,2
108,436,2.0985591411590576,2.9224228858947754,8.154412269592285,0.005,NaN,NaN,NaN,transformer,embedding,2
109,440,2.0814766883850098,3.0818278789520264,8.016297340393066,0.005,2.637115478515625,0.9166998863220215,13.972840309143066,transformer,embedding,2
110,444,2.0739827156066895,3.9319872856140137,7.956448554992676,0.005,NaN,NaN,NaN,transformer,embedding,2
111,448,2.068305730819702,3.6663122177124023,7.911407947540283,0.005,2.658967971801758,0.8635578751564026,14.281542778015137,transformer,embedding,2
112,452,2.06648325920105,3.6663122177124023,7.897002696990967,0.005,NaN,NaN,NaN,transformer,embedding,2
113,456,2.0644235610961914,3.6663124561309814,7.880753993988037,0.005,2.6876213550567627,1.0229839086532593,14.696676254272461,transformer,embedding,2
114,460,2.069063663482666,4.516471862792969,7.91740608215332,0.005,NaN,NaN,NaN,transformer,embedding,2
115,464,2.0742857456207275,3.3475027084350586,7.958859920501709,0.005,2.6091036796569824,0.7705593109130859,13.586867332458496,transformer,embedding,2
116,468,2.095263719558716,4.463336944580078,8.127584457397461,0.005,NaN,NaN,NaN,transformer,embedding,2
117,472,2.1083602905273438,3.560042381286621,8.23472785949707,0.005,2.6351122856140137,0.9166998863220215,13.944878578186035,transformer,embedding,2
118,476,2.1012046337127686,2.709882974624634,8.176012992858887,0.005,NaN,NaN,NaN,transformer,embedding,2
119,480,2.0886430740356445,3.9851222038269043,8.073951721191406,0.005,2.59140944480896,0.8635578751564026,13.348572731018066,transformer,embedding,2
120,484,2.0846753120422363,3.400637626647949,8.041979789733887,0.005,NaN,NaN,NaN,transformer,embedding,2
121,488,2.0701987743377686,3.7725822925567627,7.926398754119873,0.005,2.6187973022460938,0.8768433928489685,13.719213485717773,transformer,embedding,2
122,492,2.0772104263305664,3.3475027084350586,7.982171058654785,0.005,NaN,NaN,NaN,transformer,embedding,2
123,496,2.0674140453338623,4.0913920402526855,7.904356479644775,0.005,2.665525197982788,0.69084632396698,14.375497817993164,transformer,embedding,2
124,500,2.0551910400390625,4.197661876678467,7.8083295822143555,0.005,NaN,NaN,NaN,transformer,embedding,2
125,504,2.0584030151367188,4.144526958465576,7.833449840545654,0.005,2.689772844314575,0.6775608062744141,14.7283296585083,transformer,embedding,2
126,508,2.047872304916382,4.516471862792969,7.7513909339904785,0.005,NaN,NaN,NaN,transformer,embedding,2
127,512,2.0468060970306396,4.197661876678467,7.743130683898926,0.005,2.685961961746216,0.8635578751564026,14.672308921813965,transformer,embedding,2
128,516,2.0437498092651367,4.0913920402526855,7.719501495361328,0.005,NaN,NaN,NaN,transformer,embedding,2
129,520,2.0344223976135254,3.878852367401123,7.647833347320557,0.005,2.739798069000244,0.8502723574638367,15.483858108520508,transformer,embedding,2
130,524,2.0322506427764893,4.729011535644531,7.631242275238037,0.005,NaN,NaN,NaN,transformer,embedding,2
131,528,2.030062198638916,4.729011535644531,7.614560127258301,0.005,2.7452895641326904,0.8237013816833496,15.569121360778809,transformer,embedding,2
132,532,2.0377092361450195,4.0913920402526855,7.673011779785156,0.005,NaN,NaN,NaN,transformer,embedding,2
133,536,2.036175012588501,4.0913920402526855,7.661248683929443,0.005,2.742021322250366,0.8901289105415344,15.51832103729248,transformer,embedding,2
134,540,2.040238618850708,4.463336944580078,7.692444324493408,0.005,NaN,NaN,NaN,transformer,embedding,2
135,544,2.062838554382324,4.357066631317139,7.86827278137207,0.005,2.7248001098632812,0.9831274151802063,15.253364562988281,transformer,embedding,2
136,548,2.059204339981079,4.888416290283203,7.8397297859191895,0.005,NaN,NaN,NaN,transformer,embedding,2
137,552,2.039111375808716,4.782146453857422,7.683778285980225,0.005,2.7474398612976074,0.9432709217071533,15.602635383605957,transformer,embedding,2
138,556,2.047760009765625,4.516471862792969,7.750520706176758,0.005,NaN,NaN,NaN,transformer,embedding,2
139,560,2.049388885498047,4.516471862792969,7.763155460357666,0.005,2.6933910846710205,0.8635578751564026,14.781717300415039,transformer,embedding,2
140,564,2.0451436042785645,4.144526958465576,7.730268478393555,0.005,NaN,NaN,NaN,transformer,embedding,2
141,568,2.037217855453491,4.4102020263671875,7.6692423820495605,0.005,2.7644684314727783,0.7838448286056519,15.870601654052734,transformer,embedding,2
142,572,2.0433602333068848,4.463336944580078,7.716495037078857,0.005,NaN,NaN,NaN,transformer,embedding,2
143,576,2.039958953857422,4.303932189941406,7.690293312072754,0.005,2.7254843711853027,0.9034143686294556,15.263805389404297,transformer,embedding,2
144,580,2.0408804416656494,3.6663122177124023,7.697383403778076,0.005,NaN,NaN,NaN,transformer,embedding,2
145,584,2.0400900840759277,4.8352813720703125,7.6913018226623535,0.005,2.731111526489258,0.8502723574638367,15.349939346313477,transformer,embedding,2
146,588,2.0347886085510254,3.9851222038269043,7.650634765625,0.005,NaN,NaN,NaN,transformer,embedding,2
147,592,2.0310473442077637,4.569606781005859,7.62206506729126,0.005,2.754755735397339,0.8369868397712708,15.717201232910156,transformer,embedding,2
148,596,2.0277414321899414,4.569606781005859,7.596909046173096,0.005,NaN,NaN,NaN,transformer,embedding,2
149,600,2.035954713821411,3.9851222038269043,7.6595611572265625,0.005,2.7625560760498047,0.8237013816833496,15.840280532836914,transformer,embedding,2
150,604,2.0420849323272705,4.62274169921875,7.706660270690918,0.005,NaN,NaN,NaN,transformer,embedding,2
151,608,2.0391688346862793,4.782146453857422,7.684219837188721,0.005,2.784038543701172,0.8502723574638367,16.184249877929688,transformer,embedding,2
152,612,2.019724130630493,5.1540913581848145,7.536245822906494,0.005,NaN,NaN,NaN,transformer,embedding,2
153,616,2.008751392364502,4.941551208496094,7.454004287719727,0.005,NaN,NaN,NaN,transformer,embedding,2
154,620,2.011284351348877,4.357066631317139,7.472908973693848,0.005,2.796938419342041,0.8237013816833496,16.394376754760742,transformer,embedding,2
155,624,2.0140552520751953,5.207225799560547,7.4936442375183105,0.005,NaN,NaN,NaN,transformer,embedding,2
156,628,2.004715919494629,4.888416290283203,7.423984527587891,0.005,NaN,NaN,NaN,transformer,embedding,2
157,632,2.0024220943450928,5.207225799560547,7.406974792480469,0.005,2.8052570819854736,0.9034143686294556,16.53132438659668,transformer,embedding,2
158,636,1.9951648712158203,5.100956439971924,7.353415489196777,0.005,NaN,NaN,NaN,transformer,embedding,2
159,640,1.997806191444397,5.207226276397705,7.37286376953125,0.005,NaN,NaN,NaN,transformer,embedding,2
160,644,1.9929852485656738,5.047821521759033,7.337405204772949,0.005,2.857697010040283,0.8635578751564026,17.42136001586914,transformer,embedding,2
161,648,2.0013155937194824,4.357066631317139,7.3987836837768555,0.005,NaN,NaN,NaN,transformer,embedding,2
162,652,1.9989876747131348,5.313496112823486,7.381579875946045,0.005,NaN,NaN,NaN,transformer,embedding,2
163,656,2.018911361694336,4.357066631317139,7.530122756958008,0.005,2.8253045082092285,0.8768433928489685,16.866079330444336,transformer,embedding,2
164,660,2.009351968765259,4.994686126708984,7.458482265472412,0.005,NaN,NaN,NaN,transformer,embedding,2
165,664,1.9968297481536865,5.472901344299316,7.365667819976807,0.005,NaN,NaN,NaN,transformer,embedding,2
166,668,1.9912683963775635,5.844845771789551,7.3248186111450195,0.005,2.816570520401001,0.717417299747467,16.71941375732422,transformer,embedding,2
167,672,1.9847455024719238,5.047821521759033,7.277194976806641,0.005,NaN,NaN,NaN,transformer,embedding,2
168,676,1.9729691743850708,5.207226276397705,7.1919989585876465,0.005,NaN,NaN,NaN,transformer,embedding,2
169,680,1.981807827949524,5.207226276397705,7.255848407745361,0.005,2.8838319778442383,0.8635578751564026,17.882667541503906,transformer,embedding,2
170,684,1.9843112230300903,4.888416290283203,7.274035453796387,0.005,NaN,NaN,NaN,transformer,embedding,2
171,688,1.98043954372406,5.472900867462158,7.245927333831787,0.005,NaN,NaN,NaN,transformer,embedding,2
172,692,1.9683562517166138,5.047821044921875,7.158899307250977,0.005,2.922093391418457,0.7971303462982178,18.580142974853516,transformer,embedding,2
173,696,1.972894549369812,5.313496112823486,7.191462516784668,0.005,NaN,NaN,NaN,transformer,embedding,2
174,700,1.9738249778747559,5.366631031036377,7.198156833648682,0.005,NaN,NaN,NaN,transformer,embedding,2
175,704,1.9656522274017334,4.941551208496094,7.139567852020264,0.005,2.866842031478882,0.8502723574638367,17.581409454345703,transformer,embedding,2
176,708,1.9594792127609253,5.79171085357666,7.095630645751953,0.005,NaN,NaN,NaN,transformer,embedding,2
177,712,1.9650367498397827,5.7385759353637695,7.135174751281738,0.005,NaN,NaN,NaN,transformer,embedding,2
178,716,1.9826198816299438,5.526036262512207,7.261743068695068,0.005,2.900472640991211,0.8768433928489685,18.182737350463867,transformer,embedding,2
179,720,2.000358819961548,5.047821521759033,7.391707897186279,0.005,NaN,NaN,NaN,transformer,embedding,2
180,724,1.999639868736267,5.844845771789551,7.386395454406738,0.005,NaN,NaN,NaN,transformer,embedding,2
181,728,1.9973539113998413,5.526036262512207,7.369529724121094,0.005,2.879267454147339,1.0894114971160889,17.801227569580078,transformer,embedding,2
182,732,1.9685494899749756,5.79171085357666,7.160283088684082,0.005,NaN,NaN,NaN,transformer,embedding,2
183,736,1.9654653072357178,5.579171180725098,7.138233184814453,0.005,NaN,NaN,NaN,transformer,embedding,2
184,740,1.9707634449005127,5.472900867462158,7.176153182983398,0.005,2.8710410594940186,0.8104158639907837,17.6553897857666,transformer,embedding,2
185,744,1.9531097412109375,6.110520362854004,7.050579071044922,0.005,NaN,NaN,NaN,transformer,embedding,2
186,748,1.9399386644363403,6.1636552810668945,6.958323955535889,0.005,NaN,NaN,NaN,transformer,embedding,2
187,752,1.9402551651000977,6.801275253295898,6.960526943206787,0.005,2.9062843322753906,0.7705593109130859,18.28871726989746,transformer,embedding,2
188,756,1.9378721714019775,7.013814926147461,6.943959712982178,0.005,NaN,NaN,NaN,transformer,embedding,2
189,760,1.9193470478057861,7.013814926147461,6.816506385803223,0.005,NaN,NaN,NaN,transformer,embedding,2
190,764,1.905849575996399,6.96068000793457,6.725118637084961,0.005,2.9919533729553223,0.8237013816833496,19.924564361572266,transformer,embedding,2
191,768,1.9041852951049805,6.641870021820068,6.713935375213623,0.005,NaN,NaN,NaN,transformer,embedding,2
192,772,1.925784707069397,7.066949844360352,6.860529899597168,0.005,NaN,NaN,NaN,transformer,embedding,2
193,776,1.9167128801345825,7.332624435424805,6.798573970794678,0.005,3.009676456451416,0.8635578751564026,20.28083610534668,transformer,embedding,2
194,780,1.9256842136383057,6.96068000793457,6.8598408699035645,0.005,NaN,NaN,NaN,transformer,embedding,2
195,784,1.913946509361267,6.801275253295898,6.779792785644531,0.005,NaN,NaN,NaN,transformer,embedding,2
196,788,1.9065940380096436,6.748140335083008,6.730127334594727,0.005,2.9856374263763428,0.8502723574638367,19.799118041992188,transformer,embedding,2
197,792,1.894668459892273,6.96068000793457,6.650343418121338,0.005,NaN,NaN,NaN,transformer,embedding,2
198,796,1.891098141670227,6.96068000793457,6.626641750335693,0.005,NaN,NaN,NaN,transformer,embedding,2
199,800,1.8839154243469238,7.332624912261963,6.579215049743652,0.005,3.064329147338867,0.9831274151802063,21.420087814331055,transformer,embedding,2
200,804,1.8990117311477661,7.173219680786133,6.679290294647217,0.005,NaN,NaN,NaN,transformer,embedding,2
202,812,1.8875036239624023,7.066949844360352,6.602864742279053,0.005,3.047748565673828,0.730702817440033,21.06785774230957,transformer,embedding,2
204,820,1.8553709983825684,8.289053916931152,6.394070148468018,0.005,NaN,NaN,NaN,transformer,embedding,2
206,828,1.8850994110107422,7.279489517211914,6.587009429931641,0.005,3.1012461185455322,0.7971303462982178,22.225629806518555,transformer,embedding,2
208,836,1.8965060710906982,7.651434421539307,6.6625752449035645,0.005,NaN,NaN,NaN,transformer,embedding,2
210,844,1.8755123615264893,7.332624912261963,6.524160861968994,0.005,3.053853750228882,0.5845622420310974,21.196874618530273,transformer,embedding,2
212,852,1.8590244054794312,8.235918998718262,6.417472839355469,0.005,NaN,NaN,NaN,transformer,embedding,2
214,860,1.8644473552703857,8.820404052734375,6.452369213104248,0.005,3.0775630474090576,0.9698418974876404,21.705442428588867,transformer,embedding,2
216,868,1.8735524415969849,7.492029666900635,6.511386871337891,0.005,NaN,NaN,NaN,transformer,embedding,2
218,876,1.8483715057373047,8.448458671569824,6.349471092224121,0.005,3.1504709720611572,0.9034143686294556,23.347057342529297,transformer,embedding,2
220,884,1.809237003326416,8.501593589782715,6.1057868003845215,0.005,NaN,NaN,NaN,transformer,embedding,2
222,892,1.808326005935669,8.926673889160156,6.100227355957031,0.005,3.2082481384277344,0.9565564393997192,24.735713958740234,transformer,embedding,2
224,900,1.7806026935577393,10.41445255279541,5.933431148529053,0.005,NaN,NaN,NaN,transformer,embedding,2
226,908,1.7677901983261108,10.04250717163086,5.857894420623779,0.005,3.300888776779175,0.8635578751564026,27.136747360229492,transformer,embedding,2
228,916,1.772354006767273,9.511157989501953,5.884689807891846,0.005,NaN,NaN,NaN,transformer,embedding,2
230,924,1.7475292682647705,10.255047798156738,5.7404022216796875,0.005,3.399721622467041,0.8768433928489685,29.955759048461914,transformer,embedding,2
232,932,1.7236140966415405,11.424016952514648,5.604748249053955,0.005,NaN,NaN,NaN,transformer,embedding,2
234,940,1.7464627027511597,10.042508125305176,5.734282970428467,0.005,3.4704749584198,0.7439883351325989,32.152008056640625,transformer,embedding,2
236,948,1.947641372680664,7.173219680786133,7.012128829956055,0.005,NaN,NaN,NaN,transformer,embedding,2
238,956,1.8932291269302368,7.279489994049072,6.640778064727783,0.005,3.178046226501465,0.5978477597236633,23.99981689453125,transformer,embedding,2
240,964,1.8668195009231567,8.182784080505371,6.467693328857422,0.005,NaN,NaN,NaN,transformer,embedding,2
242,972,1.9107511043548584,8.0233793258667,6.758162975311279,0.005,3.0993263721466064,0.7572738528251648,22.183002471923828,transformer,embedding,2
244,980,1.8901654481887817,7.863974571228027,6.620463848114014,0.005,NaN,NaN,NaN,transformer,embedding,2
246,988,1.8631986379623413,8.714134216308594,6.444316864013672,0.005,2.9898810386657715,0.730702817440033,19.883317947387695,transformer,embedding,2
248,996,1.838284969329834,9.086078643798828,6.2857489585876465,0.005,NaN,NaN,NaN,transformer,embedding,2
250,1004,1.7993502616882324,9.2454833984375,6.045718193054199,0.005,3.1012508869171143,0.6775608062744141,22.225736618041992,transformer,embedding,2
252,1012,1.7975939512252808,9.670562744140625,6.035109043121338,0.005,NaN,NaN,NaN,transformer,embedding,2
254,1020,1.7981759309768677,10.201912879943848,6.0386223793029785,0.005,3.197427272796631,0.8237013816833496,24.46949577331543,transformer,embedding,2
256,1028,1.7586846351623535,11.424016952514648,5.804797172546387,0.005,NaN,NaN,NaN,transformer,embedding,2
258,1036,1.7249712944030762,12.114770889282227,5.612360000610352,0.005,NaN,NaN,NaN,transformer,embedding,2
259,1040,NaN,NaN,NaN,NaN,3.3692526817321777,0.6642752885818481,29.056804656982422,transformer,embedding,2
260,1044,1.724186897277832,11.477151870727539,5.607959270477295,0.005,NaN,NaN,NaN,transformer,embedding,2
262,1052,1.7031956911087036,11.955366134643555,5.49146842956543,0.005,NaN,NaN,NaN,transformer,embedding,2
264,1060,1.6967180967330933,12.69925594329834,5.456011772155762,0.005,3.406055450439453,0.6642752885818481,30.14609718322754,transformer,embedding,2
266,1068,1.733993411064148,11.424016952514648,5.663224220275879,0.005,NaN,NaN,NaN,transformer,embedding,2
268,1076,1.734856367111206,11.105207443237305,5.668113708496094,0.005,NaN,NaN,NaN,transformer,embedding,2
269,1080,NaN,NaN,NaN,NaN,3.370698928833008,0.6377042531967163,29.098857879638672,transformer,embedding,2
270,1084,1.706756830215454,12.008501052856445,5.511059284210205,0.005,NaN,NaN,NaN,transformer,embedding,2
272,1092,1.680924654006958,12.911795616149902,5.370519638061523,0.005,NaN,NaN,NaN,transformer,embedding,2
274,1100,1.670454978942871,12.43358039855957,5.314585208892822,0.005,3.4392974376678467,0.717417299747467,31.165054321289062,transformer,embedding,2
276,1108,1.6342624425888062,13.124336242675781,5.125676155090332,0.005,NaN,NaN,NaN,transformer,embedding,2
278,1116,1.6049656867980957,14.133899688720703,4.977688789367676,0.005,NaN,NaN,NaN,transformer,embedding,2
279,1120,NaN,NaN,NaN,NaN,3.642637252807617,0.730702817440033,38.19242858886719,transformer,embedding,2
280,1124,1.5797330141067505,15.462273597717285,4.853659629821777,0.005,NaN,NaN,NaN,transformer,embedding,2
282,1132,1.576319694519043,17.375131607055664,4.83712100982666,0.005,NaN,NaN,NaN,transformer,embedding,2
284,1140,2.031052589416504,9.19234848022461,7.622105121612549,0.005,3.330956220626831,0.5845622420310974,27.965068817138672,transformer,embedding,2
286,1148,1.9958258867263794,7.279489517211914,7.358277797698975,0.005,NaN,NaN,NaN,transformer,embedding,2
288,1156,2.056283950805664,6.641870021820068,7.816867828369141,0.005,NaN,NaN,NaN,transformer,embedding,2
289,1160,NaN,NaN,NaN,NaN,2.721619129180908,0.8237013816833496,15.204920768737793,transformer,embedding,2
290,1164,1.9949067831039429,7.598299503326416,7.351517677307129,0.005,NaN,NaN,NaN,transformer,embedding,2
292,1172,1.9313702583312988,8.767269134521484,6.898957252502441,0.005,NaN,NaN,NaN,transformer,embedding,2
294,1180,1.8863563537597656,9.617427825927734,6.595293998718262,0.005,2.922623872756958,0.7439883351325989,18.590002059936523,transformer,embedding,2
296,1188,1.8897926807403564,9.670562744140625,6.617996692657471,0.005,NaN,NaN,NaN,transformer,embedding,2
298,1196,1.8509008884429932,10.148777961730957,6.365551471710205,0.005,NaN,NaN,NaN,transformer,embedding,2
299,1200,NaN,NaN,NaN,NaN,2.9906845092773438,0.7838448286056519,19.89929962158203,transformer,embedding,2
300,1204,2.0312376022338867,7.492029666900635,7.623515605926514,0.005,NaN,NaN,NaN,transformer,embedding,2
303,1216,2.0090293884277344,8.07651424407959,7.4560770988464355,0.005,NaN,NaN,NaN,transformer,embedding,2
304,1220,NaN,NaN,NaN,NaN,2.7170310020446777,0.69084632396698,15.135318756103516,transformer,embedding,2
306,1228,1.9477088451385498,8.395323753356934,7.01260232925415,0.005,NaN,NaN,NaN,transformer,embedding,2
309,1240,1.937764286994934,7.757704734802246,6.943210601806641,0.005,NaN,NaN,NaN,transformer,embedding,2
310,1244,NaN,NaN,NaN,NaN,2.891348361968994,0.7041317820549011,18.017587661743164,transformer,embedding,2
312,1252,1.8869694471359253,9.564292907714844,6.599338531494141,0.005,NaN,NaN,NaN,transformer,embedding,2
315,1264,1.8852747678756714,10.095643043518066,6.588164329528809,0.005,NaN,NaN,NaN,transformer,embedding,2
316,1268,NaN,NaN,NaN,NaN,2.916497230529785,0.8901289105415344,18.476455688476562,transformer,embedding,2
318,1276,1.8539133071899414,10.573857307434082,6.384756088256836,0.005,NaN,NaN,NaN,transformer,embedding,2
321,1288,1.8981882333755493,9.2454833984375,6.673792362213135,0.005,NaN,NaN,NaN,transformer,embedding,2
322,1292,NaN,NaN,NaN,NaN,2.9775021076202393,0.730702817440033,19.638700485229492,transformer,embedding,2
324,1300,1.846448540687561,10.626992225646973,6.337273120880127,0.005,NaN,NaN,NaN,transformer,embedding,2
327,1312,1.8221447467803955,11.105207443237305,6.185109615325928,0.005,NaN,NaN,NaN,transformer,embedding,2
328,1316,NaN,NaN,NaN,NaN,3.0796523094177246,0.8768433928489685,21.750839233398438,transformer,embedding,2
330,1324,1.8350290060043335,10.4675874710083,6.265316009521484,0.005,NaN,NaN,NaN,transformer,embedding,2
333,1336,1.7899885177612305,11.052072525024414,5.989383697509766,0.005,NaN,NaN,NaN,transformer,embedding,2
334,1340,NaN,NaN,NaN,NaN,3.1812751293182373,0.7838448286056519,24.077436447143555,transformer,embedding,2
336,1348,1.7880239486694336,11.58342170715332,5.977628707885742,0.005,NaN,NaN,NaN,transformer,embedding,2
339,1360,1.7519011497497559,12.327311515808105,5.7655534744262695,0.005,NaN,NaN,NaN,transformer,embedding,2
340,1364,NaN,NaN,NaN,NaN,3.2662293910980225,0.6111332774162292,26.212316513061523,transformer,embedding,2
342,1372,1.6795506477355957,14.080764770507812,5.363145351409912,0.005,NaN,NaN,NaN,transformer,embedding,2
345,1384,1.7695175409317017,12.221040725708008,5.868021488189697,0.005,NaN,NaN,NaN,transformer,embedding,2
346,1388,NaN,NaN,NaN,NaN,3.4285666942596436,0.6111332774162292,30.83241844177246,transformer,embedding,2
348,1396,1.7577860355377197,12.75239086151123,5.7995829582214355,0.005,NaN,NaN,NaN,transformer,embedding,2
351,1408,1.7158509492874146,13.496280670166016,5.561406135559082,0.005,NaN,NaN,NaN,transformer,embedding,2
352,1412,NaN,NaN,NaN,NaN,3.32981014251709,0.7971303462982178,27.93303871154785,transformer,embedding,2
354,1420,1.6721363067626953,15.09032917022705,5.323528289794922,0.005,NaN,NaN,NaN,transformer,embedding,2
357,1432,1.779000997543335,12.486716270446777,5.923935413360596,0.005,NaN,NaN,NaN,transformer,embedding,2
359,1440,NaN,NaN,NaN,NaN,3.295516014099121,0.7838448286056519,26.9913387298584,transformer,embedding,2
360,1444,1.7052253484725952,12.911795616149902,5.502625465393066,0.005,NaN,NaN,NaN,transformer,embedding,2
363,1456,1.6613714694976807,14.877789497375488,5.266528606414795,0.005,NaN,NaN,NaN,transformer,embedding,2
366,1468,1.6239969730377197,15.302868843078613,5.073328018188477,0.005,3.4373178482055664,0.7971303462982178,31.103422164916992,transformer,embedding,2
369,1480,1.6756290197372437,14.399574279785156,5.342154502868652,0.005,NaN,NaN,NaN,transformer,embedding,2
372,1492,1.6381938457489014,15.621679306030273,5.145866870880127,0.005,NaN,NaN,NaN,transformer,embedding,2
373,1496,NaN,NaN,NaN,NaN,3.4334309101104736,0.7572738528251648,30.982759475708008,transformer,embedding,2
375,1504,1.6433584690093994,14.824653625488281,5.172512054443359,0.005,NaN,NaN,NaN,transformer,embedding,2
378,1516,1.5849101543426514,17.375131607055664,4.878852844238281,0.005,NaN,NaN,NaN,transformer,embedding,2
380,1524,NaN,NaN,NaN,NaN,3.6377525329589844,0.5579912662506104,38.00632095336914,transformer,embedding,2
381,1528,1.5407474040985107,17.959617614746094,4.6680779457092285,0.005,NaN,NaN,NaN,transformer,embedding,2
384,1540,1.4865368604660034,20.72263526916504,4.421755790710449,0.005,NaN,NaN,NaN,transformer,embedding,2
387,1552,1.435295820236206,21.732200622558594,4.200887680053711,0.005,3.9479727745056152,0.6775608062744141,51.8301887512207,transformer,embedding,2
390,1564,1.4627983570098877,20.456960678100586,4.318026065826416,0.005,NaN,NaN,NaN,transformer,embedding,2
393,1576,1.484787940979004,21.041444778442383,4.414029121398926,0.005,NaN,NaN,NaN,transformer,embedding,2
394,1580,NaN,NaN,NaN,NaN,3.9230244159698486,0.717417299747467,50.55310821533203,transformer,embedding,2
396,1588,1.4930766820907593,21.094579696655273,4.450767993927002,0.005,NaN,NaN,NaN,transformer,embedding,2
399,1600,1.5569747686386108,18.650371551513672,4.744446277618408,0.005,NaN,NaN,NaN,transformer,embedding,2
401,1608,NaN,NaN,NaN,NaN,3.8516387939453125,0.5447057485580444,47.07013702392578,transformer,embedding,2
402,1612,1.6976215839385986,14.824654579162598,5.460943698883057,0.005,NaN,NaN,NaN,transformer,embedding,2
406,1628,1.6805949211120605,16.31243324279785,5.368749141693115,0.005,NaN,NaN,NaN,transformer,embedding,2
409,1640,NaN,NaN,NaN,NaN,3.5602946281433105,0.5447057485580444,35.17355728149414,transformer,embedding,2
410,1644,1.5467326641082764,20.456960678100586,4.696101188659668,0.005,NaN,NaN,NaN,transformer,embedding,2
414,1660,1.4887408018112183,22.2635498046875,4.431511878967285,0.005,NaN,NaN,NaN,transformer,embedding,2
417,1672,NaN,NaN,NaN,NaN,3.5863845348358154,0.6244187951087952,36.103309631347656,transformer,embedding,2
418,1676,1.6764764785766602,15.302868843078613,5.346683502197266,0.005,NaN,NaN,NaN,transformer,embedding,2
422,1692,1.5703380107879639,18.331562042236328,4.8082733154296875,0.005,NaN,NaN,NaN,transformer,embedding,2
425,1704,NaN,NaN,NaN,NaN,3.6931312084198,0.8104158639907837,40.170433044433594,transformer,embedding,2
426,1708,1.4715982675552368,21.253984451293945,4.356192111968994,0.005,NaN,NaN,NaN,transformer,embedding,2
430,1724,1.4443325996398926,21.78533363342285,4.239022254943848,0.005,NaN,NaN,NaN,transformer,embedding,2
433,1736,NaN,NaN,NaN,NaN,3.9737842082977295,0.5712767243385315,53.18541717529297,transformer,embedding,2
434,1740,1.3713206052780151,25.132837295532227,3.940551280975342,0.005,NaN,NaN,NaN,transformer,embedding,2
438,1756,1.5319232940673828,22.21041488647461,4.627067565917969,0.005,NaN,NaN,NaN,transformer,embedding,2
441,1768,NaN,NaN,NaN,NaN,4.033226013183594,0.5579912662506104,56.44270324707031,transformer,embedding,2
442,1772,1.3876583576202393,25.55791664123535,4.005459785461426,0.005,NaN,NaN,NaN,transformer,embedding,2
446,1788,1.4554822444915771,22.476089477539062,4.286550045013428,0.005,NaN,NaN,NaN,transformer,embedding,2
449,1800,NaN,NaN,NaN,NaN,4.0846662521362305,0.5181347131729126,59.42210388183594,transformer,embedding,2
450,1804,1.3439826965332031,26.14240074157715,3.8342838287353516,0.005,NaN,NaN,NaN,transformer,embedding,2
454,1820,1.2813122272491455,28.108394622802734,3.601362466812134,0.005,NaN,NaN,NaN,transformer,embedding,2
457,1832,NaN,NaN,NaN,NaN,4.412935256958008,0.6775608062744141,82.51129913330078,transformer,embedding,2
458,1836,1.258345603942871,27.84272003173828,3.5195939540863037,0.005,NaN,NaN,NaN,transformer,embedding,2
462,1852,1.337116003036499,27.577045440673828,3.8080453872680664,0.005,NaN,NaN,NaN,transformer,embedding,2
466,1868,1.4768693447113037,21.944738388061523,4.379214286804199,0.005,4.202005863189697,0.5181347131729126,66.82022857666016,transformer,embedding,2
470,1884,1.3079088926315308,27.895854949951172,3.6984317302703857,0.005,NaN,NaN,NaN,transformer,embedding,2
474,1900,1.2899093627929688,30.074386596679688,3.6324572563171387,0.005,NaN,NaN,NaN,transformer,embedding,2
475,1904,NaN,NaN,NaN,NaN,4.339382171630859,0.5314202308654785,76.66016387939453,transformer,embedding,2
478,1916,1.3198766708374023,27.895854949951172,3.74295973777771,0.005,NaN,NaN,NaN,transformer,embedding,2
482,1932,1.2213655710220337,30.605737686157227,3.3918163776397705,0.005,NaN,NaN,NaN,transformer,embedding,2
484,1940,NaN,NaN,NaN,NaN,4.491196632385254,0.6377042531967163,89.22815704345703,transformer,embedding,2
486,1948,1.1861213445663452,31.987247467041016,3.2743563652038574,0.005,NaN,NaN,NaN,transformer,embedding,2
490,1964,1.0746418237686157,39.426143646240234,2.928943634033203,0.005,NaN,NaN,NaN,transformer,embedding,2
493,1976,NaN,NaN,NaN,NaN,4.7673659324646,0.38527965545654297,117.60904693603516,transformer,embedding,2
494,1980,1.084543228149414,36.503719329833984,2.9580883979797363,0.005,NaN,NaN,NaN,transformer,embedding,2
498,1996,1.067738652229309,38.57598114013672,2.9087941646575928,0.005,NaN,NaN,NaN,transformer,embedding,2
502,2012,1.3021360635757446,28.958553314208984,3.677142858505249,0.005,4.6940507888793945,0.6244187951087952,109.29501342773438,transformer,embedding,2
507,2032,1.2049634456634521,31.137088775634766,3.336637020111084,0.005,NaN,NaN,NaN,transformer,embedding,2
512,2052,1.127321720123291,37.14133834838867,3.087376594543457,0.005,4.820181369781494,0.37199416756629944,123.98757934570312,transformer,embedding,2
517,2072,1.2469000816345215,31.934112548828125,3.4795398712158203,0.005,NaN,NaN,NaN,transformer,embedding,2
522,2092,1.0852655172348022,37.83209228515625,2.960225820541382,0.005,4.731332302093506,0.4649927020072937,113.44660949707031,transformer,embedding,2
527,2112,1.0438506603240967,40.91392135620117,2.840132474899292,0.005,NaN,NaN,NaN,transformer,embedding,2
532,2132,1.2399088144302368,31.40276336669922,3.45529842376709,0.005,4.585848808288574,0.5845622420310974,98.08641052246094,transformer,embedding,2
537,2152,1.151161551475525,37.300743103027344,3.161863327026367,0.005,NaN,NaN,NaN,transformer,embedding,2
542,2172,1.0311325788497925,42.986183166503906,2.8042399883270264,0.005,4.764272689819336,0.7041317820549011,117.24581146240234,transformer,embedding,2
547,2192,0.9666670560836792,44.845909118652344,2.629167079925537,0.005,NaN,NaN,NaN,transformer,embedding,2
552,2212,1.0869266986846924,41.39213562011719,2.9651472568511963,0.005,5.099870681762695,0.5048491954803467,164.00070190429688,transformer,embedding,2
557,2232,1.2712996006011963,29.91498374938965,3.565483331680298,0.005,NaN,NaN,NaN,transformer,embedding,2
562,2252,1.2219477891921997,33.95323944091797,3.393791675567627,0.005,NaN,NaN,NaN,transformer,embedding,2
563,2256,NaN,NaN,NaN,NaN,4.5582170486450195,0.5447057485580444,95.4132080078125,transformer,embedding,2
567,2272,1.035361886024475,40.54197692871094,2.8161251544952393,0.005,NaN,NaN,NaN,transformer,embedding,2
572,2292,0.9919984936714172,40.91392135620117,2.6966183185577393,0.005,NaN,NaN,NaN,transformer,embedding,2
574,2300,NaN,NaN,NaN,NaN,5.045546531677246,0.5048491954803467,155.32916259765625,transformer,embedding,2
577,2312,1.1570160388946533,39.2667350769043,3.1804287433624268,0.005,NaN,NaN,NaN,transformer,embedding,2
582,2332,1.1074296236038208,40.435707092285156,3.02656888961792,0.005,NaN,NaN,NaN,transformer,embedding,2
585,2344,NaN,NaN,NaN,NaN,4.760181427001953,0.4118506908416748,116.76710510253906,transformer,embedding,2
587,2352,0.9592568278312683,45.058448791503906,2.6097562313079834,0.005,NaN,NaN,NaN,transformer,embedding,2
592,2372,0.940653383731842,45.27098846435547,2.561654567718506,0.005,NaN,NaN,NaN,transformer,embedding,2
596,2388,NaN,NaN,NaN,NaN,5.144641876220703,0.49156370759010315,171.5100555419922,transformer,embedding,2
597,2392,1.0520151853561401,42.29542922973633,2.8634157180786133,0.005,NaN,NaN,NaN,transformer,embedding,2
602,2412,1.044635534286499,40.59511184692383,2.842362403869629,0.005,NaN,NaN,NaN,transformer,embedding,2
607,2432,NaN,NaN,NaN,NaN,5.09389591217041,0.5845622420310974,163.0237579345703,transformer,embedding,2
608,2436,0.9401986598968506,43.30499267578125,2.560490131378174,0.005,NaN,NaN,NaN,transformer,embedding,2
614,2460,1.2007496356964111,38.0977668762207,3.3226068019866943,0.005,NaN,NaN,NaN,transformer,embedding,2
619,2480,NaN,NaN,NaN,NaN,4.52472448348999,0.5447057485580444,92.27050018310547,transformer,embedding,2
620,2484,1.227846622467041,30.552602767944336,3.413870334625244,0.005,NaN,NaN,NaN,transformer,embedding,2
626,2508,0.8954291939735413,47.23698043823242,2.4483864307403564,0.005,NaN,NaN,NaN,transformer,embedding,2
631,2528,NaN,NaN,NaN,NaN,5.1913228034973145,0.38527965545654297,179.70611572265625,transformer,embedding,2
632,2532,0.8104904890060425,50.79702377319336,2.2490108013153076,0.005,NaN,NaN,NaN,transformer,embedding,2
638,2556,1.077410340309143,42.826778411865234,2.937063694000244,0.005,NaN,NaN,NaN,transformer,embedding,2
643,2576,NaN,NaN,NaN,NaN,3.9888007640838623,0.7041317820549011,53.99010467529297,transformer,embedding,2
644,2580,1.5651772022247314,22.954303741455078,4.783522605895996,0.005,NaN,NaN,NaN,transformer,embedding,2
650,2604,1.102362036705017,40.223167419433594,3.01127028465271,0.005,NaN,NaN,NaN,transformer,embedding,2
655,2624,NaN,NaN,NaN,NaN,4.65015983581543,0.5845622420310974,104.60169982910156,transformer,embedding,2
656,2628,0.9591934680938721,45.1115837097168,2.609591007232666,0.005,NaN,NaN,NaN,transformer,embedding,2
662,2652,1.0192593336105347,43.0393180847168,2.771141529083252,0.005,NaN,NaN,NaN,transformer,embedding,2
668,2676,0.8489869832992554,51.381507873535156,2.337277889251709,0.005,5.125387191772461,0.4517071843147278,168.23927307128906,transformer,embedding,2
674,2700,0.8423855304718018,50.21253967285156,2.3218994140625,0.005,NaN,NaN,NaN,transformer,embedding,2
680,2724,1.3079959154129028,31.72157096862793,3.698753595352173,0.005,NaN,NaN,NaN,transformer,embedding,2
681,2728,NaN,NaN,NaN,NaN,4.697310447692871,0.5978477597236633,109.65186309814453,transformer,embedding,2
686,2748,0.9709439277648926,46.01487731933594,2.6404356956481934,0.005,NaN,NaN,NaN,transformer,embedding,2
692,2772,1.0545027256011963,40.48884201049805,2.870547294616699,0.005,NaN,NaN,NaN,transformer,embedding,2
694,2780,NaN,NaN,NaN,NaN,4.771468639373779,0.4118506908416748,118.0925521850586,transformer,embedding,2
698,2796,0.7561631202697754,54.51647186279297,2.1300876140594482,0.005,NaN,NaN,NaN,transformer,embedding,2
704,2820,1.0484379529953003,39.054195404052734,2.8531908988952637,0.005,NaN,NaN,NaN,transformer,embedding,2
707,2832,NaN,NaN,NaN,NaN,4.824124813079834,0.5314202308654785,124.47747802734375,transformer,embedding,2
711,2848,1.0373080968856812,42.72050857543945,2.821611166000366,0.005,NaN,NaN,NaN,transformer,embedding,2
718,2876,0.9619928598403931,45.1115837097168,2.6169064044952393,0.005,NaN,NaN,NaN,transformer,embedding,2
721,2888,NaN,NaN,NaN,NaN,4.93568754196167,0.5314202308654785,139.16879272460938,transformer,embedding,2
725,2904,1.0916874408721924,41.3390007019043,2.979297161102295,0.005,NaN,NaN,NaN,transformer,embedding,2
732,2932,0.7673482298851013,54.72901153564453,2.1540465354919434,0.005,NaN,NaN,NaN,transformer,embedding,2
735,2944,NaN,NaN,NaN,NaN,5.327678680419922,0.43842169642448425,205.95932006835938,transformer,embedding,2
739,2960,0.7711107134819031,56.5887336730957,2.1621663570404053,0.005,NaN,NaN,NaN,transformer,embedding,2
746,2988,0.7080592513084412,57.545166015625,2.030047655105591,0.005,NaN,NaN,NaN,transformer,embedding,2
749,3000,NaN,NaN,NaN,NaN,5.759402275085449,0.5048491954803467,317.15869140625,transformer,embedding,2
753,3016,0.8685192465782166,50.79702377319336,2.3833789825439453,0.005,NaN,NaN,NaN,transformer,embedding,2
760,3044,0.7962080836296082,54.8884162902832,2.2171177864074707,0.005,NaN,NaN,NaN,transformer,embedding,2
763,3056,NaN,NaN,NaN,NaN,5.567311763763428,0.4517071843147278,261.72955322265625,transformer,embedding,2
767,3072,0.8570557236671448,53.50690460205078,2.356213092803955,0.005,NaN,NaN,NaN,transformer,embedding,2
774,3100,0.7270355820655823,56.90754318237305,2.0689382553100586,0.005,NaN,NaN,NaN,transformer,embedding,2
778,3116,NaN,NaN,NaN,NaN,5.5964436531066895,0.3321376442909241,269.4664001464844,transformer,embedding,2
781,3128,0.6121529936790466,61.477149963378906,1.8443981409072876,0.005,NaN,NaN,NaN,transformer,embedding,2
788,3156,0.734289288520813,56.641868591308594,2.0840003490448,0.005,NaN,NaN,NaN,transformer,embedding,2
793,3176,NaN,NaN,NaN,NaN,5.745748996734619,0.6244187951087952,312.8578796386719,transformer,embedding,2
795,3184,0.8832429647445679,49.94686508178711,2.4187309741973877,0.005,NaN,NaN,NaN,transformer,embedding,2
802,3212,0.610093355178833,62.96493148803711,1.840603232383728,0.005,NaN,NaN,NaN,transformer,embedding,2
808,3236,NaN,NaN,NaN,NaN,6.10455846786499,0.4782782196998596,447.89483642578125,transformer,embedding,2
810,3244,0.5393167734146118,66.57810974121094,1.7148348093032837,0.005,NaN,NaN,NaN,transformer,embedding,2
818,3276,0.5404360890388489,66.2593002319336,1.7167553901672363,0.005,NaN,NaN,NaN,transformer,embedding,2
824,3300,NaN,NaN,NaN,NaN,6.015022277832031,0.42513617873191833,409.53497314453125,transformer,embedding,2
826,3308,0.7145555019378662,58.448455810546875,2.043278217315674,0.005,NaN,NaN,NaN,transformer,embedding,2
834,3340,0.6325987577438354,62.486717224121094,1.8824963569641113,0.005,NaN,NaN,NaN,transformer,embedding,2
840,3364,NaN,NaN,NaN,NaN,5.872203350067139,0.5978477597236633,355.0303649902344,transformer,embedding,2
842,3372,0.8675358295440674,51.96599197387695,2.3810362815856934,0.005,NaN,NaN,NaN,transformer,embedding,2
850,3404,0.4371451139450073,73.32624816894531,1.5482807159423828,0.005,NaN,NaN,NaN,transformer,embedding,2
856,3428,NaN,NaN,NaN,NaN,6.353799343109131,0.5314202308654785,574.6719360351562,transformer,embedding,2
858,3436,1.1630990505218506,48.03400421142578,3.1998343467712402,0.005,NaN,NaN,NaN,transformer,embedding,2
866,3468,0.6616140007972717,62.592987060546875,1.9379175901412964,0.005,NaN,NaN,NaN,transformer,embedding,2
873,3496,NaN,NaN,NaN,NaN,5.750784873962402,0.43842169642448425,314.4373474121094,transformer,embedding,2
874,3500,0.47313982248306274,72.84803771972656,1.6050257682800293,0.005,NaN,NaN,NaN,transformer,embedding,2
882,3532,0.6043490767478943,64.13390350341797,1.830060601234436,0.005,NaN,NaN,NaN,transformer,embedding,2
890,3564,0.45227745175361633,70.88204193115234,1.5718879699707031,0.005,6.273593902587891,0.2922811210155487,530.3800659179688,transformer,embedding,2
898,3596,0.37130534648895264,76.62061309814453,1.4496256113052368,0.005,NaN,NaN,NaN,transformer,embedding,2
906,3628,0.5161228775978088,69.39425659179688,1.6755188703536987,0.005,NaN,NaN,NaN,transformer,embedding,2
907,3632,NaN,NaN,NaN,NaN,6.595330715179443,0.5048491954803467,731.6708374023438,transformer,embedding,2
915,3664,0.6861084699630737,60.83953094482422,1.9859720468521118,0.005,NaN,NaN,NaN,transformer,embedding,2
924,3700,0.5293586850166321,69.12858581542969,1.697843074798584,0.005,NaN,NaN,NaN,transformer,embedding,2
925,3704,NaN,NaN,NaN,NaN,6.248180389404297,0.49156370759010315,517.0711059570312,transformer,embedding,2
933,3736,0.4772196412086487,71.7322006225586,1.611587405204773,0.005,NaN,NaN,NaN,transformer,embedding,2
942,3772,0.4025707244873047,76.78001403808594,1.4956647157669067,0.005,NaN,NaN,NaN,transformer,embedding,2
943,3776,NaN,NaN,NaN,NaN,6.762362957000732,0.5048491954803467,864.6829833984375,transformer,embedding,2
951,3808,0.43276602029800415,74.07013702392578,1.5415154695510864,0.005,NaN,NaN,NaN,transformer,embedding,2
960,3844,0.4371531009674072,76.24867248535156,1.548293113708496,0.005,NaN,NaN,NaN,transformer,embedding,2
961,3848,NaN,NaN,NaN,NaN,6.809423923492432,0.5181347131729126,906.3485107421875,transformer,embedding,2
969,3880,0.29201552271842957,82.41232299804688,1.3391238451004028,0.005,NaN,NaN,NaN,transformer,embedding,2
978,3916,0.40928876399993896,75.1328353881836,1.5057464838027954,0.005,NaN,NaN,NaN,transformer,embedding,2
980,3924,NaN,NaN,NaN,NaN,6.9179911613464355,0.5048491954803467,1010.2884521484375,transformer,embedding,2
987,3952,0.7029430866241455,62.06163787841797,2.019688129425049,0.005,NaN,NaN,NaN,transformer,embedding,2
996,3988,0.31551867723464966,82.25292205810547,1.3709702491760254,0.005,NaN,NaN,NaN,transformer,embedding,2
999,4000,NaN,NaN,NaN,NaN,6.799961566925049,0.5048491954803467,897.8128051757812,transformer,embedding,2
1005,4024,0.2565001845359802,85.22847747802734,1.2923990488052368,0.005,NaN,NaN,NaN,transformer,embedding,2
1015,4064,0.4930447041988373,71.09457397460938,1.6372936964035034,0.005,NaN,NaN,NaN,transformer,embedding,2
1018,4076,NaN,NaN,NaN,NaN,7.215615749359131,0.4517071843147278,1360.5111083984375,transformer,embedding,2
1025,4104,0.6288331151008606,66.0467529296875,1.8754209280014038,0.005,NaN,NaN,NaN,transformer,embedding,2
1035,4144,0.7190432548522949,67.21572875976562,2.0524685382843018,0.005,NaN,NaN,NaN,transformer,embedding,2
1038,4156,NaN,NaN,NaN,NaN,5.944648742675781,0.4517071843147278,381.70526123046875,transformer,embedding,2
1045,4184,0.462373286485672,75.55791473388672,1.5878379344940186,0.005,NaN,NaN,NaN,transformer,embedding,2
1055,4224,0.5581870079040527,68.490966796875,1.7475013732910156,0.005,NaN,NaN,NaN,transformer,embedding,2
1058,4236,NaN,NaN,NaN,NaN,6.441620349884033,0.5048491954803467,627.422607421875,transformer,embedding,2
1065,4264,0.4204133152961731,77.15196228027344,1.5225907564163208,0.005,NaN,NaN,NaN,transformer,embedding,2
1075,4304,0.2427070587873459,85.65355682373047,1.2746951580047607,0.005,NaN,NaN,NaN,transformer,embedding,2
1079,4320,NaN,NaN,NaN,NaN,7.34907865524292,0.5181347131729126,1554.763427734375,transformer,embedding,2
1085,4344,0.35026901960372925,79.54303741455078,1.4194493293762207,0.005,NaN,NaN,NaN,transformer,embedding,2
1095,4384,0.3527988791465759,82.83740234375,1.4230449199676514,0.005,NaN,NaN,NaN,transformer,embedding,2
1100,4404,NaN,NaN,NaN,NaN,7.198599338531494,0.4517071843147278,1337.5560302734375,transformer,embedding,2
1105,4424,0.38417327404022217,78.10839080810547,1.4683998823165894,0.005,NaN,NaN,NaN,transformer,embedding,2
1116,4468,0.42794573307037354,76.24867248535156,1.5341027975082397,0.005,NaN,NaN,NaN,transformer,embedding,2
1121,4488,NaN,NaN,NaN,NaN,6.747977256774902,0.5579912662506104,852.3329467773438,transformer,embedding,2
1127,4512,0.42612847685813904,77.04570007324219,1.5313174724578857,0.005,NaN,NaN,NaN,transformer,embedding,2
1138,4556,0.2598555088043213,85.54728698730469,1.2967426776885986,0.005,NaN,NaN,NaN,transformer,embedding,2
1143,4576,NaN,NaN,NaN,NaN,7.718875408172607,0.49156370759010315,2250.42724609375,transformer,embedding,2
1149,4600,0.9506411552429199,55.047821044921875,2.5873680114746094,0.005,NaN,NaN,NaN,transformer,embedding,2
1160,4644,0.20408156514167786,89.4261474609375,1.226398229598999,0.005,NaN,NaN,NaN,transformer,embedding,2
1165,4664,NaN,NaN,NaN,NaN,7.525272369384766,0.4517071843147278,1854.3182373046875,transformer,embedding,2
1171,4688,0.1827823668718338,89.95748901367188,1.200553059577942,0.005,NaN,NaN,NaN,transformer,embedding,2
1182,4732,0.2404530644416809,85.2816162109375,1.2718251943588257,0.005,NaN,NaN,NaN,transformer,embedding,2
1188,4756,NaN,NaN,NaN,NaN,7.808987140655518,0.4517071843147278,2462.634765625,transformer,embedding,2
1193,4776,0.22652983665466309,87.46014404296875,1.2542400360107422,0.005,NaN,NaN,NaN,transformer,embedding,2
1204,4820,0.520943820476532,73.53878784179688,1.6836159229278564,0.005,NaN,NaN,NaN,transformer,embedding,2
1211,4848,NaN,NaN,NaN,NaN,5.12842321395874,0.7439883351325989,168.75082397460938,transformer,embedding,2
1216,4868,0.3923518657684326,78.2677993774414,1.4804584980010986,0.005,NaN,NaN,NaN,transformer,embedding,2
1228,4916,0.23085185885429382,85.49415588378906,1.2596726417541504,0.005,NaN,NaN,NaN,transformer,embedding,2
1235,4944,NaN,NaN,NaN,NaN,7.721943378448486,0.5181347131729126,2257.34228515625,transformer,embedding,2
1240,4964,0.24266281723976135,85.22847747802734,1.2746387720108032,0.005,NaN,NaN,NaN,transformer,embedding,2
1252,5012,0.3309515416622162,80.6057357788086,1.3922923803329468,0.005,NaN,NaN,NaN,transformer,embedding,2
1259,5040,NaN,NaN,NaN,NaN,7.5299296379089355,0.5314202308654785,1862.974365234375,transformer,embedding,2
1264,5060,0.2487809658050537,85.81295776367188,1.2824610471725464,0.005,NaN,NaN,NaN,transformer,embedding,2
1276,5108,0.3127266466617584,82.51860046386719,1.3671478033065796,0.005,NaN,NaN,NaN,transformer,embedding,2
1284,5140,NaN,NaN,NaN,NaN,7.889646530151367,0.5314202308654785,2669.500244140625,transformer,embedding,2
1288,5156,0.22132471203804016,87.61955261230469,1.2477284669876099,0.005,NaN,NaN,NaN,transformer,embedding,2
1300,5204,0.1984862983226776,88.46971130371094,1.2195552587509155,0.005,NaN,NaN,NaN,transformer,embedding,2
1309,5240,NaN,NaN,NaN,NaN,8.303512573242188,0.43842169642448425,4038.031494140625,transformer,embedding,2
1313,5256,0.5401694178581238,70.93517303466797,1.7162976264953613,0.005,NaN,NaN,NaN,transformer,embedding,2
1326,5308,0.22485587000846863,87.1413345336914,1.2521421909332275,0.005,NaN,NaN,NaN,transformer,embedding,2
1335,5344,NaN,NaN,NaN,NaN,7.998648166656494,0.5845622420310974,2976.930908203125,transformer,embedding,2
1339,5360,0.15222667157649994,91.02018737792969,1.164424180984497,0.005,NaN,NaN,NaN,transformer,embedding,2
1352,5412,0.09830518066883087,94.63336181640625,1.1032994985580444,0.005,NaN,NaN,NaN,transformer,embedding,2
1361,5448,NaN,NaN,NaN,NaN,8.508835792541504,0.6642752885818481,4958.38720703125,transformer,embedding,2
1365,5464,0.20421022176742554,87.88522338867188,1.2265559434890747,0.005,NaN,NaN,NaN,transformer,embedding,2
1378,5516,0.34641167521476746,81.509033203125,1.4139845371246338,0.005,NaN,NaN,NaN,transformer,embedding,2
1388,5556,NaN,NaN,NaN,NaN,8.009064674377441,0.5181347131729126,3008.102294921875,transformer,embedding,2
1391,5568,0.19013343751430511,89.95748901367188,1.2094110250473022,0.005,NaN,NaN,NaN,transformer,embedding,2
1404,5620,0.4820927381515503,74.01699829101562,1.6194599866867065,0.005,NaN,NaN,NaN,transformer,embedding,2
1415,5664,NaN,NaN,NaN,NaN,6.907555103302002,0.6111332774162292,999.7998657226562,transformer,embedding,2
1418,5676,0.17810021340847015,88.94792175292969,1.1949450969696045,0.005,NaN,NaN,NaN,transformer,embedding,2
1432,5732,0.09217519313097,94.89904022216797,1.0965569019317627,0.005,NaN,NaN,NaN,transformer,embedding,2
1443,5776,NaN,NaN,NaN,NaN,8.724377632141113,0.5579912662506104,6151.04736328125,transformer,embedding,2
1446,5788,0.1810600757598877,89.31986999511719,1.1984871625900269,0.005,NaN,NaN,NaN,transformer,embedding,2
1460,5844,0.24110159277915955,86.92879486083984,1.2726503610610962,0.005,NaN,NaN,NaN,transformer,embedding,2
1471,5888,NaN,NaN,NaN,NaN,8.273101806640625,0.6111332774162292,3917.080078125,transformer,embedding,2
1474,5900,0.1772717833518982,89.47927856445312,1.1939555406570435,0.005,NaN,NaN,NaN,transformer,embedding,2
1488,5956,0.267109215259552,87.46014404296875,1.306183099746704,0.005,NaN,NaN,NaN,transformer,embedding,2
1500,6004,NaN,NaN,NaN,NaN,8.909252166748047,0.6244187951087952,7400.125,transformer,embedding,2
1502,6012,0.11211375147104263,94.47396087646484,1.1186400651931763,0.005,NaN,NaN,NaN,transformer,embedding,2
1517,6072,0.1392800658941269,91.9234848022461,1.1494460105895996,0.005,NaN,NaN,NaN,transformer,embedding,2
1529,6120,NaN,NaN,NaN,NaN,9.272300720214844,0.717417299747467,10639.201171875,transformer,embedding,2
1532,6132,0.06992244720458984,95.4835205078125,1.0724250078201294,0.005,NaN,NaN,NaN,transformer,embedding,2
1547,6192,0.027058696374297142,98.19340515136719,1.027428150177002,0.005,NaN,NaN,NaN,transformer,embedding,2
1559,6240,NaN,NaN,NaN,NaN,9.205352783203125,0.7041317820549011,9950.248046875,transformer,embedding,2
1562,6252,0.190092995762825,89.2136001586914,1.2093620300292969,0.005,NaN,NaN,NaN,transformer,embedding,2
1577,6312,0.22967493534088135,88.62911987304688,1.2581909894943237,0.005,NaN,NaN,NaN,transformer,embedding,2
1590,6364,NaN,NaN,NaN,NaN,8.521886825561523,0.6775608062744141,5023.5234375,transformer,embedding,2
1592,6372,0.09539922326803207,95.16471862792969,1.100097894668579,0.005,NaN,NaN,NaN,transformer,embedding,2
1607,6432,0.036569587886333466,97.71519470214844,1.0372464656829834,0.005,NaN,NaN,NaN,transformer,embedding,2
1621,6488,NaN,NaN,NaN,NaN,9.646856307983398,0.730702817440033,15473.0693359375,transformer,embedding,2
1623,6496,0.1133313924074173,93.99574279785156,1.1200029850006104,0.005,NaN,NaN,NaN,transformer,embedding,2
1639,6560,0.055098630487918854,96.65249633789062,1.0566447973251343,0.005,NaN,NaN,NaN,transformer,embedding,2
1653,6616,NaN,NaN,NaN,NaN,8.688654899597168,0.8768433928489685,5935.193359375,transformer,embedding,2
1655,6624,0.2176545262336731,88.62911987304688,1.2431575059890747,0.005,NaN,NaN,NaN,transformer,embedding,2
1671,6688,0.06452462077140808,96.49308776855469,1.0666518211364746,0.005,NaN,NaN,NaN,transformer,embedding,2
1686,6748,NaN,NaN,NaN,NaN,9.408309936523438,0.7838448286056519,12189.2529296875,transformer,embedding,2
1687,6752,0.2532869577407837,87.61955261230469,1.2882529497146606,0.005,NaN,NaN,NaN,transformer,embedding,2
1703,6816,0.40440553426742554,85.22847747802734,1.4984115362167358,0.005,NaN,NaN,NaN,transformer,embedding,2
1719,6880,NaN,NaN,NaN,NaN,8.79914665222168,0.730702817440033,6628.5849609375,transformer,embedding,2
1720,6884,0.08894585072994232,95.00531005859375,1.0930215120315552,0.005,NaN,NaN,NaN,transformer,embedding,2
1737,6952,0.14119772613048553,92.9861831665039,1.1516523361206055,0.005,NaN,NaN,NaN,transformer,embedding,2
1753,7016,NaN,NaN,NaN,NaN,9.15858268737793,0.5314202308654785,9495.5888671875,transformer,embedding,2
1754,7020,0.03814899921417236,97.71519470214844,1.0388860702514648,0.005,NaN,NaN,NaN,transformer,embedding,2
1771,7088,0.10064402967691422,94.47396087646484,1.1058828830718994,0.005,NaN,NaN,NaN,transformer,embedding,2
1788,7156,0.06621436774730682,96.43995666503906,1.068455696105957,0.005,8.901901245117188,0.5712767243385315,7345.9267578125,transformer,embedding,2
1805,7224,0.10350451618432999,94.20828247070312,1.1090507507324219,0.005,NaN,NaN,NaN,transformer,embedding,2
1823,7296,0.15155471861362457,92.29542541503906,1.1636419296264648,0.005,8.000101089477539,0.6775608062744141,2981.25927734375,transformer,embedding,2
1841,7368,0.10373750329017639,94.58023071289062,1.109309196472168,0.005,NaN,NaN,NaN,transformer,embedding,2
1859,7440,0.03443673625588417,97.71519470214844,1.035036563873291,0.005,9.612009048461914,0.5579912662506104,14943.1611328125,transformer,embedding,2
1877,7512,0.19464096426963806,88.36344146728516,1.2148747444152832,0.005,NaN,NaN,NaN,transformer,embedding,2
1895,7584,0.04418131709098816,98.08714294433594,1.045171856880188,0.005,NaN,NaN,NaN,transformer,embedding,2
1896,7588,NaN,NaN,NaN,NaN,8.86728572845459,0.6509897708892822,7095.994140625,transformer,embedding,2
1913,7656,0.0700831338763237,95.90860748291016,1.0725973844528198,0.005,NaN,NaN,NaN,transformer,embedding,2
1932,7732,0.08254130929708481,95.43038940429688,1.0860435962677002,0.005,NaN,NaN,NaN,transformer,embedding,2
1933,7736,NaN,NaN,NaN,NaN,9.326153755187988,0.5712767243385315,11227.86328125,transformer,embedding,2
1951,7808,0.1184358224272728,92.9861831665039,1.125734567642212,0.005,NaN,NaN,NaN,transformer,embedding,2
1970,7884,0.2623537480831146,86.66312408447266,1.2999863624572754,0.005,NaN,NaN,NaN,transformer,embedding,2
1971,7888,NaN,NaN,NaN,NaN,9.116032600402832,0.6111332774162292,9100.0263671875,transformer,embedding,2
1989,7960,0.01630469784140587,98.88416290283203,1.016438364982605,0.005,NaN,NaN,NaN,transformer,embedding,2
2008,8036,0.06468810141086578,96.33367919921875,1.0668262243270874,0.005,NaN,NaN,NaN,transformer,embedding,2
2010,8044,NaN,NaN,NaN,NaN,10.056622505187988,0.6244187951087952,23309.64453125,transformer,embedding,2
2028,8116,0.08114852756261826,96.12113952636719,1.0845320224761963,0.005,NaN,NaN,NaN,transformer,embedding,2
2048,8196,0.09105202555656433,94.6865005493164,1.0953259468078613,0.005,NaN,NaN,NaN,transformer,embedding,2
2050,8204,NaN,NaN,NaN,NaN,9.453591346740723,0.5447057485580444,12753.88671875,transformer,embedding,2
2068,8276,0.07980816066265106,96.49308776855469,1.083079218864441,0.005,NaN,NaN,NaN,transformer,embedding,2
2088,8356,0.059197764843702316,96.65249633789062,1.0609850883483887,0.005,NaN,NaN,NaN,transformer,embedding,2
2090,8364,NaN,NaN,NaN,NaN,9.769757270812988,0.6642752885818481,17496.51953125,transformer,embedding,2
2108,8436,0.0800643339753151,95.43038940429688,1.0833567380905151,0.005,NaN,NaN,NaN,transformer,embedding,2
2129,8520,0.2142094373703003,88.78852081298828,1.238882064819336,0.005,NaN,NaN,NaN,transformer,embedding,2
2131,8528,NaN,NaN,NaN,NaN,9.037299156188965,0.7041317820549011,8411.029296875,transformer,embedding,2
2150,8604,0.02953985705971718,97.87460327148438,1.0299805402755737,0.005,NaN,NaN,NaN,transformer,embedding,2
2171,8688,0.07519343495368958,95.6960678100586,1.0780926942825317,0.005,NaN,NaN,NaN,transformer,embedding,2
2173,8696,NaN,NaN,NaN,NaN,9.401455879211426,0.9034143686294556,12105.9931640625,transformer,embedding,2
2192,8772,0.10897451639175415,94.36769104003906,1.1151338815689087,0.005,NaN,NaN,NaN,transformer,embedding,2
2213,8856,0.0666445717215538,96.2274169921875,1.0689154863357544,0.005,NaN,NaN,NaN,transformer,embedding,2
2216,8868,NaN,NaN,NaN,NaN,9.637420654296875,0.6509897708892822,15327.7568359375,transformer,embedding,2
2235,8944,0.03365858644247055,97.82146453857422,1.034231424331665,0.005,NaN,NaN,NaN,transformer,embedding,2
2257,9032,0.0378691703081131,97.927734375,1.0385953187942505,0.005,NaN,NaN,NaN,transformer,embedding,2
2260,9044,NaN,NaN,NaN,NaN,9.717520713806152,0.7041317820549011,16606.0234375,transformer,embedding,2
2279,9120,0.02422032132744789,98.2996826171875,1.024515986442566,0.005,NaN,NaN,NaN,transformer,embedding,2
2301,9208,0.14713211357593536,91.71094512939453,1.158506989479065,0.005,NaN,NaN,NaN,transformer,embedding,2
2305,9224,NaN,NaN,NaN,NaN,9.22400951385498,0.5845622420310974,10137.6298828125,transformer,embedding,2
2324,9300,0.13047152757644653,93.83634185791016,1.139365553855896,0.005,NaN,NaN,NaN,transformer,embedding,2
2347,9392,0.06584048271179199,96.17427825927734,1.068056344985962,0.005,NaN,NaN,NaN,transformer,embedding,2
2351,9408,NaN,NaN,NaN,NaN,9.84831714630127,0.7439883351325989,18926.4765625,transformer,embedding,2
2370,9484,0.14142407476902008,91.81721496582031,1.151913046836853,0.005,NaN,NaN,NaN,transformer,embedding,2
2393,9576,0.15873181819915771,90.80764770507812,1.1720235347747803,0.005,NaN,NaN,NaN,transformer,embedding,2
2398,9596,NaN,NaN,NaN,NaN,9.36271858215332,0.5579912662506104,11646.005859375,transformer,embedding,2
2416,9668,0.02314268797636032,98.4590835571289,1.0234125852584839,0.005,NaN,NaN,NaN,transformer,embedding,2
2440,9764,0.09158971160650253,95.05844116210938,1.0959150791168213,0.005,NaN,NaN,NaN,transformer,embedding,2
2445,9784,NaN,NaN,NaN,NaN,10.145508766174316,0.8237013816833496,25476.423828125,transformer,embedding,2
2464,9860,0.11517460644245148,94.04888153076172,1.1220693588256836,0.005,NaN,NaN,NaN,transformer,embedding,2
2488,9956,0.06276918202638626,96.70562744140625,1.0647810697555542,0.005,NaN,NaN,NaN,transformer,embedding,2
2493,9976,NaN,NaN,NaN,NaN,9.924742698669434,0.717417299747467,20429.65234375,transformer,embedding,2
2512,10052,0.01563195139169693,99.20297241210938,1.0157548189163208,0.005,NaN,NaN,NaN,transformer,embedding,2
2537,10152,0.05553650110960007,97.44952392578125,1.0571075677871704,0.005,NaN,NaN,NaN,transformer,embedding,2
2542,10172,NaN,NaN,NaN,NaN,10.053439140319824,0.6509897708892822,23235.560546875,transformer,embedding,2
2562,10252,0.05649112910032272,96.7587661743164,1.0581172704696655,0.005,NaN,NaN,NaN,transformer,embedding,2
2587,10352,0.04008549079298973,98.24654388427734,1.0408997535705566,0.005,NaN,NaN,NaN,transformer,embedding,2
2592,10372,NaN,NaN,NaN,NaN,10.446450233459473,0.717417299747467,34421.96875,transformer,embedding,2
2612,10452,0.06000857800245285,96.91816711425781,1.0618456602096558,0.005,NaN,NaN,NaN,transformer,embedding,2
2638,10556,0.07626648247241974,94.58023071289062,1.0792500972747803,0.005,NaN,NaN,NaN,transformer,embedding,2
2643,10576,NaN,NaN,NaN,NaN,10.238239288330078,0.7572738528251648,27951.8671875,transformer,embedding,2
2664,10660,0.1085018590092659,94.6865005493164,1.1146069765090942,0.005,NaN,NaN,NaN,transformer,embedding,2
2690,10764,0.032244227826595306,98.19341278076172,1.0327696800231934,0.005,NaN,NaN,NaN,transformer,embedding,2
2695,10784,NaN,NaN,NaN,NaN,9.852148056030273,0.5978477597236633,18999.123046875,transformer,embedding,2
2716,10868,0.05153140798211098,96.91816711425781,1.0528823137283325,0.005,NaN,NaN,NaN,transformer,embedding,2
2743,10976,0.019170420244336128,98.77789306640625,1.019355297088623,0.005,NaN,NaN,NaN,transformer,embedding,2
2748,10996,NaN,NaN,NaN,NaN,10.210765838623047,0.7971303462982178,27194.38671875,transformer,embedding,2
2770,11084,0.02948199026286602,98.56535339355469,1.0299209356307983,0.005,NaN,NaN,NaN,transformer,embedding,2
2797,11192,0.05331379920244217,97.50265502929688,1.0547605752944946,0.005,NaN,NaN,NaN,transformer,embedding,2
2802,11212,NaN,NaN,NaN,NaN,9.565178871154785,0.8237013816833496,14259.50390625,transformer,embedding,2
2824,11300,0.01950961910188198,98.51222229003906,1.0197011232376099,0.005,NaN,NaN,NaN,transformer,embedding,2
2852,11412,0.05404117703437805,97.29011535644531,1.0555280447006226,0.005,NaN,NaN,NaN,transformer,embedding,2
2858,11436,NaN,NaN,NaN,NaN,10.203300476074219,0.9565564393997192,26992.126953125,transformer,embedding,2
2880,11524,0.1698468178510666,91.2858657836914,1.185123324394226,0.005,NaN,NaN,NaN,transformer,embedding,2
2908,11636,0.04962334781885147,97.50265502929688,1.050875186920166,0.005,NaN,NaN,NaN,transformer,embedding,2
2915,11664,NaN,NaN,NaN,NaN,10.049811363220215,1.0229839086532593,23151.419921875,transformer,embedding,2
2937,11752,0.02290215902030468,98.61848449707031,1.0231664180755615,0.005,NaN,NaN,NaN,transformer,embedding,2
2966,11868,0.06526656448841095,97.23698425292969,1.0674434900283813,0.005,NaN,NaN,NaN,transformer,embedding,2
2973,11896,NaN,NaN,NaN,NaN,9.914836883544922,1.0362694263458252,20228.279296875,transformer,embedding,2
2995,11984,0.22117029130458832,89.2136001586914,1.2475358247756958,0.005,NaN,NaN,NaN,transformer,embedding,2
3024,12100,0.06856455653905869,97.13070678710938,1.070969820022583,0.005,NaN,NaN,NaN,transformer,embedding,2
3032,12132,NaN,NaN,NaN,NaN,9.74634838104248,0.7439883351325989,17091.703125,transformer,embedding,2
3054,12220,0.010170056484639645,99.4686508178711,1.0102219581604004,0.005,NaN,NaN,NaN,transformer,embedding,2
3084,12340,0.21684366464614868,91.49840545654297,1.2421499490737915,0.005,NaN,NaN,NaN,transformer,embedding,2
3092,12372,NaN,NaN,NaN,NaN,9.474237442016602,1.0096983909606934,13019.94140625,transformer,embedding,2
3114,12460,0.059345945715904236,97.0244369506836,1.0611423254013062,0.005,NaN,NaN,NaN,transformer,embedding,2
3145,12584,0.05876345932483673,97.23697662353516,1.060524344444275,0.005,NaN,NaN,NaN,transformer,embedding,2
3153,12616,NaN,NaN,NaN,NaN,10.421002388000488,0.8502723574638367,33557.0546875,transformer,embedding,2
3176,12708,0.018713219091296196,99.04357147216797,1.0188894271850586,0.005,NaN,NaN,NaN,transformer,embedding,2
3207,12832,0.04424820467829704,98.08714294433594,1.0452417135238647,0.005,NaN,NaN,NaN,transformer,embedding,2
3216,12868,NaN,NaN,NaN,NaN,10.355036735534668,1.142553448677063,31414.873046875,transformer,embedding,2
3239,12960,0.05232204869389534,98.24655151367188,1.0537149906158447,0.005,NaN,NaN,NaN,transformer,embedding,2
3271,13088,0.0944671481847763,94.6865005493164,1.099073052406311,0.005,NaN,NaN,NaN,transformer,embedding,2
3280,13124,NaN,NaN,NaN,NaN,10.062479019165039,1.1026970148086548,23446.55859375,transformer,embedding,2
3303,13216,0.0051538823172450066,99.57492065429688,1.0051672458648682,0.005,NaN,NaN,NaN,transformer,embedding,2
3336,13348,0.026228949427604675,98.40594482421875,1.0265759229660034,0.005,NaN,NaN,NaN,transformer,embedding,2
3345,13384,NaN,NaN,NaN,NaN,10.133354187011719,0.8104158639907837,25168.642578125,transformer,embedding,2
3369,13480,0.15506650507450104,91.65780639648438,1.1677355766296387,0.005,NaN,NaN,NaN,transformer,embedding,2
3402,13612,0.01804061233997345,98.77789306640625,1.0182043313980103,0.005,NaN,NaN,NaN,transformer,embedding,2
3411,13648,NaN,NaN,NaN,NaN,10.456583976745605,0.9565564393997192,34772.5625,transformer,embedding,2
3436,13748,0.05241294205188751,97.3963851928711,1.0538108348846436,0.005,NaN,NaN,NaN,transformer,embedding,2
3470,13884,0.0050557502545416355,99.30924987792969,1.0050685405731201,0.005,NaN,NaN,NaN,transformer,embedding,2
3479,13920,NaN,NaN,NaN,NaN,10.930342674255371,0.9964129328727722,55845.4140625,transformer,embedding,2
3504,14020,0.02313484624028206,98.72476196289062,1.0234044790267944,0.005,NaN,NaN,NaN,transformer,embedding,2
3539,14160,0.058670081198215485,97.23697662353516,1.0604252815246582,0.005,NaN,NaN,NaN,transformer,embedding,2
3548,14196,NaN,NaN,NaN,NaN,10.340506553649902,0.9698418974876404,30961.708984375,transformer,embedding,2
3574,14300,0.07057349383831024,97.60892486572266,1.0731234550476074,0.005,NaN,NaN,NaN,transformer,embedding,2
3609,14440,0.03361795097589493,98.40594482421875,1.0341894626617432,0.005,NaN,NaN,NaN,transformer,embedding,2
3618,14476,NaN,NaN,NaN,NaN,10.64899730682373,0.9831274151802063,42150.30859375,transformer,embedding,2
3645,14584,0.05149803310632706,97.50265502929688,1.052847146987915,0.005,NaN,NaN,NaN,transformer,embedding,2
3681,14728,0.06238487362861633,97.02444458007812,1.064371943473816,0.005,NaN,NaN,NaN,transformer,embedding,2
3690,14764,NaN,NaN,NaN,NaN,10.01642894744873,0.9166998863220215,22391.326171875,transformer,embedding,2
3717,14872,0.005726691335439682,99.52178955078125,1.005743145942688,0.005,NaN,NaN,NaN,transformer,embedding,2
3754,15020,0.020277144387364388,98.72476196289062,1.0204840898513794,0.005,NaN,NaN,NaN,transformer,embedding,2
3763,15056,NaN,NaN,NaN,NaN,10.938675880432129,1.142553448677063,56312.73046875,transformer,embedding,2
3791,15168,0.12277576327323914,93.83634185791016,1.1306308507919312,0.005,NaN,NaN,NaN,transformer,embedding,2
3828,15316,0.01713906042277813,98.88416290283203,1.017286777496338,0.005,NaN,NaN,NaN,transformer,embedding,2
3838,15356,NaN,NaN,NaN,NaN,10.479836463928223,1.0495549440383911,35590.5859375,transformer,embedding,2
3866,15468,0.01604481041431427,99.0967025756836,1.0161741971969604,0.005,NaN,NaN,NaN,transformer,embedding,2
3904,15620,0.05396038666367531,97.3963851928711,1.0554428100585938,0.005,NaN,NaN,NaN,transformer,embedding,2
3914,15660,NaN,NaN,NaN,NaN,10.71922779083252,1.0362694263458252,45216.97265625,transformer,embedding,2
3943,15776,0.12504400312900543,94.10202026367188,1.1331982612609863,0.005,NaN,NaN,NaN,transformer,embedding,2
3982,15932,0.02793734334409237,98.8310317993164,1.0283312797546387,0.005,NaN,NaN,NaN,transformer,embedding,2
3992,15972,NaN,NaN,NaN,NaN,9.734686851501465,1.2222665548324585,16893.544921875,transformer,embedding,2
4021,16088,0.01179454755038023,99.41551208496094,1.011864423751831,0.005,NaN,NaN,NaN,transformer,embedding,2
4061,16248,0.05277479067444801,97.60892486572266,1.0541921854019165,0.005,NaN,NaN,NaN,transformer,embedding,2
4071,16288,NaN,NaN,NaN,NaN,10.138652801513672,1.1026970148086548,25302.35546875,transformer,embedding,2
4101,16408,0.030702922493219376,98.93730163574219,1.0311790704727173,0.005,NaN,NaN,NaN,transformer,embedding,2
4142,16572,0.032806504517793655,98.93730163574219,1.0333505868911743,0.005,NaN,NaN,NaN,transformer,embedding,2
4152,16612,NaN,NaN,NaN,NaN,9.978851318359375,1.3285505771636963,21565.52734375,transformer,embedding,2
4183,16736,0.11447203159332275,94.84590148925781,1.1212812662124634,0.005,NaN,NaN,NaN,transformer,embedding,2
4224,16900,0.0633174479007721,97.3963851928711,1.065364956855774,0.005,NaN,NaN,NaN,transformer,embedding,2
4235,16944,NaN,NaN,NaN,NaN,10.18040943145752,1.3949780464172363,26381.265625,transformer,embedding,2
4266,17068,0.02000250481069088,99.09671020507812,1.020203948020935,0.005,NaN,NaN,NaN,transformer,embedding,2
4308,17236,0.05606506019830704,97.3963851928711,1.057666540145874,0.005,NaN,NaN,NaN,transformer,embedding,2
4319,17280,NaN,NaN,NaN,NaN,10.128244400024414,1.434834599494934,25040.365234375,transformer,embedding,2
4351,17408,0.11363893747329712,94.20828247070312,1.120347499847412,0.005,NaN,NaN,NaN,transformer,embedding,2
4394,17580,0.028680086135864258,98.67162322998047,1.0290952920913696,0.005,NaN,NaN,NaN,transformer,embedding,2
4405,17624,NaN,NaN,NaN,NaN,10.490297317504883,1.4082635641098022,35964.84765625,transformer,embedding,2
4437,17752,0.026264892891049385,98.51222229003906,1.0266128778457642,0.005,NaN,NaN,NaN,transformer,embedding,2
4481,17928,0.02233927510678768,99.14984130859375,1.0225906372070312,0.005,NaN,NaN,NaN,transformer,embedding,2
4493,17976,NaN,NaN,NaN,NaN,10.611263275146484,1.5942606925964355,40589.44140625,transformer,embedding,2
4525,18104,0.013884861953556538,99.25611114501953,1.0139816999435425,0.005,NaN,NaN,NaN,transformer,embedding,2
4570,18284,0.08774946630001068,96.86503601074219,1.09171462059021,0.005,NaN,NaN,NaN,transformer,embedding,2
4582,18332,NaN,NaN,NaN,NaN,9.838478088378906,1.4215490818023682,18741.171875,transformer,embedding,2
4615,18464,0.04380583018064499,98.08714294433594,1.0447794198989868,0.005,NaN,NaN,NaN,transformer,embedding,2
4661,18648,0.02299654856324196,98.99043273925781,1.0232629776000977,0.005,NaN,NaN,NaN,transformer,embedding,2
4673,18696,NaN,NaN,NaN,NaN,10.830289840698242,1.6474027633666992,50528.3515625,transformer,embedding,2
4707,18832,0.005789890885353088,99.52178955078125,1.0058066844940186,0.005,NaN,NaN,NaN,transformer,embedding,2
4754,19020,0.011288600973784924,99.52178955078125,1.0113525390625,0.005,NaN,NaN,NaN,transformer,embedding,2
4766,19068,NaN,NaN,NaN,NaN,10.368886947631836,1.434834599494934,31853.00390625,transformer,embedding,2
4801,19208,0.027933966368436813,98.4590835571289,1.0283278226852417,0.005,NaN,NaN,NaN,transformer,embedding,2
4849,19400,0.04996596276760101,97.927734375,1.051235318183899,0.005,NaN,NaN,NaN,transformer,embedding,2
4861,19448,NaN,NaN,NaN,NaN,9.663031578063965,1.7138302326202393,15725.384765625,transformer,embedding,2
4897,19592,0.053833287209272385,97.927734375,1.0553086996078491,0.005,NaN,NaN,NaN,transformer,embedding,2
4945,19784,0.020492345094680786,99.20297241210938,1.0207037925720215,0.005,NaN,NaN,NaN,transformer,embedding,2
4958,19836,NaN,NaN,NaN,NaN,10.40718936920166,1.6208317279815674,33096.71875,transformer,embedding,2
4994,19980,0.007930443622171879,99.68119049072266,1.0079619884490967,0.005,NaN,NaN,NaN,transformer,embedding,2
5043,20176,0.051516659557819366,96.97130584716797,1.0528666973114014,0.005,NaN,NaN,NaN,transformer,embedding,2
5057,20232,NaN,NaN,NaN,NaN,10.065271377563477,1.833399772644043,23512.12109375,transformer,embedding,2
5093,20376,0.005348043516278267,99.6280517578125,1.0053623914718628,0.005,NaN,NaN,NaN,transformer,embedding,2
5143,20576,0.016283337026834488,99.36238098144531,1.0164166688919067,0.005,NaN,NaN,NaN,transformer,embedding,2
5158,20636,NaN,NaN,NaN,NaN,11.110294342041016,1.7802578210830688,66855.8671875,transformer,embedding,2
5194,20780,0.025075968354940414,99.30924224853516,1.025393009185791,0.005,NaN,NaN,NaN,transformer,embedding,2
5245,20984,0.056778520345687866,97.7683334350586,1.0584213733673096,0.005,NaN,NaN,NaN,transformer,embedding,2
5261,21048,NaN,NaN,NaN,NaN,10.81386661529541,2.0459678173065186,49705.2890625,transformer,embedding,2
5297,21192,0.016533711925148964,99.04357147216797,1.0166711807250977,0.005,NaN,NaN,NaN,transformer,embedding,2
5349,21400,0.12196296453475952,95.4835205078125,1.1297122240066528,0.005,NaN,NaN,NaN,transformer,embedding,2
5366,21468,NaN,NaN,NaN,NaN,10.386605262756348,2.1655373573303223,32422.4140625,transformer,embedding,2
5402,21612,0.018117761239409447,99.20297241210938,1.0182828903198242,0.005,NaN,NaN,NaN,transformer,embedding,2
5456,21828,0.012536708265542984,99.36238098144531,1.01261568069458,0.005,NaN,NaN,NaN,transformer,embedding,2
5473,21896,NaN,NaN,NaN,NaN,10.837074279785156,2.3382489681243896,50872.3203125,transformer,embedding,2
5510,22044,0.026056481525301933,98.72476196289062,1.0263988971710205,0.005,NaN,NaN,NaN,transformer,embedding,2
5565,22264,0.002341287909075618,99.84059143066406,1.002344012260437,0.005,NaN,NaN,NaN,transformer,embedding,2
5582,22332,NaN,NaN,NaN,NaN,10.874017715454102,2.351534605026245,52786.8671875,transformer,embedding,2
5620,22484,0.002531649312004447,99.84059143066406,1.0025348663330078,0.005,NaN,NaN,NaN,transformer,embedding,2
5676,22708,0.028752924874424934,98.2996826171875,1.029170274734497,0.005,NaN,NaN,NaN,transformer,embedding,2
5693,22776,NaN,NaN,NaN,NaN,10.4234619140625,2.152251958847046,33639.69140625,transformer,embedding,2
5732,22932,0.0455213338136673,97.82146453857422,1.046573281288147,0.005,NaN,NaN,NaN,transformer,embedding,2
5789,23160,0.003721439279615879,99.57492065429688,1.0037283897399902,0.005,NaN,NaN,NaN,transformer,embedding,2
5806,23228,NaN,NaN,NaN,NaN,10.987066268920898,2.152251958847046,59104.73046875,transformer,embedding,2
5846,23388,0.006175867281854153,99.68119049072266,1.0061949491500854,0.005,NaN,NaN,NaN,transformer,embedding,2
5904,23620,0.02919844724237919,98.88416290283203,1.029628872871399,0.005,NaN,NaN,NaN,transformer,embedding,2
5922,23692,NaN,NaN,NaN,NaN,10.912335395812988,2.378105401992798,54848.7890625,transformer,embedding,2
5963,23856,0.015805399045348167,99.4686508178711,1.0159310102462769,0.005,NaN,NaN,NaN,transformer,embedding,2
6022,24092,0.039955444633960724,98.14027404785156,1.0407644510269165,0.005,NaN,NaN,NaN,transformer,embedding,2
6040,24164,NaN,NaN,NaN,NaN,11.352124214172363,2.603959083557129,85146.125,transformer,embedding,2
6082,24332,0.053632885217666626,97.44952392578125,1.055097222328186,0.005,NaN,NaN,NaN,transformer,embedding,2
6142,24572,0.010093024000525475,99.68119049072266,1.0101441144943237,0.005,NaN,NaN,NaN,transformer,embedding,2
6160,24644,NaN,NaN,NaN,NaN,11.330822944641113,2.4578185081481934,83351.5859375,transformer,embedding,2
6203,24816,0.010524418205022812,99.36238098144531,1.0105799436569214,0.005,NaN,NaN,NaN,transformer,embedding,2
6265,25064,0.008576802909374237,99.6280517578125,1.0086137056350708,0.005,NaN,NaN,NaN,transformer,embedding,2
6283,25136,NaN,NaN,NaN,NaN,11.372567176818848,2.6172447204589844,86904.6796875,transformer,embedding,2
6327,25312,0.03297615796327591,97.1307144165039,1.0335259437561035,0.005,NaN,NaN,NaN,transformer,embedding,2
6390,25564,0.01579034887254238,99.25611114501953,1.0159156322479248,0.005,NaN,NaN,NaN,transformer,embedding,2
6408,25636,NaN,NaN,NaN,NaN,10.473721504211426,2.2319650650024414,35373.6171875,transformer,embedding,2
6453,25816,0.0017542893765494227,99.84059143066406,1.0017558336257935,0.005,NaN,NaN,NaN,transformer,embedding,2
6517,26072,0.034885700792074203,98.35281372070312,1.0355013608932495,0.005,NaN,NaN,NaN,transformer,embedding,2
6536,26148,NaN,NaN,NaN,NaN,10.7181978225708,2.1389663219451904,45170.42578125,transformer,embedding,2
6582,26332,0.0263093002140522,98.93730163574219,1.0266584157943726,0.005,NaN,NaN,NaN,transformer,embedding,2
6647,26592,0.013009280897676945,98.88416290283203,1.0130943059921265,0.005,NaN,NaN,NaN,transformer,embedding,2
6666,26668,NaN,NaN,NaN,NaN,10.957929611206055,2.085824489593506,57407.46484375,transformer,embedding,2
6713,26856,0.0035750032402575016,99.94686889648438,1.0035814046859741,0.005,NaN,NaN,NaN,transformer,embedding,2
6780,27124,0.03529853746294975,98.61849212646484,1.0359289646148682,0.005,NaN,NaN,NaN,transformer,embedding,2
6799,27200,NaN,NaN,NaN,NaN,11.183544158935547,2.351534605026245,71936.8671875,transformer,embedding,2
6847,27392,0.005791725590825081,99.84059143066406,1.0058084726333618,0.005,NaN,NaN,NaN,transformer,embedding,2
6915,27664,0.011213638819754124,99.41551208496094,1.0112767219543457,0.005,NaN,NaN,NaN,transformer,embedding,2
6934,27740,NaN,NaN,NaN,NaN,11.591081619262695,2.2053940296173096,108129.1484375,transformer,embedding,2
6984,27940,0.0021810908801853657,99.84059143066406,1.002183437347412,0.005,NaN,NaN,NaN,transformer,embedding,2
7053,28216,0.012816112488508224,99.4686508178711,1.012898564338684,0.005,NaN,NaN,NaN,transformer,embedding,2
7072,28292,NaN,NaN,NaN,NaN,11.339322090148926,2.0459678173065186,84063.0234375,transformer,embedding,2
7123,28496,0.0763750895857811,97.18384552001953,1.0793673992156982,0.005,NaN,NaN,NaN,transformer,embedding,2
7194,28780,0.026501618325710297,98.61849212646484,1.0268559455871582,0.005,NaN,NaN,NaN,transformer,embedding,2
7213,28856,NaN,NaN,NaN,NaN,11.37545394897461,2.2983925342559814,87155.9140625,transformer,embedding,2
7265,29064,0.1916658878326416,92.61424255371094,1.2112658023834229,0.005,NaN,NaN,NaN,transformer,embedding,2
7337,29352,0.0013523700181394815,99.89373016357422,1.0013532638549805,0.005,NaN,NaN,NaN,transformer,embedding,2
7357,29432,NaN,NaN,NaN,NaN,11.420218467712402,2.0991098880767822,91146.0546875,transformer,embedding,2
7410,29644,0.0020066567230969667,99.89373016357422,1.0020086765289307,0.005,NaN,NaN,NaN,transformer,embedding,2
7484,29940,0.006933744065463543,99.78746032714844,1.0069578886032104,0.005,NaN,NaN,NaN,transformer,embedding,2
7504,30020,NaN,NaN,NaN,NaN,11.387700080871582,2.3648200035095215,88229.8046875,transformer,embedding,2
7558,30236,0.015020385384559631,99.4686508178711,1.0151337385177612,0.005,NaN,NaN,NaN,transformer,embedding,2
7633,30536,4.8142414016183466e-05,100.0,1.0000481605529785,0.005,NaN,NaN,NaN,transformer,embedding,2
7654,30620,NaN,NaN,NaN,NaN,11.469130516052246,2.6571011543273926,95715.0234375,transformer,embedding,2
7709,30840,0.01254055555909872,99.89373016357422,1.0126194953918457,0.005,NaN,NaN,NaN,transformer,embedding,2
7786,31148,0.0002526410389691591,100.0,1.0002527236938477,0.005,NaN,NaN,NaN,transformer,embedding,2
7807,31232,NaN,NaN,NaN,NaN,12.067339897155762,2.4578185081481934,174092.125,transformer,embedding,2
7863,31456,0.0015022242441773415,99.94686889648438,1.001503348350525,0.005,NaN,NaN,NaN,transformer,embedding,2
7941,31768,2.7879517801920883e-05,100.0,1.0000278949737549,0.005,NaN,NaN,NaN,transformer,embedding,2
7963,31856,NaN,NaN,NaN,NaN,12.387454986572266,2.3913910388946533,239774.6875,transformer,embedding,2
8020,32084,2.333182692382252e-06,100.0,1.000002384185791,0.005,NaN,NaN,NaN,transformer,embedding,2
8100,32404,0.013711012899875641,99.6280517578125,1.0138053894042969,0.005,NaN,NaN,NaN,transformer,embedding,2
8122,32492,NaN,NaN,NaN,NaN,11.798328399658203,2.5508170127868652,133029.796875,transformer,embedding,2
8181,32728,0.0020819278433918953,99.84059143066406,1.0020841360092163,0.005,NaN,NaN,NaN,transformer,embedding,2
8262,33052,0.011278213001787663,99.57492065429688,1.0113420486450195,0.005,NaN,NaN,NaN,transformer,embedding,2
8284,33140,NaN,NaN,NaN,NaN,11.703476905822754,2.6571011543273926,120991.6640625,transformer,embedding,2
8344,33380,0.005627751350402832,99.52178955078125,1.005643606185913,0.005,NaN,NaN,NaN,transformer,embedding,2
8427,33712,0.0015266131376847625,99.89373016357422,1.0015277862548828,0.005,NaN,NaN,NaN,transformer,embedding,2
8449,33800,NaN,NaN,NaN,NaN,12.171319961547852,2.603959083557129,193168.84375,transformer,embedding,2
8511,34048,0.03244595229625702,98.99043273925781,1.0329780578613281,0.005,NaN,NaN,NaN,transformer,embedding,2
8596,34388,0.002223797608166933,99.84059143066406,1.0022262334823608,0.005,NaN,NaN,NaN,transformer,embedding,2
8617,34472,NaN,NaN,NaN,NaN,10.069564819335938,2.5906736850738525,23613.287109375,transformer,embedding,2
8681,34728,0.002476330613717437,99.78746032714844,1.0024794340133667,0.005,NaN,NaN,NaN,transformer,embedding,2
8767,35072,0.004260423593223095,99.84059143066406,1.0042694807052612,0.005,NaN,NaN,NaN,transformer,embedding,2
8789,35160,NaN,NaN,NaN,NaN,11.460226058959961,2.311677932739258,94866.515625,transformer,embedding,2
8854,35420,0.0026850439608097076,99.68119049072266,1.0026886463165283,0.005,NaN,NaN,NaN,transformer,embedding,2
8942,35772,0.0016372816171497107,99.89373016357422,1.001638650894165,0.005,NaN,NaN,NaN,transformer,embedding,2
8964,35860,NaN,NaN,NaN,NaN,11.786669731140137,2.8165271282196045,131487.84375,transformer,embedding,2
9031,36128,0.007055590860545635,99.84059143066406,1.0070805549621582,0.005,NaN,NaN,NaN,transformer,embedding,2
9121,36488,0.0006894884281791747,100.0,1.0006897449493408,0.005,NaN,NaN,NaN,transformer,embedding,2
9143,36576,NaN,NaN,NaN,NaN,11.749070167541504,2.936096668243408,126635.7578125,transformer,embedding,2
9212,36852,0.004030491225421429,99.73432922363281,1.0040385723114014,0.005,NaN,NaN,NaN,transformer,embedding,2
9304,37220,0.011285988613963127,99.57492065429688,1.0113499164581299,0.005,NaN,NaN,NaN,transformer,embedding,2
9325,37304,NaN,NaN,NaN,NaN,11.912446022033691,2.7500996589660645,149110.96875,transformer,embedding,2
9397,37592,0.011767279356718063,99.78746032714844,1.0118367671966553,0.005,NaN,NaN,NaN,transformer,embedding,2
9490,37964,7.602782716276124e-05,100.0,1.0000760555267334,0.005,NaN,NaN,NaN,transformer,embedding,2
9511,38048,NaN,NaN,NaN,NaN,12.457930564880371,2.577388048171997,257282.65625,transformer,embedding,2
9584,38340,3.3323201478197007e-06,100.0,1.0000033378601074,0.005,NaN,NaN,NaN,transformer,embedding,2
9679,38720,0.0005944442818872631,99.94686889648438,1.0005946159362793,0.005,NaN,NaN,NaN,transformer,embedding,2
9701,38808,NaN,NaN,NaN,NaN,12.61229133605957,2.7766706943511963,300226.15625,transformer,embedding,2
9775,39104,0.001944898976944387,99.89373016357422,1.0019468069076538,0.005,NaN,NaN,NaN,transformer,embedding,2
9872,39492,0.00036921771243214607,100.0,1.0003693103790283,0.005,NaN,NaN,NaN,transformer,embedding,2
9895,39584,NaN,NaN,NaN,NaN,12.236869812011719,2.510960578918457,206255.265625,transformer,embedding,2
9970,39884,0.018627606332302094,99.41551208496094,1.0188021659851074,0.005,NaN,NaN,NaN,transformer,embedding,2
10069,40280,7.0320957092917524e-06,100.0,1.0000070333480835,0.005,NaN,NaN,NaN,transformer,embedding,2
10092,40372,NaN,NaN,NaN,NaN,13.11669635772705,2.537531614303589,497174.5,transformer,embedding,2
10169,40680,0.005913740489631891,99.78746032714844,1.0059312582015991,0.005,NaN,NaN,NaN,transformer,embedding,2
10270,41084,0.007046660874038935,99.52178192138672,1.0070714950561523,0.005,NaN,NaN,NaN,transformer,embedding,2
10293,41176,NaN,NaN,NaN,NaN,11.71674633026123,2.3382489681243896,122607.8515625,transformer,embedding,2
10372,41492,0.010261718183755875,99.36238098144531,1.0103145837783813,0.005,NaN,NaN,NaN,transformer,embedding,2
10475,41904,0.0065829078666865826,99.78746032714844,1.0066046714782715,0.005,NaN,NaN,NaN,transformer,embedding,2
10498,41996,NaN,NaN,NaN,NaN,12.339273452758789,2.989238739013672,228495.875,transformer,embedding,2
10579,42320,0.017412414774298668,99.0967025756836,1.0175648927688599,0.005,NaN,NaN,NaN,transformer,embedding,2
10684,42740,5.635216075461358e-05,100.0,1.0000563859939575,0.005,NaN,NaN,NaN,transformer,embedding,2
10707,42832,NaN,NaN,NaN,NaN,12.700349807739258,3.2018067836761475,327862.5625,transformer,embedding,2
10790,43164,1.1758712616938283e-06,100.0,1.0000011920928955,0.005,NaN,NaN,NaN,transformer,embedding,2
10897,43592,0.0012160114711150527,99.94686889648438,1.0012167692184448,0.005,NaN,NaN,NaN,transformer,embedding,2
10921,43688,NaN,NaN,NaN,NaN,13.565288543701172,3.029095411300659,778627.875,transformer,embedding,2
11005,44024,1.8880829811096191,14.133899688720703,6.606691360473633,0.005,NaN,NaN,NaN,transformer,embedding,2
11115,44464,0.4565896987915039,74.1232681274414,1.5786809921264648,0.005,NaN,NaN,NaN,transformer,embedding,2
11139,44560,NaN,NaN,NaN,NaN,10.657983779907227,1.6474027633666992,42530.80078125,transformer,embedding,2
11226,44908,0.25108182430267334,81.56216430664062,1.2854152917861938,0.005,NaN,NaN,NaN,transformer,embedding,2
11338,45356,0.2504928410053253,81.03082275390625,1.284658432006836,0.005,NaN,NaN,NaN,transformer,embedding,2
11361,45448,NaN,NaN,NaN,NaN,9.51683521270752,2.2319650650024414,13586.544921875,transformer,embedding,2
11451,45808,0.2574400007724762,82.30606079101562,1.293614149093628,0.005,NaN,NaN,NaN,transformer,embedding,2
11565,46264,0.1448521912097931,86.45057678222656,1.1558687686920166,0.005,NaN,NaN,NaN,transformer,embedding,2
11588,46356,NaN,NaN,NaN,NaN,10.778998374938965,2.2983925342559814,48002.01953125,transformer,embedding,2
11680,46724,0.13956241309642792,88.89479064941406,1.1497706174850464,0.005,NaN,NaN,NaN,transformer,embedding,2
11796,47188,0.1429498791694641,89.31986999511719,1.1536719799041748,0.005,NaN,NaN,NaN,transformer,embedding,2
11819,47280,NaN,NaN,NaN,NaN,10.645925521850586,3.1088082790374756,42021.03125,transformer,embedding,2
11913,47656,0.1035957932472229,92.0828857421875,1.10915207862854,0.005,NaN,NaN,NaN,transformer,embedding,2
12032,48132,0.14629018306732178,91.07332611083984,1.157531976699829,0.005,NaN,NaN,NaN,transformer,embedding,2
12055,48224,NaN,NaN,NaN,NaN,11.250953674316406,3.4276604652404785,76953.2734375,transformer,embedding,2
12152,48612,0.08133648335933685,93.03932189941406,1.0847358703613281,0.005,NaN,NaN,NaN,transformer,embedding,2
12273,49096,0.07535407692193985,93.73007202148438,1.078265905380249,0.005,NaN,NaN,NaN,transformer,embedding,2
12296,49188,NaN,NaN,NaN,NaN,11.708624839782715,3.9457952976226807,121616.125,transformer,embedding,2
12395,49584,0.05684233829379082,93.57066345214844,1.0584889650344849,0.005,NaN,NaN,NaN,transformer,embedding,2
12518,50076,0.05783231928944588,94.1551513671875,1.0595372915267944,0.005,NaN,NaN,NaN,transformer,embedding,2
12541,50168,NaN,NaN,NaN,NaN,9.919936180114746,4.184934139251709,20331.693359375,transformer,embedding,2
12643,50576,0.053815215826034546,95.05844116210938,1.055289626121521,0.005,NaN,NaN,NaN,transformer,embedding,2
12769,51080,0.053113505244255066,95.11157989501953,1.0545493364334106,0.005,NaN,NaN,NaN,transformer,embedding,2
12791,51168,NaN,NaN,NaN,NaN,11.774762153625488,4.70306921005249,129931.4296875,transformer,embedding,2
12896,51588,0.044811852276325226,95.27098083496094,1.0458310842514038,0.005,NaN,NaN,NaN,transformer,embedding,2
13024,52100,0.03548862040042877,96.75875854492188,1.036125898361206,0.005,NaN,NaN,NaN,transformer,embedding,2
13046,52188,NaN,NaN,NaN,NaN,11.845379829406738,4.450644493103027,139438.625,transformer,embedding,2
13154,52620,0.03588264435529709,96.12113952636719,1.0365341901779175,0.005,NaN,NaN,NaN,transformer,embedding,2
13285,53144,0.08638343960046768,94.47396087646484,1.090224266052246,0.005,NaN,NaN,NaN,transformer,embedding,2
13306,53228,NaN,NaN,NaN,NaN,11.887219429016113,4.251361846923828,145396.453125,transformer,embedding,2
13417,53672,0.03596748039126396,96.2274169921875,1.036622166633606,0.005,NaN,NaN,NaN,transformer,embedding,2
13551,54208,0.07116633653640747,95.43038940429688,1.0737597942352295,0.005,NaN,NaN,NaN,transformer,embedding,2
13572,54292,NaN,NaN,NaN,NaN,11.449111938476562,4.689783573150635,93817.9921875,transformer,embedding,2
13686,54748,0.07818087935447693,94.79277038574219,1.0813182592391968,0.005,NaN,NaN,NaN,transformer,embedding,2
13822,55292,0.04342047497630119,96.59935760498047,1.0443769693374634,0.005,NaN,NaN,NaN,transformer,embedding,2
13843,55376,NaN,NaN,NaN,NaN,10.808680534362793,4.849209785461426,49448.1796875,transformer,embedding,2
13960,55844,0.02626814693212509,97.23698425292969,1.0266162157058716,0.005,NaN,NaN,NaN,transformer,embedding,2
14099,56400,0.03169208765029907,96.97130584716797,1.0321996212005615,0.005,NaN,NaN,NaN,transformer,embedding,2
14119,56480,NaN,NaN,NaN,NaN,12.188191413879395,5.207918167114258,196455.53125,transformer,embedding,2
14239,56960,0.0412607342004776,96.01487731933594,1.042123794555664,0.005,NaN,NaN,NaN,transformer,embedding,2
14381,57528,0.03380933403968811,96.91816711425781,1.0343873500823975,0.005,NaN,NaN,NaN,transformer,embedding,2
14401,57608,NaN,NaN,NaN,NaN,11.417703628540039,4.583499431610107,90917.125,transformer,embedding,2
14524,58100,0.025186525657773018,97.66206359863281,1.0255063772201538,0.005,NaN,NaN,NaN,transformer,embedding,2
14669,58680,0.03156403452157974,97.07757568359375,1.0320674180984497,0.005,NaN,NaN,NaN,transformer,embedding,2
14689,58760,NaN,NaN,NaN,NaN,12.098297119140625,4.623355865478516,179565.828125,transformer,embedding,2
14815,59264,0.02142573706805706,98.14027404785156,1.02165687084198,0.005,NaN,NaN,NaN,transformer,embedding,2
14963,59856,0.009553843177855015,98.99043273925781,1.0095996856689453,0.005,NaN,NaN,NaN,transformer,embedding,2
14982,59932,NaN,NaN,NaN,NaN,12.931952476501465,4.809352874755859,413309.6875,transformer,embedding,2
15112,60452,0.030486661940813065,97.87460327148438,1.0309561491012573,0.005,NaN,NaN,NaN,transformer,embedding,2
15263,61056,0.01030815951526165,98.88416290283203,1.0103614330291748,0.005,NaN,NaN,NaN,transformer,embedding,2
15281,61128,NaN,NaN,NaN,NaN,12.68431568145752,4.517071723937988,322647.5,transformer,embedding,2
15415,61664,0.01525217667222023,97.98087310791016,1.0153690576553345,0.005,NaN,NaN,NaN,transformer,embedding,2
15569,62280,0.03376481682062149,96.81189727783203,1.0343413352966309,0.005,NaN,NaN,NaN,transformer,embedding,2
15586,62348,NaN,NaN,NaN,NaN,12.628260612487793,4.517071723937988,305059.03125,transformer,embedding,2
15724,62900,0.025725003331899643,97.34324645996094,1.0260587930679321,0.005,NaN,NaN,NaN,transformer,embedding,2
15881,63528,0.03297760710120201,96.06800842285156,1.0335273742675781,0.005,NaN,NaN,NaN,transformer,embedding,2
15897,63592,NaN,NaN,NaN,NaN,12.975716590881348,4.96877908706665,431799.46875,transformer,embedding,2
16039,64160,0.023135624825954437,97.3963851928711,1.0234053134918213,0.005,NaN,NaN,NaN,transformer,embedding,2
16199,64800,0.024840280413627625,98.24654388427734,1.0251513719558716,0.005,NaN,NaN,NaN,transformer,embedding,2
16214,64860,NaN,NaN,NaN,NaN,12.876476287841797,4.889066219329834,391005.25,transformer,embedding,2
16360,65444,0.02142384462058544,98.24654388427734,1.0216549634933472,0.005,NaN,NaN,NaN,transformer,embedding,2
16523,66096,0.012673968449234962,98.88416290283203,1.0127546787261963,0.005,NaN,NaN,NaN,transformer,embedding,2
16538,66156,NaN,NaN,NaN,NaN,13.845836639404297,5.354058742523193,1030790.625,transformer,embedding,2
16688,66756,0.024671055376529694,97.87460327148438,1.0249779224395752,0.005,NaN,NaN,NaN,transformer,embedding,2
16854,67420,0.025474024936556816,97.66206359863281,1.0258013010025024,0.005,NaN,NaN,NaN,transformer,embedding,2
16868,67476,NaN,NaN,NaN,NaN,13.428580284118652,4.862494945526123,679138.4375,transformer,embedding,2
17022,68092,0.024896487593650818,98.77789306640625,1.0252089500427246,0.005,NaN,NaN,NaN,transformer,embedding,2
17192,68772,0.019008556380867958,97.50265502929688,1.0191903114318848,0.005,NaN,NaN,NaN,transformer,embedding,2
17205,68824,NaN,NaN,NaN,NaN,13.646174430847168,4.955493450164795,844225.0625,transformer,embedding,2
17363,69456,0.16473619639873505,97.02444458007812,1.1790820360183716,0.005,NaN,NaN,NaN,transformer,embedding,2
17536,70148,0.013319500721991062,98.40595245361328,1.0134086608886719,0.005,NaN,NaN,NaN,transformer,embedding,2
17549,70200,NaN,NaN,NaN,NaN,13.831670761108398,5.314202308654785,1016291.5,transformer,embedding,2
17711,70848,0.018366167321801186,98.14027404785156,1.018535852432251,0.005,NaN,NaN,NaN,transformer,embedding,2
17888,71556,0.025888480246067047,98.14027404785156,1.02622652053833,0.005,NaN,NaN,NaN,transformer,embedding,2
17899,71600,NaN,NaN,NaN,NaN,14.177472114562988,5.553341388702393,1436143.75,transformer,embedding,2
18066,72268,0.009370040148496628,99.0967025756836,1.0094140768051147,0.005,NaN,NaN,NaN,transformer,embedding,2
18246,72988,0.008278572000563145,99.0967025756836,1.0083129405975342,0.005,NaN,NaN,NaN,transformer,embedding,2
18256,73028,NaN,NaN,NaN,NaN,13.774657249450684,5.513484954833984,959969.9375,transformer,embedding,2
18428,73716,0.010622193105518818,98.99043273925781,1.010678768157959,0.005,NaN,NaN,NaN,transformer,embedding,2
18612,74452,0.023646699264645576,98.40595245361328,1.0239285230636597,0.005,NaN,NaN,NaN,transformer,embedding,2
18621,74488,NaN,NaN,NaN,NaN,14.608223915100098,6.695894718170166,2209383.25,transformer,embedding,2
18798,75196,0.01032174564898014,99.14984130859375,1.0103751420974731,0.005,NaN,NaN,NaN,transformer,embedding,2
18985,75944,0.02882274240255356,98.8310317993164,1.0292421579360962,0.005,NaN,NaN,NaN,transformer,embedding,2
18993,75976,NaN,NaN,NaN,NaN,14.162578582763672,6.244187831878662,1414913.0,transformer,embedding,2
19174,76700,0.022461555898189545,98.77789306640625,1.02271568775177,0.005,NaN,NaN,NaN,transformer,embedding,2
19365,77464,0.006728242617100477,99.04357147216797,1.0067509412765503,0.005,NaN,NaN,NaN,transformer,embedding,2
19372,77492,NaN,NaN,NaN,NaN,15.378020286560059,5.765909671783447,4770779.5,transformer,embedding,2
19558,78236,0.027102962136268616,97.71519470214844,1.0274735689163208,0.005,NaN,NaN,NaN,transformer,embedding,2
19753,79016,0.007646458689123392,99.14984130859375,1.0076757669448853,0.005,NaN,NaN,NaN,transformer,embedding,2
19759,79040,NaN,NaN,NaN,NaN,15.051901817321777,5.978477478027344,3443165.5,transformer,embedding,2
19950,79804,0.012227862142026424,98.88416290283203,1.0123028755187988,0.005,NaN,NaN,NaN,transformer,embedding,2
20149,80600,0.013674424961209297,98.8310317993164,1.0137683153152466,0.005,NaN,NaN,NaN,transformer,embedding,2
20154,80620,NaN,NaN,NaN,NaN,15.161341667175293,6.071475982666016,3841377.75,transformer,embedding,2
20350,81404,0.007594531401991844,98.99043273925781,1.0076234340667725,0.005,NaN,NaN,NaN,transformer,embedding,2
20553,82216,0.006135471165180206,99.4686508178711,1.0061542987823486,0.005,NaN,NaN,NaN,transformer,embedding,2
20557,82232,NaN,NaN,NaN,NaN,15.895564079284668,6.509897708892822,8004897.5,transformer,embedding,2
20758,83036,0.0047698915004730225,99.68119049072266,1.0047812461853027,0.005,NaN,NaN,NaN,transformer,embedding,2
20965,83864,0.0044489288702607155,99.52178955078125,1.0044587850570679,0.005,NaN,NaN,NaN,transformer,embedding,2
20968,83876,NaN,NaN,NaN,NaN,16.245515823364258,6.390328407287598,11358942.0,transformer,embedding,2
21174,84700,0.02020689658820629,99.14984130859375,1.0204124450683594,0.005,NaN,NaN,NaN,transformer,embedding,2
21385,85544,0.013798989355564117,99.14984130859375,1.0138946771621704,0.005,NaN,NaN,NaN,transformer,embedding,2
21387,85552,NaN,NaN,NaN,NaN,15.418596267700195,6.124618053436279,4968339.5,transformer,embedding,2
21598,86396,0.011322855949401855,99.04357147216797,1.0113872289657593,0.005,NaN,NaN,NaN,transformer,embedding,2
21813,87256,0.005795800127089024,99.41551208496094,1.005812644958496,0.005,NaN,NaN,NaN,transformer,embedding,2
21814,87260,NaN,NaN,NaN,NaN,16.388751983642578,6.177760124206543,13108245.0,transformer,embedding,2
22031,88128,0.0031168083660304546,99.57492065429688,1.0031216144561768,0.005,NaN,NaN,NaN,transformer,embedding,2
22250,89004,NaN,NaN,NaN,NaN,17.145118713378906,6.031619548797607,27927396.0,transformer,embedding,2
22251,89008,0.0050074150785803795,99.68119049072266,1.005020022392273,0.005,NaN,NaN,NaN,transformer,embedding,2
22473,89896,0.004392927046865225,99.36238098144531,1.0044026374816895,0.005,NaN,NaN,NaN,transformer,embedding,2
22694,90780,NaN,NaN,NaN,NaN,16.985567092895508,6.377042770385742,23808830.0,transformer,embedding,2
22697,90792,0.005481457803398371,99.41551208496094,1.0054965019226074,0.005,NaN,NaN,NaN,transformer,embedding,2
22923,91696,0.0043740663677453995,99.4686508178711,1.0043836832046509,0.005,NaN,NaN,NaN,transformer,embedding,2
23147,92592,NaN,NaN,NaN,NaN,16.44919776916504,6.589611053466797,13925020.0,transformer,embedding,2
23152,92612,0.0026855848263949156,99.6280517578125,1.002689242362976,0.005,NaN,NaN,NaN,transformer,embedding,2
23383,93536,0.005787563975900412,99.57492065429688,1.0058043003082275,0.005,NaN,NaN,NaN,transformer,embedding,2
23609,94440,NaN,NaN,NaN,NaN,16.30735969543457,6.3239006996154785,12083600.0,transformer,embedding,2
23616,94468,0.007604571525007486,99.20297241210938,1.0076335668563843,0.005,NaN,NaN,NaN,transformer,embedding,2
23852,95412,0.008561220951378345,99.20297241210938,1.00859797000885,0.005,NaN,NaN,NaN,transformer,embedding,2
24081,96328,NaN,NaN,NaN,NaN,17.190778732299805,6.28404426574707,29232122.0,transformer,embedding,2
24090,96364,0.003762443084269762,99.6280517578125,1.0037695169448853,0.005,NaN,NaN,NaN,transformer,embedding,2
24330,97324,0.007059306371957064,99.68119049072266,1.0070842504501343,0.005,NaN,NaN,NaN,transformer,embedding,2
24562,98252,NaN,NaN,NaN,NaN,15.973434448242188,6.523183345794678,8653154.0,transformer,embedding,2
24573,98296,0.010223058052361012,99.04357147216797,1.0102754831314087,0.005,NaN,NaN,NaN,transformer,embedding,2
24818,99276,0.01423599198460579,99.20297241210938,1.0143377780914307,0.005,NaN,NaN,NaN,transformer,embedding,2
