epoch,global_step,train_loss,train_accuracy,train_perplexity,learning_rate,val_loss,val_accuracy,val_perplexity,model_type,encoding,k_value,total_param_l2_norm
0,6,4.587650775909424,0.0,98.26331329345703,0.0006,3.3916101455688477,0.0,29.713756561279297,transformer,embedding,2,294.7198143005371
1,12,3.0652058124542236,0.0,21.438873291015625,0.001,2.8064136505126953,0.0,16.55045509338379,transformer,embedding,2,294.7430546246469
2,18,2.6810948848724365,0.0,14.60107135772705,0.001,2.545177936553955,0.0,12.745495796203613,transformer,embedding,2,294.7204056084156
3,24,2.4393904209136963,0.0,11.466049194335938,0.001,2.3783962726593018,0.06073489040136337,10.787589073181152,transformer,embedding,2,294.578438334167
4,30,2.3434860706329346,1.1689691543579102,10.417489051818848,0.001,2.337381601333618,0.8958396911621094,10.354089736938477,transformer,embedding,2,294.30495885014534
5,36,2.317371129989624,1.55862557888031,10.148959159851074,0.001,2.3195743560791016,0.8958396315574646,10.171343803405762,transformer,embedding,2,293.84978099167347
6,42,2.3046844005584717,1.1335458755493164,10.021015167236328,0.001,2.312633514404297,0.8502885103225708,10.100990295410156,transformer,embedding,2,293.26269537210464
7,48,2.2982277870178223,1.5232023000717163,9.956521987915039,0.001,2.3112552165985107,0.8654722571372986,10.087078094482422,transformer,embedding,2,292.5888067856431
8,54,2.2933623790740967,1.2398158311843872,9.908196449279785,0.001,2.3105626106262207,0.7288187146186829,10.080094337463379,transformer,embedding,2,291.8751903474331
9,60,2.2910327911376953,1.5940488576889038,9.885141372680664,0.001,2.307504653930664,0.8958396315574646,10.04931640625,transformer,embedding,2,291.14914494752884
10,66,2.287651777267456,1.4523556232452393,9.851776123046875,0.001,2.307241678237915,0.7288187146186829,10.046674728393555,transformer,embedding,2,290.41929291933775
11,72,2.28472900390625,2.1962451934814453,9.823023796081543,0.001,NaN,NaN,NaN,transformer,embedding,2,289.7054093256593
12,78,2.281111478805542,1.877435326576233,9.787552833557129,0.001,2.309735059738159,0.8502885103225708,10.071756362915039,transformer,embedding,2,289.03690907359123
13,84,2.2758283615112305,2.373361587524414,9.735980987548828,0.001,NaN,NaN,NaN,transformer,embedding,2,288.42911671847105
14,90,2.269425630569458,2.408784866333008,9.673842430114746,0.001,2.316096544265747,0.6529000997543335,10.136031150817871,transformer,embedding,2,287.87965010106564
15,96,2.255908489227295,3.400637626647949,9.543959617614746,0.001,NaN,NaN,NaN,transformer,embedding,2,287.3963742852211
16,102,2.2349419593811035,2.975557804107666,9.345939636230469,0.001,2.348705291748047,0.5617977380752563,10.472002983093262,transformer,embedding,2,287.038907378912
17,108,2.199044704437256,4.321643352508545,9.016396522521973,0.001,NaN,NaN,NaN,transformer,embedding,2,286.7305423691869
18,114,2.1615612506866455,5.278072834014893,8.684685707092285,0.001,2.440891981124878,0.7591861486434937,11.48327922821045,transformer,embedding,2,286.4030696749687
19,120,2.120166540145874,6.872121810913086,8.332525253295898,0.001,NaN,NaN,NaN,transformer,embedding,2,286.059027351439
20,126,2.0852503776550293,8.395323753356934,8.046606063842773,0.001,2.4580800533294678,0.7440024018287659,11.682360649108887,transformer,embedding,2,285.72945626080036
21,132,2.0415918827056885,9.953949928283691,7.702861309051514,0.001,NaN,NaN,NaN,transformer,embedding,2,285.4433379545808
22,138,2.012106418609619,12.256464958190918,7.479054927825928,0.001,2.4865100383758545,0.9262071251869202,12.019256591796875,transformer,embedding,2,285.1710244715214
23,144,1.9755548238754272,13.24831771850586,7.21061897277832,0.001,NaN,NaN,NaN,transformer,embedding,2,284.90814393013716
24,150,1.9316974878311157,15.834218978881836,6.901215076446533,0.001,2.5049288272857666,1.047676920890808,12.242687225341797,transformer,embedding,2,284.7588371708989
25,156,1.901279091835022,17.428268432617188,6.694451808929443,0.001,NaN,NaN,NaN,transformer,embedding,2,284.612044274807
26,162,1.8626750707626343,19.23485565185547,6.440943717956543,0.001,2.5303821563720703,1.2298815250396729,12.558304786682129,transformer,embedding,2,284.5629386305809
27,168,1.82608962059021,19.411972045898438,6.20955753326416,0.001,NaN,NaN,NaN,transformer,embedding,2,284.52594292908907
28,174,1.790920615196228,21.608219146728516,5.994968891143799,0.001,2.5591015815734863,1.3361676931381226,12.924201011657715,transformer,embedding,2,284.5326461866498
29,180,1.7537509202957153,23.485652923583984,5.776228427886963,0.001,NaN,NaN,NaN,transformer,embedding,2,284.59699104726315
30,186,1.7126551866531372,24.583776473999023,5.543661594390869,0.001,2.5739948749542236,1.7613118886947632,13.118124961853027,transformer,embedding,2,284.7363335043192
31,192,1.6753356456756592,25.469358444213867,5.340587615966797,0.001,NaN,NaN,NaN,transformer,embedding,2,284.89865078032017
32,198,1.6303898096084595,28.940841674804688,5.105864524841309,0.001,2.5870816707611084,1.8675979375839233,13.29092788696289,transformer,embedding,2,285.10375018417835
33,204,1.587852120399475,29.89727210998535,4.893227577209473,0.001,NaN,NaN,NaN,transformer,embedding,2,285.37319611012936
34,210,1.5411767959594727,32.90825271606445,4.6700825691223145,0.001,2.6126840114593506,2.4293956756591797,13.635600090026855,transformer,embedding,2,285.6574209481478
35,216,1.489683747291565,33.90010452270508,4.435692310333252,0.001,NaN,NaN,NaN,transformer,embedding,2,286.0290307402611
36,222,1.4468169212341309,36.379737854003906,4.249566078186035,0.001,2.6350865364074707,3.173398017883301,13.94451904296875,transformer,embedding,2,286.3745274692774
37,228,1.3906135559082031,39.532413482666016,4.0173139572143555,0.001,NaN,NaN,NaN,transformer,embedding,2,286.7379079312086
38,234,1.3312896490097046,42.543392181396484,3.7859227657318115,0.001,2.6443121433258057,4.509565830230713,14.073760986328125,transformer,embedding,2,287.16734343767166
39,240,1.2756458520889282,45.76691436767578,3.5810134410858154,0.001,NaN,NaN,NaN,transformer,embedding,2,287.60112147033215
40,246,1.2217974662780762,48.31739044189453,3.3932814598083496,0.001,2.6588189601898193,5.617977619171143,14.279414176940918,transformer,embedding,2,288.03798865526915
41,252,1.1679329872131348,50.44279098510742,3.2153396606445312,0.001,NaN,NaN,NaN,transformer,embedding,2,288.5028696730733
42,258,1.1027460098266602,54.44562530517578,3.0124268531799316,0.001,2.676515817642212,6.361979961395264,14.534364700317383,transformer,embedding,2,288.9003706276417
43,264,1.0526273250579834,57.38575744628906,2.865169048309326,0.001,NaN,NaN,NaN,transformer,embedding,2,289.288552030921
44,270,0.990273118019104,60.64470291137695,2.691969633102417,0.001,2.6897213459014893,7.910719871520996,14.727571487426758,transformer,embedding,2,289.6585046052933
45,276,0.9241787791252136,65.78108215332031,2.5197980403900146,0.001,NaN,NaN,NaN,transformer,embedding,2,290.03229343891144
46,282,0.8585200905799866,70.31526947021484,2.359666109085083,0.001,2.692002534866333,10.081992149353027,14.76120662689209,transformer,embedding,2,290.38697288930416
47,288,0.785847544670105,74.95571899414062,2.194265842437744,0.001,NaN,NaN,NaN,transformer,embedding,2,290.7244645729661
48,294,0.7202371954917908,78.03755187988281,2.0549206733703613,0.001,2.6957521438598633,12.541754722595215,14.816658973693848,transformer,embedding,2,291.0469390153885
49,300,0.6578437089920044,82.0758056640625,1.9306248426437378,0.001,NaN,NaN,NaN,transformer,embedding,2,291.34750013798475
50,306,0.6028070449829102,84.3074722290039,1.8272407054901123,0.001,2.710916757583618,14.257515907287598,15.043060302734375,transformer,embedding,2,291.6169797703624
51,312,0.5456594228744507,87.3538818359375,1.7257460355758667,0.001,NaN,NaN,NaN,transformer,embedding,2,291.85880171507597
52,318,0.4803338050842285,91.14417266845703,1.6166139841079712,0.001,NaN,NaN,NaN,transformer,embedding,2,292.0650999546051
53,324,0.43293964862823486,93.0216064453125,1.5417832136154175,0.001,NaN,NaN,NaN,transformer,embedding,2,292.23799914866686
54,330,0.38233041763305664,95.2886962890625,1.4656963348388672,0.001,NaN,NaN,NaN,transformer,embedding,2,292.39222230017185
55,336,0.34157249331474304,96.17428588867188,1.407158613204956,0.001,2.745081901550293,18.50895881652832,15.565888404846191,transformer,embedding,2,292.50107250362635
56,342,0.29760873317718506,97.73291015625,1.3466347455978394,0.001,NaN,NaN,NaN,transformer,embedding,2,292.57847675681114
57,348,0.2620786726474762,98.15798950195312,1.299628734588623,0.001,NaN,NaN,NaN,transformer,embedding,2,292.60171773284674
58,354,0.22253607213497162,98.79560852050781,1.2492408752441406,0.001,NaN,NaN,NaN,transformer,embedding,2,292.61574697494507
59,360,0.19656828045845032,98.93730163574219,1.2172183990478516,0.001,NaN,NaN,NaN,transformer,embedding,2,292.56113270670176
60,366,0.17131537199020386,99.36238098144531,1.186864972114563,0.001,2.7916316986083984,21.454601287841797,16.307607650756836,transformer,embedding,2,292.46198776364326
61,372,0.150581493973732,99.71661376953125,1.1625100374221802,0.001,NaN,NaN,NaN,transformer,embedding,2,292.33823512494564
62,378,0.1295958310365677,99.71661376953125,1.1383682489395142,0.001,NaN,NaN,NaN,transformer,embedding,2,292.17469587922096
63,384,0.11450691521167755,99.78746032714844,1.121320366859436,0.001,NaN,NaN,NaN,transformer,embedding,2,291.97642819583416
64,390,0.1019560694694519,99.71661376953125,1.107334852218628,0.001,NaN,NaN,NaN,transformer,embedding,2,291.73497711122036
65,396,0.08884160220623016,99.82288360595703,1.0929075479507446,0.001,2.827080249786377,23.215911865234375,16.89605712890625,transformer,embedding,2,291.47332125902176
66,402,0.0771263912320137,99.89373016357422,1.0801786184310913,0.001,NaN,NaN,NaN,transformer,embedding,2,291.19227973371744
67,408,0.06876637041568756,99.92915344238281,1.0711859464645386,0.001,NaN,NaN,NaN,transformer,embedding,2,290.8764179646969
68,414,0.06056284159421921,99.92915344238281,1.0624343156814575,0.001,NaN,NaN,NaN,transformer,embedding,2,290.53975227475166
69,420,0.05394933372735977,99.92915344238281,1.0554311275482178,0.001,NaN,NaN,NaN,transformer,embedding,2,290.1797882243991
70,426,0.04854809492826462,99.85830688476562,1.049745798110962,0.001,2.8621137142181396,24.020648956298828,17.49847412109375,transformer,embedding,2,289.80574498325586
71,432,0.04511621594429016,99.92915344238281,1.0461493730545044,0.001,NaN,NaN,NaN,transformer,embedding,2,289.4155890792608
72,438,0.03970324993133545,99.92915344238281,1.0405019521713257,0.001,NaN,NaN,NaN,transformer,embedding,2,289.01260083168745
73,444,0.035596221685409546,100.0,1.036237359046936,0.001,NaN,NaN,NaN,transformer,embedding,2,288.59823187440634
74,450,0.03344552963972092,99.92915344238281,1.0340111255645752,0.001,NaN,NaN,NaN,transformer,embedding,2,288.16775983572006
75,456,0.030479727312922478,99.9645767211914,1.0309489965438843,0.001,2.885540723800659,24.82538604736328,17.913251876831055,transformer,embedding,2,287.7394793853164
76,462,0.027205895632505417,99.9645767211914,1.0275793075561523,0.001,NaN,NaN,NaN,transformer,embedding,2,287.30174388736486
77,468,0.025164244696497917,99.9645767211914,1.02548348903656,0.001,NaN,NaN,NaN,transformer,embedding,2,286.8580412194133
78,474,0.0236850343644619,99.92915344238281,1.0239677429199219,0.001,NaN,NaN,NaN,transformer,embedding,2,286.4031904190779
79,480,0.021944914013147354,100.0,1.0221874713897705,0.001,NaN,NaN,NaN,transformer,embedding,2,285.9536162316799
80,486,0.020540941506624222,99.9645767211914,1.0207533836364746,0.001,2.9032397270202637,25.250532150268555,18.23311996459961,transformer,embedding,2,285.5074363872409
81,492,0.01944575272500515,99.9645767211914,1.0196360349655151,0.001,NaN,NaN,NaN,transformer,embedding,2,285.05615263432264
82,498,0.024352751672267914,99.92915344238281,1.0246516466140747,0.001,NaN,NaN,NaN,transformer,embedding,2,284.65098217874765
83,504,0.021333303302526474,99.92915344238281,1.0215624570846558,0.001,NaN,NaN,NaN,transformer,embedding,2,284.26588924974203
84,510,0.020547788590192795,99.92915344238281,1.0207602977752686,0.001,NaN,NaN,NaN,transformer,embedding,2,283.89492520689964
85,516,0.017797891050577164,99.9645767211914,1.0179572105407715,0.001,2.937748670578003,25.432735443115234,18.873308181762695,transformer,embedding,2,283.53963343054056
86,522,0.015457330271601677,99.9645767211914,1.0155774354934692,0.001,NaN,NaN,NaN,transformer,embedding,2,283.1560407280922
87,528,0.014022404327988625,99.9645767211914,1.014121174812317,0.001,NaN,NaN,NaN,transformer,embedding,2,282.74783554673195
88,534,0.012641828507184982,100.0,1.012722134590149,0.001,NaN,NaN,NaN,transformer,embedding,2,282.3289023041725
89,540,0.011173857375979424,100.0,1.011236548423767,0.001,NaN,NaN,NaN,transformer,embedding,2,281.8918480500579
90,546,0.010192490182816982,100.0,1.010244607925415,0.001,2.960338592529297,26.00971794128418,19.304506301879883,transformer,embedding,2,281.43941459804773
91,552,0.00947599858045578,100.0,1.0095210075378418,0.001,NaN,NaN,NaN,transformer,embedding,2,280.981979906559
92,558,0.008748037740588188,100.0,1.0087864398956299,0.001,NaN,NaN,NaN,transformer,embedding,2,280.51006511598825
93,564,0.008252468891441822,100.0,1.0082865953445435,0.001,NaN,NaN,NaN,transformer,embedding,2,280.0419072061777
94,570,0.007750048767775297,100.0,1.0077801942825317,0.001,NaN,NaN,NaN,transformer,embedding,2,279.5743694603443
95,576,0.007383850868791342,100.0,1.0074111223220825,0.001,2.981549024581909,26.404495239257812,19.718338012695312,transformer,embedding,2,279.1076244786382
96,582,0.0070604258216917515,100.0,1.0070854425430298,0.001,NaN,NaN,NaN,transformer,embedding,2,278.65238835662603
97,588,0.006656901445239782,100.0,1.0066790580749512,0.001,NaN,NaN,NaN,transformer,embedding,2,278.1996400356293
98,594,0.006249111611396074,100.0,1.0062686204910278,0.001,NaN,NaN,NaN,transformer,embedding,2,277.75737944990396
99,600,0.0059060752391815186,100.0,1.0059235095977783,0.001,NaN,NaN,NaN,transformer,embedding,2,277.3136603459716
100,606,0.005671585910022259,100.0,1.0056877136230469,0.001,2.9966251850128174,26.358943939208984,20.017866134643555,transformer,embedding,2,276.87259282171726
101,612,0.005328814499080181,100.0,1.0053430795669556,0.001,NaN,NaN,NaN,transformer,embedding,2,276.44353371858597
102,618,0.005003422033041716,100.0,1.0050159692764282,0.001,NaN,NaN,NaN,transformer,embedding,2,276.0189059525728
103,624,0.004787357524037361,100.0,1.0047988891601562,0.001,NaN,NaN,NaN,transformer,embedding,2,275.5947973355651
104,630,0.004447647836059332,100.0,1.0044575929641724,0.001,NaN,NaN,NaN,transformer,embedding,2,275.17175114154816
105,636,0.00428609736263752,100.0,1.0042953491210938,0.001,3.0141632556915283,26.738536834716797,20.372037887573242,transformer,embedding,2,274.75542265176773
106,642,0.004106035456061363,100.0,1.0041145086288452,0.001,NaN,NaN,NaN,transformer,embedding,2,274.35251562297344
107,648,0.003984250593930483,100.0,1.0039921998977661,0.001,NaN,NaN,NaN,transformer,embedding,2,273.94774474203587
108,654,0.0038282189052551985,100.0,1.0038355588912964,0.001,NaN,NaN,NaN,transformer,embedding,2,273.56115294992924
109,660,0.003552381182089448,100.0,1.0035587549209595,0.001,NaN,NaN,NaN,transformer,embedding,2,273.17724388092756
110,666,0.0033294116146862507,100.0,1.0033349990844727,0.001,3.041699171066284,26.84482192993164,20.9407958984375,transformer,embedding,2,272.7981781363487
111,672,0.0032166033051908016,100.0,1.0032217502593994,0.001,NaN,NaN,NaN,transformer,embedding,2,272.4215299487114
112,678,0.003137067425996065,100.0,1.00314199924469,0.001,NaN,NaN,NaN,transformer,embedding,2,272.0490082204342
113,684,0.003247885499149561,100.0,1.0032532215118408,0.001,NaN,NaN,NaN,transformer,embedding,2,271.7145180925727
114,690,0.10813194513320923,94.29684448242188,1.1141947507858276,0.001,NaN,NaN,NaN,transformer,embedding,2,271.4425582140684
115,696,0.63039231300354,70.49238586425781,1.8783472776412964,0.001,3.1434009075164795,17.40054702758789,23.182575225830078,transformer,embedding,2,272.0402486473322
116,702,0.22789722681045532,90.86078643798828,1.2559562921524048,0.001,NaN,NaN,NaN,transformer,embedding,2,272.5874803811312
117,708,0.0962642952799797,97.6974868774414,1.1010500192642212,0.001,NaN,NaN,NaN,transformer,embedding,2,272.81142396479845
118,714,0.062143724411726,99.14984130859375,1.064115285873413,0.001,NaN,NaN,NaN,transformer,embedding,2,272.7563406974077
119,720,0.03466378524899483,99.89373016357422,1.0352715253829956,0.001,NaN,NaN,NaN,transformer,embedding,2,272.4942350387573
120,726,0.021053574979305267,99.9645767211914,1.0212767124176025,0.001,3.1644442081451416,24.278772354125977,23.675580978393555,transformer,embedding,2,272.07535994052887
121,732,0.015048569068312645,100.0,1.0151623487472534,0.001,NaN,NaN,NaN,transformer,embedding,2,271.5517699420452
122,738,0.010573077946901321,100.0,1.0106291770935059,0.001,NaN,NaN,NaN,transformer,embedding,2,270.9577200561762
123,744,0.008788912557065487,100.0,1.0088276863098145,0.001,NaN,NaN,NaN,transformer,embedding,2,270.315275631845
124,750,0.007368601392954588,100.0,1.00739586353302,0.001,NaN,NaN,NaN,transformer,embedding,2,269.6416760981083
125,756,0.00657928129658103,100.0,1.0066009759902954,0.001,3.134557008743286,26.267841339111328,22.97845458984375,transformer,embedding,2,268.95152615755796
126,762,0.006104821804910898,100.0,1.0061235427856445,0.001,NaN,NaN,NaN,transformer,embedding,2,268.25468061864376
127,768,0.005792945623397827,100.0,1.0058097839355469,0.001,NaN,NaN,NaN,transformer,embedding,2,267.55371483415365
128,774,0.005652140825986862,100.0,1.0056681632995605,0.001,NaN,NaN,NaN,transformer,embedding,2,266.85420472174883
129,780,0.00554107129573822,100.0,1.0055564641952515,0.001,NaN,NaN,NaN,transformer,embedding,2,266.1605425328016
130,786,0.005450096447020769,100.0,1.005465030670166,0.001,3.0988380908966064,26.525964736938477,22.17217445373535,transformer,embedding,2,265.47073105722666
131,792,0.0053900377824902534,100.0,1.0054045915603638,0.001,NaN,NaN,NaN,transformer,embedding,2,264.7899235188961
132,798,0.005335913971066475,100.0,1.0053502321243286,0.001,NaN,NaN,NaN,transformer,embedding,2,264.11732871830463
133,804,0.00530114583671093,100.0,1.0053151845932007,0.001,NaN,NaN,NaN,transformer,embedding,2,263.45313284546137
134,810,0.005260734353214502,100.0,1.0052746534347534,0.001,NaN,NaN,NaN,transformer,embedding,2,262.79934987425804
135,816,0.0052117216400802135,100.0,1.0052253007888794,0.001,3.0613694190979004,26.69298553466797,21.356782913208008,transformer,embedding,2,262.1564653068781
136,822,0.005164872854948044,100.0,1.0051782131195068,0.001,NaN,NaN,NaN,transformer,embedding,2,261.524900957942
137,828,0.005109185352921486,100.0,1.0051223039627075,0.001,NaN,NaN,NaN,transformer,embedding,2,260.90515241771936
138,834,0.005050767213106155,100.0,1.005063533782959,0.001,NaN,NaN,NaN,transformer,embedding,2,260.2937882691622
139,840,0.0049832663498818874,100.0,1.0049957036972046,0.001,NaN,NaN,NaN,transformer,embedding,2,259.69893457740545
140,846,0.004919432103633881,100.0,1.0049315690994263,0.001,3.0348174571990967,26.87519073486328,20.797182083129883,transformer,embedding,2,259.11359106749296
141,852,0.004838507156819105,100.0,1.0048502683639526,0.001,NaN,NaN,NaN,transformer,embedding,2,258.53864957392216
142,858,0.004754449240863323,100.0,1.0047657489776611,0.001,NaN,NaN,NaN,transformer,embedding,2,257.9760926887393
143,864,0.00465306406840682,100.0,1.0046639442443848,0.001,NaN,NaN,NaN,transformer,embedding,2,257.4254950210452
144,870,0.004564349073916674,100.0,1.0045747756958008,0.001,NaN,NaN,NaN,transformer,embedding,2,256.8878494799137
145,876,0.004488732665777206,100.0,1.004498839378357,0.001,3.0223817825317383,26.981475830078125,20.5401554107666,transformer,embedding,2,256.359580822289
146,882,0.004345226101577282,100.0,1.00435471534729,0.001,NaN,NaN,NaN,transformer,embedding,2,255.84543522447348
147,888,0.004246930126100779,100.0,1.004256010055542,0.001,NaN,NaN,NaN,transformer,embedding,2,255.3434588983655
148,894,0.004132277797907591,100.0,1.004140853881836,0.001,NaN,NaN,NaN,transformer,embedding,2,254.84738039970398
149,900,0.004034953657537699,100.0,1.0040431022644043,0.001,NaN,NaN,NaN,transformer,embedding,2,254.36800078302622
150,906,0.003929958213120699,100.0,1.0039377212524414,0.001,3.020334482192993,27.027027130126953,20.498146057128906,transformer,embedding,2,253.90054044127464
151,912,0.003809873014688492,100.0,1.003817081451416,0.001,NaN,NaN,NaN,transformer,embedding,2,253.44254284352064
152,918,0.003713467391207814,100.0,1.0037204027175903,0.001,NaN,NaN,NaN,transformer,embedding,2,252.99850611388683
153,924,0.0036047727335244417,100.0,1.0036113262176514,0.001,NaN,NaN,NaN,transformer,embedding,2,252.56353375315666
154,930,0.0034944843500852585,100.0,1.0035005807876587,0.001,NaN,NaN,NaN,transformer,embedding,2,252.1446005627513
155,936,0.003311355598270893,100.0,1.003316879272461,0.001,3.0305254459381104,27.194047927856445,20.708110809326172,transformer,embedding,2,251.7282858118415
156,942,0.0031901784241199493,100.0,1.0031952857971191,0.001,NaN,NaN,NaN,transformer,embedding,2,251.3245294690132
157,948,0.0030974303372204304,100.0,1.00310218334198,0.001,NaN,NaN,NaN,transformer,embedding,2,250.92752401530743
158,954,0.0029450450092554092,100.0,1.0029493570327759,0.001,NaN,NaN,NaN,transformer,embedding,2,250.54106196016073
159,960,0.002849433571100235,100.0,1.002853512763977,0.001,NaN,NaN,NaN,transformer,embedding,2,250.16133382171392
160,966,0.0027501981239765882,100.0,1.0027539730072021,0.001,3.04978346824646,27.33070182800293,21.11077308654785,transformer,embedding,2,249.7918767184019
161,972,0.0026003792881965637,100.0,1.0026037693023682,0.001,NaN,NaN,NaN,transformer,embedding,2,249.4290579855442
162,978,0.0024834992364048958,100.0,1.0024865865707397,0.001,NaN,NaN,NaN,transformer,embedding,2,249.07444335520267
163,984,0.0024252620059996843,100.0,1.0024281740188599,0.001,NaN,NaN,NaN,transformer,embedding,2,248.72836895287037
164,990,0.0023626787588000298,100.0,1.0023654699325562,0.001,NaN,NaN,NaN,transformer,embedding,2,248.3972798511386
165,996,0.002337218262255192,100.0,1.0023399591445923,0.001,3.078826427459717,27.300334930419922,21.732881546020508,transformer,embedding,2,248.0815495401621
166,1002,0.002337323036044836,100.0,1.0023400783538818,0.001,NaN,NaN,NaN,transformer,embedding,2,247.77456226199865
167,1008,0.8825444579124451,58.6609992980957,2.4170420169830322,0.001,NaN,NaN,NaN,transformer,embedding,2,248.5298675224185
168,1014,0.4207306206226349,81.89868927001953,1.5230739116668701,0.001,NaN,NaN,NaN,transformer,embedding,2,249.83194518834352
169,1020,0.20026446878910065,93.09245300292969,1.2217258214950562,0.001,NaN,NaN,NaN,transformer,embedding,2,250.69090791791677
170,1026,0.10280155390501022,98.15798950195312,1.1082714796066284,0.001,3.201748847961426,21.63680648803711,24.575471878051758,transformer,embedding,2,251.1035399362445
171,1032,0.060657624155282974,99.32695770263672,1.062535047531128,0.001,NaN,NaN,NaN,transformer,embedding,2,251.1998584717512
172,1038,0.034832894802093506,99.92915344238281,1.0354466438293457,0.001,NaN,NaN,NaN,transformer,embedding,2,251.07832998037338
173,1044,0.023234499618411064,99.92915344238281,1.02350652217865,0.001,NaN,NaN,NaN,transformer,embedding,2,250.77832257002592
174,1050,0.01600867137312889,99.9645767211914,1.0161374807357788,0.001,NaN,NaN,NaN,transformer,embedding,2,250.34616488963366
175,1056,0.01145076472312212,100.0,1.0115165710449219,0.001,3.1752381324768066,25.645307540893555,23.932518005371094,transformer,embedding,2,249.82832711189985
176,1062,0.00923702772706747,100.0,1.0092798471450806,0.001,NaN,NaN,NaN,transformer,embedding,2,249.2589073330164
177,1068,0.007852324284613132,100.0,1.0078831911087036,0.001,NaN,NaN,NaN,transformer,embedding,2,248.66145553439856
178,1074,0.006957067176699638,100.0,1.006981372833252,0.001,NaN,NaN,NaN,transformer,embedding,2,248.0369070544839
179,1080,0.006429556757211685,100.0,1.0064502954483032,0.001,NaN,NaN,NaN,transformer,embedding,2,247.40440142154694
180,1086,0.006112013012170792,100.0,1.0061306953430176,0.001,3.133718729019165,26.63224983215332,22.959199905395508,transformer,embedding,2,246.768399938941
181,1092,0.005938938353210688,100.0,1.0059566497802734,0.001,NaN,NaN,NaN,transformer,embedding,2,246.13052820414305
182,1098,0.005815625190734863,100.0,1.005832552909851,0.001,NaN,NaN,NaN,transformer,embedding,2,245.4987556412816
183,1104,0.005725121591240168,100.0,1.0057415962219238,0.001,NaN,NaN,NaN,transformer,embedding,2,244.87605264782906
184,1110,0.00565566960722208,100.0,1.005671739578247,0.001,NaN,NaN,NaN,transformer,embedding,2,244.25839752703905
185,1116,0.005617503542453051,100.0,1.0056333541870117,0.001,3.095181703567505,26.768903732299805,22.091251373291016,transformer,embedding,2,243.65030623972416
186,1122,0.005567257292568684,100.0,1.0055828094482422,0.001,NaN,NaN,NaN,transformer,embedding,2,243.05353465676308
187,1128,0.005523669999092817,100.0,1.0055389404296875,0.001,NaN,NaN,NaN,transformer,embedding,2,242.46534913778305
188,1134,0.005457836668938398,100.0,1.0054727792739868,0.001,NaN,NaN,NaN,transformer,embedding,2,241.88852364569902
189,1140,0.0054188072681427,100.0,1.0054335594177246,0.001,NaN,NaN,NaN,transformer,embedding,2,241.32367029041052
190,1146,0.005361335817724466,100.0,1.0053757429122925,0.001,3.0560083389282227,27.133312225341797,21.24259376525879,transformer,embedding,2,240.7690571770072
191,1152,0.005272443871945143,100.0,1.0052863359451294,0.001,NaN,NaN,NaN,transformer,embedding,2,240.2265214473009
192,1158,0.005180732812732458,100.0,1.0051941871643066,0.001,NaN,NaN,NaN,transformer,embedding,2,239.69378843903542
193,1164,0.005092362407594919,100.0,1.0051053762435913,0.001,NaN,NaN,NaN,transformer,embedding,2,239.17433390766382
194,1170,0.00501552177593112,100.0,1.0050281286239624,0.001,NaN,NaN,NaN,transformer,embedding,2,238.66710340231657
195,1176,0.00492379255592823,100.0,1.0049359798431396,0.001,3.0324649810791016,27.239599227905273,20.748313903808594,transformer,embedding,2,238.17069913446903
196,1182,0.004845030140131712,100.0,1.004856824874878,0.001,NaN,NaN,NaN,transformer,embedding,2,237.68570099771023
197,1188,0.0047344062477350235,100.0,1.004745602607727,0.001,NaN,NaN,NaN,transformer,embedding,2,237.216263666749
198,1194,0.004621976520866156,100.0,1.0046327114105225,0.001,NaN,NaN,NaN,transformer,embedding,2,236.75711834430695
199,1200,0.004496395122259855,100.0,1.0045064687728882,0.001,NaN,NaN,NaN,transformer,embedding,2,236.31089022010565
200,1206,0.004391147289425135,100.0,1.0044008493423462,0.001,3.012193441390991,27.482540130615234,20.331947326660156,transformer,embedding,2,235.8796450868249
202,1218,0.004152743145823479,100.0,1.0041613578796387,0.001,NaN,NaN,NaN,transformer,embedding,2,235.04423988610506
204,1230,0.0039627631194889545,100.0,1.0039706230163574,0.001,NaN,NaN,NaN,transformer,embedding,2,234.2644757181406
205,1236,NaN,NaN,NaN,NaN,3.0157570838928223,27.376253128051758,20.40453338623047,transformer,embedding,2,233.89013749361038
206,1242,0.0036927135661244392,100.0,1.003699541091919,0.001,NaN,NaN,NaN,transformer,embedding,2,233.53062909841537
208,1254,0.0035028839483857155,100.0,1.0035090446472168,0.001,NaN,NaN,NaN,transformer,embedding,2,232.8460132703185
210,1266,0.003215822856873274,100.0,1.003221035003662,0.001,3.0169079303741455,27.52808952331543,20.428028106689453,transformer,embedding,2,232.2068301215768
212,1278,0.0029452911112457514,100.0,1.002949595451355,0.001,NaN,NaN,NaN,transformer,embedding,2,231.59770299494267
214,1290,0.002687944797798991,100.0,1.0026915073394775,0.001,NaN,NaN,NaN,transformer,embedding,2,231.01966565847397
215,1296,NaN,NaN,NaN,NaN,3.039689540863037,27.695110321044922,20.898754119873047,transformer,embedding,2,230.73668225854635
216,1302,0.0024333212058991194,100.0,1.0024362802505493,0.001,NaN,NaN,NaN,transformer,embedding,2,230.46345026791096
218,1314,0.00232650781981647,100.0,1.0023292303085327,0.001,NaN,NaN,NaN,transformer,embedding,2,229.94821932911873
220,1326,1.2545884847640991,43.9603271484375,3.506395101547241,0.001,2.8379485607147217,6.8478593826293945,17.080690383911133,transformer,embedding,2,230.80696927011013
222,1338,0.37930893898010254,84.59085845947266,1.4612743854522705,0.001,NaN,NaN,NaN,transformer,embedding,2,234.46712609380484
224,1350,0.089435875415802,98.866455078125,1.0935572385787964,0.001,NaN,NaN,NaN,transformer,embedding,2,236.19201040267944
225,1356,NaN,NaN,NaN,NaN,3.1748807430267334,23.003339767456055,23.923967361450195,transformer,embedding,2,236.3910984992981
226,1362,0.030657101422548294,99.92915344238281,1.0311318635940552,0.001,NaN,NaN,NaN,transformer,embedding,2,236.31856705993414
228,1374,0.014393283985555172,100.0,1.0144973993301392,0.001,NaN,NaN,NaN,transformer,embedding,2,235.6119510307908
230,1386,0.009071411564946175,100.0,1.0091127157211304,0.001,3.146320343017578,25.97934913635254,23.25035285949707,transformer,embedding,2,234.58105341345072
232,1398,0.007372630760073662,100.0,1.0073999166488647,0.001,NaN,NaN,NaN,transformer,embedding,2,233.41581846028566
234,1410,0.006685145199298859,100.0,1.0067075490951538,0.001,NaN,NaN,NaN,transformer,embedding,2,232.23032943159342
235,1416,NaN,NaN,NaN,NaN,3.1022725105285645,26.63224983215332,22.24845314025879,transformer,embedding,2,231.63942581415176
236,1422,0.0064009022898972034,100.0,1.006421446800232,0.001,NaN,NaN,NaN,transformer,embedding,2,231.05217634886503
238,1434,0.006259031128138304,100.0,1.00627863407135,0.001,NaN,NaN,NaN,transformer,embedding,2,229.90547396987677
240,1446,0.006145996507257223,100.0,1.0061649084091187,0.001,3.056694746017456,26.89037322998047,21.25718116760254,transformer,embedding,2,228.79646476358175
242,1458,0.0060410150326788425,100.0,1.0060592889785767,0.001,NaN,NaN,NaN,transformer,embedding,2,227.72810372710228
244,1470,0.005908210761845112,100.0,1.0059256553649902,0.001,NaN,NaN,NaN,transformer,embedding,2,226.70647187530994
245,1476,NaN,NaN,NaN,NaN,3.014071464538574,27.05739402770996,20.370168685913086,transformer,embedding,2,226.2107307165861
246,1482,0.005791530944406986,100.0,1.0058083534240723,0.001,NaN,NaN,NaN,transformer,embedding,2,225.73141608387232
248,1494,0.005583418533205986,100.0,1.005599021911621,0.001,NaN,NaN,NaN,transformer,embedding,2,224.80618370324373
250,1506,0.00537366745993495,100.0,1.0053881406784058,0.001,2.981410503387451,27.31551742553711,19.715606689453125,transformer,embedding,2,223.9280532002449
252,1518,0.0051752012223005295,100.0,1.0051885843276978,0.001,NaN,NaN,NaN,transformer,embedding,2,223.09885454177856
254,1530,0.005003970582038164,100.0,1.005016565322876,0.001,NaN,NaN,NaN,transformer,embedding,2,222.33133310079575
255,1536,NaN,NaN,NaN,NaN,2.960763454437256,27.361068725585938,19.31270980834961,transformer,embedding,2,221.96950282901525
256,1542,0.0048059155233204365,100.0,1.0048174858093262,0.001,NaN,NaN,NaN,transformer,embedding,2,221.62388643622398
258,1554,0.004550601821392775,100.0,1.004560947418213,0.001,NaN,NaN,NaN,transformer,embedding,2,220.9688467606902
260,1566,0.004487609025090933,100.0,1.0044976472854614,0.001,2.9537723064422607,27.52808952331543,19.178163528442383,transformer,embedding,2,220.38438680022955
262,1578,0.004186157137155533,100.0,1.004194974899292,0.001,NaN,NaN,NaN,transformer,embedding,2,219.86768394708633
264,1590,0.003897413844242692,100.0,1.0039050579071045,0.001,NaN,NaN,NaN,transformer,embedding,2,219.40514928102493
265,1596,NaN,NaN,NaN,NaN,2.9533915519714355,27.725479125976562,19.170862197875977,transformer,embedding,2,219.18314066529274
266,1602,0.0034521939232945442,100.0,1.0034581422805786,0.001,NaN,NaN,NaN,transformer,embedding,2,218.96318777650595
268,1614,0.0032594529911875725,100.0,1.0032647848129272,0.001,NaN,NaN,NaN,transformer,embedding,2,218.54349991679192
270,1626,0.003165159374475479,100.0,1.003170132637024,0.001,2.9780468940734863,27.573640823364258,19.649402618408203,transformer,embedding,2,218.1884691119194
272,1638,0.0032535381615161896,100.0,1.0032588243484497,0.001,NaN,NaN,NaN,transformer,embedding,2,217.94044356048107
274,1650,0.5867807865142822,74.10556030273438,1.7981903553009033,0.001,NaN,NaN,NaN,transformer,embedding,2,218.604259185493
275,1656,NaN,NaN,NaN,NaN,2.589008092880249,6.088672637939453,13.316555976867676,transformer,embedding,2,221.03996095061302
276,1662,1.1246592998504639,54.55189514160156,3.079167604446411,0.001,NaN,NaN,NaN,transformer,embedding,2,223.83400751650333
278,1674,0.18947505950927734,95.64293670654297,1.2086149454116821,0.001,NaN,NaN,NaN,transformer,embedding,2,227.26947309076786
280,1686,0.050990503281354904,99.78746032714844,1.0523128509521484,0.001,3.117093563079834,23.291831970214844,22.58065414428711,transformer,embedding,2,228.1359826400876
282,1698,0.021218882873654366,100.0,1.021445631980896,0.001,NaN,NaN,NaN,transformer,embedding,2,227.81461687386036
284,1710,0.011616681702435017,100.0,1.0116844177246094,0.001,NaN,NaN,NaN,transformer,embedding,2,226.9583481401205
285,1716,NaN,NaN,NaN,NaN,3.105875015258789,26.328575134277344,22.32874870300293,transformer,embedding,2,226.440761603415
286,1722,0.008161029778420925,100.0,1.0081944465637207,0.001,NaN,NaN,NaN,transformer,embedding,2,225.89217563718557
288,1734,0.006801174022257328,100.0,1.0068243741989136,0.001,NaN,NaN,NaN,transformer,embedding,2,224.74717397242785
290,1746,0.006285829935222864,100.0,1.0063055753707886,0.001,3.0602996349334717,26.814455032348633,21.333948135375977,transformer,embedding,2,223.58993653208017
292,1758,0.006079463288187981,100.0,1.0060980319976807,0.001,NaN,NaN,NaN,transformer,embedding,2,222.45380697399378
294,1770,0.005924965720623732,100.0,1.0059425830841064,0.001,NaN,NaN,NaN,transformer,embedding,2,221.35156776756048
295,1776,NaN,NaN,NaN,NaN,3.0155160427093506,27.0877628326416,20.399616241455078,transformer,embedding,2,220.8151217326522
296,1782,0.005824308842420578,100.0,1.0058412551879883,0.001,NaN,NaN,NaN,transformer,embedding,2,220.2921887561679
298,1794,0.0057216426357626915,100.0,1.0057380199432373,0.001,NaN,NaN,NaN,transformer,embedding,2,219.27956319600344
300,1806,0.005501285195350647,100.0,1.0055164098739624,0.001,2.9733946323394775,27.239599227905273,19.55820083618164,transformer,embedding,2,218.31253658235073
303,1824,0.005312670953571796,100.0,1.0053268671035767,0.001,NaN,NaN,NaN,transformer,embedding,2,216.96152090281248
305,1836,NaN,NaN,NaN,NaN,2.94342041015625,27.33070182800293,18.98065757751465,transformer,embedding,2,216.1365103572607
306,1842,0.005037371069192886,100.0,1.0050500631332397,0.001,NaN,NaN,NaN,transformer,embedding,2,215.74824408441782
309,1860,0.0047850096598267555,100.0,1.0047965049743652,0.001,NaN,NaN,NaN,transformer,embedding,2,214.65784660726786
311,1872,NaN,NaN,NaN,NaN,2.9185922145843506,27.46735382080078,18.51520347595215,transformer,embedding,2,214.0127458125353
312,1878,0.0044358572922647,100.0,1.0044456720352173,0.001,NaN,NaN,NaN,transformer,embedding,2,213.7134104296565
315,1896,0.003988905809819698,100.0,1.0039968490600586,0.001,NaN,NaN,NaN,transformer,embedding,2,212.904943279922
317,1908,NaN,NaN,NaN,NaN,2.9053871631622314,27.52808952331543,18.272315979003906,transformer,embedding,2,212.4529714435339
318,1914,0.004002727102488279,100.0,1.004010796546936,0.001,NaN,NaN,NaN,transformer,embedding,2,212.27390763163567
321,1932,1.025573492050171,58.200496673583984,2.788694381713867,0.001,NaN,NaN,NaN,transformer,embedding,2,218.18294463306665
323,1944,NaN,NaN,NaN,NaN,3.0918030738830566,20.224720001220703,22.016740798950195,transformer,embedding,2,221.85402768105268
324,1950,0.10005272179841995,99.04357147216797,1.105229139328003,0.001,NaN,NaN,NaN,transformer,embedding,2,222.5208604708314
327,1968,0.022974152117967606,100.0,1.023240089416504,0.001,NaN,NaN,NaN,transformer,embedding,2,222.49056448042393
329,1980,NaN,NaN,NaN,NaN,3.03410267829895,26.358943939208984,20.78232192993164,transformer,embedding,2,221.67587154358625
330,1986,0.010465919971466064,100.0,1.0105209350585938,0.001,NaN,NaN,NaN,transformer,embedding,2,221.1636927127838
333,2004,0.00763949379324913,100.0,1.0076687335968018,0.001,NaN,NaN,NaN,transformer,embedding,2,219.5073516741395
335,2016,NaN,NaN,NaN,NaN,2.986262798309326,26.966291427612305,19.811504364013672,transformer,embedding,2,218.39174170047045
336,2022,0.0069510480388998985,100.0,1.0069752931594849,0.001,NaN,NaN,NaN,transformer,embedding,2,217.84080215543509
339,2040,0.0066832927986979485,100.0,1.006705641746521,0.001,NaN,NaN,NaN,transformer,embedding,2,216.24202922731638
341,2052,NaN,NaN,NaN,NaN,2.938570499420166,27.224414825439453,18.888826370239258,transformer,embedding,2,215.22990687936544
342,2058,0.00650704326108098,100.0,1.0065282583236694,0.001,NaN,NaN,NaN,transformer,embedding,2,214.7451538592577
345,2076,0.0062181283719837666,100.0,1.006237506866455,0.001,NaN,NaN,NaN,transformer,embedding,2,213.36666799336672
347,2088,NaN,NaN,NaN,NaN,2.904118537902832,27.345884323120117,18.2491512298584,transformer,embedding,2,212.51409830152988
348,2094,0.0059315976686775684,100.0,1.0059492588043213,0.001,NaN,NaN,NaN,transformer,embedding,2,212.11359536647797
351,2112,0.0056288111954927444,100.0,1.005644679069519,0.001,NaN,NaN,NaN,transformer,embedding,2,210.99919839948416
353,2124,NaN,NaN,NaN,NaN,2.8821237087249756,27.558456420898438,17.85214614868164,transformer,embedding,2,210.34835720062256
354,2130,0.0053363158367574215,100.0,1.0053505897521973,0.001,NaN,NaN,NaN,transformer,embedding,2,210.0530681014061
357,2148,0.004793944768607616,100.0,1.0048054456710815,0.001,NaN,NaN,NaN,transformer,embedding,2,209.2213345170021
360,2166,0.004269431810826063,100.0,1.004278540611267,0.001,2.8681180477142334,27.831764221191406,17.603857040405273,transformer,embedding,2,208.5310935601592
363,2184,0.0038642743602395058,100.0,1.0038717985153198,0.001,NaN,NaN,NaN,transformer,embedding,2,207.92621602118015
366,2202,0.8918700814247131,65.3205795288086,2.439687728881836,0.001,NaN,NaN,NaN,transformer,embedding,2,215.37005122750998
367,2208,NaN,NaN,NaN,NaN,2.986647844314575,17.87124252319336,19.819133758544922,transformer,embedding,2,217.70170449465513
369,2220,0.08436758816242218,99.32695770263672,1.0880287885665894,0.001,NaN,NaN,NaN,transformer,embedding,2,219.65781361609697
372,2238,0.0209797453135252,100.0,1.0212013721466064,0.001,NaN,NaN,NaN,transformer,embedding,2,219.44994701445103
374,2250,NaN,NaN,NaN,NaN,2.9864048957824707,26.389310836791992,19.814319610595703,transformer,embedding,2,218.5364785194397
375,2256,0.010221761651337147,100.0,1.0102741718292236,0.001,NaN,NaN,NaN,transformer,embedding,2,218.0027434155345
378,2274,0.00767824612557888,100.0,1.0077078342437744,0.001,NaN,NaN,NaN,transformer,embedding,2,216.31998232752085
381,2292,0.006949115544557571,100.0,1.0069732666015625,0.001,2.944023370742798,27.07257843017578,18.99210548400879,transformer,embedding,2,214.64868514984846
384,2310,0.006665978580713272,100.0,1.0066882371902466,0.001,NaN,NaN,NaN,transformer,embedding,2,213.0540779158473
387,2328,0.006453741807490587,100.0,1.0064746141433716,0.001,NaN,NaN,NaN,transformer,embedding,2,211.56575798988342
388,2334,NaN,NaN,NaN,NaN,2.8863720893859863,27.345884323120117,17.928150177001953,transformer,embedding,2,211.09519604593515
390,2346,0.006254393607378006,100.0,1.0062739849090576,0.001,NaN,NaN,NaN,transformer,embedding,2,210.202986381948
393,2364,0.00589021248742938,100.0,1.0059075355529785,0.001,NaN,NaN,NaN,transformer,embedding,2,208.9733543097973
395,2376,NaN,NaN,NaN,NaN,2.8482558727264404,27.406620025634766,17.25765609741211,transformer,embedding,2,208.23648142814636
396,2382,0.005642781965434551,100.0,1.005658745765686,0.001,NaN,NaN,NaN,transformer,embedding,2,207.8919948041439
399,2400,0.005291366018354893,100.0,1.0053054094314575,0.001,NaN,NaN,NaN,transformer,embedding,2,206.9691784903407
402,2418,0.005054614041000605,100.0,1.0050674676895142,0.001,2.839946746826172,27.634376525878906,17.11485481262207,transformer,embedding,2,206.2409319728613
406,2442,0.004641950596123934,100.0,1.004652738571167,0.001,NaN,NaN,NaN,transformer,embedding,2,205.53734873235226
410,2466,1.1527928113937378,49.9822883605957,3.167025566101074,0.001,2.7152934074401855,3.7351958751678467,15.109042167663574,transformer,embedding,2,207.14314104616642
414,2490,0.13510747253894806,98.12256622314453,1.1446597576141357,0.001,NaN,NaN,NaN,transformer,embedding,2,218.11725242435932
418,2514,0.018778212368488312,100.0,1.0189555883407593,0.001,2.9758050441741943,25.660491943359375,19.60540008544922,transformer,embedding,2,218.45602194964886
422,2538,0.008373681455850601,100.0,1.008408784866333,0.001,NaN,NaN,NaN,transformer,embedding,2,216.4146540313959
426,2562,0.006879269611090422,100.0,1.0069029331207275,0.001,2.9253008365631104,26.86000633239746,18.639833450317383,transformer,embedding,2,214.150409206748
430,2586,0.006506064441055059,100.0,1.006527304649353,0.001,NaN,NaN,NaN,transformer,embedding,2,212.00067934393883
434,2610,0.0061799390241503716,100.0,1.0061991214752197,0.001,2.8643102645874023,27.2851505279541,17.53695297241211,transformer,embedding,2,210.05175114423037
438,2634,0.00584358861669898,100.0,1.005860686302185,0.001,NaN,NaN,NaN,transformer,embedding,2,208.33378566801548
442,2658,0.005375453270971775,100.0,1.005389928817749,0.001,2.818798303604126,27.497722625732422,16.756702423095703,transformer,embedding,2,206.89511344581842
446,2682,0.005034045781940222,100.0,1.0050467252731323,0.001,NaN,NaN,NaN,transformer,embedding,2,205.73267152160406
450,2706,0.004599922336637974,100.0,1.004610538482666,0.001,2.804421901702881,27.72547721862793,16.51752471923828,transformer,embedding,2,204.9366526156664
454,2730,0.004127868916839361,100.0,1.0041364431381226,0.001,NaN,NaN,NaN,transformer,embedding,2,204.45718298107386
458,2754,1.5278431177139282,37.90293884277344,4.608226776123047,0.001,2.674208879470825,6.483449935913086,14.500873565673828,transformer,embedding,2,210.95290622860193
462,2778,0.09269483387470245,99.29153442382812,1.097126841545105,0.001,NaN,NaN,NaN,transformer,embedding,2,218.71350684762
466,2802,0.017037153244018555,100.0,1.0171830654144287,0.001,NaN,NaN,NaN,transformer,embedding,2,218.16830766946077
467,2808,NaN,NaN,NaN,NaN,2.953338384628296,25.79714584350586,19.169843673706055,transformer,embedding,2,217.69868138432503
470,2826,0.008738008327782154,100.0,1.008776307106018,0.001,NaN,NaN,NaN,transformer,embedding,2,216.07565036416054
474,2850,0.007517656777054071,100.0,1.0075459480285645,0.001,NaN,NaN,NaN,transformer,embedding,2,213.8343187496066
476,2862,NaN,NaN,NaN,NaN,2.8886170387268066,26.84482192993164,17.968442916870117,transformer,embedding,2,212.75302837044
478,2874,0.0070428731851279736,100.0,1.0070676803588867,0.001,NaN,NaN,NaN,transformer,embedding,2,211.7266899868846
482,2898,0.006659867241978645,100.0,1.00668203830719,0.001,NaN,NaN,NaN,transformer,embedding,2,209.84711357951164
485,2916,NaN,NaN,NaN,NaN,2.826630115509033,27.178863525390625,16.888452529907227,transformer,embedding,2,208.60712476074696
486,2922,0.006266942713409662,100.0,1.00628662109375,0.001,NaN,NaN,NaN,transformer,embedding,2,208.23180405050516
490,2946,0.005672899074852467,100.0,1.005689024925232,0.001,NaN,NaN,NaN,transformer,embedding,2,206.9012390524149
494,2970,0.0051575107499957085,100.0,1.0051708221435547,0.001,2.7999444007873535,27.54327392578125,16.44373321533203,transformer,embedding,2,205.88973569124937
498,2994,0.004603151232004166,100.0,1.0046137571334839,0.001,NaN,NaN,NaN,transformer,embedding,2,205.18138640373945
502,3018,0.0038831247948110104,100.0,1.0038906335830688,0.001,NaN,NaN,NaN,transformer,embedding,2,204.75623018294573
503,3024,NaN,NaN,NaN,NaN,2.805828094482422,27.042211532592773,16.540767669677734,transformer,embedding,2,204.7209946885705
507,3048,0.4634968042373657,82.74884796142578,1.5896228551864624,0.001,NaN,NaN,NaN,transformer,embedding,2,218.1225094422698
512,3078,0.025983314961194992,100.0,1.0263237953186035,0.001,NaN,NaN,NaN,transformer,embedding,2,221.61544580757618
513,3084,NaN,NaN,NaN,NaN,2.9290037155151367,25.32645034790039,18.708982467651367,transformer,embedding,2,221.20205898582935
517,3108,0.008505399338901043,100.0,1.0085417032241821,0.001,NaN,NaN,NaN,transformer,embedding,2,218.98063545674086
522,3138,0.006847121752798557,100.0,1.0068706274032593,0.001,NaN,NaN,NaN,transformer,embedding,2,216.01580253243446
523,3144,NaN,NaN,NaN,NaN,2.8483312129974365,26.90555763244629,17.258956909179688,transformer,embedding,2,215.44256533682346
527,3168,0.006426143925637007,100.0,1.0064468383789062,0.001,NaN,NaN,NaN,transformer,embedding,2,213.27140188217163
532,3198,0.00603279285132885,100.0,1.0060510635375977,0.001,NaN,NaN,NaN,transformer,embedding,2,210.88716731220484
533,3204,NaN,NaN,NaN,NaN,2.7807443141937256,27.376253128051758,16.131023406982422,transformer,embedding,2,210.46544228494167
537,3228,0.005560714285820723,100.0,1.005576252937317,0.001,NaN,NaN,NaN,transformer,embedding,2,208.9895193427801
542,3258,0.0048201740719377995,100.0,1.0048317909240723,0.001,NaN,NaN,NaN,transformer,embedding,2,207.5976673811674
543,3264,NaN,NaN,NaN,NaN,2.75632381439209,27.619192123413086,15.741866111755371,transformer,embedding,2,207.37047351896763
547,3288,0.00468134880065918,100.0,1.0046923160552979,0.001,NaN,NaN,NaN,transformer,embedding,2,206.69152480363846
552,3318,0.4406522214412689,85.5118637084961,1.553720235824585,0.001,NaN,NaN,NaN,transformer,embedding,2,216.86661054193974
553,3324,NaN,NaN,NaN,NaN,2.8513314723968506,19.60218620300293,17.310815811157227,transformer,embedding,2,219.19743189960718
557,3348,0.023227935656905174,100.0,1.023499846458435,0.001,NaN,NaN,NaN,transformer,embedding,2,221.51248245686293
562,3378,0.0075806365348398685,100.0,1.007609486579895,0.001,NaN,NaN,NaN,transformer,embedding,2,219.14408817142248
564,3390,NaN,NaN,NaN,NaN,2.8663992881774902,26.86000633239746,17.573627471923828,transformer,embedding,2,217.97441562265158
567,3408,0.0061809164471924305,100.0,1.0062000751495361,0.001,NaN,NaN,NaN,transformer,embedding,2,216.25128491967916
572,3438,0.00580177828669548,100.0,1.0058186054229736,0.001,NaN,NaN,NaN,transformer,embedding,2,213.57500334829092
575,3456,NaN,NaN,NaN,NaN,2.7914693355560303,27.34588623046875,16.304960250854492,transformer,embedding,2,212.13112746179104
577,3468,0.005422831047326326,100.0,1.0054376125335693,0.001,NaN,NaN,NaN,transformer,embedding,2,211.2573540881276
582,3498,0.004999849945306778,100.0,1.0050123929977417,0.001,NaN,NaN,NaN,transformer,embedding,2,209.3861424177885
586,3522,NaN,NaN,NaN,NaN,2.756025791168213,27.4825382232666,15.737175941467285,transformer,embedding,2,208.25211188942194
587,3528,0.0043626027181744576,100.0,1.0043721199035645,0.001,NaN,NaN,NaN,transformer,embedding,2,208.009745888412
592,3558,0.003822426311671734,100.0,1.0038297176361084,0.001,NaN,NaN,NaN,transformer,embedding,2,207.17409051209688
597,3588,0.0037360601127147675,100.0,1.003743052482605,0.001,2.7860615253448486,27.51290512084961,16.217023849487305,transformer,embedding,2,206.988095164299
602,3618,0.4226682186126709,85.05136108398438,1.5260279178619385,0.001,NaN,NaN,NaN,transformer,embedding,2,222.03181318193674
608,3654,0.01846012845635414,100.0,1.0186315774917603,0.001,2.907926559448242,25.478286743164062,18.318777084350586,transformer,embedding,2,224.21884983032942
614,3690,0.007897194474935532,100.0,1.007928490638733,0.001,NaN,NaN,NaN,transformer,embedding,2,220.74784561246634
620,3726,0.006966185290366411,100.0,1.0069905519485474,0.001,2.832486391067505,26.617067337036133,16.987646102905273,transformer,embedding,2,217.33158014714718
626,3762,0.006396455690264702,100.0,1.006416916847229,0.001,NaN,NaN,NaN,transformer,embedding,2,214.38704881072044
632,3798,0.005532459355890751,100.0,1.0055477619171143,0.001,2.7659993171691895,27.163681030273438,15.894916534423828,transformer,embedding,2,212.04952742159367
638,3834,0.00496717682108283,100.0,1.0049794912338257,0.001,NaN,NaN,NaN,transformer,embedding,2,210.4898001179099
644,3870,1.9391446113586426,19.624513626098633,6.95280122756958,0.001,2.4964377880096436,3.5226237773895264,12.139174461364746,transformer,embedding,2,215.24818452447653
650,3906,0.07255102694034576,99.89373016357422,1.0752476453781128,0.001,NaN,NaN,NaN,transformer,embedding,2,229.6178267300129
656,3942,0.010360697284340858,100.0,1.0104146003723145,0.001,2.878213882446289,25.56938934326172,17.78248405456543,transformer,embedding,2,227.2979234084487
662,3978,0.007401558104902506,100.0,1.0074290037155151,0.001,NaN,NaN,NaN,transformer,embedding,2,223.6117982044816
668,4014,0.006774323992431164,100.0,1.0067973136901855,0.001,NaN,NaN,NaN,transformer,embedding,2,220.24054248631
669,4020,NaN,NaN,NaN,NaN,2.7854807376861572,26.814455032348633,16.20760726928711,transformer,embedding,2,219.74007143080235
674,4050,0.006162246689200401,100.0,1.006181240081787,0.001,NaN,NaN,NaN,transformer,embedding,2,217.49771075695753
680,4086,0.00520678237080574,100.0,1.0052204132080078,0.001,NaN,NaN,NaN,transformer,embedding,2,215.42002819478512
682,4098,NaN,NaN,NaN,NaN,2.745913028717041,27.391435623168945,15.578831672668457,transformer,embedding,2,214.87236808985472
686,4122,0.004837187938392162,100.0,1.0048489570617676,0.001,NaN,NaN,NaN,transformer,embedding,2,214.19514906406403
692,4158,1.5778241157531738,37.407012939453125,4.844403266906738,0.001,NaN,NaN,NaN,transformer,embedding,2,221.7517759874463
695,4176,NaN,NaN,NaN,NaN,2.894606590270996,19.19222640991211,18.07638931274414,transformer,embedding,2,231.09569387882948
698,4194,0.027851527556777,100.0,1.028243064880371,0.001,NaN,NaN,NaN,transformer,embedding,2,232.53218990564346
704,4230,0.007639800198376179,100.0,1.0076690912246704,0.001,NaN,NaN,NaN,transformer,embedding,2,229.57894309610128
708,4254,NaN,NaN,NaN,NaN,2.8295907974243164,26.43486213684082,16.938528060913086,transformer,embedding,2,227.15615091472864
711,4272,0.0063813976012170315,100.0,1.006401777267456,0.001,NaN,NaN,NaN,transformer,embedding,2,225.43774779886007
718,4314,0.005845909006893635,100.0,1.005863070487976,0.001,NaN,NaN,NaN,transformer,embedding,2,221.91823040693998
722,4338,NaN,NaN,NaN,NaN,2.7433648109436035,27.33070182800293,15.539183616638184,transformer,embedding,2,220.3240714892745
725,4356,0.00504695251584053,100.0,1.0050597190856934,0.001,NaN,NaN,NaN,transformer,embedding,2,219.33279825001955
732,4398,0.004229060839861631,100.0,1.0042380094528198,0.001,NaN,NaN,NaN,transformer,embedding,2,217.8933838456869
736,4422,NaN,NaN,NaN,NaN,2.583866834640503,6.453082084655762,13.248268127441406,transformer,embedding,2,221.5858352035284
739,4440,0.174948051571846,97.2015609741211,1.1911842823028564,0.001,NaN,NaN,NaN,transformer,embedding,2,232.18972347676754
746,4482,0.009733889251947403,100.0,1.0097813606262207,0.001,NaN,NaN,NaN,transformer,embedding,2,232.68486459553242
750,4506,NaN,NaN,NaN,NaN,2.797353506088257,26.601882934570312,16.40118408203125,transformer,embedding,2,230.28238512575626
753,4524,0.00660756416618824,100.0,1.006629467010498,0.001,NaN,NaN,NaN,transformer,embedding,2,228.48271694779396
760,4566,0.0060807173140347,100.0,1.0060992240905762,0.001,NaN,NaN,NaN,transformer,embedding,2,224.71742942929268
764,4590,NaN,NaN,NaN,NaN,2.707266330718994,27.224414825439453,14.98824691772461,transformer,embedding,2,222.9438604414463
767,4608,0.005428910721093416,100.0,1.0054436922073364,0.001,NaN,NaN,NaN,transformer,embedding,2,221.83085191994905
774,4650,0.004702296108007431,100.0,1.0047134160995483,0.001,NaN,NaN,NaN,transformer,embedding,2,220.03793423622847
779,4680,NaN,NaN,NaN,NaN,2.8063735961914062,9.793500900268555,16.549793243408203,transformer,embedding,2,227.10125881433487
781,4692,0.23026801645755768,96.13886260986328,1.2589373588562012,0.001,NaN,NaN,NaN,transformer,embedding,2,234.16138690710068
788,4734,0.011271011084318161,100.0,1.011334776878357,0.001,NaN,NaN,NaN,transformer,embedding,2,236.0853080973029
794,4770,NaN,NaN,NaN,NaN,2.762157678604126,26.43486213684082,15.83397102355957,transformer,embedding,2,232.50836223363876
795,4776,0.006908372510224581,100.0,1.006932258605957,0.001,NaN,NaN,NaN,transformer,embedding,2,231.91724702715874
802,4818,0.006310048047453165,100.0,1.0063300132751465,0.001,NaN,NaN,NaN,transformer,embedding,2,228.1286318153143
809,4860,NaN,NaN,NaN,NaN,2.682673931121826,27.33070182800293,14.6241455078125,transformer,embedding,2,225.21692765504122
810,4866,0.005457254592329264,100.0,1.005472183227539,0.001,NaN,NaN,NaN,transformer,embedding,2,224.8889448866248
818,4914,0.004841424059122801,100.0,1.0048531293869019,0.001,NaN,NaN,NaN,transformer,embedding,2,223.24649173766375
825,4956,NaN,NaN,NaN,NaN,2.8861613273620605,15.593683242797852,17.92437171936035,transformer,embedding,2,240.76488318294287
826,4962,0.19963830709457397,96.599365234375,1.220961093902588,0.001,NaN,NaN,NaN,transformer,embedding,2,242.41612350940704
834,5010,0.010782519355416298,100.0,1.010840892791748,0.001,NaN,NaN,NaN,transformer,embedding,2,240.8748812675476
841,5052,NaN,NaN,NaN,NaN,2.7364611625671387,26.298208236694336,15.432275772094727,transformer,embedding,2,236.53939601033926
842,5058,0.0076145268976688385,100.0,1.0076435804367065,0.001,NaN,NaN,NaN,transformer,embedding,2,235.94993121922016
850,5106,0.006667318753898144,100.0,1.0066895484924316,0.001,NaN,NaN,NaN,transformer,embedding,2,231.8837552666664
857,5148,NaN,NaN,NaN,NaN,2.675304651260376,27.042211532592773,14.51677131652832,transformer,embedding,2,229.40504686534405
858,5154,0.005567521788179874,100.0,1.0055830478668213,0.001,NaN,NaN,NaN,transformer,embedding,2,229.15409096330404
866,5202,0.7671492695808411,65.2497329711914,2.153618097305298,0.001,NaN,NaN,NaN,transformer,embedding,2,229.64468463510275
874,5250,0.02155475877225399,100.0,1.0217887163162231,0.001,2.7792694568634033,24.400243759155273,16.107250213623047,transformer,embedding,2,245.58108789473772
882,5298,0.0071645169518888,100.0,1.007190227508545,0.001,NaN,NaN,NaN,transformer,embedding,2,241.12653119117022
890,5346,0.0063436985947191715,100.0,1.006363868713379,0.001,NaN,NaN,NaN,transformer,embedding,2,236.62234773486853
891,5352,NaN,NaN,NaN,NaN,2.682053565979004,26.738536834716797,14.61507511138916,transformer,embedding,2,236.13163624703884
898,5394,0.00562888290733099,100.0,1.0056447982788086,0.001,NaN,NaN,NaN,transformer,embedding,2,233.2410194054246
906,5442,0.0046927290968596935,100.0,1.0047037601470947,0.001,NaN,NaN,NaN,transformer,embedding,2,231.3380587771535
908,5454,NaN,NaN,NaN,NaN,2.6555306911468506,27.2851505279541,14.232537269592285,transformer,embedding,2,231.15205073356628
915,5496,0.2516281008720398,94.29684448242188,1.286117672920227,0.001,NaN,NaN,NaN,transformer,embedding,2,246.63063687831163
924,5550,0.008868630044162273,100.0,1.0089080333709717,0.001,NaN,NaN,NaN,transformer,embedding,2,246.6332525908947
926,5562,NaN,NaN,NaN,NaN,2.7162907123565674,25.96416664123535,15.12411880493164,transformer,embedding,2,245.3437925130129
933,5604,0.006803734228014946,100.0,1.0068268775939941,0.001,NaN,NaN,NaN,transformer,embedding,2,241.01313542574644
942,5658,0.005909024737775326,100.0,1.005926489830017,0.001,NaN,NaN,NaN,transformer,embedding,2,236.53549128770828
944,5670,NaN,NaN,NaN,NaN,2.626131772994995,27.011842727661133,13.820206642150879,transformer,embedding,2,235.75881700962782
951,5712,0.005007394123822451,100.0,1.0050199031829834,0.001,NaN,NaN,NaN,transformer,embedding,2,233.83755787461996
960,5766,1.7538747787475586,23.16684341430664,5.776943683624268,0.001,NaN,NaN,NaN,transformer,embedding,2,238.89938773959875
962,5778,NaN,NaN,NaN,NaN,2.7557876110076904,16.231399536132812,15.733428001403809,transformer,embedding,2,247.80559466779232
969,5820,0.011783009395003319,100.0,1.011852741241455,0.001,NaN,NaN,NaN,transformer,embedding,2,251.61197371780872
978,5874,0.006104141008108854,100.0,1.0061228275299072,0.001,NaN,NaN,NaN,transformer,embedding,2,245.87699492275715
981,5892,NaN,NaN,NaN,NaN,2.6450111865997314,26.64743423461914,14.083602905273438,transformer,embedding,2,244.03818737715483
987,5928,0.005476943217217922,100.0,1.0054919719696045,0.001,NaN,NaN,NaN,transformer,embedding,2,240.7611026018858
996,5982,0.004670614376664162,100.0,1.0046815872192383,0.001,NaN,NaN,NaN,transformer,embedding,2,237.17234176397324
1000,6006,NaN,NaN,NaN,NaN,2.5891470909118652,27.224414825439453,13.31840705871582,transformer,embedding,2,236.3242491260171
1005,6036,0.32513734698295593,87.3184585571289,1.3842207193374634,0.001,NaN,NaN,NaN,transformer,embedding,2,237.34974738955498
1015,6096,0.04888603091239929,99.9645767211914,1.0501006841659546,0.001,NaN,NaN,NaN,transformer,embedding,2,258.4185688197613
1019,6120,NaN,NaN,NaN,NaN,2.6394591331481934,24.931673049926758,14.005626678466797,transformer,embedding,2,256.4473188742995
1025,6156,0.009793240576982498,100.0,1.0098413228988647,0.001,NaN,NaN,NaN,transformer,embedding,2,252.42576959729195
1035,6216,0.007945667020976543,100.0,1.0079773664474487,0.001,NaN,NaN,NaN,transformer,embedding,2,246.73612689226866
1039,6240,NaN,NaN,NaN,NaN,2.555337905883789,26.708168029785156,12.875649452209473,transformer,embedding,2,245.06123112887144
1045,6276,0.006319848354905844,100.0,1.0063399076461792,0.001,NaN,NaN,NaN,transformer,embedding,2,243.41093610972166
1055,6336,0.06697231531143188,99.89373016357422,1.0692658424377441,0.001,NaN,NaN,NaN,transformer,embedding,2,261.6413310393691
1059,6360,NaN,NaN,NaN,NaN,2.574836492538452,25.417552947998047,13.129170417785645,transformer,embedding,2,260.37301844358444
1065,6396,0.00965240877121687,100.0,1.0096991062164307,0.001,NaN,NaN,NaN,transformer,embedding,2,256.5153955295682
1075,6456,0.007748991716653109,100.0,1.0077791213989258,0.001,NaN,NaN,NaN,transformer,embedding,2,250.59000746905804
1080,6486,NaN,NaN,NaN,NaN,2.4985172748565674,27.05739402770996,12.164443969726562,transformer,embedding,2,248.32641823589802
1085,6516,0.005912404973059893,100.0,1.005929946899414,0.001,NaN,NaN,NaN,transformer,embedding,2,246.61708882451057
1095,6576,0.004979537799954414,100.0,1.0049920082092285,0.001,NaN,NaN,NaN,transformer,embedding,2,245.49088069424033
1101,6612,NaN,NaN,NaN,NaN,2.512856960296631,22.137868881225586,12.340134620666504,transformer,embedding,2,262.99904549121857
1105,6636,0.016315339133143425,100.0,1.016449213027954,0.001,NaN,NaN,NaN,transformer,embedding,2,262.5658146291971
1116,6702,0.007576710544526577,100.0,1.0076054334640503,0.001,NaN,NaN,NaN,transformer,embedding,2,255.37018251046538
1123,6744,NaN,NaN,NaN,NaN,2.4511008262634277,27.11812973022461,11.601110458374023,transformer,embedding,2,251.4473276808858
1127,6768,0.006239219103008509,100.0,1.0062587261199951,0.001,NaN,NaN,NaN,transformer,embedding,2,249.69048254564404
1138,6834,0.005601682234555483,100.0,1.005617380142212,0.001,NaN,NaN,NaN,transformer,embedding,2,247.63181037083268
1145,6876,NaN,NaN,NaN,NaN,2.4815027713775635,27.695110321044922,11.959222793579102,transformer,embedding,2,248.4024451263249
1149,6900,1.0095371007919312,59.7945442199707,2.744330406188965,0.001,NaN,NaN,NaN,transformer,embedding,2,250.36935935914516
1160,6966,0.009697779081761837,100.0,1.0097450017929077,0.001,NaN,NaN,NaN,transformer,embedding,2,267.39411137625575
1167,7008,NaN,NaN,NaN,NaN,2.459932804107666,26.89037322998047,11.704025268554688,transformer,embedding,2,262.43924356997013
1171,7032,0.005858673248440027,100.0,1.005875825881958,0.001,NaN,NaN,NaN,transformer,embedding,2,259.75031941384077
1182,7098,0.004961439874023199,100.0,1.0049737691879272,0.001,NaN,NaN,NaN,transformer,embedding,2,253.68548211455345
1190,7146,NaN,NaN,NaN,NaN,2.396266460418701,27.877315521240234,10.982097625732422,transformer,embedding,2,251.14509486407042
1193,7164,0.004297273233532906,100.0,1.0043065547943115,0.001,NaN,NaN,NaN,transformer,embedding,2,250.70920488238335
1204,7230,0.023754244670271873,100.0,1.0240386724472046,0.001,NaN,NaN,NaN,transformer,embedding,2,270.51903918012977
1213,7284,NaN,NaN,NaN,NaN,2.3807060718536377,27.08776092529297,10.81253433227539,transformer,embedding,2,264.6668926626444
1216,7302,0.006629614625126123,100.0,1.0066516399383545,0.001,NaN,NaN,NaN,transformer,embedding,2,262.66249001026154
1228,7374,0.005414614453911781,100.0,1.0054292678833008,0.001,NaN,NaN,NaN,transformer,embedding,2,256.148286562413
1237,7428,NaN,NaN,NaN,NaN,2.337010383605957,28.074703216552734,10.350247383117676,transformer,embedding,2,253.47973672300577
1240,7446,0.004196768160909414,100.0,1.004205584526062,0.001,NaN,NaN,NaN,transformer,embedding,2,253.05820647999644
1252,7518,0.01823989301919937,100.0,1.0184072256088257,0.001,NaN,NaN,NaN,transformer,embedding,2,272.5654243454337
1261,7572,NaN,NaN,NaN,NaN,2.3338241577148438,27.406620025634766,10.317320823669434,transformer,embedding,2,266.53283032774925
1264,7590,0.006239235866814852,100.0,1.0062587261199951,0.001,NaN,NaN,NaN,transformer,embedding,2,264.4789955765009
1276,7662,0.005167701281607151,100.0,1.005181074142456,0.001,NaN,NaN,NaN,transformer,embedding,2,257.96809289231896
1286,7722,NaN,NaN,NaN,NaN,2.305366039276123,28.16580581665039,10.027848243713379,transformer,embedding,2,255.25695888325572
1288,7734,0.0039420113898813725,100.0,1.003949761390686,0.001,NaN,NaN,NaN,transformer,embedding,2,255.15254865586758
1300,7806,0.23860038816928864,93.69464874267578,1.2694711685180664,0.001,NaN,NaN,NaN,transformer,embedding,2,276.92489110305905
1311,7872,NaN,NaN,NaN,NaN,2.275852680206299,27.163681030273438,9.736217498779297,transformer,embedding,2,273.6355593651533
1313,7884,0.008557386696338654,100.0,1.0085941553115845,0.001,NaN,NaN,NaN,transformer,embedding,2,272.1822194829583
1326,7962,0.006561805494129658,100.0,1.006583333015442,0.001,NaN,NaN,NaN,transformer,embedding,2,264.1805227920413
1337,8028,NaN,NaN,NaN,NaN,2.30188250541687,26.389310836791992,9.992976188659668,transformer,embedding,2,260.87563729286194
1339,8040,1.8008787631988525,25.433935165405273,6.054965972900391,0.001,NaN,NaN,NaN,transformer,embedding,2,268.80497696250677
1352,8118,0.010163270868360996,100.0,1.0102150440216064,0.001,NaN,NaN,NaN,transformer,embedding,2,276.96586883440614
1363,8184,NaN,NaN,NaN,NaN,2.194450855255127,27.710294723510742,8.97507095336914,transformer,embedding,2,269.122783832252
1365,8196,0.006892925128340721,100.0,1.0069167613983154,0.001,NaN,NaN,NaN,transformer,embedding,2,267.91267400607467
1378,8274,0.005002794787287712,100.0,1.0050153732299805,0.001,NaN,NaN,NaN,transformer,embedding,2,262.4263221696019
1390,8346,NaN,NaN,NaN,NaN,2.1427669525146484,25.189796447753906,8.522987365722656,transformer,embedding,2,284.71425633877516
1391,8352,0.035502396523952484,100.0,1.0361400842666626,0.001,NaN,NaN,NaN,transformer,embedding,2,284.7271372191608
1404,8430,0.0070983292534947395,100.0,1.007123589515686,0.001,NaN,NaN,NaN,transformer,embedding,2,276.21228731796145
1417,8508,NaN,NaN,NaN,NaN,2.1155271530151367,28.272092819213867,8.293956756591797,transformer,embedding,2,269.07670461013913
1418,8514,0.005355010740458965,100.0,1.0053694248199463,0.001,NaN,NaN,NaN,transformer,embedding,2,268.68948931246996
1432,8598,0.0033447302412241697,100.0,1.0033503770828247,0.001,NaN,NaN,NaN,transformer,embedding,2,266.63524470478296
1445,8676,NaN,NaN,NaN,NaN,2.07053804397583,26.389310836791992,7.929088115692139,transformer,embedding,2,286.8980148844421
1446,8682,0.022055838257074356,100.0,1.0223008394241333,0.001,NaN,NaN,NaN,transformer,embedding,2,286.3864444717765
1460,8766,0.006724197883158922,100.0,1.0067468881607056,0.001,NaN,NaN,NaN,transformer,embedding,2,276.17512567713857
1473,8844,NaN,NaN,NaN,NaN,2.069852828979492,28.833890914916992,7.923656940460205,transformer,embedding,2,269.1993735469878
1474,8850,0.005075295455753803,100.0,1.005088210105896,0.001,NaN,NaN,NaN,transformer,embedding,2,268.8588828109205
1488,8934,1.7668737173080444,27.34679412841797,5.852528095245361,0.001,NaN,NaN,NaN,transformer,embedding,2,277.3665987700224
1502,9018,0.008860164321959019,100.0,1.0088995695114136,0.001,1.9729565382003784,28.87944221496582,7.191908359527588,transformer,embedding,2,283.99225986376405
1517,9108,0.006142612546682358,100.0,1.0061615705490112,0.001,NaN,NaN,NaN,transformer,embedding,2,274.2805368565023
1532,9198,0.004444397520273924,100.0,1.004454255104065,0.001,1.9837316274642944,29.35013771057129,7.269820690155029,transformer,embedding,2,270.2936445996165
1547,9288,0.0125484773889184,100.0,1.0126274824142456,0.001,NaN,NaN,NaN,transformer,embedding,2,287.9648886322975
1562,9378,0.005941224284470081,100.0,1.005958914756775,0.001,1.8995534181594849,29.638628005981445,6.6829094886779785,transformer,embedding,2,277.4946471489966
1577,9468,0.004320864100009203,100.0,1.0043301582336426,0.001,NaN,NaN,NaN,transformer,embedding,2,270.9058807119727
1592,9558,0.21565181016921997,94.65107727050781,1.2406703233718872,0.001,NaN,NaN,NaN,transformer,embedding,2,288.7516208663583
1593,9564,NaN,NaN,NaN,NaN,1.809314489364624,26.085636138916016,6.106260299682617,transformer,embedding,2,290.1488385051489
1607,9648,0.006335259415209293,100.0,1.0063554048538208,0.001,NaN,NaN,NaN,transformer,embedding,2,282.64239705726504
1623,9744,0.004727545194327831,100.0,1.004738688468933,0.001,NaN,NaN,NaN,transformer,embedding,2,273.18182665109634
1624,9750,NaN,NaN,NaN,NaN,1.7965714931488037,30.68630599975586,6.028941631317139,transformer,embedding,2,272.797909129411
1639,9840,0.5014983415603638,78.35636138916016,1.6511934995651245,0.001,NaN,NaN,NaN,transformer,embedding,2,285.0152569934726
1655,9936,0.007830191403627396,100.0,1.0078608989715576,0.001,NaN,NaN,NaN,transformer,embedding,2,281.36850313842297
1656,9942,NaN,NaN,NaN,NaN,1.6621880531311035,31.339204788208008,5.270831108093262,transformer,embedding,2,280.66941760480404
1671,10032,0.005330890417098999,100.0,1.005345106124878,0.001,NaN,NaN,NaN,transformer,embedding,2,272.3764393478632
1687,10128,0.2110750824213028,95.96174621582031,1.2350051403045654,0.001,NaN,NaN,NaN,transformer,embedding,2,286.07648760825396
1689,10140,NaN,NaN,NaN,NaN,1.5373926162719727,30.428180694580078,4.652443885803223,transformer,embedding,2,288.2159085050225
1703,10224,0.007299779448658228,100.0,1.0073264837265015,0.001,NaN,NaN,NaN,transformer,embedding,2,279.7889155521989
1720,10326,0.005109955091029406,100.0,1.0051230192184448,0.001,NaN,NaN,NaN,transformer,embedding,2,270.91117748618126
1722,10338,NaN,NaN,NaN,NaN,1.5858218669891357,32.61463928222656,4.883303165435791,transformer,embedding,2,270.31915743649006
1737,10428,0.3406815528869629,88.5228500366211,1.4059054851531982,0.001,NaN,NaN,NaN,transformer,embedding,2,285.24961150437593
1754,10530,0.007503470405936241,100.0,1.0075316429138184,0.001,NaN,NaN,NaN,transformer,embedding,2,279.45461416244507
1756,10542,NaN,NaN,NaN,NaN,1.512424111366272,33.14606857299805,4.537717342376709,transformer,embedding,2,278.09792011603713
1771,10632,0.004955744370818138,100.0,1.0049680471420288,0.001,NaN,NaN,NaN,transformer,embedding,2,270.1949296705425
1788,10734,0.09606194496154785,99.32695770263672,1.1008272171020508,0.001,NaN,NaN,NaN,transformer,embedding,2,286.18284295499325
1791,10752,NaN,NaN,NaN,NaN,1.2725050449371338,36.01579284667969,3.569783926010132,transformer,embedding,2,284.9688554108143
1805,10836,0.008272958919405937,100.0,1.0083072185516357,0.001,NaN,NaN,NaN,transformer,embedding,2,275.4677969813347
1823,10944,0.005156015511602163,100.0,1.0051692724227905,0.001,NaN,NaN,NaN,transformer,embedding,2,267.98711981624365
1826,10962,NaN,NaN,NaN,NaN,1.354060411453247,36.0765266418457,3.873120069503784,transformer,embedding,2,267.72163539379835
1841,11052,0.05205952748656273,99.92915344238281,1.053438425064087,0.001,NaN,NaN,NaN,transformer,embedding,2,286.4212949872017
1859,11160,0.007700880989432335,100.0,1.0077306032180786,0.001,NaN,NaN,NaN,transformer,embedding,2,274.59451577812433
1862,11178,NaN,NaN,NaN,NaN,1.128902554512024,40.52535629272461,3.0922610759735107,transformer,embedding,2,272.9013749733567
1877,11268,0.0048356433399021626,100.0,1.0048474073410034,0.001,NaN,NaN,NaN,transformer,embedding,2,267.09789545089006
1895,11376,0.01373430248349905,100.0,1.013828992843628,0.001,NaN,NaN,NaN,transformer,embedding,2,281.54145320504904
1899,11400,NaN,NaN,NaN,NaN,0.9221171140670776,46.05223083496094,2.514608383178711,transformer,embedding,2,278.5981779843569
1913,11484,0.0067294929176568985,100.0,1.0067521333694458,0.001,NaN,NaN,NaN,transformer,embedding,2,270.36788968741894
1932,11598,0.003781124483793974,100.0,1.0037882328033447,0.001,NaN,NaN,NaN,transformer,embedding,2,265.93448177725077
1936,11622,NaN,NaN,NaN,NaN,1.0171535015106201,44.154266357421875,2.7653121948242188,transformer,embedding,2,266.3148507028818
1951,11712,0.009110834449529648,100.0,1.0091524124145508,0.001,NaN,NaN,NaN,transformer,embedding,2,278.51906829327345
1970,11826,0.005341826006770134,100.0,1.0053560733795166,0.001,NaN,NaN,NaN,transformer,embedding,2,266.7731583043933
1974,11850,NaN,NaN,NaN,NaN,0.7875818014144897,51.62466049194336,2.1980745792388916,transformer,embedding,2,264.993754401803
1989,11940,0.002932247007265687,100.0,1.002936601638794,0.001,NaN,NaN,NaN,transformer,embedding,2,261.673374556005
2008,12054,0.0077292341738939285,100.0,1.0077592134475708,0.001,NaN,NaN,NaN,transformer,embedding,2,274.49746116250753
2013,12084,NaN,NaN,NaN,NaN,0.5337755680084229,64.97115325927734,1.705358862876892,transformer,embedding,2,270.9909577295184
2028,12174,0.004415786825120449,100.0,1.0044255256652832,0.001,NaN,NaN,NaN,transformer,embedding,2,262.5770049765706
2048,12294,0.0026842716615647078,100.0,1.002687931060791,0.001,NaN,NaN,NaN,transformer,embedding,2,258.4875928610563
2053,12324,NaN,NaN,NaN,NaN,0.6455617547035217,59.71758270263672,1.9070580005645752,transformer,embedding,2,273.37307591736317
2068,12414,0.007988685742020607,100.0,1.0080206394195557,0.001,NaN,NaN,NaN,transformer,embedding,2,264.4796987697482
2088,12534,0.004644937813282013,100.0,1.0046557188034058,0.001,NaN,NaN,NaN,transformer,embedding,2,253.39055091142654
2094,12570,NaN,NaN,NaN,NaN,0.3749488592147827,76.75372314453125,1.4549169540405273,transformer,embedding,2,251.54702009260654
2108,12654,2.090010404586792,9.989373207092285,8.084999084472656,0.001,NaN,NaN,NaN,transformer,embedding,2,255.17615939676762
2129,12780,0.009140667505562305,100.0,1.0091825723648071,0.001,NaN,NaN,NaN,transformer,embedding,2,256.90009674429893
2135,12816,NaN,NaN,NaN,NaN,0.274055540561676,84.7707290649414,1.3152878284454346,transformer,embedding,2,253.50411999225616
2150,12906,0.0041540577076375484,100.0,1.0041626691818237,0.001,NaN,NaN,NaN,transformer,embedding,2,246.82018880546093
2171,13032,0.032110027968883514,100.0,1.0326311588287354,0.001,NaN,NaN,NaN,transformer,embedding,2,259.99583184719086
2177,13068,NaN,NaN,NaN,NaN,0.16272976994514465,93.45581817626953,1.1767187118530273,transformer,embedding,2,256.57574747502804
2192,13158,0.005781369283795357,100.0,1.005798101425171,0.001,NaN,NaN,NaN,transformer,embedding,2,246.65618177503347
2213,13284,0.003045599674805999,100.0,1.0030502080917358,0.001,NaN,NaN,NaN,transformer,embedding,2,236.47082721441984
2220,13326,NaN,NaN,NaN,NaN,0.22781045734882355,91.52748107910156,1.2558472156524658,transformer,embedding,2,248.44959530979395
2235,13416,0.005526389926671982,100.0,1.0055416822433472,0.001,NaN,NaN,NaN,transformer,embedding,2,243.34828505665064
2257,13548,0.0034833422396332026,100.0,1.003489375114441,0.001,NaN,NaN,NaN,transformer,embedding,2,230.7099784463644
2264,13590,NaN,NaN,NaN,NaN,0.025061683729290962,99.78742980957031,1.0253783464431763,transformer,embedding,2,227.63174679130316
2279,13680,1.8625730276107788,22.387531280517578,6.440286636352539,0.001,NaN,NaN,NaN,transformer,embedding,2,235.31593365222216
2301,13812,0.005466812290251255,100.0,1.0054818391799927,0.001,NaN,NaN,NaN,transformer,embedding,2,231.2061539143324
2309,13860,NaN,NaN,NaN,NaN,0.01891731098294258,99.96963500976562,1.0190973281860352,transformer,embedding,2,225.44683327525854
2324,13950,0.0028519558254629374,100.0,1.0028560161590576,0.001,NaN,NaN,NaN,transformer,embedding,2,215.22147439792752
2347,14088,0.0011844803811982274,100.0,1.0011851787567139,0.001,NaN,NaN,NaN,transformer,embedding,2,205.0087926723063
2355,14136,NaN,NaN,NaN,NaN,0.06974352896213531,98.89158630371094,1.0722332000732422,transformer,embedding,2,222.75386608392
2370,14226,0.006105564534664154,100.0,1.0061242580413818,0.001,NaN,NaN,NaN,transformer,embedding,2,214.02514538541436
2393,14364,0.0036702712532132864,100.0,1.0036770105361938,0.001,NaN,NaN,NaN,transformer,embedding,2,199.7555910795927
2402,14418,NaN,NaN,NaN,NaN,0.005808595567941666,100.0,1.0058255195617676,transformer,embedding,2,194.93816651403904
2416,14502,0.0013806981733068824,100.0,1.0013816356658936,0.001,NaN,NaN,NaN,transformer,embedding,2,190.06000033393502
2440,14646,1.285140872001648,35.10449981689453,3.6151771545410156,0.001,NaN,NaN,NaN,transformer,embedding,2,206.96516854315996
2450,14706,NaN,NaN,NaN,NaN,0.013485842384397984,100.0,1.0135772228240967,transformer,embedding,2,202.04841346293688
2464,14790,0.003749723779037595,100.0,1.0037567615509033,0.001,NaN,NaN,NaN,transformer,embedding,2,192.69582334905863
2488,14934,0.0021564261987805367,100.0,1.002158761024475,0.001,NaN,NaN,NaN,transformer,embedding,2,177.26561211049557
2498,14994,NaN,NaN,NaN,NaN,0.0024464293383061886,100.0,1.0024493932724,transformer,embedding,2,172.7794722765684
2512,15078,0.005023306701332331,100.0,1.0050359964370728,0.001,NaN,NaN,NaN,transformer,embedding,2,189.21354289352894
2537,15228,0.0030903485603630543,100.0,1.0030951499938965,0.001,NaN,NaN,NaN,transformer,embedding,2,177.1477480456233
2547,15288,NaN,NaN,NaN,NaN,0.003501126542687416,100.0,1.0035072565078735,transformer,embedding,2,173.2040160521865
2562,15378,0.0013349157525226474,100.0,1.001335859298706,0.001,NaN,NaN,NaN,transformer,embedding,2,168.75785144418478
2587,15528,0.0063268644735217094,100.0,1.0063469409942627,0.001,NaN,NaN,NaN,transformer,embedding,2,183.00919675827026
2597,15588,NaN,NaN,NaN,NaN,0.006886572577059269,100.0,1.0069103240966797,transformer,embedding,2,178.10519744083285
2612,15678,0.0026619918644428253,100.0,1.0026655197143555,0.001,NaN,NaN,NaN,transformer,embedding,2,171.38771810755134
2638,15834,0.019085593521595,100.0,1.0192688703536987,0.001,NaN,NaN,NaN,transformer,embedding,2,185.5362470522523
2648,15894,NaN,NaN,NaN,NaN,0.010536227375268936,99.96963500976562,1.010591983795166,transformer,embedding,2,181.2577871605754
2664,15990,0.004299751948565245,100.0,1.004309058189392,0.001,NaN,NaN,NaN,transformer,embedding,2,173.84853234887123
2690,16146,0.0020111319608986378,100.0,1.0020132064819336,0.001,NaN,NaN,NaN,transformer,embedding,2,164.24981501698494
2700,16206,NaN,NaN,NaN,NaN,0.5086146593093872,78.75797271728516,1.6629858016967773,transformer,embedding,2,185.3510396927595
2716,16302,0.006137502379715443,100.0,1.006156325340271,0.001,NaN,NaN,NaN,transformer,embedding,2,183.14850636571646
2743,16464,0.002853230806067586,100.0,1.0028573274612427,0.001,NaN,NaN,NaN,transformer,embedding,2,167.9969580285251
2753,16524,NaN,NaN,NaN,NaN,0.002522859023883939,100.0,1.002526044845581,transformer,embedding,2,164.38463300094008
2770,16626,0.005583474412560463,100.0,1.0055991411209106,0.001,NaN,NaN,NaN,transformer,embedding,2,181.6700055450201
2797,16788,0.003167311893776059,100.0,1.0031722784042358,0.001,NaN,NaN,NaN,transformer,embedding,2,169.72495294734836
2808,16854,NaN,NaN,NaN,NaN,0.002721969038248062,100.0,1.0027257204055786,transformer,embedding,2,165.9376755207777
2824,16950,0.0021018781699240208,100.0,1.0021040439605713,0.001,NaN,NaN,NaN,transformer,embedding,2,162.5628440156579
2852,17118,0.003844917519018054,100.0,1.003852367401123,0.001,NaN,NaN,NaN,transformer,embedding,2,173.54223499819636
2864,17190,NaN,NaN,NaN,NaN,0.0034913585986942053,100.0,1.0034974813461304,transformer,embedding,2,168.36479027569294
2880,17286,0.0017916075885295868,100.0,1.0017932653427124,0.001,NaN,NaN,NaN,transformer,embedding,2,162.48537190631032
2908,17454,0.004533421713858843,100.0,1.004543662071228,0.001,NaN,NaN,NaN,transformer,embedding,2,175.47255635261536
2921,17532,NaN,NaN,NaN,NaN,0.004357191268354654,100.0,1.0043667554855347,transformer,embedding,2,169.81823629885912
2937,17628,0.0022560437209904194,100.0,1.002258539199829,0.001,NaN,NaN,NaN,transformer,embedding,2,163.6262857504189
2966,17802,0.008484969846904278,100.0,1.0085210800170898,0.001,NaN,NaN,NaN,transformer,embedding,2,181.9957107938826
2979,17880,NaN,NaN,NaN,NaN,0.008328084833920002,100.0,1.008362889289856,transformer,embedding,2,175.63815313577652
2995,17976,0.0032054027542471886,100.0,1.0032105445861816,0.001,NaN,NaN,NaN,transformer,embedding,2,168.52008121460676
3024,18150,0.01160389743745327,100.0,1.011671543121338,0.001,NaN,NaN,NaN,transformer,embedding,2,183.6526598483324
3038,18234,NaN,NaN,NaN,NaN,0.007566927000880241,100.0,1.0075956583023071,transformer,embedding,2,176.8392136655748
3054,18330,0.004136293660849333,100.0,1.0041449069976807,0.001,NaN,NaN,NaN,transformer,embedding,2,169.38491043448448
3084,18510,0.7350588440895081,76.2663803100586,2.085604667663574,0.001,NaN,NaN,NaN,transformer,embedding,2,174.01687743887305
3098,18594,NaN,NaN,NaN,NaN,0.011115198954939842,100.0,1.0111771821975708,transformer,embedding,2,177.8102169111371
3114,18690,0.004094332456588745,100.0,1.0041027069091797,0.001,NaN,NaN,NaN,transformer,embedding,2,170.36047151312232
3145,18876,0.0013671526685357094,100.0,1.0013680458068848,0.001,NaN,NaN,NaN,transformer,embedding,2,158.7129729092121
3159,18960,NaN,NaN,NaN,NaN,0.013206398114562035,100.0,1.013293981552124,transformer,embedding,2,182.2834995985031
3176,19062,0.003609806764870882,100.0,1.0036163330078125,0.001,NaN,NaN,NaN,transformer,embedding,2,174.36578108370304
3207,19248,0.0015997964655980468,100.0,1.0016010999679565,0.001,NaN,NaN,NaN,transformer,embedding,2,161.28677985444665
3222,19338,NaN,NaN,NaN,NaN,0.010608331300318241,100.0,1.0106648206710815,transformer,embedding,2,183.17387202754617
3239,19440,0.0035833152942359447,100.0,1.0035897493362427,0.001,NaN,NaN,NaN,transformer,embedding,2,175.2516964264214
3271,19632,0.0016198784578591585,100.0,1.0016212463378906,0.001,NaN,NaN,NaN,transformer,embedding,2,162.18191747367382
3286,19722,NaN,NaN,NaN,NaN,1.138563632965088,57.364105224609375,3.1222803592681885,transformer,embedding,2,171.8314851038158
3303,19824,0.0076581211760640144,100.0,1.0076875686645508,0.001,NaN,NaN,NaN,transformer,embedding,2,179.67645701393485
3336,20022,0.0017847350100055337,100.0,1.0017863512039185,0.001,NaN,NaN,NaN,transformer,embedding,2,165.1905617453158
3351,20112,NaN,NaN,NaN,NaN,0.04027950018644333,99.51412200927734,1.0411016941070557,transformer,embedding,2,182.0193292722106
3369,20220,0.004832383710891008,100.0,1.004844069480896,0.001,NaN,NaN,NaN,transformer,embedding,2,175.34164210036397
3402,20418,0.0015347610460594296,100.0,1.0015358924865723,0.001,NaN,NaN,NaN,transformer,embedding,2,163.16570284590125
3418,20514,NaN,NaN,NaN,NaN,0.37587812542915344,82.58426666259766,1.45626962184906,transformer,embedding,2,173.13712045550346
3436,20622,0.00374877592548728,100.0,1.003755807876587,0.001,NaN,NaN,NaN,transformer,embedding,2,175.65320782363415
3470,20826,0.0015855354722589254,100.0,1.0015867948532104,0.001,NaN,NaN,NaN,transformer,embedding,2,161.91518657654524
3486,20922,NaN,NaN,NaN,NaN,0.24234329164028168,91.70968627929688,1.2742315530776978,transformer,embedding,2,174.79064813628793
3504,21030,0.005108358338475227,100.0,1.0051214694976807,0.001,NaN,NaN,NaN,transformer,embedding,2,176.64587764069438
3539,21240,0.0717058926820755,99.50407409667969,1.0743392705917358,0.001,NaN,NaN,NaN,transformer,embedding,2,181.2594917602837
3555,21336,NaN,NaN,NaN,NaN,0.009026354178786278,100.0,1.009067177772522,transformer,embedding,2,176.8089267127216
3574,21450,0.003517966950312257,100.0,1.0035241842269897,0.001,NaN,NaN,NaN,transformer,embedding,2,168.56657292693853
3609,21660,0.0046225679107010365,100.0,1.0046333074569702,0.001,NaN,NaN,NaN,transformer,embedding,2,171.69197349250317
3626,21762,NaN,NaN,NaN,NaN,0.0035571116022765636,100.0,1.003563404083252,transformer,embedding,2,164.1940870732069
3645,21876,0.00870181992650032,100.0,1.0087398290634155,0.001,NaN,NaN,NaN,transformer,embedding,2,177.96681929379702
3681,22092,0.0024511043448001146,100.0,1.002454161643982,0.001,NaN,NaN,NaN,transformer,embedding,2,162.0076072961092
3698,22194,NaN,NaN,NaN,NaN,0.01807834580540657,99.9696273803711,1.0182427167892456,transformer,embedding,2,178.19426823407412
3717,22308,0.004928292240947485,100.0,1.0049405097961426,0.001,NaN,NaN,NaN,transformer,embedding,2,169.7084126882255
3754,22530,0.005866211839020252,100.0,1.0058834552764893,0.001,NaN,NaN,NaN,transformer,embedding,2,174.14974230900407
3771,22632,NaN,NaN,NaN,NaN,0.004603673238307238,100.0,1.004614233970642,transformer,embedding,2,166.77285325154662
3791,22752,0.0019980594515800476,100.0,1.002000093460083,0.001,NaN,NaN,NaN,transformer,embedding,2,158.82145927846432
3828,22974,0.0030922540463507175,100.0,1.0030970573425293,0.001,NaN,NaN,NaN,transformer,embedding,2,162.85645164176822
3846,23082,NaN,NaN,NaN,NaN,1.329854965209961,41.542667388916016,3.7804951667785645,transformer,embedding,2,163.39228637889028
3866,23202,0.007227001246064901,100.0,1.0072531700134277,0.001,NaN,NaN,NaN,transformer,embedding,2,170.13325181230903
3904,23430,0.01435071974992752,100.0,1.0144542455673218,0.001,NaN,NaN,NaN,transformer,embedding,2,175.39302152395248
3922,23538,NaN,NaN,NaN,NaN,0.0069328295066952705,100.0,1.006956934928894,transformer,embedding,2,167.42654434219003
3943,23664,0.002843741560354829,100.0,1.0028477907180786,0.001,NaN,NaN,NaN,transformer,embedding,2,159.06605987995863
3982,23898,0.004523415584117174,100.0,1.0045336484909058,0.001,NaN,NaN,NaN,transformer,embedding,2,163.61375946179032
4000,24006,NaN,NaN,NaN,NaN,0.026586201041936874,99.93926239013672,1.0269427299499512,transformer,embedding,2,172.45962662994862
4021,24132,0.0055022286251187325,100.0,1.0055173635482788,0.001,NaN,NaN,NaN,transformer,embedding,2,163.63558350130916
4061,24372,0.007519676350057125,100.0,1.0075479745864868,0.001,NaN,NaN,NaN,transformer,embedding,2,170.96304803714156
4079,24480,NaN,NaN,NaN,NaN,0.0048624370247125626,100.0,1.0048742294311523,transformer,embedding,2,163.32344514131546
4101,24612,0.0020974797662347555,100.0,1.002099633216858,0.001,NaN,NaN,NaN,transformer,embedding,2,155.59291407838464
4142,24858,0.003140484681352973,100.0,1.003145456314087,0.001,NaN,NaN,NaN,transformer,embedding,2,162.29723178222775
4160,24966,NaN,NaN,NaN,NaN,0.013665549457073212,100.0,1.0137593746185303,transformer,embedding,2,173.3191356919706
4183,25104,0.0040556215681135654,100.0,1.0040638446807861,0.001,NaN,NaN,NaN,transformer,embedding,2,163.34307641535997
4224,25350,0.006971591152250767,100.0,1.0069959163665771,0.001,NaN,NaN,NaN,transformer,embedding,2,167.9554827362299
4243,25464,NaN,NaN,NaN,NaN,0.005196938756853342,100.0,1.005210518836975,transformer,embedding,2,160.07453568652272
4266,25602,0.13992424309253693,97.62664031982422,1.1501866579055786,0.001,NaN,NaN,NaN,transformer,embedding,2,168.36592573300004
4308,25854,0.002867649309337139,100.0,1.0028717517852783,0.001,NaN,NaN,NaN,transformer,embedding,2,157.50313714146614
4327,25968,NaN,NaN,NaN,NaN,0.01874925196170807,100.0,1.0189261436462402,transformer,embedding,2,172.43809765949845
4351,26112,0.0036532606463879347,100.0,1.003659963607788,0.001,NaN,NaN,NaN,transformer,embedding,2,162.04708475247025
4394,26370,0.0050556594505906105,100.0,1.0050684213638306,0.001,NaN,NaN,NaN,transformer,embedding,2,165.29887595027685
4413,26484,NaN,NaN,NaN,NaN,0.003513042349368334,100.0,1.0035191774368286,transformer,embedding,2,158.22103405371308
4437,26628,0.02183477208018303,100.0,1.0220749378204346,0.001,NaN,NaN,NaN,transformer,embedding,2,171.34066504985094
4481,26892,0.005873281043022871,100.0,1.0058906078338623,0.001,NaN,NaN,NaN,transformer,embedding,2,155.63103929162025
4501,27012,NaN,NaN,NaN,NaN,0.0058776927180588245,100.0,1.0058950185775757,transformer,embedding,2,163.84667219221592
4525,27156,0.002485991921275854,100.0,1.0024890899658203,0.001,NaN,NaN,NaN,transformer,embedding,2,155.067228179425
4570,27426,0.0038790497928857803,100.0,1.0038865804672241,0.001,NaN,NaN,NaN,transformer,embedding,2,159.11708764731884
4591,27552,NaN,NaN,NaN,NaN,2.2058005332946777,4.008502960205078,9.077515602111816,transformer,embedding,2,157.4420432113111
4615,27696,0.005509485956281424,100.0,1.0055246353149414,0.001,NaN,NaN,NaN,transformer,embedding,2,165.257219042629
4661,27972,0.005357711110264063,100.0,1.0053720474243164,0.001,NaN,NaN,NaN,transformer,embedding,2,169.54771050438285
4682,28098,NaN,NaN,NaN,NaN,0.0038535010535269976,100.0,1.0038609504699707,transformer,embedding,2,160.80244704708457
4707,28248,0.02329174429178238,100.0,1.0235651731491089,0.001,NaN,NaN,NaN,transformer,embedding,2,169.98968082293868
4754,28530,0.00192769686691463,100.0,1.001929521560669,0.001,NaN,NaN,NaN,transformer,embedding,2,154.66005274280906
4775,28656,NaN,NaN,NaN,NaN,0.007513347081840038,100.0,1.0075416564941406,transformer,embedding,2,165.94820238649845
4801,28812,0.0031070620752871037,100.0,1.0031118392944336,0.001,NaN,NaN,NaN,transformer,embedding,2,156.45838202908635
4849,29100,0.005444598849862814,100.0,1.0054594278335571,0.001,NaN,NaN,NaN,transformer,embedding,2,164.05013416334987
4870,29226,NaN,NaN,NaN,NaN,0.010273442603647709,100.0,1.0103263854980469,transformer,embedding,2,168.85762261599302
4897,29388,0.0028559856582432985,100.0,1.0028600692749023,0.001,NaN,NaN,NaN,transformer,embedding,2,159.2171468809247
4945,29676,0.004250241443514824,100.0,1.0042592287063599,0.001,NaN,NaN,NaN,transformer,embedding,2,163.95431418716908
4967,29808,NaN,NaN,NaN,NaN,0.002839035354554653,100.0,1.0028430223464966,transformer,embedding,2,155.95431724190712
4994,29970,0.010033247992396355,100.0,1.010083794593811,0.001,NaN,NaN,NaN,transformer,embedding,2,160.9221014417708
5043,30264,0.08443662524223328,99.25611114501953,1.0881038904190063,0.001,NaN,NaN,NaN,transformer,embedding,2,166.1059531122446
5066,30402,NaN,NaN,NaN,NaN,0.005553617142140865,100.0,1.0055691003799438,transformer,embedding,2,159.12664875388145
5093,30564,0.0599626787006855,99.78746032714844,1.0617969036102295,0.001,NaN,NaN,NaN,transformer,embedding,2,163.03235706686974
5143,30864,0.002379661425948143,100.0,1.002382516860962,0.001,NaN,NaN,NaN,transformer,embedding,2,148.71131544560194
5167,31008,NaN,NaN,NaN,NaN,0.00773747731000185,100.0,1.0077674388885498,transformer,embedding,2,159.13155863806605
5194,31170,0.0026270002126693726,100.0,1.0026304721832275,0.001,NaN,NaN,NaN,transformer,embedding,2,149.39506075903773
5245,31476,0.002480716211721301,100.0,1.00248384475708,0.001,NaN,NaN,NaN,transformer,embedding,2,149.04882897809148
5270,31626,NaN,NaN,NaN,NaN,0.008217936381697655,100.0,1.0082517862319946,transformer,embedding,2,157.8275495544076
5297,31788,0.002451339503750205,100.0,1.002454400062561,0.001,NaN,NaN,NaN,transformer,embedding,2,148.06475114822388
5349,32100,0.0029764454811811447,100.0,1.0029808282852173,0.001,NaN,NaN,NaN,transformer,embedding,2,152.01794269308448
5375,32256,NaN,NaN,NaN,NaN,0.23457249999046326,93.12177276611328,1.2643681764602661,transformer,embedding,2,160.32624606788158
5402,32418,0.002981708152219653,100.0,1.002986192703247,0.001,NaN,NaN,NaN,transformer,embedding,2,155.7287686727941
5456,32742,0.004609350580722094,100.0,1.0046199560165405,0.001,NaN,NaN,NaN,transformer,embedding,2,153.86475076898932
5482,32898,NaN,NaN,NaN,NaN,0.002064649248495698,100.0,1.002066731452942,transformer,embedding,2,146.36142513155937
5510,33066,0.0052643935196101665,100.0,1.00527822971344,0.001,NaN,NaN,NaN,transformer,embedding,2,157.3825690150261
5565,33396,0.006316796876490116,100.0,1.0063368082046509,0.001,NaN,NaN,NaN,transformer,embedding,2,159.6151016652584
5591,33552,NaN,NaN,NaN,NaN,0.0036760387010872364,100.0,1.0036828517913818,transformer,embedding,2,151.42204181849957
5620,33726,0.009715369902551174,100.0,1.0097627639770508,0.001,NaN,NaN,NaN,transformer,embedding,2,162.56528679281473
5676,34062,0.026126090437173843,100.0,1.026470422744751,0.001,NaN,NaN,NaN,transformer,embedding,2,165.73902628570795
5702,34218,NaN,NaN,NaN,NaN,0.0060711149126291275,100.0,1.0060895681381226,transformer,embedding,2,155.40063473582268
5732,34398,1.302319049835205,60.71554946899414,3.6778159141540527,0.001,NaN,NaN,NaN,transformer,embedding,2,159.65369555354118
5789,34740,0.3419991731643677,88.59368896484375,1.407759189605713,0.001,NaN,NaN,NaN,transformer,embedding,2,158.93420185148716
5816,34902,NaN,NaN,NaN,NaN,0.0064324322156608105,100.0,1.0064531564712524,transformer,embedding,2,152.62118125334382
5846,35082,0.001695603714324534,100.0,1.001697063446045,0.001,NaN,NaN,NaN,transformer,embedding,2,144.39929762855172
5904,35430,0.0027959360741078854,100.0,1.0027998685836792,0.001,NaN,NaN,NaN,transformer,embedding,2,149.66243908926845
5932,35598,NaN,NaN,NaN,NaN,0.011253930628299713,99.96963500976562,1.011317491531372,transformer,embedding,2,164.8054353557527
5963,35784,0.003103027818724513,100.0,1.0031079053878784,0.001,NaN,NaN,NaN,transformer,embedding,2,152.77798224240541
6022,36138,0.002741609700024128,100.0,1.0027453899383545,0.001,NaN,NaN,NaN,transformer,embedding,2,149.6424316763878
6050,36306,NaN,NaN,NaN,NaN,1.3307775259017944,45.71818923950195,3.783984422683716,transformer,embedding,2,152.83748438954353
6082,36498,0.0039245919324457645,100.0,1.0039323568344116,0.001,NaN,NaN,NaN,transformer,embedding,2,150.8372929431498
6142,36858,0.004180139862000942,100.0,1.004188895225525,0.001,NaN,NaN,NaN,transformer,embedding,2,152.9186966754496
6170,37026,NaN,NaN,NaN,NaN,0.0019515237072482705,100.0,1.0019534826278687,transformer,embedding,2,145.62829817831516
6203,37224,0.005414315965026617,100.0,1.0054290294647217,0.001,NaN,NaN,NaN,transformer,embedding,2,155.58508398383856
6265,37596,0.007130424026399851,100.0,1.0071558952331543,0.001,NaN,NaN,NaN,transformer,embedding,2,151.49690683186054
6293,37764,NaN,NaN,NaN,NaN,0.003733597230166197,100.0,1.0037405490875244,transformer,embedding,2,144.54350578039885
6327,37968,0.03222723677754402,99.9645767211914,1.0327521562576294,0.001,NaN,NaN,NaN,transformer,embedding,2,156.14904133975506
6390,38346,0.008851809427142143,100.0,1.0088911056518555,0.001,NaN,NaN,NaN,transformer,embedding,2,166.1740264594555
6418,38514,NaN,NaN,NaN,NaN,0.00435346644371748,100.0,1.004362940788269,transformer,embedding,2,156.83991402760148
6453,38724,1.3893373012542725,21.39567756652832,4.012190341949463,0.001,NaN,NaN,NaN,transformer,embedding,2,164.58623679727316
6517,39108,0.001355856074951589,100.0,1.0013567209243774,0.001,NaN,NaN,NaN,transformer,embedding,2,153.5881158746779
6546,39282,NaN,NaN,NaN,NaN,0.0070901596918702126,100.0,1.007115364074707,transformer,embedding,2,169.79535676911473
6582,39498,1.4973915815353394,38.6822509765625,4.4700140953063965,0.001,NaN,NaN,NaN,transformer,embedding,2,165.6063039302826
6647,39888,0.05059376358985901,99.71661376953125,1.0518954992294312,0.001,NaN,NaN,NaN,transformer,embedding,2,169.9337938092649
6676,40062,NaN,NaN,NaN,NaN,0.006100512109696865,100.0,1.0061191320419312,transformer,embedding,2,160.70996514335275
6713,40284,0.2501370310783386,91.42755889892578,1.2842013835906982,0.001,NaN,NaN,NaN,transformer,embedding,2,151.5822041630745
6780,40686,0.05244920775294304,99.85830688476562,1.0538489818572998,0.001,NaN,NaN,NaN,transformer,embedding,2,165.99941631406546
6809,40860,NaN,NaN,NaN,NaN,0.005538989789783955,100.0,1.0055543184280396,transformer,embedding,2,155.43269595876336
6847,41088,0.04411591961979866,99.61034393310547,1.0451035499572754,0.001,NaN,NaN,NaN,transformer,embedding,2,165.44198298081756
6915,41496,1.9811757802963257,3.3652143478393555,7.2512640953063965,0.001,NaN,NaN,NaN,transformer,embedding,2,158.68508691340685
6945,41676,NaN,NaN,NaN,NaN,0.007496717851608992,100.0,1.007524847984314,transformer,embedding,2,159.00810267031193
6984,41910,0.014413412660360336,100.0,1.0145177841186523,0.001,NaN,NaN,NaN,transformer,embedding,2,166.47544058039784
7053,42324,0.005186484660953283,100.0,1.005199909210205,0.001,NaN,NaN,NaN,transformer,embedding,2,159.03490081429482
7083,42504,NaN,NaN,NaN,NaN,0.0027148271910846233,100.0,1.0027185678482056,transformer,embedding,2,149.14883987605572
7123,42744,0.004378101788461208,100.0,1.0043877363204956,0.001,NaN,NaN,NaN,transformer,embedding,2,153.55707720294595
7194,43170,0.0028630956076085567,100.0,1.0028672218322754,0.001,NaN,NaN,NaN,transformer,embedding,2,149.40760126709938
7224,43350,NaN,NaN,NaN,NaN,0.008108335547149181,100.0,1.008141279220581,transformer,embedding,2,158.57156597450376
7265,43596,0.0019547203555703163,100.0,1.001956582069397,0.001,NaN,NaN,NaN,transformer,embedding,2,146.02533493936062
7337,44028,0.13589969277381897,97.66206359863281,1.1455669403076172,0.001,NaN,NaN,NaN,transformer,embedding,2,163.10756816342473
7368,44214,NaN,NaN,NaN,NaN,0.004747845698148012,100.0,1.0047591924667358,transformer,embedding,2,153.90487561002374
7410,44466,0.004253048915416002,100.0,1.004262089729309,0.001,NaN,NaN,NaN,transformer,embedding,2,156.57838689908385
7484,44910,0.0032036220654845238,100.0,1.0032087564468384,0.001,NaN,NaN,NaN,transformer,embedding,2,150.50373040512204
7515,45096,NaN,NaN,NaN,NaN,0.03028319962322712,99.89371490478516,1.0307464599609375,transformer,embedding,2,160.84029936417937
7558,45354,0.002415131311863661,100.0,1.002418041229248,0.001,NaN,NaN,NaN,transformer,embedding,2,147.60527167096734
7633,45804,0.004907634109258652,100.0,1.0049196481704712,0.001,NaN,NaN,NaN,transformer,embedding,2,157.12407025322318
7665,45996,NaN,NaN,NaN,NaN,0.0025271426420658827,100.0,1.0025303363800049,transformer,embedding,2,147.1162995249033
7709,46260,0.0024733555037528276,100.0,1.002476453781128,0.001,NaN,NaN,NaN,transformer,embedding,2,148.12223898619413
7786,46722,0.014008771628141403,100.0,1.014107346534729,0.001,NaN,NaN,NaN,transformer,embedding,2,156.7481515146792
7818,46914,NaN,NaN,NaN,NaN,0.003402549307793379,100.0,1.0034083127975464,transformer,embedding,2,147.41894866153598
7863,47184,0.004228314384818077,100.0,1.0042372941970825,0.001,NaN,NaN,NaN,transformer,embedding,2,153.77204939350486
7941,47652,0.0028304047882556915,100.0,1.002834439277649,0.001,NaN,NaN,NaN,transformer,embedding,2,149.90149420127273
7974,47850,NaN,NaN,NaN,NaN,0.12658697366714478,97.70726013183594,1.1349481344223022,transformer,embedding,2,166.99001130461693
8020,48126,0.1725534349679947,95.3241195678711,1.1883352994918823,0.001,NaN,NaN,NaN,transformer,embedding,2,161.66551152989268
8100,48606,0.003585175145417452,100.0,1.0035916566848755,0.001,NaN,NaN,NaN,transformer,embedding,2,153.0793842971325
8133,48804,NaN,NaN,NaN,NaN,0.06147412210702896,99.69632720947266,1.0634030103683472,transformer,embedding,2,163.24842296540737
8181,49092,0.0019542283844202757,100.0,1.0019561052322388,0.001,NaN,NaN,NaN,transformer,embedding,2,149.11264608427882
8262,49578,0.008549077436327934,100.0,1.0085856914520264,0.001,NaN,NaN,NaN,transformer,embedding,2,153.80138274654746
8295,49776,NaN,NaN,NaN,NaN,0.004065394401550293,100.0,1.0040736198425293,transformer,embedding,2,143.42676119878888
8344,50070,0.004166841506958008,100.0,1.0041755437850952,0.001,NaN,NaN,NaN,transformer,embedding,2,147.68768403679132
8427,50568,0.009141662158071995,100.0,1.0091835260391235,0.001,NaN,NaN,NaN,transformer,embedding,2,160.10043590143323
8460,50766,NaN,NaN,NaN,NaN,0.0030803950503468513,100.0,1.0030851364135742,transformer,embedding,2,151.84450287371874
8511,51072,0.0030575343407690525,100.0,1.0030622482299805,0.001,NaN,NaN,NaN,transformer,embedding,2,153.30123083665967
8596,51582,0.002008725656196475,100.0,1.002010703086853,0.001,NaN,NaN,NaN,transformer,embedding,2,142.07760189846158
8629,51780,NaN,NaN,NaN,NaN,0.006606835871934891,100.0,1.0066287517547607,transformer,embedding,2,149.7244737446308
8681,52092,0.0008294220315292478,100.0,1.000829815864563,0.001,NaN,NaN,NaN,transformer,embedding,2,137.7408088669181
8767,52608,0.001527128741145134,100.0,1.001528263092041,0.001,NaN,NaN,NaN,transformer,embedding,2,138.16868428513408
8801,52812,NaN,NaN,NaN,NaN,0.01109994389116764,99.9544448852539,1.0111618041992188,transformer,embedding,2,142.96837354451418
8854,53130,0.023057768121361732,100.0,1.0233256816864014,0.001,NaN,NaN,NaN,transformer,embedding,2,146.17695616930723
8942,53658,0.005013973452150822,100.0,1.0050265789031982,0.001,NaN,NaN,NaN,transformer,embedding,2,134.1111111752689
8977,53868,NaN,NaN,NaN,NaN,0.001827239291742444,100.0,1.001828908920288,transformer,embedding,2,128.44594736769795
9031,54192,0.0028889342211186886,100.0,1.002893090248108,0.001,NaN,NaN,NaN,transformer,embedding,2,131.8529546558857
9121,54732,0.001420782064087689,100.0,1.0014218091964722,0.001,NaN,NaN,NaN,transformer,embedding,2,127.52536419779062
9156,54942,NaN,NaN,NaN,NaN,2.2968344688415527,1.1995141506195068,9.942658424377441,transformer,embedding,2,126.90011364966631
9212,55278,0.0024852296337485313,100.0,1.002488374710083,0.001,NaN,NaN,NaN,transformer,embedding,2,126.34914471209049
9304,55830,0.308191180229187,86.64541625976562,1.3609611988067627,0.001,NaN,NaN,NaN,transformer,embedding,2,129.78237306699157
9339,56040,NaN,NaN,NaN,NaN,0.003347616409882903,100.0,1.003353238105774,transformer,embedding,2,123.44028079137206
9397,56388,0.004936038050800562,100.0,1.0049482583999634,0.001,NaN,NaN,NaN,transformer,embedding,2,129.5557724274695
9490,56946,0.004647167399525642,100.0,1.0046579837799072,0.001,NaN,NaN,NaN,transformer,embedding,2,131.35326698422432
9525,57156,NaN,NaN,NaN,NaN,0.0015321120154112577,100.0,1.0015332698822021,transformer,embedding,2,125.14788351207972
9584,57510,0.025442028418183327,100.0,1.0257683992385864,0.001,NaN,NaN,NaN,transformer,embedding,2,137.23922896385193
9679,58080,0.0037482958287000656,100.0,1.0037553310394287,0.001,NaN,NaN,NaN,transformer,embedding,2,134.84598095342517
9715,58296,NaN,NaN,NaN,NaN,2.298426628112793,1.1387792825698853,9.958501815795898,transformer,embedding,2,135.15306056290865
9775,58656,0.001925137941725552,100.0,1.0019270181655884,0.001,NaN,NaN,NaN,transformer,embedding,2,131.62283089011908
9872,59238,0.13585619628429413,97.83917999267578,1.145517110824585,0.001,NaN,NaN,NaN,transformer,embedding,2,146.74498090147972
9909,59460,NaN,NaN,NaN,NaN,0.00393355218693614,100.0,1.003941297531128,transformer,embedding,2,137.59116990491748
9970,59826,0.004013595171272755,100.0,1.0040216445922852,0.001,NaN,NaN,NaN,transformer,embedding,2,138.61641197279096
10069,60420,0.005964326206594706,100.0,1.0059821605682373,0.001,NaN,NaN,NaN,transformer,embedding,2,137.89916479587555
10107,60648,NaN,NaN,NaN,NaN,0.0018143958877772093,100.0,1.0018160343170166,transformer,embedding,2,131.48987789824605
10169,61020,0.0015710103325545788,100.0,1.0015722513198853,0.001,NaN,NaN,NaN,transformer,embedding,2,128.71816363558173
10270,61626,0.00412767706438899,100.0,1.0041362047195435,0.001,NaN,NaN,NaN,transformer,embedding,2,133.15145376324654
10309,61860,NaN,NaN,NaN,NaN,0.0009513217955827713,100.0,1.0009517669677734,transformer,embedding,2,128.22404639795423
10372,62238,2.2711989879608154,1.94828200340271,9.69101333618164,0.001,NaN,NaN,NaN,transformer,embedding,2,127.9440267086029
10475,62856,0.0039403364062309265,100.0,1.0039480924606323,0.001,NaN,NaN,NaN,transformer,embedding,2,140.86565785855055
10515,63096,NaN,NaN,NaN,NaN,0.15018010139465332,97.9805679321289,1.1620434522628784,transformer,embedding,2,145.17504546791315
10579,63480,2.2877650260925293,1.346085786819458,9.85289192199707,0.001,NaN,NaN,NaN,transformer,embedding,2,139.47682566195726
10684,64110,0.0008546820026822388,100.0,1.0008550882339478,0.001,NaN,NaN,NaN,transformer,embedding,2,134.3791885189712
10725,64356,NaN,NaN,NaN,NaN,0.010851016268134117,100.0,1.010910153388977,transformer,embedding,2,144.91803528741002
10790,64746,0.0006010621436871588,100.0,1.0006012916564941,0.001,NaN,NaN,NaN,transformer,embedding,2,129.53165277838707
10897,65388,2.285101890563965,1.3815090656280518,9.826687812805176,0.001,NaN,NaN,NaN,transformer,embedding,2,133.32423621416092
10939,65640,NaN,NaN,NaN,NaN,2.2980685234069824,0.9110233783721924,9.954936027526855,transformer,embedding,2,119.76617282629013
11005,66036,0.01173932384699583,100.0,1.0118085145950317,0.001,NaN,NaN,NaN,transformer,embedding,2,141.38365448266268
11115,66696,0.0009001737926155329,100.0,1.0009006261825562,0.001,NaN,NaN,NaN,transformer,embedding,2,134.178253185004
11157,66948,NaN,NaN,NaN,NaN,0.008186102844774723,100.0,1.0082197189331055,transformer,embedding,2,138.03875297307968
11226,67362,2.2887518405914307,1.062699317932129,9.86262035369873,0.001,NaN,NaN,NaN,transformer,embedding,2,134.95091823488474
11338,68034,0.0010944099631160498,100.0,1.0010950565338135,0.001,NaN,NaN,NaN,transformer,embedding,2,132.4242765083909
11380,68286,NaN,NaN,NaN,NaN,2.2982802391052246,0.8806559443473816,9.957043647766113,transformer,embedding,2,142.69892358779907
11451,68712,0.0013834040146321058,100.0,1.0013843774795532,0.001,NaN,NaN,NaN,transformer,embedding,2,134.07395307719707
11565,69396,0.003156187478452921,100.0,1.0031611919403076,0.001,NaN,NaN,NaN,transformer,embedding,2,141.2834235727787
11607,69648,NaN,NaN,NaN,NaN,0.000901617226190865,100.0,1.0009020566940308,transformer,embedding,2,132.89782971516252
11680,70086,0.0073400079272687435,100.0,1.0073670148849487,0.001,NaN,NaN,NaN,transformer,embedding,2,149.33901277929544
11796,70782,0.001627329969778657,100.0,1.0016286373138428,0.001,NaN,NaN,NaN,transformer,embedding,2,138.6197782345116
11839,71040,NaN,NaN,NaN,NaN,1.9511165618896484,10.203461647033691,7.0365400314331055,transformer,embedding,2,142.7315312474966
11913,71484,0.9793126583099365,60.89266586303711,2.662625551223755,0.001,NaN,NaN,NaN,transformer,embedding,2,147.19234166294336
12032,72198,0.008948647417128086,100.0,1.008988857269287,0.001,NaN,NaN,NaN,transformer,embedding,2,139.28546673059464
12075,72456,NaN,NaN,NaN,NaN,0.0014946911251172423,100.0,1.0014958381652832,transformer,embedding,2,131.74595588818192
12152,72918,0.002859622472897172,100.0,1.0028637647628784,0.001,NaN,NaN,NaN,transformer,embedding,2,140.65581031888723
12273,73644,0.0018974634585902095,100.0,1.001899242401123,0.001,NaN,NaN,NaN,transformer,embedding,2,136.67801094427705
12316,73902,NaN,NaN,NaN,NaN,0.019045615568757057,99.93926239013672,1.0192281007766724,transformer,embedding,2,146.37918964028358
12395,74376,0.00927521288394928,100.0,1.0093183517456055,0.001,NaN,NaN,NaN,transformer,embedding,2,148.764007486403
12518,75114,0.009321402758359909,100.0,1.0093649625778198,0.001,NaN,NaN,NaN,transformer,embedding,2,143.80551758036017
12562,75378,NaN,NaN,NaN,NaN,0.1415221095085144,97.87427520751953,1.1520259380340576,transformer,embedding,2,141.23296167328954
12643,75864,0.010246802121400833,100.0,1.0102994441986084,0.001,NaN,NaN,NaN,transformer,embedding,2,142.66086005419493
12769,76620,0.0024890396744012833,100.0,1.0024921894073486,0.001,NaN,NaN,NaN,transformer,embedding,2,132.11821091547608
12813,76884,NaN,NaN,NaN,NaN,0.005329134874045849,100.0,1.0053433179855347,transformer,embedding,2,134.55811998993158
12896,77382,0.002373878378421068,100.0,1.002376675605774,0.001,NaN,NaN,NaN,transformer,embedding,2,130.89244870096445
13024,78150,2.4986250400543213,0.3896563947200775,12.165755271911621,0.001,NaN,NaN,NaN,transformer,embedding,2,129.84905637428164
13069,78420,NaN,NaN,NaN,NaN,2.299136161804199,0.8047373294830322,9.965570449829102,transformer,embedding,2,118.65798888728023
13154,78930,0.004331533797085285,100.0,1.0043408870697021,0.001,NaN,NaN,NaN,transformer,embedding,2,130.53981152921915
13285,79716,0.003909960854798555,100.0,1.0039175748825073,0.001,NaN,NaN,NaN,transformer,embedding,2,141.43428853154182
13330,79986,NaN,NaN,NaN,NaN,1.7357993125915527,16.94503402709961,5.673460960388184,transformer,embedding,2,140.95149026438594
13417,80508,0.005107618402689695,100.0,1.0051206350326538,0.001,NaN,NaN,NaN,transformer,embedding,2,141.02225073426962
13551,81312,0.003712012665346265,100.0,1.0037188529968262,0.001,NaN,NaN,NaN,transformer,embedding,2,137.8832806572318
13596,81582,NaN,NaN,NaN,NaN,0.012713813222944736,100.0,1.0127949714660645,transformer,embedding,2,139.78171573206782
13686,82122,0.009273364208638668,100.0,1.0093164443969727,0.001,NaN,NaN,NaN,transformer,embedding,2,139.3147851973772
13822,82938,0.003571941517293453,100.0,1.0035783052444458,0.001,NaN,NaN,NaN,transformer,embedding,2,136.3068590722978
13867,83208,NaN,NaN,NaN,NaN,0.010124091990292072,100.0,1.0101754665374756,transformer,embedding,2,143.21061253547668
13960,83766,0.0022218383383005857,100.0,1.002224326133728,0.001,NaN,NaN,NaN,transformer,embedding,2,130.43779926374555
14099,84600,0.0039518182165920734,100.0,1.0039596557617188,0.001,NaN,NaN,NaN,transformer,embedding,2,134.64429238438606
14144,84870,NaN,NaN,NaN,NaN,0.012078845873475075,100.0,1.012152075767517,transformer,embedding,2,141.96558271348476
14239,85440,0.0018519831355661154,100.0,1.0018537044525146,0.001,NaN,NaN,NaN,transformer,embedding,2,133.38123277574778
14381,86292,2.2793660163879395,1.5940488576889038,9.77048397064209,0.001,NaN,NaN,NaN,transformer,embedding,2,119.89951911568642
14426,86562,NaN,NaN,NaN,NaN,0.008087852038443089,100.0,1.0081206560134888,transformer,embedding,2,133.20616732910275
14524,87150,0.001894347951747477,100.0,1.0018961429595947,0.001,NaN,NaN,NaN,transformer,embedding,2,130.72051029652357
14669,88020,0.006654367316514254,100.0,1.0066765546798706,0.001,NaN,NaN,NaN,transformer,embedding,2,143.76893811672926
14714,88290,NaN,NaN,NaN,NaN,2.276785373687744,1.5942909717559814,9.745302200317383,transformer,embedding,2,143.42086217179894
14815,88896,0.0064424024894833565,100.0,1.0064631700515747,0.001,NaN,NaN,NaN,transformer,embedding,2,145.60518186166883
14963,89784,0.006838835775852203,100.0,1.0068622827529907,0.001,NaN,NaN,NaN,transformer,embedding,2,144.2195047289133
15008,90054,NaN,NaN,NaN,NaN,0.0011250057723373175,100.0,1.001125693321228,transformer,embedding,2,137.57295593991876
15112,90678,0.0003173144650645554,100.0,1.0003173351287842,0.001,NaN,NaN,NaN,transformer,embedding,2,131.16714193485677
15263,91584,0.01726769283413887,100.0,1.0174176692962646,0.001,NaN,NaN,NaN,transformer,embedding,2,155.59482695162296
15308,91854,NaN,NaN,NaN,NaN,0.06479761749505997,99.43820190429688,1.0669430494308472,transformer,embedding,2,158.21217518672347
15415,92496,2.27884578704834,1.55862557888031,9.765402793884277,0.001,NaN,NaN,NaN,transformer,embedding,2,143.1212232708931
15569,93420,0.009712508879601955,100.0,1.009759783744812,0.001,NaN,NaN,NaN,transformer,embedding,2,152.38974822312593
15614,93690,NaN,NaN,NaN,NaN,0.0023007451090961695,100.0,1.0023033618927002,transformer,embedding,2,141.18482682481408
15724,94350,0.0012041889131069183,100.0,1.0012049674987793,0.001,NaN,NaN,NaN,transformer,embedding,2,136.29077431559563
15881,95292,0.0016456792363896966,100.0,1.0016469955444336,0.001,NaN,NaN,NaN,transformer,embedding,2,138.13976529613137
15926,95562,NaN,NaN,NaN,NaN,2.298611640930176,0.9262071251869202,9.960344314575195,transformer,embedding,2,129.39891365915537
16039,96240,0.01836090162396431,99.9645767211914,1.0185304880142212,0.001,NaN,NaN,NaN,transformer,embedding,2,145.08039653673768
16199,97200,1.405769944190979,43.49982452392578,4.078665733337402,0.001,NaN,NaN,NaN,transformer,embedding,2,142.9112627133727
16244,97470,NaN,NaN,NaN,NaN,0.00334358774125576,100.0,1.0033491849899292,transformer,embedding,2,132.80557992309332
16360,98166,2.286132335662842,1.062699317932129,9.83681869506836,0.001,NaN,NaN,NaN,transformer,embedding,2,125.5173763781786
16523,99144,0.003043217584490776,100.0,1.0030478239059448,0.001,NaN,NaN,NaN,transformer,embedding,2,132.73972371965647
16568,99414,NaN,NaN,NaN,NaN,0.0005042141419835389,100.0,1.0005043745040894,transformer,embedding,2,127.29707744717598
0,6,4.4665021896362305,0.03542330861091614,87.05169677734375,0.0006,3.189337730407715,0.0,24.27234649658203,transformer,embedding,2,295.8329772800207
1,12,2.8931074142456055,0.0,18.04930877685547,0.001,2.5905637741088867,0.0,13.337288856506348,transformer,embedding,2,296.43903824314475
2,18,2.4808709621429443,0.03542330861091614,11.951669692993164,0.001,2.4070441722869873,0.8502885103225708,11.101099967956543,transformer,embedding,2,297.17264703661203
3,24,2.3546135425567627,1.1335458755493164,10.534056663513184,0.001,2.3415026664733887,0.956574559211731,10.39684772491455,transformer,embedding,2,297.789953134954
4,30,2.3163890838623047,0.9918526411056519,10.138997077941895,0.001,2.322786331176758,1.0173094272613525,10.204066276550293,transformer,embedding,2,298.24078541249037
5,36,2.304154872894287,1.346085786819458,10.01570987701416,0.001,2.311981439590454,0.8958396315574646,10.094406127929688,transformer,embedding,2,298.5237441211939
6,42,2.2987046241760254,1.346085786819458,9.961270332336426,0.001,2.3084049224853516,0.956574559211731,10.058367729187012,transformer,embedding,2,298.67571899294853
7,48,2.2937963008880615,1.204392433166504,9.912497520446777,0.001,2.3082218170166016,0.7136349678039551,10.056526184082031,transformer,embedding,2,298.74972969293594
8,54,2.290642023086548,1.4169323444366455,9.881279945373535,0.001,2.307126045227051,0.8047373294830322,10.045513153076172,transformer,embedding,2,298.7884833216667
9,60,2.28869366645813,1.0981225967407227,9.862046241760254,0.001,2.3048880100250244,0.9262071251869202,10.023056030273438,transformer,embedding,2,298.8090739399195
10,66,2.286064624786377,1.7003188133239746,9.836152076721191,0.001,2.3043532371520996,0.835104763507843,10.01769733428955,transformer,embedding,2,298.8263352662325
11,72,2.284170627593994,1.629472255706787,9.817540168762207,0.001,NaN,NaN,NaN,transformer,embedding,2,298.8536126539111
12,78,2.2811851501464844,1.7003188133239746,9.788273811340332,0.001,2.3072404861450195,0.835104763507843,10.046662330627441,transformer,embedding,2,298.89963303506374
13,84,2.278979539871216,1.346085786819458,9.766708374023438,0.001,NaN,NaN,NaN,transformer,embedding,2,298.9792324230075
14,90,2.273097515106201,1.9837052822113037,9.709429740905762,0.001,2.310617446899414,0.6377163529396057,10.080647468566895,transformer,embedding,2,299.11064000427723
15,96,2.2659215927124023,2.4442081451416016,9.640005111694336,0.001,NaN,NaN,NaN,transformer,embedding,2,299.3240480571985
16,102,2.2526116371154785,3.0818276405334473,9.51254653930664,0.001,2.3296356201171875,0.5162465572357178,10.274197578430176,transformer,embedding,2,299.64037550240755
17,108,2.232980966567993,2.9047112464904785,9.327630043029785,0.001,NaN,NaN,NaN,transformer,embedding,2,300.0680444166064
18,114,2.1982083320617676,3.861140727996826,9.008857727050781,0.001,2.4062445163726807,0.5769814848899841,11.092226028442383,transformer,embedding,2,300.5929807573557
19,120,2.1588213443756104,5.34891939163208,8.66092300415039,0.001,NaN,NaN,NaN,transformer,embedding,2,301.1433429121971
20,126,2.1134588718414307,6.092808723449707,8.276820182800293,0.001,2.4799418449401855,0.6073489189147949,11.940569877624512,transformer,embedding,2,301.698302090168
21,132,2.0676376819610596,8.926673889160156,7.906124114990234,0.001,NaN,NaN,NaN,transformer,embedding,2,302.29438173770905
22,138,2.0138790607452393,11.052072525024414,7.492324352264404,0.001,2.5279548168182373,0.4555116891860962,12.527857780456543,transformer,embedding,2,302.9604653418064
23,144,1.9683374166488647,12.75239086151123,7.158764362335205,0.001,NaN,NaN,NaN,transformer,embedding,2,303.65567146241665
24,150,1.9159067869186401,15.479985237121582,6.79309606552124,0.001,2.550452470779419,0.6680837869644165,12.812899589538574,transformer,embedding,2,304.39249197393656
25,156,1.8618016242980957,17.9241943359375,6.4353203773498535,0.001,NaN,NaN,NaN,transformer,embedding,2,305.19350504875183
26,162,1.8080943822860718,20.65178871154785,6.098814487457275,0.001,2.589515447616577,0.9869419932365417,13.323314666748047,transformer,embedding,2,305.98897248506546
27,168,1.7565131187438965,23.698192596435547,5.792205333709717,0.001,NaN,NaN,NaN,transformer,embedding,2,306.7947187051177
28,174,1.6931673288345337,27.027984619140625,5.436673164367676,0.001,2.6221437454223633,1.32098388671875,13.7652006149292,transformer,embedding,2,307.6501889452338
29,180,1.634286880493164,30.25150489807129,5.1258015632629395,0.001,NaN,NaN,NaN,transformer,embedding,2,308.54734839498997
30,186,1.5800410509109497,32.48317337036133,4.855154991149902,0.001,2.6527299880981445,1.655025839805603,14.192731857299805,transformer,embedding,2,309.4397895336151
31,192,1.51543128490448,36.52143096923828,4.5513834953308105,0.001,NaN,NaN,NaN,transformer,embedding,2,310.37912510335445
32,198,1.4478999376296997,38.930213928222656,4.254170894622803,0.001,2.6858930587768555,1.8372304439544678,14.671298027038574,transformer,embedding,2,311.318022377789
33,204,1.38761568069458,42.366275787353516,4.005288600921631,0.001,NaN,NaN,NaN,transformer,embedding,2,312.28232534229755
34,210,1.322144627571106,46.829612731933594,3.751458168029785,0.001,2.7135696411132812,2.3686606884002686,15.083020210266113,transformer,embedding,2,313.22880769521
35,216,1.2560702562332153,48.777896881103516,3.511594772338867,0.001,NaN,NaN,NaN,transformer,embedding,2,314.1938598379493
36,222,1.182224988937378,52.24938201904297,3.2616231441497803,0.001,2.749685525894165,3.173398017883301,15.637713432312012,transformer,embedding,2,315.12475614994764
37,228,1.1067118644714355,57.98795700073242,3.024397373199463,0.001,NaN,NaN,NaN,transformer,embedding,2,316.05362144857645
38,234,1.0484697818756104,60.04250717163086,2.8532817363739014,0.001,2.797253370285034,3.6744608879089355,16.3995418548584,transformer,embedding,2,316.99209702014923
39,240,0.978026270866394,64.29330444335938,2.6592025756835938,0.001,NaN,NaN,NaN,transformer,embedding,2,317.91564363241196
40,246,0.9092682003974915,66.80835723876953,2.4825050830841064,0.001,2.8339333534240723,4.145156383514404,17.012245178222656,transformer,embedding,2,318.8168769553304
41,252,0.8302942514419556,72.2281265258789,2.2939937114715576,0.001,NaN,NaN,NaN,transformer,embedding,2,319.7214893400669
42,258,0.7635551691055298,75.38079833984375,2.1458916664123535,0.001,2.870654582977295,4.752505302429199,17.64856719970703,transformer,embedding,2,320.58998887240887
43,264,0.7006827592849731,79.241943359375,2.0151281356811523,0.001,NaN,NaN,NaN,transformer,embedding,2,321.45877212285995
44,270,0.6310270428657532,82.92596435546875,1.879539966583252,0.001,2.910545825958252,6.043121814727783,18.3668212890625,transformer,embedding,2,322.31774014234543
45,276,0.5612748861312866,86.787109375,1.7529058456420898,0.001,NaN,NaN,NaN,transformer,embedding,2,323.1488546580076
46,282,0.4951317608356476,89.83351135253906,1.640714406967163,0.001,2.9452054500579834,7.455207824707031,19.014568328857422,transformer,embedding,2,323.97937147319317
47,288,0.43763673305511475,92.95075988769531,1.5490421056747437,0.001,NaN,NaN,NaN,transformer,embedding,2,324.766542494297
48,294,0.3812609612941742,95.2532730102539,1.4641296863555908,0.001,2.975839614868164,8.366230964660645,19.606077194213867,transformer,embedding,2,325.53117082268
49,300,0.3291807472705841,96.5639419555664,1.3898290395736694,0.001,NaN,NaN,NaN,transformer,embedding,2,326.2657117024064
50,306,0.28116703033447266,97.98087310791016,1.3246748447418213,0.001,3.016404151916504,9.019131660461426,20.417739868164062,transformer,embedding,2,326.96480928361416
51,312,0.23944827914237976,98.866455078125,1.2705479860305786,0.001,NaN,NaN,NaN,transformer,embedding,2,327.6165292188525
52,318,0.20671549439430237,99.36238098144531,1.2296327352523804,0.001,NaN,NaN,NaN,transformer,embedding,2,328.2428589761257
53,324,0.173658549785614,99.68119049072266,1.1896493434906006,0.001,NaN,NaN,NaN,transformer,embedding,2,328.8245101198554
54,330,0.14720115065574646,99.85830688476562,1.1585869789123535,0.001,NaN,NaN,NaN,transformer,embedding,2,329.36000114679337
55,336,0.12493346631526947,99.92915344238281,1.133073091506958,0.001,3.127246141433716,10.841177940368652,22.81107521057129,transformer,embedding,2,329.853192307055
56,342,0.10401289165019989,99.89373016357422,1.1096147298812866,0.001,NaN,NaN,NaN,transformer,embedding,2,330.3134059458971
57,348,0.08546780794858932,99.92915344238281,1.089226484298706,0.001,NaN,NaN,NaN,transformer,embedding,2,330.72657023370266
58,354,0.07178736478090286,100.0,1.0744268894195557,0.001,NaN,NaN,NaN,transformer,embedding,2,331.10127729177475
59,360,0.06123674288392067,99.92915344238281,1.0631505250930786,0.001,NaN,NaN,NaN,transformer,embedding,2,331.4357518181205
60,366,0.052263204008340836,99.92915344238281,1.0536530017852783,0.001,3.2124719619750977,11.737017631530762,24.84041404724121,transformer,embedding,2,331.7326529994607
61,372,0.04510721191763878,99.9645767211914,1.0461399555206299,0.001,NaN,NaN,NaN,transformer,embedding,2,332.00428216159344
62,378,0.03900633007287979,100.0,1.0397770404815674,0.001,NaN,NaN,NaN,transformer,embedding,2,332.24974812567234
63,384,0.034007661044597626,100.0,1.0345925092697144,0.001,NaN,NaN,NaN,transformer,embedding,2,332.4687753394246
64,390,0.02981671132147312,99.9645767211914,1.0302656888961792,0.001,NaN,NaN,NaN,transformer,embedding,2,332.6704209372401
65,396,0.02633306011557579,100.0,1.0266828536987305,0.001,3.2830111980438232,12.389918327331543,26.65591812133789,transformer,embedding,2,332.85993690788746
66,402,0.023521799594163895,100.0,1.0238006114959717,0.001,NaN,NaN,NaN,transformer,embedding,2,333.0339095592499
67,408,0.02114216983318329,100.0,1.0213671922683716,0.001,NaN,NaN,NaN,transformer,embedding,2,333.19325671344995
68,414,0.019141322001814842,100.0,1.0193257331848145,0.001,NaN,NaN,NaN,transformer,embedding,2,333.34704184532166
69,420,0.01715465448796749,100.0,1.0173026323318481,0.001,NaN,NaN,NaN,transformer,embedding,2,333.4891539141536
70,426,0.015504302456974983,100.0,1.0156251192092896,0.001,3.3426437377929688,12.708776473999023,28.2938289642334,transformer,embedding,2,333.6227438598871
71,432,0.014131907373666763,100.0,1.0142322778701782,0.001,NaN,NaN,NaN,transformer,embedding,2,333.7486738190055
72,438,0.012865234166383743,100.0,1.0129483938217163,0.001,NaN,NaN,NaN,transformer,embedding,2,333.87107668071985
73,444,0.011723993346095085,100.0,1.0117930173873901,0.001,NaN,NaN,NaN,transformer,embedding,2,333.9845038950443
74,450,0.010700462386012077,100.0,1.0107579231262207,0.001,NaN,NaN,NaN,transformer,embedding,2,334.0949490517378
75,456,0.00988090131431818,100.0,1.009929895401001,0.001,3.3912618160247803,13.088369369506836,29.70340919494629,transformer,embedding,2,334.2014759629965
76,462,0.009117566980421543,100.0,1.0091592073440552,0.001,NaN,NaN,NaN,transformer,embedding,2,334.30512967705727
77,468,0.008546697907149792,100.0,1.0085833072662354,0.001,NaN,NaN,NaN,transformer,embedding,2,334.4020925089717
78,474,0.007927785627543926,100.0,1.007959246635437,0.001,NaN,NaN,NaN,transformer,embedding,2,334.50320152938366
79,480,0.007295701187103987,100.0,1.0073224306106567,0.001,NaN,NaN,NaN,transformer,embedding,2,334.6013308018446
80,486,0.006697223521769047,100.0,1.006719708442688,0.001,3.4478464126586914,13.467962265014648,31.432626724243164,transformer,embedding,2,334.69483118504286
81,492,0.0061139073222875595,100.0,1.0061326026916504,0.001,NaN,NaN,NaN,transformer,embedding,2,334.7861387655139
82,498,0.005658724345266819,100.0,1.0056747198104858,0.001,NaN,NaN,NaN,transformer,embedding,2,334.8752012848854
83,504,0.005239694844931364,100.0,1.0052534341812134,0.001,NaN,NaN,NaN,transformer,embedding,2,334.95764941722155
84,510,0.0048205959610641,100.0,1.0048322677612305,0.001,NaN,NaN,NaN,transformer,embedding,2,335.0406015664339
85,516,0.004462104756385088,100.0,1.004472017288208,0.001,3.4845733642578125,13.665350914001465,32.60851287841797,transformer,embedding,2,335.1213852316141
86,522,0.004144050180912018,100.0,1.0041526556015015,0.001,NaN,NaN,NaN,transformer,embedding,2,335.19620721787214
87,528,0.003811505390331149,100.0,1.0038187503814697,0.001,NaN,NaN,NaN,transformer,embedding,2,335.2707625553012
88,534,0.003550642868503928,100.0,1.0035569667816162,0.001,NaN,NaN,NaN,transformer,embedding,2,335.342442214489
89,540,0.00329337315633893,100.0,1.0032987594604492,0.001,NaN,NaN,NaN,transformer,embedding,2,335.41386300325394
90,546,0.0030589450616389513,100.0,1.003063678741455,0.001,3.5312271118164062,14.014575958251953,34.16586685180664,transformer,embedding,2,335.4846904948354
91,552,0.00284814415499568,100.0,1.002852201461792,0.001,NaN,NaN,NaN,transformer,embedding,2,335.55312049388885
92,558,0.0026558195240795612,100.0,1.0026593208312988,0.001,NaN,NaN,NaN,transformer,embedding,2,335.62020129710436
93,564,0.002476039342582226,100.0,1.002479076385498,0.001,NaN,NaN,NaN,transformer,embedding,2,335.6868861988187
94,570,0.002312500262632966,100.0,1.0023151636123657,0.001,NaN,NaN,NaN,transformer,embedding,2,335.7504925727844
95,576,0.0021378658711910248,100.0,1.0021401643753052,0.001,3.5795376300811768,14.303067207336426,35.856956481933594,transformer,embedding,2,335.81358647346497
96,582,0.0020051635801792145,100.0,1.0020071268081665,0.001,NaN,NaN,NaN,transformer,embedding,2,335.8765413239598
97,588,0.0018667519325390458,100.0,1.001868486404419,0.001,NaN,NaN,NaN,transformer,embedding,2,335.93994057923555
98,594,0.0017372292932122946,100.0,1.0017387866973877,0.001,NaN,NaN,NaN,transformer,embedding,2,336.00120536237955
99,600,0.0016204735729843378,100.0,1.0016218423843384,0.001,NaN,NaN,NaN,transformer,embedding,2,336.061099126935
100,606,0.001508004846982658,100.0,1.001509189605713,0.001,3.6147472858428955,14.621925354003906,37.14196014404297,transformer,embedding,2,336.120598860085
101,612,0.0014120630221441388,100.0,1.001413106918335,0.001,NaN,NaN,NaN,transformer,embedding,2,336.17883337289095
102,618,0.0013116629561409354,100.0,1.001312494277954,0.001,NaN,NaN,NaN,transformer,embedding,2,336.23492705076933
103,624,0.0012298908550292253,100.0,1.0012305974960327,0.001,NaN,NaN,NaN,transformer,embedding,2,336.28968515247107
104,630,0.0011438338551670313,100.0,1.001144528388977,0.001,NaN,NaN,NaN,transformer,embedding,2,336.34416230767965
105,636,0.0010722808074206114,100.0,1.001072883605957,0.001,3.659335136413574,14.971151351928711,38.835514068603516,transformer,embedding,2,336.3997005224228
106,642,0.0010038581676781178,100.0,1.0010043382644653,0.001,NaN,NaN,NaN,transformer,embedding,2,336.4522648975253
107,648,0.0009438019478693604,100.0,1.0009442567825317,0.001,NaN,NaN,NaN,transformer,embedding,2,336.5075541585684
108,654,0.0008766407263465226,100.0,1.000877022743225,0.001,NaN,NaN,NaN,transformer,embedding,2,336.56079471856356
109,660,0.000816783111076802,100.0,1.000817060470581,0.001,NaN,NaN,NaN,transformer,embedding,2,336.6130801588297
110,666,0.0007640360272489488,100.0,1.0007643699645996,0.001,3.7023568153381348,15.047069549560547,40.54274368286133,transformer,embedding,2,336.6656166687608
111,672,0.0007186083239503205,100.0,1.0007188320159912,0.001,NaN,NaN,NaN,transformer,embedding,2,336.71537006646395
112,678,0.0006734378985129297,100.0,1.0006736516952515,0.001,NaN,NaN,NaN,transformer,embedding,2,336.766531445086
113,684,0.0006281811511144042,100.0,1.0006283521652222,0.001,NaN,NaN,NaN,transformer,embedding,2,336.8168709650636
114,690,0.0005851041059941053,100.0,1.0005853176116943,0.001,NaN,NaN,NaN,transformer,embedding,2,336.868202470243
115,696,0.0005451539764180779,100.0,1.0005452632904053,0.001,3.7439818382263184,15.229273796081543,42.265953063964844,transformer,embedding,2,336.9165420755744
116,702,0.0005076852976344526,100.0,1.0005078315734863,0.001,NaN,NaN,NaN,transformer,embedding,2,336.9639949426055
117,708,0.00047586605069227517,100.0,1.0004760026931763,0.001,NaN,NaN,NaN,transformer,embedding,2,337.0114142522216
118,714,0.00044479829375632107,100.0,1.0004448890686035,0.001,NaN,NaN,NaN,transformer,embedding,2,337.05756612867117
119,720,0.000414909707615152,100.0,1.0004149675369263,0.001,NaN,NaN,NaN,transformer,embedding,2,337.10379034280777
120,726,0.00038879370549693704,100.0,1.0003888607025146,0.001,3.787755250930786,15.396295547485352,44.15716552734375,transformer,embedding,2,337.148125551641
121,732,0.0003656321787275374,100.0,1.0003657341003418,0.001,NaN,NaN,NaN,transformer,embedding,2,337.1901741325855
122,738,0.0003401433059480041,100.0,1.000340223312378,0.001,NaN,NaN,NaN,transformer,embedding,2,337.23546823114157
123,744,0.00031787369516678154,100.0,1.000317931175232,0.001,NaN,NaN,NaN,transformer,embedding,2,337.2779873982072
124,750,0.00029722019098699093,100.0,1.0002973079681396,0.001,NaN,NaN,NaN,transformer,embedding,2,337.31994691491127
125,756,0.0002815557236317545,100.0,1.000281572341919,0.001,3.835286855697632,15.350744247436523,46.30670928955078,transformer,embedding,2,337.361306540668
126,762,0.0002626868081279099,100.0,1.00026273727417,0.001,NaN,NaN,NaN,transformer,embedding,2,337.4025997593999
127,768,0.0002444925485178828,100.0,1.0002444982528687,0.001,NaN,NaN,NaN,transformer,embedding,2,337.4441982060671
128,774,0.0002280578773934394,100.0,1.0002280473709106,0.001,NaN,NaN,NaN,transformer,embedding,2,337.4854716435075
129,780,0.0002150135114789009,100.0,1.0002150535583496,0.001,NaN,NaN,NaN,transformer,embedding,2,337.52588280290365
130,786,0.000200266222236678,100.0,1.0002002716064453,0.001,3.8743457794189453,15.54813289642334,48.151187896728516,transformer,embedding,2,337.5655165091157
131,792,0.00018742728570941836,100.0,1.0001873970031738,0.001,NaN,NaN,NaN,transformer,embedding,2,337.60463110357523
132,798,0.0001747637870721519,100.0,1.0001747608184814,0.001,NaN,NaN,NaN,transformer,embedding,2,337.6419727951288
133,804,0.00016450861585326493,100.0,1.00016450881958,0.001,NaN,NaN,NaN,transformer,embedding,2,337.67863984405994
134,810,0.00015317682118620723,100.0,1.0001531839370728,0.001,NaN,NaN,NaN,transformer,embedding,2,337.71534053236246
135,816,0.00014412320160772651,100.0,1.000144124031067,0.001,3.9174575805664062,15.821439743041992,50.27246856689453,transformer,embedding,2,337.75123511999846
136,822,0.00013513329031411558,100.0,1.0001351833343506,0.001,NaN,NaN,NaN,transformer,embedding,2,337.78823209553957
137,828,0.00012693418830167502,100.0,1.0001269578933716,0.001,NaN,NaN,NaN,transformer,embedding,2,337.8243167027831
138,834,0.00011913167691091076,100.0,1.0001190900802612,0.001,NaN,NaN,NaN,transformer,embedding,2,337.8619792237878
139,840,0.00011089280451415107,100.0,1.0001108646392822,0.001,NaN,NaN,NaN,transformer,embedding,2,337.89951925724745
140,846,0.00010388284135842696,100.0,1.0001038312911987,0.001,3.9608824253082275,15.836623191833496,52.50363540649414,transformer,embedding,2,337.93223410844803
141,852,9.71643821685575e-05,100.0,1.0000971555709839,0.001,NaN,NaN,NaN,transformer,embedding,2,337.9658597409725
142,858,9.128519741352648e-05,100.0,1.000091314315796,0.001,NaN,NaN,NaN,transformer,embedding,2,337.9991944655776
143,864,8.565682946937159e-05,100.0,1.000085711479187,0.001,NaN,NaN,NaN,transformer,embedding,2,338.0325420945883
144,870,8.008558506844565e-05,100.0,1.0000801086425781,0.001,NaN,NaN,NaN,transformer,embedding,2,338.0653305873275
145,876,7.503017695853487e-05,100.0,1.0000749826431274,0.001,4.005515098571777,15.912541389465332,54.90009689331055,transformer,embedding,2,338.09832371771336
146,882,7.039109186735004e-05,100.0,1.0000704526901245,0.001,NaN,NaN,NaN,transformer,embedding,2,338.1324248239398
147,888,6.598914478672668e-05,100.0,1.0000660419464111,0.001,NaN,NaN,NaN,transformer,embedding,2,338.16389675438404
148,894,6.235152250155807e-05,100.0,1.000062346458435,0.001,NaN,NaN,NaN,transformer,embedding,2,338.19662365317345
149,900,5.790038994746283e-05,100.0,1.0000579357147217,0.001,NaN,NaN,NaN,transformer,embedding,2,338.22719521075487
150,906,5.4341893701348454e-05,100.0,1.0000543594360352,0.001,4.04647159576416,16.30731964111328,57.19529342651367,transformer,embedding,2,338.2584356293082
151,912,5.045356010668911e-05,100.0,1.00005042552948,0.001,NaN,NaN,NaN,transformer,embedding,2,338.28752563148737
152,918,4.739904761663638e-05,100.0,1.0000474452972412,0.001,NaN,NaN,NaN,transformer,embedding,2,338.31886477023363
153,924,4.486387479119003e-05,100.0,1.000044822692871,0.001,NaN,NaN,NaN,transformer,embedding,2,338.34814555197954
154,930,4.1866609535645694e-05,100.0,1.0000418424606323,0.001,NaN,NaN,NaN,transformer,embedding,2,338.37762039899826
155,936,3.9292553992709145e-05,100.0,1.0000393390655518,0.001,4.095676422119141,16.034011840820312,60.07996368408203,transformer,embedding,2,338.40464448183775
156,942,3.697359352372587e-05,100.0,1.0000369548797607,0.001,NaN,NaN,NaN,transformer,embedding,2,338.4315949976444
157,948,3.4677632356761023e-05,100.0,1.0000346899032593,0.001,NaN,NaN,NaN,transformer,embedding,2,338.459209933877
158,954,3.2517538784304634e-05,100.0,1.0000325441360474,0.001,NaN,NaN,NaN,transformer,embedding,2,338.487601518631
159,960,3.059454684262164e-05,100.0,1.0000306367874146,0.001,NaN,NaN,NaN,transformer,embedding,2,338.51418313384056
160,966,2.8914513677591458e-05,100.0,1.0000289678573608,0.001,4.1382670402526855,16.383237838745117,62.6940803527832,transformer,embedding,2,338.54250395298004
161,972,2.6894254915532656e-05,100.0,1.0000269412994385,0.001,NaN,NaN,NaN,transformer,embedding,2,338.57141207903624
162,978,2.516784479666967e-05,100.0,1.0000251531600952,0.001,NaN,NaN,NaN,transformer,embedding,2,338.5985781773925
163,984,2.3470718588214368e-05,100.0,1.0000234842300415,0.001,NaN,NaN,NaN,transformer,embedding,2,338.62786208093166
164,990,2.2031856133253314e-05,100.0,1.000022053718567,0.001,NaN,NaN,NaN,transformer,embedding,2,338.651483990252
165,996,2.0872959794360213e-05,100.0,1.0000208616256714,0.001,4.179759502410889,16.51988983154297,65.35013580322266,transformer,embedding,2,338.67917374521494
166,1002,1.9585417248890735e-05,100.0,1.0000195503234863,0.001,NaN,NaN,NaN,transformer,embedding,2,338.70425033569336
167,1008,1.824051287258044e-05,100.0,1.0000182390213013,0.001,NaN,NaN,NaN,transformer,embedding,2,338.72988118231297
168,1014,1.697233528830111e-05,100.0,1.0000169277191162,0.001,NaN,NaN,NaN,transformer,embedding,2,338.7527434974909
169,1020,1.599806455487851e-05,100.0,1.0000159740447998,0.001,NaN,NaN,NaN,transformer,embedding,2,338.7780904248357
170,1026,1.4970118172641378e-05,100.0,1.0000150203704834,0.001,4.228452205657959,16.50470733642578,68.61095428466797,transformer,embedding,2,338.8002481982112
171,1032,1.4162220395519398e-05,100.0,1.0000141859054565,0.001,NaN,NaN,NaN,transformer,embedding,2,338.82252068817616
172,1038,1.333080308540957e-05,100.0,1.0000133514404297,0.001,NaN,NaN,NaN,transformer,embedding,2,338.84583166241646
173,1044,1.2410732779244427e-05,100.0,1.0000123977661133,0.001,NaN,NaN,NaN,transformer,embedding,2,338.8669522255659
174,1050,1.169629831565544e-05,100.0,1.000011682510376,0.001,NaN,NaN,NaN,transformer,embedding,2,338.88794307410717
175,1056,1.095338120649103e-05,100.0,1.0000109672546387,0.001,4.273316860198975,16.595809936523438,71.7592544555664,transformer,embedding,2,338.9113844037056
176,1062,1.0257839676341973e-05,100.0,1.0000102519989014,0.001,NaN,NaN,NaN,transformer,embedding,2,338.93272772431374
177,1068,9.612969734007493e-06,100.0,1.0000096559524536,0.001,NaN,NaN,NaN,transformer,embedding,2,338.9555426836014
178,1074,9.02183455764316e-06,100.0,1.0000090599060059,0.001,NaN,NaN,NaN,transformer,embedding,2,338.9744012951851
179,1080,8.469313797832001e-06,100.0,1.000008463859558,0.001,NaN,NaN,NaN,transformer,embedding,2,338.9939334690571
180,1086,7.96653694123961e-06,100.0,1.0000079870224,0.001,4.321727275848389,16.671728134155273,75.31861114501953,transformer,embedding,2,339.0122606307268
181,1092,7.480563908757176e-06,100.0,1.0000075101852417,0.001,NaN,NaN,NaN,transformer,embedding,2,339.0299099162221
182,1098,7.011250090727117e-06,100.0,1.0000070333480835,0.001,NaN,NaN,NaN,transformer,embedding,2,339.04905127733946
183,1104,6.528613084810786e-06,100.0,1.0000065565109253,0.001,NaN,NaN,NaN,transformer,embedding,2,339.06696996092796
184,1110,6.145441147964448e-06,100.0,1.0000061988830566,0.001,NaN,NaN,NaN,transformer,embedding,2,339.08365096896887
185,1116,5.7379047575523145e-06,100.0,1.0000057220458984,0.001,4.36225700378418,16.74764633178711,78.4339599609375,transformer,embedding,2,339.099491789937
186,1122,5.4218953664531e-06,100.0,1.0000053644180298,0.001,NaN,NaN,NaN,transformer,embedding,2,339.1155735850334
187,1128,5.157402483746409e-06,100.0,1.0000051259994507,0.001,NaN,NaN,NaN,transformer,embedding,2,339.1307504028082
188,1134,4.864026777795516e-06,100.0,1.0000048875808716,0.001,NaN,NaN,NaN,transformer,embedding,2,339.14608857035637
189,1140,4.5472561396309175e-06,100.0,1.000004529953003,0.001,NaN,NaN,NaN,transformer,embedding,2,339.1622540652752
190,1146,4.24727113568224e-06,100.0,1.0000042915344238,0.001,4.407031059265137,16.77801513671875,82.02557373046875,transformer,embedding,2,339.18006786704063
191,1152,3.958201432396891e-06,100.0,1.0000039339065552,0.001,NaN,NaN,NaN,transformer,embedding,2,339.1946434080601
192,1158,3.703970378410304e-06,100.0,1.000003695487976,0.001,NaN,NaN,NaN,transformer,embedding,2,339.2099608182907
193,1164,3.487426511128433e-06,100.0,1.000003457069397,0.001,NaN,NaN,NaN,transformer,embedding,2,339.22384361177683
194,1170,3.259164259361569e-06,100.0,1.0000032186508179,0.001,NaN,NaN,NaN,transformer,embedding,2,339.23566772043705
195,1176,3.0588785193685908e-06,100.0,1.0000030994415283,0.001,4.457334995269775,16.853933334350586,86.25732421875,transformer,embedding,2,339.2470503151417
196,1182,2.886926949940971e-06,100.0,1.0000028610229492,0.001,NaN,NaN,NaN,transformer,embedding,2,339.2580206990242
197,1188,2.7043975023843814e-06,100.0,1.0000027418136597,0.001,NaN,NaN,NaN,transformer,embedding,2,339.2687981799245
198,1194,2.543826212786371e-06,100.0,1.0000025033950806,0.001,NaN,NaN,NaN,transformer,embedding,2,339.28065138310194
199,1200,2.3894838250271278e-06,100.0,1.000002384185791,0.001,NaN,NaN,NaN,transformer,embedding,2,339.2913933843374
200,1206,2.2466483642347157e-06,100.0,1.0000022649765015,0.001,4.491407871246338,17.081687927246094,89.24700927734375,transformer,embedding,2,339.30236272513866
202,1218,2.0011357264593244e-06,100.0,1.0000020265579224,0.001,NaN,NaN,NaN,transformer,embedding,2,339.3207106888294
204,1230,1.767721414580592e-06,100.0,1.0000017881393433,0.001,NaN,NaN,NaN,transformer,embedding,2,339.33941846340895
205,1236,NaN,NaN,NaN,NaN,4.540964126586914,17.112056732177734,93.78117370605469,transformer,embedding,2,339.3475940898061
206,1242,1.5430272242156207e-06,100.0,1.0000015497207642,0.001,NaN,NaN,NaN,transformer,embedding,2,339.3555020317435
208,1254,1.3689640354641597e-06,100.0,1.000001311302185,0.001,NaN,NaN,NaN,transformer,embedding,2,339.36822797358036
210,1266,1.2018261941193487e-06,100.0,1.0000011920928955,0.001,4.5859785079956055,17.020954132080078,98.09912872314453,transformer,embedding,2,339.3774290755391
212,1278,1.0780985348901595e-06,100.0,1.000001072883606,0.001,NaN,NaN,NaN,transformer,embedding,2,339.38333559781313
214,1290,9.52871857862192e-07,100.0,1.0000009536743164,0.001,NaN,NaN,NaN,transformer,embedding,2,339.39078095555305
215,1296,NaN,NaN,NaN,NaN,4.632055759429932,17.005769729614258,102.72502899169922,transformer,embedding,2,339.39210084825754
216,1302,8.391100436710985e-07,100.0,1.0000008344650269,0.001,NaN,NaN,NaN,transformer,embedding,2,339.39401510357857
218,1314,7.437383828801103e-07,100.0,1.0000007152557373,0.001,NaN,NaN,NaN,transformer,embedding,2,339.3954287916422
220,1326,6.563689112226712e-07,100.0,1.0000007152557373,0.001,4.674724102020264,17.127239227294922,107.20298767089844,transformer,embedding,2,339.39471101760864
222,1338,5.8534163827062e-07,100.0,1.0000005960464478,0.001,NaN,NaN,NaN,transformer,embedding,2,339.39028346538544
224,1350,5.167635208636057e-07,100.0,1.0000004768371582,0.001,NaN,NaN,NaN,transformer,embedding,2,339.3828919827938
225,1356,NaN,NaN,NaN,NaN,4.719851493835449,17.17279052734375,112.15159606933594,transformer,embedding,2,339.37846276164055
226,1362,4.5772901557938894e-07,100.0,1.0000004768371582,0.001,NaN,NaN,NaN,transformer,embedding,2,339.3724462464452
228,1374,4.1186953581018315e-07,100.0,1.0000003576278687,0.001,NaN,NaN,NaN,transformer,embedding,2,339.3593940511346
230,1386,3.6258961699786596e-07,100.0,1.0000003576278687,0.001,4.763465881347656,17.2335262298584,117.15125274658203,transformer,embedding,2,339.3446957692504
232,1398,3.231487823995849e-07,100.0,1.0000003576278687,0.001,NaN,NaN,NaN,transformer,embedding,2,339.327320151031
234,1410,2.862416010884772e-07,100.0,1.000000238418579,0.001,NaN,NaN,NaN,transformer,embedding,2,339.3049490749836
235,1416,NaN,NaN,NaN,NaN,4.803643226623535,17.38536262512207,121.95391845703125,transformer,embedding,2,339.2926807627082
236,1422,2.5505633516331727e-07,100.0,1.000000238418579,0.001,NaN,NaN,NaN,transformer,embedding,2,339.2779791802168
238,1434,2.2602468163768208e-07,100.0,1.000000238418579,0.001,NaN,NaN,NaN,transformer,embedding,2,339.24797350913286
240,1446,2.000967640469753e-07,100.0,1.000000238418579,0.001,4.84312105178833,17.38536262512207,126.86468505859375,transformer,embedding,2,339.2110564932227
242,1458,1.80481919187514e-07,100.0,1.000000238418579,0.001,NaN,NaN,NaN,transformer,embedding,2,339.16960114985704
244,1470,1.5894570992713852e-07,100.0,1.0000001192092896,0.001,NaN,NaN,NaN,transformer,embedding,2,339.1219994276762
245,1476,NaN,NaN,NaN,NaN,4.878625392913818,17.44609832763672,131.44984436035156,transformer,embedding,2,339.0951470211148
246,1482,1.4490493072116806e-07,100.0,1.0000001192092896,0.001,NaN,NaN,NaN,transformer,embedding,2,339.06862818449736
248,1494,1.316664963724179e-07,100.0,1.0000001192092896,0.001,NaN,NaN,NaN,transformer,embedding,2,339.0129229351878
250,1506,1.1880811001674374e-07,100.0,1.0000001192092896,0.001,4.906358242034912,17.476465225219727,135.14634704589844,transformer,embedding,2,338.9522857144475
252,1518,1.0580193077203148e-07,100.0,1.0000001192092896,0.001,NaN,NaN,NaN,transformer,embedding,2,338.88795851171017
254,1530,9.640622522510967e-08,100.0,1.0000001192092896,0.001,NaN,NaN,NaN,transformer,embedding,2,338.8191564902663
255,1536,NaN,NaN,NaN,NaN,4.925415992736816,17.552383422851562,137.7466278076172,transformer,embedding,2,338.78391133993864
256,1542,8.654602368096675e-08,100.0,1.0000001192092896,0.001,NaN,NaN,NaN,transformer,embedding,2,338.7462545186281
258,1554,7.926171008421079e-08,100.0,1.0000001192092896,0.001,NaN,NaN,NaN,transformer,embedding,2,338.6679630726576
260,1566,7.149178316012694e-08,100.0,1.0000001192092896,0.001,4.944697856903076,17.795324325561523,140.4284210205078,transformer,embedding,2,338.5857867151499
262,1578,6.576990330131594e-08,100.0,1.0000001192092896,0.001,NaN,NaN,NaN,transformer,embedding,2,338.499716848135
264,1590,5.9562410115177045e-08,100.0,1.0,0.001,NaN,NaN,NaN,transformer,embedding,2,338.4111177697778
265,1596,NaN,NaN,NaN,NaN,4.959784030914307,17.582752227783203,142.56300354003906,transformer,embedding,2,338.3644577935338
266,1602,5.5888587979779913e-08,100.0,1.0,0.001,NaN,NaN,NaN,transformer,embedding,2,338.31866532564163
268,1614,5.168691430412764e-08,100.0,1.0,0.001,NaN,NaN,NaN,transformer,embedding,2,338.2225958481431
270,1626,4.854094015627197e-08,100.0,1.0,0.001,4.962776184082031,17.567567825317383,142.99021911621094,transformer,embedding,2,338.12452042102814
272,1638,4.526827979134396e-08,100.0,1.0,0.001,NaN,NaN,NaN,transformer,embedding,2,338.02461030334234
274,1650,4.159445410323315e-08,100.0,1.0,0.001,NaN,NaN,NaN,transformer,embedding,2,337.92211776971817
275,1656,NaN,NaN,NaN,NaN,4.968414783477783,17.719404220581055,143.7987518310547,transformer,embedding,2,337.8693110346794
276,1662,3.990533770092952e-08,100.0,1.0,0.001,NaN,NaN,NaN,transformer,embedding,2,337.8163410425186
278,1674,3.889186928063282e-08,100.0,1.0,0.001,NaN,NaN,NaN,transformer,embedding,2,337.70990447700024
280,1686,3.6104829348460044e-08,100.0,1.0,0.001,4.968096733093262,17.780139923095703,143.75302124023438,transformer,embedding,2,337.6022357791662
282,1698,3.4500168055728864e-08,100.0,1.0,0.001,NaN,NaN,NaN,transformer,embedding,2,337.4949664622545
284,1710,3.297996542528381e-08,100.0,1.0,0.001,NaN,NaN,NaN,transformer,embedding,2,337.384733222425
285,1716,NaN,NaN,NaN,NaN,4.974056243896484,17.704221725463867,144.61228942871094,transformer,embedding,2,337.32912884652615
286,1722,3.1649790344090434e-08,100.0,1.0,0.001,NaN,NaN,NaN,transformer,embedding,2,337.27310759574175
288,1734,3.061520814640062e-08,100.0,1.0,0.001,NaN,NaN,NaN,transformer,embedding,2,337.1594043895602
290,1746,3.057297703890072e-08,100.0,1.0,0.001,4.964186191558838,17.82569122314453,143.1919708251953,transformer,embedding,2,337.0462934523821
292,1758,2.8904977966703882e-08,100.0,1.0,0.001,NaN,NaN,NaN,transformer,embedding,2,336.93133687227964
294,1770,2.6413532694391506e-08,100.0,1.0,0.001,NaN,NaN,NaN,transformer,embedding,2,336.81583845615387
295,1776,NaN,NaN,NaN,NaN,4.9616241455078125,17.82569122314453,142.82557678222656,transformer,embedding,2,336.7571096494794
296,1782,2.537895049670169e-08,100.0,1.0,0.001,NaN,NaN,NaN,transformer,embedding,2,336.69838969409466
298,1794,2.5632317601775867e-08,100.0,1.0,0.001,NaN,NaN,NaN,transformer,embedding,2,336.58187966793776
300,1806,2.6730241131645016e-08,100.0,1.0,0.001,4.95298433303833,17.947160720825195,141.59690856933594,transformer,embedding,2,336.46820959448814
303,1824,2.4618849181479163e-08,100.0,1.0,0.001,NaN,NaN,NaN,transformer,embedding,2,336.2964618578553
305,1836,NaN,NaN,NaN,NaN,4.9436750411987305,17.886425018310547,140.28485107421875,transformer,embedding,2,336.1831749752164
306,1842,2.392208919843597e-08,100.0,1.0,0.001,NaN,NaN,NaN,transformer,embedding,2,336.1262117922306
309,1860,2.394320297582908e-08,100.0,1.0,0.001,NaN,NaN,NaN,transformer,embedding,2,335.95715618878603
311,1872,NaN,NaN,NaN,NaN,4.92914342880249,18.02307891845703,138.2610321044922,transformer,embedding,2,335.8462487384677
312,1878,2.5484521160024087e-08,100.0,1.0,0.001,NaN,NaN,NaN,transformer,embedding,2,335.7901237607002
315,1896,2.4513278518156767e-08,100.0,1.0,0.001,NaN,NaN,NaN,transformer,embedding,2,335.62684512138367
317,1908,NaN,NaN,NaN,NaN,4.918238639831543,18.00789451599121,136.7615203857422,transformer,embedding,2,335.5183130353689
318,1914,2.362649276221873e-08,100.0,1.0,0.001,NaN,NaN,NaN,transformer,embedding,2,335.4662209004164
321,1932,2.2887505224389315e-08,100.0,1.0,0.001,NaN,NaN,NaN,transformer,embedding,2,335.31418603658676
323,1944,NaN,NaN,NaN,NaN,4.918754577636719,18.007896423339844,136.83209228515625,transformer,embedding,2,335.21563632786274
324,1950,2.3035303442497934e-08,100.0,1.0,0.001,NaN,NaN,NaN,transformer,embedding,2,335.16803377121687
327,1968,2.3225329215392776e-08,100.0,1.0,0.001,NaN,NaN,NaN,transformer,embedding,2,335.0290055125952
329,1980,NaN,NaN,NaN,NaN,4.915538311004639,18.190099716186523,136.39271545410156,transformer,embedding,2,334.938872538507
330,1986,2.3563153206396237e-08,100.0,1.0,0.001,NaN,NaN,NaN,transformer,embedding,2,334.89547760784626
333,2004,2.4323254521618765e-08,100.0,1.0,0.001,NaN,NaN,NaN,transformer,embedding,2,334.76675026863813
335,2016,NaN,NaN,NaN,NaN,4.916432857513428,18.23565101623535,136.5147705078125,transformer,embedding,2,334.6844638809562
336,2022,2.311975855207038e-08,100.0,1.0,0.001,NaN,NaN,NaN,transformer,embedding,2,334.6440329775214
339,2040,2.4196570080903257e-08,100.0,1.0,0.001,NaN,NaN,NaN,transformer,embedding,2,334.52305924892426
341,2052,NaN,NaN,NaN,NaN,4.897156238555908,18.23565101623535,133.90843200683594,transformer,embedding,2,334.44819739460945
342,2058,2.489333006394645e-08,100.0,1.0,0.001,NaN,NaN,NaN,transformer,embedding,2,334.4095931351185
345,2076,2.3858746089899796e-08,100.0,1.0,0.001,NaN,NaN,NaN,transformer,embedding,2,334.2982647642493
347,2088,NaN,NaN,NaN,NaN,4.903435707092285,18.266019821166992,134.751953125,transformer,embedding,2,334.22899897396564
348,2094,2.4661076736265386e-08,100.0,1.0,0.001,NaN,NaN,NaN,transformer,embedding,2,334.19373489171267
351,2112,2.3985430530615304e-08,100.0,1.0,0.001,NaN,NaN,NaN,transformer,embedding,2,334.09593107551336
353,2124,NaN,NaN,NaN,NaN,4.907651424407959,18.23565101623535,135.32122802734375,transformer,embedding,2,334.0342692062259
354,2130,2.521003850119996e-08,100.0,1.0,0.001,NaN,NaN,NaN,transformer,embedding,2,334.00285828113556
357,2148,2.5484521160024087e-08,100.0,1.0,0.001,NaN,NaN,NaN,transformer,embedding,2,333.91525841504335
360,2166,2.5801229597277597e-08,100.0,1.0,0.001,4.887138366699219,18.190099716186523,132.5736541748047,transformer,embedding,2,333.8328299447894
363,2184,2.6265734476282887e-08,100.0,1.0,0.001,NaN,NaN,NaN,transformer,embedding,2,333.75425048172474
366,2202,2.757479933279683e-08,100.0,1.0,0.001,NaN,NaN,NaN,transformer,embedding,2,333.6812535300851
367,2208,NaN,NaN,NaN,NaN,4.89708948135376,18.266019821166992,133.8994903564453,transformer,embedding,2,333.65824265033007
369,2220,2.662467224467946e-08,100.0,1.0,0.001,NaN,NaN,NaN,transformer,embedding,2,333.6134413257241
372,2238,2.776482510569167e-08,100.0,1.0,0.001,NaN,NaN,NaN,transformer,embedding,2,333.54938331246376
374,2250,NaN,NaN,NaN,NaN,4.8757004737854,18.357120513916016,131.06593322753906,transformer,embedding,2,333.5119773223996
375,2256,2.7004723790469143e-08,100.0,1.0,0.001,NaN,NaN,NaN,transformer,embedding,2,333.494129575789
378,2274,2.808153354294518e-08,100.0,1.0,0.001,NaN,NaN,NaN,transformer,embedding,2,333.4417523890734
381,2292,2.7954850878586512e-08,100.0,1.0,0.001,4.887922763824463,18.357120513916016,132.6776885986328,transformer,embedding,2,333.3979554325342
384,2310,2.7891509546407178e-08,100.0,1.0,0.001,NaN,NaN,NaN,transformer,embedding,2,333.3577586039901
387,2328,2.8904977966703882e-08,100.0,1.0,0.001,NaN,NaN,NaN,transformer,embedding,2,333.3217276111245
388,2334,NaN,NaN,NaN,NaN,4.855528831481934,18.417856216430664,128.4486083984375,transformer,embedding,2,333.31119131296873
390,2346,2.9116117516991835e-08,100.0,1.0,0.001,NaN,NaN,NaN,transformer,embedding,2,333.2926084920764
393,2364,3.0530749484114494e-08,100.0,1.0,0.001,NaN,NaN,NaN,transformer,embedding,2,333.26756650209427
395,2376,NaN,NaN,NaN,NaN,4.874320983886719,18.463407516479492,130.88525390625,transformer,embedding,2,333.2542824447155
396,2382,2.9306141513529838e-08,100.0,1.0,0.001,NaN,NaN,NaN,transformer,embedding,2,333.2484265267849
399,2400,2.9897332609607474e-08,100.0,1.0,0.001,NaN,NaN,NaN,transformer,embedding,2,333.23475616425276
402,2418,3.234654855077679e-08,100.0,1.0,0.001,4.876511573791504,18.433040618896484,131.1722869873047,transformer,embedding,2,333.2275590673089
406,2442,3.194538322759399e-08,100.0,1.0,0.001,NaN,NaN,NaN,transformer,embedding,2,333.22513527423143
410,2466,3.078411836554551e-08,100.0,1.0,0.001,4.846352577209473,18.341938018798828,127.27531433105469,transformer,embedding,2,333.22850684821606
414,2490,3.2283207218597454e-08,100.0,1.0,0.001,NaN,NaN,NaN,transformer,embedding,2,333.24352940171957
418,2514,3.255768987742158e-08,100.0,1.0,0.001,4.833438873291016,18.52414321899414,125.64228820800781,transformer,embedding,2,333.26382054388523
422,2538,3.23676623281699e-08,100.0,1.0,0.001,NaN,NaN,NaN,transformer,embedding,2,333.2956554964185
426,2562,3.2937737870497585e-08,100.0,1.0,0.001,4.82680606842041,18.478591918945312,124.81168365478516,transformer,embedding,2,333.3346905335784
430,2586,3.329667563889416e-08,100.0,1.0,0.001,NaN,NaN,NaN,transformer,embedding,2,333.38329039514065
434,2610,3.1692017898876657e-08,100.0,1.0,0.001,4.811976432800293,18.341938018798828,122.97442626953125,transformer,embedding,2,333.43747233599424
438,2634,3.553475380613236e-08,100.0,1.0,0.001,NaN,NaN,NaN,transformer,embedding,2,333.50230468809605
442,2658,3.656933600382217e-08,100.0,1.0,0.001,4.823827743530273,18.70634651184082,124.44050598144531,transformer,embedding,2,333.57170989364386
446,2682,3.369784096207695e-08,100.0,1.0,0.001,NaN,NaN,NaN,transformer,embedding,2,333.65251801908016
450,2706,3.4563512940621877e-08,100.0,1.0,0.001,4.817533016204834,18.584877014160156,123.6596450805664,transformer,embedding,2,333.73773769289255
454,2730,3.623151201281871e-08,100.0,1.0,0.001,NaN,NaN,NaN,transformer,embedding,2,333.8321727067232
458,2754,3.623151201281871e-08,100.0,1.0,0.001,4.815991401672363,18.75189781188965,123.46916198730469,transformer,embedding,2,333.9356486424804
462,2778,3.7582804424118876e-08,100.0,1.0,0.001,NaN,NaN,NaN,transformer,embedding,2,334.0471391156316
466,2802,3.887075550323971e-08,100.0,1.0,0.001,NaN,NaN,NaN,transformer,embedding,2,334.16378270089626
467,2808,NaN,NaN,NaN,NaN,4.809875011444092,18.72153091430664,122.71627807617188,transformer,embedding,2,334.1964558362961
470,2826,3.7878400860336114e-08,100.0,1.0,0.001,NaN,NaN,NaN,transformer,embedding,2,334.2900214791298
474,2850,3.7540576869332654e-08,100.0,1.0,0.001,NaN,NaN,NaN,transformer,embedding,2,334.41814013570547
476,2862,NaN,NaN,NaN,NaN,4.782025337219238,18.73671531677246,119.34581756591797,transformer,embedding,2,334.48484975099564
478,2874,3.840624884787758e-08,100.0,1.0,0.001,NaN,NaN,NaN,transformer,embedding,2,334.55393271893263
482,2898,3.8385135070484466e-08,100.0,1.0,0.001,NaN,NaN,NaN,transformer,embedding,2,334.70098592340946
485,2916,NaN,NaN,NaN,NaN,4.78624963760376,18.90373420715332,119.85103607177734,transformer,embedding,2,334.8169012442231
486,2922,3.887075550323971e-08,100.0,1.0,0.001,NaN,NaN,NaN,transformer,embedding,2,334.8539509624243
490,2946,3.975754125917774e-08,100.0,1.0,0.001,NaN,NaN,NaN,transformer,embedding,2,335.0128519386053
494,2970,3.9968679033108856e-08,100.0,1.0,0.001,4.801453113555908,18.94928741455078,121.6871109008789,transformer,embedding,2,335.1814115419984
498,2994,3.9335262158601836e-08,100.0,1.0,0.001,NaN,NaN,NaN,transformer,embedding,2,335.3561681061983
502,3018,4.047541324325721e-08,100.0,1.0,0.001,NaN,NaN,NaN,transformer,embedding,2,335.53667176514864
503,3024,NaN,NaN,NaN,NaN,4.788289546966553,19.101123809814453,120.09577178955078,transformer,embedding,2,335.5832483023405
507,3048,3.8026197302087894e-08,100.0,1.0,0.001,NaN,NaN,NaN,transformer,embedding,2,335.76960061490536
512,3078,3.92296897189226e-08,100.0,1.0,0.001,NaN,NaN,NaN,transformer,embedding,2,336.01545867323875
513,3084,NaN,NaN,NaN,NaN,4.755580902099609,19.055572509765625,116.23115539550781,transformer,embedding,2,336.065211430192
517,3108,4.193227454152293e-08,100.0,1.0,0.001,NaN,NaN,NaN,transformer,embedding,2,336.27102902531624
522,3138,3.7899514637729226e-08,100.0,1.0,0.001,NaN,NaN,NaN,transformer,embedding,2,336.5362720489502
523,3144,NaN,NaN,NaN,NaN,4.737818241119385,18.94928550720215,114.18480682373047,transformer,embedding,2,336.5879414230585
527,3168,4.224898475513328e-08,100.0,1.0,0.001,NaN,NaN,NaN,transformer,embedding,2,336.80960638821125
532,3198,3.9335262158601836e-08,100.0,1.0,0.001,NaN,NaN,NaN,transformer,embedding,2,337.09719721227884
533,3204,NaN,NaN,NaN,NaN,4.788878917694092,18.888551712036133,120.16658020019531,transformer,embedding,2,337.153130851686
537,3228,3.889186928063282e-08,100.0,1.0,0.001,NaN,NaN,NaN,transformer,embedding,2,337.39314925670624
542,3258,3.998979281050197e-08,100.0,1.0,0.001,NaN,NaN,NaN,transformer,embedding,2,337.7017193287611
543,3264,NaN,NaN,NaN,NaN,4.714925289154053,19.101123809814453,111.60047149658203,transformer,embedding,2,337.76488576829433
547,3288,4.214341586816772e-08,100.0,1.0,0.001,NaN,NaN,NaN,transformer,embedding,2,338.0204765126109
552,3318,4.237566741949195e-08,100.0,1.0,0.001,NaN,NaN,NaN,transformer,embedding,2,338.3484278097749
553,3324,NaN,NaN,NaN,NaN,4.763415336608887,19.101123809814453,117.14533233642578,transformer,embedding,2,338.41637336462736
557,3348,4.438149403540592e-08,100.0,1.0,0.001,NaN,NaN,NaN,transformer,embedding,2,338.6851818114519
562,3378,4.214341586816772e-08,100.0,1.0,0.001,NaN,NaN,NaN,transformer,embedding,2,339.0295440405607
564,3390,NaN,NaN,NaN,NaN,4.726731777191162,19.16185760498047,112.92588806152344,transformer,embedding,2,339.16918551176786
567,3408,4.271349141049541e-08,100.0,1.0,0.001,NaN,NaN,NaN,transformer,embedding,2,339.38169929385185
572,3438,4.338913583978865e-08,100.0,1.0,0.001,NaN,NaN,NaN,transformer,embedding,2,339.74311788380146
575,3456,NaN,NaN,NaN,NaN,4.7425007820129395,19.252960205078125,114.72073364257812,transformer,embedding,2,339.96391113102436
577,3468,4.6809596199182124e-08,100.0,1.0,0.001,NaN,NaN,NaN,transformer,embedding,2,340.1146972179413
582,3498,4.277683274267474e-08,100.0,1.0,0.001,NaN,NaN,NaN,transformer,embedding,2,340.49080588668585
586,3522,NaN,NaN,NaN,NaN,4.712945461273193,19.252960205078125,111.37974548339844,transformer,embedding,2,340.8028036803007
587,3528,4.3959211382116337e-08,100.0,1.0,0.001,NaN,NaN,NaN,transformer,embedding,2,340.8805760592222
592,3558,4.419146648615424e-08,100.0,1.0,0.001,NaN,NaN,NaN,transformer,embedding,2,341.2817819416523
597,3588,4.482488336066126e-08,100.0,1.0,0.001,4.715122222900391,19.268144607543945,111.62245178222656,transformer,embedding,2,341.69139693677425
602,3618,0.2366509586572647,89.33758544921875,1.2669987678527832,0.001,NaN,NaN,NaN,transformer,embedding,2,342.4675057679415
608,3654,0.005961401853710413,99.75203704833984,1.0059791803359985,0.001,5.853445529937744,13.194655418395996,348.432861328125,transformer,embedding,2,343.8844103962183
614,3690,0.00019347798661328852,100.0,1.000193476676941,0.001,NaN,NaN,NaN,transformer,embedding,2,343.5304859727621
620,3726,4.467188045964576e-05,100.0,1.0000447034835815,0.001,6.238229751586914,14.606741905212402,511.951416015625,transformer,embedding,2,342.9394092038274
626,3762,2.889965253416449e-05,100.0,1.0000288486480713,0.001,NaN,NaN,NaN,transformer,embedding,2,342.3319322541356
632,3798,2.143722122127656e-05,100.0,1.0000214576721191,0.001,6.282870292663574,14.910415649414062,535.322998046875,transformer,embedding,2,341.72563970834017
638,3834,1.6255684386123903e-05,100.0,1.000016212463379,0.001,NaN,NaN,NaN,transformer,embedding,2,341.12157782912254
644,3870,1.2316678294155281e-05,100.0,1.0000122785568237,0.001,6.331109046936035,15.138172149658203,561.779296875,transformer,embedding,2,340.5204403027892
650,3906,9.246813533536624e-06,100.0,1.000009298324585,0.001,NaN,NaN,NaN,transformer,embedding,2,339.92114821076393
656,3942,6.909457169967936e-06,100.0,1.000006914138794,0.001,6.389941692352295,15.42666244506836,595.8218383789062,transformer,embedding,2,339.3230437487364
662,3978,5.1224637900304515e-06,100.0,1.0000051259994507,0.001,NaN,NaN,NaN,transformer,embedding,2,338.7267910540104
668,4014,3.7863246689084917e-06,100.0,1.0000038146972656,0.001,NaN,NaN,NaN,transformer,embedding,2,338.1329680532217
669,4020,NaN,NaN,NaN,NaN,6.463733196258545,15.806255340576172,641.4512329101562,transformer,embedding,2,338.03422324359417
674,4050,2.7923836114496225e-06,100.0,1.0000027418136597,0.001,NaN,NaN,NaN,transformer,embedding,2,337.5413939356804
680,4086,2.0500272057688562e-06,100.0,1.0000020265579224,0.001,NaN,NaN,NaN,transformer,embedding,2,336.9525280818343
682,4098,NaN,NaN,NaN,NaN,6.538473129272461,16.201032638549805,691.2303466796875,transformer,embedding,2,336.7568217366934
686,4122,1.5046377939142985e-06,100.0,1.0000015497207642,0.001,NaN,NaN,NaN,transformer,embedding,2,336.36631251871586
692,4158,1.1066003935411572e-06,100.0,1.000001072883606,0.001,NaN,NaN,NaN,transformer,embedding,2,335.7829601839185
695,4176,NaN,NaN,NaN,NaN,6.603587627410889,16.51988983154297,737.7371826171875,transformer,embedding,2,335.492560274899
698,4194,8.134558129313518e-07,100.0,1.0000008344650269,0.001,NaN,NaN,NaN,transformer,embedding,2,335.20288340747356
704,4230,6.009022399666719e-07,100.0,1.0000005960464478,0.001,NaN,NaN,NaN,transformer,embedding,2,334.6262372210622
708,4254,NaN,NaN,NaN,NaN,6.6520676612854,16.884300231933594,774.3838500976562,transformer,embedding,2,334.2441411539912
711,4272,4.229331409533188e-07,100.0,1.0000004768371582,0.001,NaN,NaN,NaN,transformer,embedding,2,333.95862413942814
718,4314,2.9916333232904435e-07,100.0,1.0000003576278687,0.001,NaN,NaN,NaN,transformer,embedding,2,333.2974704578519
722,4338,NaN,NaN,NaN,NaN,6.674838542938232,17.248708724975586,792.2195434570312,transformer,embedding,2,332.9227529540658
725,4356,2.1192056465224596e-07,100.0,1.000000238418579,0.001,NaN,NaN,NaN,transformer,embedding,2,332.64378386735916
732,4398,1.5366721584086918e-07,100.0,1.0000001192092896,0.001,NaN,NaN,NaN,transformer,embedding,2,331.99962362647057
736,4422,NaN,NaN,NaN,NaN,6.639272212982178,17.552383422851562,764.5383911132812,transformer,embedding,2,331.6370281726122
739,4440,1.1517651898884651e-07,100.0,1.0000001192092896,0.001,NaN,NaN,NaN,transformer,embedding,2,331.3687509819865
746,4482,9.537164658013353e-08,100.0,1.0000001192092896,0.001,NaN,NaN,NaN,transformer,embedding,2,330.7576169669628
750,4506,NaN,NaN,NaN,NaN,6.443836688995361,17.931976318359375,628.8147583007812,transformer,embedding,2,330.4211961776018
753,4524,8.608151347289095e-08,100.0,1.0000001192092896,0.001,NaN,NaN,NaN,transformer,embedding,2,330.1766842678189
760,4566,7.8860544761028e-08,100.0,1.0000001192092896,0.001,NaN,NaN,NaN,transformer,embedding,2,329.64076133072376
764,4590,NaN,NaN,NaN,NaN,6.075258255004883,18.675979614257812,434.9618225097656,transformer,embedding,2,329.36213080585003
767,4608,7.417325775804784e-08,100.0,1.0000001192092896,0.001,NaN,NaN,NaN,transformer,embedding,2,329.16881393641233
774,4650,6.760681969808502e-08,100.0,1.0000001192092896,0.001,NaN,NaN,NaN,transformer,embedding,2,328.7802216783166
779,4680,NaN,NaN,NaN,NaN,5.600508213043213,19.450349807739258,270.5638732910156,transformer,embedding,2,328.5649870559573
781,4692,6.680448905171943e-08,100.0,1.0000001192092896,0.001,NaN,NaN,NaN,transformer,embedding,2,328.49627048522234
788,4734,6.21383122734187e-08,100.0,1.0000001192092896,0.001,NaN,NaN,NaN,transformer,embedding,2,328.3448807671666
794,4770,NaN,NaN,NaN,NaN,5.170095920562744,19.82994270324707,175.9317169189453,transformer,embedding,2,328.3283015191555
795,4776,5.5592991543562675e-08,100.0,1.0,0.001,NaN,NaN,NaN,transformer,embedding,2,328.3360782265663
802,4818,5.3544940925576157e-08,100.0,1.0,0.001,NaN,NaN,NaN,transformer,embedding,2,328.467402882874
809,4860,NaN,NaN,NaN,NaN,4.924226760864258,20.08806610107422,137.58291625976562,transformer,embedding,2,328.7393452003598
810,4866,5.1771369413700086e-08,100.0,1.0,0.001,NaN,NaN,NaN,transformer,embedding,2,328.78858709335327
818,4914,5.246813117310012e-08,100.0,1.0,0.001,NaN,NaN,NaN,transformer,embedding,2,329.278298728168
825,4956,NaN,NaN,NaN,NaN,4.785949230194092,20.02733039855957,119.8150405883789,transformer,embedding,2,329.812621191144
826,4962,4.8076429948196164e-08,100.0,1.0,0.001,NaN,NaN,NaN,transformer,embedding,2,329.89788906276226
834,5010,5.101126632212072e-08,100.0,1.0,0.001,NaN,NaN,NaN,transformer,embedding,2,330.621555685997
841,5052,NaN,NaN,NaN,NaN,4.722630977630615,20.163984298706055,112.46375274658203,transformer,embedding,2,331.3239466845989
842,5058,4.9702205018320456e-08,100.0,1.0,0.001,NaN,NaN,NaN,transformer,embedding,2,331.42829356342554
850,5106,5.020893922846881e-08,100.0,1.0,0.001,NaN,NaN,NaN,transformer,embedding,2,332.2812002301216
857,5148,NaN,NaN,NaN,NaN,4.692299842834473,20.194351196289062,109.10381317138672,transformer,embedding,2,333.04285023361444
858,5154,4.628174465892698e-08,100.0,1.0,0.001,NaN,NaN,NaN,transformer,embedding,2,333.1505423858762
866,5202,4.832979882962718e-08,100.0,1.0,0.001,NaN,NaN,NaN,transformer,embedding,2,334.05818059295416
874,5250,4.925881214035144e-08,100.0,1.0,0.001,4.6246843338012695,20.148799896240234,101.9705810546875,transformer,embedding,2,334.93615375459194
882,5298,4.862539171313074e-08,100.0,1.0,0.001,NaN,NaN,NaN,transformer,embedding,2,335.8484018072486
890,5346,0.0669228732585907,96.24513244628906,1.0692130327224731,0.001,NaN,NaN,NaN,transformer,embedding,2,338.37946294248104
891,5352,NaN,NaN,NaN,NaN,5.797342300415039,12.131794929504395,329.4228820800781,transformer,embedding,2,338.70178493857384
898,5394,0.006630515679717064,99.61034393310547,1.006652593612671,0.001,NaN,NaN,NaN,transformer,embedding,2,339.2073712646961
906,5442,0.01331112626940012,99.36238098144531,1.0134000778198242,0.001,NaN,NaN,NaN,transformer,embedding,2,339.05627177655697
908,5454,NaN,NaN,NaN,NaN,6.978104591369629,13.042818069458008,1072.8829345703125,transformer,embedding,2,339.1140259951353
915,5496,0.03896666318178177,97.62664031982422,1.0397357940673828,0.001,NaN,NaN,NaN,transformer,embedding,2,339.8719570636749
924,5550,0.005863687954843044,99.61034393310547,1.0058809518814087,0.001,NaN,NaN,NaN,transformer,embedding,2,340.54572539031506
926,5562,NaN,NaN,NaN,NaN,7.175139427185059,13.771636962890625,1306.542236328125,transformer,embedding,2,340.4647116214037
933,5604,0.00013039077748544514,100.0,1.0001304149627686,0.001,NaN,NaN,NaN,transformer,embedding,2,339.97601675987244
942,5658,0.034651950001716614,97.62664031982422,1.0352593660354614,0.001,NaN,NaN,NaN,transformer,embedding,2,340.45064736902714
944,5670,NaN,NaN,NaN,NaN,7.035592079162598,12.389918327331543,1136.3675537109375,transformer,embedding,2,340.8189553320408
951,5712,0.0036818599328398705,99.75203704833984,1.0036886930465698,0.001,NaN,NaN,NaN,transformer,embedding,2,341.3675504922867
960,5766,0.0006974207935854793,99.9645767211914,1.0006976127624512,0.001,NaN,NaN,NaN,transformer,embedding,2,340.92318038642406
962,5778,NaN,NaN,NaN,NaN,7.181103229522705,15.290009498596191,1314.3575439453125,transformer,embedding,2,340.780320674181
969,5820,0.007925262674689293,99.57492065429688,1.0079567432403564,0.001,NaN,NaN,NaN,transformer,embedding,2,340.341315433383
978,5874,0.02015226148068905,98.97272491455078,1.0203566551208496,0.001,NaN,NaN,NaN,transformer,embedding,2,342.1658454835415
981,5892,NaN,NaN,NaN,NaN,7.195757865905762,13.63498306274414,1333.7607421875,transformer,embedding,2,342.36445370316505
987,5928,0.001121701905503869,99.9645767211914,1.0011223554611206,0.001,NaN,NaN,NaN,transformer,embedding,2,342.1865272074938
996,5982,4.2207953811157495e-05,100.0,1.000042200088501,0.001,NaN,NaN,NaN,transformer,embedding,2,341.33124154806137
1000,6006,NaN,NaN,NaN,NaN,7.04198694229126,16.216217041015625,1143.65771484375,transformer,embedding,2,340.92952981591225
1005,6036,2.381824560870882e-05,100.0,1.0000238418579102,0.001,NaN,NaN,NaN,transformer,embedding,2,340.4280088543892
1015,6096,1.5328823792515323e-05,100.0,1.000015377998352,0.001,NaN,NaN,NaN,transformer,embedding,2,339.4310342669487
1019,6120,NaN,NaN,NaN,NaN,6.98100471496582,16.656543731689453,1075.9989013671875,transformer,embedding,2,339.03476744890213
1025,6156,9.98749237623997e-06,100.0,1.0000100135803223,0.001,NaN,NaN,NaN,transformer,embedding,2,338.4433073401451
1035,6216,6.496567038993817e-06,100.0,1.0000064373016357,0.001,NaN,NaN,NaN,transformer,embedding,2,337.4667149633169
1039,6240,NaN,NaN,NaN,NaN,6.926842212677002,17.4309139251709,1019.270263671875,transformer,embedding,2,337.0795175284147
1045,6276,4.1894732021319214e-06,100.0,1.0000041723251343,0.001,NaN,NaN,NaN,transformer,embedding,2,336.5027725696564
1055,6336,2.6721454560174607e-06,100.0,1.0000026226043701,0.001,NaN,NaN,NaN,transformer,embedding,2,335.5529804378748
1059,6360,NaN,NaN,NaN,NaN,6.879648208618164,18.174917221069336,972.2842407226562,transformer,embedding,2,335.17678529024124
1065,6396,1.6920670304898522e-06,100.0,1.0000016689300537,0.001,NaN,NaN,NaN,transformer,embedding,2,334.6172908246517
1075,6456,1.0584828942228341e-06,100.0,1.000001072883606,0.001,NaN,NaN,NaN,transformer,embedding,2,333.69678887724876
1080,6486,NaN,NaN,NaN,NaN,6.833402633666992,18.93410301208496,928.34423828125,transformer,embedding,2,333.2431697398424
1085,6516,6.535605621138529e-07,100.0,1.0000005960464478,0.001,NaN,NaN,NaN,transformer,embedding,2,332.7948147058487
1095,6576,3.9820881170271605e-07,100.0,1.0000003576278687,0.001,NaN,NaN,NaN,transformer,embedding,2,331.9162719845772
1101,6612,NaN,NaN,NaN,NaN,6.800306797027588,19.511083602905273,898.122802734375,transformer,embedding,2,331.4039385765791
1105,6636,2.394953639850428e-07,100.0,1.000000238418579,0.001,NaN,NaN,NaN,transformer,embedding,2,331.0699739307165
1116,6702,1.462562266851819e-07,100.0,1.0000001192092896,0.001,NaN,NaN,NaN,transformer,embedding,2,330.19448241591454
1123,6744,NaN,NaN,NaN,NaN,6.6484293937683105,20.103248596191406,771.571533203125,transformer,embedding,2,329.69001917541027
1127,6768,1.1462755367119826e-07,100.0,1.0000001192092896,0.001,NaN,NaN,NaN,transformer,embedding,2,329.43122275173664
1138,6834,1.0134688466223452e-07,100.0,1.0000001192092896,0.001,NaN,NaN,NaN,transformer,embedding,2,328.8789604604244
1145,6876,NaN,NaN,NaN,NaN,6.052577972412109,20.847251892089844,425.2077941894531,transformer,embedding,2,328.68805883824825
1149,6900,8.964977382674988e-08,100.0,1.0000001192092896,0.001,NaN,NaN,NaN,transformer,embedding,2,328.64531694352627
1160,6966,7.658024259171725e-08,100.0,1.0000001192092896,0.001,NaN,NaN,NaN,transformer,embedding,2,328.7805738300085
1167,7008,NaN,NaN,NaN,NaN,5.402571201324463,21.651988983154297,221.97642517089844,transformer,embedding,2,329.0688987672329
1171,7032,6.982378408793011e-08,100.0,1.0000001192092896,0.001,NaN,NaN,NaN,transformer,embedding,2,329.29956874251366
1182,7098,6.300398069924995e-08,100.0,1.0000001192092896,0.001,NaN,NaN,NaN,transformer,embedding,2,330.1442506611347
1190,7146,NaN,NaN,NaN,NaN,4.932033061981201,22.24415397644043,138.6611328125,transformer,embedding,2,330.91308631002903
1193,7164,5.810554881691132e-08,100.0,1.0,0.001,NaN,NaN,NaN,transformer,embedding,2,331.2204009741545
1204,7230,5.802109370733888e-08,100.0,1.0,0.001,NaN,NaN,NaN,transformer,embedding,2,332.41022677719593
1213,7284,NaN,NaN,NaN,NaN,4.704458236694336,22.274520874023438,110.43843841552734,transformer,embedding,2,333.4200582355261
1216,7302,5.519182622037988e-08,100.0,1.0,0.001,NaN,NaN,NaN,transformer,embedding,2,333.7758284807205
1228,7374,5.9393499896032154e-08,100.0,1.0,0.001,NaN,NaN,NaN,transformer,embedding,2,335.15278811752796
1237,7428,NaN,NaN,NaN,NaN,4.5518693923950195,22.365623474121094,94.80947875976562,transformer,embedding,2,336.2082747519016
1240,7446,5.44106093514074e-08,100.0,1.0,0.001,NaN,NaN,NaN,transformer,embedding,2,336.5614952594042
1252,7518,5.181359696848631e-08,100.0,1.0,0.001,NaN,NaN,NaN,transformer,embedding,2,338.03272873163223
1261,7572,NaN,NaN,NaN,NaN,4.445547103881836,22.5174617767334,85.24650573730469,transformer,embedding,2,339.13636234402657
1264,7590,4.9068784591099757e-08,100.0,1.0,0.001,NaN,NaN,NaN,transformer,embedding,2,339.5251584202051
1276,7662,5.609972575371103e-08,100.0,1.0,0.001,NaN,NaN,NaN,transformer,embedding,2,341.0585337430239
1286,7722,NaN,NaN,NaN,NaN,4.42114782333374,22.65411376953125,83.19171905517578,transformer,embedding,2,342.09660252928734
1288,7734,5.2721496501817455e-08,100.0,1.0,0.001,NaN,NaN,NaN,transformer,embedding,2,342.38030311465263
1300,7806,4.8752077930203086e-08,100.0,1.0,0.001,NaN,NaN,NaN,transformer,embedding,2,343.7644328176975
1311,7872,NaN,NaN,NaN,NaN,4.389729976654053,22.502277374267578,80.61864471435547,transformer,embedding,2,344.9713980704546
1313,7884,5.06101045516516e-08,100.0,1.0,0.001,NaN,NaN,NaN,transformer,embedding,2,345.22462633252144
1326,7962,4.961774990874801e-08,100.0,1.0,0.001,NaN,NaN,NaN,transformer,embedding,2,346.909121081233
1337,8028,NaN,NaN,NaN,NaN,4.3838324546813965,22.623746871948242,80.14459991455078,transformer,embedding,2,348.0915802568197
1339,8040,5.5086257333414324e-08,100.0,1.0,0.001,NaN,NaN,NaN,transformer,embedding,2,348.346560806036
1352,8118,5.677537373571795e-08,100.0,1.0,0.001,NaN,NaN,NaN,transformer,embedding,2,349.92914271354675
1363,8184,NaN,NaN,NaN,NaN,4.339353561401367,22.92742156982422,76.65796661376953,transformer,embedding,2,351.12390145659447
1365,8196,4.9237698362958326e-08,100.0,1.0,0.001,NaN,NaN,NaN,transformer,embedding,2,351.428934276104
1378,8274,5.025116678325503e-08,100.0,1.0,0.001,NaN,NaN,NaN,transformer,embedding,2,352.9127210229635
1390,8346,NaN,NaN,NaN,NaN,4.327322483062744,22.745216369628906,75.74121856689453,transformer,embedding,2,354.5894575417042
1391,8352,5.1285748980944845e-08,100.0,1.0,0.001,NaN,NaN,NaN,transformer,embedding,2,354.7154147773981
1404,8430,4.811865750298239e-08,100.0,1.0,0.001,NaN,NaN,NaN,transformer,embedding,2,356.22231878340244
1417,8508,NaN,NaN,NaN,NaN,4.332834720611572,22.988157272338867,76.15987396240234,transformer,embedding,2,357.3143558651209
1418,8514,4.436037670529913e-08,100.0,1.0,0.001,NaN,NaN,NaN,transformer,embedding,2,357.37556044757366
1432,8598,4.5690555339206185e-08,100.0,1.0,0.001,NaN,NaN,NaN,transformer,embedding,2,358.90501277148724
1445,8676,NaN,NaN,NaN,NaN,4.295456886291504,22.638931274414062,73.36573028564453,transformer,embedding,2,360.40588925778866
1446,8682,4.687293753136146e-08,100.0,1.0,0.001,NaN,NaN,NaN,transformer,embedding,2,360.54344740509987
1460,8766,4.433926292790602e-08,100.0,1.0,0.001,NaN,NaN,NaN,transformer,embedding,2,362.0261164754629
1473,8844,NaN,NaN,NaN,NaN,4.280700206756592,22.578195571899414,72.2910385131836,transformer,embedding,2,363.3449473530054
1474,8850,5.3650509812541713e-08,100.0,1.0,0.001,NaN,NaN,NaN,transformer,embedding,2,363.4899927228689
1488,8934,5.278483783399679e-08,100.0,1.0,0.001,NaN,NaN,NaN,transformer,embedding,2,365.3046121895313
1502,9018,4.419146648615424e-08,100.0,1.0,0.001,4.2655863761901855,22.73003387451172,71.2066650390625,transformer,embedding,2,366.78064090013504
1517,9108,5.40305613583314e-08,100.0,1.0,0.001,NaN,NaN,NaN,transformer,embedding,2,368.0310445576906
1532,9198,4.4423721590192145e-08,100.0,1.0,0.001,4.2644758224487305,22.790767669677734,71.12762451171875,transformer,embedding,2,369.8509873598814
1547,9288,4.467708691890948e-08,100.0,1.0,0.001,NaN,NaN,NaN,transformer,embedding,2,371.2196371406317
1562,9378,4.818199883516172e-08,100.0,1.0,0.001,4.276121139526367,22.775585174560547,71.96076965332031,transformer,embedding,2,373.33134473860264
1577,9468,5.44106093514074e-08,100.0,1.0,0.001,NaN,NaN,NaN,transformer,embedding,2,375.16413432359695
1592,9558,4.398032871222313e-08,100.0,1.0,0.001,NaN,NaN,NaN,transformer,embedding,2,376.2873938679695
1593,9564,NaN,NaN,NaN,NaN,4.257274627685547,22.805952072143555,70.61726379394531,transformer,embedding,2,376.35491801798344
1607,9648,4.509936601948539e-08,100.0,1.0,0.001,NaN,NaN,NaN,transformer,embedding,2,377.6495465040207
1623,9744,4.995557034703779e-08,100.0,1.0,0.001,NaN,NaN,NaN,transformer,embedding,2,379.1459558904171
1624,9750,NaN,NaN,NaN,NaN,4.238105773925781,22.94260597229004,69.27650451660156,transformer,embedding,2,379.30948954820633
1639,9840,4.4571518031943924e-08,100.0,1.0,0.001,NaN,NaN,NaN,transformer,embedding,2,381.15648090839386
1655,9936,4.469820069630259e-08,100.0,1.0,0.001,NaN,NaN,NaN,transformer,embedding,2,382.5023473650217
1656,9942,NaN,NaN,NaN,NaN,4.244791507720947,22.790767669677734,69.74121856689453,transformer,embedding,2,382.6172621399164
1671,10032,4.294574651453331e-08,100.0,1.0,0.001,NaN,NaN,NaN,transformer,embedding,2,384.76269300282
1687,10128,4.5880582888457866e-08,100.0,1.0,0.001,NaN,NaN,NaN,transformer,embedding,2,386.29866746068
1689,10140,NaN,NaN,NaN,NaN,4.22910213470459,22.760400772094727,68.65556335449219,transformer,embedding,2,386.63855570554733
1703,10224,4.317799806585754e-08,100.0,1.0,0.001,NaN,NaN,NaN,transformer,embedding,2,388.0371251553297
1720,10326,5.2109193404703547e-08,100.0,1.0,0.001,NaN,NaN,NaN,transformer,embedding,2,389.64247201383114
1722,10338,NaN,NaN,NaN,NaN,4.2213544845581055,22.988157272338867,68.12569427490234,transformer,embedding,2,389.8313853889704
1737,10428,3.941971726817428e-08,100.0,1.0,0.001,NaN,NaN,NaN,transformer,embedding,2,391.68865951895714
1754,10530,3.9651972372212185e-08,100.0,1.0,0.001,NaN,NaN,NaN,transformer,embedding,2,393.1391704529524
1756,10542,NaN,NaN,NaN,NaN,4.258785247802734,23.200729370117188,70.7240219116211,transformer,embedding,2,393.26339837908745
1771,10632,4.607060688499587e-08,100.0,1.0,0.001,NaN,NaN,NaN,transformer,embedding,2,394.96526519954205
1788,10734,4.241789497427817e-08,100.0,1.0,0.001,NaN,NaN,NaN,transformer,embedding,2,396.9346371740103
1791,10752,NaN,NaN,NaN,NaN,4.255364894866943,22.851503372192383,70.48252868652344,transformer,embedding,2,397.12683123350143
1805,10836,4.0412071911077874e-08,100.0,1.0,0.001,NaN,NaN,NaN,transformer,embedding,2,398.1411536335945
1823,10944,4.309354295628509e-08,100.0,1.0,0.001,NaN,NaN,NaN,transformer,embedding,2,399.6291138380766
1826,10962,NaN,NaN,NaN,NaN,4.216133117675781,23.033708572387695,67.77091217041016,transformer,embedding,2,399.85652711987495
1841,11052,3.893409683541904e-08,100.0,1.0,0.001,NaN,NaN,NaN,transformer,embedding,2,401.03246961534023
1859,11160,3.941971726817428e-08,100.0,1.0,0.001,NaN,NaN,NaN,transformer,embedding,2,402.4354420006275
1862,11178,NaN,NaN,NaN,NaN,4.209536552429199,23.09444236755371,67.32533264160156,transformer,embedding,2,402.64613749086857
1877,11268,3.9609741264712284e-08,100.0,1.0,0.001,NaN,NaN,NaN,transformer,embedding,2,404.6616402566433
1895,11376,4.110883011776423e-08,100.0,1.0,0.001,NaN,NaN,NaN,transformer,embedding,2,406.2138894200325
1899,11400,NaN,NaN,NaN,NaN,4.21257209777832,23.018524169921875,67.53001403808594,transformer,embedding,2,406.49495950341225
1913,11484,3.9483058600353615e-08,100.0,1.0,0.001,NaN,NaN,NaN,transformer,embedding,2,407.6015837788582
1932,11598,0.006646082270890474,99.85830688476562,1.006668210029602,0.001,NaN,NaN,NaN,transformer,embedding,2,411.6182878911495
1936,11622,NaN,NaN,NaN,NaN,7.9286723136901855,15.335559844970703,2775.739013671875,transformer,embedding,2,411.33709767460823
1951,11712,0.02645399607717991,98.54764556884766,1.0268069505691528,0.001,NaN,NaN,NaN,transformer,embedding,2,413.4927932471037
1970,11826,0.02628296986222267,98.54764556884766,1.0266313552856445,0.001,NaN,NaN,NaN,transformer,embedding,2,415.2208909392357
1974,11850,NaN,NaN,NaN,NaN,9.337995529174805,15.563316345214844,11361.611328125,transformer,embedding,2,415.3150427341461
1989,11940,0.031948745250701904,98.44137573242188,1.032464623451233,0.001,NaN,NaN,NaN,transformer,embedding,2,415.5664665699005
2008,12054,0.013982628472149372,99.11441802978516,1.0140808820724487,0.001,NaN,NaN,NaN,transformer,embedding,2,416.54326817393303
2013,12084,NaN,NaN,NaN,NaN,9.676335334777832,15.63923454284668,15935.990234375,transformer,embedding,2,416.75450599193573
2028,12174,0.0036153148394078016,99.75203704833984,1.0036218166351318,0.001,NaN,NaN,NaN,transformer,embedding,2,417.0020815730095
2048,12294,0.006044021341949701,99.53949737548828,1.0060622692108154,0.001,NaN,NaN,NaN,transformer,embedding,2,418.37871891260147
2053,12324,NaN,NaN,NaN,NaN,10.021947860717773,15.927725791931152,22515.244140625,transformer,embedding,2,418.15784737467766
2068,12414,0.019159574061632156,98.72476196289062,1.0193443298339844,0.001,NaN,NaN,NaN,transformer,embedding,2,418.2546055614948
2088,12534,0.02271285653114319,98.76018524169922,1.0229727029800415,0.001,NaN,NaN,NaN,transformer,embedding,2,418.8733444213867
2094,12570,NaN,NaN,NaN,NaN,10.367692947387695,15.563316345214844,31814.994140625,transformer,embedding,2,419.07341569662094
2108,12654,0.009725186973810196,99.32695770263672,1.0097726583480835,0.001,NaN,NaN,NaN,transformer,embedding,2,418.9728505909443
2129,12780,0.007639097515493631,99.3978042602539,1.007668375968933,0.001,NaN,NaN,NaN,transformer,embedding,2,419.66578128933907
2135,12816,NaN,NaN,NaN,NaN,10.559460639953613,15.775888442993164,38540.3359375,transformer,embedding,2,419.7123173177242
2150,12906,0.00482665840536356,99.68119049072266,1.0048383474349976,0.001,NaN,NaN,NaN,transformer,embedding,2,419.91391944885254
2171,13032,0.009756403975188732,99.32695770263672,1.009804129600525,0.001,NaN,NaN,NaN,transformer,embedding,2,420.17456871271133
2177,13068,NaN,NaN,NaN,NaN,10.491485595703125,15.274825096130371,36007.609375,transformer,embedding,2,420.236824542284
2192,13158,0.008836919441819191,99.3978042602539,1.008876085281372,0.001,NaN,NaN,NaN,transformer,embedding,2,419.93170154094696
2213,13284,1.787265318853315e-05,100.0,1.0000178813934326,0.001,NaN,NaN,NaN,transformer,embedding,2,419.5619646906853
2220,13326,NaN,NaN,NaN,NaN,10.45386028289795,15.988460540771484,34677.984375,transformer,embedding,2,418.68982952833176
2235,13416,4.0364539017900825e-06,100.0,1.0000040531158447,0.001,NaN,NaN,NaN,transformer,embedding,2,416.8252484202385
2257,13548,1.5175952512436197e-06,100.0,1.0000015497207642,0.001,NaN,NaN,NaN,transformer,embedding,2,414.117301851511
2264,13590,NaN,NaN,NaN,NaN,10.192537307739258,16.7172794342041,26703.1640625,transformer,embedding,2,413.2636037170887
2279,13680,5.545566068576591e-07,100.0,1.0000005960464478,0.001,NaN,NaN,NaN,transformer,embedding,2,411.44807943701744
2301,13812,1.9038432697016106e-07,100.0,1.000000238418579,0.001,NaN,NaN,NaN,transformer,embedding,2,408.8296540379524
2309,13860,NaN,NaN,NaN,NaN,10.053011894226074,17.947160720825195,23225.634765625,transformer,embedding,2,407.8963114619255
2324,13950,6.790241258158858e-08,100.0,1.0000001192092896,0.001,NaN,NaN,NaN,transformer,embedding,2,406.19417518377304
2347,14088,6.317289091839484e-08,100.0,1.0000001192092896,0.001,NaN,NaN,NaN,transformer,embedding,2,403.9174453318119
2355,14136,NaN,NaN,NaN,NaN,8.542454719543457,20.118432998657227,5127.91650390625,transformer,embedding,2,403.3497113287449
2370,14226,7.533451906738264e-08,100.0,1.0000001192092896,0.001,NaN,NaN,NaN,transformer,embedding,2,402.83139058947563
2393,14364,7.569345683577922e-08,100.0,1.0000001192092896,0.001,NaN,NaN,NaN,transformer,embedding,2,403.8525761663914
2402,14418,NaN,NaN,NaN,NaN,5.245416641235352,23.868812561035156,189.69483947753906,transformer,embedding,2,404.83012023568153
2416,14502,7.280085156935456e-08,100.0,1.0000001192092896,0.001,NaN,NaN,NaN,transformer,embedding,2,406.7622241973877
2440,14646,6.304621535946353e-08,100.0,1.0000001192092896,0.001,NaN,NaN,NaN,transformer,embedding,2,410.4552433490753
2450,14706,NaN,NaN,NaN,NaN,4.385522365570068,25.144245147705078,80.2801513671875,transformer,embedding,2,412.01338985562325
2464,14790,5.7155421728793954e-08,100.0,1.0,0.001,NaN,NaN,NaN,transformer,embedding,2,412.99659913778305
2488,14934,5.6057498198924804e-08,100.0,1.0,0.001,NaN,NaN,NaN,transformer,embedding,2,416.2050595879555
2498,14994,NaN,NaN,NaN,NaN,4.129415512084961,25.280899047851562,62.1415901184082,transformer,embedding,2,416.7182152569294
2512,15078,5.899233457284936e-08,100.0,1.0,0.001,NaN,NaN,NaN,transformer,embedding,2,417.82913678884506
2537,15228,5.346048581600371e-08,100.0,1.0,0.001,NaN,NaN,NaN,transformer,embedding,2,421.2116047143936
2547,15288,NaN,NaN,NaN,NaN,4.054396629333496,25.478286743164062,57.650367736816406,transformer,embedding,2,422.60322561860085
2562,15378,4.83720263844134e-08,100.0,1.0,0.001,NaN,NaN,NaN,transformer,embedding,2,423.5785555243492
2587,15528,4.721076152236492e-08,100.0,1.0,0.001,NaN,NaN,NaN,transformer,embedding,2,425.65141451358795
2597,15588,NaN,NaN,NaN,NaN,3.9885401725769043,25.417552947998047,53.976036071777344,transformer,embedding,2,426.36690467596054
2612,15678,4.575389667138552e-08,100.0,1.0,0.001,NaN,NaN,NaN,transformer,embedding,2,427.4615184366703
2638,15834,4.3705846053399e-08,100.0,1.0,0.001,NaN,NaN,NaN,transformer,embedding,2,429.45830434560776
2648,15894,NaN,NaN,NaN,NaN,3.9512298107147217,25.463104248046875,51.99927520751953,transformer,embedding,2,430.1171962618828
2664,15990,4.465597314151637e-08,100.0,1.0,0.001,NaN,NaN,NaN,transformer,embedding,2,431.37004071474075
2690,16146,4.3283566952823094e-08,100.0,1.0,0.001,NaN,NaN,NaN,transformer,embedding,2,433.36813220381737
2700,16206,NaN,NaN,NaN,NaN,3.8929269313812256,25.447919845581055,49.054256439208984,transformer,embedding,2,434.2271218299866
2716,16302,5.012448411889636e-08,100.0,1.0,0.001,NaN,NaN,NaN,transformer,embedding,2,435.46031615138054
2743,16464,4.2333439864705724e-08,100.0,1.0,0.001,NaN,NaN,NaN,transformer,embedding,2,438.24152997136116
2753,16524,NaN,NaN,NaN,NaN,3.897411823272705,25.463104248046875,49.27475357055664,transformer,embedding,2,439.0869243144989
2770,16626,4.015870658236054e-08,100.0,1.0,0.001,NaN,NaN,NaN,transformer,embedding,2,440.48559725284576
2797,16788,4.0580982130222765e-08,100.0,1.0,0.001,NaN,NaN,NaN,transformer,embedding,2,442.89100620150566
2808,16854,NaN,NaN,NaN,NaN,3.8807969093322754,25.56938934326172,48.46282196044922,transformer,embedding,2,443.71879467368126
2824,16950,4.0686554569902e-08,100.0,1.0,0.001,NaN,NaN,NaN,transformer,embedding,2,445.1586693227291
2852,17118,4.1552226548446924e-08,100.0,1.0,0.001,NaN,NaN,NaN,transformer,embedding,2,447.6645332276821
2864,17190,NaN,NaN,NaN,NaN,3.843569040298462,25.675676345825195,46.69182205200195,transformer,embedding,2,448.75860995054245
2880,17286,3.908189327717082e-08,100.0,1.0,0.001,NaN,NaN,NaN,transformer,embedding,2,450.09085008502007
2908,17454,3.906077949977771e-08,100.0,1.0,0.001,NaN,NaN,NaN,transformer,embedding,2,452.6105124056339
2921,17532,NaN,NaN,NaN,NaN,3.856315851211548,25.645307540893555,47.290802001953125,transformer,embedding,2,453.7321041226387
2937,17628,3.967308259689162e-08,100.0,1.0,0.001,NaN,NaN,NaN,transformer,embedding,2,455.1510648429394
2966,17802,3.8364021293091355e-08,100.0,1.0,0.001,NaN,NaN,NaN,transformer,embedding,2,459.86626130342484
2979,17880,NaN,NaN,NaN,NaN,3.839137315750122,25.675676345825195,46.485355377197266,transformer,embedding,2,460.8056447803974
2995,17976,3.9018551944991486e-08,100.0,1.0,0.001,NaN,NaN,NaN,transformer,embedding,2,462.10762935876846
3024,18150,3.920857949424317e-08,100.0,1.0,0.001,NaN,NaN,NaN,transformer,embedding,2,465.29363828897476
3038,18234,NaN,NaN,NaN,NaN,3.8438172340393066,25.675676345825195,46.70341110229492,transformer,embedding,2,466.5102164745331
3054,18330,3.616817068063938e-08,100.0,1.0,0.001,NaN,NaN,NaN,transformer,embedding,2,468.06520146131516
3084,18510,3.705495643657741e-08,100.0,1.0,0.001,NaN,NaN,NaN,transformer,embedding,2,470.6856577694416
3098,18594,NaN,NaN,NaN,NaN,3.8497560024261475,25.690858840942383,46.981597900390625,transformer,embedding,2,471.9983150959015
3114,18690,3.813176618905345e-08,100.0,1.0,0.001,NaN,NaN,NaN,transformer,embedding,2,473.51313918828964
3145,18876,3.7076070213970524e-08,100.0,1.0,0.001,NaN,NaN,NaN,transformer,embedding,2,476.48143032193184
3159,18960,NaN,NaN,NaN,NaN,3.8140945434570312,25.979351043701172,45.335689544677734,transformer,embedding,2,477.811567902565
3176,19062,3.8511817734843135e-08,100.0,1.0,0.001,NaN,NaN,NaN,transformer,embedding,2,479.4699881672859
3207,19248,3.751946309193954e-08,100.0,1.0,0.001,NaN,NaN,NaN,transformer,embedding,2,482.4651435315609
3222,19338,NaN,NaN,NaN,NaN,3.833181858062744,25.842697143554688,46.20933532714844,transformer,embedding,2,483.9082087278366
3239,19440,3.737166665018776e-08,100.0,1.0,0.001,NaN,NaN,NaN,transformer,embedding,2,485.5686995089054
3271,19632,3.60203742388876e-08,100.0,1.0,0.001,NaN,NaN,NaN,transformer,embedding,2,488.6180856823921
3286,19722,NaN,NaN,NaN,NaN,3.8161351680755615,25.99453353881836,45.42829513549805,transformer,embedding,2,490.07476195693016
3303,19824,3.7582804424118876e-08,100.0,1.0,0.001,NaN,NaN,NaN,transformer,embedding,2,491.7166154384613
3336,20022,3.6949387549611856e-08,100.0,1.0,0.001,NaN,NaN,NaN,transformer,embedding,2,494.9376182258129
3351,20112,NaN,NaN,NaN,NaN,3.86027455329895,25.903430938720703,47.47838592529297,transformer,embedding,2,496.38366827368736
3369,20220,3.559809513831169e-08,100.0,1.0,0.001,NaN,NaN,NaN,transformer,embedding,2,498.3464584350586
3402,20418,3.633708089978427e-08,100.0,1.0,0.001,NaN,NaN,NaN,transformer,embedding,2,502.10901817679405
3418,20514,NaN,NaN,NaN,NaN,3.809638738632202,25.857879638671875,45.134132385253906,transformer,embedding,2,503.5296873152256
3436,20622,3.509136092816334e-08,100.0,1.0,0.001,NaN,NaN,NaN,transformer,embedding,2,505.2221240401268
3470,20826,3.5640322693097914e-08,100.0,1.0,0.001,NaN,NaN,NaN,transformer,embedding,2,508.53640046715736
3486,20922,NaN,NaN,NaN,NaN,3.896444082260132,25.873064041137695,49.227088928222656,transformer,embedding,2,510.1521137058735
3504,21030,3.4669081827587434e-08,100.0,1.0,0.001,NaN,NaN,NaN,transformer,embedding,2,511.7983427643776
3539,21240,3.3064420534856254e-08,100.0,1.0,0.001,NaN,NaN,NaN,transformer,embedding,2,515.1069788038731
3555,21336,NaN,NaN,NaN,NaN,3.873866319656372,25.933799743652344,48.12810516357422,transformer,embedding,2,516.6232554316521
3574,21450,3.557698136091858e-08,100.0,1.0,0.001,NaN,NaN,NaN,transformer,embedding,2,518.4393066167831
3609,21660,3.557698136091858e-08,100.0,1.0,0.001,NaN,NaN,NaN,transformer,embedding,2,521.7761790156364
3626,21762,NaN,NaN,NaN,NaN,3.902266502380371,26.02490234375,49.51454544067383,transformer,embedding,2,523.4958610236645
3645,21876,3.3718954739470064e-08,100.0,1.0,0.001,NaN,NaN,NaN,transformer,embedding,2,525.2559413611889
3681,22092,3.4225688949618416e-08,100.0,1.0,0.001,NaN,NaN,NaN,transformer,embedding,2,528.5780150294304
3698,22194,NaN,NaN,NaN,NaN,3.917140007019043,25.903430938720703,50.25650405883789,transformer,embedding,2,530.0934199690819
3717,22308,3.3740068516863175e-08,100.0,1.0,0.001,NaN,NaN,NaN,transformer,embedding,2,531.8135466277599
3754,22530,3.316999297453549e-08,100.0,1.0,0.001,NaN,NaN,NaN,transformer,embedding,2,535.1578973531723
3771,22632,NaN,NaN,NaN,NaN,3.871047019958496,26.040084838867188,47.992610931396484,transformer,embedding,2,536.6302808523178
3791,22752,3.2156524554238786e-08,100.0,1.0,0.001,NaN,NaN,NaN,transformer,embedding,2,538.511487185955
3828,22974,0.1413201242685318,94.79277038574219,1.151793360710144,0.001,NaN,NaN,NaN,transformer,embedding,2,546.0367232561111
3846,23082,NaN,NaN,NaN,NaN,11.67623519897461,15.53294849395752,117740.1328125,transformer,embedding,2,551.8482914566994
3866,23202,0.0203213170170784,99.22068786621094,1.0205291509628296,0.001,NaN,NaN,NaN,transformer,embedding,2,553.8427475988865
3904,23430,0.01821710355579853,99.00814819335938,1.0183840990066528,0.001,NaN,NaN,NaN,transformer,embedding,2,556.6163426935673
3922,23538,NaN,NaN,NaN,NaN,12.756098747253418,14.986334800720215,346659.65625,transformer,embedding,2,557.2100756764412
3943,23664,0.01412973552942276,99.29153442382812,1.0142300128936768,0.001,NaN,NaN,NaN,transformer,embedding,2,557.4609984755516
3982,23898,0.006397106219083071,99.68119049072266,1.0064176321029663,0.001,NaN,NaN,NaN,transformer,embedding,2,558.689775198698
4000,24006,NaN,NaN,NaN,NaN,11.948593139648438,16.12511444091797,154599.5,transformer,embedding,2,559.3616565167904
4021,24132,0.01783725991845131,99.11441802978516,1.0179972648620605,0.001,NaN,NaN,NaN,transformer,embedding,2,559.0229114294052
4061,24372,0.008883834816515446,99.61034393310547,1.0089234113693237,0.001,NaN,NaN,NaN,transformer,embedding,2,558.73878210783
4079,24480,NaN,NaN,NaN,NaN,11.961996078491211,16.034011840820312,156685.53125,transformer,embedding,2,559.2441340982914
4101,24612,0.009149941615760326,99.4332275390625,1.0091919898986816,0.001,NaN,NaN,NaN,transformer,embedding,2,558.5819650292397
4142,24858,1.4821240483797737e-06,100.0,1.0000014305114746,0.001,NaN,NaN,NaN,transformer,embedding,2,553.1759842038155
4160,24966,NaN,NaN,NaN,NaN,11.968913078308105,17.2335262298584,157773.078125,transformer,embedding,2,550.2044476270676
4183,25104,2.3265405957317853e-07,100.0,1.000000238418579,0.001,NaN,NaN,NaN,transformer,embedding,2,546.4397728145123
4224,25350,3.7561690646725765e-08,100.0,1.0,0.001,NaN,NaN,NaN,transformer,embedding,2,539.828773856163
4243,25464,NaN,NaN,NaN,NaN,11.42831802368164,18.311569213867188,91887.2890625,transformer,embedding,2,536.845223158598
4266,25602,8.086637137694197e-08,100.0,1.0000001192092896,0.001,NaN,NaN,NaN,transformer,embedding,2,533.6688199937344
4308,25854,7.058388717950947e-08,100.0,1.0000001192092896,0.001,NaN,NaN,NaN,transformer,embedding,2,533.9524604976177
4327,25968,NaN,NaN,NaN,NaN,4.538408279418945,25.37200164794922,93.54178619384766,transformer,embedding,2,534.433987557888
4351,26112,6.104038874354956e-08,100.0,1.0000001192092896,0.001,NaN,NaN,NaN,transformer,embedding,2,535.7689470648766
4394,26370,5.1602459194555195e-08,100.0,1.0,0.001,NaN,NaN,NaN,transformer,embedding,2,537.8781654536724
4413,26484,NaN,NaN,NaN,NaN,3.7986183166503906,26.450044631958008,44.63946533203125,transformer,embedding,2,539.3484578430653
4437,26628,4.7105189082685683e-08,100.0,1.0,0.001,NaN,NaN,NaN,transformer,embedding,2,541.5365291833878
4481,26892,4.497268335512672e-08,100.0,1.0,0.001,NaN,NaN,NaN,transformer,embedding,2,544.4457849562168
4501,27012,NaN,NaN,NaN,NaN,3.678597927093506,26.66261863708496,39.59084701538086,transformer,embedding,2,545.9404696822166
4525,27156,4.191116076412982e-08,100.0,1.0,0.001,NaN,NaN,NaN,transformer,embedding,2,547.7199789881706
4570,27426,4.0623213237722666e-08,100.0,1.0,0.001,NaN,NaN,NaN,transformer,embedding,2,551.310212045908
4591,27552,NaN,NaN,NaN,NaN,3.7858777046203613,26.571516036987305,44.074337005615234,transformer,embedding,2,552.9931270778179
4615,27696,4.083435101165378e-08,100.0,1.0,0.001,NaN,NaN,NaN,transformer,embedding,2,554.5991968512535
4661,27972,3.876518661627415e-08,100.0,1.0,0.001,NaN,NaN,NaN,transformer,embedding,2,558.4898382127285
4682,28098,NaN,NaN,NaN,NaN,3.618947744369507,26.84482192993164,37.298301696777344,transformer,embedding,2,560.2759867608547
4707,28248,3.722387020843598e-08,100.0,1.0,0.001,NaN,NaN,NaN,transformer,embedding,2,562.4469675123692
4754,28530,3.859627284441558e-08,100.0,1.0,0.001,NaN,NaN,NaN,transformer,embedding,2,566.6418136656284
4775,28656,NaN,NaN,NaN,NaN,3.6051909923553467,26.996660232543945,36.7887077331543,transformer,embedding,2,568.4847334623337
4801,28812,3.6125943125853155e-08,100.0,1.0,0.001,NaN,NaN,NaN,transformer,embedding,2,570.8213234245777
4849,29100,0.047717779874801636,98.22883605957031,1.0488746166229248,0.001,NaN,NaN,NaN,transformer,embedding,2,584.9786355793476
4870,29226,NaN,NaN,NaN,NaN,14.814160346984863,16.778013229370117,2714614.0,transformer,embedding,2,586.5263543725014
4897,29388,0.023618388921022415,98.866455078125,1.0238995552062988,0.001,NaN,NaN,NaN,transformer,embedding,2,588.3070106208324
4945,29676,0.018977178260684013,98.9018783569336,1.0191583633422852,0.001,NaN,NaN,NaN,transformer,embedding,2,590.0555652976036
4967,29808,NaN,NaN,NaN,NaN,12.744278907775879,15.97327709197998,342586.3125,transformer,embedding,2,590.3926821649075
4994,29970,0.012507300823926926,99.32695770263672,1.0125858783721924,0.001,NaN,NaN,NaN,transformer,embedding,2,590.5289568006992
5043,30264,0.016640767455101013,99.25611114501953,1.0167800188064575,0.001,NaN,NaN,NaN,transformer,embedding,2,590.2990748286247
5066,30402,NaN,NaN,NaN,NaN,11.720430374145508,16.580625534057617,123060.375,transformer,embedding,2,590.1235728263855
5093,30564,0.01530646812170744,99.22068786621094,1.0154242515563965,0.001,NaN,NaN,NaN,transformer,embedding,2,589.6329983174801
5143,30864,0.013440501876175404,99.18526458740234,1.01353120803833,0.001,NaN,NaN,NaN,transformer,embedding,2,588.4598442912102
5167,31008,NaN,NaN,NaN,NaN,11.981318473815918,16.7172794342041,159742.515625,transformer,embedding,2,586.860817193985
5194,31170,0.010788079351186752,99.64576721191406,1.010846495628357,0.001,NaN,NaN,NaN,transformer,embedding,2,585.6658645868301
5245,31476,0.008320952765643597,99.57492065429688,1.0083556175231934,0.001,NaN,NaN,NaN,transformer,embedding,2,582.9499031305313
5270,31626,NaN,NaN,NaN,NaN,11.913431167602539,17.157608032226562,149257.9375,transformer,embedding,2,582.2425054013729
5297,31788,2.768996637314558e-06,100.0,1.0000027418136597,0.001,NaN,NaN,NaN,transformer,embedding,2,579.2787663042545
5349,32100,2.3138716187531827e-07,100.0,1.000000238418579,0.001,NaN,NaN,NaN,transformer,embedding,2,570.3263341784477
5375,32256,NaN,NaN,NaN,NaN,11.449633598327637,18.28120231628418,93866.9453125,transformer,embedding,2,565.9181030094624
5402,32418,2.7194747787007145e-08,100.0,1.0,0.001,NaN,NaN,NaN,transformer,embedding,2,561.3969184458256
5456,32742,9.89398998285651e-08,100.0,1.0000001192092896,0.001,NaN,NaN,NaN,transformer,embedding,2,554.2252555787563
5482,32898,NaN,NaN,NaN,NaN,4.474937438964844,25.463104248046875,87.78910827636719,transformer,embedding,2,553.845838457346
5510,33066,7.48488986346274e-08,100.0,1.0000001192092896,0.001,NaN,NaN,NaN,transformer,embedding,2,556.4507250189781
5565,33396,6.585436551631574e-08,100.0,1.0000001192092896,0.001,NaN,NaN,NaN,transformer,embedding,2,560.1014626026154
5591,33552,NaN,NaN,NaN,NaN,3.6147284507751465,26.966291427612305,37.141258239746094,transformer,embedding,2,561.6330995559692
5620,33726,5.1264635203551734e-08,100.0,1.0,0.001,NaN,NaN,NaN,transformer,embedding,2,563.6051557064056
5676,34062,4.7780837064692605e-08,100.0,1.0,0.001,NaN,NaN,NaN,transformer,embedding,2,566.6975109577179
5702,34218,NaN,NaN,NaN,NaN,3.581932783126831,27.209232330322266,35.94294357299805,transformer,embedding,2,568.7855236530304
5732,34398,4.847759527137896e-08,100.0,1.0,0.001,NaN,NaN,NaN,transformer,embedding,2,570.282038718462
5789,34740,4.8414253939199625e-08,100.0,1.0,0.001,NaN,NaN,NaN,transformer,embedding,2,574.2335330545902
5816,34902,NaN,NaN,NaN,NaN,3.423626661300659,27.436986923217773,30.68048095703125,transformer,embedding,2,576.1343211829662
5846,35082,4.208007453598839e-08,100.0,1.0,0.001,NaN,NaN,NaN,transformer,embedding,2,578.503625780344
5904,35430,4.1552226548446924e-08,100.0,1.0,0.001,NaN,NaN,NaN,transformer,embedding,2,583.2372336089611
5932,35598,NaN,NaN,NaN,NaN,4.6778388023376465,26.055269241333008,107.53741455078125,transformer,embedding,2,585.4576032161713
5963,35784,0.01355777122080326,99.36238098144531,1.0136500597000122,0.001,NaN,NaN,NaN,transformer,embedding,2,597.400311768055
6022,36138,0.018917085602879524,99.11441802978516,1.019097089767456,0.001,NaN,NaN,NaN,transformer,embedding,2,599.7880792021751
6050,36306,NaN,NaN,NaN,NaN,12.089247703552246,17.279077529907227,177948.1875,transformer,embedding,2,599.0072720050812
6082,36498,0.007287758402526379,99.57492065429688,1.0073143243789673,0.001,NaN,NaN,NaN,transformer,embedding,2,599.3649579584599
6142,36858,0.008368770591914654,99.4686508178711,1.0084038972854614,0.001,NaN,NaN,NaN,transformer,embedding,2,597.9104207754135
6170,37026,NaN,NaN,NaN,NaN,11.46664047241211,17.38536262512207,95476.984375,transformer,embedding,2,597.7074458599091
6203,37224,1.2521442158686114e-06,100.0,1.000001311302185,0.001,NaN,NaN,NaN,transformer,embedding,2,593.6983317136765
6265,37596,6.667777086022397e-08,100.0,1.0000001192092896,0.001,NaN,NaN,NaN,transformer,embedding,2,582.7811033427715
6293,37764,NaN,NaN,NaN,NaN,11.51567554473877,19.81475830078125,100275.3828125,transformer,embedding,2,577.9356020092964
6327,37968,5.916124479199425e-08,100.0,1.0,0.001,NaN,NaN,NaN,transformer,embedding,2,572.2154092788696
6390,38346,6.361628379636386e-08,100.0,1.0000001192092896,0.001,NaN,NaN,NaN,transformer,embedding,2,568.9825085401535
6418,38514,NaN,NaN,NaN,NaN,3.646155834197998,27.13331413269043,38.32704544067383,transformer,embedding,2,569.9749927818775
6453,38724,4.9997801454537694e-08,100.0,1.0,0.001,NaN,NaN,NaN,transformer,embedding,2,571.9313597977161
6517,39108,4.655622731775111e-08,100.0,1.0,0.001,NaN,NaN,NaN,transformer,embedding,2,577.2404653131962
6546,39282,NaN,NaN,NaN,NaN,3.4096086025238037,27.51290512084961,30.253400802612305,transformer,embedding,2,580.4876852631569
6582,39498,4.1404426553981466e-08,100.0,1.0,0.001,NaN,NaN,NaN,transformer,embedding,2,584.8028413057327
6647,39888,1.5307637113437522e-06,100.0,1.0000015497207642,0.001,NaN,NaN,NaN,transformer,embedding,2,594.8777939975262
6676,40062,NaN,NaN,NaN,NaN,13.351118087768555,18.28120231628418,628516.8125,transformer,embedding,2,589.7343057990074
6713,40284,7.964165860130379e-08,100.0,1.0000001192092896,0.001,NaN,NaN,NaN,transformer,embedding,2,583.2546789646149
6780,40686,3.813176618905345e-08,100.0,1.0,0.001,NaN,NaN,NaN,transformer,embedding,2,571.8037713766098
6809,40860,NaN,NaN,NaN,NaN,5.136454105377197,24.369874954223633,170.1114959716797,transformer,embedding,2,568.0137464106083
6847,41088,4.991334279225157e-08,100.0,1.0,0.001,NaN,NaN,NaN,transformer,embedding,2,567.8596263229847
6915,41496,0.0015682310331612825,99.85830688476562,1.0015695095062256,0.001,NaN,NaN,NaN,transformer,embedding,2,582.7921099960804
6945,41676,NaN,NaN,NaN,NaN,11.30329418182373,16.9146671295166,81088.3203125,transformer,embedding,2,584.4616065621376
6984,41910,0.0038229823112487793,99.71661376953125,1.0038303136825562,0.001,NaN,NaN,NaN,transformer,embedding,2,587.1800635159016
7053,42324,0.016937900334596634,99.22068786621094,1.0170822143554688,0.001,NaN,NaN,NaN,transformer,embedding,2,589.0742968916893
7083,42504,NaN,NaN,NaN,NaN,10.315591812133789,17.218341827392578,30199.837890625,transformer,embedding,2,588.764779895544
7123,42744,0.012650537304580212,99.32695770263672,1.0127308368682861,0.001,NaN,NaN,NaN,transformer,embedding,2,588.2329464256763
7194,43170,5.407241587818135e-07,100.0,1.0000005960464478,0.001,NaN,NaN,NaN,transformer,embedding,2,579.4013580679893
7224,43350,NaN,NaN,NaN,NaN,9.643674850463867,20.148799896240234,15423.919921875,transformer,embedding,2,574.2379544377327
7265,43596,2.787038866358671e-08,100.0,1.0,0.001,NaN,NaN,NaN,transformer,embedding,2,567.2945790886879
7337,44028,7.843826921316577e-08,100.0,1.0000001192092896,0.001,NaN,NaN,NaN,transformer,embedding,2,561.2994599044323
7368,44214,NaN,NaN,NaN,NaN,3.5577871799468994,27.178863525390625,35.085472106933594,transformer,embedding,2,564.8614225387573
7410,44466,5.675425640561116e-08,100.0,1.0,0.001,NaN,NaN,NaN,transformer,embedding,2,568.8133113980293
7484,44910,5.058898722154481e-08,100.0,1.0,0.001,NaN,NaN,NaN,transformer,embedding,2,574.8445151150227
7515,45096,NaN,NaN,NaN,NaN,3.140983819961548,27.831764221191406,23.12660789489746,transformer,embedding,2,575.9185901284218
7558,45354,4.97866601278929e-08,100.0,1.0,0.001,NaN,NaN,NaN,transformer,embedding,2,578.725422501564
7633,45804,0.0075614876113832,99.68119049072266,1.0075901746749878,0.001,NaN,NaN,NaN,transformer,embedding,2,590.9172956943512
7665,45996,NaN,NaN,NaN,NaN,9.55215072631836,18.660795211791992,14074.93359375,transformer,embedding,2,591.4774449169636
7709,46260,0.009468182921409607,99.50407409667969,1.0095131397247314,0.001,NaN,NaN,NaN,transformer,embedding,2,592.8028523921967
7786,46722,6.223467607924249e-07,100.0,1.0000005960464478,0.001,NaN,NaN,NaN,transformer,embedding,2,586.243577092886
7818,46914,NaN,NaN,NaN,NaN,9.367179870605469,21.439416885375977,11698.078125,transformer,embedding,2,580.661880671978
7863,47184,2.1916264358878834e-08,100.0,1.0,0.001,NaN,NaN,NaN,transformer,embedding,2,572.9364097416401
7941,47652,7.58834843850309e-08,100.0,1.0000001192092896,0.001,NaN,NaN,NaN,transformer,embedding,2,567.2360031306744
7974,47850,NaN,NaN,NaN,NaN,3.3254215717315674,27.862133026123047,27.810720443725586,transformer,embedding,2,570.2232387363911
8020,48126,5.8295576366163004e-08,100.0,1.0,0.001,NaN,NaN,NaN,transformer,embedding,2,572.61765396595
8100,48606,5.371385114472105e-08,100.0,1.0,0.001,NaN,NaN,NaN,transformer,embedding,2,577.6253307759762
8133,48804,NaN,NaN,NaN,NaN,9.653620719909668,16.656543731689453,15578.08984375,transformer,embedding,2,581.372181147337
8181,49092,6.2236347275757e-07,100.0,1.0000005960464478,0.001,NaN,NaN,NaN,transformer,embedding,2,583.47542527318
8262,49578,1.2710588137565537e-08,100.0,1.0,0.001,NaN,NaN,NaN,transformer,embedding,2,569.5565306246281
8295,49776,NaN,NaN,NaN,NaN,6.6694817543029785,23.732158660888672,787.9871215820312,transformer,embedding,2,564.7348714768887
8344,50070,5.8950107018063136e-08,100.0,1.0,0.001,NaN,NaN,NaN,transformer,embedding,2,564.3580498695374
8427,50568,0.013405210338532925,99.36238098144531,1.0134954452514648,0.001,NaN,NaN,NaN,transformer,embedding,2,575.8849074840546
8460,50766,NaN,NaN,NaN,NaN,8.633055686950684,19.708473205566406,5614.20751953125,transformer,embedding,2,581.9080338776112
8511,51072,0.0019524380331858993,99.82288360595703,1.0019543170928955,0.001,NaN,NaN,NaN,transformer,embedding,2,583.8223809301853
8596,51582,0.010085953399538994,99.36238098144531,1.0101369619369507,0.001,NaN,NaN,NaN,transformer,embedding,2,584.1241357624531
8629,51780,NaN,NaN,NaN,NaN,8.018218040466309,20.163984298706055,3035.762939453125,transformer,embedding,2,583.3500247597694
8681,52092,0.002203586045652628,99.82288360595703,1.0022059679031372,0.001,NaN,NaN,NaN,transformer,embedding,2,581.3877912461758
8767,52608,0.01023663580417633,99.4332275390625,1.010289192199707,0.001,NaN,NaN,NaN,transformer,embedding,2,579.6205625236034
8801,52812,NaN,NaN,NaN,NaN,7.016509056091309,22.502277374267578,1114.8878173828125,transformer,embedding,2,578.1940988302231
8854,53130,5.233275714999763e-07,100.0,1.0000004768371582,0.001,NaN,NaN,NaN,transformer,embedding,2,569.216466486454
8942,53658,6.9612646313999e-08,100.0,1.0000001192092896,0.001,NaN,NaN,NaN,transformer,embedding,2,554.7315261662006
8977,53868,NaN,NaN,NaN,NaN,3.4074594974517822,28.788339614868164,30.188453674316406,transformer,embedding,2,551.7453548312187
9031,54192,7.476444352505496e-08,100.0,1.0000001192092896,0.001,NaN,NaN,NaN,transformer,embedding,2,556.0912036597729
9121,54732,5.468509201023153e-08,100.0,1.0,0.001,NaN,NaN,NaN,transformer,embedding,2,564.2947599887848
9156,54942,NaN,NaN,NaN,NaN,4.900594711303711,21.59125518798828,134.3696746826172,transformer,embedding,2,566.8555522561073
9212,55278,0.00032973525230772793,99.9645767211914,1.0003297328948975,0.001,NaN,NaN,NaN,transformer,embedding,2,574.750371068716
9304,55830,2.6096818928067478e-08,100.0,1.0,0.001,NaN,NaN,NaN,transformer,embedding,2,559.1718411743641
9339,56040,NaN,NaN,NaN,NaN,7.960184097290039,24.293956756591797,2864.600341796875,transformer,embedding,2,553.4406197071075
9397,56388,6.203273983373947e-08,100.0,1.0000001192092896,0.001,NaN,NaN,NaN,transformer,embedding,2,552.9834266901016
9490,56946,5.901344835024247e-08,100.0,1.0,0.001,NaN,NaN,NaN,transformer,embedding,2,558.669797450304
9525,57156,NaN,NaN,NaN,NaN,2.502476930618286,29.77528190612793,12.212706565856934,transformer,embedding,2,561.1574624180794
9584,57510,0.008265748620033264,99.64576721191406,1.0082999467849731,0.001,NaN,NaN,NaN,transformer,embedding,2,572.3139705359936
9679,58080,0.004509467165917158,99.68119049072266,1.0045197010040283,0.001,NaN,NaN,NaN,transformer,embedding,2,577.0456289350986
9715,58296,NaN,NaN,NaN,NaN,7.049719333648682,23.15517807006836,1152.5352783203125,transformer,embedding,2,577.3447428643703
9775,58656,0.0017480485839769244,99.82288360595703,1.0017496347427368,0.001,NaN,NaN,NaN,transformer,embedding,2,575.511877566576
9872,59238,1.4693175387492374e-07,100.0,1.0000001192092896,0.001,NaN,NaN,NaN,transformer,embedding,2,562.2839824259281
9909,59460,NaN,NaN,NaN,NaN,6.01785945892334,27.96841812133789,410.69854736328125,transformer,embedding,2,556.1664576530457
9970,59826,7.58834843850309e-08,100.0,1.0000001192092896,0.001,NaN,NaN,NaN,transformer,embedding,2,550.1075434982777
10069,60420,5.8971224348169926e-08,100.0,1.0,0.001,NaN,NaN,NaN,transformer,embedding,2,557.6858505308628
10107,60648,NaN,NaN,NaN,NaN,2.235717296600342,30.944427490234375,9.353188514709473,transformer,embedding,2,559.7930605709553
10169,61020,5.012448056618268e-08,100.0,1.0,0.001,NaN,NaN,NaN,transformer,embedding,2,563.7648213803768
10270,61626,1.2174261598829617e-07,100.0,1.0000001192092896,0.001,NaN,NaN,NaN,transformer,embedding,2,562.8623739182949
10309,61860,NaN,NaN,NaN,NaN,7.306332111358643,26.131187438964844,1489.703125,transformer,embedding,2,556.356762856245
10372,62238,4.832979882962718e-08,100.0,1.0,0.001,NaN,NaN,NaN,transformer,embedding,2,548.1228226721287
10475,62856,5.9076789682421804e-08,100.0,1.0,0.001,NaN,NaN,NaN,transformer,embedding,2,556.396991610527
10515,63096,NaN,NaN,NaN,NaN,7.005130290985107,25.053142547607422,1102.273681640625,transformer,embedding,2,568.1601223349571
10579,63480,1.3992162450904289e-07,100.0,1.0000001192092896,0.001,NaN,NaN,NaN,transformer,embedding,2,557.4010599553585
10684,64110,6.361629090179122e-08,100.0,1.0000001192092896,0.001,NaN,NaN,NaN,transformer,embedding,2,544.712281525135
10725,64356,NaN,NaN,NaN,NaN,2.2522761821746826,31.263286590576172,9.509356498718262,transformer,embedding,2,546.6515000760555
10790,64746,5.025116678325503e-08,100.0,1.0,0.001,NaN,NaN,NaN,transformer,embedding,2,552.8287520110607
10897,65388,4.243900875167128e-08,100.0,1.0,0.001,NaN,NaN,NaN,transformer,embedding,2,561.9482515454292
10939,65640,NaN,NaN,NaN,NaN,2.224144697189331,30.777406692504883,9.245572090148926,transformer,embedding,2,565.4915165007114
11005,66036,4.2206757200347056e-08,100.0,1.0,0.001,NaN,NaN,NaN,transformer,embedding,2,570.9100358486176
11115,66696,0.004168895073235035,99.78746032714844,1.0041775703430176,0.001,NaN,NaN,NaN,transformer,embedding,2,594.4303700327873
11157,66948,NaN,NaN,NaN,NaN,6.099306583404541,26.313392639160156,445.5487060546875,transformer,embedding,2,596.209729462862
11226,67362,1.0923079116764711e-06,100.0,1.000001072883606,0.001,NaN,NaN,NaN,transformer,embedding,2,591.586361348629
11338,68034,4.611283088706841e-08,100.0,1.0,0.001,NaN,NaN,NaN,transformer,embedding,2,572.5043666362762
11380,68286,NaN,NaN,NaN,NaN,2.251865863800049,33.99635696411133,9.505455017089844,transformer,embedding,2,571.4945003986359
11451,68712,0.014350080862641335,99.04357147216797,1.0144535303115845,0.001,NaN,NaN,NaN,transformer,embedding,2,582.3928878605366
11565,69396,9.518150534404413e-08,100.0,1.0000001192092896,0.001,NaN,NaN,NaN,transformer,embedding,2,571.4447758197784
11607,69648,NaN,NaN,NaN,NaN,5.403390884399414,30.504098892211914,222.158447265625,transformer,embedding,2,564.3881314992905
11680,70086,6.053365098068753e-08,100.0,1.0000001192092896,0.001,NaN,NaN,NaN,transformer,embedding,2,561.9508739113808
11796,70782,4.8899874371954866e-08,100.0,1.0,0.001,NaN,NaN,NaN,transformer,embedding,2,568.4707196652889
11839,71040,NaN,NaN,NaN,NaN,1.8802273273468018,33.17643356323242,6.554994583129883,transformer,embedding,2,571.6570189297199
11913,71484,4.176336432237804e-08,100.0,1.0,0.001,NaN,NaN,NaN,transformer,embedding,2,577.365970402956
12032,72198,4.159445410323315e-08,100.0,1.0,0.001,NaN,NaN,NaN,transformer,embedding,2,587.4543868303299
12075,72456,NaN,NaN,NaN,NaN,1.907481074333191,32.59945297241211,6.736099720001221,transformer,embedding,2,591.4019835293293
12152,72918,3.998979281050197e-08,100.0,1.0,0.001,NaN,NaN,NaN,transformer,embedding,2,598.3043984174728
12273,73644,0.011473294347524643,99.32695770263672,1.011539340019226,0.001,NaN,NaN,NaN,transformer,embedding,2,619.039641559124
12316,73902,NaN,NaN,NaN,NaN,4.757622718811035,30.731855392456055,116.46871948242188,transformer,embedding,2,619.6062791347504
12395,74376,0.005197501741349697,99.64576721191406,1.0052109956741333,0.001,NaN,NaN,NaN,transformer,embedding,2,616.8642538487911
12518,75114,2.060924799707209e-07,100.0,1.000000238418579,0.001,NaN,NaN,NaN,transformer,embedding,2,603.3344929516315
12562,75378,NaN,NaN,NaN,NaN,3.3907041549682617,39.7509880065918,29.68684959411621,transformer,embedding,2,595.471868544817
12643,75864,8.043247134992271e-07,100.0,1.0000008344650269,0.001,NaN,NaN,NaN,transformer,embedding,2,586.8130202889442
12769,76620,7.848049676795199e-08,100.0,1.0000001192092896,0.001,NaN,NaN,NaN,transformer,embedding,2,566.4721620678902
12813,76884,NaN,NaN,NaN,NaN,1.237858772277832,46.58366394042969,3.4482221603393555,transformer,embedding,2,567.6957282721996
12896,77382,5.603638442153169e-08,100.0,1.0,0.001,NaN,NaN,NaN,transformer,embedding,2,572.5556640923023
13024,78150,4.7105189082685683e-08,100.0,1.0,0.001,NaN,NaN,NaN,transformer,embedding,2,579.2107457816601
13069,78420,NaN,NaN,NaN,NaN,1.3740519285202026,39.61433410644531,3.951328754425049,transformer,embedding,2,582.5959201455116
13154,78930,0.0008928488241508603,99.92915344238281,1.000893235206604,0.001,NaN,NaN,NaN,transformer,embedding,2,599.0081007778645
13285,79716,1.3153978350999296e-08,100.0,1.0,0.001,NaN,NaN,NaN,transformer,embedding,2,576.6854322254658
13330,79986,NaN,NaN,NaN,NaN,1.8049731254577637,40.29759979248047,6.079808235168457,transformer,embedding,2,570.340541601181
13417,80508,4.455040425455081e-08,100.0,1.0,0.001,NaN,NaN,NaN,transformer,embedding,2,573.6719721853733
13551,81312,0.0004284213064238429,100.0,1.000428557395935,0.001,NaN,NaN,NaN,transformer,embedding,2,592.8668534755707
13596,81582,NaN,NaN,NaN,NaN,3.0525827407836914,40.51017379760742,21.169950485229492,transformer,embedding,2,584.9615723192692
13686,82122,3.2262089888490664e-08,100.0,1.0,0.001,NaN,NaN,NaN,transformer,embedding,2,569.7240640223026
13822,82938,0.0011951052583754063,99.89373016357422,1.0011957883834839,0.001,NaN,NaN,NaN,transformer,embedding,2,585.7718401253223
13867,83208,NaN,NaN,NaN,NaN,3.0126683712005615,40.05466079711914,20.34160614013672,transformer,embedding,2,587.6526345610619
13960,83766,1.975447048607748e-06,100.0,1.0000020265579224,0.001,NaN,NaN,NaN,transformer,embedding,2,584.330195248127
14099,84600,4.437323241290869e-06,100.0,1.0000044107437134,0.001,NaN,NaN,NaN,transformer,embedding,2,566.2231603860855
14144,84870,NaN,NaN,NaN,NaN,1.7560057640075684,51.77649688720703,5.789267539978027,transformer,embedding,2,558.6781249940395
14239,85440,7.417325775804784e-08,100.0,1.0000001192092896,0.001,NaN,NaN,NaN,transformer,embedding,2,545.6900836527348
14381,86292,0.0011824180837720633,99.89373016357422,1.0011831521987915,0.001,NaN,NaN,NaN,transformer,embedding,2,555.576746493578
14426,86562,NaN,NaN,NaN,NaN,1.0169713497161865,68.28120422363281,2.764808416366577,transformer,embedding,2,553.1771995127201
14524,87150,6.038584299261629e-09,100.0,1.0,0.001,NaN,NaN,NaN,transformer,embedding,2,537.2452380359173
14669,88020,7.119619027662338e-08,100.0,1.0000001192092896,0.001,NaN,NaN,NaN,transformer,embedding,2,540.7041010558605
14714,88290,NaN,NaN,NaN,NaN,0.27252915501594543,82.61463928222656,1.313281774520874,transformer,embedding,2,545.4886021316051
14815,88896,4.942772235949633e-08,100.0,1.0,0.001,NaN,NaN,NaN,transformer,embedding,2,557.4545418024063
14963,89784,0.006176796276122332,99.61034393310547,1.0061959028244019,0.001,NaN,NaN,NaN,transformer,embedding,2,580.1304044723511
15008,90054,NaN,NaN,NaN,NaN,1.4720463752746582,62.31399917602539,4.358144283294678,transformer,embedding,2,572.7599782347679
15112,90678,5.107461120701373e-08,100.0,1.0,0.001,NaN,NaN,NaN,transformer,embedding,2,556.6074598431587
15263,91584,5.227810362384844e-08,100.0,1.0,0.001,NaN,NaN,NaN,transformer,embedding,2,566.4161649048328
15308,91854,NaN,NaN,NaN,NaN,1.4383231401443481,62.83024597167969,4.213624000549316,transformer,embedding,2,570.6466602683067
15415,92496,3.595701159042619e-08,100.0,1.0,0.001,NaN,NaN,NaN,transformer,embedding,2,552.8097361922264
15569,93420,0.006079227663576603,99.64576721191406,1.0060977935791016,0.001,NaN,NaN,NaN,transformer,embedding,2,563.0211887359619
15614,93690,NaN,NaN,NaN,NaN,0.6231424808502197,77.99878692626953,1.8647788763046265,transformer,embedding,2,562.811743080616
15724,94350,0.0058340816758573055,99.75203704833984,1.005851149559021,0.001,NaN,NaN,NaN,transformer,embedding,2,558.6581268906593
15881,95292,3.1016366364156056e-08,100.0,1.0,0.001,NaN,NaN,NaN,transformer,embedding,2,538.087176412344
15926,95562,NaN,NaN,NaN,NaN,0.16924169659614563,92.02854919433594,1.1844063997268677,transformer,embedding,2,535.2026348114014
16039,96240,6.325732471168521e-08,100.0,1.0000001192092896,0.001,NaN,NaN,NaN,transformer,embedding,2,517.7330736815929
16199,97200,5.650089107689382e-08,100.0,1.0,0.001,NaN,NaN,NaN,transformer,embedding,2,522.8612068593502
16244,97470,NaN,NaN,NaN,NaN,0.0001151023170677945,100.0,1.000115156173706,transformer,embedding,2,527.8815333843231
16360,98166,4.579612422617174e-08,100.0,1.0,0.001,NaN,NaN,NaN,transformer,embedding,2,538.7673190832138
16523,99144,4.7295216631937365e-08,100.0,1.0,0.001,NaN,NaN,NaN,transformer,embedding,2,550.0831921994686
16568,99414,NaN,NaN,NaN,NaN,5.810450966237113e-05,100.0,1.0000580549240112,transformer,embedding,2,552.8655923902988
